=== WINAI TELEMETRY LOG ===
PC: DESKTOP-8ID1E1D | User: Admin
Time: 2026-09-05T12:36:19.922688800+07:00
Reason: batch_finished_video
Lines: 3000
===========================

2026-09-05T03:48:26.495Z [32e3448a-fec9-4c1a-95aa-18e574c229f9][d889bfbd-3833-4a0f-a1b1-c28b24c104cd] dismissPopups: unresolved overlay(s) ["DIV[]|btns=","DIV[]|btns="]
2026-09-05T03:48:26.511Z [32e3448a-fec9-4c1a-95aa-18e574c229f9][d889bfbd-3833-4a0f-a1b1-c28b24c104cd] Agent toggle aria-pressed=false
2026-09-05T03:48:26.512Z [32e3448a-fec9-4c1a-95aa-18e574c229f9][d889bfbd-3833-4a0f-a1b1-c28b24c104cd] Opening settings...
2026-09-05T03:48:28.559Z [32e3448a-fec9-4c1a-95aa-18e574c229f9][d889bfbd-3833-4a0f-a1b1-c28b24c104cd] Configuring video settings...
2026-09-05T03:48:28.594Z [32e3448a-fec9-4c1a-95aa-18e574c229f9][d889bfbd-3833-4a0f-a1b1-c28b24c104cd] Mode: "videocam Video" already selected ✓
2026-09-05T03:48:29.383Z [9e241f6a-640f-459f-85c3-c8f780cd1c71][d889bfbd-3833-4a0f-a1b1-c28b24c104cd] Generating... 0 ready, 0 failed / 2 total (48s) play_circle 38% [HÀN play_circle 38% [HÀN
2026-09-05T03:48:30.772Z [32e3448a-fec9-4c1a-95aa-18e574c229f9][d889bfbd-3833-4a0f-a1b1-c28b24c104cd] Video type: selected "crop_free Frames" ✓
2026-09-05T03:48:32.407Z [9e241f6a-640f-459f-85c3-c8f780cd1c71][d889bfbd-3833-4a0f-a1b1-c28b24c104cd] Generating... 0 ready, 0 failed / 2 total (51s) play_circle 100% [HÀ play_circle 100% [HÀ
2026-09-05T03:48:32.949Z [ee80e533-3ab0-450d-9362-558c7c0ab4b9][d889bfbd-3833-4a0f-a1b1-c28b24c104cd] Item 1 (try 1): 1080p saved via the UI download flow.
2026-09-05T03:48:33.048Z [ee80e533-3ab0-450d-9362-558c7c0ab4b9][d889bfbd-3833-4a0f-a1b1-c28b24c104cd] Item 1: upgraded to 1080p → D:\WINAI\Slow-English-with-Arlo_6_43_cmtkz3uk\video_2026-09-05T03-47-41_01.mp4
2026-09-05T03:48:35.431Z [9e241f6a-640f-459f-85c3-c8f780cd1c71][d889bfbd-3833-4a0f-a1b1-c28b24c104cd] Generating... 0 ready, 0 failed / 2 total (54s) play_circle 100% [HÀ play_circle 100% [HÀ
2026-09-05T03:48:35.702Z [32e3448a-fec9-4c1a-95aa-18e574c229f9][d889bfbd-3833-4a0f-a1b1-c28b24c104cd] Model: selected "Veo 3.1 - Lite [Lower Priority]" ✓
2026-09-05T03:48:36.567Z [32e3448a-fec9-4c1a-95aa-18e574c229f9][d889bfbd-3833-4a0f-a1b1-c28b24c104cd] Aspect ratio: "crop_16_9 16:9" already selected ✓
2026-09-05T03:48:36.575Z [32e3448a-fec9-4c1a-95aa-18e574c229f9][d889bfbd-3833-4a0f-a1b1-c28b24c104cd] Video resolution: toggle group "Video resolution" not present (model may not offer it) — skipped.
2026-09-05T03:48:36.614Z [32e3448a-fec9-4c1a-95aa-18e574c229f9][d889bfbd-3833-4a0f-a1b1-c28b24c104cd] Duration: "8s" already selected ✓
2026-09-05T03:48:36.634Z [32e3448a-fec9-4c1a-95aa-18e574c229f9][d889bfbd-3833-4a0f-a1b1-c28b24c104cd] Output count: "x2" already selected ✓
2026-09-05T03:48:37.663Z [32e3448a-fec9-4c1a-95aa-18e574c229f9][d889bfbd-3833-4a0f-a1b1-c28b24c104cd] Start keyframe: downloading from URL...
2026-09-05T03:48:37.897Z [32e3448a-fec9-4c1a-95aa-18e574c229f9][d889bfbd-3833-4a0f-a1b1-c28b24c104cd] Downloader: no-proxy request context ready.
2026-09-05T03:48:38.171Z [32e3448a-fec9-4c1a-95aa-18e574c229f9][d889bfbd-3833-4a0f-a1b1-c28b24c104cd] Start keyframe: saved 171576 bytes (image/png) as "1788437807048_ac6d5b_60f7c834-1526-409d-b017-21db20795e19_b9f.png"
2026-09-05T03:48:38.194Z [32e3448a-fec9-4c1a-95aa-18e574c229f9][d889bfbd-3833-4a0f-a1b1-c28b24c104cd] Start keyframe: setting start keyframe...
2026-09-05T03:48:38.452Z [9e241f6a-640f-459f-85c3-c8f780cd1c71][d889bfbd-3833-4a0f-a1b1-c28b24c104cd] Generating... 0 ready, 0 failed / 2 total (57s) [HÀNH ĐỘNG]Bắt đầu đ [HÀNH ĐỘNG]Bắt đầu đ
2026-09-05T03:48:39.929Z [32e3448a-fec9-4c1a-95aa-18e574c229f9][d889bfbd-3833-4a0f-a1b1-c28b24c104cd] Start keyframe: "1788437807048_ac6d5b_60f7c834-1526-409d-b017-21db20795e19_b9f.png" not in the library yet — uploading it first.
2026-09-05T03:48:41.452Z [f6461f63-13ac-4672-9507-da15342af6e8][d889bfbd-3833-4a0f-a1b1-c28b24c104cd] Item 1 (try 1): 1080p saved via the UI download flow.
2026-09-05T03:48:41.491Z [9e241f6a-640f-459f-85c3-c8f780cd1c71][d889bfbd-3833-4a0f-a1b1-c28b24c104cd] Generating... 2 ready, 0 failed / 2 total (61s)
2026-09-05T03:48:41.491Z [9e241f6a-640f-459f-85c3-c8f780cd1c71][d889bfbd-3833-4a0f-a1b1-c28b24c104cd] Batch done: 2 ready (target 2), 0 failed, scanned 2.
2026-09-05T03:48:41.491Z [9e241f6a-640f-459f-85c3-c8f780cd1c71][d889bfbd-3833-4a0f-a1b1-c28b24c104cd] 2 item(s) ready! Downloading...
2026-09-05T03:48:41.492Z [9e241f6a-640f-459f-85c3-c8f780cd1c71][d889bfbd-3833-4a0f-a1b1-c28b24c104cd] Item 1: no video source on the tile yet — hovering it to mount one.
2026-09-05T03:48:41.533Z [f6461f63-13ac-4672-9507-da15342af6e8][d889bfbd-3833-4a0f-a1b1-c28b24c104cd] Item 1: upgraded to 1080p → D:\WINAI\Slow-English-with-Arlo_6_44_cmtkz3uk\video_2026-09-05T03-47-50_01.mp4
2026-09-05T03:48:43.294Z [9e241f6a-640f-459f-85c3-c8f780cd1c71][d889bfbd-3833-4a0f-a1b1-c28b24c104cd] Item 1: Downloading from URL https://flow-content.google/video/50e9c4ac-f3ad-4823-b83e-7447ce15a91b?Expires=1788601711&KeyName=labs-flow-prod-cdn-key&Signature=ZJwdKvxtgj29DAQhQBYe6HQB0ok
2026-09-05T03:48:44.046Z [32e3448a-fec9-4c1a-95aa-18e574c229f9][d889bfbd-3833-4a0f-a1b1-c28b24c104cd] Start keyframe: uploading "1788437807048_ac6d5b_60f7c834-1526-409d-b017-21db20795e19_b9f.png" to the project library...
2026-09-05T03:48:45.062Z [32e3448a-fec9-4c1a-95aa-18e574c229f9][d889bfbd-3833-4a0f-a1b1-c28b24c104cd] Start keyframe: upload finished ✓
2026-09-05T03:48:45.721Z [9e241f6a-640f-459f-85c3-c8f780cd1c71][d889bfbd-3833-4a0f-a1b1-c28b24c104cd] Downloaded 1/2: video_2026-09-05T03-48-41_01.mp4
2026-09-05T03:48:45.723Z [9e241f6a-640f-459f-85c3-c8f780cd1c71][d889bfbd-3833-4a0f-a1b1-c28b24c104cd] Item 2: no video source on the tile yet — hovering it to mount one.
2026-09-05T03:48:47.757Z [9e241f6a-640f-459f-85c3-c8f780cd1c71][d889bfbd-3833-4a0f-a1b1-c28b24c104cd] Item 2: Downloading from URL https://flow-content.google/video/c8f9061f-3b71-4719-af39-2d3f9ec41347?Expires=1788601711&KeyName=labs-flow-prod-cdn-key&Signature=TZTrLzZiwoZBVeF_Q2HWWIqUtpc
2026-09-05T03:48:49.762Z [9e241f6a-640f-459f-85c3-c8f780cd1c71][d889bfbd-3833-4a0f-a1b1-c28b24c104cd] Downloaded 2/2: video_2026-09-05T03-48-41_02.mp4
2026-09-05T03:48:49.762Z [9e241f6a-640f-459f-85c3-c8f780cd1c71][d889bfbd-3833-4a0f-a1b1-c28b24c104cd] ✅ 2 item(s) saved to Downloads/Win AI Toolkit/
2026-09-05T03:48:53.843Z [32e3448a-fec9-4c1a-95aa-18e574c229f9][d889bfbd-3833-4a0f-a1b1-c28b24c104cd] Start keyframe: start keyframe attached ✓
2026-09-05T03:48:53.857Z [32e3448a-fec9-4c1a-95aa-18e574c229f9][d889bfbd-3833-4a0f-a1b1-c28b24c104cd] Entering prompt...
2026-09-05T03:48:55.821Z [32e3448a-fec9-4c1a-95aa-18e574c229f9][d889bfbd-3833-4a0f-a1b1-c28b24c104cd] Prompt is 1115 chars — typing it in 19 chunk(s).
2026-09-05T03:49:04.766Z [32e3448a-fec9-4c1a-95aa-18e574c229f9][d889bfbd-3833-4a0f-a1b1-c28b24c104cd] Prompt insert attempt 1: editor has 1106 chars (want ~1111) ✓
2026-09-05T03:49:06.633Z [32e3448a-fec9-4c1a-95aa-18e574c229f9][d889bfbd-3833-4a0f-a1b1-c28b24c104cd] Baseline: 50 pre-existing media tile(s) of 50 mounted (kinds: image,video,video,image,video,video,image,video,video,image,video,video,image,video,video,image,video,video,image,video,video,image,video,video,image,video,video,image,video,video,image,video,video,video,video,image,video,video,image,video,video,image,video,video,image,video,video,image,video,image).
2026-09-05T03:49:08.739Z [32e3448a-fec9-4c1a-95aa-18e574c229f9][d889bfbd-3833-4a0f-a1b1-c28b24c104cd] [submit] confirmed (editor "What do you want to ", fresh tile=true).
2026-09-05T03:49:09.419Z [32e3448a-fec9-4c1a-95aa-18e574c229f9][d889bfbd-3833-4a0f-a1b1-c28b24c104cd] Current Workspace project URL: https://flow.google.com/project/cae2bf2b-d1b8-40f9-a300-9f2aa6276ea5?hl=en
2026-09-05T03:49:09.420Z [32e3448a-fec9-4c1a-95aa-18e574c229f9][d889bfbd-3833-4a0f-a1b1-c28b24c104cd] Submitted ✓ Detecting batch size...
2026-09-05T03:49:09.442Z [32e3448a-fec9-4c1a-95aa-18e574c229f9][d889bfbd-3833-4a0f-a1b1-c28b24c104cd] New tile(s) since submit: 0 → 2 (mounted=50)
2026-09-05T03:49:13.608Z [32e3448a-fec9-4c1a-95aa-18e574c229f9][d889bfbd-3833-4a0f-a1b1-c28b24c104cd] Batch size stabilised at 2 new tile(s)
2026-09-05T03:49:13.609Z [32e3448a-fec9-4c1a-95aa-18e574c229f9][d889bfbd-3833-4a0f-a1b1-c28b24c104cd] Batch detected: 2 item(s). Generating...
2026-09-05T03:49:13.609Z [32e3448a-fec9-4c1a-95aa-18e574c229f9][d889bfbd-3833-4a0f-a1b1-c28b24c104cd] Polling for 2 video item(s) (baseline=50, hasUpload=true)...
2026-09-05T03:49:13.625Z [32e3448a-fec9-4c1a-95aa-18e574c229f9][d889bfbd-3833-4a0f-a1b1-c28b24c104cd] Generating... 0 ready, 0 failed / 2 total (0s) play_circle [HÀNH ĐỘ play_circle [HÀNH ĐỘ
2026-09-05T03:49:16.641Z [32e3448a-fec9-4c1a-95aa-18e574c229f9][d889bfbd-3833-4a0f-a1b1-c28b24c104cd] Generating... 0 ready, 0 failed / 2 total (3s) play_circle [HÀNH ĐỘ play_circle [HÀNH ĐỘ
2026-09-05T03:49:19.664Z [32e3448a-fec9-4c1a-95aa-18e574c229f9][d889bfbd-3833-4a0f-a1b1-c28b24c104cd] Generating... 0 ready, 0 failed / 2 total (6s) play_circle 0% [HÀNH play_circle 0% [HÀNH
2026-09-05T03:49:22.692Z [32e3448a-fec9-4c1a-95aa-18e574c229f9][d889bfbd-3833-4a0f-a1b1-c28b24c104cd] Generating... 0 ready, 0 failed / 2 total (9s) play_circle 3% [HÀNH play_circle 3% [HÀNH
2026-09-05T03:49:25.444Z [ee80e533-3ab0-450d-9362-558c7c0ab4b9][d889bfbd-3833-4a0f-a1b1-c28b24c104cd] Item 2 (try 1): 1080p saved via the UI download flow.
2026-09-05T03:49:25.560Z [ee80e533-3ab0-450d-9362-558c7c0ab4b9][d889bfbd-3833-4a0f-a1b1-c28b24c104cd] Item 2: upgraded to 1080p → D:\WINAI\Slow-English-with-Arlo_6_43_cmtkz3uk\video_2026-09-05T03-47-41_02.mp4
2026-09-05T03:49:25.560Z [ee80e533-3ab0-450d-9362-558c7c0ab4b9][d889bfbd-3833-4a0f-a1b1-c28b24c104cd] Uploading 2 video(s) to Xanh...
2026-09-05T03:49:25.714Z [32e3448a-fec9-4c1a-95aa-18e574c229f9][d889bfbd-3833-4a0f-a1b1-c28b24c104cd] Generating... 0 ready, 0 failed / 2 total (12s) play_circle 6% [HÀNH play_circle 6% [HÀNH
2026-09-05T03:49:26.298Z [ee80e533-3ab0-450d-9362-558c7c0ab4b9][d889bfbd-3833-4a0f-a1b1-c28b24c104cd] Item 2: Re-uploaded 1080p → https://studio.xanhmedia.vn/uploads/2026-09/1788580166077_243bec_d889bfbd-3833-4a0f-a1b1-c28b24c104cd_ee8.mp4
2026-09-05T03:49:28.743Z [32e3448a-fec9-4c1a-95aa-18e574c229f9][d889bfbd-3833-4a0f-a1b1-c28b24c104cd] Generating... 0 ready, 0 failed / 2 total (15s) play_circle 9% [HÀNH play_circle 9% [HÀNH
2026-09-05T03:49:30.248Z [ee80e533-3ab0-450d-9362-558c7c0ab4b9][d889bfbd-3833-4a0f-a1b1-c28b24c104cd] Item 1: Re-uploaded 1080p → https://studio.xanhmedia.vn/uploads/2026-09/1788580170035_9a0a89_d889bfbd-3833-4a0f-a1b1-c28b24c104cd_ee8.mp4
2026-09-05T03:49:30.249Z [ee80e533-3ab0-450d-9362-558c7c0ab4b9][d889bfbd-3833-4a0f-a1b1-c28b24c104cd] ✅ 2 item(s) + 1080p saved to Downloads/Win AI Toolkit/
2026-09-05T03:49:30.253Z [ee80e533-3ab0-450d-9362-558c7c0ab4b9][d889bfbd-3833-4a0f-a1b1-c28b24c104cd] All done (including any 1080p upgrades). Closing Playwright browser context.
2026-09-05T03:49:30.527Z [19971412-828f-4409-b3db-2536243f44e9][d889bfbd-3833-4a0f-a1b1-c28b24c104cd] runGeneration starting: task_id=19971412-828f-4409-b3db-2536243f44e9, profile_id=d889bfbd-3833-4a0f-a1b1-c28b24c104cd, target_site=google_flow
2026-09-05T03:49:30.528Z [19971412-828f-4409-b3db-2536243f44e9][d889bfbd-3833-4a0f-a1b1-c28b24c104cd] Opening Playwright browser with persistent profile cookies...
2026-09-05T03:49:30.529Z [19971412-828f-4409-b3db-2536243f44e9][d889bfbd-3833-4a0f-a1b1-c28b24c104cd] Browser engine: winhide (C:\Users\Admin\AppData\Roaming\com.tank.winai\winhide\chrome.exe) [hidden off-screen]
2026-09-05T03:49:30.530Z [19971412-828f-4409-b3db-2536243f44e9][d889bfbd-3833-4a0f-a1b1-c28b24c104cd] Launch mode: STEALTH (raw spawn + connectOverCDP)
2026-09-05T03:49:31.783Z [32e3448a-fec9-4c1a-95aa-18e574c229f9][d889bfbd-3833-4a0f-a1b1-c28b24c104cd] Generating... 0 ready, 0 failed / 2 total (18s) play_circle 11% [HÀN play_circle 11% [HÀN
2026-09-05T03:49:32.413Z [19971412-828f-4409-b3db-2536243f44e9][d889bfbd-3833-4a0f-a1b1-c28b24c104cd] Exit IP: 115.74.128.9
2026-09-05T03:49:32.413Z [19971412-828f-4409-b3db-2536243f44e9][d889bfbd-3833-4a0f-a1b1-c28b24c104cd] Navigating browser to Google Flow tools page...
2026-09-05T03:49:32.414Z [19971412-828f-4409-b3db-2536243f44e9][d889bfbd-3833-4a0f-a1b1-c28b24c104cd] Using existing project URL: https://flow.google.com/project/c2a607c5-d833-4be1-8108-407b74d4ed85?hl=en
2026-09-05T03:49:32.497Z [f6461f63-13ac-4672-9507-da15342af6e8][d889bfbd-3833-4a0f-a1b1-c28b24c104cd] Item 2 (try 1): 1080p saved via the UI download flow.
2026-09-05T03:49:32.606Z [f6461f63-13ac-4672-9507-da15342af6e8][d889bfbd-3833-4a0f-a1b1-c28b24c104cd] Item 2: upgraded to 1080p → D:\WINAI\Slow-English-with-Arlo_6_44_cmtkz3uk\video_2026-09-05T03-47-50_02.mp4
2026-09-05T03:49:32.607Z [f6461f63-13ac-4672-9507-da15342af6e8][d889bfbd-3833-4a0f-a1b1-c28b24c104cd] Uploading 2 video(s) to Xanh...
2026-09-05T03:49:33.342Z [19971412-828f-4409-b3db-2536243f44e9][d889bfbd-3833-4a0f-a1b1-c28b24c104cd] Waiting for Google Flow...
2026-09-05T03:49:33.999Z [f6461f63-13ac-4672-9507-da15342af6e8][d889bfbd-3833-4a0f-a1b1-c28b24c104cd] Item 1: Re-uploaded 1080p → https://studio.xanhmedia.vn/uploads/2026-09/1788580173736_09425b_d889bfbd-3833-4a0f-a1b1-c28b24c104cd_f64.mp4
2026-09-05T03:49:34.010Z [f6461f63-13ac-4672-9507-da15342af6e8][d889bfbd-3833-4a0f-a1b1-c28b24c104cd] Item 2: Re-uploaded 1080p → https://studio.xanhmedia.vn/uploads/2026-09/1788580173794_5331c1_d889bfbd-3833-4a0f-a1b1-c28b24c104cd_f64.mp4
2026-09-05T03:49:34.011Z [f6461f63-13ac-4672-9507-da15342af6e8][d889bfbd-3833-4a0f-a1b1-c28b24c104cd] ✅ 2 item(s) + 1080p saved to Downloads/Win AI Toolkit/
2026-09-05T03:49:34.013Z [f6461f63-13ac-4672-9507-da15342af6e8][d889bfbd-3833-4a0f-a1b1-c28b24c104cd] All done (including any 1080p upgrades). Closing Playwright browser context.
2026-09-05T03:49:34.818Z [32e3448a-fec9-4c1a-95aa-18e574c229f9][d889bfbd-3833-4a0f-a1b1-c28b24c104cd] Generating... 0 ready, 0 failed / 2 total (21s) play_circle 14% [HÀN play_circle 14% [HÀN
2026-09-05T03:49:35.143Z [7e302b99-7eb5-4633-9d2a-2014232aac48][d889bfbd-3833-4a0f-a1b1-c28b24c104cd] runGeneration starting: task_id=7e302b99-7eb5-4633-9d2a-2014232aac48, profile_id=d889bfbd-3833-4a0f-a1b1-c28b24c104cd, target_site=google_flow
2026-09-05T03:49:35.145Z [7e302b99-7eb5-4633-9d2a-2014232aac48][d889bfbd-3833-4a0f-a1b1-c28b24c104cd] Opening Playwright browser with persistent profile cookies...
2026-09-05T03:49:35.146Z [7e302b99-7eb5-4633-9d2a-2014232aac48][d889bfbd-3833-4a0f-a1b1-c28b24c104cd] Browser engine: winhide (C:\Users\Admin\AppData\Roaming\com.tank.winai\winhide\chrome.exe) [hidden off-screen]
2026-09-05T03:49:35.146Z [7e302b99-7eb5-4633-9d2a-2014232aac48][d889bfbd-3833-4a0f-a1b1-c28b24c104cd] Launch mode: STEALTH (raw spawn + connectOverCDP)
2026-09-05T03:49:35.571Z [9e241f6a-640f-459f-85c3-c8f780cd1c71][d889bfbd-3833-4a0f-a1b1-c28b24c104cd] Item 1 (try 1): 1080p saved via the UI download flow.
2026-09-05T03:49:35.780Z [9e241f6a-640f-459f-85c3-c8f780cd1c71][d889bfbd-3833-4a0f-a1b1-c28b24c104cd] Item 1: upgraded to 1080p → D:\WINAI\Slow-English-with-Arlo_6_45_cmtkz3uk\video_2026-09-05T03-48-41_01.mp4
2026-09-05T03:49:35.818Z [19971412-828f-4409-b3db-2536243f44e9][d889bfbd-3833-4a0f-a1b1-c28b24c104cd] In existing project ✓
2026-09-05T03:49:36.698Z [19971412-828f-4409-b3db-2536243f44e9][d889bfbd-3833-4a0f-a1b1-c28b24c104cd] dismissPopups: unresolved overlay(s) ["IFRAME[presentation]|btns="]
2026-09-05T03:49:37.247Z [7e302b99-7eb5-4633-9d2a-2014232aac48][d889bfbd-3833-4a0f-a1b1-c28b24c104cd] Exit IP: 115.74.128.9
2026-09-05T03:49:37.247Z [7e302b99-7eb5-4633-9d2a-2014232aac48][d889bfbd-3833-4a0f-a1b1-c28b24c104cd] Navigating browser to Google Flow tools page...
2026-09-05T03:49:37.248Z [7e302b99-7eb5-4633-9d2a-2014232aac48][d889bfbd-3833-4a0f-a1b1-c28b24c104cd] Using existing project URL: https://flow.google.com/project/33ca2cc2-c9ff-4bb6-9048-2a7af1dfcfee?hl=en
2026-09-05T03:49:37.853Z [32e3448a-fec9-4c1a-95aa-18e574c229f9][d889bfbd-3833-4a0f-a1b1-c28b24c104cd] Generating... 0 ready, 0 failed / 2 total (24s) play_circle 17% [HÀN play_circle 17% [HÀN
2026-09-05T03:49:38.246Z [7e302b99-7eb5-4633-9d2a-2014232aac48][d889bfbd-3833-4a0f-a1b1-c28b24c104cd] Waiting for Google Flow...
2026-09-05T03:49:39.579Z [19971412-828f-4409-b3db-2536243f44e9][d889bfbd-3833-4a0f-a1b1-c28b24c104cd] Composer ready ✓ (UI language: en)
2026-09-05T03:49:39.608Z [19971412-828f-4409-b3db-2536243f44e9][d889bfbd-3833-4a0f-a1b1-c28b24c104cd] dismissPopups: unresolved overlay(s) ["DIV[]|btns=","DIV[]|btns="]
2026-09-05T03:49:39.760Z [19971412-828f-4409-b3db-2536243f44e9][d889bfbd-3833-4a0f-a1b1-c28b24c104cd] Agent toggle aria-pressed=false
2026-09-05T03:49:39.761Z [19971412-828f-4409-b3db-2536243f44e9][d889bfbd-3833-4a0f-a1b1-c28b24c104cd] Opening settings...
2026-09-05T03:49:40.262Z [7e302b99-7eb5-4633-9d2a-2014232aac48][d889bfbd-3833-4a0f-a1b1-c28b24c104cd] In existing project ✓
2026-09-05T03:49:40.870Z [32e3448a-fec9-4c1a-95aa-18e574c229f9][d889bfbd-3833-4a0f-a1b1-c28b24c104cd] Generating... 0 ready, 0 failed / 2 total (27s) play_circle 20% [HÀN play_circle 19% [HÀN
2026-09-05T03:49:41.430Z [7e302b99-7eb5-4633-9d2a-2014232aac48][d889bfbd-3833-4a0f-a1b1-c28b24c104cd] dismissPopups: unresolved overlay(s) ["IFRAME[presentation]|btns="]
2026-09-05T03:49:41.971Z [19971412-828f-4409-b3db-2536243f44e9][d889bfbd-3833-4a0f-a1b1-c28b24c104cd] Configuring video settings...
2026-09-05T03:49:41.999Z [19971412-828f-4409-b3db-2536243f44e9][d889bfbd-3833-4a0f-a1b1-c28b24c104cd] Mode: "videocam Video" already selected ✓
2026-09-05T03:49:43.778Z [7e302b99-7eb5-4633-9d2a-2014232aac48][d889bfbd-3833-4a0f-a1b1-c28b24c104cd] Composer ready ✓ (UI language: en)
2026-09-05T03:49:43.796Z [7e302b99-7eb5-4633-9d2a-2014232aac48][d889bfbd-3833-4a0f-a1b1-c28b24c104cd] dismissPopups: unresolved overlay(s) ["DIV[]|btns=","DIV[]|btns="]
2026-09-05T03:49:43.824Z [7e302b99-7eb5-4633-9d2a-2014232aac48][d889bfbd-3833-4a0f-a1b1-c28b24c104cd] Agent toggle aria-pressed=false
2026-09-05T03:49:43.824Z [7e302b99-7eb5-4633-9d2a-2014232aac48][d889bfbd-3833-4a0f-a1b1-c28b24c104cd] Opening settings...
2026-09-05T03:49:43.898Z [32e3448a-fec9-4c1a-95aa-18e574c229f9][d889bfbd-3833-4a0f-a1b1-c28b24c104cd] Generating... 0 ready, 0 failed / 2 total (30s) play_circle 23% [HÀN play_circle 23% [HÀN
2026-09-05T03:49:45.141Z [19971412-828f-4409-b3db-2536243f44e9][d889bfbd-3833-4a0f-a1b1-c28b24c104cd] Video type: selected "crop_free Frames" ✓
2026-09-05T03:49:45.431Z [7e302b99-7eb5-4633-9d2a-2014232aac48][d889bfbd-3833-4a0f-a1b1-c28b24c104cd] Configuring video settings...
2026-09-05T03:49:45.467Z [7e302b99-7eb5-4633-9d2a-2014232aac48][d889bfbd-3833-4a0f-a1b1-c28b24c104cd] Mode: "videocam Video" already selected ✓
2026-09-05T03:49:46.915Z [32e3448a-fec9-4c1a-95aa-18e574c229f9][d889bfbd-3833-4a0f-a1b1-c28b24c104cd] Generating... 0 ready, 0 failed / 2 total (33s) play_circle 25% [HÀN play_circle 24% [HÀN
2026-09-05T03:49:47.845Z [7e302b99-7eb5-4633-9d2a-2014232aac48][d889bfbd-3833-4a0f-a1b1-c28b24c104cd] Video type: selected "crop_free Frames" ✓
2026-09-05T03:49:49.937Z [32e3448a-fec9-4c1a-95aa-18e574c229f9][d889bfbd-3833-4a0f-a1b1-c28b24c104cd] Generating... 0 ready, 0 failed / 2 total (36s) play_circle 28% [HÀN play_circle 28% [HÀN
2026-09-05T03:49:49.955Z [19971412-828f-4409-b3db-2536243f44e9][d889bfbd-3833-4a0f-a1b1-c28b24c104cd] Model: selected "Veo 3.1 - Lite [Lower Priority]" ✓
2026-09-05T03:49:50.523Z [19971412-828f-4409-b3db-2536243f44e9][d889bfbd-3833-4a0f-a1b1-c28b24c104cd] Aspect ratio: "crop_16_9 16:9" already selected ✓
2026-09-05T03:49:50.527Z [19971412-828f-4409-b3db-2536243f44e9][d889bfbd-3833-4a0f-a1b1-c28b24c104cd] Video resolution: toggle group "Video resolution" not present (model may not offer it) — skipped.
2026-09-05T03:49:50.561Z [19971412-828f-4409-b3db-2536243f44e9][d889bfbd-3833-4a0f-a1b1-c28b24c104cd] Duration: "8s" already selected ✓
2026-09-05T03:49:50.585Z [19971412-828f-4409-b3db-2536243f44e9][d889bfbd-3833-4a0f-a1b1-c28b24c104cd] Output count: "x2" already selected ✓
2026-09-05T03:49:51.803Z [19971412-828f-4409-b3db-2536243f44e9][d889bfbd-3833-4a0f-a1b1-c28b24c104cd] Start keyframe: downloading from URL...
2026-09-05T03:49:52.026Z [19971412-828f-4409-b3db-2536243f44e9][d889bfbd-3833-4a0f-a1b1-c28b24c104cd] Downloader: no-proxy request context ready.
2026-09-05T03:49:52.306Z [19971412-828f-4409-b3db-2536243f44e9][d889bfbd-3833-4a0f-a1b1-c28b24c104cd] Start keyframe: saved 109079 bytes (image/png) as "1788437831235_5f87ba_winai_2026-09-03T12-16-10_04.png"
2026-09-05T03:49:52.325Z [19971412-828f-4409-b3db-2536243f44e9][d889bfbd-3833-4a0f-a1b1-c28b24c104cd] Start keyframe: setting start keyframe...
2026-09-05T03:49:52.955Z [32e3448a-fec9-4c1a-95aa-18e574c229f9][d889bfbd-3833-4a0f-a1b1-c28b24c104cd] Generating... 0 ready, 0 failed / 2 total (39s) play_circle 31% [HÀN play_circle 30% [HÀN
2026-09-05T03:49:53.356Z [7e302b99-7eb5-4633-9d2a-2014232aac48][d889bfbd-3833-4a0f-a1b1-c28b24c104cd] Model: selected "Veo 3.1 - Lite [Lower Priority]" ✓
2026-09-05T03:49:53.978Z [7e302b99-7eb5-4633-9d2a-2014232aac48][d889bfbd-3833-4a0f-a1b1-c28b24c104cd] Aspect ratio: "crop_16_9 16:9" already selected ✓
2026-09-05T03:49:53.981Z [7e302b99-7eb5-4633-9d2a-2014232aac48][d889bfbd-3833-4a0f-a1b1-c28b24c104cd] Video resolution: toggle group "Video resolution" not present (model may not offer it) — skipped.
2026-09-05T03:49:54.012Z [7e302b99-7eb5-4633-9d2a-2014232aac48][d889bfbd-3833-4a0f-a1b1-c28b24c104cd] Duration: "8s" already selected ✓
2026-09-05T03:49:54.046Z [7e302b99-7eb5-4633-9d2a-2014232aac48][d889bfbd-3833-4a0f-a1b1-c28b24c104cd] Output count: "x2" already selected ✓
2026-09-05T03:49:54.607Z [19971412-828f-4409-b3db-2536243f44e9][d889bfbd-3833-4a0f-a1b1-c28b24c104cd] Start keyframe: "1788437831235_5f87ba_winai_2026-09-03T12-16-10_04.png" not in the library yet — uploading it first.
2026-09-05T03:49:55.072Z [7e302b99-7eb5-4633-9d2a-2014232aac48][d889bfbd-3833-4a0f-a1b1-c28b24c104cd] Start keyframe: downloading from URL...
2026-09-05T03:49:55.268Z [7e302b99-7eb5-4633-9d2a-2014232aac48][d889bfbd-3833-4a0f-a1b1-c28b24c104cd] Downloader: no-proxy request context ready.
2026-09-05T03:49:55.526Z [7e302b99-7eb5-4633-9d2a-2014232aac48][d889bfbd-3833-4a0f-a1b1-c28b24c104cd] Start keyframe: saved 180179 bytes (image/png) as "1788437864123_d72008_60f7c834-1526-409d-b017-21db20795e19_0d9.png"
2026-09-05T03:49:55.556Z [7e302b99-7eb5-4633-9d2a-2014232aac48][d889bfbd-3833-4a0f-a1b1-c28b24c104cd] Start keyframe: setting start keyframe...
2026-09-05T03:49:55.988Z [32e3448a-fec9-4c1a-95aa-18e574c229f9][d889bfbd-3833-4a0f-a1b1-c28b24c104cd] Generating... 0 ready, 0 failed / 2 total (42s) play_circle 33% [HÀN play_circle 33% [HÀN
2026-09-05T03:49:58.180Z [7e302b99-7eb5-4633-9d2a-2014232aac48][d889bfbd-3833-4a0f-a1b1-c28b24c104cd] Start keyframe: "1788437864123_d72008_60f7c834-1526-409d-b017-21db20795e19_0d9.png" not in the library yet — uploading it first.
2026-09-05T03:49:58.585Z [19971412-828f-4409-b3db-2536243f44e9][d889bfbd-3833-4a0f-a1b1-c28b24c104cd] Start keyframe: uploading "1788437831235_5f87ba_winai_2026-09-03T12-16-10_04.png" to the project library...
2026-09-05T03:49:59.005Z [32e3448a-fec9-4c1a-95aa-18e574c229f9][d889bfbd-3833-4a0f-a1b1-c28b24c104cd] Generating... 0 ready, 0 failed / 2 total (45s) play_circle 37% [HÀN play_circle 100% [HÀ
2026-09-05T03:49:59.420Z [19971412-828f-4409-b3db-2536243f44e9][d889bfbd-3833-4a0f-a1b1-c28b24c104cd] Start keyframe: upload finished ✓
2026-09-05T03:50:02.024Z [32e3448a-fec9-4c1a-95aa-18e574c229f9][d889bfbd-3833-4a0f-a1b1-c28b24c104cd] Generating... 0 ready, 0 failed / 2 total (48s) play_circle 39% [HÀN play_circle 100% [HÀ
2026-09-05T03:50:02.293Z [7e302b99-7eb5-4633-9d2a-2014232aac48][d889bfbd-3833-4a0f-a1b1-c28b24c104cd] Start keyframe: uploading "1788437864123_d72008_60f7c834-1526-409d-b017-21db20795e19_0d9.png" to the project library...
2026-09-05T03:50:03.539Z [7e302b99-7eb5-4633-9d2a-2014232aac48][d889bfbd-3833-4a0f-a1b1-c28b24c104cd] Start keyframe: upload finished ✓
2026-09-05T03:50:05.038Z [32e3448a-fec9-4c1a-95aa-18e574c229f9][d889bfbd-3833-4a0f-a1b1-c28b24c104cd] Generating... 0 ready, 0 failed / 2 total (51s) play_circle 100% [HÀ [HÀNH ĐỘNG]Bắt đầu đ
2026-09-05T03:50:07.612Z [19971412-828f-4409-b3db-2536243f44e9][d889bfbd-3833-4a0f-a1b1-c28b24c104cd] Start keyframe: start keyframe attached ✓
2026-09-05T03:50:07.628Z [19971412-828f-4409-b3db-2536243f44e9][d889bfbd-3833-4a0f-a1b1-c28b24c104cd] Entering prompt...
2026-09-05T03:50:08.056Z [32e3448a-fec9-4c1a-95aa-18e574c229f9][d889bfbd-3833-4a0f-a1b1-c28b24c104cd] Generating... 1 ready, 0 failed / 2 total (54s) play_circle 100% [HÀ
2026-09-05T03:50:09.336Z [19971412-828f-4409-b3db-2536243f44e9][d889bfbd-3833-4a0f-a1b1-c28b24c104cd] Prompt is 1609 chars — typing it in 32 chunk(s).
2026-09-05T03:50:11.090Z [32e3448a-fec9-4c1a-95aa-18e574c229f9][d889bfbd-3833-4a0f-a1b1-c28b24c104cd] Generating... 2 ready, 0 failed / 2 total (57s)
2026-09-05T03:50:11.090Z [32e3448a-fec9-4c1a-95aa-18e574c229f9][d889bfbd-3833-4a0f-a1b1-c28b24c104cd] Batch done: 2 ready (target 2), 0 failed, scanned 2.
2026-09-05T03:50:11.091Z [32e3448a-fec9-4c1a-95aa-18e574c229f9][d889bfbd-3833-4a0f-a1b1-c28b24c104cd] 2 item(s) ready! Downloading...
2026-09-05T03:50:11.092Z [32e3448a-fec9-4c1a-95aa-18e574c229f9][d889bfbd-3833-4a0f-a1b1-c28b24c104cd] Item 1: no video source on the tile yet — hovering it to mount one.
2026-09-05T03:50:12.246Z [7e302b99-7eb5-4633-9d2a-2014232aac48][d889bfbd-3833-4a0f-a1b1-c28b24c104cd] Start keyframe: start keyframe attached ✓
2026-09-05T03:50:12.258Z [7e302b99-7eb5-4633-9d2a-2014232aac48][d889bfbd-3833-4a0f-a1b1-c28b24c104cd] Entering prompt...
2026-09-05T03:50:13.232Z [32e3448a-fec9-4c1a-95aa-18e574c229f9][d889bfbd-3833-4a0f-a1b1-c28b24c104cd] Item 1: Downloading from URL https://flow-content.google/video/a1820141-cceb-404c-8e85-d79948f47255?Expires=1788601803&KeyName=labs-flow-prod-cdn-key&Signature=x5sFkOOcxVkSURQ50nUdcaS3-RU
2026-09-05T03:50:14.241Z [7e302b99-7eb5-4633-9d2a-2014232aac48][d889bfbd-3833-4a0f-a1b1-c28b24c104cd] Prompt is 1465 chars — typing it in 24 chunk(s).
2026-09-05T03:50:15.390Z [32e3448a-fec9-4c1a-95aa-18e574c229f9][d889bfbd-3833-4a0f-a1b1-c28b24c104cd] Downloaded 1/2: video_2026-09-05T03-50-11_01.mp4
2026-09-05T03:50:15.392Z [32e3448a-fec9-4c1a-95aa-18e574c229f9][d889bfbd-3833-4a0f-a1b1-c28b24c104cd] Item 2: no video source on the tile yet — hovering it to mount one.
2026-09-05T03:50:17.167Z [32e3448a-fec9-4c1a-95aa-18e574c229f9][d889bfbd-3833-4a0f-a1b1-c28b24c104cd] Item 2: Downloading from URL https://flow-content.google/video/382bba4a-164c-4c7a-af24-d334f341cc5e?Expires=1788601798&KeyName=labs-flow-prod-cdn-key&Signature=Zdh2QV-0ew1XwAdeeNO3gm9tY-k
2026-09-05T03:50:19.061Z [32e3448a-fec9-4c1a-95aa-18e574c229f9][d889bfbd-3833-4a0f-a1b1-c28b24c104cd] Downloaded 2/2: video_2026-09-05T03-50-11_02.mp4
2026-09-05T03:50:19.061Z [32e3448a-fec9-4c1a-95aa-18e574c229f9][d889bfbd-3833-4a0f-a1b1-c28b24c104cd] ✅ 2 item(s) saved to Downloads/Win AI Toolkit/
2026-09-05T03:50:22.042Z [9e241f6a-640f-459f-85c3-c8f780cd1c71][d889bfbd-3833-4a0f-a1b1-c28b24c104cd] Item 2 (try 1): 1080p saved via the UI download flow.
2026-09-05T03:50:22.129Z [9e241f6a-640f-459f-85c3-c8f780cd1c71][d889bfbd-3833-4a0f-a1b1-c28b24c104cd] Item 2: upgraded to 1080p → D:\WINAI\Slow-English-with-Arlo_6_45_cmtkz3uk\video_2026-09-05T03-48-41_02.mp4
2026-09-05T03:50:22.129Z [9e241f6a-640f-459f-85c3-c8f780cd1c71][d889bfbd-3833-4a0f-a1b1-c28b24c104cd] Uploading 2 video(s) to Xanh...
2026-09-05T03:50:23.271Z [9e241f6a-640f-459f-85c3-c8f780cd1c71][d889bfbd-3833-4a0f-a1b1-c28b24c104cd] Item 1: Re-uploaded 1080p → https://studio.xanhmedia.vn/uploads/2026-09/1788580223047_6bfcac_d889bfbd-3833-4a0f-a1b1-c28b24c104cd_9e2.mp4
2026-09-05T03:50:23.338Z [19971412-828f-4409-b3db-2536243f44e9][d889bfbd-3833-4a0f-a1b1-c28b24c104cd] Prompt insert attempt 1: editor has 1535 chars (want ~1605) ✓
2026-09-05T03:50:24.037Z [9e241f6a-640f-459f-85c3-c8f780cd1c71][d889bfbd-3833-4a0f-a1b1-c28b24c104cd] Item 2: Re-uploaded 1080p → https://studio.xanhmedia.vn/uploads/2026-09/1788580223783_6a52fd_d889bfbd-3833-4a0f-a1b1-c28b24c104cd_9e2.mp4
2026-09-05T03:50:24.038Z [9e241f6a-640f-459f-85c3-c8f780cd1c71][d889bfbd-3833-4a0f-a1b1-c28b24c104cd] ✅ 2 item(s) + 1080p saved to Downloads/Win AI Toolkit/
2026-09-05T03:50:24.041Z [9e241f6a-640f-459f-85c3-c8f780cd1c71][d889bfbd-3833-4a0f-a1b1-c28b24c104cd] All done (including any 1080p upgrades). Closing Playwright browser context.
2026-09-05T03:50:24.794Z [357c6cf7-59dd-4d34-b5c7-670796de0ebc][d889bfbd-3833-4a0f-a1b1-c28b24c104cd] runGeneration starting: task_id=357c6cf7-59dd-4d34-b5c7-670796de0ebc, profile_id=d889bfbd-3833-4a0f-a1b1-c28b24c104cd, target_site=google_flow
2026-09-05T03:50:24.795Z [357c6cf7-59dd-4d34-b5c7-670796de0ebc][d889bfbd-3833-4a0f-a1b1-c28b24c104cd] Opening Playwright browser with persistent profile cookies...
2026-09-05T03:50:24.795Z [357c6cf7-59dd-4d34-b5c7-670796de0ebc][d889bfbd-3833-4a0f-a1b1-c28b24c104cd] Browser engine: winhide (C:\Users\Admin\AppData\Roaming\com.tank.winai\winhide\chrome.exe) [hidden off-screen]
2026-09-05T03:50:24.796Z [357c6cf7-59dd-4d34-b5c7-670796de0ebc][d889bfbd-3833-4a0f-a1b1-c28b24c104cd] Launch mode: STEALTH (raw spawn + connectOverCDP)
2026-09-05T03:50:25.203Z [19971412-828f-4409-b3db-2536243f44e9][d889bfbd-3833-4a0f-a1b1-c28b24c104cd] Baseline: 50 pre-existing media tile(s) of 50 mounted (kinds: image,video,video,image,video,video,image,video,video,image,video,video,image,video,image,video,video,image,video,video,image,video,video,image,video,video,video,video,image,video,video,video,video,image,video,video,image,video,video,image,image,video,video,image,video,video,image,video,video,image).
2026-09-05T03:50:25.224Z [7e302b99-7eb5-4633-9d2a-2014232aac48][d889bfbd-3833-4a0f-a1b1-c28b24c104cd] Prompt insert attempt 1: editor has 1436 chars (want ~1461) ✓
2026-09-05T03:50:26.441Z [357c6cf7-59dd-4d34-b5c7-670796de0ebc][d889bfbd-3833-4a0f-a1b1-c28b24c104cd] Exit IP: 115.74.128.9
2026-09-05T03:50:26.442Z [357c6cf7-59dd-4d34-b5c7-670796de0ebc][d889bfbd-3833-4a0f-a1b1-c28b24c104cd] Navigating browser to Google Flow tools page...
2026-09-05T03:50:26.442Z [357c6cf7-59dd-4d34-b5c7-670796de0ebc][d889bfbd-3833-4a0f-a1b1-c28b24c104cd] Using existing project URL: https://flow.google.com/project/cd81a7d3-c989-419e-891a-f8694174cb85?hl=en
2026-09-05T03:50:27.039Z [7e302b99-7eb5-4633-9d2a-2014232aac48][d889bfbd-3833-4a0f-a1b1-c28b24c104cd] Baseline: 48 pre-existing media tile(s) of 48 mounted (kinds: image,video,video,image,video,video,image,video,video,image,video,video,image,video,video,video,video,image,video,video,image,video,video,image,video,image,video,video,image,video,video,video,video,video,video,image,video,video,image,image,image,video,video,image,video,video,image,video).
2026-09-05T03:50:27.344Z [357c6cf7-59dd-4d34-b5c7-670796de0ebc][d889bfbd-3833-4a0f-a1b1-c28b24c104cd] Waiting for Google Flow...
2026-09-05T03:50:27.395Z [19971412-828f-4409-b3db-2536243f44e9][d889bfbd-3833-4a0f-a1b1-c28b24c104cd] [submit] confirmed (editor "What do you want to ", fresh tile=true).
2026-09-05T03:50:28.019Z [19971412-828f-4409-b3db-2536243f44e9][d889bfbd-3833-4a0f-a1b1-c28b24c104cd] Current Workspace project URL: https://flow.google.com/project/c2a607c5-d833-4be1-8108-407b74d4ed85?hl=en
2026-09-05T03:50:28.019Z [19971412-828f-4409-b3db-2536243f44e9][d889bfbd-3833-4a0f-a1b1-c28b24c104cd] Submitted ✓ Detecting batch size...
2026-09-05T03:50:28.039Z [19971412-828f-4409-b3db-2536243f44e9][d889bfbd-3833-4a0f-a1b1-c28b24c104cd] New tile(s) since submit: 0 → 2 (mounted=50)
2026-09-05T03:50:29.554Z [7e302b99-7eb5-4633-9d2a-2014232aac48][d889bfbd-3833-4a0f-a1b1-c28b24c104cd] [submit] confirmed (editor "What do you want to ", fresh tile=true).
2026-09-05T03:50:29.671Z [357c6cf7-59dd-4d34-b5c7-670796de0ebc][d889bfbd-3833-4a0f-a1b1-c28b24c104cd] In existing project ✓
2026-09-05T03:50:30.267Z [7e302b99-7eb5-4633-9d2a-2014232aac48][d889bfbd-3833-4a0f-a1b1-c28b24c104cd] Current Workspace project URL: https://flow.google.com/project/33ca2cc2-c9ff-4bb6-9048-2a7af1dfcfee?hl=en
2026-09-05T03:50:30.269Z [7e302b99-7eb5-4633-9d2a-2014232aac48][d889bfbd-3833-4a0f-a1b1-c28b24c104cd] Submitted ✓ Detecting batch size...
2026-09-05T03:50:30.280Z [7e302b99-7eb5-4633-9d2a-2014232aac48][d889bfbd-3833-4a0f-a1b1-c28b24c104cd] New tile(s) since submit: 0 → 2 (mounted=49)
2026-09-05T03:50:30.852Z [357c6cf7-59dd-4d34-b5c7-670796de0ebc][d889bfbd-3833-4a0f-a1b1-c28b24c104cd] dismissPopups: unresolved overlay(s) ["IFRAME[presentation]|btns="]
2026-09-05T03:50:32.201Z [19971412-828f-4409-b3db-2536243f44e9][d889bfbd-3833-4a0f-a1b1-c28b24c104cd] Batch size stabilised at 2 new tile(s)
2026-09-05T03:50:32.201Z [19971412-828f-4409-b3db-2536243f44e9][d889bfbd-3833-4a0f-a1b1-c28b24c104cd] Batch detected: 2 item(s). Generating...
2026-09-05T03:50:32.203Z [19971412-828f-4409-b3db-2536243f44e9][d889bfbd-3833-4a0f-a1b1-c28b24c104cd] Polling for 2 video item(s) (baseline=50, hasUpload=true)...
2026-09-05T03:50:32.326Z [19971412-828f-4409-b3db-2536243f44e9][d889bfbd-3833-4a0f-a1b1-c28b24c104cd] Generating... 0 ready, 0 failed / 2 total (0s) play_circle [HÀNH ĐỘ play_circle [HÀNH ĐỘ
2026-09-05T03:50:33.045Z [357c6cf7-59dd-4d34-b5c7-670796de0ebc][d889bfbd-3833-4a0f-a1b1-c28b24c104cd] Composer ready ✓ (UI language: en)
2026-09-05T03:50:33.063Z [357c6cf7-59dd-4d34-b5c7-670796de0ebc][d889bfbd-3833-4a0f-a1b1-c28b24c104cd] dismissPopups: unresolved overlay(s) ["DIV[]|btns=","DIV[]|btns="]
2026-09-05T03:50:33.080Z [357c6cf7-59dd-4d34-b5c7-670796de0ebc][d889bfbd-3833-4a0f-a1b1-c28b24c104cd] Agent toggle aria-pressed=false
2026-09-05T03:50:33.081Z [357c6cf7-59dd-4d34-b5c7-670796de0ebc][d889bfbd-3833-4a0f-a1b1-c28b24c104cd] Opening settings...
2026-09-05T03:50:34.460Z [7e302b99-7eb5-4633-9d2a-2014232aac48][d889bfbd-3833-4a0f-a1b1-c28b24c104cd] Batch size stabilised at 2 new tile(s)
2026-09-05T03:50:34.460Z [7e302b99-7eb5-4633-9d2a-2014232aac48][d889bfbd-3833-4a0f-a1b1-c28b24c104cd] Batch detected: 2 item(s). Generating...
2026-09-05T03:50:34.461Z [7e302b99-7eb5-4633-9d2a-2014232aac48][d889bfbd-3833-4a0f-a1b1-c28b24c104cd] Polling for 2 video item(s) (baseline=48, hasUpload=true)...
2026-09-05T03:50:34.476Z [7e302b99-7eb5-4633-9d2a-2014232aac48][d889bfbd-3833-4a0f-a1b1-c28b24c104cd] Generating... 0 ready, 0 failed / 2 total (0s) play_circle [HÀNH ĐỘ play_circle [HÀNH ĐỘ
2026-09-05T03:50:34.862Z [357c6cf7-59dd-4d34-b5c7-670796de0ebc][d889bfbd-3833-4a0f-a1b1-c28b24c104cd] Configuring video settings...
2026-09-05T03:50:34.903Z [357c6cf7-59dd-4d34-b5c7-670796de0ebc][d889bfbd-3833-4a0f-a1b1-c28b24c104cd] Mode: "videocam Video" already selected ✓
2026-09-05T03:50:35.342Z [19971412-828f-4409-b3db-2536243f44e9][d889bfbd-3833-4a0f-a1b1-c28b24c104cd] Generating... 0 ready, 0 failed / 2 total (3s) play_circle [HÀNH ĐỘ play_circle [HÀNH ĐỘ
2026-09-05T03:50:37.253Z [357c6cf7-59dd-4d34-b5c7-670796de0ebc][d889bfbd-3833-4a0f-a1b1-c28b24c104cd] Video type: selected "crop_free Frames" ✓
2026-09-05T03:50:37.494Z [7e302b99-7eb5-4633-9d2a-2014232aac48][d889bfbd-3833-4a0f-a1b1-c28b24c104cd] Generating... 0 ready, 0 failed / 2 total (3s) play_circle [HÀNH ĐỘ play_circle [HÀNH ĐỘ
2026-09-05T03:50:38.363Z [19971412-828f-4409-b3db-2536243f44e9][d889bfbd-3833-4a0f-a1b1-c28b24c104cd] Generating... 0 ready, 0 failed / 2 total (6s) play_circle 0% [HÀNH play_circle 0% [HÀNH
2026-09-05T03:50:40.512Z [7e302b99-7eb5-4633-9d2a-2014232aac48][d889bfbd-3833-4a0f-a1b1-c28b24c104cd] Generating... 0 ready, 0 failed / 2 total (6s) play_circle 0% [HÀNH play_circle 1% [HÀNH
2026-09-05T03:50:41.380Z [19971412-828f-4409-b3db-2536243f44e9][d889bfbd-3833-4a0f-a1b1-c28b24c104cd] Generating... 0 ready, 0 failed / 2 total (9s) play_circle 4% [HÀNH play_circle 3% [HÀNH
2026-09-05T03:50:42.078Z [357c6cf7-59dd-4d34-b5c7-670796de0ebc][d889bfbd-3833-4a0f-a1b1-c28b24c104cd] Model: selected "Veo 3.1 - Lite [Lower Priority]" ✓
2026-09-05T03:50:42.619Z [357c6cf7-59dd-4d34-b5c7-670796de0ebc][d889bfbd-3833-4a0f-a1b1-c28b24c104cd] Aspect ratio: "crop_16_9 16:9" already selected ✓
2026-09-05T03:50:42.623Z [357c6cf7-59dd-4d34-b5c7-670796de0ebc][d889bfbd-3833-4a0f-a1b1-c28b24c104cd] Video resolution: toggle group "Video resolution" not present (model may not offer it) — skipped.
2026-09-05T03:50:42.657Z [357c6cf7-59dd-4d34-b5c7-670796de0ebc][d889bfbd-3833-4a0f-a1b1-c28b24c104cd] Duration: "8s" already selected ✓
2026-09-05T03:50:42.678Z [357c6cf7-59dd-4d34-b5c7-670796de0ebc][d889bfbd-3833-4a0f-a1b1-c28b24c104cd] Output count: "x2" already selected ✓
2026-09-05T03:50:43.535Z [7e302b99-7eb5-4633-9d2a-2014232aac48][d889bfbd-3833-4a0f-a1b1-c28b24c104cd] Generating... 0 ready, 0 failed / 2 total (9s) play_circle 3% [HÀNH play_circle 2% [HÀNH
2026-09-05T03:50:43.714Z [357c6cf7-59dd-4d34-b5c7-670796de0ebc][d889bfbd-3833-4a0f-a1b1-c28b24c104cd] Start keyframe: downloading from URL...
2026-09-05T03:50:43.962Z [357c6cf7-59dd-4d34-b5c7-670796de0ebc][d889bfbd-3833-4a0f-a1b1-c28b24c104cd] Downloader: no-proxy request context ready.
2026-09-05T03:50:44.268Z [357c6cf7-59dd-4d34-b5c7-670796de0ebc][d889bfbd-3833-4a0f-a1b1-c28b24c104cd] Start keyframe: saved 171688 bytes (image/png) as "1788437998829_1d7f93_60f7c834-1526-409d-b017-21db20795e19_128.png"
2026-09-05T03:50:44.294Z [357c6cf7-59dd-4d34-b5c7-670796de0ebc][d889bfbd-3833-4a0f-a1b1-c28b24c104cd] Start keyframe: setting start keyframe...
2026-09-05T03:50:44.412Z [19971412-828f-4409-b3db-2536243f44e9][d889bfbd-3833-4a0f-a1b1-c28b24c104cd] Generating... 0 ready, 0 failed / 2 total (12s) play_circle 6% [HÀNH play_circle 6% [HÀNH
2026-09-05T03:50:46.557Z [7e302b99-7eb5-4633-9d2a-2014232aac48][d889bfbd-3833-4a0f-a1b1-c28b24c104cd] Generating... 0 ready, 0 failed / 2 total (12s) play_circle 6% [HÀNH play_circle 6% [HÀNH
2026-09-05T03:50:46.590Z [357c6cf7-59dd-4d34-b5c7-670796de0ebc][d889bfbd-3833-4a0f-a1b1-c28b24c104cd] Start keyframe: "1788437998829_1d7f93_60f7c834-1526-409d-b017-21db20795e19_128.png" not in the library yet — uploading it first.
2026-09-05T03:50:47.430Z [19971412-828f-4409-b3db-2536243f44e9][d889bfbd-3833-4a0f-a1b1-c28b24c104cd] Generating... 0 ready, 0 failed / 2 total (15s) play_circle 9% [HÀNH play_circle 9% [HÀNH
2026-09-05T03:50:49.580Z [7e302b99-7eb5-4633-9d2a-2014232aac48][d889bfbd-3833-4a0f-a1b1-c28b24c104cd] Generating... 0 ready, 0 failed / 2 total (15s) play_circle 9% [HÀNH play_circle 9% [HÀNH
2026-09-05T03:50:50.457Z [19971412-828f-4409-b3db-2536243f44e9][d889bfbd-3833-4a0f-a1b1-c28b24c104cd] Generating... 0 ready, 0 failed / 2 total (18s) play_circle 11% [HÀN play_circle 11% [HÀN
2026-09-05T03:50:51.004Z [357c6cf7-59dd-4d34-b5c7-670796de0ebc][d889bfbd-3833-4a0f-a1b1-c28b24c104cd] Start keyframe: uploading "1788437998829_1d7f93_60f7c834-1526-409d-b017-21db20795e19_128.png" to the project library...
2026-09-05T03:50:52.119Z [357c6cf7-59dd-4d34-b5c7-670796de0ebc][d889bfbd-3833-4a0f-a1b1-c28b24c104cd] Start keyframe: upload finished ✓
2026-09-05T03:50:52.610Z [7e302b99-7eb5-4633-9d2a-2014232aac48][d889bfbd-3833-4a0f-a1b1-c28b24c104cd] Generating... 0 ready, 0 failed / 2 total (18s) play_circle 11% [HÀN play_circle 11% [HÀN
2026-09-05T03:50:53.479Z [19971412-828f-4409-b3db-2536243f44e9][d889bfbd-3833-4a0f-a1b1-c28b24c104cd] Generating... 0 ready, 0 failed / 2 total (21s) play_circle 13% [HÀN play_circle 13% [HÀN
2026-09-05T03:50:55.628Z [7e302b99-7eb5-4633-9d2a-2014232aac48][d889bfbd-3833-4a0f-a1b1-c28b24c104cd] Generating... 0 ready, 0 failed / 2 total (21s) play_circle 13% [HÀN play_circle 13% [HÀN
2026-09-05T03:50:56.507Z [19971412-828f-4409-b3db-2536243f44e9][d889bfbd-3833-4a0f-a1b1-c28b24c104cd] Generating... 0 ready, 0 failed / 2 total (24s) play_circle 17% [HÀN play_circle 16% [HÀN
2026-09-05T03:50:58.651Z [7e302b99-7eb5-4633-9d2a-2014232aac48][d889bfbd-3833-4a0f-a1b1-c28b24c104cd] Generating... 0 ready, 0 failed / 2 total (24s) play_circle 16% [HÀN play_circle 17% [HÀN
2026-09-05T03:50:58.862Z [32e3448a-fec9-4c1a-95aa-18e574c229f9][d889bfbd-3833-4a0f-a1b1-c28b24c104cd] Item 1 (try 1): 1080p saved via the UI download flow.
2026-09-05T03:50:58.909Z [32e3448a-fec9-4c1a-95aa-18e574c229f9][d889bfbd-3833-4a0f-a1b1-c28b24c104cd] Item 1: upgraded to 1080p → D:\WINAI\Slow-English-with-Arlo_6_46_cmtkz3uk\video_2026-09-05T03-50-11_01.mp4
2026-09-05T03:50:59.520Z [19971412-828f-4409-b3db-2536243f44e9][d889bfbd-3833-4a0f-a1b1-c28b24c104cd] Generating... 0 ready, 0 failed / 2 total (27s) play_circle 20% [HÀN play_circle 20% [HÀN
2026-09-05T03:51:00.948Z [357c6cf7-59dd-4d34-b5c7-670796de0ebc][d889bfbd-3833-4a0f-a1b1-c28b24c104cd] Start keyframe: start keyframe attached ✓
2026-09-05T03:51:00.963Z [357c6cf7-59dd-4d34-b5c7-670796de0ebc][d889bfbd-3833-4a0f-a1b1-c28b24c104cd] Entering prompt...
2026-09-05T03:51:01.677Z [7e302b99-7eb5-4633-9d2a-2014232aac48][d889bfbd-3833-4a0f-a1b1-c28b24c104cd] Generating... 0 ready, 0 failed / 2 total (27s) play_circle 20% [HÀN play_circle 20% [HÀN
2026-09-05T03:51:02.536Z [19971412-828f-4409-b3db-2536243f44e9][d889bfbd-3833-4a0f-a1b1-c28b24c104cd] Generating... 0 ready, 0 failed / 2 total (30s) play_circle 22% [HÀN play_circle 22% [HÀN
2026-09-05T03:51:02.634Z [357c6cf7-59dd-4d34-b5c7-670796de0ebc][d889bfbd-3833-4a0f-a1b1-c28b24c104cd] Prompt is 1538 chars — typing it in 25 chunk(s).
2026-09-05T03:51:04.704Z [7e302b99-7eb5-4633-9d2a-2014232aac48][d889bfbd-3833-4a0f-a1b1-c28b24c104cd] Generating... 0 ready, 0 failed / 2 total (30s) play_circle 23% [HÀN play_circle 23% [HÀN
2026-09-05T03:51:05.551Z [19971412-828f-4409-b3db-2536243f44e9][d889bfbd-3833-4a0f-a1b1-c28b24c104cd] Generating... 0 ready, 0 failed / 2 total (33s) play_circle 24% [HÀN play_circle 24% [HÀN
2026-09-05T03:51:07.720Z [7e302b99-7eb5-4633-9d2a-2014232aac48][d889bfbd-3833-4a0f-a1b1-c28b24c104cd] Generating... 0 ready, 0 failed / 2 total (33s) play_circle 24% [HÀN play_circle 24% [HÀN
2026-09-05T03:51:08.578Z [19971412-828f-4409-b3db-2536243f44e9][d889bfbd-3833-4a0f-a1b1-c28b24c104cd] Generating... 0 ready, 0 failed / 2 total (36s) play_circle 27% [HÀN play_circle 27% [HÀN
2026-09-05T03:51:10.735Z [7e302b99-7eb5-4633-9d2a-2014232aac48][d889bfbd-3833-4a0f-a1b1-c28b24c104cd] Generating... 0 ready, 0 failed / 2 total (36s) play_circle 27% [HÀN play_circle 27% [HÀN
2026-09-05T03:51:11.609Z [19971412-828f-4409-b3db-2536243f44e9][d889bfbd-3833-4a0f-a1b1-c28b24c104cd] Generating... 0 ready, 0 failed / 2 total (39s) play_circle 30% [HÀN play_circle 30% [HÀN
2026-09-05T03:51:13.253Z [357c6cf7-59dd-4d34-b5c7-670796de0ebc][d889bfbd-3833-4a0f-a1b1-c28b24c104cd] Prompt insert attempt 1: editor has 1509 chars (want ~1534) ✓
2026-09-05T03:51:13.758Z [7e302b99-7eb5-4633-9d2a-2014232aac48][d889bfbd-3833-4a0f-a1b1-c28b24c104cd] Generating... 0 ready, 0 failed / 2 total (39s) play_circle 30% [HÀN play_circle 30% [HÀN
2026-09-05T03:51:14.623Z [19971412-828f-4409-b3db-2536243f44e9][d889bfbd-3833-4a0f-a1b1-c28b24c104cd] Generating... 0 ready, 0 failed / 2 total (42s) play_circle 33% [HÀN play_circle 33% [HÀN
2026-09-05T03:51:14.840Z [357c6cf7-59dd-4d34-b5c7-670796de0ebc][d889bfbd-3833-4a0f-a1b1-c28b24c104cd] Baseline: 50 pre-existing media tile(s) of 50 mounted (kinds: image,video,video,image,video,video,image,video,video,image,video,video,image,video,video,video,video,image,video,video,image,video,video,video,video,video,video,image,video,video,video,video,image,video,video,image,video,video,image,video,video,image,video,video,image,video,video,image,video,video).
2026-09-05T03:51:16.749Z [357c6cf7-59dd-4d34-b5c7-670796de0ebc][d889bfbd-3833-4a0f-a1b1-c28b24c104cd] [submit] confirmed (editor "What do you want to ", fresh tile=true).
2026-09-05T03:51:16.777Z [7e302b99-7eb5-4633-9d2a-2014232aac48][d889bfbd-3833-4a0f-a1b1-c28b24c104cd] Generating... 0 ready, 0 failed / 2 total (42s) play_circle 33% [HÀN play_circle 33% [HÀN
2026-09-05T03:51:17.319Z [357c6cf7-59dd-4d34-b5c7-670796de0ebc][d889bfbd-3833-4a0f-a1b1-c28b24c104cd] Current Workspace project URL: https://flow.google.com/project/cd81a7d3-c989-419e-891a-f8694174cb85?hl=en
2026-09-05T03:51:17.320Z [357c6cf7-59dd-4d34-b5c7-670796de0ebc][d889bfbd-3833-4a0f-a1b1-c28b24c104cd] Submitted ✓ Detecting batch size...
2026-09-05T03:51:17.336Z [357c6cf7-59dd-4d34-b5c7-670796de0ebc][d889bfbd-3833-4a0f-a1b1-c28b24c104cd] New tile(s) since submit: 0 → 2 (mounted=50)
2026-09-05T03:51:17.639Z [19971412-828f-4409-b3db-2536243f44e9][d889bfbd-3833-4a0f-a1b1-c28b24c104cd] Generating... 0 ready, 0 failed / 2 total (45s) play_circle 36% [HÀN play_circle 36% [HÀN
2026-09-05T03:51:19.798Z [7e302b99-7eb5-4633-9d2a-2014232aac48][d889bfbd-3833-4a0f-a1b1-c28b24c104cd] Generating... 0 ready, 0 failed / 2 total (45s) play_circle 36% [HÀN play_circle 36% [HÀN
2026-09-05T03:51:20.654Z [19971412-828f-4409-b3db-2536243f44e9][d889bfbd-3833-4a0f-a1b1-c28b24c104cd] Generating... 0 ready, 0 failed / 2 total (48s) play_circle 38% [HÀN play_circle 38% [HÀN
2026-09-05T03:51:21.493Z [357c6cf7-59dd-4d34-b5c7-670796de0ebc][d889bfbd-3833-4a0f-a1b1-c28b24c104cd] Batch size stabilised at 2 new tile(s)
2026-09-05T03:51:21.493Z [357c6cf7-59dd-4d34-b5c7-670796de0ebc][d889bfbd-3833-4a0f-a1b1-c28b24c104cd] Batch detected: 2 item(s). Generating...
2026-09-05T03:51:21.493Z [357c6cf7-59dd-4d34-b5c7-670796de0ebc][d889bfbd-3833-4a0f-a1b1-c28b24c104cd] Polling for 2 video item(s) (baseline=50, hasUpload=true)...
2026-09-05T03:51:21.509Z [357c6cf7-59dd-4d34-b5c7-670796de0ebc][d889bfbd-3833-4a0f-a1b1-c28b24c104cd] Generating... 0 ready, 0 failed / 2 total (0s) play_circle [HÀNH ĐỘ play_circle [HÀNH ĐỘ
2026-09-05T03:51:22.814Z [7e302b99-7eb5-4633-9d2a-2014232aac48][d889bfbd-3833-4a0f-a1b1-c28b24c104cd] Generating... 0 ready, 0 failed / 2 total (48s) play_circle 39% [HÀN play_circle 38% [HÀN
2026-09-05T03:51:23.679Z [19971412-828f-4409-b3db-2536243f44e9][d889bfbd-3833-4a0f-a1b1-c28b24c104cd] Generating... 0 ready, 0 failed / 2 total (51s) play_circle 100% [HÀ play_circle 100% [HÀ
2026-09-05T03:51:24.534Z [357c6cf7-59dd-4d34-b5c7-670796de0ebc][d889bfbd-3833-4a0f-a1b1-c28b24c104cd] Generating... 0 ready, 0 failed / 2 total (3s) play_circle [HÀNH ĐỘ play_circle [HÀNH ĐỘ
2026-09-05T03:51:25.841Z [7e302b99-7eb5-4633-9d2a-2014232aac48][d889bfbd-3833-4a0f-a1b1-c28b24c104cd] Generating... 0 ready, 0 failed / 2 total (51s) play_circle 100% [HÀ play_circle 100% [HÀ
2026-09-05T03:51:26.722Z [19971412-828f-4409-b3db-2536243f44e9][d889bfbd-3833-4a0f-a1b1-c28b24c104cd] Generating... 0 ready, 0 failed / 2 total (55s) [HÀNH ĐỘNG]Bắt đầu đ [HÀNH ĐỘNG]Bắt đầu đ
2026-09-05T03:51:27.560Z [357c6cf7-59dd-4d34-b5c7-670796de0ebc][d889bfbd-3833-4a0f-a1b1-c28b24c104cd] Generating... 0 ready, 0 failed / 2 total (6s) play_circle 0% [HÀNH play_circle 0% [HÀNH
2026-09-05T03:51:28.862Z [7e302b99-7eb5-4633-9d2a-2014232aac48][d889bfbd-3833-4a0f-a1b1-c28b24c104cd] Generating... 0 ready, 0 failed / 2 total (54s) play_circle 100% [HÀ play_circle 100% [HÀ
2026-09-05T03:51:29.739Z [19971412-828f-4409-b3db-2536243f44e9][d889bfbd-3833-4a0f-a1b1-c28b24c104cd] Generating... 2 ready, 0 failed / 2 total (58s)
2026-09-05T03:51:29.739Z [19971412-828f-4409-b3db-2536243f44e9][d889bfbd-3833-4a0f-a1b1-c28b24c104cd] Batch done: 2 ready (target 2), 0 failed, scanned 2.
2026-09-05T03:51:29.739Z [19971412-828f-4409-b3db-2536243f44e9][d889bfbd-3833-4a0f-a1b1-c28b24c104cd] 2 item(s) ready! Downloading...
2026-09-05T03:51:29.740Z [19971412-828f-4409-b3db-2536243f44e9][d889bfbd-3833-4a0f-a1b1-c28b24c104cd] Item 1: no video source on the tile yet — hovering it to mount one.
2026-09-05T03:51:30.579Z [357c6cf7-59dd-4d34-b5c7-670796de0ebc][d889bfbd-3833-4a0f-a1b1-c28b24c104cd] Generating... 0 ready, 0 failed / 2 total (9s) play_circle 3% [HÀNH play_circle 3% [HÀNH
2026-09-05T03:51:31.212Z [19971412-828f-4409-b3db-2536243f44e9][d889bfbd-3833-4a0f-a1b1-c28b24c104cd] Item 1: Downloading from URL https://flow-content.google/video/51755fb4-c0e2-45e8-9521-c91f6b0d3b6f?Expires=1788601882&KeyName=labs-flow-prod-cdn-key&Signature=xG-3i8WgFe8XfvWtMqP1tp7Plaw
2026-09-05T03:51:31.887Z [7e302b99-7eb5-4633-9d2a-2014232aac48][d889bfbd-3833-4a0f-a1b1-c28b24c104cd] Generating... 0 ready, 0 failed / 2 total (57s) [HÀNH ĐỘNG]Bắt đầu đ [HÀNH ĐỘNG]Bắt đầu đ
2026-09-05T03:51:33.603Z [357c6cf7-59dd-4d34-b5c7-670796de0ebc][d889bfbd-3833-4a0f-a1b1-c28b24c104cd] Generating... 0 ready, 0 failed / 2 total (12s) play_circle 5% [HÀNH play_circle 5% [HÀNH
2026-09-05T03:51:33.977Z [19971412-828f-4409-b3db-2536243f44e9][d889bfbd-3833-4a0f-a1b1-c28b24c104cd] Downloaded 1/2: video_2026-09-05T03-51-29_01.mp4
2026-09-05T03:51:33.978Z [19971412-828f-4409-b3db-2536243f44e9][d889bfbd-3833-4a0f-a1b1-c28b24c104cd] Item 2: no video source on the tile yet — hovering it to mount one.
2026-09-05T03:51:34.916Z [7e302b99-7eb5-4633-9d2a-2014232aac48][d889bfbd-3833-4a0f-a1b1-c28b24c104cd] Generating... 2 ready, 0 failed / 2 total (60s)
2026-09-05T03:51:34.916Z [7e302b99-7eb5-4633-9d2a-2014232aac48][d889bfbd-3833-4a0f-a1b1-c28b24c104cd] Batch done: 2 ready (target 2), 0 failed, scanned 2.
2026-09-05T03:51:34.917Z [7e302b99-7eb5-4633-9d2a-2014232aac48][d889bfbd-3833-4a0f-a1b1-c28b24c104cd] 2 item(s) ready! Downloading...
2026-09-05T03:51:34.918Z [7e302b99-7eb5-4633-9d2a-2014232aac48][d889bfbd-3833-4a0f-a1b1-c28b24c104cd] Item 1: no video source on the tile yet — hovering it to mount one.
2026-09-05T03:51:35.889Z [19971412-828f-4409-b3db-2536243f44e9][d889bfbd-3833-4a0f-a1b1-c28b24c104cd] Item 2: Downloading from URL https://flow-content.google/video/420ec9bc-647d-473d-85a6-8a2ba4ec6819?Expires=1788601882&KeyName=labs-flow-prod-cdn-key&Signature=lV1kGjupA7w6BlkYSFLsXEFofbU
2026-09-05T03:51:36.309Z [7e302b99-7eb5-4633-9d2a-2014232aac48][d889bfbd-3833-4a0f-a1b1-c28b24c104cd] Item 1: Downloading from URL https://flow-content.google/video/ee380971-e3a6-4f04-927f-64f201a57004?Expires=1788601884&KeyName=labs-flow-prod-cdn-key&Signature=izGdsUpiZJnMWw1IAY5o5NBC0pw
2026-09-05T03:51:36.755Z [357c6cf7-59dd-4d34-b5c7-670796de0ebc][d889bfbd-3833-4a0f-a1b1-c28b24c104cd] Generating... 0 ready, 0 failed / 2 total (15s) play_circle 9% [HÀNH play_circle 9% [HÀNH
2026-09-05T03:51:37.304Z [19971412-828f-4409-b3db-2536243f44e9][d889bfbd-3833-4a0f-a1b1-c28b24c104cd] Downloaded 2/2: video_2026-09-05T03-51-29_02.mp4
2026-09-05T03:51:37.304Z [19971412-828f-4409-b3db-2536243f44e9][d889bfbd-3833-4a0f-a1b1-c28b24c104cd] ✅ 2 item(s) saved to Downloads/Win AI Toolkit/
2026-09-05T03:51:38.807Z [7e302b99-7eb5-4633-9d2a-2014232aac48][d889bfbd-3833-4a0f-a1b1-c28b24c104cd] Downloaded 1/2: video_2026-09-05T03-51-34_01.mp4
2026-09-05T03:51:38.809Z [7e302b99-7eb5-4633-9d2a-2014232aac48][d889bfbd-3833-4a0f-a1b1-c28b24c104cd] Item 2: no video source on the tile yet — hovering it to mount one.
2026-09-05T03:51:39.777Z [357c6cf7-59dd-4d34-b5c7-670796de0ebc][d889bfbd-3833-4a0f-a1b1-c28b24c104cd] Generating... 0 ready, 0 failed / 2 total (18s) play_circle 11% [HÀN play_circle 11% [HÀN
2026-09-05T03:51:40.240Z [7e302b99-7eb5-4633-9d2a-2014232aac48][d889bfbd-3833-4a0f-a1b1-c28b24c104cd] Item 2: Downloading from URL https://flow-content.google/video/c698ee6f-a6fe-4443-ab89-4d1ccccbcbab?Expires=1788601884&KeyName=labs-flow-prod-cdn-key&Signature=FRp3P_ce3qb_sTqqpOt9Vl8LcXU
2026-09-05T03:51:42.158Z [7e302b99-7eb5-4633-9d2a-2014232aac48][d889bfbd-3833-4a0f-a1b1-c28b24c104cd] Downloaded 2/2: video_2026-09-05T03-51-34_02.mp4
2026-09-05T03:51:42.159Z [7e302b99-7eb5-4633-9d2a-2014232aac48][d889bfbd-3833-4a0f-a1b1-c28b24c104cd] ✅ 2 item(s) saved to Downloads/Win AI Toolkit/
2026-09-05T03:51:42.795Z [357c6cf7-59dd-4d34-b5c7-670796de0ebc][d889bfbd-3833-4a0f-a1b1-c28b24c104cd] Generating... 0 ready, 0 failed / 2 total (21s) play_circle 14% [HÀN play_circle 14% [HÀN
2026-09-05T03:51:42.811Z [32e3448a-fec9-4c1a-95aa-18e574c229f9][d889bfbd-3833-4a0f-a1b1-c28b24c104cd] Item 2 (try 1): 1080p saved via the UI download flow.
2026-09-05T03:51:42.906Z [32e3448a-fec9-4c1a-95aa-18e574c229f9][d889bfbd-3833-4a0f-a1b1-c28b24c104cd] Item 2: upgraded to 1080p → D:\WINAI\Slow-English-with-Arlo_6_46_cmtkz3uk\video_2026-09-05T03-50-11_02.mp4
2026-09-05T03:51:42.907Z [32e3448a-fec9-4c1a-95aa-18e574c229f9][d889bfbd-3833-4a0f-a1b1-c28b24c104cd] Uploading 2 video(s) to Xanh...
2026-09-05T03:51:44.017Z [32e3448a-fec9-4c1a-95aa-18e574c229f9][d889bfbd-3833-4a0f-a1b1-c28b24c104cd] Item 2: Re-uploaded 1080p → https://studio.xanhmedia.vn/uploads/2026-09/1788580303794_97ad8b_d889bfbd-3833-4a0f-a1b1-c28b24c104cd_32e.mp4
2026-09-05T03:51:44.306Z [32e3448a-fec9-4c1a-95aa-18e574c229f9][d889bfbd-3833-4a0f-a1b1-c28b24c104cd] Item 1: Re-uploaded 1080p → https://studio.xanhmedia.vn/uploads/2026-09/1788580304075_e15d2b_d889bfbd-3833-4a0f-a1b1-c28b24c104cd_32e.mp4
2026-09-05T03:51:44.307Z [32e3448a-fec9-4c1a-95aa-18e574c229f9][d889bfbd-3833-4a0f-a1b1-c28b24c104cd] ✅ 2 item(s) + 1080p saved to Downloads/Win AI Toolkit/
2026-09-05T03:51:44.309Z [32e3448a-fec9-4c1a-95aa-18e574c229f9][d889bfbd-3833-4a0f-a1b1-c28b24c104cd] All done (including any 1080p upgrades). Closing Playwright browser context.
2026-09-05T03:51:45.821Z [357c6cf7-59dd-4d34-b5c7-670796de0ebc][d889bfbd-3833-4a0f-a1b1-c28b24c104cd] Generating... 0 ready, 0 failed / 2 total (24s) play_circle 17% [HÀN play_circle 17% [HÀN
2026-09-05T03:51:48.845Z [357c6cf7-59dd-4d34-b5c7-670796de0ebc][d889bfbd-3833-4a0f-a1b1-c28b24c104cd] Generating... 0 ready, 0 failed / 2 total (27s) play_circle 20% [HÀN play_circle 20% [HÀN
2026-09-05T03:51:51.860Z [357c6cf7-59dd-4d34-b5c7-670796de0ebc][d889bfbd-3833-4a0f-a1b1-c28b24c104cd] Generating... 0 ready, 0 failed / 2 total (30s) play_circle 23% [HÀN play_circle 23% [HÀN
2026-09-05T03:51:54.876Z [357c6cf7-59dd-4d34-b5c7-670796de0ebc][d889bfbd-3833-4a0f-a1b1-c28b24c104cd] Generating... 0 ready, 0 failed / 2 total (33s) play_circle 26% [HÀN play_circle 25% [HÀN
2026-09-05T03:51:57.892Z [357c6cf7-59dd-4d34-b5c7-670796de0ebc][d889bfbd-3833-4a0f-a1b1-c28b24c104cd] Generating... 0 ready, 0 failed / 2 total (36s) play_circle 27% [HÀN play_circle 27% [HÀN
2026-09-05T03:52:00.909Z [357c6cf7-59dd-4d34-b5c7-670796de0ebc][d889bfbd-3833-4a0f-a1b1-c28b24c104cd] Generating... 0 ready, 0 failed / 2 total (39s) play_circle 30% [HÀN play_circle 31% [HÀN
2026-09-05T03:52:03.926Z [357c6cf7-59dd-4d34-b5c7-670796de0ebc][d889bfbd-3833-4a0f-a1b1-c28b24c104cd] Generating... 0 ready, 0 failed / 2 total (42s) play_circle 33% [HÀN play_circle 34% [HÀN
2026-09-05T03:52:06.942Z [357c6cf7-59dd-4d34-b5c7-670796de0ebc][d889bfbd-3833-4a0f-a1b1-c28b24c104cd] Generating... 0 ready, 0 failed / 2 total (45s) play_circle 37% [HÀN play_circle 37% [HÀN
2026-09-05T03:52:09.971Z [357c6cf7-59dd-4d34-b5c7-670796de0ebc][d889bfbd-3833-4a0f-a1b1-c28b24c104cd] Generating... 0 ready, 0 failed / 2 total (48s) play_circle 39% [HÀN play_circle 38% [HÀN
2026-09-05T03:52:12.997Z [357c6cf7-59dd-4d34-b5c7-670796de0ebc][d889bfbd-3833-4a0f-a1b1-c28b24c104cd] Generating... 0 ready, 0 failed / 2 total (52s) play_circle 100% [HÀ
2026-09-05T03:52:16.011Z [357c6cf7-59dd-4d34-b5c7-670796de0ebc][d889bfbd-3833-4a0f-a1b1-c28b24c104cd] Generating... 0 ready, 0 failed / 2 total (55s) play_circle 100% [HÀ
2026-09-05T03:52:19.032Z [357c6cf7-59dd-4d34-b5c7-670796de0ebc][d889bfbd-3833-4a0f-a1b1-c28b24c104cd] Generating... 1 ready, 0 failed / 2 total (58s)
2026-09-05T03:52:22.048Z [357c6cf7-59dd-4d34-b5c7-670796de0ebc][d889bfbd-3833-4a0f-a1b1-c28b24c104cd] Generating... 1 ready, 0 failed / 2 total (61s)
2026-09-05T03:52:25.077Z [357c6cf7-59dd-4d34-b5c7-670796de0ebc][d889bfbd-3833-4a0f-a1b1-c28b24c104cd] Generating... 1 ready, 0 failed / 2 total (64s)
2026-09-05T03:52:25.207Z [19971412-828f-4409-b3db-2536243f44e9][d889bfbd-3833-4a0f-a1b1-c28b24c104cd] Item 1 (try 1): 1080p saved via the UI download flow.
2026-09-05T03:52:25.260Z [19971412-828f-4409-b3db-2536243f44e9][d889bfbd-3833-4a0f-a1b1-c28b24c104cd] Item 1: upgraded to 1080p → D:\WINAI\Slow-English-with-Arlo_6_47_cmtkz3ul\video_2026-09-05T03-51-29_01.mp4
2026-09-05T03:52:28.093Z [357c6cf7-59dd-4d34-b5c7-670796de0ebc][d889bfbd-3833-4a0f-a1b1-c28b24c104cd] Generating... 1 ready, 0 failed / 2 total (67s)
2026-09-05T03:52:31.110Z [357c6cf7-59dd-4d34-b5c7-670796de0ebc][d889bfbd-3833-4a0f-a1b1-c28b24c104cd] Generating... 1 ready, 0 failed / 2 total (70s)
2026-09-05T03:52:32.627Z [7e302b99-7eb5-4633-9d2a-2014232aac48][d889bfbd-3833-4a0f-a1b1-c28b24c104cd] Item 1 (try 1): 1080p saved via the UI download flow.
2026-09-05T03:52:32.686Z [7e302b99-7eb5-4633-9d2a-2014232aac48][d889bfbd-3833-4a0f-a1b1-c28b24c104cd] Item 1: upgraded to 1080p → D:\WINAI\Slow-English-with-Arlo_6_48_cmtkz3ul\video_2026-09-05T03-51-34_01.mp4
2026-09-05T03:52:34.136Z [357c6cf7-59dd-4d34-b5c7-670796de0ebc][d889bfbd-3833-4a0f-a1b1-c28b24c104cd] Generating... 1 ready, 0 failed / 2 total (73s)
2026-09-05T03:52:37.158Z [357c6cf7-59dd-4d34-b5c7-670796de0ebc][d889bfbd-3833-4a0f-a1b1-c28b24c104cd] Generating... 1 ready, 0 failed / 2 total (76s)
2026-09-05T03:52:40.175Z [357c6cf7-59dd-4d34-b5c7-670796de0ebc][d889bfbd-3833-4a0f-a1b1-c28b24c104cd] Generating... 1 ready, 0 failed / 2 total (79s)
2026-09-05T03:52:43.197Z [357c6cf7-59dd-4d34-b5c7-670796de0ebc][d889bfbd-3833-4a0f-a1b1-c28b24c104cd] Generating... 1 ready, 0 failed / 2 total (82s)
2026-09-05T03:52:46.221Z [357c6cf7-59dd-4d34-b5c7-670796de0ebc][d889bfbd-3833-4a0f-a1b1-c28b24c104cd] Generating... 1 ready, 0 failed / 2 total (85s)
2026-09-05T03:52:49.249Z [357c6cf7-59dd-4d34-b5c7-670796de0ebc][d889bfbd-3833-4a0f-a1b1-c28b24c104cd] Generating... 1 ready, 0 failed / 2 total (88s)
2026-09-05T03:52:52.266Z [357c6cf7-59dd-4d34-b5c7-670796de0ebc][d889bfbd-3833-4a0f-a1b1-c28b24c104cd] Generating... 1 ready, 0 failed / 2 total (91s)
2026-09-05T03:52:55.291Z [357c6cf7-59dd-4d34-b5c7-670796de0ebc][d889bfbd-3833-4a0f-a1b1-c28b24c104cd] Generating... 1 ready, 0 failed / 2 total (94s)
2026-09-05T03:52:57.912Z [19971412-828f-4409-b3db-2536243f44e9][d889bfbd-3833-4a0f-a1b1-c28b24c104cd] Item 2 (try 1): 1080p saved via the UI download flow.
2026-09-05T03:52:58.017Z [19971412-828f-4409-b3db-2536243f44e9][d889bfbd-3833-4a0f-a1b1-c28b24c104cd] Item 2: upgraded to 1080p → D:\WINAI\Slow-English-with-Arlo_6_47_cmtkz3ul\video_2026-09-05T03-51-29_02.mp4
2026-09-05T03:52:58.017Z [19971412-828f-4409-b3db-2536243f44e9][d889bfbd-3833-4a0f-a1b1-c28b24c104cd] Uploading 2 video(s) to Xanh...
2026-09-05T03:52:58.315Z [357c6cf7-59dd-4d34-b5c7-670796de0ebc][d889bfbd-3833-4a0f-a1b1-c28b24c104cd] Generating... 1 ready, 0 failed / 2 total (97s)
2026-09-05T03:52:58.854Z [19971412-828f-4409-b3db-2536243f44e9][d889bfbd-3833-4a0f-a1b1-c28b24c104cd] Item 2: Re-uploaded 1080p → https://studio.xanhmedia.vn/uploads/2026-09/1788580378591_6b4d91_d889bfbd-3833-4a0f-a1b1-c28b24c104cd_199.mp4
2026-09-05T03:53:01.225Z [19971412-828f-4409-b3db-2536243f44e9][d889bfbd-3833-4a0f-a1b1-c28b24c104cd] Item 1: Re-uploaded 1080p → https://studio.xanhmedia.vn/uploads/2026-09/1788580381017_e0b048_d889bfbd-3833-4a0f-a1b1-c28b24c104cd_199.mp4
2026-09-05T03:53:01.225Z [19971412-828f-4409-b3db-2536243f44e9][d889bfbd-3833-4a0f-a1b1-c28b24c104cd] ✅ 2 item(s) + 1080p saved to Downloads/Win AI Toolkit/
2026-09-05T03:53:01.227Z [19971412-828f-4409-b3db-2536243f44e9][d889bfbd-3833-4a0f-a1b1-c28b24c104cd] All done (including any 1080p upgrades). Closing Playwright browser context.
2026-09-05T03:53:01.329Z [357c6cf7-59dd-4d34-b5c7-670796de0ebc][d889bfbd-3833-4a0f-a1b1-c28b24c104cd] Generating... 1 ready, 0 failed / 2 total (100s)
2026-09-05T03:53:04.354Z [357c6cf7-59dd-4d34-b5c7-670796de0ebc][d889bfbd-3833-4a0f-a1b1-c28b24c104cd] Generating... 1 ready, 0 failed / 2 total (103s)
2026-09-05T03:53:07.368Z [357c6cf7-59dd-4d34-b5c7-670796de0ebc][d889bfbd-3833-4a0f-a1b1-c28b24c104cd] Generating... 1 ready, 0 failed / 2 total (106s)
2026-09-05T03:53:10.392Z [357c6cf7-59dd-4d34-b5c7-670796de0ebc][d889bfbd-3833-4a0f-a1b1-c28b24c104cd] Generating... 1 ready, 0 failed / 2 total (109s)
2026-09-05T03:53:13.420Z [357c6cf7-59dd-4d34-b5c7-670796de0ebc][d889bfbd-3833-4a0f-a1b1-c28b24c104cd] Generating... 1 ready, 0 failed / 2 total (112s)
2026-09-05T03:53:16.441Z [357c6cf7-59dd-4d34-b5c7-670796de0ebc][d889bfbd-3833-4a0f-a1b1-c28b24c104cd] Generating... 1 ready, 0 failed / 2 total (115s)
2026-09-05T03:53:18.438Z [7e302b99-7eb5-4633-9d2a-2014232aac48][d889bfbd-3833-4a0f-a1b1-c28b24c104cd] Item 2 (try 1): 1080p saved via the UI download flow.
2026-09-05T03:53:18.492Z [7e302b99-7eb5-4633-9d2a-2014232aac48][d889bfbd-3833-4a0f-a1b1-c28b24c104cd] Item 2: upgraded to 1080p → D:\WINAI\Slow-English-with-Arlo_6_48_cmtkz3ul\video_2026-09-05T03-51-34_02.mp4
2026-09-05T03:53:18.493Z [7e302b99-7eb5-4633-9d2a-2014232aac48][d889bfbd-3833-4a0f-a1b1-c28b24c104cd] Uploading 2 video(s) to Xanh...
2026-09-05T03:53:19.465Z [357c6cf7-59dd-4d34-b5c7-670796de0ebc][d889bfbd-3833-4a0f-a1b1-c28b24c104cd] Generating... 1 ready, 0 failed / 2 total (118s)
2026-09-05T03:53:19.625Z [7e302b99-7eb5-4633-9d2a-2014232aac48][d889bfbd-3833-4a0f-a1b1-c28b24c104cd] Item 2: Re-uploaded 1080p → https://studio.xanhmedia.vn/uploads/2026-09/1788580399391_4366d9_d889bfbd-3833-4a0f-a1b1-c28b24c104cd_7e3.mp4
2026-09-05T03:53:19.991Z [7e302b99-7eb5-4633-9d2a-2014232aac48][d889bfbd-3833-4a0f-a1b1-c28b24c104cd] Item 1: Re-uploaded 1080p → https://studio.xanhmedia.vn/uploads/2026-09/1788580399740_063610_d889bfbd-3833-4a0f-a1b1-c28b24c104cd_7e3.mp4
2026-09-05T03:53:19.992Z [7e302b99-7eb5-4633-9d2a-2014232aac48][d889bfbd-3833-4a0f-a1b1-c28b24c104cd] ✅ 2 item(s) + 1080p saved to Downloads/Win AI Toolkit/
2026-09-05T03:53:19.994Z [7e302b99-7eb5-4633-9d2a-2014232aac48][d889bfbd-3833-4a0f-a1b1-c28b24c104cd] All done (including any 1080p upgrades). Closing Playwright browser context.
2026-09-05T03:53:22.487Z [357c6cf7-59dd-4d34-b5c7-670796de0ebc][d889bfbd-3833-4a0f-a1b1-c28b24c104cd] Generating... 1 ready, 0 failed / 2 total (121s)
2026-09-05T03:53:25.513Z [357c6cf7-59dd-4d34-b5c7-670796de0ebc][d889bfbd-3833-4a0f-a1b1-c28b24c104cd] Generating... 1 ready, 0 failed / 2 total (124s)
2026-09-05T03:53:28.535Z [357c6cf7-59dd-4d34-b5c7-670796de0ebc][d889bfbd-3833-4a0f-a1b1-c28b24c104cd] Generating... 1 ready, 0 failed / 2 total (127s)
2026-09-05T03:53:31.555Z [357c6cf7-59dd-4d34-b5c7-670796de0ebc][d889bfbd-3833-4a0f-a1b1-c28b24c104cd] Generating... 1 ready, 0 failed / 2 total (130s)
2026-09-05T03:53:34.573Z [357c6cf7-59dd-4d34-b5c7-670796de0ebc][d889bfbd-3833-4a0f-a1b1-c28b24c104cd] Generating... 1 ready, 0 failed / 2 total (133s)
2026-09-05T03:53:37.593Z [357c6cf7-59dd-4d34-b5c7-670796de0ebc][d889bfbd-3833-4a0f-a1b1-c28b24c104cd] Generating... 1 ready, 0 failed / 2 total (136s)
2026-09-05T03:53:40.613Z [357c6cf7-59dd-4d34-b5c7-670796de0ebc][d889bfbd-3833-4a0f-a1b1-c28b24c104cd] Generating... 1 ready, 0 failed / 2 total (139s)
2026-09-05T03:53:43.633Z [357c6cf7-59dd-4d34-b5c7-670796de0ebc][d889bfbd-3833-4a0f-a1b1-c28b24c104cd] Generating... 1 ready, 0 failed / 2 total (142s)
2026-09-05T03:53:46.654Z [357c6cf7-59dd-4d34-b5c7-670796de0ebc][d889bfbd-3833-4a0f-a1b1-c28b24c104cd] Generating... 1 ready, 0 failed / 2 total (145s)
2026-09-05T03:53:49.671Z [357c6cf7-59dd-4d34-b5c7-670796de0ebc][d889bfbd-3833-4a0f-a1b1-c28b24c104cd] Generating... 1 ready, 0 failed / 2 total (148s)
2026-09-05T03:53:52.692Z [357c6cf7-59dd-4d34-b5c7-670796de0ebc][d889bfbd-3833-4a0f-a1b1-c28b24c104cd] Generating... 1 ready, 0 failed / 2 total (151s)
2026-09-05T03:53:55.715Z [357c6cf7-59dd-4d34-b5c7-670796de0ebc][d889bfbd-3833-4a0f-a1b1-c28b24c104cd] Generating... 1 ready, 0 failed / 2 total (154s)
2026-09-05T03:53:58.733Z [357c6cf7-59dd-4d34-b5c7-670796de0ebc][d889bfbd-3833-4a0f-a1b1-c28b24c104cd] Generating... 1 ready, 0 failed / 2 total (157s)
2026-09-05T03:54:01.752Z [357c6cf7-59dd-4d34-b5c7-670796de0ebc][d889bfbd-3833-4a0f-a1b1-c28b24c104cd] Generating... 1 ready, 0 failed / 2 total (160s)
2026-09-05T03:54:04.773Z [357c6cf7-59dd-4d34-b5c7-670796de0ebc][d889bfbd-3833-4a0f-a1b1-c28b24c104cd] Generating... 1 ready, 0 failed / 2 total (163s)
2026-09-05T03:54:07.794Z [357c6cf7-59dd-4d34-b5c7-670796de0ebc][d889bfbd-3833-4a0f-a1b1-c28b24c104cd] Generating... 1 ready, 0 failed / 2 total (166s)
2026-09-05T03:54:10.812Z [357c6cf7-59dd-4d34-b5c7-670796de0ebc][d889bfbd-3833-4a0f-a1b1-c28b24c104cd] Generating... 1 ready, 0 failed / 2 total (169s)
2026-09-05T03:54:13.834Z [357c6cf7-59dd-4d34-b5c7-670796de0ebc][d889bfbd-3833-4a0f-a1b1-c28b24c104cd] Generating... 1 ready, 0 failed / 2 total (172s)
2026-09-05T03:54:16.854Z [357c6cf7-59dd-4d34-b5c7-670796de0ebc][d889bfbd-3833-4a0f-a1b1-c28b24c104cd] Generating... 1 ready, 0 failed / 2 total (175s)
2026-09-05T03:54:19.872Z [357c6cf7-59dd-4d34-b5c7-670796de0ebc][d889bfbd-3833-4a0f-a1b1-c28b24c104cd] Generating... 1 ready, 0 failed / 2 total (178s)
2026-09-05T03:54:22.883Z [357c6cf7-59dd-4d34-b5c7-670796de0ebc][d889bfbd-3833-4a0f-a1b1-c28b24c104cd] Poll ended with 1/2 ready — salvaging the completed item(s).
2026-09-05T03:54:22.883Z [357c6cf7-59dd-4d34-b5c7-670796de0ebc][d889bfbd-3833-4a0f-a1b1-c28b24c104cd] 1 item(s) ready! Downloading...
2026-09-05T03:54:22.884Z [357c6cf7-59dd-4d34-b5c7-670796de0ebc][d889bfbd-3833-4a0f-a1b1-c28b24c104cd] Item 1: no video source on the tile yet — hovering it to mount one.
2026-09-05T03:54:24.758Z [357c6cf7-59dd-4d34-b5c7-670796de0ebc][d889bfbd-3833-4a0f-a1b1-c28b24c104cd] Item 1: Downloading from URL https://flow-content.google/video/76aa6d92-e8a0-4ac1-8e6e-627a8fb5e345?Expires=1788601932&KeyName=labs-flow-prod-cdn-key&Signature=iu7PmgjoAE6ZSYdwp7fZHB8np8k
2026-09-05T03:54:26.483Z [357c6cf7-59dd-4d34-b5c7-670796de0ebc][d889bfbd-3833-4a0f-a1b1-c28b24c104cd] Downloaded 1/1: video_2026-09-05T03-54-22_01.mp4
2026-09-05T03:54:26.484Z [357c6cf7-59dd-4d34-b5c7-670796de0ebc][d889bfbd-3833-4a0f-a1b1-c28b24c104cd] ✅ 1 item(s) saved to Downloads/Win AI Toolkit/
2026-09-05T03:55:11.357Z [357c6cf7-59dd-4d34-b5c7-670796de0ebc][d889bfbd-3833-4a0f-a1b1-c28b24c104cd] Item 1 (try 1): 1080p saved via the UI download flow.
2026-09-05T03:55:11.414Z [357c6cf7-59dd-4d34-b5c7-670796de0ebc][d889bfbd-3833-4a0f-a1b1-c28b24c104cd] Item 1: upgraded to 1080p → D:\WINAI\Slow-English-with-Arlo_6_49_cmtkz3ul\video_2026-09-05T03-54-22_01.mp4
2026-09-05T03:55:11.414Z [357c6cf7-59dd-4d34-b5c7-670796de0ebc][d889bfbd-3833-4a0f-a1b1-c28b24c104cd] Uploading 1 video(s) to Xanh...
2026-09-05T03:55:12.336Z [357c6cf7-59dd-4d34-b5c7-670796de0ebc][d889bfbd-3833-4a0f-a1b1-c28b24c104cd] Item 1: Re-uploaded 1080p → https://studio.xanhmedia.vn/uploads/2026-09/1788580512113_d58514_d889bfbd-3833-4a0f-a1b1-c28b24c104cd_357.mp4
2026-09-05T03:55:12.337Z [357c6cf7-59dd-4d34-b5c7-670796de0ebc][d889bfbd-3833-4a0f-a1b1-c28b24c104cd] ✅ 1 item(s) + 1080p saved to Downloads/Win AI Toolkit/
2026-09-05T03:55:12.338Z [357c6cf7-59dd-4d34-b5c7-670796de0ebc][d889bfbd-3833-4a0f-a1b1-c28b24c104cd] All done (including any 1080p upgrades). Closing Playwright browser context.
2026-09-05T03:55:14.944Z [6942a3ae-8036-42f8-ac89-e14fc59ca545][d889bfbd-3833-4a0f-a1b1-c28b24c104cd] runGeneration starting: task_id=6942a3ae-8036-42f8-ac89-e14fc59ca545, profile_id=d889bfbd-3833-4a0f-a1b1-c28b24c104cd, target_site=google_flow
2026-09-05T03:55:14.945Z [6942a3ae-8036-42f8-ac89-e14fc59ca545][d889bfbd-3833-4a0f-a1b1-c28b24c104cd] Opening Playwright browser with persistent profile cookies...
2026-09-05T03:55:14.945Z [6942a3ae-8036-42f8-ac89-e14fc59ca545][d889bfbd-3833-4a0f-a1b1-c28b24c104cd] Browser engine: winhide (C:\Users\Admin\AppData\Roaming\com.tank.winai\winhide\chrome.exe) [hidden off-screen]
2026-09-05T03:55:14.946Z [6942a3ae-8036-42f8-ac89-e14fc59ca545][d889bfbd-3833-4a0f-a1b1-c28b24c104cd] Launch mode: STEALTH (raw spawn + connectOverCDP)
2026-09-05T03:55:16.350Z [6942a3ae-8036-42f8-ac89-e14fc59ca545][d889bfbd-3833-4a0f-a1b1-c28b24c104cd] Exit IP: 115.74.128.9
2026-09-05T03:55:16.350Z [6942a3ae-8036-42f8-ac89-e14fc59ca545][d889bfbd-3833-4a0f-a1b1-c28b24c104cd] Navigating browser to Google Flow tools page...
2026-09-05T03:55:16.350Z [6942a3ae-8036-42f8-ac89-e14fc59ca545][d889bfbd-3833-4a0f-a1b1-c28b24c104cd] Using existing project URL: https://flow.google.com/project/cae2bf2b-d1b8-40f9-a300-9f2aa6276ea5?hl=en
2026-09-05T03:55:17.332Z [6942a3ae-8036-42f8-ac89-e14fc59ca545][d889bfbd-3833-4a0f-a1b1-c28b24c104cd] Waiting for Google Flow...
2026-09-05T03:55:19.273Z [6942a3ae-8036-42f8-ac89-e14fc59ca545][d889bfbd-3833-4a0f-a1b1-c28b24c104cd] In existing project ✓
2026-09-05T03:55:20.185Z [6942a3ae-8036-42f8-ac89-e14fc59ca545][d889bfbd-3833-4a0f-a1b1-c28b24c104cd] dismissPopups: unresolved overlay(s) ["IFRAME[presentation]|btns="]
2026-09-05T03:55:23.267Z [6942a3ae-8036-42f8-ac89-e14fc59ca545][d889bfbd-3833-4a0f-a1b1-c28b24c104cd] Composer ready ✓ (UI language: en)
2026-09-05T03:55:23.304Z [6942a3ae-8036-42f8-ac89-e14fc59ca545][d889bfbd-3833-4a0f-a1b1-c28b24c104cd] dismissPopups: unresolved overlay(s) ["DIV[]|btns=","DIV[]|btns="]
2026-09-05T03:55:23.339Z [6942a3ae-8036-42f8-ac89-e14fc59ca545][d889bfbd-3833-4a0f-a1b1-c28b24c104cd] Agent toggle aria-pressed=false
2026-09-05T03:55:23.340Z [6942a3ae-8036-42f8-ac89-e14fc59ca545][d889bfbd-3833-4a0f-a1b1-c28b24c104cd] Opening settings...
2026-09-05T03:55:25.086Z [6942a3ae-8036-42f8-ac89-e14fc59ca545][d889bfbd-3833-4a0f-a1b1-c28b24c104cd] Configuring video settings...
2026-09-05T03:55:25.111Z [6942a3ae-8036-42f8-ac89-e14fc59ca545][d889bfbd-3833-4a0f-a1b1-c28b24c104cd] Mode: "videocam Video" already selected ✓
2026-09-05T03:55:27.733Z [6942a3ae-8036-42f8-ac89-e14fc59ca545][d889bfbd-3833-4a0f-a1b1-c28b24c104cd] Video type: selected "crop_free Frames" ✓
2026-09-05T03:55:32.813Z [6942a3ae-8036-42f8-ac89-e14fc59ca545][d889bfbd-3833-4a0f-a1b1-c28b24c104cd] Model: selected "Veo 3.1 - Lite [Lower Priority]" ✓
2026-09-05T03:55:33.415Z [6942a3ae-8036-42f8-ac89-e14fc59ca545][d889bfbd-3833-4a0f-a1b1-c28b24c104cd] Aspect ratio: "crop_16_9 16:9" already selected ✓
2026-09-05T03:55:33.419Z [6942a3ae-8036-42f8-ac89-e14fc59ca545][d889bfbd-3833-4a0f-a1b1-c28b24c104cd] Video resolution: toggle group "Video resolution" not present (model may not offer it) — skipped.
2026-09-05T03:55:33.449Z [6942a3ae-8036-42f8-ac89-e14fc59ca545][d889bfbd-3833-4a0f-a1b1-c28b24c104cd] Duration: "8s" already selected ✓
2026-09-05T03:55:33.467Z [6942a3ae-8036-42f8-ac89-e14fc59ca545][d889bfbd-3833-4a0f-a1b1-c28b24c104cd] Output count: "x2" already selected ✓
2026-09-05T03:55:34.483Z [6942a3ae-8036-42f8-ac89-e14fc59ca545][d889bfbd-3833-4a0f-a1b1-c28b24c104cd] Start keyframe: downloading from URL...
2026-09-05T03:55:34.660Z [6942a3ae-8036-42f8-ac89-e14fc59ca545][d889bfbd-3833-4a0f-a1b1-c28b24c104cd] Downloader: no-proxy request context ready.
2026-09-05T03:55:34.866Z [6942a3ae-8036-42f8-ac89-e14fc59ca545][d889bfbd-3833-4a0f-a1b1-c28b24c104cd] Start keyframe: saved 92367 bytes (image/png) as "1788435790693_1eabb5_60f7c834-1526-409d-b017-21db20795e19_923.png"
2026-09-05T03:55:34.883Z [6942a3ae-8036-42f8-ac89-e14fc59ca545][d889bfbd-3833-4a0f-a1b1-c28b24c104cd] Start keyframe: setting start keyframe...
2026-09-05T03:55:37.057Z [6942a3ae-8036-42f8-ac89-e14fc59ca545][d889bfbd-3833-4a0f-a1b1-c28b24c104cd] Start keyframe: "1788435790693_1eabb5_60f7c834-1526-409d-b017-21db20795e19_923.png" not in the library yet — uploading it first.
2026-09-05T03:55:40.984Z [6942a3ae-8036-42f8-ac89-e14fc59ca545][d889bfbd-3833-4a0f-a1b1-c28b24c104cd] Start keyframe: uploading "1788435790693_1eabb5_60f7c834-1526-409d-b017-21db20795e19_923.png" to the project library...
2026-09-05T03:55:42.096Z [6942a3ae-8036-42f8-ac89-e14fc59ca545][d889bfbd-3833-4a0f-a1b1-c28b24c104cd] Start keyframe: upload finished ✓
2026-09-05T03:55:52.698Z [6942a3ae-8036-42f8-ac89-e14fc59ca545][d889bfbd-3833-4a0f-a1b1-c28b24c104cd] Start keyframe: start keyframe attached ✓
2026-09-05T03:55:52.708Z [6942a3ae-8036-42f8-ac89-e14fc59ca545][d889bfbd-3833-4a0f-a1b1-c28b24c104cd] Entering prompt...
2026-09-05T03:55:54.333Z [6942a3ae-8036-42f8-ac89-e14fc59ca545][d889bfbd-3833-4a0f-a1b1-c28b24c104cd] Prompt is 1063 chars — typing it in 20 chunk(s).
2026-09-05T03:56:03.258Z [6942a3ae-8036-42f8-ac89-e14fc59ca545][d889bfbd-3833-4a0f-a1b1-c28b24c104cd] Prompt insert attempt 1: editor has 1054 chars (want ~1059) ✓
2026-09-05T03:56:04.994Z [6942a3ae-8036-42f8-ac89-e14fc59ca545][d889bfbd-3833-4a0f-a1b1-c28b24c104cd] Baseline: 50 pre-existing media tile(s) of 50 mounted (kinds: image,video,video,image,video,video,image,video,video,image,video,video,image,video,video,image,video,video,image,video,video,image,video,video,image,video,video,image,video,video,image,video,video,image,video,video,video,video,image,video,video,image,video,video,image,video,video,image,video,video).
2026-09-05T03:56:06.978Z [6942a3ae-8036-42f8-ac89-e14fc59ca545][d889bfbd-3833-4a0f-a1b1-c28b24c104cd] [submit] confirmed (editor "What do you want to ", fresh tile=true).
2026-09-05T03:56:07.733Z [6942a3ae-8036-42f8-ac89-e14fc59ca545][d889bfbd-3833-4a0f-a1b1-c28b24c104cd] Current Workspace project URL: https://flow.google.com/project/cae2bf2b-d1b8-40f9-a300-9f2aa6276ea5?hl=en
2026-09-05T03:56:07.733Z [6942a3ae-8036-42f8-ac89-e14fc59ca545][d889bfbd-3833-4a0f-a1b1-c28b24c104cd] Submitted ✓ Detecting batch size...
2026-09-05T03:56:07.747Z [6942a3ae-8036-42f8-ac89-e14fc59ca545][d889bfbd-3833-4a0f-a1b1-c28b24c104cd] New tile(s) since submit: 0 → 2 (mounted=50)
2026-09-05T03:56:11.892Z [6942a3ae-8036-42f8-ac89-e14fc59ca545][d889bfbd-3833-4a0f-a1b1-c28b24c104cd] Batch size stabilised at 2 new tile(s)
2026-09-05T03:56:11.893Z [6942a3ae-8036-42f8-ac89-e14fc59ca545][d889bfbd-3833-4a0f-a1b1-c28b24c104cd] Batch detected: 2 item(s). Generating...
2026-09-05T03:56:11.893Z [6942a3ae-8036-42f8-ac89-e14fc59ca545][d889bfbd-3833-4a0f-a1b1-c28b24c104cd] Polling for 2 video item(s) (baseline=50, hasUpload=true)...
2026-09-05T03:56:11.904Z [6942a3ae-8036-42f8-ac89-e14fc59ca545][d889bfbd-3833-4a0f-a1b1-c28b24c104cd] Generating... 0 ready, 0 failed / 2 total (0s) play_circle [HÀNH ĐỘ play_circle [HÀNH ĐỘ
2026-09-05T03:56:14.922Z [6942a3ae-8036-42f8-ac89-e14fc59ca545][d889bfbd-3833-4a0f-a1b1-c28b24c104cd] Generating... 0 ready, 0 failed / 2 total (3s) play_circle [HÀNH ĐỘ play_circle [HÀNH ĐỘ
2026-09-05T03:56:17.943Z [6942a3ae-8036-42f8-ac89-e14fc59ca545][d889bfbd-3833-4a0f-a1b1-c28b24c104cd] Generating... 0 ready, 0 failed / 2 total (6s) play_circle [HÀNH ĐỘ play_circle [HÀNH ĐỘ
2026-09-05T03:56:20.972Z [6942a3ae-8036-42f8-ac89-e14fc59ca545][d889bfbd-3833-4a0f-a1b1-c28b24c104cd] Generating... 0 ready, 0 failed / 2 total (9s) play_circle 1% [HÀNH play_circle 1% [HÀNH
2026-09-05T03:56:23.994Z [6942a3ae-8036-42f8-ac89-e14fc59ca545][d889bfbd-3833-4a0f-a1b1-c28b24c104cd] Generating... 0 ready, 0 failed / 2 total (12s) play_circle 4% [HÀNH play_circle 3% [HÀNH
2026-09-05T03:56:27.017Z [6942a3ae-8036-42f8-ac89-e14fc59ca545][d889bfbd-3833-4a0f-a1b1-c28b24c104cd] Generating... 0 ready, 0 failed / 2 total (15s) play_circle 7% [HÀNH play_circle 7% [HÀNH
2026-09-05T03:56:30.032Z [6942a3ae-8036-42f8-ac89-e14fc59ca545][d889bfbd-3833-4a0f-a1b1-c28b24c104cd] Generating... 0 ready, 0 failed / 2 total (18s) play_circle 10% [HÀN play_circle 9% [HÀNH
2026-09-05T03:56:33.044Z [6942a3ae-8036-42f8-ac89-e14fc59ca545][d889bfbd-3833-4a0f-a1b1-c28b24c104cd] Generating... 0 ready, 0 failed / 2 total (21s) play_circle 12% [HÀN play_circle 12% [HÀN
2026-09-05T03:56:36.067Z [6942a3ae-8036-42f8-ac89-e14fc59ca545][d889bfbd-3833-4a0f-a1b1-c28b24c104cd] Generating... 0 ready, 0 failed / 2 total (24s) play_circle 15% [HÀN play_circle 14% [HÀN
2026-09-05T03:56:39.081Z [6942a3ae-8036-42f8-ac89-e14fc59ca545][d889bfbd-3833-4a0f-a1b1-c28b24c104cd] Generating... 0 ready, 0 failed / 2 total (27s) play_circle 18% [HÀN play_circle 18% [HÀN
2026-09-05T03:56:42.095Z [6942a3ae-8036-42f8-ac89-e14fc59ca545][d889bfbd-3833-4a0f-a1b1-c28b24c104cd] Generating... 0 ready, 0 failed / 2 total (30s) play_circle 21% [HÀN play_circle 21% [HÀN
2026-09-05T03:56:45.116Z [6942a3ae-8036-42f8-ac89-e14fc59ca545][d889bfbd-3833-4a0f-a1b1-c28b24c104cd] Generating... 0 ready, 0 failed / 2 total (33s) play_circle 23% [HÀN play_circle 22% [HÀN
2026-09-05T03:56:48.134Z [6942a3ae-8036-42f8-ac89-e14fc59ca545][d889bfbd-3833-4a0f-a1b1-c28b24c104cd] Generating... 0 ready, 0 failed / 2 total (36s) play_circle 26% [HÀN play_circle 26% [HÀN
2026-09-05T03:56:51.154Z [6942a3ae-8036-42f8-ac89-e14fc59ca545][d889bfbd-3833-4a0f-a1b1-c28b24c104cd] Generating... 0 ready, 0 failed / 2 total (39s) play_circle 29% [HÀN play_circle 28% [HÀN
2026-09-05T03:56:54.175Z [6942a3ae-8036-42f8-ac89-e14fc59ca545][d889bfbd-3833-4a0f-a1b1-c28b24c104cd] Generating... 0 ready, 0 failed / 2 total (42s) play_circle 32% [HÀN play_circle 32% [HÀN
2026-09-05T03:56:57.307Z [6942a3ae-8036-42f8-ac89-e14fc59ca545][d889bfbd-3833-4a0f-a1b1-c28b24c104cd] Generating... 0 ready, 0 failed / 2 total (45s) play_circle 35% [HÀN play_circle 100% [HÀ
2026-09-05T03:57:00.324Z [6942a3ae-8036-42f8-ac89-e14fc59ca545][d889bfbd-3833-4a0f-a1b1-c28b24c104cd] Generating... 0 ready, 0 failed / 2 total (48s) play_circle 37% [HÀN play_circle 100% [HÀ
2026-09-05T03:57:03.345Z [6942a3ae-8036-42f8-ac89-e14fc59ca545][d889bfbd-3833-4a0f-a1b1-c28b24c104cd] Generating... 0 ready, 0 failed / 2 total (51s) play_circle 100% [HÀ [HÀNH ĐỘNG]Bắt đầu đ
2026-09-05T03:57:06.374Z [6942a3ae-8036-42f8-ac89-e14fc59ca545][d889bfbd-3833-4a0f-a1b1-c28b24c104cd] Generating... 1 ready, 0 failed / 2 total (54s) play_circle 100% [HÀ
2026-09-05T03:57:09.398Z [6942a3ae-8036-42f8-ac89-e14fc59ca545][d889bfbd-3833-4a0f-a1b1-c28b24c104cd] Generating... 2 ready, 0 failed / 2 total (58s)
2026-09-05T03:57:09.398Z [6942a3ae-8036-42f8-ac89-e14fc59ca545][d889bfbd-3833-4a0f-a1b1-c28b24c104cd] Batch done: 2 ready (target 2), 0 failed, scanned 2.
2026-09-05T03:57:09.398Z [6942a3ae-8036-42f8-ac89-e14fc59ca545][d889bfbd-3833-4a0f-a1b1-c28b24c104cd] 2 item(s) ready! Downloading...
2026-09-05T03:57:09.399Z [6942a3ae-8036-42f8-ac89-e14fc59ca545][d889bfbd-3833-4a0f-a1b1-c28b24c104cd] Item 1: no video source on the tile yet — hovering it to mount one.
2026-09-05T03:57:10.780Z [6942a3ae-8036-42f8-ac89-e14fc59ca545][d889bfbd-3833-4a0f-a1b1-c28b24c104cd] Item 1: Downloading from URL https://flow-content.google/video/29258b85-ff06-486d-9a0a-7e5ae070783f?Expires=1788602221&KeyName=labs-flow-prod-cdn-key&Signature=c27Sma_Wox-rOBFVMtS_5VNBowA
2026-09-05T03:57:11.739Z [6942a3ae-8036-42f8-ac89-e14fc59ca545][d889bfbd-3833-4a0f-a1b1-c28b24c104cd] Downloaded 1/2: video_2026-09-05T03-57-09_01.mp4
2026-09-05T03:57:11.740Z [6942a3ae-8036-42f8-ac89-e14fc59ca545][d889bfbd-3833-4a0f-a1b1-c28b24c104cd] Item 2: no video source on the tile yet — hovering it to mount one.
2026-09-05T03:57:13.133Z [6942a3ae-8036-42f8-ac89-e14fc59ca545][d889bfbd-3833-4a0f-a1b1-c28b24c104cd] Item 2: Downloading from URL https://flow-content.google/video/4fbe2a10-a5ab-4d24-9cc7-19793a71be45?Expires=1788602217&KeyName=labs-flow-prod-cdn-key&Signature=5NjbYmMsBd06-Ra1mpS1ijrc5G4
2026-09-05T03:57:13.746Z [6942a3ae-8036-42f8-ac89-e14fc59ca545][d889bfbd-3833-4a0f-a1b1-c28b24c104cd] Downloaded 2/2: video_2026-09-05T03-57-09_02.mp4
2026-09-05T03:57:13.746Z [6942a3ae-8036-42f8-ac89-e14fc59ca545][d889bfbd-3833-4a0f-a1b1-c28b24c104cd] ✅ 2 item(s) saved to Downloads/Win AI Toolkit/
2026-09-05T03:57:52.551Z [6942a3ae-8036-42f8-ac89-e14fc59ca545][d889bfbd-3833-4a0f-a1b1-c28b24c104cd] Item 1 (try 1): 1080p saved via the UI download flow.
2026-09-05T03:57:52.631Z [6942a3ae-8036-42f8-ac89-e14fc59ca545][d889bfbd-3833-4a0f-a1b1-c28b24c104cd] Item 1: upgraded to 1080p → D:\WINAI\Slow-English-with-Arlo_6_7_cmtkz3uj\video_2026-09-05T03-57-09_01.mp4
2026-09-05T03:58:31.881Z [6942a3ae-8036-42f8-ac89-e14fc59ca545][d889bfbd-3833-4a0f-a1b1-c28b24c104cd] Item 2 (try 1): 1080p saved via the UI download flow.
2026-09-05T03:58:31.944Z [6942a3ae-8036-42f8-ac89-e14fc59ca545][d889bfbd-3833-4a0f-a1b1-c28b24c104cd] Item 2: upgraded to 1080p → D:\WINAI\Slow-English-with-Arlo_6_7_cmtkz3uj\video_2026-09-05T03-57-09_02.mp4
2026-09-05T03:58:31.945Z [6942a3ae-8036-42f8-ac89-e14fc59ca545][d889bfbd-3833-4a0f-a1b1-c28b24c104cd] Uploading 2 video(s) to Xanh...
2026-09-05T03:58:32.560Z [6942a3ae-8036-42f8-ac89-e14fc59ca545][d889bfbd-3833-4a0f-a1b1-c28b24c104cd] Item 2: Re-uploaded 1080p → https://studio.xanhmedia.vn/uploads/2026-09/1788580712350_69b1bf_d889bfbd-3833-4a0f-a1b1-c28b24c104cd_694.mp4
2026-09-05T03:58:35.575Z [6942a3ae-8036-42f8-ac89-e14fc59ca545][d889bfbd-3833-4a0f-a1b1-c28b24c104cd] Item 1: Re-uploaded 1080p → https://studio.xanhmedia.vn/uploads/2026-09/1788580715337_5a4516_d889bfbd-3833-4a0f-a1b1-c28b24c104cd_694.mp4
2026-09-05T03:58:35.575Z [6942a3ae-8036-42f8-ac89-e14fc59ca545][d889bfbd-3833-4a0f-a1b1-c28b24c104cd] ✅ 2 item(s) + 1080p saved to Downloads/Win AI Toolkit/
2026-09-05T03:58:35.577Z [6942a3ae-8036-42f8-ac89-e14fc59ca545][d889bfbd-3833-4a0f-a1b1-c28b24c104cd] All done (including any 1080p upgrades). Closing Playwright browser context.
2026-09-05T04:49:21.160Z [f06f5b8d-7694-47ca-969e-4a06e1269bfe][d889bfbd-3833-4a0f-a1b1-c28b24c104cd] runGeneration starting: task_id=f06f5b8d-7694-47ca-969e-4a06e1269bfe, profile_id=d889bfbd-3833-4a0f-a1b1-c28b24c104cd, target_site=google_flow
2026-09-05T04:49:21.161Z [f06f5b8d-7694-47ca-969e-4a06e1269bfe][d889bfbd-3833-4a0f-a1b1-c28b24c104cd] Opening Playwright browser with persistent profile cookies...
2026-09-05T04:49:21.162Z [f06f5b8d-7694-47ca-969e-4a06e1269bfe][d889bfbd-3833-4a0f-a1b1-c28b24c104cd] Browser engine: winhide (C:\Users\Admin\AppData\Roaming\com.tank.winai\winhide\chrome.exe) [hidden off-screen]
2026-09-05T04:49:21.162Z [f06f5b8d-7694-47ca-969e-4a06e1269bfe][d889bfbd-3833-4a0f-a1b1-c28b24c104cd] Launch mode: STEALTH (raw spawn + connectOverCDP)
2026-09-05T04:49:21.160Z [8b55736a-4122-46aa-bcc4-d3769b215f83][d889bfbd-3833-4a0f-a1b1-c28b24c104cd] runGeneration starting: task_id=8b55736a-4122-46aa-bcc4-d3769b215f83, profile_id=d889bfbd-3833-4a0f-a1b1-c28b24c104cd, target_site=google_flow
2026-09-05T04:49:21.161Z [8b55736a-4122-46aa-bcc4-d3769b215f83][d889bfbd-3833-4a0f-a1b1-c28b24c104cd] Opening Playwright browser with persistent profile cookies...
2026-09-05T04:49:21.162Z [8b55736a-4122-46aa-bcc4-d3769b215f83][d889bfbd-3833-4a0f-a1b1-c28b24c104cd] Browser engine: winhide (C:\Users\Admin\AppData\Roaming\com.tank.winai\winhide\chrome.exe) [hidden off-screen]
2026-09-05T04:49:21.162Z [8b55736a-4122-46aa-bcc4-d3769b215f83][d889bfbd-3833-4a0f-a1b1-c28b24c104cd] Launch mode: STEALTH (raw spawn + connectOverCDP)
2026-09-05T04:49:21.166Z [006c373f-dce3-4440-8a7d-7278d7dbdfdb][d889bfbd-3833-4a0f-a1b1-c28b24c104cd] runGeneration starting: task_id=006c373f-dce3-4440-8a7d-7278d7dbdfdb, profile_id=d889bfbd-3833-4a0f-a1b1-c28b24c104cd, target_site=google_flow
2026-09-05T04:49:21.166Z [006c373f-dce3-4440-8a7d-7278d7dbdfdb][d889bfbd-3833-4a0f-a1b1-c28b24c104cd] Opening Playwright browser with persistent profile cookies...
2026-09-05T04:49:21.167Z [006c373f-dce3-4440-8a7d-7278d7dbdfdb][d889bfbd-3833-4a0f-a1b1-c28b24c104cd] Browser engine: winhide (C:\Users\Admin\AppData\Roaming\com.tank.winai\winhide\chrome.exe) [hidden off-screen]
2026-09-05T04:49:21.166Z [73c9612b-a11a-4097-a8e0-3efa60763985][d889bfbd-3833-4a0f-a1b1-c28b24c104cd] runGeneration starting: task_id=73c9612b-a11a-4097-a8e0-3efa60763985, profile_id=d889bfbd-3833-4a0f-a1b1-c28b24c104cd, target_site=google_flow
2026-09-05T04:49:21.167Z [006c373f-dce3-4440-8a7d-7278d7dbdfdb][d889bfbd-3833-4a0f-a1b1-c28b24c104cd] Launch mode: STEALTH (raw spawn + connectOverCDP)
2026-09-05T04:49:21.167Z [73c9612b-a11a-4097-a8e0-3efa60763985][d889bfbd-3833-4a0f-a1b1-c28b24c104cd] Opening Playwright browser with persistent profile cookies...
2026-09-05T04:49:21.167Z [73c9612b-a11a-4097-a8e0-3efa60763985][d889bfbd-3833-4a0f-a1b1-c28b24c104cd] Browser engine: winhide (C:\Users\Admin\AppData\Roaming\com.tank.winai\winhide\chrome.exe) [hidden off-screen]
2026-09-05T04:49:21.168Z [73c9612b-a11a-4097-a8e0-3efa60763985][d889bfbd-3833-4a0f-a1b1-c28b24c104cd] Launch mode: STEALTH (raw spawn + connectOverCDP)
2026-09-05T04:49:23.971Z [73c9612b-a11a-4097-a8e0-3efa60763985][d889bfbd-3833-4a0f-a1b1-c28b24c104cd] Exit IP: 115.74.128.9
2026-09-05T04:49:23.972Z [73c9612b-a11a-4097-a8e0-3efa60763985][d889bfbd-3833-4a0f-a1b1-c28b24c104cd] Navigating browser to Google Flow tools page...
2026-09-05T04:49:23.972Z [73c9612b-a11a-4097-a8e0-3efa60763985][d889bfbd-3833-4a0f-a1b1-c28b24c104cd] Using existing project URL: https://flow.google.com/project/cd81a7d3-c989-419e-891a-f8694174cb85?hl=en
2026-09-05T04:49:24.007Z [8b55736a-4122-46aa-bcc4-d3769b215f83][d889bfbd-3833-4a0f-a1b1-c28b24c104cd] Exit IP: 115.74.128.9
2026-09-05T04:49:24.011Z [f06f5b8d-7694-47ca-969e-4a06e1269bfe][d889bfbd-3833-4a0f-a1b1-c28b24c104cd] Exit IP: 115.74.128.9
2026-09-05T04:49:24.008Z [8b55736a-4122-46aa-bcc4-d3769b215f83][d889bfbd-3833-4a0f-a1b1-c28b24c104cd] Navigating browser to Google Flow tools page...
2026-09-05T04:49:24.012Z [f06f5b8d-7694-47ca-969e-4a06e1269bfe][d889bfbd-3833-4a0f-a1b1-c28b24c104cd] Navigating browser to Google Flow tools page...
2026-09-05T04:49:24.008Z [8b55736a-4122-46aa-bcc4-d3769b215f83][d889bfbd-3833-4a0f-a1b1-c28b24c104cd] Using existing project URL: https://flow.google.com/project/33ca2cc2-c9ff-4bb6-9048-2a7af1dfcfee?hl=en
2026-09-05T04:49:24.012Z [f06f5b8d-7694-47ca-969e-4a06e1269bfe][d889bfbd-3833-4a0f-a1b1-c28b24c104cd] Using existing project URL: https://flow.google.com/project/c2a607c5-d833-4be1-8108-407b74d4ed85?hl=en
2026-09-05T04:49:24.451Z [006c373f-dce3-4440-8a7d-7278d7dbdfdb][d889bfbd-3833-4a0f-a1b1-c28b24c104cd] Exit IP: 115.74.128.9
2026-09-05T04:49:24.452Z [006c373f-dce3-4440-8a7d-7278d7dbdfdb][d889bfbd-3833-4a0f-a1b1-c28b24c104cd] Navigating browser to Google Flow tools page...
2026-09-05T04:49:24.452Z [006c373f-dce3-4440-8a7d-7278d7dbdfdb][d889bfbd-3833-4a0f-a1b1-c28b24c104cd] Using existing project URL: https://flow.google.com/project/cae2bf2b-d1b8-40f9-a300-9f2aa6276ea5?hl=en
2026-09-05T04:49:25.071Z [8b55736a-4122-46aa-bcc4-d3769b215f83][d889bfbd-3833-4a0f-a1b1-c28b24c104cd] Waiting for Google Flow...
2026-09-05T04:49:25.084Z [73c9612b-a11a-4097-a8e0-3efa60763985][d889bfbd-3833-4a0f-a1b1-c28b24c104cd] Waiting for Google Flow...
2026-09-05T04:49:25.108Z [f06f5b8d-7694-47ca-969e-4a06e1269bfe][d889bfbd-3833-4a0f-a1b1-c28b24c104cd] Waiting for Google Flow...
2026-09-05T04:49:26.822Z [8b55736a-4122-46aa-bcc4-d3769b215f83][d889bfbd-3833-4a0f-a1b1-c28b24c104cd] In existing project ✓
2026-09-05T04:49:26.915Z [f06f5b8d-7694-47ca-969e-4a06e1269bfe][d889bfbd-3833-4a0f-a1b1-c28b24c104cd] In existing project ✓
2026-09-05T04:49:27.002Z [73c9612b-a11a-4097-a8e0-3efa60763985][d889bfbd-3833-4a0f-a1b1-c28b24c104cd] In existing project ✓
2026-09-05T04:49:27.022Z [006c373f-dce3-4440-8a7d-7278d7dbdfdb][d889bfbd-3833-4a0f-a1b1-c28b24c104cd] Waiting for Google Flow...
2026-09-05T04:49:27.916Z [f06f5b8d-7694-47ca-969e-4a06e1269bfe][d889bfbd-3833-4a0f-a1b1-c28b24c104cd] dismissPopups: unresolved overlay(s) ["IFRAME[presentation]|btns="]
2026-09-05T04:49:27.923Z [73c9612b-a11a-4097-a8e0-3efa60763985][d889bfbd-3833-4a0f-a1b1-c28b24c104cd] dismissPopups: unresolved overlay(s) ["IFRAME[presentation]|btns="]
2026-09-05T04:49:27.961Z [8b55736a-4122-46aa-bcc4-d3769b215f83][d889bfbd-3833-4a0f-a1b1-c28b24c104cd] dismissPopups: unresolved overlay(s) ["IFRAME[presentation]|btns="]
2026-09-05T04:49:28.754Z [006c373f-dce3-4440-8a7d-7278d7dbdfdb][d889bfbd-3833-4a0f-a1b1-c28b24c104cd] In existing project ✓
2026-09-05T04:49:29.904Z [006c373f-dce3-4440-8a7d-7278d7dbdfdb][d889bfbd-3833-4a0f-a1b1-c28b24c104cd] dismissPopups: unresolved overlay(s) ["IFRAME[presentation]|btns="]
2026-09-05T04:49:31.429Z [8b55736a-4122-46aa-bcc4-d3769b215f83][d889bfbd-3833-4a0f-a1b1-c28b24c104cd] Composer ready ✓ (UI language: en)
2026-09-05T04:49:31.486Z [8b55736a-4122-46aa-bcc4-d3769b215f83][d889bfbd-3833-4a0f-a1b1-c28b24c104cd] dismissPopups: unresolved overlay(s) ["DIV[]|btns=","DIV[]|btns="]
2026-09-05T04:49:31.525Z [8b55736a-4122-46aa-bcc4-d3769b215f83][d889bfbd-3833-4a0f-a1b1-c28b24c104cd] Agent toggle aria-pressed=false
2026-09-05T04:49:31.525Z [8b55736a-4122-46aa-bcc4-d3769b215f83][d889bfbd-3833-4a0f-a1b1-c28b24c104cd] Opening settings...
2026-09-05T04:49:31.992Z [f06f5b8d-7694-47ca-969e-4a06e1269bfe][d889bfbd-3833-4a0f-a1b1-c28b24c104cd] Composer ready ✓ (UI language: en)
2026-09-05T04:49:32.030Z [73c9612b-a11a-4097-a8e0-3efa60763985][d889bfbd-3833-4a0f-a1b1-c28b24c104cd] Composer ready ✓ (UI language: en)
2026-09-05T04:49:32.064Z [73c9612b-a11a-4097-a8e0-3efa60763985][d889bfbd-3833-4a0f-a1b1-c28b24c104cd] dismissPopups: unresolved overlay(s) ["DIV[]|btns=","DIV[]|btns="]
2026-09-05T04:49:32.066Z [f06f5b8d-7694-47ca-969e-4a06e1269bfe][d889bfbd-3833-4a0f-a1b1-c28b24c104cd] dismissPopups: unresolved overlay(s) ["DIV[]|btns=","DIV[]|btns="]
2026-09-05T04:49:32.135Z [f06f5b8d-7694-47ca-969e-4a06e1269bfe][d889bfbd-3833-4a0f-a1b1-c28b24c104cd] Agent toggle aria-pressed=false
2026-09-05T04:49:32.136Z [f06f5b8d-7694-47ca-969e-4a06e1269bfe][d889bfbd-3833-4a0f-a1b1-c28b24c104cd] Opening settings...
2026-09-05T04:49:32.153Z [73c9612b-a11a-4097-a8e0-3efa60763985][d889bfbd-3833-4a0f-a1b1-c28b24c104cd] Agent toggle aria-pressed=false
2026-09-05T04:49:32.153Z [73c9612b-a11a-4097-a8e0-3efa60763985][d889bfbd-3833-4a0f-a1b1-c28b24c104cd] Opening settings...
2026-09-05T04:49:33.799Z [8b55736a-4122-46aa-bcc4-d3769b215f83][d889bfbd-3833-4a0f-a1b1-c28b24c104cd] Configuring video settings...
2026-09-05T04:49:33.834Z [8b55736a-4122-46aa-bcc4-d3769b215f83][d889bfbd-3833-4a0f-a1b1-c28b24c104cd] Mode: "videocam Video" already selected ✓
2026-09-05T04:49:33.956Z [73c9612b-a11a-4097-a8e0-3efa60763985][d889bfbd-3833-4a0f-a1b1-c28b24c104cd] Configuring video settings...
2026-09-05T04:49:33.987Z [73c9612b-a11a-4097-a8e0-3efa60763985][d889bfbd-3833-4a0f-a1b1-c28b24c104cd] Mode: "videocam Video" already selected ✓
2026-09-05T04:49:33.990Z [f06f5b8d-7694-47ca-969e-4a06e1269bfe][d889bfbd-3833-4a0f-a1b1-c28b24c104cd] Configuring video settings...
2026-09-05T04:49:34.020Z [f06f5b8d-7694-47ca-969e-4a06e1269bfe][d889bfbd-3833-4a0f-a1b1-c28b24c104cd] Mode: "videocam Video" already selected ✓
2026-09-05T04:49:34.220Z [006c373f-dce3-4440-8a7d-7278d7dbdfdb][d889bfbd-3833-4a0f-a1b1-c28b24c104cd] Composer ready ✓ (UI language: en)
2026-09-05T04:49:34.257Z [006c373f-dce3-4440-8a7d-7278d7dbdfdb][d889bfbd-3833-4a0f-a1b1-c28b24c104cd] dismissPopups: unresolved overlay(s) ["DIV[]|btns=","DIV[]|btns="]
2026-09-05T04:49:34.273Z [006c373f-dce3-4440-8a7d-7278d7dbdfdb][d889bfbd-3833-4a0f-a1b1-c28b24c104cd] Agent toggle aria-pressed=false
2026-09-05T04:49:34.273Z [006c373f-dce3-4440-8a7d-7278d7dbdfdb][d889bfbd-3833-4a0f-a1b1-c28b24c104cd] Opening settings...
2026-09-05T04:49:36.215Z [006c373f-dce3-4440-8a7d-7278d7dbdfdb][d889bfbd-3833-4a0f-a1b1-c28b24c104cd] Configuring video settings...
2026-09-05T04:49:36.240Z [006c373f-dce3-4440-8a7d-7278d7dbdfdb][d889bfbd-3833-4a0f-a1b1-c28b24c104cd] Mode: "videocam Video" already selected ✓
2026-09-05T04:49:36.286Z [f06f5b8d-7694-47ca-969e-4a06e1269bfe][d889bfbd-3833-4a0f-a1b1-c28b24c104cd] Video type: selected "crop_free Frames" ✓
2026-09-05T04:49:36.433Z [73c9612b-a11a-4097-a8e0-3efa60763985][d889bfbd-3833-4a0f-a1b1-c28b24c104cd] Video type: selected "crop_free Frames" ✓
2026-09-05T04:49:36.532Z [8b55736a-4122-46aa-bcc4-d3769b215f83][d889bfbd-3833-4a0f-a1b1-c28b24c104cd] Video type: selected "crop_free Frames" ✓
2026-09-05T04:49:38.874Z [006c373f-dce3-4440-8a7d-7278d7dbdfdb][d889bfbd-3833-4a0f-a1b1-c28b24c104cd] Video type: selected "crop_free Frames" ✓
2026-09-05T04:49:40.823Z [73c9612b-a11a-4097-a8e0-3efa60763985][d889bfbd-3833-4a0f-a1b1-c28b24c104cd] Model: selected "Veo 3.1 - Lite [Lower Priority]" ✓
2026-09-05T04:49:41.152Z [8b55736a-4122-46aa-bcc4-d3769b215f83][d889bfbd-3833-4a0f-a1b1-c28b24c104cd] Model: selected "Veo 3.1 - Lite [Lower Priority]" ✓
2026-09-05T04:49:41.696Z [f06f5b8d-7694-47ca-969e-4a06e1269bfe][d889bfbd-3833-4a0f-a1b1-c28b24c104cd] Model: selected "Veo 3.1 - Lite [Lower Priority]" ✓
2026-09-05T04:49:41.824Z [73c9612b-a11a-4097-a8e0-3efa60763985][d889bfbd-3833-4a0f-a1b1-c28b24c104cd] Aspect ratio: "crop_16_9 16:9" already selected ✓
2026-09-05T04:49:41.829Z [73c9612b-a11a-4097-a8e0-3efa60763985][d889bfbd-3833-4a0f-a1b1-c28b24c104cd] Video resolution: toggle group "Video resolution" not present (model may not offer it) — skipped.
2026-09-05T04:49:41.857Z [73c9612b-a11a-4097-a8e0-3efa60763985][d889bfbd-3833-4a0f-a1b1-c28b24c104cd] Duration: "8s" already selected ✓
2026-09-05T04:49:41.877Z [73c9612b-a11a-4097-a8e0-3efa60763985][d889bfbd-3833-4a0f-a1b1-c28b24c104cd] Output count: "x2" already selected ✓
2026-09-05T04:49:41.938Z [8b55736a-4122-46aa-bcc4-d3769b215f83][d889bfbd-3833-4a0f-a1b1-c28b24c104cd] Aspect ratio: "crop_16_9 16:9" already selected ✓
2026-09-05T04:49:41.944Z [8b55736a-4122-46aa-bcc4-d3769b215f83][d889bfbd-3833-4a0f-a1b1-c28b24c104cd] Video resolution: toggle group "Video resolution" not present (model may not offer it) — skipped.
2026-09-05T04:49:41.976Z [8b55736a-4122-46aa-bcc4-d3769b215f83][d889bfbd-3833-4a0f-a1b1-c28b24c104cd] Duration: "8s" already selected ✓
2026-09-05T04:49:41.993Z [8b55736a-4122-46aa-bcc4-d3769b215f83][d889bfbd-3833-4a0f-a1b1-c28b24c104cd] Output count: "x2" already selected ✓
2026-09-05T04:49:42.369Z [f06f5b8d-7694-47ca-969e-4a06e1269bfe][d889bfbd-3833-4a0f-a1b1-c28b24c104cd] Aspect ratio: "crop_16_9 16:9" already selected ✓
2026-09-05T04:49:42.373Z [f06f5b8d-7694-47ca-969e-4a06e1269bfe][d889bfbd-3833-4a0f-a1b1-c28b24c104cd] Video resolution: toggle group "Video resolution" not present (model may not offer it) — skipped.
2026-09-05T04:49:42.403Z [f06f5b8d-7694-47ca-969e-4a06e1269bfe][d889bfbd-3833-4a0f-a1b1-c28b24c104cd] Duration: "8s" already selected ✓
2026-09-05T04:49:42.421Z [f06f5b8d-7694-47ca-969e-4a06e1269bfe][d889bfbd-3833-4a0f-a1b1-c28b24c104cd] Output count: "x2" already selected ✓
2026-09-05T04:49:42.734Z [73c9612b-a11a-4097-a8e0-3efa60763985][d889bfbd-3833-4a0f-a1b1-c28b24c104cd] Start keyframe: downloading from URL...
2026-09-05T04:49:42.941Z [73c9612b-a11a-4097-a8e0-3efa60763985][d889bfbd-3833-4a0f-a1b1-c28b24c104cd] Downloader: no-proxy request context ready.
2026-09-05T04:49:43.113Z [8b55736a-4122-46aa-bcc4-d3769b215f83][d889bfbd-3833-4a0f-a1b1-c28b24c104cd] Start keyframe: downloading from URL...
2026-09-05T04:49:43.233Z [73c9612b-a11a-4097-a8e0-3efa60763985][d889bfbd-3833-4a0f-a1b1-c28b24c104cd] Start keyframe: saved 193412 bytes (image/png) as "1788441289895_0498eb_winai_2026-09-03T13-13-45_02.png"
2026-09-05T04:49:43.257Z [73c9612b-a11a-4097-a8e0-3efa60763985][d889bfbd-3833-4a0f-a1b1-c28b24c104cd] Start keyframe: setting start keyframe...
2026-09-05T04:49:43.285Z [f06f5b8d-7694-47ca-969e-4a06e1269bfe][d889bfbd-3833-4a0f-a1b1-c28b24c104cd] Start keyframe: downloading from URL...
2026-09-05T04:49:43.314Z [8b55736a-4122-46aa-bcc4-d3769b215f83][d889bfbd-3833-4a0f-a1b1-c28b24c104cd] Downloader: no-proxy request context ready.
2026-09-05T04:49:43.538Z [f06f5b8d-7694-47ca-969e-4a06e1269bfe][d889bfbd-3833-4a0f-a1b1-c28b24c104cd] Downloader: no-proxy request context ready.
2026-09-05T04:49:43.558Z [8b55736a-4122-46aa-bcc4-d3769b215f83][d889bfbd-3833-4a0f-a1b1-c28b24c104cd] Start keyframe: saved 183095 bytes (image/png) as "1788441281044_bd06eb_winai_2026-09-03T13-12-49_01.png"
2026-09-05T04:49:43.587Z [8b55736a-4122-46aa-bcc4-d3769b215f83][d889bfbd-3833-4a0f-a1b1-c28b24c104cd] Start keyframe: setting start keyframe...
2026-09-05T04:49:43.848Z [f06f5b8d-7694-47ca-969e-4a06e1269bfe][d889bfbd-3833-4a0f-a1b1-c28b24c104cd] Start keyframe: saved 138503 bytes (image/png) as "1788441322899_f1d14d_winai_2026-09-03T13-13-33_04.png"
2026-09-05T04:49:43.870Z [f06f5b8d-7694-47ca-969e-4a06e1269bfe][d889bfbd-3833-4a0f-a1b1-c28b24c104cd] Start keyframe: setting start keyframe...
2026-09-05T04:49:44.880Z [006c373f-dce3-4440-8a7d-7278d7dbdfdb][d889bfbd-3833-4a0f-a1b1-c28b24c104cd] Model: selected "Veo 3.1 - Lite [Lower Priority]" ✓
2026-09-05T04:49:45.486Z [73c9612b-a11a-4097-a8e0-3efa60763985][d889bfbd-3833-4a0f-a1b1-c28b24c104cd] Start keyframe: "1788441289895_0498eb_winai_2026-09-03T13-13-45_02.png" not in the library yet — uploading it first.
2026-09-05T04:49:45.585Z [006c373f-dce3-4440-8a7d-7278d7dbdfdb][d889bfbd-3833-4a0f-a1b1-c28b24c104cd] Aspect ratio: "crop_16_9 16:9" already selected ✓
2026-09-05T04:49:45.589Z [006c373f-dce3-4440-8a7d-7278d7dbdfdb][d889bfbd-3833-4a0f-a1b1-c28b24c104cd] Video resolution: toggle group "Video resolution" not present (model may not offer it) — skipped.
2026-09-05T04:49:45.619Z [006c373f-dce3-4440-8a7d-7278d7dbdfdb][d889bfbd-3833-4a0f-a1b1-c28b24c104cd] Duration: "8s" already selected ✓
2026-09-05T04:49:45.641Z [006c373f-dce3-4440-8a7d-7278d7dbdfdb][d889bfbd-3833-4a0f-a1b1-c28b24c104cd] Output count: "x2" already selected ✓
2026-09-05T04:49:45.862Z [8b55736a-4122-46aa-bcc4-d3769b215f83][d889bfbd-3833-4a0f-a1b1-c28b24c104cd] Start keyframe: "1788441281044_bd06eb_winai_2026-09-03T13-12-49_01.png" not in the library yet — uploading it first.
2026-09-05T04:49:46.011Z [f06f5b8d-7694-47ca-969e-4a06e1269bfe][d889bfbd-3833-4a0f-a1b1-c28b24c104cd] Start keyframe: "1788441322899_f1d14d_winai_2026-09-03T13-13-33_04.png" not in the library yet — uploading it first.
2026-09-05T04:49:46.694Z [006c373f-dce3-4440-8a7d-7278d7dbdfdb][d889bfbd-3833-4a0f-a1b1-c28b24c104cd] Start keyframe: downloading from URL...
2026-09-05T04:49:46.859Z [006c373f-dce3-4440-8a7d-7278d7dbdfdb][d889bfbd-3833-4a0f-a1b1-c28b24c104cd] Downloader: no-proxy request context ready.
2026-09-05T04:49:47.091Z [006c373f-dce3-4440-8a7d-7278d7dbdfdb][d889bfbd-3833-4a0f-a1b1-c28b24c104cd] Start keyframe: saved 163855 bytes (image/png) as "1788441378628_bed80a_winai_2026-09-03T13-14-15_02.png"
2026-09-05T04:49:47.112Z [006c373f-dce3-4440-8a7d-7278d7dbdfdb][d889bfbd-3833-4a0f-a1b1-c28b24c104cd] Start keyframe: setting start keyframe...
2026-09-05T04:49:49.085Z [73c9612b-a11a-4097-a8e0-3efa60763985][d889bfbd-3833-4a0f-a1b1-c28b24c104cd] Start keyframe: uploading "1788441289895_0498eb_winai_2026-09-03T13-13-45_02.png" to the project library...
2026-09-05T04:49:49.256Z [006c373f-dce3-4440-8a7d-7278d7dbdfdb][d889bfbd-3833-4a0f-a1b1-c28b24c104cd] Start keyframe: "1788441378628_bed80a_winai_2026-09-03T13-14-15_02.png" not in the library yet — uploading it first.
2026-09-05T04:49:49.765Z [8b55736a-4122-46aa-bcc4-d3769b215f83][d889bfbd-3833-4a0f-a1b1-c28b24c104cd] Start keyframe: uploading "1788441281044_bd06eb_winai_2026-09-03T13-12-49_01.png" to the project library...
2026-09-05T04:49:49.836Z [f06f5b8d-7694-47ca-969e-4a06e1269bfe][d889bfbd-3833-4a0f-a1b1-c28b24c104cd] Start keyframe: uploading "1788441322899_f1d14d_winai_2026-09-03T13-13-33_04.png" to the project library...
2026-09-05T04:49:50.363Z [73c9612b-a11a-4097-a8e0-3efa60763985][d889bfbd-3833-4a0f-a1b1-c28b24c104cd] Start keyframe: upload finished ✓
2026-09-05T04:49:51.055Z [8b55736a-4122-46aa-bcc4-d3769b215f83][d889bfbd-3833-4a0f-a1b1-c28b24c104cd] Start keyframe: upload finished ✓
2026-09-05T04:49:51.061Z [f06f5b8d-7694-47ca-969e-4a06e1269bfe][d889bfbd-3833-4a0f-a1b1-c28b24c104cd] Start keyframe: upload finished ✓
2026-09-05T04:49:53.118Z [006c373f-dce3-4440-8a7d-7278d7dbdfdb][d889bfbd-3833-4a0f-a1b1-c28b24c104cd] Start keyframe: uploading "1788441378628_bed80a_winai_2026-09-03T13-14-15_02.png" to the project library...
2026-09-05T04:49:54.097Z [006c373f-dce3-4440-8a7d-7278d7dbdfdb][d889bfbd-3833-4a0f-a1b1-c28b24c104cd] Start keyframe: upload finished ✓
2026-09-05T04:49:59.752Z [73c9612b-a11a-4097-a8e0-3efa60763985][d889bfbd-3833-4a0f-a1b1-c28b24c104cd] Start keyframe: start keyframe attached ✓
2026-09-05T04:49:59.771Z [73c9612b-a11a-4097-a8e0-3efa60763985][d889bfbd-3833-4a0f-a1b1-c28b24c104cd] Entering prompt...
2026-09-05T04:50:00.185Z [8b55736a-4122-46aa-bcc4-d3769b215f83][d889bfbd-3833-4a0f-a1b1-c28b24c104cd] Start keyframe: start keyframe attached ✓
2026-09-05T04:50:00.202Z [8b55736a-4122-46aa-bcc4-d3769b215f83][d889bfbd-3833-4a0f-a1b1-c28b24c104cd] Entering prompt...
2026-09-05T04:50:00.314Z [f06f5b8d-7694-47ca-969e-4a06e1269bfe][d889bfbd-3833-4a0f-a1b1-c28b24c104cd] Start keyframe: start keyframe attached ✓
2026-09-05T04:50:00.323Z [f06f5b8d-7694-47ca-969e-4a06e1269bfe][d889bfbd-3833-4a0f-a1b1-c28b24c104cd] Entering prompt...
2026-09-05T04:50:01.824Z [73c9612b-a11a-4097-a8e0-3efa60763985][d889bfbd-3833-4a0f-a1b1-c28b24c104cd] Prompt is 1018 chars — typing it in 20 chunk(s).
2026-09-05T04:50:01.994Z [8b55736a-4122-46aa-bcc4-d3769b215f83][d889bfbd-3833-4a0f-a1b1-c28b24c104cd] Prompt is 1304 chars — typing it in 23 chunk(s).
2026-09-05T04:50:02.166Z [f06f5b8d-7694-47ca-969e-4a06e1269bfe][d889bfbd-3833-4a0f-a1b1-c28b24c104cd] Prompt is 1080 chars — typing it in 21 chunk(s).
2026-09-05T04:50:02.912Z [006c373f-dce3-4440-8a7d-7278d7dbdfdb][d889bfbd-3833-4a0f-a1b1-c28b24c104cd] Start keyframe: start keyframe attached ✓
2026-09-05T04:50:02.927Z [006c373f-dce3-4440-8a7d-7278d7dbdfdb][d889bfbd-3833-4a0f-a1b1-c28b24c104cd] Entering prompt...
2026-09-05T04:50:04.888Z [006c373f-dce3-4440-8a7d-7278d7dbdfdb][d889bfbd-3833-4a0f-a1b1-c28b24c104cd] Prompt is 1111 chars — typing it in 20 chunk(s).
2026-09-05T04:50:11.494Z [73c9612b-a11a-4097-a8e0-3efa60763985][d889bfbd-3833-4a0f-a1b1-c28b24c104cd] Prompt insert attempt 1: editor has 1007 chars (want ~1014) ✓
2026-09-05T04:50:12.160Z [f06f5b8d-7694-47ca-969e-4a06e1269bfe][d889bfbd-3833-4a0f-a1b1-c28b24c104cd] Prompt insert attempt 1: editor has 1069 chars (want ~1076) ✓
2026-09-05T04:50:12.718Z [8b55736a-4122-46aa-bcc4-d3769b215f83][d889bfbd-3833-4a0f-a1b1-c28b24c104cd] Prompt insert attempt 1: editor has 1293 chars (want ~1300) ✓
2026-09-05T04:50:13.485Z [73c9612b-a11a-4097-a8e0-3efa60763985][d889bfbd-3833-4a0f-a1b1-c28b24c104cd] Baseline: 50 pre-existing media tile(s) of 50 mounted (kinds: image,video,image,video,video,image,video,video,image,video,video,image,video,video,image,video,video,video,video,image,video,video,image,video,video,video,video,video,video,image,video,video,video,video,image,video,video,image,video,video,image,video,video,image,video,video,image,video,video,image).
2026-09-05T04:50:13.852Z [006c373f-dce3-4440-8a7d-7278d7dbdfdb][d889bfbd-3833-4a0f-a1b1-c28b24c104cd] Prompt insert attempt 1: editor has 1100 chars (want ~1107) ✓
2026-09-05T04:50:13.948Z [f06f5b8d-7694-47ca-969e-4a06e1269bfe][d889bfbd-3833-4a0f-a1b1-c28b24c104cd] Baseline: 50 pre-existing media tile(s) of 50 mounted (kinds: image,video,video,image,video,video,image,video,video,image,video,video,image,video,video,image,video,image,video,video,image,video,video,image,video,video,image,video,video,video,video,image,video,video,video,video,image,video,video,image,video,video,image,image,video,video,image,video,video,image).
2026-09-05T04:50:14.354Z [8b55736a-4122-46aa-bcc4-d3769b215f83][d889bfbd-3833-4a0f-a1b1-c28b24c104cd] Baseline: 49 pre-existing media tile(s) of 49 mounted (kinds: image,video,video,image,video,video,image,video,video,image,video,video,image,video,video,image,video,video,video,video,image,video,video,image,video,video,image,video,image,video,video,image,video,video,video,video,video,video,image,video,video,image,image,image,video,video,image,video,video).
2026-09-05T04:50:15.700Z [73c9612b-a11a-4097-a8e0-3efa60763985][d889bfbd-3833-4a0f-a1b1-c28b24c104cd] [submit] confirmed (editor "What do you want to ", fresh tile=true).
2026-09-05T04:50:15.886Z [006c373f-dce3-4440-8a7d-7278d7dbdfdb][d889bfbd-3833-4a0f-a1b1-c28b24c104cd] Baseline: 50 pre-existing media tile(s) of 50 mounted (kinds: image,video,video,image,video,video,image,video,video,image,video,video,image,video,video,image,video,video,image,video,video,image,video,video,image,video,video,image,video,video,image,video,video,image,video,video,image,video,video,video,video,image,video,video,image,video,video,image,video,video).
2026-09-05T04:50:16.163Z [73c9612b-a11a-4097-a8e0-3efa60763985][d889bfbd-3833-4a0f-a1b1-c28b24c104cd] Current Workspace project URL: https://flow.google.com/project/cd81a7d3-c989-419e-891a-f8694174cb85?hl=en
2026-09-05T04:50:16.164Z [73c9612b-a11a-4097-a8e0-3efa60763985][d889bfbd-3833-4a0f-a1b1-c28b24c104cd] Submitted ✓ Detecting batch size...
2026-09-05T04:50:16.181Z [73c9612b-a11a-4097-a8e0-3efa60763985][d889bfbd-3833-4a0f-a1b1-c28b24c104cd] New tile(s) since submit: 0 → 2 (mounted=50)
2026-09-05T04:50:16.411Z [f06f5b8d-7694-47ca-969e-4a06e1269bfe][d889bfbd-3833-4a0f-a1b1-c28b24c104cd] [submit] confirmed (editor "What do you want to ", fresh tile=true).
2026-09-05T04:50:16.742Z [8b55736a-4122-46aa-bcc4-d3769b215f83][d889bfbd-3833-4a0f-a1b1-c28b24c104cd] [submit] confirmed (editor "What do you want to ", fresh tile=true).
2026-09-05T04:50:16.901Z [f06f5b8d-7694-47ca-969e-4a06e1269bfe][d889bfbd-3833-4a0f-a1b1-c28b24c104cd] Current Workspace project URL: https://flow.google.com/project/c2a607c5-d833-4be1-8108-407b74d4ed85?hl=en
2026-09-05T04:50:16.902Z [f06f5b8d-7694-47ca-969e-4a06e1269bfe][d889bfbd-3833-4a0f-a1b1-c28b24c104cd] Submitted ✓ Detecting batch size...
2026-09-05T04:50:16.922Z [f06f5b8d-7694-47ca-969e-4a06e1269bfe][d889bfbd-3833-4a0f-a1b1-c28b24c104cd] New tile(s) since submit: 0 → 2 (mounted=50)
2026-09-05T04:50:17.333Z [8b55736a-4122-46aa-bcc4-d3769b215f83][d889bfbd-3833-4a0f-a1b1-c28b24c104cd] Current Workspace project URL: https://flow.google.com/project/33ca2cc2-c9ff-4bb6-9048-2a7af1dfcfee?hl=en
2026-09-05T04:50:17.333Z [8b55736a-4122-46aa-bcc4-d3769b215f83][d889bfbd-3833-4a0f-a1b1-c28b24c104cd] Submitted ✓ Detecting batch size...
2026-09-05T04:50:17.350Z [8b55736a-4122-46aa-bcc4-d3769b215f83][d889bfbd-3833-4a0f-a1b1-c28b24c104cd] New tile(s) since submit: 0 → 2 (mounted=48)
2026-09-05T04:50:17.711Z [006c373f-dce3-4440-8a7d-7278d7dbdfdb][d889bfbd-3833-4a0f-a1b1-c28b24c104cd] [submit] confirmed (editor "What do you want to ", fresh tile=true).
2026-09-05T04:50:18.404Z [006c373f-dce3-4440-8a7d-7278d7dbdfdb][d889bfbd-3833-4a0f-a1b1-c28b24c104cd] Current Workspace project URL: https://flow.google.com/project/cae2bf2b-d1b8-40f9-a300-9f2aa6276ea5?hl=en
2026-09-05T04:50:18.404Z [006c373f-dce3-4440-8a7d-7278d7dbdfdb][d889bfbd-3833-4a0f-a1b1-c28b24c104cd] Submitted ✓ Detecting batch size...
2026-09-05T04:50:18.420Z [006c373f-dce3-4440-8a7d-7278d7dbdfdb][d889bfbd-3833-4a0f-a1b1-c28b24c104cd] New tile(s) since submit: 0 → 2 (mounted=50)
2026-09-05T04:50:20.333Z [73c9612b-a11a-4097-a8e0-3efa60763985][d889bfbd-3833-4a0f-a1b1-c28b24c104cd] Batch size stabilised at 2 new tile(s)
2026-09-05T04:50:20.334Z [73c9612b-a11a-4097-a8e0-3efa60763985][d889bfbd-3833-4a0f-a1b1-c28b24c104cd] Batch detected: 2 item(s). Generating...
2026-09-05T04:50:20.334Z [73c9612b-a11a-4097-a8e0-3efa60763985][d889bfbd-3833-4a0f-a1b1-c28b24c104cd] Polling for 2 video item(s) (baseline=50, hasUpload=true)...
2026-09-05T04:50:20.345Z [73c9612b-a11a-4097-a8e0-3efa60763985][d889bfbd-3833-4a0f-a1b1-c28b24c104cd] Generating... 0 ready, 0 failed / 2 total (0s) play_circle [HÀNH ĐỘ play_circle [HÀNH ĐỘ
2026-09-05T04:50:21.055Z [f06f5b8d-7694-47ca-969e-4a06e1269bfe][d889bfbd-3833-4a0f-a1b1-c28b24c104cd] Batch size stabilised at 2 new tile(s)
2026-09-05T04:50:21.055Z [f06f5b8d-7694-47ca-969e-4a06e1269bfe][d889bfbd-3833-4a0f-a1b1-c28b24c104cd] Batch detected: 2 item(s). Generating...
2026-09-05T04:50:21.055Z [f06f5b8d-7694-47ca-969e-4a06e1269bfe][d889bfbd-3833-4a0f-a1b1-c28b24c104cd] Polling for 2 video item(s) (baseline=50, hasUpload=true)...
2026-09-05T04:50:21.069Z [f06f5b8d-7694-47ca-969e-4a06e1269bfe][d889bfbd-3833-4a0f-a1b1-c28b24c104cd] Generating... 0 ready, 0 failed / 2 total (0s) play_circle [HÀNH ĐỘ play_circle [HÀNH ĐỘ
2026-09-05T04:50:21.488Z [8b55736a-4122-46aa-bcc4-d3769b215f83][d889bfbd-3833-4a0f-a1b1-c28b24c104cd] Batch size stabilised at 2 new tile(s)
2026-09-05T04:50:21.489Z [8b55736a-4122-46aa-bcc4-d3769b215f83][d889bfbd-3833-4a0f-a1b1-c28b24c104cd] Batch detected: 2 item(s). Generating...
2026-09-05T04:50:21.489Z [8b55736a-4122-46aa-bcc4-d3769b215f83][d889bfbd-3833-4a0f-a1b1-c28b24c104cd] Polling for 2 video item(s) (baseline=49, hasUpload=true)...
2026-09-05T04:50:21.503Z [8b55736a-4122-46aa-bcc4-d3769b215f83][d889bfbd-3833-4a0f-a1b1-c28b24c104cd] Generating... 0 ready, 0 failed / 2 total (0s) play_circle [HÀNH ĐỘ play_circle [HÀNH ĐỘ
2026-09-05T04:50:22.555Z [006c373f-dce3-4440-8a7d-7278d7dbdfdb][d889bfbd-3833-4a0f-a1b1-c28b24c104cd] Batch size stabilised at 2 new tile(s)
2026-09-05T04:50:22.555Z [006c373f-dce3-4440-8a7d-7278d7dbdfdb][d889bfbd-3833-4a0f-a1b1-c28b24c104cd] Batch detected: 2 item(s). Generating...
2026-09-05T04:50:22.556Z [006c373f-dce3-4440-8a7d-7278d7dbdfdb][d889bfbd-3833-4a0f-a1b1-c28b24c104cd] Polling for 2 video item(s) (baseline=50, hasUpload=true)...
2026-09-05T04:50:22.574Z [006c373f-dce3-4440-8a7d-7278d7dbdfdb][d889bfbd-3833-4a0f-a1b1-c28b24c104cd] Generating... 0 ready, 0 failed / 2 total (0s) play_circle [HÀNH ĐỘ play_circle [HÀNH ĐỘ
2026-09-05T04:50:23.371Z [73c9612b-a11a-4097-a8e0-3efa60763985][d889bfbd-3833-4a0f-a1b1-c28b24c104cd] Generating... 0 ready, 0 failed / 2 total (3s) play_circle [HÀNH ĐỘ play_circle [HÀNH ĐỘ
2026-09-05T04:50:24.090Z [f06f5b8d-7694-47ca-969e-4a06e1269bfe][d889bfbd-3833-4a0f-a1b1-c28b24c104cd] Generating... 0 ready, 0 failed / 2 total (3s) play_circle [HÀNH ĐỘ play_circle [HÀNH ĐỘ
2026-09-05T04:50:24.517Z [8b55736a-4122-46aa-bcc4-d3769b215f83][d889bfbd-3833-4a0f-a1b1-c28b24c104cd] Generating... 0 ready, 0 failed / 2 total (3s) play_circle [HÀNH ĐỘ play_circle [HÀNH ĐỘ
2026-09-05T04:50:25.587Z [006c373f-dce3-4440-8a7d-7278d7dbdfdb][d889bfbd-3833-4a0f-a1b1-c28b24c104cd] Generating... 0 ready, 0 failed / 2 total (3s) play_circle [HÀNH ĐỘ play_circle [HÀNH ĐỘ
2026-09-05T04:50:26.389Z [73c9612b-a11a-4097-a8e0-3efa60763985][d889bfbd-3833-4a0f-a1b1-c28b24c104cd] Generating... 0 ready, 0 failed / 2 total (6s) play_circle 0% [HÀNH play_circle 0% [HÀNH
2026-09-05T04:50:27.106Z [f06f5b8d-7694-47ca-969e-4a06e1269bfe][d889bfbd-3833-4a0f-a1b1-c28b24c104cd] Generating... 0 ready, 0 failed / 2 total (6s) play_circle [HÀNH ĐỘ play_circle [HÀNH ĐỘ
2026-09-05T04:50:27.539Z [8b55736a-4122-46aa-bcc4-d3769b215f83][d889bfbd-3833-4a0f-a1b1-c28b24c104cd] Generating... 0 ready, 0 failed / 2 total (6s) play_circle [HÀNH ĐỘ play_circle [HÀNH ĐỘ
2026-09-05T04:50:28.604Z [006c373f-dce3-4440-8a7d-7278d7dbdfdb][d889bfbd-3833-4a0f-a1b1-c28b24c104cd] Generating... 0 ready, 0 failed / 2 total (6s) play_circle [HÀNH ĐỘ play_circle [HÀNH ĐỘ
2026-09-05T04:50:29.405Z [73c9612b-a11a-4097-a8e0-3efa60763985][d889bfbd-3833-4a0f-a1b1-c28b24c104cd] Generating... 0 ready, 0 failed / 2 total (9s) play_circle 2% [HÀNH play_circle 2% [HÀNH
2026-09-05T04:50:30.139Z [f06f5b8d-7694-47ca-969e-4a06e1269bfe][d889bfbd-3833-4a0f-a1b1-c28b24c104cd] Generating... 0 ready, 0 failed / 2 total (9s) play_circle 1% [HÀNH play_circle 1% [HÀNH
2026-09-05T04:50:30.560Z [8b55736a-4122-46aa-bcc4-d3769b215f83][d889bfbd-3833-4a0f-a1b1-c28b24c104cd] Generating... 0 ready, 0 failed / 2 total (9s) play_circle 0% [HÀNH play_circle 1% [HÀNH
2026-09-05T04:50:31.619Z [006c373f-dce3-4440-8a7d-7278d7dbdfdb][d889bfbd-3833-4a0f-a1b1-c28b24c104cd] Generating... 0 ready, 0 failed / 2 total (9s) play_circle 1% [HÀNH play_circle 1% [HÀNH
2026-09-05T04:50:32.420Z [73c9612b-a11a-4097-a8e0-3efa60763985][d889bfbd-3833-4a0f-a1b1-c28b24c104cd] Generating... 0 ready, 0 failed / 2 total (12s) play_circle 4% [HÀNH play_circle 4% [HÀNH
2026-09-05T04:50:33.156Z [f06f5b8d-7694-47ca-969e-4a06e1269bfe][d889bfbd-3833-4a0f-a1b1-c28b24c104cd] Generating... 0 ready, 0 failed / 2 total (12s) play_circle 5% [HÀNH play_circle 5% [HÀNH
2026-09-05T04:50:33.577Z [8b55736a-4122-46aa-bcc4-d3769b215f83][d889bfbd-3833-4a0f-a1b1-c28b24c104cd] Generating... 0 ready, 0 failed / 2 total (12s) play_circle 4% [HÀNH play_circle 4% [HÀNH
2026-09-05T04:50:34.632Z [006c373f-dce3-4440-8a7d-7278d7dbdfdb][d889bfbd-3833-4a0f-a1b1-c28b24c104cd] Generating... 0 ready, 0 failed / 2 total (12s) play_circle 5% [HÀNH play_circle 5% [HÀNH
2026-09-05T04:50:35.439Z [73c9612b-a11a-4097-a8e0-3efa60763985][d889bfbd-3833-4a0f-a1b1-c28b24c104cd] Generating... 0 ready, 0 failed / 2 total (15s) play_circle 8% [HÀNH play_circle 8% [HÀNH
2026-09-05T04:50:36.331Z [f06f5b8d-7694-47ca-969e-4a06e1269bfe][d889bfbd-3833-4a0f-a1b1-c28b24c104cd] Generating... 0 ready, 0 failed / 2 total (15s) play_circle 8% [HÀNH play_circle 8% [HÀNH
2026-09-05T04:50:36.696Z [8b55736a-4122-46aa-bcc4-d3769b215f83][d889bfbd-3833-4a0f-a1b1-c28b24c104cd] Generating... 0 ready, 0 failed / 2 total (15s) play_circle 7% [HÀNH play_circle 7% [HÀNH
2026-09-05T04:50:37.696Z [006c373f-dce3-4440-8a7d-7278d7dbdfdb][d889bfbd-3833-4a0f-a1b1-c28b24c104cd] Generating... 0 ready, 0 failed / 2 total (15s) play_circle 7% [HÀNH play_circle 7% [HÀNH
2026-09-05T04:50:38.455Z [73c9612b-a11a-4097-a8e0-3efa60763985][d889bfbd-3833-4a0f-a1b1-c28b24c104cd] Generating... 0 ready, 0 failed / 2 total (18s) play_circle 10% [HÀN play_circle 10% [HÀN
2026-09-05T04:50:39.347Z [f06f5b8d-7694-47ca-969e-4a06e1269bfe][d889bfbd-3833-4a0f-a1b1-c28b24c104cd] Generating... 0 ready, 0 failed / 2 total (18s) play_circle 9% [HÀNH play_circle 10% [HÀN
2026-09-05T04:50:39.721Z [8b55736a-4122-46aa-bcc4-d3769b215f83][d889bfbd-3833-4a0f-a1b1-c28b24c104cd] Generating... 0 ready, 0 failed / 2 total (18s) play_circle 9% [HÀNH play_circle 9% [HÀNH
2026-09-05T04:50:40.729Z [006c373f-dce3-4440-8a7d-7278d7dbdfdb][d889bfbd-3833-4a0f-a1b1-c28b24c104cd] Generating... 0 ready, 0 failed / 2 total (18s) play_circle 9% [HÀNH play_circle 10% [HÀN
2026-09-05T04:50:41.474Z [73c9612b-a11a-4097-a8e0-3efa60763985][d889bfbd-3833-4a0f-a1b1-c28b24c104cd] Generating... 0 ready, 0 failed / 2 total (21s) play_circle 14% [HÀN play_circle 14% [HÀN
2026-09-05T04:50:42.369Z [f06f5b8d-7694-47ca-969e-4a06e1269bfe][d889bfbd-3833-4a0f-a1b1-c28b24c104cd] Generating... 0 ready, 0 failed / 2 total (21s) play_circle 13% [HÀN play_circle 13% [HÀN
2026-09-05T04:50:42.740Z [8b55736a-4122-46aa-bcc4-d3769b215f83][d889bfbd-3833-4a0f-a1b1-c28b24c104cd] Generating... 0 ready, 0 failed / 2 total (21s) play_circle 12% [HÀN play_circle 12% [HÀN
2026-09-05T04:50:43.751Z [006c373f-dce3-4440-8a7d-7278d7dbdfdb][d889bfbd-3833-4a0f-a1b1-c28b24c104cd] Generating... 0 ready, 0 failed / 2 total (21s) play_circle 12% [HÀN play_circle 13% [HÀN
2026-09-05T04:50:44.501Z [73c9612b-a11a-4097-a8e0-3efa60763985][d889bfbd-3833-4a0f-a1b1-c28b24c104cd] Generating... 0 ready, 0 failed / 2 total (24s) play_circle 17% [HÀN play_circle 16% [HÀN
2026-09-05T04:50:45.383Z [f06f5b8d-7694-47ca-969e-4a06e1269bfe][d889bfbd-3833-4a0f-a1b1-c28b24c104cd] Generating... 0 ready, 0 failed / 2 total (24s) play_circle 14% [HÀN play_circle 14% [HÀN
2026-09-05T04:50:45.756Z [8b55736a-4122-46aa-bcc4-d3769b215f83][d889bfbd-3833-4a0f-a1b1-c28b24c104cd] Generating... 0 ready, 0 failed / 2 total (24s) play_circle 15% [HÀN play_circle 15% [HÀN
2026-09-05T04:50:46.770Z [006c373f-dce3-4440-8a7d-7278d7dbdfdb][d889bfbd-3833-4a0f-a1b1-c28b24c104cd] Generating... 0 ready, 0 failed / 2 total (24s) play_circle 15% [HÀN play_circle 16% [HÀN
2026-09-05T04:50:47.521Z [73c9612b-a11a-4097-a8e0-3efa60763985][d889bfbd-3833-4a0f-a1b1-c28b24c104cd] Generating... 0 ready, 0 failed / 2 total (27s) play_circle 18% [HÀN play_circle 18% [HÀN
2026-09-05T04:50:48.398Z [f06f5b8d-7694-47ca-969e-4a06e1269bfe][d889bfbd-3833-4a0f-a1b1-c28b24c104cd] Generating... 0 ready, 0 failed / 2 total (27s) play_circle 17% [HÀN play_circle 18% [HÀN
2026-09-05T04:50:48.774Z [8b55736a-4122-46aa-bcc4-d3769b215f83][d889bfbd-3833-4a0f-a1b1-c28b24c104cd] Generating... 0 ready, 0 failed / 2 total (27s) play_circle 18% [HÀN play_circle 18% [HÀN
2026-09-05T04:50:49.787Z [006c373f-dce3-4440-8a7d-7278d7dbdfdb][d889bfbd-3833-4a0f-a1b1-c28b24c104cd] Generating... 0 ready, 0 failed / 2 total (27s) play_circle 18% [HÀN play_circle 18% [HÀN
2026-09-05T04:50:50.538Z [73c9612b-a11a-4097-a8e0-3efa60763985][d889bfbd-3833-4a0f-a1b1-c28b24c104cd] Generating... 0 ready, 0 failed / 2 total (30s) play_circle 21% [HÀN play_circle 21% [HÀN
2026-09-05T04:50:51.537Z [f06f5b8d-7694-47ca-969e-4a06e1269bfe][d889bfbd-3833-4a0f-a1b1-c28b24c104cd] Generating... 0 ready, 0 failed / 2 total (30s) play_circle 21% [HÀN play_circle 21% [HÀN
2026-09-05T04:50:51.856Z [8b55736a-4122-46aa-bcc4-d3769b215f83][d889bfbd-3833-4a0f-a1b1-c28b24c104cd] Generating... 0 ready, 0 failed / 2 total (30s) play_circle 21% [HÀN play_circle 21% [HÀN
2026-09-05T04:50:52.908Z [006c373f-dce3-4440-8a7d-7278d7dbdfdb][d889bfbd-3833-4a0f-a1b1-c28b24c104cd] Generating... 0 ready, 0 failed / 2 total (30s) play_circle 21% [HÀN play_circle 21% [HÀN
2026-09-05T04:50:53.556Z [73c9612b-a11a-4097-a8e0-3efa60763985][d889bfbd-3833-4a0f-a1b1-c28b24c104cd] Generating... 0 ready, 0 failed / 2 total (33s) play_circle 25% [HÀN play_circle 25% [HÀN
2026-09-05T04:50:54.556Z [f06f5b8d-7694-47ca-969e-4a06e1269bfe][d889bfbd-3833-4a0f-a1b1-c28b24c104cd] Generating... 0 ready, 0 failed / 2 total (34s) play_circle 24% [HÀN play_circle 23% [HÀN
2026-09-05T04:50:54.877Z [8b55736a-4122-46aa-bcc4-d3769b215f83][d889bfbd-3833-4a0f-a1b1-c28b24c104cd] Generating... 0 ready, 0 failed / 2 total (33s) play_circle 22% [HÀN play_circle 23% [HÀN
2026-09-05T04:50:55.927Z [006c373f-dce3-4440-8a7d-7278d7dbdfdb][d889bfbd-3833-4a0f-a1b1-c28b24c104cd] Generating... 0 ready, 0 failed / 2 total (33s) play_circle 23% [HÀN play_circle 23% [HÀN
2026-09-05T04:50:56.582Z [73c9612b-a11a-4097-a8e0-3efa60763985][d889bfbd-3833-4a0f-a1b1-c28b24c104cd] Generating... 0 ready, 0 failed / 2 total (36s) play_circle 27% [HÀN play_circle 27% [HÀN
2026-09-05T04:50:57.582Z [f06f5b8d-7694-47ca-969e-4a06e1269bfe][d889bfbd-3833-4a0f-a1b1-c28b24c104cd] Generating... 0 ready, 0 failed / 2 total (37s) play_circle 26% [HÀN play_circle 26% [HÀN
2026-09-05T04:50:57.890Z [8b55736a-4122-46aa-bcc4-d3769b215f83][d889bfbd-3833-4a0f-a1b1-c28b24c104cd] Generating... 0 ready, 0 failed / 2 total (36s) play_circle 26% [HÀN play_circle 25% [HÀN
2026-09-05T04:50:58.955Z [006c373f-dce3-4440-8a7d-7278d7dbdfdb][d889bfbd-3833-4a0f-a1b1-c28b24c104cd] Generating... 0 ready, 0 failed / 2 total (36s) play_circle 26% [HÀN play_circle 26% [HÀN
2026-09-05T04:50:59.605Z [73c9612b-a11a-4097-a8e0-3efa60763985][d889bfbd-3833-4a0f-a1b1-c28b24c104cd] Generating... 0 ready, 0 failed / 2 total (39s) play_circle 30% [HÀN play_circle 30% [HÀN
2026-09-05T04:51:00.605Z [f06f5b8d-7694-47ca-969e-4a06e1269bfe][d889bfbd-3833-4a0f-a1b1-c28b24c104cd] Generating... 0 ready, 0 failed / 2 total (40s) play_circle 29% [HÀN play_circle 29% [HÀN
2026-09-05T04:51:00.904Z [8b55736a-4122-46aa-bcc4-d3769b215f83][d889bfbd-3833-4a0f-a1b1-c28b24c104cd] Generating... 0 ready, 0 failed / 2 total (39s) play_circle 29% [HÀN play_circle 28% [HÀN
2026-09-05T04:51:01.979Z [006c373f-dce3-4440-8a7d-7278d7dbdfdb][d889bfbd-3833-4a0f-a1b1-c28b24c104cd] Generating... 0 ready, 0 failed / 2 total (39s) play_circle 29% [HÀN play_circle 29% [HÀN
2026-09-05T04:51:02.619Z [73c9612b-a11a-4097-a8e0-3efa60763985][d889bfbd-3833-4a0f-a1b1-c28b24c104cd] Generating... 0 ready, 0 failed / 2 total (42s) play_circle 33% [HÀN play_circle 33% [HÀN
2026-09-05T04:51:03.621Z [f06f5b8d-7694-47ca-969e-4a06e1269bfe][d889bfbd-3833-4a0f-a1b1-c28b24c104cd] Generating... 0 ready, 0 failed / 2 total (43s) play_circle 32% [HÀN play_circle 32% [HÀN
2026-09-05T04:51:03.920Z [8b55736a-4122-46aa-bcc4-d3769b215f83][d889bfbd-3833-4a0f-a1b1-c28b24c104cd] Generating... 0 ready, 0 failed / 2 total (42s) play_circle 31% [HÀN play_circle 31% [HÀN
2026-09-05T04:51:04.998Z [006c373f-dce3-4440-8a7d-7278d7dbdfdb][d889bfbd-3833-4a0f-a1b1-c28b24c104cd] Generating... 0 ready, 0 failed / 2 total (42s) play_circle 32% [HÀN play_circle 32% [HÀN
2026-09-05T04:51:05.651Z [73c9612b-a11a-4097-a8e0-3efa60763985][d889bfbd-3833-4a0f-a1b1-c28b24c104cd] Generating... 0 ready, 0 failed / 2 total (45s) play_circle 36% [HÀN play_circle 36% [HÀN
2026-09-05T04:51:06.638Z [f06f5b8d-7694-47ca-969e-4a06e1269bfe][d889bfbd-3833-4a0f-a1b1-c28b24c104cd] Generating... 0 ready, 0 failed / 2 total (46s) play_circle 100% [HÀ play_circle 100% [HÀ
2026-09-05T04:51:06.938Z [8b55736a-4122-46aa-bcc4-d3769b215f83][d889bfbd-3833-4a0f-a1b1-c28b24c104cd] Generating... 0 ready, 0 failed / 2 total (45s) play_circle 34% [HÀN play_circle 34% [HÀN
2026-09-05T04:51:08.020Z [006c373f-dce3-4440-8a7d-7278d7dbdfdb][d889bfbd-3833-4a0f-a1b1-c28b24c104cd] Generating... 0 ready, 0 failed / 2 total (45s) play_circle 35% [HÀN play_circle 35% [HÀN
2026-09-05T04:51:08.669Z [73c9612b-a11a-4097-a8e0-3efa60763985][d889bfbd-3833-4a0f-a1b1-c28b24c104cd] Generating... 0 ready, 0 failed / 2 total (48s) play_circle 38% [HÀN play_circle 39% [HÀN
2026-09-05T04:51:09.655Z [f06f5b8d-7694-47ca-969e-4a06e1269bfe][d889bfbd-3833-4a0f-a1b1-c28b24c104cd] Generating... 0 ready, 0 failed / 2 total (49s) play_circle 100% [HÀ play_circle 100% [HÀ
2026-09-05T04:51:09.968Z [8b55736a-4122-46aa-bcc4-d3769b215f83][d889bfbd-3833-4a0f-a1b1-c28b24c104cd] Generating... 0 ready, 0 failed / 2 total (48s) play_circle 37% [HÀN play_circle 36% [HÀN
2026-09-05T04:51:11.037Z [006c373f-dce3-4440-8a7d-7278d7dbdfdb][d889bfbd-3833-4a0f-a1b1-c28b24c104cd] Generating... 0 ready, 0 failed / 2 total (48s) play_circle 37% [HÀN play_circle 37% [HÀN
2026-09-05T04:51:11.686Z [73c9612b-a11a-4097-a8e0-3efa60763985][d889bfbd-3833-4a0f-a1b1-c28b24c104cd] Generating... 0 ready, 0 failed / 2 total (51s) play_circle 100% [HÀ play_circle 41% [HÀN
2026-09-05T04:51:12.680Z [f06f5b8d-7694-47ca-969e-4a06e1269bfe][d889bfbd-3833-4a0f-a1b1-c28b24c104cd] Generating... 1 ready, 0 failed / 2 total (52s) [HÀNH ĐỘNG]Bắt đầu đ
2026-09-05T04:51:12.988Z [8b55736a-4122-46aa-bcc4-d3769b215f83][d889bfbd-3833-4a0f-a1b1-c28b24c104cd] Generating... 0 ready, 0 failed / 2 total (51s) play_circle 100% [HÀ play_circle 100% [HÀ
2026-09-05T04:51:14.057Z [006c373f-dce3-4440-8a7d-7278d7dbdfdb][d889bfbd-3833-4a0f-a1b1-c28b24c104cd] Generating... 0 ready, 0 failed / 2 total (52s) play_circle 100% [HÀ play_circle 100% [HÀ
2026-09-05T04:51:14.700Z [73c9612b-a11a-4097-a8e0-3efa60763985][d889bfbd-3833-4a0f-a1b1-c28b24c104cd] Generating... 0 ready, 0 failed / 2 total (54s) play_circle 100% [HÀ play_circle 44% [HÀN
2026-09-05T04:51:15.699Z [f06f5b8d-7694-47ca-969e-4a06e1269bfe][d889bfbd-3833-4a0f-a1b1-c28b24c104cd] Generating... 2 ready, 0 failed / 2 total (55s)
2026-09-05T04:51:15.700Z [f06f5b8d-7694-47ca-969e-4a06e1269bfe][d889bfbd-3833-4a0f-a1b1-c28b24c104cd] Batch done: 2 ready (target 2), 0 failed, scanned 2.
2026-09-05T04:51:15.700Z [f06f5b8d-7694-47ca-969e-4a06e1269bfe][d889bfbd-3833-4a0f-a1b1-c28b24c104cd] 2 item(s) ready! Downloading...
2026-09-05T04:51:15.700Z [f06f5b8d-7694-47ca-969e-4a06e1269bfe][d889bfbd-3833-4a0f-a1b1-c28b24c104cd] Item 1: no video source on the tile yet — hovering it to mount one.
2026-09-05T04:51:16.004Z [8b55736a-4122-46aa-bcc4-d3769b215f83][d889bfbd-3833-4a0f-a1b1-c28b24c104cd] Generating... 0 ready, 0 failed / 2 total (55s) play_circle 100% [HÀ play_circle 100% [HÀ
2026-09-05T04:51:17.077Z [006c373f-dce3-4440-8a7d-7278d7dbdfdb][d889bfbd-3833-4a0f-a1b1-c28b24c104cd] Generating... 0 ready, 0 failed / 2 total (55s) [HÀNH ĐỘNG]Bắt đầu đ [HÀNH ĐỘNG]Bắt đầu đ
2026-09-05T04:51:17.522Z [f06f5b8d-7694-47ca-969e-4a06e1269bfe][d889bfbd-3833-4a0f-a1b1-c28b24c104cd] Item 1: Downloading from URL https://flow-content.google/video/05a1b723-ee99-4602-8dd1-3a5993c049bf?Expires=1788605466&KeyName=labs-flow-prod-cdn-key&Signature=GZDKwLUmWXbO6nbJVJLGMxWiP7U
2026-09-05T04:51:17.726Z [73c9612b-a11a-4097-a8e0-3efa60763985][d889bfbd-3833-4a0f-a1b1-c28b24c104cd] Generating... 0 ready, 0 failed / 2 total (57s) [HÀNH ĐỘNG]Bắt đầu đ play_circle 47% [HÀN
2026-09-05T04:51:18.855Z [f06f5b8d-7694-47ca-969e-4a06e1269bfe][d889bfbd-3833-4a0f-a1b1-c28b24c104cd] Downloaded 1/2: video_2026-09-05T04-51-15_01.mp4
2026-09-05T04:51:18.855Z [f06f5b8d-7694-47ca-969e-4a06e1269bfe][d889bfbd-3833-4a0f-a1b1-c28b24c104cd] Item 2: no video source on the tile yet — hovering it to mount one.
2026-09-05T04:51:19.018Z [8b55736a-4122-46aa-bcc4-d3769b215f83][d889bfbd-3833-4a0f-a1b1-c28b24c104cd] Generating... 0 ready, 0 failed / 2 total (58s) [HÀNH ĐỘNG]Bắt đầu đ [HÀNH ĐỘNG]Bắt đầu đ
2026-09-05T04:51:20.091Z [006c373f-dce3-4440-8a7d-7278d7dbdfdb][d889bfbd-3833-4a0f-a1b1-c28b24c104cd] Generating... 2 ready, 0 failed / 2 total (58s)
2026-09-05T04:51:20.092Z [006c373f-dce3-4440-8a7d-7278d7dbdfdb][d889bfbd-3833-4a0f-a1b1-c28b24c104cd] Batch done: 2 ready (target 2), 0 failed, scanned 2.
2026-09-05T04:51:20.092Z [006c373f-dce3-4440-8a7d-7278d7dbdfdb][d889bfbd-3833-4a0f-a1b1-c28b24c104cd] 2 item(s) ready! Downloading...
2026-09-05T04:51:20.093Z [006c373f-dce3-4440-8a7d-7278d7dbdfdb][d889bfbd-3833-4a0f-a1b1-c28b24c104cd] Item 1: no video source on the tile yet — hovering it to mount one.
2026-09-05T04:51:20.277Z [f06f5b8d-7694-47ca-969e-4a06e1269bfe][d889bfbd-3833-4a0f-a1b1-c28b24c104cd] Item 2: Downloading from URL https://flow-content.google/video/4b888786-5c7a-4d5f-aa33-bddd4561ada3?Expires=1788605466&KeyName=labs-flow-prod-cdn-key&Signature=s-ZVTr9XakHnvxHPB6_Wr5N1eio
2026-09-05T04:51:20.841Z [73c9612b-a11a-4097-a8e0-3efa60763985][d889bfbd-3833-4a0f-a1b1-c28b24c104cd] Generating... 1 ready, 0 failed / 2 total (61s) play_circle 100% [HÀ
2026-09-05T04:51:21.638Z [006c373f-dce3-4440-8a7d-7278d7dbdfdb][d889bfbd-3833-4a0f-a1b1-c28b24c104cd] Item 1: Downloading from URL https://flow-content.google/video/491be86f-5e3b-401d-a752-5409bdf6ad9f?Expires=1788605472&KeyName=labs-flow-prod-cdn-key&Signature=XF0AYNxqnzozBxRH0FH1K1r7yic
2026-09-05T04:51:21.705Z [f06f5b8d-7694-47ca-969e-4a06e1269bfe][d889bfbd-3833-4a0f-a1b1-c28b24c104cd] Downloaded 2/2: video_2026-09-05T04-51-15_02.mp4
2026-09-05T04:51:21.705Z [f06f5b8d-7694-47ca-969e-4a06e1269bfe][d889bfbd-3833-4a0f-a1b1-c28b24c104cd] ✅ 2 item(s) saved to Downloads/Win AI Toolkit/
2026-09-05T04:51:22.048Z [8b55736a-4122-46aa-bcc4-d3769b215f83][d889bfbd-3833-4a0f-a1b1-c28b24c104cd] Generating... 2 ready, 0 failed / 2 total (61s)
2026-09-05T04:51:22.048Z [8b55736a-4122-46aa-bcc4-d3769b215f83][d889bfbd-3833-4a0f-a1b1-c28b24c104cd] Batch done: 2 ready (target 2), 0 failed, scanned 2.
2026-09-05T04:51:22.049Z [8b55736a-4122-46aa-bcc4-d3769b215f83][d889bfbd-3833-4a0f-a1b1-c28b24c104cd] 2 item(s) ready! Downloading...
2026-09-05T04:51:22.050Z [8b55736a-4122-46aa-bcc4-d3769b215f83][d889bfbd-3833-4a0f-a1b1-c28b24c104cd] Item 1: no video source on the tile yet — hovering it to mount one.
2026-09-05T04:51:23.474Z [8b55736a-4122-46aa-bcc4-d3769b215f83][d889bfbd-3833-4a0f-a1b1-c28b24c104cd] Item 1: Downloading from URL https://flow-content.google/video/7d06c963-fccc-4b3d-81c7-5ea9255b4203?Expires=1788605471&KeyName=labs-flow-prod-cdn-key&Signature=pANkNfSPVJ4tBKdteo50zltuNJE
2026-09-05T04:51:23.692Z [006c373f-dce3-4440-8a7d-7278d7dbdfdb][d889bfbd-3833-4a0f-a1b1-c28b24c104cd] Downloaded 1/2: video_2026-09-05T04-51-20_01.mp4
2026-09-05T04:51:23.694Z [006c373f-dce3-4440-8a7d-7278d7dbdfdb][d889bfbd-3833-4a0f-a1b1-c28b24c104cd] Item 2: no video source on the tile yet — hovering it to mount one.
2026-09-05T04:51:23.853Z [73c9612b-a11a-4097-a8e0-3efa60763985][d889bfbd-3833-4a0f-a1b1-c28b24c104cd] Generating... 1 ready, 0 failed / 2 total (64s) play_circle 100% [HÀ
2026-09-05T04:51:25.388Z [006c373f-dce3-4440-8a7d-7278d7dbdfdb][d889bfbd-3833-4a0f-a1b1-c28b24c104cd] Item 2: Downloading from URL https://flow-content.google/video/37863d60-d4b5-41c8-a585-775ffe17c78e?Expires=1788605472&KeyName=labs-flow-prod-cdn-key&Signature=mALSUlb1fLj1X-mGI2xEbbgpuKo
2026-09-05T04:51:25.861Z [8b55736a-4122-46aa-bcc4-d3769b215f83][d889bfbd-3833-4a0f-a1b1-c28b24c104cd] Downloaded 1/2: video_2026-09-05T04-51-22_01.mp4
2026-09-05T04:51:25.864Z [8b55736a-4122-46aa-bcc4-d3769b215f83][d889bfbd-3833-4a0f-a1b1-c28b24c104cd] Item 2: no video source on the tile yet — hovering it to mount one.
2026-09-05T04:51:26.871Z [73c9612b-a11a-4097-a8e0-3efa60763985][d889bfbd-3833-4a0f-a1b1-c28b24c104cd] Generating... 1 ready, 0 failed / 2 total (67s) [HÀNH ĐỘNG]Bắt đầu đ
2026-09-05T04:51:27.293Z [006c373f-dce3-4440-8a7d-7278d7dbdfdb][d889bfbd-3833-4a0f-a1b1-c28b24c104cd] Downloaded 2/2: video_2026-09-05T04-51-20_02.mp4
2026-09-05T04:51:27.294Z [006c373f-dce3-4440-8a7d-7278d7dbdfdb][d889bfbd-3833-4a0f-a1b1-c28b24c104cd] ✅ 2 item(s) saved to Downloads/Win AI Toolkit/
2026-09-05T04:51:27.789Z [8b55736a-4122-46aa-bcc4-d3769b215f83][d889bfbd-3833-4a0f-a1b1-c28b24c104cd] Item 2: Downloading from URL https://flow-content.google/video/e5f0ea98-d757-4c1c-ab22-b97fda1566f6?Expires=1788605471&KeyName=labs-flow-prod-cdn-key&Signature=Ae9VUDJRvKw6tOtQGyaVVZgyX38
2026-09-05T04:51:29.058Z [8b55736a-4122-46aa-bcc4-d3769b215f83][d889bfbd-3833-4a0f-a1b1-c28b24c104cd] Downloaded 2/2: video_2026-09-05T04-51-22_02.mp4
2026-09-05T04:51:29.059Z [8b55736a-4122-46aa-bcc4-d3769b215f83][d889bfbd-3833-4a0f-a1b1-c28b24c104cd] ✅ 2 item(s) saved to Downloads/Win AI Toolkit/
2026-09-05T04:51:29.885Z [73c9612b-a11a-4097-a8e0-3efa60763985][d889bfbd-3833-4a0f-a1b1-c28b24c104cd] Generating... 2 ready, 0 failed / 2 total (70s)
2026-09-05T04:51:29.886Z [73c9612b-a11a-4097-a8e0-3efa60763985][d889bfbd-3833-4a0f-a1b1-c28b24c104cd] Batch done: 2 ready (target 2), 0 failed, scanned 2.
2026-09-05T04:51:29.886Z [73c9612b-a11a-4097-a8e0-3efa60763985][d889bfbd-3833-4a0f-a1b1-c28b24c104cd] 2 item(s) ready! Downloading...
2026-09-05T04:51:29.887Z [73c9612b-a11a-4097-a8e0-3efa60763985][d889bfbd-3833-4a0f-a1b1-c28b24c104cd] Item 1: no video source on the tile yet — hovering it to mount one.
2026-09-05T04:51:31.676Z [73c9612b-a11a-4097-a8e0-3efa60763985][d889bfbd-3833-4a0f-a1b1-c28b24c104cd] Item 1: Downloading from URL https://flow-content.google/video/272552f5-e81e-493f-9283-741a7001c0bf?Expires=1788605470&KeyName=labs-flow-prod-cdn-key&Signature=jejPMkvPPSiEAft6X8nM3Qldrp4
2026-09-05T04:51:33.292Z [73c9612b-a11a-4097-a8e0-3efa60763985][d889bfbd-3833-4a0f-a1b1-c28b24c104cd] Downloaded 1/2: video_2026-09-05T04-51-29_01.mp4
2026-09-05T04:51:33.294Z [73c9612b-a11a-4097-a8e0-3efa60763985][d889bfbd-3833-4a0f-a1b1-c28b24c104cd] Item 2: no video source on the tile yet — hovering it to mount one.
2026-09-05T04:51:35.301Z [73c9612b-a11a-4097-a8e0-3efa60763985][d889bfbd-3833-4a0f-a1b1-c28b24c104cd] Item 2: Downloading from URL https://flow-content.google/video/9c73208f-30bd-44f7-a29c-d94ac0ed2d29?Expires=1788605480&KeyName=labs-flow-prod-cdn-key&Signature=dGSSWrQNVeh0Xg12PSH3BqxEFb4
2026-09-05T04:51:37.260Z [73c9612b-a11a-4097-a8e0-3efa60763985][d889bfbd-3833-4a0f-a1b1-c28b24c104cd] Downloaded 2/2: video_2026-09-05T04-51-29_02.mp4
2026-09-05T04:51:37.261Z [73c9612b-a11a-4097-a8e0-3efa60763985][d889bfbd-3833-4a0f-a1b1-c28b24c104cd] ✅ 2 item(s) saved to Downloads/Win AI Toolkit/
2026-09-05T04:52:05.602Z [f06f5b8d-7694-47ca-969e-4a06e1269bfe][d889bfbd-3833-4a0f-a1b1-c28b24c104cd] Item 1 (try 1): 1080p saved via the UI download flow.
2026-09-05T04:52:05.679Z [f06f5b8d-7694-47ca-969e-4a06e1269bfe][d889bfbd-3833-4a0f-a1b1-c28b24c104cd] Item 1: upgraded to 1080p → D:\WINAI\Slow-English-with-Arlo_7_2_cmtlc8wi\video_2026-09-05T04-51-15_01.mp4
2026-09-05T04:52:16.142Z [006c373f-dce3-4440-8a7d-7278d7dbdfdb][d889bfbd-3833-4a0f-a1b1-c28b24c104cd] Item 1 (try 1): 1080p saved via the UI download flow.
2026-09-05T04:52:16.245Z [006c373f-dce3-4440-8a7d-7278d7dbdfdb][d889bfbd-3833-4a0f-a1b1-c28b24c104cd] Item 1: upgraded to 1080p → D:\WINAI\Slow-English-with-Arlo_7_4_cmtlc8wi\video_2026-09-05T04-51-20_01.mp4
2026-09-05T04:52:21.710Z [73c9612b-a11a-4097-a8e0-3efa60763985][d889bfbd-3833-4a0f-a1b1-c28b24c104cd] Item 1 (try 1): 1080p saved via the UI download flow.
2026-09-05T04:52:21.781Z [73c9612b-a11a-4097-a8e0-3efa60763985][d889bfbd-3833-4a0f-a1b1-c28b24c104cd] Item 1: upgraded to 1080p → D:\WINAI\Slow-English-with-Arlo_7_3_cmtlc8wi\video_2026-09-05T04-51-29_01.mp4
2026-09-05T04:52:26.599Z [8b55736a-4122-46aa-bcc4-d3769b215f83][d889bfbd-3833-4a0f-a1b1-c28b24c104cd] Item 1 (try 1): 1080p saved via the UI download flow.
2026-09-05T04:52:26.710Z [8b55736a-4122-46aa-bcc4-d3769b215f83][d889bfbd-3833-4a0f-a1b1-c28b24c104cd] Item 1: upgraded to 1080p → D:\WINAI\Slow-English-with-Arlo_7_1_cmtlc8wi\video_2026-09-05T04-51-22_01.mp4
2026-09-05T04:52:44.926Z [f06f5b8d-7694-47ca-969e-4a06e1269bfe][d889bfbd-3833-4a0f-a1b1-c28b24c104cd] Item 2 (try 1): 1080p saved via the UI download flow.
2026-09-05T04:52:45.019Z [f06f5b8d-7694-47ca-969e-4a06e1269bfe][d889bfbd-3833-4a0f-a1b1-c28b24c104cd] Item 2: upgraded to 1080p → D:\WINAI\Slow-English-with-Arlo_7_2_cmtlc8wi\video_2026-09-05T04-51-15_02.mp4
2026-09-05T04:52:45.020Z [f06f5b8d-7694-47ca-969e-4a06e1269bfe][d889bfbd-3833-4a0f-a1b1-c28b24c104cd] Uploading 2 video(s) to Xanh...
2026-09-05T04:52:45.592Z [f06f5b8d-7694-47ca-969e-4a06e1269bfe][d889bfbd-3833-4a0f-a1b1-c28b24c104cd] Item 1: Re-uploaded 1080p → https://studio.xanhmedia.vn/uploads/2026-09/1788583965359_bccf01_d889bfbd-3833-4a0f-a1b1-c28b24c104cd_f06.mp4
2026-09-05T04:52:48.513Z [f06f5b8d-7694-47ca-969e-4a06e1269bfe][d889bfbd-3833-4a0f-a1b1-c28b24c104cd] Item 2: Re-uploaded 1080p → https://studio.xanhmedia.vn/uploads/2026-09/1788583968277_bcb75f_d889bfbd-3833-4a0f-a1b1-c28b24c104cd_f06.mp4
2026-09-05T04:52:48.514Z [f06f5b8d-7694-47ca-969e-4a06e1269bfe][d889bfbd-3833-4a0f-a1b1-c28b24c104cd] ✅ 2 item(s) + 1080p saved to Downloads/Win AI Toolkit/
2026-09-05T04:52:48.516Z [f06f5b8d-7694-47ca-969e-4a06e1269bfe][d889bfbd-3833-4a0f-a1b1-c28b24c104cd] All done (including any 1080p upgrades). Closing Playwright browser context.
2026-09-05T04:52:49.199Z [88626556-aeb7-47f0-b17b-64976aae6973][d889bfbd-3833-4a0f-a1b1-c28b24c104cd] runGeneration starting: task_id=88626556-aeb7-47f0-b17b-64976aae6973, profile_id=d889bfbd-3833-4a0f-a1b1-c28b24c104cd, target_site=google_flow
2026-09-05T04:52:49.200Z [88626556-aeb7-47f0-b17b-64976aae6973][d889bfbd-3833-4a0f-a1b1-c28b24c104cd] Opening Playwright browser with persistent profile cookies...
2026-09-05T04:52:49.200Z [88626556-aeb7-47f0-b17b-64976aae6973][d889bfbd-3833-4a0f-a1b1-c28b24c104cd] Browser engine: winhide (C:\Users\Admin\AppData\Roaming\com.tank.winai\winhide\chrome.exe) [hidden off-screen]
2026-09-05T04:52:49.201Z [88626556-aeb7-47f0-b17b-64976aae6973][d889bfbd-3833-4a0f-a1b1-c28b24c104cd] Launch mode: STEALTH (raw spawn + connectOverCDP)
2026-09-05T04:52:51.278Z [88626556-aeb7-47f0-b17b-64976aae6973][d889bfbd-3833-4a0f-a1b1-c28b24c104cd] Exit IP: 115.74.128.9
2026-09-05T04:52:51.279Z [88626556-aeb7-47f0-b17b-64976aae6973][d889bfbd-3833-4a0f-a1b1-c28b24c104cd] Navigating browser to Google Flow tools page...
2026-09-05T04:52:51.280Z [88626556-aeb7-47f0-b17b-64976aae6973][d889bfbd-3833-4a0f-a1b1-c28b24c104cd] Using existing project URL: https://flow.google.com/project/c2a607c5-d833-4be1-8108-407b74d4ed85?hl=en
2026-09-05T04:52:52.319Z [88626556-aeb7-47f0-b17b-64976aae6973][d889bfbd-3833-4a0f-a1b1-c28b24c104cd] Waiting for Google Flow...
2026-09-05T04:52:54.265Z [88626556-aeb7-47f0-b17b-64976aae6973][d889bfbd-3833-4a0f-a1b1-c28b24c104cd] In existing project ✓
2026-09-05T04:52:55.181Z [88626556-aeb7-47f0-b17b-64976aae6973][d889bfbd-3833-4a0f-a1b1-c28b24c104cd] dismissPopups: unresolved overlay(s) ["IFRAME[presentation]|btns="]
2026-09-05T04:52:58.046Z [88626556-aeb7-47f0-b17b-64976aae6973][d889bfbd-3833-4a0f-a1b1-c28b24c104cd] Composer ready ✓ (UI language: en)
2026-09-05T04:52:58.079Z [88626556-aeb7-47f0-b17b-64976aae6973][d889bfbd-3833-4a0f-a1b1-c28b24c104cd] dismissPopups: unresolved overlay(s) ["DIV[]|btns=","DIV[]|btns="]
2026-09-05T04:52:58.094Z [88626556-aeb7-47f0-b17b-64976aae6973][d889bfbd-3833-4a0f-a1b1-c28b24c104cd] Agent toggle aria-pressed=false
2026-09-05T04:52:58.095Z [88626556-aeb7-47f0-b17b-64976aae6973][d889bfbd-3833-4a0f-a1b1-c28b24c104cd] Opening settings...
2026-09-05T04:53:00.159Z [88626556-aeb7-47f0-b17b-64976aae6973][d889bfbd-3833-4a0f-a1b1-c28b24c104cd] Configuring video settings...
2026-09-05T04:53:00.184Z [88626556-aeb7-47f0-b17b-64976aae6973][d889bfbd-3833-4a0f-a1b1-c28b24c104cd] Mode: "videocam Video" already selected ✓
2026-09-05T04:53:00.722Z [006c373f-dce3-4440-8a7d-7278d7dbdfdb][d889bfbd-3833-4a0f-a1b1-c28b24c104cd] Item 2 (try 1): 1080p saved via the UI download flow.
2026-09-05T04:53:00.791Z [006c373f-dce3-4440-8a7d-7278d7dbdfdb][d889bfbd-3833-4a0f-a1b1-c28b24c104cd] Item 2: upgraded to 1080p → D:\WINAI\Slow-English-with-Arlo_7_4_cmtlc8wi\video_2026-09-05T04-51-20_02.mp4
2026-09-05T04:53:00.792Z [006c373f-dce3-4440-8a7d-7278d7dbdfdb][d889bfbd-3833-4a0f-a1b1-c28b24c104cd] Uploading 2 video(s) to Xanh...
2026-09-05T04:53:01.494Z [006c373f-dce3-4440-8a7d-7278d7dbdfdb][d889bfbd-3833-4a0f-a1b1-c28b24c104cd] Item 1: Re-uploaded 1080p → https://studio.xanhmedia.vn/uploads/2026-09/1788583981253_7d7fd2_d889bfbd-3833-4a0f-a1b1-c28b24c104cd_006.mp4
2026-09-05T04:53:01.557Z [006c373f-dce3-4440-8a7d-7278d7dbdfdb][d889bfbd-3833-4a0f-a1b1-c28b24c104cd] Item 2: Re-uploaded 1080p → https://studio.xanhmedia.vn/uploads/2026-09/1788583981314_4c22db_d889bfbd-3833-4a0f-a1b1-c28b24c104cd_006.mp4
2026-09-05T04:53:01.557Z [006c373f-dce3-4440-8a7d-7278d7dbdfdb][d889bfbd-3833-4a0f-a1b1-c28b24c104cd] ✅ 2 item(s) + 1080p saved to Downloads/Win AI Toolkit/
2026-09-05T04:53:01.560Z [006c373f-dce3-4440-8a7d-7278d7dbdfdb][d889bfbd-3833-4a0f-a1b1-c28b24c104cd] All done (including any 1080p upgrades). Closing Playwright browser context.
2026-09-05T04:53:02.719Z [1c987596-c708-4fee-9820-ef95e2c97d5a][d889bfbd-3833-4a0f-a1b1-c28b24c104cd] runGeneration starting: task_id=1c987596-c708-4fee-9820-ef95e2c97d5a, profile_id=d889bfbd-3833-4a0f-a1b1-c28b24c104cd, target_site=google_flow
2026-09-05T04:53:02.720Z [1c987596-c708-4fee-9820-ef95e2c97d5a][d889bfbd-3833-4a0f-a1b1-c28b24c104cd] Opening Playwright browser with persistent profile cookies...
2026-09-05T04:53:02.722Z [1c987596-c708-4fee-9820-ef95e2c97d5a][d889bfbd-3833-4a0f-a1b1-c28b24c104cd] Browser engine: winhide (C:\Users\Admin\AppData\Roaming\com.tank.winai\winhide\chrome.exe) [hidden off-screen]
2026-09-05T04:53:02.724Z [1c987596-c708-4fee-9820-ef95e2c97d5a][d889bfbd-3833-4a0f-a1b1-c28b24c104cd] Launch mode: STEALTH (raw spawn + connectOverCDP)
2026-09-05T04:53:02.854Z [88626556-aeb7-47f0-b17b-64976aae6973][d889bfbd-3833-4a0f-a1b1-c28b24c104cd] Video type: selected "crop_free Frames" ✓
2026-09-05T04:53:05.167Z [73c9612b-a11a-4097-a8e0-3efa60763985][d889bfbd-3833-4a0f-a1b1-c28b24c104cd] Item 2 (try 1): 1080p saved via the UI download flow.
2026-09-05T04:53:05.226Z [73c9612b-a11a-4097-a8e0-3efa60763985][d889bfbd-3833-4a0f-a1b1-c28b24c104cd] Item 2: upgraded to 1080p → D:\WINAI\Slow-English-with-Arlo_7_3_cmtlc8wi\video_2026-09-05T04-51-29_02.mp4
2026-09-05T04:53:05.227Z [73c9612b-a11a-4097-a8e0-3efa60763985][d889bfbd-3833-4a0f-a1b1-c28b24c104cd] Uploading 2 video(s) to Xanh...
2026-09-05T04:53:05.947Z [73c9612b-a11a-4097-a8e0-3efa60763985][d889bfbd-3833-4a0f-a1b1-c28b24c104cd] Item 1: Re-uploaded 1080p → https://studio.xanhmedia.vn/uploads/2026-09/1788583985701_c65279_d889bfbd-3833-4a0f-a1b1-c28b24c104cd_73c.mp4
2026-09-05T04:53:06.232Z [1c987596-c708-4fee-9820-ef95e2c97d5a][d889bfbd-3833-4a0f-a1b1-c28b24c104cd] Exit IP: 115.74.128.9
2026-09-05T04:53:06.233Z [1c987596-c708-4fee-9820-ef95e2c97d5a][d889bfbd-3833-4a0f-a1b1-c28b24c104cd] Navigating browser to Google Flow tools page...
2026-09-05T04:53:06.233Z [1c987596-c708-4fee-9820-ef95e2c97d5a][d889bfbd-3833-4a0f-a1b1-c28b24c104cd] Using existing project URL: https://flow.google.com/project/cae2bf2b-d1b8-40f9-a300-9f2aa6276ea5?hl=en
2026-09-05T04:53:07.241Z [1c987596-c708-4fee-9820-ef95e2c97d5a][d889bfbd-3833-4a0f-a1b1-c28b24c104cd] Waiting for Google Flow...
2026-09-05T04:53:07.835Z [88626556-aeb7-47f0-b17b-64976aae6973][d889bfbd-3833-4a0f-a1b1-c28b24c104cd] Model: selected "Veo 3.1 - Lite [Lower Priority]" ✓
2026-09-05T04:53:08.576Z [88626556-aeb7-47f0-b17b-64976aae6973][d889bfbd-3833-4a0f-a1b1-c28b24c104cd] Aspect ratio: "crop_16_9 16:9" already selected ✓
2026-09-05T04:53:08.580Z [88626556-aeb7-47f0-b17b-64976aae6973][d889bfbd-3833-4a0f-a1b1-c28b24c104cd] Video resolution: toggle group "Video resolution" not present (model may not offer it) — skipped.
2026-09-05T04:53:08.618Z [88626556-aeb7-47f0-b17b-64976aae6973][d889bfbd-3833-4a0f-a1b1-c28b24c104cd] Duration: "8s" already selected ✓
2026-09-05T04:53:08.694Z [88626556-aeb7-47f0-b17b-64976aae6973][d889bfbd-3833-4a0f-a1b1-c28b24c104cd] Output count: "x2" already selected ✓
2026-09-05T04:53:09.510Z [1c987596-c708-4fee-9820-ef95e2c97d5a][d889bfbd-3833-4a0f-a1b1-c28b24c104cd] In existing project ✓
2026-09-05T04:53:09.794Z [88626556-aeb7-47f0-b17b-64976aae6973][d889bfbd-3833-4a0f-a1b1-c28b24c104cd] Start keyframe: downloading from URL...
2026-09-05T04:53:09.960Z [88626556-aeb7-47f0-b17b-64976aae6973][d889bfbd-3833-4a0f-a1b1-c28b24c104cd] Downloader: no-proxy request context ready.
2026-09-05T04:53:10.251Z [88626556-aeb7-47f0-b17b-64976aae6973][d889bfbd-3833-4a0f-a1b1-c28b24c104cd] Start keyframe: saved 121892 bytes (image/png) as "1788441492079_91c239_winai_2026-09-03T13-17-04_04.png"
2026-09-05T04:53:10.268Z [88626556-aeb7-47f0-b17b-64976aae6973][d889bfbd-3833-4a0f-a1b1-c28b24c104cd] Start keyframe: setting start keyframe...
2026-09-05T04:53:10.539Z [73c9612b-a11a-4097-a8e0-3efa60763985][d889bfbd-3833-4a0f-a1b1-c28b24c104cd] Item 2: Re-uploaded 1080p → https://studio.xanhmedia.vn/uploads/2026-09/1788583990290_688be1_d889bfbd-3833-4a0f-a1b1-c28b24c104cd_73c.mp4
2026-09-05T04:53:10.540Z [73c9612b-a11a-4097-a8e0-3efa60763985][d889bfbd-3833-4a0f-a1b1-c28b24c104cd] ✅ 2 item(s) + 1080p saved to Downloads/Win AI Toolkit/
2026-09-05T04:53:10.543Z [73c9612b-a11a-4097-a8e0-3efa60763985][d889bfbd-3833-4a0f-a1b1-c28b24c104cd] All done (including any 1080p upgrades). Closing Playwright browser context.
2026-09-05T04:53:10.626Z [1c987596-c708-4fee-9820-ef95e2c97d5a][d889bfbd-3833-4a0f-a1b1-c28b24c104cd] dismissPopups: unresolved overlay(s) ["IFRAME[presentation]|btns="]
2026-09-05T04:53:11.874Z [d7188a5f-2c00-49e1-a8af-bcb686db11b5][d889bfbd-3833-4a0f-a1b1-c28b24c104cd] runGeneration starting: task_id=d7188a5f-2c00-49e1-a8af-bcb686db11b5, profile_id=d889bfbd-3833-4a0f-a1b1-c28b24c104cd, target_site=google_flow
2026-09-05T04:53:11.876Z [d7188a5f-2c00-49e1-a8af-bcb686db11b5][d889bfbd-3833-4a0f-a1b1-c28b24c104cd] Opening Playwright browser with persistent profile cookies...
2026-09-05T04:53:11.876Z [d7188a5f-2c00-49e1-a8af-bcb686db11b5][d889bfbd-3833-4a0f-a1b1-c28b24c104cd] Browser engine: winhide (C:\Users\Admin\AppData\Roaming\com.tank.winai\winhide\chrome.exe) [hidden off-screen]
2026-09-05T04:53:11.878Z [d7188a5f-2c00-49e1-a8af-bcb686db11b5][d889bfbd-3833-4a0f-a1b1-c28b24c104cd] Launch mode: STEALTH (raw spawn + connectOverCDP)
2026-09-05T04:53:12.171Z [88626556-aeb7-47f0-b17b-64976aae6973][d889bfbd-3833-4a0f-a1b1-c28b24c104cd] Start keyframe: "1788441492079_91c239_winai_2026-09-03T13-17-04_04.png" not in the library yet — uploading it first.
2026-09-05T04:53:12.434Z [1c987596-c708-4fee-9820-ef95e2c97d5a][d889bfbd-3833-4a0f-a1b1-c28b24c104cd] Composer ready ✓ (UI language: en)
2026-09-05T04:53:12.482Z [1c987596-c708-4fee-9820-ef95e2c97d5a][d889bfbd-3833-4a0f-a1b1-c28b24c104cd] dismissPopups: unresolved overlay(s) ["DIV[]|btns=","DIV[]|btns="]
2026-09-05T04:53:12.500Z [1c987596-c708-4fee-9820-ef95e2c97d5a][d889bfbd-3833-4a0f-a1b1-c28b24c104cd] Agent toggle aria-pressed=false
2026-09-05T04:53:12.501Z [1c987596-c708-4fee-9820-ef95e2c97d5a][d889bfbd-3833-4a0f-a1b1-c28b24c104cd] Opening settings...
2026-09-05T04:53:13.663Z [d7188a5f-2c00-49e1-a8af-bcb686db11b5][d889bfbd-3833-4a0f-a1b1-c28b24c104cd] Exit IP: 115.74.128.9
2026-09-05T04:53:13.664Z [d7188a5f-2c00-49e1-a8af-bcb686db11b5][d889bfbd-3833-4a0f-a1b1-c28b24c104cd] Navigating browser to Google Flow tools page...
2026-09-05T04:53:13.664Z [d7188a5f-2c00-49e1-a8af-bcb686db11b5][d889bfbd-3833-4a0f-a1b1-c28b24c104cd] Using existing project URL: https://flow.google.com/project/cd81a7d3-c989-419e-891a-f8694174cb85?hl=en
2026-09-05T04:53:14.396Z [1c987596-c708-4fee-9820-ef95e2c97d5a][d889bfbd-3833-4a0f-a1b1-c28b24c104cd] Configuring video settings...
2026-09-05T04:53:14.424Z [1c987596-c708-4fee-9820-ef95e2c97d5a][d889bfbd-3833-4a0f-a1b1-c28b24c104cd] Mode: "videocam Video" already selected ✓
2026-09-05T04:53:14.527Z [d7188a5f-2c00-49e1-a8af-bcb686db11b5][d889bfbd-3833-4a0f-a1b1-c28b24c104cd] Waiting for Google Flow...
2026-09-05T04:53:16.276Z [8b55736a-4122-46aa-bcc4-d3769b215f83][d889bfbd-3833-4a0f-a1b1-c28b24c104cd] Item 2 (try 1): 1080p saved via the UI download flow.
2026-09-05T04:53:16.389Z [8b55736a-4122-46aa-bcc4-d3769b215f83][d889bfbd-3833-4a0f-a1b1-c28b24c104cd] Item 2: upgraded to 1080p → D:\WINAI\Slow-English-with-Arlo_7_1_cmtlc8wi\video_2026-09-05T04-51-22_02.mp4
2026-09-05T04:53:16.390Z [8b55736a-4122-46aa-bcc4-d3769b215f83][d889bfbd-3833-4a0f-a1b1-c28b24c104cd] Uploading 2 video(s) to Xanh...
2026-09-05T04:53:16.548Z [d7188a5f-2c00-49e1-a8af-bcb686db11b5][d889bfbd-3833-4a0f-a1b1-c28b24c104cd] In existing project ✓
2026-09-05T04:53:16.691Z [88626556-aeb7-47f0-b17b-64976aae6973][d889bfbd-3833-4a0f-a1b1-c28b24c104cd] Start keyframe: uploading "1788441492079_91c239_winai_2026-09-03T13-17-04_04.png" to the project library...
2026-09-05T04:53:17.243Z [1c987596-c708-4fee-9820-ef95e2c97d5a][d889bfbd-3833-4a0f-a1b1-c28b24c104cd] Video type: selected "crop_free Frames" ✓
2026-09-05T04:53:17.629Z [d7188a5f-2c00-49e1-a8af-bcb686db11b5][d889bfbd-3833-4a0f-a1b1-c28b24c104cd] dismissPopups: unresolved overlay(s) ["IFRAME[presentation]|btns="]
2026-09-05T04:53:17.992Z [88626556-aeb7-47f0-b17b-64976aae6973][d889bfbd-3833-4a0f-a1b1-c28b24c104cd] Start keyframe: upload finished ✓
2026-09-05T04:53:18.107Z [8b55736a-4122-46aa-bcc4-d3769b215f83][d889bfbd-3833-4a0f-a1b1-c28b24c104cd] Item 1: Re-uploaded 1080p → https://studio.xanhmedia.vn/uploads/2026-09/1788583997796_77a057_d889bfbd-3833-4a0f-a1b1-c28b24c104cd_8b5.mp4
2026-09-05T04:53:19.194Z [8b55736a-4122-46aa-bcc4-d3769b215f83][d889bfbd-3833-4a0f-a1b1-c28b24c104cd] Item 2: Re-uploaded 1080p → https://studio.xanhmedia.vn/uploads/2026-09/1788583998958_89cfc9_d889bfbd-3833-4a0f-a1b1-c28b24c104cd_8b5.mp4
2026-09-05T04:53:19.195Z [8b55736a-4122-46aa-bcc4-d3769b215f83][d889bfbd-3833-4a0f-a1b1-c28b24c104cd] ✅ 2 item(s) + 1080p saved to Downloads/Win AI Toolkit/
2026-09-05T04:53:19.198Z [8b55736a-4122-46aa-bcc4-d3769b215f83][d889bfbd-3833-4a0f-a1b1-c28b24c104cd] All done (including any 1080p upgrades). Closing Playwright browser context.
2026-09-05T04:53:20.230Z [d7188a5f-2c00-49e1-a8af-bcb686db11b5][d889bfbd-3833-4a0f-a1b1-c28b24c104cd] Composer ready ✓ (UI language: en)
2026-09-05T04:53:20.253Z [d7188a5f-2c00-49e1-a8af-bcb686db11b5][d889bfbd-3833-4a0f-a1b1-c28b24c104cd] dismissPopups: unresolved overlay(s) ["DIV[]|btns=","DIV[]|btns="]
2026-09-05T04:53:20.320Z [d7188a5f-2c00-49e1-a8af-bcb686db11b5][d889bfbd-3833-4a0f-a1b1-c28b24c104cd] Agent toggle aria-pressed=false
2026-09-05T04:53:20.321Z [d7188a5f-2c00-49e1-a8af-bcb686db11b5][d889bfbd-3833-4a0f-a1b1-c28b24c104cd] Opening settings...
2026-09-05T04:53:20.787Z [1fa5a529-8058-4a78-a49d-29ed60f6f8e0][d889bfbd-3833-4a0f-a1b1-c28b24c104cd] runGeneration starting: task_id=1fa5a529-8058-4a78-a49d-29ed60f6f8e0, profile_id=d889bfbd-3833-4a0f-a1b1-c28b24c104cd, target_site=google_flow
2026-09-05T04:53:20.788Z [1fa5a529-8058-4a78-a49d-29ed60f6f8e0][d889bfbd-3833-4a0f-a1b1-c28b24c104cd] Opening Playwright browser with persistent profile cookies...
2026-09-05T04:53:20.788Z [1fa5a529-8058-4a78-a49d-29ed60f6f8e0][d889bfbd-3833-4a0f-a1b1-c28b24c104cd] Browser engine: winhide (C:\Users\Admin\AppData\Roaming\com.tank.winai\winhide\chrome.exe) [hidden off-screen]
2026-09-05T04:53:20.789Z [1fa5a529-8058-4a78-a49d-29ed60f6f8e0][d889bfbd-3833-4a0f-a1b1-c28b24c104cd] Launch mode: STEALTH (raw spawn + connectOverCDP)
2026-09-05T04:53:22.461Z [d7188a5f-2c00-49e1-a8af-bcb686db11b5][d889bfbd-3833-4a0f-a1b1-c28b24c104cd] Configuring video settings...
2026-09-05T04:53:22.488Z [d7188a5f-2c00-49e1-a8af-bcb686db11b5][d889bfbd-3833-4a0f-a1b1-c28b24c104cd] Mode: "videocam Video" already selected ✓
2026-09-05T04:53:22.760Z [1fa5a529-8058-4a78-a49d-29ed60f6f8e0][d889bfbd-3833-4a0f-a1b1-c28b24c104cd] Exit IP: 115.74.128.9
2026-09-05T04:53:22.761Z [1fa5a529-8058-4a78-a49d-29ed60f6f8e0][d889bfbd-3833-4a0f-a1b1-c28b24c104cd] Navigating browser to Google Flow tools page...
2026-09-05T04:53:22.761Z [1fa5a529-8058-4a78-a49d-29ed60f6f8e0][d889bfbd-3833-4a0f-a1b1-c28b24c104cd] Using existing project URL: https://flow.google.com/project/33ca2cc2-c9ff-4bb6-9048-2a7af1dfcfee?hl=en
2026-09-05T04:53:22.960Z [1c987596-c708-4fee-9820-ef95e2c97d5a][d889bfbd-3833-4a0f-a1b1-c28b24c104cd] Model: selected "Veo 3.1 - Lite [Lower Priority]" ✓
2026-09-05T04:53:23.534Z [1fa5a529-8058-4a78-a49d-29ed60f6f8e0][d889bfbd-3833-4a0f-a1b1-c28b24c104cd] Waiting for Google Flow...
2026-09-05T04:53:23.621Z [1c987596-c708-4fee-9820-ef95e2c97d5a][d889bfbd-3833-4a0f-a1b1-c28b24c104cd] Aspect ratio: "crop_16_9 16:9" already selected ✓
2026-09-05T04:53:23.628Z [1c987596-c708-4fee-9820-ef95e2c97d5a][d889bfbd-3833-4a0f-a1b1-c28b24c104cd] Video resolution: toggle group "Video resolution" not present (model may not offer it) — skipped.
2026-09-05T04:53:23.665Z [1c987596-c708-4fee-9820-ef95e2c97d5a][d889bfbd-3833-4a0f-a1b1-c28b24c104cd] Duration: "8s" already selected ✓
2026-09-05T04:53:23.693Z [1c987596-c708-4fee-9820-ef95e2c97d5a][d889bfbd-3833-4a0f-a1b1-c28b24c104cd] Output count: "x2" already selected ✓
2026-09-05T04:53:24.617Z [1c987596-c708-4fee-9820-ef95e2c97d5a][d889bfbd-3833-4a0f-a1b1-c28b24c104cd] Start keyframe: downloading from URL...
2026-09-05T04:53:24.867Z [1c987596-c708-4fee-9820-ef95e2c97d5a][d889bfbd-3833-4a0f-a1b1-c28b24c104cd] Downloader: no-proxy request context ready.
2026-09-05T04:53:25.095Z [1c987596-c708-4fee-9820-ef95e2c97d5a][d889bfbd-3833-4a0f-a1b1-c28b24c104cd] Start keyframe: saved 161885 bytes (image/png) as "1788441507151_a95f16_winai_2026-09-03T13-17-11_01.png"
2026-09-05T04:53:25.113Z [1c987596-c708-4fee-9820-ef95e2c97d5a][d889bfbd-3833-4a0f-a1b1-c28b24c104cd] Start keyframe: setting start keyframe...
2026-09-05T04:53:25.167Z [d7188a5f-2c00-49e1-a8af-bcb686db11b5][d889bfbd-3833-4a0f-a1b1-c28b24c104cd] Video type: selected "crop_free Frames" ✓
2026-09-05T04:53:25.978Z [1fa5a529-8058-4a78-a49d-29ed60f6f8e0][d889bfbd-3833-4a0f-a1b1-c28b24c104cd] In existing project ✓
2026-09-05T04:53:26.509Z [88626556-aeb7-47f0-b17b-64976aae6973][d889bfbd-3833-4a0f-a1b1-c28b24c104cd] Start keyframe: start keyframe attached ✓
2026-09-05T04:53:26.521Z [88626556-aeb7-47f0-b17b-64976aae6973][d889bfbd-3833-4a0f-a1b1-c28b24c104cd] Entering prompt...
2026-09-05T04:53:26.951Z [1fa5a529-8058-4a78-a49d-29ed60f6f8e0][d889bfbd-3833-4a0f-a1b1-c28b24c104cd] dismissPopups: unresolved overlay(s) ["IFRAME[presentation]|btns="]
2026-09-05T04:53:27.501Z [1c987596-c708-4fee-9820-ef95e2c97d5a][d889bfbd-3833-4a0f-a1b1-c28b24c104cd] Start keyframe: "1788441507151_a95f16_winai_2026-09-03T13-17-11_01.png" not in the library yet — uploading it first.
2026-09-05T04:53:28.396Z [88626556-aeb7-47f0-b17b-64976aae6973][d889bfbd-3833-4a0f-a1b1-c28b24c104cd] Prompt is 1076 chars — typing it in 20 chunk(s).
2026-09-05T04:53:29.510Z [1fa5a529-8058-4a78-a49d-29ed60f6f8e0][d889bfbd-3833-4a0f-a1b1-c28b24c104cd] Composer ready ✓ (UI language: en)
2026-09-05T04:53:29.569Z [1fa5a529-8058-4a78-a49d-29ed60f6f8e0][d889bfbd-3833-4a0f-a1b1-c28b24c104cd] dismissPopups: unresolved overlay(s) ["DIV[]|btns=","DIV[]|btns="]
2026-09-05T04:53:29.596Z [1fa5a529-8058-4a78-a49d-29ed60f6f8e0][d889bfbd-3833-4a0f-a1b1-c28b24c104cd] Agent toggle aria-pressed=false
2026-09-05T04:53:29.596Z [1fa5a529-8058-4a78-a49d-29ed60f6f8e0][d889bfbd-3833-4a0f-a1b1-c28b24c104cd] Opening settings...
2026-09-05T04:53:30.206Z [d7188a5f-2c00-49e1-a8af-bcb686db11b5][d889bfbd-3833-4a0f-a1b1-c28b24c104cd] Model: selected "Veo 3.1 - Lite [Lower Priority]" ✓
2026-09-05T04:53:30.853Z [d7188a5f-2c00-49e1-a8af-bcb686db11b5][d889bfbd-3833-4a0f-a1b1-c28b24c104cd] Aspect ratio: "crop_16_9 16:9" already selected ✓
2026-09-05T04:53:30.859Z [d7188a5f-2c00-49e1-a8af-bcb686db11b5][d889bfbd-3833-4a0f-a1b1-c28b24c104cd] Video resolution: toggle group "Video resolution" not present (model may not offer it) — skipped.
2026-09-05T04:53:30.890Z [d7188a5f-2c00-49e1-a8af-bcb686db11b5][d889bfbd-3833-4a0f-a1b1-c28b24c104cd] Duration: "8s" already selected ✓
2026-09-05T04:53:30.908Z [d7188a5f-2c00-49e1-a8af-bcb686db11b5][d889bfbd-3833-4a0f-a1b1-c28b24c104cd] Output count: "x2" already selected ✓
2026-09-05T04:53:31.074Z [1c987596-c708-4fee-9820-ef95e2c97d5a][d889bfbd-3833-4a0f-a1b1-c28b24c104cd] Start keyframe: uploading "1788441507151_a95f16_winai_2026-09-03T13-17-11_01.png" to the project library...
2026-09-05T04:53:31.606Z [1fa5a529-8058-4a78-a49d-29ed60f6f8e0][d889bfbd-3833-4a0f-a1b1-c28b24c104cd] Configuring video settings...
2026-09-05T04:53:31.636Z [1fa5a529-8058-4a78-a49d-29ed60f6f8e0][d889bfbd-3833-4a0f-a1b1-c28b24c104cd] Mode: "videocam Video" already selected ✓
2026-09-05T04:53:32.102Z [1c987596-c708-4fee-9820-ef95e2c97d5a][d889bfbd-3833-4a0f-a1b1-c28b24c104cd] Start keyframe: upload finished ✓
2026-09-05T04:53:32.144Z [d7188a5f-2c00-49e1-a8af-bcb686db11b5][d889bfbd-3833-4a0f-a1b1-c28b24c104cd] Start keyframe: downloading from URL...
2026-09-05T04:53:32.386Z [d7188a5f-2c00-49e1-a8af-bcb686db11b5][d889bfbd-3833-4a0f-a1b1-c28b24c104cd] Downloader: no-proxy request context ready.
2026-09-05T04:53:32.670Z [d7188a5f-2c00-49e1-a8af-bcb686db11b5][d889bfbd-3833-4a0f-a1b1-c28b24c104cd] Start keyframe: saved 170484 bytes (image/png) as "1788441546078_9d280f_winai_2026-09-03T13-17-34_01.png"
2026-09-05T04:53:32.700Z [d7188a5f-2c00-49e1-a8af-bcb686db11b5][d889bfbd-3833-4a0f-a1b1-c28b24c104cd] Start keyframe: setting start keyframe...
2026-09-05T04:53:33.981Z [1fa5a529-8058-4a78-a49d-29ed60f6f8e0][d889bfbd-3833-4a0f-a1b1-c28b24c104cd] Video type: selected "crop_free Frames" ✓
2026-09-05T04:53:34.881Z [d7188a5f-2c00-49e1-a8af-bcb686db11b5][d889bfbd-3833-4a0f-a1b1-c28b24c104cd] Start keyframe: "1788441546078_9d280f_winai_2026-09-03T13-17-34_01.png" not in the library yet — uploading it first.
2026-09-05T04:53:37.762Z [88626556-aeb7-47f0-b17b-64976aae6973][d889bfbd-3833-4a0f-a1b1-c28b24c104cd] Prompt insert attempt 1: editor has 1065 chars (want ~1072) ✓
2026-09-05T04:53:38.394Z [d7188a5f-2c00-49e1-a8af-bcb686db11b5][d889bfbd-3833-4a0f-a1b1-c28b24c104cd] Start keyframe: uploading "1788441546078_9d280f_winai_2026-09-03T13-17-34_01.png" to the project library...
2026-09-05T04:53:38.503Z [1fa5a529-8058-4a78-a49d-29ed60f6f8e0][d889bfbd-3833-4a0f-a1b1-c28b24c104cd] Model: selected "Veo 3.1 - Lite [Lower Priority]" ✓
2026-09-05T04:53:39.076Z [1fa5a529-8058-4a78-a49d-29ed60f6f8e0][d889bfbd-3833-4a0f-a1b1-c28b24c104cd] Aspect ratio: "crop_16_9 16:9" already selected ✓
2026-09-05T04:53:39.081Z [1fa5a529-8058-4a78-a49d-29ed60f6f8e0][d889bfbd-3833-4a0f-a1b1-c28b24c104cd] Video resolution: toggle group "Video resolution" not present (model may not offer it) — skipped.
2026-09-05T04:53:39.114Z [1fa5a529-8058-4a78-a49d-29ed60f6f8e0][d889bfbd-3833-4a0f-a1b1-c28b24c104cd] Duration: "8s" already selected ✓
2026-09-05T04:53:39.132Z [1fa5a529-8058-4a78-a49d-29ed60f6f8e0][d889bfbd-3833-4a0f-a1b1-c28b24c104cd] Output count: "x2" already selected ✓
2026-09-05T04:53:39.523Z [88626556-aeb7-47f0-b17b-64976aae6973][d889bfbd-3833-4a0f-a1b1-c28b24c104cd] Baseline: 49 pre-existing media tile(s) of 49 mounted (kinds: image,video,video,image,video,video,image,video,video,image,video,video,image,video,video,image,video,video,image,video,image,video,video,image,video,video,image,video,video,image,video,video,video,video,image,video,video,video,video,image,video,video,image,video,video,image,image,video,video).
2026-09-05T04:53:39.610Z [d7188a5f-2c00-49e1-a8af-bcb686db11b5][d889bfbd-3833-4a0f-a1b1-c28b24c104cd] Start keyframe: upload finished ✓
2026-09-05T04:53:39.905Z [1fa5a529-8058-4a78-a49d-29ed60f6f8e0][d889bfbd-3833-4a0f-a1b1-c28b24c104cd] Start keyframe: downloading from URL...
2026-09-05T04:53:40.097Z [1fa5a529-8058-4a78-a49d-29ed60f6f8e0][d889bfbd-3833-4a0f-a1b1-c28b24c104cd] Downloader: no-proxy request context ready.
2026-09-05T04:53:40.332Z [1fa5a529-8058-4a78-a49d-29ed60f6f8e0][d889bfbd-3833-4a0f-a1b1-c28b24c104cd] Start keyframe: saved 197982 bytes (image/png) as "1788441510724_0256f5_winai_2026-09-03T13-17-24_01.png"
2026-09-05T04:53:40.350Z [1fa5a529-8058-4a78-a49d-29ed60f6f8e0][d889bfbd-3833-4a0f-a1b1-c28b24c104cd] Start keyframe: setting start keyframe...
2026-09-05T04:53:40.692Z [1c987596-c708-4fee-9820-ef95e2c97d5a][d889bfbd-3833-4a0f-a1b1-c28b24c104cd] Start keyframe: start keyframe attached ✓
2026-09-05T04:53:40.705Z [1c987596-c708-4fee-9820-ef95e2c97d5a][d889bfbd-3833-4a0f-a1b1-c28b24c104cd] Entering prompt...
2026-09-05T04:53:41.929Z [88626556-aeb7-47f0-b17b-64976aae6973][d889bfbd-3833-4a0f-a1b1-c28b24c104cd] [submit] confirmed (editor "What do you want to ", fresh tile=true).
2026-09-05T04:53:42.404Z [88626556-aeb7-47f0-b17b-64976aae6973][d889bfbd-3833-4a0f-a1b1-c28b24c104cd] Current Workspace project URL: https://flow.google.com/project/c2a607c5-d833-4be1-8108-407b74d4ed85?hl=en
2026-09-05T04:53:42.405Z [88626556-aeb7-47f0-b17b-64976aae6973][d889bfbd-3833-4a0f-a1b1-c28b24c104cd] Submitted ✓ Detecting batch size...
2026-09-05T04:53:42.420Z [88626556-aeb7-47f0-b17b-64976aae6973][d889bfbd-3833-4a0f-a1b1-c28b24c104cd] New tile(s) since submit: 0 → 2 (mounted=50)
2026-09-05T04:53:42.546Z [1c987596-c708-4fee-9820-ef95e2c97d5a][d889bfbd-3833-4a0f-a1b1-c28b24c104cd] Prompt is 1112 chars — typing it in 19 chunk(s).
2026-09-05T04:53:42.781Z [1fa5a529-8058-4a78-a49d-29ed60f6f8e0][d889bfbd-3833-4a0f-a1b1-c28b24c104cd] Start keyframe: "1788441510724_0256f5_winai_2026-09-03T13-17-24_01.png" not in the library yet — uploading it first.
2026-09-05T04:53:46.174Z [1fa5a529-8058-4a78-a49d-29ed60f6f8e0][d889bfbd-3833-4a0f-a1b1-c28b24c104cd] Start keyframe: uploading "1788441510724_0256f5_winai_2026-09-03T13-17-24_01.png" to the project library...
2026-09-05T04:53:46.556Z [88626556-aeb7-47f0-b17b-64976aae6973][d889bfbd-3833-4a0f-a1b1-c28b24c104cd] Batch size stabilised at 2 new tile(s)
2026-09-05T04:53:46.556Z [88626556-aeb7-47f0-b17b-64976aae6973][d889bfbd-3833-4a0f-a1b1-c28b24c104cd] Batch detected: 2 item(s). Generating...
2026-09-05T04:53:46.557Z [88626556-aeb7-47f0-b17b-64976aae6973][d889bfbd-3833-4a0f-a1b1-c28b24c104cd] Polling for 2 video item(s) (baseline=49, hasUpload=true)...
2026-09-05T04:53:46.568Z [88626556-aeb7-47f0-b17b-64976aae6973][d889bfbd-3833-4a0f-a1b1-c28b24c104cd] Generating... 0 ready, 0 failed / 2 total (0s) play_circle [HÀNH ĐỘ play_circle [HÀNH ĐỘ
2026-09-05T04:53:47.325Z [1fa5a529-8058-4a78-a49d-29ed60f6f8e0][d889bfbd-3833-4a0f-a1b1-c28b24c104cd] Start keyframe: upload finished ✓
2026-09-05T04:53:48.221Z [d7188a5f-2c00-49e1-a8af-bcb686db11b5][d889bfbd-3833-4a0f-a1b1-c28b24c104cd] Start keyframe: start keyframe attached ✓
2026-09-05T04:53:48.233Z [d7188a5f-2c00-49e1-a8af-bcb686db11b5][d889bfbd-3833-4a0f-a1b1-c28b24c104cd] Entering prompt...
2026-09-05T04:53:49.585Z [88626556-aeb7-47f0-b17b-64976aae6973][d889bfbd-3833-4a0f-a1b1-c28b24c104cd] Generating... 0 ready, 0 failed / 2 total (3s) play_circle [HÀNH ĐỘ play_circle [HÀNH ĐỘ
2026-09-05T04:53:50.296Z [d7188a5f-2c00-49e1-a8af-bcb686db11b5][d889bfbd-3833-4a0f-a1b1-c28b24c104cd] Prompt is 1050 chars — typing it in 21 chunk(s).
2026-09-05T04:53:51.450Z [1c987596-c708-4fee-9820-ef95e2c97d5a][d889bfbd-3833-4a0f-a1b1-c28b24c104cd] Prompt insert attempt 1: editor has 1101 chars (want ~1108) ✓
2026-09-05T04:53:52.617Z [88626556-aeb7-47f0-b17b-64976aae6973][d889bfbd-3833-4a0f-a1b1-c28b24c104cd] Generating... 0 ready, 0 failed / 2 total (6s) play_circle 0% [HÀNH play_circle 0% [HÀNH
2026-09-05T04:53:52.991Z [1c987596-c708-4fee-9820-ef95e2c97d5a][d889bfbd-3833-4a0f-a1b1-c28b24c104cd] Baseline: 50 pre-existing media tile(s) of 50 mounted (kinds: image,video,video,image,video,video,image,video,video,image,video,video,image,video,video,image,video,video,image,video,video,image,video,video,image,video,video,image,video,video,image,video,video,image,video,video,image,video,video,image,video,video,video,video,image,video,video,image,video,video).
2026-09-05T04:53:54.936Z [1c987596-c708-4fee-9820-ef95e2c97d5a][d889bfbd-3833-4a0f-a1b1-c28b24c104cd] [submit] confirmed (editor "What do you want to ", fresh tile=true).
2026-09-05T04:53:55.179Z [1fa5a529-8058-4a78-a49d-29ed60f6f8e0][d889bfbd-3833-4a0f-a1b1-c28b24c104cd] Start keyframe: start keyframe attached ✓
2026-09-05T04:53:55.190Z [1fa5a529-8058-4a78-a49d-29ed60f6f8e0][d889bfbd-3833-4a0f-a1b1-c28b24c104cd] Entering prompt...
2026-09-05T04:53:55.348Z [1c987596-c708-4fee-9820-ef95e2c97d5a][d889bfbd-3833-4a0f-a1b1-c28b24c104cd] Current Workspace project URL: https://flow.google.com/project/cae2bf2b-d1b8-40f9-a300-9f2aa6276ea5?hl=en
2026-09-05T04:53:55.348Z [1c987596-c708-4fee-9820-ef95e2c97d5a][d889bfbd-3833-4a0f-a1b1-c28b24c104cd] Submitted ✓ Detecting batch size...
2026-09-05T04:53:55.364Z [1c987596-c708-4fee-9820-ef95e2c97d5a][d889bfbd-3833-4a0f-a1b1-c28b24c104cd] New tile(s) since submit: 0 → 2 (mounted=50)
2026-09-05T04:53:55.636Z [88626556-aeb7-47f0-b17b-64976aae6973][d889bfbd-3833-4a0f-a1b1-c28b24c104cd] Generating... 0 ready, 0 failed / 2 total (9s) play_circle 3% [HÀNH play_circle 3% [HÀNH
2026-09-05T04:53:57.082Z [1fa5a529-8058-4a78-a49d-29ed60f6f8e0][d889bfbd-3833-4a0f-a1b1-c28b24c104cd] Prompt is 1023 chars — typing it in 19 chunk(s).
2026-09-05T04:53:58.658Z [88626556-aeb7-47f0-b17b-64976aae6973][d889bfbd-3833-4a0f-a1b1-c28b24c104cd] Generating... 0 ready, 0 failed / 2 total (12s) play_circle 5% [HÀNH play_circle 5% [HÀNH
2026-09-05T04:53:59.495Z [1c987596-c708-4fee-9820-ef95e2c97d5a][d889bfbd-3833-4a0f-a1b1-c28b24c104cd] Batch size stabilised at 2 new tile(s)
2026-09-05T04:53:59.496Z [1c987596-c708-4fee-9820-ef95e2c97d5a][d889bfbd-3833-4a0f-a1b1-c28b24c104cd] Batch detected: 2 item(s). Generating...
2026-09-05T04:53:59.496Z [1c987596-c708-4fee-9820-ef95e2c97d5a][d889bfbd-3833-4a0f-a1b1-c28b24c104cd] Polling for 2 video item(s) (baseline=50, hasUpload=true)...
2026-09-05T04:53:59.511Z [1c987596-c708-4fee-9820-ef95e2c97d5a][d889bfbd-3833-4a0f-a1b1-c28b24c104cd] Generating... 0 ready, 0 failed / 2 total (0s) play_circle [HÀNH ĐỘ play_circle [HÀNH ĐỘ
2026-09-05T04:53:59.679Z [d7188a5f-2c00-49e1-a8af-bcb686db11b5][d889bfbd-3833-4a0f-a1b1-c28b24c104cd] Prompt insert attempt 1: editor has 1039 chars (want ~1046) ✓
2026-09-05T04:54:01.525Z [d7188a5f-2c00-49e1-a8af-bcb686db11b5][d889bfbd-3833-4a0f-a1b1-c28b24c104cd] Baseline: 50 pre-existing media tile(s) of 50 mounted (kinds: image,video,video,image,video,image,video,video,image,video,video,image,video,video,image,video,video,image,video,video,video,video,image,video,video,image,video,video,video,video,video,video,image,video,video,video,video,image,video,video,image,video,video,image,video,video,image,video,video,image).
2026-09-05T04:54:01.682Z [88626556-aeb7-47f0-b17b-64976aae6973][d889bfbd-3833-4a0f-a1b1-c28b24c104cd] Generating... 0 ready, 0 failed / 2 total (15s) play_circle 8% [HÀNH play_circle 8% [HÀNH
2026-09-05T04:54:02.532Z [1c987596-c708-4fee-9820-ef95e2c97d5a][d889bfbd-3833-4a0f-a1b1-c28b24c104cd] Generating... 0 ready, 0 failed / 2 total (3s) play_circle [HÀNH ĐỘ play_circle [HÀNH ĐỘ
2026-09-05T04:54:03.552Z [d7188a5f-2c00-49e1-a8af-bcb686db11b5][d889bfbd-3833-4a0f-a1b1-c28b24c104cd] [submit] confirmed (editor "What do you want to ", fresh tile=true).
2026-09-05T04:54:04.316Z [d7188a5f-2c00-49e1-a8af-bcb686db11b5][d889bfbd-3833-4a0f-a1b1-c28b24c104cd] Current Workspace project URL: https://flow.google.com/project/cd81a7d3-c989-419e-891a-f8694174cb85?hl=en
2026-09-05T04:54:04.316Z [d7188a5f-2c00-49e1-a8af-bcb686db11b5][d889bfbd-3833-4a0f-a1b1-c28b24c104cd] Submitted ✓ Detecting batch size...
2026-09-05T04:54:04.331Z [d7188a5f-2c00-49e1-a8af-bcb686db11b5][d889bfbd-3833-4a0f-a1b1-c28b24c104cd] New tile(s) since submit: 0 → 2 (mounted=50)
2026-09-05T04:54:04.700Z [88626556-aeb7-47f0-b17b-64976aae6973][d889bfbd-3833-4a0f-a1b1-c28b24c104cd] Generating... 0 ready, 0 failed / 2 total (18s) play_circle 11% [HÀN play_circle 12% [HÀN
2026-09-05T04:54:05.549Z [1c987596-c708-4fee-9820-ef95e2c97d5a][d889bfbd-3833-4a0f-a1b1-c28b24c104cd] Generating... 0 ready, 0 failed / 2 total (6s) play_circle [HÀNH ĐỘ play_circle [HÀNH ĐỘ
2026-09-05T04:54:05.680Z [1fa5a529-8058-4a78-a49d-29ed60f6f8e0][d889bfbd-3833-4a0f-a1b1-c28b24c104cd] Prompt insert attempt 1: editor has 1014 chars (want ~1019) ✓
2026-09-05T04:54:07.714Z [88626556-aeb7-47f0-b17b-64976aae6973][d889bfbd-3833-4a0f-a1b1-c28b24c104cd] Generating... 0 ready, 0 failed / 2 total (21s) play_circle 14% [HÀN play_circle 14% [HÀN
2026-09-05T04:54:07.767Z [1fa5a529-8058-4a78-a49d-29ed60f6f8e0][d889bfbd-3833-4a0f-a1b1-c28b24c104cd] Baseline: 49 pre-existing media tile(s) of 49 mounted (kinds: image,video,video,image,video,video,image,video,video,image,video,video,image,video,video,image,video,video,image,video,video,video,video,image,video,video,image,video,video,image,video,image,video,video,image,video,video,video,video,video,video,image,video,video,image,image,image,video,video).
2026-09-05T04:54:08.478Z [d7188a5f-2c00-49e1-a8af-bcb686db11b5][d889bfbd-3833-4a0f-a1b1-c28b24c104cd] Batch size stabilised at 2 new tile(s)
2026-09-05T04:54:08.478Z [d7188a5f-2c00-49e1-a8af-bcb686db11b5][d889bfbd-3833-4a0f-a1b1-c28b24c104cd] Batch detected: 2 item(s). Generating...
2026-09-05T04:54:08.478Z [d7188a5f-2c00-49e1-a8af-bcb686db11b5][d889bfbd-3833-4a0f-a1b1-c28b24c104cd] Polling for 2 video item(s) (baseline=50, hasUpload=true)...
2026-09-05T04:54:08.490Z [d7188a5f-2c00-49e1-a8af-bcb686db11b5][d889bfbd-3833-4a0f-a1b1-c28b24c104cd] Generating... 0 ready, 0 failed / 2 total (0s) play_circle [HÀNH ĐỘ play_circle [HÀNH ĐỘ
2026-09-05T04:54:08.565Z [1c987596-c708-4fee-9820-ef95e2c97d5a][d889bfbd-3833-4a0f-a1b1-c28b24c104cd] Generating... 0 ready, 0 failed / 2 total (9s) play_circle 0% [HÀNH play_circle 0% [HÀNH
2026-09-05T04:54:09.891Z [1fa5a529-8058-4a78-a49d-29ed60f6f8e0][d889bfbd-3833-4a0f-a1b1-c28b24c104cd] [submit] confirmed (editor "What do you want to ", fresh tile=true).
2026-09-05T04:54:10.544Z [1fa5a529-8058-4a78-a49d-29ed60f6f8e0][d889bfbd-3833-4a0f-a1b1-c28b24c104cd] Current Workspace project URL: https://flow.google.com/project/33ca2cc2-c9ff-4bb6-9048-2a7af1dfcfee?hl=en
2026-09-05T04:54:10.545Z [1fa5a529-8058-4a78-a49d-29ed60f6f8e0][d889bfbd-3833-4a0f-a1b1-c28b24c104cd] Submitted ✓ Detecting batch size...
2026-09-05T04:54:10.562Z [1fa5a529-8058-4a78-a49d-29ed60f6f8e0][d889bfbd-3833-4a0f-a1b1-c28b24c104cd] New tile(s) since submit: 0 → 2 (mounted=49)
2026-09-05T04:54:10.728Z [88626556-aeb7-47f0-b17b-64976aae6973][d889bfbd-3833-4a0f-a1b1-c28b24c104cd] Generating... 0 ready, 0 failed / 2 total (24s) play_circle 17% [HÀN play_circle 17% [HÀN
2026-09-05T04:54:11.509Z [d7188a5f-2c00-49e1-a8af-bcb686db11b5][d889bfbd-3833-4a0f-a1b1-c28b24c104cd] Generating... 0 ready, 0 failed / 2 total (3s) play_circle [HÀNH ĐỘ play_circle [HÀNH ĐỘ
2026-09-05T04:54:11.580Z [1c987596-c708-4fee-9820-ef95e2c97d5a][d889bfbd-3833-4a0f-a1b1-c28b24c104cd] Generating... 0 ready, 0 failed / 2 total (12s) play_circle 3% [HÀNH play_circle 2% [HÀNH
2026-09-05T04:54:13.747Z [88626556-aeb7-47f0-b17b-64976aae6973][d889bfbd-3833-4a0f-a1b1-c28b24c104cd] Generating... 0 ready, 0 failed / 2 total (27s) play_circle 20% [HÀN play_circle 20% [HÀN
2026-09-05T04:54:14.529Z [d7188a5f-2c00-49e1-a8af-bcb686db11b5][d889bfbd-3833-4a0f-a1b1-c28b24c104cd] Generating... 0 ready, 0 failed / 2 total (6s) play_circle 1% [HÀNH play_circle 1% [HÀNH
2026-09-05T04:54:14.600Z [1c987596-c708-4fee-9820-ef95e2c97d5a][d889bfbd-3833-4a0f-a1b1-c28b24c104cd] Generating... 0 ready, 0 failed / 2 total (15s) play_circle 5% [HÀNH play_circle 6% [HÀNH
2026-09-05T04:54:14.698Z [1fa5a529-8058-4a78-a49d-29ed60f6f8e0][d889bfbd-3833-4a0f-a1b1-c28b24c104cd] Batch size stabilised at 2 new tile(s)
2026-09-05T04:54:14.699Z [1fa5a529-8058-4a78-a49d-29ed60f6f8e0][d889bfbd-3833-4a0f-a1b1-c28b24c104cd] Batch detected: 2 item(s). Generating...
2026-09-05T04:54:14.699Z [1fa5a529-8058-4a78-a49d-29ed60f6f8e0][d889bfbd-3833-4a0f-a1b1-c28b24c104cd] Polling for 2 video item(s) (baseline=49, hasUpload=true)...
2026-09-05T04:54:14.716Z [1fa5a529-8058-4a78-a49d-29ed60f6f8e0][d889bfbd-3833-4a0f-a1b1-c28b24c104cd] Generating... 0 ready, 0 failed / 2 total (0s) play_circle [HÀNH ĐỘ play_circle [HÀNH ĐỘ
2026-09-05T04:54:16.770Z [88626556-aeb7-47f0-b17b-64976aae6973][d889bfbd-3833-4a0f-a1b1-c28b24c104cd] Generating... 0 ready, 0 failed / 2 total (30s) play_circle 22% [HÀN play_circle 22% [HÀN
2026-09-05T04:54:17.548Z [d7188a5f-2c00-49e1-a8af-bcb686db11b5][d889bfbd-3833-4a0f-a1b1-c28b24c104cd] Generating... 0 ready, 0 failed / 2 total (9s) play_circle 2% [HÀNH play_circle 2% [HÀNH
2026-09-05T04:54:17.615Z [1c987596-c708-4fee-9820-ef95e2c97d5a][d889bfbd-3833-4a0f-a1b1-c28b24c104cd] Generating... 0 ready, 0 failed / 2 total (18s) play_circle 8% [HÀNH play_circle 8% [HÀNH
2026-09-05T04:54:17.733Z [1fa5a529-8058-4a78-a49d-29ed60f6f8e0][d889bfbd-3833-4a0f-a1b1-c28b24c104cd] Generating... 0 ready, 0 failed / 2 total (3s) play_circle [HÀNH ĐỘ play_circle [HÀNH ĐỘ
2026-09-05T04:54:19.795Z [88626556-aeb7-47f0-b17b-64976aae6973][d889bfbd-3833-4a0f-a1b1-c28b24c104cd] Generating... 0 ready, 0 failed / 2 total (33s) play_circle 25% [HÀN play_circle 24% [HÀN
2026-09-05T04:54:20.575Z [d7188a5f-2c00-49e1-a8af-bcb686db11b5][d889bfbd-3833-4a0f-a1b1-c28b24c104cd] Generating... 0 ready, 0 failed / 2 total (12s) play_circle 5% [HÀNH play_circle 5% [HÀNH
2026-09-05T04:54:20.639Z [1c987596-c708-4fee-9820-ef95e2c97d5a][d889bfbd-3833-4a0f-a1b1-c28b24c104cd] Generating... 0 ready, 0 failed / 2 total (21s) play_circle 11% [HÀN play_circle 11% [HÀN
2026-09-05T04:54:20.748Z [1fa5a529-8058-4a78-a49d-29ed60f6f8e0][d889bfbd-3833-4a0f-a1b1-c28b24c104cd] Generating... 0 ready, 0 failed / 2 total (6s) play_circle 0% [HÀNH play_circle 0% [HÀNH
2026-09-05T04:54:22.809Z [88626556-aeb7-47f0-b17b-64976aae6973][d889bfbd-3833-4a0f-a1b1-c28b24c104cd] Generating... 0 ready, 0 failed / 2 total (36s) play_circle 27% [HÀN play_circle 27% [HÀN
2026-09-05T04:54:23.598Z [d7188a5f-2c00-49e1-a8af-bcb686db11b5][d889bfbd-3833-4a0f-a1b1-c28b24c104cd] Generating... 0 ready, 0 failed / 2 total (15s) play_circle 8% [HÀNH play_circle 8% [HÀNH
2026-09-05T04:54:23.659Z [1c987596-c708-4fee-9820-ef95e2c97d5a][d889bfbd-3833-4a0f-a1b1-c28b24c104cd] Generating... 0 ready, 0 failed / 2 total (24s) play_circle 14% [HÀN play_circle 14% [HÀN
2026-09-05T04:54:23.764Z [1fa5a529-8058-4a78-a49d-29ed60f6f8e0][d889bfbd-3833-4a0f-a1b1-c28b24c104cd] Generating... 0 ready, 0 failed / 2 total (9s) play_circle 1% [HÀNH play_circle 2% [HÀNH
2026-09-05T04:54:25.830Z [88626556-aeb7-47f0-b17b-64976aae6973][d889bfbd-3833-4a0f-a1b1-c28b24c104cd] Generating... 0 ready, 0 failed / 2 total (39s) play_circle 31% [HÀN play_circle 31% [HÀN
2026-09-05T04:54:26.616Z [d7188a5f-2c00-49e1-a8af-bcb686db11b5][d889bfbd-3833-4a0f-a1b1-c28b24c104cd] Generating... 0 ready, 0 failed / 2 total (18s) play_circle 11% [HÀN play_circle 11% [HÀN
2026-09-05T04:54:26.680Z [1c987596-c708-4fee-9820-ef95e2c97d5a][d889bfbd-3833-4a0f-a1b1-c28b24c104cd] Generating... 0 ready, 0 failed / 2 total (27s) play_circle 16% [HÀN play_circle 16% [HÀN
2026-09-05T04:54:26.781Z [1fa5a529-8058-4a78-a49d-29ed60f6f8e0][d889bfbd-3833-4a0f-a1b1-c28b24c104cd] Generating... 0 ready, 0 failed / 2 total (12s) play_circle 5% [HÀNH play_circle 5% [HÀNH
2026-09-05T04:54:28.847Z [88626556-aeb7-47f0-b17b-64976aae6973][d889bfbd-3833-4a0f-a1b1-c28b24c104cd] Generating... 0 ready, 0 failed / 2 total (42s) play_circle 32% [HÀN play_circle 32% [HÀN
2026-09-05T04:54:29.640Z [d7188a5f-2c00-49e1-a8af-bcb686db11b5][d889bfbd-3833-4a0f-a1b1-c28b24c104cd] Generating... 0 ready, 0 failed / 2 total (21s) play_circle 13% [HÀN play_circle 13% [HÀN
2026-09-05T04:54:29.698Z [1c987596-c708-4fee-9820-ef95e2c97d5a][d889bfbd-3833-4a0f-a1b1-c28b24c104cd] Generating... 0 ready, 0 failed / 2 total (30s) play_circle 20% [HÀN play_circle 20% [HÀN
2026-09-05T04:54:29.797Z [1fa5a529-8058-4a78-a49d-29ed60f6f8e0][d889bfbd-3833-4a0f-a1b1-c28b24c104cd] Generating... 0 ready, 0 failed / 2 total (15s) play_circle 8% [HÀNH play_circle 8% [HÀNH
2026-09-05T04:54:31.906Z [88626556-aeb7-47f0-b17b-64976aae6973][d889bfbd-3833-4a0f-a1b1-c28b24c104cd] Generating... 0 ready, 0 failed / 2 total (45s) play_circle 100% [HÀ play_circle 37% [HÀN
2026-09-05T04:54:32.660Z [d7188a5f-2c00-49e1-a8af-bcb686db11b5][d889bfbd-3833-4a0f-a1b1-c28b24c104cd] Generating... 0 ready, 0 failed / 2 total (24s) play_circle 16% [HÀN play_circle 17% [HÀN
2026-09-05T04:54:32.715Z [1c987596-c708-4fee-9820-ef95e2c97d5a][d889bfbd-3833-4a0f-a1b1-c28b24c104cd] Generating... 0 ready, 0 failed / 2 total (33s) play_circle 22% [HÀN play_circle 22% [HÀN
2026-09-05T04:54:32.815Z [1fa5a529-8058-4a78-a49d-29ed60f6f8e0][d889bfbd-3833-4a0f-a1b1-c28b24c104cd] Generating... 0 ready, 0 failed / 2 total (18s) play_circle 10% [HÀN play_circle 10% [HÀN
2026-09-05T04:54:34.926Z [88626556-aeb7-47f0-b17b-64976aae6973][d889bfbd-3833-4a0f-a1b1-c28b24c104cd] Generating... 0 ready, 0 failed / 2 total (48s) play_circle 100% [HÀ play_circle 38% [HÀN
2026-09-05T04:54:35.679Z [d7188a5f-2c00-49e1-a8af-bcb686db11b5][d889bfbd-3833-4a0f-a1b1-c28b24c104cd] Generating... 0 ready, 0 failed / 2 total (27s) play_circle 20% [HÀN play_circle 20% [HÀN
2026-09-05T04:54:35.731Z [1c987596-c708-4fee-9820-ef95e2c97d5a][d889bfbd-3833-4a0f-a1b1-c28b24c104cd] Generating... 0 ready, 0 failed / 2 total (36s) play_circle 25% [HÀN play_circle 25% [HÀN
2026-09-05T04:54:35.838Z [1fa5a529-8058-4a78-a49d-29ed60f6f8e0][d889bfbd-3833-4a0f-a1b1-c28b24c104cd] Generating... 0 ready, 0 failed / 2 total (21s) play_circle 13% [HÀN play_circle 13% [HÀN
2026-09-05T04:54:37.953Z [88626556-aeb7-47f0-b17b-64976aae6973][d889bfbd-3833-4a0f-a1b1-c28b24c104cd] Generating... 0 ready, 0 failed / 2 total (51s) [HÀNH ĐỘNG]Bắt đầu đ play_circle 100% [HÀ
2026-09-05T04:54:38.699Z [d7188a5f-2c00-49e1-a8af-bcb686db11b5][d889bfbd-3833-4a0f-a1b1-c28b24c104cd] Generating... 0 ready, 0 failed / 2 total (30s) play_circle 23% [HÀN play_circle 23% [HÀN
2026-09-05T04:54:38.748Z [1c987596-c708-4fee-9820-ef95e2c97d5a][d889bfbd-3833-4a0f-a1b1-c28b24c104cd] Generating... 0 ready, 0 failed / 2 total (39s) play_circle 27% [HÀN play_circle 28% [HÀN
2026-09-05T04:54:38.859Z [1fa5a529-8058-4a78-a49d-29ed60f6f8e0][d889bfbd-3833-4a0f-a1b1-c28b24c104cd] Generating... 0 ready, 0 failed / 2 total (24s) play_circle 16% [HÀN play_circle 15% [HÀN
2026-09-05T04:54:40.981Z [88626556-aeb7-47f0-b17b-64976aae6973][d889bfbd-3833-4a0f-a1b1-c28b24c104cd] Generating... 1 ready, 0 failed / 2 total (54s) play_circle 100% [HÀ
2026-09-05T04:54:41.715Z [d7188a5f-2c00-49e1-a8af-bcb686db11b5][d889bfbd-3833-4a0f-a1b1-c28b24c104cd] Generating... 0 ready, 0 failed / 2 total (33s) play_circle 25% [HÀN play_circle 25% [HÀN
2026-09-05T04:54:41.782Z [1c987596-c708-4fee-9820-ef95e2c97d5a][d889bfbd-3833-4a0f-a1b1-c28b24c104cd] Generating... 0 ready, 0 failed / 2 total (42s) play_circle 29% [HÀN play_circle 29% [HÀN
2026-09-05T04:54:41.895Z [1fa5a529-8058-4a78-a49d-29ed60f6f8e0][d889bfbd-3833-4a0f-a1b1-c28b24c104cd] Generating... 0 ready, 0 failed / 2 total (27s) play_circle 19% [HÀN play_circle 19% [HÀN
2026-09-05T04:54:43.998Z [88626556-aeb7-47f0-b17b-64976aae6973][d889bfbd-3833-4a0f-a1b1-c28b24c104cd] Generating... 1 ready, 0 failed / 2 total (57s) [HÀNH ĐỘNG]Bắt đầu đ
2026-09-05T04:54:44.738Z [d7188a5f-2c00-49e1-a8af-bcb686db11b5][d889bfbd-3833-4a0f-a1b1-c28b24c104cd] Generating... 0 ready, 0 failed / 2 total (36s) play_circle 27% [HÀN play_circle 27% [HÀN
2026-09-05T04:54:44.810Z [1c987596-c708-4fee-9820-ef95e2c97d5a][d889bfbd-3833-4a0f-a1b1-c28b24c104cd] Generating... 0 ready, 0 failed / 2 total (45s) play_circle 33% [HÀN play_circle 33% [HÀN
2026-09-05T04:54:44.916Z [1fa5a529-8058-4a78-a49d-29ed60f6f8e0][d889bfbd-3833-4a0f-a1b1-c28b24c104cd] Generating... 0 ready, 0 failed / 2 total (30s) play_circle 22% [HÀN play_circle 21% [HÀN
2026-09-05T04:54:47.017Z [88626556-aeb7-47f0-b17b-64976aae6973][d889bfbd-3833-4a0f-a1b1-c28b24c104cd] Generating... 2 ready, 0 failed / 2 total (60s)
2026-09-05T04:54:47.017Z [88626556-aeb7-47f0-b17b-64976aae6973][d889bfbd-3833-4a0f-a1b1-c28b24c104cd] Batch done: 2 ready (target 2), 0 failed, scanned 2.
2026-09-05T04:54:47.018Z [88626556-aeb7-47f0-b17b-64976aae6973][d889bfbd-3833-4a0f-a1b1-c28b24c104cd] 2 item(s) ready! Downloading...
2026-09-05T04:54:47.020Z [88626556-aeb7-47f0-b17b-64976aae6973][d889bfbd-3833-4a0f-a1b1-c28b24c104cd] Item 1: no video source on the tile yet — hovering it to mount one.
2026-09-05T04:54:47.758Z [d7188a5f-2c00-49e1-a8af-bcb686db11b5][d889bfbd-3833-4a0f-a1b1-c28b24c104cd] Generating... 0 ready, 0 failed / 2 total (39s) play_circle 30% [HÀN play_circle 30% [HÀN
2026-09-05T04:54:47.838Z [1c987596-c708-4fee-9820-ef95e2c97d5a][d889bfbd-3833-4a0f-a1b1-c28b24c104cd] Generating... 0 ready, 0 failed / 2 total (48s) play_circle 36% [HÀN play_circle 35% [HÀN
2026-09-05T04:54:47.937Z [1fa5a529-8058-4a78-a49d-29ed60f6f8e0][d889bfbd-3833-4a0f-a1b1-c28b24c104cd] Generating... 0 ready, 0 failed / 2 total (33s) play_circle 25% [HÀN play_circle 24% [HÀN
2026-09-05T04:54:48.537Z [88626556-aeb7-47f0-b17b-64976aae6973][d889bfbd-3833-4a0f-a1b1-c28b24c104cd] Item 1: Downloading from URL https://flow-content.google/video/ab1366f8-fbc8-4d0e-8448-207b0f3f8146?Expires=1788605671&KeyName=labs-flow-prod-cdn-key&Signature=yXYeN_VFiNL3l8_KFybE7Djhlgg
2026-09-05T04:54:49.763Z [88626556-aeb7-47f0-b17b-64976aae6973][d889bfbd-3833-4a0f-a1b1-c28b24c104cd] Downloaded 1/2: video_2026-09-05T04-54-47_01.mp4
2026-09-05T04:54:49.764Z [88626556-aeb7-47f0-b17b-64976aae6973][d889bfbd-3833-4a0f-a1b1-c28b24c104cd] Item 2: no video source on the tile yet — hovering it to mount one.
2026-09-05T04:54:50.774Z [d7188a5f-2c00-49e1-a8af-bcb686db11b5][d889bfbd-3833-4a0f-a1b1-c28b24c104cd] Generating... 0 ready, 0 failed / 2 total (42s) play_circle 32% [HÀN play_circle 33% [HÀN
2026-09-05T04:54:50.858Z [1c987596-c708-4fee-9820-ef95e2c97d5a][d889bfbd-3833-4a0f-a1b1-c28b24c104cd] Generating... 0 ready, 0 failed / 2 total (51s) play_circle 100% [HÀ play_circle 100% [HÀ
2026-09-05T04:54:50.958Z [1fa5a529-8058-4a78-a49d-29ed60f6f8e0][d889bfbd-3833-4a0f-a1b1-c28b24c104cd] Generating... 0 ready, 0 failed / 2 total (36s) play_circle 26% [HÀN play_circle 26% [HÀN
2026-09-05T04:54:51.236Z [88626556-aeb7-47f0-b17b-64976aae6973][d889bfbd-3833-4a0f-a1b1-c28b24c104cd] Item 2: Downloading from URL https://flow-content.google/video/e1d08916-9178-488a-a865-ce58c2d9159c?Expires=1788605677&KeyName=labs-flow-prod-cdn-key&Signature=BlgqkrvmCWV3OdqPZbnu2mZ7dS4
2026-09-05T04:54:52.378Z [88626556-aeb7-47f0-b17b-64976aae6973][d889bfbd-3833-4a0f-a1b1-c28b24c104cd] Downloaded 2/2: video_2026-09-05T04-54-47_02.mp4
2026-09-05T04:54:52.378Z [88626556-aeb7-47f0-b17b-64976aae6973][d889bfbd-3833-4a0f-a1b1-c28b24c104cd] ✅ 2 item(s) saved to Downloads/Win AI Toolkit/
2026-09-05T04:54:53.794Z [d7188a5f-2c00-49e1-a8af-bcb686db11b5][d889bfbd-3833-4a0f-a1b1-c28b24c104cd] Generating... 0 ready, 0 failed / 2 total (45s) play_circle 36% [HÀN play_circle 36% [HÀN
2026-09-05T04:54:53.880Z [1c987596-c708-4fee-9820-ef95e2c97d5a][d889bfbd-3833-4a0f-a1b1-c28b24c104cd] Generating... 0 ready, 0 failed / 2 total (54s) play_circle 100% [HÀ play_circle 100% [HÀ
2026-09-05T04:54:53.980Z [1fa5a529-8058-4a78-a49d-29ed60f6f8e0][d889bfbd-3833-4a0f-a1b1-c28b24c104cd] Generating... 0 ready, 0 failed / 2 total (39s) play_circle 29% [HÀN play_circle 30% [HÀN
2026-09-05T04:54:56.819Z [d7188a5f-2c00-49e1-a8af-bcb686db11b5][d889bfbd-3833-4a0f-a1b1-c28b24c104cd] Generating... 0 ready, 0 failed / 2 total (48s) play_circle 38% [HÀN play_circle 38% [HÀN
2026-09-05T04:54:56.897Z [1c987596-c708-4fee-9820-ef95e2c97d5a][d889bfbd-3833-4a0f-a1b1-c28b24c104cd] Generating... 0 ready, 0 failed / 2 total (57s) [HÀNH ĐỘNG]Bắt đầu đ [HÀNH ĐỘNG]Bắt đầu đ
2026-09-05T04:54:57.005Z [1fa5a529-8058-4a78-a49d-29ed60f6f8e0][d889bfbd-3833-4a0f-a1b1-c28b24c104cd] Generating... 0 ready, 0 failed / 2 total (42s) play_circle 33% [HÀN play_circle 33% [HÀN
2026-09-05T04:54:59.834Z [d7188a5f-2c00-49e1-a8af-bcb686db11b5][d889bfbd-3833-4a0f-a1b1-c28b24c104cd] Generating... 0 ready, 0 failed / 2 total (51s) play_circle 100% [HÀ play_circle 100% [HÀ
2026-09-05T04:54:59.911Z [1c987596-c708-4fee-9820-ef95e2c97d5a][d889bfbd-3833-4a0f-a1b1-c28b24c104cd] Generating... 2 ready, 0 failed / 2 total (60s)
2026-09-05T04:54:59.911Z [1c987596-c708-4fee-9820-ef95e2c97d5a][d889bfbd-3833-4a0f-a1b1-c28b24c104cd] Batch done: 2 ready (target 2), 0 failed, scanned 2.
2026-09-05T04:54:59.911Z [1c987596-c708-4fee-9820-ef95e2c97d5a][d889bfbd-3833-4a0f-a1b1-c28b24c104cd] 2 item(s) ready! Downloading...
2026-09-05T04:54:59.912Z [1c987596-c708-4fee-9820-ef95e2c97d5a][d889bfbd-3833-4a0f-a1b1-c28b24c104cd] Item 1: no video source on the tile yet — hovering it to mount one.
2026-09-05T04:55:00.030Z [1fa5a529-8058-4a78-a49d-29ed60f6f8e0][d889bfbd-3833-4a0f-a1b1-c28b24c104cd] Generating... 0 ready, 0 failed / 2 total (45s) play_circle 36% [HÀN play_circle 36% [HÀN
2026-09-05T04:55:01.273Z [1c987596-c708-4fee-9820-ef95e2c97d5a][d889bfbd-3833-4a0f-a1b1-c28b24c104cd] Item 1: Downloading from URL https://flow-content.google/video/6d211375-3265-43df-b03c-28bc788516f2?Expires=1788605690&KeyName=labs-flow-prod-cdn-key&Signature=tQ8qRy3FhiK3n1aBUx4eS0C74oo
2026-09-05T04:55:02.847Z [d7188a5f-2c00-49e1-a8af-bcb686db11b5][d889bfbd-3833-4a0f-a1b1-c28b24c104cd] Generating... 0 ready, 0 failed / 2 total (54s) play_circle 100% [HÀ play_circle 100% [HÀ
2026-09-05T04:55:02.863Z [1c987596-c708-4fee-9820-ef95e2c97d5a][d889bfbd-3833-4a0f-a1b1-c28b24c104cd] Downloaded 1/2: video_2026-09-05T04-54-59_01.mp4
2026-09-05T04:55:02.864Z [1c987596-c708-4fee-9820-ef95e2c97d5a][d889bfbd-3833-4a0f-a1b1-c28b24c104cd] Item 2: no video source on the tile yet — hovering it to mount one.
2026-09-05T04:55:03.048Z [1fa5a529-8058-4a78-a49d-29ed60f6f8e0][d889bfbd-3833-4a0f-a1b1-c28b24c104cd] Generating... 0 ready, 0 failed / 2 total (48s) play_circle 38% [HÀN play_circle 37% [HÀN
2026-09-05T04:55:04.758Z [1c987596-c708-4fee-9820-ef95e2c97d5a][d889bfbd-3833-4a0f-a1b1-c28b24c104cd] Item 2: Downloading from URL https://flow-content.google/video/da4d8250-a0c1-4846-8c48-920df13afd21?Expires=1788605690&KeyName=labs-flow-prod-cdn-key&Signature=d1O-mvlQAZ_IPnSLvYIAUYqQTdI
2026-09-05T04:55:05.875Z [d7188a5f-2c00-49e1-a8af-bcb686db11b5][d889bfbd-3833-4a0f-a1b1-c28b24c104cd] Generating... 0 ready, 0 failed / 2 total (57s) [HÀNH ĐỘNG]Bắt đầu đ [HÀNH ĐỘNG]Bắt đầu đ
2026-09-05T04:55:06.079Z [1fa5a529-8058-4a78-a49d-29ed60f6f8e0][d889bfbd-3833-4a0f-a1b1-c28b24c104cd] Generating... 0 ready, 0 failed / 2 total (51s) play_circle 40% [HÀN play_circle 100% [HÀ
2026-09-05T04:55:07.208Z [1c987596-c708-4fee-9820-ef95e2c97d5a][d889bfbd-3833-4a0f-a1b1-c28b24c104cd] Downloaded 2/2: video_2026-09-05T04-54-59_02.mp4
2026-09-05T04:55:07.209Z [1c987596-c708-4fee-9820-ef95e2c97d5a][d889bfbd-3833-4a0f-a1b1-c28b24c104cd] ✅ 2 item(s) saved to Downloads/Win AI Toolkit/
2026-09-05T04:55:08.895Z [d7188a5f-2c00-49e1-a8af-bcb686db11b5][d889bfbd-3833-4a0f-a1b1-c28b24c104cd] Generating... 2 ready, 0 failed / 2 total (60s)
2026-09-05T04:55:08.896Z [d7188a5f-2c00-49e1-a8af-bcb686db11b5][d889bfbd-3833-4a0f-a1b1-c28b24c104cd] Batch done: 2 ready (target 2), 0 failed, scanned 2.
2026-09-05T04:55:08.896Z [d7188a5f-2c00-49e1-a8af-bcb686db11b5][d889bfbd-3833-4a0f-a1b1-c28b24c104cd] 2 item(s) ready! Downloading...
2026-09-05T04:55:08.897Z [d7188a5f-2c00-49e1-a8af-bcb686db11b5][d889bfbd-3833-4a0f-a1b1-c28b24c104cd] Item 1: no video source on the tile yet — hovering it to mount one.
2026-09-05T04:55:09.094Z [1fa5a529-8058-4a78-a49d-29ed60f6f8e0][d889bfbd-3833-4a0f-a1b1-c28b24c104cd] Generating... 0 ready, 0 failed / 2 total (54s) play_circle 43% [HÀN play_circle 100% [HÀ
2026-09-05T04:55:10.756Z [d7188a5f-2c00-49e1-a8af-bcb686db11b5][d889bfbd-3833-4a0f-a1b1-c28b24c104cd] Item 1: Downloading from URL https://flow-content.google/video/a4cfe71b-a4eb-4827-a91e-db2b4b50dd5c?Expires=1788605698&KeyName=labs-flow-prod-cdn-key&Signature=HbgZhplM5K1eNXwd10GeeBYANYU
2026-09-05T04:55:12.125Z [1fa5a529-8058-4a78-a49d-29ed60f6f8e0][d889bfbd-3833-4a0f-a1b1-c28b24c104cd] Generating... 1 ready, 0 failed / 2 total (57s) play_circle 100% [HÀ
2026-09-05T04:55:12.179Z [d7188a5f-2c00-49e1-a8af-bcb686db11b5][d889bfbd-3833-4a0f-a1b1-c28b24c104cd] Downloaded 1/2: video_2026-09-05T04-55-08_01.mp4
2026-09-05T04:55:12.180Z [d7188a5f-2c00-49e1-a8af-bcb686db11b5][d889bfbd-3833-4a0f-a1b1-c28b24c104cd] Item 2: no video source on the tile yet — hovering it to mount one.
2026-09-05T04:55:13.524Z [d7188a5f-2c00-49e1-a8af-bcb686db11b5][d889bfbd-3833-4a0f-a1b1-c28b24c104cd] Item 2: Downloading from URL https://flow-content.google/video/21c4918e-227e-4417-b4c1-376851aa7796?Expires=1788605698&KeyName=labs-flow-prod-cdn-key&Signature=6i4s3MD-rmomXmHUGBvSXkXPr4E
2026-09-05T04:55:14.940Z [d7188a5f-2c00-49e1-a8af-bcb686db11b5][d889bfbd-3833-4a0f-a1b1-c28b24c104cd] Downloaded 2/2: video_2026-09-05T04-55-08_02.mp4
2026-09-05T04:55:14.940Z [d7188a5f-2c00-49e1-a8af-bcb686db11b5][d889bfbd-3833-4a0f-a1b1-c28b24c104cd] ✅ 2 item(s) saved to Downloads/Win AI Toolkit/
2026-09-05T04:55:15.145Z [1fa5a529-8058-4a78-a49d-29ed60f6f8e0][d889bfbd-3833-4a0f-a1b1-c28b24c104cd] Generating... 1 ready, 0 failed / 2 total (60s) [HÀNH ĐỘNG]Bắt đầu đ
2026-09-05T04:55:18.163Z [1fa5a529-8058-4a78-a49d-29ed60f6f8e0][d889bfbd-3833-4a0f-a1b1-c28b24c104cd] Generating... 2 ready, 0 failed / 2 total (63s)
2026-09-05T04:55:18.164Z [1fa5a529-8058-4a78-a49d-29ed60f6f8e0][d889bfbd-3833-4a0f-a1b1-c28b24c104cd] Batch done: 2 ready (target 2), 0 failed, scanned 2.
2026-09-05T04:55:18.164Z [1fa5a529-8058-4a78-a49d-29ed60f6f8e0][d889bfbd-3833-4a0f-a1b1-c28b24c104cd] 2 item(s) ready! Downloading...
2026-09-05T04:55:18.166Z [1fa5a529-8058-4a78-a49d-29ed60f6f8e0][d889bfbd-3833-4a0f-a1b1-c28b24c104cd] Item 1: no video source on the tile yet — hovering it to mount one.
2026-09-05T04:55:19.873Z [1fa5a529-8058-4a78-a49d-29ed60f6f8e0][d889bfbd-3833-4a0f-a1b1-c28b24c104cd] Item 1: Downloading from URL https://flow-content.google/video/87ba13d5-63a3-466a-bb17-6d8046192765?Expires=1788605709&KeyName=labs-flow-prod-cdn-key&Signature=nDEus7wlIz2NoV5B_CxN9pGwRcs
2026-09-05T04:55:21.363Z [1fa5a529-8058-4a78-a49d-29ed60f6f8e0][d889bfbd-3833-4a0f-a1b1-c28b24c104cd] Downloaded 1/2: video_2026-09-05T04-55-18_01.mp4
2026-09-05T04:55:21.364Z [1fa5a529-8058-4a78-a49d-29ed60f6f8e0][d889bfbd-3833-4a0f-a1b1-c28b24c104cd] Item 2: no video source on the tile yet — hovering it to mount one.
2026-09-05T04:55:22.853Z [1fa5a529-8058-4a78-a49d-29ed60f6f8e0][d889bfbd-3833-4a0f-a1b1-c28b24c104cd] Item 2: Downloading from URL https://flow-content.google/video/165c9b61-ce22-442b-ada0-f110e0a0cd3c?Expires=1788605704&KeyName=labs-flow-prod-cdn-key&Signature=-50J1oIOBC2_LRRm42WcLs-Bn64
2026-09-05T04:55:24.363Z [1fa5a529-8058-4a78-a49d-29ed60f6f8e0][d889bfbd-3833-4a0f-a1b1-c28b24c104cd] Downloaded 2/2: video_2026-09-05T04-55-18_02.mp4
2026-09-05T04:55:24.363Z [1fa5a529-8058-4a78-a49d-29ed60f6f8e0][d889bfbd-3833-4a0f-a1b1-c28b24c104cd] ✅ 2 item(s) saved to Downloads/Win AI Toolkit/
2026-09-05T04:55:31.359Z [88626556-aeb7-47f0-b17b-64976aae6973][d889bfbd-3833-4a0f-a1b1-c28b24c104cd] Item 1 (try 1): 1080p saved via the UI download flow.
2026-09-05T04:55:31.422Z [88626556-aeb7-47f0-b17b-64976aae6973][d889bfbd-3833-4a0f-a1b1-c28b24c104cd] Item 1: upgraded to 1080p → D:\WINAI\Slow-English-with-Arlo_7_5_cmtlc8wi\video_2026-09-05T04-54-47_01.mp4
2026-09-05T04:55:48.487Z [d7188a5f-2c00-49e1-a8af-bcb686db11b5][d889bfbd-3833-4a0f-a1b1-c28b24c104cd] Item 1 (try 1): 1080p saved via the UI download flow.
2026-09-05T04:55:48.568Z [d7188a5f-2c00-49e1-a8af-bcb686db11b5][d889bfbd-3833-4a0f-a1b1-c28b24c104cd] Item 1: upgraded to 1080p → D:\WINAI\Slow-English-with-Arlo_7_7_cmtlc8wi\video_2026-09-05T04-55-08_01.mp4
2026-09-05T04:55:55.659Z [1c987596-c708-4fee-9820-ef95e2c97d5a][d889bfbd-3833-4a0f-a1b1-c28b24c104cd] Item 1 (try 1): 1080p saved via the UI download flow.
2026-09-05T04:55:55.730Z [1c987596-c708-4fee-9820-ef95e2c97d5a][d889bfbd-3833-4a0f-a1b1-c28b24c104cd] Item 1: upgraded to 1080p → D:\WINAI\Slow-English-with-Arlo_7_6_cmtlc8wi\video_2026-09-05T04-54-59_01.mp4
2026-09-05T04:56:02.561Z [1fa5a529-8058-4a78-a49d-29ed60f6f8e0][d889bfbd-3833-4a0f-a1b1-c28b24c104cd] Item 1 (try 1): 1080p saved via the UI download flow.
2026-09-05T04:56:02.641Z [1fa5a529-8058-4a78-a49d-29ed60f6f8e0][d889bfbd-3833-4a0f-a1b1-c28b24c104cd] Item 1: upgraded to 1080p → D:\WINAI\Slow-English-with-Arlo_7_8_cmtlc8wi\video_2026-09-05T04-55-18_01.mp4
2026-09-05T04:56:09.960Z [88626556-aeb7-47f0-b17b-64976aae6973][d889bfbd-3833-4a0f-a1b1-c28b24c104cd] Item 2 (try 1): 1080p saved via the UI download flow.
2026-09-05T04:56:10.071Z [88626556-aeb7-47f0-b17b-64976aae6973][d889bfbd-3833-4a0f-a1b1-c28b24c104cd] Item 2: upgraded to 1080p → D:\WINAI\Slow-English-with-Arlo_7_5_cmtlc8wi\video_2026-09-05T04-54-47_02.mp4
2026-09-05T04:56:10.071Z [88626556-aeb7-47f0-b17b-64976aae6973][d889bfbd-3833-4a0f-a1b1-c28b24c104cd] Uploading 2 video(s) to Xanh...
2026-09-05T04:56:10.681Z [88626556-aeb7-47f0-b17b-64976aae6973][d889bfbd-3833-4a0f-a1b1-c28b24c104cd] Item 2: Re-uploaded 1080p → https://studio.xanhmedia.vn/uploads/2026-09/1788584170441_1be4f3_d889bfbd-3833-4a0f-a1b1-c28b24c104cd_886.mp4
2026-09-05T04:56:14.027Z [88626556-aeb7-47f0-b17b-64976aae6973][d889bfbd-3833-4a0f-a1b1-c28b24c104cd] Item 1: Re-uploaded 1080p → https://studio.xanhmedia.vn/uploads/2026-09/1788584173788_5485ea_d889bfbd-3833-4a0f-a1b1-c28b24c104cd_886.mp4
2026-09-05T04:56:14.028Z [88626556-aeb7-47f0-b17b-64976aae6973][d889bfbd-3833-4a0f-a1b1-c28b24c104cd] ✅ 2 item(s) + 1080p saved to Downloads/Win AI Toolkit/
2026-09-05T04:56:14.031Z [88626556-aeb7-47f0-b17b-64976aae6973][d889bfbd-3833-4a0f-a1b1-c28b24c104cd] All done (including any 1080p upgrades). Closing Playwright browser context.
2026-09-05T04:56:15.510Z [d418147f-c8c4-4f03-9c3c-3dc0f715d3da][d889bfbd-3833-4a0f-a1b1-c28b24c104cd] runGeneration starting: task_id=d418147f-c8c4-4f03-9c3c-3dc0f715d3da, profile_id=d889bfbd-3833-4a0f-a1b1-c28b24c104cd, target_site=google_flow
2026-09-05T04:56:15.510Z [d418147f-c8c4-4f03-9c3c-3dc0f715d3da][d889bfbd-3833-4a0f-a1b1-c28b24c104cd] Opening Playwright browser with persistent profile cookies...
2026-09-05T04:56:15.511Z [d418147f-c8c4-4f03-9c3c-3dc0f715d3da][d889bfbd-3833-4a0f-a1b1-c28b24c104cd] Browser engine: winhide (C:\Users\Admin\AppData\Roaming\com.tank.winai\winhide\chrome.exe) [hidden off-screen]
2026-09-05T04:56:15.511Z [d418147f-c8c4-4f03-9c3c-3dc0f715d3da][d889bfbd-3833-4a0f-a1b1-c28b24c104cd] Launch mode: STEALTH (raw spawn + connectOverCDP)
2026-09-05T04:56:17.621Z [d418147f-c8c4-4f03-9c3c-3dc0f715d3da][d889bfbd-3833-4a0f-a1b1-c28b24c104cd] Exit IP: 115.74.128.9
2026-09-05T04:56:17.622Z [d418147f-c8c4-4f03-9c3c-3dc0f715d3da][d889bfbd-3833-4a0f-a1b1-c28b24c104cd] Navigating browser to Google Flow tools page...
2026-09-05T04:56:17.622Z [d418147f-c8c4-4f03-9c3c-3dc0f715d3da][d889bfbd-3833-4a0f-a1b1-c28b24c104cd] Using existing project URL: https://flow.google.com/project/c2a607c5-d833-4be1-8108-407b74d4ed85?hl=en
2026-09-05T04:56:18.478Z [d418147f-c8c4-4f03-9c3c-3dc0f715d3da][d889bfbd-3833-4a0f-a1b1-c28b24c104cd] Waiting for Google Flow...
2026-09-05T04:56:20.907Z [d418147f-c8c4-4f03-9c3c-3dc0f715d3da][d889bfbd-3833-4a0f-a1b1-c28b24c104cd] In existing project ✓
2026-09-05T04:56:22.024Z [d418147f-c8c4-4f03-9c3c-3dc0f715d3da][d889bfbd-3833-4a0f-a1b1-c28b24c104cd] dismissPopups: unresolved overlay(s) ["IFRAME[presentation]|btns="]
2026-09-05T04:56:25.838Z [d418147f-c8c4-4f03-9c3c-3dc0f715d3da][d889bfbd-3833-4a0f-a1b1-c28b24c104cd] Composer ready ✓ (UI language: en)
2026-09-05T04:56:25.865Z [d418147f-c8c4-4f03-9c3c-3dc0f715d3da][d889bfbd-3833-4a0f-a1b1-c28b24c104cd] dismissPopups: unresolved overlay(s) ["DIV[]|btns=","DIV[]|btns="]
2026-09-05T04:56:25.879Z [d418147f-c8c4-4f03-9c3c-3dc0f715d3da][d889bfbd-3833-4a0f-a1b1-c28b24c104cd] Agent toggle aria-pressed=false
2026-09-05T04:56:25.879Z [d418147f-c8c4-4f03-9c3c-3dc0f715d3da][d889bfbd-3833-4a0f-a1b1-c28b24c104cd] Opening settings...
2026-09-05T04:56:27.389Z [d418147f-c8c4-4f03-9c3c-3dc0f715d3da][d889bfbd-3833-4a0f-a1b1-c28b24c104cd] Configuring video settings...
2026-09-05T04:56:27.422Z [d418147f-c8c4-4f03-9c3c-3dc0f715d3da][d889bfbd-3833-4a0f-a1b1-c28b24c104cd] Mode: "videocam Video" already selected ✓
2026-09-05T04:56:30.120Z [d418147f-c8c4-4f03-9c3c-3dc0f715d3da][d889bfbd-3833-4a0f-a1b1-c28b24c104cd] Video type: selected "crop_free Frames" ✓
2026-09-05T04:56:34.255Z [1c987596-c708-4fee-9820-ef95e2c97d5a][d889bfbd-3833-4a0f-a1b1-c28b24c104cd] Item 2 (try 1): 1080p saved via the UI download flow.
2026-09-05T04:56:34.329Z [1c987596-c708-4fee-9820-ef95e2c97d5a][d889bfbd-3833-4a0f-a1b1-c28b24c104cd] Item 2: upgraded to 1080p → D:\WINAI\Slow-English-with-Arlo_7_6_cmtlc8wi\video_2026-09-05T04-54-59_02.mp4
2026-09-05T04:56:34.329Z [1c987596-c708-4fee-9820-ef95e2c97d5a][d889bfbd-3833-4a0f-a1b1-c28b24c104cd] Uploading 2 video(s) to Xanh...
2026-09-05T04:56:35.200Z [1c987596-c708-4fee-9820-ef95e2c97d5a][d889bfbd-3833-4a0f-a1b1-c28b24c104cd] Item 1: Re-uploaded 1080p → https://studio.xanhmedia.vn/uploads/2026-09/1788584194947_b32795_d889bfbd-3833-4a0f-a1b1-c28b24c104cd_1c9.mp4
2026-09-05T04:56:35.324Z [1c987596-c708-4fee-9820-ef95e2c97d5a][d889bfbd-3833-4a0f-a1b1-c28b24c104cd] Item 2: Re-uploaded 1080p → https://studio.xanhmedia.vn/uploads/2026-09/1788584195067_5463e8_d889bfbd-3833-4a0f-a1b1-c28b24c104cd_1c9.mp4
2026-09-05T04:56:35.324Z [1c987596-c708-4fee-9820-ef95e2c97d5a][d889bfbd-3833-4a0f-a1b1-c28b24c104cd] ✅ 2 item(s) + 1080p saved to Downloads/Win AI Toolkit/
2026-09-05T04:56:35.324Z [d418147f-c8c4-4f03-9c3c-3dc0f715d3da][d889bfbd-3833-4a0f-a1b1-c28b24c104cd] Model: selected "Veo 3.1 - Lite [Lower Priority]" ✓
2026-09-05T04:56:35.327Z [1c987596-c708-4fee-9820-ef95e2c97d5a][d889bfbd-3833-4a0f-a1b1-c28b24c104cd] All done (including any 1080p upgrades). Closing Playwright browser context.
2026-09-05T04:56:36.244Z [d418147f-c8c4-4f03-9c3c-3dc0f715d3da][d889bfbd-3833-4a0f-a1b1-c28b24c104cd] Aspect ratio: "crop_16_9 16:9" already selected ✓
2026-09-05T04:56:36.250Z [d418147f-c8c4-4f03-9c3c-3dc0f715d3da][d889bfbd-3833-4a0f-a1b1-c28b24c104cd] Video resolution: toggle group "Video resolution" not present (model may not offer it) — skipped.
2026-09-05T04:56:36.287Z [d418147f-c8c4-4f03-9c3c-3dc0f715d3da][d889bfbd-3833-4a0f-a1b1-c28b24c104cd] Duration: "8s" already selected ✓
2026-09-05T04:56:36.310Z [d418147f-c8c4-4f03-9c3c-3dc0f715d3da][d889bfbd-3833-4a0f-a1b1-c28b24c104cd] Output count: "x2" already selected ✓
2026-09-05T04:56:36.538Z [54f5c026-4cf4-4bd4-a502-1dee8f7fdf3e][d889bfbd-3833-4a0f-a1b1-c28b24c104cd] runGeneration starting: task_id=54f5c026-4cf4-4bd4-a502-1dee8f7fdf3e, profile_id=d889bfbd-3833-4a0f-a1b1-c28b24c104cd, target_site=google_flow
2026-09-05T04:56:36.539Z [54f5c026-4cf4-4bd4-a502-1dee8f7fdf3e][d889bfbd-3833-4a0f-a1b1-c28b24c104cd] Opening Playwright browser with persistent profile cookies...
2026-09-05T04:56:36.539Z [54f5c026-4cf4-4bd4-a502-1dee8f7fdf3e][d889bfbd-3833-4a0f-a1b1-c28b24c104cd] Browser engine: winhide (C:\Users\Admin\AppData\Roaming\com.tank.winai\winhide\chrome.exe) [hidden off-screen]
2026-09-05T04:56:36.540Z [54f5c026-4cf4-4bd4-a502-1dee8f7fdf3e][d889bfbd-3833-4a0f-a1b1-c28b24c104cd] Launch mode: STEALTH (raw spawn + connectOverCDP)
2026-09-05T04:56:37.433Z [d418147f-c8c4-4f03-9c3c-3dc0f715d3da][d889bfbd-3833-4a0f-a1b1-c28b24c104cd] Start keyframe: downloading from URL...
2026-09-05T04:56:37.884Z [d418147f-c8c4-4f03-9c3c-3dc0f715d3da][d889bfbd-3833-4a0f-a1b1-c28b24c104cd] Downloader: no-proxy request context ready.
2026-09-05T04:56:38.197Z [d418147f-c8c4-4f03-9c3c-3dc0f715d3da][d889bfbd-3833-4a0f-a1b1-c28b24c104cd] Start keyframe: saved 164159 bytes (image/png) as "1788441705994_da772b_winai_2026-09-03T13-20-27_03.png"
2026-09-05T04:56:38.240Z [d418147f-c8c4-4f03-9c3c-3dc0f715d3da][d889bfbd-3833-4a0f-a1b1-c28b24c104cd] Start keyframe: setting start keyframe...
2026-09-05T04:56:38.489Z [54f5c026-4cf4-4bd4-a502-1dee8f7fdf3e][d889bfbd-3833-4a0f-a1b1-c28b24c104cd] Exit IP: 115.74.128.9
2026-09-05T04:56:38.490Z [54f5c026-4cf4-4bd4-a502-1dee8f7fdf3e][d889bfbd-3833-4a0f-a1b1-c28b24c104cd] Navigating browser to Google Flow tools page...
2026-09-05T04:56:38.490Z [54f5c026-4cf4-4bd4-a502-1dee8f7fdf3e][d889bfbd-3833-4a0f-a1b1-c28b24c104cd] Using existing project URL: https://flow.google.com/project/cae2bf2b-d1b8-40f9-a300-9f2aa6276ea5?hl=en
2026-09-05T04:56:39.485Z [54f5c026-4cf4-4bd4-a502-1dee8f7fdf3e][d889bfbd-3833-4a0f-a1b1-c28b24c104cd] Waiting for Google Flow...
2026-09-05T04:56:40.392Z [d418147f-c8c4-4f03-9c3c-3dc0f715d3da][d889bfbd-3833-4a0f-a1b1-c28b24c104cd] Start keyframe: "1788441705994_da772b_winai_2026-09-03T13-20-27_03.png" not in the library yet — uploading it first.
2026-09-05T04:56:41.436Z [54f5c026-4cf4-4bd4-a502-1dee8f7fdf3e][d889bfbd-3833-4a0f-a1b1-c28b24c104cd] In existing project ✓
2026-09-05T04:56:42.115Z [d7188a5f-2c00-49e1-a8af-bcb686db11b5][d889bfbd-3833-4a0f-a1b1-c28b24c104cd] Item 2 (try 1): 1080p saved via the UI download flow.
2026-09-05T04:56:42.177Z [d7188a5f-2c00-49e1-a8af-bcb686db11b5][d889bfbd-3833-4a0f-a1b1-c28b24c104cd] Item 2: upgraded to 1080p → D:\WINAI\Slow-English-with-Arlo_7_7_cmtlc8wi\video_2026-09-05T04-55-08_02.mp4
2026-09-05T04:56:42.177Z [d7188a5f-2c00-49e1-a8af-bcb686db11b5][d889bfbd-3833-4a0f-a1b1-c28b24c104cd] Uploading 2 video(s) to Xanh...
2026-09-05T04:56:42.473Z [54f5c026-4cf4-4bd4-a502-1dee8f7fdf3e][d889bfbd-3833-4a0f-a1b1-c28b24c104cd] dismissPopups: unresolved overlay(s) ["IFRAME[presentation]|btns="]
2026-09-05T04:56:42.774Z [d7188a5f-2c00-49e1-a8af-bcb686db11b5][d889bfbd-3833-4a0f-a1b1-c28b24c104cd] Item 2: Re-uploaded 1080p → https://studio.xanhmedia.vn/uploads/2026-09/1788584202542_4ae8d0_d889bfbd-3833-4a0f-a1b1-c28b24c104cd_d71.mp4
2026-09-05T04:56:42.939Z [d7188a5f-2c00-49e1-a8af-bcb686db11b5][d889bfbd-3833-4a0f-a1b1-c28b24c104cd] Item 1: Re-uploaded 1080p → https://studio.xanhmedia.vn/uploads/2026-09/1788584202682_4217d8_d889bfbd-3833-4a0f-a1b1-c28b24c104cd_d71.mp4
2026-09-05T04:56:42.939Z [d7188a5f-2c00-49e1-a8af-bcb686db11b5][d889bfbd-3833-4a0f-a1b1-c28b24c104cd] ✅ 2 item(s) + 1080p saved to Downloads/Win AI Toolkit/
2026-09-05T04:56:42.941Z [d7188a5f-2c00-49e1-a8af-bcb686db11b5][d889bfbd-3833-4a0f-a1b1-c28b24c104cd] All done (including any 1080p upgrades). Closing Playwright browser context.
2026-09-05T04:56:44.121Z [f708a87f-e706-4c22-b0d9-7a682094ca6e][d889bfbd-3833-4a0f-a1b1-c28b24c104cd] runGeneration starting: task_id=f708a87f-e706-4c22-b0d9-7a682094ca6e, profile_id=d889bfbd-3833-4a0f-a1b1-c28b24c104cd, target_site=google_flow
2026-09-05T04:56:44.122Z [f708a87f-e706-4c22-b0d9-7a682094ca6e][d889bfbd-3833-4a0f-a1b1-c28b24c104cd] Opening Playwright browser with persistent profile cookies...
2026-09-05T04:56:44.122Z [f708a87f-e706-4c22-b0d9-7a682094ca6e][d889bfbd-3833-4a0f-a1b1-c28b24c104cd] Browser engine: winhide (C:\Users\Admin\AppData\Roaming\com.tank.winai\winhide\chrome.exe) [hidden off-screen]
2026-09-05T04:56:44.123Z [f708a87f-e706-4c22-b0d9-7a682094ca6e][d889bfbd-3833-4a0f-a1b1-c28b24c104cd] Launch mode: STEALTH (raw spawn + connectOverCDP)
2026-09-05T04:56:44.623Z [d418147f-c8c4-4f03-9c3c-3dc0f715d3da][d889bfbd-3833-4a0f-a1b1-c28b24c104cd] Start keyframe: uploading "1788441705994_da772b_winai_2026-09-03T13-20-27_03.png" to the project library...
2026-09-05T04:56:45.092Z [54f5c026-4cf4-4bd4-a502-1dee8f7fdf3e][d889bfbd-3833-4a0f-a1b1-c28b24c104cd] Composer ready ✓ (UI language: en)
2026-09-05T04:56:45.109Z [54f5c026-4cf4-4bd4-a502-1dee8f7fdf3e][d889bfbd-3833-4a0f-a1b1-c28b24c104cd] dismissPopups: unresolved overlay(s) ["DIV[]|btns=","DIV[]|btns="]
2026-09-05T04:56:45.152Z [54f5c026-4cf4-4bd4-a502-1dee8f7fdf3e][d889bfbd-3833-4a0f-a1b1-c28b24c104cd] Agent toggle aria-pressed=false
2026-09-05T04:56:45.152Z [54f5c026-4cf4-4bd4-a502-1dee8f7fdf3e][d889bfbd-3833-4a0f-a1b1-c28b24c104cd] Opening settings...
2026-09-05T04:56:46.135Z [d418147f-c8c4-4f03-9c3c-3dc0f715d3da][d889bfbd-3833-4a0f-a1b1-c28b24c104cd] Start keyframe: upload finished ✓
2026-09-05T04:56:46.368Z [f708a87f-e706-4c22-b0d9-7a682094ca6e][d889bfbd-3833-4a0f-a1b1-c28b24c104cd] Exit IP: 115.74.128.9
2026-09-05T04:56:46.369Z [f708a87f-e706-4c22-b0d9-7a682094ca6e][d889bfbd-3833-4a0f-a1b1-c28b24c104cd] Navigating browser to Google Flow tools page...
2026-09-05T04:56:46.370Z [f708a87f-e706-4c22-b0d9-7a682094ca6e][d889bfbd-3833-4a0f-a1b1-c28b24c104cd] Using existing project URL: https://flow.google.com/project/cd81a7d3-c989-419e-891a-f8694174cb85?hl=en
2026-09-05T04:56:47.168Z [54f5c026-4cf4-4bd4-a502-1dee8f7fdf3e][d889bfbd-3833-4a0f-a1b1-c28b24c104cd] Configuring video settings...
2026-09-05T04:56:47.209Z [54f5c026-4cf4-4bd4-a502-1dee8f7fdf3e][d889bfbd-3833-4a0f-a1b1-c28b24c104cd] Mode: "videocam Video" already selected ✓
2026-09-05T04:56:47.256Z [f708a87f-e706-4c22-b0d9-7a682094ca6e][d889bfbd-3833-4a0f-a1b1-c28b24c104cd] Waiting for Google Flow...
2026-09-05T04:56:47.540Z [1fa5a529-8058-4a78-a49d-29ed60f6f8e0][d889bfbd-3833-4a0f-a1b1-c28b24c104cd] Item 2 (try 1): 1080p saved via the UI download flow.
2026-09-05T04:56:47.639Z [1fa5a529-8058-4a78-a49d-29ed60f6f8e0][d889bfbd-3833-4a0f-a1b1-c28b24c104cd] Item 2: upgraded to 1080p → D:\WINAI\Slow-English-with-Arlo_7_8_cmtlc8wi\video_2026-09-05T04-55-18_02.mp4
2026-09-05T04:56:47.640Z [1fa5a529-8058-4a78-a49d-29ed60f6f8e0][d889bfbd-3833-4a0f-a1b1-c28b24c104cd] Uploading 2 video(s) to Xanh...
2026-09-05T04:56:48.367Z [1fa5a529-8058-4a78-a49d-29ed60f6f8e0][d889bfbd-3833-4a0f-a1b1-c28b24c104cd] Item 1: Re-uploaded 1080p → https://studio.xanhmedia.vn/uploads/2026-09/1788584208121_658b91_d889bfbd-3833-4a0f-a1b1-c28b24c104cd_1fa.mp4
2026-09-05T04:56:49.127Z [f708a87f-e706-4c22-b0d9-7a682094ca6e][d889bfbd-3833-4a0f-a1b1-c28b24c104cd] In existing project ✓
2026-09-05T04:56:50.068Z [f708a87f-e706-4c22-b0d9-7a682094ca6e][d889bfbd-3833-4a0f-a1b1-c28b24c104cd] dismissPopups: unresolved overlay(s) ["IFRAME[presentation]|btns="]
2026-09-05T04:56:50.287Z [54f5c026-4cf4-4bd4-a502-1dee8f7fdf3e][d889bfbd-3833-4a0f-a1b1-c28b24c104cd] Video type: selected "crop_free Frames" ✓
2026-09-05T04:56:51.593Z [1fa5a529-8058-4a78-a49d-29ed60f6f8e0][d889bfbd-3833-4a0f-a1b1-c28b24c104cd] Item 2: Re-uploaded 1080p → https://studio.xanhmedia.vn/uploads/2026-09/1788584211346_5b511e_d889bfbd-3833-4a0f-a1b1-c28b24c104cd_1fa.mp4
2026-09-05T04:56:51.594Z [1fa5a529-8058-4a78-a49d-29ed60f6f8e0][d889bfbd-3833-4a0f-a1b1-c28b24c104cd] ✅ 2 item(s) + 1080p saved to Downloads/Win AI Toolkit/
2026-09-05T04:56:51.598Z [1fa5a529-8058-4a78-a49d-29ed60f6f8e0][d889bfbd-3833-4a0f-a1b1-c28b24c104cd] All done (including any 1080p upgrades). Closing Playwright browser context.
2026-09-05T04:56:53.138Z [4aa3ee48-fc98-46bd-a4d0-7abafd6013cb][d889bfbd-3833-4a0f-a1b1-c28b24c104cd] runGeneration starting: task_id=4aa3ee48-fc98-46bd-a4d0-7abafd6013cb, profile_id=d889bfbd-3833-4a0f-a1b1-c28b24c104cd, target_site=google_flow
2026-09-05T04:56:53.139Z [4aa3ee48-fc98-46bd-a4d0-7abafd6013cb][d889bfbd-3833-4a0f-a1b1-c28b24c104cd] Opening Playwright browser with persistent profile cookies...
2026-09-05T04:56:53.140Z [4aa3ee48-fc98-46bd-a4d0-7abafd6013cb][d889bfbd-3833-4a0f-a1b1-c28b24c104cd] Browser engine: winhide (C:\Users\Admin\AppData\Roaming\com.tank.winai\winhide\chrome.exe) [hidden off-screen]
2026-09-05T04:56:53.141Z [4aa3ee48-fc98-46bd-a4d0-7abafd6013cb][d889bfbd-3833-4a0f-a1b1-c28b24c104cd] Launch mode: STEALTH (raw spawn + connectOverCDP)
2026-09-05T04:56:53.315Z [f708a87f-e706-4c22-b0d9-7a682094ca6e][d889bfbd-3833-4a0f-a1b1-c28b24c104cd] Composer ready ✓ (UI language: en)
2026-09-05T04:56:53.331Z [f708a87f-e706-4c22-b0d9-7a682094ca6e][d889bfbd-3833-4a0f-a1b1-c28b24c104cd] dismissPopups: unresolved overlay(s) ["DIV[]|btns=","DIV[]|btns="]
2026-09-05T04:56:53.350Z [f708a87f-e706-4c22-b0d9-7a682094ca6e][d889bfbd-3833-4a0f-a1b1-c28b24c104cd] Agent toggle aria-pressed=false
2026-09-05T04:56:53.351Z [f708a87f-e706-4c22-b0d9-7a682094ca6e][d889bfbd-3833-4a0f-a1b1-c28b24c104cd] Opening settings...
2026-09-05T04:56:55.203Z [f708a87f-e706-4c22-b0d9-7a682094ca6e][d889bfbd-3833-4a0f-a1b1-c28b24c104cd] Configuring video settings...
2026-09-05T04:56:55.227Z [f708a87f-e706-4c22-b0d9-7a682094ca6e][d889bfbd-3833-4a0f-a1b1-c28b24c104cd] Mode: "videocam Video" already selected ✓
2026-09-05T04:56:55.237Z [d418147f-c8c4-4f03-9c3c-3dc0f715d3da][d889bfbd-3833-4a0f-a1b1-c28b24c104cd] Start keyframe: start keyframe attached ✓
2026-09-05T04:56:55.250Z [d418147f-c8c4-4f03-9c3c-3dc0f715d3da][d889bfbd-3833-4a0f-a1b1-c28b24c104cd] Entering prompt...
2026-09-05T04:56:55.552Z [54f5c026-4cf4-4bd4-a502-1dee8f7fdf3e][d889bfbd-3833-4a0f-a1b1-c28b24c104cd] Model: selected "Veo 3.1 - Lite [Lower Priority]" ✓
2026-09-05T04:56:56.032Z [4aa3ee48-fc98-46bd-a4d0-7abafd6013cb][d889bfbd-3833-4a0f-a1b1-c28b24c104cd] Exit IP: 115.74.128.9
2026-09-05T04:56:56.033Z [4aa3ee48-fc98-46bd-a4d0-7abafd6013cb][d889bfbd-3833-4a0f-a1b1-c28b24c104cd] Navigating browser to Google Flow tools page...
2026-09-05T04:56:56.034Z [4aa3ee48-fc98-46bd-a4d0-7abafd6013cb][d889bfbd-3833-4a0f-a1b1-c28b24c104cd] Using existing project URL: https://flow.google.com/project/33ca2cc2-c9ff-4bb6-9048-2a7af1dfcfee?hl=en
2026-09-05T04:56:56.150Z [54f5c026-4cf4-4bd4-a502-1dee8f7fdf3e][d889bfbd-3833-4a0f-a1b1-c28b24c104cd] Aspect ratio: "crop_16_9 16:9" already selected ✓
2026-09-05T04:56:56.156Z [54f5c026-4cf4-4bd4-a502-1dee8f7fdf3e][d889bfbd-3833-4a0f-a1b1-c28b24c104cd] Video resolution: toggle group "Video resolution" not present (model may not offer it) — skipped.
2026-09-05T04:56:56.194Z [54f5c026-4cf4-4bd4-a502-1dee8f7fdf3e][d889bfbd-3833-4a0f-a1b1-c28b24c104cd] Duration: "8s" already selected ✓
2026-09-05T04:56:56.243Z [54f5c026-4cf4-4bd4-a502-1dee8f7fdf3e][d889bfbd-3833-4a0f-a1b1-c28b24c104cd] Output count: "x2" already selected ✓
2026-09-05T04:56:56.922Z [4aa3ee48-fc98-46bd-a4d0-7abafd6013cb][d889bfbd-3833-4a0f-a1b1-c28b24c104cd] Waiting for Google Flow...
2026-09-05T04:56:57.156Z [d418147f-c8c4-4f03-9c3c-3dc0f715d3da][d889bfbd-3833-4a0f-a1b1-c28b24c104cd] Prompt is 1000 chars — typing it in 20 chunk(s).
2026-09-05T04:56:57.306Z [54f5c026-4cf4-4bd4-a502-1dee8f7fdf3e][d889bfbd-3833-4a0f-a1b1-c28b24c104cd] Start keyframe: downloading from URL...
2026-09-05T04:56:57.534Z [54f5c026-4cf4-4bd4-a502-1dee8f7fdf3e][d889bfbd-3833-4a0f-a1b1-c28b24c104cd] Downloader: no-proxy request context ready.
2026-09-05T04:56:57.859Z [54f5c026-4cf4-4bd4-a502-1dee8f7fdf3e][d889bfbd-3833-4a0f-a1b1-c28b24c104cd] Start keyframe: saved 129817 bytes (image/png) as "1788441599267_d0be8e_60f7c834-1526-409d-b017-21db20795e19_9ef.png"
2026-09-05T04:56:57.882Z [54f5c026-4cf4-4bd4-a502-1dee8f7fdf3e][d889bfbd-3833-4a0f-a1b1-c28b24c104cd] Start keyframe: setting start keyframe...
2026-09-05T04:56:58.262Z [f708a87f-e706-4c22-b0d9-7a682094ca6e][d889bfbd-3833-4a0f-a1b1-c28b24c104cd] Video type: selected "crop_free Frames" ✓
2026-09-05T04:56:58.827Z [4aa3ee48-fc98-46bd-a4d0-7abafd6013cb][d889bfbd-3833-4a0f-a1b1-c28b24c104cd] In existing project ✓
2026-09-05T04:56:59.947Z [4aa3ee48-fc98-46bd-a4d0-7abafd6013cb][d889bfbd-3833-4a0f-a1b1-c28b24c104cd] dismissPopups: unresolved overlay(s) ["IFRAME[presentation]|btns="]
2026-09-05T04:56:59.955Z [54f5c026-4cf4-4bd4-a502-1dee8f7fdf3e][d889bfbd-3833-4a0f-a1b1-c28b24c104cd] Start keyframe: "1788441599267_d0be8e_60f7c834-1526-409d-b017-21db20795e19_9ef.png" not in the library yet — uploading it first.
2026-09-05T04:57:03.356Z [f708a87f-e706-4c22-b0d9-7a682094ca6e][d889bfbd-3833-4a0f-a1b1-c28b24c104cd] Model: selected "Veo 3.1 - Lite [Lower Priority]" ✓
2026-09-05T04:57:03.389Z [4aa3ee48-fc98-46bd-a4d0-7abafd6013cb][d889bfbd-3833-4a0f-a1b1-c28b24c104cd] Composer ready ✓ (UI language: en)
2026-09-05T04:57:03.409Z [4aa3ee48-fc98-46bd-a4d0-7abafd6013cb][d889bfbd-3833-4a0f-a1b1-c28b24c104cd] dismissPopups: unresolved overlay(s) ["DIV[]|btns=","DIV[]|btns="]
2026-09-05T04:57:03.471Z [4aa3ee48-fc98-46bd-a4d0-7abafd6013cb][d889bfbd-3833-4a0f-a1b1-c28b24c104cd] Agent toggle aria-pressed=false
2026-09-05T04:57:03.472Z [4aa3ee48-fc98-46bd-a4d0-7abafd6013cb][d889bfbd-3833-4a0f-a1b1-c28b24c104cd] Opening settings...
2026-09-05T04:57:03.933Z [f708a87f-e706-4c22-b0d9-7a682094ca6e][d889bfbd-3833-4a0f-a1b1-c28b24c104cd] Aspect ratio: "crop_16_9 16:9" already selected ✓
2026-09-05T04:57:03.939Z [f708a87f-e706-4c22-b0d9-7a682094ca6e][d889bfbd-3833-4a0f-a1b1-c28b24c104cd] Video resolution: toggle group "Video resolution" not present (model may not offer it) — skipped.
2026-09-05T04:57:03.981Z [f708a87f-e706-4c22-b0d9-7a682094ca6e][d889bfbd-3833-4a0f-a1b1-c28b24c104cd] Duration: "8s" already selected ✓
2026-09-05T04:57:04.000Z [f708a87f-e706-4c22-b0d9-7a682094ca6e][d889bfbd-3833-4a0f-a1b1-c28b24c104cd] Output count: "x2" already selected ✓
2026-09-05T04:57:04.104Z [54f5c026-4cf4-4bd4-a502-1dee8f7fdf3e][d889bfbd-3833-4a0f-a1b1-c28b24c104cd] Start keyframe: uploading "1788441599267_d0be8e_60f7c834-1526-409d-b017-21db20795e19_9ef.png" to the project library...
2026-09-05T04:57:05.047Z [f708a87f-e706-4c22-b0d9-7a682094ca6e][d889bfbd-3833-4a0f-a1b1-c28b24c104cd] Start keyframe: downloading from URL...
2026-09-05T04:57:05.188Z [54f5c026-4cf4-4bd4-a502-1dee8f7fdf3e][d889bfbd-3833-4a0f-a1b1-c28b24c104cd] Start keyframe: upload finished ✓
2026-09-05T04:57:05.247Z [f708a87f-e706-4c22-b0d9-7a682094ca6e][d889bfbd-3833-4a0f-a1b1-c28b24c104cd] Downloader: no-proxy request context ready.
2026-09-05T04:57:05.554Z [f708a87f-e706-4c22-b0d9-7a682094ca6e][d889bfbd-3833-4a0f-a1b1-c28b24c104cd] Start keyframe: saved 158008 bytes (image/png) as "1788441744538_09b9ce_winai_2026-09-03T13-20-43_02.png"
2026-09-05T04:57:05.570Z [f708a87f-e706-4c22-b0d9-7a682094ca6e][d889bfbd-3833-4a0f-a1b1-c28b24c104cd] Start keyframe: setting start keyframe...
2026-09-05T04:57:05.574Z [4aa3ee48-fc98-46bd-a4d0-7abafd6013cb][d889bfbd-3833-4a0f-a1b1-c28b24c104cd] Configuring video settings...
2026-09-05T04:57:05.611Z [4aa3ee48-fc98-46bd-a4d0-7abafd6013cb][d889bfbd-3833-4a0f-a1b1-c28b24c104cd] Mode: "videocam Video" already selected ✓
2026-09-05T04:57:06.470Z [d418147f-c8c4-4f03-9c3c-3dc0f715d3da][d889bfbd-3833-4a0f-a1b1-c28b24c104cd] Prompt insert attempt 1: editor has 989 chars (want ~996) ✓
2026-09-05T04:57:07.702Z [f708a87f-e706-4c22-b0d9-7a682094ca6e][d889bfbd-3833-4a0f-a1b1-c28b24c104cd] Start keyframe: "1788441744538_09b9ce_winai_2026-09-03T13-20-43_02.png" not in the library yet — uploading it first.
2026-09-05T04:57:08.095Z [4aa3ee48-fc98-46bd-a4d0-7abafd6013cb][d889bfbd-3833-4a0f-a1b1-c28b24c104cd] Video type: selected "crop_free Frames" ✓
2026-09-05T04:57:08.617Z [d418147f-c8c4-4f03-9c3c-3dc0f715d3da][d889bfbd-3833-4a0f-a1b1-c28b24c104cd] Baseline: 49 pre-existing media tile(s) of 49 mounted (kinds: image,video,video,image,video,video,image,video,video,image,video,video,image,video,video,image,video,video,image,video,video,image,video,image,video,video,image,video,video,image,video,video,image,video,video,video,video,image,video,video,video,video,image,video,video,image,video,video,image).
2026-09-05T04:57:10.643Z [d418147f-c8c4-4f03-9c3c-3dc0f715d3da][d889bfbd-3833-4a0f-a1b1-c28b24c104cd] [submit] confirmed (editor "What do you want to ", fresh tile=true).
2026-09-05T04:57:11.141Z [d418147f-c8c4-4f03-9c3c-3dc0f715d3da][d889bfbd-3833-4a0f-a1b1-c28b24c104cd] Current Workspace project URL: https://flow.google.com/project/c2a607c5-d833-4be1-8108-407b74d4ed85?hl=en
2026-09-05T04:57:11.141Z [d418147f-c8c4-4f03-9c3c-3dc0f715d3da][d889bfbd-3833-4a0f-a1b1-c28b24c104cd] Submitted ✓ Detecting batch size...
2026-09-05T04:57:11.156Z [d418147f-c8c4-4f03-9c3c-3dc0f715d3da][d889bfbd-3833-4a0f-a1b1-c28b24c104cd] New tile(s) since submit: 0 → 2 (mounted=50)
2026-09-05T04:57:11.607Z [f708a87f-e706-4c22-b0d9-7a682094ca6e][d889bfbd-3833-4a0f-a1b1-c28b24c104cd] Start keyframe: uploading "1788441744538_09b9ce_winai_2026-09-03T13-20-43_02.png" to the project library...
2026-09-05T04:57:12.871Z [f708a87f-e706-4c22-b0d9-7a682094ca6e][d889bfbd-3833-4a0f-a1b1-c28b24c104cd] Start keyframe: upload finished ✓
2026-09-05T04:57:12.963Z [4aa3ee48-fc98-46bd-a4d0-7abafd6013cb][d889bfbd-3833-4a0f-a1b1-c28b24c104cd] Model: selected "Veo 3.1 - Lite [Lower Priority]" ✓
2026-09-05T04:57:13.683Z [54f5c026-4cf4-4bd4-a502-1dee8f7fdf3e][d889bfbd-3833-4a0f-a1b1-c28b24c104cd] Start keyframe: start keyframe attached ✓
2026-09-05T04:57:13.696Z [54f5c026-4cf4-4bd4-a502-1dee8f7fdf3e][d889bfbd-3833-4a0f-a1b1-c28b24c104cd] Entering prompt...
2026-09-05T04:57:13.719Z [4aa3ee48-fc98-46bd-a4d0-7abafd6013cb][d889bfbd-3833-4a0f-a1b1-c28b24c104cd] Aspect ratio: "crop_16_9 16:9" already selected ✓
2026-09-05T04:57:13.722Z [4aa3ee48-fc98-46bd-a4d0-7abafd6013cb][d889bfbd-3833-4a0f-a1b1-c28b24c104cd] Video resolution: toggle group "Video resolution" not present (model may not offer it) — skipped.
2026-09-05T04:57:13.755Z [4aa3ee48-fc98-46bd-a4d0-7abafd6013cb][d889bfbd-3833-4a0f-a1b1-c28b24c104cd] Duration: "8s" already selected ✓
2026-09-05T04:57:13.785Z [4aa3ee48-fc98-46bd-a4d0-7abafd6013cb][d889bfbd-3833-4a0f-a1b1-c28b24c104cd] Output count: "x2" already selected ✓
2026-09-05T04:57:14.927Z [4aa3ee48-fc98-46bd-a4d0-7abafd6013cb][d889bfbd-3833-4a0f-a1b1-c28b24c104cd] Start keyframe: downloading from URL...
2026-09-05T04:57:15.111Z [4aa3ee48-fc98-46bd-a4d0-7abafd6013cb][d889bfbd-3833-4a0f-a1b1-c28b24c104cd] Downloader: no-proxy request context ready.
2026-09-05T04:57:15.308Z [d418147f-c8c4-4f03-9c3c-3dc0f715d3da][d889bfbd-3833-4a0f-a1b1-c28b24c104cd] Batch size stabilised at 2 new tile(s)
2026-09-05T04:57:15.308Z [d418147f-c8c4-4f03-9c3c-3dc0f715d3da][d889bfbd-3833-4a0f-a1b1-c28b24c104cd] Batch detected: 2 item(s). Generating...
2026-09-05T04:57:15.308Z [d418147f-c8c4-4f03-9c3c-3dc0f715d3da][d889bfbd-3833-4a0f-a1b1-c28b24c104cd] Polling for 2 video item(s) (baseline=49, hasUpload=true)...
2026-09-05T04:57:15.320Z [d418147f-c8c4-4f03-9c3c-3dc0f715d3da][d889bfbd-3833-4a0f-a1b1-c28b24c104cd] Generating... 0 ready, 0 failed / 2 total (0s) play_circle [HÀNH ĐỘ play_circle [HÀNH ĐỘ
2026-09-05T04:57:15.405Z [4aa3ee48-fc98-46bd-a4d0-7abafd6013cb][d889bfbd-3833-4a0f-a1b1-c28b24c104cd] Start keyframe: saved 153345 bytes (image/png) as "1788441757959_a003cc_winai_2026-09-03T13-21-15_03.png"
2026-09-05T04:57:15.422Z [4aa3ee48-fc98-46bd-a4d0-7abafd6013cb][d889bfbd-3833-4a0f-a1b1-c28b24c104cd] Start keyframe: setting start keyframe...
2026-09-05T04:57:15.596Z [54f5c026-4cf4-4bd4-a502-1dee8f7fdf3e][d889bfbd-3833-4a0f-a1b1-c28b24c104cd] Prompt is 940 chars — typing it in 19 chunk(s).
2026-09-05T04:57:17.510Z [4aa3ee48-fc98-46bd-a4d0-7abafd6013cb][d889bfbd-3833-4a0f-a1b1-c28b24c104cd] Start keyframe: "1788441757959_a003cc_winai_2026-09-03T13-21-15_03.png" not in the library yet — uploading it first.
2026-09-05T04:57:18.337Z [d418147f-c8c4-4f03-9c3c-3dc0f715d3da][d889bfbd-3833-4a0f-a1b1-c28b24c104cd] Generating... 0 ready, 0 failed / 2 total (3s) play_circle [HÀNH ĐỘ play_circle [HÀNH ĐỘ
2026-09-05T04:57:21.351Z [f708a87f-e706-4c22-b0d9-7a682094ca6e][d889bfbd-3833-4a0f-a1b1-c28b24c104cd] Start keyframe: start keyframe attached ✓
2026-09-05T04:57:21.360Z [d418147f-c8c4-4f03-9c3c-3dc0f715d3da][d889bfbd-3833-4a0f-a1b1-c28b24c104cd] Generating... 0 ready, 0 failed / 2 total (6s) play_circle 0% [HÀNH play_circle 0% [HÀNH
2026-09-05T04:57:21.363Z [f708a87f-e706-4c22-b0d9-7a682094ca6e][d889bfbd-3833-4a0f-a1b1-c28b24c104cd] Entering prompt...
2026-09-05T04:57:21.998Z [4aa3ee48-fc98-46bd-a4d0-7abafd6013cb][d889bfbd-3833-4a0f-a1b1-c28b24c104cd] Start keyframe: uploading "1788441757959_a003cc_winai_2026-09-03T13-21-15_03.png" to the project library...
2026-09-05T04:57:22.865Z [4aa3ee48-fc98-46bd-a4d0-7abafd6013cb][d889bfbd-3833-4a0f-a1b1-c28b24c104cd] Start keyframe: upload finished ✓
2026-09-05T04:57:22.892Z [f708a87f-e706-4c22-b0d9-7a682094ca6e][d889bfbd-3833-4a0f-a1b1-c28b24c104cd] Prompt is 1044 chars — typing it in 19 chunk(s).
2026-09-05T04:57:24.184Z [54f5c026-4cf4-4bd4-a502-1dee8f7fdf3e][d889bfbd-3833-4a0f-a1b1-c28b24c104cd] Prompt insert attempt 1: editor has 929 chars (want ~936) ✓
2026-09-05T04:57:24.375Z [d418147f-c8c4-4f03-9c3c-3dc0f715d3da][d889bfbd-3833-4a0f-a1b1-c28b24c104cd] Generating... 0 ready, 0 failed / 2 total (9s) play_circle 3% [HÀNH play_circle 3% [HÀNH
2026-09-05T04:57:25.725Z [54f5c026-4cf4-4bd4-a502-1dee8f7fdf3e][d889bfbd-3833-4a0f-a1b1-c28b24c104cd] Baseline: 50 pre-existing media tile(s) of 50 mounted (kinds: image,video,video,image,video,video,image,video,video,image,video,video,image,video,video,image,video,video,image,video,video,image,video,video,image,video,video,image,video,video,image,video,video,image,video,video,image,video,video,image,video,video,image,video,video,video,video,image,video,video).
2026-09-05T04:57:27.390Z [d418147f-c8c4-4f03-9c3c-3dc0f715d3da][d889bfbd-3833-4a0f-a1b1-c28b24c104cd] Generating... 0 ready, 0 failed / 2 total (12s) play_circle 5% [HÀNH play_circle 5% [HÀNH
2026-09-05T04:57:28.129Z [54f5c026-4cf4-4bd4-a502-1dee8f7fdf3e][d889bfbd-3833-4a0f-a1b1-c28b24c104cd] [submit] confirmed (editor "What do you want to ", fresh tile=true).
2026-09-05T04:57:28.906Z [54f5c026-4cf4-4bd4-a502-1dee8f7fdf3e][d889bfbd-3833-4a0f-a1b1-c28b24c104cd] Current Workspace project URL: https://flow.google.com/project/cae2bf2b-d1b8-40f9-a300-9f2aa6276ea5?hl=en
2026-09-05T04:57:28.907Z [54f5c026-4cf4-4bd4-a502-1dee8f7fdf3e][d889bfbd-3833-4a0f-a1b1-c28b24c104cd] Submitted ✓ Detecting batch size...
2026-09-05T04:57:28.926Z [54f5c026-4cf4-4bd4-a502-1dee8f7fdf3e][d889bfbd-3833-4a0f-a1b1-c28b24c104cd] New tile(s) since submit: 0 → 2 (mounted=50)
2026-09-05T04:57:30.419Z [d418147f-c8c4-4f03-9c3c-3dc0f715d3da][d889bfbd-3833-4a0f-a1b1-c28b24c104cd] Generating... 0 ready, 0 failed / 2 total (15s) play_circle 8% [HÀNH play_circle 8% [HÀNH
2026-09-05T04:57:31.609Z [4aa3ee48-fc98-46bd-a4d0-7abafd6013cb][d889bfbd-3833-4a0f-a1b1-c28b24c104cd] Start keyframe: start keyframe attached ✓
2026-09-05T04:57:31.623Z [4aa3ee48-fc98-46bd-a4d0-7abafd6013cb][d889bfbd-3833-4a0f-a1b1-c28b24c104cd] Entering prompt...
2026-09-05T04:57:32.032Z [f708a87f-e706-4c22-b0d9-7a682094ca6e][d889bfbd-3833-4a0f-a1b1-c28b24c104cd] Prompt insert attempt 1: editor has 1033 chars (want ~1040) ✓
2026-09-05T04:57:33.058Z [54f5c026-4cf4-4bd4-a502-1dee8f7fdf3e][d889bfbd-3833-4a0f-a1b1-c28b24c104cd] Batch size stabilised at 2 new tile(s)
2026-09-05T04:57:33.059Z [54f5c026-4cf4-4bd4-a502-1dee8f7fdf3e][d889bfbd-3833-4a0f-a1b1-c28b24c104cd] Batch detected: 2 item(s). Generating...
2026-09-05T04:57:33.059Z [54f5c026-4cf4-4bd4-a502-1dee8f7fdf3e][d889bfbd-3833-4a0f-a1b1-c28b24c104cd] Polling for 2 video item(s) (baseline=50, hasUpload=true)...
2026-09-05T04:57:33.075Z [54f5c026-4cf4-4bd4-a502-1dee8f7fdf3e][d889bfbd-3833-4a0f-a1b1-c28b24c104cd] Generating... 0 ready, 0 failed / 2 total (0s) play_circle [HÀNH ĐỘ play_circle [HÀNH ĐỘ
2026-09-05T04:57:33.439Z [d418147f-c8c4-4f03-9c3c-3dc0f715d3da][d889bfbd-3833-4a0f-a1b1-c28b24c104cd] Generating... 0 ready, 0 failed / 2 total (18s) play_circle 11% [HÀN play_circle 11% [HÀN
2026-09-05T04:57:33.586Z [4aa3ee48-fc98-46bd-a4d0-7abafd6013cb][d889bfbd-3833-4a0f-a1b1-c28b24c104cd] Prompt is 990 chars — typing it in 20 chunk(s).
2026-09-05T04:57:34.019Z [f708a87f-e706-4c22-b0d9-7a682094ca6e][d889bfbd-3833-4a0f-a1b1-c28b24c104cd] Baseline: 50 pre-existing media tile(s) of 50 mounted (kinds: image,video,video,image,video,video,image,video,image,video,video,image,video,video,image,video,video,image,video,video,image,video,video,video,video,image,video,video,image,video,video,video,video,video,video,image,video,video,video,video,image,video,video,image,video,video,image,video,video,image).
2026-09-05T04:57:36.089Z [54f5c026-4cf4-4bd4-a502-1dee8f7fdf3e][d889bfbd-3833-4a0f-a1b1-c28b24c104cd] Generating... 0 ready, 0 failed / 2 total (3s) play_circle [HÀNH ĐỘ play_circle [HÀNH ĐỘ
2026-09-05T04:57:36.401Z [f708a87f-e706-4c22-b0d9-7a682094ca6e][d889bfbd-3833-4a0f-a1b1-c28b24c104cd] [submit] confirmed (editor "What do you want to ", fresh tile=true).
2026-09-05T04:57:36.458Z [d418147f-c8c4-4f03-9c3c-3dc0f715d3da][d889bfbd-3833-4a0f-a1b1-c28b24c104cd] Generating... 0 ready, 0 failed / 2 total (21s) play_circle 14% [HÀN play_circle 14% [HÀN
2026-09-05T04:57:36.901Z [f708a87f-e706-4c22-b0d9-7a682094ca6e][d889bfbd-3833-4a0f-a1b1-c28b24c104cd] Current Workspace project URL: https://flow.google.com/project/cd81a7d3-c989-419e-891a-f8694174cb85?hl=en
2026-09-05T04:57:36.902Z [f708a87f-e706-4c22-b0d9-7a682094ca6e][d889bfbd-3833-4a0f-a1b1-c28b24c104cd] Submitted ✓ Detecting batch size...
2026-09-05T04:57:36.920Z [f708a87f-e706-4c22-b0d9-7a682094ca6e][d889bfbd-3833-4a0f-a1b1-c28b24c104cd] New tile(s) since submit: 0 → 2 (mounted=50)
2026-09-05T04:57:39.106Z [54f5c026-4cf4-4bd4-a502-1dee8f7fdf3e][d889bfbd-3833-4a0f-a1b1-c28b24c104cd] Generating... 0 ready, 0 failed / 2 total (6s) play_circle 0% [HÀNH play_circle 0% [HÀNH
2026-09-05T04:57:39.475Z [d418147f-c8c4-4f03-9c3c-3dc0f715d3da][d889bfbd-3833-4a0f-a1b1-c28b24c104cd] Generating... 0 ready, 0 failed / 2 total (24s) play_circle 16% [HÀN play_circle 16% [HÀN
2026-09-05T04:57:41.088Z [f708a87f-e706-4c22-b0d9-7a682094ca6e][d889bfbd-3833-4a0f-a1b1-c28b24c104cd] Batch size stabilised at 2 new tile(s)
2026-09-05T04:57:41.088Z [f708a87f-e706-4c22-b0d9-7a682094ca6e][d889bfbd-3833-4a0f-a1b1-c28b24c104cd] Batch detected: 2 item(s). Generating...
2026-09-05T04:57:41.088Z [f708a87f-e706-4c22-b0d9-7a682094ca6e][d889bfbd-3833-4a0f-a1b1-c28b24c104cd] Polling for 2 video item(s) (baseline=50, hasUpload=true)...
2026-09-05T04:57:41.100Z [f708a87f-e706-4c22-b0d9-7a682094ca6e][d889bfbd-3833-4a0f-a1b1-c28b24c104cd] Generating... 0 ready, 0 failed / 2 total (0s) play_circle [HÀNH ĐỘ play_circle [HÀNH ĐỘ
2026-09-05T04:57:42.124Z [54f5c026-4cf4-4bd4-a502-1dee8f7fdf3e][d889bfbd-3833-4a0f-a1b1-c28b24c104cd] Generating... 0 ready, 0 failed / 2 total (9s) play_circle 3% [HÀNH play_circle 3% [HÀNH
2026-09-05T04:57:42.440Z [4aa3ee48-fc98-46bd-a4d0-7abafd6013cb][d889bfbd-3833-4a0f-a1b1-c28b24c104cd] Prompt insert attempt 1: editor has 979 chars (want ~986) ✓
2026-09-05T04:57:42.490Z [d418147f-c8c4-4f03-9c3c-3dc0f715d3da][d889bfbd-3833-4a0f-a1b1-c28b24c104cd] Generating... 0 ready, 0 failed / 2 total (27s) play_circle 18% [HÀN play_circle 18% [HÀN
2026-09-05T04:57:44.009Z [4aa3ee48-fc98-46bd-a4d0-7abafd6013cb][d889bfbd-3833-4a0f-a1b1-c28b24c104cd] Baseline: 49 pre-existing media tile(s) of 49 mounted (kinds: image,video,video,image,video,video,image,video,video,image,video,video,image,video,video,image,video,video,image,video,video,image,video,video,video,video,image,video,video,image,video,video,image,video,image,video,video,image,video,video,video,video,video,video,image,video,video,image,image).
2026-09-05T04:57:44.116Z [f708a87f-e706-4c22-b0d9-7a682094ca6e][d889bfbd-3833-4a0f-a1b1-c28b24c104cd] Generating... 0 ready, 0 failed / 2 total (3s) play_circle [HÀNH ĐỘ play_circle [HÀNH ĐỘ
2026-09-05T04:57:45.137Z [54f5c026-4cf4-4bd4-a502-1dee8f7fdf3e][d889bfbd-3833-4a0f-a1b1-c28b24c104cd] Generating... 0 ready, 0 failed / 2 total (12s) play_circle 6% [HÀNH play_circle 6% [HÀNH
2026-09-05T04:57:45.509Z [d418147f-c8c4-4f03-9c3c-3dc0f715d3da][d889bfbd-3833-4a0f-a1b1-c28b24c104cd] Generating... 0 ready, 0 failed / 2 total (30s) play_circle 22% [HÀN play_circle 23% [HÀN
2026-09-05T04:57:46.017Z [4aa3ee48-fc98-46bd-a4d0-7abafd6013cb][d889bfbd-3833-4a0f-a1b1-c28b24c104cd] [submit] confirmed (editor "What do you want to ", fresh tile=true).
2026-09-05T04:57:46.516Z [4aa3ee48-fc98-46bd-a4d0-7abafd6013cb][d889bfbd-3833-4a0f-a1b1-c28b24c104cd] Current Workspace project URL: https://flow.google.com/project/33ca2cc2-c9ff-4bb6-9048-2a7af1dfcfee?hl=en
2026-09-05T04:57:46.517Z [4aa3ee48-fc98-46bd-a4d0-7abafd6013cb][d889bfbd-3833-4a0f-a1b1-c28b24c104cd] Submitted ✓ Detecting batch size...
2026-09-05T04:57:46.530Z [4aa3ee48-fc98-46bd-a4d0-7abafd6013cb][d889bfbd-3833-4a0f-a1b1-c28b24c104cd] New tile(s) since submit: 0 → 2 (mounted=50)
2026-09-05T04:57:47.135Z [f708a87f-e706-4c22-b0d9-7a682094ca6e][d889bfbd-3833-4a0f-a1b1-c28b24c104cd] Generating... 0 ready, 0 failed / 2 total (6s) play_circle 0% [HÀNH play_circle 0% [HÀNH
2026-09-05T04:57:48.160Z [54f5c026-4cf4-4bd4-a502-1dee8f7fdf3e][d889bfbd-3833-4a0f-a1b1-c28b24c104cd] Generating... 0 ready, 0 failed / 2 total (15s) play_circle 9% [HÀNH play_circle 8% [HÀNH
2026-09-05T04:57:48.525Z [d418147f-c8c4-4f03-9c3c-3dc0f715d3da][d889bfbd-3833-4a0f-a1b1-c28b24c104cd] Generating... 0 ready, 0 failed / 2 total (33s) play_circle 25% [HÀN play_circle 25% [HÀN
2026-09-05T04:57:50.152Z [f708a87f-e706-4c22-b0d9-7a682094ca6e][d889bfbd-3833-4a0f-a1b1-c28b24c104cd] Generating... 0 ready, 0 failed / 2 total (9s) play_circle 2% [HÀNH play_circle 2% [HÀNH
2026-09-05T04:57:50.669Z [4aa3ee48-fc98-46bd-a4d0-7abafd6013cb][d889bfbd-3833-4a0f-a1b1-c28b24c104cd] Batch size stabilised at 2 new tile(s)
2026-09-05T04:57:50.669Z [4aa3ee48-fc98-46bd-a4d0-7abafd6013cb][d889bfbd-3833-4a0f-a1b1-c28b24c104cd] Batch detected: 2 item(s). Generating...
2026-09-05T04:57:50.670Z [4aa3ee48-fc98-46bd-a4d0-7abafd6013cb][d889bfbd-3833-4a0f-a1b1-c28b24c104cd] Polling for 2 video item(s) (baseline=49, hasUpload=true)...
2026-09-05T04:57:50.683Z [4aa3ee48-fc98-46bd-a4d0-7abafd6013cb][d889bfbd-3833-4a0f-a1b1-c28b24c104cd] Generating... 0 ready, 0 failed / 2 total (0s) play_circle [HÀNH ĐỘ play_circle [HÀNH ĐỘ
2026-09-05T04:57:51.175Z [54f5c026-4cf4-4bd4-a502-1dee8f7fdf3e][d889bfbd-3833-4a0f-a1b1-c28b24c104cd] Generating... 0 ready, 0 failed / 2 total (18s) play_circle 12% [HÀN play_circle 11% [HÀN
2026-09-05T04:57:51.538Z [d418147f-c8c4-4f03-9c3c-3dc0f715d3da][d889bfbd-3833-4a0f-a1b1-c28b24c104cd] Generating... 0 ready, 0 failed / 2 total (36s) play_circle 28% [HÀN play_circle 28% [HÀN
2026-09-05T04:57:53.173Z [f708a87f-e706-4c22-b0d9-7a682094ca6e][d889bfbd-3833-4a0f-a1b1-c28b24c104cd] Generating... 0 ready, 0 failed / 2 total (12s) play_circle 5% [HÀNH play_circle 5% [HÀNH
2026-09-05T04:57:53.707Z [4aa3ee48-fc98-46bd-a4d0-7abafd6013cb][d889bfbd-3833-4a0f-a1b1-c28b24c104cd] Generating... 0 ready, 0 failed / 2 total (3s) play_circle [HÀNH ĐỘ play_circle [HÀNH ĐỘ
2026-09-05T04:57:54.190Z [54f5c026-4cf4-4bd4-a502-1dee8f7fdf3e][d889bfbd-3833-4a0f-a1b1-c28b24c104cd] Generating... 0 ready, 0 failed / 2 total (21s) play_circle 14% [HÀN play_circle 15% [HÀN
2026-09-05T04:57:54.564Z [d418147f-c8c4-4f03-9c3c-3dc0f715d3da][d889bfbd-3833-4a0f-a1b1-c28b24c104cd] Generating... 0 ready, 0 failed / 2 total (39s) play_circle 30% [HÀN play_circle 30% [HÀN
2026-09-05T04:57:56.250Z [f708a87f-e706-4c22-b0d9-7a682094ca6e][d889bfbd-3833-4a0f-a1b1-c28b24c104cd] Generating... 0 ready, 0 failed / 2 total (15s) play_circle 8% [HÀNH play_circle 8% [HÀNH
2026-09-05T04:57:56.725Z [4aa3ee48-fc98-46bd-a4d0-7abafd6013cb][d889bfbd-3833-4a0f-a1b1-c28b24c104cd] Generating... 0 ready, 0 failed / 2 total (6s) play_circle 0% [HÀNH play_circle 0% [HÀNH
2026-09-05T04:57:57.207Z [54f5c026-4cf4-4bd4-a502-1dee8f7fdf3e][d889bfbd-3833-4a0f-a1b1-c28b24c104cd] Generating... 0 ready, 0 failed / 2 total (24s) play_circle 17% [HÀN play_circle 17% [HÀN
2026-09-05T04:57:57.590Z [d418147f-c8c4-4f03-9c3c-3dc0f715d3da][d889bfbd-3833-4a0f-a1b1-c28b24c104cd] Generating... 0 ready, 0 failed / 2 total (42s) play_circle 33% [HÀN play_circle 34% [HÀN
2026-09-05T04:57:59.267Z [f708a87f-e706-4c22-b0d9-7a682094ca6e][d889bfbd-3833-4a0f-a1b1-c28b24c104cd] Generating... 0 ready, 0 failed / 2 total (18s) play_circle 10% [HÀN play_circle 10% [HÀN
2026-09-05T04:57:59.741Z [4aa3ee48-fc98-46bd-a4d0-7abafd6013cb][d889bfbd-3833-4a0f-a1b1-c28b24c104cd] Generating... 0 ready, 0 failed / 2 total (9s) play_circle 1% [HÀNH play_circle 2% [HÀNH
2026-09-05T04:58:00.229Z [54f5c026-4cf4-4bd4-a502-1dee8f7fdf3e][d889bfbd-3833-4a0f-a1b1-c28b24c104cd] Generating... 0 ready, 0 failed / 2 total (27s) play_circle 20% [HÀN play_circle 20% [HÀN
2026-09-05T04:58:00.747Z [d418147f-c8c4-4f03-9c3c-3dc0f715d3da][d889bfbd-3833-4a0f-a1b1-c28b24c104cd] Generating... 0 ready, 0 failed / 2 total (45s) play_circle 37% [HÀN play_circle 37% [HÀN
2026-09-05T04:58:02.284Z [f708a87f-e706-4c22-b0d9-7a682094ca6e][d889bfbd-3833-4a0f-a1b1-c28b24c104cd] Generating... 0 ready, 0 failed / 2 total (21s) play_circle 13% [HÀN play_circle 13% [HÀN
2026-09-05T04:58:02.758Z [4aa3ee48-fc98-46bd-a4d0-7abafd6013cb][d889bfbd-3833-4a0f-a1b1-c28b24c104cd] Generating... 0 ready, 0 failed / 2 total (12s) play_circle 4% [HÀNH play_circle 4% [HÀNH
2026-09-05T04:58:03.249Z [54f5c026-4cf4-4bd4-a502-1dee8f7fdf3e][d889bfbd-3833-4a0f-a1b1-c28b24c104cd] Generating... 0 ready, 0 failed / 2 total (30s) play_circle 22% [HÀN play_circle 22% [HÀN
2026-09-05T04:58:03.770Z [d418147f-c8c4-4f03-9c3c-3dc0f715d3da][d889bfbd-3833-4a0f-a1b1-c28b24c104cd] Generating... 0 ready, 0 failed / 2 total (48s) play_circle 38% [HÀN play_circle 38% [HÀN
2026-09-05T04:58:05.299Z [f708a87f-e706-4c22-b0d9-7a682094ca6e][d889bfbd-3833-4a0f-a1b1-c28b24c104cd] Generating... 0 ready, 0 failed / 2 total (24s) play_circle 14% [HÀN play_circle 15% [HÀN
2026-09-05T04:58:05.782Z [4aa3ee48-fc98-46bd-a4d0-7abafd6013cb][d889bfbd-3833-4a0f-a1b1-c28b24c104cd] Generating... 0 ready, 0 failed / 2 total (15s) play_circle 8% [HÀNH play_circle 8% [HÀNH
2026-09-05T04:58:06.271Z [54f5c026-4cf4-4bd4-a502-1dee8f7fdf3e][d889bfbd-3833-4a0f-a1b1-c28b24c104cd] Generating... 0 ready, 0 failed / 2 total (33s) play_circle 25% [HÀN play_circle 25% [HÀN
2026-09-05T04:58:06.793Z [d418147f-c8c4-4f03-9c3c-3dc0f715d3da][d889bfbd-3833-4a0f-a1b1-c28b24c104cd] Generating... 0 ready, 0 failed / 2 total (51s) play_circle 100% [HÀ play_circle 100% [HÀ
2026-09-05T04:58:08.318Z [f708a87f-e706-4c22-b0d9-7a682094ca6e][d889bfbd-3833-4a0f-a1b1-c28b24c104cd] Generating... 0 ready, 0 failed / 2 total (27s) play_circle 18% [HÀN play_circle 19% [HÀN
2026-09-05T04:58:08.798Z [4aa3ee48-fc98-46bd-a4d0-7abafd6013cb][d889bfbd-3833-4a0f-a1b1-c28b24c104cd] Generating... 0 ready, 0 failed / 2 total (18s) play_circle 9% [HÀNH play_circle 10% [HÀN
2026-09-05T04:58:09.290Z [54f5c026-4cf4-4bd4-a502-1dee8f7fdf3e][d889bfbd-3833-4a0f-a1b1-c28b24c104cd] Generating... 0 ready, 0 failed / 2 total (36s) play_circle 28% [HÀN play_circle 29% [HÀN
2026-09-05T04:58:09.820Z [d418147f-c8c4-4f03-9c3c-3dc0f715d3da][d889bfbd-3833-4a0f-a1b1-c28b24c104cd] Generating... 0 ready, 0 failed / 2 total (55s) [HÀNH ĐỘNG]Bắt đầu đ [HÀNH ĐỘNG]Bắt đầu đ
2026-09-05T04:58:11.341Z [f708a87f-e706-4c22-b0d9-7a682094ca6e][d889bfbd-3833-4a0f-a1b1-c28b24c104cd] Generating... 0 ready, 0 failed / 2 total (30s) play_circle 20% [HÀN play_circle 20% [HÀN
2026-09-05T04:58:11.820Z [4aa3ee48-fc98-46bd-a4d0-7abafd6013cb][d889bfbd-3833-4a0f-a1b1-c28b24c104cd] Generating... 0 ready, 0 failed / 2 total (21s) play_circle 13% [HÀN play_circle 13% [HÀN
2026-09-05T04:58:12.309Z [54f5c026-4cf4-4bd4-a502-1dee8f7fdf3e][d889bfbd-3833-4a0f-a1b1-c28b24c104cd] Generating... 0 ready, 0 failed / 2 total (39s) play_circle 31% [HÀN play_circle 31% [HÀN
2026-09-05T04:58:12.839Z [d418147f-c8c4-4f03-9c3c-3dc0f715d3da][d889bfbd-3833-4a0f-a1b1-c28b24c104cd] Generating... 2 ready, 0 failed / 2 total (58s)
2026-09-05T04:58:12.840Z [d418147f-c8c4-4f03-9c3c-3dc0f715d3da][d889bfbd-3833-4a0f-a1b1-c28b24c104cd] Batch done: 2 ready (target 2), 0 failed, scanned 2.
2026-09-05T04:58:12.840Z [d418147f-c8c4-4f03-9c3c-3dc0f715d3da][d889bfbd-3833-4a0f-a1b1-c28b24c104cd] 2 item(s) ready! Downloading...
2026-09-05T04:58:12.841Z [d418147f-c8c4-4f03-9c3c-3dc0f715d3da][d889bfbd-3833-4a0f-a1b1-c28b24c104cd] Item 1: no video source on the tile yet — hovering it to mount one.
2026-09-05T04:58:14.368Z [d418147f-c8c4-4f03-9c3c-3dc0f715d3da][d889bfbd-3833-4a0f-a1b1-c28b24c104cd] Item 1: Downloading from URL https://flow-content.google/video/758af707-6bd0-4269-bf9c-209124d0c4d4?Expires=1788605885&KeyName=labs-flow-prod-cdn-key&Signature=J11_4I_q2e8l7iRWaaPPDf3JEC0
2026-09-05T04:58:14.364Z [f708a87f-e706-4c22-b0d9-7a682094ca6e][d889bfbd-3833-4a0f-a1b1-c28b24c104cd] Generating... 0 ready, 0 failed / 2 total (33s) play_circle 23% [HÀN play_circle 24% [HÀN
2026-09-05T04:58:14.838Z [4aa3ee48-fc98-46bd-a4d0-7abafd6013cb][d889bfbd-3833-4a0f-a1b1-c28b24c104cd] Generating... 0 ready, 0 failed / 2 total (24s) play_circle 16% [HÀN play_circle 15% [HÀN
2026-09-05T04:58:15.332Z [54f5c026-4cf4-4bd4-a502-1dee8f7fdf3e][d889bfbd-3833-4a0f-a1b1-c28b24c104cd] Generating... 0 ready, 0 failed / 2 total (42s) play_circle 34% [HÀN play_circle 34% [HÀN
2026-09-05T04:58:16.749Z [d418147f-c8c4-4f03-9c3c-3dc0f715d3da][d889bfbd-3833-4a0f-a1b1-c28b24c104cd] Downloaded 1/2: video_2026-09-05T04-58-12_01.mp4
2026-09-05T04:58:16.750Z [d418147f-c8c4-4f03-9c3c-3dc0f715d3da][d889bfbd-3833-4a0f-a1b1-c28b24c104cd] Item 2: no video source on the tile yet — hovering it to mount one.
2026-09-05T04:58:17.396Z [f708a87f-e706-4c22-b0d9-7a682094ca6e][d889bfbd-3833-4a0f-a1b1-c28b24c104cd] Generating... 0 ready, 0 failed / 2 total (36s) play_circle 27% [HÀN play_circle 27% [HÀN
2026-09-05T04:58:17.857Z [4aa3ee48-fc98-46bd-a4d0-7abafd6013cb][d889bfbd-3833-4a0f-a1b1-c28b24c104cd] Generating... 0 ready, 0 failed / 2 total (27s) play_circle 17% [HÀN play_circle 17% [HÀN
2026-09-05T04:58:18.070Z [d418147f-c8c4-4f03-9c3c-3dc0f715d3da][d889bfbd-3833-4a0f-a1b1-c28b24c104cd] Item 2: Downloading from URL https://flow-content.google/video/86f711c8-7b88-4906-9994-eba06cf7b5d4?Expires=1788605885&KeyName=labs-flow-prod-cdn-key&Signature=vV6HNkaHkKDjtvSA0Xwiff5DYDI
2026-09-05T04:58:18.349Z [54f5c026-4cf4-4bd4-a502-1dee8f7fdf3e][d889bfbd-3833-4a0f-a1b1-c28b24c104cd] Generating... 0 ready, 0 failed / 2 total (45s) play_circle 37% [HÀN play_circle 37% [HÀN
2026-09-05T04:58:18.630Z [d418147f-c8c4-4f03-9c3c-3dc0f715d3da][d889bfbd-3833-4a0f-a1b1-c28b24c104cd] Downloaded 2/2: video_2026-09-05T04-58-12_02.mp4
2026-09-05T04:58:18.630Z [d418147f-c8c4-4f03-9c3c-3dc0f715d3da][d889bfbd-3833-4a0f-a1b1-c28b24c104cd] ✅ 2 item(s) saved to Downloads/Win AI Toolkit/
2026-09-05T04:58:20.412Z [f708a87f-e706-4c22-b0d9-7a682094ca6e][d889bfbd-3833-4a0f-a1b1-c28b24c104cd] Generating... 0 ready, 0 failed / 2 total (39s) play_circle 29% [HÀN play_circle 29% [HÀN
2026-09-05T04:58:20.879Z [4aa3ee48-fc98-46bd-a4d0-7abafd6013cb][d889bfbd-3833-4a0f-a1b1-c28b24c104cd] Generating... 0 ready, 0 failed / 2 total (30s) play_circle 21% [HÀN play_circle 22% [HÀN
2026-09-05T04:58:21.369Z [54f5c026-4cf4-4bd4-a502-1dee8f7fdf3e][d889bfbd-3833-4a0f-a1b1-c28b24c104cd] Generating... 0 ready, 0 failed / 2 total (48s) play_circle 39% [HÀN play_circle 38% [HÀN
2026-09-05T04:58:23.433Z [f708a87f-e706-4c22-b0d9-7a682094ca6e][d889bfbd-3833-4a0f-a1b1-c28b24c104cd] Generating... 0 ready, 0 failed / 2 total (42s) play_circle 32% [HÀN play_circle 32% [HÀN
2026-09-05T04:58:23.899Z [4aa3ee48-fc98-46bd-a4d0-7abafd6013cb][d889bfbd-3833-4a0f-a1b1-c28b24c104cd] Generating... 0 ready, 0 failed / 2 total (33s) play_circle 23% [HÀN play_circle 24% [HÀN
2026-09-05T04:58:24.390Z [54f5c026-4cf4-4bd4-a502-1dee8f7fdf3e][d889bfbd-3833-4a0f-a1b1-c28b24c104cd] Generating... 0 ready, 0 failed / 2 total (51s) play_circle 100% [HÀ
2026-09-05T04:58:26.462Z [f708a87f-e706-4c22-b0d9-7a682094ca6e][d889bfbd-3833-4a0f-a1b1-c28b24c104cd] Generating... 0 ready, 0 failed / 2 total (45s) play_circle 100% [HÀ play_circle 35% [HÀN
2026-09-05T04:58:26.919Z [4aa3ee48-fc98-46bd-a4d0-7abafd6013cb][d889bfbd-3833-4a0f-a1b1-c28b24c104cd] Generating... 0 ready, 0 failed / 2 total (36s) play_circle 27% [HÀN play_circle 26% [HÀN
2026-09-05T04:58:27.419Z [54f5c026-4cf4-4bd4-a502-1dee8f7fdf3e][d889bfbd-3833-4a0f-a1b1-c28b24c104cd] Generating... 0 ready, 0 failed / 2 total (54s) play_circle 100% [HÀ
2026-09-05T04:58:29.483Z [f708a87f-e706-4c22-b0d9-7a682094ca6e][d889bfbd-3833-4a0f-a1b1-c28b24c104cd] Generating... 0 ready, 0 failed / 2 total (48s) play_circle 100% [HÀ play_circle 37% [HÀN
2026-09-05T04:58:29.946Z [4aa3ee48-fc98-46bd-a4d0-7abafd6013cb][d889bfbd-3833-4a0f-a1b1-c28b24c104cd] Generating... 0 ready, 0 failed / 2 total (39s) play_circle 29% [HÀN play_circle 29% [HÀN
2026-09-05T04:58:30.443Z [54f5c026-4cf4-4bd4-a502-1dee8f7fdf3e][d889bfbd-3833-4a0f-a1b1-c28b24c104cd] Generating... 0 ready, 0 failed / 2 total (57s) [HÀNH ĐỘNG]Bắt đầu đ
2026-09-05T04:58:32.510Z [f708a87f-e706-4c22-b0d9-7a682094ca6e][d889bfbd-3833-4a0f-a1b1-c28b24c104cd] Generating... 0 ready, 0 failed / 2 total (51s) [HÀNH ĐỘNG]Bắt đầu đ play_circle 100% [HÀ
2026-09-05T04:58:32.972Z [4aa3ee48-fc98-46bd-a4d0-7abafd6013cb][d889bfbd-3833-4a0f-a1b1-c28b24c104cd] Generating... 0 ready, 0 failed / 2 total (42s) play_circle 32% [HÀN play_circle 32% [HÀN
2026-09-05T04:58:33.472Z [54f5c026-4cf4-4bd4-a502-1dee8f7fdf3e][d889bfbd-3833-4a0f-a1b1-c28b24c104cd] Generating... 1 ready, 0 failed / 2 total (60s)
2026-09-05T04:58:35.526Z [f708a87f-e706-4c22-b0d9-7a682094ca6e][d889bfbd-3833-4a0f-a1b1-c28b24c104cd] Generating... 1 ready, 0 failed / 2 total (54s) play_circle 100% [HÀ
2026-09-05T04:58:35.997Z [4aa3ee48-fc98-46bd-a4d0-7abafd6013cb][d889bfbd-3833-4a0f-a1b1-c28b24c104cd] Generating... 0 ready, 0 failed / 2 total (45s) play_circle 35% [HÀN play_circle 34% [HÀN
2026-09-05T04:58:36.489Z [54f5c026-4cf4-4bd4-a502-1dee8f7fdf3e][d889bfbd-3833-4a0f-a1b1-c28b24c104cd] Generating... 1 ready, 0 failed / 2 total (63s)
2026-09-05T04:58:38.542Z [f708a87f-e706-4c22-b0d9-7a682094ca6e][d889bfbd-3833-4a0f-a1b1-c28b24c104cd] Generating... 1 ready, 0 failed / 2 total (57s) [HÀNH ĐỘNG]Bắt đầu đ
2026-09-05T04:58:39.023Z [4aa3ee48-fc98-46bd-a4d0-7abafd6013cb][d889bfbd-3833-4a0f-a1b1-c28b24c104cd] Generating... 0 ready, 0 failed / 2 total (48s) play_circle 100% [HÀ play_circle 100% [HÀ
2026-09-05T04:58:39.505Z [54f5c026-4cf4-4bd4-a502-1dee8f7fdf3e][d889bfbd-3833-4a0f-a1b1-c28b24c104cd] Generating... 1 ready, 0 failed / 2 total (66s)
2026-09-05T04:58:41.561Z [f708a87f-e706-4c22-b0d9-7a682094ca6e][d889bfbd-3833-4a0f-a1b1-c28b24c104cd] Generating... 2 ready, 0 failed / 2 total (60s)
2026-09-05T04:58:41.561Z [f708a87f-e706-4c22-b0d9-7a682094ca6e][d889bfbd-3833-4a0f-a1b1-c28b24c104cd] Batch done: 2 ready (target 2), 0 failed, scanned 2.
2026-09-05T04:58:41.561Z [f708a87f-e706-4c22-b0d9-7a682094ca6e][d889bfbd-3833-4a0f-a1b1-c28b24c104cd] 2 item(s) ready! Downloading...
2026-09-05T04:58:41.562Z [f708a87f-e706-4c22-b0d9-7a682094ca6e][d889bfbd-3833-4a0f-a1b1-c28b24c104cd] Item 1: no video source on the tile yet — hovering it to mount one.
2026-09-05T04:58:42.036Z [4aa3ee48-fc98-46bd-a4d0-7abafd6013cb][d889bfbd-3833-4a0f-a1b1-c28b24c104cd] Generating... 0 ready, 0 failed / 2 total (51s) play_circle 100% [HÀ play_circle 100% [HÀ
2026-09-05T04:58:42.524Z [54f5c026-4cf4-4bd4-a502-1dee8f7fdf3e][d889bfbd-3833-4a0f-a1b1-c28b24c104cd] Generating... 1 ready, 0 failed / 2 total (69s)
2026-09-05T04:58:43.530Z [f708a87f-e706-4c22-b0d9-7a682094ca6e][d889bfbd-3833-4a0f-a1b1-c28b24c104cd] Item 1: Downloading from URL https://flow-content.google/video/e7ed74a9-8d04-4daa-9ff6-ca4f9dd453f3?Expires=1788605906&KeyName=labs-flow-prod-cdn-key&Signature=RDilHwAresajf3PEVzeCuvDCNGY
2026-09-05T04:58:44.949Z [f708a87f-e706-4c22-b0d9-7a682094ca6e][d889bfbd-3833-4a0f-a1b1-c28b24c104cd] Downloaded 1/2: video_2026-09-05T04-58-41_01.mp4
2026-09-05T04:58:44.950Z [f708a87f-e706-4c22-b0d9-7a682094ca6e][d889bfbd-3833-4a0f-a1b1-c28b24c104cd] Item 2: no video source on the tile yet — hovering it to mount one.
2026-09-05T04:58:45.057Z [4aa3ee48-fc98-46bd-a4d0-7abafd6013cb][d889bfbd-3833-4a0f-a1b1-c28b24c104cd] Generating... 0 ready, 0 failed / 2 total (54s) [HÀNH ĐỘNG]Bắt đầu đ [HÀNH ĐỘNG]Bắt đầu đ
2026-09-05T04:58:45.537Z [54f5c026-4cf4-4bd4-a502-1dee8f7fdf3e][d889bfbd-3833-4a0f-a1b1-c28b24c104cd] Generating... 1 ready, 0 failed / 2 total (72s)
2026-09-05T04:58:46.561Z [f708a87f-e706-4c22-b0d9-7a682094ca6e][d889bfbd-3833-4a0f-a1b1-c28b24c104cd] Item 2: Downloading from URL https://flow-content.google/video/52c481c0-616b-4009-85a2-d3ccd50a8077?Expires=1788605911&KeyName=labs-flow-prod-cdn-key&Signature=-tgHugpGMgdBItLmkUFgYcGnvCM
2026-09-05T04:58:47.422Z [f708a87f-e706-4c22-b0d9-7a682094ca6e][d889bfbd-3833-4a0f-a1b1-c28b24c104cd] Downloaded 2/2: video_2026-09-05T04-58-41_02.mp4
2026-09-05T04:58:47.423Z [f708a87f-e706-4c22-b0d9-7a682094ca6e][d889bfbd-3833-4a0f-a1b1-c28b24c104cd] ✅ 2 item(s) saved to Downloads/Win AI Toolkit/
2026-09-05T04:58:48.074Z [4aa3ee48-fc98-46bd-a4d0-7abafd6013cb][d889bfbd-3833-4a0f-a1b1-c28b24c104cd] Generating... 2 ready, 0 failed / 2 total (57s)
2026-09-05T04:58:48.074Z [4aa3ee48-fc98-46bd-a4d0-7abafd6013cb][d889bfbd-3833-4a0f-a1b1-c28b24c104cd] Batch done: 2 ready (target 2), 0 failed, scanned 2.
2026-09-05T04:58:48.075Z [4aa3ee48-fc98-46bd-a4d0-7abafd6013cb][d889bfbd-3833-4a0f-a1b1-c28b24c104cd] 2 item(s) ready! Downloading...
2026-09-05T04:58:48.076Z [4aa3ee48-fc98-46bd-a4d0-7abafd6013cb][d889bfbd-3833-4a0f-a1b1-c28b24c104cd] Item 1: no video source on the tile yet — hovering it to mount one.
2026-09-05T04:58:48.558Z [54f5c026-4cf4-4bd4-a502-1dee8f7fdf3e][d889bfbd-3833-4a0f-a1b1-c28b24c104cd] Generating... 1 ready, 0 failed / 2 total (75s)
2026-09-05T04:58:49.409Z [4aa3ee48-fc98-46bd-a4d0-7abafd6013cb][d889bfbd-3833-4a0f-a1b1-c28b24c104cd] Item 1: Downloading from URL https://flow-content.google/video/91d21a92-fc88-465b-8b6d-1b0370aab85a?Expires=1788605918&KeyName=labs-flow-prod-cdn-key&Signature=X7rBSFOAwkQyrTbvGa17qQdy2Jc
2026-09-05T04:58:51.583Z [54f5c026-4cf4-4bd4-a502-1dee8f7fdf3e][d889bfbd-3833-4a0f-a1b1-c28b24c104cd] Generating... 1 ready, 0 failed / 2 total (79s)
2026-09-05T04:58:52.210Z [4aa3ee48-fc98-46bd-a4d0-7abafd6013cb][d889bfbd-3833-4a0f-a1b1-c28b24c104cd] Downloaded 1/2: video_2026-09-05T04-58-48_01.mp4
2026-09-05T04:58:52.211Z [4aa3ee48-fc98-46bd-a4d0-7abafd6013cb][d889bfbd-3833-4a0f-a1b1-c28b24c104cd] Item 2: no video source on the tile yet — hovering it to mount one.
2026-09-05T04:58:54.186Z [4aa3ee48-fc98-46bd-a4d0-7abafd6013cb][d889bfbd-3833-4a0f-a1b1-c28b24c104cd] Item 2: Downloading from URL https://flow-content.google/video/15249e7e-a0f7-45ff-be4c-6a6a4cdfb9cd?Expires=1788605918&KeyName=labs-flow-prod-cdn-key&Signature=rcFAjJw3uUxQlpi5QbIG6v5EpV8
2026-09-05T04:58:54.606Z [54f5c026-4cf4-4bd4-a502-1dee8f7fdf3e][d889bfbd-3833-4a0f-a1b1-c28b24c104cd] Generating... 1 ready, 0 failed / 2 total (82s)
2026-09-05T04:58:56.268Z [4aa3ee48-fc98-46bd-a4d0-7abafd6013cb][d889bfbd-3833-4a0f-a1b1-c28b24c104cd] Downloaded 2/2: video_2026-09-05T04-58-48_02.mp4
2026-09-05T04:58:56.269Z [4aa3ee48-fc98-46bd-a4d0-7abafd6013cb][d889bfbd-3833-4a0f-a1b1-c28b24c104cd] ✅ 2 item(s) saved to Downloads/Win AI Toolkit/
2026-09-05T04:58:57.633Z [54f5c026-4cf4-4bd4-a502-1dee8f7fdf3e][d889bfbd-3833-4a0f-a1b1-c28b24c104cd] Generating... 1 ready, 0 failed / 2 total (85s)
2026-09-05T04:58:58.356Z [d418147f-c8c4-4f03-9c3c-3dc0f715d3da][d889bfbd-3833-4a0f-a1b1-c28b24c104cd] Item 1 (try 1): 1080p saved via the UI download flow.
2026-09-05T04:58:58.447Z [d418147f-c8c4-4f03-9c3c-3dc0f715d3da][d889bfbd-3833-4a0f-a1b1-c28b24c104cd] Item 1: upgraded to 1080p → D:\WINAI\Slow-English-with-Arlo_7_9_cmtlc8wi\video_2026-09-05T04-58-12_01.mp4
2026-09-05T04:59:00.651Z [54f5c026-4cf4-4bd4-a502-1dee8f7fdf3e][d889bfbd-3833-4a0f-a1b1-c28b24c104cd] Generating... 1 ready, 0 failed / 2 total (88s)
2026-09-05T04:59:03.673Z [54f5c026-4cf4-4bd4-a502-1dee8f7fdf3e][d889bfbd-3833-4a0f-a1b1-c28b24c104cd] Generating... 1 ready, 0 failed / 2 total (91s)
2026-09-05T04:59:06.687Z [54f5c026-4cf4-4bd4-a502-1dee8f7fdf3e][d889bfbd-3833-4a0f-a1b1-c28b24c104cd] Generating... 1 ready, 0 failed / 2 total (94s)
2026-09-05T04:59:09.712Z [54f5c026-4cf4-4bd4-a502-1dee8f7fdf3e][d889bfbd-3833-4a0f-a1b1-c28b24c104cd] Generating... 1 ready, 0 failed / 2 total (97s)
2026-09-05T04:59:12.731Z [54f5c026-4cf4-4bd4-a502-1dee8f7fdf3e][d889bfbd-3833-4a0f-a1b1-c28b24c104cd] Generating... 1 ready, 0 failed / 2 total (100s)
2026-09-05T04:59:15.746Z [54f5c026-4cf4-4bd4-a502-1dee8f7fdf3e][d889bfbd-3833-4a0f-a1b1-c28b24c104cd] Generating... 1 ready, 0 failed / 2 total (103s)
2026-09-05T04:59:18.771Z [54f5c026-4cf4-4bd4-a502-1dee8f7fdf3e][d889bfbd-3833-4a0f-a1b1-c28b24c104cd] Generating... 1 ready, 0 failed / 2 total (106s)
2026-09-05T04:59:21.796Z [54f5c026-4cf4-4bd4-a502-1dee8f7fdf3e][d889bfbd-3833-4a0f-a1b1-c28b24c104cd] Generating... 1 ready, 0 failed / 2 total (109s)
2026-09-05T04:59:24.817Z [54f5c026-4cf4-4bd4-a502-1dee8f7fdf3e][d889bfbd-3833-4a0f-a1b1-c28b24c104cd] Generating... 1 ready, 0 failed / 2 total (112s)
2026-09-05T04:59:27.838Z [54f5c026-4cf4-4bd4-a502-1dee8f7fdf3e][d889bfbd-3833-4a0f-a1b1-c28b24c104cd] Generating... 1 ready, 0 failed / 2 total (115s)
2026-09-05T04:59:30.536Z [f708a87f-e706-4c22-b0d9-7a682094ca6e][d889bfbd-3833-4a0f-a1b1-c28b24c104cd] Item 1 (try 1): 1080p saved via the UI download flow.
2026-09-05T04:59:30.603Z [f708a87f-e706-4c22-b0d9-7a682094ca6e][d889bfbd-3833-4a0f-a1b1-c28b24c104cd] Item 1: upgraded to 1080p → D:\WINAI\Slow-English-with-Arlo_7_11_cmtlc8wi\video_2026-09-05T04-58-41_01.mp4
2026-09-05T04:59:30.853Z [54f5c026-4cf4-4bd4-a502-1dee8f7fdf3e][d889bfbd-3833-4a0f-a1b1-c28b24c104cd] Generating... 1 ready, 0 failed / 2 total (118s)
2026-09-05T04:59:33.869Z [54f5c026-4cf4-4bd4-a502-1dee8f7fdf3e][d889bfbd-3833-4a0f-a1b1-c28b24c104cd] Generating... 1 ready, 0 failed / 2 total (121s)
2026-09-05T04:59:35.406Z [d418147f-c8c4-4f03-9c3c-3dc0f715d3da][d889bfbd-3833-4a0f-a1b1-c28b24c104cd] Item 2 (try 1): 1080p saved via the UI download flow.
2026-09-05T04:59:35.478Z [d418147f-c8c4-4f03-9c3c-3dc0f715d3da][d889bfbd-3833-4a0f-a1b1-c28b24c104cd] Item 2: upgraded to 1080p → D:\WINAI\Slow-English-with-Arlo_7_9_cmtlc8wi\video_2026-09-05T04-58-12_02.mp4
2026-09-05T04:59:35.479Z [d418147f-c8c4-4f03-9c3c-3dc0f715d3da][d889bfbd-3833-4a0f-a1b1-c28b24c104cd] Uploading 2 video(s) to Xanh...
2026-09-05T04:59:36.369Z [d418147f-c8c4-4f03-9c3c-3dc0f715d3da][d889bfbd-3833-4a0f-a1b1-c28b24c104cd] Item 2: Re-uploaded 1080p → https://studio.xanhmedia.vn/uploads/2026-09/1788584376121_d5d83b_d889bfbd-3833-4a0f-a1b1-c28b24c104cd_d41.mp4
2026-09-05T04:59:36.886Z [54f5c026-4cf4-4bd4-a502-1dee8f7fdf3e][d889bfbd-3833-4a0f-a1b1-c28b24c104cd] Generating... 1 ready, 0 failed / 2 total (124s)
2026-09-05T04:59:39.397Z [d418147f-c8c4-4f03-9c3c-3dc0f715d3da][d889bfbd-3833-4a0f-a1b1-c28b24c104cd] Item 1: Re-uploaded 1080p → https://studio.xanhmedia.vn/uploads/2026-09/1788584379140_8cb99c_d889bfbd-3833-4a0f-a1b1-c28b24c104cd_d41.mp4
2026-09-05T04:59:39.397Z [d418147f-c8c4-4f03-9c3c-3dc0f715d3da][d889bfbd-3833-4a0f-a1b1-c28b24c104cd] ✅ 2 item(s) + 1080p saved to Downloads/Win AI Toolkit/
2026-09-05T04:59:39.401Z [d418147f-c8c4-4f03-9c3c-3dc0f715d3da][d889bfbd-3833-4a0f-a1b1-c28b24c104cd] All done (including any 1080p upgrades). Closing Playwright browser context.
2026-09-05T04:59:39.913Z [54f5c026-4cf4-4bd4-a502-1dee8f7fdf3e][d889bfbd-3833-4a0f-a1b1-c28b24c104cd] Generating... 1 ready, 0 failed / 2 total (127s)
2026-09-05T04:59:40.284Z [79d45079-522b-48bf-b997-ae754d6edf96][d889bfbd-3833-4a0f-a1b1-c28b24c104cd] runGeneration starting: task_id=79d45079-522b-48bf-b997-ae754d6edf96, profile_id=d889bfbd-3833-4a0f-a1b1-c28b24c104cd, target_site=google_flow
2026-09-05T04:59:40.284Z [79d45079-522b-48bf-b997-ae754d6edf96][d889bfbd-3833-4a0f-a1b1-c28b24c104cd] Opening Playwright browser with persistent profile cookies...
2026-09-05T04:59:40.285Z [79d45079-522b-48bf-b997-ae754d6edf96][d889bfbd-3833-4a0f-a1b1-c28b24c104cd] Browser engine: winhide (C:\Users\Admin\AppData\Roaming\com.tank.winai\winhide\chrome.exe) [hidden off-screen]
2026-09-05T04:59:40.285Z [79d45079-522b-48bf-b997-ae754d6edf96][d889bfbd-3833-4a0f-a1b1-c28b24c104cd] Launch mode: STEALTH (raw spawn + connectOverCDP)
2026-09-05T04:59:42.030Z [79d45079-522b-48bf-b997-ae754d6edf96][d889bfbd-3833-4a0f-a1b1-c28b24c104cd] Exit IP: 115.74.128.9
2026-09-05T04:59:42.031Z [79d45079-522b-48bf-b997-ae754d6edf96][d889bfbd-3833-4a0f-a1b1-c28b24c104cd] Navigating browser to Google Flow tools page...
2026-09-05T04:59:42.031Z [79d45079-522b-48bf-b997-ae754d6edf96][d889bfbd-3833-4a0f-a1b1-c28b24c104cd] Using existing project URL: https://flow.google.com/project/c2a607c5-d833-4be1-8108-407b74d4ed85?hl=en
2026-09-05T04:59:42.842Z [79d45079-522b-48bf-b997-ae754d6edf96][d889bfbd-3833-4a0f-a1b1-c28b24c104cd] Waiting for Google Flow...
2026-09-05T04:59:42.937Z [54f5c026-4cf4-4bd4-a502-1dee8f7fdf3e][d889bfbd-3833-4a0f-a1b1-c28b24c104cd] Generating... 1 ready, 0 failed / 2 total (130s)
2026-09-05T04:59:45.245Z [79d45079-522b-48bf-b997-ae754d6edf96][d889bfbd-3833-4a0f-a1b1-c28b24c104cd] In existing project ✓
2026-09-05T04:59:45.961Z [54f5c026-4cf4-4bd4-a502-1dee8f7fdf3e][d889bfbd-3833-4a0f-a1b1-c28b24c104cd] Generating... 1 ready, 0 failed / 2 total (133s)
2026-09-05T04:59:46.404Z [79d45079-522b-48bf-b997-ae754d6edf96][d889bfbd-3833-4a0f-a1b1-c28b24c104cd] dismissPopups: unresolved overlay(s) ["IFRAME[presentation]|btns="]
2026-09-05T04:59:46.645Z [4aa3ee48-fc98-46bd-a4d0-7abafd6013cb][d889bfbd-3833-4a0f-a1b1-c28b24c104cd] Item 1 (try 1): 1080p saved via the UI download flow.
2026-09-05T04:59:46.715Z [4aa3ee48-fc98-46bd-a4d0-7abafd6013cb][d889bfbd-3833-4a0f-a1b1-c28b24c104cd] Item 1: upgraded to 1080p → D:\WINAI\Slow-English-with-Arlo_7_12_cmtlc8wj\video_2026-09-05T04-58-48_01.mp4
2026-09-05T04:59:48.986Z [54f5c026-4cf4-4bd4-a502-1dee8f7fdf3e][d889bfbd-3833-4a0f-a1b1-c28b24c104cd] Generating... 1 ready, 0 failed / 2 total (136s)
2026-09-05T04:59:49.136Z [79d45079-522b-48bf-b997-ae754d6edf96][d889bfbd-3833-4a0f-a1b1-c28b24c104cd] Composer ready ✓ (UI language: en)
2026-09-05T04:59:49.196Z [79d45079-522b-48bf-b997-ae754d6edf96][d889bfbd-3833-4a0f-a1b1-c28b24c104cd] dismissPopups: unresolved overlay(s) ["DIV[]|btns=","DIV[]|btns="]
2026-09-05T04:59:49.210Z [79d45079-522b-48bf-b997-ae754d6edf96][d889bfbd-3833-4a0f-a1b1-c28b24c104cd] Agent toggle aria-pressed=false
2026-09-05T04:59:49.210Z [79d45079-522b-48bf-b997-ae754d6edf96][d889bfbd-3833-4a0f-a1b1-c28b24c104cd] Opening settings...
2026-09-05T04:59:50.719Z [79d45079-522b-48bf-b997-ae754d6edf96][d889bfbd-3833-4a0f-a1b1-c28b24c104cd] Configuring video settings...
2026-09-05T04:59:50.750Z [79d45079-522b-48bf-b997-ae754d6edf96][d889bfbd-3833-4a0f-a1b1-c28b24c104cd] Mode: "videocam Video" already selected ✓
2026-09-05T04:59:52.004Z [54f5c026-4cf4-4bd4-a502-1dee8f7fdf3e][d889bfbd-3833-4a0f-a1b1-c28b24c104cd] Generating... 1 ready, 0 failed / 2 total (139s)
2026-09-05T04:59:53.148Z [79d45079-522b-48bf-b997-ae754d6edf96][d889bfbd-3833-4a0f-a1b1-c28b24c104cd] Video type: selected "crop_free Frames" ✓
2026-09-05T04:59:55.026Z [54f5c026-4cf4-4bd4-a502-1dee8f7fdf3e][d889bfbd-3833-4a0f-a1b1-c28b24c104cd] Generating... 1 ready, 0 failed / 2 total (142s)
2026-09-05T04:59:58.051Z [54f5c026-4cf4-4bd4-a502-1dee8f7fdf3e][d889bfbd-3833-4a0f-a1b1-c28b24c104cd] Generating... 1 ready, 0 failed / 2 total (145s)
2026-09-05T04:59:58.707Z [79d45079-522b-48bf-b997-ae754d6edf96][d889bfbd-3833-4a0f-a1b1-c28b24c104cd] Model: selected "Veo 3.1 - Lite [Lower Priority]" ✓
2026-09-05T04:59:59.491Z [79d45079-522b-48bf-b997-ae754d6edf96][d889bfbd-3833-4a0f-a1b1-c28b24c104cd] Aspect ratio: "crop_16_9 16:9" already selected ✓
2026-09-05T04:59:59.497Z [79d45079-522b-48bf-b997-ae754d6edf96][d889bfbd-3833-4a0f-a1b1-c28b24c104cd] Video resolution: toggle group "Video resolution" not present (model may not offer it) — skipped.
2026-09-05T04:59:59.532Z [79d45079-522b-48bf-b997-ae754d6edf96][d889bfbd-3833-4a0f-a1b1-c28b24c104cd] Duration: "8s" already selected ✓
2026-09-05T04:59:59.550Z [79d45079-522b-48bf-b997-ae754d6edf96][d889bfbd-3833-4a0f-a1b1-c28b24c104cd] Output count: "x2" already selected ✓
2026-09-05T05:00:00.686Z [79d45079-522b-48bf-b997-ae754d6edf96][d889bfbd-3833-4a0f-a1b1-c28b24c104cd] Start keyframe: downloading from URL...
2026-09-05T05:00:00.880Z [79d45079-522b-48bf-b997-ae754d6edf96][d889bfbd-3833-4a0f-a1b1-c28b24c104cd] Downloader: no-proxy request context ready.
2026-09-05T05:00:01.065Z [54f5c026-4cf4-4bd4-a502-1dee8f7fdf3e][d889bfbd-3833-4a0f-a1b1-c28b24c104cd] Generating... 1 ready, 0 failed / 2 total (148s)
2026-09-05T05:00:01.171Z [79d45079-522b-48bf-b997-ae754d6edf96][d889bfbd-3833-4a0f-a1b1-c28b24c104cd] Start keyframe: saved 148257 bytes (image/png) as "1788441792867_53b431_60f7c834-1526-409d-b017-21db20795e19_b1e.png"
2026-09-05T05:00:01.193Z [79d45079-522b-48bf-b997-ae754d6edf96][d889bfbd-3833-4a0f-a1b1-c28b24c104cd] Start keyframe: setting start keyframe...
2026-09-05T05:00:03.415Z [79d45079-522b-48bf-b997-ae754d6edf96][d889bfbd-3833-4a0f-a1b1-c28b24c104cd] Start keyframe: "1788441792867_53b431_60f7c834-1526-409d-b017-21db20795e19_b1e.png" not in the library yet — uploading it first.
2026-09-05T05:00:04.085Z [54f5c026-4cf4-4bd4-a502-1dee8f7fdf3e][d889bfbd-3833-4a0f-a1b1-c28b24c104cd] Generating... 1 ready, 0 failed / 2 total (151s)
2026-09-05T05:00:07.103Z [54f5c026-4cf4-4bd4-a502-1dee8f7fdf3e][d889bfbd-3833-4a0f-a1b1-c28b24c104cd] Generating... 1 ready, 0 failed / 2 total (154s)
2026-09-05T05:00:07.985Z [79d45079-522b-48bf-b997-ae754d6edf96][d889bfbd-3833-4a0f-a1b1-c28b24c104cd] Start keyframe: uploading "1788441792867_53b431_60f7c834-1526-409d-b017-21db20795e19_b1e.png" to the project library...
2026-09-05T05:00:09.199Z [79d45079-522b-48bf-b997-ae754d6edf96][d889bfbd-3833-4a0f-a1b1-c28b24c104cd] Start keyframe: upload finished ✓
2026-09-05T05:00:10.129Z [54f5c026-4cf4-4bd4-a502-1dee8f7fdf3e][d889bfbd-3833-4a0f-a1b1-c28b24c104cd] Generating... 1 ready, 0 failed / 2 total (157s)
2026-09-05T05:00:13.158Z [54f5c026-4cf4-4bd4-a502-1dee8f7fdf3e][d889bfbd-3833-4a0f-a1b1-c28b24c104cd] Generating... 1 ready, 0 failed / 2 total (160s)
2026-09-05T05:00:15.288Z [f708a87f-e706-4c22-b0d9-7a682094ca6e][d889bfbd-3833-4a0f-a1b1-c28b24c104cd] Item 2 (try 1): 1080p saved via the UI download flow.
2026-09-05T05:00:15.384Z [f708a87f-e706-4c22-b0d9-7a682094ca6e][d889bfbd-3833-4a0f-a1b1-c28b24c104cd] Item 2: upgraded to 1080p → D:\WINAI\Slow-English-with-Arlo_7_11_cmtlc8wi\video_2026-09-05T04-58-41_02.mp4
2026-09-05T05:00:15.385Z [f708a87f-e706-4c22-b0d9-7a682094ca6e][d889bfbd-3833-4a0f-a1b1-c28b24c104cd] Uploading 2 video(s) to Xanh...
2026-09-05T05:00:15.978Z [f708a87f-e706-4c22-b0d9-7a682094ca6e][d889bfbd-3833-4a0f-a1b1-c28b24c104cd] Item 1: Re-uploaded 1080p → https://studio.xanhmedia.vn/uploads/2026-09/1788584415737_be4a94_d889bfbd-3833-4a0f-a1b1-c28b24c104cd_f70.mp4
2026-09-05T05:00:16.186Z [54f5c026-4cf4-4bd4-a502-1dee8f7fdf3e][d889bfbd-3833-4a0f-a1b1-c28b24c104cd] Generating... 1 ready, 0 failed / 2 total (163s)
2026-09-05T05:00:16.358Z [f708a87f-e706-4c22-b0d9-7a682094ca6e][d889bfbd-3833-4a0f-a1b1-c28b24c104cd] Item 2: Re-uploaded 1080p → https://studio.xanhmedia.vn/uploads/2026-09/1788584416115_c964e8_d889bfbd-3833-4a0f-a1b1-c28b24c104cd_f70.mp4
2026-09-05T05:00:16.358Z [f708a87f-e706-4c22-b0d9-7a682094ca6e][d889bfbd-3833-4a0f-a1b1-c28b24c104cd] ✅ 2 item(s) + 1080p saved to Downloads/Win AI Toolkit/
2026-09-05T05:00:16.361Z [f708a87f-e706-4c22-b0d9-7a682094ca6e][d889bfbd-3833-4a0f-a1b1-c28b24c104cd] All done (including any 1080p upgrades). Closing Playwright browser context.
2026-09-05T05:00:17.900Z [c6bf3dda-46cb-447c-bb96-f67d944c988e][d889bfbd-3833-4a0f-a1b1-c28b24c104cd] runGeneration starting: task_id=c6bf3dda-46cb-447c-bb96-f67d944c988e, profile_id=d889bfbd-3833-4a0f-a1b1-c28b24c104cd, target_site=google_flow
2026-09-05T05:00:17.901Z [c6bf3dda-46cb-447c-bb96-f67d944c988e][d889bfbd-3833-4a0f-a1b1-c28b24c104cd] Opening Playwright browser with persistent profile cookies...
2026-09-05T05:00:17.901Z [c6bf3dda-46cb-447c-bb96-f67d944c988e][d889bfbd-3833-4a0f-a1b1-c28b24c104cd] Browser engine: winhide (C:\Users\Admin\AppData\Roaming\com.tank.winai\winhide\chrome.exe) [hidden off-screen]
2026-09-05T05:00:17.902Z [c6bf3dda-46cb-447c-bb96-f67d944c988e][d889bfbd-3833-4a0f-a1b1-c28b24c104cd] Launch mode: STEALTH (raw spawn + connectOverCDP)
2026-09-05T05:00:19.122Z [79d45079-522b-48bf-b997-ae754d6edf96][d889bfbd-3833-4a0f-a1b1-c28b24c104cd] Start keyframe: start keyframe attached ✓
2026-09-05T05:00:19.154Z [79d45079-522b-48bf-b997-ae754d6edf96][d889bfbd-3833-4a0f-a1b1-c28b24c104cd] Entering prompt...
2026-09-05T05:00:19.223Z [54f5c026-4cf4-4bd4-a502-1dee8f7fdf3e][d889bfbd-3833-4a0f-a1b1-c28b24c104cd] Generating... 1 ready, 0 failed / 2 total (166s)
2026-09-05T05:00:19.746Z [c6bf3dda-46cb-447c-bb96-f67d944c988e][d889bfbd-3833-4a0f-a1b1-c28b24c104cd] Exit IP: 115.74.128.9
2026-09-05T05:00:19.746Z [c6bf3dda-46cb-447c-bb96-f67d944c988e][d889bfbd-3833-4a0f-a1b1-c28b24c104cd] Navigating browser to Google Flow tools page...
2026-09-05T05:00:19.747Z [c6bf3dda-46cb-447c-bb96-f67d944c988e][d889bfbd-3833-4a0f-a1b1-c28b24c104cd] Using existing project URL: https://flow.google.com/project/cd81a7d3-c989-419e-891a-f8694174cb85?hl=en
2026-09-05T05:00:20.485Z [c6bf3dda-46cb-447c-bb96-f67d944c988e][d889bfbd-3833-4a0f-a1b1-c28b24c104cd] Waiting for Google Flow...
2026-09-05T05:00:21.153Z [79d45079-522b-48bf-b997-ae754d6edf96][d889bfbd-3833-4a0f-a1b1-c28b24c104cd] Prompt is 1228 chars — typing it in 22 chunk(s).
2026-09-05T05:00:22.245Z [54f5c026-4cf4-4bd4-a502-1dee8f7fdf3e][d889bfbd-3833-4a0f-a1b1-c28b24c104cd] Generating... 1 ready, 0 failed / 2 total (169s)
2026-09-05T05:00:22.256Z [c6bf3dda-46cb-447c-bb96-f67d944c988e][d889bfbd-3833-4a0f-a1b1-c28b24c104cd] In existing project ✓
2026-09-05T05:00:23.147Z [c6bf3dda-46cb-447c-bb96-f67d944c988e][d889bfbd-3833-4a0f-a1b1-c28b24c104cd] dismissPopups: unresolved overlay(s) ["IFRAME[presentation]|btns="]
2026-09-05T05:00:25.269Z [54f5c026-4cf4-4bd4-a502-1dee8f7fdf3e][d889bfbd-3833-4a0f-a1b1-c28b24c104cd] Generating... 1 ready, 0 failed / 2 total (172s)
2026-09-05T05:00:26.050Z [c6bf3dda-46cb-447c-bb96-f67d944c988e][d889bfbd-3833-4a0f-a1b1-c28b24c104cd] Composer ready ✓ (UI language: en)
2026-09-05T05:00:26.081Z [c6bf3dda-46cb-447c-bb96-f67d944c988e][d889bfbd-3833-4a0f-a1b1-c28b24c104cd] dismissPopups: unresolved overlay(s) ["DIV[]|btns=","DIV[]|btns="]
2026-09-05T05:00:26.095Z [c6bf3dda-46cb-447c-bb96-f67d944c988e][d889bfbd-3833-4a0f-a1b1-c28b24c104cd] Agent toggle aria-pressed=false
2026-09-05T05:00:26.095Z [c6bf3dda-46cb-447c-bb96-f67d944c988e][d889bfbd-3833-4a0f-a1b1-c28b24c104cd] Opening settings...
2026-09-05T05:00:27.700Z [c6bf3dda-46cb-447c-bb96-f67d944c988e][d889bfbd-3833-4a0f-a1b1-c28b24c104cd] Configuring video settings...
2026-09-05T05:00:27.729Z [c6bf3dda-46cb-447c-bb96-f67d944c988e][d889bfbd-3833-4a0f-a1b1-c28b24c104cd] Mode: "videocam Video" already selected ✓
2026-09-05T05:00:28.281Z [54f5c026-4cf4-4bd4-a502-1dee8f7fdf3e][d889bfbd-3833-4a0f-a1b1-c28b24c104cd] Generating... 1 ready, 0 failed / 2 total (175s)
2026-09-05T05:00:30.880Z [c6bf3dda-46cb-447c-bb96-f67d944c988e][d889bfbd-3833-4a0f-a1b1-c28b24c104cd] Video type: selected "crop_free Frames" ✓
2026-09-05T05:00:30.990Z [4aa3ee48-fc98-46bd-a4d0-7abafd6013cb][d889bfbd-3833-4a0f-a1b1-c28b24c104cd] Item 2 (try 1): 1080p saved via the UI download flow.
2026-09-05T05:00:31.065Z [4aa3ee48-fc98-46bd-a4d0-7abafd6013cb][d889bfbd-3833-4a0f-a1b1-c28b24c104cd] Item 2: upgraded to 1080p → D:\WINAI\Slow-English-with-Arlo_7_12_cmtlc8wj\video_2026-09-05T04-58-48_02.mp4
2026-09-05T05:00:31.065Z [4aa3ee48-fc98-46bd-a4d0-7abafd6013cb][d889bfbd-3833-4a0f-a1b1-c28b24c104cd] Uploading 2 video(s) to Xanh...
2026-09-05T05:00:31.295Z [54f5c026-4cf4-4bd4-a502-1dee8f7fdf3e][d889bfbd-3833-4a0f-a1b1-c28b24c104cd] Generating... 1 ready, 0 failed / 2 total (178s)
2026-09-05T05:00:31.335Z [79d45079-522b-48bf-b997-ae754d6edf96][d889bfbd-3833-4a0f-a1b1-c28b24c104cd] Prompt insert attempt 1: editor has 1198 chars (want ~1224) ✓
2026-09-05T05:00:33.526Z [79d45079-522b-48bf-b997-ae754d6edf96][d889bfbd-3833-4a0f-a1b1-c28b24c104cd] Baseline: 50 pre-existing media tile(s) of 50 mounted (kinds: image,video,video,image,video,video,image,video,video,image,video,video,image,video,video,image,video,video,image,video,video,image,video,video,image,video,image,video,video,image,video,video,image,video,video,image,video,video,video,video,image,video,video,video,video,image,video,video,image,video).
2026-09-05T05:00:34.303Z [54f5c026-4cf4-4bd4-a502-1dee8f7fdf3e][d889bfbd-3833-4a0f-a1b1-c28b24c104cd] Poll ended with 1/2 ready — salvaging the completed item(s).
2026-09-05T05:00:34.304Z [54f5c026-4cf4-4bd4-a502-1dee8f7fdf3e][d889bfbd-3833-4a0f-a1b1-c28b24c104cd] 1 item(s) ready! Downloading...
2026-09-05T05:00:34.305Z [54f5c026-4cf4-4bd4-a502-1dee8f7fdf3e][d889bfbd-3833-4a0f-a1b1-c28b24c104cd] Item 1: no video source on the tile yet — hovering it to mount one.
2026-09-05T05:00:34.753Z [4aa3ee48-fc98-46bd-a4d0-7abafd6013cb][d889bfbd-3833-4a0f-a1b1-c28b24c104cd] Item 1: Re-uploaded 1080p → https://studio.xanhmedia.vn/uploads/2026-09/1788584434497_9db960_d889bfbd-3833-4a0f-a1b1-c28b24c104cd_4aa.mp4
2026-09-05T05:00:35.437Z [4aa3ee48-fc98-46bd-a4d0-7abafd6013cb][d889bfbd-3833-4a0f-a1b1-c28b24c104cd] Item 2: Re-uploaded 1080p → https://studio.xanhmedia.vn/uploads/2026-09/1788584435180_da3a38_d889bfbd-3833-4a0f-a1b1-c28b24c104cd_4aa.mp4
2026-09-05T05:00:35.438Z [4aa3ee48-fc98-46bd-a4d0-7abafd6013cb][d889bfbd-3833-4a0f-a1b1-c28b24c104cd] ✅ 2 item(s) + 1080p saved to Downloads/Win AI Toolkit/
2026-09-05T05:00:35.441Z [4aa3ee48-fc98-46bd-a4d0-7abafd6013cb][d889bfbd-3833-4a0f-a1b1-c28b24c104cd] All done (including any 1080p upgrades). Closing Playwright browser context.
2026-09-05T05:00:35.470Z [c6bf3dda-46cb-447c-bb96-f67d944c988e][d889bfbd-3833-4a0f-a1b1-c28b24c104cd] Model: selected "Veo 3.1 - Lite [Lower Priority]" ✓
2026-09-05T05:00:35.624Z [79d45079-522b-48bf-b997-ae754d6edf96][d889bfbd-3833-4a0f-a1b1-c28b24c104cd] [submit] confirmed (editor "What do you want to ", fresh tile=true).
2026-09-05T05:00:35.785Z [54f5c026-4cf4-4bd4-a502-1dee8f7fdf3e][d889bfbd-3833-4a0f-a1b1-c28b24c104cd] Item 1: Downloading from URL https://flow-content.google/video/742dca8f-1182-4ec1-b4d8-2655c4033992?Expires=1788605903&KeyName=labs-flow-prod-cdn-key&Signature=STRCTjOvafcO55Y1c1EX32uehqY
2026-09-05T05:00:35.972Z [c9507503-2076-462a-92b2-639b04768e0f][d889bfbd-3833-4a0f-a1b1-c28b24c104cd] runGeneration starting: task_id=c9507503-2076-462a-92b2-639b04768e0f, profile_id=d889bfbd-3833-4a0f-a1b1-c28b24c104cd, target_site=google_flow
2026-09-05T05:00:35.973Z [c9507503-2076-462a-92b2-639b04768e0f][d889bfbd-3833-4a0f-a1b1-c28b24c104cd] Opening Playwright browser with persistent profile cookies...
2026-09-05T05:00:35.974Z [c9507503-2076-462a-92b2-639b04768e0f][d889bfbd-3833-4a0f-a1b1-c28b24c104cd] Browser engine: winhide (C:\Users\Admin\AppData\Roaming\com.tank.winai\winhide\chrome.exe) [hidden off-screen]
2026-09-05T05:00:35.974Z [c9507503-2076-462a-92b2-639b04768e0f][d889bfbd-3833-4a0f-a1b1-c28b24c104cd] Launch mode: STEALTH (raw spawn + connectOverCDP)
2026-09-05T05:00:36.066Z [79d45079-522b-48bf-b997-ae754d6edf96][d889bfbd-3833-4a0f-a1b1-c28b24c104cd] Current Workspace project URL: https://flow.google.com/project/c2a607c5-d833-4be1-8108-407b74d4ed85?hl=en
2026-09-05T05:00:36.067Z [79d45079-522b-48bf-b997-ae754d6edf96][d889bfbd-3833-4a0f-a1b1-c28b24c104cd] Submitted ✓ Detecting batch size...
2026-09-05T05:00:36.083Z [79d45079-522b-48bf-b997-ae754d6edf96][d889bfbd-3833-4a0f-a1b1-c28b24c104cd] New tile(s) since submit: 0 → 2 (mounted=50)
2026-09-05T05:00:36.484Z [c6bf3dda-46cb-447c-bb96-f67d944c988e][d889bfbd-3833-4a0f-a1b1-c28b24c104cd] Aspect ratio: "crop_16_9 16:9" already selected ✓
2026-09-05T05:00:36.487Z [c6bf3dda-46cb-447c-bb96-f67d944c988e][d889bfbd-3833-4a0f-a1b1-c28b24c104cd] Video resolution: toggle group "Video resolution" not present (model may not offer it) — skipped.
2026-09-05T05:00:36.548Z [c6bf3dda-46cb-447c-bb96-f67d944c988e][d889bfbd-3833-4a0f-a1b1-c28b24c104cd] Duration: "8s" already selected ✓
2026-09-05T05:00:36.586Z [c6bf3dda-46cb-447c-bb96-f67d944c988e][d889bfbd-3833-4a0f-a1b1-c28b24c104cd] Output count: "x2" already selected ✓
2026-09-05T05:00:37.573Z [c9507503-2076-462a-92b2-639b04768e0f][d889bfbd-3833-4a0f-a1b1-c28b24c104cd] Exit IP: 115.74.128.9
2026-09-05T05:00:37.574Z [c9507503-2076-462a-92b2-639b04768e0f][d889bfbd-3833-4a0f-a1b1-c28b24c104cd] Navigating browser to Google Flow tools page...
2026-09-05T05:00:37.574Z [c9507503-2076-462a-92b2-639b04768e0f][d889bfbd-3833-4a0f-a1b1-c28b24c104cd] Using existing project URL: https://flow.google.com/project/33ca2cc2-c9ff-4bb6-9048-2a7af1dfcfee?hl=en
2026-09-05T05:00:37.820Z [c6bf3dda-46cb-447c-bb96-f67d944c988e][d889bfbd-3833-4a0f-a1b1-c28b24c104cd] Start keyframe: downloading from URL...
2026-09-05T05:00:37.854Z [54f5c026-4cf4-4bd4-a502-1dee8f7fdf3e][d889bfbd-3833-4a0f-a1b1-c28b24c104cd] Downloaded 1/1: video_2026-09-05T05-00-34_01.mp4
2026-09-05T05:00:37.855Z [54f5c026-4cf4-4bd4-a502-1dee8f7fdf3e][d889bfbd-3833-4a0f-a1b1-c28b24c104cd] ✅ 1 item(s) saved to Downloads/Win AI Toolkit/
2026-09-05T05:00:38.264Z [c6bf3dda-46cb-447c-bb96-f67d944c988e][d889bfbd-3833-4a0f-a1b1-c28b24c104cd] Downloader: no-proxy request context ready.
2026-09-05T05:00:38.588Z [c9507503-2076-462a-92b2-639b04768e0f][d889bfbd-3833-4a0f-a1b1-c28b24c104cd] Waiting for Google Flow...
2026-09-05T05:00:38.604Z [c6bf3dda-46cb-447c-bb96-f67d944c988e][d889bfbd-3833-4a0f-a1b1-c28b24c104cd] Start keyframe: saved 190719 bytes (image/png) as "1788441835899_f92520_60f7c834-1526-409d-b017-21db20795e19_8df.png"
2026-09-05T05:00:38.660Z [c6bf3dda-46cb-447c-bb96-f67d944c988e][d889bfbd-3833-4a0f-a1b1-c28b24c104cd] Start keyframe: setting start keyframe...
2026-09-05T05:00:40.275Z [c9507503-2076-462a-92b2-639b04768e0f][d889bfbd-3833-4a0f-a1b1-c28b24c104cd] In existing project ✓
2026-09-05T05:00:40.326Z [79d45079-522b-48bf-b997-ae754d6edf96][d889bfbd-3833-4a0f-a1b1-c28b24c104cd] Batch size stabilised at 2 new tile(s)
2026-09-05T05:00:40.327Z [79d45079-522b-48bf-b997-ae754d6edf96][d889bfbd-3833-4a0f-a1b1-c28b24c104cd] Batch detected: 2 item(s). Generating...
2026-09-05T05:00:40.327Z [79d45079-522b-48bf-b997-ae754d6edf96][d889bfbd-3833-4a0f-a1b1-c28b24c104cd] Polling for 2 video item(s) (baseline=50, hasUpload=true)...
2026-09-05T05:00:40.350Z [79d45079-522b-48bf-b997-ae754d6edf96][d889bfbd-3833-4a0f-a1b1-c28b24c104cd] Generating... 0 ready, 0 failed / 2 total (0s) play_circle [HÀNH ĐỘ play_circle [HÀNH ĐỘ
2026-09-05T05:00:41.079Z [c6bf3dda-46cb-447c-bb96-f67d944c988e][d889bfbd-3833-4a0f-a1b1-c28b24c104cd] Start keyframe: "1788441835899_f92520_60f7c834-1526-409d-b017-21db20795e19_8df.png" not in the library yet — uploading it first.
2026-09-05T05:00:41.436Z [c9507503-2076-462a-92b2-639b04768e0f][d889bfbd-3833-4a0f-a1b1-c28b24c104cd] dismissPopups: unresolved overlay(s) ["IFRAME[presentation]|btns="]
2026-09-05T05:00:43.372Z [79d45079-522b-48bf-b997-ae754d6edf96][d889bfbd-3833-4a0f-a1b1-c28b24c104cd] Generating... 0 ready, 0 failed / 2 total (3s) play_circle [HÀNH ĐỘ play_circle [HÀNH ĐỘ
2026-09-05T05:00:44.300Z [c9507503-2076-462a-92b2-639b04768e0f][d889bfbd-3833-4a0f-a1b1-c28b24c104cd] Composer ready ✓ (UI language: en)
2026-09-05T05:00:44.337Z [c9507503-2076-462a-92b2-639b04768e0f][d889bfbd-3833-4a0f-a1b1-c28b24c104cd] dismissPopups: unresolved overlay(s) ["DIV[]|btns=","DIV[]|btns="]
2026-09-05T05:00:44.353Z [c9507503-2076-462a-92b2-639b04768e0f][d889bfbd-3833-4a0f-a1b1-c28b24c104cd] Agent toggle aria-pressed=false
2026-09-05T05:00:44.354Z [c9507503-2076-462a-92b2-639b04768e0f][d889bfbd-3833-4a0f-a1b1-c28b24c104cd] Opening settings...
2026-09-05T05:00:44.684Z [c6bf3dda-46cb-447c-bb96-f67d944c988e][d889bfbd-3833-4a0f-a1b1-c28b24c104cd] Start keyframe: uploading "1788441835899_f92520_60f7c834-1526-409d-b017-21db20795e19_8df.png" to the project library...
2026-09-05T05:00:45.886Z [c6bf3dda-46cb-447c-bb96-f67d944c988e][d889bfbd-3833-4a0f-a1b1-c28b24c104cd] Start keyframe: upload finished ✓
2026-09-05T05:00:46.182Z [c9507503-2076-462a-92b2-639b04768e0f][d889bfbd-3833-4a0f-a1b1-c28b24c104cd] Configuring video settings...
2026-09-05T05:00:46.230Z [c9507503-2076-462a-92b2-639b04768e0f][d889bfbd-3833-4a0f-a1b1-c28b24c104cd] Mode: "videocam Video" already selected ✓
2026-09-05T05:00:46.400Z [79d45079-522b-48bf-b997-ae754d6edf96][d889bfbd-3833-4a0f-a1b1-c28b24c104cd] Generating... 0 ready, 0 failed / 2 total (6s) play_circle [HÀNH ĐỘ play_circle [HÀNH ĐỘ
2026-09-05T05:00:49.346Z [c9507503-2076-462a-92b2-639b04768e0f][d889bfbd-3833-4a0f-a1b1-c28b24c104cd] Video type: selected "crop_free Frames" ✓
2026-09-05T05:00:49.422Z [79d45079-522b-48bf-b997-ae754d6edf96][d889bfbd-3833-4a0f-a1b1-c28b24c104cd] Generating... 0 ready, 0 failed / 2 total (9s) play_circle 1% [HÀNH play_circle 0% [HÀNH
2026-09-05T05:00:52.441Z [79d45079-522b-48bf-b997-ae754d6edf96][d889bfbd-3833-4a0f-a1b1-c28b24c104cd] Generating... 0 ready, 0 failed / 2 total (12s) play_circle 4% [HÀNH play_circle 4% [HÀNH
2026-09-05T05:00:53.996Z [c9507503-2076-462a-92b2-639b04768e0f][d889bfbd-3833-4a0f-a1b1-c28b24c104cd] Model: selected "Veo 3.1 - Lite [Lower Priority]" ✓
2026-09-05T05:00:54.746Z [c9507503-2076-462a-92b2-639b04768e0f][d889bfbd-3833-4a0f-a1b1-c28b24c104cd] Aspect ratio: "crop_16_9 16:9" already selected ✓
2026-09-05T05:00:54.750Z [c9507503-2076-462a-92b2-639b04768e0f][d889bfbd-3833-4a0f-a1b1-c28b24c104cd] Video resolution: toggle group "Video resolution" not present (model may not offer it) — skipped.
2026-09-05T05:00:54.784Z [c9507503-2076-462a-92b2-639b04768e0f][d889bfbd-3833-4a0f-a1b1-c28b24c104cd] Duration: "8s" already selected ✓
2026-09-05T05:00:54.807Z [c9507503-2076-462a-92b2-639b04768e0f][d889bfbd-3833-4a0f-a1b1-c28b24c104cd] Output count: "x2" already selected ✓
2026-09-05T05:00:55.463Z [79d45079-522b-48bf-b997-ae754d6edf96][d889bfbd-3833-4a0f-a1b1-c28b24c104cd] Generating... 0 ready, 0 failed / 2 total (15s) play_circle 7% [HÀNH play_circle 7% [HÀNH
2026-09-05T05:00:55.696Z [c9507503-2076-462a-92b2-639b04768e0f][d889bfbd-3833-4a0f-a1b1-c28b24c104cd] Start keyframe: downloading from URL...
2026-09-05T05:00:55.895Z [c6bf3dda-46cb-447c-bb96-f67d944c988e][d889bfbd-3833-4a0f-a1b1-c28b24c104cd] Start keyframe: start keyframe attached ✓
2026-09-05T05:00:55.914Z [c6bf3dda-46cb-447c-bb96-f67d944c988e][d889bfbd-3833-4a0f-a1b1-c28b24c104cd] Entering prompt...
2026-09-05T05:00:55.959Z [c9507503-2076-462a-92b2-639b04768e0f][d889bfbd-3833-4a0f-a1b1-c28b24c104cd] Downloader: no-proxy request context ready.
2026-09-05T05:00:56.282Z [c9507503-2076-462a-92b2-639b04768e0f][d889bfbd-3833-4a0f-a1b1-c28b24c104cd] Start keyframe: saved 139278 bytes (image/png) as "1788441798183_aefd2b_60f7c834-1526-409d-b017-21db20795e19_adf.png"
2026-09-05T05:00:56.299Z [c9507503-2076-462a-92b2-639b04768e0f][d889bfbd-3833-4a0f-a1b1-c28b24c104cd] Start keyframe: setting start keyframe...
2026-09-05T05:00:57.791Z [c6bf3dda-46cb-447c-bb96-f67d944c988e][d889bfbd-3833-4a0f-a1b1-c28b24c104cd] Prompt is 1089 chars — typing it in 21 chunk(s).
2026-09-05T05:00:58.487Z [79d45079-522b-48bf-b997-ae754d6edf96][d889bfbd-3833-4a0f-a1b1-c28b24c104cd] Generating... 0 ready, 0 failed / 2 total (18s) play_circle 9% [HÀNH play_circle 9% [HÀNH
2026-09-05T05:00:58.498Z [c9507503-2076-462a-92b2-639b04768e0f][d889bfbd-3833-4a0f-a1b1-c28b24c104cd] Start keyframe: "1788441798183_aefd2b_60f7c834-1526-409d-b017-21db20795e19_adf.png" not in the library yet — uploading it first.
2026-09-05T05:01:01.504Z [79d45079-522b-48bf-b997-ae754d6edf96][d889bfbd-3833-4a0f-a1b1-c28b24c104cd] Generating... 0 ready, 0 failed / 2 total (21s) play_circle 12% [HÀN play_circle 12% [HÀN
2026-09-05T05:01:02.040Z [c9507503-2076-462a-92b2-639b04768e0f][d889bfbd-3833-4a0f-a1b1-c28b24c104cd] Start keyframe: uploading "1788441798183_aefd2b_60f7c834-1526-409d-b017-21db20795e19_adf.png" to the project library...
2026-09-05T05:01:03.300Z [c9507503-2076-462a-92b2-639b04768e0f][d889bfbd-3833-4a0f-a1b1-c28b24c104cd] Start keyframe: upload finished ✓
2026-09-05T05:01:04.522Z [79d45079-522b-48bf-b997-ae754d6edf96][d889bfbd-3833-4a0f-a1b1-c28b24c104cd] Generating... 0 ready, 0 failed / 2 total (24s) play_circle 15% [HÀN play_circle 15% [HÀN
2026-09-05T05:01:06.855Z [c6bf3dda-46cb-447c-bb96-f67d944c988e][d889bfbd-3833-4a0f-a1b1-c28b24c104cd] Prompt insert attempt 1: editor has 1078 chars (want ~1085) ✓
2026-09-05T05:01:07.536Z [79d45079-522b-48bf-b997-ae754d6edf96][d889bfbd-3833-4a0f-a1b1-c28b24c104cd] Generating... 0 ready, 0 failed / 2 total (27s) play_circle 17% [HÀN play_circle 18% [HÀN
2026-09-05T05:01:08.783Z [c6bf3dda-46cb-447c-bb96-f67d944c988e][d889bfbd-3833-4a0f-a1b1-c28b24c104cd] Baseline: 50 pre-existing media tile(s) of 50 mounted (kinds: image,video,video,image,video,video,image,video,video,image,video,image,video,video,image,video,video,image,video,video,image,video,video,image,video,video,video,video,image,video,video,image,video,video,video,video,video,video,image,video,video,video,video,image,video,video,image,video,video,image).
2026-09-05T05:01:10.580Z [79d45079-522b-48bf-b997-ae754d6edf96][d889bfbd-3833-4a0f-a1b1-c28b24c104cd] Generating... 0 ready, 0 failed / 2 total (30s) play_circle 21% [HÀN play_circle 21% [HÀN
2026-09-05T05:01:11.026Z [c6bf3dda-46cb-447c-bb96-f67d944c988e][d889bfbd-3833-4a0f-a1b1-c28b24c104cd] [submit] confirmed (editor "What do you want to ", fresh tile=true).
2026-09-05T05:01:11.591Z [c6bf3dda-46cb-447c-bb96-f67d944c988e][d889bfbd-3833-4a0f-a1b1-c28b24c104cd] Current Workspace project URL: https://flow.google.com/project/cd81a7d3-c989-419e-891a-f8694174cb85?hl=en
2026-09-05T05:01:11.592Z [c6bf3dda-46cb-447c-bb96-f67d944c988e][d889bfbd-3833-4a0f-a1b1-c28b24c104cd] Submitted ✓ Detecting batch size...
2026-09-05T05:01:11.603Z [c6bf3dda-46cb-447c-bb96-f67d944c988e][d889bfbd-3833-4a0f-a1b1-c28b24c104cd] New tile(s) since submit: 0 → 2 (mounted=50)
2026-09-05T05:01:12.298Z [c9507503-2076-462a-92b2-639b04768e0f][d889bfbd-3833-4a0f-a1b1-c28b24c104cd] Start keyframe: start keyframe attached ✓
2026-09-05T05:01:12.307Z [c9507503-2076-462a-92b2-639b04768e0f][d889bfbd-3833-4a0f-a1b1-c28b24c104cd] Entering prompt...
2026-09-05T05:01:13.597Z [79d45079-522b-48bf-b997-ae754d6edf96][d889bfbd-3833-4a0f-a1b1-c28b24c104cd] Generating... 0 ready, 0 failed / 2 total (33s) play_circle 23% [HÀN play_circle 24% [HÀN
2026-09-05T05:01:14.067Z [c9507503-2076-462a-92b2-639b04768e0f][d889bfbd-3833-4a0f-a1b1-c28b24c104cd] Prompt is 1015 chars — typing it in 20 chunk(s).
2026-09-05T05:01:15.768Z [c6bf3dda-46cb-447c-bb96-f67d944c988e][d889bfbd-3833-4a0f-a1b1-c28b24c104cd] Batch size stabilised at 2 new tile(s)
2026-09-05T05:01:15.769Z [c6bf3dda-46cb-447c-bb96-f67d944c988e][d889bfbd-3833-4a0f-a1b1-c28b24c104cd] Batch detected: 2 item(s). Generating...
2026-09-05T05:01:15.769Z [c6bf3dda-46cb-447c-bb96-f67d944c988e][d889bfbd-3833-4a0f-a1b1-c28b24c104cd] Polling for 2 video item(s) (baseline=50, hasUpload=true)...
2026-09-05T05:01:15.786Z [c6bf3dda-46cb-447c-bb96-f67d944c988e][d889bfbd-3833-4a0f-a1b1-c28b24c104cd] Generating... 0 ready, 0 failed / 2 total (0s) play_circle [HÀNH ĐỘ play_circle [HÀNH ĐỘ
2026-09-05T05:01:16.624Z [79d45079-522b-48bf-b997-ae754d6edf96][d889bfbd-3833-4a0f-a1b1-c28b24c104cd] Generating... 0 ready, 0 failed / 2 total (36s) play_circle 26% [HÀN play_circle 26% [HÀN
2026-09-05T05:01:18.816Z [c6bf3dda-46cb-447c-bb96-f67d944c988e][d889bfbd-3833-4a0f-a1b1-c28b24c104cd] Generating... 0 ready, 0 failed / 2 total (3s) play_circle [HÀNH ĐỘ play_circle [HÀNH ĐỘ
2026-09-05T05:01:19.645Z [79d45079-522b-48bf-b997-ae754d6edf96][d889bfbd-3833-4a0f-a1b1-c28b24c104cd] Generating... 0 ready, 0 failed / 2 total (39s) play_circle 28% [HÀN play_circle 28% [HÀN
2026-09-05T05:01:21.759Z [54f5c026-4cf4-4bd4-a502-1dee8f7fdf3e][d889bfbd-3833-4a0f-a1b1-c28b24c104cd] Item 1 (try 1): 1080p saved via the UI download flow.
2026-09-05T05:01:21.819Z [54f5c026-4cf4-4bd4-a502-1dee8f7fdf3e][d889bfbd-3833-4a0f-a1b1-c28b24c104cd] Item 1: upgraded to 1080p → D:\WINAI\Slow-English-with-Arlo_7_10_cmtlc8wi\video_2026-09-05T05-00-34_01.mp4
2026-09-05T05:01:21.819Z [54f5c026-4cf4-4bd4-a502-1dee8f7fdf3e][d889bfbd-3833-4a0f-a1b1-c28b24c104cd] Uploading 1 video(s) to Xanh...
2026-09-05T05:01:21.840Z [c6bf3dda-46cb-447c-bb96-f67d944c988e][d889bfbd-3833-4a0f-a1b1-c28b24c104cd] Generating... 0 ready, 0 failed / 2 total (6s) play_circle [HÀNH ĐỘ play_circle [HÀNH ĐỘ
2026-09-05T05:01:22.356Z [54f5c026-4cf4-4bd4-a502-1dee8f7fdf3e][d889bfbd-3833-4a0f-a1b1-c28b24c104cd] Item 1: Re-uploaded 1080p → https://studio.xanhmedia.vn/uploads/2026-09/1788584482115_2203d0_d889bfbd-3833-4a0f-a1b1-c28b24c104cd_54f.mp4
2026-09-05T05:01:22.357Z [54f5c026-4cf4-4bd4-a502-1dee8f7fdf3e][d889bfbd-3833-4a0f-a1b1-c28b24c104cd] ✅ 1 item(s) + 1080p saved to Downloads/Win AI Toolkit/
2026-09-05T05:01:22.360Z [54f5c026-4cf4-4bd4-a502-1dee8f7fdf3e][d889bfbd-3833-4a0f-a1b1-c28b24c104cd] All done (including any 1080p upgrades). Closing Playwright browser context.
2026-09-05T05:01:22.678Z [79d45079-522b-48bf-b997-ae754d6edf96][d889bfbd-3833-4a0f-a1b1-c28b24c104cd] Generating... 0 ready, 0 failed / 2 total (42s) play_circle 31% [HÀN play_circle 31% [HÀN
2026-09-05T05:01:22.759Z [f673058a-9f99-4ecf-ae9b-ee4251728562][d889bfbd-3833-4a0f-a1b1-c28b24c104cd] runGeneration starting: task_id=f673058a-9f99-4ecf-ae9b-ee4251728562, profile_id=d889bfbd-3833-4a0f-a1b1-c28b24c104cd, target_site=google_flow
2026-09-05T05:01:22.760Z [f673058a-9f99-4ecf-ae9b-ee4251728562][d889bfbd-3833-4a0f-a1b1-c28b24c104cd] Opening Playwright browser with persistent profile cookies...
2026-09-05T05:01:22.761Z [f673058a-9f99-4ecf-ae9b-ee4251728562][d889bfbd-3833-4a0f-a1b1-c28b24c104cd] Browser engine: winhide (C:\Users\Admin\AppData\Roaming\com.tank.winai\winhide\chrome.exe) [hidden off-screen]
2026-09-05T05:01:22.761Z [f673058a-9f99-4ecf-ae9b-ee4251728562][d889bfbd-3833-4a0f-a1b1-c28b24c104cd] Launch mode: STEALTH (raw spawn + connectOverCDP)
2026-09-05T05:01:23.232Z [c9507503-2076-462a-92b2-639b04768e0f][d889bfbd-3833-4a0f-a1b1-c28b24c104cd] Prompt insert attempt 1: editor has 1006 chars (want ~1011) ✓
2026-09-05T05:01:24.396Z [f673058a-9f99-4ecf-ae9b-ee4251728562][d889bfbd-3833-4a0f-a1b1-c28b24c104cd] Exit IP: 115.74.128.9
2026-09-05T05:01:24.396Z [f673058a-9f99-4ecf-ae9b-ee4251728562][d889bfbd-3833-4a0f-a1b1-c28b24c104cd] Navigating browser to Google Flow tools page...
2026-09-05T05:01:24.397Z [f673058a-9f99-4ecf-ae9b-ee4251728562][d889bfbd-3833-4a0f-a1b1-c28b24c104cd] Using existing project URL: https://flow.google.com/project/cae2bf2b-d1b8-40f9-a300-9f2aa6276ea5?hl=en
2026-09-05T05:01:24.868Z [c6bf3dda-46cb-447c-bb96-f67d944c988e][d889bfbd-3833-4a0f-a1b1-c28b24c104cd] Generating... 0 ready, 0 failed / 2 total (9s) play_circle 0% [HÀNH play_circle 0% [HÀNH
2026-09-05T05:01:25.411Z [f673058a-9f99-4ecf-ae9b-ee4251728562][d889bfbd-3833-4a0f-a1b1-c28b24c104cd] Waiting for Google Flow...
2026-09-05T05:01:25.421Z [c9507503-2076-462a-92b2-639b04768e0f][d889bfbd-3833-4a0f-a1b1-c28b24c104cd] Baseline: 50 pre-existing media tile(s) of 50 mounted (kinds: image,video,video,image,video,video,image,video,video,image,video,video,image,video,video,image,video,video,image,video,video,image,video,video,image,video,video,video,video,image,video,video,image,video,video,image,video,image,video,video,image,video,video,video,video,video,video,image,video,video).
2026-09-05T05:01:25.701Z [79d45079-522b-48bf-b997-ae754d6edf96][d889bfbd-3833-4a0f-a1b1-c28b24c104cd] Generating... 0 ready, 0 failed / 2 total (45s) play_circle 35% [HÀN play_circle 35% [HÀN
2026-09-05T05:01:27.491Z [f673058a-9f99-4ecf-ae9b-ee4251728562][d889bfbd-3833-4a0f-a1b1-c28b24c104cd] In existing project ✓
2026-09-05T05:01:27.697Z [c9507503-2076-462a-92b2-639b04768e0f][d889bfbd-3833-4a0f-a1b1-c28b24c104cd] [submit] confirmed (editor "What do you want to ", fresh tile=true).
2026-09-05T05:01:27.886Z [c6bf3dda-46cb-447c-bb96-f67d944c988e][d889bfbd-3833-4a0f-a1b1-c28b24c104cd] Generating... 0 ready, 0 failed / 2 total (12s) play_circle 3% [HÀNH play_circle 4% [HÀNH
2026-09-05T05:01:28.126Z [c9507503-2076-462a-92b2-639b04768e0f][d889bfbd-3833-4a0f-a1b1-c28b24c104cd] Current Workspace project URL: https://flow.google.com/project/33ca2cc2-c9ff-4bb6-9048-2a7af1dfcfee?hl=en
2026-09-05T05:01:28.127Z [c9507503-2076-462a-92b2-639b04768e0f][d889bfbd-3833-4a0f-a1b1-c28b24c104cd] Submitted ✓ Detecting batch size...
2026-09-05T05:01:28.137Z [c9507503-2076-462a-92b2-639b04768e0f][d889bfbd-3833-4a0f-a1b1-c28b24c104cd] New tile(s) since submit: 0 → 2 (mounted=50)
2026-09-05T05:01:28.535Z [f673058a-9f99-4ecf-ae9b-ee4251728562][d889bfbd-3833-4a0f-a1b1-c28b24c104cd] dismissPopups: unresolved overlay(s) ["IFRAME[presentation]|btns="]
2026-09-05T05:01:28.716Z [79d45079-522b-48bf-b997-ae754d6edf96][d889bfbd-3833-4a0f-a1b1-c28b24c104cd] Generating... 0 ready, 0 failed / 2 total (48s) play_circle 36% [HÀN play_circle 36% [HÀN
2026-09-05T05:01:30.667Z [f673058a-9f99-4ecf-ae9b-ee4251728562][d889bfbd-3833-4a0f-a1b1-c28b24c104cd] Composer ready ✓ (UI language: en)
2026-09-05T05:01:30.681Z [f673058a-9f99-4ecf-ae9b-ee4251728562][d889bfbd-3833-4a0f-a1b1-c28b24c104cd] dismissPopups: unresolved overlay(s) ["DIV[]|btns=","DIV[]|btns="]
2026-09-05T05:01:30.696Z [f673058a-9f99-4ecf-ae9b-ee4251728562][d889bfbd-3833-4a0f-a1b1-c28b24c104cd] Agent toggle aria-pressed=false
2026-09-05T05:01:30.696Z [f673058a-9f99-4ecf-ae9b-ee4251728562][d889bfbd-3833-4a0f-a1b1-c28b24c104cd] Opening settings...
2026-09-05T05:01:30.912Z [c6bf3dda-46cb-447c-bb96-f67d944c988e][d889bfbd-3833-4a0f-a1b1-c28b24c104cd] Generating... 0 ready, 0 failed / 2 total (15s) play_circle 6% [HÀNH play_circle 5% [HÀNH
2026-09-05T05:01:31.732Z [79d45079-522b-48bf-b997-ae754d6edf96][d889bfbd-3833-4a0f-a1b1-c28b24c104cd] Generating... 0 ready, 0 failed / 2 total (51s) play_circle 100% [HÀ play_circle 100% [HÀ
2026-09-05T05:01:32.250Z [f673058a-9f99-4ecf-ae9b-ee4251728562][d889bfbd-3833-4a0f-a1b1-c28b24c104cd] Configuring video settings...
2026-09-05T05:01:32.280Z [f673058a-9f99-4ecf-ae9b-ee4251728562][d889bfbd-3833-4a0f-a1b1-c28b24c104cd] Mode: "videocam Video" already selected ✓
2026-09-05T05:01:32.298Z [c9507503-2076-462a-92b2-639b04768e0f][d889bfbd-3833-4a0f-a1b1-c28b24c104cd] Batch size stabilised at 2 new tile(s)
2026-09-05T05:01:32.298Z [c9507503-2076-462a-92b2-639b04768e0f][d889bfbd-3833-4a0f-a1b1-c28b24c104cd] Batch detected: 2 item(s). Generating...
2026-09-05T05:01:32.299Z [c9507503-2076-462a-92b2-639b04768e0f][d889bfbd-3833-4a0f-a1b1-c28b24c104cd] Polling for 2 video item(s) (baseline=50, hasUpload=true)...
2026-09-05T05:01:32.312Z [c9507503-2076-462a-92b2-639b04768e0f][d889bfbd-3833-4a0f-a1b1-c28b24c104cd] Generating... 0 ready, 0 failed / 2 total (0s) play_circle [HÀNH ĐỘ play_circle [HÀNH ĐỘ
2026-09-05T05:01:33.935Z [c6bf3dda-46cb-447c-bb96-f67d944c988e][d889bfbd-3833-4a0f-a1b1-c28b24c104cd] Generating... 0 ready, 0 failed / 2 total (18s) play_circle 9% [HÀNH play_circle 9% [HÀNH
2026-09-05T05:01:34.636Z [f673058a-9f99-4ecf-ae9b-ee4251728562][d889bfbd-3833-4a0f-a1b1-c28b24c104cd] Video type: selected "crop_free Frames" ✓
2026-09-05T05:01:34.750Z [79d45079-522b-48bf-b997-ae754d6edf96][d889bfbd-3833-4a0f-a1b1-c28b24c104cd] Generating... 0 ready, 0 failed / 2 total (54s) play_circle 100% [HÀ play_circle 100% [HÀ
2026-09-05T05:01:35.329Z [c9507503-2076-462a-92b2-639b04768e0f][d889bfbd-3833-4a0f-a1b1-c28b24c104cd] Generating... 0 ready, 0 failed / 2 total (3s) play_circle [HÀNH ĐỘ play_circle [HÀNH ĐỘ
2026-09-05T05:01:36.959Z [c6bf3dda-46cb-447c-bb96-f67d944c988e][d889bfbd-3833-4a0f-a1b1-c28b24c104cd] Generating... 0 ready, 0 failed / 2 total (21s) play_circle 11% [HÀN play_circle 11% [HÀN
2026-09-05T05:01:37.768Z [79d45079-522b-48bf-b997-ae754d6edf96][d889bfbd-3833-4a0f-a1b1-c28b24c104cd] Generating... 0 ready, 0 failed / 2 total (57s) [HÀNH ĐỘNG]Bắt đầu đ [HÀNH ĐỘNG]Bắt đầu đ
2026-09-05T05:01:38.361Z [c9507503-2076-462a-92b2-639b04768e0f][d889bfbd-3833-4a0f-a1b1-c28b24c104cd] Generating... 0 ready, 0 failed / 2 total (6s) play_circle 0% [HÀNH play_circle 0% [HÀNH
2026-09-05T05:01:39.654Z [f673058a-9f99-4ecf-ae9b-ee4251728562][d889bfbd-3833-4a0f-a1b1-c28b24c104cd] Model: selected "Veo 3.1 - Lite [Lower Priority]" ✓
2026-09-05T05:01:39.978Z [c6bf3dda-46cb-447c-bb96-f67d944c988e][d889bfbd-3833-4a0f-a1b1-c28b24c104cd] Generating... 0 ready, 0 failed / 2 total (24s) play_circle 14% [HÀN play_circle 14% [HÀN
2026-09-05T05:01:40.459Z [f673058a-9f99-4ecf-ae9b-ee4251728562][d889bfbd-3833-4a0f-a1b1-c28b24c104cd] Aspect ratio: "crop_16_9 16:9" already selected ✓
2026-09-05T05:01:40.463Z [f673058a-9f99-4ecf-ae9b-ee4251728562][d889bfbd-3833-4a0f-a1b1-c28b24c104cd] Video resolution: toggle group "Video resolution" not present (model may not offer it) — skipped.
2026-09-05T05:01:40.495Z [f673058a-9f99-4ecf-ae9b-ee4251728562][d889bfbd-3833-4a0f-a1b1-c28b24c104cd] Duration: "8s" already selected ✓
2026-09-05T05:01:40.515Z [f673058a-9f99-4ecf-ae9b-ee4251728562][d889bfbd-3833-4a0f-a1b1-c28b24c104cd] Output count: "x2" already selected ✓
2026-09-05T05:01:40.793Z [79d45079-522b-48bf-b997-ae754d6edf96][d889bfbd-3833-4a0f-a1b1-c28b24c104cd] Generating... 2 ready, 0 failed / 2 total (60s)
2026-09-05T05:01:40.794Z [79d45079-522b-48bf-b997-ae754d6edf96][d889bfbd-3833-4a0f-a1b1-c28b24c104cd] Batch done: 2 ready (target 2), 0 failed, scanned 2.
2026-09-05T05:01:40.794Z [79d45079-522b-48bf-b997-ae754d6edf96][d889bfbd-3833-4a0f-a1b1-c28b24c104cd] 2 item(s) ready! Downloading...
2026-09-05T05:01:40.795Z [79d45079-522b-48bf-b997-ae754d6edf96][d889bfbd-3833-4a0f-a1b1-c28b24c104cd] Item 1: no video source on the tile yet — hovering it to mount one.
2026-09-05T05:01:41.383Z [c9507503-2076-462a-92b2-639b04768e0f][d889bfbd-3833-4a0f-a1b1-c28b24c104cd] Generating... 0 ready, 0 failed / 2 total (9s) play_circle 1% [HÀNH play_circle 2% [HÀNH
2026-09-05T05:01:41.532Z [f673058a-9f99-4ecf-ae9b-ee4251728562][d889bfbd-3833-4a0f-a1b1-c28b24c104cd] Start keyframe: downloading from URL...
2026-09-05T05:01:41.783Z [f673058a-9f99-4ecf-ae9b-ee4251728562][d889bfbd-3833-4a0f-a1b1-c28b24c104cd] Downloader: no-proxy request context ready.
2026-09-05T05:01:42.028Z [f673058a-9f99-4ecf-ae9b-ee4251728562][d889bfbd-3833-4a0f-a1b1-c28b24c104cd] Start keyframe: saved 188026 bytes (image/png) as "1788441877301_1b528b_60f7c834-1526-409d-b017-21db20795e19_16b.png"
2026-09-05T05:01:42.049Z [f673058a-9f99-4ecf-ae9b-ee4251728562][d889bfbd-3833-4a0f-a1b1-c28b24c104cd] Start keyframe: setting start keyframe...
2026-09-05T05:01:42.606Z [79d45079-522b-48bf-b997-ae754d6edf96][d889bfbd-3833-4a0f-a1b1-c28b24c104cd] Item 1: Downloading from URL https://flow-content.google/video/6340ce07-e798-4080-896a-0fab587ebeb9?Expires=1788606091&KeyName=labs-flow-prod-cdn-key&Signature=hKFFpESRmGjyofPIjXVDKWG-eSc
2026-09-05T05:01:43.004Z [c6bf3dda-46cb-447c-bb96-f67d944c988e][d889bfbd-3833-4a0f-a1b1-c28b24c104cd] Generating... 0 ready, 0 failed / 2 total (27s) play_circle 16% [HÀN play_circle 17% [HÀN
2026-09-05T05:01:43.680Z [79d45079-522b-48bf-b997-ae754d6edf96][d889bfbd-3833-4a0f-a1b1-c28b24c104cd] Downloaded 1/2: video_2026-09-05T05-01-40_01.mp4
2026-09-05T05:01:43.681Z [79d45079-522b-48bf-b997-ae754d6edf96][d889bfbd-3833-4a0f-a1b1-c28b24c104cd] Item 2: no video source on the tile yet — hovering it to mount one.
2026-09-05T05:01:43.884Z [f673058a-9f99-4ecf-ae9b-ee4251728562][d889bfbd-3833-4a0f-a1b1-c28b24c104cd] Start keyframe: "1788441877301_1b528b_60f7c834-1526-409d-b017-21db20795e19_16b.png" not in the library yet — uploading it first.
2026-09-05T05:01:44.410Z [c9507503-2076-462a-92b2-639b04768e0f][d889bfbd-3833-4a0f-a1b1-c28b24c104cd] Generating... 0 ready, 0 failed / 2 total (12s) play_circle 3% [HÀNH play_circle 3% [HÀNH
2026-09-05T05:01:45.435Z [79d45079-522b-48bf-b997-ae754d6edf96][d889bfbd-3833-4a0f-a1b1-c28b24c104cd] Item 2: Downloading from URL https://flow-content.google/video/a52e612c-678d-4fee-84a0-021fb25d8889?Expires=1788606091&KeyName=labs-flow-prod-cdn-key&Signature=Cn6SzSAxf8ngX44vmULOPWRxNT4
2026-09-05T05:01:46.030Z [c6bf3dda-46cb-447c-bb96-f67d944c988e][d889bfbd-3833-4a0f-a1b1-c28b24c104cd] Generating... 0 ready, 0 failed / 2 total (30s) play_circle 20% [HÀN play_circle 20% [HÀN
2026-09-05T05:01:47.265Z [79d45079-522b-48bf-b997-ae754d6edf96][d889bfbd-3833-4a0f-a1b1-c28b24c104cd] Downloaded 2/2: video_2026-09-05T05-01-40_02.mp4
2026-09-05T05:01:47.265Z [79d45079-522b-48bf-b997-ae754d6edf96][d889bfbd-3833-4a0f-a1b1-c28b24c104cd] ✅ 2 item(s) saved to Downloads/Win AI Toolkit/
2026-09-05T05:01:47.467Z [c9507503-2076-462a-92b2-639b04768e0f][d889bfbd-3833-4a0f-a1b1-c28b24c104cd] Generating... 0 ready, 0 failed / 2 total (15s) play_circle 8% [HÀNH play_circle 8% [HÀNH
2026-09-05T05:01:48.097Z [f673058a-9f99-4ecf-ae9b-ee4251728562][d889bfbd-3833-4a0f-a1b1-c28b24c104cd] Start keyframe: uploading "1788441877301_1b528b_60f7c834-1526-409d-b017-21db20795e19_16b.png" to the project library...
2026-09-05T05:01:48.966Z [f673058a-9f99-4ecf-ae9b-ee4251728562][d889bfbd-3833-4a0f-a1b1-c28b24c104cd] Start keyframe: upload finished ✓
2026-09-05T05:01:49.048Z [c6bf3dda-46cb-447c-bb96-f67d944c988e][d889bfbd-3833-4a0f-a1b1-c28b24c104cd] Generating... 0 ready, 0 failed / 2 total (33s) play_circle 22% [HÀN play_circle 22% [HÀN
2026-09-05T05:01:50.493Z [c9507503-2076-462a-92b2-639b04768e0f][d889bfbd-3833-4a0f-a1b1-c28b24c104cd] Generating... 0 ready, 0 failed / 2 total (18s) play_circle 9% [HÀNH play_circle 10% [HÀN
2026-09-05T05:01:52.073Z [c6bf3dda-46cb-447c-bb96-f67d944c988e][d889bfbd-3833-4a0f-a1b1-c28b24c104cd] Generating... 0 ready, 0 failed / 2 total (36s) play_circle 25% [HÀN play_circle 26% [HÀN
2026-09-05T05:01:53.521Z [c9507503-2076-462a-92b2-639b04768e0f][d889bfbd-3833-4a0f-a1b1-c28b24c104cd] Generating... 0 ready, 0 failed / 2 total (21s) play_circle 13% [HÀN play_circle 13% [HÀN
2026-09-05T05:01:55.091Z [c6bf3dda-46cb-447c-bb96-f67d944c988e][d889bfbd-3833-4a0f-a1b1-c28b24c104cd] Generating... 0 ready, 0 failed / 2 total (39s) play_circle 28% [HÀN play_circle 27% [HÀN
2026-09-05T05:01:56.544Z [c9507503-2076-462a-92b2-639b04768e0f][d889bfbd-3833-4a0f-a1b1-c28b24c104cd] Generating... 0 ready, 0 failed / 2 total (24s) play_circle 16% [HÀN play_circle 16% [HÀN
2026-09-05T05:01:58.116Z [c6bf3dda-46cb-447c-bb96-f67d944c988e][d889bfbd-3833-4a0f-a1b1-c28b24c104cd] Generating... 0 ready, 0 failed / 2 total (42s) play_circle 31% [HÀN play_circle 31% [HÀN
2026-09-05T05:01:58.516Z [f673058a-9f99-4ecf-ae9b-ee4251728562][d889bfbd-3833-4a0f-a1b1-c28b24c104cd] Start keyframe: start keyframe attached ✓
2026-09-05T05:01:58.530Z [f673058a-9f99-4ecf-ae9b-ee4251728562][d889bfbd-3833-4a0f-a1b1-c28b24c104cd] Entering prompt...
2026-09-05T05:01:59.569Z [c9507503-2076-462a-92b2-639b04768e0f][d889bfbd-3833-4a0f-a1b1-c28b24c104cd] Generating... 0 ready, 0 failed / 2 total (27s) play_circle 19% [HÀN play_circle 18% [HÀN
2026-09-05T05:02:00.232Z [f673058a-9f99-4ecf-ae9b-ee4251728562][d889bfbd-3833-4a0f-a1b1-c28b24c104cd] Prompt is 1051 chars — typing it in 20 chunk(s).
2026-09-05T05:02:01.197Z [c6bf3dda-46cb-447c-bb96-f67d944c988e][d889bfbd-3833-4a0f-a1b1-c28b24c104cd] Generating... 0 ready, 0 failed / 2 total (45s) play_circle 100% [HÀ play_circle 34% [HÀN
2026-09-05T05:02:02.617Z [c9507503-2076-462a-92b2-639b04768e0f][d889bfbd-3833-4a0f-a1b1-c28b24c104cd] Generating... 0 ready, 0 failed / 2 total (30s) play_circle 22% [HÀN play_circle 22% [HÀN
2026-09-05T05:02:04.218Z [c6bf3dda-46cb-447c-bb96-f67d944c988e][d889bfbd-3833-4a0f-a1b1-c28b24c104cd] Generating... 0 ready, 0 failed / 2 total (48s) play_circle 100% [HÀ play_circle 36% [HÀN
2026-09-05T05:02:05.640Z [c9507503-2076-462a-92b2-639b04768e0f][d889bfbd-3833-4a0f-a1b1-c28b24c104cd] Generating... 0 ready, 0 failed / 2 total (33s) play_circle 23% [HÀN play_circle 23% [HÀN
2026-09-05T05:02:07.243Z [c6bf3dda-46cb-447c-bb96-f67d944c988e][d889bfbd-3833-4a0f-a1b1-c28b24c104cd] Generating... 0 ready, 0 failed / 2 total (51s) [HÀNH ĐỘNG]Bắt đầu đ play_circle 100% [HÀ
2026-09-05T05:02:08.654Z [c9507503-2076-462a-92b2-639b04768e0f][d889bfbd-3833-4a0f-a1b1-c28b24c104cd] Generating... 0 ready, 0 failed / 2 total (36s) play_circle 27% [HÀN play_circle 27% [HÀN
2026-09-05T05:02:09.176Z [f673058a-9f99-4ecf-ae9b-ee4251728562][d889bfbd-3833-4a0f-a1b1-c28b24c104cd] Prompt insert attempt 1: editor has 1042 chars (want ~1047) ✓
2026-09-05T05:02:10.259Z [c6bf3dda-46cb-447c-bb96-f67d944c988e][d889bfbd-3833-4a0f-a1b1-c28b24c104cd] Generating... 1 ready, 0 failed / 2 total (54s) play_circle 100% [HÀ
2026-09-05T05:02:10.977Z [f673058a-9f99-4ecf-ae9b-ee4251728562][d889bfbd-3833-4a0f-a1b1-c28b24c104cd] Baseline: 50 pre-existing media tile(s) of 50 mounted (kinds: image,video,image,video,video,image,video,video,image,video,video,image,video,video,image,video,video,image,video,video,image,video,video,image,video,video,image,video,video,image,video,video,image,video,video,image,video,video,image,video,video,image,video,video,image,video,video,video,video,image).
2026-09-05T05:02:11.676Z [c9507503-2076-462a-92b2-639b04768e0f][d889bfbd-3833-4a0f-a1b1-c28b24c104cd] Generating... 0 ready, 0 failed / 2 total (39s) play_circle 29% [HÀN play_circle 29% [HÀN
2026-09-05T05:02:13.161Z [f673058a-9f99-4ecf-ae9b-ee4251728562][d889bfbd-3833-4a0f-a1b1-c28b24c104cd] [submit] confirmed (editor "What do you want to ", fresh tile=true).
2026-09-05T05:02:13.284Z [c6bf3dda-46cb-447c-bb96-f67d944c988e][d889bfbd-3833-4a0f-a1b1-c28b24c104cd] Generating... 1 ready, 0 failed / 2 total (58s) [HÀNH ĐỘNG]Bắt đầu đ
2026-09-05T05:02:13.637Z [f673058a-9f99-4ecf-ae9b-ee4251728562][d889bfbd-3833-4a0f-a1b1-c28b24c104cd] Current Workspace project URL: https://flow.google.com/project/cae2bf2b-d1b8-40f9-a300-9f2aa6276ea5?hl=en
2026-09-05T05:02:13.639Z [f673058a-9f99-4ecf-ae9b-ee4251728562][d889bfbd-3833-4a0f-a1b1-c28b24c104cd] Submitted ✓ Detecting batch size...
2026-09-05T05:02:13.653Z [f673058a-9f99-4ecf-ae9b-ee4251728562][d889bfbd-3833-4a0f-a1b1-c28b24c104cd] New tile(s) since submit: 0 → 2 (mounted=50)
2026-09-05T05:02:14.693Z [c9507503-2076-462a-92b2-639b04768e0f][d889bfbd-3833-4a0f-a1b1-c28b24c104cd] Generating... 0 ready, 0 failed / 2 total (42s) play_circle 32% [HÀN play_circle 32% [HÀN
2026-09-05T05:02:16.300Z [c6bf3dda-46cb-447c-bb96-f67d944c988e][d889bfbd-3833-4a0f-a1b1-c28b24c104cd] Generating... 2 ready, 0 failed / 2 total (61s)
2026-09-05T05:02:16.300Z [c6bf3dda-46cb-447c-bb96-f67d944c988e][d889bfbd-3833-4a0f-a1b1-c28b24c104cd] Batch done: 2 ready (target 2), 0 failed, scanned 2.
2026-09-05T05:02:16.301Z [c6bf3dda-46cb-447c-bb96-f67d944c988e][d889bfbd-3833-4a0f-a1b1-c28b24c104cd] 2 item(s) ready! Downloading...
2026-09-05T05:02:16.301Z [c6bf3dda-46cb-447c-bb96-f67d944c988e][d889bfbd-3833-4a0f-a1b1-c28b24c104cd] Item 1: no video source on the tile yet — hovering it to mount one.
2026-09-05T05:02:17.711Z [c9507503-2076-462a-92b2-639b04768e0f][d889bfbd-3833-4a0f-a1b1-c28b24c104cd] Generating... 0 ready, 0 failed / 2 total (45s) play_circle 35% [HÀN play_circle 100% [HÀ
2026-09-05T05:02:17.816Z [f673058a-9f99-4ecf-ae9b-ee4251728562][d889bfbd-3833-4a0f-a1b1-c28b24c104cd] Batch size stabilised at 2 new tile(s)
2026-09-05T05:02:17.817Z [f673058a-9f99-4ecf-ae9b-ee4251728562][d889bfbd-3833-4a0f-a1b1-c28b24c104cd] Batch detected: 2 item(s). Generating...
2026-09-05T05:02:17.817Z [f673058a-9f99-4ecf-ae9b-ee4251728562][d889bfbd-3833-4a0f-a1b1-c28b24c104cd] Polling for 2 video item(s) (baseline=50, hasUpload=true)...
2026-09-05T05:02:17.833Z [f673058a-9f99-4ecf-ae9b-ee4251728562][d889bfbd-3833-4a0f-a1b1-c28b24c104cd] Generating... 0 ready, 0 failed / 2 total (0s) play_circle [HÀNH ĐỘ play_circle [HÀNH ĐỘ
2026-09-05T05:02:18.054Z [c6bf3dda-46cb-447c-bb96-f67d944c988e][d889bfbd-3833-4a0f-a1b1-c28b24c104cd] Item 1: Downloading from URL https://flow-content.google/video/215a2bb5-e06c-4038-b552-de43818dba24?Expires=1788606121&KeyName=labs-flow-prod-cdn-key&Signature=oI7Lv7AevG0ajJzbdT7jOYvQr0w
2026-09-05T05:02:19.027Z [c6bf3dda-46cb-447c-bb96-f67d944c988e][d889bfbd-3833-4a0f-a1b1-c28b24c104cd] Downloaded 1/2: video_2026-09-05T05-02-16_01.mp4
2026-09-05T05:02:19.029Z [c6bf3dda-46cb-447c-bb96-f67d944c988e][d889bfbd-3833-4a0f-a1b1-c28b24c104cd] Item 2: no video source on the tile yet — hovering it to mount one.
2026-09-05T05:02:20.732Z [c9507503-2076-462a-92b2-639b04768e0f][d889bfbd-3833-4a0f-a1b1-c28b24c104cd] Generating... 0 ready, 0 failed / 2 total (48s) play_circle 37% [HÀN play_circle 100% [HÀ
2026-09-05T05:02:20.850Z [f673058a-9f99-4ecf-ae9b-ee4251728562][d889bfbd-3833-4a0f-a1b1-c28b24c104cd] Generating... 0 ready, 0 failed / 2 total (3s) play_circle [HÀNH ĐỘ play_circle [HÀNH ĐỘ
2026-09-05T05:02:20.912Z [c6bf3dda-46cb-447c-bb96-f67d944c988e][d889bfbd-3833-4a0f-a1b1-c28b24c104cd] Item 2: Downloading from URL https://flow-content.google/video/e6b66164-0341-4972-b958-86b5fa57fec1?Expires=1788606126&KeyName=labs-flow-prod-cdn-key&Signature=UMPRiaKWM0UiJKU6B4gJ-PKINIU
2026-09-05T05:02:21.097Z [c6bf3dda-46cb-447c-bb96-f67d944c988e][d889bfbd-3833-4a0f-a1b1-c28b24c104cd] Downloaded 2/2: video_2026-09-05T05-02-16_02.mp4
2026-09-05T05:02:21.097Z [c6bf3dda-46cb-447c-bb96-f67d944c988e][d889bfbd-3833-4a0f-a1b1-c28b24c104cd] ✅ 2 item(s) saved to Downloads/Win AI Toolkit/
2026-09-05T05:02:23.750Z [c9507503-2076-462a-92b2-639b04768e0f][d889bfbd-3833-4a0f-a1b1-c28b24c104cd] Generating... 0 ready, 0 failed / 2 total (51s) play_circle 100% [HÀ [HÀNH ĐỘNG]Bắt đầu đ
2026-09-05T05:02:23.878Z [f673058a-9f99-4ecf-ae9b-ee4251728562][d889bfbd-3833-4a0f-a1b1-c28b24c104cd] Generating... 0 ready, 0 failed / 2 total (6s) play_circle [HÀNH ĐỘ play_circle [HÀNH ĐỘ
2026-09-05T05:02:26.772Z [c9507503-2076-462a-92b2-639b04768e0f][d889bfbd-3833-4a0f-a1b1-c28b24c104cd] Generating... 1 ready, 0 failed / 2 total (54s) play_circle 100% [HÀ
2026-09-05T05:02:26.912Z [f673058a-9f99-4ecf-ae9b-ee4251728562][d889bfbd-3833-4a0f-a1b1-c28b24c104cd] Generating... 0 ready, 0 failed / 2 total (9s) play_circle 0% [HÀNH play_circle 0% [HÀNH
2026-09-05T05:02:29.801Z [c9507503-2076-462a-92b2-639b04768e0f][d889bfbd-3833-4a0f-a1b1-c28b24c104cd] Generating... 2 ready, 0 failed / 2 total (58s)
2026-09-05T05:02:29.801Z [c9507503-2076-462a-92b2-639b04768e0f][d889bfbd-3833-4a0f-a1b1-c28b24c104cd] Batch done: 2 ready (target 2), 0 failed, scanned 2.
2026-09-05T05:02:29.801Z [c9507503-2076-462a-92b2-639b04768e0f][d889bfbd-3833-4a0f-a1b1-c28b24c104cd] 2 item(s) ready! Downloading...
2026-09-05T05:02:29.802Z [c9507503-2076-462a-92b2-639b04768e0f][d889bfbd-3833-4a0f-a1b1-c28b24c104cd] Item 1: no video source on the tile yet — hovering it to mount one.
2026-09-05T05:02:29.935Z [f673058a-9f99-4ecf-ae9b-ee4251728562][d889bfbd-3833-4a0f-a1b1-c28b24c104cd] Generating... 0 ready, 0 failed / 2 total (12s) play_circle 2% [HÀNH play_circle 3% [HÀNH
2026-09-05T05:02:31.503Z [c9507503-2076-462a-92b2-639b04768e0f][d889bfbd-3833-4a0f-a1b1-c28b24c104cd] Item 1: Downloading from URL https://flow-content.google/video/82a4402e-fe96-44b4-b0a5-eeecb3f5e9ad?Expires=1788606142&KeyName=labs-flow-prod-cdn-key&Signature=bblItErdUM0RpjJY6vW5gGDXWzk
2026-09-05T05:02:32.699Z [c9507503-2076-462a-92b2-639b04768e0f][d889bfbd-3833-4a0f-a1b1-c28b24c104cd] Downloaded 1/2: video_2026-09-05T05-02-29_01.mp4
2026-09-05T05:02:32.699Z [c9507503-2076-462a-92b2-639b04768e0f][d889bfbd-3833-4a0f-a1b1-c28b24c104cd] Item 2: no video source on the tile yet — hovering it to mount one.
2026-09-05T05:02:32.959Z [f673058a-9f99-4ecf-ae9b-ee4251728562][d889bfbd-3833-4a0f-a1b1-c28b24c104cd] Generating... 0 ready, 0 failed / 2 total (15s) play_circle 5% [HÀNH play_circle 4% [HÀNH
2026-09-05T05:02:33.006Z [79d45079-522b-48bf-b997-ae754d6edf96][d889bfbd-3833-4a0f-a1b1-c28b24c104cd] Item 1 (try 1): 1080p saved via the UI download flow.
2026-09-05T05:02:33.094Z [79d45079-522b-48bf-b997-ae754d6edf96][d889bfbd-3833-4a0f-a1b1-c28b24c104cd] Item 1: upgraded to 1080p → D:\WINAI\Slow-English-with-Arlo_7_13_cmtlc8wj\video_2026-09-05T05-01-40_01.mp4
2026-09-05T05:02:34.650Z [c9507503-2076-462a-92b2-639b04768e0f][d889bfbd-3833-4a0f-a1b1-c28b24c104cd] Item 2: Downloading from URL https://flow-content.google/video/eeb2bad5-3b03-424c-995f-d34a314b069f?Expires=1788606138&KeyName=labs-flow-prod-cdn-key&Signature=DTkJKOm6h07DDa2Wr7UVFad1VNI
2026-09-05T05:02:35.979Z [f673058a-9f99-4ecf-ae9b-ee4251728562][d889bfbd-3833-4a0f-a1b1-c28b24c104cd] Generating... 0 ready, 0 failed / 2 total (18s) play_circle 7% [HÀNH play_circle 7% [HÀNH
2026-09-05T05:02:36.375Z [c9507503-2076-462a-92b2-639b04768e0f][d889bfbd-3833-4a0f-a1b1-c28b24c104cd] Downloaded 2/2: video_2026-09-05T05-02-29_02.mp4
2026-09-05T05:02:36.376Z [c9507503-2076-462a-92b2-639b04768e0f][d889bfbd-3833-4a0f-a1b1-c28b24c104cd] ✅ 2 item(s) saved to Downloads/Win AI Toolkit/
2026-09-05T05:02:39.052Z [f673058a-9f99-4ecf-ae9b-ee4251728562][d889bfbd-3833-4a0f-a1b1-c28b24c104cd] Generating... 0 ready, 0 failed / 2 total (21s) play_circle 11% [HÀN play_circle 11% [HÀN
2026-09-05T05:02:42.080Z [f673058a-9f99-4ecf-ae9b-ee4251728562][d889bfbd-3833-4a0f-a1b1-c28b24c104cd] Generating... 0 ready, 0 failed / 2 total (24s) play_circle 13% [HÀN play_circle 14% [HÀN
2026-09-05T05:02:45.107Z [f673058a-9f99-4ecf-ae9b-ee4251728562][d889bfbd-3833-4a0f-a1b1-c28b24c104cd] Generating... 0 ready, 0 failed / 2 total (27s) play_circle 15% [HÀN play_circle 15% [HÀN
2026-09-05T05:02:48.131Z [f673058a-9f99-4ecf-ae9b-ee4251728562][d889bfbd-3833-4a0f-a1b1-c28b24c104cd] Generating... 0 ready, 0 failed / 2 total (30s) play_circle 19% [HÀN play_circle 19% [HÀN
2026-09-05T05:02:51.150Z [f673058a-9f99-4ecf-ae9b-ee4251728562][d889bfbd-3833-4a0f-a1b1-c28b24c104cd] Generating... 0 ready, 0 failed / 2 total (33s) play_circle 21% [HÀN play_circle 21% [HÀN
2026-09-05T05:02:54.167Z [f673058a-9f99-4ecf-ae9b-ee4251728562][d889bfbd-3833-4a0f-a1b1-c28b24c104cd] Generating... 0 ready, 0 failed / 2 total (36s) play_circle 24% [HÀN play_circle 24% [HÀN
2026-09-05T05:02:57.189Z [f673058a-9f99-4ecf-ae9b-ee4251728562][d889bfbd-3833-4a0f-a1b1-c28b24c104cd] Generating... 0 ready, 0 failed / 2 total (39s) play_circle 27% [HÀN play_circle 27% [HÀN
2026-09-05T05:03:00.214Z [f673058a-9f99-4ecf-ae9b-ee4251728562][d889bfbd-3833-4a0f-a1b1-c28b24c104cd] Generating... 0 ready, 0 failed / 2 total (42s) play_circle 30% [HÀN play_circle 30% [HÀN
2026-09-05T05:03:03.272Z [f673058a-9f99-4ecf-ae9b-ee4251728562][d889bfbd-3833-4a0f-a1b1-c28b24c104cd] Generating... 0 ready, 0 failed / 2 total (45s) play_circle 33% [HÀN play_circle 33% [HÀN
2026-09-05T05:03:06.290Z [f673058a-9f99-4ecf-ae9b-ee4251728562][d889bfbd-3833-4a0f-a1b1-c28b24c104cd] Generating... 0 ready, 0 failed / 2 total (48s) play_circle 35% [HÀN play_circle 36% [HÀN
2026-09-05T05:03:07.401Z [c6bf3dda-46cb-447c-bb96-f67d944c988e][d889bfbd-3833-4a0f-a1b1-c28b24c104cd] Item 1 (try 1): 1080p saved via the UI download flow.
2026-09-05T05:03:07.474Z [c6bf3dda-46cb-447c-bb96-f67d944c988e][d889bfbd-3833-4a0f-a1b1-c28b24c104cd] Item 1: upgraded to 1080p → D:\WINAI\Slow-English-with-Arlo_7_14_cmtlc8wj\video_2026-09-05T05-02-16_01.mp4
2026-09-05T05:03:09.304Z [f673058a-9f99-4ecf-ae9b-ee4251728562][d889bfbd-3833-4a0f-a1b1-c28b24c104cd] Generating... 0 ready, 0 failed / 2 total (51s) play_circle 38% [HÀN
2026-09-05T05:03:12.330Z [f673058a-9f99-4ecf-ae9b-ee4251728562][d889bfbd-3833-4a0f-a1b1-c28b24c104cd] Generating... 0 ready, 0 failed / 2 total (55s) play_circle 41% [HÀN
2026-09-05T05:03:15.112Z [c9507503-2076-462a-92b2-639b04768e0f][d889bfbd-3833-4a0f-a1b1-c28b24c104cd] Item 1 (try 1): 1080p saved via the UI download flow.
2026-09-05T05:03:15.167Z [c9507503-2076-462a-92b2-639b04768e0f][d889bfbd-3833-4a0f-a1b1-c28b24c104cd] Item 1: upgraded to 1080p → D:\WINAI\Slow-English-with-Arlo_7_15_cmtlc8wj\video_2026-09-05T05-02-29_01.mp4
2026-09-05T05:03:15.350Z [f673058a-9f99-4ecf-ae9b-ee4251728562][d889bfbd-3833-4a0f-a1b1-c28b24c104cd] Generating... 0 ready, 0 failed / 2 total (58s) play_circle 100% [HÀ
2026-09-05T05:03:17.649Z [79d45079-522b-48bf-b997-ae754d6edf96][d889bfbd-3833-4a0f-a1b1-c28b24c104cd] Item 2 (try 1): 1080p saved via the UI download flow.
2026-09-05T05:03:17.755Z [79d45079-522b-48bf-b997-ae754d6edf96][d889bfbd-3833-4a0f-a1b1-c28b24c104cd] Item 2: upgraded to 1080p → D:\WINAI\Slow-English-with-Arlo_7_13_cmtlc8wj\video_2026-09-05T05-01-40_02.mp4
2026-09-05T05:03:17.756Z [79d45079-522b-48bf-b997-ae754d6edf96][d889bfbd-3833-4a0f-a1b1-c28b24c104cd] Uploading 2 video(s) to Xanh...
2026-09-05T05:03:18.378Z [79d45079-522b-48bf-b997-ae754d6edf96][d889bfbd-3833-4a0f-a1b1-c28b24c104cd] Item 1: Re-uploaded 1080p → https://studio.xanhmedia.vn/uploads/2026-09/1788584598133_163a01_d889bfbd-3833-4a0f-a1b1-c28b24c104cd_79d.mp4
2026-09-05T05:03:18.387Z [f673058a-9f99-4ecf-ae9b-ee4251728562][d889bfbd-3833-4a0f-a1b1-c28b24c104cd] Generating... 0 ready, 0 failed / 2 total (61s) [HÀNH ĐỘNG]Bắt đầu đ
2026-09-05T05:03:21.403Z [f673058a-9f99-4ecf-ae9b-ee4251728562][d889bfbd-3833-4a0f-a1b1-c28b24c104cd] Generating... 1 ready, 0 failed / 2 total (64s)
2026-09-05T05:03:21.612Z [79d45079-522b-48bf-b997-ae754d6edf96][d889bfbd-3833-4a0f-a1b1-c28b24c104cd] Item 2: Re-uploaded 1080p → https://studio.xanhmedia.vn/uploads/2026-09/1788584601365_3c9676_d889bfbd-3833-4a0f-a1b1-c28b24c104cd_79d.mp4
2026-09-05T05:03:21.612Z [79d45079-522b-48bf-b997-ae754d6edf96][d889bfbd-3833-4a0f-a1b1-c28b24c104cd] ✅ 2 item(s) + 1080p saved to Downloads/Win AI Toolkit/
2026-09-05T05:03:21.614Z [79d45079-522b-48bf-b997-ae754d6edf96][d889bfbd-3833-4a0f-a1b1-c28b24c104cd] All done (including any 1080p upgrades). Closing Playwright browser context.
2026-09-05T05:03:23.242Z [3a79d7d0-3009-41ff-8b27-74175b6d6e2b][d889bfbd-3833-4a0f-a1b1-c28b24c104cd] runGeneration starting: task_id=3a79d7d0-3009-41ff-8b27-74175b6d6e2b, profile_id=d889bfbd-3833-4a0f-a1b1-c28b24c104cd, target_site=google_flow
2026-09-05T05:03:23.243Z [3a79d7d0-3009-41ff-8b27-74175b6d6e2b][d889bfbd-3833-4a0f-a1b1-c28b24c104cd] Opening Playwright browser with persistent profile cookies...
2026-09-05T05:03:23.243Z [3a79d7d0-3009-41ff-8b27-74175b6d6e2b][d889bfbd-3833-4a0f-a1b1-c28b24c104cd] Browser engine: winhide (C:\Users\Admin\AppData\Roaming\com.tank.winai\winhide\chrome.exe) [hidden off-screen]
2026-09-05T05:03:23.244Z [3a79d7d0-3009-41ff-8b27-74175b6d6e2b][d889bfbd-3833-4a0f-a1b1-c28b24c104cd] Launch mode: STEALTH (raw spawn + connectOverCDP)
2026-09-05T05:03:24.420Z [f673058a-9f99-4ecf-ae9b-ee4251728562][d889bfbd-3833-4a0f-a1b1-c28b24c104cd] Generating... 1 ready, 0 failed / 2 total (67s)
2026-09-05T05:03:25.012Z [3a79d7d0-3009-41ff-8b27-74175b6d6e2b][d889bfbd-3833-4a0f-a1b1-c28b24c104cd] Exit IP: 115.74.128.9
2026-09-05T05:03:25.013Z [3a79d7d0-3009-41ff-8b27-74175b6d6e2b][d889bfbd-3833-4a0f-a1b1-c28b24c104cd] Navigating browser to Google Flow tools page...
2026-09-05T05:03:25.013Z [3a79d7d0-3009-41ff-8b27-74175b6d6e2b][d889bfbd-3833-4a0f-a1b1-c28b24c104cd] Using existing project URL: https://flow.google.com/project/c2a607c5-d833-4be1-8108-407b74d4ed85?hl=en
2026-09-05T05:03:25.947Z [3a79d7d0-3009-41ff-8b27-74175b6d6e2b][d889bfbd-3833-4a0f-a1b1-c28b24c104cd] Waiting for Google Flow...
2026-09-05T05:03:27.435Z [f673058a-9f99-4ecf-ae9b-ee4251728562][d889bfbd-3833-4a0f-a1b1-c28b24c104cd] Generating... 1 ready, 0 failed / 2 total (70s)
2026-09-05T05:03:27.871Z [3a79d7d0-3009-41ff-8b27-74175b6d6e2b][d889bfbd-3833-4a0f-a1b1-c28b24c104cd] In existing project ✓
2026-09-05T05:03:28.830Z [3a79d7d0-3009-41ff-8b27-74175b6d6e2b][d889bfbd-3833-4a0f-a1b1-c28b24c104cd] dismissPopups: unresolved overlay(s) ["IFRAME[presentation]|btns="]
2026-09-05T05:03:30.462Z [f673058a-9f99-4ecf-ae9b-ee4251728562][d889bfbd-3833-4a0f-a1b1-c28b24c104cd] Generating... 1 ready, 0 failed / 2 total (73s)
2026-09-05T05:03:31.365Z [3a79d7d0-3009-41ff-8b27-74175b6d6e2b][d889bfbd-3833-4a0f-a1b1-c28b24c104cd] Composer ready ✓ (UI language: en)
2026-09-05T05:03:31.399Z [3a79d7d0-3009-41ff-8b27-74175b6d6e2b][d889bfbd-3833-4a0f-a1b1-c28b24c104cd] dismissPopups: unresolved overlay(s) ["DIV[]|btns=","DIV[]|btns="]
2026-09-05T05:03:31.414Z [3a79d7d0-3009-41ff-8b27-74175b6d6e2b][d889bfbd-3833-4a0f-a1b1-c28b24c104cd] Agent toggle aria-pressed=false
2026-09-05T05:03:31.414Z [3a79d7d0-3009-41ff-8b27-74175b6d6e2b][d889bfbd-3833-4a0f-a1b1-c28b24c104cd] Opening settings...
2026-09-05T05:03:33.059Z [3a79d7d0-3009-41ff-8b27-74175b6d6e2b][d889bfbd-3833-4a0f-a1b1-c28b24c104cd] Configuring video settings...
2026-09-05T05:03:33.090Z [3a79d7d0-3009-41ff-8b27-74175b6d6e2b][d889bfbd-3833-4a0f-a1b1-c28b24c104cd] Mode: "videocam Video" already selected ✓
2026-09-05T05:03:33.482Z [f673058a-9f99-4ecf-ae9b-ee4251728562][d889bfbd-3833-4a0f-a1b1-c28b24c104cd] Generating... 1 ready, 0 failed / 2 total (76s)
2026-09-05T05:03:35.597Z [3a79d7d0-3009-41ff-8b27-74175b6d6e2b][d889bfbd-3833-4a0f-a1b1-c28b24c104cd] Video type: selected "crop_free Frames" ✓
2026-09-05T05:03:36.506Z [f673058a-9f99-4ecf-ae9b-ee4251728562][d889bfbd-3833-4a0f-a1b1-c28b24c104cd] Generating... 1 ready, 0 failed / 2 total (79s)
2026-09-05T05:03:39.529Z [f673058a-9f99-4ecf-ae9b-ee4251728562][d889bfbd-3833-4a0f-a1b1-c28b24c104cd] Generating... 1 ready, 0 failed / 2 total (82s)
2026-09-05T05:03:40.570Z [3a79d7d0-3009-41ff-8b27-74175b6d6e2b][d889bfbd-3833-4a0f-a1b1-c28b24c104cd] Model: selected "Veo 3.1 - Lite [Lower Priority]" ✓
2026-09-05T05:03:41.518Z [3a79d7d0-3009-41ff-8b27-74175b6d6e2b][d889bfbd-3833-4a0f-a1b1-c28b24c104cd] Aspect ratio: "crop_16_9 16:9" already selected ✓
2026-09-05T05:03:41.523Z [3a79d7d0-3009-41ff-8b27-74175b6d6e2b][d889bfbd-3833-4a0f-a1b1-c28b24c104cd] Video resolution: toggle group "Video resolution" not present (model may not offer it) — skipped.
2026-09-05T05:03:41.560Z [3a79d7d0-3009-41ff-8b27-74175b6d6e2b][d889bfbd-3833-4a0f-a1b1-c28b24c104cd] Duration: "8s" already selected ✓
2026-09-05T05:03:41.582Z [3a79d7d0-3009-41ff-8b27-74175b6d6e2b][d889bfbd-3833-4a0f-a1b1-c28b24c104cd] Output count: "x2" already selected ✓
2026-09-05T05:03:42.548Z [f673058a-9f99-4ecf-ae9b-ee4251728562][d889bfbd-3833-4a0f-a1b1-c28b24c104cd] Generating... 1 ready, 0 failed / 2 total (85s)
2026-09-05T05:03:42.861Z [3a79d7d0-3009-41ff-8b27-74175b6d6e2b][d889bfbd-3833-4a0f-a1b1-c28b24c104cd] Entering prompt...
2026-09-05T05:03:44.680Z [3a79d7d0-3009-41ff-8b27-74175b6d6e2b][d889bfbd-3833-4a0f-a1b1-c28b24c104cd] Prompt is 1026 chars — typing it in 19 chunk(s).
2026-09-05T05:03:45.568Z [f673058a-9f99-4ecf-ae9b-ee4251728562][d889bfbd-3833-4a0f-a1b1-c28b24c104cd] Generating... 1 ready, 0 failed / 2 total (88s)
2026-09-05T05:03:48.585Z [f673058a-9f99-4ecf-ae9b-ee4251728562][d889bfbd-3833-4a0f-a1b1-c28b24c104cd] Generating... 1 ready, 0 failed / 2 total (91s)
2026-09-05T05:03:51.598Z [f673058a-9f99-4ecf-ae9b-ee4251728562][d889bfbd-3833-4a0f-a1b1-c28b24c104cd] Generating... 1 ready, 0 failed / 2 total (94s)
2026-09-05T05:03:53.244Z [c6bf3dda-46cb-447c-bb96-f67d944c988e][d889bfbd-3833-4a0f-a1b1-c28b24c104cd] Item 2 (try 1): 1080p saved via the UI download flow.
2026-09-05T05:03:53.312Z [c6bf3dda-46cb-447c-bb96-f67d944c988e][d889bfbd-3833-4a0f-a1b1-c28b24c104cd] Item 2: upgraded to 1080p → D:\WINAI\Slow-English-with-Arlo_7_14_cmtlc8wj\video_2026-09-05T05-02-16_02.mp4
2026-09-05T05:03:53.312Z [c6bf3dda-46cb-447c-bb96-f67d944c988e][d889bfbd-3833-4a0f-a1b1-c28b24c104cd] Uploading 2 video(s) to Xanh...
2026-09-05T05:03:53.834Z [3a79d7d0-3009-41ff-8b27-74175b6d6e2b][d889bfbd-3833-4a0f-a1b1-c28b24c104cd] Prompt insert attempt 1: editor has 1017 chars (want ~1022) ✓
2026-09-05T05:03:54.623Z [f673058a-9f99-4ecf-ae9b-ee4251728562][d889bfbd-3833-4a0f-a1b1-c28b24c104cd] Generating... 1 ready, 0 failed / 2 total (97s)
2026-09-05T05:03:55.899Z [3a79d7d0-3009-41ff-8b27-74175b6d6e2b][d889bfbd-3833-4a0f-a1b1-c28b24c104cd] Baseline: 50 pre-existing media tile(s) of 50 mounted (kinds: video,video,image,video,video,image,video,video,image,video,video,image,video,video,image,video,video,image,video,video,image,video,video,image,video,video,image,video,image,video,video,image,video,video,image,video,video,image,video,video,video,video,image,video,video,video,video,image,video,video).
2026-09-05T05:03:57.641Z [f673058a-9f99-4ecf-ae9b-ee4251728562][d889bfbd-3833-4a0f-a1b1-c28b24c104cd] Generating... 1 ready, 0 failed / 2 total (100s)
2026-09-05T05:03:57.793Z [c6bf3dda-46cb-447c-bb96-f67d944c988e][d889bfbd-3833-4a0f-a1b1-c28b24c104cd] Item 1: Re-uploaded 1080p → https://studio.xanhmedia.vn/uploads/2026-09/1788584637537_0fcdad_d889bfbd-3833-4a0f-a1b1-c28b24c104cd_c6b.mp4
2026-09-05T05:03:57.827Z [c6bf3dda-46cb-447c-bb96-f67d944c988e][d889bfbd-3833-4a0f-a1b1-c28b24c104cd] Item 2: Re-uploaded 1080p → https://studio.xanhmedia.vn/uploads/2026-09/1788584637578_5710e6_d889bfbd-3833-4a0f-a1b1-c28b24c104cd_c6b.mp4
2026-09-05T05:03:57.827Z [c6bf3dda-46cb-447c-bb96-f67d944c988e][d889bfbd-3833-4a0f-a1b1-c28b24c104cd] ✅ 2 item(s) + 1080p saved to Downloads/Win AI Toolkit/
2026-09-05T05:03:57.829Z [c6bf3dda-46cb-447c-bb96-f67d944c988e][d889bfbd-3833-4a0f-a1b1-c28b24c104cd] All done (including any 1080p upgrades). Closing Playwright browser context.
2026-09-05T05:03:57.936Z [3a79d7d0-3009-41ff-8b27-74175b6d6e2b][d889bfbd-3833-4a0f-a1b1-c28b24c104cd] [submit] confirmed (editor "What do you want to ", fresh tile=true).
2026-09-05T05:03:58.537Z [3a79d7d0-3009-41ff-8b27-74175b6d6e2b][d889bfbd-3833-4a0f-a1b1-c28b24c104cd] Current Workspace project URL: https://flow.google.com/project/c2a607c5-d833-4be1-8108-407b74d4ed85?hl=en
2026-09-05T05:03:58.537Z [3a79d7d0-3009-41ff-8b27-74175b6d6e2b][d889bfbd-3833-4a0f-a1b1-c28b24c104cd] Submitted ✓ Detecting batch size...
2026-09-05T05:03:58.552Z [3a79d7d0-3009-41ff-8b27-74175b6d6e2b][d889bfbd-3833-4a0f-a1b1-c28b24c104cd] New tile(s) since submit: 0 → 2 (mounted=50)
2026-09-05T05:03:59.369Z [350df8bc-4ca7-4235-b175-5dc8e75b5bbf][d889bfbd-3833-4a0f-a1b1-c28b24c104cd] runGeneration starting: task_id=350df8bc-4ca7-4235-b175-5dc8e75b5bbf, profile_id=d889bfbd-3833-4a0f-a1b1-c28b24c104cd, target_site=google_flow
2026-09-05T05:03:59.370Z [350df8bc-4ca7-4235-b175-5dc8e75b5bbf][d889bfbd-3833-4a0f-a1b1-c28b24c104cd] Opening Playwright browser with persistent profile cookies...
2026-09-05T05:03:59.371Z [350df8bc-4ca7-4235-b175-5dc8e75b5bbf][d889bfbd-3833-4a0f-a1b1-c28b24c104cd] Browser engine: winhide (C:\Users\Admin\AppData\Roaming\com.tank.winai\winhide\chrome.exe) [hidden off-screen]
2026-09-05T05:03:59.371Z [350df8bc-4ca7-4235-b175-5dc8e75b5bbf][d889bfbd-3833-4a0f-a1b1-c28b24c104cd] Launch mode: STEALTH (raw spawn + connectOverCDP)
2026-09-05T05:04:00.665Z [f673058a-9f99-4ecf-ae9b-ee4251728562][d889bfbd-3833-4a0f-a1b1-c28b24c104cd] Generating... 1 ready, 0 failed / 2 total (103s)
2026-09-05T05:04:01.020Z [350df8bc-4ca7-4235-b175-5dc8e75b5bbf][d889bfbd-3833-4a0f-a1b1-c28b24c104cd] Exit IP: 115.74.128.9
2026-09-05T05:04:01.020Z [350df8bc-4ca7-4235-b175-5dc8e75b5bbf][d889bfbd-3833-4a0f-a1b1-c28b24c104cd] Navigating browser to Google Flow tools page...
2026-09-05T05:04:01.021Z [350df8bc-4ca7-4235-b175-5dc8e75b5bbf][d889bfbd-3833-4a0f-a1b1-c28b24c104cd] Using existing project URL: https://flow.google.com/project/cd81a7d3-c989-419e-891a-f8694174cb85?hl=en
2026-09-05T05:04:01.894Z [350df8bc-4ca7-4235-b175-5dc8e75b5bbf][d889bfbd-3833-4a0f-a1b1-c28b24c104cd] Waiting for Google Flow...
2026-09-05T05:04:02.728Z [3a79d7d0-3009-41ff-8b27-74175b6d6e2b][d889bfbd-3833-4a0f-a1b1-c28b24c104cd] Batch size stabilised at 2 new tile(s)
2026-09-05T05:04:02.728Z [3a79d7d0-3009-41ff-8b27-74175b6d6e2b][d889bfbd-3833-4a0f-a1b1-c28b24c104cd] Batch detected: 2 item(s). Generating...
2026-09-05T05:04:02.728Z [3a79d7d0-3009-41ff-8b27-74175b6d6e2b][d889bfbd-3833-4a0f-a1b1-c28b24c104cd] Polling for 2 video item(s) (baseline=50, hasUpload=false)...
2026-09-05T05:04:02.744Z [3a79d7d0-3009-41ff-8b27-74175b6d6e2b][d889bfbd-3833-4a0f-a1b1-c28b24c104cd] Generating... 0 ready, 0 failed / 2 total (0s) play_circle [HÀNH ĐỘ play_circle [HÀNH ĐỘ
2026-09-05T05:04:03.688Z [f673058a-9f99-4ecf-ae9b-ee4251728562][d889bfbd-3833-4a0f-a1b1-c28b24c104cd] Generating... 1 ready, 0 failed / 2 total (106s)
2026-09-05T05:04:04.321Z [350df8bc-4ca7-4235-b175-5dc8e75b5bbf][d889bfbd-3833-4a0f-a1b1-c28b24c104cd] In existing project ✓
2026-09-05T05:04:04.972Z [c9507503-2076-462a-92b2-639b04768e0f][d889bfbd-3833-4a0f-a1b1-c28b24c104cd] Item 2 (try 1): 1080p saved via the UI download flow.
2026-09-05T05:04:05.063Z [c9507503-2076-462a-92b2-639b04768e0f][d889bfbd-3833-4a0f-a1b1-c28b24c104cd] Item 2: upgraded to 1080p → D:\WINAI\Slow-English-with-Arlo_7_15_cmtlc8wj\video_2026-09-05T05-02-29_02.mp4
2026-09-05T05:04:05.064Z [c9507503-2076-462a-92b2-639b04768e0f][d889bfbd-3833-4a0f-a1b1-c28b24c104cd] Uploading 2 video(s) to Xanh...
2026-09-05T05:04:05.312Z [350df8bc-4ca7-4235-b175-5dc8e75b5bbf][d889bfbd-3833-4a0f-a1b1-c28b24c104cd] dismissPopups: unresolved overlay(s) ["IFRAME[presentation]|btns="]
2026-09-05T05:04:05.694Z [c9507503-2076-462a-92b2-639b04768e0f][d889bfbd-3833-4a0f-a1b1-c28b24c104cd] Item 1: Re-uploaded 1080p → https://studio.xanhmedia.vn/uploads/2026-09/1788584645447_ac1ebd_d889bfbd-3833-4a0f-a1b1-c28b24c104cd_c95.mp4
2026-09-05T05:04:05.764Z [3a79d7d0-3009-41ff-8b27-74175b6d6e2b][d889bfbd-3833-4a0f-a1b1-c28b24c104cd] Generating... 0 ready, 0 failed / 2 total (3s) play_circle [HÀNH ĐỘ play_circle [HÀNH ĐỘ
2026-09-05T05:04:06.709Z [f673058a-9f99-4ecf-ae9b-ee4251728562][d889bfbd-3833-4a0f-a1b1-c28b24c104cd] Generating... 1 ready, 0 failed / 2 total (109s)
2026-09-05T05:04:07.714Z [350df8bc-4ca7-4235-b175-5dc8e75b5bbf][d889bfbd-3833-4a0f-a1b1-c28b24c104cd] Composer ready ✓ (UI language: en)
2026-09-05T05:04:07.748Z [350df8bc-4ca7-4235-b175-5dc8e75b5bbf][d889bfbd-3833-4a0f-a1b1-c28b24c104cd] dismissPopups: unresolved overlay(s) ["DIV[]|btns=","DIV[]|btns="]
2026-09-05T05:04:07.804Z [350df8bc-4ca7-4235-b175-5dc8e75b5bbf][d889bfbd-3833-4a0f-a1b1-c28b24c104cd] Agent toggle aria-pressed=false
2026-09-05T05:04:07.805Z [350df8bc-4ca7-4235-b175-5dc8e75b5bbf][d889bfbd-3833-4a0f-a1b1-c28b24c104cd] Opening settings...
2026-09-05T05:04:08.045Z [c9507503-2076-462a-92b2-639b04768e0f][d889bfbd-3833-4a0f-a1b1-c28b24c104cd] Item 2: Re-uploaded 1080p → https://studio.xanhmedia.vn/uploads/2026-09/1788584647808_442786_d889bfbd-3833-4a0f-a1b1-c28b24c104cd_c95.mp4
2026-09-05T05:04:08.045Z [c9507503-2076-462a-92b2-639b04768e0f][d889bfbd-3833-4a0f-a1b1-c28b24c104cd] ✅ 2 item(s) + 1080p saved to Downloads/Win AI Toolkit/
2026-09-05T05:04:08.047Z [c9507503-2076-462a-92b2-639b04768e0f][d889bfbd-3833-4a0f-a1b1-c28b24c104cd] All done (including any 1080p upgrades). Closing Playwright browser context.
2026-09-05T05:04:08.389Z [4ab34f52-4152-48e7-84f4-5bec1315ce81][d889bfbd-3833-4a0f-a1b1-c28b24c104cd] runGeneration starting: task_id=4ab34f52-4152-48e7-84f4-5bec1315ce81, profile_id=d889bfbd-3833-4a0f-a1b1-c28b24c104cd, target_site=google_flow
2026-09-05T05:04:08.390Z [4ab34f52-4152-48e7-84f4-5bec1315ce81][d889bfbd-3833-4a0f-a1b1-c28b24c104cd] Opening Playwright browser with persistent profile cookies...
2026-09-05T05:04:08.390Z [4ab34f52-4152-48e7-84f4-5bec1315ce81][d889bfbd-3833-4a0f-a1b1-c28b24c104cd] Browser engine: winhide (C:\Users\Admin\AppData\Roaming\com.tank.winai\winhide\chrome.exe) [hidden off-screen]
2026-09-05T05:04:08.391Z [4ab34f52-4152-48e7-84f4-5bec1315ce81][d889bfbd-3833-4a0f-a1b1-c28b24c104cd] Launch mode: STEALTH (raw spawn + connectOverCDP)
2026-09-05T05:04:08.780Z [3a79d7d0-3009-41ff-8b27-74175b6d6e2b][d889bfbd-3833-4a0f-a1b1-c28b24c104cd] Generating... 0 ready, 0 failed / 2 total (6s) play_circle 0% [HÀNH play_circle 0% [HÀNH
2026-09-05T05:04:09.724Z [f673058a-9f99-4ecf-ae9b-ee4251728562][d889bfbd-3833-4a0f-a1b1-c28b24c104cd] Generating... 1 ready, 0 failed / 2 total (112s)
2026-09-05T05:04:09.897Z [4ab34f52-4152-48e7-84f4-5bec1315ce81][d889bfbd-3833-4a0f-a1b1-c28b24c104cd] Exit IP: 115.74.128.9
2026-09-05T05:04:09.897Z [4ab34f52-4152-48e7-84f4-5bec1315ce81][d889bfbd-3833-4a0f-a1b1-c28b24c104cd] Navigating browser to Google Flow tools page...
2026-09-05T05:04:09.897Z [4ab34f52-4152-48e7-84f4-5bec1315ce81][d889bfbd-3833-4a0f-a1b1-c28b24c104cd] Using existing project URL: https://flow.google.com/project/33ca2cc2-c9ff-4bb6-9048-2a7af1dfcfee?hl=en
2026-09-05T05:04:09.922Z [350df8bc-4ca7-4235-b175-5dc8e75b5bbf][d889bfbd-3833-4a0f-a1b1-c28b24c104cd] Configuring video settings...
2026-09-05T05:04:09.945Z [350df8bc-4ca7-4235-b175-5dc8e75b5bbf][d889bfbd-3833-4a0f-a1b1-c28b24c104cd] Mode: "videocam Video" already selected ✓
2026-09-05T05:04:10.678Z [4ab34f52-4152-48e7-84f4-5bec1315ce81][d889bfbd-3833-4a0f-a1b1-c28b24c104cd] Waiting for Google Flow...
2026-09-05T05:04:11.802Z [3a79d7d0-3009-41ff-8b27-74175b6d6e2b][d889bfbd-3833-4a0f-a1b1-c28b24c104cd] Generating... 0 ready, 0 failed / 2 total (9s) play_circle 1% [HÀNH play_circle 1% [HÀNH
2026-09-05T05:04:12.528Z [350df8bc-4ca7-4235-b175-5dc8e75b5bbf][d889bfbd-3833-4a0f-a1b1-c28b24c104cd] Video type: selected "crop_free Frames" ✓
2026-09-05T05:04:12.610Z [4ab34f52-4152-48e7-84f4-5bec1315ce81][d889bfbd-3833-4a0f-a1b1-c28b24c104cd] In existing project ✓
2026-09-05T05:04:12.742Z [f673058a-9f99-4ecf-ae9b-ee4251728562][d889bfbd-3833-4a0f-a1b1-c28b24c104cd] Generating... 1 ready, 0 failed / 2 total (115s)
2026-09-05T05:04:13.625Z [4ab34f52-4152-48e7-84f4-5bec1315ce81][d889bfbd-3833-4a0f-a1b1-c28b24c104cd] dismissPopups: unresolved overlay(s) ["IFRAME[presentation]|btns="]
2026-09-05T05:04:14.815Z [3a79d7d0-3009-41ff-8b27-74175b6d6e2b][d889bfbd-3833-4a0f-a1b1-c28b24c104cd] Generating... 0 ready, 0 failed / 2 total (12s) play_circle 5% [HÀNH play_circle 4% [HÀNH
2026-09-05T05:04:15.762Z [f673058a-9f99-4ecf-ae9b-ee4251728562][d889bfbd-3833-4a0f-a1b1-c28b24c104cd] Generating... 1 ready, 0 failed / 2 total (118s)
2026-09-05T05:04:17.046Z [4ab34f52-4152-48e7-84f4-5bec1315ce81][d889bfbd-3833-4a0f-a1b1-c28b24c104cd] Composer ready ✓ (UI language: en)
2026-09-05T05:04:17.069Z [4ab34f52-4152-48e7-84f4-5bec1315ce81][d889bfbd-3833-4a0f-a1b1-c28b24c104cd] dismissPopups: unresolved overlay(s) ["DIV[]|btns=","DIV[]|btns="]
2026-09-05T05:04:17.070Z [350df8bc-4ca7-4235-b175-5dc8e75b5bbf][d889bfbd-3833-4a0f-a1b1-c28b24c104cd] Model: selected "Veo 3.1 - Lite [Lower Priority]" ✓
2026-09-05T05:04:17.092Z [4ab34f52-4152-48e7-84f4-5bec1315ce81][d889bfbd-3833-4a0f-a1b1-c28b24c104cd] Agent toggle aria-pressed=false
2026-09-05T05:04:17.092Z [4ab34f52-4152-48e7-84f4-5bec1315ce81][d889bfbd-3833-4a0f-a1b1-c28b24c104cd] Opening settings...
2026-09-05T05:04:17.838Z [3a79d7d0-3009-41ff-8b27-74175b6d6e2b][d889bfbd-3833-4a0f-a1b1-c28b24c104cd] Generating... 0 ready, 0 failed / 2 total (15s) play_circle 8% [HÀNH play_circle 8% [HÀNH
2026-09-05T05:04:17.860Z [350df8bc-4ca7-4235-b175-5dc8e75b5bbf][d889bfbd-3833-4a0f-a1b1-c28b24c104cd] Aspect ratio: "crop_16_9 16:9" already selected ✓
2026-09-05T05:04:17.864Z [350df8bc-4ca7-4235-b175-5dc8e75b5bbf][d889bfbd-3833-4a0f-a1b1-c28b24c104cd] Video resolution: toggle group "Video resolution" not present (model may not offer it) — skipped.
2026-09-05T05:04:17.904Z [350df8bc-4ca7-4235-b175-5dc8e75b5bbf][d889bfbd-3833-4a0f-a1b1-c28b24c104cd] Duration: "8s" already selected ✓
2026-09-05T05:04:17.927Z [350df8bc-4ca7-4235-b175-5dc8e75b5bbf][d889bfbd-3833-4a0f-a1b1-c28b24c104cd] Output count: "x2" already selected ✓
2026-09-05T05:04:18.777Z [f673058a-9f99-4ecf-ae9b-ee4251728562][d889bfbd-3833-4a0f-a1b1-c28b24c104cd] Generating... 1 ready, 0 failed / 2 total (121s)
2026-09-05T05:04:18.834Z [350df8bc-4ca7-4235-b175-5dc8e75b5bbf][d889bfbd-3833-4a0f-a1b1-c28b24c104cd] Start keyframe: downloading from URL...
2026-09-05T05:04:18.916Z [4ab34f52-4152-48e7-84f4-5bec1315ce81][d889bfbd-3833-4a0f-a1b1-c28b24c104cd] Configuring video settings...
2026-09-05T05:04:18.961Z [4ab34f52-4152-48e7-84f4-5bec1315ce81][d889bfbd-3833-4a0f-a1b1-c28b24c104cd] Mode: "videocam Video" already selected ✓
2026-09-05T05:04:19.029Z [350df8bc-4ca7-4235-b175-5dc8e75b5bbf][d889bfbd-3833-4a0f-a1b1-c28b24c104cd] Downloader: no-proxy request context ready.
2026-09-05T05:04:19.258Z [350df8bc-4ca7-4235-b175-5dc8e75b5bbf][d889bfbd-3833-4a0f-a1b1-c28b24c104cd] Start keyframe: saved 163394 bytes (image/png) as "1788442004914_7cd8c9_60f7c834-1526-409d-b017-21db20795e19_bef.png"
2026-09-05T05:04:19.277Z [350df8bc-4ca7-4235-b175-5dc8e75b5bbf][d889bfbd-3833-4a0f-a1b1-c28b24c104cd] Start keyframe: setting start keyframe...
2026-09-05T05:04:20.852Z [3a79d7d0-3009-41ff-8b27-74175b6d6e2b][d889bfbd-3833-4a0f-a1b1-c28b24c104cd] Generating... 0 ready, 0 failed / 2 total (18s) play_circle 11% [HÀN play_circle 11% [HÀN
2026-09-05T05:04:21.303Z [350df8bc-4ca7-4235-b175-5dc8e75b5bbf][d889bfbd-3833-4a0f-a1b1-c28b24c104cd] Start keyframe: "1788442004914_7cd8c9_60f7c834-1526-409d-b017-21db20795e19_bef.png" not in the library yet — uploading it first.
2026-09-05T05:04:21.765Z [4ab34f52-4152-48e7-84f4-5bec1315ce81][d889bfbd-3833-4a0f-a1b1-c28b24c104cd] Video type: selected "crop_free Frames" ✓
2026-09-05T05:04:21.796Z [f673058a-9f99-4ecf-ae9b-ee4251728562][d889bfbd-3833-4a0f-a1b1-c28b24c104cd] Generating... 1 ready, 0 failed / 2 total (124s)
2026-09-05T05:04:23.870Z [3a79d7d0-3009-41ff-8b27-74175b6d6e2b][d889bfbd-3833-4a0f-a1b1-c28b24c104cd] Generating... 0 ready, 0 failed / 2 total (21s) play_circle 13% [HÀN play_circle 13% [HÀN
2026-09-05T05:04:24.822Z [f673058a-9f99-4ecf-ae9b-ee4251728562][d889bfbd-3833-4a0f-a1b1-c28b24c104cd] Generating... 1 ready, 0 failed / 2 total (127s)
2026-09-05T05:04:25.795Z [350df8bc-4ca7-4235-b175-5dc8e75b5bbf][d889bfbd-3833-4a0f-a1b1-c28b24c104cd] Start keyframe: uploading "1788442004914_7cd8c9_60f7c834-1526-409d-b017-21db20795e19_bef.png" to the project library...
2026-09-05T05:04:26.617Z [350df8bc-4ca7-4235-b175-5dc8e75b5bbf][d889bfbd-3833-4a0f-a1b1-c28b24c104cd] Start keyframe: upload finished ✓
2026-09-05T05:04:26.877Z [4ab34f52-4152-48e7-84f4-5bec1315ce81][d889bfbd-3833-4a0f-a1b1-c28b24c104cd] Model: selected "Veo 3.1 - Lite [Lower Priority]" ✓
2026-09-05T05:04:26.892Z [3a79d7d0-3009-41ff-8b27-74175b6d6e2b][d889bfbd-3833-4a0f-a1b1-c28b24c104cd] Generating... 0 ready, 0 failed / 2 total (24s) play_circle 16% [HÀN play_circle 15% [HÀN
2026-09-05T05:04:27.541Z [4ab34f52-4152-48e7-84f4-5bec1315ce81][d889bfbd-3833-4a0f-a1b1-c28b24c104cd] Aspect ratio: "crop_16_9 16:9" already selected ✓
2026-09-05T05:04:27.545Z [4ab34f52-4152-48e7-84f4-5bec1315ce81][d889bfbd-3833-4a0f-a1b1-c28b24c104cd] Video resolution: toggle group "Video resolution" not present (model may not offer it) — skipped.
2026-09-05T05:04:27.579Z [4ab34f52-4152-48e7-84f4-5bec1315ce81][d889bfbd-3833-4a0f-a1b1-c28b24c104cd] Duration: "8s" already selected ✓
2026-09-05T05:04:27.599Z [4ab34f52-4152-48e7-84f4-5bec1315ce81][d889bfbd-3833-4a0f-a1b1-c28b24c104cd] Output count: "x2" already selected ✓
2026-09-05T05:04:27.842Z [f673058a-9f99-4ecf-ae9b-ee4251728562][d889bfbd-3833-4a0f-a1b1-c28b24c104cd] Generating... 1 ready, 0 failed / 2 total (130s)
2026-09-05T05:04:28.827Z [4ab34f52-4152-48e7-84f4-5bec1315ce81][d889bfbd-3833-4a0f-a1b1-c28b24c104cd] Start keyframe: downloading from URL...
2026-09-05T05:04:29.042Z [4ab34f52-4152-48e7-84f4-5bec1315ce81][d889bfbd-3833-4a0f-a1b1-c28b24c104cd] Downloader: no-proxy request context ready.
2026-09-05T05:04:29.364Z [4ab34f52-4152-48e7-84f4-5bec1315ce81][d889bfbd-3833-4a0f-a1b1-c28b24c104cd] Start keyframe: saved 141674 bytes (image/png) as "1788442014778_c7dfb9_60f7c834-1526-409d-b017-21db20795e19_67c.png"
2026-09-05T05:04:29.381Z [4ab34f52-4152-48e7-84f4-5bec1315ce81][d889bfbd-3833-4a0f-a1b1-c28b24c104cd] Start keyframe: setting start keyframe...
2026-09-05T05:04:29.913Z [3a79d7d0-3009-41ff-8b27-74175b6d6e2b][d889bfbd-3833-4a0f-a1b1-c28b24c104cd] Generating... 0 ready, 0 failed / 2 total (27s) play_circle 19% [HÀN play_circle 19% [HÀN
2026-09-05T05:04:30.856Z [f673058a-9f99-4ecf-ae9b-ee4251728562][d889bfbd-3833-4a0f-a1b1-c28b24c104cd] Generating... 1 ready, 0 failed / 2 total (133s)
2026-09-05T05:04:31.441Z [4ab34f52-4152-48e7-84f4-5bec1315ce81][d889bfbd-3833-4a0f-a1b1-c28b24c104cd] Start keyframe: "1788442014778_c7dfb9_60f7c834-1526-409d-b017-21db20795e19_67c.png" not in the library yet — uploading it first.
2026-09-05T05:04:32.935Z [3a79d7d0-3009-41ff-8b27-74175b6d6e2b][d889bfbd-3833-4a0f-a1b1-c28b24c104cd] Generating... 0 ready, 0 failed / 2 total (30s) play_circle 22% [HÀN play_circle 22% [HÀN
2026-09-05T05:04:33.877Z [f673058a-9f99-4ecf-ae9b-ee4251728562][d889bfbd-3833-4a0f-a1b1-c28b24c104cd] Generating... 1 ready, 0 failed / 2 total (136s)
2026-09-05T05:04:35.025Z [350df8bc-4ca7-4235-b175-5dc8e75b5bbf][d889bfbd-3833-4a0f-a1b1-c28b24c104cd] Start keyframe: start keyframe attached ✓
2026-09-05T05:04:35.038Z [350df8bc-4ca7-4235-b175-5dc8e75b5bbf][d889bfbd-3833-4a0f-a1b1-c28b24c104cd] Entering prompt...
2026-09-05T05:04:35.706Z [4ab34f52-4152-48e7-84f4-5bec1315ce81][d889bfbd-3833-4a0f-a1b1-c28b24c104cd] Start keyframe: uploading "1788442014778_c7dfb9_60f7c834-1526-409d-b017-21db20795e19_67c.png" to the project library...
2026-09-05T05:04:35.959Z [3a79d7d0-3009-41ff-8b27-74175b6d6e2b][d889bfbd-3833-4a0f-a1b1-c28b24c104cd] Generating... 0 ready, 0 failed / 2 total (33s) play_circle 23% [HÀN play_circle 23% [HÀN
2026-09-05T05:04:36.671Z [4ab34f52-4152-48e7-84f4-5bec1315ce81][d889bfbd-3833-4a0f-a1b1-c28b24c104cd] Start keyframe: upload finished ✓
2026-09-05T05:04:36.812Z [350df8bc-4ca7-4235-b175-5dc8e75b5bbf][d889bfbd-3833-4a0f-a1b1-c28b24c104cd] Prompt is 1095 chars — typing it in 19 chunk(s).
2026-09-05T05:04:36.896Z [f673058a-9f99-4ecf-ae9b-ee4251728562][d889bfbd-3833-4a0f-a1b1-c28b24c104cd] Generating... 1 ready, 0 failed / 2 total (139s)
2026-09-05T05:04:38.978Z [3a79d7d0-3009-41ff-8b27-74175b6d6e2b][d889bfbd-3833-4a0f-a1b1-c28b24c104cd] Generating... 0 ready, 0 failed / 2 total (36s) play_circle 26% [HÀN play_circle 26% [HÀN
2026-09-05T05:04:39.920Z [f673058a-9f99-4ecf-ae9b-ee4251728562][d889bfbd-3833-4a0f-a1b1-c28b24c104cd] Generating... 1 ready, 0 failed / 2 total (142s)
2026-09-05T05:04:41.995Z [3a79d7d0-3009-41ff-8b27-74175b6d6e2b][d889bfbd-3833-4a0f-a1b1-c28b24c104cd] Generating... 0 ready, 0 failed / 2 total (39s) play_circle 30% [HÀN play_circle 30% [HÀN
2026-09-05T05:04:42.939Z [f673058a-9f99-4ecf-ae9b-ee4251728562][d889bfbd-3833-4a0f-a1b1-c28b24c104cd] Generating... 1 ready, 0 failed / 2 total (145s)
2026-09-05T05:04:44.810Z [4ab34f52-4152-48e7-84f4-5bec1315ce81][d889bfbd-3833-4a0f-a1b1-c28b24c104cd] Start keyframe: start keyframe attached ✓
2026-09-05T05:04:44.822Z [4ab34f52-4152-48e7-84f4-5bec1315ce81][d889bfbd-3833-4a0f-a1b1-c28b24c104cd] Entering prompt...
2026-09-05T05:04:45.009Z [3a79d7d0-3009-41ff-8b27-74175b6d6e2b][d889bfbd-3833-4a0f-a1b1-c28b24c104cd] Generating... 0 ready, 0 failed / 2 total (42s) play_circle 32% [HÀN play_circle 33% [HÀN
2026-09-05T05:04:45.539Z [350df8bc-4ca7-4235-b175-5dc8e75b5bbf][d889bfbd-3833-4a0f-a1b1-c28b24c104cd] Prompt insert attempt 1: editor has 1086 chars (want ~1091) ✓
2026-09-05T05:04:45.953Z [f673058a-9f99-4ecf-ae9b-ee4251728562][d889bfbd-3833-4a0f-a1b1-c28b24c104cd] Generating... 1 ready, 0 failed / 2 total (148s)
2026-09-05T05:04:46.757Z [4ab34f52-4152-48e7-84f4-5bec1315ce81][d889bfbd-3833-4a0f-a1b1-c28b24c104cd] Prompt is 990 chars — typing it in 19 chunk(s).
2026-09-05T05:04:47.176Z [350df8bc-4ca7-4235-b175-5dc8e75b5bbf][d889bfbd-3833-4a0f-a1b1-c28b24c104cd] Baseline: 50 pre-existing media tile(s) of 50 mounted (kinds: image,video,video,image,video,video,image,video,video,image,video,video,image,video,image,video,video,image,video,video,image,video,video,image,video,video,image,video,video,video,video,image,video,video,image,video,video,video,video,video,video,image,video,video,video,video,image,video,video,image).
2026-09-05T05:04:48.489Z [3a79d7d0-3009-41ff-8b27-74175b6d6e2b][d889bfbd-3833-4a0f-a1b1-c28b24c104cd] Generating... 0 ready, 0 failed / 2 total (46s) play_circle 100% [HÀ
2026-09-05T05:04:48.970Z [f673058a-9f99-4ecf-ae9b-ee4251728562][d889bfbd-3833-4a0f-a1b1-c28b24c104cd] Generating... 1 ready, 0 failed / 2 total (151s)
2026-09-05T05:04:49.552Z [350df8bc-4ca7-4235-b175-5dc8e75b5bbf][d889bfbd-3833-4a0f-a1b1-c28b24c104cd] [submit] confirmed (editor "What do you want to ", fresh tile=true).
2026-09-05T05:04:50.346Z [350df8bc-4ca7-4235-b175-5dc8e75b5bbf][d889bfbd-3833-4a0f-a1b1-c28b24c104cd] Current Workspace project URL: https://flow.google.com/project/cd81a7d3-c989-419e-891a-f8694174cb85?hl=en
2026-09-05T05:04:50.347Z [350df8bc-4ca7-4235-b175-5dc8e75b5bbf][d889bfbd-3833-4a0f-a1b1-c28b24c104cd] Submitted ✓ Detecting batch size...
2026-09-05T05:04:50.360Z [350df8bc-4ca7-4235-b175-5dc8e75b5bbf][d889bfbd-3833-4a0f-a1b1-c28b24c104cd] New tile(s) since submit: 0 → 2 (mounted=50)
2026-09-05T05:04:51.525Z [3a79d7d0-3009-41ff-8b27-74175b6d6e2b][d889bfbd-3833-4a0f-a1b1-c28b24c104cd] Generating... 0 ready, 0 failed / 2 total (49s) play_circle 100% [HÀ
2026-09-05T05:04:51.987Z [f673058a-9f99-4ecf-ae9b-ee4251728562][d889bfbd-3833-4a0f-a1b1-c28b24c104cd] Generating... 1 ready, 0 failed / 2 total (154s)
2026-09-05T05:04:54.495Z [350df8bc-4ca7-4235-b175-5dc8e75b5bbf][d889bfbd-3833-4a0f-a1b1-c28b24c104cd] Batch size stabilised at 2 new tile(s)
2026-09-05T05:04:54.495Z [350df8bc-4ca7-4235-b175-5dc8e75b5bbf][d889bfbd-3833-4a0f-a1b1-c28b24c104cd] Batch detected: 2 item(s). Generating...
2026-09-05T05:04:54.495Z [350df8bc-4ca7-4235-b175-5dc8e75b5bbf][d889bfbd-3833-4a0f-a1b1-c28b24c104cd] Polling for 2 video item(s) (baseline=50, hasUpload=true)...
2026-09-05T05:04:54.507Z [350df8bc-4ca7-4235-b175-5dc8e75b5bbf][d889bfbd-3833-4a0f-a1b1-c28b24c104cd] Generating... 0 ready, 0 failed / 2 total (0s) play_circle [HÀNH ĐỘ play_circle [HÀNH ĐỘ
2026-09-05T05:04:54.543Z [3a79d7d0-3009-41ff-8b27-74175b6d6e2b][d889bfbd-3833-4a0f-a1b1-c28b24c104cd] Generating... 0 ready, 0 failed / 2 total (52s) [HÀNH ĐỘNG]Bắt đầu đ
2026-09-05T05:04:55.002Z [f673058a-9f99-4ecf-ae9b-ee4251728562][d889bfbd-3833-4a0f-a1b1-c28b24c104cd] Generating... 1 ready, 0 failed / 2 total (157s)
2026-09-05T05:04:55.481Z [4ab34f52-4152-48e7-84f4-5bec1315ce81][d889bfbd-3833-4a0f-a1b1-c28b24c104cd] Prompt insert attempt 1: editor has 981 chars (want ~986) ✓
2026-09-05T05:04:57.368Z [4ab34f52-4152-48e7-84f4-5bec1315ce81][d889bfbd-3833-4a0f-a1b1-c28b24c104cd] Baseline: 50 pre-existing media tile(s) of 50 mounted (kinds: image,video,video,image,video,video,image,video,video,image,video,video,image,video,video,image,video,video,image,video,video,image,video,video,image,video,video,image,video,video,video,video,image,video,video,image,video,video,image,video,image,video,video,image,video,video,video,video,video,video).
2026-09-05T05:04:57.524Z [350df8bc-4ca7-4235-b175-5dc8e75b5bbf][d889bfbd-3833-4a0f-a1b1-c28b24c104cd] Generating... 0 ready, 0 failed / 2 total (3s) play_circle [HÀNH ĐỘ play_circle [HÀNH ĐỘ
2026-09-05T05:04:57.564Z [3a79d7d0-3009-41ff-8b27-74175b6d6e2b][d889bfbd-3833-4a0f-a1b1-c28b24c104cd] Generating... 1 ready, 0 failed / 2 total (55s)
2026-09-05T05:04:58.018Z [f673058a-9f99-4ecf-ae9b-ee4251728562][d889bfbd-3833-4a0f-a1b1-c28b24c104cd] Generating... 1 ready, 0 failed / 2 total (160s)
2026-09-05T05:04:59.622Z [4ab34f52-4152-48e7-84f4-5bec1315ce81][d889bfbd-3833-4a0f-a1b1-c28b24c104cd] [submit] confirmed (editor "What do you want to ", fresh tile=true).
2026-09-05T05:05:00.119Z [4ab34f52-4152-48e7-84f4-5bec1315ce81][d889bfbd-3833-4a0f-a1b1-c28b24c104cd] Current Workspace project URL: https://flow.google.com/project/33ca2cc2-c9ff-4bb6-9048-2a7af1dfcfee?hl=en
2026-09-05T05:05:00.119Z [4ab34f52-4152-48e7-84f4-5bec1315ce81][d889bfbd-3833-4a0f-a1b1-c28b24c104cd] Submitted ✓ Detecting batch size...
2026-09-05T05:05:00.132Z [4ab34f52-4152-48e7-84f4-5bec1315ce81][d889bfbd-3833-4a0f-a1b1-c28b24c104cd] New tile(s) since submit: 0 → 2 (mounted=50)
2026-09-05T05:05:00.537Z [350df8bc-4ca7-4235-b175-5dc8e75b5bbf][d889bfbd-3833-4a0f-a1b1-c28b24c104cd] Generating... 0 ready, 0 failed / 2 total (6s) play_circle 0% [HÀNH play_circle 0% [HÀNH
2026-09-05T05:05:00.589Z [3a79d7d0-3009-41ff-8b27-74175b6d6e2b][d889bfbd-3833-4a0f-a1b1-c28b24c104cd] Generating... 1 ready, 0 failed / 2 total (58s)
2026-09-05T05:05:01.037Z [f673058a-9f99-4ecf-ae9b-ee4251728562][d889bfbd-3833-4a0f-a1b1-c28b24c104cd] Generating... 1 ready, 0 failed / 2 total (163s)
2026-09-05T05:05:03.560Z [350df8bc-4ca7-4235-b175-5dc8e75b5bbf][d889bfbd-3833-4a0f-a1b1-c28b24c104cd] Generating... 0 ready, 0 failed / 2 total (9s) play_circle 3% [HÀNH play_circle 2% [HÀNH
2026-09-05T05:05:03.602Z [3a79d7d0-3009-41ff-8b27-74175b6d6e2b][d889bfbd-3833-4a0f-a1b1-c28b24c104cd] Generating... 1 ready, 0 failed / 2 total (61s)
2026-09-05T05:05:04.057Z [f673058a-9f99-4ecf-ae9b-ee4251728562][d889bfbd-3833-4a0f-a1b1-c28b24c104cd] Generating... 1 ready, 0 failed / 2 total (166s)
2026-09-05T05:05:04.259Z [4ab34f52-4152-48e7-84f4-5bec1315ce81][d889bfbd-3833-4a0f-a1b1-c28b24c104cd] Batch size stabilised at 2 new tile(s)
2026-09-05T05:05:04.259Z [4ab34f52-4152-48e7-84f4-5bec1315ce81][d889bfbd-3833-4a0f-a1b1-c28b24c104cd] Batch detected: 2 item(s). Generating...
2026-09-05T05:05:04.260Z [4ab34f52-4152-48e7-84f4-5bec1315ce81][d889bfbd-3833-4a0f-a1b1-c28b24c104cd] Polling for 2 video item(s) (baseline=50, hasUpload=true)...
2026-09-05T05:05:04.271Z [4ab34f52-4152-48e7-84f4-5bec1315ce81][d889bfbd-3833-4a0f-a1b1-c28b24c104cd] Generating... 0 ready, 0 failed / 2 total (0s) play_circle [HÀNH ĐỘ play_circle [HÀNH ĐỘ
2026-09-05T05:05:06.575Z [350df8bc-4ca7-4235-b175-5dc8e75b5bbf][d889bfbd-3833-4a0f-a1b1-c28b24c104cd] Generating... 0 ready, 0 failed / 2 total (12s) play_circle 6% [HÀNH play_circle 6% [HÀNH
2026-09-05T05:05:06.624Z [3a79d7d0-3009-41ff-8b27-74175b6d6e2b][d889bfbd-3833-4a0f-a1b1-c28b24c104cd] Generating... 1 ready, 0 failed / 2 total (64s)
2026-09-05T05:05:07.076Z [f673058a-9f99-4ecf-ae9b-ee4251728562][d889bfbd-3833-4a0f-a1b1-c28b24c104cd] Generating... 1 ready, 0 failed / 2 total (169s)
2026-09-05T05:05:07.290Z [4ab34f52-4152-48e7-84f4-5bec1315ce81][d889bfbd-3833-4a0f-a1b1-c28b24c104cd] Generating... 0 ready, 0 failed / 2 total (3s) play_circle [HÀNH ĐỘ play_circle [HÀNH ĐỘ
2026-09-05T05:05:09.596Z [350df8bc-4ca7-4235-b175-5dc8e75b5bbf][d889bfbd-3833-4a0f-a1b1-c28b24c104cd] Generating... 0 ready, 0 failed / 2 total (15s) play_circle 9% [HÀNH play_circle 9% [HÀNH
2026-09-05T05:05:09.644Z [3a79d7d0-3009-41ff-8b27-74175b6d6e2b][d889bfbd-3833-4a0f-a1b1-c28b24c104cd] Generating... 1 ready, 0 failed / 2 total (67s)
2026-09-05T05:05:10.089Z [f673058a-9f99-4ecf-ae9b-ee4251728562][d889bfbd-3833-4a0f-a1b1-c28b24c104cd] Generating... 1 ready, 0 failed / 2 total (172s)
2026-09-05T05:05:10.308Z [4ab34f52-4152-48e7-84f4-5bec1315ce81][d889bfbd-3833-4a0f-a1b1-c28b24c104cd] Generating... 0 ready, 0 failed / 2 total (6s) play_circle 0% [HÀNH play_circle 0% [HÀNH
2026-09-05T05:05:12.619Z [350df8bc-4ca7-4235-b175-5dc8e75b5bbf][d889bfbd-3833-4a0f-a1b1-c28b24c104cd] Generating... 0 ready, 0 failed / 2 total (18s) play_circle 11% [HÀN play_circle 11% [HÀN
2026-09-05T05:05:12.663Z [3a79d7d0-3009-41ff-8b27-74175b6d6e2b][d889bfbd-3833-4a0f-a1b1-c28b24c104cd] Generating... 1 ready, 0 failed / 2 total (70s)
2026-09-05T05:05:13.110Z [f673058a-9f99-4ecf-ae9b-ee4251728562][d889bfbd-3833-4a0f-a1b1-c28b24c104cd] Generating... 1 ready, 0 failed / 2 total (175s)
2026-09-05T05:05:13.339Z [4ab34f52-4152-48e7-84f4-5bec1315ce81][d889bfbd-3833-4a0f-a1b1-c28b24c104cd] Generating... 0 ready, 0 failed / 2 total (9s) play_circle 2% [HÀNH play_circle 2% [HÀNH
2026-09-05T05:05:15.639Z [350df8bc-4ca7-4235-b175-5dc8e75b5bbf][d889bfbd-3833-4a0f-a1b1-c28b24c104cd] Generating... 0 ready, 0 failed / 2 total (21s) play_circle 13% [HÀN play_circle 13% [HÀN
2026-09-05T05:05:15.687Z [3a79d7d0-3009-41ff-8b27-74175b6d6e2b][d889bfbd-3833-4a0f-a1b1-c28b24c104cd] Generating... 1 ready, 0 failed / 2 total (73s)
2026-09-05T05:05:16.137Z [f673058a-9f99-4ecf-ae9b-ee4251728562][d889bfbd-3833-4a0f-a1b1-c28b24c104cd] Generating... 1 ready, 0 failed / 2 total (178s)
2026-09-05T05:05:16.361Z [4ab34f52-4152-48e7-84f4-5bec1315ce81][d889bfbd-3833-4a0f-a1b1-c28b24c104cd] Generating... 0 ready, 0 failed / 2 total (12s) play_circle 5% [HÀNH play_circle 5% [HÀNH
2026-09-05T05:05:18.662Z [350df8bc-4ca7-4235-b175-5dc8e75b5bbf][d889bfbd-3833-4a0f-a1b1-c28b24c104cd] Generating... 0 ready, 0 failed / 2 total (24s) play_circle 17% [HÀN play_circle 17% [HÀN
2026-09-05T05:05:18.707Z [3a79d7d0-3009-41ff-8b27-74175b6d6e2b][d889bfbd-3833-4a0f-a1b1-c28b24c104cd] Generating... 1 ready, 0 failed / 2 total (76s)
2026-09-05T05:05:19.138Z [f673058a-9f99-4ecf-ae9b-ee4251728562][d889bfbd-3833-4a0f-a1b1-c28b24c104cd] Poll ended with 1/2 ready — salvaging the completed item(s).
2026-09-05T05:05:19.139Z [f673058a-9f99-4ecf-ae9b-ee4251728562][d889bfbd-3833-4a0f-a1b1-c28b24c104cd] 1 item(s) ready! Downloading...
2026-09-05T05:05:19.140Z [f673058a-9f99-4ecf-ae9b-ee4251728562][d889bfbd-3833-4a0f-a1b1-c28b24c104cd] Item 1: no video source on the tile yet — hovering it to mount one.
2026-09-05T05:05:19.374Z [4ab34f52-4152-48e7-84f4-5bec1315ce81][d889bfbd-3833-4a0f-a1b1-c28b24c104cd] Generating... 0 ready, 0 failed / 2 total (15s) play_circle 7% [HÀNH play_circle 8% [HÀNH
2026-09-05T05:05:20.856Z [f673058a-9f99-4ecf-ae9b-ee4251728562][d889bfbd-3833-4a0f-a1b1-c28b24c104cd] Item 1: Downloading from URL https://flow-content.google/video/ff8a9db0-a7f2-411a-865a-8651c8d03eeb?Expires=1788606193&KeyName=labs-flow-prod-cdn-key&Signature=b05cIkLDLpBKvxj_fll3JRn2mLY
2026-09-05T05:05:21.683Z [350df8bc-4ca7-4235-b175-5dc8e75b5bbf][d889bfbd-3833-4a0f-a1b1-c28b24c104cd] Generating... 0 ready, 0 failed / 2 total (27s) play_circle 19% [HÀN play_circle 20% [HÀN
2026-09-05T05:05:21.727Z [3a79d7d0-3009-41ff-8b27-74175b6d6e2b][d889bfbd-3833-4a0f-a1b1-c28b24c104cd] Generating... 1 ready, 0 failed / 2 total (79s)
2026-09-05T05:05:22.400Z [4ab34f52-4152-48e7-84f4-5bec1315ce81][d889bfbd-3833-4a0f-a1b1-c28b24c104cd] Generating... 0 ready, 0 failed / 2 total (18s) play_circle 11% [HÀN play_circle 11% [HÀN
2026-09-05T05:05:22.407Z [f673058a-9f99-4ecf-ae9b-ee4251728562][d889bfbd-3833-4a0f-a1b1-c28b24c104cd] Downloaded 1/1: video_2026-09-05T05-05-19_01.mp4
2026-09-05T05:05:22.408Z [f673058a-9f99-4ecf-ae9b-ee4251728562][d889bfbd-3833-4a0f-a1b1-c28b24c104cd] ✅ 1 item(s) saved to Downloads/Win AI Toolkit/
2026-09-05T05:05:24.704Z [350df8bc-4ca7-4235-b175-5dc8e75b5bbf][d889bfbd-3833-4a0f-a1b1-c28b24c104cd] Generating... 0 ready, 0 failed / 2 total (30s) play_circle 23% [HÀN play_circle 23% [HÀN
2026-09-05T05:05:24.755Z [3a79d7d0-3009-41ff-8b27-74175b6d6e2b][d889bfbd-3833-4a0f-a1b1-c28b24c104cd] Generating... 1 ready, 0 failed / 2 total (82s)
2026-09-05T05:05:25.419Z [4ab34f52-4152-48e7-84f4-5bec1315ce81][d889bfbd-3833-4a0f-a1b1-c28b24c104cd] Generating... 0 ready, 0 failed / 2 total (21s) play_circle 14% [HÀN play_circle 14% [HÀN
2026-09-05T05:05:27.727Z [350df8bc-4ca7-4235-b175-5dc8e75b5bbf][d889bfbd-3833-4a0f-a1b1-c28b24c104cd] Generating... 0 ready, 0 failed / 2 total (33s) play_circle 24% [HÀN play_circle 24% [HÀN
2026-09-05T05:05:27.775Z [3a79d7d0-3009-41ff-8b27-74175b6d6e2b][d889bfbd-3833-4a0f-a1b1-c28b24c104cd] Generating... 1 ready, 0 failed / 2 total (85s)
2026-09-05T05:05:28.437Z [4ab34f52-4152-48e7-84f4-5bec1315ce81][d889bfbd-3833-4a0f-a1b1-c28b24c104cd] Generating... 0 ready, 0 failed / 2 total (24s) play_circle 16% [HÀN play_circle 16% [HÀN
2026-09-05T05:05:30.742Z [350df8bc-4ca7-4235-b175-5dc8e75b5bbf][d889bfbd-3833-4a0f-a1b1-c28b24c104cd] Generating... 0 ready, 0 failed / 2 total (36s) play_circle 28% [HÀN play_circle 27% [HÀN
2026-09-05T05:05:30.791Z [3a79d7d0-3009-41ff-8b27-74175b6d6e2b][d889bfbd-3833-4a0f-a1b1-c28b24c104cd] Generating... 1 ready, 0 failed / 2 total (88s)
2026-09-05T05:05:31.453Z [4ab34f52-4152-48e7-84f4-5bec1315ce81][d889bfbd-3833-4a0f-a1b1-c28b24c104cd] Generating... 0 ready, 0 failed / 2 total (27s) play_circle 18% [HÀN play_circle 18% [HÀN
2026-09-05T05:05:33.762Z [350df8bc-4ca7-4235-b175-5dc8e75b5bbf][d889bfbd-3833-4a0f-a1b1-c28b24c104cd] Generating... 0 ready, 0 failed / 2 total (39s) play_circle 31% [HÀN play_circle 30% [HÀN
2026-09-05T05:05:33.810Z [3a79d7d0-3009-41ff-8b27-74175b6d6e2b][d889bfbd-3833-4a0f-a1b1-c28b24c104cd] Generating... 1 ready, 0 failed / 2 total (91s)
2026-09-05T05:05:34.571Z [4ab34f52-4152-48e7-84f4-5bec1315ce81][d889bfbd-3833-4a0f-a1b1-c28b24c104cd] Generating... 0 ready, 0 failed / 2 total (30s) play_circle 23% [HÀN play_circle 23% [HÀN
2026-09-05T05:05:36.779Z [350df8bc-4ca7-4235-b175-5dc8e75b5bbf][d889bfbd-3833-4a0f-a1b1-c28b24c104cd] Generating... 0 ready, 0 failed / 2 total (42s) play_circle 33% [HÀN play_circle 33% [HÀN
2026-09-05T05:05:36.838Z [3a79d7d0-3009-41ff-8b27-74175b6d6e2b][d889bfbd-3833-4a0f-a1b1-c28b24c104cd] Generating... 1 ready, 0 failed / 2 total (94s)
2026-09-05T05:05:37.599Z [4ab34f52-4152-48e7-84f4-5bec1315ce81][d889bfbd-3833-4a0f-a1b1-c28b24c104cd] Generating... 0 ready, 0 failed / 2 total (33s) play_circle 24% [HÀN play_circle 24% [HÀN
2026-09-05T05:05:39.808Z [350df8bc-4ca7-4235-b175-5dc8e75b5bbf][d889bfbd-3833-4a0f-a1b1-c28b24c104cd] Generating... 0 ready, 0 failed / 2 total (45s) play_circle 100% [HÀ play_circle 36% [HÀN
2026-09-05T05:05:39.857Z [3a79d7d0-3009-41ff-8b27-74175b6d6e2b][d889bfbd-3833-4a0f-a1b1-c28b24c104cd] Generating... 1 ready, 0 failed / 2 total (97s)
2026-09-05T05:05:40.627Z [4ab34f52-4152-48e7-84f4-5bec1315ce81][d889bfbd-3833-4a0f-a1b1-c28b24c104cd] Generating... 0 ready, 0 failed / 2 total (36s) play_circle 28% [HÀN play_circle 28% [HÀN
2026-09-05T05:05:42.829Z [350df8bc-4ca7-4235-b175-5dc8e75b5bbf][d889bfbd-3833-4a0f-a1b1-c28b24c104cd] Generating... 0 ready, 0 failed / 2 total (48s) play_circle 100% [HÀ play_circle 38% [HÀN
2026-09-05T05:05:42.876Z [3a79d7d0-3009-41ff-8b27-74175b6d6e2b][d889bfbd-3833-4a0f-a1b1-c28b24c104cd] Generating... 1 ready, 0 failed / 2 total (100s)
2026-09-05T05:05:43.647Z [4ab34f52-4152-48e7-84f4-5bec1315ce81][d889bfbd-3833-4a0f-a1b1-c28b24c104cd] Generating... 0 ready, 0 failed / 2 total (39s) play_circle 30% [HÀN play_circle 30% [HÀN
2026-09-05T05:05:45.896Z [3a79d7d0-3009-41ff-8b27-74175b6d6e2b][d889bfbd-3833-4a0f-a1b1-c28b24c104cd] Generating... 1 ready, 0 failed / 2 total (103s)
2026-09-05T05:05:45.910Z [350df8bc-4ca7-4235-b175-5dc8e75b5bbf][d889bfbd-3833-4a0f-a1b1-c28b24c104cd] Generating... 0 ready, 0 failed / 2 total (51s) [HÀNH ĐỘNG]Bắt đầu đ
2026-09-05T05:05:46.661Z [4ab34f52-4152-48e7-84f4-5bec1315ce81][d889bfbd-3833-4a0f-a1b1-c28b24c104cd] Generating... 0 ready, 0 failed / 2 total (42s) play_circle 34% [HÀN play_circle 34% [HÀN
2026-09-05T05:05:48.916Z [3a79d7d0-3009-41ff-8b27-74175b6d6e2b][d889bfbd-3833-4a0f-a1b1-c28b24c104cd] Generating... 1 ready, 0 failed / 2 total (106s)
2026-09-05T05:05:48.931Z [350df8bc-4ca7-4235-b175-5dc8e75b5bbf][d889bfbd-3833-4a0f-a1b1-c28b24c104cd] Generating... 1 ready, 0 failed / 2 total (54s)
2026-09-05T05:05:49.685Z [4ab34f52-4152-48e7-84f4-5bec1315ce81][d889bfbd-3833-4a0f-a1b1-c28b24c104cd] Generating... 0 ready, 0 failed / 2 total (45s) play_circle 36% [HÀN play_circle 36% [HÀN
2026-09-05T05:05:51.938Z [3a79d7d0-3009-41ff-8b27-74175b6d6e2b][d889bfbd-3833-4a0f-a1b1-c28b24c104cd] Generating... 1 ready, 0 failed / 2 total (109s)
2026-09-05T05:05:51.956Z [350df8bc-4ca7-4235-b175-5dc8e75b5bbf][d889bfbd-3833-4a0f-a1b1-c28b24c104cd] Generating... 1 ready, 0 failed / 2 total (57s)
2026-09-05T05:05:52.700Z [4ab34f52-4152-48e7-84f4-5bec1315ce81][d889bfbd-3833-4a0f-a1b1-c28b24c104cd] Generating... 0 ready, 0 failed / 2 total (48s) play_circle 39% [HÀN play_circle 39% [HÀN
2026-09-05T05:05:54.954Z [3a79d7d0-3009-41ff-8b27-74175b6d6e2b][d889bfbd-3833-4a0f-a1b1-c28b24c104cd] Generating... 1 ready, 0 failed / 2 total (112s)
2026-09-05T05:05:54.969Z [350df8bc-4ca7-4235-b175-5dc8e75b5bbf][d889bfbd-3833-4a0f-a1b1-c28b24c104cd] Generating... 1 ready, 0 failed / 2 total (60s)
2026-09-05T05:05:55.714Z [4ab34f52-4152-48e7-84f4-5bec1315ce81][d889bfbd-3833-4a0f-a1b1-c28b24c104cd] Generating... 0 ready, 0 failed / 2 total (51s) play_circle 100% [HÀ play_circle 100% [HÀ
2026-09-05T05:05:57.972Z [3a79d7d0-3009-41ff-8b27-74175b6d6e2b][d889bfbd-3833-4a0f-a1b1-c28b24c104cd] Generating... 1 ready, 0 failed / 2 total (115s)
2026-09-05T05:05:57.987Z [350df8bc-4ca7-4235-b175-5dc8e75b5bbf][d889bfbd-3833-4a0f-a1b1-c28b24c104cd] Generating... 1 ready, 0 failed / 2 total (63s)
2026-09-05T05:05:58.737Z [4ab34f52-4152-48e7-84f4-5bec1315ce81][d889bfbd-3833-4a0f-a1b1-c28b24c104cd] Generating... 0 ready, 0 failed / 2 total (54s) play_circle 100% [HÀ play_circle 100% [HÀ
2026-09-05T05:06:00.993Z [3a79d7d0-3009-41ff-8b27-74175b6d6e2b][d889bfbd-3833-4a0f-a1b1-c28b24c104cd] Generating... 1 ready, 0 failed / 2 total (118s)
2026-09-05T05:06:01.009Z [350df8bc-4ca7-4235-b175-5dc8e75b5bbf][d889bfbd-3833-4a0f-a1b1-c28b24c104cd] Generating... 1 ready, 0 failed / 2 total (67s)
2026-09-05T05:06:01.767Z [4ab34f52-4152-48e7-84f4-5bec1315ce81][d889bfbd-3833-4a0f-a1b1-c28b24c104cd] Generating... 1 ready, 0 failed / 2 total (58s) [HÀNH ĐỘNG]Bắt đầu đ
2026-09-05T05:06:04.006Z [3a79d7d0-3009-41ff-8b27-74175b6d6e2b][d889bfbd-3833-4a0f-a1b1-c28b24c104cd] Generating... 1 ready, 0 failed / 2 total (121s)
2026-09-05T05:06:04.037Z [350df8bc-4ca7-4235-b175-5dc8e75b5bbf][d889bfbd-3833-4a0f-a1b1-c28b24c104cd] Generating... 1 ready, 0 failed / 2 total (70s)
2026-09-05T05:06:04.780Z [4ab34f52-4152-48e7-84f4-5bec1315ce81][d889bfbd-3833-4a0f-a1b1-c28b24c104cd] Generating... 2 ready, 0 failed / 2 total (61s)
2026-09-05T05:06:04.781Z [4ab34f52-4152-48e7-84f4-5bec1315ce81][d889bfbd-3833-4a0f-a1b1-c28b24c104cd] Batch done: 2 ready (target 2), 0 failed, scanned 2.
2026-09-05T05:06:04.781Z [4ab34f52-4152-48e7-84f4-5bec1315ce81][d889bfbd-3833-4a0f-a1b1-c28b24c104cd] 2 item(s) ready! Downloading...
2026-09-05T05:06:04.783Z [4ab34f52-4152-48e7-84f4-5bec1315ce81][d889bfbd-3833-4a0f-a1b1-c28b24c104cd] Item 1: no video source on the tile yet — hovering it to mount one.
2026-09-05T05:06:06.142Z [4ab34f52-4152-48e7-84f4-5bec1315ce81][d889bfbd-3833-4a0f-a1b1-c28b24c104cd] Item 1: Downloading from URL https://flow-content.google/video/ab5e5ece-8ed2-489c-aed3-6d419f19f55f?Expires=1788606354&KeyName=labs-flow-prod-cdn-key&Signature=KcrghvJ0NhP5F2q_kTqliqITG8A
2026-09-05T05:06:06.889Z [4ab34f52-4152-48e7-84f4-5bec1315ce81][d889bfbd-3833-4a0f-a1b1-c28b24c104cd] Downloaded 1/2: video_2026-09-05T05-06-04_01.mp4
2026-09-05T05:06:06.889Z [4ab34f52-4152-48e7-84f4-5bec1315ce81][d889bfbd-3833-4a0f-a1b1-c28b24c104cd] Item 2: no video source on the tile yet — hovering it to mount one.
2026-09-05T05:06:07.032Z [3a79d7d0-3009-41ff-8b27-74175b6d6e2b][d889bfbd-3833-4a0f-a1b1-c28b24c104cd] Generating... 1 ready, 0 failed / 2 total (124s)
2026-09-05T05:06:07.059Z [350df8bc-4ca7-4235-b175-5dc8e75b5bbf][d889bfbd-3833-4a0f-a1b1-c28b24c104cd] Generating... 1 ready, 0 failed / 2 total (73s)
2026-09-05T05:06:07.981Z [f673058a-9f99-4ecf-ae9b-ee4251728562][d889bfbd-3833-4a0f-a1b1-c28b24c104cd] Item 1 (try 1): 1080p saved via the UI download flow.
2026-09-05T05:06:08.076Z [f673058a-9f99-4ecf-ae9b-ee4251728562][d889bfbd-3833-4a0f-a1b1-c28b24c104cd] Item 1: upgraded to 1080p → D:\WINAI\Slow-English-with-Arlo_7_16_cmtlc8wj\video_2026-09-05T05-05-19_01.mp4
2026-09-05T05:06:08.076Z [f673058a-9f99-4ecf-ae9b-ee4251728562][d889bfbd-3833-4a0f-a1b1-c28b24c104cd] Uploading 1 video(s) to Xanh...
2026-09-05T05:06:08.563Z [4ab34f52-4152-48e7-84f4-5bec1315ce81][d889bfbd-3833-4a0f-a1b1-c28b24c104cd] Item 2: Downloading from URL https://flow-content.google/video/ebecc604-c8ae-4960-915b-ab9114850a99?Expires=1788606354&KeyName=labs-flow-prod-cdn-key&Signature=RGoyMNsqzDrZlb5Tl_bBx8V58SA
2026-09-05T05:06:08.726Z [f673058a-9f99-4ecf-ae9b-ee4251728562][d889bfbd-3833-4a0f-a1b1-c28b24c104cd] Item 1: Re-uploaded 1080p → https://studio.xanhmedia.vn/uploads/2026-09/1788584768482_8bed38_d889bfbd-3833-4a0f-a1b1-c28b24c104cd_f67.mp4
2026-09-05T05:06:08.727Z [f673058a-9f99-4ecf-ae9b-ee4251728562][d889bfbd-3833-4a0f-a1b1-c28b24c104cd] ✅ 1 item(s) + 1080p saved to Downloads/Win AI Toolkit/
2026-09-05T05:06:08.728Z [f673058a-9f99-4ecf-ae9b-ee4251728562][d889bfbd-3833-4a0f-a1b1-c28b24c104cd] All done (including any 1080p upgrades). Closing Playwright browser context.
2026-09-05T05:06:08.901Z [6fada1fd-5ae3-4a26-a7b7-c365ad90ed32][d889bfbd-3833-4a0f-a1b1-c28b24c104cd] runGeneration starting: task_id=6fada1fd-5ae3-4a26-a7b7-c365ad90ed32, profile_id=d889bfbd-3833-4a0f-a1b1-c28b24c104cd, target_site=google_flow
2026-09-05T05:06:08.902Z [6fada1fd-5ae3-4a26-a7b7-c365ad90ed32][d889bfbd-3833-4a0f-a1b1-c28b24c104cd] Opening Playwright browser with persistent profile cookies...
2026-09-05T05:06:08.902Z [6fada1fd-5ae3-4a26-a7b7-c365ad90ed32][d889bfbd-3833-4a0f-a1b1-c28b24c104cd] Browser engine: winhide (C:\Users\Admin\AppData\Roaming\com.tank.winai\winhide\chrome.exe) [hidden off-screen]
2026-09-05T05:06:08.903Z [6fada1fd-5ae3-4a26-a7b7-c365ad90ed32][d889bfbd-3833-4a0f-a1b1-c28b24c104cd] Launch mode: STEALTH (raw spawn + connectOverCDP)
2026-09-05T05:06:10.054Z [4ab34f52-4152-48e7-84f4-5bec1315ce81][d889bfbd-3833-4a0f-a1b1-c28b24c104cd] Downloaded 2/2: video_2026-09-05T05-06-04_02.mp4
2026-09-05T05:06:10.055Z [4ab34f52-4152-48e7-84f4-5bec1315ce81][d889bfbd-3833-4a0f-a1b1-c28b24c104cd] ✅ 2 item(s) saved to Downloads/Win AI Toolkit/
2026-09-05T05:06:10.067Z [3a79d7d0-3009-41ff-8b27-74175b6d6e2b][d889bfbd-3833-4a0f-a1b1-c28b24c104cd] Generating... 1 ready, 0 failed / 2 total (127s)
2026-09-05T05:06:10.083Z [350df8bc-4ca7-4235-b175-5dc8e75b5bbf][d889bfbd-3833-4a0f-a1b1-c28b24c104cd] Generating... 1 ready, 0 failed / 2 total (76s)
2026-09-05T05:06:10.687Z [6fada1fd-5ae3-4a26-a7b7-c365ad90ed32][d889bfbd-3833-4a0f-a1b1-c28b24c104cd] Exit IP: 115.74.128.9
2026-09-05T05:06:10.687Z [6fada1fd-5ae3-4a26-a7b7-c365ad90ed32][d889bfbd-3833-4a0f-a1b1-c28b24c104cd] Navigating browser to Google Flow tools page...
2026-09-05T05:06:10.688Z [6fada1fd-5ae3-4a26-a7b7-c365ad90ed32][d889bfbd-3833-4a0f-a1b1-c28b24c104cd] Using existing project URL: https://flow.google.com/project/cae2bf2b-d1b8-40f9-a300-9f2aa6276ea5?hl=en
2026-09-05T05:06:11.502Z [6fada1fd-5ae3-4a26-a7b7-c365ad90ed32][d889bfbd-3833-4a0f-a1b1-c28b24c104cd] Waiting for Google Flow...
2026-09-05T05:06:13.040Z [6fada1fd-5ae3-4a26-a7b7-c365ad90ed32][d889bfbd-3833-4a0f-a1b1-c28b24c104cd] In existing project ✓
2026-09-05T05:06:13.088Z [3a79d7d0-3009-41ff-8b27-74175b6d6e2b][d889bfbd-3833-4a0f-a1b1-c28b24c104cd] Generating... 1 ready, 0 failed / 2 total (130s)
2026-09-05T05:06:13.101Z [350df8bc-4ca7-4235-b175-5dc8e75b5bbf][d889bfbd-3833-4a0f-a1b1-c28b24c104cd] Generating... 1 ready, 0 failed / 2 total (79s)
2026-09-05T05:06:14.116Z [6fada1fd-5ae3-4a26-a7b7-c365ad90ed32][d889bfbd-3833-4a0f-a1b1-c28b24c104cd] dismissPopups: unresolved overlay(s) ["IFRAME[presentation]|btns="]
2026-09-05T05:06:16.126Z [3a79d7d0-3009-41ff-8b27-74175b6d6e2b][d889bfbd-3833-4a0f-a1b1-c28b24c104cd] Generating... 1 ready, 0 failed / 2 total (133s)
2026-09-05T05:06:16.127Z [350df8bc-4ca7-4235-b175-5dc8e75b5bbf][d889bfbd-3833-4a0f-a1b1-c28b24c104cd] Generating... 1 ready, 0 failed / 2 total (82s)
2026-09-05T05:06:16.640Z [6fada1fd-5ae3-4a26-a7b7-c365ad90ed32][d889bfbd-3833-4a0f-a1b1-c28b24c104cd] Composer ready ✓ (UI language: en)
2026-09-05T05:06:16.665Z [6fada1fd-5ae3-4a26-a7b7-c365ad90ed32][d889bfbd-3833-4a0f-a1b1-c28b24c104cd] dismissPopups: unresolved overlay(s) ["DIV[]|btns=","DIV[]|btns="]
2026-09-05T05:06:16.688Z [6fada1fd-5ae3-4a26-a7b7-c365ad90ed32][d889bfbd-3833-4a0f-a1b1-c28b24c104cd] Agent toggle aria-pressed=false
2026-09-05T05:06:16.689Z [6fada1fd-5ae3-4a26-a7b7-c365ad90ed32][d889bfbd-3833-4a0f-a1b1-c28b24c104cd] Opening settings...
2026-09-05T05:06:18.556Z [6fada1fd-5ae3-4a26-a7b7-c365ad90ed32][d889bfbd-3833-4a0f-a1b1-c28b24c104cd] Configuring video settings...
2026-09-05T05:06:18.586Z [6fada1fd-5ae3-4a26-a7b7-c365ad90ed32][d889bfbd-3833-4a0f-a1b1-c28b24c104cd] Mode: "videocam Video" already selected ✓
2026-09-05T05:06:19.153Z [3a79d7d0-3009-41ff-8b27-74175b6d6e2b][d889bfbd-3833-4a0f-a1b1-c28b24c104cd] Generating... 1 ready, 0 failed / 2 total (136s)
2026-09-05T05:06:19.154Z [350df8bc-4ca7-4235-b175-5dc8e75b5bbf][d889bfbd-3833-4a0f-a1b1-c28b24c104cd] Generating... 1 ready, 0 failed / 2 total (85s)
2026-09-05T05:06:21.134Z [6fada1fd-5ae3-4a26-a7b7-c365ad90ed32][d889bfbd-3833-4a0f-a1b1-c28b24c104cd] Video type: selected "crop_free Frames" ✓
2026-09-05T05:06:22.173Z [350df8bc-4ca7-4235-b175-5dc8e75b5bbf][d889bfbd-3833-4a0f-a1b1-c28b24c104cd] Generating... 1 ready, 0 failed / 2 total (88s)
2026-09-05T05:06:22.173Z [3a79d7d0-3009-41ff-8b27-74175b6d6e2b][d889bfbd-3833-4a0f-a1b1-c28b24c104cd] Generating... 1 ready, 0 failed / 2 total (139s)
2026-09-05T05:06:25.188Z [3a79d7d0-3009-41ff-8b27-74175b6d6e2b][d889bfbd-3833-4a0f-a1b1-c28b24c104cd] Generating... 1 ready, 0 failed / 2 total (142s)
2026-09-05T05:06:25.189Z [350df8bc-4ca7-4235-b175-5dc8e75b5bbf][d889bfbd-3833-4a0f-a1b1-c28b24c104cd] Generating... 1 ready, 0 failed / 2 total (91s)
2026-09-05T05:06:25.633Z [6fada1fd-5ae3-4a26-a7b7-c365ad90ed32][d889bfbd-3833-4a0f-a1b1-c28b24c104cd] Model: selected "Veo 3.1 - Lite [Lower Priority]" ✓
2026-09-05T05:06:26.558Z [6fada1fd-5ae3-4a26-a7b7-c365ad90ed32][d889bfbd-3833-4a0f-a1b1-c28b24c104cd] Aspect ratio: "crop_16_9 16:9" already selected ✓
2026-09-05T05:06:26.563Z [6fada1fd-5ae3-4a26-a7b7-c365ad90ed32][d889bfbd-3833-4a0f-a1b1-c28b24c104cd] Video resolution: toggle group "Video resolution" not present (model may not offer it) — skipped.
2026-09-05T05:06:26.628Z [6fada1fd-5ae3-4a26-a7b7-c365ad90ed32][d889bfbd-3833-4a0f-a1b1-c28b24c104cd] Duration: "8s" already selected ✓
2026-09-05T05:06:26.651Z [6fada1fd-5ae3-4a26-a7b7-c365ad90ed32][d889bfbd-3833-4a0f-a1b1-c28b24c104cd] Output count: "x2" already selected ✓
2026-09-05T05:06:27.954Z [6fada1fd-5ae3-4a26-a7b7-c365ad90ed32][d889bfbd-3833-4a0f-a1b1-c28b24c104cd] Start keyframe: downloading from URL...
2026-09-05T05:06:28.144Z [6fada1fd-5ae3-4a26-a7b7-c365ad90ed32][d889bfbd-3833-4a0f-a1b1-c28b24c104cd] Downloader: no-proxy request context ready.
2026-09-05T05:06:28.213Z [3a79d7d0-3009-41ff-8b27-74175b6d6e2b][d889bfbd-3833-4a0f-a1b1-c28b24c104cd] Generating... 1 ready, 0 failed / 2 total (145s)
2026-09-05T05:06:28.213Z [350df8bc-4ca7-4235-b175-5dc8e75b5bbf][d889bfbd-3833-4a0f-a1b1-c28b24c104cd] Generating... 1 ready, 0 failed / 2 total (94s)
2026-09-05T05:06:28.377Z [6fada1fd-5ae3-4a26-a7b7-c365ad90ed32][d889bfbd-3833-4a0f-a1b1-c28b24c104cd] Start keyframe: saved 133068 bytes (image/png) as "1788442041197_874fe2_60f7c834-1526-409d-b017-21db20795e19_0b1.png"
2026-09-05T05:06:28.402Z [6fada1fd-5ae3-4a26-a7b7-c365ad90ed32][d889bfbd-3833-4a0f-a1b1-c28b24c104cd] Start keyframe: setting start keyframe...
2026-09-05T05:06:30.568Z [6fada1fd-5ae3-4a26-a7b7-c365ad90ed32][d889bfbd-3833-4a0f-a1b1-c28b24c104cd] Start keyframe: "1788442041197_874fe2_60f7c834-1526-409d-b017-21db20795e19_0b1.png" not in the library yet — uploading it first.
2026-09-05T05:06:31.229Z [3a79d7d0-3009-41ff-8b27-74175b6d6e2b][d889bfbd-3833-4a0f-a1b1-c28b24c104cd] Generating... 1 ready, 0 failed / 2 total (149s)
2026-09-05T05:06:31.229Z [350df8bc-4ca7-4235-b175-5dc8e75b5bbf][d889bfbd-3833-4a0f-a1b1-c28b24c104cd] Generating... 1 ready, 0 failed / 2 total (97s)
2026-09-05T05:06:34.247Z [3a79d7d0-3009-41ff-8b27-74175b6d6e2b][d889bfbd-3833-4a0f-a1b1-c28b24c104cd] Generating... 1 ready, 0 failed / 2 total (152s)
2026-09-05T05:06:34.248Z [350df8bc-4ca7-4235-b175-5dc8e75b5bbf][d889bfbd-3833-4a0f-a1b1-c28b24c104cd] Generating... 1 ready, 0 failed / 2 total (100s)
2026-09-05T05:06:34.439Z [6fada1fd-5ae3-4a26-a7b7-c365ad90ed32][d889bfbd-3833-4a0f-a1b1-c28b24c104cd] Start keyframe: uploading "1788442041197_874fe2_60f7c834-1526-409d-b017-21db20795e19_0b1.png" to the project library...
2026-09-05T05:06:35.357Z [6fada1fd-5ae3-4a26-a7b7-c365ad90ed32][d889bfbd-3833-4a0f-a1b1-c28b24c104cd] Start keyframe: upload finished ✓
2026-09-05T05:06:37.271Z [3a79d7d0-3009-41ff-8b27-74175b6d6e2b][d889bfbd-3833-4a0f-a1b1-c28b24c104cd] Generating... 1 ready, 0 failed / 2 total (155s)
2026-09-05T05:06:37.271Z [350df8bc-4ca7-4235-b175-5dc8e75b5bbf][d889bfbd-3833-4a0f-a1b1-c28b24c104cd] Generating... 1 ready, 0 failed / 2 total (103s)
2026-09-05T05:06:37.905Z [6fada1fd-5ae3-4a26-a7b7-c365ad90ed32][d889bfbd-3833-4a0f-a1b1-c28b24c104cd] Start keyframe: "1788442041197_874fe2_60f7c834-1526-409d-b017-21db20795e19_0b1.png" still not listed after uploading.
2026-09-05T05:06:38.456Z [6fada1fd-5ae3-4a26-a7b7-c365ad90ed32][d889bfbd-3833-4a0f-a1b1-c28b24c104cd] Flow attempt 1/1 failed: Start keyframe was requested but could not be attached — aborting so this gen is not silently made from the prompt alone.
2026-09-05T05:06:38.456Z [6fada1fd-5ae3-4a26-a7b7-c365ad90ed32][d889bfbd-3833-4a0f-a1b1-c28b24c104cd] runGeneration ERROR exception: Error: Start keyframe was requested but could not be attached — aborting so this gen is not silently made from the prompt alone.
    at runGoogleFlow (C:\snapshot\sidecar\dist\sidecar.cjs:7895:22)
    at async runGeneration (C:\snapshot\sidecar\dist\sidecar.cjs:8392:11)
    at async handleCommand (C:\snapshot\sidecar\dist\sidecar.cjs:6510:7)
    at async C:\snapshot\sidecar\dist\sidecar.cjs:6426:11
2026-09-05T05:06:39.061Z [884b8548-c034-49d2-96d5-fcf69bc86dea][d889bfbd-3833-4a0f-a1b1-c28b24c104cd] runGeneration starting: task_id=884b8548-c034-49d2-96d5-fcf69bc86dea, profile_id=d889bfbd-3833-4a0f-a1b1-c28b24c104cd, target_site=google_flow
2026-09-05T05:06:39.062Z [884b8548-c034-49d2-96d5-fcf69bc86dea][d889bfbd-3833-4a0f-a1b1-c28b24c104cd] Opening Playwright browser with persistent profile cookies...
2026-09-05T05:06:39.062Z [884b8548-c034-49d2-96d5-fcf69bc86dea][d889bfbd-3833-4a0f-a1b1-c28b24c104cd] Browser engine: winhide (C:\Users\Admin\AppData\Roaming\com.tank.winai\winhide\chrome.exe) [hidden off-screen]
2026-09-05T05:06:39.063Z [884b8548-c034-49d2-96d5-fcf69bc86dea][d889bfbd-3833-4a0f-a1b1-c28b24c104cd] Launch mode: STEALTH (raw spawn + connectOverCDP)
2026-09-05T05:06:40.293Z [3a79d7d0-3009-41ff-8b27-74175b6d6e2b][d889bfbd-3833-4a0f-a1b1-c28b24c104cd] Generating... 1 ready, 0 failed / 2 total (158s)
2026-09-05T05:06:40.292Z [350df8bc-4ca7-4235-b175-5dc8e75b5bbf][d889bfbd-3833-4a0f-a1b1-c28b24c104cd] Generating... 1 ready, 0 failed / 2 total (106s)
2026-09-05T05:06:40.489Z [884b8548-c034-49d2-96d5-fcf69bc86dea][d889bfbd-3833-4a0f-a1b1-c28b24c104cd] Exit IP: 115.74.128.9
2026-09-05T05:06:40.489Z [884b8548-c034-49d2-96d5-fcf69bc86dea][d889bfbd-3833-4a0f-a1b1-c28b24c104cd] Navigating browser to Google Flow tools page...
2026-09-05T05:06:40.490Z [884b8548-c034-49d2-96d5-fcf69bc86dea][d889bfbd-3833-4a0f-a1b1-c28b24c104cd] Using existing project URL: https://flow.google.com/project/cae2bf2b-d1b8-40f9-a300-9f2aa6276ea5?hl=en
2026-09-05T05:06:41.348Z [884b8548-c034-49d2-96d5-fcf69bc86dea][d889bfbd-3833-4a0f-a1b1-c28b24c104cd] Waiting for Google Flow...
2026-09-05T05:06:42.994Z [884b8548-c034-49d2-96d5-fcf69bc86dea][d889bfbd-3833-4a0f-a1b1-c28b24c104cd] Creating new project...
2026-09-05T05:06:43.311Z [3a79d7d0-3009-41ff-8b27-74175b6d6e2b][d889bfbd-3833-4a0f-a1b1-c28b24c104cd] Generating... 1 ready, 0 failed / 2 total (161s)
2026-09-05T05:06:43.311Z [350df8bc-4ca7-4235-b175-5dc8e75b5bbf][d889bfbd-3833-4a0f-a1b1-c28b24c104cd] Generating... 1 ready, 0 failed / 2 total (109s)
2026-09-05T05:06:46.326Z [350df8bc-4ca7-4235-b175-5dc8e75b5bbf][d889bfbd-3833-4a0f-a1b1-c28b24c104cd] Generating... 1 ready, 0 failed / 2 total (112s)
2026-09-05T05:06:46.327Z [3a79d7d0-3009-41ff-8b27-74175b6d6e2b][d889bfbd-3833-4a0f-a1b1-c28b24c104cd] Generating... 1 ready, 0 failed / 2 total (164s)
2026-09-05T05:06:49.347Z [350df8bc-4ca7-4235-b175-5dc8e75b5bbf][d889bfbd-3833-4a0f-a1b1-c28b24c104cd] Generating... 1 ready, 0 failed / 2 total (115s)
2026-09-05T05:06:49.348Z [3a79d7d0-3009-41ff-8b27-74175b6d6e2b][d889bfbd-3833-4a0f-a1b1-c28b24c104cd] Generating... 1 ready, 0 failed / 2 total (167s)
2026-09-05T05:06:52.359Z [3a79d7d0-3009-41ff-8b27-74175b6d6e2b][d889bfbd-3833-4a0f-a1b1-c28b24c104cd] Generating... 1 ready, 0 failed / 2 total (170s)
2026-09-05T05:06:52.359Z [350df8bc-4ca7-4235-b175-5dc8e75b5bbf][d889bfbd-3833-4a0f-a1b1-c28b24c104cd] Generating... 1 ready, 0 failed / 2 total (118s)
2026-09-05T05:06:55.373Z [350df8bc-4ca7-4235-b175-5dc8e75b5bbf][d889bfbd-3833-4a0f-a1b1-c28b24c104cd] Generating... 1 ready, 0 failed / 2 total (121s)
2026-09-05T05:06:55.374Z [3a79d7d0-3009-41ff-8b27-74175b6d6e2b][d889bfbd-3833-4a0f-a1b1-c28b24c104cd] Generating... 1 ready, 0 failed / 2 total (173s)
2026-09-05T05:06:58.392Z [350df8bc-4ca7-4235-b175-5dc8e75b5bbf][d889bfbd-3833-4a0f-a1b1-c28b24c104cd] Generating... 1 ready, 0 failed / 2 total (124s)
2026-09-05T05:06:58.392Z [3a79d7d0-3009-41ff-8b27-74175b6d6e2b][d889bfbd-3833-4a0f-a1b1-c28b24c104cd] Generating... 1 ready, 0 failed / 2 total (176s)
2026-09-05T05:07:01.405Z [3a79d7d0-3009-41ff-8b27-74175b6d6e2b][d889bfbd-3833-4a0f-a1b1-c28b24c104cd] Generating... 1 ready, 0 failed / 2 total (179s)
2026-09-05T05:07:01.405Z [350df8bc-4ca7-4235-b175-5dc8e75b5bbf][d889bfbd-3833-4a0f-a1b1-c28b24c104cd] Generating... 1 ready, 0 failed / 2 total (127s)
2026-09-05T05:07:03.005Z [884b8548-c034-49d2-96d5-fcf69bc86dea][d889bfbd-3833-4a0f-a1b1-c28b24c104cd] New project error: locator.waitFor: Timeout 20000ms exceeded.
Call log:
[2m  - waiting for locator('flow-projects-page button').filter({ hasText: /New project|Dự án mới/i }).first() to be visible[22m

2026-09-05T05:07:04.413Z [3a79d7d0-3009-41ff-8b27-74175b6d6e2b][d889bfbd-3833-4a0f-a1b1-c28b24c104cd] Poll ended with 1/2 ready — salvaging the completed item(s).
2026-09-05T05:07:04.413Z [3a79d7d0-3009-41ff-8b27-74175b6d6e2b][d889bfbd-3833-4a0f-a1b1-c28b24c104cd] 1 item(s) ready! Downloading...
2026-09-05T05:07:04.414Z [3a79d7d0-3009-41ff-8b27-74175b6d6e2b][d889bfbd-3833-4a0f-a1b1-c28b24c104cd] Item 1: no video source on the tile yet — hovering it to mount one.
2026-09-05T05:07:04.426Z [350df8bc-4ca7-4235-b175-5dc8e75b5bbf][d889bfbd-3833-4a0f-a1b1-c28b24c104cd] Generating... 1 ready, 0 failed / 2 total (130s)
2026-09-05T05:07:04.609Z [884b8548-c034-49d2-96d5-fcf69bc86dea][d889bfbd-3833-4a0f-a1b1-c28b24c104cd] dismissPopups: unresolved overlay(s) ["DIV[]|btns=","SPAN[]|btns="]
2026-09-05T05:07:06.111Z [3a79d7d0-3009-41ff-8b27-74175b6d6e2b][d889bfbd-3833-4a0f-a1b1-c28b24c104cd] Item 1: Downloading from URL https://flow-content.google/video/32593a8d-cf4d-47c7-a3c5-46204546b3a7?Expires=1788606288&KeyName=labs-flow-prod-cdn-key&Signature=3gyvvcaCb0CE8o4gqVPssLP9iRk
2026-09-05T05:07:06.307Z [3a79d7d0-3009-41ff-8b27-74175b6d6e2b][d889bfbd-3833-4a0f-a1b1-c28b24c104cd] Downloader: no-proxy request context ready.
2026-09-05T05:07:07.446Z [350df8bc-4ca7-4235-b175-5dc8e75b5bbf][d889bfbd-3833-4a0f-a1b1-c28b24c104cd] Generating... 1 ready, 0 failed / 2 total (133s)
2026-09-05T05:07:08.502Z [3a79d7d0-3009-41ff-8b27-74175b6d6e2b][d889bfbd-3833-4a0f-a1b1-c28b24c104cd] Downloaded 1/1: video_2026-09-05T05-07-04_01.mp4
2026-09-05T05:07:08.503Z [3a79d7d0-3009-41ff-8b27-74175b6d6e2b][d889bfbd-3833-4a0f-a1b1-c28b24c104cd] ✅ 1 item(s) saved to Downloads/Win AI Toolkit/
2026-09-05T05:07:10.460Z [350df8bc-4ca7-4235-b175-5dc8e75b5bbf][d889bfbd-3833-4a0f-a1b1-c28b24c104cd] Generating... 1 ready, 0 failed / 2 total (136s)
2026-09-05T05:07:13.479Z [350df8bc-4ca7-4235-b175-5dc8e75b5bbf][d889bfbd-3833-4a0f-a1b1-c28b24c104cd] Generating... 1 ready, 0 failed / 2 total (139s)
2026-09-05T05:07:16.497Z [350df8bc-4ca7-4235-b175-5dc8e75b5bbf][d889bfbd-3833-4a0f-a1b1-c28b24c104cd] Generating... 1 ready, 0 failed / 2 total (142s)
2026-09-05T05:07:19.511Z [350df8bc-4ca7-4235-b175-5dc8e75b5bbf][d889bfbd-3833-4a0f-a1b1-c28b24c104cd] Generating... 1 ready, 0 failed / 2 total (145s)
2026-09-05T05:07:22.533Z [350df8bc-4ca7-4235-b175-5dc8e75b5bbf][d889bfbd-3833-4a0f-a1b1-c28b24c104cd] Generating... 1 ready, 0 failed / 2 total (148s)
2026-09-05T05:07:25.558Z [350df8bc-4ca7-4235-b175-5dc8e75b5bbf][d889bfbd-3833-4a0f-a1b1-c28b24c104cd] Generating... 1 ready, 0 failed / 2 total (151s)
2026-09-05T05:07:28.574Z [350df8bc-4ca7-4235-b175-5dc8e75b5bbf][d889bfbd-3833-4a0f-a1b1-c28b24c104cd] Generating... 1 ready, 0 failed / 2 total (154s)
2026-09-05T05:07:29.624Z [884b8548-c034-49d2-96d5-fcf69bc86dea][d889bfbd-3833-4a0f-a1b1-c28b24c104cd] Composer never appeared. url=https://flow.google.com/about tiles=0 editors=0
2026-09-05T05:07:29.625Z [884b8548-c034-49d2-96d5-fcf69bc86dea][d889bfbd-3833-4a0f-a1b1-c28b24c104cd] Flow attempt 1/1 failed: Google Flow composer (prompt box) did not render — page may not have finished loading.
2026-09-05T05:07:29.625Z [884b8548-c034-49d2-96d5-fcf69bc86dea][d889bfbd-3833-4a0f-a1b1-c28b24c104cd] runGeneration ERROR exception: Error: Google Flow composer (prompt box) did not render — page may not have finished loading.
    at runGoogleFlow (C:\snapshot\sidecar\dist\sidecar.cjs:7592:11)
    at async runGeneration (C:\snapshot\sidecar\dist\sidecar.cjs:8392:11)
    at async handleCommand (C:\snapshot\sidecar\dist\sidecar.cjs:6510:7)
    at async C:\snapshot\sidecar\dist\sidecar.cjs:6426:11
2026-09-05T05:07:30.317Z [93a89227-f10d-4725-805a-a734417f8644][d889bfbd-3833-4a0f-a1b1-c28b24c104cd] runGeneration starting: task_id=93a89227-f10d-4725-805a-a734417f8644, profile_id=d889bfbd-3833-4a0f-a1b1-c28b24c104cd, target_site=google_flow
2026-09-05T05:07:30.317Z [93a89227-f10d-4725-805a-a734417f8644][d889bfbd-3833-4a0f-a1b1-c28b24c104cd] Opening Playwright browser with persistent profile cookies...
2026-09-05T05:07:30.318Z [93a89227-f10d-4725-805a-a734417f8644][d889bfbd-3833-4a0f-a1b1-c28b24c104cd] Browser engine: winhide (C:\Users\Admin\AppData\Roaming\com.tank.winai\winhide\chrome.exe) [hidden off-screen]
2026-09-05T05:07:30.318Z [93a89227-f10d-4725-805a-a734417f8644][d889bfbd-3833-4a0f-a1b1-c28b24c104cd] Launch mode: STEALTH (raw spawn + connectOverCDP)
2026-09-05T05:07:31.604Z [350df8bc-4ca7-4235-b175-5dc8e75b5bbf][d889bfbd-3833-4a0f-a1b1-c28b24c104cd] Generating... 1 ready, 0 failed / 2 total (157s)
2026-09-05T05:07:31.741Z [93a89227-f10d-4725-805a-a734417f8644][d889bfbd-3833-4a0f-a1b1-c28b24c104cd] Exit IP: 115.74.128.9
2026-09-05T05:07:31.741Z [93a89227-f10d-4725-805a-a734417f8644][d889bfbd-3833-4a0f-a1b1-c28b24c104cd] Navigating browser to Google Flow tools page...
2026-09-05T05:07:31.742Z [93a89227-f10d-4725-805a-a734417f8644][d889bfbd-3833-4a0f-a1b1-c28b24c104cd] Using existing project URL: https://flow.google.com/project/cae2bf2b-d1b8-40f9-a300-9f2aa6276ea5?hl=en
2026-09-05T05:07:32.511Z [93a89227-f10d-4725-805a-a734417f8644][d889bfbd-3833-4a0f-a1b1-c28b24c104cd] Waiting for Google Flow...
2026-09-05T05:07:34.039Z [93a89227-f10d-4725-805a-a734417f8644][d889bfbd-3833-4a0f-a1b1-c28b24c104cd] Creating new project...
2026-09-05T05:07:34.620Z [350df8bc-4ca7-4235-b175-5dc8e75b5bbf][d889bfbd-3833-4a0f-a1b1-c28b24c104cd] Generating... 1 ready, 0 failed / 2 total (160s)
2026-09-05T05:07:37.646Z [350df8bc-4ca7-4235-b175-5dc8e75b5bbf][d889bfbd-3833-4a0f-a1b1-c28b24c104cd] Generating... 1 ready, 0 failed / 2 total (163s)
2026-09-05T05:07:40.669Z [350df8bc-4ca7-4235-b175-5dc8e75b5bbf][d889bfbd-3833-4a0f-a1b1-c28b24c104cd] Generating... 1 ready, 0 failed / 2 total (166s)
2026-09-05T05:07:43.686Z [350df8bc-4ca7-4235-b175-5dc8e75b5bbf][d889bfbd-3833-4a0f-a1b1-c28b24c104cd] Generating... 1 ready, 0 failed / 2 total (169s)
2026-09-05T05:07:46.699Z [350df8bc-4ca7-4235-b175-5dc8e75b5bbf][d889bfbd-3833-4a0f-a1b1-c28b24c104cd] Generating... 1 ready, 0 failed / 2 total (172s)
2026-09-05T05:07:49.718Z [350df8bc-4ca7-4235-b175-5dc8e75b5bbf][d889bfbd-3833-4a0f-a1b1-c28b24c104cd] Generating... 1 ready, 0 failed / 2 total (175s)
2026-09-05T05:07:52.736Z [350df8bc-4ca7-4235-b175-5dc8e75b5bbf][d889bfbd-3833-4a0f-a1b1-c28b24c104cd] Generating... 1 ready, 0 failed / 2 total (178s)
2026-09-05T05:07:54.055Z [93a89227-f10d-4725-805a-a734417f8644][d889bfbd-3833-4a0f-a1b1-c28b24c104cd] New project error: locator.waitFor: Timeout 20000ms exceeded.
Call log:
[2m  - waiting for locator('flow-projects-page button').filter({ hasText: /New project|Dự án mới/i }).first() to be visible[22m

2026-09-05T05:07:55.404Z [93a89227-f10d-4725-805a-a734417f8644][d889bfbd-3833-4a0f-a1b1-c28b24c104cd] dismissPopups: unresolved overlay(s) ["DIV[]|btns=","SPAN[]|btns="]
2026-09-05T05:07:55.750Z [350df8bc-4ca7-4235-b175-5dc8e75b5bbf][d889bfbd-3833-4a0f-a1b1-c28b24c104cd] Poll ended with 1/2 ready — salvaging the completed item(s).
2026-09-05T05:07:55.750Z [350df8bc-4ca7-4235-b175-5dc8e75b5bbf][d889bfbd-3833-4a0f-a1b1-c28b24c104cd] 1 item(s) ready! Downloading...
2026-09-05T05:07:55.751Z [350df8bc-4ca7-4235-b175-5dc8e75b5bbf][d889bfbd-3833-4a0f-a1b1-c28b24c104cd] Item 1: no video source on the tile yet — hovering it to mount one.
2026-09-05T05:07:57.306Z [350df8bc-4ca7-4235-b175-5dc8e75b5bbf][d889bfbd-3833-4a0f-a1b1-c28b24c104cd] Item 1: Downloading from URL https://flow-content.google/video/227b965e-3f94-45e5-a047-44aab071057c?Expires=1788606339&KeyName=labs-flow-prod-cdn-key&Signature=1JRMRweP8CbiUnqI51k3Nj7_0Vw
2026-09-05T05:07:59.139Z [350df8bc-4ca7-4235-b175-5dc8e75b5bbf][d889bfbd-3833-4a0f-a1b1-c28b24c104cd] Downloaded 1/1: video_2026-09-05T05-07-55_01.mp4
2026-09-05T05:07:59.140Z [350df8bc-4ca7-4235-b175-5dc8e75b5bbf][d889bfbd-3833-4a0f-a1b1-c28b24c104cd] ✅ 1 item(s) saved to Downloads/Win AI Toolkit/
2026-09-05T05:08:20.419Z [93a89227-f10d-4725-805a-a734417f8644][d889bfbd-3833-4a0f-a1b1-c28b24c104cd] Composer never appeared. url=https://flow.google.com/about tiles=0 editors=0
2026-09-05T05:08:20.419Z [93a89227-f10d-4725-805a-a734417f8644][d889bfbd-3833-4a0f-a1b1-c28b24c104cd] Flow attempt 1/1 failed: Google Flow composer (prompt box) did not render — page may not have finished loading.
2026-09-05T05:08:20.419Z [93a89227-f10d-4725-805a-a734417f8644][d889bfbd-3833-4a0f-a1b1-c28b24c104cd] runGeneration ERROR exception: Error: Google Flow composer (prompt box) did not render — page may not have finished loading.
    at runGoogleFlow (C:\snapshot\sidecar\dist\sidecar.cjs:7592:11)
    at async runGeneration (C:\snapshot\sidecar\dist\sidecar.cjs:8392:11)
    at async handleCommand (C:\snapshot\sidecar\dist\sidecar.cjs:6510:7)
    at async C:\snapshot\sidecar\dist\sidecar.cjs:6426:11
2026-09-05T05:08:21.552Z [cedcd3e7-09de-422a-8fd3-226c494e6e92][d889bfbd-3833-4a0f-a1b1-c28b24c104cd] runGeneration starting: task_id=cedcd3e7-09de-422a-8fd3-226c494e6e92, profile_id=d889bfbd-3833-4a0f-a1b1-c28b24c104cd, target_site=google_flow
2026-09-05T05:08:21.553Z [cedcd3e7-09de-422a-8fd3-226c494e6e92][d889bfbd-3833-4a0f-a1b1-c28b24c104cd] Opening Playwright browser with persistent profile cookies...
2026-09-05T05:08:21.553Z [cedcd3e7-09de-422a-8fd3-226c494e6e92][d889bfbd-3833-4a0f-a1b1-c28b24c104cd] Browser engine: winhide (C:\Users\Admin\AppData\Roaming\com.tank.winai\winhide\chrome.exe) [hidden off-screen]
2026-09-05T05:08:21.553Z [cedcd3e7-09de-422a-8fd3-226c494e6e92][d889bfbd-3833-4a0f-a1b1-c28b24c104cd] Launch mode: STEALTH (raw spawn + connectOverCDP)
2026-09-05T05:08:22.993Z [cedcd3e7-09de-422a-8fd3-226c494e6e92][d889bfbd-3833-4a0f-a1b1-c28b24c104cd] Exit IP: 115.74.128.9
2026-09-05T05:08:22.994Z [cedcd3e7-09de-422a-8fd3-226c494e6e92][d889bfbd-3833-4a0f-a1b1-c28b24c104cd] Navigating browser to Google Flow tools page...
2026-09-05T05:08:22.995Z [cedcd3e7-09de-422a-8fd3-226c494e6e92][d889bfbd-3833-4a0f-a1b1-c28b24c104cd] Using existing project URL: https://flow.google.com/project/cae2bf2b-d1b8-40f9-a300-9f2aa6276ea5?hl=en
2026-09-05T05:08:23.748Z [cedcd3e7-09de-422a-8fd3-226c494e6e92][d889bfbd-3833-4a0f-a1b1-c28b24c104cd] Waiting for Google Flow...
2026-09-05T05:08:25.303Z [cedcd3e7-09de-422a-8fd3-226c494e6e92][d889bfbd-3833-4a0f-a1b1-c28b24c104cd] Creating new project...
2026-09-05T05:08:42.100Z [4ab34f52-4152-48e7-84f4-5bec1315ce81][d889bfbd-3833-4a0f-a1b1-c28b24c104cd] Item 1 (try 1): 1080p not received (page.waitForEvent: Timeout 150000ms exceeded while waiting for event "download"
=========================== logs ===========================
waiting for event "download"
============================================================) — keeping the direct download.
2026-09-05T05:08:45.313Z [cedcd3e7-09de-422a-8fd3-226c494e6e92][d889bfbd-3833-4a0f-a1b1-c28b24c104cd] New project error: locator.waitFor: Timeout 20000ms exceeded.
Call log:
[2m  - waiting for locator('flow-projects-page button').filter({ hasText: /New project|Dự án mới/i }).first() to be visible[22m

2026-09-05T05:08:46.662Z [cedcd3e7-09de-422a-8fd3-226c494e6e92][d889bfbd-3833-4a0f-a1b1-c28b24c104cd] dismissPopups: unresolved overlay(s) ["DIV[]|btns=","SPAN[]|btns="]
2026-09-05T05:09:11.683Z [cedcd3e7-09de-422a-8fd3-226c494e6e92][d889bfbd-3833-4a0f-a1b1-c28b24c104cd] Composer never appeared. url=https://flow.google.com/about tiles=0 editors=0
2026-09-05T05:09:11.684Z [cedcd3e7-09de-422a-8fd3-226c494e6e92][d889bfbd-3833-4a0f-a1b1-c28b24c104cd] Flow attempt 1/1 failed: Google Flow composer (prompt box) did not render — page may not have finished loading.
2026-09-05T05:09:11.684Z [cedcd3e7-09de-422a-8fd3-226c494e6e92][d889bfbd-3833-4a0f-a1b1-c28b24c104cd] runGeneration ERROR exception: Error: Google Flow composer (prompt box) did not render — page may not have finished loading.
    at runGoogleFlow (C:\snapshot\sidecar\dist\sidecar.cjs:7592:11)
    at async runGeneration (C:\snapshot\sidecar\dist\sidecar.cjs:8392:11)
    at async handleCommand (C:\snapshot\sidecar\dist\sidecar.cjs:6510:7)
    at async C:\snapshot\sidecar\dist\sidecar.cjs:6426:11
2026-09-05T05:09:12.803Z [1fefd986-0428-442c-92d3-98b4dcf6270d][d889bfbd-3833-4a0f-a1b1-c28b24c104cd] runGeneration starting: task_id=1fefd986-0428-442c-92d3-98b4dcf6270d, profile_id=d889bfbd-3833-4a0f-a1b1-c28b24c104cd, target_site=google_flow
2026-09-05T05:09:12.804Z [1fefd986-0428-442c-92d3-98b4dcf6270d][d889bfbd-3833-4a0f-a1b1-c28b24c104cd] Opening Playwright browser with persistent profile cookies...
2026-09-05T05:09:12.805Z [1fefd986-0428-442c-92d3-98b4dcf6270d][d889bfbd-3833-4a0f-a1b1-c28b24c104cd] Browser engine: winhide (C:\Users\Admin\AppData\Roaming\com.tank.winai\winhide\chrome.exe) [hidden off-screen]
2026-09-05T05:09:12.805Z [1fefd986-0428-442c-92d3-98b4dcf6270d][d889bfbd-3833-4a0f-a1b1-c28b24c104cd] Launch mode: STEALTH (raw spawn + connectOverCDP)
2026-09-05T05:09:14.334Z [1fefd986-0428-442c-92d3-98b4dcf6270d][d889bfbd-3833-4a0f-a1b1-c28b24c104cd] Exit IP: 115.74.128.9
2026-09-05T05:09:14.335Z [1fefd986-0428-442c-92d3-98b4dcf6270d][d889bfbd-3833-4a0f-a1b1-c28b24c104cd] Navigating browser to Google Flow tools page...
2026-09-05T05:09:14.335Z [1fefd986-0428-442c-92d3-98b4dcf6270d][d889bfbd-3833-4a0f-a1b1-c28b24c104cd] Using existing project URL: https://flow.google.com/project/cae2bf2b-d1b8-40f9-a300-9f2aa6276ea5?hl=en
2026-09-05T05:09:15.251Z [1fefd986-0428-442c-92d3-98b4dcf6270d][d889bfbd-3833-4a0f-a1b1-c28b24c104cd] Waiting for Google Flow...
2026-09-05T05:09:17.551Z [1fefd986-0428-442c-92d3-98b4dcf6270d][d889bfbd-3833-4a0f-a1b1-c28b24c104cd] Creating new project...
2026-09-05T05:09:37.563Z [1fefd986-0428-442c-92d3-98b4dcf6270d][d889bfbd-3833-4a0f-a1b1-c28b24c104cd] New project error: locator.waitFor: Timeout 20000ms exceeded.
Call log:
[2m  - waiting for locator('flow-projects-page button').filter({ hasText: /New project|Dự án mới/i }).first() to be visible[22m

2026-09-05T05:09:39.509Z [1fefd986-0428-442c-92d3-98b4dcf6270d][d889bfbd-3833-4a0f-a1b1-c28b24c104cd] dismissPopups: unresolved overlay(s) ["DIV[]|btns=","SPAN[]|btns="]
2026-09-05T05:09:40.436Z [3a79d7d0-3009-41ff-8b27-74175b6d6e2b][d889bfbd-3833-4a0f-a1b1-c28b24c104cd] Item 1 (try 1): 1080p not received (page.waitForEvent: Timeout 150000ms exceeded while waiting for event "download"
=========================== logs ===========================
waiting for event "download"
============================================================) — keeping the direct download.
2026-09-05T05:10:04.532Z [1fefd986-0428-442c-92d3-98b4dcf6270d][d889bfbd-3833-4a0f-a1b1-c28b24c104cd] Composer never appeared. url=https://flow.google.com/about tiles=0 editors=0
2026-09-05T05:10:04.532Z [1fefd986-0428-442c-92d3-98b4dcf6270d][d889bfbd-3833-4a0f-a1b1-c28b24c104cd] Flow attempt 1/1 failed: Google Flow composer (prompt box) did not render — page may not have finished loading.
2026-09-05T05:10:04.533Z [1fefd986-0428-442c-92d3-98b4dcf6270d][d889bfbd-3833-4a0f-a1b1-c28b24c104cd] runGeneration ERROR exception: Error: Google Flow composer (prompt box) did not render — page may not have finished loading.
    at runGoogleFlow (C:\snapshot\sidecar\dist\sidecar.cjs:7592:11)
    at async runGeneration (C:\snapshot\sidecar\dist\sidecar.cjs:8392:11)
    at async handleCommand (C:\snapshot\sidecar\dist\sidecar.cjs:6510:7)
    at async C:\snapshot\sidecar\dist\sidecar.cjs:6426:11
2026-09-05T05:10:05.570Z [058eb6ae-b7e9-4a32-8423-f1a86e61a6da][d889bfbd-3833-4a0f-a1b1-c28b24c104cd] runGeneration starting: task_id=058eb6ae-b7e9-4a32-8423-f1a86e61a6da, profile_id=d889bfbd-3833-4a0f-a1b1-c28b24c104cd, target_site=google_flow
2026-09-05T05:10:05.571Z [058eb6ae-b7e9-4a32-8423-f1a86e61a6da][d889bfbd-3833-4a0f-a1b1-c28b24c104cd] Opening Playwright browser with persistent profile cookies...
2026-09-05T05:10:05.572Z [058eb6ae-b7e9-4a32-8423-f1a86e61a6da][d889bfbd-3833-4a0f-a1b1-c28b24c104cd] Browser engine: winhide (C:\Users\Admin\AppData\Roaming\com.tank.winai\winhide\chrome.exe) [hidden off-screen]
2026-09-05T05:10:05.573Z [058eb6ae-b7e9-4a32-8423-f1a86e61a6da][d889bfbd-3833-4a0f-a1b1-c28b24c104cd] Launch mode: STEALTH (raw spawn + connectOverCDP)
2026-09-05T05:10:07.961Z [058eb6ae-b7e9-4a32-8423-f1a86e61a6da][d889bfbd-3833-4a0f-a1b1-c28b24c104cd] Exit IP: 115.74.128.9
2026-09-05T05:10:07.962Z [058eb6ae-b7e9-4a32-8423-f1a86e61a6da][d889bfbd-3833-4a0f-a1b1-c28b24c104cd] Navigating browser to Google Flow tools page...
2026-09-05T05:10:07.963Z [058eb6ae-b7e9-4a32-8423-f1a86e61a6da][d889bfbd-3833-4a0f-a1b1-c28b24c104cd] Using existing project URL: https://flow.google.com/project/cae2bf2b-d1b8-40f9-a300-9f2aa6276ea5?hl=en
2026-09-05T05:10:08.750Z [058eb6ae-b7e9-4a32-8423-f1a86e61a6da][d889bfbd-3833-4a0f-a1b1-c28b24c104cd] Waiting for Google Flow...
2026-09-05T05:10:10.573Z [058eb6ae-b7e9-4a32-8423-f1a86e61a6da][d889bfbd-3833-4a0f-a1b1-c28b24c104cd] Creating new project...
2026-09-05T05:10:30.578Z [058eb6ae-b7e9-4a32-8423-f1a86e61a6da][d889bfbd-3833-4a0f-a1b1-c28b24c104cd] New project error: locator.waitFor: Timeout 20000ms exceeded.
Call log:
[2m  - waiting for locator('flow-projects-page button').filter({ hasText: /New project|Dự án mới/i }).first() to be visible[22m

2026-09-05T05:10:31.061Z [350df8bc-4ca7-4235-b175-5dc8e75b5bbf][d889bfbd-3833-4a0f-a1b1-c28b24c104cd] Item 1 (try 1): 1080p not received (page.waitForEvent: Timeout 150000ms exceeded while waiting for event "download"
=========================== logs ===========================
waiting for event "download"
============================================================) — keeping the direct download.
2026-09-05T05:10:32.266Z [058eb6ae-b7e9-4a32-8423-f1a86e61a6da][d889bfbd-3833-4a0f-a1b1-c28b24c104cd] dismissPopups: unresolved overlay(s) ["DIV[]|btns=","SPAN[]|btns="]
2026-09-05T05:10:57.285Z [058eb6ae-b7e9-4a32-8423-f1a86e61a6da][d889bfbd-3833-4a0f-a1b1-c28b24c104cd] Composer never appeared. url=https://flow.google.com/about tiles=0 editors=0
2026-09-05T05:10:57.285Z [058eb6ae-b7e9-4a32-8423-f1a86e61a6da][d889bfbd-3833-4a0f-a1b1-c28b24c104cd] Flow attempt 1/1 failed: Google Flow composer (prompt box) did not render — page may not have finished loading.
2026-09-05T05:10:57.286Z [058eb6ae-b7e9-4a32-8423-f1a86e61a6da][d889bfbd-3833-4a0f-a1b1-c28b24c104cd] runGeneration ERROR exception: Error: Google Flow composer (prompt box) did not render — page may not have finished loading.
    at runGoogleFlow (C:\snapshot\sidecar\dist\sidecar.cjs:7592:11)
    at async runGeneration (C:\snapshot\sidecar\dist\sidecar.cjs:8392:11)
    at async handleCommand (C:\snapshot\sidecar\dist\sidecar.cjs:6510:7)
    at async C:\snapshot\sidecar\dist\sidecar.cjs:6426:11
2026-09-05T05:10:58.335Z [1bc7f33a-9713-46d0-b25b-a6e9f937fa4c][d889bfbd-3833-4a0f-a1b1-c28b24c104cd] runGeneration starting: task_id=1bc7f33a-9713-46d0-b25b-a6e9f937fa4c, profile_id=d889bfbd-3833-4a0f-a1b1-c28b24c104cd, target_site=google_flow
2026-09-05T05:10:58.336Z [1bc7f33a-9713-46d0-b25b-a6e9f937fa4c][d889bfbd-3833-4a0f-a1b1-c28b24c104cd] Opening Playwright browser with persistent profile cookies...
2026-09-05T05:10:58.337Z [1bc7f33a-9713-46d0-b25b-a6e9f937fa4c][d889bfbd-3833-4a0f-a1b1-c28b24c104cd] Browser engine: winhide (C:\Users\Admin\AppData\Roaming\com.tank.winai\winhide\chrome.exe) [hidden off-screen]
2026-09-05T05:10:58.338Z [1bc7f33a-9713-46d0-b25b-a6e9f937fa4c][d889bfbd-3833-4a0f-a1b1-c28b24c104cd] Launch mode: STEALTH (raw spawn + connectOverCDP)
2026-09-05T05:10:59.860Z [1bc7f33a-9713-46d0-b25b-a6e9f937fa4c][d889bfbd-3833-4a0f-a1b1-c28b24c104cd] Exit IP: 115.74.128.9
2026-09-05T05:10:59.860Z [1bc7f33a-9713-46d0-b25b-a6e9f937fa4c][d889bfbd-3833-4a0f-a1b1-c28b24c104cd] Navigating browser to Google Flow tools page...
2026-09-05T05:10:59.861Z [1bc7f33a-9713-46d0-b25b-a6e9f937fa4c][d889bfbd-3833-4a0f-a1b1-c28b24c104cd] Using existing project URL: https://flow.google.com/project/cae2bf2b-d1b8-40f9-a300-9f2aa6276ea5?hl=en
2026-09-05T05:11:00.711Z [1bc7f33a-9713-46d0-b25b-a6e9f937fa4c][d889bfbd-3833-4a0f-a1b1-c28b24c104cd] Waiting for Google Flow...
2026-09-05T05:11:02.601Z [1bc7f33a-9713-46d0-b25b-a6e9f937fa4c][d889bfbd-3833-4a0f-a1b1-c28b24c104cd] Creating new project...
2026-09-05T05:11:15.557Z [4ab34f52-4152-48e7-84f4-5bec1315ce81][d889bfbd-3833-4a0f-a1b1-c28b24c104cd] Item 1 (try 2): 1080p not received (page.waitForEvent: Timeout 150000ms exceeded while waiting for event "download"
=========================== logs ===========================
waiting for event "download"
============================================================) — keeping the direct download.
2026-09-05T05:11:22.617Z [1bc7f33a-9713-46d0-b25b-a6e9f937fa4c][d889bfbd-3833-4a0f-a1b1-c28b24c104cd] New project error: locator.waitFor: Timeout 20000ms exceeded.
Call log:
[2m  - waiting for locator('flow-projects-page button').filter({ hasText: /New project|Dự án mới/i }).first() to be visible[22m

2026-09-05T05:11:24.444Z [1bc7f33a-9713-46d0-b25b-a6e9f937fa4c][d889bfbd-3833-4a0f-a1b1-c28b24c104cd] dismissPopups: unresolved overlay(s) ["DIV[]|btns=","SPAN[]|btns="]
2026-09-05T05:11:49.458Z [1bc7f33a-9713-46d0-b25b-a6e9f937fa4c][d889bfbd-3833-4a0f-a1b1-c28b24c104cd] Composer never appeared. url=https://flow.google.com/about tiles=0 editors=0
2026-09-05T05:11:49.459Z [1bc7f33a-9713-46d0-b25b-a6e9f937fa4c][d889bfbd-3833-4a0f-a1b1-c28b24c104cd] Flow attempt 1/1 failed: Google Flow composer (prompt box) did not render — page may not have finished loading.
2026-09-05T05:11:49.460Z [1bc7f33a-9713-46d0-b25b-a6e9f937fa4c][d889bfbd-3833-4a0f-a1b1-c28b24c104cd] runGeneration ERROR exception: Error: Google Flow composer (prompt box) did not render — page may not have finished loading.
    at runGoogleFlow (C:\snapshot\sidecar\dist\sidecar.cjs:7592:11)
    at async runGeneration (C:\snapshot\sidecar\dist\sidecar.cjs:8392:11)
    at async handleCommand (C:\snapshot\sidecar\dist\sidecar.cjs:6510:7)
    at async C:\snapshot\sidecar\dist\sidecar.cjs:6426:11
2026-09-05T05:11:51.078Z [30b700b2-79d5-4873-88b0-3a13bd030beb][d889bfbd-3833-4a0f-a1b1-c28b24c104cd] runGeneration starting: task_id=30b700b2-79d5-4873-88b0-3a13bd030beb, profile_id=d889bfbd-3833-4a0f-a1b1-c28b24c104cd, target_site=google_flow
2026-09-05T05:11:51.079Z [30b700b2-79d5-4873-88b0-3a13bd030beb][d889bfbd-3833-4a0f-a1b1-c28b24c104cd] Opening Playwright browser with persistent profile cookies...
2026-09-05T05:11:51.079Z [30b700b2-79d5-4873-88b0-3a13bd030beb][d889bfbd-3833-4a0f-a1b1-c28b24c104cd] Browser engine: winhide (C:\Users\Admin\AppData\Roaming\com.tank.winai\winhide\chrome.exe) [hidden off-screen]
2026-09-05T05:11:51.080Z [30b700b2-79d5-4873-88b0-3a13bd030beb][d889bfbd-3833-4a0f-a1b1-c28b24c104cd] Launch mode: STEALTH (raw spawn + connectOverCDP)
2026-09-05T05:11:52.795Z [30b700b2-79d5-4873-88b0-3a13bd030beb][d889bfbd-3833-4a0f-a1b1-c28b24c104cd] Exit IP: 115.74.128.9
2026-09-05T05:11:52.795Z [30b700b2-79d5-4873-88b0-3a13bd030beb][d889bfbd-3833-4a0f-a1b1-c28b24c104cd] Navigating browser to Google Flow tools page...
2026-09-05T05:11:52.795Z [30b700b2-79d5-4873-88b0-3a13bd030beb][d889bfbd-3833-4a0f-a1b1-c28b24c104cd] Using existing project URL: https://flow.google.com/project/cae2bf2b-d1b8-40f9-a300-9f2aa6276ea5?hl=en
2026-09-05T05:11:53.544Z [30b700b2-79d5-4873-88b0-3a13bd030beb][d889bfbd-3833-4a0f-a1b1-c28b24c104cd] Waiting for Google Flow...
2026-09-05T05:11:56.029Z [30b700b2-79d5-4873-88b0-3a13bd030beb][d889bfbd-3833-4a0f-a1b1-c28b24c104cd] Creating new project...
2026-09-05T05:12:13.852Z [3a79d7d0-3009-41ff-8b27-74175b6d6e2b][d889bfbd-3833-4a0f-a1b1-c28b24c104cd] Item 1 (try 2): 1080p not received (page.waitForEvent: Timeout 150000ms exceeded while waiting for event "download"
=========================== logs ===========================
waiting for event "download"
============================================================) — keeping the direct download.
2026-09-05T05:12:16.037Z [30b700b2-79d5-4873-88b0-3a13bd030beb][d889bfbd-3833-4a0f-a1b1-c28b24c104cd] New project error: locator.waitFor: Timeout 20000ms exceeded.
Call log:
[2m  - waiting for locator('flow-projects-page button').filter({ hasText: /New project|Dự án mới/i }).first() to be visible[22m

2026-09-05T05:12:17.839Z [30b700b2-79d5-4873-88b0-3a13bd030beb][d889bfbd-3833-4a0f-a1b1-c28b24c104cd] dismissPopups: unresolved overlay(s) ["DIV[]|btns=","SPAN[]|btns="]
2026-09-05T05:12:42.863Z [30b700b2-79d5-4873-88b0-3a13bd030beb][d889bfbd-3833-4a0f-a1b1-c28b24c104cd] Composer never appeared. url=https://flow.google.com/about tiles=0 editors=0
2026-09-05T05:12:42.864Z [30b700b2-79d5-4873-88b0-3a13bd030beb][d889bfbd-3833-4a0f-a1b1-c28b24c104cd] Flow attempt 1/1 failed: Google Flow composer (prompt box) did not render — page may not have finished loading.
2026-09-05T05:12:42.864Z [30b700b2-79d5-4873-88b0-3a13bd030beb][d889bfbd-3833-4a0f-a1b1-c28b24c104cd] runGeneration ERROR exception: Error: Google Flow composer (prompt box) did not render — page may not have finished loading.
    at runGoogleFlow (C:\snapshot\sidecar\dist\sidecar.cjs:7592:11)
    at async runGeneration (C:\snapshot\sidecar\dist\sidecar.cjs:8392:11)
    at async handleCommand (C:\snapshot\sidecar\dist\sidecar.cjs:6510:7)
    at async C:\snapshot\sidecar\dist\sidecar.cjs:6426:11
2026-09-05T05:12:43.829Z [63cc1da5-e98a-4942-8794-9ae09c733058][d889bfbd-3833-4a0f-a1b1-c28b24c104cd] runGeneration starting: task_id=63cc1da5-e98a-4942-8794-9ae09c733058, profile_id=d889bfbd-3833-4a0f-a1b1-c28b24c104cd, target_site=google_flow
2026-09-05T05:12:43.830Z [63cc1da5-e98a-4942-8794-9ae09c733058][d889bfbd-3833-4a0f-a1b1-c28b24c104cd] Opening Playwright browser with persistent profile cookies...
2026-09-05T05:12:43.830Z [63cc1da5-e98a-4942-8794-9ae09c733058][d889bfbd-3833-4a0f-a1b1-c28b24c104cd] Browser engine: winhide (C:\Users\Admin\AppData\Roaming\com.tank.winai\winhide\chrome.exe) [hidden off-screen]
2026-09-05T05:12:43.831Z [63cc1da5-e98a-4942-8794-9ae09c733058][d889bfbd-3833-4a0f-a1b1-c28b24c104cd] Launch mode: STEALTH (raw spawn + connectOverCDP)
2026-09-05T05:12:45.346Z [63cc1da5-e98a-4942-8794-9ae09c733058][d889bfbd-3833-4a0f-a1b1-c28b24c104cd] Exit IP: 115.74.128.9
2026-09-05T05:12:45.347Z [63cc1da5-e98a-4942-8794-9ae09c733058][d889bfbd-3833-4a0f-a1b1-c28b24c104cd] Navigating browser to Google Flow tools page...
2026-09-05T05:12:45.347Z [63cc1da5-e98a-4942-8794-9ae09c733058][d889bfbd-3833-4a0f-a1b1-c28b24c104cd] Using existing project URL: https://flow.google.com/project/cae2bf2b-d1b8-40f9-a300-9f2aa6276ea5?hl=en
2026-09-05T05:12:46.121Z [63cc1da5-e98a-4942-8794-9ae09c733058][d889bfbd-3833-4a0f-a1b1-c28b24c104cd] Waiting for Google Flow...
2026-09-05T05:12:47.655Z [63cc1da5-e98a-4942-8794-9ae09c733058][d889bfbd-3833-4a0f-a1b1-c28b24c104cd] Creating new project...
2026-09-05T05:13:04.490Z [350df8bc-4ca7-4235-b175-5dc8e75b5bbf][d889bfbd-3833-4a0f-a1b1-c28b24c104cd] Item 1 (try 2): 1080p not received (page.waitForEvent: Timeout 150000ms exceeded while waiting for event "download"
=========================== logs ===========================
waiting for event "download"
============================================================) — keeping the direct download.
2026-09-05T05:13:07.663Z [63cc1da5-e98a-4942-8794-9ae09c733058][d889bfbd-3833-4a0f-a1b1-c28b24c104cd] New project error: locator.waitFor: Timeout 20000ms exceeded.
Call log:
[2m  - waiting for locator('flow-projects-page button').filter({ hasText: /New project|Dự án mới/i }).first() to be visible[22m

2026-09-05T05:13:09.403Z [63cc1da5-e98a-4942-8794-9ae09c733058][d889bfbd-3833-4a0f-a1b1-c28b24c104cd] dismissPopups: unresolved overlay(s) ["DIV[]|btns=","SPAN[]|btns="]
2026-09-05T05:13:34.428Z [63cc1da5-e98a-4942-8794-9ae09c733058][d889bfbd-3833-4a0f-a1b1-c28b24c104cd] Composer never appeared. url=https://flow.google.com/about tiles=0 editors=0
2026-09-05T05:13:34.428Z [63cc1da5-e98a-4942-8794-9ae09c733058][d889bfbd-3833-4a0f-a1b1-c28b24c104cd] Flow attempt 1/1 failed: Google Flow composer (prompt box) did not render — page may not have finished loading.
2026-09-05T05:13:34.428Z [63cc1da5-e98a-4942-8794-9ae09c733058][d889bfbd-3833-4a0f-a1b1-c28b24c104cd] runGeneration ERROR exception: Error: Google Flow composer (prompt box) did not render — page may not have finished loading.
    at runGoogleFlow (C:\snapshot\sidecar\dist\sidecar.cjs:7592:11)
    at async runGeneration (C:\snapshot\sidecar\dist\sidecar.cjs:8392:11)
    at async handleCommand (C:\snapshot\sidecar\dist\sidecar.cjs:6510:7)
    at async C:\snapshot\sidecar\dist\sidecar.cjs:6426:11
2026-09-05T05:13:35.083Z [e490de2f-3e10-46c8-ae9b-aa957c9e482b][d889bfbd-3833-4a0f-a1b1-c28b24c104cd] runGeneration starting: task_id=e490de2f-3e10-46c8-ae9b-aa957c9e482b, profile_id=d889bfbd-3833-4a0f-a1b1-c28b24c104cd, target_site=google_flow
2026-09-05T05:13:35.084Z [e490de2f-3e10-46c8-ae9b-aa957c9e482b][d889bfbd-3833-4a0f-a1b1-c28b24c104cd] Opening Playwright browser with persistent profile cookies...
2026-09-05T05:13:35.085Z [e490de2f-3e10-46c8-ae9b-aa957c9e482b][d889bfbd-3833-4a0f-a1b1-c28b24c104cd] Browser engine: winhide (C:\Users\Admin\AppData\Roaming\com.tank.winai\winhide\chrome.exe) [hidden off-screen]
2026-09-05T05:13:35.086Z [e490de2f-3e10-46c8-ae9b-aa957c9e482b][d889bfbd-3833-4a0f-a1b1-c28b24c104cd] Launch mode: STEALTH (raw spawn + connectOverCDP)
2026-09-05T05:13:36.820Z [e490de2f-3e10-46c8-ae9b-aa957c9e482b][d889bfbd-3833-4a0f-a1b1-c28b24c104cd] Exit IP: 115.74.128.9
2026-09-05T05:13:36.820Z [e490de2f-3e10-46c8-ae9b-aa957c9e482b][d889bfbd-3833-4a0f-a1b1-c28b24c104cd] Navigating browser to Google Flow tools page...
2026-09-05T05:13:36.821Z [e490de2f-3e10-46c8-ae9b-aa957c9e482b][d889bfbd-3833-4a0f-a1b1-c28b24c104cd] Using existing project URL: https://flow.google.com/project/cae2bf2b-d1b8-40f9-a300-9f2aa6276ea5?hl=en
2026-09-05T05:13:37.691Z [e490de2f-3e10-46c8-ae9b-aa957c9e482b][d889bfbd-3833-4a0f-a1b1-c28b24c104cd] Waiting for Google Flow...
2026-09-05T05:13:39.666Z [e490de2f-3e10-46c8-ae9b-aa957c9e482b][d889bfbd-3833-4a0f-a1b1-c28b24c104cd] Creating new project...
2026-09-05T05:13:49.054Z [4ab34f52-4152-48e7-84f4-5bec1315ce81][d889bfbd-3833-4a0f-a1b1-c28b24c104cd] Item 1 (try 3): 1080p not received (page.waitForEvent: Timeout 150000ms exceeded while waiting for event "download"
=========================== logs ===========================
waiting for event "download"
============================================================) — keeping the direct download.
2026-09-05T05:13:49.064Z [4ab34f52-4152-48e7-84f4-5bec1315ce81][d889bfbd-3833-4a0f-a1b1-c28b24c104cd] Item 1: 1080p KHÔNG lấy được (failed) — giữ bản gốc, gắn cờ thiếu 1080p.
2026-09-05T05:13:49.065Z [4ab34f52-4152-48e7-84f4-5bec1315ce81][d889bfbd-3833-4a0f-a1b1-c28b24c104cd] Item 2: 1080p pass deadline hit — skip (keep the direct download, flag).
2026-09-05T05:13:49.065Z [4ab34f52-4152-48e7-84f4-5bec1315ce81][d889bfbd-3833-4a0f-a1b1-c28b24c104cd] Item 2: 1080p KHÔNG lấy được (failed) — giữ bản gốc, gắn cờ thiếu 1080p.
2026-09-05T05:13:49.065Z [4ab34f52-4152-48e7-84f4-5bec1315ce81][d889bfbd-3833-4a0f-a1b1-c28b24c104cd] Uploading 2 video(s) to Xanh...
2026-09-05T05:13:50.733Z [4ab34f52-4152-48e7-84f4-5bec1315ce81][d889bfbd-3833-4a0f-a1b1-c28b24c104cd] Item 1: Uploaded → https://studio.xanhmedia.vn/uploads/2026-09/1788585230478_9f39da_d889bfbd-3833-4a0f-a1b1-c28b24c104cd_4ab.mp4
2026-09-05T05:13:50.780Z [4ab34f52-4152-48e7-84f4-5bec1315ce81][d889bfbd-3833-4a0f-a1b1-c28b24c104cd] Item 2: Uploaded → https://studio.xanhmedia.vn/uploads/2026-09/1788585230521_d39220_d889bfbd-3833-4a0f-a1b1-c28b24c104cd_4ab.mp4
2026-09-05T05:13:50.780Z [4ab34f52-4152-48e7-84f4-5bec1315ce81][d889bfbd-3833-4a0f-a1b1-c28b24c104cd] ✅ 2 item(s) + 1080p saved to Downloads/Win AI Toolkit/
2026-09-05T05:13:50.783Z [4ab34f52-4152-48e7-84f4-5bec1315ce81][d889bfbd-3833-4a0f-a1b1-c28b24c104cd] All done (including any 1080p upgrades). Closing Playwright browser context.
2026-09-05T05:13:51.235Z [9ac707f8-3030-44f6-ab20-7caee0de6930][d889bfbd-3833-4a0f-a1b1-c28b24c104cd] runGeneration starting: task_id=9ac707f8-3030-44f6-ab20-7caee0de6930, profile_id=d889bfbd-3833-4a0f-a1b1-c28b24c104cd, target_site=google_flow
2026-09-05T05:13:51.236Z [9ac707f8-3030-44f6-ab20-7caee0de6930][d889bfbd-3833-4a0f-a1b1-c28b24c104cd] Opening Playwright browser with persistent profile cookies...
2026-09-05T05:13:51.236Z [9ac707f8-3030-44f6-ab20-7caee0de6930][d889bfbd-3833-4a0f-a1b1-c28b24c104cd] Browser engine: winhide (C:\Users\Admin\AppData\Roaming\com.tank.winai\winhide\chrome.exe) [hidden off-screen]
2026-09-05T05:13:51.237Z [9ac707f8-3030-44f6-ab20-7caee0de6930][d889bfbd-3833-4a0f-a1b1-c28b24c104cd] Launch mode: STEALTH (raw spawn + connectOverCDP)
2026-09-05T05:13:52.691Z [9ac707f8-3030-44f6-ab20-7caee0de6930][d889bfbd-3833-4a0f-a1b1-c28b24c104cd] Exit IP: 115.74.128.9
2026-09-05T05:13:52.691Z [9ac707f8-3030-44f6-ab20-7caee0de6930][d889bfbd-3833-4a0f-a1b1-c28b24c104cd] Navigating browser to Google Flow tools page...
2026-09-05T05:13:52.691Z [9ac707f8-3030-44f6-ab20-7caee0de6930][d889bfbd-3833-4a0f-a1b1-c28b24c104cd] Using existing project URL: https://flow.google.com/project/33ca2cc2-c9ff-4bb6-9048-2a7af1dfcfee?hl=en
2026-09-05T05:13:53.579Z [9ac707f8-3030-44f6-ab20-7caee0de6930][d889bfbd-3833-4a0f-a1b1-c28b24c104cd] Waiting for Google Flow...
2026-09-05T05:13:55.886Z [9ac707f8-3030-44f6-ab20-7caee0de6930][d889bfbd-3833-4a0f-a1b1-c28b24c104cd] Creating new project...
2026-09-05T05:13:59.678Z [e490de2f-3e10-46c8-ae9b-aa957c9e482b][d889bfbd-3833-4a0f-a1b1-c28b24c104cd] New project error: locator.waitFor: Timeout 20000ms exceeded.
Call log:
[2m  - waiting for locator('flow-projects-page button').filter({ hasText: /New project|Dự án mới/i }).first() to be visible[22m

2026-09-05T05:14:01.433Z [e490de2f-3e10-46c8-ae9b-aa957c9e482b][d889bfbd-3833-4a0f-a1b1-c28b24c104cd] dismissPopups: unresolved overlay(s) ["DIV[]|btns=","SPAN[]|btns="]
2026-09-05T05:14:15.906Z [9ac707f8-3030-44f6-ab20-7caee0de6930][d889bfbd-3833-4a0f-a1b1-c28b24c104cd] New project error: locator.waitFor: Timeout 20000ms exceeded.
Call log:
[2m  - waiting for locator('flow-projects-page button').filter({ hasText: /New project|Dự án mới/i }).first() to be visible[22m

2026-09-05T05:14:17.620Z [9ac707f8-3030-44f6-ab20-7caee0de6930][d889bfbd-3833-4a0f-a1b1-c28b24c104cd] dismissPopups: unresolved overlay(s) ["DIV[]|btns=","SPAN[]|btns="]
2026-09-05T05:14:26.456Z [e490de2f-3e10-46c8-ae9b-aa957c9e482b][d889bfbd-3833-4a0f-a1b1-c28b24c104cd] Composer never appeared. url=https://flow.google.com/about tiles=0 editors=0
2026-09-05T05:14:26.456Z [e490de2f-3e10-46c8-ae9b-aa957c9e482b][d889bfbd-3833-4a0f-a1b1-c28b24c104cd] Flow attempt 1/1 failed: Google Flow composer (prompt box) did not render — page may not have finished loading.
2026-09-05T05:14:26.456Z [e490de2f-3e10-46c8-ae9b-aa957c9e482b][d889bfbd-3833-4a0f-a1b1-c28b24c104cd] runGeneration ERROR exception: Error: Google Flow composer (prompt box) did not render — page may not have finished loading.
    at runGoogleFlow (C:\snapshot\sidecar\dist\sidecar.cjs:7592:11)
    at async runGeneration (C:\snapshot\sidecar\dist\sidecar.cjs:8392:11)
    at async handleCommand (C:\snapshot\sidecar\dist\sidecar.cjs:6510:7)
    at async C:\snapshot\sidecar\dist\sidecar.cjs:6426:11
2026-09-05T05:14:27.823Z [ac6932c3-39e1-4d48-a8cd-306123190701][d889bfbd-3833-4a0f-a1b1-c28b24c104cd] runGeneration starting: task_id=ac6932c3-39e1-4d48-a8cd-306123190701, profile_id=d889bfbd-3833-4a0f-a1b1-c28b24c104cd, target_site=google_flow
2026-09-05T05:14:27.824Z [ac6932c3-39e1-4d48-a8cd-306123190701][d889bfbd-3833-4a0f-a1b1-c28b24c104cd] Opening Playwright browser with persistent profile cookies...
2026-09-05T05:14:27.824Z [ac6932c3-39e1-4d48-a8cd-306123190701][d889bfbd-3833-4a0f-a1b1-c28b24c104cd] Browser engine: winhide (C:\Users\Admin\AppData\Roaming\com.tank.winai\winhide\chrome.exe) [hidden off-screen]
2026-09-05T05:14:27.825Z [ac6932c3-39e1-4d48-a8cd-306123190701][d889bfbd-3833-4a0f-a1b1-c28b24c104cd] Launch mode: STEALTH (raw spawn + connectOverCDP)
2026-09-05T05:14:29.200Z [ac6932c3-39e1-4d48-a8cd-306123190701][d889bfbd-3833-4a0f-a1b1-c28b24c104cd] Exit IP: 115.74.128.9
2026-09-05T05:14:29.201Z [ac6932c3-39e1-4d48-a8cd-306123190701][d889bfbd-3833-4a0f-a1b1-c28b24c104cd] Navigating browser to Google Flow tools page...
2026-09-05T05:14:29.201Z [ac6932c3-39e1-4d48-a8cd-306123190701][d889bfbd-3833-4a0f-a1b1-c28b24c104cd] Using existing project URL: https://flow.google.com/project/cae2bf2b-d1b8-40f9-a300-9f2aa6276ea5?hl=en
2026-09-05T05:14:29.970Z [ac6932c3-39e1-4d48-a8cd-306123190701][d889bfbd-3833-4a0f-a1b1-c28b24c104cd] Waiting for Google Flow...
2026-09-05T05:14:31.535Z [ac6932c3-39e1-4d48-a8cd-306123190701][d889bfbd-3833-4a0f-a1b1-c28b24c104cd] Creating new project...
2026-09-05T05:14:42.643Z [9ac707f8-3030-44f6-ab20-7caee0de6930][d889bfbd-3833-4a0f-a1b1-c28b24c104cd] Composer never appeared. url=https://flow.google.com/about tiles=0 editors=0
2026-09-05T05:14:42.644Z [9ac707f8-3030-44f6-ab20-7caee0de6930][d889bfbd-3833-4a0f-a1b1-c28b24c104cd] Flow attempt 1/1 failed: Google Flow composer (prompt box) did not render — page may not have finished loading.
2026-09-05T05:14:42.644Z [9ac707f8-3030-44f6-ab20-7caee0de6930][d889bfbd-3833-4a0f-a1b1-c28b24c104cd] runGeneration ERROR exception: Error: Google Flow composer (prompt box) did not render — page may not have finished loading.
    at runGoogleFlow (C:\snapshot\sidecar\dist\sidecar.cjs:7592:11)
    at async runGeneration (C:\snapshot\sidecar\dist\sidecar.cjs:8392:11)
    at async handleCommand (C:\snapshot\sidecar\dist\sidecar.cjs:6510:7)
    at async C:\snapshot\sidecar\dist\sidecar.cjs:6426:11
2026-09-05T05:14:44.010Z [ceeba7fe-03d6-40d1-8298-a415c4d2dff5][d889bfbd-3833-4a0f-a1b1-c28b24c104cd] runGeneration starting: task_id=ceeba7fe-03d6-40d1-8298-a415c4d2dff5, profile_id=d889bfbd-3833-4a0f-a1b1-c28b24c104cd, target_site=google_flow
2026-09-05T05:14:44.011Z [ceeba7fe-03d6-40d1-8298-a415c4d2dff5][d889bfbd-3833-4a0f-a1b1-c28b24c104cd] Opening Playwright browser with persistent profile cookies...
2026-09-05T05:14:44.011Z [ceeba7fe-03d6-40d1-8298-a415c4d2dff5][d889bfbd-3833-4a0f-a1b1-c28b24c104cd] Browser engine: winhide (C:\Users\Admin\AppData\Roaming\com.tank.winai\winhide\chrome.exe) [hidden off-screen]
2026-09-05T05:14:44.012Z [ceeba7fe-03d6-40d1-8298-a415c4d2dff5][d889bfbd-3833-4a0f-a1b1-c28b24c104cd] Launch mode: STEALTH (raw spawn + connectOverCDP)
2026-09-05T05:14:45.771Z [ceeba7fe-03d6-40d1-8298-a415c4d2dff5][d889bfbd-3833-4a0f-a1b1-c28b24c104cd] Exit IP: 115.74.128.9
2026-09-05T05:14:45.771Z [ceeba7fe-03d6-40d1-8298-a415c4d2dff5][d889bfbd-3833-4a0f-a1b1-c28b24c104cd] Navigating browser to Google Flow tools page...
2026-09-05T05:14:45.771Z [ceeba7fe-03d6-40d1-8298-a415c4d2dff5][d889bfbd-3833-4a0f-a1b1-c28b24c104cd] Using existing project URL: https://flow.google.com/project/33ca2cc2-c9ff-4bb6-9048-2a7af1dfcfee?hl=en
2026-09-05T05:14:46.632Z [ceeba7fe-03d6-40d1-8298-a415c4d2dff5][d889bfbd-3833-4a0f-a1b1-c28b24c104cd] Waiting for Google Flow...
2026-09-05T05:14:47.280Z [3a79d7d0-3009-41ff-8b27-74175b6d6e2b][d889bfbd-3833-4a0f-a1b1-c28b24c104cd] Item 1 (try 3): 1080p not received (page.waitForEvent: Timeout 150000ms exceeded while waiting for event "download"
=========================== logs ===========================
waiting for event "download"
============================================================) — keeping the direct download.
2026-09-05T05:14:47.306Z [3a79d7d0-3009-41ff-8b27-74175b6d6e2b][d889bfbd-3833-4a0f-a1b1-c28b24c104cd] Item 1: 1080p KHÔNG lấy được (failed) — giữ bản gốc, gắn cờ thiếu 1080p.
2026-09-05T05:14:47.307Z [3a79d7d0-3009-41ff-8b27-74175b6d6e2b][d889bfbd-3833-4a0f-a1b1-c28b24c104cd] Uploading 1 video(s) to Xanh...
2026-09-05T05:14:47.806Z [3a79d7d0-3009-41ff-8b27-74175b6d6e2b][d889bfbd-3833-4a0f-a1b1-c28b24c104cd] Item 1: Uploaded → https://studio.xanhmedia.vn/uploads/2026-09/1788585287556_81b699_d889bfbd-3833-4a0f-a1b1-c28b24c104cd_3a7.mp4
2026-09-05T05:14:47.806Z [3a79d7d0-3009-41ff-8b27-74175b6d6e2b][d889bfbd-3833-4a0f-a1b1-c28b24c104cd] ✅ 1 item(s) + 1080p saved to Downloads/Win AI Toolkit/
2026-09-05T05:14:47.810Z [3a79d7d0-3009-41ff-8b27-74175b6d6e2b][d889bfbd-3833-4a0f-a1b1-c28b24c104cd] All done (including any 1080p upgrades). Closing Playwright browser context.
2026-09-05T05:14:48.535Z [74023e40-ead3-413c-8c7f-4b0accb42c0e][d889bfbd-3833-4a0f-a1b1-c28b24c104cd] runGeneration starting: task_id=74023e40-ead3-413c-8c7f-4b0accb42c0e, profile_id=d889bfbd-3833-4a0f-a1b1-c28b24c104cd, target_site=google_flow
2026-09-05T05:14:48.537Z [74023e40-ead3-413c-8c7f-4b0accb42c0e][d889bfbd-3833-4a0f-a1b1-c28b24c104cd] Opening Playwright browser with persistent profile cookies...
2026-09-05T05:14:48.538Z [74023e40-ead3-413c-8c7f-4b0accb42c0e][d889bfbd-3833-4a0f-a1b1-c28b24c104cd] Browser engine: winhide (C:\Users\Admin\AppData\Roaming\com.tank.winai\winhide\chrome.exe) [hidden off-screen]
2026-09-05T05:14:48.539Z [74023e40-ead3-413c-8c7f-4b0accb42c0e][d889bfbd-3833-4a0f-a1b1-c28b24c104cd] Launch mode: STEALTH (raw spawn + connectOverCDP)
2026-09-05T05:14:48.976Z [ceeba7fe-03d6-40d1-8298-a415c4d2dff5][d889bfbd-3833-4a0f-a1b1-c28b24c104cd] Creating new project...
2026-09-05T05:14:51.553Z [ac6932c3-39e1-4d48-a8cd-306123190701][d889bfbd-3833-4a0f-a1b1-c28b24c104cd] New project error: locator.waitFor: Timeout 20000ms exceeded.
Call log:
[2m  - waiting for locator('flow-projects-page button').filter({ hasText: /New project|Dự án mới/i }).first() to be visible[22m

2026-09-05T05:14:52.162Z [74023e40-ead3-413c-8c7f-4b0accb42c0e][d889bfbd-3833-4a0f-a1b1-c28b24c104cd] Exit IP: 115.74.128.9
2026-09-05T05:14:52.163Z [74023e40-ead3-413c-8c7f-4b0accb42c0e][d889bfbd-3833-4a0f-a1b1-c28b24c104cd] Navigating browser to Google Flow tools page...
2026-09-05T05:14:52.164Z [74023e40-ead3-413c-8c7f-4b0accb42c0e][d889bfbd-3833-4a0f-a1b1-c28b24c104cd] Using existing project URL: https://flow.google.com/project/c2a607c5-d833-4be1-8108-407b74d4ed85?hl=en
2026-09-05T05:14:53.138Z [74023e40-ead3-413c-8c7f-4b0accb42c0e][d889bfbd-3833-4a0f-a1b1-c28b24c104cd] Waiting for Google Flow...
2026-09-05T05:14:53.494Z [ac6932c3-39e1-4d48-a8cd-306123190701][d889bfbd-3833-4a0f-a1b1-c28b24c104cd] dismissPopups: unresolved overlay(s) ["DIV[]|btns=","SPAN[]|btns="]
2026-09-05T05:14:55.333Z [74023e40-ead3-413c-8c7f-4b0accb42c0e][d889bfbd-3833-4a0f-a1b1-c28b24c104cd] Creating new project...
2026-09-05T05:15:08.991Z [ceeba7fe-03d6-40d1-8298-a415c4d2dff5][d889bfbd-3833-4a0f-a1b1-c28b24c104cd] New project error: locator.waitFor: Timeout 20000ms exceeded.
Call log:
[2m  - waiting for locator('flow-projects-page button').filter({ hasText: /New project|Dự án mới/i }).first() to be visible[22m

2026-09-05T05:15:10.341Z [ceeba7fe-03d6-40d1-8298-a415c4d2dff5][d889bfbd-3833-4a0f-a1b1-c28b24c104cd] dismissPopups: unresolved overlay(s) ["DIV[]|btns=","SPAN[]|btns="]
2026-09-05T05:15:15.343Z [74023e40-ead3-413c-8c7f-4b0accb42c0e][d889bfbd-3833-4a0f-a1b1-c28b24c104cd] New project error: locator.waitFor: Timeout 20000ms exceeded.
Call log:
[2m  - waiting for locator('flow-projects-page button').filter({ hasText: /New project|Dự án mới/i }).first() to be visible[22m

2026-09-05T05:15:17.204Z [74023e40-ead3-413c-8c7f-4b0accb42c0e][d889bfbd-3833-4a0f-a1b1-c28b24c104cd] dismissPopups: unresolved overlay(s) ["DIV[]|btns=","SPAN[]|btns="]
2026-09-05T05:15:18.511Z [ac6932c3-39e1-4d48-a8cd-306123190701][d889bfbd-3833-4a0f-a1b1-c28b24c104cd] Composer never appeared. url=https://flow.google.com/about tiles=0 editors=0
2026-09-05T05:15:18.512Z [ac6932c3-39e1-4d48-a8cd-306123190701][d889bfbd-3833-4a0f-a1b1-c28b24c104cd] Flow attempt 1/1 failed: Google Flow composer (prompt box) did not render — page may not have finished loading.
2026-09-05T05:15:18.513Z [ac6932c3-39e1-4d48-a8cd-306123190701][d889bfbd-3833-4a0f-a1b1-c28b24c104cd] runGeneration ERROR exception: Error: Google Flow composer (prompt box) did not render — page may not have finished loading.
    at runGoogleFlow (C:\snapshot\sidecar\dist\sidecar.cjs:7592:11)
    at async runGeneration (C:\snapshot\sidecar\dist\sidecar.cjs:8392:11)
    at async handleCommand (C:\snapshot\sidecar\dist\sidecar.cjs:6510:7)
    at async C:\snapshot\sidecar\dist\sidecar.cjs:6426:11
2026-09-05T05:15:19.045Z [f71e0c27-2c53-485a-839f-6d1202d387a1][d889bfbd-3833-4a0f-a1b1-c28b24c104cd] runGeneration starting: task_id=f71e0c27-2c53-485a-839f-6d1202d387a1, profile_id=d889bfbd-3833-4a0f-a1b1-c28b24c104cd, target_site=google_flow
2026-09-05T05:15:19.046Z [f71e0c27-2c53-485a-839f-6d1202d387a1][d889bfbd-3833-4a0f-a1b1-c28b24c104cd] Opening Playwright browser with persistent profile cookies...
2026-09-05T05:15:19.046Z [f71e0c27-2c53-485a-839f-6d1202d387a1][d889bfbd-3833-4a0f-a1b1-c28b24c104cd] Browser engine: winhide (C:\Users\Admin\AppData\Roaming\com.tank.winai\winhide\chrome.exe) [hidden off-screen]
2026-09-05T05:15:19.047Z [f71e0c27-2c53-485a-839f-6d1202d387a1][d889bfbd-3833-4a0f-a1b1-c28b24c104cd] Launch mode: STEALTH (raw spawn + connectOverCDP)
2026-09-05T05:15:21.140Z [f71e0c27-2c53-485a-839f-6d1202d387a1][d889bfbd-3833-4a0f-a1b1-c28b24c104cd] Exit IP: 115.74.128.9
2026-09-05T05:15:21.140Z [f71e0c27-2c53-485a-839f-6d1202d387a1][d889bfbd-3833-4a0f-a1b1-c28b24c104cd] Navigating browser to Google Flow tools page...
2026-09-05T05:15:21.140Z [f71e0c27-2c53-485a-839f-6d1202d387a1][d889bfbd-3833-4a0f-a1b1-c28b24c104cd] Using existing project URL: https://flow.google.com/project/cae2bf2b-d1b8-40f9-a300-9f2aa6276ea5?hl=en
2026-09-05T05:15:21.988Z [f71e0c27-2c53-485a-839f-6d1202d387a1][d889bfbd-3833-4a0f-a1b1-c28b24c104cd] Waiting for Google Flow...
2026-09-05T05:15:23.707Z [f71e0c27-2c53-485a-839f-6d1202d387a1][d889bfbd-3833-4a0f-a1b1-c28b24c104cd] Creating new project...
2026-09-05T05:15:35.367Z [ceeba7fe-03d6-40d1-8298-a415c4d2dff5][d889bfbd-3833-4a0f-a1b1-c28b24c104cd] Composer never appeared. url=https://flow.google.com/about tiles=0 editors=0
2026-09-05T05:15:35.367Z [ceeba7fe-03d6-40d1-8298-a415c4d2dff5][d889bfbd-3833-4a0f-a1b1-c28b24c104cd] Flow attempt 1/1 failed: Google Flow composer (prompt box) did not render — page may not have finished loading.
2026-09-05T05:15:35.368Z [ceeba7fe-03d6-40d1-8298-a415c4d2dff5][d889bfbd-3833-4a0f-a1b1-c28b24c104cd] runGeneration ERROR exception: Error: Google Flow composer (prompt box) did not render — page may not have finished loading.
    at runGoogleFlow (C:\snapshot\sidecar\dist\sidecar.cjs:7592:11)
    at async runGeneration (C:\snapshot\sidecar\dist\sidecar.cjs:8392:11)
    at async handleCommand (C:\snapshot\sidecar\dist\sidecar.cjs:6510:7)
    at async C:\snapshot\sidecar\dist\sidecar.cjs:6426:11
2026-09-05T05:15:36.777Z [a68496ba-db5b-45b5-95b2-33644ca6509f][d889bfbd-3833-4a0f-a1b1-c28b24c104cd] runGeneration starting: task_id=a68496ba-db5b-45b5-95b2-33644ca6509f, profile_id=d889bfbd-3833-4a0f-a1b1-c28b24c104cd, target_site=google_flow
2026-09-05T05:15:36.778Z [a68496ba-db5b-45b5-95b2-33644ca6509f][d889bfbd-3833-4a0f-a1b1-c28b24c104cd] Opening Playwright browser with persistent profile cookies...
2026-09-05T05:15:36.778Z [a68496ba-db5b-45b5-95b2-33644ca6509f][d889bfbd-3833-4a0f-a1b1-c28b24c104cd] Browser engine: winhide (C:\Users\Admin\AppData\Roaming\com.tank.winai\winhide\chrome.exe) [hidden off-screen]
2026-09-05T05:15:36.779Z [a68496ba-db5b-45b5-95b2-33644ca6509f][d889bfbd-3833-4a0f-a1b1-c28b24c104cd] Launch mode: STEALTH (raw spawn + connectOverCDP)
2026-09-05T05:15:37.908Z [350df8bc-4ca7-4235-b175-5dc8e75b5bbf][d889bfbd-3833-4a0f-a1b1-c28b24c104cd] Item 1 (try 3): 1080p not received (page.waitForEvent: Timeout 150000ms exceeded while waiting for event "download"
=========================== logs ===========================
waiting for event "download"
============================================================) — keeping the direct download.
2026-09-05T05:15:37.921Z [350df8bc-4ca7-4235-b175-5dc8e75b5bbf][d889bfbd-3833-4a0f-a1b1-c28b24c104cd] Item 1: 1080p KHÔNG lấy được (failed) — giữ bản gốc, gắn cờ thiếu 1080p.
2026-09-05T05:15:37.921Z [350df8bc-4ca7-4235-b175-5dc8e75b5bbf][d889bfbd-3833-4a0f-a1b1-c28b24c104cd] Uploading 1 video(s) to Xanh...
2026-09-05T05:15:38.203Z [a68496ba-db5b-45b5-95b2-33644ca6509f][d889bfbd-3833-4a0f-a1b1-c28b24c104cd] Exit IP: 115.74.128.9
2026-09-05T05:15:38.203Z [a68496ba-db5b-45b5-95b2-33644ca6509f][d889bfbd-3833-4a0f-a1b1-c28b24c104cd] Navigating browser to Google Flow tools page...
2026-09-05T05:15:38.204Z [a68496ba-db5b-45b5-95b2-33644ca6509f][d889bfbd-3833-4a0f-a1b1-c28b24c104cd] Using existing project URL: https://flow.google.com/project/33ca2cc2-c9ff-4bb6-9048-2a7af1dfcfee?hl=en
2026-09-05T05:15:38.655Z [350df8bc-4ca7-4235-b175-5dc8e75b5bbf][d889bfbd-3833-4a0f-a1b1-c28b24c104cd] Item 1: Uploaded → https://studio.xanhmedia.vn/uploads/2026-09/1788585338408_fe1be1_d889bfbd-3833-4a0f-a1b1-c28b24c104cd_350.mp4
2026-09-05T05:15:38.655Z [350df8bc-4ca7-4235-b175-5dc8e75b5bbf][d889bfbd-3833-4a0f-a1b1-c28b24c104cd] ✅ 1 item(s) + 1080p saved to Downloads/Win AI Toolkit/
2026-09-05T05:15:38.657Z [350df8bc-4ca7-4235-b175-5dc8e75b5bbf][d889bfbd-3833-4a0f-a1b1-c28b24c104cd] All done (including any 1080p upgrades). Closing Playwright browser context.
2026-09-05T05:15:39.020Z [a68496ba-db5b-45b5-95b2-33644ca6509f][d889bfbd-3833-4a0f-a1b1-c28b24c104cd] Waiting for Google Flow...
2026-09-05T05:15:39.695Z [1918d06c-2073-4b73-a0c5-8c515cad5526][d889bfbd-3833-4a0f-a1b1-c28b24c104cd] runGeneration starting: task_id=1918d06c-2073-4b73-a0c5-8c515cad5526, profile_id=d889bfbd-3833-4a0f-a1b1-c28b24c104cd, target_site=google_flow
2026-09-05T05:15:39.696Z [1918d06c-2073-4b73-a0c5-8c515cad5526][d889bfbd-3833-4a0f-a1b1-c28b24c104cd] Opening Playwright browser with persistent profile cookies...
2026-09-05T05:15:39.697Z [1918d06c-2073-4b73-a0c5-8c515cad5526][d889bfbd-3833-4a0f-a1b1-c28b24c104cd] Browser engine: winhide (C:\Users\Admin\AppData\Roaming\com.tank.winai\winhide\chrome.exe) [hidden off-screen]
2026-09-05T05:15:39.697Z [1918d06c-2073-4b73-a0c5-8c515cad5526][d889bfbd-3833-4a0f-a1b1-c28b24c104cd] Launch mode: STEALTH (raw spawn + connectOverCDP)
2026-09-05T05:15:40.602Z [a68496ba-db5b-45b5-95b2-33644ca6509f][d889bfbd-3833-4a0f-a1b1-c28b24c104cd] Creating new project...
2026-09-05T05:15:41.901Z [1918d06c-2073-4b73-a0c5-8c515cad5526][d889bfbd-3833-4a0f-a1b1-c28b24c104cd] Exit IP: 115.74.128.9
2026-09-05T05:15:41.901Z [1918d06c-2073-4b73-a0c5-8c515cad5526][d889bfbd-3833-4a0f-a1b1-c28b24c104cd] Navigating browser to Google Flow tools page...
2026-09-05T05:15:41.902Z [1918d06c-2073-4b73-a0c5-8c515cad5526][d889bfbd-3833-4a0f-a1b1-c28b24c104cd] Using existing project URL: https://flow.google.com/project/cd81a7d3-c989-419e-891a-f8694174cb85?hl=en
2026-09-05T05:15:42.231Z [74023e40-ead3-413c-8c7f-4b0accb42c0e][d889bfbd-3833-4a0f-a1b1-c28b24c104cd] Composer never appeared. url=https://flow.google.com/about tiles=0 editors=0
2026-09-05T05:15:42.232Z [74023e40-ead3-413c-8c7f-4b0accb42c0e][d889bfbd-3833-4a0f-a1b1-c28b24c104cd] Flow attempt 1/1 failed: Google Flow composer (prompt box) did not render — page may not have finished loading.
2026-09-05T05:15:42.232Z [74023e40-ead3-413c-8c7f-4b0accb42c0e][d889bfbd-3833-4a0f-a1b1-c28b24c104cd] runGeneration ERROR exception: Error: Google Flow composer (prompt box) did not render — page may not have finished loading.
    at runGoogleFlow (C:\snapshot\sidecar\dist\sidecar.cjs:7592:11)
    at async runGeneration (C:\snapshot\sidecar\dist\sidecar.cjs:8392:11)
    at async handleCommand (C:\snapshot\sidecar\dist\sidecar.cjs:6510:7)
    at async C:\snapshot\sidecar\dist\sidecar.cjs:6426:11
2026-09-05T05:15:42.805Z [0e8e67e1-7840-4525-9088-9915a2eaba1d][d889bfbd-3833-4a0f-a1b1-c28b24c104cd] runGeneration starting: task_id=0e8e67e1-7840-4525-9088-9915a2eaba1d, profile_id=d889bfbd-3833-4a0f-a1b1-c28b24c104cd, target_site=google_flow
2026-09-05T05:15:42.806Z [0e8e67e1-7840-4525-9088-9915a2eaba1d][d889bfbd-3833-4a0f-a1b1-c28b24c104cd] Opening Playwright browser with persistent profile cookies...
2026-09-05T05:15:42.806Z [0e8e67e1-7840-4525-9088-9915a2eaba1d][d889bfbd-3833-4a0f-a1b1-c28b24c104cd] Browser engine: winhide (C:\Users\Admin\AppData\Roaming\com.tank.winai\winhide\chrome.exe) [hidden off-screen]
2026-09-05T05:15:42.807Z [0e8e67e1-7840-4525-9088-9915a2eaba1d][d889bfbd-3833-4a0f-a1b1-c28b24c104cd] Launch mode: STEALTH (raw spawn + connectOverCDP)
2026-09-05T05:15:43.734Z [f71e0c27-2c53-485a-839f-6d1202d387a1][d889bfbd-3833-4a0f-a1b1-c28b24c104cd] New project error: locator.waitFor: Timeout 20000ms exceeded.
Call log:
[2m  - waiting for locator('flow-projects-page button').filter({ hasText: /New project|Dự án mới/i }).first() to be visible[22m

2026-09-05T05:15:44.119Z [1918d06c-2073-4b73-a0c5-8c515cad5526][d889bfbd-3833-4a0f-a1b1-c28b24c104cd] Waiting for Google Flow...
2026-09-05T05:15:44.947Z [0e8e67e1-7840-4525-9088-9915a2eaba1d][d889bfbd-3833-4a0f-a1b1-c28b24c104cd] Exit IP: 115.74.128.9
2026-09-05T05:15:44.948Z [0e8e67e1-7840-4525-9088-9915a2eaba1d][d889bfbd-3833-4a0f-a1b1-c28b24c104cd] Navigating browser to Google Flow tools page...
2026-09-05T05:15:44.949Z [0e8e67e1-7840-4525-9088-9915a2eaba1d][d889bfbd-3833-4a0f-a1b1-c28b24c104cd] Using existing project URL: https://flow.google.com/project/c2a607c5-d833-4be1-8108-407b74d4ed85?hl=en
2026-09-05T05:15:45.638Z [f71e0c27-2c53-485a-839f-6d1202d387a1][d889bfbd-3833-4a0f-a1b1-c28b24c104cd] dismissPopups: unresolved overlay(s) ["DIV[]|btns=","SPAN[]|btns="]
2026-09-05T05:15:46.355Z [1918d06c-2073-4b73-a0c5-8c515cad5526][d889bfbd-3833-4a0f-a1b1-c28b24c104cd] Creating new project...
2026-09-05T05:15:47.259Z [0e8e67e1-7840-4525-9088-9915a2eaba1d][d889bfbd-3833-4a0f-a1b1-c28b24c104cd] Waiting for Google Flow...
2026-09-05T05:15:49.316Z [0e8e67e1-7840-4525-9088-9915a2eaba1d][d889bfbd-3833-4a0f-a1b1-c28b24c104cd] Creating new project...
2026-09-05T05:16:00.608Z [a68496ba-db5b-45b5-95b2-33644ca6509f][d889bfbd-3833-4a0f-a1b1-c28b24c104cd] New project error: locator.waitFor: Timeout 20000ms exceeded.
Call log:
[2m  - waiting for locator('flow-projects-page button').filter({ hasText: /New project|Dự án mới/i }).first() to be visible[22m

2026-09-05T05:16:02.095Z [a68496ba-db5b-45b5-95b2-33644ca6509f][d889bfbd-3833-4a0f-a1b1-c28b24c104cd] dismissPopups: unresolved overlay(s) ["DIV[]|btns=","SPAN[]|btns="]
2026-09-05T05:16:06.375Z [1918d06c-2073-4b73-a0c5-8c515cad5526][d889bfbd-3833-4a0f-a1b1-c28b24c104cd] New project error: locator.waitFor: Timeout 20000ms exceeded.
Call log:
[2m  - waiting for locator('flow-projects-page button').filter({ hasText: /New project|Dự án mới/i }).first() to be visible[22m

2026-09-05T05:16:07.769Z [1918d06c-2073-4b73-a0c5-8c515cad5526][d889bfbd-3833-4a0f-a1b1-c28b24c104cd] dismissPopups: unresolved overlay(s) ["DIV[]|btns=","SPAN[]|btns="]
2026-09-05T05:16:09.329Z [0e8e67e1-7840-4525-9088-9915a2eaba1d][d889bfbd-3833-4a0f-a1b1-c28b24c104cd] New project error: locator.waitFor: Timeout 20000ms exceeded.
Call log:
[2m  - waiting for locator('flow-projects-page button').filter({ hasText: /New project|Dự án mới/i }).first() to be visible[22m

2026-09-05T05:16:10.668Z [f71e0c27-2c53-485a-839f-6d1202d387a1][d889bfbd-3833-4a0f-a1b1-c28b24c104cd] Composer never appeared. url=https://flow.google.com/about tiles=0 editors=0
2026-09-05T05:16:10.668Z [f71e0c27-2c53-485a-839f-6d1202d387a1][d889bfbd-3833-4a0f-a1b1-c28b24c104cd] Flow attempt 1/1 failed: Google Flow composer (prompt box) did not render — page may not have finished loading.
2026-09-05T05:16:10.668Z [f71e0c27-2c53-485a-839f-6d1202d387a1][d889bfbd-3833-4a0f-a1b1-c28b24c104cd] runGeneration ERROR exception: Error: Google Flow composer (prompt box) did not render — page may not have finished loading.
    at runGoogleFlow (C:\snapshot\sidecar\dist\sidecar.cjs:7592:11)
    at async runGeneration (C:\snapshot\sidecar\dist\sidecar.cjs:8392:11)
    at async handleCommand (C:\snapshot\sidecar\dist\sidecar.cjs:6510:7)
    at async C:\snapshot\sidecar\dist\sidecar.cjs:6426:11
2026-09-05T05:16:11.100Z [0e8e67e1-7840-4525-9088-9915a2eaba1d][d889bfbd-3833-4a0f-a1b1-c28b24c104cd] dismissPopups: unresolved overlay(s) ["DIV[]|btns=","SPAN[]|btns="]
2026-09-05T05:16:15.439Z [2a59dc85-f515-4d9a-ad0b-769ce5e0b50a][d889bfbd-3833-4a0f-a1b1-c28b24c104cd] runGeneration starting: task_id=2a59dc85-f515-4d9a-ad0b-769ce5e0b50a, profile_id=d889bfbd-3833-4a0f-a1b1-c28b24c104cd, target_site=google_flow
2026-09-05T05:16:15.440Z [2a59dc85-f515-4d9a-ad0b-769ce5e0b50a][d889bfbd-3833-4a0f-a1b1-c28b24c104cd] Opening Playwright browser with persistent profile cookies...
2026-09-05T05:16:15.440Z [2a59dc85-f515-4d9a-ad0b-769ce5e0b50a][d889bfbd-3833-4a0f-a1b1-c28b24c104cd] Browser engine: winhide (C:\Users\Admin\AppData\Roaming\com.tank.winai\winhide\chrome.exe) [hidden off-screen]
2026-09-05T05:16:15.441Z [2a59dc85-f515-4d9a-ad0b-769ce5e0b50a][d889bfbd-3833-4a0f-a1b1-c28b24c104cd] Launch mode: STEALTH (raw spawn + connectOverCDP)
2026-09-05T05:16:16.824Z [2a59dc85-f515-4d9a-ad0b-769ce5e0b50a][d889bfbd-3833-4a0f-a1b1-c28b24c104cd] Exit IP: 115.74.128.9
2026-09-05T05:16:16.824Z [2a59dc85-f515-4d9a-ad0b-769ce5e0b50a][d889bfbd-3833-4a0f-a1b1-c28b24c104cd] Navigating browser to Google Flow tools page...
2026-09-05T05:16:16.825Z [2a59dc85-f515-4d9a-ad0b-769ce5e0b50a][d889bfbd-3833-4a0f-a1b1-c28b24c104cd] Using existing project URL: https://flow.google.com/project/cae2bf2b-d1b8-40f9-a300-9f2aa6276ea5?hl=en
2026-09-05T05:16:17.618Z [2a59dc85-f515-4d9a-ad0b-769ce5e0b50a][d889bfbd-3833-4a0f-a1b1-c28b24c104cd] Waiting for Google Flow...
2026-09-05T05:16:19.535Z [2a59dc85-f515-4d9a-ad0b-769ce5e0b50a][d889bfbd-3833-4a0f-a1b1-c28b24c104cd] Creating new project...
2026-09-05T05:16:39.546Z [2a59dc85-f515-4d9a-ad0b-769ce5e0b50a][d889bfbd-3833-4a0f-a1b1-c28b24c104cd] New project error: locator.waitFor: Timeout 20000ms exceeded.
Call log:
[2m  - waiting for locator('flow-projects-page button').filter({ hasText: /New project|Dự án mới/i }).first() to be visible[22m

2026-09-05T05:16:41.403Z [2a59dc85-f515-4d9a-ad0b-769ce5e0b50a][d889bfbd-3833-4a0f-a1b1-c28b24c104cd] dismissPopups: unresolved overlay(s) ["DIV[]|btns=","SPAN[]|btns="]
2026-09-05T05:17:06.419Z [2a59dc85-f515-4d9a-ad0b-769ce5e0b50a][d889bfbd-3833-4a0f-a1b1-c28b24c104cd] Composer never appeared. url=https://flow.google.com/about tiles=0 editors=0
2026-09-05T05:17:06.419Z [2a59dc85-f515-4d9a-ad0b-769ce5e0b50a][d889bfbd-3833-4a0f-a1b1-c28b24c104cd] Flow attempt 1/1 failed: Google Flow composer (prompt box) did not render — page may not have finished loading.
2026-09-05T05:17:06.420Z [2a59dc85-f515-4d9a-ad0b-769ce5e0b50a][d889bfbd-3833-4a0f-a1b1-c28b24c104cd] runGeneration ERROR exception: Error: Google Flow composer (prompt box) did not render — page may not have finished loading.
    at runGoogleFlow (C:\snapshot\sidecar\dist\sidecar.cjs:7592:11)
    at async runGeneration (C:\snapshot\sidecar\dist\sidecar.cjs:8392:11)
    at async handleCommand (C:\snapshot\sidecar\dist\sidecar.cjs:6510:7)
    at async C:\snapshot\sidecar\dist\sidecar.cjs:6426:11
2026-09-05T05:17:06.673Z [3e51fd23-0ae8-4b12-a835-886c2243f1d2][d889bfbd-3833-4a0f-a1b1-c28b24c104cd] runGeneration starting: task_id=3e51fd23-0ae8-4b12-a835-886c2243f1d2, profile_id=d889bfbd-3833-4a0f-a1b1-c28b24c104cd, target_site=google_flow
2026-09-05T05:17:06.675Z [3e51fd23-0ae8-4b12-a835-886c2243f1d2][d889bfbd-3833-4a0f-a1b1-c28b24c104cd] Opening Playwright browser with persistent profile cookies...
2026-09-05T05:17:06.675Z [3e51fd23-0ae8-4b12-a835-886c2243f1d2][d889bfbd-3833-4a0f-a1b1-c28b24c104cd] Browser engine: winhide (C:\Users\Admin\AppData\Roaming\com.tank.winai\winhide\chrome.exe) [hidden off-screen]
2026-09-05T05:17:06.676Z [3e51fd23-0ae8-4b12-a835-886c2243f1d2][d889bfbd-3833-4a0f-a1b1-c28b24c104cd] Launch mode: STEALTH (raw spawn + connectOverCDP)
2026-09-05T05:17:08.317Z [3e51fd23-0ae8-4b12-a835-886c2243f1d2][d889bfbd-3833-4a0f-a1b1-c28b24c104cd] Exit IP: 115.74.128.9
2026-09-05T05:17:08.317Z [3e51fd23-0ae8-4b12-a835-886c2243f1d2][d889bfbd-3833-4a0f-a1b1-c28b24c104cd] Navigating browser to Google Flow tools page...
2026-09-05T05:17:08.318Z [3e51fd23-0ae8-4b12-a835-886c2243f1d2][d889bfbd-3833-4a0f-a1b1-c28b24c104cd] Using existing project URL: https://flow.google.com/project/cae2bf2b-d1b8-40f9-a300-9f2aa6276ea5?hl=en
2026-09-05T05:17:09.215Z [3e51fd23-0ae8-4b12-a835-886c2243f1d2][d889bfbd-3833-4a0f-a1b1-c28b24c104cd] Waiting for Google Flow...
2026-09-05T05:17:11.435Z [3e51fd23-0ae8-4b12-a835-886c2243f1d2][d889bfbd-3833-4a0f-a1b1-c28b24c104cd] Creating new project...
2026-09-05T05:17:31.444Z [3e51fd23-0ae8-4b12-a835-886c2243f1d2][d889bfbd-3833-4a0f-a1b1-c28b24c104cd] New project error: locator.waitFor: Timeout 20000ms exceeded.
Call log:
[2m  - waiting for locator('flow-projects-page button').filter({ hasText: /New project|Dự án mới/i }).first() to be visible[22m

2026-09-05T05:17:33.165Z [3e51fd23-0ae8-4b12-a835-886c2243f1d2][d889bfbd-3833-4a0f-a1b1-c28b24c104cd] dismissPopups: unresolved overlay(s) ["DIV[]|btns=","SPAN[]|btns="]
2026-09-05T05:17:58.181Z [3e51fd23-0ae8-4b12-a835-886c2243f1d2][d889bfbd-3833-4a0f-a1b1-c28b24c104cd] Composer never appeared. url=https://flow.google.com/about tiles=0 editors=0
2026-09-05T05:17:58.181Z [3e51fd23-0ae8-4b12-a835-886c2243f1d2][d889bfbd-3833-4a0f-a1b1-c28b24c104cd] Flow attempt 1/1 failed: Google Flow composer (prompt box) did not render — page may not have finished loading.
2026-09-05T05:17:58.182Z [3e51fd23-0ae8-4b12-a835-886c2243f1d2][d889bfbd-3833-4a0f-a1b1-c28b24c104cd] runGeneration ERROR exception: Error: Google Flow composer (prompt box) did not render — page may not have finished loading.
    at runGoogleFlow (C:\snapshot\sidecar\dist\sidecar.cjs:7592:11)
    at async runGeneration (C:\snapshot\sidecar\dist\sidecar.cjs:8392:11)
    at async handleCommand (C:\snapshot\sidecar\dist\sidecar.cjs:6510:7)
    at async C:\snapshot\sidecar\dist\sidecar.cjs:6426:11
2026-09-05T05:17:59.387Z [6beb111e-e2da-46b7-9109-361c5749db41][d889bfbd-3833-4a0f-a1b1-c28b24c104cd] runGeneration starting: task_id=6beb111e-e2da-46b7-9109-361c5749db41, profile_id=d889bfbd-3833-4a0f-a1b1-c28b24c104cd, target_site=google_flow
2026-09-05T05:17:59.387Z [6beb111e-e2da-46b7-9109-361c5749db41][d889bfbd-3833-4a0f-a1b1-c28b24c104cd] Opening Playwright browser with persistent profile cookies...
2026-09-05T05:17:59.388Z [6beb111e-e2da-46b7-9109-361c5749db41][d889bfbd-3833-4a0f-a1b1-c28b24c104cd] Browser engine: winhide (C:\Users\Admin\AppData\Roaming\com.tank.winai\winhide\chrome.exe) [hidden off-screen]
2026-09-05T05:17:59.388Z [6beb111e-e2da-46b7-9109-361c5749db41][d889bfbd-3833-4a0f-a1b1-c28b24c104cd] Launch mode: STEALTH (raw spawn + connectOverCDP)
2026-09-05T05:18:00.679Z [6beb111e-e2da-46b7-9109-361c5749db41][d889bfbd-3833-4a0f-a1b1-c28b24c104cd] Exit IP: 115.74.128.9
2026-09-05T05:18:00.679Z [6beb111e-e2da-46b7-9109-361c5749db41][d889bfbd-3833-4a0f-a1b1-c28b24c104cd] Navigating browser to Google Flow tools page...
2026-09-05T05:18:00.680Z [6beb111e-e2da-46b7-9109-361c5749db41][d889bfbd-3833-4a0f-a1b1-c28b24c104cd] Using existing project URL: https://flow.google.com/project/cae2bf2b-d1b8-40f9-a300-9f2aa6276ea5?hl=en
2026-09-05T05:18:01.368Z [6beb111e-e2da-46b7-9109-361c5749db41][d889bfbd-3833-4a0f-a1b1-c28b24c104cd] Waiting for Google Flow...
2026-09-05T05:18:03.195Z [6beb111e-e2da-46b7-9109-361c5749db41][d889bfbd-3833-4a0f-a1b1-c28b24c104cd] Creating new project...
2026-09-05T05:18:23.208Z [6beb111e-e2da-46b7-9109-361c5749db41][d889bfbd-3833-4a0f-a1b1-c28b24c104cd] New project error: locator.waitFor: Timeout 20000ms exceeded.
Call log:
[2m  - waiting for locator('flow-projects-page button').filter({ hasText: /New project|Dự án mới/i }).first() to be visible[22m

2026-09-05T05:18:24.674Z [6beb111e-e2da-46b7-9109-361c5749db41][d889bfbd-3833-4a0f-a1b1-c28b24c104cd] dismissPopups: unresolved overlay(s) ["DIV[]|btns=","SPAN[]|btns="]
2026-09-05T05:18:49.693Z [6beb111e-e2da-46b7-9109-361c5749db41][d889bfbd-3833-4a0f-a1b1-c28b24c104cd] Composer never appeared. url=https://flow.google.com/about tiles=0 editors=0
2026-09-05T05:18:49.694Z [6beb111e-e2da-46b7-9109-361c5749db41][d889bfbd-3833-4a0f-a1b1-c28b24c104cd] Flow attempt 1/1 failed: Google Flow composer (prompt box) did not render — page may not have finished loading.
2026-09-05T05:18:49.694Z [6beb111e-e2da-46b7-9109-361c5749db41][d889bfbd-3833-4a0f-a1b1-c28b24c104cd] runGeneration ERROR exception: Error: Google Flow composer (prompt box) did not render — page may not have finished loading.
    at runGoogleFlow (C:\snapshot\sidecar\dist\sidecar.cjs:7592:11)
    at async runGeneration (C:\snapshot\sidecar\dist\sidecar.cjs:8392:11)
    at async handleCommand (C:\snapshot\sidecar\dist\sidecar.cjs:6510:7)
    at async C:\snapshot\sidecar\dist\sidecar.cjs:6426:11
2026-09-05T05:18:50.806Z [abdd62f6-9f65-4090-a9e1-6d098e301790][d889bfbd-3833-4a0f-a1b1-c28b24c104cd] runGeneration starting: task_id=abdd62f6-9f65-4090-a9e1-6d098e301790, profile_id=d889bfbd-3833-4a0f-a1b1-c28b24c104cd, target_site=google_flow
2026-09-05T05:18:50.806Z [abdd62f6-9f65-4090-a9e1-6d098e301790][d889bfbd-3833-4a0f-a1b1-c28b24c104cd] Opening Playwright browser with persistent profile cookies...
2026-09-05T05:18:50.807Z [abdd62f6-9f65-4090-a9e1-6d098e301790][d889bfbd-3833-4a0f-a1b1-c28b24c104cd] Browser engine: winhide (C:\Users\Admin\AppData\Roaming\com.tank.winai\winhide\chrome.exe) [hidden off-screen]
2026-09-05T05:18:50.807Z [abdd62f6-9f65-4090-a9e1-6d098e301790][d889bfbd-3833-4a0f-a1b1-c28b24c104cd] Launch mode: STEALTH (raw spawn + connectOverCDP)
2026-09-05T05:18:52.226Z [abdd62f6-9f65-4090-a9e1-6d098e301790][d889bfbd-3833-4a0f-a1b1-c28b24c104cd] Exit IP: 115.74.128.9
2026-09-05T05:18:52.227Z [abdd62f6-9f65-4090-a9e1-6d098e301790][d889bfbd-3833-4a0f-a1b1-c28b24c104cd] Navigating browser to Google Flow tools page...
2026-09-05T05:18:52.227Z [abdd62f6-9f65-4090-a9e1-6d098e301790][d889bfbd-3833-4a0f-a1b1-c28b24c104cd] Using existing project URL: https://flow.google.com/project/cae2bf2b-d1b8-40f9-a300-9f2aa6276ea5?hl=en
2026-09-05T05:18:53.091Z [abdd62f6-9f65-4090-a9e1-6d098e301790][d889bfbd-3833-4a0f-a1b1-c28b24c104cd] Waiting for Google Flow...
2026-09-05T05:18:55.375Z [abdd62f6-9f65-4090-a9e1-6d098e301790][d889bfbd-3833-4a0f-a1b1-c28b24c104cd] Creating new project...
2026-09-05T05:19:15.384Z [abdd62f6-9f65-4090-a9e1-6d098e301790][d889bfbd-3833-4a0f-a1b1-c28b24c104cd] New project error: locator.waitFor: Timeout 20000ms exceeded.
Call log:
[2m  - waiting for locator('flow-projects-page button').filter({ hasText: /New project|Dự án mới/i }).first() to be visible[22m

2026-09-05T05:19:16.881Z [abdd62f6-9f65-4090-a9e1-6d098e301790][d889bfbd-3833-4a0f-a1b1-c28b24c104cd] dismissPopups: unresolved overlay(s) ["DIV[]|btns=","SPAN[]|btns="]
2026-09-05T05:19:41.894Z [abdd62f6-9f65-4090-a9e1-6d098e301790][d889bfbd-3833-4a0f-a1b1-c28b24c104cd] Composer never appeared. url=https://flow.google.com/about tiles=0 editors=0
2026-09-05T05:19:41.895Z [abdd62f6-9f65-4090-a9e1-6d098e301790][d889bfbd-3833-4a0f-a1b1-c28b24c104cd] Flow attempt 1/1 failed: Google Flow composer (prompt box) did not render — page may not have finished loading.
2026-09-05T05:19:41.895Z [abdd62f6-9f65-4090-a9e1-6d098e301790][d889bfbd-3833-4a0f-a1b1-c28b24c104cd] runGeneration ERROR exception: Error: Google Flow composer (prompt box) did not render — page may not have finished loading.
    at runGoogleFlow (C:\snapshot\sidecar\dist\sidecar.cjs:7592:11)
    at async runGeneration (C:\snapshot\sidecar\dist\sidecar.cjs:8392:11)
    at async handleCommand (C:\snapshot\sidecar\dist\sidecar.cjs:6510:7)
    at async C:\snapshot\sidecar\dist\sidecar.cjs:6426:11
2026-09-05T05:19:42.062Z [71cfd2fb-7ae9-4f98-9145-7be705a14e09][d889bfbd-3833-4a0f-a1b1-c28b24c104cd] runGeneration starting: task_id=71cfd2fb-7ae9-4f98-9145-7be705a14e09, profile_id=d889bfbd-3833-4a0f-a1b1-c28b24c104cd, target_site=google_flow
2026-09-05T05:19:42.063Z [71cfd2fb-7ae9-4f98-9145-7be705a14e09][d889bfbd-3833-4a0f-a1b1-c28b24c104cd] Opening Playwright browser with persistent profile cookies...
2026-09-05T05:19:42.063Z [71cfd2fb-7ae9-4f98-9145-7be705a14e09][d889bfbd-3833-4a0f-a1b1-c28b24c104cd] Browser engine: winhide (C:\Users\Admin\AppData\Roaming\com.tank.winai\winhide\chrome.exe) [hidden off-screen]
2026-09-05T05:19:42.064Z [71cfd2fb-7ae9-4f98-9145-7be705a14e09][d889bfbd-3833-4a0f-a1b1-c28b24c104cd] Launch mode: STEALTH (raw spawn + connectOverCDP)
2026-09-05T05:19:43.746Z [71cfd2fb-7ae9-4f98-9145-7be705a14e09][d889bfbd-3833-4a0f-a1b1-c28b24c104cd] Exit IP: 115.74.128.9
2026-09-05T05:19:43.746Z [71cfd2fb-7ae9-4f98-9145-7be705a14e09][d889bfbd-3833-4a0f-a1b1-c28b24c104cd] Navigating browser to Google Flow tools page...
2026-09-05T05:19:43.747Z [71cfd2fb-7ae9-4f98-9145-7be705a14e09][d889bfbd-3833-4a0f-a1b1-c28b24c104cd] Using existing project URL: https://flow.google.com/project/cae2bf2b-d1b8-40f9-a300-9f2aa6276ea5?hl=en
2026-09-05T05:19:44.529Z [71cfd2fb-7ae9-4f98-9145-7be705a14e09][d889bfbd-3833-4a0f-a1b1-c28b24c104cd] Waiting for Google Flow...
2026-09-05T05:19:46.252Z [71cfd2fb-7ae9-4f98-9145-7be705a14e09][d889bfbd-3833-4a0f-a1b1-c28b24c104cd] Creating new project...
2026-09-05T05:20:06.258Z [71cfd2fb-7ae9-4f98-9145-7be705a14e09][d889bfbd-3833-4a0f-a1b1-c28b24c104cd] New project error: locator.waitFor: Timeout 20000ms exceeded.
Call log:
[2m  - waiting for locator('flow-projects-page button').filter({ hasText: /New project|Dự án mới/i }).first() to be visible[22m

2026-09-05T05:20:08.174Z [71cfd2fb-7ae9-4f98-9145-7be705a14e09][d889bfbd-3833-4a0f-a1b1-c28b24c104cd] dismissPopups: unresolved overlay(s) ["DIV[]|btns=","SPAN[]|btns="]
2026-09-05T05:20:33.196Z [71cfd2fb-7ae9-4f98-9145-7be705a14e09][d889bfbd-3833-4a0f-a1b1-c28b24c104cd] Composer never appeared. url=https://flow.google.com/about tiles=0 editors=0
2026-09-05T05:20:33.196Z [71cfd2fb-7ae9-4f98-9145-7be705a14e09][d889bfbd-3833-4a0f-a1b1-c28b24c104cd] Flow attempt 1/1 failed: Google Flow composer (prompt box) did not render — page may not have finished loading.
2026-09-05T05:20:33.197Z [71cfd2fb-7ae9-4f98-9145-7be705a14e09][d889bfbd-3833-4a0f-a1b1-c28b24c104cd] runGeneration ERROR exception: Error: Google Flow composer (prompt box) did not render — page may not have finished loading.
    at runGoogleFlow (C:\snapshot\sidecar\dist\sidecar.cjs:7592:11)
    at async runGeneration (C:\snapshot\sidecar\dist\sidecar.cjs:8392:11)
    at async handleCommand (C:\snapshot\sidecar\dist\sidecar.cjs:6510:7)
    at async C:\snapshot\sidecar\dist\sidecar.cjs:6426:11
2026-09-05T05:20:34.809Z [61940dea-93b4-4d10-af4f-11837d124943][d889bfbd-3833-4a0f-a1b1-c28b24c104cd] runGeneration starting: task_id=61940dea-93b4-4d10-af4f-11837d124943, profile_id=d889bfbd-3833-4a0f-a1b1-c28b24c104cd, target_site=google_flow
2026-09-05T05:20:34.810Z [61940dea-93b4-4d10-af4f-11837d124943][d889bfbd-3833-4a0f-a1b1-c28b24c104cd] Opening Playwright browser with persistent profile cookies...
2026-09-05T05:20:34.810Z [61940dea-93b4-4d10-af4f-11837d124943][d889bfbd-3833-4a0f-a1b1-c28b24c104cd] Browser engine: winhide (C:\Users\Admin\AppData\Roaming\com.tank.winai\winhide\chrome.exe) [hidden off-screen]
2026-09-05T05:20:34.810Z [61940dea-93b4-4d10-af4f-11837d124943][d889bfbd-3833-4a0f-a1b1-c28b24c104cd] Launch mode: STEALTH (raw spawn + connectOverCDP)
2026-09-05T05:20:36.175Z [61940dea-93b4-4d10-af4f-11837d124943][d889bfbd-3833-4a0f-a1b1-c28b24c104cd] Exit IP: 115.74.128.9
2026-09-05T05:20:36.176Z [61940dea-93b4-4d10-af4f-11837d124943][d889bfbd-3833-4a0f-a1b1-c28b24c104cd] Navigating browser to Google Flow tools page...
2026-09-05T05:20:36.176Z [61940dea-93b4-4d10-af4f-11837d124943][d889bfbd-3833-4a0f-a1b1-c28b24c104cd] Using existing project URL: https://flow.google.com/project/cae2bf2b-d1b8-40f9-a300-9f2aa6276ea5?hl=en
2026-09-05T05:20:36.948Z [61940dea-93b4-4d10-af4f-11837d124943][d889bfbd-3833-4a0f-a1b1-c28b24c104cd] Waiting for Google Flow...
2026-09-05T05:20:38.499Z [61940dea-93b4-4d10-af4f-11837d124943][d889bfbd-3833-4a0f-a1b1-c28b24c104cd] Creating new project...
2026-09-05T05:20:58.503Z [61940dea-93b4-4d10-af4f-11837d124943][d889bfbd-3833-4a0f-a1b1-c28b24c104cd] New project error: locator.waitFor: Timeout 20000ms exceeded.
Call log:
[2m  - waiting for locator('flow-projects-page button').filter({ hasText: /New project|Dự án mới/i }).first() to be visible[22m

2026-09-05T05:20:59.731Z [61940dea-93b4-4d10-af4f-11837d124943][d889bfbd-3833-4a0f-a1b1-c28b24c104cd] dismissPopups: unresolved overlay(s) ["DIV[]|btns=","SPAN[]|btns="]
2026-09-05T05:21:24.759Z [61940dea-93b4-4d10-af4f-11837d124943][d889bfbd-3833-4a0f-a1b1-c28b24c104cd] Composer never appeared. url=https://flow.google.com/about tiles=0 editors=0
2026-09-05T05:21:24.760Z [61940dea-93b4-4d10-af4f-11837d124943][d889bfbd-3833-4a0f-a1b1-c28b24c104cd] Flow attempt 1/1 failed: Google Flow composer (prompt box) did not render — page may not have finished loading.
2026-09-05T05:21:24.760Z [61940dea-93b4-4d10-af4f-11837d124943][d889bfbd-3833-4a0f-a1b1-c28b24c104cd] runGeneration ERROR exception: Error: Google Flow composer (prompt box) did not render — page may not have finished loading.
    at runGoogleFlow (C:\snapshot\sidecar\dist\sidecar.cjs:7592:11)
    at async runGeneration (C:\snapshot\sidecar\dist\sidecar.cjs:8392:11)
    at async handleCommand (C:\snapshot\sidecar\dist\sidecar.cjs:6510:7)
    at async C:\snapshot\sidecar\dist\sidecar.cjs:6426:11
2026-09-05T05:21:26.063Z [39f66b2a-f90c-4ecf-94f2-87905f6b3fdf][d889bfbd-3833-4a0f-a1b1-c28b24c104cd] runGeneration starting: task_id=39f66b2a-f90c-4ecf-94f2-87905f6b3fdf, profile_id=d889bfbd-3833-4a0f-a1b1-c28b24c104cd, target_site=google_flow
2026-09-05T05:21:26.064Z [39f66b2a-f90c-4ecf-94f2-87905f6b3fdf][d889bfbd-3833-4a0f-a1b1-c28b24c104cd] Opening Playwright browser with persistent profile cookies...
2026-09-05T05:21:26.064Z [39f66b2a-f90c-4ecf-94f2-87905f6b3fdf][d889bfbd-3833-4a0f-a1b1-c28b24c104cd] Browser engine: winhide (C:\Users\Admin\AppData\Roaming\com.tank.winai\winhide\chrome.exe) [hidden off-screen]
2026-09-05T05:21:26.065Z [39f66b2a-f90c-4ecf-94f2-87905f6b3fdf][d889bfbd-3833-4a0f-a1b1-c28b24c104cd] Launch mode: STEALTH (raw spawn + connectOverCDP)
2026-09-05T05:21:27.460Z [39f66b2a-f90c-4ecf-94f2-87905f6b3fdf][d889bfbd-3833-4a0f-a1b1-c28b24c104cd] Exit IP: 115.74.128.9
2026-09-05T05:21:27.461Z [39f66b2a-f90c-4ecf-94f2-87905f6b3fdf][d889bfbd-3833-4a0f-a1b1-c28b24c104cd] Navigating browser to Google Flow tools page...
2026-09-05T05:21:27.461Z [39f66b2a-f90c-4ecf-94f2-87905f6b3fdf][d889bfbd-3833-4a0f-a1b1-c28b24c104cd] Using existing project URL: https://flow.google.com/project/cae2bf2b-d1b8-40f9-a300-9f2aa6276ea5?hl=en
2026-09-05T05:21:28.229Z [39f66b2a-f90c-4ecf-94f2-87905f6b3fdf][d889bfbd-3833-4a0f-a1b1-c28b24c104cd] Waiting for Google Flow...
2026-09-05T05:21:30.255Z [39f66b2a-f90c-4ecf-94f2-87905f6b3fdf][d889bfbd-3833-4a0f-a1b1-c28b24c104cd] Creating new project...
2026-09-05T05:21:50.260Z [39f66b2a-f90c-4ecf-94f2-87905f6b3fdf][d889bfbd-3833-4a0f-a1b1-c28b24c104cd] New project error: locator.waitFor: Timeout 20000ms exceeded.
Call log:
[2m  - waiting for locator('flow-projects-page button').filter({ hasText: /New project|Dự án mới/i }).first() to be visible[22m

2026-09-05T05:21:51.991Z [39f66b2a-f90c-4ecf-94f2-87905f6b3fdf][d889bfbd-3833-4a0f-a1b1-c28b24c104cd] dismissPopups: unresolved overlay(s) ["DIV[]|btns=","SPAN[]|btns="]
2026-09-05T05:22:17.009Z [39f66b2a-f90c-4ecf-94f2-87905f6b3fdf][d889bfbd-3833-4a0f-a1b1-c28b24c104cd] Composer never appeared. url=https://flow.google.com/about tiles=0 editors=0
2026-09-05T05:22:17.009Z [39f66b2a-f90c-4ecf-94f2-87905f6b3fdf][d889bfbd-3833-4a0f-a1b1-c28b24c104cd] Flow attempt 1/1 failed: Google Flow composer (prompt box) did not render — page may not have finished loading.
2026-09-05T05:22:17.009Z [39f66b2a-f90c-4ecf-94f2-87905f6b3fdf][d889bfbd-3833-4a0f-a1b1-c28b24c104cd] runGeneration ERROR exception: Error: Google Flow composer (prompt box) did not render — page may not have finished loading.
    at runGoogleFlow (C:\snapshot\sidecar\dist\sidecar.cjs:7592:11)
    at async runGeneration (C:\snapshot\sidecar\dist\sidecar.cjs:8392:11)
    at async handleCommand (C:\snapshot\sidecar\dist\sidecar.cjs:6510:7)
    at async C:\snapshot\sidecar\dist\sidecar.cjs:6426:11
2026-09-05T05:22:17.287Z [6060f767-2671-4dcf-9cfc-ca6d0ab4a840][d889bfbd-3833-4a0f-a1b1-c28b24c104cd] runGeneration starting: task_id=6060f767-2671-4dcf-9cfc-ca6d0ab4a840, profile_id=d889bfbd-3833-4a0f-a1b1-c28b24c104cd, target_site=google_flow
2026-09-05T05:22:17.288Z [6060f767-2671-4dcf-9cfc-ca6d0ab4a840][d889bfbd-3833-4a0f-a1b1-c28b24c104cd] Opening Playwright browser with persistent profile cookies...
2026-09-05T05:22:17.288Z [6060f767-2671-4dcf-9cfc-ca6d0ab4a840][d889bfbd-3833-4a0f-a1b1-c28b24c104cd] Browser engine: winhide (C:\Users\Admin\AppData\Roaming\com.tank.winai\winhide\chrome.exe) [hidden off-screen]
2026-09-05T05:22:17.289Z [6060f767-2671-4dcf-9cfc-ca6d0ab4a840][d889bfbd-3833-4a0f-a1b1-c28b24c104cd] Launch mode: STEALTH (raw spawn + connectOverCDP)
2026-09-05T05:22:19.010Z [6060f767-2671-4dcf-9cfc-ca6d0ab4a840][d889bfbd-3833-4a0f-a1b1-c28b24c104cd] Exit IP: 115.74.128.9
2026-09-05T05:22:19.011Z [6060f767-2671-4dcf-9cfc-ca6d0ab4a840][d889bfbd-3833-4a0f-a1b1-c28b24c104cd] Navigating browser to Google Flow tools page...
2026-09-05T05:22:19.011Z [6060f767-2671-4dcf-9cfc-ca6d0ab4a840][d889bfbd-3833-4a0f-a1b1-c28b24c104cd] Using existing project URL: https://flow.google.com/project/cae2bf2b-d1b8-40f9-a300-9f2aa6276ea5?hl=en
2026-09-05T05:22:19.792Z [6060f767-2671-4dcf-9cfc-ca6d0ab4a840][d889bfbd-3833-4a0f-a1b1-c28b24c104cd] Waiting for Google Flow...
2026-09-05T05:22:22.116Z [6060f767-2671-4dcf-9cfc-ca6d0ab4a840][d889bfbd-3833-4a0f-a1b1-c28b24c104cd] Creating new project...
2026-09-05T05:22:42.120Z [6060f767-2671-4dcf-9cfc-ca6d0ab4a840][d889bfbd-3833-4a0f-a1b1-c28b24c104cd] New project error: locator.waitFor: Timeout 20000ms exceeded.
Call log:
[2m  - waiting for locator('flow-projects-page button').filter({ hasText: /New project|Dự án mới/i }).first() to be visible[22m

2026-09-05T05:22:43.715Z [6060f767-2671-4dcf-9cfc-ca6d0ab4a840][d889bfbd-3833-4a0f-a1b1-c28b24c104cd] dismissPopups: unresolved overlay(s) ["DIV[]|btns=","SPAN[]|btns="]
2026-09-05T05:23:08.739Z [6060f767-2671-4dcf-9cfc-ca6d0ab4a840][d889bfbd-3833-4a0f-a1b1-c28b24c104cd] Composer never appeared. url=https://flow.google.com/about tiles=0 editors=0
2026-09-05T05:23:08.740Z [6060f767-2671-4dcf-9cfc-ca6d0ab4a840][d889bfbd-3833-4a0f-a1b1-c28b24c104cd] Flow attempt 1/1 failed: Google Flow composer (prompt box) did not render — page may not have finished loading.
2026-09-05T05:23:08.740Z [6060f767-2671-4dcf-9cfc-ca6d0ab4a840][d889bfbd-3833-4a0f-a1b1-c28b24c104cd] runGeneration ERROR exception: Error: Google Flow composer (prompt box) did not render — page may not have finished loading.
    at runGoogleFlow (C:\snapshot\sidecar\dist\sidecar.cjs:7592:11)
    at async runGeneration (C:\snapshot\sidecar\dist\sidecar.cjs:8392:11)
    at async handleCommand (C:\snapshot\sidecar\dist\sidecar.cjs:6510:7)
    at async C:\snapshot\sidecar\dist\sidecar.cjs:6426:11
2026-09-05T05:23:09.992Z [6b01c79e-480e-465d-87d9-cd3f1415be48][d889bfbd-3833-4a0f-a1b1-c28b24c104cd] runGeneration starting: task_id=6b01c79e-480e-465d-87d9-cd3f1415be48, profile_id=d889bfbd-3833-4a0f-a1b1-c28b24c104cd, target_site=google_flow
2026-09-05T05:23:09.993Z [6b01c79e-480e-465d-87d9-cd3f1415be48][d889bfbd-3833-4a0f-a1b1-c28b24c104cd] Opening Playwright browser with persistent profile cookies...
2026-09-05T05:23:09.993Z [6b01c79e-480e-465d-87d9-cd3f1415be48][d889bfbd-3833-4a0f-a1b1-c28b24c104cd] Browser engine: winhide (C:\Users\Admin\AppData\Roaming\com.tank.winai\winhide\chrome.exe) [hidden off-screen]
2026-09-05T05:23:09.994Z [6b01c79e-480e-465d-87d9-cd3f1415be48][d889bfbd-3833-4a0f-a1b1-c28b24c104cd] Launch mode: STEALTH (raw spawn + connectOverCDP)
2026-09-05T05:23:11.884Z [6b01c79e-480e-465d-87d9-cd3f1415be48][d889bfbd-3833-4a0f-a1b1-c28b24c104cd] Exit IP: 115.74.128.9
2026-09-05T05:23:11.885Z [6b01c79e-480e-465d-87d9-cd3f1415be48][d889bfbd-3833-4a0f-a1b1-c28b24c104cd] Navigating browser to Google Flow tools page...
2026-09-05T05:23:11.885Z [6b01c79e-480e-465d-87d9-cd3f1415be48][d889bfbd-3833-4a0f-a1b1-c28b24c104cd] Using existing project URL: https://flow.google.com/project/cae2bf2b-d1b8-40f9-a300-9f2aa6276ea5?hl=en
2026-09-05T05:23:12.654Z [6b01c79e-480e-465d-87d9-cd3f1415be48][d889bfbd-3833-4a0f-a1b1-c28b24c104cd] Waiting for Google Flow...
2026-09-05T05:23:15.127Z [6b01c79e-480e-465d-87d9-cd3f1415be48][d889bfbd-3833-4a0f-a1b1-c28b24c104cd] Creating new project...
2026-09-05T05:23:35.145Z [6b01c79e-480e-465d-87d9-cd3f1415be48][d889bfbd-3833-4a0f-a1b1-c28b24c104cd] New project error: locator.waitFor: Timeout 20000ms exceeded.
Call log:
[2m  - waiting for locator('flow-projects-page button').filter({ hasText: /New project|Dự án mới/i }).first() to be visible[22m

2026-09-05T05:23:36.905Z [6b01c79e-480e-465d-87d9-cd3f1415be48][d889bfbd-3833-4a0f-a1b1-c28b24c104cd] dismissPopups: unresolved overlay(s) ["DIV[]|btns=","SPAN[]|btns="]
2026-09-05T05:24:01.919Z [6b01c79e-480e-465d-87d9-cd3f1415be48][d889bfbd-3833-4a0f-a1b1-c28b24c104cd] Composer never appeared. url=https://flow.google.com/about tiles=0 editors=0
2026-09-05T05:24:01.920Z [6b01c79e-480e-465d-87d9-cd3f1415be48][d889bfbd-3833-4a0f-a1b1-c28b24c104cd] Flow attempt 1/1 failed: Google Flow composer (prompt box) did not render — page may not have finished loading.
2026-09-05T05:24:01.920Z [6b01c79e-480e-465d-87d9-cd3f1415be48][d889bfbd-3833-4a0f-a1b1-c28b24c104cd] runGeneration ERROR exception: Error: Google Flow composer (prompt box) did not render — page may not have finished loading.
    at runGoogleFlow (C:\snapshot\sidecar\dist\sidecar.cjs:7592:11)
    at async runGeneration (C:\snapshot\sidecar\dist\sidecar.cjs:8392:11)
    at async handleCommand (C:\snapshot\sidecar\dist\sidecar.cjs:6510:7)
    at async C:\snapshot\sidecar\dist\sidecar.cjs:6426:11
2026-09-05T05:24:02.717Z [5f17e6f5-cf0e-407f-b8a6-386ce6c7a878][d889bfbd-3833-4a0f-a1b1-c28b24c104cd] runGeneration starting: task_id=5f17e6f5-cf0e-407f-b8a6-386ce6c7a878, profile_id=d889bfbd-3833-4a0f-a1b1-c28b24c104cd, target_site=google_flow
2026-09-05T05:24:02.718Z [5f17e6f5-cf0e-407f-b8a6-386ce6c7a878][d889bfbd-3833-4a0f-a1b1-c28b24c104cd] Opening Playwright browser with persistent profile cookies...
2026-09-05T05:24:02.719Z [5f17e6f5-cf0e-407f-b8a6-386ce6c7a878][d889bfbd-3833-4a0f-a1b1-c28b24c104cd] Browser engine: winhide (C:\Users\Admin\AppData\Roaming\com.tank.winai\winhide\chrome.exe) [hidden off-screen]
2026-09-05T05:24:02.719Z [5f17e6f5-cf0e-407f-b8a6-386ce6c7a878][d889bfbd-3833-4a0f-a1b1-c28b24c104cd] Launch mode: STEALTH (raw spawn + connectOverCDP)
2026-09-05T05:24:04.375Z [5f17e6f5-cf0e-407f-b8a6-386ce6c7a878][d889bfbd-3833-4a0f-a1b1-c28b24c104cd] Exit IP: 115.74.128.9
2026-09-05T05:24:04.375Z [5f17e6f5-cf0e-407f-b8a6-386ce6c7a878][d889bfbd-3833-4a0f-a1b1-c28b24c104cd] Navigating browser to Google Flow tools page...
2026-09-05T05:24:04.375Z [5f17e6f5-cf0e-407f-b8a6-386ce6c7a878][d889bfbd-3833-4a0f-a1b1-c28b24c104cd] Using existing project URL: https://flow.google.com/project/cae2bf2b-d1b8-40f9-a300-9f2aa6276ea5?hl=en
2026-09-05T05:24:05.186Z [5f17e6f5-cf0e-407f-b8a6-386ce6c7a878][d889bfbd-3833-4a0f-a1b1-c28b24c104cd] Waiting for Google Flow...
2026-09-05T05:24:07.459Z [5f17e6f5-cf0e-407f-b8a6-386ce6c7a878][d889bfbd-3833-4a0f-a1b1-c28b24c104cd] Creating new project...
2026-09-05T05:24:27.469Z [5f17e6f5-cf0e-407f-b8a6-386ce6c7a878][d889bfbd-3833-4a0f-a1b1-c28b24c104cd] New project error: locator.waitFor: Timeout 20000ms exceeded.
Call log:
[2m  - waiting for locator('flow-projects-page button').filter({ hasText: /New project|Dự án mới/i }).first() to be visible[22m

2026-09-05T05:24:29.050Z [5f17e6f5-cf0e-407f-b8a6-386ce6c7a878][d889bfbd-3833-4a0f-a1b1-c28b24c104cd] dismissPopups: unresolved overlay(s) ["DIV[]|btns=","SPAN[]|btns="]
2026-09-05T05:24:54.072Z [5f17e6f5-cf0e-407f-b8a6-386ce6c7a878][d889bfbd-3833-4a0f-a1b1-c28b24c104cd] Composer never appeared. url=https://flow.google.com/about tiles=0 editors=0
2026-09-05T05:24:54.072Z [5f17e6f5-cf0e-407f-b8a6-386ce6c7a878][d889bfbd-3833-4a0f-a1b1-c28b24c104cd] Flow attempt 1/1 failed: Google Flow composer (prompt box) did not render — page may not have finished loading.
2026-09-05T05:24:54.073Z [5f17e6f5-cf0e-407f-b8a6-386ce6c7a878][d889bfbd-3833-4a0f-a1b1-c28b24c104cd] runGeneration ERROR exception: Error: Google Flow composer (prompt box) did not render — page may not have finished loading.
    at runGoogleFlow (C:\snapshot\sidecar\dist\sidecar.cjs:7592:11)
    at async runGeneration (C:\snapshot\sidecar\dist\sidecar.cjs:8392:11)
    at async handleCommand (C:\snapshot\sidecar\dist\sidecar.cjs:6510:7)
    at async C:\snapshot\sidecar\dist\sidecar.cjs:6426:11
2026-09-05T05:24:55.465Z [69cfd15b-e1e2-4882-a838-69d5709d5944][d889bfbd-3833-4a0f-a1b1-c28b24c104cd] runGeneration starting: task_id=69cfd15b-e1e2-4882-a838-69d5709d5944, profile_id=d889bfbd-3833-4a0f-a1b1-c28b24c104cd, target_site=google_flow
2026-09-05T05:24:55.466Z [69cfd15b-e1e2-4882-a838-69d5709d5944][d889bfbd-3833-4a0f-a1b1-c28b24c104cd] Opening Playwright browser with persistent profile cookies...
2026-09-05T05:24:55.466Z [69cfd15b-e1e2-4882-a838-69d5709d5944][d889bfbd-3833-4a0f-a1b1-c28b24c104cd] Browser engine: winhide (C:\Users\Admin\AppData\Roaming\com.tank.winai\winhide\chrome.exe) [hidden off-screen]
2026-09-05T05:24:55.467Z [69cfd15b-e1e2-4882-a838-69d5709d5944][d889bfbd-3833-4a0f-a1b1-c28b24c104cd] Launch mode: STEALTH (raw spawn + connectOverCDP)
2026-09-05T05:24:57.195Z [69cfd15b-e1e2-4882-a838-69d5709d5944][d889bfbd-3833-4a0f-a1b1-c28b24c104cd] Exit IP: 115.74.128.9
2026-09-05T05:24:57.196Z [69cfd15b-e1e2-4882-a838-69d5709d5944][d889bfbd-3833-4a0f-a1b1-c28b24c104cd] Navigating browser to Google Flow tools page...
2026-09-05T05:24:57.196Z [69cfd15b-e1e2-4882-a838-69d5709d5944][d889bfbd-3833-4a0f-a1b1-c28b24c104cd] Using existing project URL: https://flow.google.com/project/cae2bf2b-d1b8-40f9-a300-9f2aa6276ea5?hl=en
2026-09-05T05:24:58.108Z [69cfd15b-e1e2-4882-a838-69d5709d5944][d889bfbd-3833-4a0f-a1b1-c28b24c104cd] Waiting for Google Flow...
2026-09-05T05:24:59.740Z [69cfd15b-e1e2-4882-a838-69d5709d5944][d889bfbd-3833-4a0f-a1b1-c28b24c104cd] Creating new project...
2026-09-05T05:25:19.747Z [69cfd15b-e1e2-4882-a838-69d5709d5944][d889bfbd-3833-4a0f-a1b1-c28b24c104cd] New project error: locator.waitFor: Timeout 20000ms exceeded.
Call log:
[2m  - waiting for locator('flow-projects-page button').filter({ hasText: /New project|Dự án mới/i }).first() to be visible[22m

2026-09-05T05:25:21.644Z [69cfd15b-e1e2-4882-a838-69d5709d5944][d889bfbd-3833-4a0f-a1b1-c28b24c104cd] dismissPopups: unresolved overlay(s) ["DIV[]|btns=","SPAN[]|btns="]
2026-09-05T05:25:46.664Z [69cfd15b-e1e2-4882-a838-69d5709d5944][d889bfbd-3833-4a0f-a1b1-c28b24c104cd] Composer never appeared. url=https://flow.google.com/about tiles=0 editors=0
2026-09-05T05:25:46.665Z [69cfd15b-e1e2-4882-a838-69d5709d5944][d889bfbd-3833-4a0f-a1b1-c28b24c104cd] Flow attempt 1/1 failed: Google Flow composer (prompt box) did not render — page may not have finished loading.
2026-09-05T05:25:46.665Z [69cfd15b-e1e2-4882-a838-69d5709d5944][d889bfbd-3833-4a0f-a1b1-c28b24c104cd] runGeneration ERROR exception: Error: Google Flow composer (prompt box) did not render — page may not have finished loading.
    at runGoogleFlow (C:\snapshot\sidecar\dist\sidecar.cjs:7592:11)
    at async runGeneration (C:\snapshot\sidecar\dist\sidecar.cjs:8392:11)
    at async handleCommand (C:\snapshot\sidecar\dist\sidecar.cjs:6510:7)
    at async C:\snapshot\sidecar\dist\sidecar.cjs:6426:11
2026-09-05T05:25:49.209Z [b4a9b63b-a0ba-48f3-8cb5-793c733c6335][d889bfbd-3833-4a0f-a1b1-c28b24c104cd] runGeneration starting: task_id=b4a9b63b-a0ba-48f3-8cb5-793c733c6335, profile_id=d889bfbd-3833-4a0f-a1b1-c28b24c104cd, target_site=google_flow
2026-09-05T05:25:49.209Z [b4a9b63b-a0ba-48f3-8cb5-793c733c6335][d889bfbd-3833-4a0f-a1b1-c28b24c104cd] Opening Playwright browser with persistent profile cookies...
2026-09-05T05:25:49.210Z [b4a9b63b-a0ba-48f3-8cb5-793c733c6335][d889bfbd-3833-4a0f-a1b1-c28b24c104cd] Browser engine: winhide (C:\Users\Admin\AppData\Roaming\com.tank.winai\winhide\chrome.exe) [hidden off-screen]
2026-09-05T05:25:49.210Z [b4a9b63b-a0ba-48f3-8cb5-793c733c6335][d889bfbd-3833-4a0f-a1b1-c28b24c104cd] Launch mode: STEALTH (raw spawn + connectOverCDP)
2026-09-05T05:25:51.290Z [b4a9b63b-a0ba-48f3-8cb5-793c733c6335][d889bfbd-3833-4a0f-a1b1-c28b24c104cd] Exit IP: 115.74.128.9
2026-09-05T05:25:51.291Z [b4a9b63b-a0ba-48f3-8cb5-793c733c6335][d889bfbd-3833-4a0f-a1b1-c28b24c104cd] Navigating browser to Google Flow tools page...
2026-09-05T05:25:51.291Z [b4a9b63b-a0ba-48f3-8cb5-793c733c6335][d889bfbd-3833-4a0f-a1b1-c28b24c104cd] Using existing project URL: https://flow.google.com/project/cae2bf2b-d1b8-40f9-a300-9f2aa6276ea5?hl=en
2026-09-05T05:25:52.097Z [b4a9b63b-a0ba-48f3-8cb5-793c733c6335][d889bfbd-3833-4a0f-a1b1-c28b24c104cd] Waiting for Google Flow...
2026-09-05T05:25:53.664Z [b4a9b63b-a0ba-48f3-8cb5-793c733c6335][d889bfbd-3833-4a0f-a1b1-c28b24c104cd] Creating new project...
2026-09-05T05:26:13.678Z [b4a9b63b-a0ba-48f3-8cb5-793c733c6335][d889bfbd-3833-4a0f-a1b1-c28b24c104cd] New project error: locator.waitFor: Timeout 20000ms exceeded.
Call log:
[2m  - waiting for locator('flow-projects-page button').filter({ hasText: /New project|Dự án mới/i }).first() to be visible[22m

2026-09-05T05:26:15.669Z [b4a9b63b-a0ba-48f3-8cb5-793c733c6335][d889bfbd-3833-4a0f-a1b1-c28b24c104cd] dismissPopups: unresolved overlay(s) ["DIV[]|btns=","SPAN[]|btns="]
2026-09-05T05:26:40.685Z [b4a9b63b-a0ba-48f3-8cb5-793c733c6335][d889bfbd-3833-4a0f-a1b1-c28b24c104cd] Composer never appeared. url=https://flow.google.com/about tiles=0 editors=0
2026-09-05T05:26:40.686Z [b4a9b63b-a0ba-48f3-8cb5-793c733c6335][d889bfbd-3833-4a0f-a1b1-c28b24c104cd] Flow attempt 1/1 failed: Google Flow composer (prompt box) did not render — page may not have finished loading.
2026-09-05T05:26:40.686Z [b4a9b63b-a0ba-48f3-8cb5-793c733c6335][d889bfbd-3833-4a0f-a1b1-c28b24c104cd] runGeneration ERROR exception: Error: Google Flow composer (prompt box) did not render — page may not have finished loading.
    at runGoogleFlow (C:\snapshot\sidecar\dist\sidecar.cjs:7592:11)
    at async runGeneration (C:\snapshot\sidecar\dist\sidecar.cjs:8392:11)
    at async handleCommand (C:\snapshot\sidecar\dist\sidecar.cjs:6510:7)
    at async C:\snapshot\sidecar\dist\sidecar.cjs:6426:11
2026-09-05T05:26:40.808Z [ebd9c7d8-cc17-4561-972e-d26c59542d6a][d889bfbd-3833-4a0f-a1b1-c28b24c104cd] runGeneration starting: task_id=ebd9c7d8-cc17-4561-972e-d26c59542d6a, profile_id=d889bfbd-3833-4a0f-a1b1-c28b24c104cd, target_site=google_flow
2026-09-05T05:26:40.808Z [ebd9c7d8-cc17-4561-972e-d26c59542d6a][d889bfbd-3833-4a0f-a1b1-c28b24c104cd] Opening Playwright browser with persistent profile cookies...
2026-09-05T05:26:40.809Z [ebd9c7d8-cc17-4561-972e-d26c59542d6a][d889bfbd-3833-4a0f-a1b1-c28b24c104cd] Browser engine: winhide (C:\Users\Admin\AppData\Roaming\com.tank.winai\winhide\chrome.exe) [hidden off-screen]
2026-09-05T05:26:40.809Z [ebd9c7d8-cc17-4561-972e-d26c59542d6a][d889bfbd-3833-4a0f-a1b1-c28b24c104cd] Launch mode: STEALTH (raw spawn + connectOverCDP)
2026-09-05T05:26:42.447Z [ebd9c7d8-cc17-4561-972e-d26c59542d6a][d889bfbd-3833-4a0f-a1b1-c28b24c104cd] Exit IP: 115.74.128.9
2026-09-05T05:26:42.448Z [ebd9c7d8-cc17-4561-972e-d26c59542d6a][d889bfbd-3833-4a0f-a1b1-c28b24c104cd] Navigating browser to Google Flow tools page...
2026-09-05T05:26:42.448Z [ebd9c7d8-cc17-4561-972e-d26c59542d6a][d889bfbd-3833-4a0f-a1b1-c28b24c104cd] Using existing project URL: https://flow.google.com/project/cae2bf2b-d1b8-40f9-a300-9f2aa6276ea5?hl=en
2026-09-05T05:26:43.220Z [ebd9c7d8-cc17-4561-972e-d26c59542d6a][d889bfbd-3833-4a0f-a1b1-c28b24c104cd] Waiting for Google Flow...
2026-09-05T05:26:45.083Z [ebd9c7d8-cc17-4561-972e-d26c59542d6a][d889bfbd-3833-4a0f-a1b1-c28b24c104cd] Creating new project...
2026-09-05T05:27:05.099Z [ebd9c7d8-cc17-4561-972e-d26c59542d6a][d889bfbd-3833-4a0f-a1b1-c28b24c104cd] New project error: locator.waitFor: Timeout 20000ms exceeded.
Call log:
[2m  - waiting for locator('flow-projects-page button').filter({ hasText: /New project|Dự án mới/i }).first() to be visible[22m

2026-09-05T05:27:07.032Z [ebd9c7d8-cc17-4561-972e-d26c59542d6a][d889bfbd-3833-4a0f-a1b1-c28b24c104cd] dismissPopups: unresolved overlay(s) ["DIV[]|btns=","SPAN[]|btns="]
2026-09-05T05:27:32.048Z [ebd9c7d8-cc17-4561-972e-d26c59542d6a][d889bfbd-3833-4a0f-a1b1-c28b24c104cd] Composer never appeared. url=https://flow.google.com/about tiles=0 editors=0
2026-09-05T05:27:32.048Z [ebd9c7d8-cc17-4561-972e-d26c59542d6a][d889bfbd-3833-4a0f-a1b1-c28b24c104cd] Flow attempt 1/1 failed: Google Flow composer (prompt box) did not render — page may not have finished loading.
2026-09-05T05:27:32.049Z [ebd9c7d8-cc17-4561-972e-d26c59542d6a][d889bfbd-3833-4a0f-a1b1-c28b24c104cd] runGeneration ERROR exception: Error: Google Flow composer (prompt box) did not render — page may not have finished loading.
    at runGoogleFlow (C:\snapshot\sidecar\dist\sidecar.cjs:7592:11)
    at async runGeneration (C:\snapshot\sidecar\dist\sidecar.cjs:8392:11)
    at async handleCommand (C:\snapshot\sidecar\dist\sidecar.cjs:6510:7)
    at async C:\snapshot\sidecar\dist\sidecar.cjs:6426:11
2026-09-05T05:27:32.173Z [5ac8f0bb-d12f-46ba-bafb-8b0b9c790516][d889bfbd-3833-4a0f-a1b1-c28b24c104cd] runGeneration starting: task_id=5ac8f0bb-d12f-46ba-bafb-8b0b9c790516, profile_id=d889bfbd-3833-4a0f-a1b1-c28b24c104cd, target_site=google_flow
2026-09-05T05:27:32.174Z [5ac8f0bb-d12f-46ba-bafb-8b0b9c790516][d889bfbd-3833-4a0f-a1b1-c28b24c104cd] Opening Playwright browser with persistent profile cookies...
2026-09-05T05:27:32.174Z [5ac8f0bb-d12f-46ba-bafb-8b0b9c790516][d889bfbd-3833-4a0f-a1b1-c28b24c104cd] Browser engine: winhide (C:\Users\Admin\AppData\Roaming\com.tank.winai\winhide\chrome.exe) [hidden off-screen]
2026-09-05T05:27:32.175Z [5ac8f0bb-d12f-46ba-bafb-8b0b9c790516][d889bfbd-3833-4a0f-a1b1-c28b24c104cd] Launch mode: STEALTH (raw spawn + connectOverCDP)
2026-09-05T05:27:34.137Z [5ac8f0bb-d12f-46ba-bafb-8b0b9c790516][d889bfbd-3833-4a0f-a1b1-c28b24c104cd] Exit IP: 115.74.128.9
2026-09-05T05:27:34.137Z [5ac8f0bb-d12f-46ba-bafb-8b0b9c790516][d889bfbd-3833-4a0f-a1b1-c28b24c104cd] Navigating browser to Google Flow tools page...
2026-09-05T05:27:34.137Z [5ac8f0bb-d12f-46ba-bafb-8b0b9c790516][d889bfbd-3833-4a0f-a1b1-c28b24c104cd] Using existing project URL: https://flow.google.com/project/cae2bf2b-d1b8-40f9-a300-9f2aa6276ea5?hl=en
2026-09-05T05:27:35.044Z [5ac8f0bb-d12f-46ba-bafb-8b0b9c790516][d889bfbd-3833-4a0f-a1b1-c28b24c104cd] Waiting for Google Flow...
2026-09-05T05:27:37.374Z [5ac8f0bb-d12f-46ba-bafb-8b0b9c790516][d889bfbd-3833-4a0f-a1b1-c28b24c104cd] Creating new project...
2026-09-05T05:27:57.392Z [5ac8f0bb-d12f-46ba-bafb-8b0b9c790516][d889bfbd-3833-4a0f-a1b1-c28b24c104cd] New project error: locator.waitFor: Timeout 20000ms exceeded.
Call log:
[2m  - waiting for locator('flow-projects-page button').filter({ hasText: /New project|Dự án mới/i }).first() to be visible[22m

2026-09-05T05:27:59.266Z [5ac8f0bb-d12f-46ba-bafb-8b0b9c790516][d889bfbd-3833-4a0f-a1b1-c28b24c104cd] dismissPopups: unresolved overlay(s) ["DIV[]|btns=","SPAN[]|btns="]
2026-09-05T05:28:24.281Z [5ac8f0bb-d12f-46ba-bafb-8b0b9c790516][d889bfbd-3833-4a0f-a1b1-c28b24c104cd] Composer never appeared. url=https://flow.google.com/about tiles=0 editors=0
2026-09-05T05:28:24.282Z [5ac8f0bb-d12f-46ba-bafb-8b0b9c790516][d889bfbd-3833-4a0f-a1b1-c28b24c104cd] Flow attempt 1/1 failed: Google Flow composer (prompt box) did not render — page may not have finished loading.
2026-09-05T05:28:24.282Z [5ac8f0bb-d12f-46ba-bafb-8b0b9c790516][d889bfbd-3833-4a0f-a1b1-c28b24c104cd] runGeneration ERROR exception: Error: Google Flow composer (prompt box) did not render — page may not have finished loading.
    at runGoogleFlow (C:\snapshot\sidecar\dist\sidecar.cjs:7592:11)
    at async runGeneration (C:\snapshot\sidecar\dist\sidecar.cjs:8392:11)
    at async handleCommand (C:\snapshot\sidecar\dist\sidecar.cjs:6510:7)
    at async C:\snapshot\sidecar\dist\sidecar.cjs:6426:11
2026-09-05T05:28:24.400Z [0b0cc45a-7c18-4cd0-a76c-3bbcaa5bcbcb][d889bfbd-3833-4a0f-a1b1-c28b24c104cd] runGeneration starting: task_id=0b0cc45a-7c18-4cd0-a76c-3bbcaa5bcbcb, profile_id=d889bfbd-3833-4a0f-a1b1-c28b24c104cd, target_site=google_flow
2026-09-05T05:28:24.401Z [0b0cc45a-7c18-4cd0-a76c-3bbcaa5bcbcb][d889bfbd-3833-4a0f-a1b1-c28b24c104cd] Opening Playwright browser with persistent profile cookies...
2026-09-05T05:28:24.402Z [0b0cc45a-7c18-4cd0-a76c-3bbcaa5bcbcb][d889bfbd-3833-4a0f-a1b1-c28b24c104cd] Browser engine: winhide (C:\Users\Admin\AppData\Roaming\com.tank.winai\winhide\chrome.exe) [hidden off-screen]
2026-09-05T05:28:24.402Z [0b0cc45a-7c18-4cd0-a76c-3bbcaa5bcbcb][d889bfbd-3833-4a0f-a1b1-c28b24c104cd] Launch mode: STEALTH (raw spawn + connectOverCDP)
2026-09-05T05:28:26.063Z [0b0cc45a-7c18-4cd0-a76c-3bbcaa5bcbcb][d889bfbd-3833-4a0f-a1b1-c28b24c104cd] Exit IP: 115.74.128.9
2026-09-05T05:28:26.063Z [0b0cc45a-7c18-4cd0-a76c-3bbcaa5bcbcb][d889bfbd-3833-4a0f-a1b1-c28b24c104cd] Navigating browser to Google Flow tools page...
2026-09-05T05:28:26.064Z [0b0cc45a-7c18-4cd0-a76c-3bbcaa5bcbcb][d889bfbd-3833-4a0f-a1b1-c28b24c104cd] Using existing project URL: https://flow.google.com/project/cae2bf2b-d1b8-40f9-a300-9f2aa6276ea5?hl=en
2026-09-05T05:28:26.967Z [0b0cc45a-7c18-4cd0-a76c-3bbcaa5bcbcb][d889bfbd-3833-4a0f-a1b1-c28b24c104cd] Waiting for Google Flow...
2026-09-05T05:28:29.062Z [0b0cc45a-7c18-4cd0-a76c-3bbcaa5bcbcb][d889bfbd-3833-4a0f-a1b1-c28b24c104cd] Creating new project...
2026-09-05T05:28:49.077Z [0b0cc45a-7c18-4cd0-a76c-3bbcaa5bcbcb][d889bfbd-3833-4a0f-a1b1-c28b24c104cd] New project error: locator.waitFor: Timeout 20000ms exceeded.
Call log:
[2m  - waiting for locator('flow-projects-page button').filter({ hasText: /New project|Dự án mới/i }).first() to be visible[22m

2026-09-05T05:28:50.365Z [0b0cc45a-7c18-4cd0-a76c-3bbcaa5bcbcb][d889bfbd-3833-4a0f-a1b1-c28b24c104cd] dismissPopups: unresolved overlay(s) ["DIV[]|btns=","SPAN[]|btns="]
2026-09-05T05:29:15.380Z [0b0cc45a-7c18-4cd0-a76c-3bbcaa5bcbcb][d889bfbd-3833-4a0f-a1b1-c28b24c104cd] Composer never appeared. url=https://flow.google.com/about tiles=0 editors=0
2026-09-05T05:29:15.380Z [0b0cc45a-7c18-4cd0-a76c-3bbcaa5bcbcb][d889bfbd-3833-4a0f-a1b1-c28b24c104cd] Flow attempt 1/1 failed: Google Flow composer (prompt box) did not render — page may not have finished loading.
2026-09-05T05:29:15.380Z [0b0cc45a-7c18-4cd0-a76c-3bbcaa5bcbcb][d889bfbd-3833-4a0f-a1b1-c28b24c104cd] runGeneration ERROR exception: Error: Google Flow composer (prompt box) did not render — page may not have finished loading.
    at runGoogleFlow (C:\snapshot\sidecar\dist\sidecar.cjs:7592:11)
    at async runGeneration (C:\snapshot\sidecar\dist\sidecar.cjs:8392:11)
    at async handleCommand (C:\snapshot\sidecar\dist\sidecar.cjs:6510:7)
    at async C:\snapshot\sidecar\dist\sidecar.cjs:6426:11
2026-09-05T05:29:15.504Z [08aa21ac-599c-465f-b91f-60d2b22916f3][d889bfbd-3833-4a0f-a1b1-c28b24c104cd] runGeneration starting: task_id=08aa21ac-599c-465f-b91f-60d2b22916f3, profile_id=d889bfbd-3833-4a0f-a1b1-c28b24c104cd, target_site=google_flow
2026-09-05T05:29:15.505Z [08aa21ac-599c-465f-b91f-60d2b22916f3][d889bfbd-3833-4a0f-a1b1-c28b24c104cd] Opening Playwright browser with persistent profile cookies...
2026-09-05T05:29:15.506Z [08aa21ac-599c-465f-b91f-60d2b22916f3][d889bfbd-3833-4a0f-a1b1-c28b24c104cd] Browser engine: winhide (C:\Users\Admin\AppData\Roaming\com.tank.winai\winhide\chrome.exe) [hidden off-screen]
2026-09-05T05:29:15.506Z [08aa21ac-599c-465f-b91f-60d2b22916f3][d889bfbd-3833-4a0f-a1b1-c28b24c104cd] Launch mode: STEALTH (raw spawn + connectOverCDP)
2026-09-05T05:29:17.645Z [08aa21ac-599c-465f-b91f-60d2b22916f3][d889bfbd-3833-4a0f-a1b1-c28b24c104cd] Exit IP: 115.74.128.9
2026-09-05T05:29:17.645Z [08aa21ac-599c-465f-b91f-60d2b22916f3][d889bfbd-3833-4a0f-a1b1-c28b24c104cd] Navigating browser to Google Flow tools page...
2026-09-05T05:29:17.645Z [08aa21ac-599c-465f-b91f-60d2b22916f3][d889bfbd-3833-4a0f-a1b1-c28b24c104cd] Using existing project URL: https://flow.google.com/project/cae2bf2b-d1b8-40f9-a300-9f2aa6276ea5?hl=en
2026-09-05T05:29:18.516Z [08aa21ac-599c-465f-b91f-60d2b22916f3][d889bfbd-3833-4a0f-a1b1-c28b24c104cd] Waiting for Google Flow...
2026-09-05T05:29:20.030Z [08aa21ac-599c-465f-b91f-60d2b22916f3][d889bfbd-3833-4a0f-a1b1-c28b24c104cd] Creating new project...
2026-09-05T05:29:40.039Z [08aa21ac-599c-465f-b91f-60d2b22916f3][d889bfbd-3833-4a0f-a1b1-c28b24c104cd] New project error: locator.waitFor: Timeout 20000ms exceeded.
Call log:
[2m  - waiting for locator('flow-projects-page button').filter({ hasText: /New project|Dự án mới/i }).first() to be visible[22m

2026-09-05T05:29:41.396Z [08aa21ac-599c-465f-b91f-60d2b22916f3][d889bfbd-3833-4a0f-a1b1-c28b24c104cd] dismissPopups: unresolved overlay(s) ["DIV[]|btns=","SPAN[]|btns="]
2026-09-05T05:30:06.421Z [08aa21ac-599c-465f-b91f-60d2b22916f3][d889bfbd-3833-4a0f-a1b1-c28b24c104cd] Composer never appeared. url=https://flow.google.com/about tiles=0 editors=0
2026-09-05T05:30:06.421Z [08aa21ac-599c-465f-b91f-60d2b22916f3][d889bfbd-3833-4a0f-a1b1-c28b24c104cd] Flow attempt 1/1 failed: Google Flow composer (prompt box) did not render — page may not have finished loading.
2026-09-05T05:30:06.422Z [08aa21ac-599c-465f-b91f-60d2b22916f3][d889bfbd-3833-4a0f-a1b1-c28b24c104cd] runGeneration ERROR exception: Error: Google Flow composer (prompt box) did not render — page may not have finished loading.
    at runGoogleFlow (C:\snapshot\sidecar\dist\sidecar.cjs:7592:11)
    at async runGeneration (C:\snapshot\sidecar\dist\sidecar.cjs:8392:11)
    at async handleCommand (C:\snapshot\sidecar\dist\sidecar.cjs:6510:7)
    at async C:\snapshot\sidecar\dist\sidecar.cjs:6426:11
2026-09-05T05:30:06.537Z [f6829762-8b8b-4828-8f75-cd1de506e771][d889bfbd-3833-4a0f-a1b1-c28b24c104cd] runGeneration starting: task_id=f6829762-8b8b-4828-8f75-cd1de506e771, profile_id=d889bfbd-3833-4a0f-a1b1-c28b24c104cd, target_site=google_flow
2026-09-05T05:30:06.538Z [f6829762-8b8b-4828-8f75-cd1de506e771][d889bfbd-3833-4a0f-a1b1-c28b24c104cd] Opening Playwright browser with persistent profile cookies...
2026-09-05T05:30:06.539Z [f6829762-8b8b-4828-8f75-cd1de506e771][d889bfbd-3833-4a0f-a1b1-c28b24c104cd] Browser engine: winhide (C:\Users\Admin\AppData\Roaming\com.tank.winai\winhide\chrome.exe) [hidden off-screen]
2026-09-05T05:30:06.540Z [f6829762-8b8b-4828-8f75-cd1de506e771][d889bfbd-3833-4a0f-a1b1-c28b24c104cd] Launch mode: STEALTH (raw spawn + connectOverCDP)
2026-09-05T05:30:07.891Z [f6829762-8b8b-4828-8f75-cd1de506e771][d889bfbd-3833-4a0f-a1b1-c28b24c104cd] Exit IP: 115.74.128.9
2026-09-05T05:30:07.892Z [f6829762-8b8b-4828-8f75-cd1de506e771][d889bfbd-3833-4a0f-a1b1-c28b24c104cd] Navigating browser to Google Flow tools page...
2026-09-05T05:30:07.892Z [f6829762-8b8b-4828-8f75-cd1de506e771][d889bfbd-3833-4a0f-a1b1-c28b24c104cd] Using existing project URL: https://flow.google.com/project/cae2bf2b-d1b8-40f9-a300-9f2aa6276ea5?hl=en
2026-09-05T05:30:08.778Z [f6829762-8b8b-4828-8f75-cd1de506e771][d889bfbd-3833-4a0f-a1b1-c28b24c104cd] Waiting for Google Flow...
2026-09-05T05:30:10.429Z [f6829762-8b8b-4828-8f75-cd1de506e771][d889bfbd-3833-4a0f-a1b1-c28b24c104cd] Creating new project...
2026-09-05T05:30:30.433Z [f6829762-8b8b-4828-8f75-cd1de506e771][d889bfbd-3833-4a0f-a1b1-c28b24c104cd] New project error: locator.waitFor: Timeout 20000ms exceeded.
Call log:
[2m  - waiting for locator('flow-projects-page button').filter({ hasText: /New project|Dự án mới/i }).first() to be visible[22m

2026-09-05T05:30:32.043Z [f6829762-8b8b-4828-8f75-cd1de506e771][d889bfbd-3833-4a0f-a1b1-c28b24c104cd] dismissPopups: unresolved overlay(s) ["DIV[]|btns=","SPAN[]|btns="]
2026-09-05T05:30:57.059Z [f6829762-8b8b-4828-8f75-cd1de506e771][d889bfbd-3833-4a0f-a1b1-c28b24c104cd] Composer never appeared. url=https://flow.google.com/about tiles=0 editors=0
2026-09-05T05:30:57.060Z [f6829762-8b8b-4828-8f75-cd1de506e771][d889bfbd-3833-4a0f-a1b1-c28b24c104cd] Flow attempt 1/1 failed: Google Flow composer (prompt box) did not render — page may not have finished loading.
2026-09-05T05:30:57.060Z [f6829762-8b8b-4828-8f75-cd1de506e771][d889bfbd-3833-4a0f-a1b1-c28b24c104cd] runGeneration ERROR exception: Error: Google Flow composer (prompt box) did not render — page may not have finished loading.
    at runGoogleFlow (C:\snapshot\sidecar\dist\sidecar.cjs:7592:11)
    at async runGeneration (C:\snapshot\sidecar\dist\sidecar.cjs:8392:11)
    at async handleCommand (C:\snapshot\sidecar\dist\sidecar.cjs:6510:7)
    at async C:\snapshot\sidecar\dist\sidecar.cjs:6426:11
2026-09-05T05:30:57.185Z [5b8abad0-6e93-4e9d-b3e2-cf2e02d41d0f][d889bfbd-3833-4a0f-a1b1-c28b24c104cd] runGeneration starting: task_id=5b8abad0-6e93-4e9d-b3e2-cf2e02d41d0f, profile_id=d889bfbd-3833-4a0f-a1b1-c28b24c104cd, target_site=google_flow
2026-09-05T05:30:57.185Z [5b8abad0-6e93-4e9d-b3e2-cf2e02d41d0f][d889bfbd-3833-4a0f-a1b1-c28b24c104cd] Opening Playwright browser with persistent profile cookies...
2026-09-05T05:30:57.186Z [5b8abad0-6e93-4e9d-b3e2-cf2e02d41d0f][d889bfbd-3833-4a0f-a1b1-c28b24c104cd] Browser engine: winhide (C:\Users\Admin\AppData\Roaming\com.tank.winai\winhide\chrome.exe) [hidden off-screen]
2026-09-05T05:30:57.187Z [5b8abad0-6e93-4e9d-b3e2-cf2e02d41d0f][d889bfbd-3833-4a0f-a1b1-c28b24c104cd] Launch mode: STEALTH (raw spawn + connectOverCDP)
2026-09-05T05:30:58.477Z [5b8abad0-6e93-4e9d-b3e2-cf2e02d41d0f][d889bfbd-3833-4a0f-a1b1-c28b24c104cd] Exit IP: 115.74.128.9
2026-09-05T05:30:58.478Z [5b8abad0-6e93-4e9d-b3e2-cf2e02d41d0f][d889bfbd-3833-4a0f-a1b1-c28b24c104cd] Navigating browser to Google Flow tools page...
2026-09-05T05:30:58.478Z [5b8abad0-6e93-4e9d-b3e2-cf2e02d41d0f][d889bfbd-3833-4a0f-a1b1-c28b24c104cd] Using existing project URL: https://flow.google.com/project/cae2bf2b-d1b8-40f9-a300-9f2aa6276ea5?hl=en
2026-09-05T05:30:59.203Z [5b8abad0-6e93-4e9d-b3e2-cf2e02d41d0f][d889bfbd-3833-4a0f-a1b1-c28b24c104cd] Waiting for Google Flow...
2026-09-05T05:31:01.236Z [5b8abad0-6e93-4e9d-b3e2-cf2e02d41d0f][d889bfbd-3833-4a0f-a1b1-c28b24c104cd] Creating new project...
2026-09-05T05:31:21.244Z [5b8abad0-6e93-4e9d-b3e2-cf2e02d41d0f][d889bfbd-3833-4a0f-a1b1-c28b24c104cd] New project error: locator.waitFor: Timeout 20000ms exceeded.
Call log:
[2m  - waiting for locator('flow-projects-page button').filter({ hasText: /New project|Dự án mới/i }).first() to be visible[22m

2026-09-05T05:31:22.937Z [5b8abad0-6e93-4e9d-b3e2-cf2e02d41d0f][d889bfbd-3833-4a0f-a1b1-c28b24c104cd] dismissPopups: unresolved overlay(s) ["DIV[]|btns=","SPAN[]|btns="]
2026-09-05T05:31:47.959Z [5b8abad0-6e93-4e9d-b3e2-cf2e02d41d0f][d889bfbd-3833-4a0f-a1b1-c28b24c104cd] Composer never appeared. url=https://flow.google.com/about tiles=0 editors=0
2026-09-05T05:31:47.959Z [5b8abad0-6e93-4e9d-b3e2-cf2e02d41d0f][d889bfbd-3833-4a0f-a1b1-c28b24c104cd] Flow attempt 1/1 failed: Google Flow composer (prompt box) did not render — page may not have finished loading.
2026-09-05T05:31:47.959Z [5b8abad0-6e93-4e9d-b3e2-cf2e02d41d0f][d889bfbd-3833-4a0f-a1b1-c28b24c104cd] runGeneration ERROR exception: Error: Google Flow composer (prompt box) did not render — page may not have finished loading.
    at runGoogleFlow (C:\snapshot\sidecar\dist\sidecar.cjs:7592:11)
    at async runGeneration (C:\snapshot\sidecar\dist\sidecar.cjs:8392:11)
    at async handleCommand (C:\snapshot\sidecar\dist\sidecar.cjs:6510:7)
    at async C:\snapshot\sidecar\dist\sidecar.cjs:6426:11
2026-09-05T05:31:48.078Z [a82753dd-824b-4620-b78e-5ec67aedc50c][d889bfbd-3833-4a0f-a1b1-c28b24c104cd] runGeneration starting: task_id=a82753dd-824b-4620-b78e-5ec67aedc50c, profile_id=d889bfbd-3833-4a0f-a1b1-c28b24c104cd, target_site=google_flow
2026-09-05T05:31:48.079Z [a82753dd-824b-4620-b78e-5ec67aedc50c][d889bfbd-3833-4a0f-a1b1-c28b24c104cd] Opening Playwright browser with persistent profile cookies...
2026-09-05T05:31:48.080Z [a82753dd-824b-4620-b78e-5ec67aedc50c][d889bfbd-3833-4a0f-a1b1-c28b24c104cd] Browser engine: winhide (C:\Users\Admin\AppData\Roaming\com.tank.winai\winhide\chrome.exe) [hidden off-screen]
2026-09-05T05:31:48.080Z [a82753dd-824b-4620-b78e-5ec67aedc50c][d889bfbd-3833-4a0f-a1b1-c28b24c104cd] Launch mode: STEALTH (raw spawn + connectOverCDP)
2026-09-05T05:31:49.482Z [a82753dd-824b-4620-b78e-5ec67aedc50c][d889bfbd-3833-4a0f-a1b1-c28b24c104cd] Exit IP: 115.74.128.9
2026-09-05T05:31:49.483Z [a82753dd-824b-4620-b78e-5ec67aedc50c][d889bfbd-3833-4a0f-a1b1-c28b24c104cd] Navigating browser to Google Flow tools page...
2026-09-05T05:31:49.483Z [a82753dd-824b-4620-b78e-5ec67aedc50c][d889bfbd-3833-4a0f-a1b1-c28b24c104cd] Using existing project URL: https://flow.google.com/project/cae2bf2b-d1b8-40f9-a300-9f2aa6276ea5?hl=en
2026-09-05T05:31:50.303Z [a82753dd-824b-4620-b78e-5ec67aedc50c][d889bfbd-3833-4a0f-a1b1-c28b24c104cd] Waiting for Google Flow...
2026-09-05T05:31:52.350Z [a82753dd-824b-4620-b78e-5ec67aedc50c][d889bfbd-3833-4a0f-a1b1-c28b24c104cd] Creating new project...
2026-09-05T05:32:12.361Z [a82753dd-824b-4620-b78e-5ec67aedc50c][d889bfbd-3833-4a0f-a1b1-c28b24c104cd] New project error: locator.waitFor: Timeout 20000ms exceeded.
Call log:
[2m  - waiting for locator('flow-projects-page button').filter({ hasText: /New project|Dự án mới/i }).first() to be visible[22m

2026-09-05T05:32:13.798Z [a82753dd-824b-4620-b78e-5ec67aedc50c][d889bfbd-3833-4a0f-a1b1-c28b24c104cd] dismissPopups: unresolved overlay(s) ["DIV[]|btns=","SPAN[]|btns="]
2026-09-05T05:32:38.823Z [a82753dd-824b-4620-b78e-5ec67aedc50c][d889bfbd-3833-4a0f-a1b1-c28b24c104cd] Composer never appeared. url=https://flow.google.com/about tiles=0 editors=0
2026-09-05T05:32:38.824Z [a82753dd-824b-4620-b78e-5ec67aedc50c][d889bfbd-3833-4a0f-a1b1-c28b24c104cd] Flow attempt 1/1 failed: Google Flow composer (prompt box) did not render — page may not have finished loading.
2026-09-05T05:32:38.824Z [a82753dd-824b-4620-b78e-5ec67aedc50c][d889bfbd-3833-4a0f-a1b1-c28b24c104cd] runGeneration ERROR exception: Error: Google Flow composer (prompt box) did not render — page may not have finished loading.
    at runGoogleFlow (C:\snapshot\sidecar\dist\sidecar.cjs:7592:11)
    at async runGeneration (C:\snapshot\sidecar\dist\sidecar.cjs:8392:11)
    at async handleCommand (C:\snapshot\sidecar\dist\sidecar.cjs:6510:7)
    at async C:\snapshot\sidecar\dist\sidecar.cjs:6426:11
2026-09-05T05:32:38.945Z [6d71d82b-5bbe-4c6f-8f13-02403496f82a][d889bfbd-3833-4a0f-a1b1-c28b24c104cd] runGeneration starting: task_id=6d71d82b-5bbe-4c6f-8f13-02403496f82a, profile_id=d889bfbd-3833-4a0f-a1b1-c28b24c104cd, target_site=google_flow
2026-09-05T05:32:38.946Z [6d71d82b-5bbe-4c6f-8f13-02403496f82a][d889bfbd-3833-4a0f-a1b1-c28b24c104cd] Opening Playwright browser with persistent profile cookies...
2026-09-05T05:32:38.947Z [6d71d82b-5bbe-4c6f-8f13-02403496f82a][d889bfbd-3833-4a0f-a1b1-c28b24c104cd] Browser engine: winhide (C:\Users\Admin\AppData\Roaming\com.tank.winai\winhide\chrome.exe) [hidden off-screen]
2026-09-05T05:32:38.948Z [6d71d82b-5bbe-4c6f-8f13-02403496f82a][d889bfbd-3833-4a0f-a1b1-c28b24c104cd] Launch mode: STEALTH (raw spawn + connectOverCDP)
2026-09-05T05:32:40.610Z [6d71d82b-5bbe-4c6f-8f13-02403496f82a][d889bfbd-3833-4a0f-a1b1-c28b24c104cd] Exit IP: 115.74.128.9
2026-09-05T05:32:40.610Z [6d71d82b-5bbe-4c6f-8f13-02403496f82a][d889bfbd-3833-4a0f-a1b1-c28b24c104cd] Navigating browser to Google Flow tools page...
2026-09-05T05:32:40.611Z [6d71d82b-5bbe-4c6f-8f13-02403496f82a][d889bfbd-3833-4a0f-a1b1-c28b24c104cd] Using existing project URL: https://flow.google.com/project/cae2bf2b-d1b8-40f9-a300-9f2aa6276ea5?hl=en
2026-09-05T05:32:41.442Z [6d71d82b-5bbe-4c6f-8f13-02403496f82a][d889bfbd-3833-4a0f-a1b1-c28b24c104cd] Waiting for Google Flow...
2026-09-05T05:32:43.599Z [6d71d82b-5bbe-4c6f-8f13-02403496f82a][d889bfbd-3833-4a0f-a1b1-c28b24c104cd] Creating new project...
2026-09-05T05:33:03.615Z [6d71d82b-5bbe-4c6f-8f13-02403496f82a][d889bfbd-3833-4a0f-a1b1-c28b24c104cd] New project error: locator.waitFor: Timeout 20000ms exceeded.
Call log:
[2m  - waiting for locator('flow-projects-page button').filter({ hasText: /New project|Dự án mới/i }).first() to be visible[22m

2026-09-05T05:33:04.872Z [6d71d82b-5bbe-4c6f-8f13-02403496f82a][d889bfbd-3833-4a0f-a1b1-c28b24c104cd] dismissPopups: unresolved overlay(s) ["DIV[]|btns=","SPAN[]|btns="]
2026-09-05T05:33:29.887Z [6d71d82b-5bbe-4c6f-8f13-02403496f82a][d889bfbd-3833-4a0f-a1b1-c28b24c104cd] Composer never appeared. url=https://flow.google.com/about tiles=0 editors=0
2026-09-05T05:33:29.888Z [6d71d82b-5bbe-4c6f-8f13-02403496f82a][d889bfbd-3833-4a0f-a1b1-c28b24c104cd] Flow attempt 1/1 failed: Google Flow composer (prompt box) did not render — page may not have finished loading.
2026-09-05T05:33:29.888Z [6d71d82b-5bbe-4c6f-8f13-02403496f82a][d889bfbd-3833-4a0f-a1b1-c28b24c104cd] runGeneration ERROR exception: Error: Google Flow composer (prompt box) did not render — page may not have finished loading.
    at runGoogleFlow (C:\snapshot\sidecar\dist\sidecar.cjs:7592:11)
    at async runGeneration (C:\snapshot\sidecar\dist\sidecar.cjs:8392:11)
    at async handleCommand (C:\snapshot\sidecar\dist\sidecar.cjs:6510:7)
    at async C:\snapshot\sidecar\dist\sidecar.cjs:6426:11
2026-09-05T05:33:29.999Z [1b5d59ab-4722-43c7-9007-98b85a7a1265][d889bfbd-3833-4a0f-a1b1-c28b24c104cd] runGeneration starting: task_id=1b5d59ab-4722-43c7-9007-98b85a7a1265, profile_id=d889bfbd-3833-4a0f-a1b1-c28b24c104cd, target_site=google_flow
2026-09-05T05:33:29.999Z [1b5d59ab-4722-43c7-9007-98b85a7a1265][d889bfbd-3833-4a0f-a1b1-c28b24c104cd] Opening Playwright browser with persistent profile cookies...
2026-09-05T05:33:30.000Z [1b5d59ab-4722-43c7-9007-98b85a7a1265][d889bfbd-3833-4a0f-a1b1-c28b24c104cd] Browser engine: winhide (C:\Users\Admin\AppData\Roaming\com.tank.winai\winhide\chrome.exe) [hidden off-screen]
2026-09-05T05:33:30.000Z [1b5d59ab-4722-43c7-9007-98b85a7a1265][d889bfbd-3833-4a0f-a1b1-c28b24c104cd] Launch mode: STEALTH (raw spawn + connectOverCDP)
2026-09-05T05:33:31.975Z [1b5d59ab-4722-43c7-9007-98b85a7a1265][d889bfbd-3833-4a0f-a1b1-c28b24c104cd] Exit IP: 115.74.128.9
2026-09-05T05:33:31.975Z [1b5d59ab-4722-43c7-9007-98b85a7a1265][d889bfbd-3833-4a0f-a1b1-c28b24c104cd] Navigating browser to Google Flow tools page...
2026-09-05T05:33:31.976Z [1b5d59ab-4722-43c7-9007-98b85a7a1265][d889bfbd-3833-4a0f-a1b1-c28b24c104cd] Using existing project URL: https://flow.google.com/project/cae2bf2b-d1b8-40f9-a300-9f2aa6276ea5?hl=en
2026-09-05T05:33:32.756Z [1b5d59ab-4722-43c7-9007-98b85a7a1265][d889bfbd-3833-4a0f-a1b1-c28b24c104cd] Waiting for Google Flow...
2026-09-05T05:33:34.362Z [1b5d59ab-4722-43c7-9007-98b85a7a1265][d889bfbd-3833-4a0f-a1b1-c28b24c104cd] Creating new project...
2026-09-05T05:33:54.380Z [1b5d59ab-4722-43c7-9007-98b85a7a1265][d889bfbd-3833-4a0f-a1b1-c28b24c104cd] New project error: locator.waitFor: Timeout 20000ms exceeded.
Call log:
[2m  - waiting for locator('flow-projects-page button').filter({ hasText: /New project|Dự án mới/i }).first() to be visible[22m

2026-09-05T05:33:56.325Z [1b5d59ab-4722-43c7-9007-98b85a7a1265][d889bfbd-3833-4a0f-a1b1-c28b24c104cd] dismissPopups: unresolved overlay(s) ["DIV[]|btns=","SPAN[]|btns="]
2026-09-05T05:34:21.354Z [1b5d59ab-4722-43c7-9007-98b85a7a1265][d889bfbd-3833-4a0f-a1b1-c28b24c104cd] Composer never appeared. url=https://flow.google.com/about tiles=0 editors=0
2026-09-05T05:34:21.354Z [1b5d59ab-4722-43c7-9007-98b85a7a1265][d889bfbd-3833-4a0f-a1b1-c28b24c104cd] Flow attempt 1/1 failed: Google Flow composer (prompt box) did not render — page may not have finished loading.
2026-09-05T05:34:21.354Z [1b5d59ab-4722-43c7-9007-98b85a7a1265][d889bfbd-3833-4a0f-a1b1-c28b24c104cd] runGeneration ERROR exception: Error: Google Flow composer (prompt box) did not render — page may not have finished loading.
    at runGoogleFlow (C:\snapshot\sidecar\dist\sidecar.cjs:7592:11)
    at async runGeneration (C:\snapshot\sidecar\dist\sidecar.cjs:8392:11)
    at async handleCommand (C:\snapshot\sidecar\dist\sidecar.cjs:6510:7)
    at async C:\snapshot\sidecar\dist\sidecar.cjs:6426:11
2026-09-05T05:34:21.472Z [50399ec6-a8a0-4e6b-b166-94df6994835f][d889bfbd-3833-4a0f-a1b1-c28b24c104cd] runGeneration starting: task_id=50399ec6-a8a0-4e6b-b166-94df6994835f, profile_id=d889bfbd-3833-4a0f-a1b1-c28b24c104cd, target_site=google_flow
2026-09-05T05:34:21.473Z [50399ec6-a8a0-4e6b-b166-94df6994835f][d889bfbd-3833-4a0f-a1b1-c28b24c104cd] Opening Playwright browser with persistent profile cookies...
2026-09-05T05:34:21.473Z [50399ec6-a8a0-4e6b-b166-94df6994835f][d889bfbd-3833-4a0f-a1b1-c28b24c104cd] Browser engine: winhide (C:\Users\Admin\AppData\Roaming\com.tank.winai\winhide\chrome.exe) [hidden off-screen]
2026-09-05T05:34:21.474Z [50399ec6-a8a0-4e6b-b166-94df6994835f][d889bfbd-3833-4a0f-a1b1-c28b24c104cd] Launch mode: STEALTH (raw spawn + connectOverCDP)
2026-09-05T05:34:22.820Z [50399ec6-a8a0-4e6b-b166-94df6994835f][d889bfbd-3833-4a0f-a1b1-c28b24c104cd] Exit IP: 115.74.128.9
2026-09-05T05:34:22.820Z [50399ec6-a8a0-4e6b-b166-94df6994835f][d889bfbd-3833-4a0f-a1b1-c28b24c104cd] Navigating browser to Google Flow tools page...
2026-09-05T05:34:22.820Z [50399ec6-a8a0-4e6b-b166-94df6994835f][d889bfbd-3833-4a0f-a1b1-c28b24c104cd] Using existing project URL: https://flow.google.com/project/cae2bf2b-d1b8-40f9-a300-9f2aa6276ea5?hl=en
2026-09-05T05:34:23.689Z [50399ec6-a8a0-4e6b-b166-94df6994835f][d889bfbd-3833-4a0f-a1b1-c28b24c104cd] Waiting for Google Flow...
2026-09-05T05:34:25.831Z [50399ec6-a8a0-4e6b-b166-94df6994835f][d889bfbd-3833-4a0f-a1b1-c28b24c104cd] Creating new project...
2026-09-05T05:34:45.835Z [50399ec6-a8a0-4e6b-b166-94df6994835f][d889bfbd-3833-4a0f-a1b1-c28b24c104cd] New project error: locator.waitFor: Timeout 20000ms exceeded.
Call log:
[2m  - waiting for locator('flow-projects-page button').filter({ hasText: /New project|Dự án mới/i }).first() to be visible[22m

2026-09-05T05:34:47.535Z [50399ec6-a8a0-4e6b-b166-94df6994835f][d889bfbd-3833-4a0f-a1b1-c28b24c104cd] dismissPopups: unresolved overlay(s) ["DIV[]|btns=","SPAN[]|btns="]
2026-09-05T05:35:12.551Z [50399ec6-a8a0-4e6b-b166-94df6994835f][d889bfbd-3833-4a0f-a1b1-c28b24c104cd] Composer never appeared. url=https://flow.google.com/about tiles=0 editors=0
2026-09-05T05:35:12.552Z [50399ec6-a8a0-4e6b-b166-94df6994835f][d889bfbd-3833-4a0f-a1b1-c28b24c104cd] Flow attempt 1/1 failed: Google Flow composer (prompt box) did not render — page may not have finished loading.
2026-09-05T05:35:12.552Z [50399ec6-a8a0-4e6b-b166-94df6994835f][d889bfbd-3833-4a0f-a1b1-c28b24c104cd] runGeneration ERROR exception: Error: Google Flow composer (prompt box) did not render — page may not have finished loading.
    at runGoogleFlow (C:\snapshot\sidecar\dist\sidecar.cjs:7592:11)
    at async runGeneration (C:\snapshot\sidecar\dist\sidecar.cjs:8392:11)
    at async handleCommand (C:\snapshot\sidecar\dist\sidecar.cjs:6510:7)
    at async C:\snapshot\sidecar\dist\sidecar.cjs:6426:11
2026-09-05T05:35:12.678Z [a3c0c018-01f6-4386-ad21-e3285f9501f1][d889bfbd-3833-4a0f-a1b1-c28b24c104cd] runGeneration starting: task_id=a3c0c018-01f6-4386-ad21-e3285f9501f1, profile_id=d889bfbd-3833-4a0f-a1b1-c28b24c104cd, target_site=google_flow
2026-09-05T05:35:12.679Z [a3c0c018-01f6-4386-ad21-e3285f9501f1][d889bfbd-3833-4a0f-a1b1-c28b24c104cd] Opening Playwright browser with persistent profile cookies...
2026-09-05T05:35:12.679Z [a3c0c018-01f6-4386-ad21-e3285f9501f1][d889bfbd-3833-4a0f-a1b1-c28b24c104cd] Browser engine: winhide (C:\Users\Admin\AppData\Roaming\com.tank.winai\winhide\chrome.exe) [hidden off-screen]
2026-09-05T05:35:12.680Z [a3c0c018-01f6-4386-ad21-e3285f9501f1][d889bfbd-3833-4a0f-a1b1-c28b24c104cd] Launch mode: STEALTH (raw spawn + connectOverCDP)
2026-09-05T05:35:14.310Z [a3c0c018-01f6-4386-ad21-e3285f9501f1][d889bfbd-3833-4a0f-a1b1-c28b24c104cd] Exit IP: 115.74.128.9
2026-09-05T05:35:14.311Z [a3c0c018-01f6-4386-ad21-e3285f9501f1][d889bfbd-3833-4a0f-a1b1-c28b24c104cd] Navigating browser to Google Flow tools page...
2026-09-05T05:35:14.311Z [a3c0c018-01f6-4386-ad21-e3285f9501f1][d889bfbd-3833-4a0f-a1b1-c28b24c104cd] Using existing project URL: https://flow.google.com/project/cae2bf2b-d1b8-40f9-a300-9f2aa6276ea5?hl=en
2026-09-05T05:35:15.197Z [a3c0c018-01f6-4386-ad21-e3285f9501f1][d889bfbd-3833-4a0f-a1b1-c28b24c104cd] Waiting for Google Flow...
2026-09-05T05:35:17.550Z [a3c0c018-01f6-4386-ad21-e3285f9501f1][d889bfbd-3833-4a0f-a1b1-c28b24c104cd] Creating new project...
2026-09-05T05:35:37.556Z [a3c0c018-01f6-4386-ad21-e3285f9501f1][d889bfbd-3833-4a0f-a1b1-c28b24c104cd] New project error: locator.waitFor: Timeout 20000ms exceeded.
Call log:
[2m  - waiting for locator('flow-projects-page button').filter({ hasText: /New project|Dự án mới/i }).first() to be visible[22m

2026-09-05T05:35:39.349Z [a3c0c018-01f6-4386-ad21-e3285f9501f1][d889bfbd-3833-4a0f-a1b1-c28b24c104cd] dismissPopups: unresolved overlay(s) ["DIV[]|btns=","SPAN[]|btns="]
2026-09-05T05:36:04.361Z [a3c0c018-01f6-4386-ad21-e3285f9501f1][d889bfbd-3833-4a0f-a1b1-c28b24c104cd] Composer never appeared. url=https://flow.google.com/about tiles=0 editors=0
2026-09-05T05:36:04.363Z [a3c0c018-01f6-4386-ad21-e3285f9501f1][d889bfbd-3833-4a0f-a1b1-c28b24c104cd] Flow attempt 1/1 failed: Google Flow composer (prompt box) did not render — page may not have finished loading.
2026-09-05T05:36:04.363Z [a3c0c018-01f6-4386-ad21-e3285f9501f1][d889bfbd-3833-4a0f-a1b1-c28b24c104cd] runGeneration ERROR exception: Error: Google Flow composer (prompt box) did not render — page may not have finished loading.
    at runGoogleFlow (C:\snapshot\sidecar\dist\sidecar.cjs:7592:11)
    at async runGeneration (C:\snapshot\sidecar\dist\sidecar.cjs:8392:11)
    at async handleCommand (C:\snapshot\sidecar\dist\sidecar.cjs:6510:7)
    at async C:\snapshot\sidecar\dist\sidecar.cjs:6426:11
2026-09-05T05:36:04.481Z [7dbd7d7e-e691-4a53-a5b5-36d8b5ca5573][d889bfbd-3833-4a0f-a1b1-c28b24c104cd] runGeneration starting: task_id=7dbd7d7e-e691-4a53-a5b5-36d8b5ca5573, profile_id=d889bfbd-3833-4a0f-a1b1-c28b24c104cd, target_site=google_flow
2026-09-05T05:36:04.482Z [7dbd7d7e-e691-4a53-a5b5-36d8b5ca5573][d889bfbd-3833-4a0f-a1b1-c28b24c104cd] Opening Playwright browser with persistent profile cookies...
2026-09-05T05:36:04.482Z [7dbd7d7e-e691-4a53-a5b5-36d8b5ca5573][d889bfbd-3833-4a0f-a1b1-c28b24c104cd] Browser engine: winhide (C:\Users\Admin\AppData\Roaming\com.tank.winai\winhide\chrome.exe) [hidden off-screen]
2026-09-05T05:36:04.483Z [7dbd7d7e-e691-4a53-a5b5-36d8b5ca5573][d889bfbd-3833-4a0f-a1b1-c28b24c104cd] Launch mode: STEALTH (raw spawn + connectOverCDP)
2026-09-05T05:36:06.870Z [7dbd7d7e-e691-4a53-a5b5-36d8b5ca5573][d889bfbd-3833-4a0f-a1b1-c28b24c104cd] Exit IP: 115.74.128.9
2026-09-05T05:36:06.871Z [7dbd7d7e-e691-4a53-a5b5-36d8b5ca5573][d889bfbd-3833-4a0f-a1b1-c28b24c104cd] Navigating browser to Google Flow tools page...
2026-09-05T05:36:06.871Z [7dbd7d7e-e691-4a53-a5b5-36d8b5ca5573][d889bfbd-3833-4a0f-a1b1-c28b24c104cd] Using existing project URL: https://flow.google.com/project/cae2bf2b-d1b8-40f9-a300-9f2aa6276ea5?hl=en
2026-09-05T05:36:07.583Z [7dbd7d7e-e691-4a53-a5b5-36d8b5ca5573][d889bfbd-3833-4a0f-a1b1-c28b24c104cd] Waiting for Google Flow...
2026-09-05T05:36:09.569Z [7dbd7d7e-e691-4a53-a5b5-36d8b5ca5573][d889bfbd-3833-4a0f-a1b1-c28b24c104cd] Creating new project...