=== WINAI TELEMETRY LOG ===
PC: DESKTOP-8ID1E1D | User: Admin
Time: 2026-09-05T14:52:49.549895300+07:00
Reason: batch_finished_image
Lines: 3000
===========================

2026-09-05T07:25:41.550Z [4d3616af-b581-4ca5-be22-8f60f7fc006d][bb1fc585-f087-407a-b043-49c06e320521] Ref image 4/9: saved 468314 bytes (image/jpeg) as "Arlo Water Park Day.jpeg"
2026-09-05T07:25:41.555Z [4d3616af-b581-4ca5-be22-8f60f7fc006d][bb1fc585-f087-407a-b043-49c06e320521] Ref image 4/9: attaching reference image...
2026-09-05T07:25:42.362Z [a59ade20-98f3-4db9-b245-1121272f1ab2][bb1fc585-f087-407a-b043-49c06e320521] Generating... 0 ready, 0 failed / 4 total (15s) image 99% [BỐI CẢNH] image 99% [BỐI CẢNH] image 99% [BỐI CẢNH] image 99% [BỐI CẢNH]
2026-09-05T07:25:42.569Z [04b20ca0-9d89-42c4-8f57-78467b0a27e3][bb1fc585-f087-407a-b043-49c06e320521] Mode: selected "image Image" ✓
2026-09-05T07:25:43.517Z [4d3616af-b581-4ca5-be22-8f60f7fc006d][bb1fc585-f087-407a-b043-49c06e320521] Ref image 4/9: reusing library asset "Arlo Water Park Day.jpeg" (no re-upload).
2026-09-05T07:25:45.383Z [a59ade20-98f3-4db9-b245-1121272f1ab2][bb1fc585-f087-407a-b043-49c06e320521] Generating... 0 ready, 0 failed / 4 total (18s) image 99% [BỐI CẢNH] image 99% [BỐI CẢNH] image 99% [BỐI CẢNH] image 99% [BỐI CẢNH]
2026-09-05T07:25:47.071Z [4d3616af-b581-4ca5-be22-8f60f7fc006d][bb1fc585-f087-407a-b043-49c06e320521] Ref image 4/9: chips 3→4 ✓
2026-09-05T07:25:47.224Z [04b20ca0-9d89-42c4-8f57-78467b0a27e3][bb1fc585-f087-407a-b043-49c06e320521] Model: selected "🍌 Nano Banana 2" ✓
2026-09-05T07:25:48.021Z [04b20ca0-9d89-42c4-8f57-78467b0a27e3][bb1fc585-f087-407a-b043-49c06e320521] Aspect ratio: "crop_16_9 16:9" already selected ✓
2026-09-05T07:25:48.397Z [a59ade20-98f3-4db9-b245-1121272f1ab2][bb1fc585-f087-407a-b043-49c06e320521] Generating... 0 ready, 0 failed / 4 total (21s) image 99% [BỐI CẢNH] image 99% [BỐI CẢNH] image 99% [BỐI CẢNH] image 99% [BỐI CẢNH]
2026-09-05T07:25:48.574Z [4d3616af-b581-4ca5-be22-8f60f7fc006d][bb1fc585-f087-407a-b043-49c06e320521] Ref image 5/9: downloading from URL...
2026-09-05T07:25:48.921Z [4d3616af-b581-4ca5-be22-8f60f7fc006d][bb1fc585-f087-407a-b043-49c06e320521] Ref image 5/9: saved 383953 bytes (image/jpeg) as "Nessa Chocolate Ice Cream Set.jpeg"
2026-09-05T07:25:48.925Z [4d3616af-b581-4ca5-be22-8f60f7fc006d][bb1fc585-f087-407a-b043-49c06e320521] Ref image 5/9: attaching reference image...
2026-09-05T07:25:49.729Z [04b20ca0-9d89-42c4-8f57-78467b0a27e3][bb1fc585-f087-407a-b043-49c06e320521] Output count: selected "x4" ✓
2026-09-05T07:25:49.750Z [f9c044d9-d63f-4f26-b064-9177e369e74e][bb1fc585-f087-407a-b043-49c06e320521] Prompt insert attempt 1: editor has 2071 chars (want ~2116) ✓
2026-09-05T07:25:50.559Z [04b20ca0-9d89-42c4-8f57-78467b0a27e3][bb1fc585-f087-407a-b043-49c06e320521] Ref image 1/7: downloading from URL...
2026-09-05T07:25:50.746Z [04b20ca0-9d89-42c4-8f57-78467b0a27e3][bb1fc585-f087-407a-b043-49c06e320521] Downloader: no-proxy request context ready.
2026-09-05T07:25:50.903Z [4d3616af-b581-4ca5-be22-8f60f7fc006d][bb1fc585-f087-407a-b043-49c06e320521] Ref image 5/9: reusing library asset "Nessa Chocolate Ice Cream Set.jpeg" (no re-upload).
2026-09-05T07:25:51.412Z [a59ade20-98f3-4db9-b245-1121272f1ab2][bb1fc585-f087-407a-b043-49c06e320521] Generating... 0 ready, 0 failed / 4 total (24s) image 99% [BỐI CẢNH] image 99% [BỐI CẢNH] image 99% [BỐI CẢNH] image 99% [BỐI CẢNH]
2026-09-05T07:25:51.547Z [04b20ca0-9d89-42c4-8f57-78467b0a27e3][bb1fc585-f087-407a-b043-49c06e320521] Ref image 1/7: saved 468314 bytes (image/jpeg) as "Arlo Water Park Day.jpeg"
2026-09-05T07:25:51.553Z [04b20ca0-9d89-42c4-8f57-78467b0a27e3][bb1fc585-f087-407a-b043-49c06e320521] Ref image 1/7: attaching reference image...
2026-09-05T07:25:51.588Z [f9c044d9-d63f-4f26-b064-9177e369e74e][bb1fc585-f087-407a-b043-49c06e320521] Baseline: 49 pre-existing media tile(s) of 49 mounted (kinds: image,image,image,image,image,image,image,image,image,image,image,image,image,image,image,image,image,image,image,image,image,image,image,image,image,video,video,image,video,video,image,video,image,video,video,image,video,video,image,video,video,image,video,video,image,video,video,image,video).
2026-09-05T07:25:53.401Z [04b20ca0-9d89-42c4-8f57-78467b0a27e3][bb1fc585-f087-407a-b043-49c06e320521] Ref image 1/7: reusing library asset "Arlo Water Park Day.jpeg" (no re-upload).
2026-09-05T07:25:53.793Z [f9c044d9-d63f-4f26-b064-9177e369e74e][bb1fc585-f087-407a-b043-49c06e320521] [submit] confirmed (editor "What do you want to ", fresh tile=true).
2026-09-05T07:25:54.430Z [a59ade20-98f3-4db9-b245-1121272f1ab2][bb1fc585-f087-407a-b043-49c06e320521] Generating... 0 ready, 0 failed / 4 total (27s) image 99% [BỐI CẢNH] image 99% [BỐI CẢNH] image 99% [BỐI CẢNH] image 99% [BỐI CẢNH]
2026-09-05T07:25:54.564Z [f9c044d9-d63f-4f26-b064-9177e369e74e][bb1fc585-f087-407a-b043-49c06e320521] Current Workspace project URL: https://flow.google.com/project/cae2bf2b-d1b8-40f9-a300-9f2aa6276ea5?hl=en
2026-09-05T07:25:54.564Z [f9c044d9-d63f-4f26-b064-9177e369e74e][bb1fc585-f087-407a-b043-49c06e320521] Submitted ✓ Detecting batch size...
2026-09-05T07:25:54.582Z [f9c044d9-d63f-4f26-b064-9177e369e74e][bb1fc585-f087-407a-b043-49c06e320521] New tile(s) since submit: 0 → 4 (mounted=49)
2026-09-05T07:25:54.974Z [4d3616af-b581-4ca5-be22-8f60f7fc006d][bb1fc585-f087-407a-b043-49c06e320521] Ref image 5/9: chips 4→5 ✓
2026-09-05T07:25:56.357Z [04b20ca0-9d89-42c4-8f57-78467b0a27e3][bb1fc585-f087-407a-b043-49c06e320521] Ref image 1/7: chips 0→1 ✓
2026-09-05T07:25:56.587Z [4d3616af-b581-4ca5-be22-8f60f7fc006d][bb1fc585-f087-407a-b043-49c06e320521] Ref image 6/9: downloading from URL...
2026-09-05T07:25:57.074Z [4d3616af-b581-4ca5-be22-8f60f7fc006d][bb1fc585-f087-407a-b043-49c06e320521] Ref image 6/9: saved 475323 bytes (image/jpeg) as "Vale Family Water Park Bag.jpeg"
2026-09-05T07:25:57.077Z [4d3616af-b581-4ca5-be22-8f60f7fc006d][bb1fc585-f087-407a-b043-49c06e320521] Ref image 6/9: attaching reference image...
2026-09-05T07:25:57.445Z [a59ade20-98f3-4db9-b245-1121272f1ab2][bb1fc585-f087-407a-b043-49c06e320521] Generating... 0 ready, 0 failed / 4 total (30s) [BỐI CẢNH]Verdant Fa image 99% [BỐI CẢNH] [BỐI CẢNH]Verdant Fa image 99% [BỐI CẢNH]
2026-09-05T07:25:57.929Z [04b20ca0-9d89-42c4-8f57-78467b0a27e3][bb1fc585-f087-407a-b043-49c06e320521] Ref image 2/7: downloading from URL...
2026-09-05T07:25:58.311Z [04b20ca0-9d89-42c4-8f57-78467b0a27e3][bb1fc585-f087-407a-b043-49c06e320521] Ref image 2/7: saved 628888 bytes (image/jpeg) as "Nessa Water Park Day.jpeg"
2026-09-05T07:25:58.319Z [04b20ca0-9d89-42c4-8f57-78467b0a27e3][bb1fc585-f087-407a-b043-49c06e320521] Ref image 2/7: attaching reference image...
2026-09-05T07:25:58.730Z [f9c044d9-d63f-4f26-b064-9177e369e74e][bb1fc585-f087-407a-b043-49c06e320521] Batch size stabilised at 4 new tile(s)
2026-09-05T07:25:58.730Z [f9c044d9-d63f-4f26-b064-9177e369e74e][bb1fc585-f087-407a-b043-49c06e320521] Batch detected: 4 item(s). Generating...
2026-09-05T07:25:58.730Z [f9c044d9-d63f-4f26-b064-9177e369e74e][bb1fc585-f087-407a-b043-49c06e320521] Polling for 4 image item(s) (baseline=49, hasUpload=true)...
2026-09-05T07:25:58.744Z [f9c044d9-d63f-4f26-b064-9177e369e74e][bb1fc585-f087-407a-b043-49c06e320521] Generating... 0 ready, 0 failed / 4 total (0s) image 40% [BỐI CẢNH] image 40% [BỐI CẢNH] image 40% [BỐI CẢNH] image 40% [BỐI CẢNH]
2026-09-05T07:25:58.904Z [4d3616af-b581-4ca5-be22-8f60f7fc006d][bb1fc585-f087-407a-b043-49c06e320521] Ref image 6/9: reusing library asset "Vale Family Water Park Bag.jpeg" (no re-upload).
2026-09-05T07:26:00.461Z [a59ade20-98f3-4db9-b245-1121272f1ab2][bb1fc585-f087-407a-b043-49c06e320521] Generating... 2 ready, 0 failed / 4 total (33s) image 99% [BỐI CẢNH] image 99% [BỐI CẢNH]
2026-09-05T07:26:00.603Z [04b20ca0-9d89-42c4-8f57-78467b0a27e3][bb1fc585-f087-407a-b043-49c06e320521] Ref image 2/7: reusing library asset "Nessa Water Park Day.jpeg" (no re-upload).
2026-09-05T07:26:01.763Z [f9c044d9-d63f-4f26-b064-9177e369e74e][bb1fc585-f087-407a-b043-49c06e320521] Generating... 0 ready, 0 failed / 4 total (3s) image 60% [BỐI CẢNH] image 60% [BỐI CẢNH] image 60% [BỐI CẢNH] image 61% [BỐI CẢNH]
2026-09-05T07:26:01.945Z [4d3616af-b581-4ca5-be22-8f60f7fc006d][bb1fc585-f087-407a-b043-49c06e320521] Ref image 6/9: chips 5→6 ✓
2026-09-05T07:26:03.476Z [a59ade20-98f3-4db9-b245-1121272f1ab2][bb1fc585-f087-407a-b043-49c06e320521] Generating... 2 ready, 0 failed / 4 total (36s) image 99% [BỐI CẢNH] image 99% [BỐI CẢNH]
2026-09-05T07:26:03.482Z [4d3616af-b581-4ca5-be22-8f60f7fc006d][bb1fc585-f087-407a-b043-49c06e320521] Ref image 7/9: downloading from URL...
2026-09-05T07:26:03.920Z [4d3616af-b581-4ca5-be22-8f60f7fc006d][bb1fc585-f087-407a-b043-49c06e320521] Ref image 7/9: saved 287414 bytes (image/jpeg) as "Verdant Water Park Dark Brown Rest Bench.jpeg"
2026-09-05T07:26:03.924Z [4d3616af-b581-4ca5-be22-8f60f7fc006d][bb1fc585-f087-407a-b043-49c06e320521] Ref image 7/9: attaching reference image...
2026-09-05T07:26:04.023Z [04b20ca0-9d89-42c4-8f57-78467b0a27e3][bb1fc585-f087-407a-b043-49c06e320521] Ref image 2/7: chips 1→2 ✓
2026-09-05T07:26:04.780Z [f9c044d9-d63f-4f26-b064-9177e369e74e][bb1fc585-f087-407a-b043-49c06e320521] Generating... 0 ready, 0 failed / 4 total (6s) image 80% [BỐI CẢNH] image 80% [BỐI CẢNH] image 80% [BỐI CẢNH] image 81% [BỐI CẢNH]
2026-09-05T07:26:05.131Z [04b20ca0-9d89-42c4-8f57-78467b0a27e3][bb1fc585-f087-407a-b043-49c06e320521] Ref image 3/7: downloading from URL...
2026-09-05T07:26:05.528Z [04b20ca0-9d89-42c4-8f57-78467b0a27e3][bb1fc585-f087-407a-b043-49c06e320521] Ref image 3/7: saved 287414 bytes (image/jpeg) as "Verdant Water Park Dark Brown Rest Bench.jpeg"
2026-09-05T07:26:05.533Z [04b20ca0-9d89-42c4-8f57-78467b0a27e3][bb1fc585-f087-407a-b043-49c06e320521] Ref image 3/7: attaching reference image...
2026-09-05T07:26:05.786Z [4d3616af-b581-4ca5-be22-8f60f7fc006d][bb1fc585-f087-407a-b043-49c06e320521] Ref image 7/9: reusing library asset "Verdant Water Park Dark Brown Rest Bench.jpeg" (no re-upload).
2026-09-05T07:26:06.496Z [a59ade20-98f3-4db9-b245-1121272f1ab2][bb1fc585-f087-407a-b043-49c06e320521] Generating... 2 ready, 0 failed / 4 total (39s) image 99% [BỐI CẢNH] image 99% [BỐI CẢNH]
2026-09-05T07:26:07.768Z [04b20ca0-9d89-42c4-8f57-78467b0a27e3][bb1fc585-f087-407a-b043-49c06e320521] Ref image 3/7: reusing library asset "Verdant Water Park Dark Brown Rest Bench.jpeg" (no re-upload).
2026-09-05T07:26:07.794Z [f9c044d9-d63f-4f26-b064-9177e369e74e][bb1fc585-f087-407a-b043-49c06e320521] Generating... 0 ready, 0 failed / 4 total (9s) image 99% [BỐI CẢNH] image 99% [BỐI CẢNH] image 99% [BỐI CẢNH] image 99% [BỐI CẢNH]
2026-09-05T07:26:08.945Z [4d3616af-b581-4ca5-be22-8f60f7fc006d][bb1fc585-f087-407a-b043-49c06e320521] Ref image 7/9: chips 6→7 ✓
2026-09-05T07:26:09.512Z [a59ade20-98f3-4db9-b245-1121272f1ab2][bb1fc585-f087-407a-b043-49c06e320521] Generating... 2 ready, 0 failed / 4 total (42s) image 99% [BỐI CẢNH] image 99% [BỐI CẢNH]
2026-09-05T07:26:10.360Z [4d3616af-b581-4ca5-be22-8f60f7fc006d][bb1fc585-f087-407a-b043-49c06e320521] Ref image 8/9: downloading from URL...
2026-09-05T07:26:10.669Z [4d3616af-b581-4ca5-be22-8f60f7fc006d][bb1fc585-f087-407a-b043-49c06e320521] Ref image 8/9: saved 272277 bytes (image/jpeg) as "Verdant Water Park Small Side Table.jpeg"
2026-09-05T07:26:10.674Z [4d3616af-b581-4ca5-be22-8f60f7fc006d][bb1fc585-f087-407a-b043-49c06e320521] Ref image 8/9: attaching reference image...
2026-09-05T07:26:10.810Z [f9c044d9-d63f-4f26-b064-9177e369e74e][bb1fc585-f087-407a-b043-49c06e320521] Generating... 0 ready, 0 failed / 4 total (12s) image 99% [BỐI CẢNH] image 99% [BỐI CẢNH] image 99% [BỐI CẢNH] image 99% [BỐI CẢNH]
2026-09-05T07:26:11.740Z [04b20ca0-9d89-42c4-8f57-78467b0a27e3][bb1fc585-f087-407a-b043-49c06e320521] Ref image 3/7: chips 2→3 ✓
2026-09-05T07:26:12.526Z [a59ade20-98f3-4db9-b245-1121272f1ab2][bb1fc585-f087-407a-b043-49c06e320521] Generating... 2 ready, 0 failed / 4 total (45s) image 100% [BỐI CẢNH image 99% [BỐI CẢNH]
2026-09-05T07:26:12.834Z [4d3616af-b581-4ca5-be22-8f60f7fc006d][bb1fc585-f087-407a-b043-49c06e320521] Ref image 8/9: "Verdant Water Park Small Side Table.jpeg" not in the library yet — uploading it first.
2026-09-05T07:26:12.843Z [04b20ca0-9d89-42c4-8f57-78467b0a27e3][bb1fc585-f087-407a-b043-49c06e320521] Ref image 4/7: downloading from URL...
2026-09-05T07:26:13.297Z [04b20ca0-9d89-42c4-8f57-78467b0a27e3][bb1fc585-f087-407a-b043-49c06e320521] Ref image 4/7: saved 272277 bytes (image/jpeg) as "Verdant Water Park Small Side Table.jpeg"
2026-09-05T07:26:13.303Z [04b20ca0-9d89-42c4-8f57-78467b0a27e3][bb1fc585-f087-407a-b043-49c06e320521] Ref image 4/7: attaching reference image...
2026-09-05T07:26:13.837Z [f9c044d9-d63f-4f26-b064-9177e369e74e][bb1fc585-f087-407a-b043-49c06e320521] Generating... 0 ready, 0 failed / 4 total (15s) image 99% [BỐI CẢNH] image 99% [BỐI CẢNH] image 99% [BỐI CẢNH] image 99% [BỐI CẢNH]
2026-09-05T07:26:15.557Z [a59ade20-98f3-4db9-b245-1121272f1ab2][bb1fc585-f087-407a-b043-49c06e320521] Generating... 3 ready, 0 failed / 4 total (48s) image 99% [BỐI CẢNH]
2026-09-05T07:26:15.634Z [04b20ca0-9d89-42c4-8f57-78467b0a27e3][bb1fc585-f087-407a-b043-49c06e320521] Ref image 4/7: reusing library asset "Verdant Water Park Small Side Table.jpeg" (no re-upload).
2026-09-05T07:26:16.771Z [4d3616af-b581-4ca5-be22-8f60f7fc006d][bb1fc585-f087-407a-b043-49c06e320521] Ref image 8/9: uploading "Verdant Water Park Small Side Table.jpeg" to the project library...
2026-09-05T07:26:16.858Z [f9c044d9-d63f-4f26-b064-9177e369e74e][bb1fc585-f087-407a-b043-49c06e320521] Generating... 0 ready, 0 failed / 4 total (18s) image 99% [BỐI CẢNH] image 99% [BỐI CẢNH] image 99% [BỐI CẢNH] image 99% [BỐI CẢNH]
2026-09-05T07:26:18.043Z [4d3616af-b581-4ca5-be22-8f60f7fc006d][bb1fc585-f087-407a-b043-49c06e320521] Ref image 8/9: upload finished ✓
2026-09-05T07:26:18.579Z [a59ade20-98f3-4db9-b245-1121272f1ab2][bb1fc585-f087-407a-b043-49c06e320521] Generating... 3 ready, 0 failed / 4 total (51s) [BỐI CẢNH]Verdant Fa
2026-09-05T07:26:19.704Z [04b20ca0-9d89-42c4-8f57-78467b0a27e3][bb1fc585-f087-407a-b043-49c06e320521] Ref image 4/7: chips 3→4 ✓
2026-09-05T07:26:19.876Z [f9c044d9-d63f-4f26-b064-9177e369e74e][bb1fc585-f087-407a-b043-49c06e320521] Generating... 0 ready, 0 failed / 4 total (21s) image 99% [BỐI CẢNH] image 99% [BỐI CẢNH] image 99% [BỐI CẢNH] image 99% [BỐI CẢNH]
2026-09-05T07:26:21.171Z [04b20ca0-9d89-42c4-8f57-78467b0a27e3][bb1fc585-f087-407a-b043-49c06e320521] Ref image 5/7: downloading from URL...
2026-09-05T07:26:21.520Z [04b20ca0-9d89-42c4-8f57-78467b0a27e3][bb1fc585-f087-407a-b043-49c06e320521] Ref image 5/7: saved 383953 bytes (image/jpeg) as "Nessa Chocolate Ice Cream Set.jpeg"
2026-09-05T07:26:21.523Z [04b20ca0-9d89-42c4-8f57-78467b0a27e3][bb1fc585-f087-407a-b043-49c06e320521] Ref image 5/7: attaching reference image...
2026-09-05T07:26:21.595Z [a59ade20-98f3-4db9-b245-1121272f1ab2][bb1fc585-f087-407a-b043-49c06e320521] Generating... 4 ready, 0 failed / 4 total (54s)
2026-09-05T07:26:21.595Z [a59ade20-98f3-4db9-b245-1121272f1ab2][bb1fc585-f087-407a-b043-49c06e320521] Batch done: 4 ready (target 4), 0 failed, scanned 4.
2026-09-05T07:26:21.595Z [a59ade20-98f3-4db9-b245-1121272f1ab2][bb1fc585-f087-407a-b043-49c06e320521] 4 item(s) ready! Downloading...
2026-09-05T07:26:21.596Z [a59ade20-98f3-4db9-b245-1121272f1ab2][bb1fc585-f087-407a-b043-49c06e320521] Item 1: Downloading from URL https://flow-content.google/image/bdaa569d-f5f1-4c28-8ee8-bd5bd7b335ca?Expires=1788614724&KeyName=labs-flow-prod-cdn-key&Signature=12wojMWiY_kN6bqnC-TGdlUL_9I
2026-09-05T07:26:22.040Z [a59ade20-98f3-4db9-b245-1121272f1ab2][bb1fc585-f087-407a-b043-49c06e320521] Downloaded 1/4: winai_2026-09-05T07-26-21_01.jpg
2026-09-05T07:26:22.041Z [a59ade20-98f3-4db9-b245-1121272f1ab2][bb1fc585-f087-407a-b043-49c06e320521] Item 2: Downloading from URL https://flow-content.google/image/713dce3d-cf87-4ce4-beb7-aa7e75bc2706?Expires=1788614723&KeyName=labs-flow-prod-cdn-key&Signature=-D6aJyCCwBH9HOPCwr214luyaG8
2026-09-05T07:26:22.143Z [a59ade20-98f3-4db9-b245-1121272f1ab2][bb1fc585-f087-407a-b043-49c06e320521] Downloaded 2/4: winai_2026-09-05T07-26-21_02.jpg
2026-09-05T07:26:22.143Z [a59ade20-98f3-4db9-b245-1121272f1ab2][bb1fc585-f087-407a-b043-49c06e320521] Item 3: Downloading from URL https://flow-content.google/image/d7f94cd8-f762-4d25-90c8-c61c77016d64?Expires=1788614722&KeyName=labs-flow-prod-cdn-key&Signature=hH7n6Xc6Ih17xDuFnEZzm8w7WUs
2026-09-05T07:26:22.243Z [a59ade20-98f3-4db9-b245-1121272f1ab2][bb1fc585-f087-407a-b043-49c06e320521] Downloaded 3/4: winai_2026-09-05T07-26-21_03.jpg
2026-09-05T07:26:22.244Z [a59ade20-98f3-4db9-b245-1121272f1ab2][bb1fc585-f087-407a-b043-49c06e320521] Item 4: Downloading from URL https://flow-content.google/image/8921aff0-0919-4f8d-b053-9776a5780f3a?Expires=1788614722&KeyName=labs-flow-prod-cdn-key&Signature=clnJH4ClffBx2mZxbNPo1OHJD0A
2026-09-05T07:26:22.346Z [a59ade20-98f3-4db9-b245-1121272f1ab2][bb1fc585-f087-407a-b043-49c06e320521] Downloaded 4/4: winai_2026-09-05T07-26-21_04.jpg
2026-09-05T07:26:22.346Z [a59ade20-98f3-4db9-b245-1121272f1ab2][bb1fc585-f087-407a-b043-49c06e320521] ✅ 4 item(s) saved to Downloads/Win AI Toolkit/
2026-09-05T07:26:22.641Z [a59ade20-98f3-4db9-b245-1121272f1ab2][bb1fc585-f087-407a-b043-49c06e320521] Item 2: Uploaded → https://studio.xanhmedia.vn/uploads/2026-09/1788593182343_99f9b8_bb1fc585-f087-407a-b043-49c06e320521_a59.jpg
2026-09-05T07:26:22.666Z [a59ade20-98f3-4db9-b245-1121272f1ab2][bb1fc585-f087-407a-b043-49c06e320521] Item 1: Uploaded → https://studio.xanhmedia.vn/uploads/2026-09/1788593182360_34ff2b_bb1fc585-f087-407a-b043-49c06e320521_a59.jpg
2026-09-05T07:26:22.691Z [a59ade20-98f3-4db9-b245-1121272f1ab2][bb1fc585-f087-407a-b043-49c06e320521] Item 4: Uploaded → https://studio.xanhmedia.vn/uploads/2026-09/1788593182390_61fc89_bb1fc585-f087-407a-b043-49c06e320521_a59.jpg
2026-09-05T07:26:22.731Z [a59ade20-98f3-4db9-b245-1121272f1ab2][bb1fc585-f087-407a-b043-49c06e320521] Item 3: Uploaded → https://studio.xanhmedia.vn/uploads/2026-09/1788593182427_5b42e9_bb1fc585-f087-407a-b043-49c06e320521_a59.jpg
2026-09-05T07:26:22.733Z [a59ade20-98f3-4db9-b245-1121272f1ab2][bb1fc585-f087-407a-b043-49c06e320521] All done (including any 1080p upgrades). Closing Playwright browser context.
2026-09-05T07:26:22.895Z [f9c044d9-d63f-4f26-b064-9177e369e74e][bb1fc585-f087-407a-b043-49c06e320521] Generating... 0 ready, 0 failed / 4 total (24s) image 99% [BỐI CẢNH] image 99% [BỐI CẢNH] image 99% [BỐI CẢNH] image 99% [BỐI CẢNH]
2026-09-05T07:26:23.468Z [e929e47b-973f-4768-9f47-2240e836cc83][bb1fc585-f087-407a-b043-49c06e320521] runGeneration starting: task_id=e929e47b-973f-4768-9f47-2240e836cc83, profile_id=bb1fc585-f087-407a-b043-49c06e320521, target_site=google_flow
2026-09-05T07:26:23.469Z [e929e47b-973f-4768-9f47-2240e836cc83][bb1fc585-f087-407a-b043-49c06e320521] Opening Playwright browser with persistent profile cookies...
2026-09-05T07:26:23.470Z [e929e47b-973f-4768-9f47-2240e836cc83][bb1fc585-f087-407a-b043-49c06e320521] Browser engine: winhide (C:\Users\Admin\AppData\Roaming\com.tank.winai\winhide\chrome.exe) [hidden off-screen]
2026-09-05T07:26:23.470Z [e929e47b-973f-4768-9f47-2240e836cc83][bb1fc585-f087-407a-b043-49c06e320521] Launch mode: STEALTH (raw spawn + connectOverCDP)
2026-09-05T07:26:23.572Z [04b20ca0-9d89-42c4-8f57-78467b0a27e3][bb1fc585-f087-407a-b043-49c06e320521] Ref image 5/7: reusing library asset "Nessa Chocolate Ice Cream Set.jpeg" (no re-upload).
2026-09-05T07:26:25.241Z [e929e47b-973f-4768-9f47-2240e836cc83][bb1fc585-f087-407a-b043-49c06e320521] Exit IP: 115.74.128.9
2026-09-05T07:26:25.241Z [e929e47b-973f-4768-9f47-2240e836cc83][bb1fc585-f087-407a-b043-49c06e320521] Navigating browser to Google Flow tools page...
2026-09-05T07:26:25.242Z [e929e47b-973f-4768-9f47-2240e836cc83][bb1fc585-f087-407a-b043-49c06e320521] Using existing project URL: https://flow.google.com/project/cd81a7d3-c989-419e-891a-f8694174cb85?hl=en
2026-09-05T07:26:25.956Z [f9c044d9-d63f-4f26-b064-9177e369e74e][bb1fc585-f087-407a-b043-49c06e320521] Generating... 0 ready, 0 failed / 4 total (27s) image 99% [BỐI CẢNH] image 99% [BỐI CẢNH] image 100% [BỐI CẢNH image 99% [BỐI CẢNH]
2026-09-05T07:26:26.502Z [e929e47b-973f-4768-9f47-2240e836cc83][bb1fc585-f087-407a-b043-49c06e320521] Waiting for Google Flow...
2026-09-05T07:26:26.704Z [04b20ca0-9d89-42c4-8f57-78467b0a27e3][bb1fc585-f087-407a-b043-49c06e320521] Ref image 5/7: chips 4→5 ✓
2026-09-05T07:26:27.247Z [4d3616af-b581-4ca5-be22-8f60f7fc006d][bb1fc585-f087-407a-b043-49c06e320521] Ref image 8/9: chips 7→8 ✓
2026-09-05T07:26:28.228Z [04b20ca0-9d89-42c4-8f57-78467b0a27e3][bb1fc585-f087-407a-b043-49c06e320521] Ref image 6/7: downloading from URL...
2026-09-05T07:26:28.257Z [e929e47b-973f-4768-9f47-2240e836cc83][bb1fc585-f087-407a-b043-49c06e320521] In existing project ✓
2026-09-05T07:26:28.735Z [04b20ca0-9d89-42c4-8f57-78467b0a27e3][bb1fc585-f087-407a-b043-49c06e320521] Ref image 6/7: saved 475323 bytes (image/jpeg) as "Vale Family Water Park Bag.jpeg"
2026-09-05T07:26:28.738Z [04b20ca0-9d89-42c4-8f57-78467b0a27e3][bb1fc585-f087-407a-b043-49c06e320521] Ref image 6/7: attaching reference image...
2026-09-05T07:26:28.801Z [4d3616af-b581-4ca5-be22-8f60f7fc006d][bb1fc585-f087-407a-b043-49c06e320521] Ref image 9/9: downloading from URL...
2026-09-05T07:26:28.973Z [f9c044d9-d63f-4f26-b064-9177e369e74e][bb1fc585-f087-407a-b043-49c06e320521] Generating... 0 ready, 0 failed / 4 total (30s) image 99% [BỐI CẢNH] image 99% [BỐI CẢNH] [BỐI CẢNH]Verdant Fa [BỐI CẢNH]Verdant Fa
2026-09-05T07:26:29.181Z [4d3616af-b581-4ca5-be22-8f60f7fc006d][bb1fc585-f087-407a-b043-49c06e320521] Ref image 9/9: saved 926103 bytes (image/jpeg) as "Verdant Family Water Park Master.jpeg"
2026-09-05T07:26:29.185Z [4d3616af-b581-4ca5-be22-8f60f7fc006d][bb1fc585-f087-407a-b043-49c06e320521] Ref image 9/9: attaching reference image...
2026-09-05T07:26:31.178Z [04b20ca0-9d89-42c4-8f57-78467b0a27e3][bb1fc585-f087-407a-b043-49c06e320521] Ref image 6/7: reusing library asset "Vale Family Water Park Bag.jpeg" (no re-upload).
2026-09-05T07:26:31.315Z [4d3616af-b581-4ca5-be22-8f60f7fc006d][bb1fc585-f087-407a-b043-49c06e320521] Ref image 9/9: reusing library asset "Verdant Family Water Park Master.jpeg" (no re-upload).
2026-09-05T07:26:31.991Z [f9c044d9-d63f-4f26-b064-9177e369e74e][bb1fc585-f087-407a-b043-49c06e320521] Generating... 2 ready, 0 failed / 4 total (33s) image 99% [BỐI CẢNH] image 99% [BỐI CẢNH]
2026-09-05T07:26:34.534Z [04b20ca0-9d89-42c4-8f57-78467b0a27e3][bb1fc585-f087-407a-b043-49c06e320521] Ref image 6/7: chips 5→6 ✓
2026-09-05T07:26:34.575Z [4d3616af-b581-4ca5-be22-8f60f7fc006d][bb1fc585-f087-407a-b043-49c06e320521] Ref image 9/9: chips 8→9 ✓
2026-09-05T07:26:34.585Z [4d3616af-b581-4ca5-be22-8f60f7fc006d][bb1fc585-f087-407a-b043-49c06e320521] Entering prompt...
2026-09-05T07:26:35.006Z [f9c044d9-d63f-4f26-b064-9177e369e74e][bb1fc585-f087-407a-b043-49c06e320521] Generating... 2 ready, 0 failed / 4 total (36s) image 99% [BỐI CẢNH] image 99% [BỐI CẢNH]
2026-09-05T07:26:35.734Z [04b20ca0-9d89-42c4-8f57-78467b0a27e3][bb1fc585-f087-407a-b043-49c06e320521] Ref image 7/7: downloading from URL...
2026-09-05T07:26:36.105Z [04b20ca0-9d89-42c4-8f57-78467b0a27e3][bb1fc585-f087-407a-b043-49c06e320521] Ref image 7/7: saved 926103 bytes (image/jpeg) as "Verdant Family Water Park Master.jpeg"
2026-09-05T07:26:36.108Z [04b20ca0-9d89-42c4-8f57-78467b0a27e3][bb1fc585-f087-407a-b043-49c06e320521] Ref image 7/7: attaching reference image...
2026-09-05T07:26:36.325Z [4d3616af-b581-4ca5-be22-8f60f7fc006d][bb1fc585-f087-407a-b043-49c06e320521] Prompt is 2512 chars — typing it in 35 chunk(s).
2026-09-05T07:26:36.596Z [e929e47b-973f-4768-9f47-2240e836cc83][bb1fc585-f087-407a-b043-49c06e320521] Composer ready ✓ (UI language: en)
2026-09-05T07:26:36.615Z [e929e47b-973f-4768-9f47-2240e836cc83][bb1fc585-f087-407a-b043-49c06e320521] dismissPopups: unresolved overlay(s) ["DIV[]|btns=","DIV[]|btns="]
2026-09-05T07:26:36.648Z [e929e47b-973f-4768-9f47-2240e836cc83][bb1fc585-f087-407a-b043-49c06e320521] Agent toggle aria-pressed=false
2026-09-05T07:26:36.648Z [e929e47b-973f-4768-9f47-2240e836cc83][bb1fc585-f087-407a-b043-49c06e320521] Opening settings...
2026-09-05T07:26:38.026Z [f9c044d9-d63f-4f26-b064-9177e369e74e][bb1fc585-f087-407a-b043-49c06e320521] Generating... 2 ready, 0 failed / 4 total (39s) image 99% [BỐI CẢNH] image 99% [BỐI CẢNH]
2026-09-05T07:26:38.509Z [04b20ca0-9d89-42c4-8f57-78467b0a27e3][bb1fc585-f087-407a-b043-49c06e320521] Ref image 7/7: reusing library asset "Verdant Family Water Park Master.jpeg" (no re-upload).
2026-09-05T07:26:38.529Z [e929e47b-973f-4768-9f47-2240e836cc83][bb1fc585-f087-407a-b043-49c06e320521] Configuring image settings...
2026-09-05T07:26:39.822Z [e929e47b-973f-4768-9f47-2240e836cc83][bb1fc585-f087-407a-b043-49c06e320521] Mode: selected "image Image" ✓
2026-09-05T07:26:41.040Z [f9c044d9-d63f-4f26-b064-9177e369e74e][bb1fc585-f087-407a-b043-49c06e320521] Generating... 2 ready, 0 failed / 4 total (42s) image 99% [BỐI CẢNH] image 99% [BỐI CẢNH]
2026-09-05T07:26:41.991Z [04b20ca0-9d89-42c4-8f57-78467b0a27e3][bb1fc585-f087-407a-b043-49c06e320521] Ref image 7/7: chips 6→7 ✓
2026-09-05T07:26:42.003Z [04b20ca0-9d89-42c4-8f57-78467b0a27e3][bb1fc585-f087-407a-b043-49c06e320521] Entering prompt...
2026-09-05T07:26:43.980Z [04b20ca0-9d89-42c4-8f57-78467b0a27e3][bb1fc585-f087-407a-b043-49c06e320521] Prompt is 2323 chars — typing it in 32 chunk(s).
2026-09-05T07:26:44.061Z [f9c044d9-d63f-4f26-b064-9177e369e74e][bb1fc585-f087-407a-b043-49c06e320521] Generating... 2 ready, 0 failed / 4 total (45s) image 99% [BỐI CẢNH] image 99% [BỐI CẢNH]
2026-09-05T07:26:44.632Z [e929e47b-973f-4768-9f47-2240e836cc83][bb1fc585-f087-407a-b043-49c06e320521] Model: selected "🍌 Nano Banana 2" ✓
2026-09-05T07:26:45.326Z [e929e47b-973f-4768-9f47-2240e836cc83][bb1fc585-f087-407a-b043-49c06e320521] Aspect ratio: "crop_16_9 16:9" already selected ✓
2026-09-05T07:26:46.912Z [e929e47b-973f-4768-9f47-2240e836cc83][bb1fc585-f087-407a-b043-49c06e320521] Output count: selected "x4" ✓
2026-09-05T07:26:47.075Z [f9c044d9-d63f-4f26-b064-9177e369e74e][bb1fc585-f087-407a-b043-49c06e320521] Generating... 2 ready, 0 failed / 4 total (48s) image 99% [BỐI CẢNH] image 99% [BỐI CẢNH]
2026-09-05T07:26:47.924Z [e929e47b-973f-4768-9f47-2240e836cc83][bb1fc585-f087-407a-b043-49c06e320521] Ref image 1/4: downloading from URL...
2026-09-05T07:26:48.116Z [e929e47b-973f-4768-9f47-2240e836cc83][bb1fc585-f087-407a-b043-49c06e320521] Downloader: no-proxy request context ready.
2026-09-05T07:26:49.108Z [e929e47b-973f-4768-9f47-2240e836cc83][bb1fc585-f087-407a-b043-49c06e320521] Ref image 1/4: saved 468314 bytes (image/jpeg) as "Arlo Water Park Day.jpeg"
2026-09-05T07:26:49.112Z [e929e47b-973f-4768-9f47-2240e836cc83][bb1fc585-f087-407a-b043-49c06e320521] Ref image 1/4: attaching reference image...
2026-09-05T07:26:50.099Z [f9c044d9-d63f-4f26-b064-9177e369e74e][bb1fc585-f087-407a-b043-49c06e320521] Generating... 2 ready, 0 failed / 4 total (51s) image 99% [BỐI CẢNH] [BỐI CẢNH]Verdant Fa
2026-09-05T07:26:50.918Z [e929e47b-973f-4768-9f47-2240e836cc83][bb1fc585-f087-407a-b043-49c06e320521] Ref image 1/4: reusing library asset "Arlo Water Park Day.jpeg" (no re-upload).
2026-09-05T07:26:53.114Z [f9c044d9-d63f-4f26-b064-9177e369e74e][bb1fc585-f087-407a-b043-49c06e320521] Generating... 3 ready, 0 failed / 4 total (54s) image 99% [BỐI CẢNH]
2026-09-05T07:26:53.275Z [4d3616af-b581-4ca5-be22-8f60f7fc006d][bb1fc585-f087-407a-b043-49c06e320521] Prompt insert attempt 1: editor has 2456 chars (want ~2505) ✓
2026-09-05T07:26:54.333Z [e929e47b-973f-4768-9f47-2240e836cc83][bb1fc585-f087-407a-b043-49c06e320521] Ref image 1/4: chips 0→1 ✓
2026-09-05T07:26:54.839Z [4d3616af-b581-4ca5-be22-8f60f7fc006d][bb1fc585-f087-407a-b043-49c06e320521] Baseline: 47 pre-existing media tile(s) of 47 mounted (kinds: image,image,image,image,image,image,image,image,image,image,image,image,image,image,image,image,image,image,image,image,image,image,image,image,image,image,image,video,video,image,image,video,video,image,video,video,image,video,video,video,video,video,image,video,video,image,video).
2026-09-05T07:26:55.642Z [e929e47b-973f-4768-9f47-2240e836cc83][bb1fc585-f087-407a-b043-49c06e320521] Ref image 2/4: downloading from URL...
2026-09-05T07:26:56.083Z [e929e47b-973f-4768-9f47-2240e836cc83][bb1fc585-f087-407a-b043-49c06e320521] Ref image 2/4: saved 628888 bytes (image/jpeg) as "Nessa Water Park Day.jpeg"
2026-09-05T07:26:56.087Z [e929e47b-973f-4768-9f47-2240e836cc83][bb1fc585-f087-407a-b043-49c06e320521] Ref image 2/4: attaching reference image...
2026-09-05T07:26:56.143Z [f9c044d9-d63f-4f26-b064-9177e369e74e][bb1fc585-f087-407a-b043-49c06e320521] Generating... 3 ready, 0 failed / 4 total (57s) image 99% [BỐI CẢNH]
2026-09-05T07:26:57.102Z [4d3616af-b581-4ca5-be22-8f60f7fc006d][bb1fc585-f087-407a-b043-49c06e320521] [submit] confirmed (editor "What do you want to ", fresh tile=true).
2026-09-05T07:26:57.860Z [4d3616af-b581-4ca5-be22-8f60f7fc006d][bb1fc585-f087-407a-b043-49c06e320521] Current Workspace project URL: https://flow.google.com/project/33ca2cc2-c9ff-4bb6-9048-2a7af1dfcfee?hl=en
2026-09-05T07:26:57.861Z [4d3616af-b581-4ca5-be22-8f60f7fc006d][bb1fc585-f087-407a-b043-49c06e320521] Submitted ✓ Detecting batch size...
2026-09-05T07:26:57.875Z [4d3616af-b581-4ca5-be22-8f60f7fc006d][bb1fc585-f087-407a-b043-49c06e320521] New tile(s) since submit: 0 → 4 (mounted=47)
2026-09-05T07:26:58.006Z [e929e47b-973f-4768-9f47-2240e836cc83][bb1fc585-f087-407a-b043-49c06e320521] Ref image 2/4: reusing library asset "Nessa Water Park Day.jpeg" (no re-upload).
2026-09-05T07:26:58.374Z [04b20ca0-9d89-42c4-8f57-78467b0a27e3][bb1fc585-f087-407a-b043-49c06e320521] Prompt insert attempt 1: editor has 2269 chars (want ~2316) ✓
2026-09-05T07:26:59.156Z [f9c044d9-d63f-4f26-b064-9177e369e74e][bb1fc585-f087-407a-b043-49c06e320521] Generating... 3 ready, 0 failed / 4 total (60s) image 99% [BỐI CẢNH]
2026-09-05T07:26:59.892Z [04b20ca0-9d89-42c4-8f57-78467b0a27e3][bb1fc585-f087-407a-b043-49c06e320521] Baseline: 47 pre-existing media tile(s) of 47 mounted (kinds: image,image,image,image,image,image,image,image,image,image,image,image,image,image,image,image,image,image,image,image,image,image,image,image,image,image,image,image,image,image,image,video,video,image,image,video,video,image,video,video,image,video,video,video,image,video,video).
2026-09-05T07:27:01.371Z [e929e47b-973f-4768-9f47-2240e836cc83][bb1fc585-f087-407a-b043-49c06e320521] Ref image 2/4: chips 1→2 ✓
2026-09-05T07:27:01.807Z [04b20ca0-9d89-42c4-8f57-78467b0a27e3][bb1fc585-f087-407a-b043-49c06e320521] [submit] confirmed (editor "What do you want to ", fresh tile=true).
2026-09-05T07:27:02.050Z [4d3616af-b581-4ca5-be22-8f60f7fc006d][bb1fc585-f087-407a-b043-49c06e320521] Batch size stabilised at 4 new tile(s)
2026-09-05T07:27:02.050Z [4d3616af-b581-4ca5-be22-8f60f7fc006d][bb1fc585-f087-407a-b043-49c06e320521] Batch detected: 4 item(s). Generating...
2026-09-05T07:27:02.051Z [4d3616af-b581-4ca5-be22-8f60f7fc006d][bb1fc585-f087-407a-b043-49c06e320521] Polling for 4 image item(s) (baseline=47, hasUpload=true)...
2026-09-05T07:27:02.064Z [4d3616af-b581-4ca5-be22-8f60f7fc006d][bb1fc585-f087-407a-b043-49c06e320521] Generating... 0 ready, 0 failed / 4 total (0s) image 34% [BỐI CẢNH] image 34% [BỐI CẢNH] image 34% [BỐI CẢNH] image 34% [BỐI CẢNH]
2026-09-05T07:27:02.181Z [f9c044d9-d63f-4f26-b064-9177e369e74e][bb1fc585-f087-407a-b043-49c06e320521] Generating... 3 ready, 0 failed / 4 total (63s) [BỐI CẢNH]Verdant Fa
2026-09-05T07:27:02.317Z [04b20ca0-9d89-42c4-8f57-78467b0a27e3][bb1fc585-f087-407a-b043-49c06e320521] Current Workspace project URL: https://flow.google.com/project/c2a607c5-d833-4be1-8108-407b74d4ed85?hl=en
2026-09-05T07:27:02.317Z [04b20ca0-9d89-42c4-8f57-78467b0a27e3][bb1fc585-f087-407a-b043-49c06e320521] Submitted ✓ Detecting batch size...
2026-09-05T07:27:02.339Z [04b20ca0-9d89-42c4-8f57-78467b0a27e3][bb1fc585-f087-407a-b043-49c06e320521] New tile(s) since submit: 0 → 4 (mounted=46)
2026-09-05T07:27:02.427Z [e929e47b-973f-4768-9f47-2240e836cc83][bb1fc585-f087-407a-b043-49c06e320521] Ref image 3/4: downloading from URL...
2026-09-05T07:27:02.934Z [e929e47b-973f-4768-9f47-2240e836cc83][bb1fc585-f087-407a-b043-49c06e320521] Ref image 3/4: saved 287414 bytes (image/jpeg) as "Verdant Water Park Dark Brown Rest Bench.jpeg"
2026-09-05T07:27:02.938Z [e929e47b-973f-4768-9f47-2240e836cc83][bb1fc585-f087-407a-b043-49c06e320521] Ref image 3/4: attaching reference image...
2026-09-05T07:27:05.083Z [4d3616af-b581-4ca5-be22-8f60f7fc006d][bb1fc585-f087-407a-b043-49c06e320521] Generating... 0 ready, 0 failed / 4 total (3s) image 54% [BỐI CẢNH] image 54% [BỐI CẢNH] image 54% [BỐI CẢNH] image 54% [BỐI CẢNH]
2026-09-05T07:27:05.135Z [e929e47b-973f-4768-9f47-2240e836cc83][bb1fc585-f087-407a-b043-49c06e320521] Ref image 3/4: reusing library asset "Verdant Water Park Dark Brown Rest Bench.jpeg" (no re-upload).
2026-09-05T07:27:05.209Z [f9c044d9-d63f-4f26-b064-9177e369e74e][bb1fc585-f087-407a-b043-49c06e320521] Generating... 4 ready, 0 failed / 4 total (66s)
2026-09-05T07:27:05.210Z [f9c044d9-d63f-4f26-b064-9177e369e74e][bb1fc585-f087-407a-b043-49c06e320521] Batch done: 4 ready (target 4), 0 failed, scanned 4.
2026-09-05T07:27:05.210Z [f9c044d9-d63f-4f26-b064-9177e369e74e][bb1fc585-f087-407a-b043-49c06e320521] 4 item(s) ready! Downloading...
2026-09-05T07:27:05.211Z [f9c044d9-d63f-4f26-b064-9177e369e74e][bb1fc585-f087-407a-b043-49c06e320521] Item 1: Downloading from URL https://flow-content.google/image/ff799cf5-4b0b-40e6-9c31-4a5be3a93dd5?Expires=1788614755&KeyName=labs-flow-prod-cdn-key&Signature=X55dlJzjei9wFexSnr7MjAJjoyQ
2026-09-05T07:27:05.504Z [f9c044d9-d63f-4f26-b064-9177e369e74e][bb1fc585-f087-407a-b043-49c06e320521] Downloaded 1/4: winai_2026-09-05T07-27-05_01.jpg
2026-09-05T07:27:05.504Z [f9c044d9-d63f-4f26-b064-9177e369e74e][bb1fc585-f087-407a-b043-49c06e320521] Item 2: Downloading from URL https://flow-content.google/image/eb9835a7-2ab6-495d-8fb9-22d867ab0bdb?Expires=1788614754&KeyName=labs-flow-prod-cdn-key&Signature=oYmmrGDzQD8LoG6zISheobZirAc
2026-09-05T07:27:05.598Z [f9c044d9-d63f-4f26-b064-9177e369e74e][bb1fc585-f087-407a-b043-49c06e320521] Downloaded 2/4: winai_2026-09-05T07-27-05_02.jpg
2026-09-05T07:27:05.599Z [f9c044d9-d63f-4f26-b064-9177e369e74e][bb1fc585-f087-407a-b043-49c06e320521] Item 3: Downloading from URL https://flow-content.google/image/471e64a2-6956-485f-951e-25442d8a09a4?Expires=1788614753&KeyName=labs-flow-prod-cdn-key&Signature=1PjVwPCWSrVKwPYD3Tkp-B5wzL0
2026-09-05T07:27:05.662Z [f9c044d9-d63f-4f26-b064-9177e369e74e][bb1fc585-f087-407a-b043-49c06e320521] Downloaded 3/4: winai_2026-09-05T07-27-05_03.jpg
2026-09-05T07:27:05.663Z [f9c044d9-d63f-4f26-b064-9177e369e74e][bb1fc585-f087-407a-b043-49c06e320521] Item 4: Downloading from URL https://flow-content.google/image/241a0eeb-1b77-4806-950e-6f2798d0a1b7?Expires=1788614753&KeyName=labs-flow-prod-cdn-key&Signature=Ez2KumgpHea6aKZF3UM4kOLJUqo
2026-09-05T07:27:05.727Z [f9c044d9-d63f-4f26-b064-9177e369e74e][bb1fc585-f087-407a-b043-49c06e320521] Downloaded 4/4: winai_2026-09-05T07-27-05_04.jpg
2026-09-05T07:27:05.727Z [f9c044d9-d63f-4f26-b064-9177e369e74e][bb1fc585-f087-407a-b043-49c06e320521] ✅ 4 item(s) saved to Downloads/Win AI Toolkit/
2026-09-05T07:27:06.017Z [f9c044d9-d63f-4f26-b064-9177e369e74e][bb1fc585-f087-407a-b043-49c06e320521] Item 2: Uploaded → https://studio.xanhmedia.vn/uploads/2026-09/1788593225718_135e0a_bb1fc585-f087-407a-b043-49c06e320521_f9c.jpg
2026-09-05T07:27:06.058Z [f9c044d9-d63f-4f26-b064-9177e369e74e][bb1fc585-f087-407a-b043-49c06e320521] Item 4: Uploaded → https://studio.xanhmedia.vn/uploads/2026-09/1788593225759_b2e232_bb1fc585-f087-407a-b043-49c06e320521_f9c.jpg
2026-09-05T07:27:06.086Z [f9c044d9-d63f-4f26-b064-9177e369e74e][bb1fc585-f087-407a-b043-49c06e320521] Item 3: Uploaded → https://studio.xanhmedia.vn/uploads/2026-09/1788593225783_d21643_bb1fc585-f087-407a-b043-49c06e320521_f9c.jpg
2026-09-05T07:27:06.093Z [f9c044d9-d63f-4f26-b064-9177e369e74e][bb1fc585-f087-407a-b043-49c06e320521] Item 1: Uploaded → https://studio.xanhmedia.vn/uploads/2026-09/1788593225783_958eca_bb1fc585-f087-407a-b043-49c06e320521_f9c.jpg
2026-09-05T07:27:06.095Z [f9c044d9-d63f-4f26-b064-9177e369e74e][bb1fc585-f087-407a-b043-49c06e320521] All done (including any 1080p upgrades). Closing Playwright browser context.
2026-09-05T07:27:06.471Z [04b20ca0-9d89-42c4-8f57-78467b0a27e3][bb1fc585-f087-407a-b043-49c06e320521] Batch size stabilised at 4 new tile(s)
2026-09-05T07:27:06.472Z [04b20ca0-9d89-42c4-8f57-78467b0a27e3][bb1fc585-f087-407a-b043-49c06e320521] Batch detected: 4 item(s). Generating...
2026-09-05T07:27:06.472Z [04b20ca0-9d89-42c4-8f57-78467b0a27e3][bb1fc585-f087-407a-b043-49c06e320521] Polling for 4 image item(s) (baseline=47, hasUpload=true)...
2026-09-05T07:27:06.483Z [04b20ca0-9d89-42c4-8f57-78467b0a27e3][bb1fc585-f087-407a-b043-49c06e320521] Generating... 0 ready, 0 failed / 4 total (0s) image 34% [BỐI CẢNH] image 34% [BỐI CẢNH] image 34% [BỐI CẢNH] image 34% [BỐI CẢNH]
2026-09-05T07:27:07.044Z [a97a8ee4-6654-41d1-9c8a-2d0d265c862f][bb1fc585-f087-407a-b043-49c06e320521] runGeneration starting: task_id=a97a8ee4-6654-41d1-9c8a-2d0d265c862f, profile_id=bb1fc585-f087-407a-b043-49c06e320521, target_site=google_flow
2026-09-05T07:27:07.045Z [a97a8ee4-6654-41d1-9c8a-2d0d265c862f][bb1fc585-f087-407a-b043-49c06e320521] Opening Playwright browser with persistent profile cookies...
2026-09-05T07:27:07.045Z [a97a8ee4-6654-41d1-9c8a-2d0d265c862f][bb1fc585-f087-407a-b043-49c06e320521] Browser engine: winhide (C:\Users\Admin\AppData\Roaming\com.tank.winai\winhide\chrome.exe) [hidden off-screen]
2026-09-05T07:27:07.045Z [a97a8ee4-6654-41d1-9c8a-2d0d265c862f][bb1fc585-f087-407a-b043-49c06e320521] Launch mode: STEALTH (raw spawn + connectOverCDP)
2026-09-05T07:27:08.120Z [4d3616af-b581-4ca5-be22-8f60f7fc006d][bb1fc585-f087-407a-b043-49c06e320521] Generating... 0 ready, 0 failed / 4 total (6s) image 74% [BỐI CẢNH] image 74% [BỐI CẢNH] image 74% [BỐI CẢNH] image 74% [BỐI CẢNH]
2026-09-05T07:27:08.377Z [e929e47b-973f-4768-9f47-2240e836cc83][bb1fc585-f087-407a-b043-49c06e320521] Ref image 3/4: chips 2→3 ✓
2026-09-05T07:27:08.905Z [a97a8ee4-6654-41d1-9c8a-2d0d265c862f][bb1fc585-f087-407a-b043-49c06e320521] Exit IP: 115.74.128.9
2026-09-05T07:27:08.905Z [a97a8ee4-6654-41d1-9c8a-2d0d265c862f][bb1fc585-f087-407a-b043-49c06e320521] Navigating browser to Google Flow tools page...
2026-09-05T07:27:08.906Z [a97a8ee4-6654-41d1-9c8a-2d0d265c862f][bb1fc585-f087-407a-b043-49c06e320521] Using existing project URL: https://flow.google.com/project/cae2bf2b-d1b8-40f9-a300-9f2aa6276ea5?hl=en
2026-09-05T07:27:09.493Z [04b20ca0-9d89-42c4-8f57-78467b0a27e3][bb1fc585-f087-407a-b043-49c06e320521] Generating... 0 ready, 0 failed / 4 total (3s) image 54% [BỐI CẢNH] image 54% [BỐI CẢNH] image 54% [BỐI CẢNH] image 54% [BỐI CẢNH]
2026-09-05T07:27:09.675Z [a97a8ee4-6654-41d1-9c8a-2d0d265c862f][bb1fc585-f087-407a-b043-49c06e320521] Waiting for Google Flow...
2026-09-05T07:27:10.007Z [e929e47b-973f-4768-9f47-2240e836cc83][bb1fc585-f087-407a-b043-49c06e320521] Ref image 4/4: downloading from URL...
2026-09-05T07:27:10.427Z [e929e47b-973f-4768-9f47-2240e836cc83][bb1fc585-f087-407a-b043-49c06e320521] Ref image 4/4: saved 926103 bytes (image/jpeg) as "Verdant Family Water Park Master.jpeg"
2026-09-05T07:27:10.435Z [e929e47b-973f-4768-9f47-2240e836cc83][bb1fc585-f087-407a-b043-49c06e320521] Ref image 4/4: attaching reference image...
2026-09-05T07:27:11.168Z [4d3616af-b581-4ca5-be22-8f60f7fc006d][bb1fc585-f087-407a-b043-49c06e320521] Generating... 0 ready, 0 failed / 4 total (9s) image 99% [BỐI CẢNH] image 99% [BỐI CẢNH] image 99% [BỐI CẢNH] image 94% [BỐI CẢNH]
2026-09-05T07:27:11.711Z [a97a8ee4-6654-41d1-9c8a-2d0d265c862f][bb1fc585-f087-407a-b043-49c06e320521] In existing project ✓
2026-09-05T07:27:12.489Z [e929e47b-973f-4768-9f47-2240e836cc83][bb1fc585-f087-407a-b043-49c06e320521] Ref image 4/4: reusing library asset "Verdant Family Water Park Master.jpeg" (no re-upload).
2026-09-05T07:27:12.518Z [04b20ca0-9d89-42c4-8f57-78467b0a27e3][bb1fc585-f087-407a-b043-49c06e320521] Generating... 0 ready, 0 failed / 4 total (6s) image 74% [BỐI CẢNH] image 74% [BỐI CẢNH] image 74% [BỐI CẢNH] image 74% [BỐI CẢNH]
2026-09-05T07:27:12.917Z [a97a8ee4-6654-41d1-9c8a-2d0d265c862f][bb1fc585-f087-407a-b043-49c06e320521] dismissPopups: unresolved overlay(s) ["IFRAME[presentation]|btns="]
2026-09-05T07:27:14.182Z [4d3616af-b581-4ca5-be22-8f60f7fc006d][bb1fc585-f087-407a-b043-49c06e320521] Generating... 0 ready, 0 failed / 4 total (12s) image 99% [BỐI CẢNH] image 99% [BỐI CẢNH] image 99% [BỐI CẢNH] image 99% [BỐI CẢNH]
2026-09-05T07:27:15.550Z [04b20ca0-9d89-42c4-8f57-78467b0a27e3][bb1fc585-f087-407a-b043-49c06e320521] Generating... 0 ready, 0 failed / 4 total (9s) image 94% [BỐI CẢNH] image 94% [BỐI CẢNH] image 94% [BỐI CẢNH] image 94% [BỐI CẢNH]
2026-09-05T07:27:15.798Z [e929e47b-973f-4768-9f47-2240e836cc83][bb1fc585-f087-407a-b043-49c06e320521] Ref image 4/4: chips 3→4 ✓
2026-09-05T07:27:15.808Z [e929e47b-973f-4768-9f47-2240e836cc83][bb1fc585-f087-407a-b043-49c06e320521] Entering prompt...
2026-09-05T07:27:16.908Z [a97a8ee4-6654-41d1-9c8a-2d0d265c862f][bb1fc585-f087-407a-b043-49c06e320521] Composer ready ✓ (UI language: en)
2026-09-05T07:27:16.987Z [a97a8ee4-6654-41d1-9c8a-2d0d265c862f][bb1fc585-f087-407a-b043-49c06e320521] dismissPopups: unresolved overlay(s) ["DIV[]|btns=","DIV[]|btns="]
2026-09-05T07:27:17.020Z [a97a8ee4-6654-41d1-9c8a-2d0d265c862f][bb1fc585-f087-407a-b043-49c06e320521] Agent toggle aria-pressed=false
2026-09-05T07:27:17.021Z [a97a8ee4-6654-41d1-9c8a-2d0d265c862f][bb1fc585-f087-407a-b043-49c06e320521] Opening settings...
2026-09-05T07:27:17.215Z [4d3616af-b581-4ca5-be22-8f60f7fc006d][bb1fc585-f087-407a-b043-49c06e320521] Generating... 0 ready, 0 failed / 4 total (15s) image 99% [BỐI CẢNH] image 99% [BỐI CẢNH] image 99% [BỐI CẢNH] image 99% [BỐI CẢNH]
2026-09-05T07:27:17.847Z [e929e47b-973f-4768-9f47-2240e836cc83][bb1fc585-f087-407a-b043-49c06e320521] Prompt is 2217 chars — typing it in 29 chunk(s).
2026-09-05T07:27:18.572Z [04b20ca0-9d89-42c4-8f57-78467b0a27e3][bb1fc585-f087-407a-b043-49c06e320521] Generating... 0 ready, 0 failed / 4 total (12s) image 99% [BỐI CẢNH] image 99% [BỐI CẢNH] image 99% [BỐI CẢNH] image 99% [BỐI CẢNH]
2026-09-05T07:27:18.897Z [a97a8ee4-6654-41d1-9c8a-2d0d265c862f][bb1fc585-f087-407a-b043-49c06e320521] Configuring image settings...
2026-09-05T07:27:20.236Z [4d3616af-b581-4ca5-be22-8f60f7fc006d][bb1fc585-f087-407a-b043-49c06e320521] Generating... 0 ready, 0 failed / 4 total (18s) image 99% [BỐI CẢNH] image 99% [BỐI CẢNH] image 99% [BỐI CẢNH] image 99% [BỐI CẢNH]
2026-09-05T07:27:20.909Z [a97a8ee4-6654-41d1-9c8a-2d0d265c862f][bb1fc585-f087-407a-b043-49c06e320521] Mode: selected "image Image" ✓
2026-09-05T07:27:21.588Z [04b20ca0-9d89-42c4-8f57-78467b0a27e3][bb1fc585-f087-407a-b043-49c06e320521] Generating... 0 ready, 0 failed / 4 total (15s) image 99% [BỐI CẢNH] image 99% [BỐI CẢNH] image 99% [BỐI CẢNH] image 99% [BỐI CẢNH]
2026-09-05T07:27:23.257Z [4d3616af-b581-4ca5-be22-8f60f7fc006d][bb1fc585-f087-407a-b043-49c06e320521] Generating... 0 ready, 0 failed / 4 total (21s) image 99% [BỐI CẢNH] image 99% [BỐI CẢNH] image 99% [BỐI CẢNH] image 99% [BỐI CẢNH]
2026-09-05T07:27:24.603Z [04b20ca0-9d89-42c4-8f57-78467b0a27e3][bb1fc585-f087-407a-b043-49c06e320521] Generating... 0 ready, 0 failed / 4 total (18s) image 99% [BỐI CẢNH] image 99% [BỐI CẢNH] image 99% [BỐI CẢNH] image 99% [BỐI CẢNH]
2026-09-05T07:27:25.914Z [a97a8ee4-6654-41d1-9c8a-2d0d265c862f][bb1fc585-f087-407a-b043-49c06e320521] Model: selected "🍌 Nano Banana 2" ✓
2026-09-05T07:27:26.286Z [4d3616af-b581-4ca5-be22-8f60f7fc006d][bb1fc585-f087-407a-b043-49c06e320521] Generating... 0 ready, 0 failed / 4 total (24s) image 99% [BỐI CẢNH] image 99% [BỐI CẢNH] image 99% [BỐI CẢNH] image 99% [BỐI CẢNH]
2026-09-05T07:27:26.736Z [a97a8ee4-6654-41d1-9c8a-2d0d265c862f][bb1fc585-f087-407a-b043-49c06e320521] Aspect ratio: "crop_16_9 16:9" already selected ✓
2026-09-05T07:27:27.632Z [04b20ca0-9d89-42c4-8f57-78467b0a27e3][bb1fc585-f087-407a-b043-49c06e320521] Generating... 0 ready, 0 failed / 4 total (21s) image 99% [BỐI CẢNH] image 99% [BỐI CẢNH] image 99% [BỐI CẢNH] image 99% [BỐI CẢNH]
2026-09-05T07:27:28.245Z [a97a8ee4-6654-41d1-9c8a-2d0d265c862f][bb1fc585-f087-407a-b043-49c06e320521] Output count: selected "x4" ✓
2026-09-05T07:27:29.166Z [a97a8ee4-6654-41d1-9c8a-2d0d265c862f][bb1fc585-f087-407a-b043-49c06e320521] Ref image 1/6: downloading from URL...
2026-09-05T07:27:29.310Z [4d3616af-b581-4ca5-be22-8f60f7fc006d][bb1fc585-f087-407a-b043-49c06e320521] Generating... 0 ready, 0 failed / 4 total (27s) image 99% [BỐI CẢNH] image 99% [BỐI CẢNH] image 99% [BỐI CẢNH] image 99% [BỐI CẢNH]
2026-09-05T07:27:29.354Z [a97a8ee4-6654-41d1-9c8a-2d0d265c862f][bb1fc585-f087-407a-b043-49c06e320521] Downloader: no-proxy request context ready.
2026-09-05T07:27:30.339Z [a97a8ee4-6654-41d1-9c8a-2d0d265c862f][bb1fc585-f087-407a-b043-49c06e320521] Ref image 1/6: saved 653843 bytes (image/jpeg) as "Graham Water Park Day.jpeg"
2026-09-05T07:27:30.342Z [a97a8ee4-6654-41d1-9c8a-2d0d265c862f][bb1fc585-f087-407a-b043-49c06e320521] Ref image 1/6: attaching reference image...
2026-09-05T07:27:30.524Z [e929e47b-973f-4768-9f47-2240e836cc83][bb1fc585-f087-407a-b043-49c06e320521] Prompt insert attempt 1: editor has 2166 chars (want ~2210) ✓
2026-09-05T07:27:30.653Z [04b20ca0-9d89-42c4-8f57-78467b0a27e3][bb1fc585-f087-407a-b043-49c06e320521] Generating... 0 ready, 0 failed / 4 total (24s) image 99% [BỐI CẢNH] image 99% [BỐI CẢNH] image 99% [BỐI CẢNH] image 99% [BỐI CẢNH]
2026-09-05T07:27:32.327Z [4d3616af-b581-4ca5-be22-8f60f7fc006d][bb1fc585-f087-407a-b043-49c06e320521] Generating... 0 ready, 0 failed / 4 total (30s) image 99% [BỐI CẢNH] image 99% [BỐI CẢNH] image 99% [BỐI CẢNH] image 99% [BỐI CẢNH]
2026-09-05T07:27:32.456Z [e929e47b-973f-4768-9f47-2240e836cc83][bb1fc585-f087-407a-b043-49c06e320521] Baseline: 49 pre-existing media tile(s) of 49 mounted (kinds: image,image,image,image,image,image,image,image,image,image,image,image,image,image,image,image,image,image,image,image,image,image,image,image,image,image,image,image,image,image,image,image,image,image,video,video,image,video,video,video,video,video,video,image,video,video,image,video,video).
2026-09-05T07:27:32.708Z [a97a8ee4-6654-41d1-9c8a-2d0d265c862f][bb1fc585-f087-407a-b043-49c06e320521] Ref image 1/6: reusing library asset "Graham Water Park Day.jpeg" (no re-upload).
2026-09-05T07:27:33.674Z [04b20ca0-9d89-42c4-8f57-78467b0a27e3][bb1fc585-f087-407a-b043-49c06e320521] Generating... 0 ready, 0 failed / 4 total (27s) image 99% [BỐI CẢNH] image 99% [BỐI CẢNH] image 99% [BỐI CẢNH] image 99% [BỐI CẢNH]
2026-09-05T07:27:34.715Z [e929e47b-973f-4768-9f47-2240e836cc83][bb1fc585-f087-407a-b043-49c06e320521] [submit] confirmed (editor "What do you want to ", fresh tile=true).
2026-09-05T07:27:35.349Z [4d3616af-b581-4ca5-be22-8f60f7fc006d][bb1fc585-f087-407a-b043-49c06e320521] Generating... 0 ready, 0 failed / 4 total (33s) image 99% [BỐI CẢNH] image 99% [BỐI CẢNH] image 99% [BỐI CẢNH] image 99% [BỐI CẢNH]
2026-09-05T07:27:35.415Z [e929e47b-973f-4768-9f47-2240e836cc83][bb1fc585-f087-407a-b043-49c06e320521] Current Workspace project URL: https://flow.google.com/project/cd81a7d3-c989-419e-891a-f8694174cb85?hl=en
2026-09-05T07:27:35.416Z [e929e47b-973f-4768-9f47-2240e836cc83][bb1fc585-f087-407a-b043-49c06e320521] Submitted ✓ Detecting batch size...
2026-09-05T07:27:35.430Z [e929e47b-973f-4768-9f47-2240e836cc83][bb1fc585-f087-407a-b043-49c06e320521] New tile(s) since submit: 0 → 4 (mounted=48)
2026-09-05T07:27:35.743Z [a97a8ee4-6654-41d1-9c8a-2d0d265c862f][bb1fc585-f087-407a-b043-49c06e320521] Ref image 1/6: chips 0→1 ✓
2026-09-05T07:27:36.699Z [04b20ca0-9d89-42c4-8f57-78467b0a27e3][bb1fc585-f087-407a-b043-49c06e320521] Generating... 0 ready, 0 failed / 4 total (30s) image 99% [BỐI CẢNH] image 99% [BỐI CẢNH] image 99% [BỐI CẢNH] image 99% [BỐI CẢNH]
2026-09-05T07:27:37.369Z [a97a8ee4-6654-41d1-9c8a-2d0d265c862f][bb1fc585-f087-407a-b043-49c06e320521] Ref image 2/6: downloading from URL...
2026-09-05T07:27:37.823Z [a97a8ee4-6654-41d1-9c8a-2d0d265c862f][bb1fc585-f087-407a-b043-49c06e320521] Ref image 2/6: saved 628888 bytes (image/jpeg) as "Nessa Water Park Day.jpeg"
2026-09-05T07:27:37.827Z [a97a8ee4-6654-41d1-9c8a-2d0d265c862f][bb1fc585-f087-407a-b043-49c06e320521] Ref image 2/6: attaching reference image...
2026-09-05T07:27:38.365Z [4d3616af-b581-4ca5-be22-8f60f7fc006d][bb1fc585-f087-407a-b043-49c06e320521] Generating... 0 ready, 0 failed / 4 total (36s) image 99% [BỐI CẢNH] image 100% [BỐI CẢNH image 99% [BỐI CẢNH] image 99% [BỐI CẢNH]
2026-09-05T07:27:39.575Z [e929e47b-973f-4768-9f47-2240e836cc83][bb1fc585-f087-407a-b043-49c06e320521] Batch size stabilised at 4 new tile(s)
2026-09-05T07:27:39.575Z [e929e47b-973f-4768-9f47-2240e836cc83][bb1fc585-f087-407a-b043-49c06e320521] Batch detected: 4 item(s). Generating...
2026-09-05T07:27:39.575Z [e929e47b-973f-4768-9f47-2240e836cc83][bb1fc585-f087-407a-b043-49c06e320521] Polling for 4 image item(s) (baseline=49, hasUpload=true)...
2026-09-05T07:27:39.592Z [e929e47b-973f-4768-9f47-2240e836cc83][bb1fc585-f087-407a-b043-49c06e320521] Generating... 0 ready, 0 failed / 4 total (0s) image 34% [BỐI CẢNH] image 34% [BỐI CẢNH] image 34% [BỐI CẢNH] image 34% [BỐI CẢNH]
2026-09-05T07:27:39.731Z [04b20ca0-9d89-42c4-8f57-78467b0a27e3][bb1fc585-f087-407a-b043-49c06e320521] Generating... 0 ready, 0 failed / 4 total (33s) image 99% [BỐI CẢNH] image 99% [BỐI CẢNH] image 99% [BỐI CẢNH] image 99% [BỐI CẢNH]
2026-09-05T07:27:39.920Z [a97a8ee4-6654-41d1-9c8a-2d0d265c862f][bb1fc585-f087-407a-b043-49c06e320521] Ref image 2/6: reusing library asset "Nessa Water Park Day.jpeg" (no re-upload).
2026-09-05T07:27:41.390Z [4d3616af-b581-4ca5-be22-8f60f7fc006d][bb1fc585-f087-407a-b043-49c06e320521] Generating... 1 ready, 0 failed / 4 total (39s) image 99% [BỐI CẢNH] image 99% [BỐI CẢNH] [BỐI CẢNH]Verdant Fa
2026-09-05T07:27:42.616Z [e929e47b-973f-4768-9f47-2240e836cc83][bb1fc585-f087-407a-b043-49c06e320521] Generating... 0 ready, 0 failed / 4 total (3s) image 54% [BỐI CẢNH] image 54% [BỐI CẢNH] image 54% [BỐI CẢNH] image 54% [BỐI CẢNH]
2026-09-05T07:27:42.758Z [04b20ca0-9d89-42c4-8f57-78467b0a27e3][bb1fc585-f087-407a-b043-49c06e320521] Generating... 0 ready, 0 failed / 4 total (36s) image 99% [BỐI CẢNH] image 99% [BỐI CẢNH] image 99% [BỐI CẢNH] image 99% [BỐI CẢNH]
2026-09-05T07:27:43.129Z [a97a8ee4-6654-41d1-9c8a-2d0d265c862f][bb1fc585-f087-407a-b043-49c06e320521] Ref image 2/6: chips 1→2 ✓
2026-09-05T07:27:44.372Z [a97a8ee4-6654-41d1-9c8a-2d0d265c862f][bb1fc585-f087-407a-b043-49c06e320521] Ref image 3/6: downloading from URL...
2026-09-05T07:27:44.407Z [4d3616af-b581-4ca5-be22-8f60f7fc006d][bb1fc585-f087-407a-b043-49c06e320521] Generating... 2 ready, 0 failed / 4 total (42s) image 99% [BỐI CẢNH] image 99% [BỐI CẢNH]
2026-09-05T07:27:44.996Z [a97a8ee4-6654-41d1-9c8a-2d0d265c862f][bb1fc585-f087-407a-b043-49c06e320521] Ref image 3/6: saved 468314 bytes (image/jpeg) as "Arlo Water Park Day.jpeg"
2026-09-05T07:27:45.003Z [a97a8ee4-6654-41d1-9c8a-2d0d265c862f][bb1fc585-f087-407a-b043-49c06e320521] Ref image 3/6: attaching reference image...
2026-09-05T07:27:45.639Z [e929e47b-973f-4768-9f47-2240e836cc83][bb1fc585-f087-407a-b043-49c06e320521] Generating... 0 ready, 0 failed / 4 total (6s) image 74% [BỐI CẢNH] image 74% [BỐI CẢNH] image 74% [BỐI CẢNH] image 74% [BỐI CẢNH]
2026-09-05T07:27:45.778Z [04b20ca0-9d89-42c4-8f57-78467b0a27e3][bb1fc585-f087-407a-b043-49c06e320521] Generating... 0 ready, 0 failed / 4 total (39s) [BỐI CẢNH]Verdant Fa image 99% [BỐI CẢNH] image 99% [BỐI CẢNH] image 99% [BỐI CẢNH]
2026-09-05T07:27:47.047Z [a97a8ee4-6654-41d1-9c8a-2d0d265c862f][bb1fc585-f087-407a-b043-49c06e320521] Ref image 3/6: reusing library asset "Arlo Water Park Day.jpeg" (no re-upload).
2026-09-05T07:27:47.428Z [4d3616af-b581-4ca5-be22-8f60f7fc006d][bb1fc585-f087-407a-b043-49c06e320521] Generating... 2 ready, 0 failed / 4 total (45s) image 99% [BỐI CẢNH] [BỐI CẢNH]Verdant Fa
2026-09-05T07:27:48.661Z [e929e47b-973f-4768-9f47-2240e836cc83][bb1fc585-f087-407a-b043-49c06e320521] Generating... 0 ready, 0 failed / 4 total (9s) image 94% [BỐI CẢNH] image 94% [BỐI CẢNH] image 94% [BỐI CẢNH] image 94% [BỐI CẢNH]
2026-09-05T07:27:48.801Z [04b20ca0-9d89-42c4-8f57-78467b0a27e3][bb1fc585-f087-407a-b043-49c06e320521] Generating... 1 ready, 0 failed / 4 total (42s) image 99% [BỐI CẢNH] [BỐI CẢNH]Verdant Fa image 99% [BỐI CẢNH]
2026-09-05T07:27:50.444Z [4d3616af-b581-4ca5-be22-8f60f7fc006d][bb1fc585-f087-407a-b043-49c06e320521] Generating... 3 ready, 0 failed / 4 total (48s) image 99% [BỐI CẢNH]
2026-09-05T07:27:50.508Z [a97a8ee4-6654-41d1-9c8a-2d0d265c862f][bb1fc585-f087-407a-b043-49c06e320521] Ref image 3/6: chips 2→3 ✓
2026-09-05T07:27:51.685Z [e929e47b-973f-4768-9f47-2240e836cc83][bb1fc585-f087-407a-b043-49c06e320521] Generating... 0 ready, 0 failed / 4 total (12s) image 99% [BỐI CẢNH] image 99% [BỐI CẢNH] image 99% [BỐI CẢNH] image 99% [BỐI CẢNH]
2026-09-05T07:27:51.828Z [04b20ca0-9d89-42c4-8f57-78467b0a27e3][bb1fc585-f087-407a-b043-49c06e320521] Generating... 2 ready, 0 failed / 4 total (45s) image 99% [BỐI CẢNH] image 99% [BỐI CẢNH]
2026-09-05T07:27:52.190Z [a97a8ee4-6654-41d1-9c8a-2d0d265c862f][bb1fc585-f087-407a-b043-49c06e320521] Ref image 4/6: downloading from URL...
2026-09-05T07:27:52.780Z [a97a8ee4-6654-41d1-9c8a-2d0d265c862f][bb1fc585-f087-407a-b043-49c06e320521] Ref image 4/6: saved 549605 bytes (image/jpeg) as "Elara Water Park Day.jpeg"
2026-09-05T07:27:52.787Z [a97a8ee4-6654-41d1-9c8a-2d0d265c862f][bb1fc585-f087-407a-b043-49c06e320521] Ref image 4/6: attaching reference image...
2026-09-05T07:27:53.477Z [4d3616af-b581-4ca5-be22-8f60f7fc006d][bb1fc585-f087-407a-b043-49c06e320521] Generating... 3 ready, 0 failed / 4 total (51s) image 99% [BỐI CẢNH]
2026-09-05T07:27:54.703Z [e929e47b-973f-4768-9f47-2240e836cc83][bb1fc585-f087-407a-b043-49c06e320521] Generating... 0 ready, 0 failed / 4 total (15s) image 99% [BỐI CẢNH] image 99% [BỐI CẢNH] image 99% [BỐI CẢNH] image 99% [BỐI CẢNH]
2026-09-05T07:27:54.842Z [04b20ca0-9d89-42c4-8f57-78467b0a27e3][bb1fc585-f087-407a-b043-49c06e320521] Generating... 2 ready, 0 failed / 4 total (48s) image 99% [BỐI CẢNH] image 99% [BỐI CẢNH]
2026-09-05T07:27:54.887Z [a97a8ee4-6654-41d1-9c8a-2d0d265c862f][bb1fc585-f087-407a-b043-49c06e320521] Ref image 4/6: reusing library asset "Elara Water Park Day.jpeg" (no re-upload).
2026-09-05T07:27:56.493Z [4d3616af-b581-4ca5-be22-8f60f7fc006d][bb1fc585-f087-407a-b043-49c06e320521] Generating... 3 ready, 0 failed / 4 total (54s) image 99% [BỐI CẢNH]
2026-09-05T07:27:57.723Z [e929e47b-973f-4768-9f47-2240e836cc83][bb1fc585-f087-407a-b043-49c06e320521] Generating... 0 ready, 0 failed / 4 total (18s) image 99% [BỐI CẢNH] image 99% [BỐI CẢNH] image 99% [BỐI CẢNH] image 99% [BỐI CẢNH]
2026-09-05T07:27:57.857Z [04b20ca0-9d89-42c4-8f57-78467b0a27e3][bb1fc585-f087-407a-b043-49c06e320521] Generating... 2 ready, 0 failed / 4 total (51s) image 99% [BỐI CẢNH] image 100% [BỐI CẢNH
2026-09-05T07:27:58.474Z [a97a8ee4-6654-41d1-9c8a-2d0d265c862f][bb1fc585-f087-407a-b043-49c06e320521] Ref image 4/6: chips 3→4 ✓
2026-09-05T07:27:59.508Z [4d3616af-b581-4ca5-be22-8f60f7fc006d][bb1fc585-f087-407a-b043-49c06e320521] Generating... 3 ready, 0 failed / 4 total (57s) [BỐI CẢNH]Verdant Fa
2026-09-05T07:27:59.610Z [a97a8ee4-6654-41d1-9c8a-2d0d265c862f][bb1fc585-f087-407a-b043-49c06e320521] Ref image 5/6: downloading from URL...
2026-09-05T07:28:00.016Z [a97a8ee4-6654-41d1-9c8a-2d0d265c862f][bb1fc585-f087-407a-b043-49c06e320521] Ref image 5/6: saved 289545 bytes (image/jpeg) as "Graham Family Smartphone.jpeg"
2026-09-05T07:28:00.022Z [a97a8ee4-6654-41d1-9c8a-2d0d265c862f][bb1fc585-f087-407a-b043-49c06e320521] Ref image 5/6: attaching reference image...
2026-09-05T07:28:00.738Z [e929e47b-973f-4768-9f47-2240e836cc83][bb1fc585-f087-407a-b043-49c06e320521] Generating... 0 ready, 0 failed / 4 total (21s) image 99% [BỐI CẢNH] image 99% [BỐI CẢNH] image 99% [BỐI CẢNH] image 99% [BỐI CẢNH]
2026-09-05T07:28:00.877Z [04b20ca0-9d89-42c4-8f57-78467b0a27e3][bb1fc585-f087-407a-b043-49c06e320521] Generating... 2 ready, 0 failed / 4 total (54s) image 99% [BỐI CẢNH] [BỐI CẢNH]Verdant Fa
2026-09-05T07:28:01.847Z [a97a8ee4-6654-41d1-9c8a-2d0d265c862f][bb1fc585-f087-407a-b043-49c06e320521] Ref image 5/6: "Graham Family Smartphone.jpeg" not in the library yet — uploading it first.
2026-09-05T07:28:02.527Z [4d3616af-b581-4ca5-be22-8f60f7fc006d][bb1fc585-f087-407a-b043-49c06e320521] Generating... 4 ready, 0 failed / 4 total (60s)
2026-09-05T07:28:02.528Z [4d3616af-b581-4ca5-be22-8f60f7fc006d][bb1fc585-f087-407a-b043-49c06e320521] Batch done: 4 ready (target 4), 0 failed, scanned 4.
2026-09-05T07:28:02.528Z [4d3616af-b581-4ca5-be22-8f60f7fc006d][bb1fc585-f087-407a-b043-49c06e320521] 4 item(s) ready! Downloading...
2026-09-05T07:28:02.530Z [4d3616af-b581-4ca5-be22-8f60f7fc006d][bb1fc585-f087-407a-b043-49c06e320521] Item 1: Downloading from URL https://flow-content.google/image/8269d59a-cbb0-49c3-b6c3-b5c30a3090cc?Expires=1788614819&KeyName=labs-flow-prod-cdn-key&Signature=5CitK7DjUBZMW1YLvRTG8iJ5XPI
2026-09-05T07:28:02.857Z [4d3616af-b581-4ca5-be22-8f60f7fc006d][bb1fc585-f087-407a-b043-49c06e320521] Downloaded 1/4: winai_2026-09-05T07-28-02_01.jpg
2026-09-05T07:28:02.858Z [4d3616af-b581-4ca5-be22-8f60f7fc006d][bb1fc585-f087-407a-b043-49c06e320521] Item 2: Downloading from URL https://flow-content.google/image/7534126a-2112-4995-bbce-89554bf180cd?Expires=1788614818&KeyName=labs-flow-prod-cdn-key&Signature=Dup2mC7Z0rDxajh_SknSKVd8u3Y
2026-09-05T07:28:02.956Z [4d3616af-b581-4ca5-be22-8f60f7fc006d][bb1fc585-f087-407a-b043-49c06e320521] Downloaded 2/4: winai_2026-09-05T07-28-02_02.jpg
2026-09-05T07:28:02.957Z [4d3616af-b581-4ca5-be22-8f60f7fc006d][bb1fc585-f087-407a-b043-49c06e320521] Item 3: Downloading from URL https://flow-content.google/image/ef81559c-49a7-44b0-9c3d-a624d529fc11?Expires=1788614817&KeyName=labs-flow-prod-cdn-key&Signature=v33HXzsIHpQf--dt2iEwmsdecWE
2026-09-05T07:28:03.029Z [4d3616af-b581-4ca5-be22-8f60f7fc006d][bb1fc585-f087-407a-b043-49c06e320521] Downloaded 3/4: winai_2026-09-05T07-28-02_03.jpg
2026-09-05T07:28:03.029Z [4d3616af-b581-4ca5-be22-8f60f7fc006d][bb1fc585-f087-407a-b043-49c06e320521] Item 4: Downloading from URL https://flow-content.google/image/fe8bc750-48ba-4c3d-baed-628e5398a6e4?Expires=1788614816&KeyName=labs-flow-prod-cdn-key&Signature=8grgVZH3CDPhPG_2O_iFcA7EyI0
2026-09-05T07:28:03.097Z [4d3616af-b581-4ca5-be22-8f60f7fc006d][bb1fc585-f087-407a-b043-49c06e320521] Downloaded 4/4: winai_2026-09-05T07-28-02_04.jpg
2026-09-05T07:28:03.098Z [4d3616af-b581-4ca5-be22-8f60f7fc006d][bb1fc585-f087-407a-b043-49c06e320521] ✅ 4 item(s) saved to Downloads/Win AI Toolkit/
2026-09-05T07:28:03.395Z [4d3616af-b581-4ca5-be22-8f60f7fc006d][bb1fc585-f087-407a-b043-49c06e320521] Item 4: Uploaded → https://studio.xanhmedia.vn/uploads/2026-09/1788593283096_a30fca_bb1fc585-f087-407a-b043-49c06e320521_4d3.jpg
2026-09-05T07:28:03.428Z [4d3616af-b581-4ca5-be22-8f60f7fc006d][bb1fc585-f087-407a-b043-49c06e320521] Item 1: Uploaded → https://studio.xanhmedia.vn/uploads/2026-09/1788593283124_f9560d_bb1fc585-f087-407a-b043-49c06e320521_4d3.jpg
2026-09-05T07:28:03.437Z [4d3616af-b581-4ca5-be22-8f60f7fc006d][bb1fc585-f087-407a-b043-49c06e320521] Item 3: Uploaded → https://studio.xanhmedia.vn/uploads/2026-09/1788593283131_8b7c40_bb1fc585-f087-407a-b043-49c06e320521_4d3.jpg
2026-09-05T07:28:03.445Z [4d3616af-b581-4ca5-be22-8f60f7fc006d][bb1fc585-f087-407a-b043-49c06e320521] Item 2: Uploaded → https://studio.xanhmedia.vn/uploads/2026-09/1788593283138_67df7b_bb1fc585-f087-407a-b043-49c06e320521_4d3.jpg
2026-09-05T07:28:03.448Z [4d3616af-b581-4ca5-be22-8f60f7fc006d][bb1fc585-f087-407a-b043-49c06e320521] All done (including any 1080p upgrades). Closing Playwright browser context.
2026-09-05T07:28:03.755Z [e929e47b-973f-4768-9f47-2240e836cc83][bb1fc585-f087-407a-b043-49c06e320521] Generating... 0 ready, 0 failed / 4 total (24s) image 99% [BỐI CẢNH] image 99% [BỐI CẢNH] image 99% [BỐI CẢNH] image 99% [BỐI CẢNH]
2026-09-05T07:28:03.892Z [04b20ca0-9d89-42c4-8f57-78467b0a27e3][bb1fc585-f087-407a-b043-49c06e320521] Generating... 3 ready, 0 failed / 4 total (57s) [BỐI CẢNH]Verdant Fa
2026-09-05T07:28:04.224Z [cd8fb2bb-eb56-45ff-98f8-4e240fa081b1][bb1fc585-f087-407a-b043-49c06e320521] runGeneration starting: task_id=cd8fb2bb-eb56-45ff-98f8-4e240fa081b1, profile_id=bb1fc585-f087-407a-b043-49c06e320521, target_site=google_flow
2026-09-05T07:28:04.225Z [cd8fb2bb-eb56-45ff-98f8-4e240fa081b1][bb1fc585-f087-407a-b043-49c06e320521] Opening Playwright browser with persistent profile cookies...
2026-09-05T07:28:04.225Z [cd8fb2bb-eb56-45ff-98f8-4e240fa081b1][bb1fc585-f087-407a-b043-49c06e320521] Browser engine: winhide (C:\Users\Admin\AppData\Roaming\com.tank.winai\winhide\chrome.exe) [hidden off-screen]
2026-09-05T07:28:04.226Z [cd8fb2bb-eb56-45ff-98f8-4e240fa081b1][bb1fc585-f087-407a-b043-49c06e320521] Launch mode: STEALTH (raw spawn + connectOverCDP)
2026-09-05T07:28:05.700Z [cd8fb2bb-eb56-45ff-98f8-4e240fa081b1][bb1fc585-f087-407a-b043-49c06e320521] Exit IP: 115.74.128.9
2026-09-05T07:28:05.700Z [cd8fb2bb-eb56-45ff-98f8-4e240fa081b1][bb1fc585-f087-407a-b043-49c06e320521] Navigating browser to Google Flow tools page...
2026-09-05T07:28:05.701Z [cd8fb2bb-eb56-45ff-98f8-4e240fa081b1][bb1fc585-f087-407a-b043-49c06e320521] Using existing project URL: https://flow.google.com/project/33ca2cc2-c9ff-4bb6-9048-2a7af1dfcfee?hl=en
2026-09-05T07:28:05.712Z [a97a8ee4-6654-41d1-9c8a-2d0d265c862f][bb1fc585-f087-407a-b043-49c06e320521] Ref image 5/6: uploading "Graham Family Smartphone.jpeg" to the project library...
2026-09-05T07:28:06.672Z [cd8fb2bb-eb56-45ff-98f8-4e240fa081b1][bb1fc585-f087-407a-b043-49c06e320521] Waiting for Google Flow...
2026-09-05T07:28:06.782Z [e929e47b-973f-4768-9f47-2240e836cc83][bb1fc585-f087-407a-b043-49c06e320521] Generating... 0 ready, 0 failed / 4 total (27s) image 99% [BỐI CẢNH] image 99% [BỐI CẢNH] image 99% [BỐI CẢNH] image 99% [BỐI CẢNH]
2026-09-05T07:28:06.910Z [04b20ca0-9d89-42c4-8f57-78467b0a27e3][bb1fc585-f087-407a-b043-49c06e320521] Generating... 4 ready, 0 failed / 4 total (60s)
2026-09-05T07:28:06.910Z [04b20ca0-9d89-42c4-8f57-78467b0a27e3][bb1fc585-f087-407a-b043-49c06e320521] Batch done: 4 ready (target 4), 0 failed, scanned 4.
2026-09-05T07:28:06.911Z [04b20ca0-9d89-42c4-8f57-78467b0a27e3][bb1fc585-f087-407a-b043-49c06e320521] 4 item(s) ready! Downloading...
2026-09-05T07:28:06.912Z [04b20ca0-9d89-42c4-8f57-78467b0a27e3][bb1fc585-f087-407a-b043-49c06e320521] Item 1: Downloading from URL https://flow-content.google/image/9f781296-e0cd-4da5-9b21-e33cf7a36b6c?Expires=1788614824&KeyName=labs-flow-prod-cdn-key&Signature=pFyV6Q2FWAWeQdg2hzKzfrgTKtQ
2026-09-05T07:28:06.978Z [a97a8ee4-6654-41d1-9c8a-2d0d265c862f][bb1fc585-f087-407a-b043-49c06e320521] Ref image 5/6: upload finished ✓
2026-09-05T07:28:07.427Z [04b20ca0-9d89-42c4-8f57-78467b0a27e3][bb1fc585-f087-407a-b043-49c06e320521] Downloaded 1/4: winai_2026-09-05T07-28-06_01.jpg
2026-09-05T07:28:07.427Z [04b20ca0-9d89-42c4-8f57-78467b0a27e3][bb1fc585-f087-407a-b043-49c06e320521] Item 2: Downloading from URL https://flow-content.google/image/8d84a13e-66b6-4b59-97ae-b4c5bec3a46d?Expires=1788614823&KeyName=labs-flow-prod-cdn-key&Signature=3nXRsypO-tBN6elcSwajAH-zVB4
2026-09-05T07:28:07.559Z [04b20ca0-9d89-42c4-8f57-78467b0a27e3][bb1fc585-f087-407a-b043-49c06e320521] Downloaded 2/4: winai_2026-09-05T07-28-06_02.jpg
2026-09-05T07:28:07.559Z [04b20ca0-9d89-42c4-8f57-78467b0a27e3][bb1fc585-f087-407a-b043-49c06e320521] Item 3: Downloading from URL https://flow-content.google/image/d1a2564c-0157-4da0-8d71-318a4c60c84d?Expires=1788614822&KeyName=labs-flow-prod-cdn-key&Signature=alCJdkZ9OICWbUkYCk_IX4VRwRE
2026-09-05T07:28:07.701Z [04b20ca0-9d89-42c4-8f57-78467b0a27e3][bb1fc585-f087-407a-b043-49c06e320521] Downloaded 3/4: winai_2026-09-05T07-28-06_03.jpg
2026-09-05T07:28:07.702Z [04b20ca0-9d89-42c4-8f57-78467b0a27e3][bb1fc585-f087-407a-b043-49c06e320521] Item 4: Downloading from URL https://flow-content.google/image/8cc2ab07-f309-4933-80f3-22134094b8a4?Expires=1788614821&KeyName=labs-flow-prod-cdn-key&Signature=tK0QbRDPLVFN_upew8MxvQxzaQw
2026-09-05T07:28:07.828Z [04b20ca0-9d89-42c4-8f57-78467b0a27e3][bb1fc585-f087-407a-b043-49c06e320521] Downloaded 4/4: winai_2026-09-05T07-28-06_04.jpg
2026-09-05T07:28:07.828Z [04b20ca0-9d89-42c4-8f57-78467b0a27e3][bb1fc585-f087-407a-b043-49c06e320521] ✅ 4 item(s) saved to Downloads/Win AI Toolkit/
2026-09-05T07:28:08.142Z [04b20ca0-9d89-42c4-8f57-78467b0a27e3][bb1fc585-f087-407a-b043-49c06e320521] Item 1: Uploaded → https://studio.xanhmedia.vn/uploads/2026-09/1788593287835_b95925_bb1fc585-f087-407a-b043-49c06e320521_04b.jpg
2026-09-05T07:28:08.155Z [04b20ca0-9d89-42c4-8f57-78467b0a27e3][bb1fc585-f087-407a-b043-49c06e320521] Item 4: Uploaded → https://studio.xanhmedia.vn/uploads/2026-09/1788593287847_cf8bf6_bb1fc585-f087-407a-b043-49c06e320521_04b.jpg
2026-09-05T07:28:08.198Z [04b20ca0-9d89-42c4-8f57-78467b0a27e3][bb1fc585-f087-407a-b043-49c06e320521] Item 2: Uploaded → https://studio.xanhmedia.vn/uploads/2026-09/1788593287887_7661ad_bb1fc585-f087-407a-b043-49c06e320521_04b.jpg
2026-09-05T07:28:08.294Z [04b20ca0-9d89-42c4-8f57-78467b0a27e3][bb1fc585-f087-407a-b043-49c06e320521] Item 3: Uploaded → https://studio.xanhmedia.vn/uploads/2026-09/1788593287987_9ad5a1_bb1fc585-f087-407a-b043-49c06e320521_04b.jpg
2026-09-05T07:28:08.295Z [04b20ca0-9d89-42c4-8f57-78467b0a27e3][bb1fc585-f087-407a-b043-49c06e320521] All done (including any 1080p upgrades). Closing Playwright browser context.
2026-09-05T07:28:08.724Z [277492c4-1bab-40e2-8b42-55c218744331][bb1fc585-f087-407a-b043-49c06e320521] runGeneration starting: task_id=277492c4-1bab-40e2-8b42-55c218744331, profile_id=bb1fc585-f087-407a-b043-49c06e320521, target_site=google_flow
2026-09-05T07:28:08.725Z [277492c4-1bab-40e2-8b42-55c218744331][bb1fc585-f087-407a-b043-49c06e320521] Opening Playwright browser with persistent profile cookies...
2026-09-05T07:28:08.726Z [277492c4-1bab-40e2-8b42-55c218744331][bb1fc585-f087-407a-b043-49c06e320521] Browser engine: winhide (C:\Users\Admin\AppData\Roaming\com.tank.winai\winhide\chrome.exe) [hidden off-screen]
2026-09-05T07:28:08.727Z [277492c4-1bab-40e2-8b42-55c218744331][bb1fc585-f087-407a-b043-49c06e320521] Launch mode: STEALTH (raw spawn + connectOverCDP)
2026-09-05T07:28:08.768Z [cd8fb2bb-eb56-45ff-98f8-4e240fa081b1][bb1fc585-f087-407a-b043-49c06e320521] In existing project ✓
2026-09-05T07:28:09.695Z [cd8fb2bb-eb56-45ff-98f8-4e240fa081b1][bb1fc585-f087-407a-b043-49c06e320521] dismissPopups: unresolved overlay(s) ["IFRAME[presentation]|btns="]
2026-09-05T07:28:09.812Z [e929e47b-973f-4768-9f47-2240e836cc83][bb1fc585-f087-407a-b043-49c06e320521] Generating... 0 ready, 0 failed / 4 total (30s) image 99% [BỐI CẢNH] image 99% [BỐI CẢNH] image 99% [BỐI CẢNH] image 99% [BỐI CẢNH]
2026-09-05T07:28:10.405Z [277492c4-1bab-40e2-8b42-55c218744331][bb1fc585-f087-407a-b043-49c06e320521] Exit IP: 115.74.128.9
2026-09-05T07:28:10.406Z [277492c4-1bab-40e2-8b42-55c218744331][bb1fc585-f087-407a-b043-49c06e320521] Navigating browser to Google Flow tools page...
2026-09-05T07:28:10.406Z [277492c4-1bab-40e2-8b42-55c218744331][bb1fc585-f087-407a-b043-49c06e320521] Using existing project URL: https://flow.google.com/project/c2a607c5-d833-4be1-8108-407b74d4ed85?hl=en
2026-09-05T07:28:11.285Z [277492c4-1bab-40e2-8b42-55c218744331][bb1fc585-f087-407a-b043-49c06e320521] Waiting for Google Flow...
2026-09-05T07:28:12.951Z [e929e47b-973f-4768-9f47-2240e836cc83][bb1fc585-f087-407a-b043-49c06e320521] Generating... 0 ready, 0 failed / 4 total (33s) image 99% [BỐI CẢNH] image 99% [BỐI CẢNH] image 99% [BỐI CẢNH] image 99% [BỐI CẢNH]
2026-09-05T07:28:13.090Z [277492c4-1bab-40e2-8b42-55c218744331][bb1fc585-f087-407a-b043-49c06e320521] In existing project ✓
2026-09-05T07:28:13.105Z [cd8fb2bb-eb56-45ff-98f8-4e240fa081b1][bb1fc585-f087-407a-b043-49c06e320521] Composer ready ✓ (UI language: en)
2026-09-05T07:28:13.178Z [cd8fb2bb-eb56-45ff-98f8-4e240fa081b1][bb1fc585-f087-407a-b043-49c06e320521] dismissPopups: unresolved overlay(s) ["DIV[]|btns=","DIV[]|btns="]
2026-09-05T07:28:13.254Z [cd8fb2bb-eb56-45ff-98f8-4e240fa081b1][bb1fc585-f087-407a-b043-49c06e320521] Agent toggle aria-pressed=false
2026-09-05T07:28:13.254Z [cd8fb2bb-eb56-45ff-98f8-4e240fa081b1][bb1fc585-f087-407a-b043-49c06e320521] Opening settings...
2026-09-05T07:28:14.073Z [277492c4-1bab-40e2-8b42-55c218744331][bb1fc585-f087-407a-b043-49c06e320521] dismissPopups: unresolved overlay(s) ["IFRAME[presentation]|btns="]
2026-09-05T07:28:15.847Z [cd8fb2bb-eb56-45ff-98f8-4e240fa081b1][bb1fc585-f087-407a-b043-49c06e320521] Configuring image settings...
2026-09-05T07:28:15.984Z [e929e47b-973f-4768-9f47-2240e836cc83][bb1fc585-f087-407a-b043-49c06e320521] Generating... 0 ready, 0 failed / 4 total (36s) image 99% [BỐI CẢNH] image 99% [BỐI CẢNH] image 99% [BỐI CẢNH] [BỐI CẢNH]Verdant Fa
2026-09-05T07:28:16.459Z [a97a8ee4-6654-41d1-9c8a-2d0d265c862f][bb1fc585-f087-407a-b043-49c06e320521] Ref image 5/6: chips 4→5 ✓
2026-09-05T07:28:17.650Z [cd8fb2bb-eb56-45ff-98f8-4e240fa081b1][bb1fc585-f087-407a-b043-49c06e320521] Mode: selected "image Image" ✓
2026-09-05T07:28:18.211Z [a97a8ee4-6654-41d1-9c8a-2d0d265c862f][bb1fc585-f087-407a-b043-49c06e320521] Ref image 6/6: downloading from URL...
2026-09-05T07:28:18.702Z [a97a8ee4-6654-41d1-9c8a-2d0d265c862f][bb1fc585-f087-407a-b043-49c06e320521] Ref image 6/6: saved 926103 bytes (image/jpeg) as "Verdant Family Water Park Master.jpeg"
2026-09-05T07:28:18.706Z [a97a8ee4-6654-41d1-9c8a-2d0d265c862f][bb1fc585-f087-407a-b043-49c06e320521] Ref image 6/6: attaching reference image...
2026-09-05T07:28:19.006Z [e929e47b-973f-4768-9f47-2240e836cc83][bb1fc585-f087-407a-b043-49c06e320521] Generating... 1 ready, 0 failed / 4 total (39s) [BỐI CẢNH]Verdant Fa image 99% [BỐI CẢNH] image 99% [BỐI CẢNH]
2026-09-05T07:28:20.148Z [277492c4-1bab-40e2-8b42-55c218744331][bb1fc585-f087-407a-b043-49c06e320521] Composer ready ✓ (UI language: en)
2026-09-05T07:28:20.205Z [277492c4-1bab-40e2-8b42-55c218744331][bb1fc585-f087-407a-b043-49c06e320521] dismissPopups: unresolved overlay(s) ["DIV[]|btns=","DIV[]|btns="]
2026-09-05T07:28:20.268Z [277492c4-1bab-40e2-8b42-55c218744331][bb1fc585-f087-407a-b043-49c06e320521] Agent toggle aria-pressed=false
2026-09-05T07:28:20.269Z [277492c4-1bab-40e2-8b42-55c218744331][bb1fc585-f087-407a-b043-49c06e320521] Opening settings...
2026-09-05T07:28:20.917Z [a97a8ee4-6654-41d1-9c8a-2d0d265c862f][bb1fc585-f087-407a-b043-49c06e320521] Ref image 6/6: reusing library asset "Verdant Family Water Park Master.jpeg" (no re-upload).
2026-09-05T07:28:22.028Z [e929e47b-973f-4768-9f47-2240e836cc83][bb1fc585-f087-407a-b043-49c06e320521] Generating... 2 ready, 0 failed / 4 total (42s) image 99% [BỐI CẢNH]
2026-09-05T07:28:22.227Z [277492c4-1bab-40e2-8b42-55c218744331][bb1fc585-f087-407a-b043-49c06e320521] Configuring image settings...
2026-09-05T07:28:23.149Z [cd8fb2bb-eb56-45ff-98f8-4e240fa081b1][bb1fc585-f087-407a-b043-49c06e320521] Model: selected "🍌 Nano Banana 2" ✓
2026-09-05T07:28:23.733Z [cd8fb2bb-eb56-45ff-98f8-4e240fa081b1][bb1fc585-f087-407a-b043-49c06e320521] Aspect ratio: "crop_16_9 16:9" already selected ✓
2026-09-05T07:28:24.005Z [277492c4-1bab-40e2-8b42-55c218744331][bb1fc585-f087-407a-b043-49c06e320521] Mode: selected "image Image" ✓
2026-09-05T07:28:24.421Z [a97a8ee4-6654-41d1-9c8a-2d0d265c862f][bb1fc585-f087-407a-b043-49c06e320521] Ref image 6/6: chips 5→6 ✓
2026-09-05T07:28:24.433Z [a97a8ee4-6654-41d1-9c8a-2d0d265c862f][bb1fc585-f087-407a-b043-49c06e320521] Entering prompt...
2026-09-05T07:28:25.051Z [e929e47b-973f-4768-9f47-2240e836cc83][bb1fc585-f087-407a-b043-49c06e320521] Generating... 2 ready, 0 failed / 4 total (45s) image 99% [BỐI CẢNH]
2026-09-05T07:28:25.501Z [cd8fb2bb-eb56-45ff-98f8-4e240fa081b1][bb1fc585-f087-407a-b043-49c06e320521] Output count: selected "x4" ✓
2026-09-05T07:28:26.224Z [a97a8ee4-6654-41d1-9c8a-2d0d265c862f][bb1fc585-f087-407a-b043-49c06e320521] Prompt is 2309 chars — typing it in 30 chunk(s).
2026-09-05T07:28:26.611Z [cd8fb2bb-eb56-45ff-98f8-4e240fa081b1][bb1fc585-f087-407a-b043-49c06e320521] Ref image 1/3: downloading from URL...
2026-09-05T07:28:26.779Z [cd8fb2bb-eb56-45ff-98f8-4e240fa081b1][bb1fc585-f087-407a-b043-49c06e320521] Downloader: no-proxy request context ready.
2026-09-05T07:28:27.701Z [cd8fb2bb-eb56-45ff-98f8-4e240fa081b1][bb1fc585-f087-407a-b043-49c06e320521] Ref image 1/3: saved 468314 bytes (image/jpeg) as "Arlo Water Park Day.jpeg"
2026-09-05T07:28:27.705Z [cd8fb2bb-eb56-45ff-98f8-4e240fa081b1][bb1fc585-f087-407a-b043-49c06e320521] Ref image 1/3: attaching reference image...
2026-09-05T07:28:28.066Z [e929e47b-973f-4768-9f47-2240e836cc83][bb1fc585-f087-407a-b043-49c06e320521] Generating... 2 ready, 0 failed / 4 total (48s) image 99% [BỐI CẢNH]
2026-09-05T07:28:28.469Z [277492c4-1bab-40e2-8b42-55c218744331][bb1fc585-f087-407a-b043-49c06e320521] Model: selected "🍌 Nano Banana 2" ✓
2026-09-05T07:28:29.208Z [277492c4-1bab-40e2-8b42-55c218744331][bb1fc585-f087-407a-b043-49c06e320521] Aspect ratio: "crop_16_9 16:9" already selected ✓
2026-09-05T07:28:29.809Z [cd8fb2bb-eb56-45ff-98f8-4e240fa081b1][bb1fc585-f087-407a-b043-49c06e320521] Ref image 1/3: reusing library asset "Arlo Water Park Day.jpeg" (no re-upload).
2026-09-05T07:28:30.994Z [277492c4-1bab-40e2-8b42-55c218744331][bb1fc585-f087-407a-b043-49c06e320521] Output count: selected "x4" ✓
2026-09-05T07:28:31.096Z [e929e47b-973f-4768-9f47-2240e836cc83][bb1fc585-f087-407a-b043-49c06e320521] Generating... 2 ready, 0 failed / 4 total (52s) [BỐI CẢNH]Verdant Fa
2026-09-05T07:28:32.009Z [277492c4-1bab-40e2-8b42-55c218744331][bb1fc585-f087-407a-b043-49c06e320521] Ref image 1/6: downloading from URL...
2026-09-05T07:28:32.209Z [277492c4-1bab-40e2-8b42-55c218744331][bb1fc585-f087-407a-b043-49c06e320521] Downloader: no-proxy request context ready.
2026-09-05T07:28:32.958Z [cd8fb2bb-eb56-45ff-98f8-4e240fa081b1][bb1fc585-f087-407a-b043-49c06e320521] Ref image 1/3: chips 0→1 ✓
2026-09-05T07:28:33.138Z [277492c4-1bab-40e2-8b42-55c218744331][bb1fc585-f087-407a-b043-49c06e320521] Ref image 1/6: saved 468314 bytes (image/jpeg) as "Arlo Water Park Day.jpeg"
2026-09-05T07:28:33.141Z [277492c4-1bab-40e2-8b42-55c218744331][bb1fc585-f087-407a-b043-49c06e320521] Ref image 1/6: attaching reference image...
2026-09-05T07:28:34.117Z [e929e47b-973f-4768-9f47-2240e836cc83][bb1fc585-f087-407a-b043-49c06e320521] Generating... 3 ready, 0 failed / 4 total (55s)
2026-09-05T07:28:34.220Z [cd8fb2bb-eb56-45ff-98f8-4e240fa081b1][bb1fc585-f087-407a-b043-49c06e320521] Ref image 2/3: downloading from URL...
2026-09-05T07:28:34.655Z [cd8fb2bb-eb56-45ff-98f8-4e240fa081b1][bb1fc585-f087-407a-b043-49c06e320521] Ref image 2/3: saved 628888 bytes (image/jpeg) as "Nessa Water Park Day.jpeg"
2026-09-05T07:28:34.658Z [cd8fb2bb-eb56-45ff-98f8-4e240fa081b1][bb1fc585-f087-407a-b043-49c06e320521] Ref image 2/3: attaching reference image...
2026-09-05T07:28:35.162Z [277492c4-1bab-40e2-8b42-55c218744331][bb1fc585-f087-407a-b043-49c06e320521] Ref image 1/6: reusing library asset "Arlo Water Park Day.jpeg" (no re-upload).
2026-09-05T07:28:36.817Z [cd8fb2bb-eb56-45ff-98f8-4e240fa081b1][bb1fc585-f087-407a-b043-49c06e320521] Ref image 2/3: reusing library asset "Nessa Water Park Day.jpeg" (no re-upload).
2026-09-05T07:28:37.134Z [e929e47b-973f-4768-9f47-2240e836cc83][bb1fc585-f087-407a-b043-49c06e320521] Generating... 3 ready, 0 failed / 4 total (58s)
2026-09-05T07:28:38.208Z [277492c4-1bab-40e2-8b42-55c218744331][bb1fc585-f087-407a-b043-49c06e320521] Ref image 1/6: chips 0→1 ✓
2026-09-05T07:28:39.524Z [277492c4-1bab-40e2-8b42-55c218744331][bb1fc585-f087-407a-b043-49c06e320521] Ref image 2/6: downloading from URL...
2026-09-05T07:28:39.842Z [a97a8ee4-6654-41d1-9c8a-2d0d265c862f][bb1fc585-f087-407a-b043-49c06e320521] Prompt insert attempt 1: editor has 2256 chars (want ~2302) ✓
2026-09-05T07:28:39.927Z [cd8fb2bb-eb56-45ff-98f8-4e240fa081b1][bb1fc585-f087-407a-b043-49c06e320521] Ref image 2/3: chips 1→2 ✓
2026-09-05T07:28:39.961Z [277492c4-1bab-40e2-8b42-55c218744331][bb1fc585-f087-407a-b043-49c06e320521] Ref image 2/6: saved 628888 bytes (image/jpeg) as "Nessa Water Park Day.jpeg"
2026-09-05T07:28:39.965Z [277492c4-1bab-40e2-8b42-55c218744331][bb1fc585-f087-407a-b043-49c06e320521] Ref image 2/6: attaching reference image...
2026-09-05T07:28:40.148Z [e929e47b-973f-4768-9f47-2240e836cc83][bb1fc585-f087-407a-b043-49c06e320521] Generating... 3 ready, 0 failed / 4 total (61s)
2026-09-05T07:28:41.580Z [cd8fb2bb-eb56-45ff-98f8-4e240fa081b1][bb1fc585-f087-407a-b043-49c06e320521] Ref image 3/3: downloading from URL...
2026-09-05T07:28:41.583Z [a97a8ee4-6654-41d1-9c8a-2d0d265c862f][bb1fc585-f087-407a-b043-49c06e320521] Baseline: 49 pre-existing media tile(s) of 49 mounted (kinds: image,image,image,image,image,image,image,image,image,image,image,image,image,image,image,image,image,image,image,image,image,image,image,image,image,image,image,image,image,image,video,video,image,video,video,image,video,image,video,video,image,video,video,image,video,video,image,video,video).
2026-09-05T07:28:42.036Z [cd8fb2bb-eb56-45ff-98f8-4e240fa081b1][bb1fc585-f087-407a-b043-49c06e320521] Ref image 3/3: saved 926103 bytes (image/jpeg) as "Verdant Family Water Park Master.jpeg"
2026-09-05T07:28:42.039Z [cd8fb2bb-eb56-45ff-98f8-4e240fa081b1][bb1fc585-f087-407a-b043-49c06e320521] Ref image 3/3: attaching reference image...
2026-09-05T07:28:42.097Z [277492c4-1bab-40e2-8b42-55c218744331][bb1fc585-f087-407a-b043-49c06e320521] Ref image 2/6: reusing library asset "Nessa Water Park Day.jpeg" (no re-upload).
2026-09-05T07:28:43.166Z [e929e47b-973f-4768-9f47-2240e836cc83][bb1fc585-f087-407a-b043-49c06e320521] Generating... 3 ready, 0 failed / 4 total (64s)
2026-09-05T07:28:43.824Z [a97a8ee4-6654-41d1-9c8a-2d0d265c862f][bb1fc585-f087-407a-b043-49c06e320521] [submit] confirmed (editor "What do you want to ", fresh tile=true).
2026-09-05T07:28:44.016Z [cd8fb2bb-eb56-45ff-98f8-4e240fa081b1][bb1fc585-f087-407a-b043-49c06e320521] Ref image 3/3: reusing library asset "Verdant Family Water Park Master.jpeg" (no re-upload).
2026-09-05T07:28:44.260Z [a97a8ee4-6654-41d1-9c8a-2d0d265c862f][bb1fc585-f087-407a-b043-49c06e320521] Current Workspace project URL: https://flow.google.com/project/cae2bf2b-d1b8-40f9-a300-9f2aa6276ea5?hl=en
2026-09-05T07:28:44.261Z [a97a8ee4-6654-41d1-9c8a-2d0d265c862f][bb1fc585-f087-407a-b043-49c06e320521] Submitted ✓ Detecting batch size...
2026-09-05T07:28:44.273Z [a97a8ee4-6654-41d1-9c8a-2d0d265c862f][bb1fc585-f087-407a-b043-49c06e320521] New tile(s) since submit: 0 → 4 (mounted=49)
2026-09-05T07:28:45.139Z [277492c4-1bab-40e2-8b42-55c218744331][bb1fc585-f087-407a-b043-49c06e320521] Ref image 2/6: chips 1→2 ✓
2026-09-05T07:28:46.154Z [277492c4-1bab-40e2-8b42-55c218744331][bb1fc585-f087-407a-b043-49c06e320521] Ref image 3/6: downloading from URL...
2026-09-05T07:28:46.183Z [e929e47b-973f-4768-9f47-2240e836cc83][bb1fc585-f087-407a-b043-49c06e320521] Generating... 3 ready, 0 failed / 4 total (67s)
2026-09-05T07:28:46.652Z [277492c4-1bab-40e2-8b42-55c218744331][bb1fc585-f087-407a-b043-49c06e320521] Ref image 3/6: saved 653843 bytes (image/jpeg) as "Graham Water Park Day.jpeg"
2026-09-05T07:28:46.655Z [277492c4-1bab-40e2-8b42-55c218744331][bb1fc585-f087-407a-b043-49c06e320521] Ref image 3/6: attaching reference image...
2026-09-05T07:28:47.277Z [cd8fb2bb-eb56-45ff-98f8-4e240fa081b1][bb1fc585-f087-407a-b043-49c06e320521] Ref image 3/3: chips 2→3 ✓
2026-09-05T07:28:47.287Z [cd8fb2bb-eb56-45ff-98f8-4e240fa081b1][bb1fc585-f087-407a-b043-49c06e320521] Entering prompt...
2026-09-05T07:28:48.433Z [a97a8ee4-6654-41d1-9c8a-2d0d265c862f][bb1fc585-f087-407a-b043-49c06e320521] Batch size stabilised at 4 new tile(s)
2026-09-05T07:28:48.434Z [a97a8ee4-6654-41d1-9c8a-2d0d265c862f][bb1fc585-f087-407a-b043-49c06e320521] Batch detected: 4 item(s). Generating...
2026-09-05T07:28:48.434Z [a97a8ee4-6654-41d1-9c8a-2d0d265c862f][bb1fc585-f087-407a-b043-49c06e320521] Polling for 4 image item(s) (baseline=49, hasUpload=true)...
2026-09-05T07:28:48.444Z [a97a8ee4-6654-41d1-9c8a-2d0d265c862f][bb1fc585-f087-407a-b043-49c06e320521] Generating... 0 ready, 0 failed / 4 total (0s) image 34% [BỐI CẢNH] image 34% [BỐI CẢNH] image 34% [BỐI CẢNH] image 34% [BỐI CẢNH]
2026-09-05T07:28:49.027Z [277492c4-1bab-40e2-8b42-55c218744331][bb1fc585-f087-407a-b043-49c06e320521] Ref image 3/6: reusing library asset "Graham Water Park Day.jpeg" (no re-upload).
2026-09-05T07:28:49.170Z [cd8fb2bb-eb56-45ff-98f8-4e240fa081b1][bb1fc585-f087-407a-b043-49c06e320521] Prompt is 1889 chars — typing it in 25 chunk(s).
2026-09-05T07:28:49.200Z [e929e47b-973f-4768-9f47-2240e836cc83][bb1fc585-f087-407a-b043-49c06e320521] Generating... 3 ready, 0 failed / 4 total (70s)
2026-09-05T07:28:51.462Z [a97a8ee4-6654-41d1-9c8a-2d0d265c862f][bb1fc585-f087-407a-b043-49c06e320521] Generating... 0 ready, 0 failed / 4 total (3s) image 54% [BỐI CẢNH] image 54% [BỐI CẢNH] image 54% [BỐI CẢNH] image 54% [BỐI CẢNH]
2026-09-05T07:28:52.215Z [e929e47b-973f-4768-9f47-2240e836cc83][bb1fc585-f087-407a-b043-49c06e320521] Generating... 3 ready, 0 failed / 4 total (73s)
2026-09-05T07:28:52.881Z [277492c4-1bab-40e2-8b42-55c218744331][bb1fc585-f087-407a-b043-49c06e320521] Ref image 3/6: chips 2→3 ✓
2026-09-05T07:28:53.861Z [277492c4-1bab-40e2-8b42-55c218744331][bb1fc585-f087-407a-b043-49c06e320521] Ref image 4/6: downloading from URL...
2026-09-05T07:28:54.258Z [277492c4-1bab-40e2-8b42-55c218744331][bb1fc585-f087-407a-b043-49c06e320521] Ref image 4/6: saved 549605 bytes (image/jpeg) as "Elara Water Park Day.jpeg"
2026-09-05T07:28:54.261Z [277492c4-1bab-40e2-8b42-55c218744331][bb1fc585-f087-407a-b043-49c06e320521] Ref image 4/6: attaching reference image...
2026-09-05T07:28:54.483Z [a97a8ee4-6654-41d1-9c8a-2d0d265c862f][bb1fc585-f087-407a-b043-49c06e320521] Generating... 0 ready, 0 failed / 4 total (6s) image 74% [BỐI CẢNH] image 74% [BỐI CẢNH] image 74% [BỐI CẢNH] image 74% [BỐI CẢNH]
2026-09-05T07:28:55.241Z [e929e47b-973f-4768-9f47-2240e836cc83][bb1fc585-f087-407a-b043-49c06e320521] Generating... 3 ready, 0 failed / 4 total (76s)
2026-09-05T07:28:56.448Z [277492c4-1bab-40e2-8b42-55c218744331][bb1fc585-f087-407a-b043-49c06e320521] Ref image 4/6: "Elara Water Park Day.jpeg" not in the library yet — uploading it first.
2026-09-05T07:28:57.504Z [a97a8ee4-6654-41d1-9c8a-2d0d265c862f][bb1fc585-f087-407a-b043-49c06e320521] Generating... 0 ready, 0 failed / 4 total (9s) image 94% [BỐI CẢNH] image 94% [BỐI CẢNH] image 94% [BỐI CẢNH] image 94% [BỐI CẢNH]
2026-09-05T07:28:58.257Z [e929e47b-973f-4768-9f47-2240e836cc83][bb1fc585-f087-407a-b043-49c06e320521] Generating... 3 ready, 0 failed / 4 total (79s)
2026-09-05T07:29:00.521Z [a97a8ee4-6654-41d1-9c8a-2d0d265c862f][bb1fc585-f087-407a-b043-49c06e320521] Generating... 0 ready, 0 failed / 4 total (12s) image 99% [BỐI CẢNH] image 99% [BỐI CẢNH] image 99% [BỐI CẢNH] image 99% [BỐI CẢNH]
2026-09-05T07:29:00.621Z [cd8fb2bb-eb56-45ff-98f8-4e240fa081b1][bb1fc585-f087-407a-b043-49c06e320521] Prompt insert attempt 1: editor has 1840 chars (want ~1882) ✓
2026-09-05T07:29:00.790Z [277492c4-1bab-40e2-8b42-55c218744331][bb1fc585-f087-407a-b043-49c06e320521] Ref image 4/6: uploading "Elara Water Park Day.jpeg" to the project library...
2026-09-05T07:29:01.279Z [e929e47b-973f-4768-9f47-2240e836cc83][bb1fc585-f087-407a-b043-49c06e320521] Generating... 3 ready, 0 failed / 4 total (82s)
2026-09-05T07:29:01.575Z [277492c4-1bab-40e2-8b42-55c218744331][bb1fc585-f087-407a-b043-49c06e320521] Ref image 4/6: upload finished ✓
2026-09-05T07:29:02.297Z [cd8fb2bb-eb56-45ff-98f8-4e240fa081b1][bb1fc585-f087-407a-b043-49c06e320521] Baseline: 47 pre-existing media tile(s) of 47 mounted (kinds: image,image,image,image,image,image,image,image,image,image,image,image,image,image,image,image,image,image,image,image,image,image,image,image,image,image,image,image,image,image,image,video,video,image,image,video,video,image,video,video,image,video,video,video,video,video,image).
2026-09-05T07:29:03.544Z [a97a8ee4-6654-41d1-9c8a-2d0d265c862f][bb1fc585-f087-407a-b043-49c06e320521] Generating... 0 ready, 0 failed / 4 total (15s) image 99% [BỐI CẢNH] image 99% [BỐI CẢNH] image 99% [BỐI CẢNH] image 99% [BỐI CẢNH]
2026-09-05T07:29:04.297Z [e929e47b-973f-4768-9f47-2240e836cc83][bb1fc585-f087-407a-b043-49c06e320521] Generating... 3 ready, 0 failed / 4 total (85s)
2026-09-05T07:29:04.526Z [cd8fb2bb-eb56-45ff-98f8-4e240fa081b1][bb1fc585-f087-407a-b043-49c06e320521] [submit] confirmed (editor "What do you want to ", fresh tile=true).
2026-09-05T07:29:05.165Z [cd8fb2bb-eb56-45ff-98f8-4e240fa081b1][bb1fc585-f087-407a-b043-49c06e320521] Current Workspace project URL: https://flow.google.com/project/33ca2cc2-c9ff-4bb6-9048-2a7af1dfcfee?hl=en
2026-09-05T07:29:05.165Z [cd8fb2bb-eb56-45ff-98f8-4e240fa081b1][bb1fc585-f087-407a-b043-49c06e320521] Submitted ✓ Detecting batch size...
2026-09-05T07:29:05.177Z [cd8fb2bb-eb56-45ff-98f8-4e240fa081b1][bb1fc585-f087-407a-b043-49c06e320521] New tile(s) since submit: 0 → 4 (mounted=48)
2026-09-05T07:29:06.568Z [a97a8ee4-6654-41d1-9c8a-2d0d265c862f][bb1fc585-f087-407a-b043-49c06e320521] Generating... 0 ready, 0 failed / 4 total (18s) image 99% [BỐI CẢNH] image 99% [BỐI CẢNH] image 99% [BỐI CẢNH] image 99% [BỐI CẢNH]
2026-09-05T07:29:07.309Z [e929e47b-973f-4768-9f47-2240e836cc83][bb1fc585-f087-407a-b043-49c06e320521] Generating... 3 ready, 0 failed / 4 total (88s)
2026-09-05T07:29:09.335Z [cd8fb2bb-eb56-45ff-98f8-4e240fa081b1][bb1fc585-f087-407a-b043-49c06e320521] Batch size stabilised at 4 new tile(s)
2026-09-05T07:29:09.336Z [cd8fb2bb-eb56-45ff-98f8-4e240fa081b1][bb1fc585-f087-407a-b043-49c06e320521] Batch detected: 4 item(s). Generating...
2026-09-05T07:29:09.336Z [cd8fb2bb-eb56-45ff-98f8-4e240fa081b1][bb1fc585-f087-407a-b043-49c06e320521] Polling for 4 image item(s) (baseline=47, hasUpload=true)...
2026-09-05T07:29:09.345Z [cd8fb2bb-eb56-45ff-98f8-4e240fa081b1][bb1fc585-f087-407a-b043-49c06e320521] Generating... 0 ready, 0 failed / 4 total (0s) image 34% [BỐI CẢNH] image 34% [BỐI CẢNH] image 34% [BỐI CẢNH] image 34% [BỐI CẢNH]
2026-09-05T07:29:09.588Z [a97a8ee4-6654-41d1-9c8a-2d0d265c862f][bb1fc585-f087-407a-b043-49c06e320521] Generating... 0 ready, 0 failed / 4 total (21s) image 99% [BỐI CẢNH] image 99% [BỐI CẢNH] image 99% [BỐI CẢNH] image 99% [BỐI CẢNH]
2026-09-05T07:29:10.326Z [e929e47b-973f-4768-9f47-2240e836cc83][bb1fc585-f087-407a-b043-49c06e320521] Generating... 3 ready, 0 failed / 4 total (91s)
2026-09-05T07:29:11.555Z [277492c4-1bab-40e2-8b42-55c218744331][bb1fc585-f087-407a-b043-49c06e320521] Ref image 4/6: chips 3→4 ✓
2026-09-05T07:29:12.358Z [cd8fb2bb-eb56-45ff-98f8-4e240fa081b1][bb1fc585-f087-407a-b043-49c06e320521] Generating... 0 ready, 0 failed / 4 total (3s) image 54% [BỐI CẢNH] image 54% [BỐI CẢNH] image 54% [BỐI CẢNH] image 54% [BỐI CẢNH]
2026-09-05T07:29:12.608Z [a97a8ee4-6654-41d1-9c8a-2d0d265c862f][bb1fc585-f087-407a-b043-49c06e320521] Generating... 0 ready, 0 failed / 4 total (24s) image 99% [BỐI CẢNH] image 99% [BỐI CẢNH] image 99% [BỐI CẢNH] image 99% [BỐI CẢNH]
2026-09-05T07:29:12.724Z [277492c4-1bab-40e2-8b42-55c218744331][bb1fc585-f087-407a-b043-49c06e320521] Ref image 5/6: downloading from URL...
2026-09-05T07:29:13.160Z [277492c4-1bab-40e2-8b42-55c218744331][bb1fc585-f087-407a-b043-49c06e320521] Ref image 5/6: saved 289545 bytes (image/jpeg) as "Graham Family Smartphone.jpeg"
2026-09-05T07:29:13.168Z [277492c4-1bab-40e2-8b42-55c218744331][bb1fc585-f087-407a-b043-49c06e320521] Ref image 5/6: attaching reference image...
2026-09-05T07:29:13.344Z [e929e47b-973f-4768-9f47-2240e836cc83][bb1fc585-f087-407a-b043-49c06e320521] Generating... 3 ready, 0 failed / 4 total (94s)
2026-09-05T07:29:15.101Z [277492c4-1bab-40e2-8b42-55c218744331][bb1fc585-f087-407a-b043-49c06e320521] Ref image 5/6: "Graham Family Smartphone.jpeg" not in the library yet — uploading it first.
2026-09-05T07:29:15.387Z [cd8fb2bb-eb56-45ff-98f8-4e240fa081b1][bb1fc585-f087-407a-b043-49c06e320521] Generating... 0 ready, 0 failed / 4 total (6s) image 74% [BỐI CẢNH] image 74% [BỐI CẢNH] image 74% [BỐI CẢNH] image 74% [BỐI CẢNH]
2026-09-05T07:29:15.623Z [a97a8ee4-6654-41d1-9c8a-2d0d265c862f][bb1fc585-f087-407a-b043-49c06e320521] Generating... 0 ready, 0 failed / 4 total (27s) image 99% [BỐI CẢNH] image 99% [BỐI CẢNH] image 99% [BỐI CẢNH] image 99% [BỐI CẢNH]
2026-09-05T07:29:16.366Z [e929e47b-973f-4768-9f47-2240e836cc83][bb1fc585-f087-407a-b043-49c06e320521] Generating... 3 ready, 0 failed / 4 total (97s)
2026-09-05T07:29:18.406Z [cd8fb2bb-eb56-45ff-98f8-4e240fa081b1][bb1fc585-f087-407a-b043-49c06e320521] Generating... 0 ready, 0 failed / 4 total (9s) image 94% [BỐI CẢNH] image 94% [BỐI CẢNH] image 94% [BỐI CẢNH] image 94% [BỐI CẢNH]
2026-09-05T07:29:18.647Z [a97a8ee4-6654-41d1-9c8a-2d0d265c862f][bb1fc585-f087-407a-b043-49c06e320521] Generating... 0 ready, 0 failed / 4 total (30s) image 99% [BỐI CẢNH] [BỐI CẢNH]Verdant Fa image 99% [BỐI CẢNH] image 99% [BỐI CẢNH]
2026-09-05T07:29:19.397Z [e929e47b-973f-4768-9f47-2240e836cc83][bb1fc585-f087-407a-b043-49c06e320521] Generating... 3 ready, 0 failed / 4 total (100s)
2026-09-05T07:29:19.518Z [277492c4-1bab-40e2-8b42-55c218744331][bb1fc585-f087-407a-b043-49c06e320521] Ref image 5/6: uploading "Graham Family Smartphone.jpeg" to the project library...
2026-09-05T07:29:20.678Z [277492c4-1bab-40e2-8b42-55c218744331][bb1fc585-f087-407a-b043-49c06e320521] Ref image 5/6: upload finished ✓
2026-09-05T07:29:21.426Z [cd8fb2bb-eb56-45ff-98f8-4e240fa081b1][bb1fc585-f087-407a-b043-49c06e320521] Generating... 0 ready, 0 failed / 4 total (12s) image 99% [BỐI CẢNH] image 99% [BỐI CẢNH] image 99% [BỐI CẢNH] image 99% [BỐI CẢNH]
2026-09-05T07:29:21.666Z [a97a8ee4-6654-41d1-9c8a-2d0d265c862f][bb1fc585-f087-407a-b043-49c06e320521] Generating... 1 ready, 0 failed / 4 total (33s) image 99% [BỐI CẢNH] image 99% [BỐI CẢNH] image 99% [BỐI CẢNH]
2026-09-05T07:29:22.415Z [e929e47b-973f-4768-9f47-2240e836cc83][bb1fc585-f087-407a-b043-49c06e320521] Generating... 3 ready, 0 failed / 4 total (103s)
2026-09-05T07:29:24.442Z [cd8fb2bb-eb56-45ff-98f8-4e240fa081b1][bb1fc585-f087-407a-b043-49c06e320521] Generating... 0 ready, 0 failed / 4 total (15s) image 99% [BỐI CẢNH] image 99% [BỐI CẢNH] image 99% [BỐI CẢNH] image 99% [BỐI CẢNH]
2026-09-05T07:29:24.694Z [a97a8ee4-6654-41d1-9c8a-2d0d265c862f][bb1fc585-f087-407a-b043-49c06e320521] Generating... 1 ready, 0 failed / 4 total (36s) image 99% [BỐI CẢNH] image 99% [BỐI CẢNH] image 99% [BỐI CẢNH]
2026-09-05T07:29:25.438Z [e929e47b-973f-4768-9f47-2240e836cc83][bb1fc585-f087-407a-b043-49c06e320521] Generating... 3 ready, 0 failed / 4 total (106s)
2026-09-05T07:29:27.457Z [cd8fb2bb-eb56-45ff-98f8-4e240fa081b1][bb1fc585-f087-407a-b043-49c06e320521] Generating... 0 ready, 0 failed / 4 total (18s) image 99% [BỐI CẢNH] image 99% [BỐI CẢNH] image 99% [BỐI CẢNH] image 99% [BỐI CẢNH]
2026-09-05T07:29:27.709Z [a97a8ee4-6654-41d1-9c8a-2d0d265c862f][bb1fc585-f087-407a-b043-49c06e320521] Generating... 1 ready, 0 failed / 4 total (39s) image 99% [BỐI CẢNH] image 99% [BỐI CẢNH] image 99% [BỐI CẢNH]
2026-09-05T07:29:28.456Z [e929e47b-973f-4768-9f47-2240e836cc83][bb1fc585-f087-407a-b043-49c06e320521] Generating... 3 ready, 0 failed / 4 total (109s)
2026-09-05T07:29:30.472Z [cd8fb2bb-eb56-45ff-98f8-4e240fa081b1][bb1fc585-f087-407a-b043-49c06e320521] Generating... 0 ready, 0 failed / 4 total (21s) image 99% [BỐI CẢNH] image 99% [BỐI CẢNH] image 99% [BỐI CẢNH] image 99% [BỐI CẢNH]
2026-09-05T07:29:30.732Z [a97a8ee4-6654-41d1-9c8a-2d0d265c862f][bb1fc585-f087-407a-b043-49c06e320521] Generating... 1 ready, 0 failed / 4 total (42s) image 99% [BỐI CẢNH] [BỐI CẢNH]Verdant Fa image 99% [BỐI CẢNH]
2026-09-05T07:29:31.482Z [e929e47b-973f-4768-9f47-2240e836cc83][bb1fc585-f087-407a-b043-49c06e320521] Generating... 3 ready, 0 failed / 4 total (112s)
2026-09-05T07:29:33.486Z [cd8fb2bb-eb56-45ff-98f8-4e240fa081b1][bb1fc585-f087-407a-b043-49c06e320521] Generating... 0 ready, 0 failed / 4 total (24s) image 99% [BỐI CẢNH] image 99% [BỐI CẢNH] image 99% [BỐI CẢNH] image 99% [BỐI CẢNH]
2026-09-05T07:29:33.600Z [277492c4-1bab-40e2-8b42-55c218744331][bb1fc585-f087-407a-b043-49c06e320521] click(Add to prompt) failed: locator.click: Timeout 8000ms exceeded. — retrying with force
2026-09-05T07:29:33.758Z [a97a8ee4-6654-41d1-9c8a-2d0d265c862f][bb1fc585-f087-407a-b043-49c06e320521] Generating... 2 ready, 0 failed / 4 total (45s) image 99% [BỐI CẢNH] image 99% [BỐI CẢNH]
2026-09-05T07:29:34.495Z [e929e47b-973f-4768-9f47-2240e836cc83][bb1fc585-f087-407a-b043-49c06e320521] Generating... 3 ready, 0 failed / 4 total (115s)
2026-09-05T07:29:36.506Z [cd8fb2bb-eb56-45ff-98f8-4e240fa081b1][bb1fc585-f087-407a-b043-49c06e320521] Generating... 0 ready, 0 failed / 4 total (27s) image 99% [BỐI CẢNH] image 99% [BỐI CẢNH] image 99% [BỐI CẢNH] image 99% [BỐI CẢNH]
2026-09-05T07:29:36.775Z [a97a8ee4-6654-41d1-9c8a-2d0d265c862f][bb1fc585-f087-407a-b043-49c06e320521] Generating... 2 ready, 0 failed / 4 total (48s) image 99% [BỐI CẢNH] [BỐI CẢNH]Verdant Fa
2026-09-05T07:29:37.518Z [e929e47b-973f-4768-9f47-2240e836cc83][bb1fc585-f087-407a-b043-49c06e320521] Generating... 3 ready, 0 failed / 4 total (118s)
2026-09-05T07:29:39.521Z [cd8fb2bb-eb56-45ff-98f8-4e240fa081b1][bb1fc585-f087-407a-b043-49c06e320521] Generating... 0 ready, 0 failed / 4 total (30s) [BỐI CẢNH]Verdant Fa image 99% [BỐI CẢNH] image 99% [BỐI CẢNH] image 99% [BỐI CẢNH]
2026-09-05T07:29:39.796Z [a97a8ee4-6654-41d1-9c8a-2d0d265c862f][bb1fc585-f087-407a-b043-49c06e320521] Generating... 3 ready, 0 failed / 4 total (51s) image 99% [BỐI CẢNH]
2026-09-05T07:29:40.538Z [e929e47b-973f-4768-9f47-2240e836cc83][bb1fc585-f087-407a-b043-49c06e320521] Generating... 3 ready, 0 failed / 4 total (121s)
2026-09-05T07:29:42.538Z [cd8fb2bb-eb56-45ff-98f8-4e240fa081b1][bb1fc585-f087-407a-b043-49c06e320521] Generating... 1 ready, 0 failed / 4 total (33s) image 99% [BỐI CẢNH] image 99% [BỐI CẢNH] image 99% [BỐI CẢNH]
2026-09-05T07:29:42.821Z [a97a8ee4-6654-41d1-9c8a-2d0d265c862f][bb1fc585-f087-407a-b043-49c06e320521] Generating... 3 ready, 0 failed / 4 total (54s) image 99% [BỐI CẢNH]
2026-09-05T07:29:43.558Z [e929e47b-973f-4768-9f47-2240e836cc83][bb1fc585-f087-407a-b043-49c06e320521] Generating... 3 ready, 0 failed / 4 total (124s)
2026-09-05T07:29:45.558Z [cd8fb2bb-eb56-45ff-98f8-4e240fa081b1][bb1fc585-f087-407a-b043-49c06e320521] Generating... 1 ready, 0 failed / 4 total (36s) image 99% [BỐI CẢNH] image 99% [BỐI CẢNH] image 99% [BỐI CẢNH]
2026-09-05T07:29:45.836Z [a97a8ee4-6654-41d1-9c8a-2d0d265c862f][bb1fc585-f087-407a-b043-49c06e320521] Generating... 3 ready, 0 failed / 4 total (57s) image 99% [BỐI CẢNH]
2026-09-05T07:29:46.573Z [e929e47b-973f-4768-9f47-2240e836cc83][bb1fc585-f087-407a-b043-49c06e320521] Generating... 3 ready, 0 failed / 4 total (127s)
2026-09-05T07:29:48.573Z [cd8fb2bb-eb56-45ff-98f8-4e240fa081b1][bb1fc585-f087-407a-b043-49c06e320521] Generating... 1 ready, 0 failed / 4 total (39s) image 99% [BỐI CẢNH] image 99% [BỐI CẢNH] image 99% [BỐI CẢNH]
2026-09-05T07:29:48.863Z [a97a8ee4-6654-41d1-9c8a-2d0d265c862f][bb1fc585-f087-407a-b043-49c06e320521] Generating... 3 ready, 0 failed / 4 total (60s) [BỐI CẢNH]Verdant Fa
2026-09-05T07:29:49.590Z [e929e47b-973f-4768-9f47-2240e836cc83][bb1fc585-f087-407a-b043-49c06e320521] Generating... 3 ready, 0 failed / 4 total (130s)
2026-09-05T07:29:49.682Z [277492c4-1bab-40e2-8b42-55c218744331][bb1fc585-f087-407a-b043-49c06e320521] Ref image 5/6: chips 4→4 ✗ (Add to prompt did not register)
2026-09-05T07:29:51.034Z [277492c4-1bab-40e2-8b42-55c218744331][bb1fc585-f087-407a-b043-49c06e320521] Ref image 6/6: downloading from URL...
2026-09-05T07:29:51.432Z [277492c4-1bab-40e2-8b42-55c218744331][bb1fc585-f087-407a-b043-49c06e320521] Ref image 6/6: saved 926103 bytes (image/jpeg) as "Verdant Family Water Park Master.jpeg"
2026-09-05T07:29:51.436Z [277492c4-1bab-40e2-8b42-55c218744331][bb1fc585-f087-407a-b043-49c06e320521] Ref image 6/6: attaching reference image...
2026-09-05T07:29:51.590Z [cd8fb2bb-eb56-45ff-98f8-4e240fa081b1][bb1fc585-f087-407a-b043-49c06e320521] Generating... 1 ready, 0 failed / 4 total (42s) image 99% [BỐI CẢNH] image 99% [BỐI CẢNH] image 99% [BỐI CẢNH]
2026-09-05T07:29:51.889Z [a97a8ee4-6654-41d1-9c8a-2d0d265c862f][bb1fc585-f087-407a-b043-49c06e320521] Generating... 4 ready, 0 failed / 4 total (63s)
2026-09-05T07:29:51.889Z [a97a8ee4-6654-41d1-9c8a-2d0d265c862f][bb1fc585-f087-407a-b043-49c06e320521] Batch done: 4 ready (target 4), 0 failed, scanned 4.
2026-09-05T07:29:51.889Z [a97a8ee4-6654-41d1-9c8a-2d0d265c862f][bb1fc585-f087-407a-b043-49c06e320521] 4 item(s) ready! Downloading...
2026-09-05T07:29:51.890Z [a97a8ee4-6654-41d1-9c8a-2d0d265c862f][bb1fc585-f087-407a-b043-49c06e320521] Item 1: Downloading from URL https://flow-content.google/image/fb8729e0-7994-43b5-bd8e-5a720e1a7504?Expires=1788614925&KeyName=labs-flow-prod-cdn-key&Signature=ap4M0arv3_Yb2BoG1D7_cotCiKs
2026-09-05T07:29:52.321Z [a97a8ee4-6654-41d1-9c8a-2d0d265c862f][bb1fc585-f087-407a-b043-49c06e320521] Downloaded 1/4: winai_2026-09-05T07-29-51_01.jpg
2026-09-05T07:29:52.321Z [a97a8ee4-6654-41d1-9c8a-2d0d265c862f][bb1fc585-f087-407a-b043-49c06e320521] Item 2: Downloading from URL https://flow-content.google/image/3e0be628-daa6-4adb-8eca-c8adf5883492?Expires=1788614924&KeyName=labs-flow-prod-cdn-key&Signature=M0EfCwF7qvwz9_59KB0UJxB3bTU
2026-09-05T07:29:52.434Z [a97a8ee4-6654-41d1-9c8a-2d0d265c862f][bb1fc585-f087-407a-b043-49c06e320521] Downloaded 2/4: winai_2026-09-05T07-29-51_02.jpg
2026-09-05T07:29:52.434Z [a97a8ee4-6654-41d1-9c8a-2d0d265c862f][bb1fc585-f087-407a-b043-49c06e320521] Item 3: Downloading from URL https://flow-content.google/image/94ed6c33-618b-4465-ac4b-109c290b5e4b?Expires=1788614923&KeyName=labs-flow-prod-cdn-key&Signature=xpquG4PH98OcHUEbDNhZdrM5UnE
2026-09-05T07:29:52.535Z [a97a8ee4-6654-41d1-9c8a-2d0d265c862f][bb1fc585-f087-407a-b043-49c06e320521] Downloaded 3/4: winai_2026-09-05T07-29-51_03.jpg
2026-09-05T07:29:52.535Z [a97a8ee4-6654-41d1-9c8a-2d0d265c862f][bb1fc585-f087-407a-b043-49c06e320521] Item 4: Downloading from URL https://flow-content.google/image/5cd3a595-979a-4704-858e-752fe772e063?Expires=1788614923&KeyName=labs-flow-prod-cdn-key&Signature=_5jHK4OjMXlpWaBz0wInaEFVj60
2026-09-05T07:29:52.606Z [e929e47b-973f-4768-9f47-2240e836cc83][bb1fc585-f087-407a-b043-49c06e320521] Generating... 3 ready, 0 failed / 4 total (133s)
2026-09-05T07:29:52.637Z [a97a8ee4-6654-41d1-9c8a-2d0d265c862f][bb1fc585-f087-407a-b043-49c06e320521] Downloaded 4/4: winai_2026-09-05T07-29-51_04.jpg
2026-09-05T07:29:52.637Z [a97a8ee4-6654-41d1-9c8a-2d0d265c862f][bb1fc585-f087-407a-b043-49c06e320521] ✅ 4 item(s) saved to Downloads/Win AI Toolkit/
2026-09-05T07:29:52.908Z [a97a8ee4-6654-41d1-9c8a-2d0d265c862f][bb1fc585-f087-407a-b043-49c06e320521] Item 4: Uploaded → https://studio.xanhmedia.vn/uploads/2026-09/1788593392608_70d5eb_bb1fc585-f087-407a-b043-49c06e320521_a97.jpg
2026-09-05T07:29:52.941Z [a97a8ee4-6654-41d1-9c8a-2d0d265c862f][bb1fc585-f087-407a-b043-49c06e320521] Item 3: Uploaded → https://studio.xanhmedia.vn/uploads/2026-09/1788593392635_93ea8f_bb1fc585-f087-407a-b043-49c06e320521_a97.jpg
2026-09-05T07:29:52.970Z [a97a8ee4-6654-41d1-9c8a-2d0d265c862f][bb1fc585-f087-407a-b043-49c06e320521] Item 1: Uploaded → https://studio.xanhmedia.vn/uploads/2026-09/1788593392669_58672d_bb1fc585-f087-407a-b043-49c06e320521_a97.jpg
2026-09-05T07:29:53.034Z [a97a8ee4-6654-41d1-9c8a-2d0d265c862f][bb1fc585-f087-407a-b043-49c06e320521] Item 2: Uploaded → https://studio.xanhmedia.vn/uploads/2026-09/1788593392727_a3fe01_bb1fc585-f087-407a-b043-49c06e320521_a97.jpg
2026-09-05T07:29:53.035Z [a97a8ee4-6654-41d1-9c8a-2d0d265c862f][bb1fc585-f087-407a-b043-49c06e320521] All done (including any 1080p upgrades). Closing Playwright browser context.
2026-09-05T07:29:53.419Z [277492c4-1bab-40e2-8b42-55c218744331][bb1fc585-f087-407a-b043-49c06e320521] Ref image 6/6: reusing library asset "Verdant Family Water Park Master.jpeg" (no re-upload).
2026-09-05T07:29:54.267Z [180bc528-9515-47fa-8abe-55d39198ab92][bb1fc585-f087-407a-b043-49c06e320521] runGeneration starting: task_id=180bc528-9515-47fa-8abe-55d39198ab92, profile_id=bb1fc585-f087-407a-b043-49c06e320521, target_site=google_flow
2026-09-05T07:29:54.268Z [180bc528-9515-47fa-8abe-55d39198ab92][bb1fc585-f087-407a-b043-49c06e320521] Opening Playwright browser with persistent profile cookies...
2026-09-05T07:29:54.268Z [180bc528-9515-47fa-8abe-55d39198ab92][bb1fc585-f087-407a-b043-49c06e320521] Browser engine: winhide (C:\Users\Admin\AppData\Roaming\com.tank.winai\winhide\chrome.exe) [hidden off-screen]
2026-09-05T07:29:54.269Z [180bc528-9515-47fa-8abe-55d39198ab92][bb1fc585-f087-407a-b043-49c06e320521] Launch mode: STEALTH (raw spawn + connectOverCDP)
2026-09-05T07:29:54.615Z [cd8fb2bb-eb56-45ff-98f8-4e240fa081b1][bb1fc585-f087-407a-b043-49c06e320521] Generating... 1 ready, 0 failed / 4 total (45s) [BỐI CẢNH]Verdant Fa image 99% [BỐI CẢNH] image 99% [BỐI CẢNH]
2026-09-05T07:29:55.636Z [e929e47b-973f-4768-9f47-2240e836cc83][bb1fc585-f087-407a-b043-49c06e320521] Generating... 3 ready, 0 failed / 4 total (136s)
2026-09-05T07:29:55.778Z [180bc528-9515-47fa-8abe-55d39198ab92][bb1fc585-f087-407a-b043-49c06e320521] Exit IP: 115.74.128.9
2026-09-05T07:29:55.778Z [180bc528-9515-47fa-8abe-55d39198ab92][bb1fc585-f087-407a-b043-49c06e320521] Navigating browser to Google Flow tools page...
2026-09-05T07:29:55.779Z [180bc528-9515-47fa-8abe-55d39198ab92][bb1fc585-f087-407a-b043-49c06e320521] Using existing project URL: https://flow.google.com/project/cae2bf2b-d1b8-40f9-a300-9f2aa6276ea5?hl=en
2026-09-05T07:29:56.671Z [277492c4-1bab-40e2-8b42-55c218744331][bb1fc585-f087-407a-b043-49c06e320521] Ref image 6/6: chips 4→5 ✓
2026-09-05T07:29:56.683Z [277492c4-1bab-40e2-8b42-55c218744331][bb1fc585-f087-407a-b043-49c06e320521] [WARN] Only 5/6 reference image(s) attached.
2026-09-05T07:29:56.684Z [277492c4-1bab-40e2-8b42-55c218744331][bb1fc585-f087-407a-b043-49c06e320521] Entering prompt...
2026-09-05T07:29:56.710Z [180bc528-9515-47fa-8abe-55d39198ab92][bb1fc585-f087-407a-b043-49c06e320521] Waiting for Google Flow...
2026-09-05T07:29:57.646Z [cd8fb2bb-eb56-45ff-98f8-4e240fa081b1][bb1fc585-f087-407a-b043-49c06e320521] Generating... 2 ready, 0 failed / 4 total (48s) [BỐI CẢNH]Verdant Fa [BỐI CẢNH]Verdant Fa
2026-09-05T07:29:58.116Z [277492c4-1bab-40e2-8b42-55c218744331][bb1fc585-f087-407a-b043-49c06e320521] Prompt is 2216 chars — typing it in 30 chunk(s).
2026-09-05T07:29:58.649Z [e929e47b-973f-4768-9f47-2240e836cc83][bb1fc585-f087-407a-b043-49c06e320521] Generating... 3 ready, 0 failed / 4 total (139s)
2026-09-05T07:29:59.004Z [180bc528-9515-47fa-8abe-55d39198ab92][bb1fc585-f087-407a-b043-49c06e320521] In existing project ✓
2026-09-05T07:30:00.214Z [180bc528-9515-47fa-8abe-55d39198ab92][bb1fc585-f087-407a-b043-49c06e320521] dismissPopups: unresolved overlay(s) ["IFRAME[presentation]|btns="]
2026-09-05T07:30:00.666Z [cd8fb2bb-eb56-45ff-98f8-4e240fa081b1][bb1fc585-f087-407a-b043-49c06e320521] Generating... 4 ready, 0 failed / 4 total (51s)
2026-09-05T07:30:00.666Z [cd8fb2bb-eb56-45ff-98f8-4e240fa081b1][bb1fc585-f087-407a-b043-49c06e320521] Batch done: 4 ready (target 4), 0 failed, scanned 4.
2026-09-05T07:30:00.666Z [cd8fb2bb-eb56-45ff-98f8-4e240fa081b1][bb1fc585-f087-407a-b043-49c06e320521] 4 item(s) ready! Downloading...
2026-09-05T07:30:00.668Z [cd8fb2bb-eb56-45ff-98f8-4e240fa081b1][bb1fc585-f087-407a-b043-49c06e320521] Item 1: Downloading from URL https://flow-content.google/image/1f18757d-6c1d-4acb-8adf-f526ce0b67ad?Expires=1788614946&KeyName=labs-flow-prod-cdn-key&Signature=jm8SKZH7N9dFsugF_was2F_hysI
2026-09-05T07:30:00.970Z [cd8fb2bb-eb56-45ff-98f8-4e240fa081b1][bb1fc585-f087-407a-b043-49c06e320521] Downloaded 1/4: winai_2026-09-05T07-30-00_01.jpg
2026-09-05T07:30:00.970Z [cd8fb2bb-eb56-45ff-98f8-4e240fa081b1][bb1fc585-f087-407a-b043-49c06e320521] Item 2: Downloading from URL https://flow-content.google/image/7e2b1005-9be8-4a3a-9f61-037796a0f3d4?Expires=1788614945&KeyName=labs-flow-prod-cdn-key&Signature=Aw4_GLacHaLlpDtnXewEFRyJYHE
2026-09-05T07:30:01.087Z [cd8fb2bb-eb56-45ff-98f8-4e240fa081b1][bb1fc585-f087-407a-b043-49c06e320521] Downloaded 2/4: winai_2026-09-05T07-30-00_02.jpg
2026-09-05T07:30:01.087Z [cd8fb2bb-eb56-45ff-98f8-4e240fa081b1][bb1fc585-f087-407a-b043-49c06e320521] Item 3: Downloading from URL https://flow-content.google/image/5b451d17-707c-4eb3-9f0e-2876d660ac88?Expires=1788614944&KeyName=labs-flow-prod-cdn-key&Signature=TPETmu2u780tHj4cGyXVVGP3wX0
2026-09-05T07:30:01.152Z [cd8fb2bb-eb56-45ff-98f8-4e240fa081b1][bb1fc585-f087-407a-b043-49c06e320521] Downloaded 3/4: winai_2026-09-05T07-30-00_03.jpg
2026-09-05T07:30:01.152Z [cd8fb2bb-eb56-45ff-98f8-4e240fa081b1][bb1fc585-f087-407a-b043-49c06e320521] Item 4: Downloading from URL https://flow-content.google/image/57510499-d719-461f-b3e7-4a31dda235c0?Expires=1788614944&KeyName=labs-flow-prod-cdn-key&Signature=bfEvmK0PghxMkW1w7IPfSyMFnjU
2026-09-05T07:30:01.221Z [cd8fb2bb-eb56-45ff-98f8-4e240fa081b1][bb1fc585-f087-407a-b043-49c06e320521] Downloaded 4/4: winai_2026-09-05T07-30-00_04.jpg
2026-09-05T07:30:01.222Z [cd8fb2bb-eb56-45ff-98f8-4e240fa081b1][bb1fc585-f087-407a-b043-49c06e320521] ✅ 4 item(s) saved to Downloads/Win AI Toolkit/
2026-09-05T07:30:01.494Z [cd8fb2bb-eb56-45ff-98f8-4e240fa081b1][bb1fc585-f087-407a-b043-49c06e320521] Item 4: Uploaded → https://studio.xanhmedia.vn/uploads/2026-09/1788593401193_ab7a52_bb1fc585-f087-407a-b043-49c06e320521_cd8.jpg
2026-09-05T07:30:01.533Z [cd8fb2bb-eb56-45ff-98f8-4e240fa081b1][bb1fc585-f087-407a-b043-49c06e320521] Item 1: Uploaded → https://studio.xanhmedia.vn/uploads/2026-09/1788593401224_090bb7_bb1fc585-f087-407a-b043-49c06e320521_cd8.jpg
2026-09-05T07:30:01.582Z [cd8fb2bb-eb56-45ff-98f8-4e240fa081b1][bb1fc585-f087-407a-b043-49c06e320521] Item 3: Uploaded → https://studio.xanhmedia.vn/uploads/2026-09/1788593401267_7725f9_bb1fc585-f087-407a-b043-49c06e320521_cd8.jpg
2026-09-05T07:30:01.670Z [e929e47b-973f-4768-9f47-2240e836cc83][bb1fc585-f087-407a-b043-49c06e320521] Generating... 3 ready, 0 failed / 4 total (142s)
2026-09-05T07:30:01.682Z [cd8fb2bb-eb56-45ff-98f8-4e240fa081b1][bb1fc585-f087-407a-b043-49c06e320521] Item 2: Uploaded → https://studio.xanhmedia.vn/uploads/2026-09/1788593401372_78a65c_bb1fc585-f087-407a-b043-49c06e320521_cd8.jpg
2026-09-05T07:30:01.684Z [cd8fb2bb-eb56-45ff-98f8-4e240fa081b1][bb1fc585-f087-407a-b043-49c06e320521] All done (including any 1080p upgrades). Closing Playwright browser context.
2026-09-05T07:30:01.774Z [bf8c9b10-87a3-4bb3-94f4-b2a4126fed7e][bb1fc585-f087-407a-b043-49c06e320521] runGeneration starting: task_id=bf8c9b10-87a3-4bb3-94f4-b2a4126fed7e, profile_id=bb1fc585-f087-407a-b043-49c06e320521, target_site=google_flow
2026-09-05T07:30:01.775Z [bf8c9b10-87a3-4bb3-94f4-b2a4126fed7e][bb1fc585-f087-407a-b043-49c06e320521] Opening Playwright browser with persistent profile cookies...
2026-09-05T07:30:01.776Z [bf8c9b10-87a3-4bb3-94f4-b2a4126fed7e][bb1fc585-f087-407a-b043-49c06e320521] Browser engine: winhide (C:\Users\Admin\AppData\Roaming\com.tank.winai\winhide\chrome.exe) [hidden off-screen]
2026-09-05T07:30:01.777Z [bf8c9b10-87a3-4bb3-94f4-b2a4126fed7e][bb1fc585-f087-407a-b043-49c06e320521] Launch mode: STEALTH (raw spawn + connectOverCDP)
2026-09-05T07:30:03.902Z [bf8c9b10-87a3-4bb3-94f4-b2a4126fed7e][bb1fc585-f087-407a-b043-49c06e320521] Exit IP: 115.74.128.9
2026-09-05T07:30:03.902Z [bf8c9b10-87a3-4bb3-94f4-b2a4126fed7e][bb1fc585-f087-407a-b043-49c06e320521] Navigating browser to Google Flow tools page...
2026-09-05T07:30:03.903Z [bf8c9b10-87a3-4bb3-94f4-b2a4126fed7e][bb1fc585-f087-407a-b043-49c06e320521] Using existing project URL: https://flow.google.com/project/33ca2cc2-c9ff-4bb6-9048-2a7af1dfcfee?hl=en
2026-09-05T07:30:03.972Z [180bc528-9515-47fa-8abe-55d39198ab92][bb1fc585-f087-407a-b043-49c06e320521] Composer ready ✓ (UI language: en)
2026-09-05T07:30:04.007Z [180bc528-9515-47fa-8abe-55d39198ab92][bb1fc585-f087-407a-b043-49c06e320521] dismissPopups: unresolved overlay(s) ["DIV[]|btns=","DIV[]|btns="]
2026-09-05T07:30:04.049Z [180bc528-9515-47fa-8abe-55d39198ab92][bb1fc585-f087-407a-b043-49c06e320521] Agent toggle aria-pressed=false
2026-09-05T07:30:04.049Z [180bc528-9515-47fa-8abe-55d39198ab92][bb1fc585-f087-407a-b043-49c06e320521] Opening settings...
2026-09-05T07:30:04.689Z [e929e47b-973f-4768-9f47-2240e836cc83][bb1fc585-f087-407a-b043-49c06e320521] Generating... 3 ready, 0 failed / 4 total (145s)
2026-09-05T07:30:05.883Z [bf8c9b10-87a3-4bb3-94f4-b2a4126fed7e][bb1fc585-f087-407a-b043-49c06e320521] Waiting for Google Flow...
2026-09-05T07:30:06.300Z [180bc528-9515-47fa-8abe-55d39198ab92][bb1fc585-f087-407a-b043-49c06e320521] Configuring image settings...
2026-09-05T07:30:07.416Z [bf8c9b10-87a3-4bb3-94f4-b2a4126fed7e][bb1fc585-f087-407a-b043-49c06e320521] In existing project ✓
2026-09-05T07:30:07.704Z [e929e47b-973f-4768-9f47-2240e836cc83][bb1fc585-f087-407a-b043-49c06e320521] Generating... 3 ready, 0 failed / 4 total (148s)
2026-09-05T07:30:08.043Z [180bc528-9515-47fa-8abe-55d39198ab92][bb1fc585-f087-407a-b043-49c06e320521] Mode: selected "image Image" ✓
2026-09-05T07:30:08.602Z [bf8c9b10-87a3-4bb3-94f4-b2a4126fed7e][bb1fc585-f087-407a-b043-49c06e320521] dismissPopups: unresolved overlay(s) ["IFRAME[presentation]|btns="]
2026-09-05T07:30:10.630Z [277492c4-1bab-40e2-8b42-55c218744331][bb1fc585-f087-407a-b043-49c06e320521] Prompt insert attempt 1: editor has 2163 chars (want ~2209) ✓
2026-09-05T07:30:10.730Z [e929e47b-973f-4768-9f47-2240e836cc83][bb1fc585-f087-407a-b043-49c06e320521] Generating... 3 ready, 0 failed / 4 total (151s)
2026-09-05T07:30:11.781Z [bf8c9b10-87a3-4bb3-94f4-b2a4126fed7e][bb1fc585-f087-407a-b043-49c06e320521] Composer ready ✓ (UI language: en)
2026-09-05T07:30:11.873Z [bf8c9b10-87a3-4bb3-94f4-b2a4126fed7e][bb1fc585-f087-407a-b043-49c06e320521] dismissPopups: unresolved overlay(s) ["DIV[]|btns=","DIV[]|btns="]
2026-09-05T07:30:11.911Z [bf8c9b10-87a3-4bb3-94f4-b2a4126fed7e][bb1fc585-f087-407a-b043-49c06e320521] Agent toggle aria-pressed=false
2026-09-05T07:30:11.912Z [bf8c9b10-87a3-4bb3-94f4-b2a4126fed7e][bb1fc585-f087-407a-b043-49c06e320521] Opening settings...
2026-09-05T07:30:12.560Z [277492c4-1bab-40e2-8b42-55c218744331][bb1fc585-f087-407a-b043-49c06e320521] Baseline: 47 pre-existing media tile(s) of 48 mounted (kinds: image,image,image,image,image,image,image,image,image,image,image,image,image,image,image,image,image,image,image,image,image,image,image,image,image,image,image,image,image,image,image,image,image,image,image,image,image,video,video,image,image,video,video,image,video,video,image,video).
2026-09-05T07:30:13.076Z [180bc528-9515-47fa-8abe-55d39198ab92][bb1fc585-f087-407a-b043-49c06e320521] Model: selected "🍌 Nano Banana 2" ✓
2026-09-05T07:30:13.636Z [180bc528-9515-47fa-8abe-55d39198ab92][bb1fc585-f087-407a-b043-49c06e320521] Aspect ratio: "crop_16_9 16:9" already selected ✓
2026-09-05T07:30:13.742Z [e929e47b-973f-4768-9f47-2240e836cc83][bb1fc585-f087-407a-b043-49c06e320521] Generating... 3 ready, 0 failed / 4 total (154s)
2026-09-05T07:30:14.026Z [bf8c9b10-87a3-4bb3-94f4-b2a4126fed7e][bb1fc585-f087-407a-b043-49c06e320521] Configuring image settings...
2026-09-05T07:30:14.711Z [277492c4-1bab-40e2-8b42-55c218744331][bb1fc585-f087-407a-b043-49c06e320521] [submit] confirmed (editor "What do you want to ", fresh tile=true).
2026-09-05T07:30:15.293Z [277492c4-1bab-40e2-8b42-55c218744331][bb1fc585-f087-407a-b043-49c06e320521] Current Workspace project URL: https://flow.google.com/project/c2a607c5-d833-4be1-8108-407b74d4ed85?hl=en
2026-09-05T07:30:15.293Z [277492c4-1bab-40e2-8b42-55c218744331][bb1fc585-f087-407a-b043-49c06e320521] Submitted ✓ Detecting batch size...
2026-09-05T07:30:15.305Z [277492c4-1bab-40e2-8b42-55c218744331][bb1fc585-f087-407a-b043-49c06e320521] New tile(s) since submit: 0 → 5 (mounted=47)
2026-09-05T07:30:15.374Z [180bc528-9515-47fa-8abe-55d39198ab92][bb1fc585-f087-407a-b043-49c06e320521] Output count: selected "x4" ✓
2026-09-05T07:30:15.753Z [bf8c9b10-87a3-4bb3-94f4-b2a4126fed7e][bb1fc585-f087-407a-b043-49c06e320521] Mode: selected "image Image" ✓
2026-09-05T07:30:16.252Z [180bc528-9515-47fa-8abe-55d39198ab92][bb1fc585-f087-407a-b043-49c06e320521] Ref image 1/7: downloading from URL...
2026-09-05T07:30:16.438Z [180bc528-9515-47fa-8abe-55d39198ab92][bb1fc585-f087-407a-b043-49c06e320521] Downloader: no-proxy request context ready.
2026-09-05T07:30:16.763Z [e929e47b-973f-4768-9f47-2240e836cc83][bb1fc585-f087-407a-b043-49c06e320521] Generating... 3 ready, 0 failed / 4 total (157s)
2026-09-05T07:30:17.267Z [180bc528-9515-47fa-8abe-55d39198ab92][bb1fc585-f087-407a-b043-49c06e320521] Ref image 1/7: saved 468314 bytes (image/jpeg) as "Arlo Water Park Day.jpeg"
2026-09-05T07:30:17.271Z [180bc528-9515-47fa-8abe-55d39198ab92][bb1fc585-f087-407a-b043-49c06e320521] Ref image 1/7: attaching reference image...
2026-09-05T07:30:19.472Z [277492c4-1bab-40e2-8b42-55c218744331][bb1fc585-f087-407a-b043-49c06e320521] Batch size stabilised at 5 new tile(s)
2026-09-05T07:30:19.473Z [277492c4-1bab-40e2-8b42-55c218744331][bb1fc585-f087-407a-b043-49c06e320521] Batch detected: 4 item(s). Generating...
2026-09-05T07:30:19.473Z [277492c4-1bab-40e2-8b42-55c218744331][bb1fc585-f087-407a-b043-49c06e320521] Polling for 5 image item(s) (baseline=47, hasUpload=true)...
2026-09-05T07:30:19.486Z [277492c4-1bab-40e2-8b42-55c218744331][bb1fc585-f087-407a-b043-49c06e320521] Generating... 0 ready, 0 failed / 4 total (0s) image 38% [BỐI CẢNH] image 38% [BỐI CẢNH] image 38% [BỐI CẢNH] image 38% [BỐI CẢNH] image 100%
2026-09-05T07:30:19.557Z [180bc528-9515-47fa-8abe-55d39198ab92][bb1fc585-f087-407a-b043-49c06e320521] Ref image 1/7: reusing library asset "Arlo Water Park Day.jpeg" (no re-upload).
2026-09-05T07:30:19.776Z [e929e47b-973f-4768-9f47-2240e836cc83][bb1fc585-f087-407a-b043-49c06e320521] Generating... 3 ready, 0 failed / 4 total (160s)
2026-09-05T07:30:20.503Z [bf8c9b10-87a3-4bb3-94f4-b2a4126fed7e][bb1fc585-f087-407a-b043-49c06e320521] Model: selected "🍌 Nano Banana 2" ✓
2026-09-05T07:30:21.174Z [bf8c9b10-87a3-4bb3-94f4-b2a4126fed7e][bb1fc585-f087-407a-b043-49c06e320521] Aspect ratio: "crop_16_9 16:9" already selected ✓
2026-09-05T07:30:22.503Z [277492c4-1bab-40e2-8b42-55c218744331][bb1fc585-f087-407a-b043-49c06e320521] Generating... 0 ready, 0 failed / 4 total (3s) image 58% [BỐI CẢNH] image 58% [BỐI CẢNH] image 58% [BỐI CẢNH] image 58% [BỐI CẢNH]
2026-09-05T07:30:22.741Z [bf8c9b10-87a3-4bb3-94f4-b2a4126fed7e][bb1fc585-f087-407a-b043-49c06e320521] Output count: selected "x4" ✓
2026-09-05T07:30:22.799Z [e929e47b-973f-4768-9f47-2240e836cc83][bb1fc585-f087-407a-b043-49c06e320521] Generating... 3 ready, 0 failed / 4 total (163s)
2026-09-05T07:30:23.131Z [180bc528-9515-47fa-8abe-55d39198ab92][bb1fc585-f087-407a-b043-49c06e320521] Ref image 1/7: chips 0→1 ✓
2026-09-05T07:30:23.904Z [bf8c9b10-87a3-4bb3-94f4-b2a4126fed7e][bb1fc585-f087-407a-b043-49c06e320521] Ref image 1/7: downloading from URL...
2026-09-05T07:30:24.087Z [bf8c9b10-87a3-4bb3-94f4-b2a4126fed7e][bb1fc585-f087-407a-b043-49c06e320521] Downloader: no-proxy request context ready.
2026-09-05T07:30:24.134Z [180bc528-9515-47fa-8abe-55d39198ab92][bb1fc585-f087-407a-b043-49c06e320521] Ref image 2/7: downloading from URL...
2026-09-05T07:30:24.619Z [180bc528-9515-47fa-8abe-55d39198ab92][bb1fc585-f087-407a-b043-49c06e320521] Ref image 2/7: saved 628888 bytes (image/jpeg) as "Nessa Water Park Day.jpeg"
2026-09-05T07:30:24.623Z [180bc528-9515-47fa-8abe-55d39198ab92][bb1fc585-f087-407a-b043-49c06e320521] Ref image 2/7: attaching reference image...
2026-09-05T07:30:24.730Z [bf8c9b10-87a3-4bb3-94f4-b2a4126fed7e][bb1fc585-f087-407a-b043-49c06e320521] Ref image 1/7: saved 468314 bytes (image/jpeg) as "Arlo Water Park Day.jpeg"
2026-09-05T07:30:24.733Z [bf8c9b10-87a3-4bb3-94f4-b2a4126fed7e][bb1fc585-f087-407a-b043-49c06e320521] Ref image 1/7: attaching reference image...
2026-09-05T07:30:25.520Z [277492c4-1bab-40e2-8b42-55c218744331][bb1fc585-f087-407a-b043-49c06e320521] Generating... 1 ready, 0 failed / 4 total (6s) image 78% [BỐI CẢNH] image 78% [BỐI CẢNH] image 78% [BỐI CẢNH] image 78% [BỐI CẢNH]
2026-09-05T07:30:25.816Z [e929e47b-973f-4768-9f47-2240e836cc83][bb1fc585-f087-407a-b043-49c06e320521] Generating... 3 ready, 0 failed / 4 total (166s)
2026-09-05T07:30:26.562Z [180bc528-9515-47fa-8abe-55d39198ab92][bb1fc585-f087-407a-b043-49c06e320521] Ref image 2/7: reusing library asset "Nessa Water Park Day.jpeg" (no re-upload).
2026-09-05T07:30:26.749Z [bf8c9b10-87a3-4bb3-94f4-b2a4126fed7e][bb1fc585-f087-407a-b043-49c06e320521] Ref image 1/7: reusing library asset "Arlo Water Park Day.jpeg" (no re-upload).
2026-09-05T07:30:28.535Z [277492c4-1bab-40e2-8b42-55c218744331][bb1fc585-f087-407a-b043-49c06e320521] Generating... 1 ready, 0 failed / 4 total (9s) image 98% [BỐI CẢNH] image 98% [BỐI CẢNH] image 98% [BỐI CẢNH] image 98% [BỐI CẢNH]
2026-09-05T07:30:28.834Z [e929e47b-973f-4768-9f47-2240e836cc83][bb1fc585-f087-407a-b043-49c06e320521] Generating... 3 ready, 0 failed / 4 total (169s)
2026-09-05T07:30:29.702Z [180bc528-9515-47fa-8abe-55d39198ab92][bb1fc585-f087-407a-b043-49c06e320521] Ref image 2/7: chips 1→2 ✓
2026-09-05T07:30:30.047Z [bf8c9b10-87a3-4bb3-94f4-b2a4126fed7e][bb1fc585-f087-407a-b043-49c06e320521] Ref image 1/7: chips 0→1 ✓
2026-09-05T07:30:31.212Z [180bc528-9515-47fa-8abe-55d39198ab92][bb1fc585-f087-407a-b043-49c06e320521] Ref image 3/7: downloading from URL...
2026-09-05T07:30:31.314Z [bf8c9b10-87a3-4bb3-94f4-b2a4126fed7e][bb1fc585-f087-407a-b043-49c06e320521] Ref image 2/7: downloading from URL...
2026-09-05T07:30:31.551Z [277492c4-1bab-40e2-8b42-55c218744331][bb1fc585-f087-407a-b043-49c06e320521] Generating... 1 ready, 0 failed / 4 total (12s) image 99% [BỐI CẢNH] image 99% [BỐI CẢNH] image 99% [BỐI CẢNH] image 99% [BỐI CẢNH]
2026-09-05T07:30:31.700Z [180bc528-9515-47fa-8abe-55d39198ab92][bb1fc585-f087-407a-b043-49c06e320521] Ref image 3/7: saved 653843 bytes (image/jpeg) as "Graham Water Park Day.jpeg"
2026-09-05T07:30:31.704Z [180bc528-9515-47fa-8abe-55d39198ab92][bb1fc585-f087-407a-b043-49c06e320521] Ref image 3/7: attaching reference image...
2026-09-05T07:30:31.714Z [bf8c9b10-87a3-4bb3-94f4-b2a4126fed7e][bb1fc585-f087-407a-b043-49c06e320521] Ref image 2/7: saved 628888 bytes (image/jpeg) as "Nessa Water Park Day.jpeg"
2026-09-05T07:30:31.718Z [bf8c9b10-87a3-4bb3-94f4-b2a4126fed7e][bb1fc585-f087-407a-b043-49c06e320521] Ref image 2/7: attaching reference image...
2026-09-05T07:30:31.859Z [e929e47b-973f-4768-9f47-2240e836cc83][bb1fc585-f087-407a-b043-49c06e320521] Generating... 3 ready, 0 failed / 4 total (172s)
2026-09-05T07:30:33.507Z [bf8c9b10-87a3-4bb3-94f4-b2a4126fed7e][bb1fc585-f087-407a-b043-49c06e320521] Ref image 2/7: reusing library asset "Nessa Water Park Day.jpeg" (no re-upload).
2026-09-05T07:30:33.647Z [180bc528-9515-47fa-8abe-55d39198ab92][bb1fc585-f087-407a-b043-49c06e320521] Ref image 3/7: reusing library asset "Graham Water Park Day.jpeg" (no re-upload).
2026-09-05T07:30:34.564Z [277492c4-1bab-40e2-8b42-55c218744331][bb1fc585-f087-407a-b043-49c06e320521] Generating... 1 ready, 0 failed / 4 total (15s) image 99% [BỐI CẢNH] image 99% [BỐI CẢNH] image 99% [BỐI CẢNH] image 99% [BỐI CẢNH]
2026-09-05T07:30:34.879Z [e929e47b-973f-4768-9f47-2240e836cc83][bb1fc585-f087-407a-b043-49c06e320521] Generating... 3 ready, 0 failed / 4 total (175s)
2026-09-05T07:30:37.199Z [180bc528-9515-47fa-8abe-55d39198ab92][bb1fc585-f087-407a-b043-49c06e320521] Ref image 3/7: chips 2→3 ✓
2026-09-05T07:30:37.260Z [bf8c9b10-87a3-4bb3-94f4-b2a4126fed7e][bb1fc585-f087-407a-b043-49c06e320521] Ref image 2/7: chips 1→2 ✓
2026-09-05T07:30:37.585Z [277492c4-1bab-40e2-8b42-55c218744331][bb1fc585-f087-407a-b043-49c06e320521] Generating... 1 ready, 0 failed / 4 total (18s) image 99% [BỐI CẢNH] image 99% [BỐI CẢNH] image 99% [BỐI CẢNH] image 99% [BỐI CẢNH]
2026-09-05T07:30:37.902Z [e929e47b-973f-4768-9f47-2240e836cc83][bb1fc585-f087-407a-b043-49c06e320521] Generating... 3 ready, 0 failed / 4 total (178s)
2026-09-05T07:30:38.254Z [180bc528-9515-47fa-8abe-55d39198ab92][bb1fc585-f087-407a-b043-49c06e320521] Ref image 4/7: downloading from URL...
2026-09-05T07:30:38.628Z [180bc528-9515-47fa-8abe-55d39198ab92][bb1fc585-f087-407a-b043-49c06e320521] Ref image 4/7: saved 549605 bytes (image/jpeg) as "Elara Water Park Day.jpeg"
2026-09-05T07:30:38.632Z [180bc528-9515-47fa-8abe-55d39198ab92][bb1fc585-f087-407a-b043-49c06e320521] Ref image 4/7: attaching reference image...
2026-09-05T07:30:38.741Z [bf8c9b10-87a3-4bb3-94f4-b2a4126fed7e][bb1fc585-f087-407a-b043-49c06e320521] Ref image 3/7: downloading from URL...
2026-09-05T07:30:39.147Z [bf8c9b10-87a3-4bb3-94f4-b2a4126fed7e][bb1fc585-f087-407a-b043-49c06e320521] Ref image 3/7: saved 478546 bytes (image/jpeg) as "Verdant Water Park Three Child Extras.jpeg"
2026-09-05T07:30:39.150Z [bf8c9b10-87a3-4bb3-94f4-b2a4126fed7e][bb1fc585-f087-407a-b043-49c06e320521] Ref image 3/7: attaching reference image...
2026-09-05T07:30:40.603Z [277492c4-1bab-40e2-8b42-55c218744331][bb1fc585-f087-407a-b043-49c06e320521] Generating... 1 ready, 0 failed / 4 total (21s) image 99% [BỐI CẢNH] image 99% [BỐI CẢNH] image 99% [BỐI CẢNH] image 99% [BỐI CẢNH]
2026-09-05T07:30:40.904Z [e929e47b-973f-4768-9f47-2240e836cc83][bb1fc585-f087-407a-b043-49c06e320521] Poll ended with 3/4 ready — salvaging the completed item(s).
2026-09-05T07:30:40.905Z [e929e47b-973f-4768-9f47-2240e836cc83][bb1fc585-f087-407a-b043-49c06e320521] 3 item(s) ready! Downloading...
2026-09-05T07:30:40.906Z [e929e47b-973f-4768-9f47-2240e836cc83][bb1fc585-f087-407a-b043-49c06e320521] Item 1: Downloading from URL https://flow-content.google/image/3c496381-d9f4-4ffd-a73d-6724115c99b0?Expires=1788614856&KeyName=labs-flow-prod-cdn-key&Signature=UK99jCogbgMDDA-pW8X2p1RjRwk
2026-09-05T07:30:40.957Z [bf8c9b10-87a3-4bb3-94f4-b2a4126fed7e][bb1fc585-f087-407a-b043-49c06e320521] Ref image 3/7: "Verdant Water Park Three Child Extras.jpeg" not in the library yet — uploading it first.
2026-09-05T07:30:41.107Z [180bc528-9515-47fa-8abe-55d39198ab92][bb1fc585-f087-407a-b043-49c06e320521] Ref image 4/7: reusing library asset "Elara Water Park Day.jpeg" (no re-upload).
2026-09-05T07:30:41.273Z [e929e47b-973f-4768-9f47-2240e836cc83][bb1fc585-f087-407a-b043-49c06e320521] Downloaded 1/3: winai_2026-09-05T07-30-40_01.jpg
2026-09-05T07:30:41.274Z [e929e47b-973f-4768-9f47-2240e836cc83][bb1fc585-f087-407a-b043-49c06e320521] Item 2: Downloading from URL https://flow-content.google/image/6f4dbd0e-c54a-4ccc-af76-1c563a07f235?Expires=1788614854&KeyName=labs-flow-prod-cdn-key&Signature=m5jFm2y-EAWYJSJRx0uv_LDsWEg
2026-09-05T07:30:41.391Z [e929e47b-973f-4768-9f47-2240e836cc83][bb1fc585-f087-407a-b043-49c06e320521] Downloaded 2/3: winai_2026-09-05T07-30-40_02.jpg
2026-09-05T07:30:41.391Z [e929e47b-973f-4768-9f47-2240e836cc83][bb1fc585-f087-407a-b043-49c06e320521] Item 3: Downloading from URL https://flow-content.google/image/0bfdc391-7a4d-43d0-8b10-ef5aed18b573?Expires=1788614854&KeyName=labs-flow-prod-cdn-key&Signature=pkIsskOKMzTRRVGo8T-NmIXQb7s
2026-09-05T07:30:41.470Z [e929e47b-973f-4768-9f47-2240e836cc83][bb1fc585-f087-407a-b043-49c06e320521] Downloaded 3/3: winai_2026-09-05T07-30-40_03.jpg
2026-09-05T07:30:41.470Z [e929e47b-973f-4768-9f47-2240e836cc83][bb1fc585-f087-407a-b043-49c06e320521] ✅ 3 item(s) saved to Downloads/Win AI Toolkit/
2026-09-05T07:30:41.725Z [e929e47b-973f-4768-9f47-2240e836cc83][bb1fc585-f087-407a-b043-49c06e320521] Item 2: Uploaded → https://studio.xanhmedia.vn/uploads/2026-09/1788593441425_30b879_bb1fc585-f087-407a-b043-49c06e320521_e92.jpg
2026-09-05T07:30:41.739Z [e929e47b-973f-4768-9f47-2240e836cc83][bb1fc585-f087-407a-b043-49c06e320521] Item 3: Uploaded → https://studio.xanhmedia.vn/uploads/2026-09/1788593441436_8a2fd9_bb1fc585-f087-407a-b043-49c06e320521_e92.jpg
2026-09-05T07:30:41.772Z [e929e47b-973f-4768-9f47-2240e836cc83][bb1fc585-f087-407a-b043-49c06e320521] Item 1: Uploaded → https://studio.xanhmedia.vn/uploads/2026-09/1788593441463_3dde7e_bb1fc585-f087-407a-b043-49c06e320521_e92.jpg
2026-09-05T07:30:41.773Z [e929e47b-973f-4768-9f47-2240e836cc83][bb1fc585-f087-407a-b043-49c06e320521] All done (including any 1080p upgrades). Closing Playwright browser context.
2026-09-05T07:30:42.494Z [bc1a5e3d-eb0b-406d-91cb-018824cde91a][bb1fc585-f087-407a-b043-49c06e320521] runGeneration starting: task_id=bc1a5e3d-eb0b-406d-91cb-018824cde91a, profile_id=bb1fc585-f087-407a-b043-49c06e320521, target_site=google_flow
2026-09-05T07:30:42.495Z [bc1a5e3d-eb0b-406d-91cb-018824cde91a][bb1fc585-f087-407a-b043-49c06e320521] Opening Playwright browser with persistent profile cookies...
2026-09-05T07:30:42.495Z [bc1a5e3d-eb0b-406d-91cb-018824cde91a][bb1fc585-f087-407a-b043-49c06e320521] Browser engine: winhide (C:\Users\Admin\AppData\Roaming\com.tank.winai\winhide\chrome.exe) [hidden off-screen]
2026-09-05T07:30:42.496Z [bc1a5e3d-eb0b-406d-91cb-018824cde91a][bb1fc585-f087-407a-b043-49c06e320521] Launch mode: STEALTH (raw spawn + connectOverCDP)
2026-09-05T07:30:43.620Z [277492c4-1bab-40e2-8b42-55c218744331][bb1fc585-f087-407a-b043-49c06e320521] Generating... 1 ready, 0 failed / 4 total (24s) image 99% [BỐI CẢNH] image 99% [BỐI CẢNH] image 99% [BỐI CẢNH] image 99% [BỐI CẢNH]
2026-09-05T07:30:43.944Z [bc1a5e3d-eb0b-406d-91cb-018824cde91a][bb1fc585-f087-407a-b043-49c06e320521] Exit IP: 115.74.128.9
2026-09-05T07:30:43.944Z [bc1a5e3d-eb0b-406d-91cb-018824cde91a][bb1fc585-f087-407a-b043-49c06e320521] Navigating browser to Google Flow tools page...
2026-09-05T07:30:43.945Z [bc1a5e3d-eb0b-406d-91cb-018824cde91a][bb1fc585-f087-407a-b043-49c06e320521] Using existing project URL: https://flow.google.com/project/cd81a7d3-c989-419e-891a-f8694174cb85?hl=en
2026-09-05T07:30:44.515Z [180bc528-9515-47fa-8abe-55d39198ab92][bb1fc585-f087-407a-b043-49c06e320521] Ref image 4/7: chips 3→4 ✓
2026-09-05T07:30:44.701Z [bf8c9b10-87a3-4bb3-94f4-b2a4126fed7e][bb1fc585-f087-407a-b043-49c06e320521] Ref image 3/7: uploading "Verdant Water Park Three Child Extras.jpeg" to the project library...
2026-09-05T07:30:44.759Z [bc1a5e3d-eb0b-406d-91cb-018824cde91a][bb1fc585-f087-407a-b043-49c06e320521] Waiting for Google Flow...
2026-09-05T07:30:45.954Z [bf8c9b10-87a3-4bb3-94f4-b2a4126fed7e][bb1fc585-f087-407a-b043-49c06e320521] Ref image 3/7: upload finished ✓
2026-09-05T07:30:46.133Z [180bc528-9515-47fa-8abe-55d39198ab92][bb1fc585-f087-407a-b043-49c06e320521] Ref image 5/7: downloading from URL...
2026-09-05T07:30:46.487Z [180bc528-9515-47fa-8abe-55d39198ab92][bb1fc585-f087-407a-b043-49c06e320521] Ref image 5/7: saved 478546 bytes (image/jpeg) as "Verdant Water Park Three Child Extras.jpeg"
2026-09-05T07:30:46.492Z [180bc528-9515-47fa-8abe-55d39198ab92][bb1fc585-f087-407a-b043-49c06e320521] Ref image 5/7: attaching reference image...
2026-09-05T07:30:46.644Z [277492c4-1bab-40e2-8b42-55c218744331][bb1fc585-f087-407a-b043-49c06e320521] Generating... 1 ready, 0 failed / 4 total (27s) image 99% [BỐI CẢNH] image 99% [BỐI CẢNH] image 99% [BỐI CẢNH] image 99% [BỐI CẢNH]
2026-09-05T07:30:46.997Z [bc1a5e3d-eb0b-406d-91cb-018824cde91a][bb1fc585-f087-407a-b043-49c06e320521] In existing project ✓
2026-09-05T07:30:48.117Z [bc1a5e3d-eb0b-406d-91cb-018824cde91a][bb1fc585-f087-407a-b043-49c06e320521] dismissPopups: unresolved overlay(s) ["IFRAME[presentation]|btns="]
2026-09-05T07:30:48.513Z [180bc528-9515-47fa-8abe-55d39198ab92][bb1fc585-f087-407a-b043-49c06e320521] Ref image 5/7: "Verdant Water Park Three Child Extras.jpeg" not in the library yet — uploading it first.
2026-09-05T07:30:49.668Z [277492c4-1bab-40e2-8b42-55c218744331][bb1fc585-f087-407a-b043-49c06e320521] Generating... 1 ready, 0 failed / 4 total (30s) [BỐI CẢNH]Verdant Fa image 99% [BỐI CẢNH] image 99% [BỐI CẢNH] image 99% [BỐI CẢNH]
2026-09-05T07:30:50.999Z [bc1a5e3d-eb0b-406d-91cb-018824cde91a][bb1fc585-f087-407a-b043-49c06e320521] Composer ready ✓ (UI language: en)
2026-09-05T07:30:51.089Z [bc1a5e3d-eb0b-406d-91cb-018824cde91a][bb1fc585-f087-407a-b043-49c06e320521] dismissPopups: unresolved overlay(s) ["DIV[]|btns=","DIV[]|btns="]
2026-09-05T07:30:51.150Z [bc1a5e3d-eb0b-406d-91cb-018824cde91a][bb1fc585-f087-407a-b043-49c06e320521] Agent toggle aria-pressed=false
2026-09-05T07:30:51.151Z [bc1a5e3d-eb0b-406d-91cb-018824cde91a][bb1fc585-f087-407a-b043-49c06e320521] Opening settings...
2026-09-05T07:30:52.687Z [277492c4-1bab-40e2-8b42-55c218744331][bb1fc585-f087-407a-b043-49c06e320521] Generating... 2 ready, 0 failed / 4 total (33s) image 99% [BỐI CẢNH] image 99% [BỐI CẢNH] [BỐI CẢNH]Verdant Fa
2026-09-05T07:30:52.724Z [180bc528-9515-47fa-8abe-55d39198ab92][bb1fc585-f087-407a-b043-49c06e320521] Ref image 5/7: uploading "Verdant Water Park Three Child Extras.jpeg" to the project library...
2026-09-05T07:30:52.777Z [bc1a5e3d-eb0b-406d-91cb-018824cde91a][bb1fc585-f087-407a-b043-49c06e320521] Configuring image settings...
2026-09-05T07:30:53.674Z [180bc528-9515-47fa-8abe-55d39198ab92][bb1fc585-f087-407a-b043-49c06e320521] Ref image 5/7: upload finished ✓
2026-09-05T07:30:54.407Z [bc1a5e3d-eb0b-406d-91cb-018824cde91a][bb1fc585-f087-407a-b043-49c06e320521] Mode: selected "image Image" ✓
2026-09-05T07:30:55.709Z [277492c4-1bab-40e2-8b42-55c218744331][bb1fc585-f087-407a-b043-49c06e320521] Generating... 3 ready, 0 failed / 4 total (36s) [BỐI CẢNH]Verdant Fa image 99% [BỐI CẢNH]
2026-09-05T07:30:56.646Z [bf8c9b10-87a3-4bb3-94f4-b2a4126fed7e][bb1fc585-f087-407a-b043-49c06e320521] Ref image 3/7: chips 2→3 ✓
2026-09-05T07:30:58.253Z [bf8c9b10-87a3-4bb3-94f4-b2a4126fed7e][bb1fc585-f087-407a-b043-49c06e320521] Ref image 4/7: downloading from URL...
2026-09-05T07:30:58.724Z [277492c4-1bab-40e2-8b42-55c218744331][bb1fc585-f087-407a-b043-49c06e320521] Generating... 4 ready, 0 failed / 4 total (39s) [BỐI CẢNH]Verdant Fa
2026-09-05T07:30:58.725Z [277492c4-1bab-40e2-8b42-55c218744331][bb1fc585-f087-407a-b043-49c06e320521] Batch done: 4 ready (target 4), 0 failed, scanned 5.
2026-09-05T07:30:58.726Z [277492c4-1bab-40e2-8b42-55c218744331][bb1fc585-f087-407a-b043-49c06e320521] 4 item(s) ready! Downloading...
2026-09-05T07:30:58.728Z [277492c4-1bab-40e2-8b42-55c218744331][bb1fc585-f087-407a-b043-49c06e320521] Item 1: Downloading from URL https://flow-content.google/image/79303d28-8b67-4c9c-9bdb-8fdab649ad1e?Expires=1788615016&KeyName=labs-flow-prod-cdn-key&Signature=vNdrKCTehBVNTdC-OqaZW0CQZXc
2026-09-05T07:30:59.087Z [277492c4-1bab-40e2-8b42-55c218744331][bb1fc585-f087-407a-b043-49c06e320521] Downloaded 1/4: winai_2026-09-05T07-30-58_01.jpg
2026-09-05T07:30:59.088Z [277492c4-1bab-40e2-8b42-55c218744331][bb1fc585-f087-407a-b043-49c06e320521] Item 2: Downloading from URL https://flow-content.google/image/79d6ee91-7ba7-402b-b417-8edd76e0677d?Expires=1788615015&KeyName=labs-flow-prod-cdn-key&Signature=JrLdIJ1BTAEHWsX9CUXnkvt0tYg
2026-09-05T07:30:59.174Z [277492c4-1bab-40e2-8b42-55c218744331][bb1fc585-f087-407a-b043-49c06e320521] Downloaded 2/4: winai_2026-09-05T07-30-58_02.jpg
2026-09-05T07:30:59.174Z [277492c4-1bab-40e2-8b42-55c218744331][bb1fc585-f087-407a-b043-49c06e320521] Item 3: Downloading from URL https://flow-content.google/image/c8ebf411-1f15-4992-989c-a152c4f66d82?Expires=1788615014&KeyName=labs-flow-prod-cdn-key&Signature=MzmJc8ruzHnT-Z1fTj89QZsOrXY
2026-09-05T07:30:59.262Z [277492c4-1bab-40e2-8b42-55c218744331][bb1fc585-f087-407a-b043-49c06e320521] Downloaded 3/4: winai_2026-09-05T07-30-58_03.jpg
2026-09-05T07:30:59.263Z [277492c4-1bab-40e2-8b42-55c218744331][bb1fc585-f087-407a-b043-49c06e320521] Item 4: Downloading from URL https://flow-content.google/image/d586a85b-b4c9-4718-ae81-c94d347d21ab?Expires=1788615018&KeyName=labs-flow-prod-cdn-key&Signature=bFhPDWWXiLIzOqVibeXw6VcvS3k
2026-09-05T07:30:59.336Z [277492c4-1bab-40e2-8b42-55c218744331][bb1fc585-f087-407a-b043-49c06e320521] Downloaded 4/4: winai_2026-09-05T07-30-58_04.jpg
2026-09-05T07:30:59.337Z [277492c4-1bab-40e2-8b42-55c218744331][bb1fc585-f087-407a-b043-49c06e320521] ✅ 4 item(s) saved to Downloads/Win AI Toolkit/
2026-09-05T07:30:59.656Z [277492c4-1bab-40e2-8b42-55c218744331][bb1fc585-f087-407a-b043-49c06e320521] Item 2: Uploaded → https://studio.xanhmedia.vn/uploads/2026-09/1788593459347_92fc9d_bb1fc585-f087-407a-b043-49c06e320521_277.jpg
2026-09-05T07:30:59.685Z [bc1a5e3d-eb0b-406d-91cb-018824cde91a][bb1fc585-f087-407a-b043-49c06e320521] Model: selected "🍌 Nano Banana 2" ✓
2026-09-05T07:30:59.690Z [277492c4-1bab-40e2-8b42-55c218744331][bb1fc585-f087-407a-b043-49c06e320521] Item 3: Uploaded → https://studio.xanhmedia.vn/uploads/2026-09/1788593459384_69aeac_bb1fc585-f087-407a-b043-49c06e320521_277.jpg
2026-09-05T07:30:59.746Z [277492c4-1bab-40e2-8b42-55c218744331][bb1fc585-f087-407a-b043-49c06e320521] Item 4: Uploaded → https://studio.xanhmedia.vn/uploads/2026-09/1788593459436_dc769a_bb1fc585-f087-407a-b043-49c06e320521_277.jpg
2026-09-05T07:30:59.820Z [277492c4-1bab-40e2-8b42-55c218744331][bb1fc585-f087-407a-b043-49c06e320521] Item 1: Uploaded → https://studio.xanhmedia.vn/uploads/2026-09/1788593459511_f12d5d_bb1fc585-f087-407a-b043-49c06e320521_277.jpg
2026-09-05T07:30:59.821Z [277492c4-1bab-40e2-8b42-55c218744331][bb1fc585-f087-407a-b043-49c06e320521] All done (including any 1080p upgrades). Closing Playwright browser context.
2026-09-05T07:31:00.289Z [87862fff-0ba3-493e-95ed-dd990ce200f7][bb1fc585-f087-407a-b043-49c06e320521] runGeneration starting: task_id=87862fff-0ba3-493e-95ed-dd990ce200f7, profile_id=bb1fc585-f087-407a-b043-49c06e320521, target_site=google_flow
2026-09-05T07:31:00.290Z [87862fff-0ba3-493e-95ed-dd990ce200f7][bb1fc585-f087-407a-b043-49c06e320521] Opening Playwright browser with persistent profile cookies...
2026-09-05T07:31:00.291Z [87862fff-0ba3-493e-95ed-dd990ce200f7][bb1fc585-f087-407a-b043-49c06e320521] Browser engine: winhide (C:\Users\Admin\AppData\Roaming\com.tank.winai\winhide\chrome.exe) [hidden off-screen]
2026-09-05T07:31:00.291Z [87862fff-0ba3-493e-95ed-dd990ce200f7][bb1fc585-f087-407a-b043-49c06e320521] Launch mode: STEALTH (raw spawn + connectOverCDP)
2026-09-05T07:31:00.414Z [bc1a5e3d-eb0b-406d-91cb-018824cde91a][bb1fc585-f087-407a-b043-49c06e320521] Aspect ratio: "crop_16_9 16:9" already selected ✓
2026-09-05T07:31:01.807Z [87862fff-0ba3-493e-95ed-dd990ce200f7][bb1fc585-f087-407a-b043-49c06e320521] Exit IP: 115.74.128.9
2026-09-05T07:31:01.807Z [87862fff-0ba3-493e-95ed-dd990ce200f7][bb1fc585-f087-407a-b043-49c06e320521] Navigating browser to Google Flow tools page...
2026-09-05T07:31:01.808Z [87862fff-0ba3-493e-95ed-dd990ce200f7][bb1fc585-f087-407a-b043-49c06e320521] Using existing project URL: https://flow.google.com/project/c2a607c5-d833-4be1-8108-407b74d4ed85?hl=en
2026-09-05T07:31:02.078Z [bc1a5e3d-eb0b-406d-91cb-018824cde91a][bb1fc585-f087-407a-b043-49c06e320521] Output count: selected "x4" ✓
2026-09-05T07:31:02.227Z [bf8c9b10-87a3-4bb3-94f4-b2a4126fed7e][bb1fc585-f087-407a-b043-49c06e320521] Ref image 4/7: saved 653843 bytes (image/jpeg) as "Graham Water Park Day.jpeg"
2026-09-05T07:31:02.232Z [bf8c9b10-87a3-4bb3-94f4-b2a4126fed7e][bb1fc585-f087-407a-b043-49c06e320521] Ref image 4/7: attaching reference image...
2026-09-05T07:31:02.673Z [87862fff-0ba3-493e-95ed-dd990ce200f7][bb1fc585-f087-407a-b043-49c06e320521] Waiting for Google Flow...
2026-09-05T07:31:03.086Z [bc1a5e3d-eb0b-406d-91cb-018824cde91a][bb1fc585-f087-407a-b043-49c06e320521] Ref image 1/4: downloading from URL...
2026-09-05T07:31:03.286Z [bc1a5e3d-eb0b-406d-91cb-018824cde91a][bb1fc585-f087-407a-b043-49c06e320521] Downloader: no-proxy request context ready.
2026-09-05T07:31:03.393Z [180bc528-9515-47fa-8abe-55d39198ab92][bb1fc585-f087-407a-b043-49c06e320521] Ref image 5/7: chips 4→5 ✓
2026-09-05T07:31:03.859Z [bf8c9b10-87a3-4bb3-94f4-b2a4126fed7e][bb1fc585-f087-407a-b043-49c06e320521] Ref image 4/7: reusing library asset "Graham Water Park Day.jpeg" (no re-upload).
2026-09-05T07:31:04.208Z [bc1a5e3d-eb0b-406d-91cb-018824cde91a][bb1fc585-f087-407a-b043-49c06e320521] Ref image 1/4: saved 468314 bytes (image/jpeg) as "Arlo Water Park Day.jpeg"
2026-09-05T07:31:04.213Z [bc1a5e3d-eb0b-406d-91cb-018824cde91a][bb1fc585-f087-407a-b043-49c06e320521] Ref image 1/4: attaching reference image...
2026-09-05T07:31:04.642Z [87862fff-0ba3-493e-95ed-dd990ce200f7][bb1fc585-f087-407a-b043-49c06e320521] In existing project ✓
2026-09-05T07:31:04.959Z [180bc528-9515-47fa-8abe-55d39198ab92][bb1fc585-f087-407a-b043-49c06e320521] Ref image 6/7: downloading from URL...
2026-09-05T07:31:05.302Z [180bc528-9515-47fa-8abe-55d39198ab92][bb1fc585-f087-407a-b043-49c06e320521] Ref image 6/7: saved 289545 bytes (image/jpeg) as "Graham Family Smartphone.jpeg"
2026-09-05T07:31:05.314Z [180bc528-9515-47fa-8abe-55d39198ab92][bb1fc585-f087-407a-b043-49c06e320521] Ref image 6/7: attaching reference image...
2026-09-05T07:31:05.771Z [87862fff-0ba3-493e-95ed-dd990ce200f7][bb1fc585-f087-407a-b043-49c06e320521] dismissPopups: unresolved overlay(s) ["IFRAME[presentation]|btns="]
2026-09-05T07:31:06.306Z [bc1a5e3d-eb0b-406d-91cb-018824cde91a][bb1fc585-f087-407a-b043-49c06e320521] Ref image 1/4: reusing library asset "Arlo Water Park Day.jpeg" (no re-upload).
2026-09-05T07:31:07.073Z [bf8c9b10-87a3-4bb3-94f4-b2a4126fed7e][bb1fc585-f087-407a-b043-49c06e320521] Ref image 4/7: chips 3→4 ✓
2026-09-05T07:31:07.494Z [180bc528-9515-47fa-8abe-55d39198ab92][bb1fc585-f087-407a-b043-49c06e320521] Ref image 6/7: reusing library asset "Graham Family Smartphone.jpeg" (no re-upload).
2026-09-05T07:31:08.200Z [bf8c9b10-87a3-4bb3-94f4-b2a4126fed7e][bb1fc585-f087-407a-b043-49c06e320521] Ref image 5/7: downloading from URL...
2026-09-05T07:31:08.482Z [87862fff-0ba3-493e-95ed-dd990ce200f7][bb1fc585-f087-407a-b043-49c06e320521] Composer ready ✓ (UI language: en)
2026-09-05T07:31:08.505Z [87862fff-0ba3-493e-95ed-dd990ce200f7][bb1fc585-f087-407a-b043-49c06e320521] dismissPopups: unresolved overlay(s) ["DIV[]|btns=","DIV[]|btns="]
2026-09-05T07:31:08.581Z [87862fff-0ba3-493e-95ed-dd990ce200f7][bb1fc585-f087-407a-b043-49c06e320521] Agent toggle aria-pressed=false
2026-09-05T07:31:08.581Z [87862fff-0ba3-493e-95ed-dd990ce200f7][bb1fc585-f087-407a-b043-49c06e320521] Opening settings...
2026-09-05T07:31:08.671Z [bf8c9b10-87a3-4bb3-94f4-b2a4126fed7e][bb1fc585-f087-407a-b043-49c06e320521] Ref image 5/7: saved 549605 bytes (image/jpeg) as "Elara Water Park Day.jpeg"
2026-09-05T07:31:08.678Z [bf8c9b10-87a3-4bb3-94f4-b2a4126fed7e][bb1fc585-f087-407a-b043-49c06e320521] Ref image 5/7: attaching reference image...
2026-09-05T07:31:09.518Z [bc1a5e3d-eb0b-406d-91cb-018824cde91a][bb1fc585-f087-407a-b043-49c06e320521] Ref image 1/4: chips 0→1 ✓
2026-09-05T07:31:10.537Z [87862fff-0ba3-493e-95ed-dd990ce200f7][bb1fc585-f087-407a-b043-49c06e320521] Configuring image settings...
2026-09-05T07:31:10.714Z [bf8c9b10-87a3-4bb3-94f4-b2a4126fed7e][bb1fc585-f087-407a-b043-49c06e320521] Ref image 5/7: reusing library asset "Elara Water Park Day.jpeg" (no re-upload).
2026-09-05T07:31:10.767Z [bc1a5e3d-eb0b-406d-91cb-018824cde91a][bb1fc585-f087-407a-b043-49c06e320521] Ref image 2/4: downloading from URL...
2026-09-05T07:31:11.335Z [180bc528-9515-47fa-8abe-55d39198ab92][bb1fc585-f087-407a-b043-49c06e320521] Ref image 6/7: chips 5→6 ✓
2026-09-05T07:31:11.344Z [bc1a5e3d-eb0b-406d-91cb-018824cde91a][bb1fc585-f087-407a-b043-49c06e320521] Ref image 2/4: saved 628888 bytes (image/jpeg) as "Nessa Water Park Day.jpeg"
2026-09-05T07:31:11.347Z [bc1a5e3d-eb0b-406d-91cb-018824cde91a][bb1fc585-f087-407a-b043-49c06e320521] Ref image 2/4: attaching reference image...
2026-09-05T07:31:11.891Z [87862fff-0ba3-493e-95ed-dd990ce200f7][bb1fc585-f087-407a-b043-49c06e320521] Mode: selected "image Image" ✓
2026-09-05T07:31:12.584Z [180bc528-9515-47fa-8abe-55d39198ab92][bb1fc585-f087-407a-b043-49c06e320521] Ref image 7/7: downloading from URL...
2026-09-05T07:31:13.048Z [180bc528-9515-47fa-8abe-55d39198ab92][bb1fc585-f087-407a-b043-49c06e320521] Ref image 7/7: saved 926103 bytes (image/jpeg) as "Verdant Family Water Park Master.jpeg"
2026-09-05T07:31:13.051Z [180bc528-9515-47fa-8abe-55d39198ab92][bb1fc585-f087-407a-b043-49c06e320521] Ref image 7/7: attaching reference image...
2026-09-05T07:31:13.257Z [bc1a5e3d-eb0b-406d-91cb-018824cde91a][bb1fc585-f087-407a-b043-49c06e320521] Ref image 2/4: reusing library asset "Nessa Water Park Day.jpeg" (no re-upload).
2026-09-05T07:31:13.602Z [bf8c9b10-87a3-4bb3-94f4-b2a4126fed7e][bb1fc585-f087-407a-b043-49c06e320521] Ref image 5/7: chips 4→5 ✓
2026-09-05T07:31:15.147Z [bf8c9b10-87a3-4bb3-94f4-b2a4126fed7e][bb1fc585-f087-407a-b043-49c06e320521] Ref image 6/7: downloading from URL...
2026-09-05T07:31:15.325Z [180bc528-9515-47fa-8abe-55d39198ab92][bb1fc585-f087-407a-b043-49c06e320521] Ref image 7/7: reusing library asset "Verdant Family Water Park Master.jpeg" (no re-upload).
2026-09-05T07:31:15.533Z [bf8c9b10-87a3-4bb3-94f4-b2a4126fed7e][bb1fc585-f087-407a-b043-49c06e320521] Ref image 6/7: saved 289545 bytes (image/jpeg) as "Graham Family Smartphone.jpeg"
2026-09-05T07:31:15.537Z [bf8c9b10-87a3-4bb3-94f4-b2a4126fed7e][bb1fc585-f087-407a-b043-49c06e320521] Ref image 6/7: attaching reference image...
2026-09-05T07:31:16.357Z [bc1a5e3d-eb0b-406d-91cb-018824cde91a][bb1fc585-f087-407a-b043-49c06e320521] Ref image 2/4: chips 1→2 ✓
2026-09-05T07:31:17.124Z [87862fff-0ba3-493e-95ed-dd990ce200f7][bb1fc585-f087-407a-b043-49c06e320521] Model: selected "🍌 Nano Banana 2" ✓
2026-09-05T07:31:17.314Z [bf8c9b10-87a3-4bb3-94f4-b2a4126fed7e][bb1fc585-f087-407a-b043-49c06e320521] Ref image 6/7: "Graham Family Smartphone.jpeg" not in the library yet — uploading it first.
2026-09-05T07:31:17.703Z [87862fff-0ba3-493e-95ed-dd990ce200f7][bb1fc585-f087-407a-b043-49c06e320521] Aspect ratio: "crop_16_9 16:9" already selected ✓
2026-09-05T07:31:18.153Z [bc1a5e3d-eb0b-406d-91cb-018824cde91a][bb1fc585-f087-407a-b043-49c06e320521] Ref image 3/4: downloading from URL...
2026-09-05T07:31:18.535Z [bc1a5e3d-eb0b-406d-91cb-018824cde91a][bb1fc585-f087-407a-b043-49c06e320521] Ref image 3/4: saved 478546 bytes (image/jpeg) as "Verdant Water Park Three Child Extras.jpeg"
2026-09-05T07:31:18.548Z [bc1a5e3d-eb0b-406d-91cb-018824cde91a][bb1fc585-f087-407a-b043-49c06e320521] Ref image 3/4: attaching reference image...
2026-09-05T07:31:18.605Z [180bc528-9515-47fa-8abe-55d39198ab92][bb1fc585-f087-407a-b043-49c06e320521] Ref image 7/7: chips 6→7 ✓
2026-09-05T07:31:18.618Z [180bc528-9515-47fa-8abe-55d39198ab92][bb1fc585-f087-407a-b043-49c06e320521] Entering prompt...
2026-09-05T07:31:19.274Z [87862fff-0ba3-493e-95ed-dd990ce200f7][bb1fc585-f087-407a-b043-49c06e320521] Output count: selected "x4" ✓
2026-09-05T07:31:20.174Z [180bc528-9515-47fa-8abe-55d39198ab92][bb1fc585-f087-407a-b043-49c06e320521] Prompt is 2305 chars — typing it in 32 chunk(s).
2026-09-05T07:31:20.391Z [87862fff-0ba3-493e-95ed-dd990ce200f7][bb1fc585-f087-407a-b043-49c06e320521] Ref image 1/7: downloading from URL...
2026-09-05T07:31:20.492Z [bc1a5e3d-eb0b-406d-91cb-018824cde91a][bb1fc585-f087-407a-b043-49c06e320521] Ref image 3/4: "Verdant Water Park Three Child Extras.jpeg" not in the library yet — uploading it first.
2026-09-05T07:31:20.559Z [87862fff-0ba3-493e-95ed-dd990ce200f7][bb1fc585-f087-407a-b043-49c06e320521] Downloader: no-proxy request context ready.
2026-09-05T07:31:21.276Z [bf8c9b10-87a3-4bb3-94f4-b2a4126fed7e][bb1fc585-f087-407a-b043-49c06e320521] Ref image 6/7: uploading "Graham Family Smartphone.jpeg" to the project library...
2026-09-05T07:31:21.423Z [87862fff-0ba3-493e-95ed-dd990ce200f7][bb1fc585-f087-407a-b043-49c06e320521] Ref image 1/7: saved 468314 bytes (image/jpeg) as "Arlo Water Park Day.jpeg"
2026-09-05T07:31:21.426Z [87862fff-0ba3-493e-95ed-dd990ce200f7][bb1fc585-f087-407a-b043-49c06e320521] Ref image 1/7: attaching reference image...
2026-09-05T07:31:22.547Z [bf8c9b10-87a3-4bb3-94f4-b2a4126fed7e][bb1fc585-f087-407a-b043-49c06e320521] Ref image 6/7: upload finished ✓
2026-09-05T07:31:23.630Z [87862fff-0ba3-493e-95ed-dd990ce200f7][bb1fc585-f087-407a-b043-49c06e320521] Ref image 1/7: reusing library asset "Arlo Water Park Day.jpeg" (no re-upload).
2026-09-05T07:31:24.324Z [bc1a5e3d-eb0b-406d-91cb-018824cde91a][bb1fc585-f087-407a-b043-49c06e320521] Ref image 3/4: uploading "Verdant Water Park Three Child Extras.jpeg" to the project library...
2026-09-05T07:31:25.530Z [bc1a5e3d-eb0b-406d-91cb-018824cde91a][bb1fc585-f087-407a-b043-49c06e320521] Ref image 3/4: upload finished ✓
2026-09-05T07:31:27.042Z [87862fff-0ba3-493e-95ed-dd990ce200f7][bb1fc585-f087-407a-b043-49c06e320521] Ref image 1/7: chips 0→1 ✓
2026-09-05T07:31:28.565Z [87862fff-0ba3-493e-95ed-dd990ce200f7][bb1fc585-f087-407a-b043-49c06e320521] Ref image 2/7: downloading from URL...
2026-09-05T07:31:28.981Z [87862fff-0ba3-493e-95ed-dd990ce200f7][bb1fc585-f087-407a-b043-49c06e320521] Ref image 2/7: saved 628888 bytes (image/jpeg) as "Nessa Water Park Day.jpeg"
2026-09-05T07:31:28.984Z [87862fff-0ba3-493e-95ed-dd990ce200f7][bb1fc585-f087-407a-b043-49c06e320521] Ref image 2/7: attaching reference image...
2026-09-05T07:31:30.971Z [87862fff-0ba3-493e-95ed-dd990ce200f7][bb1fc585-f087-407a-b043-49c06e320521] Ref image 2/7: reusing library asset "Nessa Water Park Day.jpeg" (no re-upload).
2026-09-05T07:31:32.028Z [bf8c9b10-87a3-4bb3-94f4-b2a4126fed7e][bb1fc585-f087-407a-b043-49c06e320521] Ref image 6/7: chips 5→6 ✓
2026-09-05T07:31:33.800Z [bf8c9b10-87a3-4bb3-94f4-b2a4126fed7e][bb1fc585-f087-407a-b043-49c06e320521] Ref image 7/7: downloading from URL...
2026-09-05T07:31:34.162Z [bf8c9b10-87a3-4bb3-94f4-b2a4126fed7e][bb1fc585-f087-407a-b043-49c06e320521] Ref image 7/7: saved 926103 bytes (image/jpeg) as "Verdant Family Water Park Master.jpeg"
2026-09-05T07:31:34.167Z [bf8c9b10-87a3-4bb3-94f4-b2a4126fed7e][bb1fc585-f087-407a-b043-49c06e320521] Ref image 7/7: attaching reference image...
2026-09-05T07:31:34.741Z [87862fff-0ba3-493e-95ed-dd990ce200f7][bb1fc585-f087-407a-b043-49c06e320521] Ref image 2/7: chips 1→2 ✓
2026-09-05T07:31:35.253Z [180bc528-9515-47fa-8abe-55d39198ab92][bb1fc585-f087-407a-b043-49c06e320521] Prompt insert attempt 1: editor has 2250 chars (want ~2298) ✓
2026-09-05T07:31:35.746Z [bc1a5e3d-eb0b-406d-91cb-018824cde91a][bb1fc585-f087-407a-b043-49c06e320521] Ref image 3/4: chips 2→3 ✓
2026-09-05T07:31:36.048Z [bf8c9b10-87a3-4bb3-94f4-b2a4126fed7e][bb1fc585-f087-407a-b043-49c06e320521] Ref image 7/7: reusing library asset "Verdant Family Water Park Master.jpeg" (no re-upload).
2026-09-05T07:31:36.405Z [87862fff-0ba3-493e-95ed-dd990ce200f7][bb1fc585-f087-407a-b043-49c06e320521] Ref image 3/7: downloading from URL...
2026-09-05T07:31:36.897Z [180bc528-9515-47fa-8abe-55d39198ab92][bb1fc585-f087-407a-b043-49c06e320521] Baseline: 49 pre-existing media tile(s) of 49 mounted (kinds: image,image,image,image,image,image,image,image,image,image,image,image,image,image,image,image,image,image,image,image,image,image,image,image,image,image,image,image,image,image,image,image,image,image,image,video,video,image,video,video,image,video,image,video,video,image,video,video,image).
2026-09-05T07:31:36.941Z [bc1a5e3d-eb0b-406d-91cb-018824cde91a][bb1fc585-f087-407a-b043-49c06e320521] Ref image 4/4: downloading from URL...
2026-09-05T07:31:37.201Z [87862fff-0ba3-493e-95ed-dd990ce200f7][bb1fc585-f087-407a-b043-49c06e320521] Ref image 3/7: saved 478546 bytes (image/jpeg) as "Verdant Water Park Three Child Extras.jpeg"
2026-09-05T07:31:37.203Z [87862fff-0ba3-493e-95ed-dd990ce200f7][bb1fc585-f087-407a-b043-49c06e320521] Ref image 3/7: attaching reference image...
2026-09-05T07:31:38.322Z [bc1a5e3d-eb0b-406d-91cb-018824cde91a][bb1fc585-f087-407a-b043-49c06e320521] Ref image 4/4: saved 926103 bytes (image/jpeg) as "Verdant Family Water Park Master.jpeg"
2026-09-05T07:31:38.327Z [bc1a5e3d-eb0b-406d-91cb-018824cde91a][bb1fc585-f087-407a-b043-49c06e320521] Ref image 4/4: attaching reference image...
2026-09-05T07:31:39.196Z [180bc528-9515-47fa-8abe-55d39198ab92][bb1fc585-f087-407a-b043-49c06e320521] [submit] confirmed (editor "What do you want to ", fresh tile=true).
2026-09-05T07:31:39.288Z [87862fff-0ba3-493e-95ed-dd990ce200f7][bb1fc585-f087-407a-b043-49c06e320521] Ref image 3/7: "Verdant Water Park Three Child Extras.jpeg" not in the library yet — uploading it first.
2026-09-05T07:31:39.626Z [180bc528-9515-47fa-8abe-55d39198ab92][bb1fc585-f087-407a-b043-49c06e320521] Current Workspace project URL: https://flow.google.com/project/cae2bf2b-d1b8-40f9-a300-9f2aa6276ea5?hl=en
2026-09-05T07:31:39.627Z [180bc528-9515-47fa-8abe-55d39198ab92][bb1fc585-f087-407a-b043-49c06e320521] Submitted ✓ Detecting batch size...
2026-09-05T07:31:39.651Z [180bc528-9515-47fa-8abe-55d39198ab92][bb1fc585-f087-407a-b043-49c06e320521] New tile(s) since submit: 0 → 4 (mounted=49)
2026-09-05T07:31:39.651Z [bf8c9b10-87a3-4bb3-94f4-b2a4126fed7e][bb1fc585-f087-407a-b043-49c06e320521] Ref image 7/7: chips 6→7 ✓
2026-09-05T07:31:39.667Z [bf8c9b10-87a3-4bb3-94f4-b2a4126fed7e][bb1fc585-f087-407a-b043-49c06e320521] Entering prompt...
2026-09-05T07:31:40.364Z [bc1a5e3d-eb0b-406d-91cb-018824cde91a][bb1fc585-f087-407a-b043-49c06e320521] Ref image 4/4: reusing library asset "Verdant Family Water Park Master.jpeg" (no re-upload).
2026-09-05T07:31:41.550Z [bf8c9b10-87a3-4bb3-94f4-b2a4126fed7e][bb1fc585-f087-407a-b043-49c06e320521] Prompt is 2319 chars — typing it in 33 chunk(s).
2026-09-05T07:31:43.516Z [87862fff-0ba3-493e-95ed-dd990ce200f7][bb1fc585-f087-407a-b043-49c06e320521] Ref image 3/7: uploading "Verdant Water Park Three Child Extras.jpeg" to the project library...
2026-09-05T07:31:43.784Z [180bc528-9515-47fa-8abe-55d39198ab92][bb1fc585-f087-407a-b043-49c06e320521] Batch size stabilised at 4 new tile(s)
2026-09-05T07:31:43.784Z [180bc528-9515-47fa-8abe-55d39198ab92][bb1fc585-f087-407a-b043-49c06e320521] Batch detected: 4 item(s). Generating...
2026-09-05T07:31:43.785Z [180bc528-9515-47fa-8abe-55d39198ab92][bb1fc585-f087-407a-b043-49c06e320521] Polling for 4 image item(s) (baseline=49, hasUpload=true)...
2026-09-05T07:31:43.797Z [180bc528-9515-47fa-8abe-55d39198ab92][bb1fc585-f087-407a-b043-49c06e320521] Generating... 0 ready, 0 failed / 4 total (0s) image 34% [BỐI CẢNH] image 34% [BỐI CẢNH] image 34% [BỐI CẢNH] image 34% [BỐI CẢNH]
2026-09-05T07:31:44.041Z [bc1a5e3d-eb0b-406d-91cb-018824cde91a][bb1fc585-f087-407a-b043-49c06e320521] Ref image 4/4: chips 3→4 ✓
2026-09-05T07:31:44.053Z [bc1a5e3d-eb0b-406d-91cb-018824cde91a][bb1fc585-f087-407a-b043-49c06e320521] Entering prompt...
2026-09-05T07:31:44.347Z [87862fff-0ba3-493e-95ed-dd990ce200f7][bb1fc585-f087-407a-b043-49c06e320521] Ref image 3/7: upload finished ✓
2026-09-05T07:31:45.819Z [bc1a5e3d-eb0b-406d-91cb-018824cde91a][bb1fc585-f087-407a-b043-49c06e320521] Prompt is 1918 chars — typing it in 28 chunk(s).
2026-09-05T07:31:46.810Z [180bc528-9515-47fa-8abe-55d39198ab92][bb1fc585-f087-407a-b043-49c06e320521] Generating... 0 ready, 0 failed / 4 total (3s) image 54% [BỐI CẢNH] image 54% [BỐI CẢNH] image 54% [BỐI CẢNH] image 54% [BỐI CẢNH]
2026-09-05T07:31:49.827Z [180bc528-9515-47fa-8abe-55d39198ab92][bb1fc585-f087-407a-b043-49c06e320521] Generating... 0 ready, 0 failed / 4 total (6s) image 74% [BỐI CẢNH] image 74% [BỐI CẢNH] image 74% [BỐI CẢNH] image 74% [BỐI CẢNH]
2026-09-05T07:31:52.843Z [180bc528-9515-47fa-8abe-55d39198ab92][bb1fc585-f087-407a-b043-49c06e320521] Generating... 0 ready, 0 failed / 4 total (9s) image 94% [BỐI CẢNH] image 94% [BỐI CẢNH] image 94% [BỐI CẢNH] image 94% [BỐI CẢNH]
2026-09-05T07:31:55.865Z [180bc528-9515-47fa-8abe-55d39198ab92][bb1fc585-f087-407a-b043-49c06e320521] Generating... 0 ready, 0 failed / 4 total (12s) image 99% [BỐI CẢNH] image 99% [BỐI CẢNH] image 99% [BỐI CẢNH] image 99% [BỐI CẢNH]
2026-09-05T07:31:56.819Z [bf8c9b10-87a3-4bb3-94f4-b2a4126fed7e][bb1fc585-f087-407a-b043-49c06e320521] Prompt insert attempt 1: editor has 2265 chars (want ~2312) ✓
2026-09-05T07:31:57.522Z [87862fff-0ba3-493e-95ed-dd990ce200f7][bb1fc585-f087-407a-b043-49c06e320521] click(Add to prompt) failed: locator.click: Timeout 8000ms exceeded. — retrying with force
2026-09-05T07:31:57.838Z [bc1a5e3d-eb0b-406d-91cb-018824cde91a][bb1fc585-f087-407a-b043-49c06e320521] Prompt insert attempt 1: editor has 1867 chars (want ~1911) ✓
2026-09-05T07:31:58.352Z [bf8c9b10-87a3-4bb3-94f4-b2a4126fed7e][bb1fc585-f087-407a-b043-49c06e320521] Baseline: 47 pre-existing media tile(s) of 47 mounted (kinds: image,image,image,image,image,image,image,image,image,image,image,image,image,image,image,image,image,image,image,image,image,image,image,image,image,image,image,image,image,image,image,image,image,image,image,image,image,video,video,image,image,video,video,image,video,video,image).
2026-09-05T07:31:58.883Z [180bc528-9515-47fa-8abe-55d39198ab92][bb1fc585-f087-407a-b043-49c06e320521] Generating... 0 ready, 0 failed / 4 total (15s) image 99% [BỐI CẢNH] image 99% [BỐI CẢNH] image 99% [BỐI CẢNH] image 99% [BỐI CẢNH]
2026-09-05T07:31:58.901Z [87862fff-0ba3-493e-95ed-dd990ce200f7][bb1fc585-f087-407a-b043-49c06e320521] Ref image 3/7: chips 2→3 ✓
2026-09-05T07:31:59.945Z [bc1a5e3d-eb0b-406d-91cb-018824cde91a][bb1fc585-f087-407a-b043-49c06e320521] Baseline: 48 pre-existing media tile(s) of 48 mounted (kinds: image,image,image,image,image,image,image,image,image,image,image,image,image,image,image,image,image,image,image,image,image,image,image,image,image,image,image,image,image,image,image,image,image,image,image,image,image,image,video,video,image,video,video,video,video,video,video,image).
2026-09-05T07:32:00.390Z [87862fff-0ba3-493e-95ed-dd990ce200f7][bb1fc585-f087-407a-b043-49c06e320521] Ref image 4/7: downloading from URL...
2026-09-05T07:32:00.591Z [bf8c9b10-87a3-4bb3-94f4-b2a4126fed7e][bb1fc585-f087-407a-b043-49c06e320521] [submit] confirmed (editor "What do you want to ", fresh tile=true).
2026-09-05T07:32:01.065Z [bf8c9b10-87a3-4bb3-94f4-b2a4126fed7e][bb1fc585-f087-407a-b043-49c06e320521] Current Workspace project URL: https://flow.google.com/project/33ca2cc2-c9ff-4bb6-9048-2a7af1dfcfee?hl=en
2026-09-05T07:32:01.065Z [bf8c9b10-87a3-4bb3-94f4-b2a4126fed7e][bb1fc585-f087-407a-b043-49c06e320521] Submitted ✓ Detecting batch size...
2026-09-05T07:32:01.085Z [bf8c9b10-87a3-4bb3-94f4-b2a4126fed7e][bb1fc585-f087-407a-b043-49c06e320521] New tile(s) since submit: 0 → 4 (mounted=47)
2026-09-05T07:32:01.912Z [180bc528-9515-47fa-8abe-55d39198ab92][bb1fc585-f087-407a-b043-49c06e320521] Generating... 0 ready, 0 failed / 4 total (18s) image 99% [BỐI CẢNH] image 99% [BỐI CẢNH] image 99% [BỐI CẢNH] image 99% [BỐI CẢNH]
2026-09-05T07:32:02.253Z [bc1a5e3d-eb0b-406d-91cb-018824cde91a][bb1fc585-f087-407a-b043-49c06e320521] [submit] confirmed (editor "What do you want to ", fresh tile=true).
2026-09-05T07:32:02.760Z [bc1a5e3d-eb0b-406d-91cb-018824cde91a][bb1fc585-f087-407a-b043-49c06e320521] Current Workspace project URL: https://flow.google.com/project/cd81a7d3-c989-419e-891a-f8694174cb85?hl=en
2026-09-05T07:32:02.761Z [bc1a5e3d-eb0b-406d-91cb-018824cde91a][bb1fc585-f087-407a-b043-49c06e320521] Submitted ✓ Detecting batch size...
2026-09-05T07:32:02.773Z [bc1a5e3d-eb0b-406d-91cb-018824cde91a][bb1fc585-f087-407a-b043-49c06e320521] New tile(s) since submit: 0 → 4 (mounted=48)
2026-09-05T07:32:04.927Z [180bc528-9515-47fa-8abe-55d39198ab92][bb1fc585-f087-407a-b043-49c06e320521] Generating... 0 ready, 0 failed / 4 total (21s) image 99% [BỐI CẢNH] image 99% [BỐI CẢNH] image 99% [BỐI CẢNH] image 99% [BỐI CẢNH]
2026-09-05T07:32:05.262Z [bf8c9b10-87a3-4bb3-94f4-b2a4126fed7e][bb1fc585-f087-407a-b043-49c06e320521] Batch size stabilised at 4 new tile(s)
2026-09-05T07:32:05.262Z [bf8c9b10-87a3-4bb3-94f4-b2a4126fed7e][bb1fc585-f087-407a-b043-49c06e320521] Batch detected: 4 item(s). Generating...
2026-09-05T07:32:05.262Z [bf8c9b10-87a3-4bb3-94f4-b2a4126fed7e][bb1fc585-f087-407a-b043-49c06e320521] Polling for 4 image item(s) (baseline=47, hasUpload=true)...
2026-09-05T07:32:05.274Z [bf8c9b10-87a3-4bb3-94f4-b2a4126fed7e][bb1fc585-f087-407a-b043-49c06e320521] Generating... 0 ready, 0 failed / 4 total (0s) image 34% [BỐI CẢNH] image 34% [BỐI CẢNH] image 34% [BỐI CẢNH] image 34% [BỐI CẢNH]
2026-09-05T07:32:06.941Z [bc1a5e3d-eb0b-406d-91cb-018824cde91a][bb1fc585-f087-407a-b043-49c06e320521] Batch size stabilised at 4 new tile(s)
2026-09-05T07:32:06.942Z [bc1a5e3d-eb0b-406d-91cb-018824cde91a][bb1fc585-f087-407a-b043-49c06e320521] Batch detected: 4 item(s). Generating...
2026-09-05T07:32:06.943Z [bc1a5e3d-eb0b-406d-91cb-018824cde91a][bb1fc585-f087-407a-b043-49c06e320521] Polling for 4 image item(s) (baseline=48, hasUpload=true)...
2026-09-05T07:32:06.954Z [bc1a5e3d-eb0b-406d-91cb-018824cde91a][bb1fc585-f087-407a-b043-49c06e320521] Generating... 0 ready, 0 failed / 4 total (0s) image 34% [BỐI CẢNH] image 34% [BỐI CẢNH] image 34% [BỐI CẢNH] image 34% [BỐI CẢNH]
2026-09-05T07:32:07.948Z [180bc528-9515-47fa-8abe-55d39198ab92][bb1fc585-f087-407a-b043-49c06e320521] Generating... 0 ready, 0 failed / 4 total (24s) image 99% [BỐI CẢNH] image 99% [BỐI CẢNH] image 99% [BỐI CẢNH] image 99% [BỐI CẢNH]
2026-09-05T07:32:08.295Z [bf8c9b10-87a3-4bb3-94f4-b2a4126fed7e][bb1fc585-f087-407a-b043-49c06e320521] Generating... 0 ready, 0 failed / 4 total (3s) image 54% [BỐI CẢNH] image 54% [BỐI CẢNH] image 54% [BỐI CẢNH] image 54% [BỐI CẢNH]
2026-09-05T07:32:08.798Z [87862fff-0ba3-493e-95ed-dd990ce200f7][bb1fc585-f087-407a-b043-49c06e320521] Ref image 4/7: saved 653843 bytes (image/jpeg) as "Graham Water Park Day.jpeg"
2026-09-05T07:32:08.801Z [87862fff-0ba3-493e-95ed-dd990ce200f7][bb1fc585-f087-407a-b043-49c06e320521] Ref image 4/7: attaching reference image...
2026-09-05T07:32:09.975Z [bc1a5e3d-eb0b-406d-91cb-018824cde91a][bb1fc585-f087-407a-b043-49c06e320521] Generating... 0 ready, 0 failed / 4 total (3s) image 54% [BỐI CẢNH] image 54% [BỐI CẢNH] image 54% [BỐI CẢNH] image 54% [BỐI CẢNH]
2026-09-05T07:32:10.807Z [87862fff-0ba3-493e-95ed-dd990ce200f7][bb1fc585-f087-407a-b043-49c06e320521] Ref image 4/7: reusing library asset "Graham Water Park Day.jpeg" (no re-upload).
2026-09-05T07:32:10.970Z [180bc528-9515-47fa-8abe-55d39198ab92][bb1fc585-f087-407a-b043-49c06e320521] Generating... 0 ready, 0 failed / 4 total (27s) image 99% [BỐI CẢNH] image 99% [BỐI CẢNH] image 99% [BỐI CẢNH] image 99% [BỐI CẢNH]
2026-09-05T07:32:11.309Z [bf8c9b10-87a3-4bb3-94f4-b2a4126fed7e][bb1fc585-f087-407a-b043-49c06e320521] Generating... 0 ready, 0 failed / 4 total (6s) image 74% [BỐI CẢNH] image 74% [BỐI CẢNH] image 74% [BỐI CẢNH] image 74% [BỐI CẢNH]
2026-09-05T07:32:12.996Z [bc1a5e3d-eb0b-406d-91cb-018824cde91a][bb1fc585-f087-407a-b043-49c06e320521] Generating... 0 ready, 0 failed / 4 total (6s) image 74% [BỐI CẢNH] image 74% [BỐI CẢNH] image 74% [BỐI CẢNH] image 74% [BỐI CẢNH]
2026-09-05T07:32:13.842Z [87862fff-0ba3-493e-95ed-dd990ce200f7][bb1fc585-f087-407a-b043-49c06e320521] Ref image 4/7: chips 3→4 ✓
2026-09-05T07:32:13.996Z [180bc528-9515-47fa-8abe-55d39198ab92][bb1fc585-f087-407a-b043-49c06e320521] Generating... 0 ready, 0 failed / 4 total (30s) image 99% [BỐI CẢNH] image 99% [BỐI CẢNH] image 99% [BỐI CẢNH] image 99% [BỐI CẢNH]
2026-09-05T07:32:14.332Z [bf8c9b10-87a3-4bb3-94f4-b2a4126fed7e][bb1fc585-f087-407a-b043-49c06e320521] Generating... 0 ready, 0 failed / 4 total (9s) image 94% [BỐI CẢNH] image 94% [BỐI CẢNH] image 94% [BỐI CẢNH] image 94% [BỐI CẢNH]
2026-09-05T07:32:15.163Z [87862fff-0ba3-493e-95ed-dd990ce200f7][bb1fc585-f087-407a-b043-49c06e320521] Ref image 5/7: downloading from URL...
2026-09-05T07:32:15.563Z [87862fff-0ba3-493e-95ed-dd990ce200f7][bb1fc585-f087-407a-b043-49c06e320521] Ref image 5/7: saved 549605 bytes (image/jpeg) as "Elara Water Park Day.jpeg"
2026-09-05T07:32:15.566Z [87862fff-0ba3-493e-95ed-dd990ce200f7][bb1fc585-f087-407a-b043-49c06e320521] Ref image 5/7: attaching reference image...
2026-09-05T07:32:16.035Z [bc1a5e3d-eb0b-406d-91cb-018824cde91a][bb1fc585-f087-407a-b043-49c06e320521] Generating... 0 ready, 0 failed / 4 total (9s) image 94% [BỐI CẢNH] image 94% [BỐI CẢNH] image 94% [BỐI CẢNH] image 94% [BỐI CẢNH]
2026-09-05T07:32:17.020Z [180bc528-9515-47fa-8abe-55d39198ab92][bb1fc585-f087-407a-b043-49c06e320521] Generating... 0 ready, 0 failed / 4 total (33s) image 99% [BỐI CẢNH] image 99% [BỐI CẢNH] image 99% [BỐI CẢNH] image 99% [BỐI CẢNH]
2026-09-05T07:32:17.348Z [bf8c9b10-87a3-4bb3-94f4-b2a4126fed7e][bb1fc585-f087-407a-b043-49c06e320521] Generating... 0 ready, 0 failed / 4 total (12s) image 99% [BỐI CẢNH] image 99% [BỐI CẢNH] image 99% [BỐI CẢNH] image 99% [BỐI CẢNH]
2026-09-05T07:32:17.467Z [87862fff-0ba3-493e-95ed-dd990ce200f7][bb1fc585-f087-407a-b043-49c06e320521] Ref image 5/7: reusing library asset "Elara Water Park Day.jpeg" (no re-upload).
2026-09-05T07:32:19.052Z [bc1a5e3d-eb0b-406d-91cb-018824cde91a][bb1fc585-f087-407a-b043-49c06e320521] Generating... 0 ready, 0 failed / 4 total (12s) image 99% [BỐI CẢNH] image 99% [BỐI CẢNH] image 99% [BỐI CẢNH] image 99% [BỐI CẢNH]
2026-09-05T07:32:20.038Z [180bc528-9515-47fa-8abe-55d39198ab92][bb1fc585-f087-407a-b043-49c06e320521] Generating... 0 ready, 0 failed / 4 total (36s) image 99% [BỐI CẢNH] [BỐI CẢNH]Verdant Fa image 99% [BỐI CẢNH] image 99% [BỐI CẢNH]
2026-09-05T07:32:20.366Z [bf8c9b10-87a3-4bb3-94f4-b2a4126fed7e][bb1fc585-f087-407a-b043-49c06e320521] Generating... 0 ready, 0 failed / 4 total (15s) image 99% [BỐI CẢNH] image 99% [BỐI CẢNH] image 99% [BỐI CẢNH] image 99% [BỐI CẢNH]
2026-09-05T07:32:20.784Z [87862fff-0ba3-493e-95ed-dd990ce200f7][bb1fc585-f087-407a-b043-49c06e320521] Ref image 5/7: chips 4→5 ✓
2026-09-05T07:32:21.941Z [87862fff-0ba3-493e-95ed-dd990ce200f7][bb1fc585-f087-407a-b043-49c06e320521] Ref image 6/7: downloading from URL...
2026-09-05T07:32:22.069Z [bc1a5e3d-eb0b-406d-91cb-018824cde91a][bb1fc585-f087-407a-b043-49c06e320521] Generating... 0 ready, 0 failed / 4 total (15s) image 99% [BỐI CẢNH] image 99% [BỐI CẢNH] image 99% [BỐI CẢNH] image 99% [BỐI CẢNH]
2026-09-05T07:32:22.362Z [87862fff-0ba3-493e-95ed-dd990ce200f7][bb1fc585-f087-407a-b043-49c06e320521] Ref image 6/7: saved 289545 bytes (image/jpeg) as "Graham Family Smartphone.jpeg"
2026-09-05T07:32:22.366Z [87862fff-0ba3-493e-95ed-dd990ce200f7][bb1fc585-f087-407a-b043-49c06e320521] Ref image 6/7: attaching reference image...
2026-09-05T07:32:23.058Z [180bc528-9515-47fa-8abe-55d39198ab92][bb1fc585-f087-407a-b043-49c06e320521] Generating... 1 ready, 0 failed / 4 total (39s) [BỐI CẢNH]Verdant Fa image 100% [BỐI CẢNH image 99% [BỐI CẢNH]
2026-09-05T07:32:23.385Z [bf8c9b10-87a3-4bb3-94f4-b2a4126fed7e][bb1fc585-f087-407a-b043-49c06e320521] Generating... 0 ready, 0 failed / 4 total (18s) image 99% [BỐI CẢNH] image 99% [BỐI CẢNH] image 99% [BỐI CẢNH] image 99% [BỐI CẢNH]
2026-09-05T07:32:24.328Z [87862fff-0ba3-493e-95ed-dd990ce200f7][bb1fc585-f087-407a-b043-49c06e320521] Ref image 6/7: reusing library asset "Graham Family Smartphone.jpeg" (no re-upload).
2026-09-05T07:32:25.084Z [bc1a5e3d-eb0b-406d-91cb-018824cde91a][bb1fc585-f087-407a-b043-49c06e320521] Generating... 0 ready, 0 failed / 4 total (18s) image 99% [BỐI CẢNH] image 99% [BỐI CẢNH] image 99% [BỐI CẢNH] image 99% [BỐI CẢNH]
2026-09-05T07:32:26.076Z [180bc528-9515-47fa-8abe-55d39198ab92][bb1fc585-f087-407a-b043-49c06e320521] Generating... 3 ready, 0 failed / 4 total (42s) image 99% [BỐI CẢNH]
2026-09-05T07:32:26.403Z [bf8c9b10-87a3-4bb3-94f4-b2a4126fed7e][bb1fc585-f087-407a-b043-49c06e320521] Generating... 0 ready, 0 failed / 4 total (21s) image 99% [BỐI CẢNH] image 99% [BỐI CẢNH] image 99% [BỐI CẢNH] image 99% [BỐI CẢNH]
2026-09-05T07:32:28.103Z [bc1a5e3d-eb0b-406d-91cb-018824cde91a][bb1fc585-f087-407a-b043-49c06e320521] Generating... 0 ready, 0 failed / 4 total (21s) image 99% [BỐI CẢNH] image 99% [BỐI CẢNH] image 99% [BỐI CẢNH] image 99% [BỐI CẢNH]
2026-09-05T07:32:28.272Z [87862fff-0ba3-493e-95ed-dd990ce200f7][bb1fc585-f087-407a-b043-49c06e320521] Ref image 6/7: chips 5→6 ✓
2026-09-05T07:32:29.096Z [180bc528-9515-47fa-8abe-55d39198ab92][bb1fc585-f087-407a-b043-49c06e320521] Generating... 3 ready, 0 failed / 4 total (45s) image 99% [BỐI CẢNH]
2026-09-05T07:32:29.426Z [bf8c9b10-87a3-4bb3-94f4-b2a4126fed7e][bb1fc585-f087-407a-b043-49c06e320521] Generating... 0 ready, 0 failed / 4 total (24s) image 99% [BỐI CẢNH] image 99% [BỐI CẢNH] image 99% [BỐI CẢNH] image 99% [BỐI CẢNH]
2026-09-05T07:32:29.514Z [87862fff-0ba3-493e-95ed-dd990ce200f7][bb1fc585-f087-407a-b043-49c06e320521] Ref image 7/7: downloading from URL...
2026-09-05T07:32:29.950Z [87862fff-0ba3-493e-95ed-dd990ce200f7][bb1fc585-f087-407a-b043-49c06e320521] Ref image 7/7: saved 926103 bytes (image/jpeg) as "Verdant Family Water Park Master.jpeg"
2026-09-05T07:32:29.954Z [87862fff-0ba3-493e-95ed-dd990ce200f7][bb1fc585-f087-407a-b043-49c06e320521] Ref image 7/7: attaching reference image...
2026-09-05T07:32:31.120Z [bc1a5e3d-eb0b-406d-91cb-018824cde91a][bb1fc585-f087-407a-b043-49c06e320521] Generating... 0 ready, 0 failed / 4 total (24s) image 99% [BỐI CẢNH] image 99% [BỐI CẢNH] image 99% [BỐI CẢNH] image 99% [BỐI CẢNH]
2026-09-05T07:32:31.867Z [87862fff-0ba3-493e-95ed-dd990ce200f7][bb1fc585-f087-407a-b043-49c06e320521] Ref image 7/7: reusing library asset "Verdant Family Water Park Master.jpeg" (no re-upload).
2026-09-05T07:32:32.118Z [180bc528-9515-47fa-8abe-55d39198ab92][bb1fc585-f087-407a-b043-49c06e320521] Generating... 3 ready, 0 failed / 4 total (48s) image 99% [BỐI CẢNH]
2026-09-05T07:32:32.451Z [bf8c9b10-87a3-4bb3-94f4-b2a4126fed7e][bb1fc585-f087-407a-b043-49c06e320521] Generating... 0 ready, 0 failed / 4 total (27s) image 99% [BỐI CẢNH] image 99% [BỐI CẢNH] image 99% [BỐI CẢNH] image 99% [BỐI CẢNH]
2026-09-05T07:32:34.135Z [bc1a5e3d-eb0b-406d-91cb-018824cde91a][bb1fc585-f087-407a-b043-49c06e320521] Generating... 0 ready, 0 failed / 4 total (27s) image 99% [BỐI CẢNH] image 99% [BỐI CẢNH] image 99% [BỐI CẢNH] image 99% [BỐI CẢNH]
2026-09-05T07:32:35.148Z [180bc528-9515-47fa-8abe-55d39198ab92][bb1fc585-f087-407a-b043-49c06e320521] Generating... 3 ready, 0 failed / 4 total (51s) image 99% [BỐI CẢNH]
2026-09-05T07:32:35.268Z [87862fff-0ba3-493e-95ed-dd990ce200f7][bb1fc585-f087-407a-b043-49c06e320521] Ref image 7/7: chips 6→7 ✓
2026-09-05T07:32:35.280Z [87862fff-0ba3-493e-95ed-dd990ce200f7][bb1fc585-f087-407a-b043-49c06e320521] Entering prompt...
2026-09-05T07:32:35.467Z [bf8c9b10-87a3-4bb3-94f4-b2a4126fed7e][bb1fc585-f087-407a-b043-49c06e320521] Generating... 0 ready, 0 failed / 4 total (30s) image 99% [BỐI CẢNH] image 99% [BỐI CẢNH] image 99% [BỐI CẢNH] image 99% [BỐI CẢNH]
2026-09-05T07:32:36.813Z [87862fff-0ba3-493e-95ed-dd990ce200f7][bb1fc585-f087-407a-b043-49c06e320521] Prompt is 2307 chars — typing it in 31 chunk(s).
2026-09-05T07:32:37.165Z [bc1a5e3d-eb0b-406d-91cb-018824cde91a][bb1fc585-f087-407a-b043-49c06e320521] Generating... 0 ready, 0 failed / 4 total (30s) image 99% [BỐI CẢNH] image 99% [BỐI CẢNH] image 99% [BỐI CẢNH] image 99% [BỐI CẢNH]
2026-09-05T07:32:38.168Z [180bc528-9515-47fa-8abe-55d39198ab92][bb1fc585-f087-407a-b043-49c06e320521] Generating... 3 ready, 0 failed / 4 total (54s) [BỐI CẢNH]Verdant Fa
2026-09-05T07:32:38.484Z [bf8c9b10-87a3-4bb3-94f4-b2a4126fed7e][bb1fc585-f087-407a-b043-49c06e320521] Generating... 0 ready, 0 failed / 4 total (33s) image 99% [BỐI CẢNH] image 99% [BỐI CẢNH] image 99% [BỐI CẢNH] image 99% [BỐI CẢNH]
2026-09-05T07:32:40.199Z [bc1a5e3d-eb0b-406d-91cb-018824cde91a][bb1fc585-f087-407a-b043-49c06e320521] Generating... 0 ready, 0 failed / 4 total (33s) image 99% [BỐI CẢNH] image 99% [BỐI CẢNH] image 99% [BỐI CẢNH] image 99% [BỐI CẢNH]
2026-09-05T07:32:41.181Z [180bc528-9515-47fa-8abe-55d39198ab92][bb1fc585-f087-407a-b043-49c06e320521] Generating... 4 ready, 0 failed / 4 total (57s)
2026-09-05T07:32:41.181Z [180bc528-9515-47fa-8abe-55d39198ab92][bb1fc585-f087-407a-b043-49c06e320521] Batch done: 4 ready (target 4), 0 failed, scanned 4.
2026-09-05T07:32:41.181Z [180bc528-9515-47fa-8abe-55d39198ab92][bb1fc585-f087-407a-b043-49c06e320521] 4 item(s) ready! Downloading...
2026-09-05T07:32:41.182Z [180bc528-9515-47fa-8abe-55d39198ab92][bb1fc585-f087-407a-b043-49c06e320521] Item 1: Downloading from URL https://flow-content.google/image/f61c1d12-35ad-441f-81c7-e816762a1bdc?Expires=1788615101&KeyName=labs-flow-prod-cdn-key&Signature=wuLIcsKuBSbPrMwlnMouJOsr8gY
2026-09-05T07:32:41.443Z [180bc528-9515-47fa-8abe-55d39198ab92][bb1fc585-f087-407a-b043-49c06e320521] Downloaded 1/4: winai_2026-09-05T07-32-41_01.jpg
2026-09-05T07:32:41.443Z [180bc528-9515-47fa-8abe-55d39198ab92][bb1fc585-f087-407a-b043-49c06e320521] Item 2: Downloading from URL https://flow-content.google/image/d488ec55-219a-4240-8fce-1c14340d0aab?Expires=1788615100&KeyName=labs-flow-prod-cdn-key&Signature=dlyzDiOY81G__DEVVsnkPoHcLnE
2026-09-05T07:32:41.504Z [bf8c9b10-87a3-4bb3-94f4-b2a4126fed7e][bb1fc585-f087-407a-b043-49c06e320521] Generating... 0 ready, 0 failed / 4 total (36s) image 99% [BỐI CẢNH] image 99% [BỐI CẢNH] image 99% [BỐI CẢNH] image 99% [BỐI CẢNH]
2026-09-05T07:32:41.507Z [180bc528-9515-47fa-8abe-55d39198ab92][bb1fc585-f087-407a-b043-49c06e320521] Downloaded 2/4: winai_2026-09-05T07-32-41_02.jpg
2026-09-05T07:32:41.507Z [180bc528-9515-47fa-8abe-55d39198ab92][bb1fc585-f087-407a-b043-49c06e320521] Item 3: Downloading from URL https://flow-content.google/image/f2cc4c20-12c1-4473-9924-c941052195a9?Expires=1788615099&KeyName=labs-flow-prod-cdn-key&Signature=99sA7fz3-S7UzBzfBPkCt8ZnPHM
2026-09-05T07:32:41.570Z [180bc528-9515-47fa-8abe-55d39198ab92][bb1fc585-f087-407a-b043-49c06e320521] Downloaded 3/4: winai_2026-09-05T07-32-41_03.jpg
2026-09-05T07:32:41.570Z [180bc528-9515-47fa-8abe-55d39198ab92][bb1fc585-f087-407a-b043-49c06e320521] Item 4: Downloading from URL https://flow-content.google/image/405b7817-5610-4518-80ed-04c642a7823b?Expires=1788615098&KeyName=labs-flow-prod-cdn-key&Signature=OB9FkmfMVtdLj9RzFiOqwn1BYqk
2026-09-05T07:32:41.629Z [180bc528-9515-47fa-8abe-55d39198ab92][bb1fc585-f087-407a-b043-49c06e320521] Downloaded 4/4: winai_2026-09-05T07-32-41_04.jpg
2026-09-05T07:32:41.629Z [180bc528-9515-47fa-8abe-55d39198ab92][bb1fc585-f087-407a-b043-49c06e320521] ✅ 4 item(s) saved to Downloads/Win AI Toolkit/
2026-09-05T07:32:41.937Z [180bc528-9515-47fa-8abe-55d39198ab92][bb1fc585-f087-407a-b043-49c06e320521] Item 4: Uploaded → https://studio.xanhmedia.vn/uploads/2026-09/1788593561623_ce2c8c_bb1fc585-f087-407a-b043-49c06e320521_180.jpg
2026-09-05T07:32:41.937Z [180bc528-9515-47fa-8abe-55d39198ab92][bb1fc585-f087-407a-b043-49c06e320521] Item 2: Uploaded → https://studio.xanhmedia.vn/uploads/2026-09/1788593561622_16a898_bb1fc585-f087-407a-b043-49c06e320521_180.jpg
2026-09-05T07:32:42.032Z [180bc528-9515-47fa-8abe-55d39198ab92][bb1fc585-f087-407a-b043-49c06e320521] Item 3: Uploaded → https://studio.xanhmedia.vn/uploads/2026-09/1788593561723_44601f_bb1fc585-f087-407a-b043-49c06e320521_180.jpg
2026-09-05T07:32:42.048Z [180bc528-9515-47fa-8abe-55d39198ab92][bb1fc585-f087-407a-b043-49c06e320521] Item 1: Uploaded → https://studio.xanhmedia.vn/uploads/2026-09/1788593561740_42723a_bb1fc585-f087-407a-b043-49c06e320521_180.jpg
2026-09-05T07:32:42.050Z [180bc528-9515-47fa-8abe-55d39198ab92][bb1fc585-f087-407a-b043-49c06e320521] All done (including any 1080p upgrades). Closing Playwright browser context.
2026-09-05T07:32:42.998Z [8a2eafa9-9656-4557-be4c-54339ffcbd22][bb1fc585-f087-407a-b043-49c06e320521] runGeneration starting: task_id=8a2eafa9-9656-4557-be4c-54339ffcbd22, profile_id=bb1fc585-f087-407a-b043-49c06e320521, target_site=google_flow
2026-09-05T07:32:42.999Z [8a2eafa9-9656-4557-be4c-54339ffcbd22][bb1fc585-f087-407a-b043-49c06e320521] Opening Playwright browser with persistent profile cookies...
2026-09-05T07:32:43.000Z [8a2eafa9-9656-4557-be4c-54339ffcbd22][bb1fc585-f087-407a-b043-49c06e320521] Browser engine: winhide (C:\Users\Admin\AppData\Roaming\com.tank.winai\winhide\chrome.exe) [hidden off-screen]
2026-09-05T07:32:43.001Z [8a2eafa9-9656-4557-be4c-54339ffcbd22][bb1fc585-f087-407a-b043-49c06e320521] Launch mode: STEALTH (raw spawn + connectOverCDP)
2026-09-05T07:32:43.226Z [bc1a5e3d-eb0b-406d-91cb-018824cde91a][bb1fc585-f087-407a-b043-49c06e320521] Generating... 0 ready, 0 failed / 4 total (36s) image 99% [BỐI CẢNH] image 99% [BỐI CẢNH] image 99% [BỐI CẢNH] [BỐI CẢNH]Verdant Fa
2026-09-05T07:32:44.538Z [bf8c9b10-87a3-4bb3-94f4-b2a4126fed7e][bb1fc585-f087-407a-b043-49c06e320521] Generating... 0 ready, 0 failed / 4 total (39s) image 99% [BỐI CẢNH] image 99% [BỐI CẢNH] [BỐI CẢNH]Verdant Fa image 99% [BỐI CẢNH]
2026-09-05T07:32:45.416Z [8a2eafa9-9656-4557-be4c-54339ffcbd22][bb1fc585-f087-407a-b043-49c06e320521] Exit IP: 115.74.128.9
2026-09-05T07:32:45.417Z [8a2eafa9-9656-4557-be4c-54339ffcbd22][bb1fc585-f087-407a-b043-49c06e320521] Navigating browser to Google Flow tools page...
2026-09-05T07:32:45.417Z [8a2eafa9-9656-4557-be4c-54339ffcbd22][bb1fc585-f087-407a-b043-49c06e320521] Using existing project URL: https://flow.google.com/project/cae2bf2b-d1b8-40f9-a300-9f2aa6276ea5?hl=en
2026-09-05T07:32:46.221Z [8a2eafa9-9656-4557-be4c-54339ffcbd22][bb1fc585-f087-407a-b043-49c06e320521] Waiting for Google Flow...
2026-09-05T07:32:46.251Z [bc1a5e3d-eb0b-406d-91cb-018824cde91a][bb1fc585-f087-407a-b043-49c06e320521] Generating... 1 ready, 0 failed / 4 total (39s) image 99% [BỐI CẢNH] image 99% [BỐI CẢNH] [BỐI CẢNH]Verdant Fa
2026-09-05T07:32:47.565Z [bf8c9b10-87a3-4bb3-94f4-b2a4126fed7e][bb1fc585-f087-407a-b043-49c06e320521] Generating... 1 ready, 0 failed / 4 total (42s) image 99% [BỐI CẢNH] image 99% [BỐI CẢNH] image 99% [BỐI CẢNH]
2026-09-05T07:32:48.175Z [8a2eafa9-9656-4557-be4c-54339ffcbd22][bb1fc585-f087-407a-b043-49c06e320521] In existing project ✓
2026-09-05T07:32:49.115Z [8a2eafa9-9656-4557-be4c-54339ffcbd22][bb1fc585-f087-407a-b043-49c06e320521] dismissPopups: unresolved overlay(s) ["IFRAME[presentation]|btns="]
2026-09-05T07:32:49.278Z [bc1a5e3d-eb0b-406d-91cb-018824cde91a][bb1fc585-f087-407a-b043-49c06e320521] Generating... 2 ready, 0 failed / 4 total (42s) [BỐI CẢNH]Verdant Fa image 99% [BỐI CẢNH]
2026-09-05T07:32:50.584Z [bf8c9b10-87a3-4bb3-94f4-b2a4126fed7e][bb1fc585-f087-407a-b043-49c06e320521] Generating... 1 ready, 0 failed / 4 total (45s) image 99% [BỐI CẢNH] image 99% [BỐI CẢNH]
2026-09-05T07:32:50.793Z [87862fff-0ba3-493e-95ed-dd990ce200f7][bb1fc585-f087-407a-b043-49c06e320521] Prompt insert attempt 1: editor has 2253 chars (want ~2300) ✓
2026-09-05T07:32:51.913Z [8a2eafa9-9656-4557-be4c-54339ffcbd22][bb1fc585-f087-407a-b043-49c06e320521] Composer ready ✓ (UI language: en)
2026-09-05T07:32:51.994Z [8a2eafa9-9656-4557-be4c-54339ffcbd22][bb1fc585-f087-407a-b043-49c06e320521] dismissPopups: unresolved overlay(s) ["DIV[]|btns=","DIV[]|btns="]
2026-09-05T07:32:52.025Z [8a2eafa9-9656-4557-be4c-54339ffcbd22][bb1fc585-f087-407a-b043-49c06e320521] Agent toggle aria-pressed=false
2026-09-05T07:32:52.026Z [8a2eafa9-9656-4557-be4c-54339ffcbd22][bb1fc585-f087-407a-b043-49c06e320521] Opening settings...
2026-09-05T07:32:52.300Z [bc1a5e3d-eb0b-406d-91cb-018824cde91a][bb1fc585-f087-407a-b043-49c06e320521] Generating... 3 ready, 0 failed / 4 total (45s) image 99% [BỐI CẢNH]
2026-09-05T07:32:52.820Z [87862fff-0ba3-493e-95ed-dd990ce200f7][bb1fc585-f087-407a-b043-49c06e320521] Baseline: 48 pre-existing media tile(s) of 48 mounted (kinds: image,image,image,image,image,image,image,image,image,image,image,image,image,image,image,image,image,image,image,image,image,image,image,image,image,image,image,image,image,image,image,image,image,image,image,image,image,image,image,image,image,image,video,video,image,image,video,video).
2026-09-05T07:32:53.606Z [bf8c9b10-87a3-4bb3-94f4-b2a4126fed7e][bb1fc585-f087-407a-b043-49c06e320521] Generating... 1 ready, 0 failed / 4 total (48s) image 99% [BỐI CẢNH] image 99% [BỐI CẢNH]
2026-09-05T07:32:53.761Z [8a2eafa9-9656-4557-be4c-54339ffcbd22][bb1fc585-f087-407a-b043-49c06e320521] Configuring image settings...
2026-09-05T07:32:54.925Z [87862fff-0ba3-493e-95ed-dd990ce200f7][bb1fc585-f087-407a-b043-49c06e320521] [submit] confirmed (editor "What do you want to ", fresh tile=true).
2026-09-05T07:32:55.332Z [bc1a5e3d-eb0b-406d-91cb-018824cde91a][bb1fc585-f087-407a-b043-49c06e320521] Generating... 3 ready, 0 failed / 4 total (48s) image 99% [BỐI CẢNH]
2026-09-05T07:32:55.350Z [8a2eafa9-9656-4557-be4c-54339ffcbd22][bb1fc585-f087-407a-b043-49c06e320521] Mode: selected "image Image" ✓
2026-09-05T07:32:55.621Z [87862fff-0ba3-493e-95ed-dd990ce200f7][bb1fc585-f087-407a-b043-49c06e320521] Current Workspace project URL: https://flow.google.com/project/c2a607c5-d833-4be1-8108-407b74d4ed85?hl=en
2026-09-05T07:32:55.622Z [87862fff-0ba3-493e-95ed-dd990ce200f7][bb1fc585-f087-407a-b043-49c06e320521] Submitted ✓ Detecting batch size...
2026-09-05T07:32:55.634Z [87862fff-0ba3-493e-95ed-dd990ce200f7][bb1fc585-f087-407a-b043-49c06e320521] New tile(s) since submit: 0 → 4 (mounted=48)
2026-09-05T07:32:56.632Z [bf8c9b10-87a3-4bb3-94f4-b2a4126fed7e][bb1fc585-f087-407a-b043-49c06e320521] Generating... 1 ready, 0 failed / 4 total (51s) image 99% [BỐI CẢNH] image 99% [BỐI CẢNH]
2026-09-05T07:32:58.349Z [bc1a5e3d-eb0b-406d-91cb-018824cde91a][bb1fc585-f087-407a-b043-49c06e320521] Generating... 3 ready, 0 failed / 4 total (51s) image 99% [BỐI CẢNH]
2026-09-05T07:32:59.656Z [bf8c9b10-87a3-4bb3-94f4-b2a4126fed7e][bb1fc585-f087-407a-b043-49c06e320521] Generating... 1 ready, 0 failed / 4 total (54s) [BỐI CẢNH]Verdant Fa image 99% [BỐI CẢNH]
2026-09-05T07:32:59.762Z [87862fff-0ba3-493e-95ed-dd990ce200f7][bb1fc585-f087-407a-b043-49c06e320521] Batch size stabilised at 4 new tile(s)
2026-09-05T07:32:59.762Z [87862fff-0ba3-493e-95ed-dd990ce200f7][bb1fc585-f087-407a-b043-49c06e320521] Batch detected: 4 item(s). Generating...
2026-09-05T07:32:59.762Z [87862fff-0ba3-493e-95ed-dd990ce200f7][bb1fc585-f087-407a-b043-49c06e320521] Polling for 4 image item(s) (baseline=48, hasUpload=true)...
2026-09-05T07:32:59.772Z [87862fff-0ba3-493e-95ed-dd990ce200f7][bb1fc585-f087-407a-b043-49c06e320521] Generating... 0 ready, 0 failed / 4 total (0s) image 34% [BỐI CẢNH] image 34% [BỐI CẢNH] image 34% [BỐI CẢNH] image 34% [BỐI CẢNH]
2026-09-05T07:33:00.214Z [8a2eafa9-9656-4557-be4c-54339ffcbd22][bb1fc585-f087-407a-b043-49c06e320521] Model: selected "🍌 Nano Banana 2" ✓
2026-09-05T07:33:00.747Z [8a2eafa9-9656-4557-be4c-54339ffcbd22][bb1fc585-f087-407a-b043-49c06e320521] Aspect ratio: "crop_16_9 16:9" already selected ✓
2026-09-05T07:33:01.377Z [bc1a5e3d-eb0b-406d-91cb-018824cde91a][bb1fc585-f087-407a-b043-49c06e320521] Generating... 3 ready, 0 failed / 4 total (54s) [BỐI CẢNH]Verdant Fa
2026-09-05T07:33:02.244Z [8a2eafa9-9656-4557-be4c-54339ffcbd22][bb1fc585-f087-407a-b043-49c06e320521] Output count: selected "x4" ✓
2026-09-05T07:33:02.679Z [bf8c9b10-87a3-4bb3-94f4-b2a4126fed7e][bb1fc585-f087-407a-b043-49c06e320521] Generating... 2 ready, 0 failed / 4 total (57s) [BỐI CẢNH]Verdant Fa
2026-09-05T07:33:02.790Z [87862fff-0ba3-493e-95ed-dd990ce200f7][bb1fc585-f087-407a-b043-49c06e320521] Generating... 0 ready, 0 failed / 4 total (3s) image 54% [BỐI CẢNH] image 54% [BỐI CẢNH] image 54% [BỐI CẢNH] image 54% [BỐI CẢNH]
2026-09-05T07:33:03.045Z [8a2eafa9-9656-4557-be4c-54339ffcbd22][bb1fc585-f087-407a-b043-49c06e320521] Ref image 1/7: downloading from URL...
2026-09-05T07:33:03.220Z [8a2eafa9-9656-4557-be4c-54339ffcbd22][bb1fc585-f087-407a-b043-49c06e320521] Downloader: no-proxy request context ready.
2026-09-05T07:33:04.205Z [8a2eafa9-9656-4557-be4c-54339ffcbd22][bb1fc585-f087-407a-b043-49c06e320521] Ref image 1/7: saved 653843 bytes (image/jpeg) as "Graham Water Park Day.jpeg"
2026-09-05T07:33:04.209Z [8a2eafa9-9656-4557-be4c-54339ffcbd22][bb1fc585-f087-407a-b043-49c06e320521] Ref image 1/7: attaching reference image...
2026-09-05T07:33:04.395Z [bc1a5e3d-eb0b-406d-91cb-018824cde91a][bb1fc585-f087-407a-b043-49c06e320521] Generating... 4 ready, 0 failed / 4 total (57s)
2026-09-05T07:33:04.396Z [bc1a5e3d-eb0b-406d-91cb-018824cde91a][bb1fc585-f087-407a-b043-49c06e320521] Batch done: 4 ready (target 4), 0 failed, scanned 4.
2026-09-05T07:33:04.396Z [bc1a5e3d-eb0b-406d-91cb-018824cde91a][bb1fc585-f087-407a-b043-49c06e320521] 4 item(s) ready! Downloading...
2026-09-05T07:33:04.397Z [bc1a5e3d-eb0b-406d-91cb-018824cde91a][bb1fc585-f087-407a-b043-49c06e320521] Item 1: Downloading from URL https://flow-content.google/image/c023e341-feb3-45a1-aca7-31b9c7b054e0?Expires=1788615124&KeyName=labs-flow-prod-cdn-key&Signature=hqO7CeagsJqqb3idPv_52V9Xtc4
2026-09-05T07:33:04.808Z [bc1a5e3d-eb0b-406d-91cb-018824cde91a][bb1fc585-f087-407a-b043-49c06e320521] Downloaded 1/4: winai_2026-09-05T07-33-04_01.jpg
2026-09-05T07:33:04.809Z [bc1a5e3d-eb0b-406d-91cb-018824cde91a][bb1fc585-f087-407a-b043-49c06e320521] Item 2: Downloading from URL https://flow-content.google/image/08802dac-d9f0-4e51-bef9-17737eb6fb7e?Expires=1788615123&KeyName=labs-flow-prod-cdn-key&Signature=Ham9ocVGa7Ya2PRDmCQaO5HTZwA
2026-09-05T07:33:04.948Z [bc1a5e3d-eb0b-406d-91cb-018824cde91a][bb1fc585-f087-407a-b043-49c06e320521] Downloaded 2/4: winai_2026-09-05T07-33-04_02.jpg
2026-09-05T07:33:04.949Z [bc1a5e3d-eb0b-406d-91cb-018824cde91a][bb1fc585-f087-407a-b043-49c06e320521] Item 3: Downloading from URL https://flow-content.google/image/ca0e1242-31e0-436d-a13e-7dc049ff27ed?Expires=1788615122&KeyName=labs-flow-prod-cdn-key&Signature=BZS6vTE9P12WHrHRFF5CyR9G0GA
2026-09-05T07:33:05.042Z [bc1a5e3d-eb0b-406d-91cb-018824cde91a][bb1fc585-f087-407a-b043-49c06e320521] Downloaded 3/4: winai_2026-09-05T07-33-04_03.jpg
2026-09-05T07:33:05.042Z [bc1a5e3d-eb0b-406d-91cb-018824cde91a][bb1fc585-f087-407a-b043-49c06e320521] Item 4: Downloading from URL https://flow-content.google/image/c4db50d9-12cc-4959-92f0-a5aee5636439?Expires=1788615121&KeyName=labs-flow-prod-cdn-key&Signature=y4pG_e-nchClhiO5-CPD08l5Xa0
2026-09-05T07:33:05.130Z [bc1a5e3d-eb0b-406d-91cb-018824cde91a][bb1fc585-f087-407a-b043-49c06e320521] Downloaded 4/4: winai_2026-09-05T07-33-04_04.jpg
2026-09-05T07:33:05.130Z [bc1a5e3d-eb0b-406d-91cb-018824cde91a][bb1fc585-f087-407a-b043-49c06e320521] ✅ 4 item(s) saved to Downloads/Win AI Toolkit/
2026-09-05T07:33:05.430Z [bc1a5e3d-eb0b-406d-91cb-018824cde91a][bb1fc585-f087-407a-b043-49c06e320521] Item 2: Uploaded → https://studio.xanhmedia.vn/uploads/2026-09/1788593585120_82aeaa_bb1fc585-f087-407a-b043-49c06e320521_bc1.jpg
2026-09-05T07:33:05.442Z [bc1a5e3d-eb0b-406d-91cb-018824cde91a][bb1fc585-f087-407a-b043-49c06e320521] Item 3: Uploaded → https://studio.xanhmedia.vn/uploads/2026-09/1788593585130_904f78_bb1fc585-f087-407a-b043-49c06e320521_bc1.jpg
2026-09-05T07:33:05.476Z [bc1a5e3d-eb0b-406d-91cb-018824cde91a][bb1fc585-f087-407a-b043-49c06e320521] Item 1: Uploaded → https://studio.xanhmedia.vn/uploads/2026-09/1788593585163_334e49_bb1fc585-f087-407a-b043-49c06e320521_bc1.jpg
2026-09-05T07:33:05.493Z [bc1a5e3d-eb0b-406d-91cb-018824cde91a][bb1fc585-f087-407a-b043-49c06e320521] Item 4: Uploaded → https://studio.xanhmedia.vn/uploads/2026-09/1788593585183_dff0af_bb1fc585-f087-407a-b043-49c06e320521_bc1.jpg
2026-09-05T07:33:05.496Z [bc1a5e3d-eb0b-406d-91cb-018824cde91a][bb1fc585-f087-407a-b043-49c06e320521] All done (including any 1080p upgrades). Closing Playwright browser context.
2026-09-05T07:33:05.544Z [e903a48b-0cce-45e0-ab3c-bfb73188cf67][bb1fc585-f087-407a-b043-49c06e320521] runGeneration starting: task_id=e903a48b-0cce-45e0-ab3c-bfb73188cf67, profile_id=bb1fc585-f087-407a-b043-49c06e320521, target_site=google_flow
2026-09-05T07:33:05.545Z [e903a48b-0cce-45e0-ab3c-bfb73188cf67][bb1fc585-f087-407a-b043-49c06e320521] Opening Playwright browser with persistent profile cookies...
2026-09-05T07:33:05.546Z [e903a48b-0cce-45e0-ab3c-bfb73188cf67][bb1fc585-f087-407a-b043-49c06e320521] Browser engine: winhide (C:\Users\Admin\AppData\Roaming\com.tank.winai\winhide\chrome.exe) [hidden off-screen]
2026-09-05T07:33:05.546Z [e903a48b-0cce-45e0-ab3c-bfb73188cf67][bb1fc585-f087-407a-b043-49c06e320521] Launch mode: STEALTH (raw spawn + connectOverCDP)
2026-09-05T07:33:05.699Z [bf8c9b10-87a3-4bb3-94f4-b2a4126fed7e][bb1fc585-f087-407a-b043-49c06e320521] Generating... 3 ready, 0 failed / 4 total (60s)
2026-09-05T07:33:05.816Z [87862fff-0ba3-493e-95ed-dd990ce200f7][bb1fc585-f087-407a-b043-49c06e320521] Generating... 0 ready, 0 failed / 4 total (6s) image 74% [BỐI CẢNH] image 74% [BỐI CẢNH] image 74% [BỐI CẢNH] image 74% [BỐI CẢNH]
2026-09-05T07:33:06.204Z [8a2eafa9-9656-4557-be4c-54339ffcbd22][bb1fc585-f087-407a-b043-49c06e320521] Ref image 1/7: reusing library asset "Graham Water Park Day.jpeg" (no re-upload).
2026-09-05T07:33:07.102Z [e903a48b-0cce-45e0-ab3c-bfb73188cf67][bb1fc585-f087-407a-b043-49c06e320521] Exit IP: 115.74.128.9
2026-09-05T07:33:07.102Z [e903a48b-0cce-45e0-ab3c-bfb73188cf67][bb1fc585-f087-407a-b043-49c06e320521] Navigating browser to Google Flow tools page...
2026-09-05T07:33:07.103Z [e903a48b-0cce-45e0-ab3c-bfb73188cf67][bb1fc585-f087-407a-b043-49c06e320521] Using existing project URL: https://flow.google.com/project/cd81a7d3-c989-419e-891a-f8694174cb85?hl=en
2026-09-05T07:33:07.849Z [e903a48b-0cce-45e0-ab3c-bfb73188cf67][bb1fc585-f087-407a-b043-49c06e320521] Waiting for Google Flow...
2026-09-05T07:33:08.719Z [bf8c9b10-87a3-4bb3-94f4-b2a4126fed7e][bb1fc585-f087-407a-b043-49c06e320521] Generating... 3 ready, 0 failed / 4 total (63s)
2026-09-05T07:33:08.842Z [87862fff-0ba3-493e-95ed-dd990ce200f7][bb1fc585-f087-407a-b043-49c06e320521] Generating... 0 ready, 0 failed / 4 total (9s) image 94% [BỐI CẢNH] image 94% [BỐI CẢNH] image 94% [BỐI CẢNH] image 94% [BỐI CẢNH]
2026-09-05T07:33:09.547Z [e903a48b-0cce-45e0-ab3c-bfb73188cf67][bb1fc585-f087-407a-b043-49c06e320521] In existing project ✓
2026-09-05T07:33:10.457Z [e903a48b-0cce-45e0-ab3c-bfb73188cf67][bb1fc585-f087-407a-b043-49c06e320521] dismissPopups: unresolved overlay(s) ["IFRAME[presentation]|btns="]
2026-09-05T07:33:10.523Z [8a2eafa9-9656-4557-be4c-54339ffcbd22][bb1fc585-f087-407a-b043-49c06e320521] Ref image 1/7: chips 0→1 ✓
2026-09-05T07:33:11.745Z [bf8c9b10-87a3-4bb3-94f4-b2a4126fed7e][bb1fc585-f087-407a-b043-49c06e320521] Generating... 3 ready, 0 failed / 4 total (66s)
2026-09-05T07:33:11.867Z [87862fff-0ba3-493e-95ed-dd990ce200f7][bb1fc585-f087-407a-b043-49c06e320521] Generating... 0 ready, 0 failed / 4 total (12s) image 99% [BỐI CẢNH] image 99% [BỐI CẢNH] image 99% [BỐI CẢNH] image 99% [BỐI CẢNH]
2026-09-05T07:33:12.287Z [8a2eafa9-9656-4557-be4c-54339ffcbd22][bb1fc585-f087-407a-b043-49c06e320521] Ref image 2/7: downloading from URL...
2026-09-05T07:33:12.675Z [8a2eafa9-9656-4557-be4c-54339ffcbd22][bb1fc585-f087-407a-b043-49c06e320521] Ref image 2/7: saved 468314 bytes (image/jpeg) as "Arlo Water Park Day.jpeg"
2026-09-05T07:33:12.679Z [8a2eafa9-9656-4557-be4c-54339ffcbd22][bb1fc585-f087-407a-b043-49c06e320521] Ref image 2/7: attaching reference image...
2026-09-05T07:33:13.349Z [e903a48b-0cce-45e0-ab3c-bfb73188cf67][bb1fc585-f087-407a-b043-49c06e320521] Composer ready ✓ (UI language: en)
2026-09-05T07:33:13.416Z [e903a48b-0cce-45e0-ab3c-bfb73188cf67][bb1fc585-f087-407a-b043-49c06e320521] dismissPopups: unresolved overlay(s) ["DIV[]|btns=","DIV[]|btns="]
2026-09-05T07:33:13.442Z [e903a48b-0cce-45e0-ab3c-bfb73188cf67][bb1fc585-f087-407a-b043-49c06e320521] Agent toggle aria-pressed=false
2026-09-05T07:33:13.442Z [e903a48b-0cce-45e0-ab3c-bfb73188cf67][bb1fc585-f087-407a-b043-49c06e320521] Opening settings...
2026-09-05T07:33:14.765Z [bf8c9b10-87a3-4bb3-94f4-b2a4126fed7e][bb1fc585-f087-407a-b043-49c06e320521] Generating... 3 ready, 0 failed / 4 total (70s)
2026-09-05T07:33:14.881Z [87862fff-0ba3-493e-95ed-dd990ce200f7][bb1fc585-f087-407a-b043-49c06e320521] Generating... 0 ready, 0 failed / 4 total (15s) image 99% [BỐI CẢNH] image 99% [BỐI CẢNH] image 99% [BỐI CẢNH] image 99% [BỐI CẢNH]
2026-09-05T07:33:15.018Z [8a2eafa9-9656-4557-be4c-54339ffcbd22][bb1fc585-f087-407a-b043-49c06e320521] Ref image 2/7: reusing library asset "Arlo Water Park Day.jpeg" (no re-upload).
2026-09-05T07:33:15.523Z [e903a48b-0cce-45e0-ab3c-bfb73188cf67][bb1fc585-f087-407a-b043-49c06e320521] Configuring image settings...
2026-09-05T07:33:17.111Z [e903a48b-0cce-45e0-ab3c-bfb73188cf67][bb1fc585-f087-407a-b043-49c06e320521] Mode: selected "image Image" ✓
2026-09-05T07:33:17.783Z [bf8c9b10-87a3-4bb3-94f4-b2a4126fed7e][bb1fc585-f087-407a-b043-49c06e320521] Generating... 3 ready, 0 failed / 4 total (73s)
2026-09-05T07:33:17.906Z [87862fff-0ba3-493e-95ed-dd990ce200f7][bb1fc585-f087-407a-b043-49c06e320521] Generating... 0 ready, 0 failed / 4 total (18s) image 99% [BỐI CẢNH] image 99% [BỐI CẢNH] image 99% [BỐI CẢNH] image 99% [BỐI CẢNH]
2026-09-05T07:33:18.611Z [8a2eafa9-9656-4557-be4c-54339ffcbd22][bb1fc585-f087-407a-b043-49c06e320521] Ref image 2/7: chips 1→2 ✓
2026-09-05T07:33:19.634Z [8a2eafa9-9656-4557-be4c-54339ffcbd22][bb1fc585-f087-407a-b043-49c06e320521] Ref image 3/7: downloading from URL...
2026-09-05T07:33:20.042Z [8a2eafa9-9656-4557-be4c-54339ffcbd22][bb1fc585-f087-407a-b043-49c06e320521] Ref image 3/7: saved 628888 bytes (image/jpeg) as "Nessa Water Park Day.jpeg"
2026-09-05T07:33:20.045Z [8a2eafa9-9656-4557-be4c-54339ffcbd22][bb1fc585-f087-407a-b043-49c06e320521] Ref image 3/7: attaching reference image...
2026-09-05T07:33:20.804Z [bf8c9b10-87a3-4bb3-94f4-b2a4126fed7e][bb1fc585-f087-407a-b043-49c06e320521] Generating... 3 ready, 0 failed / 4 total (76s)
2026-09-05T07:33:20.922Z [87862fff-0ba3-493e-95ed-dd990ce200f7][bb1fc585-f087-407a-b043-49c06e320521] Generating... 0 ready, 0 failed / 4 total (21s) image 99% [BỐI CẢNH] image 99% [BỐI CẢNH] image 99% [BỐI CẢNH] image 99% [BỐI CẢNH]
2026-09-05T07:33:22.309Z [8a2eafa9-9656-4557-be4c-54339ffcbd22][bb1fc585-f087-407a-b043-49c06e320521] Ref image 3/7: reusing library asset "Nessa Water Park Day.jpeg" (no re-upload).
2026-09-05T07:33:22.362Z [e903a48b-0cce-45e0-ab3c-bfb73188cf67][bb1fc585-f087-407a-b043-49c06e320521] Model: selected "🍌 Nano Banana 2" ✓
2026-09-05T07:33:23.030Z [e903a48b-0cce-45e0-ab3c-bfb73188cf67][bb1fc585-f087-407a-b043-49c06e320521] Aspect ratio: "crop_16_9 16:9" already selected ✓
2026-09-05T07:33:23.825Z [bf8c9b10-87a3-4bb3-94f4-b2a4126fed7e][bb1fc585-f087-407a-b043-49c06e320521] Generating... 3 ready, 0 failed / 4 total (79s)
2026-09-05T07:33:23.947Z [87862fff-0ba3-493e-95ed-dd990ce200f7][bb1fc585-f087-407a-b043-49c06e320521] Generating... 0 ready, 0 failed / 4 total (24s) image 99% [BỐI CẢNH] image 99% [BỐI CẢNH] image 99% [BỐI CẢNH] image 99% [BỐI CẢNH]
2026-09-05T07:33:24.292Z [e903a48b-0cce-45e0-ab3c-bfb73188cf67][bb1fc585-f087-407a-b043-49c06e320521] Output count: selected "x4" ✓
2026-09-05T07:33:25.298Z [e903a48b-0cce-45e0-ab3c-bfb73188cf67][bb1fc585-f087-407a-b043-49c06e320521] Ref image 1/7: downloading from URL...
2026-09-05T07:33:25.493Z [e903a48b-0cce-45e0-ab3c-bfb73188cf67][bb1fc585-f087-407a-b043-49c06e320521] Downloader: no-proxy request context ready.
2026-09-05T07:33:26.041Z [8a2eafa9-9656-4557-be4c-54339ffcbd22][bb1fc585-f087-407a-b043-49c06e320521] Ref image 3/7: chips 2→3 ✓
2026-09-05T07:33:26.264Z [e903a48b-0cce-45e0-ab3c-bfb73188cf67][bb1fc585-f087-407a-b043-49c06e320521] Ref image 1/7: saved 468314 bytes (image/jpeg) as "Arlo Water Park Day.jpeg"
2026-09-05T07:33:26.268Z [e903a48b-0cce-45e0-ab3c-bfb73188cf67][bb1fc585-f087-407a-b043-49c06e320521] Ref image 1/7: attaching reference image...
2026-09-05T07:33:26.844Z [bf8c9b10-87a3-4bb3-94f4-b2a4126fed7e][bb1fc585-f087-407a-b043-49c06e320521] Generating... 3 ready, 0 failed / 4 total (82s)
2026-09-05T07:33:26.965Z [87862fff-0ba3-493e-95ed-dd990ce200f7][bb1fc585-f087-407a-b043-49c06e320521] Generating... 0 ready, 0 failed / 4 total (27s) image 99% [BỐI CẢNH] image 99% [BỐI CẢNH] image 99% [BỐI CẢNH] image 99% [BỐI CẢNH]
2026-09-05T07:33:27.536Z [8a2eafa9-9656-4557-be4c-54339ffcbd22][bb1fc585-f087-407a-b043-49c06e320521] Ref image 4/7: downloading from URL...
2026-09-05T07:33:28.042Z [8a2eafa9-9656-4557-be4c-54339ffcbd22][bb1fc585-f087-407a-b043-49c06e320521] Ref image 4/7: saved 549605 bytes (image/jpeg) as "Elara Water Park Day.jpeg"
2026-09-05T07:33:28.046Z [8a2eafa9-9656-4557-be4c-54339ffcbd22][bb1fc585-f087-407a-b043-49c06e320521] Ref image 4/7: attaching reference image...
2026-09-05T07:33:28.465Z [e903a48b-0cce-45e0-ab3c-bfb73188cf67][bb1fc585-f087-407a-b043-49c06e320521] Ref image 1/7: reusing library asset "Arlo Water Park Day.jpeg" (no re-upload).
2026-09-05T07:33:29.859Z [bf8c9b10-87a3-4bb3-94f4-b2a4126fed7e][bb1fc585-f087-407a-b043-49c06e320521] Generating... 3 ready, 0 failed / 4 total (85s)
2026-09-05T07:33:29.982Z [87862fff-0ba3-493e-95ed-dd990ce200f7][bb1fc585-f087-407a-b043-49c06e320521] Generating... 0 ready, 0 failed / 4 total (30s) image 99% [BỐI CẢNH] image 99% [BỐI CẢNH] image 99% [BỐI CẢNH] image 99% [BỐI CẢNH]
2026-09-05T07:33:30.068Z [8a2eafa9-9656-4557-be4c-54339ffcbd22][bb1fc585-f087-407a-b043-49c06e320521] Ref image 4/7: reusing library asset "Elara Water Park Day.jpeg" (no re-upload).
2026-09-05T07:33:31.958Z [e903a48b-0cce-45e0-ab3c-bfb73188cf67][bb1fc585-f087-407a-b043-49c06e320521] Ref image 1/7: chips 0→1 ✓
2026-09-05T07:33:32.874Z [bf8c9b10-87a3-4bb3-94f4-b2a4126fed7e][bb1fc585-f087-407a-b043-49c06e320521] Generating... 3 ready, 0 failed / 4 total (88s)
2026-09-05T07:33:32.998Z [87862fff-0ba3-493e-95ed-dd990ce200f7][bb1fc585-f087-407a-b043-49c06e320521] Generating... 0 ready, 0 failed / 4 total (33s) image 99% [BỐI CẢNH] image 99% [BỐI CẢNH] [BỐI CẢNH]Verdant Fa image 99% [BỐI CẢNH]
2026-09-05T07:33:33.078Z [8a2eafa9-9656-4557-be4c-54339ffcbd22][bb1fc585-f087-407a-b043-49c06e320521] Ref image 4/7: chips 3→4 ✓
2026-09-05T07:33:33.422Z [e903a48b-0cce-45e0-ab3c-bfb73188cf67][bb1fc585-f087-407a-b043-49c06e320521] Ref image 2/7: downloading from URL...
2026-09-05T07:33:34.256Z [e903a48b-0cce-45e0-ab3c-bfb73188cf67][bb1fc585-f087-407a-b043-49c06e320521] Ref image 2/7: saved 653843 bytes (image/jpeg) as "Graham Water Park Day.jpeg"
2026-09-05T07:33:34.259Z [e903a48b-0cce-45e0-ab3c-bfb73188cf67][bb1fc585-f087-407a-b043-49c06e320521] Ref image 2/7: attaching reference image...
2026-09-05T07:33:34.520Z [8a2eafa9-9656-4557-be4c-54339ffcbd22][bb1fc585-f087-407a-b043-49c06e320521] Ref image 5/7: downloading from URL...
2026-09-05T07:33:34.908Z [8a2eafa9-9656-4557-be4c-54339ffcbd22][bb1fc585-f087-407a-b043-49c06e320521] Ref image 5/7: saved 478546 bytes (image/jpeg) as "Verdant Water Park Three Child Extras.jpeg"
2026-09-05T07:33:34.912Z [8a2eafa9-9656-4557-be4c-54339ffcbd22][bb1fc585-f087-407a-b043-49c06e320521] Ref image 5/7: attaching reference image...
2026-09-05T07:33:35.897Z [bf8c9b10-87a3-4bb3-94f4-b2a4126fed7e][bb1fc585-f087-407a-b043-49c06e320521] Generating... 3 ready, 0 failed / 4 total (91s)
2026-09-05T07:33:36.014Z [87862fff-0ba3-493e-95ed-dd990ce200f7][bb1fc585-f087-407a-b043-49c06e320521] Generating... 1 ready, 0 failed / 4 total (36s) image 99% [BỐI CẢNH] image 99% [BỐI CẢNH] [BỐI CẢNH]Verdant Fa
2026-09-05T07:33:36.404Z [e903a48b-0cce-45e0-ab3c-bfb73188cf67][bb1fc585-f087-407a-b043-49c06e320521] Ref image 2/7: "Graham Water Park Day.jpeg" not in the library yet — uploading it first.
2026-09-05T07:33:37.235Z [8a2eafa9-9656-4557-be4c-54339ffcbd22][bb1fc585-f087-407a-b043-49c06e320521] Ref image 5/7: reusing library asset "Verdant Water Park Three Child Extras.jpeg" (no re-upload).
2026-09-05T07:33:38.914Z [bf8c9b10-87a3-4bb3-94f4-b2a4126fed7e][bb1fc585-f087-407a-b043-49c06e320521] Generating... 3 ready, 0 failed / 4 total (94s)
2026-09-05T07:33:39.031Z [87862fff-0ba3-493e-95ed-dd990ce200f7][bb1fc585-f087-407a-b043-49c06e320521] Generating... 2 ready, 0 failed / 4 total (39s) image 99% [BỐI CẢNH] [BỐI CẢNH]Verdant Fa
2026-09-05T07:33:40.214Z [e903a48b-0cce-45e0-ab3c-bfb73188cf67][bb1fc585-f087-407a-b043-49c06e320521] Ref image 2/7: uploading "Graham Water Park Day.jpeg" to the project library...
2026-09-05T07:33:40.677Z [8a2eafa9-9656-4557-be4c-54339ffcbd22][bb1fc585-f087-407a-b043-49c06e320521] Ref image 5/7: chips 4→5 ✓
2026-09-05T07:33:41.005Z [e903a48b-0cce-45e0-ab3c-bfb73188cf67][bb1fc585-f087-407a-b043-49c06e320521] Ref image 2/7: upload finished ✓
2026-09-05T07:33:41.856Z [8a2eafa9-9656-4557-be4c-54339ffcbd22][bb1fc585-f087-407a-b043-49c06e320521] Ref image 6/7: downloading from URL...
2026-09-05T07:33:41.933Z [bf8c9b10-87a3-4bb3-94f4-b2a4126fed7e][bb1fc585-f087-407a-b043-49c06e320521] Generating... 3 ready, 0 failed / 4 total (97s)
2026-09-05T07:33:42.046Z [87862fff-0ba3-493e-95ed-dd990ce200f7][bb1fc585-f087-407a-b043-49c06e320521] Generating... 3 ready, 0 failed / 4 total (42s) image 99% [BỐI CẢNH]
2026-09-05T07:33:42.181Z [8a2eafa9-9656-4557-be4c-54339ffcbd22][bb1fc585-f087-407a-b043-49c06e320521] Ref image 6/7: saved 289545 bytes (image/jpeg) as "Graham Family Smartphone.jpeg"
2026-09-05T07:33:42.183Z [8a2eafa9-9656-4557-be4c-54339ffcbd22][bb1fc585-f087-407a-b043-49c06e320521] Ref image 6/7: attaching reference image...
2026-09-05T07:33:44.305Z [8a2eafa9-9656-4557-be4c-54339ffcbd22][bb1fc585-f087-407a-b043-49c06e320521] Ref image 6/7: reusing library asset "Graham Family Smartphone.jpeg" (no re-upload).
2026-09-05T07:33:44.948Z [bf8c9b10-87a3-4bb3-94f4-b2a4126fed7e][bb1fc585-f087-407a-b043-49c06e320521] Generating... 3 ready, 0 failed / 4 total (100s)
2026-09-05T07:33:45.063Z [87862fff-0ba3-493e-95ed-dd990ce200f7][bb1fc585-f087-407a-b043-49c06e320521] Generating... 3 ready, 0 failed / 4 total (45s) image 99% [BỐI CẢNH]
2026-09-05T07:33:47.238Z [8a2eafa9-9656-4557-be4c-54339ffcbd22][bb1fc585-f087-407a-b043-49c06e320521] Ref image 6/7: chips 5→6 ✓
2026-09-05T07:33:47.965Z [bf8c9b10-87a3-4bb3-94f4-b2a4126fed7e][bb1fc585-f087-407a-b043-49c06e320521] Generating... 3 ready, 0 failed / 4 total (103s)
2026-09-05T07:33:48.082Z [87862fff-0ba3-493e-95ed-dd990ce200f7][bb1fc585-f087-407a-b043-49c06e320521] Generating... 3 ready, 0 failed / 4 total (48s) image 99% [BỐI CẢNH]
2026-09-05T07:33:48.961Z [8a2eafa9-9656-4557-be4c-54339ffcbd22][bb1fc585-f087-407a-b043-49c06e320521] Ref image 7/7: downloading from URL...
2026-09-05T07:33:49.346Z [8a2eafa9-9656-4557-be4c-54339ffcbd22][bb1fc585-f087-407a-b043-49c06e320521] Ref image 7/7: saved 926103 bytes (image/jpeg) as "Verdant Family Water Park Master.jpeg"
2026-09-05T07:33:49.352Z [8a2eafa9-9656-4557-be4c-54339ffcbd22][bb1fc585-f087-407a-b043-49c06e320521] Ref image 7/7: attaching reference image...
2026-09-05T07:33:50.478Z [e903a48b-0cce-45e0-ab3c-bfb73188cf67][bb1fc585-f087-407a-b043-49c06e320521] Ref image 2/7: chips 1→2 ✓
2026-09-05T07:33:50.982Z [bf8c9b10-87a3-4bb3-94f4-b2a4126fed7e][bb1fc585-f087-407a-b043-49c06e320521] Generating... 3 ready, 0 failed / 4 total (106s)
2026-09-05T07:33:51.110Z [87862fff-0ba3-493e-95ed-dd990ce200f7][bb1fc585-f087-407a-b043-49c06e320521] Generating... 3 ready, 0 failed / 4 total (51s) image 99% [BỐI CẢNH]
2026-09-05T07:33:51.560Z [8a2eafa9-9656-4557-be4c-54339ffcbd22][bb1fc585-f087-407a-b043-49c06e320521] Ref image 7/7: reusing library asset "Verdant Family Water Park Master.jpeg" (no re-upload).
2026-09-05T07:33:51.672Z [e903a48b-0cce-45e0-ab3c-bfb73188cf67][bb1fc585-f087-407a-b043-49c06e320521] Ref image 3/7: downloading from URL...
2026-09-05T07:33:52.092Z [e903a48b-0cce-45e0-ab3c-bfb73188cf67][bb1fc585-f087-407a-b043-49c06e320521] Ref image 3/7: saved 628888 bytes (image/jpeg) as "Nessa Water Park Day.jpeg"
2026-09-05T07:33:52.095Z [e903a48b-0cce-45e0-ab3c-bfb73188cf67][bb1fc585-f087-407a-b043-49c06e320521] Ref image 3/7: attaching reference image...
2026-09-05T07:33:53.996Z [bf8c9b10-87a3-4bb3-94f4-b2a4126fed7e][bb1fc585-f087-407a-b043-49c06e320521] Generating... 3 ready, 0 failed / 4 total (109s)
2026-09-05T07:33:54.125Z [87862fff-0ba3-493e-95ed-dd990ce200f7][bb1fc585-f087-407a-b043-49c06e320521] Generating... 3 ready, 0 failed / 4 total (54s) [BỐI CẢNH]Verdant Fa
2026-09-05T07:33:54.286Z [e903a48b-0cce-45e0-ab3c-bfb73188cf67][bb1fc585-f087-407a-b043-49c06e320521] Ref image 3/7: reusing library asset "Nessa Water Park Day.jpeg" (no re-upload).
2026-09-05T07:33:55.207Z [8a2eafa9-9656-4557-be4c-54339ffcbd22][bb1fc585-f087-407a-b043-49c06e320521] Ref image 7/7: chips 6→7 ✓
2026-09-05T07:33:55.217Z [8a2eafa9-9656-4557-be4c-54339ffcbd22][bb1fc585-f087-407a-b043-49c06e320521] Entering prompt...
2026-09-05T07:33:57.011Z [bf8c9b10-87a3-4bb3-94f4-b2a4126fed7e][bb1fc585-f087-407a-b043-49c06e320521] Generating... 3 ready, 0 failed / 4 total (112s)
2026-09-05T07:33:57.146Z [87862fff-0ba3-493e-95ed-dd990ce200f7][bb1fc585-f087-407a-b043-49c06e320521] Generating... 4 ready, 0 failed / 4 total (57s)
2026-09-05T07:33:57.146Z [87862fff-0ba3-493e-95ed-dd990ce200f7][bb1fc585-f087-407a-b043-49c06e320521] Batch done: 4 ready (target 4), 0 failed, scanned 4.
2026-09-05T07:33:57.146Z [87862fff-0ba3-493e-95ed-dd990ce200f7][bb1fc585-f087-407a-b043-49c06e320521] 4 item(s) ready! Downloading...
2026-09-05T07:33:57.148Z [87862fff-0ba3-493e-95ed-dd990ce200f7][bb1fc585-f087-407a-b043-49c06e320521] Item 1: Downloading from URL https://flow-content.google/image/d7e9f0ab-f22f-4691-a896-fd552100580b?Expires=1788615176&KeyName=labs-flow-prod-cdn-key&Signature=31hDwvax9ddCGM-vV6Bn2QS4pRo
2026-09-05T07:33:57.167Z [8a2eafa9-9656-4557-be4c-54339ffcbd22][bb1fc585-f087-407a-b043-49c06e320521] Prompt is 2382 chars — typing it in 33 chunk(s).
2026-09-05T07:33:57.460Z [87862fff-0ba3-493e-95ed-dd990ce200f7][bb1fc585-f087-407a-b043-49c06e320521] Downloaded 1/4: winai_2026-09-05T07-33-57_01.jpg
2026-09-05T07:33:57.461Z [87862fff-0ba3-493e-95ed-dd990ce200f7][bb1fc585-f087-407a-b043-49c06e320521] Item 2: Downloading from URL https://flow-content.google/image/6cb0e5b4-3e18-42ea-bb03-4135de08034c?Expires=1788615175&KeyName=labs-flow-prod-cdn-key&Signature=4OS2bX5wFjAYMjxsJy1tgYKcYro
2026-09-05T07:33:57.493Z [e903a48b-0cce-45e0-ab3c-bfb73188cf67][bb1fc585-f087-407a-b043-49c06e320521] Ref image 3/7: chips 2→3 ✓
2026-09-05T07:33:57.560Z [87862fff-0ba3-493e-95ed-dd990ce200f7][bb1fc585-f087-407a-b043-49c06e320521] Downloaded 2/4: winai_2026-09-05T07-33-57_02.jpg
2026-09-05T07:33:57.561Z [87862fff-0ba3-493e-95ed-dd990ce200f7][bb1fc585-f087-407a-b043-49c06e320521] Item 3: Downloading from URL https://flow-content.google/image/2e4b2682-69fa-4d3a-b213-ca7ef58cb252?Expires=1788615174&KeyName=labs-flow-prod-cdn-key&Signature=v0PDwhFJtnLSYF8F-pgZqssJSss
2026-09-05T07:33:57.631Z [87862fff-0ba3-493e-95ed-dd990ce200f7][bb1fc585-f087-407a-b043-49c06e320521] Downloaded 3/4: winai_2026-09-05T07-33-57_03.jpg
2026-09-05T07:33:57.632Z [87862fff-0ba3-493e-95ed-dd990ce200f7][bb1fc585-f087-407a-b043-49c06e320521] Item 4: Downloading from URL https://flow-content.google/image/1f646472-17a2-40cd-9768-8274dd4b9e08?Expires=1788615174&KeyName=labs-flow-prod-cdn-key&Signature=gEOLpmM24gpEzDEoVtn3cII_0AE
2026-09-05T07:33:57.701Z [87862fff-0ba3-493e-95ed-dd990ce200f7][bb1fc585-f087-407a-b043-49c06e320521] Downloaded 4/4: winai_2026-09-05T07-33-57_04.jpg
2026-09-05T07:33:57.701Z [87862fff-0ba3-493e-95ed-dd990ce200f7][bb1fc585-f087-407a-b043-49c06e320521] ✅ 4 item(s) saved to Downloads/Win AI Toolkit/
2026-09-05T07:33:58.013Z [87862fff-0ba3-493e-95ed-dd990ce200f7][bb1fc585-f087-407a-b043-49c06e320521] Item 2: Uploaded → https://studio.xanhmedia.vn/uploads/2026-09/1788593637702_daf26f_bb1fc585-f087-407a-b043-49c06e320521_878.jpg
2026-09-05T07:33:58.022Z [87862fff-0ba3-493e-95ed-dd990ce200f7][bb1fc585-f087-407a-b043-49c06e320521] Item 4: Uploaded → https://studio.xanhmedia.vn/uploads/2026-09/1788593637709_85511e_bb1fc585-f087-407a-b043-49c06e320521_878.jpg
2026-09-05T07:33:58.034Z [13afcab0-1832-4bdc-ae22-6a41b103e5d5][bb1fc585-f087-407a-b043-49c06e320521] runGeneration starting: task_id=13afcab0-1832-4bdc-ae22-6a41b103e5d5, profile_id=bb1fc585-f087-407a-b043-49c06e320521, target_site=google_flow
2026-09-05T07:33:58.035Z [13afcab0-1832-4bdc-ae22-6a41b103e5d5][bb1fc585-f087-407a-b043-49c06e320521] Opening Playwright browser with persistent profile cookies...
2026-09-05T07:33:58.036Z [87862fff-0ba3-493e-95ed-dd990ce200f7][bb1fc585-f087-407a-b043-49c06e320521] Item 1: Uploaded → https://studio.xanhmedia.vn/uploads/2026-09/1788593637732_1d8151_bb1fc585-f087-407a-b043-49c06e320521_878.jpg
2026-09-05T07:33:58.036Z [13afcab0-1832-4bdc-ae22-6a41b103e5d5][bb1fc585-f087-407a-b043-49c06e320521] Browser engine: winhide (C:\Users\Admin\AppData\Roaming\com.tank.winai\winhide\chrome.exe) [hidden off-screen]
2026-09-05T07:33:58.037Z [13afcab0-1832-4bdc-ae22-6a41b103e5d5][bb1fc585-f087-407a-b043-49c06e320521] Launch mode: STEALTH (raw spawn + connectOverCDP)
2026-09-05T07:33:58.129Z [87862fff-0ba3-493e-95ed-dd990ce200f7][bb1fc585-f087-407a-b043-49c06e320521] Item 3: Uploaded → https://studio.xanhmedia.vn/uploads/2026-09/1788593637819_d19ba5_bb1fc585-f087-407a-b043-49c06e320521_878.jpg
2026-09-05T07:33:58.131Z [87862fff-0ba3-493e-95ed-dd990ce200f7][bb1fc585-f087-407a-b043-49c06e320521] All done (including any 1080p upgrades). Closing Playwright browser context.
2026-09-05T07:33:58.845Z [e903a48b-0cce-45e0-ab3c-bfb73188cf67][bb1fc585-f087-407a-b043-49c06e320521] Ref image 4/7: downloading from URL...
2026-09-05T07:33:59.263Z [e903a48b-0cce-45e0-ab3c-bfb73188cf67][bb1fc585-f087-407a-b043-49c06e320521] Ref image 4/7: saved 549605 bytes (image/jpeg) as "Elara Water Park Day.jpeg"
2026-09-05T07:33:59.267Z [e903a48b-0cce-45e0-ab3c-bfb73188cf67][bb1fc585-f087-407a-b043-49c06e320521] Ref image 4/7: attaching reference image...
2026-09-05T07:33:59.375Z [13afcab0-1832-4bdc-ae22-6a41b103e5d5][bb1fc585-f087-407a-b043-49c06e320521] Exit IP: 115.74.128.9
2026-09-05T07:33:59.375Z [13afcab0-1832-4bdc-ae22-6a41b103e5d5][bb1fc585-f087-407a-b043-49c06e320521] Navigating browser to Google Flow tools page...
2026-09-05T07:33:59.376Z [13afcab0-1832-4bdc-ae22-6a41b103e5d5][bb1fc585-f087-407a-b043-49c06e320521] Using existing project URL: https://flow.google.com/project/c2a607c5-d833-4be1-8108-407b74d4ed85?hl=en
2026-09-05T07:34:00.028Z [bf8c9b10-87a3-4bb3-94f4-b2a4126fed7e][bb1fc585-f087-407a-b043-49c06e320521] Generating... 3 ready, 0 failed / 4 total (115s)
2026-09-05T07:34:00.292Z [13afcab0-1832-4bdc-ae22-6a41b103e5d5][bb1fc585-f087-407a-b043-49c06e320521] Waiting for Google Flow...
2026-09-05T07:34:00.958Z [e903a48b-0cce-45e0-ab3c-bfb73188cf67][bb1fc585-f087-407a-b043-49c06e320521] Ref image 4/7: "Elara Water Park Day.jpeg" not in the library yet — uploading it first.
2026-09-05T07:34:01.996Z [13afcab0-1832-4bdc-ae22-6a41b103e5d5][bb1fc585-f087-407a-b043-49c06e320521] In existing project ✓
2026-09-05T07:34:03.046Z [13afcab0-1832-4bdc-ae22-6a41b103e5d5][bb1fc585-f087-407a-b043-49c06e320521] dismissPopups: unresolved overlay(s) ["IFRAME[presentation]|btns="]
2026-09-05T07:34:03.047Z [bf8c9b10-87a3-4bb3-94f4-b2a4126fed7e][bb1fc585-f087-407a-b043-49c06e320521] Generating... 3 ready, 0 failed / 4 total (118s)
2026-09-05T07:34:05.709Z [e903a48b-0cce-45e0-ab3c-bfb73188cf67][bb1fc585-f087-407a-b043-49c06e320521] Ref image 4/7: uploading "Elara Water Park Day.jpeg" to the project library...
2026-09-05T07:34:06.074Z [bf8c9b10-87a3-4bb3-94f4-b2a4126fed7e][bb1fc585-f087-407a-b043-49c06e320521] Generating... 3 ready, 0 failed / 4 total (121s)
2026-09-05T07:34:06.118Z [13afcab0-1832-4bdc-ae22-6a41b103e5d5][bb1fc585-f087-407a-b043-49c06e320521] Composer ready ✓ (UI language: en)
2026-09-05T07:34:06.139Z [13afcab0-1832-4bdc-ae22-6a41b103e5d5][bb1fc585-f087-407a-b043-49c06e320521] dismissPopups: unresolved overlay(s) ["DIV[]|btns=","DIV[]|btns="]
2026-09-05T07:34:06.154Z [13afcab0-1832-4bdc-ae22-6a41b103e5d5][bb1fc585-f087-407a-b043-49c06e320521] Agent toggle aria-pressed=false
2026-09-05T07:34:06.154Z [13afcab0-1832-4bdc-ae22-6a41b103e5d5][bb1fc585-f087-407a-b043-49c06e320521] Opening settings...
2026-09-05T07:34:06.782Z [e903a48b-0cce-45e0-ab3c-bfb73188cf67][bb1fc585-f087-407a-b043-49c06e320521] Ref image 4/7: upload finished ✓
2026-09-05T07:34:07.767Z [13afcab0-1832-4bdc-ae22-6a41b103e5d5][bb1fc585-f087-407a-b043-49c06e320521] Configuring image settings...
2026-09-05T07:34:09.089Z [bf8c9b10-87a3-4bb3-94f4-b2a4126fed7e][bb1fc585-f087-407a-b043-49c06e320521] Generating... 3 ready, 0 failed / 4 total (124s)
2026-09-05T07:34:09.284Z [13afcab0-1832-4bdc-ae22-6a41b103e5d5][bb1fc585-f087-407a-b043-49c06e320521] Mode: selected "image Image" ✓
2026-09-05T07:34:11.787Z [8a2eafa9-9656-4557-be4c-54339ffcbd22][bb1fc585-f087-407a-b043-49c06e320521] Prompt insert attempt 1: editor has 2327 chars (want ~2375) ✓
2026-09-05T07:34:12.110Z [bf8c9b10-87a3-4bb3-94f4-b2a4126fed7e][bb1fc585-f087-407a-b043-49c06e320521] Generating... 3 ready, 0 failed / 4 total (127s)
2026-09-05T07:34:13.374Z [8a2eafa9-9656-4557-be4c-54339ffcbd22][bb1fc585-f087-407a-b043-49c06e320521] Baseline: 49 pre-existing media tile(s) of 49 mounted (kinds: image,image,image,image,image,image,image,image,image,image,image,image,image,image,image,image,image,image,image,image,image,image,image,image,image,image,image,image,image,image,image,image,image,image,image,image,image,image,image,video,video,image,video,video,image,video,image,video,video).
2026-09-05T07:34:14.544Z [13afcab0-1832-4bdc-ae22-6a41b103e5d5][bb1fc585-f087-407a-b043-49c06e320521] Model: selected "🍌 Nano Banana 2" ✓
2026-09-05T07:34:15.140Z [bf8c9b10-87a3-4bb3-94f4-b2a4126fed7e][bb1fc585-f087-407a-b043-49c06e320521] Generating... 3 ready, 0 failed / 4 total (130s)
2026-09-05T07:34:15.329Z [13afcab0-1832-4bdc-ae22-6a41b103e5d5][bb1fc585-f087-407a-b043-49c06e320521] Aspect ratio: "crop_16_9 16:9" already selected ✓
2026-09-05T07:34:15.490Z [8a2eafa9-9656-4557-be4c-54339ffcbd22][bb1fc585-f087-407a-b043-49c06e320521] [submit] confirmed (editor "What do you want to ", fresh tile=true).
2026-09-05T07:34:16.036Z [8a2eafa9-9656-4557-be4c-54339ffcbd22][bb1fc585-f087-407a-b043-49c06e320521] Current Workspace project URL: https://flow.google.com/project/cae2bf2b-d1b8-40f9-a300-9f2aa6276ea5?hl=en
2026-09-05T07:34:16.036Z [8a2eafa9-9656-4557-be4c-54339ffcbd22][bb1fc585-f087-407a-b043-49c06e320521] Submitted ✓ Detecting batch size...
2026-09-05T07:34:16.049Z [8a2eafa9-9656-4557-be4c-54339ffcbd22][bb1fc585-f087-407a-b043-49c06e320521] New tile(s) since submit: 0 → 4 (mounted=48)
2026-09-05T07:34:16.837Z [13afcab0-1832-4bdc-ae22-6a41b103e5d5][bb1fc585-f087-407a-b043-49c06e320521] Output count: selected "x4" ✓
2026-09-05T07:34:17.702Z [13afcab0-1832-4bdc-ae22-6a41b103e5d5][bb1fc585-f087-407a-b043-49c06e320521] Ref image 1/6: downloading from URL...
2026-09-05T07:34:17.887Z [13afcab0-1832-4bdc-ae22-6a41b103e5d5][bb1fc585-f087-407a-b043-49c06e320521] Downloader: no-proxy request context ready.
2026-09-05T07:34:18.157Z [bf8c9b10-87a3-4bb3-94f4-b2a4126fed7e][bb1fc585-f087-407a-b043-49c06e320521] Generating... 3 ready, 0 failed / 4 total (133s)
2026-09-05T07:34:18.530Z [e903a48b-0cce-45e0-ab3c-bfb73188cf67][bb1fc585-f087-407a-b043-49c06e320521] Ref image 4/7: chips 3→4 ✓
2026-09-05T07:34:18.660Z [13afcab0-1832-4bdc-ae22-6a41b103e5d5][bb1fc585-f087-407a-b043-49c06e320521] Ref image 1/6: saved 468314 bytes (image/jpeg) as "Arlo Water Park Day.jpeg"
2026-09-05T07:34:18.664Z [13afcab0-1832-4bdc-ae22-6a41b103e5d5][bb1fc585-f087-407a-b043-49c06e320521] Ref image 1/6: attaching reference image...
2026-09-05T07:34:19.785Z [e903a48b-0cce-45e0-ab3c-bfb73188cf67][bb1fc585-f087-407a-b043-49c06e320521] Ref image 5/7: downloading from URL...
2026-09-05T07:34:20.193Z [8a2eafa9-9656-4557-be4c-54339ffcbd22][bb1fc585-f087-407a-b043-49c06e320521] Batch size stabilised at 4 new tile(s)
2026-09-05T07:34:20.194Z [8a2eafa9-9656-4557-be4c-54339ffcbd22][bb1fc585-f087-407a-b043-49c06e320521] Batch detected: 4 item(s). Generating...
2026-09-05T07:34:20.194Z [8a2eafa9-9656-4557-be4c-54339ffcbd22][bb1fc585-f087-407a-b043-49c06e320521] Polling for 4 image item(s) (baseline=49, hasUpload=true)...
2026-09-05T07:34:20.208Z [e903a48b-0cce-45e0-ab3c-bfb73188cf67][bb1fc585-f087-407a-b043-49c06e320521] Ref image 5/7: saved 478546 bytes (image/jpeg) as "Verdant Water Park Three Child Extras.jpeg"
2026-09-05T07:34:20.207Z [8a2eafa9-9656-4557-be4c-54339ffcbd22][bb1fc585-f087-407a-b043-49c06e320521] Generating... 0 ready, 0 failed / 4 total (0s) image 34% [BỐI CẢNH] image 34% [BỐI CẢNH] image 34% [BỐI CẢNH] image 34% [BỐI CẢNH]
2026-09-05T07:34:20.212Z [e903a48b-0cce-45e0-ab3c-bfb73188cf67][bb1fc585-f087-407a-b043-49c06e320521] Ref image 5/7: attaching reference image...
2026-09-05T07:34:20.891Z [13afcab0-1832-4bdc-ae22-6a41b103e5d5][bb1fc585-f087-407a-b043-49c06e320521] Ref image 1/6: reusing library asset "Arlo Water Park Day.jpeg" (no re-upload).
2026-09-05T07:34:21.177Z [bf8c9b10-87a3-4bb3-94f4-b2a4126fed7e][bb1fc585-f087-407a-b043-49c06e320521] Generating... 3 ready, 0 failed / 4 total (136s)
2026-09-05T07:34:22.398Z [e903a48b-0cce-45e0-ab3c-bfb73188cf67][bb1fc585-f087-407a-b043-49c06e320521] Ref image 5/7: reusing library asset "Verdant Water Park Three Child Extras.jpeg" (no re-upload).
2026-09-05T07:34:23.230Z [8a2eafa9-9656-4557-be4c-54339ffcbd22][bb1fc585-f087-407a-b043-49c06e320521] Generating... 0 ready, 0 failed / 4 total (3s) image 54% [BỐI CẢNH] image 54% [BỐI CẢNH] image 54% [BỐI CẢNH] image 54% [BỐI CẢNH]
2026-09-05T07:34:24.194Z [bf8c9b10-87a3-4bb3-94f4-b2a4126fed7e][bb1fc585-f087-407a-b043-49c06e320521] Generating... 3 ready, 0 failed / 4 total (139s)
2026-09-05T07:34:24.625Z [13afcab0-1832-4bdc-ae22-6a41b103e5d5][bb1fc585-f087-407a-b043-49c06e320521] Ref image 1/6: chips 0→1 ✓
2026-09-05T07:34:25.779Z [e903a48b-0cce-45e0-ab3c-bfb73188cf67][bb1fc585-f087-407a-b043-49c06e320521] Ref image 5/7: chips 4→5 ✓
2026-09-05T07:34:26.233Z [13afcab0-1832-4bdc-ae22-6a41b103e5d5][bb1fc585-f087-407a-b043-49c06e320521] Ref image 2/6: downloading from URL...
2026-09-05T07:34:26.254Z [8a2eafa9-9656-4557-be4c-54339ffcbd22][bb1fc585-f087-407a-b043-49c06e320521] Generating... 0 ready, 0 failed / 4 total (6s) image 74% [BỐI CẢNH] image 74% [BỐI CẢNH] image 74% [BỐI CẢNH] image 74% [BỐI CẢNH]
2026-09-05T07:34:26.694Z [13afcab0-1832-4bdc-ae22-6a41b103e5d5][bb1fc585-f087-407a-b043-49c06e320521] Ref image 2/6: saved 628888 bytes (image/jpeg) as "Nessa Water Park Day.jpeg"
2026-09-05T07:34:26.703Z [13afcab0-1832-4bdc-ae22-6a41b103e5d5][bb1fc585-f087-407a-b043-49c06e320521] Ref image 2/6: attaching reference image...
2026-09-05T07:34:27.206Z [bf8c9b10-87a3-4bb3-94f4-b2a4126fed7e][bb1fc585-f087-407a-b043-49c06e320521] Generating... 3 ready, 0 failed / 4 total (142s)
2026-09-05T07:34:27.430Z [e903a48b-0cce-45e0-ab3c-bfb73188cf67][bb1fc585-f087-407a-b043-49c06e320521] Ref image 6/7: downloading from URL...
2026-09-05T07:34:27.782Z [e903a48b-0cce-45e0-ab3c-bfb73188cf67][bb1fc585-f087-407a-b043-49c06e320521] Ref image 6/7: saved 289545 bytes (image/jpeg) as "Graham Family Smartphone.jpeg"
2026-09-05T07:34:27.786Z [e903a48b-0cce-45e0-ab3c-bfb73188cf67][bb1fc585-f087-407a-b043-49c06e320521] Ref image 6/7: attaching reference image...
2026-09-05T07:34:28.759Z [13afcab0-1832-4bdc-ae22-6a41b103e5d5][bb1fc585-f087-407a-b043-49c06e320521] Ref image 2/6: reusing library asset "Nessa Water Park Day.jpeg" (no re-upload).
2026-09-05T07:34:29.276Z [8a2eafa9-9656-4557-be4c-54339ffcbd22][bb1fc585-f087-407a-b043-49c06e320521] Generating... 0 ready, 0 failed / 4 total (9s) image 94% [BỐI CẢNH] image 94% [BỐI CẢNH] image 94% [BỐI CẢNH] image 94% [BỐI CẢNH]
2026-09-05T07:34:29.928Z [e903a48b-0cce-45e0-ab3c-bfb73188cf67][bb1fc585-f087-407a-b043-49c06e320521] Ref image 6/7: "Graham Family Smartphone.jpeg" not in the library yet — uploading it first.
2026-09-05T07:34:30.226Z [bf8c9b10-87a3-4bb3-94f4-b2a4126fed7e][bb1fc585-f087-407a-b043-49c06e320521] Generating... 3 ready, 0 failed / 4 total (145s)
2026-09-05T07:34:31.972Z [13afcab0-1832-4bdc-ae22-6a41b103e5d5][bb1fc585-f087-407a-b043-49c06e320521] Ref image 2/6: chips 1→2 ✓
2026-09-05T07:34:32.293Z [8a2eafa9-9656-4557-be4c-54339ffcbd22][bb1fc585-f087-407a-b043-49c06e320521] Generating... 0 ready, 0 failed / 4 total (12s) image 99% [BỐI CẢNH] image 99% [BỐI CẢNH] image 99% [BỐI CẢNH] image 99% [BỐI CẢNH]
2026-09-05T07:34:33.250Z [bf8c9b10-87a3-4bb3-94f4-b2a4126fed7e][bb1fc585-f087-407a-b043-49c06e320521] Generating... 3 ready, 0 failed / 4 total (148s)
2026-09-05T07:34:33.563Z [e903a48b-0cce-45e0-ab3c-bfb73188cf67][bb1fc585-f087-407a-b043-49c06e320521] Ref image 6/7: uploading "Graham Family Smartphone.jpeg" to the project library...
2026-09-05T07:34:33.595Z [13afcab0-1832-4bdc-ae22-6a41b103e5d5][bb1fc585-f087-407a-b043-49c06e320521] Ref image 3/6: downloading from URL...
2026-09-05T07:34:33.975Z [13afcab0-1832-4bdc-ae22-6a41b103e5d5][bb1fc585-f087-407a-b043-49c06e320521] Ref image 3/6: saved 549605 bytes (image/jpeg) as "Elara Water Park Day.jpeg"
2026-09-05T07:34:33.978Z [13afcab0-1832-4bdc-ae22-6a41b103e5d5][bb1fc585-f087-407a-b043-49c06e320521] Ref image 3/6: attaching reference image...
2026-09-05T07:34:34.706Z [e903a48b-0cce-45e0-ab3c-bfb73188cf67][bb1fc585-f087-407a-b043-49c06e320521] Ref image 6/7: upload finished ✓
2026-09-05T07:34:35.313Z [8a2eafa9-9656-4557-be4c-54339ffcbd22][bb1fc585-f087-407a-b043-49c06e320521] Generating... 0 ready, 0 failed / 4 total (15s) image 99% [BỐI CẢNH] image 99% [BỐI CẢNH] image 99% [BỐI CẢNH] image 99% [BỐI CẢNH]
2026-09-05T07:34:36.142Z [13afcab0-1832-4bdc-ae22-6a41b103e5d5][bb1fc585-f087-407a-b043-49c06e320521] Ref image 3/6: reusing library asset "Elara Water Park Day.jpeg" (no re-upload).
2026-09-05T07:34:36.274Z [bf8c9b10-87a3-4bb3-94f4-b2a4126fed7e][bb1fc585-f087-407a-b043-49c06e320521] Generating... 3 ready, 0 failed / 4 total (151s)
2026-09-05T07:34:38.330Z [8a2eafa9-9656-4557-be4c-54339ffcbd22][bb1fc585-f087-407a-b043-49c06e320521] Generating... 0 ready, 0 failed / 4 total (18s) image 99% [BỐI CẢNH] image 99% [BỐI CẢNH] image 99% [BỐI CẢNH] image 99% [BỐI CẢNH]
2026-09-05T07:34:39.297Z [bf8c9b10-87a3-4bb3-94f4-b2a4126fed7e][bb1fc585-f087-407a-b043-49c06e320521] Generating... 3 ready, 0 failed / 4 total (154s)
2026-09-05T07:34:39.850Z [13afcab0-1832-4bdc-ae22-6a41b103e5d5][bb1fc585-f087-407a-b043-49c06e320521] Ref image 3/6: chips 2→3 ✓
2026-09-05T07:34:41.050Z [13afcab0-1832-4bdc-ae22-6a41b103e5d5][bb1fc585-f087-407a-b043-49c06e320521] Ref image 4/6: downloading from URL...
2026-09-05T07:34:41.352Z [8a2eafa9-9656-4557-be4c-54339ffcbd22][bb1fc585-f087-407a-b043-49c06e320521] Generating... 0 ready, 0 failed / 4 total (21s) image 99% [BỐI CẢNH] image 99% [BỐI CẢNH] image 99% [BỐI CẢNH] image 99% [BỐI CẢNH]
2026-09-05T07:34:41.490Z [13afcab0-1832-4bdc-ae22-6a41b103e5d5][bb1fc585-f087-407a-b043-49c06e320521] Ref image 4/6: saved 653843 bytes (image/jpeg) as "Graham Water Park Day.jpeg"
2026-09-05T07:34:41.494Z [13afcab0-1832-4bdc-ae22-6a41b103e5d5][bb1fc585-f087-407a-b043-49c06e320521] Ref image 4/6: attaching reference image...
2026-09-05T07:34:42.312Z [bf8c9b10-87a3-4bb3-94f4-b2a4126fed7e][bb1fc585-f087-407a-b043-49c06e320521] Generating... 3 ready, 0 failed / 4 total (157s)
2026-09-05T07:34:43.248Z [13afcab0-1832-4bdc-ae22-6a41b103e5d5][bb1fc585-f087-407a-b043-49c06e320521] Ref image 4/6: reusing library asset "Graham Water Park Day.jpeg" (no re-upload).
2026-09-05T07:34:43.429Z [e903a48b-0cce-45e0-ab3c-bfb73188cf67][bb1fc585-f087-407a-b043-49c06e320521] Ref image 6/7: chips 5→6 ✓
2026-09-05T07:34:44.377Z [8a2eafa9-9656-4557-be4c-54339ffcbd22][bb1fc585-f087-407a-b043-49c06e320521] Generating... 0 ready, 0 failed / 4 total (24s) image 99% [BỐI CẢNH] image 99% [BỐI CẢNH] image 99% [BỐI CẢNH] image 99% [BỐI CẢNH]
2026-09-05T07:34:44.768Z [e903a48b-0cce-45e0-ab3c-bfb73188cf67][bb1fc585-f087-407a-b043-49c06e320521] Ref image 7/7: downloading from URL...
2026-09-05T07:34:45.146Z [e903a48b-0cce-45e0-ab3c-bfb73188cf67][bb1fc585-f087-407a-b043-49c06e320521] Ref image 7/7: saved 926103 bytes (image/jpeg) as "Verdant Family Water Park Master.jpeg"
2026-09-05T07:34:45.148Z [e903a48b-0cce-45e0-ab3c-bfb73188cf67][bb1fc585-f087-407a-b043-49c06e320521] Ref image 7/7: attaching reference image...
2026-09-05T07:34:45.327Z [bf8c9b10-87a3-4bb3-94f4-b2a4126fed7e][bb1fc585-f087-407a-b043-49c06e320521] Generating... 3 ready, 0 failed / 4 total (160s)
2026-09-05T07:34:47.073Z [13afcab0-1832-4bdc-ae22-6a41b103e5d5][bb1fc585-f087-407a-b043-49c06e320521] Ref image 4/6: chips 3→4 ✓
2026-09-05T07:34:47.227Z [e903a48b-0cce-45e0-ab3c-bfb73188cf67][bb1fc585-f087-407a-b043-49c06e320521] Ref image 7/7: reusing library asset "Verdant Family Water Park Master.jpeg" (no re-upload).
2026-09-05T07:34:47.419Z [8a2eafa9-9656-4557-be4c-54339ffcbd22][bb1fc585-f087-407a-b043-49c06e320521] Generating... 0 ready, 0 failed / 4 total (27s) image 99% [BỐI CẢNH] image 99% [BỐI CẢNH] image 99% [BỐI CẢNH] image 99% [BỐI CẢNH]
2026-09-05T07:34:48.125Z [13afcab0-1832-4bdc-ae22-6a41b103e5d5][bb1fc585-f087-407a-b043-49c06e320521] Ref image 5/6: downloading from URL...
2026-09-05T07:34:48.351Z [bf8c9b10-87a3-4bb3-94f4-b2a4126fed7e][bb1fc585-f087-407a-b043-49c06e320521] Generating... 3 ready, 0 failed / 4 total (163s)
2026-09-05T07:34:48.474Z [13afcab0-1832-4bdc-ae22-6a41b103e5d5][bb1fc585-f087-407a-b043-49c06e320521] Ref image 5/6: saved 289545 bytes (image/jpeg) as "Graham Family Smartphone.jpeg"
2026-09-05T07:34:48.478Z [13afcab0-1832-4bdc-ae22-6a41b103e5d5][bb1fc585-f087-407a-b043-49c06e320521] Ref image 5/6: attaching reference image...
2026-09-05T07:34:50.435Z [8a2eafa9-9656-4557-be4c-54339ffcbd22][bb1fc585-f087-407a-b043-49c06e320521] Generating... 0 ready, 0 failed / 4 total (30s) image 99% [BỐI CẢNH] image 99% [BỐI CẢNH] image 99% [BỐI CẢNH] image 99% [BỐI CẢNH]
2026-09-05T07:34:50.550Z [e903a48b-0cce-45e0-ab3c-bfb73188cf67][bb1fc585-f087-407a-b043-49c06e320521] Ref image 7/7: chips 6→7 ✓
2026-09-05T07:34:50.561Z [e903a48b-0cce-45e0-ab3c-bfb73188cf67][bb1fc585-f087-407a-b043-49c06e320521] Entering prompt...
2026-09-05T07:34:50.620Z [13afcab0-1832-4bdc-ae22-6a41b103e5d5][bb1fc585-f087-407a-b043-49c06e320521] Ref image 5/6: reusing library asset "Graham Family Smartphone.jpeg" (no re-upload).
2026-09-05T07:34:51.374Z [bf8c9b10-87a3-4bb3-94f4-b2a4126fed7e][bb1fc585-f087-407a-b043-49c06e320521] Generating... 3 ready, 0 failed / 4 total (166s)
2026-09-05T07:34:52.615Z [e903a48b-0cce-45e0-ab3c-bfb73188cf67][bb1fc585-f087-407a-b043-49c06e320521] Prompt is 2391 chars — typing it in 32 chunk(s).
2026-09-05T07:34:53.455Z [8a2eafa9-9656-4557-be4c-54339ffcbd22][bb1fc585-f087-407a-b043-49c06e320521] Generating... 0 ready, 0 failed / 4 total (33s) image 99% [BỐI CẢNH] image 99% [BỐI CẢNH] image 99% [BỐI CẢNH] image 99% [BỐI CẢNH]
2026-09-05T07:34:53.494Z [13afcab0-1832-4bdc-ae22-6a41b103e5d5][bb1fc585-f087-407a-b043-49c06e320521] Ref image 5/6: chips 4→5 ✓
2026-09-05T07:34:54.399Z [bf8c9b10-87a3-4bb3-94f4-b2a4126fed7e][bb1fc585-f087-407a-b043-49c06e320521] Generating... 3 ready, 0 failed / 4 total (169s)
2026-09-05T07:34:54.851Z [13afcab0-1832-4bdc-ae22-6a41b103e5d5][bb1fc585-f087-407a-b043-49c06e320521] Ref image 6/6: downloading from URL...
2026-09-05T07:34:55.212Z [13afcab0-1832-4bdc-ae22-6a41b103e5d5][bb1fc585-f087-407a-b043-49c06e320521] Ref image 6/6: saved 926103 bytes (image/jpeg) as "Verdant Family Water Park Master.jpeg"
2026-09-05T07:34:55.215Z [13afcab0-1832-4bdc-ae22-6a41b103e5d5][bb1fc585-f087-407a-b043-49c06e320521] Ref image 6/6: attaching reference image...
2026-09-05T07:34:56.478Z [8a2eafa9-9656-4557-be4c-54339ffcbd22][bb1fc585-f087-407a-b043-49c06e320521] Generating... 0 ready, 0 failed / 4 total (36s) image 99% [BỐI CẢNH] image 99% [BỐI CẢNH] image 99% [BỐI CẢNH] image 99% [BỐI CẢNH]
2026-09-05T07:34:57.425Z [bf8c9b10-87a3-4bb3-94f4-b2a4126fed7e][bb1fc585-f087-407a-b043-49c06e320521] Generating... 3 ready, 0 failed / 4 total (172s)
2026-09-05T07:34:57.586Z [13afcab0-1832-4bdc-ae22-6a41b103e5d5][bb1fc585-f087-407a-b043-49c06e320521] Ref image 6/6: reusing library asset "Verdant Family Water Park Master.jpeg" (no re-upload).
2026-09-05T07:34:59.550Z [8a2eafa9-9656-4557-be4c-54339ffcbd22][bb1fc585-f087-407a-b043-49c06e320521] Generating... 0 ready, 0 failed / 4 total (39s) image 99% [BỐI CẢNH] image 99% [BỐI CẢNH] image 99% [BỐI CẢNH] [BỐI CẢNH]Verdant Fa
2026-09-05T07:35:00.446Z [bf8c9b10-87a3-4bb3-94f4-b2a4126fed7e][bb1fc585-f087-407a-b043-49c06e320521] Generating... 3 ready, 0 failed / 4 total (175s)
2026-09-05T07:35:01.451Z [13afcab0-1832-4bdc-ae22-6a41b103e5d5][bb1fc585-f087-407a-b043-49c06e320521] Ref image 6/6: chips 5→6 ✓
2026-09-05T07:35:01.463Z [13afcab0-1832-4bdc-ae22-6a41b103e5d5][bb1fc585-f087-407a-b043-49c06e320521] Entering prompt...
2026-09-05T07:35:02.564Z [8a2eafa9-9656-4557-be4c-54339ffcbd22][bb1fc585-f087-407a-b043-49c06e320521] Generating... 1 ready, 0 failed / 4 total (42s) image 99% [BỐI CẢNH] image 99% [BỐI CẢNH] [BỐI CẢNH]Verdant Fa
2026-09-05T07:35:03.418Z [13afcab0-1832-4bdc-ae22-6a41b103e5d5][bb1fc585-f087-407a-b043-49c06e320521] Prompt is 2155 chars — typing it in 30 chunk(s).
2026-09-05T07:35:03.478Z [bf8c9b10-87a3-4bb3-94f4-b2a4126fed7e][bb1fc585-f087-407a-b043-49c06e320521] Generating... 3 ready, 0 failed / 4 total (178s)
2026-09-05T07:35:05.587Z [8a2eafa9-9656-4557-be4c-54339ffcbd22][bb1fc585-f087-407a-b043-49c06e320521] Generating... 2 ready, 0 failed / 4 total (45s) image 99% [BỐI CẢNH] [BỐI CẢNH]Verdant Fa
2026-09-05T07:35:06.495Z [bf8c9b10-87a3-4bb3-94f4-b2a4126fed7e][bb1fc585-f087-407a-b043-49c06e320521] Poll ended with 3/4 ready — salvaging the completed item(s).
2026-09-05T07:35:06.495Z [bf8c9b10-87a3-4bb3-94f4-b2a4126fed7e][bb1fc585-f087-407a-b043-49c06e320521] 3 item(s) ready! Downloading...
2026-09-05T07:35:06.496Z [bf8c9b10-87a3-4bb3-94f4-b2a4126fed7e][bb1fc585-f087-407a-b043-49c06e320521] Item 1: Downloading from URL https://flow-content.google/image/cf7b0569-8ef4-42d5-a084-5f7770cdf894?Expires=1788615122&KeyName=labs-flow-prod-cdn-key&Signature=aK4Ix1pmavD6w6DhW8--kkVqb4g
2026-09-05T07:35:06.798Z [bf8c9b10-87a3-4bb3-94f4-b2a4126fed7e][bb1fc585-f087-407a-b043-49c06e320521] Downloaded 1/3: winai_2026-09-05T07-35-06_01.jpg
2026-09-05T07:35:06.795Z [e903a48b-0cce-45e0-ab3c-bfb73188cf67][bb1fc585-f087-407a-b043-49c06e320521] Prompt insert attempt 1: editor has 2336 chars (want ~2384) ✓
2026-09-05T07:35:06.798Z [bf8c9b10-87a3-4bb3-94f4-b2a4126fed7e][bb1fc585-f087-407a-b043-49c06e320521] Item 2: Downloading from URL https://flow-content.google/image/6b4753ec-4ac4-4a84-b8de-8ce5bfd34967?Expires=1788615120&KeyName=labs-flow-prod-cdn-key&Signature=nW6vENKndhb_99J5s8WAHPNDQaE
2026-09-05T07:35:06.914Z [bf8c9b10-87a3-4bb3-94f4-b2a4126fed7e][bb1fc585-f087-407a-b043-49c06e320521] Downloaded 2/3: winai_2026-09-05T07-35-06_02.jpg
2026-09-05T07:35:06.915Z [bf8c9b10-87a3-4bb3-94f4-b2a4126fed7e][bb1fc585-f087-407a-b043-49c06e320521] Item 3: Downloading from URL https://flow-content.google/image/f8c0b203-8368-4506-afa6-e88304d513bd?Expires=1788615120&KeyName=labs-flow-prod-cdn-key&Signature=Sm59YjpDfRMFIUfvv4xlLW9eGGE
2026-09-05T07:35:06.991Z [bf8c9b10-87a3-4bb3-94f4-b2a4126fed7e][bb1fc585-f087-407a-b043-49c06e320521] Downloaded 3/3: winai_2026-09-05T07-35-06_03.jpg
2026-09-05T07:35:06.991Z [bf8c9b10-87a3-4bb3-94f4-b2a4126fed7e][bb1fc585-f087-407a-b043-49c06e320521] ✅ 3 item(s) saved to Downloads/Win AI Toolkit/
2026-09-05T07:35:07.260Z [bf8c9b10-87a3-4bb3-94f4-b2a4126fed7e][bb1fc585-f087-407a-b043-49c06e320521] Item 2: Uploaded → https://studio.xanhmedia.vn/uploads/2026-09/1788593706953_2c9a2c_bb1fc585-f087-407a-b043-49c06e320521_bf8.jpg
2026-09-05T07:35:07.311Z [bf8c9b10-87a3-4bb3-94f4-b2a4126fed7e][bb1fc585-f087-407a-b043-49c06e320521] Item 1: Uploaded → https://studio.xanhmedia.vn/uploads/2026-09/1788593706992_a86d1c_bb1fc585-f087-407a-b043-49c06e320521_bf8.jpg
2026-09-05T07:35:07.312Z [bf8c9b10-87a3-4bb3-94f4-b2a4126fed7e][bb1fc585-f087-407a-b043-49c06e320521] Item 3: Uploaded → https://studio.xanhmedia.vn/uploads/2026-09/1788593706997_121533_bb1fc585-f087-407a-b043-49c06e320521_bf8.jpg
2026-09-05T07:35:07.314Z [bf8c9b10-87a3-4bb3-94f4-b2a4126fed7e][bb1fc585-f087-407a-b043-49c06e320521] All done (including any 1080p upgrades). Closing Playwright browser context.
2026-09-05T07:35:07.474Z [a3cb6a18-54d8-4f03-ad9f-9f8dc025143b][bb1fc585-f087-407a-b043-49c06e320521] runGeneration starting: task_id=a3cb6a18-54d8-4f03-ad9f-9f8dc025143b, profile_id=bb1fc585-f087-407a-b043-49c06e320521, target_site=google_flow
2026-09-05T07:35:07.475Z [a3cb6a18-54d8-4f03-ad9f-9f8dc025143b][bb1fc585-f087-407a-b043-49c06e320521] Opening Playwright browser with persistent profile cookies...
2026-09-05T07:35:07.476Z [a3cb6a18-54d8-4f03-ad9f-9f8dc025143b][bb1fc585-f087-407a-b043-49c06e320521] Browser engine: winhide (C:\Users\Admin\AppData\Roaming\com.tank.winai\winhide\chrome.exe) [hidden off-screen]
2026-09-05T07:35:07.476Z [a3cb6a18-54d8-4f03-ad9f-9f8dc025143b][bb1fc585-f087-407a-b043-49c06e320521] Launch mode: STEALTH (raw spawn + connectOverCDP)
2026-09-05T07:35:08.612Z [8a2eafa9-9656-4557-be4c-54339ffcbd22][bb1fc585-f087-407a-b043-49c06e320521] Generating... 3 ready, 0 failed / 4 total (48s) [BỐI CẢNH]Verdant Fa
2026-09-05T07:35:08.888Z [e903a48b-0cce-45e0-ab3c-bfb73188cf67][bb1fc585-f087-407a-b043-49c06e320521] Baseline: 47 pre-existing media tile(s) of 47 mounted (kinds: image,image,image,image,image,image,image,image,image,image,image,image,image,image,image,image,image,image,image,image,image,image,image,image,image,image,image,image,image,image,image,image,image,image,image,image,image,image,image,image,image,image,image,image,image,video,video).
2026-09-05T07:35:08.959Z [a3cb6a18-54d8-4f03-ad9f-9f8dc025143b][bb1fc585-f087-407a-b043-49c06e320521] Exit IP: 115.74.128.9
2026-09-05T07:35:08.960Z [a3cb6a18-54d8-4f03-ad9f-9f8dc025143b][bb1fc585-f087-407a-b043-49c06e320521] Navigating browser to Google Flow tools page...
2026-09-05T07:35:08.960Z [a3cb6a18-54d8-4f03-ad9f-9f8dc025143b][bb1fc585-f087-407a-b043-49c06e320521] Using existing project URL: https://flow.google.com/project/33ca2cc2-c9ff-4bb6-9048-2a7af1dfcfee?hl=en
2026-09-05T07:35:09.799Z [a3cb6a18-54d8-4f03-ad9f-9f8dc025143b][bb1fc585-f087-407a-b043-49c06e320521] Waiting for Google Flow...
2026-09-05T07:35:10.924Z [e903a48b-0cce-45e0-ab3c-bfb73188cf67][bb1fc585-f087-407a-b043-49c06e320521] [submit] confirmed (editor "What do you want to ", fresh tile=true).
2026-09-05T07:35:11.557Z [e903a48b-0cce-45e0-ab3c-bfb73188cf67][bb1fc585-f087-407a-b043-49c06e320521] Current Workspace project URL: https://flow.google.com/project/cd81a7d3-c989-419e-891a-f8694174cb85?hl=en
2026-09-05T07:35:11.557Z [e903a48b-0cce-45e0-ab3c-bfb73188cf67][bb1fc585-f087-407a-b043-49c06e320521] Submitted ✓ Detecting batch size...
2026-09-05T07:35:11.569Z [e903a48b-0cce-45e0-ab3c-bfb73188cf67][bb1fc585-f087-407a-b043-49c06e320521] New tile(s) since submit: 0 → 4 (mounted=49)
2026-09-05T07:35:11.632Z [8a2eafa9-9656-4557-be4c-54339ffcbd22][bb1fc585-f087-407a-b043-49c06e320521] Generating... 4 ready, 0 failed / 4 total (51s)
2026-09-05T07:35:11.633Z [8a2eafa9-9656-4557-be4c-54339ffcbd22][bb1fc585-f087-407a-b043-49c06e320521] Batch done: 4 ready (target 4), 0 failed, scanned 4.
2026-09-05T07:35:11.633Z [8a2eafa9-9656-4557-be4c-54339ffcbd22][bb1fc585-f087-407a-b043-49c06e320521] 4 item(s) ready! Downloading...
2026-09-05T07:35:11.635Z [8a2eafa9-9656-4557-be4c-54339ffcbd22][bb1fc585-f087-407a-b043-49c06e320521] Item 1: Downloading from URL https://flow-content.google/image/61e5cb71-7032-4c2c-9d3b-d567533600e1?Expires=1788615257&KeyName=labs-flow-prod-cdn-key&Signature=q_cydwfSVh2D2FYy5JWrfEQML7I
2026-09-05T07:35:11.993Z [8a2eafa9-9656-4557-be4c-54339ffcbd22][bb1fc585-f087-407a-b043-49c06e320521] Downloaded 1/4: winai_2026-09-05T07-35-11_01.jpg
2026-09-05T07:35:11.994Z [8a2eafa9-9656-4557-be4c-54339ffcbd22][bb1fc585-f087-407a-b043-49c06e320521] Item 2: Downloading from URL https://flow-content.google/image/cf1e55db-a1ff-4920-ac81-36227579a9e2?Expires=1788615257&KeyName=labs-flow-prod-cdn-key&Signature=xf3oUoyfBnQtcXJNzMrCtKw-pfM
2026-09-05T07:35:12.110Z [8a2eafa9-9656-4557-be4c-54339ffcbd22][bb1fc585-f087-407a-b043-49c06e320521] Downloaded 2/4: winai_2026-09-05T07-35-11_02.jpg
2026-09-05T07:35:12.110Z [8a2eafa9-9656-4557-be4c-54339ffcbd22][bb1fc585-f087-407a-b043-49c06e320521] Item 3: Downloading from URL https://flow-content.google/image/fdea0de5-389d-4648-bd30-2d9d8396b4f3?Expires=1788615255&KeyName=labs-flow-prod-cdn-key&Signature=qpP36LjY_5mXLvgSvw7iURooaDk
2026-09-05T07:35:12.174Z [a3cb6a18-54d8-4f03-ad9f-9f8dc025143b][bb1fc585-f087-407a-b043-49c06e320521] In existing project ✓
2026-09-05T07:35:12.194Z [8a2eafa9-9656-4557-be4c-54339ffcbd22][bb1fc585-f087-407a-b043-49c06e320521] Downloaded 3/4: winai_2026-09-05T07-35-11_03.jpg
2026-09-05T07:35:12.195Z [8a2eafa9-9656-4557-be4c-54339ffcbd22][bb1fc585-f087-407a-b043-49c06e320521] Item 4: Downloading from URL https://flow-content.google/image/9184c19b-e16e-4915-bddf-d9ee3c43bb69?Expires=1788615255&KeyName=labs-flow-prod-cdn-key&Signature=o7l1_GygsyJATavZ224bwzye4tw
2026-09-05T07:35:12.278Z [8a2eafa9-9656-4557-be4c-54339ffcbd22][bb1fc585-f087-407a-b043-49c06e320521] Downloaded 4/4: winai_2026-09-05T07-35-11_04.jpg
2026-09-05T07:35:12.278Z [8a2eafa9-9656-4557-be4c-54339ffcbd22][bb1fc585-f087-407a-b043-49c06e320521] ✅ 4 item(s) saved to Downloads/Win AI Toolkit/
2026-09-05T07:35:12.532Z [8a2eafa9-9656-4557-be4c-54339ffcbd22][bb1fc585-f087-407a-b043-49c06e320521] Item 4: Uploaded → https://studio.xanhmedia.vn/uploads/2026-09/1788593712226_be575e_bb1fc585-f087-407a-b043-49c06e320521_8a2.jpg
2026-09-05T07:35:12.608Z [8a2eafa9-9656-4557-be4c-54339ffcbd22][bb1fc585-f087-407a-b043-49c06e320521] Item 3: Uploaded → https://studio.xanhmedia.vn/uploads/2026-09/1788593712290_0c868d_bb1fc585-f087-407a-b043-49c06e320521_8a2.jpg
2026-09-05T07:35:12.641Z [8a2eafa9-9656-4557-be4c-54339ffcbd22][bb1fc585-f087-407a-b043-49c06e320521] Item 1: Uploaded → https://studio.xanhmedia.vn/uploads/2026-09/1788593712327_ff34bc_bb1fc585-f087-407a-b043-49c06e320521_8a2.jpg
2026-09-05T07:35:12.671Z [8a2eafa9-9656-4557-be4c-54339ffcbd22][bb1fc585-f087-407a-b043-49c06e320521] Item 2: Uploaded → https://studio.xanhmedia.vn/uploads/2026-09/1788593712355_eb0f88_bb1fc585-f087-407a-b043-49c06e320521_8a2.jpg
2026-09-05T07:35:12.672Z [8a2eafa9-9656-4557-be4c-54339ffcbd22][bb1fc585-f087-407a-b043-49c06e320521] All done (including any 1080p upgrades). Closing Playwright browser context.
2026-09-05T07:35:13.005Z [a3cb6a18-54d8-4f03-ad9f-9f8dc025143b][bb1fc585-f087-407a-b043-49c06e320521] dismissPopups: unresolved overlay(s) ["IFRAME[presentation]|btns="]
2026-09-05T07:35:13.554Z [3eac1a62-b3f6-403d-8efd-db3f23a63dff][bb1fc585-f087-407a-b043-49c06e320521] runGeneration starting: task_id=3eac1a62-b3f6-403d-8efd-db3f23a63dff, profile_id=bb1fc585-f087-407a-b043-49c06e320521, target_site=google_flow
2026-09-05T07:35:13.555Z [3eac1a62-b3f6-403d-8efd-db3f23a63dff][bb1fc585-f087-407a-b043-49c06e320521] Opening Playwright browser with persistent profile cookies...
2026-09-05T07:35:13.556Z [3eac1a62-b3f6-403d-8efd-db3f23a63dff][bb1fc585-f087-407a-b043-49c06e320521] Browser engine: winhide (C:\Users\Admin\AppData\Roaming\com.tank.winai\winhide\chrome.exe) [hidden off-screen]
2026-09-05T07:35:13.556Z [3eac1a62-b3f6-403d-8efd-db3f23a63dff][bb1fc585-f087-407a-b043-49c06e320521] Launch mode: STEALTH (raw spawn + connectOverCDP)
2026-09-05T07:35:15.244Z [3eac1a62-b3f6-403d-8efd-db3f23a63dff][bb1fc585-f087-407a-b043-49c06e320521] Exit IP: 115.74.128.9
2026-09-05T07:35:15.245Z [3eac1a62-b3f6-403d-8efd-db3f23a63dff][bb1fc585-f087-407a-b043-49c06e320521] Navigating browser to Google Flow tools page...
2026-09-05T07:35:15.246Z [3eac1a62-b3f6-403d-8efd-db3f23a63dff][bb1fc585-f087-407a-b043-49c06e320521] Using existing project URL: https://flow.google.com/project/cae2bf2b-d1b8-40f9-a300-9f2aa6276ea5?hl=en
2026-09-05T07:35:15.677Z [a3cb6a18-54d8-4f03-ad9f-9f8dc025143b][bb1fc585-f087-407a-b043-49c06e320521] Composer ready ✓ (UI language: en)
2026-09-05T07:35:15.743Z [e903a48b-0cce-45e0-ab3c-bfb73188cf67][bb1fc585-f087-407a-b043-49c06e320521] Batch size stabilised at 4 new tile(s)
2026-09-05T07:35:15.743Z [e903a48b-0cce-45e0-ab3c-bfb73188cf67][bb1fc585-f087-407a-b043-49c06e320521] Batch detected: 4 item(s). Generating...
2026-09-05T07:35:15.744Z [e903a48b-0cce-45e0-ab3c-bfb73188cf67][bb1fc585-f087-407a-b043-49c06e320521] Polling for 4 image item(s) (baseline=47, hasUpload=true)...
2026-09-05T07:35:15.764Z [e903a48b-0cce-45e0-ab3c-bfb73188cf67][bb1fc585-f087-407a-b043-49c06e320521] Generating... 0 ready, 0 failed / 4 total (0s) image 34% [BỐI CẢNH] image 34% [BỐI CẢNH] image 34% [BỐI CẢNH] image 34% [BỐI CẢNH]
2026-09-05T07:35:15.799Z [a3cb6a18-54d8-4f03-ad9f-9f8dc025143b][bb1fc585-f087-407a-b043-49c06e320521] dismissPopups: unresolved overlay(s) ["DIV[]|btns=","DIV[]|btns="]
2026-09-05T07:35:15.840Z [a3cb6a18-54d8-4f03-ad9f-9f8dc025143b][bb1fc585-f087-407a-b043-49c06e320521] Agent toggle aria-pressed=false
2026-09-05T07:35:15.841Z [a3cb6a18-54d8-4f03-ad9f-9f8dc025143b][bb1fc585-f087-407a-b043-49c06e320521] Opening settings...
2026-09-05T07:35:16.380Z [3eac1a62-b3f6-403d-8efd-db3f23a63dff][bb1fc585-f087-407a-b043-49c06e320521] Waiting for Google Flow...
2026-09-05T07:35:17.563Z [a3cb6a18-54d8-4f03-ad9f-9f8dc025143b][bb1fc585-f087-407a-b043-49c06e320521] Configuring image settings...
2026-09-05T07:35:18.091Z [13afcab0-1832-4bdc-ae22-6a41b103e5d5][bb1fc585-f087-407a-b043-49c06e320521] Prompt insert attempt 1: editor has 2102 chars (want ~2148) ✓
2026-09-05T07:35:18.415Z [3eac1a62-b3f6-403d-8efd-db3f23a63dff][bb1fc585-f087-407a-b043-49c06e320521] In existing project ✓
2026-09-05T07:35:18.781Z [e903a48b-0cce-45e0-ab3c-bfb73188cf67][bb1fc585-f087-407a-b043-49c06e320521] Generating... 0 ready, 0 failed / 4 total (3s) image 54% [BỐI CẢNH] image 54% [BỐI CẢNH] image 54% [BỐI CẢNH] image 54% [BỐI CẢNH]
2026-09-05T07:35:19.264Z [a3cb6a18-54d8-4f03-ad9f-9f8dc025143b][bb1fc585-f087-407a-b043-49c06e320521] Mode: selected "image Image" ✓
2026-09-05T07:35:19.434Z [3eac1a62-b3f6-403d-8efd-db3f23a63dff][bb1fc585-f087-407a-b043-49c06e320521] dismissPopups: unresolved overlay(s) ["IFRAME[presentation]|btns="]
2026-09-05T07:35:20.104Z [13afcab0-1832-4bdc-ae22-6a41b103e5d5][bb1fc585-f087-407a-b043-49c06e320521] Baseline: 48 pre-existing media tile(s) of 48 mounted (kinds: image,image,image,image,image,image,image,image,image,image,image,image,image,image,image,image,image,image,image,image,image,image,image,image,image,image,image,image,image,image,image,image,image,image,image,image,image,image,image,image,image,image,image,image,image,image,video,video).
2026-09-05T07:35:21.805Z [e903a48b-0cce-45e0-ab3c-bfb73188cf67][bb1fc585-f087-407a-b043-49c06e320521] Generating... 0 ready, 0 failed / 4 total (6s) image 74% [BỐI CẢNH] image 74% [BỐI CẢNH] image 74% [BỐI CẢNH] image 74% [BỐI CẢNH]
2026-09-05T07:35:22.212Z [13afcab0-1832-4bdc-ae22-6a41b103e5d5][bb1fc585-f087-407a-b043-49c06e320521] [submit] confirmed (editor "What do you want to ", fresh tile=true).
2026-09-05T07:35:22.279Z [3eac1a62-b3f6-403d-8efd-db3f23a63dff][bb1fc585-f087-407a-b043-49c06e320521] Composer ready ✓ (UI language: en)
2026-09-05T07:35:22.362Z [3eac1a62-b3f6-403d-8efd-db3f23a63dff][bb1fc585-f087-407a-b043-49c06e320521] dismissPopups: unresolved overlay(s) ["DIV[]|btns=","DIV[]|btns="]
2026-09-05T07:35:22.402Z [3eac1a62-b3f6-403d-8efd-db3f23a63dff][bb1fc585-f087-407a-b043-49c06e320521] Agent toggle aria-pressed=false
2026-09-05T07:35:22.403Z [3eac1a62-b3f6-403d-8efd-db3f23a63dff][bb1fc585-f087-407a-b043-49c06e320521] Opening settings...
2026-09-05T07:35:22.774Z [13afcab0-1832-4bdc-ae22-6a41b103e5d5][bb1fc585-f087-407a-b043-49c06e320521] Current Workspace project URL: https://flow.google.com/project/c2a607c5-d833-4be1-8108-407b74d4ed85?hl=en
2026-09-05T07:35:22.774Z [13afcab0-1832-4bdc-ae22-6a41b103e5d5][bb1fc585-f087-407a-b043-49c06e320521] Submitted ✓ Detecting batch size...
2026-09-05T07:35:22.808Z [13afcab0-1832-4bdc-ae22-6a41b103e5d5][bb1fc585-f087-407a-b043-49c06e320521] New tile(s) since submit: 0 → 4 (mounted=48)
2026-09-05T07:35:24.024Z [a3cb6a18-54d8-4f03-ad9f-9f8dc025143b][bb1fc585-f087-407a-b043-49c06e320521] Model: selected "🍌 Nano Banana 2" ✓
2026-09-05T07:35:24.476Z [3eac1a62-b3f6-403d-8efd-db3f23a63dff][bb1fc585-f087-407a-b043-49c06e320521] Configuring image settings...
2026-09-05T07:35:24.822Z [e903a48b-0cce-45e0-ab3c-bfb73188cf67][bb1fc585-f087-407a-b043-49c06e320521] Generating... 0 ready, 0 failed / 4 total (9s) image 94% [BỐI CẢNH] image 94% [BỐI CẢNH] image 94% [BỐI CẢNH] image 94% [BỐI CẢNH]
2026-09-05T07:35:25.007Z [a3cb6a18-54d8-4f03-ad9f-9f8dc025143b][bb1fc585-f087-407a-b043-49c06e320521] Aspect ratio: "crop_16_9 16:9" already selected ✓
2026-09-05T07:35:26.364Z [a3cb6a18-54d8-4f03-ad9f-9f8dc025143b][bb1fc585-f087-407a-b043-49c06e320521] Output count: selected "x4" ✓
2026-09-05T07:35:26.413Z [3eac1a62-b3f6-403d-8efd-db3f23a63dff][bb1fc585-f087-407a-b043-49c06e320521] Mode: selected "image Image" ✓
2026-09-05T07:35:26.954Z [13afcab0-1832-4bdc-ae22-6a41b103e5d5][bb1fc585-f087-407a-b043-49c06e320521] Batch size stabilised at 4 new tile(s)
2026-09-05T07:35:26.955Z [13afcab0-1832-4bdc-ae22-6a41b103e5d5][bb1fc585-f087-407a-b043-49c06e320521] Batch detected: 4 item(s). Generating...
2026-09-05T07:35:26.955Z [13afcab0-1832-4bdc-ae22-6a41b103e5d5][bb1fc585-f087-407a-b043-49c06e320521] Polling for 4 image item(s) (baseline=48, hasUpload=true)...
2026-09-05T07:35:26.965Z [13afcab0-1832-4bdc-ae22-6a41b103e5d5][bb1fc585-f087-407a-b043-49c06e320521] Generating... 0 ready, 0 failed / 4 total (0s) image 34% [BỐI CẢNH] image 34% [BỐI CẢNH] image 34% [BỐI CẢNH] image 34% [BỐI CẢNH]
2026-09-05T07:35:27.354Z [a3cb6a18-54d8-4f03-ad9f-9f8dc025143b][bb1fc585-f087-407a-b043-49c06e320521] Ref image 1/5: downloading from URL...
2026-09-05T07:35:27.547Z [a3cb6a18-54d8-4f03-ad9f-9f8dc025143b][bb1fc585-f087-407a-b043-49c06e320521] Downloader: no-proxy request context ready.
2026-09-05T07:35:27.834Z [e903a48b-0cce-45e0-ab3c-bfb73188cf67][bb1fc585-f087-407a-b043-49c06e320521] Generating... 0 ready, 0 failed / 4 total (12s) image 99% [BỐI CẢNH] image 99% [BỐI CẢNH] image 99% [BỐI CẢNH] image 99% [BỐI CẢNH]
2026-09-05T07:35:28.377Z [a3cb6a18-54d8-4f03-ad9f-9f8dc025143b][bb1fc585-f087-407a-b043-49c06e320521] Ref image 1/5: saved 468314 bytes (image/jpeg) as "Arlo Water Park Day.jpeg"
2026-09-05T07:35:28.388Z [a3cb6a18-54d8-4f03-ad9f-9f8dc025143b][bb1fc585-f087-407a-b043-49c06e320521] Ref image 1/5: attaching reference image...
2026-09-05T07:35:29.993Z [13afcab0-1832-4bdc-ae22-6a41b103e5d5][bb1fc585-f087-407a-b043-49c06e320521] Generating... 0 ready, 0 failed / 4 total (3s) image 54% [BỐI CẢNH] image 54% [BỐI CẢNH] image 54% [BỐI CẢNH] image 54% [BỐI CẢNH]
2026-09-05T07:35:30.813Z [a3cb6a18-54d8-4f03-ad9f-9f8dc025143b][bb1fc585-f087-407a-b043-49c06e320521] Ref image 1/5: reusing library asset "Arlo Water Park Day.jpeg" (no re-upload).
2026-09-05T07:35:30.864Z [e903a48b-0cce-45e0-ab3c-bfb73188cf67][bb1fc585-f087-407a-b043-49c06e320521] Generating... 0 ready, 0 failed / 4 total (15s) image 99% [BỐI CẢNH] image 99% [BỐI CẢNH] image 99% [BỐI CẢNH] image 99% [BỐI CẢNH]
2026-09-05T07:35:31.231Z [3eac1a62-b3f6-403d-8efd-db3f23a63dff][bb1fc585-f087-407a-b043-49c06e320521] Model: selected "🍌 Nano Banana 2" ✓
2026-09-05T07:35:31.891Z [3eac1a62-b3f6-403d-8efd-db3f23a63dff][bb1fc585-f087-407a-b043-49c06e320521] Aspect ratio: "crop_16_9 16:9" already selected ✓
2026-09-05T07:35:33.004Z [13afcab0-1832-4bdc-ae22-6a41b103e5d5][bb1fc585-f087-407a-b043-49c06e320521] Generating... 0 ready, 0 failed / 4 total (6s) image 74% [BỐI CẢNH] image 74% [BỐI CẢNH] image 74% [BỐI CẢNH] image 74% [BỐI CẢNH]
2026-09-05T07:35:33.473Z [3eac1a62-b3f6-403d-8efd-db3f23a63dff][bb1fc585-f087-407a-b043-49c06e320521] Output count: selected "x4" ✓
2026-09-05T07:35:33.883Z [e903a48b-0cce-45e0-ab3c-bfb73188cf67][bb1fc585-f087-407a-b043-49c06e320521] Generating... 0 ready, 0 failed / 4 total (18s) image 99% [BỐI CẢNH] image 99% [BỐI CẢNH] image 99% [BỐI CẢNH] image 99% [BỐI CẢNH]
2026-09-05T07:35:34.211Z [a3cb6a18-54d8-4f03-ad9f-9f8dc025143b][bb1fc585-f087-407a-b043-49c06e320521] Ref image 1/5: chips 0→1 ✓
2026-09-05T07:35:34.433Z [3eac1a62-b3f6-403d-8efd-db3f23a63dff][bb1fc585-f087-407a-b043-49c06e320521] Ref image 1/7: downloading from URL...
2026-09-05T07:35:34.665Z [3eac1a62-b3f6-403d-8efd-db3f23a63dff][bb1fc585-f087-407a-b043-49c06e320521] Downloader: no-proxy request context ready.
2026-09-05T07:35:35.387Z [3eac1a62-b3f6-403d-8efd-db3f23a63dff][bb1fc585-f087-407a-b043-49c06e320521] Ref image 1/7: saved 549605 bytes (image/jpeg) as "Elara Water Park Day.jpeg"
2026-09-05T07:35:35.390Z [3eac1a62-b3f6-403d-8efd-db3f23a63dff][bb1fc585-f087-407a-b043-49c06e320521] Ref image 1/7: attaching reference image...
2026-09-05T07:35:35.905Z [a3cb6a18-54d8-4f03-ad9f-9f8dc025143b][bb1fc585-f087-407a-b043-49c06e320521] Ref image 2/5: downloading from URL...
2026-09-05T07:35:36.025Z [13afcab0-1832-4bdc-ae22-6a41b103e5d5][bb1fc585-f087-407a-b043-49c06e320521] Generating... 0 ready, 0 failed / 4 total (9s) image 94% [BỐI CẢNH] image 94% [BỐI CẢNH] image 94% [BỐI CẢNH] image 94% [BỐI CẢNH]
2026-09-05T07:35:36.340Z [a3cb6a18-54d8-4f03-ad9f-9f8dc025143b][bb1fc585-f087-407a-b043-49c06e320521] Ref image 2/5: saved 628888 bytes (image/jpeg) as "Nessa Water Park Day.jpeg"
2026-09-05T07:35:36.344Z [a3cb6a18-54d8-4f03-ad9f-9f8dc025143b][bb1fc585-f087-407a-b043-49c06e320521] Ref image 2/5: attaching reference image...
2026-09-05T07:35:36.907Z [e903a48b-0cce-45e0-ab3c-bfb73188cf67][bb1fc585-f087-407a-b043-49c06e320521] Generating... 0 ready, 0 failed / 4 total (21s) image 99% [BỐI CẢNH] image 99% [BỐI CẢNH] image 99% [BỐI CẢNH] image 99% [BỐI CẢNH]
2026-09-05T07:35:37.189Z [3eac1a62-b3f6-403d-8efd-db3f23a63dff][bb1fc585-f087-407a-b043-49c06e320521] Ref image 1/7: reusing library asset "Elara Water Park Day.jpeg" (no re-upload).
2026-09-05T07:35:38.147Z [a3cb6a18-54d8-4f03-ad9f-9f8dc025143b][bb1fc585-f087-407a-b043-49c06e320521] Ref image 2/5: reusing library asset "Nessa Water Park Day.jpeg" (no re-upload).
2026-09-05T07:35:39.044Z [13afcab0-1832-4bdc-ae22-6a41b103e5d5][bb1fc585-f087-407a-b043-49c06e320521] Generating... 0 ready, 0 failed / 4 total (12s) image 99% [BỐI CẢNH] image 99% [BỐI CẢNH] image 99% [BỐI CẢNH] image 99% [BỐI CẢNH]
2026-09-05T07:35:39.929Z [e903a48b-0cce-45e0-ab3c-bfb73188cf67][bb1fc585-f087-407a-b043-49c06e320521] Generating... 0 ready, 0 failed / 4 total (24s) image 99% [BỐI CẢNH] image 99% [BỐI CẢNH] image 99% [BỐI CẢNH] image 99% [BỐI CẢNH]
2026-09-05T07:35:40.421Z [3eac1a62-b3f6-403d-8efd-db3f23a63dff][bb1fc585-f087-407a-b043-49c06e320521] Ref image 1/7: chips 0→1 ✓
2026-09-05T07:35:41.440Z [a3cb6a18-54d8-4f03-ad9f-9f8dc025143b][bb1fc585-f087-407a-b043-49c06e320521] Ref image 2/5: chips 1→2 ✓
2026-09-05T07:35:41.443Z [3eac1a62-b3f6-403d-8efd-db3f23a63dff][bb1fc585-f087-407a-b043-49c06e320521] Ref image 2/7: downloading from URL...
2026-09-05T07:35:41.861Z [3eac1a62-b3f6-403d-8efd-db3f23a63dff][bb1fc585-f087-407a-b043-49c06e320521] Ref image 2/7: saved 468314 bytes (image/jpeg) as "Arlo Water Park Day.jpeg"
2026-09-05T07:35:41.865Z [3eac1a62-b3f6-403d-8efd-db3f23a63dff][bb1fc585-f087-407a-b043-49c06e320521] Ref image 2/7: attaching reference image...
2026-09-05T07:35:42.064Z [13afcab0-1832-4bdc-ae22-6a41b103e5d5][bb1fc585-f087-407a-b043-49c06e320521] Generating... 0 ready, 0 failed / 4 total (15s) image 99% [BỐI CẢNH] image 99% [BỐI CẢNH] image 99% [BỐI CẢNH] image 99% [BỐI CẢNH]
2026-09-05T07:35:42.664Z [a3cb6a18-54d8-4f03-ad9f-9f8dc025143b][bb1fc585-f087-407a-b043-49c06e320521] Ref image 3/5: downloading from URL...
2026-09-05T07:35:42.956Z [e903a48b-0cce-45e0-ab3c-bfb73188cf67][bb1fc585-f087-407a-b043-49c06e320521] Generating... 0 ready, 0 failed / 4 total (27s) image 99% [BỐI CẢNH] image 99% [BỐI CẢNH] image 99% [BỐI CẢNH] image 99% [BỐI CẢNH]
2026-09-05T07:35:43.069Z [a3cb6a18-54d8-4f03-ad9f-9f8dc025143b][bb1fc585-f087-407a-b043-49c06e320521] Ref image 3/5: saved 549605 bytes (image/jpeg) as "Elara Water Park Day.jpeg"
2026-09-05T07:35:43.074Z [a3cb6a18-54d8-4f03-ad9f-9f8dc025143b][bb1fc585-f087-407a-b043-49c06e320521] Ref image 3/5: attaching reference image...
2026-09-05T07:35:43.767Z [3eac1a62-b3f6-403d-8efd-db3f23a63dff][bb1fc585-f087-407a-b043-49c06e320521] Ref image 2/7: reusing library asset "Arlo Water Park Day.jpeg" (no re-upload).
2026-09-05T07:35:45.087Z [13afcab0-1832-4bdc-ae22-6a41b103e5d5][bb1fc585-f087-407a-b043-49c06e320521] Generating... 0 ready, 0 failed / 4 total (18s) image 99% [BỐI CẢNH] image 99% [BỐI CẢNH] image 99% [BỐI CẢNH] image 99% [BỐI CẢNH]
2026-09-05T07:35:45.307Z [a3cb6a18-54d8-4f03-ad9f-9f8dc025143b][bb1fc585-f087-407a-b043-49c06e320521] Ref image 3/5: reusing library asset "Elara Water Park Day.jpeg" (no re-upload).
2026-09-05T07:35:45.980Z [e903a48b-0cce-45e0-ab3c-bfb73188cf67][bb1fc585-f087-407a-b043-49c06e320521] Generating... 0 ready, 0 failed / 4 total (30s) image 99% [BỐI CẢNH] image 99% [BỐI CẢNH] image 99% [BỐI CẢNH] image 99% [BỐI CẢNH]
2026-09-05T07:35:47.378Z [3eac1a62-b3f6-403d-8efd-db3f23a63dff][bb1fc585-f087-407a-b043-49c06e320521] Ref image 2/7: chips 1→2 ✓
2026-09-05T07:35:48.106Z [13afcab0-1832-4bdc-ae22-6a41b103e5d5][bb1fc585-f087-407a-b043-49c06e320521] Generating... 0 ready, 0 failed / 4 total (21s) image 99% [BỐI CẢNH] image 99% [BỐI CẢNH] image 99% [BỐI CẢNH] image 99% [BỐI CẢNH]
2026-09-05T07:35:48.151Z [a3cb6a18-54d8-4f03-ad9f-9f8dc025143b][bb1fc585-f087-407a-b043-49c06e320521] Ref image 3/5: chips 2→3 ✓
2026-09-05T07:35:49.005Z [e903a48b-0cce-45e0-ab3c-bfb73188cf67][bb1fc585-f087-407a-b043-49c06e320521] Generating... 0 ready, 0 failed / 4 total (33s) image 99% [BỐI CẢNH] [BỐI CẢNH]Verdant Fa image 99% [BỐI CẢNH] [BỐI CẢNH]Verdant Fa
2026-09-05T07:35:49.153Z [3eac1a62-b3f6-403d-8efd-db3f23a63dff][bb1fc585-f087-407a-b043-49c06e320521] Ref image 3/7: downloading from URL...
2026-09-05T07:35:49.217Z [a3cb6a18-54d8-4f03-ad9f-9f8dc025143b][bb1fc585-f087-407a-b043-49c06e320521] Ref image 4/5: downloading from URL...
2026-09-05T07:35:49.521Z [3eac1a62-b3f6-403d-8efd-db3f23a63dff][bb1fc585-f087-407a-b043-49c06e320521] Ref image 3/7: saved 628888 bytes (image/jpeg) as "Nessa Water Park Day.jpeg"
2026-09-05T07:35:49.524Z [3eac1a62-b3f6-403d-8efd-db3f23a63dff][bb1fc585-f087-407a-b043-49c06e320521] Ref image 3/7: attaching reference image...
2026-09-05T07:35:49.602Z [a3cb6a18-54d8-4f03-ad9f-9f8dc025143b][bb1fc585-f087-407a-b043-49c06e320521] Ref image 4/5: saved 287414 bytes (image/jpeg) as "Verdant Water Park Dark Brown Rest Bench.jpeg"
2026-09-05T07:35:49.606Z [a3cb6a18-54d8-4f03-ad9f-9f8dc025143b][bb1fc585-f087-407a-b043-49c06e320521] Ref image 4/5: attaching reference image...
2026-09-05T07:35:51.123Z [13afcab0-1832-4bdc-ae22-6a41b103e5d5][bb1fc585-f087-407a-b043-49c06e320521] Generating... 0 ready, 0 failed / 4 total (24s) image 99% [BỐI CẢNH] image 99% [BỐI CẢNH] image 99% [BỐI CẢNH] image 99% [BỐI CẢNH]
2026-09-05T07:35:51.547Z [3eac1a62-b3f6-403d-8efd-db3f23a63dff][bb1fc585-f087-407a-b043-49c06e320521] Ref image 3/7: reusing library asset "Nessa Water Park Day.jpeg" (no re-upload).
2026-09-05T07:35:51.753Z [a3cb6a18-54d8-4f03-ad9f-9f8dc025143b][bb1fc585-f087-407a-b043-49c06e320521] Ref image 4/5: reusing library asset "Verdant Water Park Dark Brown Rest Bench.jpeg" (no re-upload).
2026-09-05T07:35:52.019Z [e903a48b-0cce-45e0-ab3c-bfb73188cf67][bb1fc585-f087-407a-b043-49c06e320521] Generating... 2 ready, 0 failed / 4 total (36s) image 99% [BỐI CẢNH] image 99% [BỐI CẢNH]
2026-09-05T07:35:54.144Z [13afcab0-1832-4bdc-ae22-6a41b103e5d5][bb1fc585-f087-407a-b043-49c06e320521] Generating... 0 ready, 0 failed / 4 total (27s) image 99% [BỐI CẢNH] image 99% [BỐI CẢNH] image 99% [BỐI CẢNH] image 99% [BỐI CẢNH]
2026-09-05T07:35:54.972Z [a3cb6a18-54d8-4f03-ad9f-9f8dc025143b][bb1fc585-f087-407a-b043-49c06e320521] Ref image 4/5: chips 3→4 ✓
2026-09-05T07:35:55.008Z [3eac1a62-b3f6-403d-8efd-db3f23a63dff][bb1fc585-f087-407a-b043-49c06e320521] Ref image 3/7: chips 2→3 ✓
2026-09-05T07:35:55.033Z [e903a48b-0cce-45e0-ab3c-bfb73188cf67][bb1fc585-f087-407a-b043-49c06e320521] Generating... 2 ready, 0 failed / 4 total (39s) image 99% [BỐI CẢNH] image 99% [BỐI CẢNH]
2026-09-05T07:35:56.024Z [a3cb6a18-54d8-4f03-ad9f-9f8dc025143b][bb1fc585-f087-407a-b043-49c06e320521] Ref image 5/5: downloading from URL...
2026-09-05T07:35:56.432Z [a3cb6a18-54d8-4f03-ad9f-9f8dc025143b][bb1fc585-f087-407a-b043-49c06e320521] Ref image 5/5: saved 926103 bytes (image/jpeg) as "Verdant Family Water Park Master.jpeg"
2026-09-05T07:35:56.435Z [a3cb6a18-54d8-4f03-ad9f-9f8dc025143b][bb1fc585-f087-407a-b043-49c06e320521] Ref image 5/5: attaching reference image...
2026-09-05T07:35:56.438Z [3eac1a62-b3f6-403d-8efd-db3f23a63dff][bb1fc585-f087-407a-b043-49c06e320521] Ref image 4/7: downloading from URL...
2026-09-05T07:35:56.902Z [3eac1a62-b3f6-403d-8efd-db3f23a63dff][bb1fc585-f087-407a-b043-49c06e320521] Ref image 4/7: saved 489730 bytes (image/jpeg) as "Vale Family Blue Bath Towel.jpeg"
2026-09-05T07:35:56.906Z [3eac1a62-b3f6-403d-8efd-db3f23a63dff][bb1fc585-f087-407a-b043-49c06e320521] Ref image 4/7: attaching reference image...
2026-09-05T07:35:57.156Z [13afcab0-1832-4bdc-ae22-6a41b103e5d5][bb1fc585-f087-407a-b043-49c06e320521] Generating... 0 ready, 0 failed / 4 total (30s) image 99% [BỐI CẢNH] image 99% [BỐI CẢNH] image 99% [BỐI CẢNH] image 99% [BỐI CẢNH]
2026-09-05T07:35:58.054Z [e903a48b-0cce-45e0-ab3c-bfb73188cf67][bb1fc585-f087-407a-b043-49c06e320521] Generating... 2 ready, 0 failed / 4 total (42s) image 99% [BỐI CẢNH] image 99% [BỐI CẢNH]
2026-09-05T07:35:58.777Z [a3cb6a18-54d8-4f03-ad9f-9f8dc025143b][bb1fc585-f087-407a-b043-49c06e320521] Ref image 5/5: reusing library asset "Verdant Family Water Park Master.jpeg" (no re-upload).
2026-09-05T07:35:58.869Z [3eac1a62-b3f6-403d-8efd-db3f23a63dff][bb1fc585-f087-407a-b043-49c06e320521] Ref image 4/7: "Vale Family Blue Bath Towel.jpeg" not in the library yet — uploading it first.
2026-09-05T07:36:00.174Z [13afcab0-1832-4bdc-ae22-6a41b103e5d5][bb1fc585-f087-407a-b043-49c06e320521] Generating... 0 ready, 0 failed / 4 total (33s) image 99% [BỐI CẢNH] image 100% [BỐI CẢNH image 99% [BỐI CẢNH] image 99% [BỐI CẢNH]
2026-09-05T07:36:01.064Z [e903a48b-0cce-45e0-ab3c-bfb73188cf67][bb1fc585-f087-407a-b043-49c06e320521] Generating... 2 ready, 0 failed / 4 total (45s) image 99% [BỐI CẢNH] image 99% [BỐI CẢNH]
2026-09-05T07:36:02.229Z [a3cb6a18-54d8-4f03-ad9f-9f8dc025143b][bb1fc585-f087-407a-b043-49c06e320521] Ref image 5/5: chips 4→5 ✓
2026-09-05T07:36:02.242Z [a3cb6a18-54d8-4f03-ad9f-9f8dc025143b][bb1fc585-f087-407a-b043-49c06e320521] Entering prompt...
2026-09-05T07:36:03.025Z [3eac1a62-b3f6-403d-8efd-db3f23a63dff][bb1fc585-f087-407a-b043-49c06e320521] Ref image 4/7: uploading "Vale Family Blue Bath Towel.jpeg" to the project library...
2026-09-05T07:36:03.195Z [13afcab0-1832-4bdc-ae22-6a41b103e5d5][bb1fc585-f087-407a-b043-49c06e320521] Generating... 1 ready, 0 failed / 4 total (36s) image 99% [BỐI CẢNH] image 99% [BỐI CẢNH] image 99% [BỐI CẢNH]
2026-09-05T07:36:03.856Z [3eac1a62-b3f6-403d-8efd-db3f23a63dff][bb1fc585-f087-407a-b043-49c06e320521] Ref image 4/7: upload finished ✓
2026-09-05T07:36:03.879Z [a3cb6a18-54d8-4f03-ad9f-9f8dc025143b][bb1fc585-f087-407a-b043-49c06e320521] Prompt is 2172 chars — typing it in 32 chunk(s).
2026-09-05T07:36:04.083Z [e903a48b-0cce-45e0-ab3c-bfb73188cf67][bb1fc585-f087-407a-b043-49c06e320521] Generating... 2 ready, 0 failed / 4 total (48s) image 99% [BỐI CẢNH] image 99% [BỐI CẢNH]
2026-09-05T07:36:06.222Z [13afcab0-1832-4bdc-ae22-6a41b103e5d5][bb1fc585-f087-407a-b043-49c06e320521] Generating... 1 ready, 0 failed / 4 total (39s) image 99% [BỐI CẢNH] image 99% [BỐI CẢNH] image 99% [BỐI CẢNH]
2026-09-05T07:36:07.109Z [e903a48b-0cce-45e0-ab3c-bfb73188cf67][bb1fc585-f087-407a-b043-49c06e320521] Generating... 2 ready, 0 failed / 4 total (51s) image 99% [BỐI CẢNH] image 99% [BỐI CẢNH]
2026-09-05T07:36:09.238Z [13afcab0-1832-4bdc-ae22-6a41b103e5d5][bb1fc585-f087-407a-b043-49c06e320521] Generating... 1 ready, 0 failed / 4 total (42s) image 99% [BỐI CẢNH] image 99% [BỐI CẢNH] image 99% [BỐI CẢNH]
2026-09-05T07:36:10.130Z [e903a48b-0cce-45e0-ab3c-bfb73188cf67][bb1fc585-f087-407a-b043-49c06e320521] Generating... 2 ready, 0 failed / 4 total (54s) [BỐI CẢNH]Verdant Fa [BỐI CẢNH]Verdant Fa
2026-09-05T07:36:12.263Z [13afcab0-1832-4bdc-ae22-6a41b103e5d5][bb1fc585-f087-407a-b043-49c06e320521] Generating... 1 ready, 0 failed / 4 total (45s) [BỐI CẢNH]Verdant Fa image 99% [BỐI CẢNH]
2026-09-05T07:36:13.158Z [e903a48b-0cce-45e0-ab3c-bfb73188cf67][bb1fc585-f087-407a-b043-49c06e320521] Generating... 4 ready, 0 failed / 4 total (57s)
2026-09-05T07:36:13.158Z [e903a48b-0cce-45e0-ab3c-bfb73188cf67][bb1fc585-f087-407a-b043-49c06e320521] Batch done: 4 ready (target 4), 0 failed, scanned 4.
2026-09-05T07:36:13.158Z [e903a48b-0cce-45e0-ab3c-bfb73188cf67][bb1fc585-f087-407a-b043-49c06e320521] 4 item(s) ready! Downloading...
2026-09-05T07:36:13.159Z [e903a48b-0cce-45e0-ab3c-bfb73188cf67][bb1fc585-f087-407a-b043-49c06e320521] Item 1: Downloading from URL https://flow-content.google/image/3ea025a8-9ff6-438e-a096-612ba4430d4e?Expires=1788615313&KeyName=labs-flow-prod-cdn-key&Signature=cP6iJpDM99kjX_wSYZCR_5Vhkr4
2026-09-05T07:36:13.723Z [e903a48b-0cce-45e0-ab3c-bfb73188cf67][bb1fc585-f087-407a-b043-49c06e320521] Downloaded 1/4: winai_2026-09-05T07-36-13_01.jpg
2026-09-05T07:36:13.724Z [e903a48b-0cce-45e0-ab3c-bfb73188cf67][bb1fc585-f087-407a-b043-49c06e320521] Item 2: Downloading from URL https://flow-content.google/image/7c8fd83b-adc4-4403-af35-3ad1c3bdf841?Expires=1788615311&KeyName=labs-flow-prod-cdn-key&Signature=qrN7bu3CpXFuHnGazINl_eC6fOw
2026-09-05T07:36:13.844Z [e903a48b-0cce-45e0-ab3c-bfb73188cf67][bb1fc585-f087-407a-b043-49c06e320521] Downloaded 2/4: winai_2026-09-05T07-36-13_02.jpg
2026-09-05T07:36:13.844Z [e903a48b-0cce-45e0-ab3c-bfb73188cf67][bb1fc585-f087-407a-b043-49c06e320521] Item 3: Downloading from URL https://flow-content.google/image/522c0e29-d200-48c3-9a43-5b50a7da7bd4?Expires=1788615310&KeyName=labs-flow-prod-cdn-key&Signature=wKGzT1SINSlB_CuXQKzLmqHwMc4
2026-09-05T07:36:13.923Z [e903a48b-0cce-45e0-ab3c-bfb73188cf67][bb1fc585-f087-407a-b043-49c06e320521] Downloaded 3/4: winai_2026-09-05T07-36-13_03.jpg
2026-09-05T07:36:13.923Z [e903a48b-0cce-45e0-ab3c-bfb73188cf67][bb1fc585-f087-407a-b043-49c06e320521] Item 4: Downloading from URL https://flow-content.google/image/e83b2c39-5d2c-4a30-8b90-093ca6889fe5?Expires=1788615310&KeyName=labs-flow-prod-cdn-key&Signature=iwHULv2JgbbAR_OUQ1dpkbNbBUo
2026-09-05T07:36:14.002Z [e903a48b-0cce-45e0-ab3c-bfb73188cf67][bb1fc585-f087-407a-b043-49c06e320521] Downloaded 4/4: winai_2026-09-05T07-36-13_04.jpg
2026-09-05T07:36:14.003Z [e903a48b-0cce-45e0-ab3c-bfb73188cf67][bb1fc585-f087-407a-b043-49c06e320521] ✅ 4 item(s) saved to Downloads/Win AI Toolkit/
2026-09-05T07:36:13.999Z [3eac1a62-b3f6-403d-8efd-db3f23a63dff][bb1fc585-f087-407a-b043-49c06e320521] Ref image 4/7: chips 3→4 ✓
2026-09-05T07:36:14.329Z [e903a48b-0cce-45e0-ab3c-bfb73188cf67][bb1fc585-f087-407a-b043-49c06e320521] Item 1: Uploaded → https://studio.xanhmedia.vn/uploads/2026-09/1788593774018_a5b00b_bb1fc585-f087-407a-b043-49c06e320521_e90.jpg
2026-09-05T07:36:14.331Z [e903a48b-0cce-45e0-ab3c-bfb73188cf67][bb1fc585-f087-407a-b043-49c06e320521] Item 4: Uploaded → https://studio.xanhmedia.vn/uploads/2026-09/1788593774019_71562c_bb1fc585-f087-407a-b043-49c06e320521_e90.jpg
2026-09-05T07:36:14.630Z [e903a48b-0cce-45e0-ab3c-bfb73188cf67][bb1fc585-f087-407a-b043-49c06e320521] Item 3: Uploaded → https://studio.xanhmedia.vn/uploads/2026-09/1788593774066_b92355_bb1fc585-f087-407a-b043-49c06e320521_e90.jpg
2026-09-05T07:36:14.641Z [e903a48b-0cce-45e0-ab3c-bfb73188cf67][bb1fc585-f087-407a-b043-49c06e320521] Item 2: Uploaded → https://studio.xanhmedia.vn/uploads/2026-09/1788593774065_a88916_bb1fc585-f087-407a-b043-49c06e320521_e90.jpg
2026-09-05T07:36:14.642Z [e903a48b-0cce-45e0-ab3c-bfb73188cf67][bb1fc585-f087-407a-b043-49c06e320521] All done (including any 1080p upgrades). Closing Playwright browser context.
2026-09-05T07:36:15.281Z [13afcab0-1832-4bdc-ae22-6a41b103e5d5][bb1fc585-f087-407a-b043-49c06e320521] Generating... 2 ready, 0 failed / 4 total (48s) image 99% [BỐI CẢNH]
2026-09-05T07:36:15.306Z [39401a13-cecd-483d-92b2-33d908aa4767][bb1fc585-f087-407a-b043-49c06e320521] runGeneration starting: task_id=39401a13-cecd-483d-92b2-33d908aa4767, profile_id=bb1fc585-f087-407a-b043-49c06e320521, target_site=google_flow
2026-09-05T07:36:15.307Z [39401a13-cecd-483d-92b2-33d908aa4767][bb1fc585-f087-407a-b043-49c06e320521] Opening Playwright browser with persistent profile cookies...
2026-09-05T07:36:15.307Z [39401a13-cecd-483d-92b2-33d908aa4767][bb1fc585-f087-407a-b043-49c06e320521] Browser engine: winhide (C:\Users\Admin\AppData\Roaming\com.tank.winai\winhide\chrome.exe) [hidden off-screen]
2026-09-05T07:36:15.308Z [39401a13-cecd-483d-92b2-33d908aa4767][bb1fc585-f087-407a-b043-49c06e320521] Launch mode: STEALTH (raw spawn + connectOverCDP)
2026-09-05T07:36:15.532Z [3eac1a62-b3f6-403d-8efd-db3f23a63dff][bb1fc585-f087-407a-b043-49c06e320521] Ref image 5/7: downloading from URL...
2026-09-05T07:36:16.142Z [3eac1a62-b3f6-403d-8efd-db3f23a63dff][bb1fc585-f087-407a-b043-49c06e320521] Ref image 5/7: saved 475323 bytes (image/jpeg) as "Vale Family Water Park Bag.jpeg"
2026-09-05T07:36:16.156Z [3eac1a62-b3f6-403d-8efd-db3f23a63dff][bb1fc585-f087-407a-b043-49c06e320521] Ref image 5/7: attaching reference image...
2026-09-05T07:36:16.766Z [39401a13-cecd-483d-92b2-33d908aa4767][bb1fc585-f087-407a-b043-49c06e320521] Exit IP: 115.74.128.9
2026-09-05T07:36:16.767Z [39401a13-cecd-483d-92b2-33d908aa4767][bb1fc585-f087-407a-b043-49c06e320521] Navigating browser to Google Flow tools page...
2026-09-05T07:36:16.768Z [39401a13-cecd-483d-92b2-33d908aa4767][bb1fc585-f087-407a-b043-49c06e320521] Using existing project URL: https://flow.google.com/project/cd81a7d3-c989-419e-891a-f8694174cb85?hl=en
2026-09-05T07:36:17.594Z [39401a13-cecd-483d-92b2-33d908aa4767][bb1fc585-f087-407a-b043-49c06e320521] Waiting for Google Flow...
2026-09-05T07:36:18.310Z [13afcab0-1832-4bdc-ae22-6a41b103e5d5][bb1fc585-f087-407a-b043-49c06e320521] Generating... 2 ready, 0 failed / 4 total (51s) [BỐI CẢNH]Verdant Fa
2026-09-05T07:36:18.408Z [3eac1a62-b3f6-403d-8efd-db3f23a63dff][bb1fc585-f087-407a-b043-49c06e320521] Ref image 5/7: "Vale Family Water Park Bag.jpeg" not in the library yet — uploading it first.
2026-09-05T07:36:19.215Z [39401a13-cecd-483d-92b2-33d908aa4767][bb1fc585-f087-407a-b043-49c06e320521] In existing project ✓
2026-09-05T07:36:19.505Z [a3cb6a18-54d8-4f03-ad9f-9f8dc025143b][bb1fc585-f087-407a-b043-49c06e320521] Prompt insert attempt 1: editor has 2120 chars (want ~2165) ✓
2026-09-05T07:36:20.051Z [39401a13-cecd-483d-92b2-33d908aa4767][bb1fc585-f087-407a-b043-49c06e320521] dismissPopups: unresolved overlay(s) ["IFRAME[presentation]|btns="]
2026-09-05T07:36:21.325Z [13afcab0-1832-4bdc-ae22-6a41b103e5d5][bb1fc585-f087-407a-b043-49c06e320521] Generating... 3 ready, 0 failed / 4 total (54s)
2026-09-05T07:36:21.505Z [a3cb6a18-54d8-4f03-ad9f-9f8dc025143b][bb1fc585-f087-407a-b043-49c06e320521] Baseline: 48 pre-existing media tile(s) of 48 mounted (kinds: image,image,image,image,image,image,image,image,image,image,image,image,image,image,image,image,image,image,image,image,image,image,image,image,image,image,image,image,image,image,image,image,image,image,image,image,image,image,image,image,video,video,image,image,video,video,image,video).
2026-09-05T07:36:22.929Z [3eac1a62-b3f6-403d-8efd-db3f23a63dff][bb1fc585-f087-407a-b043-49c06e320521] Ref image 5/7: uploading "Vale Family Water Park Bag.jpeg" to the project library...
2026-09-05T07:36:23.291Z [a3cb6a18-54d8-4f03-ad9f-9f8dc025143b][bb1fc585-f087-407a-b043-49c06e320521] [submit] confirmed (editor "What do you want to ", fresh tile=true).
2026-09-05T07:36:24.016Z [a3cb6a18-54d8-4f03-ad9f-9f8dc025143b][bb1fc585-f087-407a-b043-49c06e320521] Current Workspace project URL: https://flow.google.com/project/33ca2cc2-c9ff-4bb6-9048-2a7af1dfcfee?hl=en
2026-09-05T07:36:24.017Z [a3cb6a18-54d8-4f03-ad9f-9f8dc025143b][bb1fc585-f087-407a-b043-49c06e320521] Submitted ✓ Detecting batch size...
2026-09-05T07:36:24.030Z [a3cb6a18-54d8-4f03-ad9f-9f8dc025143b][bb1fc585-f087-407a-b043-49c06e320521] New tile(s) since submit: 0 → 4 (mounted=47)
2026-09-05T07:36:24.041Z [3eac1a62-b3f6-403d-8efd-db3f23a63dff][bb1fc585-f087-407a-b043-49c06e320521] Ref image 5/7: upload finished ✓
2026-09-05T07:36:24.343Z [13afcab0-1832-4bdc-ae22-6a41b103e5d5][bb1fc585-f087-407a-b043-49c06e320521] Generating... 3 ready, 0 failed / 4 total (57s)
2026-09-05T07:36:25.323Z [39401a13-cecd-483d-92b2-33d908aa4767][bb1fc585-f087-407a-b043-49c06e320521] Composer ready ✓ (UI language: en)
2026-09-05T07:36:25.407Z [39401a13-cecd-483d-92b2-33d908aa4767][bb1fc585-f087-407a-b043-49c06e320521] dismissPopups: unresolved overlay(s) ["DIV[]|btns=","DIV[]|btns="]
2026-09-05T07:36:25.442Z [39401a13-cecd-483d-92b2-33d908aa4767][bb1fc585-f087-407a-b043-49c06e320521] Agent toggle aria-pressed=false
2026-09-05T07:36:25.443Z [39401a13-cecd-483d-92b2-33d908aa4767][bb1fc585-f087-407a-b043-49c06e320521] Opening settings...
2026-09-05T07:36:27.360Z [13afcab0-1832-4bdc-ae22-6a41b103e5d5][bb1fc585-f087-407a-b043-49c06e320521] Generating... 3 ready, 0 failed / 4 total (60s)
2026-09-05T07:36:27.449Z [39401a13-cecd-483d-92b2-33d908aa4767][bb1fc585-f087-407a-b043-49c06e320521] Configuring image settings...
2026-09-05T07:36:28.286Z [a3cb6a18-54d8-4f03-ad9f-9f8dc025143b][bb1fc585-f087-407a-b043-49c06e320521] Batch size stabilised at 4 new tile(s)
2026-09-05T07:36:28.287Z [a3cb6a18-54d8-4f03-ad9f-9f8dc025143b][bb1fc585-f087-407a-b043-49c06e320521] Batch detected: 4 item(s). Generating...
2026-09-05T07:36:28.287Z [a3cb6a18-54d8-4f03-ad9f-9f8dc025143b][bb1fc585-f087-407a-b043-49c06e320521] Polling for 4 image item(s) (baseline=48, hasUpload=true)...
2026-09-05T07:36:28.300Z [a3cb6a18-54d8-4f03-ad9f-9f8dc025143b][bb1fc585-f087-407a-b043-49c06e320521] Generating... 0 ready, 0 failed / 4 total (0s) image 34% [BỐI CẢNH] image 34% [BỐI CẢNH] image 34% [BỐI CẢNH] image 34% [BỐI CẢNH]
2026-09-05T07:36:29.025Z [39401a13-cecd-483d-92b2-33d908aa4767][bb1fc585-f087-407a-b043-49c06e320521] Mode: selected "image Image" ✓
2026-09-05T07:36:30.379Z [13afcab0-1832-4bdc-ae22-6a41b103e5d5][bb1fc585-f087-407a-b043-49c06e320521] Generating... 3 ready, 0 failed / 4 total (63s)
2026-09-05T07:36:31.321Z [a3cb6a18-54d8-4f03-ad9f-9f8dc025143b][bb1fc585-f087-407a-b043-49c06e320521] Generating... 0 ready, 0 failed / 4 total (3s) image 54% [BỐI CẢNH] image 54% [BỐI CẢNH] image 54% [BỐI CẢNH] image 54% [BỐI CẢNH]
2026-09-05T07:36:33.400Z [13afcab0-1832-4bdc-ae22-6a41b103e5d5][bb1fc585-f087-407a-b043-49c06e320521] Generating... 3 ready, 0 failed / 4 total (66s)
2026-09-05T07:36:33.675Z [39401a13-cecd-483d-92b2-33d908aa4767][bb1fc585-f087-407a-b043-49c06e320521] Model: selected "🍌 Nano Banana 2" ✓
2026-09-05T07:36:33.974Z [3eac1a62-b3f6-403d-8efd-db3f23a63dff][bb1fc585-f087-407a-b043-49c06e320521] Ref image 5/7: chips 4→5 ✓
2026-09-05T07:36:34.208Z [39401a13-cecd-483d-92b2-33d908aa4767][bb1fc585-f087-407a-b043-49c06e320521] Aspect ratio: "crop_16_9 16:9" already selected ✓
2026-09-05T07:36:34.339Z [a3cb6a18-54d8-4f03-ad9f-9f8dc025143b][bb1fc585-f087-407a-b043-49c06e320521] Generating... 0 ready, 0 failed / 4 total (6s) image 74% [BỐI CẢNH] image 74% [BỐI CẢNH] image 74% [BỐI CẢNH] image 74% [BỐI CẢNH]
2026-09-05T07:36:34.921Z [3eac1a62-b3f6-403d-8efd-db3f23a63dff][bb1fc585-f087-407a-b043-49c06e320521] Ref image 6/7: downloading from URL...
2026-09-05T07:36:35.267Z [3eac1a62-b3f6-403d-8efd-db3f23a63dff][bb1fc585-f087-407a-b043-49c06e320521] Ref image 6/7: saved 287414 bytes (image/jpeg) as "Verdant Water Park Dark Brown Rest Bench.jpeg"
2026-09-05T07:36:35.270Z [3eac1a62-b3f6-403d-8efd-db3f23a63dff][bb1fc585-f087-407a-b043-49c06e320521] Ref image 6/7: attaching reference image...
2026-09-05T07:36:36.225Z [39401a13-cecd-483d-92b2-33d908aa4767][bb1fc585-f087-407a-b043-49c06e320521] Output count: selected "x4" ✓
2026-09-05T07:36:36.415Z [13afcab0-1832-4bdc-ae22-6a41b103e5d5][bb1fc585-f087-407a-b043-49c06e320521] Generating... 3 ready, 0 failed / 4 total (69s)
2026-09-05T07:36:37.277Z [39401a13-cecd-483d-92b2-33d908aa4767][bb1fc585-f087-407a-b043-49c06e320521] Ref image 1/8: downloading from URL...
2026-09-05T07:36:37.336Z [3eac1a62-b3f6-403d-8efd-db3f23a63dff][bb1fc585-f087-407a-b043-49c06e320521] Ref image 6/7: "Verdant Water Park Dark Brown Rest Bench.jpeg" not in the library yet — uploading it first.
2026-09-05T07:36:37.359Z [a3cb6a18-54d8-4f03-ad9f-9f8dc025143b][bb1fc585-f087-407a-b043-49c06e320521] Generating... 0 ready, 0 failed / 4 total (9s) image 94% [BỐI CẢNH] image 94% [BỐI CẢNH] image 94% [BỐI CẢNH] image 94% [BỐI CẢNH]
2026-09-05T07:36:37.480Z [39401a13-cecd-483d-92b2-33d908aa4767][bb1fc585-f087-407a-b043-49c06e320521] Downloader: no-proxy request context ready.
2026-09-05T07:36:38.253Z [39401a13-cecd-483d-92b2-33d908aa4767][bb1fc585-f087-407a-b043-49c06e320521] Ref image 1/8: saved 628888 bytes (image/jpeg) as "Nessa Water Park Day.jpeg"
2026-09-05T07:36:38.258Z [39401a13-cecd-483d-92b2-33d908aa4767][bb1fc585-f087-407a-b043-49c06e320521] Ref image 1/8: attaching reference image...
2026-09-05T07:36:39.437Z [13afcab0-1832-4bdc-ae22-6a41b103e5d5][bb1fc585-f087-407a-b043-49c06e320521] Generating... 3 ready, 0 failed / 4 total (72s)
2026-09-05T07:36:40.375Z [a3cb6a18-54d8-4f03-ad9f-9f8dc025143b][bb1fc585-f087-407a-b043-49c06e320521] Generating... 0 ready, 0 failed / 4 total (12s) image 99% [BỐI CẢNH] image 99% [BỐI CẢNH] image 99% [BỐI CẢNH] image 99% [BỐI CẢNH]
2026-09-05T07:36:40.630Z [39401a13-cecd-483d-92b2-33d908aa4767][bb1fc585-f087-407a-b043-49c06e320521] Ref image 1/8: reusing library asset "Nessa Water Park Day.jpeg" (no re-upload).
2026-09-05T07:36:40.835Z [3eac1a62-b3f6-403d-8efd-db3f23a63dff][bb1fc585-f087-407a-b043-49c06e320521] Ref image 6/7: uploading "Verdant Water Park Dark Brown Rest Bench.jpeg" to the project library...
2026-09-05T07:36:42.105Z [3eac1a62-b3f6-403d-8efd-db3f23a63dff][bb1fc585-f087-407a-b043-49c06e320521] Ref image 6/7: upload finished ✓
2026-09-05T07:36:42.456Z [13afcab0-1832-4bdc-ae22-6a41b103e5d5][bb1fc585-f087-407a-b043-49c06e320521] Generating... 3 ready, 0 failed / 4 total (76s)
2026-09-05T07:36:43.395Z [a3cb6a18-54d8-4f03-ad9f-9f8dc025143b][bb1fc585-f087-407a-b043-49c06e320521] Generating... 0 ready, 0 failed / 4 total (15s) image 99% [BỐI CẢNH] image 99% [BỐI CẢNH] image 99% [BỐI CẢNH] image 99% [BỐI CẢNH]
2026-09-05T07:36:43.832Z [39401a13-cecd-483d-92b2-33d908aa4767][bb1fc585-f087-407a-b043-49c06e320521] Ref image 1/8: chips 0→1 ✓
2026-09-05T07:36:45.314Z [39401a13-cecd-483d-92b2-33d908aa4767][bb1fc585-f087-407a-b043-49c06e320521] Ref image 2/8: downloading from URL...
2026-09-05T07:36:45.476Z [13afcab0-1832-4bdc-ae22-6a41b103e5d5][bb1fc585-f087-407a-b043-49c06e320521] Generating... 3 ready, 0 failed / 4 total (79s)
2026-09-05T07:36:45.708Z [39401a13-cecd-483d-92b2-33d908aa4767][bb1fc585-f087-407a-b043-49c06e320521] Ref image 2/8: saved 468314 bytes (image/jpeg) as "Arlo Water Park Day.jpeg"
2026-09-05T07:36:45.719Z [39401a13-cecd-483d-92b2-33d908aa4767][bb1fc585-f087-407a-b043-49c06e320521] Ref image 2/8: attaching reference image...
2026-09-05T07:36:46.409Z [a3cb6a18-54d8-4f03-ad9f-9f8dc025143b][bb1fc585-f087-407a-b043-49c06e320521] Generating... 0 ready, 0 failed / 4 total (18s) image 99% [BỐI CẢNH] image 99% [BỐI CẢNH] image 99% [BỐI CẢNH] image 99% [BỐI CẢNH]
2026-09-05T07:36:47.770Z [39401a13-cecd-483d-92b2-33d908aa4767][bb1fc585-f087-407a-b043-49c06e320521] Ref image 2/8: reusing library asset "Arlo Water Park Day.jpeg" (no re-upload).
2026-09-05T07:36:48.499Z [13afcab0-1832-4bdc-ae22-6a41b103e5d5][bb1fc585-f087-407a-b043-49c06e320521] Generating... 3 ready, 0 failed / 4 total (82s)
2026-09-05T07:36:49.429Z [a3cb6a18-54d8-4f03-ad9f-9f8dc025143b][bb1fc585-f087-407a-b043-49c06e320521] Generating... 0 ready, 0 failed / 4 total (21s) image 99% [BỐI CẢNH] image 99% [BỐI CẢNH] image 99% [BỐI CẢNH] image 99% [BỐI CẢNH]
2026-09-05T07:36:50.503Z [3eac1a62-b3f6-403d-8efd-db3f23a63dff][bb1fc585-f087-407a-b043-49c06e320521] Ref image 6/7: chips 5→6 ✓
2026-09-05T07:36:50.911Z [39401a13-cecd-483d-92b2-33d908aa4767][bb1fc585-f087-407a-b043-49c06e320521] Ref image 2/8: chips 1→2 ✓
2026-09-05T07:36:51.525Z [13afcab0-1832-4bdc-ae22-6a41b103e5d5][bb1fc585-f087-407a-b043-49c06e320521] Generating... 3 ready, 0 failed / 4 total (85s)
2026-09-05T07:36:51.901Z [3eac1a62-b3f6-403d-8efd-db3f23a63dff][bb1fc585-f087-407a-b043-49c06e320521] Ref image 7/7: downloading from URL...
2026-09-05T07:36:51.931Z [39401a13-cecd-483d-92b2-33d908aa4767][bb1fc585-f087-407a-b043-49c06e320521] Ref image 3/8: downloading from URL...
2026-09-05T07:36:52.287Z [3eac1a62-b3f6-403d-8efd-db3f23a63dff][bb1fc585-f087-407a-b043-49c06e320521] Ref image 7/7: saved 926103 bytes (image/jpeg) as "Verdant Family Water Park Master.jpeg"
2026-09-05T07:36:52.290Z [3eac1a62-b3f6-403d-8efd-db3f23a63dff][bb1fc585-f087-407a-b043-49c06e320521] Ref image 7/7: attaching reference image...
2026-09-05T07:36:52.361Z [39401a13-cecd-483d-92b2-33d908aa4767][bb1fc585-f087-407a-b043-49c06e320521] Ref image 3/8: saved 549605 bytes (image/jpeg) as "Elara Water Park Day.jpeg"
2026-09-05T07:36:52.365Z [39401a13-cecd-483d-92b2-33d908aa4767][bb1fc585-f087-407a-b043-49c06e320521] Ref image 3/8: attaching reference image...
2026-09-05T07:36:52.453Z [a3cb6a18-54d8-4f03-ad9f-9f8dc025143b][bb1fc585-f087-407a-b043-49c06e320521] Generating... 0 ready, 0 failed / 4 total (24s) image 99% [BỐI CẢNH] image 99% [BỐI CẢNH] image 99% [BỐI CẢNH] image 99% [BỐI CẢNH]
2026-09-05T07:36:54.240Z [3eac1a62-b3f6-403d-8efd-db3f23a63dff][bb1fc585-f087-407a-b043-49c06e320521] Ref image 7/7: reusing library asset "Verdant Family Water Park Master.jpeg" (no re-upload).
2026-09-05T07:36:54.328Z [39401a13-cecd-483d-92b2-33d908aa4767][bb1fc585-f087-407a-b043-49c06e320521] Ref image 3/8: reusing library asset "Elara Water Park Day.jpeg" (no re-upload).
2026-09-05T07:36:54.541Z [13afcab0-1832-4bdc-ae22-6a41b103e5d5][bb1fc585-f087-407a-b043-49c06e320521] Generating... 3 ready, 0 failed / 4 total (88s)
2026-09-05T07:36:55.469Z [a3cb6a18-54d8-4f03-ad9f-9f8dc025143b][bb1fc585-f087-407a-b043-49c06e320521] Generating... 0 ready, 0 failed / 4 total (27s) image 99% [BỐI CẢNH] image 99% [BỐI CẢNH] image 99% [BỐI CẢNH] image 99% [BỐI CẢNH]
2026-09-05T07:36:57.301Z [39401a13-cecd-483d-92b2-33d908aa4767][bb1fc585-f087-407a-b043-49c06e320521] Ref image 3/8: chips 2→3 ✓
2026-09-05T07:36:57.555Z [13afcab0-1832-4bdc-ae22-6a41b103e5d5][bb1fc585-f087-407a-b043-49c06e320521] Generating... 3 ready, 0 failed / 4 total (91s)
2026-09-05T07:36:57.598Z [3eac1a62-b3f6-403d-8efd-db3f23a63dff][bb1fc585-f087-407a-b043-49c06e320521] Ref image 7/7: chips 6→7 ✓
2026-09-05T07:36:57.606Z [3eac1a62-b3f6-403d-8efd-db3f23a63dff][bb1fc585-f087-407a-b043-49c06e320521] Entering prompt...
2026-09-05T07:36:58.225Z [39401a13-cecd-483d-92b2-33d908aa4767][bb1fc585-f087-407a-b043-49c06e320521] Ref image 4/8: downloading from URL...
2026-09-05T07:36:58.484Z [a3cb6a18-54d8-4f03-ad9f-9f8dc025143b][bb1fc585-f087-407a-b043-49c06e320521] Generating... 0 ready, 0 failed / 4 total (30s) image 99% [BỐI CẢNH] image 99% [BỐI CẢNH] image 99% [BỐI CẢNH] image 99% [BỐI CẢNH]
2026-09-05T07:36:58.608Z [39401a13-cecd-483d-92b2-33d908aa4767][bb1fc585-f087-407a-b043-49c06e320521] Ref image 4/8: saved 653843 bytes (image/jpeg) as "Graham Water Park Day.jpeg"
2026-09-05T07:36:58.611Z [39401a13-cecd-483d-92b2-33d908aa4767][bb1fc585-f087-407a-b043-49c06e320521] Ref image 4/8: attaching reference image...
2026-09-05T07:36:59.749Z [3eac1a62-b3f6-403d-8efd-db3f23a63dff][bb1fc585-f087-407a-b043-49c06e320521] Prompt is 2298 chars — typing it in 33 chunk(s).
2026-09-05T07:37:00.574Z [13afcab0-1832-4bdc-ae22-6a41b103e5d5][bb1fc585-f087-407a-b043-49c06e320521] Generating... 3 ready, 0 failed / 4 total (94s)
2026-09-05T07:37:00.989Z [39401a13-cecd-483d-92b2-33d908aa4767][bb1fc585-f087-407a-b043-49c06e320521] Ref image 4/8: reusing library asset "Graham Water Park Day.jpeg" (no re-upload).
2026-09-05T07:37:01.503Z [a3cb6a18-54d8-4f03-ad9f-9f8dc025143b][bb1fc585-f087-407a-b043-49c06e320521] Generating... 0 ready, 0 failed / 4 total (33s) image 99% [BỐI CẢNH] image 99% [BỐI CẢNH] image 99% [BỐI CẢNH] image 99% [BỐI CẢNH]
2026-09-05T07:37:03.602Z [13afcab0-1832-4bdc-ae22-6a41b103e5d5][bb1fc585-f087-407a-b043-49c06e320521] Generating... 3 ready, 0 failed / 4 total (97s)
2026-09-05T07:37:04.120Z [39401a13-cecd-483d-92b2-33d908aa4767][bb1fc585-f087-407a-b043-49c06e320521] Ref image 4/8: chips 3→4 ✓
2026-09-05T07:37:04.521Z [a3cb6a18-54d8-4f03-ad9f-9f8dc025143b][bb1fc585-f087-407a-b043-49c06e320521] Generating... 0 ready, 0 failed / 4 total (36s) [BỐI CẢNH]Verdant Fa image 99% [BỐI CẢNH] [BỐI CẢNH]Verdant Fa image 99% [BỐI CẢNH]
2026-09-05T07:37:05.245Z [39401a13-cecd-483d-92b2-33d908aa4767][bb1fc585-f087-407a-b043-49c06e320521] Ref image 5/8: downloading from URL...
2026-09-05T07:37:05.608Z [39401a13-cecd-483d-92b2-33d908aa4767][bb1fc585-f087-407a-b043-49c06e320521] Ref image 5/8: saved 489730 bytes (image/jpeg) as "Vale Family Blue Bath Towel.jpeg"
2026-09-05T07:37:05.611Z [39401a13-cecd-483d-92b2-33d908aa4767][bb1fc585-f087-407a-b043-49c06e320521] Ref image 5/8: attaching reference image...
2026-09-05T07:37:06.617Z [13afcab0-1832-4bdc-ae22-6a41b103e5d5][bb1fc585-f087-407a-b043-49c06e320521] Generating... 3 ready, 0 failed / 4 total (100s)
2026-09-05T07:37:07.539Z [a3cb6a18-54d8-4f03-ad9f-9f8dc025143b][bb1fc585-f087-407a-b043-49c06e320521] Generating... 2 ready, 0 failed / 4 total (39s) image 99% [BỐI CẢNH] image 99% [BỐI CẢNH]
2026-09-05T07:37:07.949Z [39401a13-cecd-483d-92b2-33d908aa4767][bb1fc585-f087-407a-b043-49c06e320521] Ref image 5/8: "Vale Family Blue Bath Towel.jpeg" not in the library yet — uploading it first.
2026-09-05T07:37:09.630Z [13afcab0-1832-4bdc-ae22-6a41b103e5d5][bb1fc585-f087-407a-b043-49c06e320521] Generating... 3 ready, 0 failed / 4 total (103s)
2026-09-05T07:37:10.550Z [a3cb6a18-54d8-4f03-ad9f-9f8dc025143b][bb1fc585-f087-407a-b043-49c06e320521] Generating... 2 ready, 0 failed / 4 total (42s) image 99% [BỐI CẢNH] image 99% [BỐI CẢNH]
2026-09-05T07:37:11.990Z [39401a13-cecd-483d-92b2-33d908aa4767][bb1fc585-f087-407a-b043-49c06e320521] Ref image 5/8: uploading "Vale Family Blue Bath Towel.jpeg" to the project library...
2026-09-05T07:37:12.643Z [13afcab0-1832-4bdc-ae22-6a41b103e5d5][bb1fc585-f087-407a-b043-49c06e320521] Generating... 3 ready, 0 failed / 4 total (106s)
2026-09-05T07:37:13.280Z [39401a13-cecd-483d-92b2-33d908aa4767][bb1fc585-f087-407a-b043-49c06e320521] Ref image 5/8: upload finished ✓
2026-09-05T07:37:13.561Z [a3cb6a18-54d8-4f03-ad9f-9f8dc025143b][bb1fc585-f087-407a-b043-49c06e320521] Generating... 2 ready, 0 failed / 4 total (45s) image 99% [BỐI CẢNH] image 99% [BỐI CẢNH]
2026-09-05T07:37:15.667Z [13afcab0-1832-4bdc-ae22-6a41b103e5d5][bb1fc585-f087-407a-b043-49c06e320521] Generating... 3 ready, 0 failed / 4 total (109s)
2026-09-05T07:37:16.066Z [3eac1a62-b3f6-403d-8efd-db3f23a63dff][bb1fc585-f087-407a-b043-49c06e320521] Prompt insert attempt 1: editor has 2244 chars (want ~2291) ✓
2026-09-05T07:37:16.583Z [a3cb6a18-54d8-4f03-ad9f-9f8dc025143b][bb1fc585-f087-407a-b043-49c06e320521] Generating... 2 ready, 0 failed / 4 total (48s) image 99% [BỐI CẢNH] [BỐI CẢNH]Verdant Fa
2026-09-05T07:37:17.802Z [3eac1a62-b3f6-403d-8efd-db3f23a63dff][bb1fc585-f087-407a-b043-49c06e320521] Baseline: 47 pre-existing media tile(s) of 47 mounted (kinds: image,image,image,image,image,image,image,image,image,image,image,image,image,image,image,image,image,image,image,image,image,image,image,image,image,image,image,image,image,image,image,image,image,image,image,image,image,image,image,image,image,image,image,image,image,image,video).
2026-09-05T07:37:18.678Z [13afcab0-1832-4bdc-ae22-6a41b103e5d5][bb1fc585-f087-407a-b043-49c06e320521] Generating... 3 ready, 0 failed / 4 total (112s)
2026-09-05T07:37:19.606Z [a3cb6a18-54d8-4f03-ad9f-9f8dc025143b][bb1fc585-f087-407a-b043-49c06e320521] Generating... 3 ready, 0 failed / 4 total (51s) image 99% [BỐI CẢNH]
2026-09-05T07:37:19.683Z [3eac1a62-b3f6-403d-8efd-db3f23a63dff][bb1fc585-f087-407a-b043-49c06e320521] [submit] confirmed (editor "What do you want to ", fresh tile=true).
2026-09-05T07:37:20.442Z [3eac1a62-b3f6-403d-8efd-db3f23a63dff][bb1fc585-f087-407a-b043-49c06e320521] Current Workspace project URL: https://flow.google.com/project/cae2bf2b-d1b8-40f9-a300-9f2aa6276ea5?hl=en
2026-09-05T07:37:20.442Z [3eac1a62-b3f6-403d-8efd-db3f23a63dff][bb1fc585-f087-407a-b043-49c06e320521] Submitted ✓ Detecting batch size...
2026-09-05T07:37:20.462Z [3eac1a62-b3f6-403d-8efd-db3f23a63dff][bb1fc585-f087-407a-b043-49c06e320521] New tile(s) since submit: 0 → 4 (mounted=49)
2026-09-05T07:37:21.692Z [13afcab0-1832-4bdc-ae22-6a41b103e5d5][bb1fc585-f087-407a-b043-49c06e320521] Generating... 3 ready, 0 failed / 4 total (115s)
2026-09-05T07:37:22.627Z [a3cb6a18-54d8-4f03-ad9f-9f8dc025143b][bb1fc585-f087-407a-b043-49c06e320521] Generating... 3 ready, 0 failed / 4 total (54s) [BỐI CẢNH]Verdant Fa
2026-09-05T07:37:22.854Z [39401a13-cecd-483d-92b2-33d908aa4767][bb1fc585-f087-407a-b043-49c06e320521] Ref image 5/8: chips 4→5 ✓
2026-09-05T07:37:24.515Z [39401a13-cecd-483d-92b2-33d908aa4767][bb1fc585-f087-407a-b043-49c06e320521] Ref image 6/8: downloading from URL...
2026-09-05T07:37:24.606Z [3eac1a62-b3f6-403d-8efd-db3f23a63dff][bb1fc585-f087-407a-b043-49c06e320521] Batch size stabilised at 4 new tile(s)
2026-09-05T07:37:24.606Z [3eac1a62-b3f6-403d-8efd-db3f23a63dff][bb1fc585-f087-407a-b043-49c06e320521] Batch detected: 4 item(s). Generating...
2026-09-05T07:37:24.606Z [3eac1a62-b3f6-403d-8efd-db3f23a63dff][bb1fc585-f087-407a-b043-49c06e320521] Polling for 4 image item(s) (baseline=47, hasUpload=true)...
2026-09-05T07:37:24.618Z [3eac1a62-b3f6-403d-8efd-db3f23a63dff][bb1fc585-f087-407a-b043-49c06e320521] Generating... 0 ready, 0 failed / 4 total (0s) image 34% [BỐI CẢNH] image 34% [BỐI CẢNH] image 34% [BỐI CẢNH] image 34% [BỐI CẢNH]
2026-09-05T07:37:24.716Z [13afcab0-1832-4bdc-ae22-6a41b103e5d5][bb1fc585-f087-407a-b043-49c06e320521] Generating... 3 ready, 0 failed / 4 total (118s)
2026-09-05T07:37:24.854Z [39401a13-cecd-483d-92b2-33d908aa4767][bb1fc585-f087-407a-b043-49c06e320521] Ref image 6/8: saved 287414 bytes (image/jpeg) as "Verdant Water Park Dark Brown Rest Bench.jpeg"
2026-09-05T07:37:24.858Z [39401a13-cecd-483d-92b2-33d908aa4767][bb1fc585-f087-407a-b043-49c06e320521] Ref image 6/8: attaching reference image...
2026-09-05T07:37:25.643Z [a3cb6a18-54d8-4f03-ad9f-9f8dc025143b][bb1fc585-f087-407a-b043-49c06e320521] Generating... 4 ready, 0 failed / 4 total (57s)
2026-09-05T07:37:25.643Z [a3cb6a18-54d8-4f03-ad9f-9f8dc025143b][bb1fc585-f087-407a-b043-49c06e320521] Batch done: 4 ready (target 4), 0 failed, scanned 4.
2026-09-05T07:37:25.643Z [a3cb6a18-54d8-4f03-ad9f-9f8dc025143b][bb1fc585-f087-407a-b043-49c06e320521] 4 item(s) ready! Downloading...
2026-09-05T07:37:25.644Z [a3cb6a18-54d8-4f03-ad9f-9f8dc025143b][bb1fc585-f087-407a-b043-49c06e320521] Item 1: Downloading from URL https://flow-content.google/image/eef4c7be-199e-4a35-aff7-bf6c83419d1f?Expires=1788615385&KeyName=labs-flow-prod-cdn-key&Signature=wsOLWlzHo_t6s4X7c_bIzLX92qA
2026-09-05T07:37:26.025Z [a3cb6a18-54d8-4f03-ad9f-9f8dc025143b][bb1fc585-f087-407a-b043-49c06e320521] Downloaded 1/4: winai_2026-09-05T07-37-25_01.jpg
2026-09-05T07:37:26.026Z [a3cb6a18-54d8-4f03-ad9f-9f8dc025143b][bb1fc585-f087-407a-b043-49c06e320521] Item 2: Downloading from URL https://flow-content.google/image/2de5a5bf-ee22-4f7c-9694-b90767b1d505?Expires=1788615384&KeyName=labs-flow-prod-cdn-key&Signature=maBFhUFx0OxxBeLx-KA9zwbJRFA
2026-09-05T07:37:26.135Z [a3cb6a18-54d8-4f03-ad9f-9f8dc025143b][bb1fc585-f087-407a-b043-49c06e320521] Downloaded 2/4: winai_2026-09-05T07-37-25_02.jpg
2026-09-05T07:37:26.135Z [a3cb6a18-54d8-4f03-ad9f-9f8dc025143b][bb1fc585-f087-407a-b043-49c06e320521] Item 3: Downloading from URL https://flow-content.google/image/2c4b14df-bc82-4b3d-a670-ccc518e2ba91?Expires=1788615384&KeyName=labs-flow-prod-cdn-key&Signature=xtb8yBiieWc0yTGtVKSo_s_Wzz4
2026-09-05T07:37:26.214Z [a3cb6a18-54d8-4f03-ad9f-9f8dc025143b][bb1fc585-f087-407a-b043-49c06e320521] Downloaded 3/4: winai_2026-09-05T07-37-25_03.jpg
2026-09-05T07:37:26.215Z [a3cb6a18-54d8-4f03-ad9f-9f8dc025143b][bb1fc585-f087-407a-b043-49c06e320521] Item 4: Downloading from URL https://flow-content.google/image/41cf551c-45c7-49fb-9bb7-ddb6a411fd14?Expires=1788615383&KeyName=labs-flow-prod-cdn-key&Signature=bRKeCDtbGouldWhOLyGJeU0W9bI
2026-09-05T07:37:26.290Z [a3cb6a18-54d8-4f03-ad9f-9f8dc025143b][bb1fc585-f087-407a-b043-49c06e320521] Downloaded 4/4: winai_2026-09-05T07-37-25_04.jpg
2026-09-05T07:37:26.291Z [a3cb6a18-54d8-4f03-ad9f-9f8dc025143b][bb1fc585-f087-407a-b043-49c06e320521] ✅ 4 item(s) saved to Downloads/Win AI Toolkit/
2026-09-05T07:37:26.608Z [a3cb6a18-54d8-4f03-ad9f-9f8dc025143b][bb1fc585-f087-407a-b043-49c06e320521] Item 4: Uploaded → https://studio.xanhmedia.vn/uploads/2026-09/1788593846281_9efaad_bb1fc585-f087-407a-b043-49c06e320521_a3c.jpg
2026-09-05T07:37:26.632Z [a3cb6a18-54d8-4f03-ad9f-9f8dc025143b][bb1fc585-f087-407a-b043-49c06e320521] Item 1: Uploaded → https://studio.xanhmedia.vn/uploads/2026-09/1788593846310_2254a9_bb1fc585-f087-407a-b043-49c06e320521_a3c.jpg
2026-09-05T07:37:26.666Z [a3cb6a18-54d8-4f03-ad9f-9f8dc025143b][bb1fc585-f087-407a-b043-49c06e320521] Item 2: Uploaded → https://studio.xanhmedia.vn/uploads/2026-09/1788593846348_b72a3d_bb1fc585-f087-407a-b043-49c06e320521_a3c.jpg
2026-09-05T07:37:26.684Z [a3cb6a18-54d8-4f03-ad9f-9f8dc025143b][bb1fc585-f087-407a-b043-49c06e320521] Item 3: Uploaded → https://studio.xanhmedia.vn/uploads/2026-09/1788593846363_88e3d9_bb1fc585-f087-407a-b043-49c06e320521_a3c.jpg
2026-09-05T07:37:26.686Z [a3cb6a18-54d8-4f03-ad9f-9f8dc025143b][bb1fc585-f087-407a-b043-49c06e320521] All done (including any 1080p upgrades). Closing Playwright browser context.
2026-09-05T07:37:27.041Z [39401a13-cecd-483d-92b2-33d908aa4767][bb1fc585-f087-407a-b043-49c06e320521] Ref image 6/8: reusing library asset "Verdant Water Park Dark Brown Rest Bench.jpeg" (no re-upload).
2026-09-05T07:37:27.567Z [ef57c7a7-120e-4dc1-92d8-f668dbac82a2][bb1fc585-f087-407a-b043-49c06e320521] runGeneration starting: task_id=ef57c7a7-120e-4dc1-92d8-f668dbac82a2, profile_id=bb1fc585-f087-407a-b043-49c06e320521, target_site=google_flow
2026-09-05T07:37:27.568Z [ef57c7a7-120e-4dc1-92d8-f668dbac82a2][bb1fc585-f087-407a-b043-49c06e320521] Opening Playwright browser with persistent profile cookies...
2026-09-05T07:37:27.569Z [ef57c7a7-120e-4dc1-92d8-f668dbac82a2][bb1fc585-f087-407a-b043-49c06e320521] Browser engine: winhide (C:\Users\Admin\AppData\Roaming\com.tank.winai\winhide\chrome.exe) [hidden off-screen]
2026-09-05T07:37:27.570Z [ef57c7a7-120e-4dc1-92d8-f668dbac82a2][bb1fc585-f087-407a-b043-49c06e320521] Launch mode: STEALTH (raw spawn + connectOverCDP)
2026-09-05T07:37:27.645Z [3eac1a62-b3f6-403d-8efd-db3f23a63dff][bb1fc585-f087-407a-b043-49c06e320521] Generating... 0 ready, 0 failed / 4 total (3s) image 54% [BỐI CẢNH] image 54% [BỐI CẢNH] image 54% [BỐI CẢNH] image 54% [BỐI CẢNH]
2026-09-05T07:37:27.735Z [13afcab0-1832-4bdc-ae22-6a41b103e5d5][bb1fc585-f087-407a-b043-49c06e320521] Generating... 3 ready, 0 failed / 4 total (121s)
2026-09-05T07:37:29.385Z [ef57c7a7-120e-4dc1-92d8-f668dbac82a2][bb1fc585-f087-407a-b043-49c06e320521] Exit IP: 115.74.128.9
2026-09-05T07:37:29.386Z [ef57c7a7-120e-4dc1-92d8-f668dbac82a2][bb1fc585-f087-407a-b043-49c06e320521] Navigating browser to Google Flow tools page...
2026-09-05T07:37:29.386Z [ef57c7a7-120e-4dc1-92d8-f668dbac82a2][bb1fc585-f087-407a-b043-49c06e320521] Using existing project URL: https://flow.google.com/project/33ca2cc2-c9ff-4bb6-9048-2a7af1dfcfee?hl=en
2026-09-05T07:37:30.264Z [ef57c7a7-120e-4dc1-92d8-f668dbac82a2][bb1fc585-f087-407a-b043-49c06e320521] Waiting for Google Flow...
2026-09-05T07:37:30.670Z [3eac1a62-b3f6-403d-8efd-db3f23a63dff][bb1fc585-f087-407a-b043-49c06e320521] Generating... 0 ready, 0 failed / 4 total (6s) image 74% [BỐI CẢNH] image 74% [BỐI CẢNH] image 74% [BỐI CẢNH] image 74% [BỐI CẢNH]
2026-09-05T07:37:30.747Z [13afcab0-1832-4bdc-ae22-6a41b103e5d5][bb1fc585-f087-407a-b043-49c06e320521] Generating... 3 ready, 0 failed / 4 total (124s)
2026-09-05T07:37:30.971Z [39401a13-cecd-483d-92b2-33d908aa4767][bb1fc585-f087-407a-b043-49c06e320521] Ref image 6/8: chips 5→6 ✓
2026-09-05T07:37:32.113Z [ef57c7a7-120e-4dc1-92d8-f668dbac82a2][bb1fc585-f087-407a-b043-49c06e320521] In existing project ✓
2026-09-05T07:37:32.155Z [39401a13-cecd-483d-92b2-33d908aa4767][bb1fc585-f087-407a-b043-49c06e320521] Ref image 7/8: downloading from URL...
2026-09-05T07:37:32.580Z [39401a13-cecd-483d-92b2-33d908aa4767][bb1fc585-f087-407a-b043-49c06e320521] Ref image 7/8: saved 289545 bytes (image/jpeg) as "Graham Family Smartphone.jpeg"
2026-09-05T07:37:32.586Z [39401a13-cecd-483d-92b2-33d908aa4767][bb1fc585-f087-407a-b043-49c06e320521] Ref image 7/8: attaching reference image...
2026-09-05T07:37:33.065Z [ef57c7a7-120e-4dc1-92d8-f668dbac82a2][bb1fc585-f087-407a-b043-49c06e320521] dismissPopups: unresolved overlay(s) ["IFRAME[presentation]|btns="]
2026-09-05T07:37:33.684Z [3eac1a62-b3f6-403d-8efd-db3f23a63dff][bb1fc585-f087-407a-b043-49c06e320521] Generating... 0 ready, 0 failed / 4 total (9s) image 94% [BỐI CẢNH] image 94% [BỐI CẢNH] image 94% [BỐI CẢNH] image 94% [BỐI CẢNH]
2026-09-05T07:37:33.766Z [13afcab0-1832-4bdc-ae22-6a41b103e5d5][bb1fc585-f087-407a-b043-49c06e320521] Generating... 3 ready, 0 failed / 4 total (127s)
2026-09-05T07:37:34.651Z [39401a13-cecd-483d-92b2-33d908aa4767][bb1fc585-f087-407a-b043-49c06e320521] Ref image 7/8: reusing library asset "Graham Family Smartphone.jpeg" (no re-upload).
2026-09-05T07:37:36.703Z [3eac1a62-b3f6-403d-8efd-db3f23a63dff][bb1fc585-f087-407a-b043-49c06e320521] Generating... 0 ready, 0 failed / 4 total (12s) image 99% [BỐI CẢNH] image 99% [BỐI CẢNH] image 99% [BỐI CẢNH] image 99% [BỐI CẢNH]
2026-09-05T07:37:36.786Z [13afcab0-1832-4bdc-ae22-6a41b103e5d5][bb1fc585-f087-407a-b043-49c06e320521] Generating... 3 ready, 0 failed / 4 total (130s)
2026-09-05T07:37:37.510Z [39401a13-cecd-483d-92b2-33d908aa4767][bb1fc585-f087-407a-b043-49c06e320521] Ref image 7/8: chips 6→7 ✓
2026-09-05T07:37:38.651Z [ef57c7a7-120e-4dc1-92d8-f668dbac82a2][bb1fc585-f087-407a-b043-49c06e320521] Composer ready ✓ (UI language: en)
2026-09-05T07:37:38.705Z [ef57c7a7-120e-4dc1-92d8-f668dbac82a2][bb1fc585-f087-407a-b043-49c06e320521] dismissPopups: unresolved overlay(s) ["DIV[]|btns=","DIV[]|btns="]
2026-09-05T07:37:38.769Z [ef57c7a7-120e-4dc1-92d8-f668dbac82a2][bb1fc585-f087-407a-b043-49c06e320521] Agent toggle aria-pressed=false
2026-09-05T07:37:38.771Z [ef57c7a7-120e-4dc1-92d8-f668dbac82a2][bb1fc585-f087-407a-b043-49c06e320521] Opening settings...
2026-09-05T07:37:39.215Z [39401a13-cecd-483d-92b2-33d908aa4767][bb1fc585-f087-407a-b043-49c06e320521] Ref image 8/8: downloading from URL...
2026-09-05T07:37:39.693Z [39401a13-cecd-483d-92b2-33d908aa4767][bb1fc585-f087-407a-b043-49c06e320521] Ref image 8/8: saved 926103 bytes (image/jpeg) as "Verdant Family Water Park Master.jpeg"
2026-09-05T07:37:39.698Z [39401a13-cecd-483d-92b2-33d908aa4767][bb1fc585-f087-407a-b043-49c06e320521] Ref image 8/8: attaching reference image...
2026-09-05T07:37:39.716Z [3eac1a62-b3f6-403d-8efd-db3f23a63dff][bb1fc585-f087-407a-b043-49c06e320521] Generating... 0 ready, 0 failed / 4 total (15s) image 99% [BỐI CẢNH] image 99% [BỐI CẢNH] image 99% [BỐI CẢNH] image 99% [BỐI CẢNH]
2026-09-05T07:37:39.800Z [13afcab0-1832-4bdc-ae22-6a41b103e5d5][bb1fc585-f087-407a-b043-49c06e320521] Generating... 3 ready, 0 failed / 4 total (133s)
2026-09-05T07:37:40.428Z [ef57c7a7-120e-4dc1-92d8-f668dbac82a2][bb1fc585-f087-407a-b043-49c06e320521] Configuring image settings...
2026-09-05T07:37:41.765Z [39401a13-cecd-483d-92b2-33d908aa4767][bb1fc585-f087-407a-b043-49c06e320521] Ref image 8/8: reusing library asset "Verdant Family Water Park Master.jpeg" (no re-upload).
2026-09-05T07:37:42.196Z [ef57c7a7-120e-4dc1-92d8-f668dbac82a2][bb1fc585-f087-407a-b043-49c06e320521] Mode: selected "image Image" ✓
2026-09-05T07:37:42.734Z [3eac1a62-b3f6-403d-8efd-db3f23a63dff][bb1fc585-f087-407a-b043-49c06e320521] Generating... 0 ready, 0 failed / 4 total (18s) image 99% [BỐI CẢNH] image 99% [BỐI CẢNH] image 99% [BỐI CẢNH] image 99% [BỐI CẢNH]
2026-09-05T07:37:42.820Z [13afcab0-1832-4bdc-ae22-6a41b103e5d5][bb1fc585-f087-407a-b043-49c06e320521] Generating... 3 ready, 0 failed / 4 total (136s)
2026-09-05T07:37:44.881Z [39401a13-cecd-483d-92b2-33d908aa4767][bb1fc585-f087-407a-b043-49c06e320521] Ref image 8/8: chips 7→8 ✓
2026-09-05T07:37:44.889Z [39401a13-cecd-483d-92b2-33d908aa4767][bb1fc585-f087-407a-b043-49c06e320521] Entering prompt...
2026-09-05T07:37:45.744Z [3eac1a62-b3f6-403d-8efd-db3f23a63dff][bb1fc585-f087-407a-b043-49c06e320521] Generating... 0 ready, 0 failed / 4 total (21s) image 99% [BỐI CẢNH] image 99% [BỐI CẢNH] image 99% [BỐI CẢNH] image 99% [BỐI CẢNH]
2026-09-05T07:37:45.834Z [13afcab0-1832-4bdc-ae22-6a41b103e5d5][bb1fc585-f087-407a-b043-49c06e320521] Generating... 3 ready, 0 failed / 4 total (139s)
2026-09-05T07:37:46.495Z [39401a13-cecd-483d-92b2-33d908aa4767][bb1fc585-f087-407a-b043-49c06e320521] Prompt is 2347 chars — typing it in 33 chunk(s).
2026-09-05T07:37:46.565Z [ef57c7a7-120e-4dc1-92d8-f668dbac82a2][bb1fc585-f087-407a-b043-49c06e320521] Model: selected "🍌 Nano Banana 2" ✓
2026-09-05T07:37:47.389Z [ef57c7a7-120e-4dc1-92d8-f668dbac82a2][bb1fc585-f087-407a-b043-49c06e320521] Aspect ratio: "crop_16_9 16:9" already selected ✓
2026-09-05T07:37:48.771Z [3eac1a62-b3f6-403d-8efd-db3f23a63dff][bb1fc585-f087-407a-b043-49c06e320521] Generating... 0 ready, 0 failed / 4 total (24s) image 99% [BỐI CẢNH] image 99% [BỐI CẢNH] image 99% [BỐI CẢNH] image 99% [BỐI CẢNH]
2026-09-05T07:37:48.851Z [13afcab0-1832-4bdc-ae22-6a41b103e5d5][bb1fc585-f087-407a-b043-49c06e320521] Generating... 3 ready, 0 failed / 4 total (142s)
2026-09-05T07:37:49.163Z [ef57c7a7-120e-4dc1-92d8-f668dbac82a2][bb1fc585-f087-407a-b043-49c06e320521] Output count: selected "x4" ✓
2026-09-05T07:37:49.960Z [ef57c7a7-120e-4dc1-92d8-f668dbac82a2][bb1fc585-f087-407a-b043-49c06e320521] Ref image 1/6: downloading from URL...
2026-09-05T07:37:50.160Z [ef57c7a7-120e-4dc1-92d8-f668dbac82a2][bb1fc585-f087-407a-b043-49c06e320521] Downloader: no-proxy request context ready.
2026-09-05T07:37:50.923Z [ef57c7a7-120e-4dc1-92d8-f668dbac82a2][bb1fc585-f087-407a-b043-49c06e320521] Ref image 1/6: saved 468314 bytes (image/jpeg) as "Arlo Water Park Day.jpeg"
2026-09-05T07:37:50.926Z [ef57c7a7-120e-4dc1-92d8-f668dbac82a2][bb1fc585-f087-407a-b043-49c06e320521] Ref image 1/6: attaching reference image...
2026-09-05T07:37:51.787Z [3eac1a62-b3f6-403d-8efd-db3f23a63dff][bb1fc585-f087-407a-b043-49c06e320521] Generating... 0 ready, 0 failed / 4 total (27s) image 99% [BỐI CẢNH] image 99% [BỐI CẢNH] image 99% [BỐI CẢNH] image 99% [BỐI CẢNH]
2026-09-05T07:37:51.868Z [13afcab0-1832-4bdc-ae22-6a41b103e5d5][bb1fc585-f087-407a-b043-49c06e320521] Generating... 3 ready, 0 failed / 4 total (145s)
2026-09-05T07:37:52.669Z [ef57c7a7-120e-4dc1-92d8-f668dbac82a2][bb1fc585-f087-407a-b043-49c06e320521] Ref image 1/6: reusing library asset "Arlo Water Park Day.jpeg" (no re-upload).
2026-09-05T07:37:54.807Z [3eac1a62-b3f6-403d-8efd-db3f23a63dff][bb1fc585-f087-407a-b043-49c06e320521] Generating... 0 ready, 0 failed / 4 total (30s) image 99% [BỐI CẢNH] image 99% [BỐI CẢNH] image 99% [BỐI CẢNH] image 99% [BỐI CẢNH]
2026-09-05T07:37:54.885Z [13afcab0-1832-4bdc-ae22-6a41b103e5d5][bb1fc585-f087-407a-b043-49c06e320521] Generating... 3 ready, 0 failed / 4 total (148s)
2026-09-05T07:37:56.149Z [ef57c7a7-120e-4dc1-92d8-f668dbac82a2][bb1fc585-f087-407a-b043-49c06e320521] Ref image 1/6: chips 0→1 ✓
2026-09-05T07:37:57.335Z [ef57c7a7-120e-4dc1-92d8-f668dbac82a2][bb1fc585-f087-407a-b043-49c06e320521] Ref image 2/6: downloading from URL...
2026-09-05T07:37:57.825Z [3eac1a62-b3f6-403d-8efd-db3f23a63dff][bb1fc585-f087-407a-b043-49c06e320521] Generating... 0 ready, 0 failed / 4 total (33s) image 99% [BỐI CẢNH] image 99% [BỐI CẢNH] image 99% [BỐI CẢNH] image 99% [BỐI CẢNH]
2026-09-05T07:37:57.859Z [ef57c7a7-120e-4dc1-92d8-f668dbac82a2][bb1fc585-f087-407a-b043-49c06e320521] Ref image 2/6: saved 628888 bytes (image/jpeg) as "Nessa Water Park Day.jpeg"
2026-09-05T07:37:57.869Z [ef57c7a7-120e-4dc1-92d8-f668dbac82a2][bb1fc585-f087-407a-b043-49c06e320521] Ref image 2/6: attaching reference image...
2026-09-05T07:37:57.901Z [13afcab0-1832-4bdc-ae22-6a41b103e5d5][bb1fc585-f087-407a-b043-49c06e320521] Generating... 3 ready, 0 failed / 4 total (151s)
2026-09-05T07:38:00.101Z [ef57c7a7-120e-4dc1-92d8-f668dbac82a2][bb1fc585-f087-407a-b043-49c06e320521] Ref image 2/6: reusing library asset "Nessa Water Park Day.jpeg" (no re-upload).
2026-09-05T07:38:00.851Z [3eac1a62-b3f6-403d-8efd-db3f23a63dff][bb1fc585-f087-407a-b043-49c06e320521] Generating... 0 ready, 0 failed / 4 total (36s) [BỐI CẢNH]Verdant Fa image 99% [BỐI CẢNH] image 99% [BỐI CẢNH] image 99% [BỐI CẢNH]
2026-09-05T07:38:00.926Z [13afcab0-1832-4bdc-ae22-6a41b103e5d5][bb1fc585-f087-407a-b043-49c06e320521] Generating... 3 ready, 0 failed / 4 total (154s)
2026-09-05T07:38:02.425Z [39401a13-cecd-483d-92b2-33d908aa4767][bb1fc585-f087-407a-b043-49c06e320521] Prompt insert attempt 1: editor has 2292 chars (want ~2340) ✓
2026-09-05T07:38:03.689Z [ef57c7a7-120e-4dc1-92d8-f668dbac82a2][bb1fc585-f087-407a-b043-49c06e320521] Ref image 2/6: chips 1→2 ✓
2026-09-05T07:38:03.866Z [3eac1a62-b3f6-403d-8efd-db3f23a63dff][bb1fc585-f087-407a-b043-49c06e320521] Generating... 1 ready, 0 failed / 4 total (39s) image 99% [BỐI CẢNH] image 100% [BỐI CẢNH image 99% [BỐI CẢNH]
2026-09-05T07:38:03.944Z [13afcab0-1832-4bdc-ae22-6a41b103e5d5][bb1fc585-f087-407a-b043-49c06e320521] Generating... 3 ready, 0 failed / 4 total (157s)
2026-09-05T07:38:04.001Z [39401a13-cecd-483d-92b2-33d908aa4767][bb1fc585-f087-407a-b043-49c06e320521] Baseline: 48 pre-existing media tile(s) of 48 mounted (kinds: image,image,image,image,image,image,image,image,image,image,image,image,image,image,image,image,image,image,image,image,image,image,image,image,image,image,image,image,image,image,image,image,image,image,image,image,image,image,image,image,image,image,image,image,image,image,image,image).
2026-09-05T07:38:05.171Z [ef57c7a7-120e-4dc1-92d8-f668dbac82a2][bb1fc585-f087-407a-b043-49c06e320521] Ref image 3/6: downloading from URL...
2026-09-05T07:38:05.560Z [ef57c7a7-120e-4dc1-92d8-f668dbac82a2][bb1fc585-f087-407a-b043-49c06e320521] Ref image 3/6: saved 653843 bytes (image/jpeg) as "Graham Water Park Day.jpeg"
2026-09-05T07:38:05.568Z [ef57c7a7-120e-4dc1-92d8-f668dbac82a2][bb1fc585-f087-407a-b043-49c06e320521] Ref image 3/6: attaching reference image...
2026-09-05T07:38:05.911Z [39401a13-cecd-483d-92b2-33d908aa4767][bb1fc585-f087-407a-b043-49c06e320521] [submit] confirmed (editor "What do you want to ", fresh tile=true).
2026-09-05T07:38:06.320Z [39401a13-cecd-483d-92b2-33d908aa4767][bb1fc585-f087-407a-b043-49c06e320521] Current Workspace project URL: https://flow.google.com/project/cd81a7d3-c989-419e-891a-f8694174cb85?hl=en
2026-09-05T07:38:06.320Z [39401a13-cecd-483d-92b2-33d908aa4767][bb1fc585-f087-407a-b043-49c06e320521] Submitted ✓ Detecting batch size...
2026-09-05T07:38:06.335Z [39401a13-cecd-483d-92b2-33d908aa4767][bb1fc585-f087-407a-b043-49c06e320521] New tile(s) since submit: 0 → 2 (mounted=50)
2026-09-05T07:38:06.887Z [3eac1a62-b3f6-403d-8efd-db3f23a63dff][bb1fc585-f087-407a-b043-49c06e320521] Generating... 1 ready, 0 failed / 4 total (42s) [BỐI CẢNH]Verdant Fa [BỐI CẢNH]Verdant Fa [BỐI CẢNH]Verdant Fa
2026-09-05T07:38:06.967Z [13afcab0-1832-4bdc-ae22-6a41b103e5d5][bb1fc585-f087-407a-b043-49c06e320521] Generating... 3 ready, 0 failed / 4 total (160s)
2026-09-05T07:38:07.208Z [ef57c7a7-120e-4dc1-92d8-f668dbac82a2][bb1fc585-f087-407a-b043-49c06e320521] Ref image 3/6: reusing library asset "Graham Water Park Day.jpeg" (no re-upload).
2026-09-05T07:38:07.366Z [39401a13-cecd-483d-92b2-33d908aa4767][bb1fc585-f087-407a-b043-49c06e320521] New tile(s) since submit: 2 → 1 (mounted=50)
2026-09-05T07:38:08.930Z [39401a13-cecd-483d-92b2-33d908aa4767][bb1fc585-f087-407a-b043-49c06e320521] New tile(s) since submit: 1 → 0 (mounted=50)
2026-09-05T07:38:09.905Z [3eac1a62-b3f6-403d-8efd-db3f23a63dff][bb1fc585-f087-407a-b043-49c06e320521] Generating... 4 ready, 0 failed / 4 total (45s)
2026-09-05T07:38:09.905Z [3eac1a62-b3f6-403d-8efd-db3f23a63dff][bb1fc585-f087-407a-b043-49c06e320521] Batch done: 4 ready (target 4), 0 failed, scanned 4.
2026-09-05T07:38:09.906Z [3eac1a62-b3f6-403d-8efd-db3f23a63dff][bb1fc585-f087-407a-b043-49c06e320521] 4 item(s) ready! Downloading...
2026-09-05T07:38:09.907Z [3eac1a62-b3f6-403d-8efd-db3f23a63dff][bb1fc585-f087-407a-b043-49c06e320521] Item 1: Downloading from URL https://flow-content.google/image/91c2c718-7b35-41f7-a17b-62a461ff991b?Expires=1788615441&KeyName=labs-flow-prod-cdn-key&Signature=u97lifyRQP78aNsJon3N3DZLSBE
2026-09-05T07:38:09.984Z [13afcab0-1832-4bdc-ae22-6a41b103e5d5][bb1fc585-f087-407a-b043-49c06e320521] Generating... 3 ready, 0 failed / 4 total (163s)
2026-09-05T07:38:10.337Z [3eac1a62-b3f6-403d-8efd-db3f23a63dff][bb1fc585-f087-407a-b043-49c06e320521] Downloaded 1/4: winai_2026-09-05T07-38-09_01.jpg
2026-09-05T07:38:10.338Z [3eac1a62-b3f6-403d-8efd-db3f23a63dff][bb1fc585-f087-407a-b043-49c06e320521] Item 2: Downloading from URL https://flow-content.google/image/d53d30cf-13be-4105-a6f0-a033afd74b68?Expires=1788615440&KeyName=labs-flow-prod-cdn-key&Signature=fhDTzREhVTiWOTzvkqkUEmDB5wM
2026-09-05T07:38:10.453Z [ef57c7a7-120e-4dc1-92d8-f668dbac82a2][bb1fc585-f087-407a-b043-49c06e320521] Ref image 3/6: chips 2→3 ✓
2026-09-05T07:38:10.482Z [3eac1a62-b3f6-403d-8efd-db3f23a63dff][bb1fc585-f087-407a-b043-49c06e320521] Downloaded 2/4: winai_2026-09-05T07-38-09_02.jpg
2026-09-05T07:38:10.482Z [3eac1a62-b3f6-403d-8efd-db3f23a63dff][bb1fc585-f087-407a-b043-49c06e320521] Item 3: Downloading from URL https://flow-content.google/image/d6bad5d6-7f8c-41ee-9331-c718d78806ba?Expires=1788615439&KeyName=labs-flow-prod-cdn-key&Signature=h6lgOkjsGCaNz2He1Becq5xONko
2026-09-05T07:38:10.569Z [3eac1a62-b3f6-403d-8efd-db3f23a63dff][bb1fc585-f087-407a-b043-49c06e320521] Downloaded 3/4: winai_2026-09-05T07-38-09_03.jpg
2026-09-05T07:38:10.569Z [3eac1a62-b3f6-403d-8efd-db3f23a63dff][bb1fc585-f087-407a-b043-49c06e320521] Item 4: Downloading from URL https://flow-content.google/image/f630c114-fce7-41ef-a273-d14595a07e41?Expires=1788615439&KeyName=labs-flow-prod-cdn-key&Signature=yslVAUoJYmE8iAqc-Vm-jAtMDPk
2026-09-05T07:38:10.658Z [3eac1a62-b3f6-403d-8efd-db3f23a63dff][bb1fc585-f087-407a-b043-49c06e320521] Downloaded 4/4: winai_2026-09-05T07-38-09_04.jpg
2026-09-05T07:38:10.658Z [3eac1a62-b3f6-403d-8efd-db3f23a63dff][bb1fc585-f087-407a-b043-49c06e320521] ✅ 4 item(s) saved to Downloads/Win AI Toolkit/
2026-09-05T07:38:10.962Z [3eac1a62-b3f6-403d-8efd-db3f23a63dff][bb1fc585-f087-407a-b043-49c06e320521] Item 1: Uploaded → https://studio.xanhmedia.vn/uploads/2026-09/1788593890640_193f41_bb1fc585-f087-407a-b043-49c06e320521_3ea.jpg
2026-09-05T07:38:10.967Z [3eac1a62-b3f6-403d-8efd-db3f23a63dff][bb1fc585-f087-407a-b043-49c06e320521] Item 4: Uploaded → https://studio.xanhmedia.vn/uploads/2026-09/1788593890646_b27d8d_bb1fc585-f087-407a-b043-49c06e320521_3ea.jpg
2026-09-05T07:38:11.003Z [3eac1a62-b3f6-403d-8efd-db3f23a63dff][bb1fc585-f087-407a-b043-49c06e320521] Item 3: Uploaded → https://studio.xanhmedia.vn/uploads/2026-09/1788593890684_da8d87_bb1fc585-f087-407a-b043-49c06e320521_3ea.jpg
2026-09-05T07:38:11.032Z [3eac1a62-b3f6-403d-8efd-db3f23a63dff][bb1fc585-f087-407a-b043-49c06e320521] Item 2: Uploaded → https://studio.xanhmedia.vn/uploads/2026-09/1788593890720_1afb47_bb1fc585-f087-407a-b043-49c06e320521_3ea.jpg
2026-09-05T07:38:11.034Z [3eac1a62-b3f6-403d-8efd-db3f23a63dff][bb1fc585-f087-407a-b043-49c06e320521] All done (including any 1080p upgrades). Closing Playwright browser context.
2026-09-05T07:38:11.309Z [38d5b461-7615-4388-bbdf-c58b646e0404][bb1fc585-f087-407a-b043-49c06e320521] runGeneration starting: task_id=38d5b461-7615-4388-bbdf-c58b646e0404, profile_id=bb1fc585-f087-407a-b043-49c06e320521, target_site=google_flow
2026-09-05T07:38:11.310Z [38d5b461-7615-4388-bbdf-c58b646e0404][bb1fc585-f087-407a-b043-49c06e320521] Opening Playwright browser with persistent profile cookies...
2026-09-05T07:38:11.311Z [38d5b461-7615-4388-bbdf-c58b646e0404][bb1fc585-f087-407a-b043-49c06e320521] Browser engine: winhide (C:\Users\Admin\AppData\Roaming\com.tank.winai\winhide\chrome.exe) [hidden off-screen]
2026-09-05T07:38:11.311Z [38d5b461-7615-4388-bbdf-c58b646e0404][bb1fc585-f087-407a-b043-49c06e320521] Launch mode: STEALTH (raw spawn + connectOverCDP)
2026-09-05T07:38:11.835Z [ef57c7a7-120e-4dc1-92d8-f668dbac82a2][bb1fc585-f087-407a-b043-49c06e320521] Ref image 4/6: downloading from URL...
2026-09-05T07:38:12.192Z [ef57c7a7-120e-4dc1-92d8-f668dbac82a2][bb1fc585-f087-407a-b043-49c06e320521] Ref image 4/6: saved 549605 bytes (image/jpeg) as "Elara Water Park Day.jpeg"
2026-09-05T07:38:12.197Z [ef57c7a7-120e-4dc1-92d8-f668dbac82a2][bb1fc585-f087-407a-b043-49c06e320521] Ref image 4/6: attaching reference image...
2026-09-05T07:38:12.668Z [38d5b461-7615-4388-bbdf-c58b646e0404][bb1fc585-f087-407a-b043-49c06e320521] Exit IP: 115.74.128.9
2026-09-05T07:38:12.668Z [38d5b461-7615-4388-bbdf-c58b646e0404][bb1fc585-f087-407a-b043-49c06e320521] Navigating browser to Google Flow tools page...
2026-09-05T07:38:12.668Z [38d5b461-7615-4388-bbdf-c58b646e0404][bb1fc585-f087-407a-b043-49c06e320521] Using existing project URL: https://flow.google.com/project/cae2bf2b-d1b8-40f9-a300-9f2aa6276ea5?hl=en
2026-09-05T07:38:12.999Z [13afcab0-1832-4bdc-ae22-6a41b103e5d5][bb1fc585-f087-407a-b043-49c06e320521] Generating... 3 ready, 0 failed / 4 total (166s)
2026-09-05T07:38:13.426Z [38d5b461-7615-4388-bbdf-c58b646e0404][bb1fc585-f087-407a-b043-49c06e320521] Waiting for Google Flow...
2026-09-05T07:38:14.438Z [ef57c7a7-120e-4dc1-92d8-f668dbac82a2][bb1fc585-f087-407a-b043-49c06e320521] Ref image 4/6: reusing library asset "Elara Water Park Day.jpeg" (no re-upload).
2026-09-05T07:38:15.855Z [38d5b461-7615-4388-bbdf-c58b646e0404][bb1fc585-f087-407a-b043-49c06e320521] Creating new project...
2026-09-05T07:38:16.016Z [13afcab0-1832-4bdc-ae22-6a41b103e5d5][bb1fc585-f087-407a-b043-49c06e320521] Generating... 3 ready, 0 failed / 4 total (169s)
2026-09-05T07:38:18.160Z [ef57c7a7-120e-4dc1-92d8-f668dbac82a2][bb1fc585-f087-407a-b043-49c06e320521] Ref image 4/6: chips 3→4 ✓
2026-09-05T07:38:19.035Z [13afcab0-1832-4bdc-ae22-6a41b103e5d5][bb1fc585-f087-407a-b043-49c06e320521] Generating... 3 ready, 0 failed / 4 total (172s)
2026-09-05T07:38:19.080Z [ef57c7a7-120e-4dc1-92d8-f668dbac82a2][bb1fc585-f087-407a-b043-49c06e320521] Ref image 5/6: downloading from URL...
2026-09-05T07:38:19.439Z [ef57c7a7-120e-4dc1-92d8-f668dbac82a2][bb1fc585-f087-407a-b043-49c06e320521] Ref image 5/6: saved 489730 bytes (image/jpeg) as "Vale Family Blue Bath Towel.jpeg"
2026-09-05T07:38:19.441Z [ef57c7a7-120e-4dc1-92d8-f668dbac82a2][bb1fc585-f087-407a-b043-49c06e320521] Ref image 5/6: attaching reference image...
2026-09-05T07:38:21.303Z [ef57c7a7-120e-4dc1-92d8-f668dbac82a2][bb1fc585-f087-407a-b043-49c06e320521] Ref image 5/6: "Vale Family Blue Bath Towel.jpeg" not in the library yet — uploading it first.
2026-09-05T07:38:22.060Z [13afcab0-1832-4bdc-ae22-6a41b103e5d5][bb1fc585-f087-407a-b043-49c06e320521] Generating... 3 ready, 0 failed / 4 total (175s)
2026-09-05T07:38:25.074Z [13afcab0-1832-4bdc-ae22-6a41b103e5d5][bb1fc585-f087-407a-b043-49c06e320521] Generating... 3 ready, 0 failed / 4 total (178s)
2026-09-05T07:38:25.772Z [ef57c7a7-120e-4dc1-92d8-f668dbac82a2][bb1fc585-f087-407a-b043-49c06e320521] Ref image 5/6: uploading "Vale Family Blue Bath Towel.jpeg" to the project library...
2026-09-05T07:38:26.756Z [ef57c7a7-120e-4dc1-92d8-f668dbac82a2][bb1fc585-f087-407a-b043-49c06e320521] Ref image 5/6: upload finished ✓
2026-09-05T07:38:28.077Z [13afcab0-1832-4bdc-ae22-6a41b103e5d5][bb1fc585-f087-407a-b043-49c06e320521] Poll ended with 3/4 ready — salvaging the completed item(s).
2026-09-05T07:38:28.077Z [13afcab0-1832-4bdc-ae22-6a41b103e5d5][bb1fc585-f087-407a-b043-49c06e320521] 3 item(s) ready! Downloading...
2026-09-05T07:38:28.080Z [13afcab0-1832-4bdc-ae22-6a41b103e5d5][bb1fc585-f087-407a-b043-49c06e320521] Item 1: Downloading from URL https://flow-content.google/image/a5a56d3f-4823-4d68-bdc6-9541ef3e1bbf?Expires=1788615324&KeyName=labs-flow-prod-cdn-key&Signature=LCxZ6SZqp3uKZK0k5vkV6wBW6Ng
2026-09-05T07:38:28.477Z [13afcab0-1832-4bdc-ae22-6a41b103e5d5][bb1fc585-f087-407a-b043-49c06e320521] Downloaded 1/3: winai_2026-09-05T07-38-28_01.jpg
2026-09-05T07:38:28.478Z [13afcab0-1832-4bdc-ae22-6a41b103e5d5][bb1fc585-f087-407a-b043-49c06e320521] Item 2: Downloading from URL https://flow-content.google/image/419cc64a-e3b0-4293-a562-a2785adb94a1?Expires=1788615323&KeyName=labs-flow-prod-cdn-key&Signature=vYww0HmA0i3IQINCxgEZtjE8GLk
2026-09-05T07:38:28.600Z [13afcab0-1832-4bdc-ae22-6a41b103e5d5][bb1fc585-f087-407a-b043-49c06e320521] Downloaded 2/3: winai_2026-09-05T07-38-28_02.jpg
2026-09-05T07:38:28.600Z [13afcab0-1832-4bdc-ae22-6a41b103e5d5][bb1fc585-f087-407a-b043-49c06e320521] Item 3: Downloading from URL https://flow-content.google/image/7a5f8a98-fbe5-4206-9526-f9e32732a8dc?Expires=1788615322&KeyName=labs-flow-prod-cdn-key&Signature=qaehRpSwCPJ5VodbYnnOkwky_fo
2026-09-05T07:38:28.696Z [13afcab0-1832-4bdc-ae22-6a41b103e5d5][bb1fc585-f087-407a-b043-49c06e320521] Downloaded 3/3: winai_2026-09-05T07-38-28_03.jpg
2026-09-05T07:38:28.696Z [13afcab0-1832-4bdc-ae22-6a41b103e5d5][bb1fc585-f087-407a-b043-49c06e320521] ✅ 3 item(s) saved to Downloads/Win AI Toolkit/
2026-09-05T07:38:29.004Z [13afcab0-1832-4bdc-ae22-6a41b103e5d5][bb1fc585-f087-407a-b043-49c06e320521] Item 3: Uploaded → https://studio.xanhmedia.vn/uploads/2026-09/1788593908682_b38945_bb1fc585-f087-407a-b043-49c06e320521_13a.jpg
2026-09-05T07:38:29.060Z [13afcab0-1832-4bdc-ae22-6a41b103e5d5][bb1fc585-f087-407a-b043-49c06e320521] Item 2: Uploaded → https://studio.xanhmedia.vn/uploads/2026-09/1788593908730_4e794c_bb1fc585-f087-407a-b043-49c06e320521_13a.jpg
2026-09-05T07:38:29.070Z [66072cc2-e3b2-4fd1-9fd6-844767e80f79][bb1fc585-f087-407a-b043-49c06e320521] runGeneration starting: task_id=66072cc2-e3b2-4fd1-9fd6-844767e80f79, profile_id=bb1fc585-f087-407a-b043-49c06e320521, target_site=google_flow
2026-09-05T07:38:29.071Z [66072cc2-e3b2-4fd1-9fd6-844767e80f79][bb1fc585-f087-407a-b043-49c06e320521] Opening Playwright browser with persistent profile cookies...
2026-09-05T07:38:29.071Z [66072cc2-e3b2-4fd1-9fd6-844767e80f79][bb1fc585-f087-407a-b043-49c06e320521] Browser engine: winhide (C:\Users\Admin\AppData\Roaming\com.tank.winai\winhide\chrome.exe) [hidden off-screen]
2026-09-05T07:38:29.072Z [66072cc2-e3b2-4fd1-9fd6-844767e80f79][bb1fc585-f087-407a-b043-49c06e320521] Launch mode: STEALTH (raw spawn + connectOverCDP)
2026-09-05T07:38:29.128Z [13afcab0-1832-4bdc-ae22-6a41b103e5d5][bb1fc585-f087-407a-b043-49c06e320521] Item 1: Uploaded → https://studio.xanhmedia.vn/uploads/2026-09/1788593908807_bd5823_bb1fc585-f087-407a-b043-49c06e320521_13a.jpg
2026-09-05T07:38:29.130Z [13afcab0-1832-4bdc-ae22-6a41b103e5d5][bb1fc585-f087-407a-b043-49c06e320521] All done (including any 1080p upgrades). Closing Playwright browser context.
2026-09-05T07:38:29.290Z [ef57c7a7-120e-4dc1-92d8-f668dbac82a2][bb1fc585-f087-407a-b043-49c06e320521] Ref image 5/6: "Vale Family Blue Bath Towel.jpeg" still not listed after uploading.
2026-09-05T07:38:30.494Z [66072cc2-e3b2-4fd1-9fd6-844767e80f79][bb1fc585-f087-407a-b043-49c06e320521] Exit IP: 115.74.128.9
2026-09-05T07:38:30.494Z [66072cc2-e3b2-4fd1-9fd6-844767e80f79][bb1fc585-f087-407a-b043-49c06e320521] Navigating browser to Google Flow tools page...
2026-09-05T07:38:30.495Z [66072cc2-e3b2-4fd1-9fd6-844767e80f79][bb1fc585-f087-407a-b043-49c06e320521] Using existing project URL: https://flow.google.com/project/c2a607c5-d833-4be1-8108-407b74d4ed85?hl=en
2026-09-05T07:38:31.463Z [66072cc2-e3b2-4fd1-9fd6-844767e80f79][bb1fc585-f087-407a-b043-49c06e320521] Waiting for Google Flow...
2026-09-05T07:38:31.512Z [ef57c7a7-120e-4dc1-92d8-f668dbac82a2][bb1fc585-f087-407a-b043-49c06e320521] Ref image 6/6: downloading from URL...
2026-09-05T07:38:32.110Z [ef57c7a7-120e-4dc1-92d8-f668dbac82a2][bb1fc585-f087-407a-b043-49c06e320521] Ref image 6/6: saved 926103 bytes (image/jpeg) as "Verdant Family Water Park Master.jpeg"
2026-09-05T07:38:32.124Z [ef57c7a7-120e-4dc1-92d8-f668dbac82a2][bb1fc585-f087-407a-b043-49c06e320521] Ref image 6/6: attaching reference image...
2026-09-05T07:38:33.689Z [66072cc2-e3b2-4fd1-9fd6-844767e80f79][bb1fc585-f087-407a-b043-49c06e320521] Creating new project...
2026-09-05T07:38:34.043Z [ef57c7a7-120e-4dc1-92d8-f668dbac82a2][bb1fc585-f087-407a-b043-49c06e320521] Ref image 6/6: reusing library asset "Verdant Family Water Park Master.jpeg" (no re-upload).
2026-09-05T07:38:35.873Z [38d5b461-7615-4388-bbdf-c58b646e0404][bb1fc585-f087-407a-b043-49c06e320521] New project error: locator.waitFor: Timeout 20000ms exceeded.
Call log:
[2m  - waiting for locator('flow-projects-page button').filter({ hasText: /New project|Dự án mới/i }).first() to be visible[22m

2026-09-05T07:38:36.376Z [39401a13-cecd-483d-92b2-33d908aa4767][bb1fc585-f087-407a-b043-49c06e320521] No new tiles detected in 30s — falling back to the configured count 4.
2026-09-05T07:38:36.377Z [39401a13-cecd-483d-92b2-33d908aa4767][bb1fc585-f087-407a-b043-49c06e320521] Batch detected: 4 item(s). Generating...
2026-09-05T07:38:36.378Z [39401a13-cecd-483d-92b2-33d908aa4767][bb1fc585-f087-407a-b043-49c06e320521] Polling for 4 image item(s) (baseline=48, hasUpload=true)...
2026-09-05T07:38:36.388Z [39401a13-cecd-483d-92b2-33d908aa4767][bb1fc585-f087-407a-b043-49c06e320521] Generating... 0 ready, 0 failed / 4 total (0s)
2026-09-05T07:38:37.141Z [38d5b461-7615-4388-bbdf-c58b646e0404][bb1fc585-f087-407a-b043-49c06e320521] dismissPopups: unresolved overlay(s) ["DIV[]|btns=","SPAN[]|btns="]
2026-09-05T07:38:37.691Z [ef57c7a7-120e-4dc1-92d8-f668dbac82a2][bb1fc585-f087-407a-b043-49c06e320521] Ref image 6/6: chips 4→5 ✓
2026-09-05T07:38:37.700Z [ef57c7a7-120e-4dc1-92d8-f668dbac82a2][bb1fc585-f087-407a-b043-49c06e320521] [WARN] Only 5/6 reference image(s) attached.
2026-09-05T07:38:37.700Z [ef57c7a7-120e-4dc1-92d8-f668dbac82a2][bb1fc585-f087-407a-b043-49c06e320521] Entering prompt...
2026-09-05T07:38:39.354Z [ef57c7a7-120e-4dc1-92d8-f668dbac82a2][bb1fc585-f087-407a-b043-49c06e320521] Prompt is 2107 chars — typing it in 31 chunk(s).
2026-09-05T07:38:39.413Z [39401a13-cecd-483d-92b2-33d908aa4767][bb1fc585-f087-407a-b043-49c06e320521] Generating... 0 ready, 0 failed / 4 total (3s)
2026-09-05T07:38:42.423Z [39401a13-cecd-483d-92b2-33d908aa4767][bb1fc585-f087-407a-b043-49c06e320521] Generating... 0 ready, 0 failed / 4 total (6s)
2026-09-05T07:38:45.439Z [39401a13-cecd-483d-92b2-33d908aa4767][bb1fc585-f087-407a-b043-49c06e320521] Generating... 0 ready, 0 failed / 4 total (9s)
2026-09-05T07:38:48.457Z [39401a13-cecd-483d-92b2-33d908aa4767][bb1fc585-f087-407a-b043-49c06e320521] Generating... 0 ready, 0 failed / 4 total (12s)
2026-09-05T07:38:51.474Z [39401a13-cecd-483d-92b2-33d908aa4767][bb1fc585-f087-407a-b043-49c06e320521] Generating... 0 ready, 0 failed / 4 total (15s)
2026-09-05T07:38:53.698Z [66072cc2-e3b2-4fd1-9fd6-844767e80f79][bb1fc585-f087-407a-b043-49c06e320521] New project error: locator.waitFor: Timeout 20000ms exceeded.
Call log:
[2m  - waiting for locator('flow-projects-page button').filter({ hasText: /New project|Dự án mới/i }).first() to be visible[22m

2026-09-05T07:38:53.923Z [ef57c7a7-120e-4dc1-92d8-f668dbac82a2][bb1fc585-f087-407a-b043-49c06e320521] Prompt insert attempt 1: editor has 2054 chars (want ~2100) ✓
2026-09-05T07:38:54.503Z [39401a13-cecd-483d-92b2-33d908aa4767][bb1fc585-f087-407a-b043-49c06e320521] Generating... 0 ready, 0 failed / 4 total (18s)
2026-09-05T07:38:55.640Z [66072cc2-e3b2-4fd1-9fd6-844767e80f79][bb1fc585-f087-407a-b043-49c06e320521] dismissPopups: unresolved overlay(s) ["DIV[]|btns=","SPAN[]|btns="]
2026-09-05T07:38:56.035Z [ef57c7a7-120e-4dc1-92d8-f668dbac82a2][bb1fc585-f087-407a-b043-49c06e320521] Baseline: 47 pre-existing media tile(s) of 47 mounted (kinds: image,image,image,image,image,image,image,image,image,image,image,image,image,image,image,image,image,image,image,image,image,image,image,image,image,image,image,image,image,image,image,image,image,image,image,image,image,image,image,image,image,image,image,image,video,video,image).
2026-09-05T07:38:57.516Z [39401a13-cecd-483d-92b2-33d908aa4767][bb1fc585-f087-407a-b043-49c06e320521] Generating... 0 ready, 0 failed / 4 total (21s)
2026-09-05T07:38:57.721Z [ef57c7a7-120e-4dc1-92d8-f668dbac82a2][bb1fc585-f087-407a-b043-49c06e320521] [submit] confirmed (editor "What do you want to ", fresh tile=true).
2026-09-05T07:38:58.490Z [ef57c7a7-120e-4dc1-92d8-f668dbac82a2][bb1fc585-f087-407a-b043-49c06e320521] Current Workspace project URL: https://flow.google.com/project/33ca2cc2-c9ff-4bb6-9048-2a7af1dfcfee?hl=en
2026-09-05T07:38:58.491Z [ef57c7a7-120e-4dc1-92d8-f668dbac82a2][bb1fc585-f087-407a-b043-49c06e320521] Submitted ✓ Detecting batch size...
2026-09-05T07:38:58.506Z [ef57c7a7-120e-4dc1-92d8-f668dbac82a2][bb1fc585-f087-407a-b043-49c06e320521] New tile(s) since submit: 0 → 2 (mounted=47)
2026-09-05T07:38:59.538Z [ef57c7a7-120e-4dc1-92d8-f668dbac82a2][bb1fc585-f087-407a-b043-49c06e320521] New tile(s) since submit: 2 → 1 (mounted=47)
2026-09-05T07:39:00.541Z [39401a13-cecd-483d-92b2-33d908aa4767][bb1fc585-f087-407a-b043-49c06e320521] Generating... 0 ready, 0 failed / 4 total (24s)
2026-09-05T07:39:00.570Z [ef57c7a7-120e-4dc1-92d8-f668dbac82a2][bb1fc585-f087-407a-b043-49c06e320521] New tile(s) since submit: 1 → 0 (mounted=47)
2026-09-05T07:39:02.159Z [38d5b461-7615-4388-bbdf-c58b646e0404][bb1fc585-f087-407a-b043-49c06e320521] Composer never appeared. url=https://flow.google.com/about tiles=0 editors=0
2026-09-05T07:39:02.159Z [38d5b461-7615-4388-bbdf-c58b646e0404][bb1fc585-f087-407a-b043-49c06e320521] Flow attempt 1/1 failed: Google Flow composer (prompt box) did not render — page may not have finished loading.
2026-09-05T07:39:02.160Z [38d5b461-7615-4388-bbdf-c58b646e0404][bb1fc585-f087-407a-b043-49c06e320521] runGeneration ERROR exception: Error: Google Flow composer (prompt box) did not render — page may not have finished loading.
    at runGoogleFlow (C:\snapshot\sidecar\dist\sidecar.cjs:7592:11)
    at async runGeneration (C:\snapshot\sidecar\dist\sidecar.cjs:8392:11)
    at async handleCommand (C:\snapshot\sidecar\dist\sidecar.cjs:6510:7)
    at async C:\snapshot\sidecar\dist\sidecar.cjs:6426:11
2026-09-05T07:39:02.550Z [e2908413-3959-4157-9586-05a032c6db7e][bb1fc585-f087-407a-b043-49c06e320521] runGeneration starting: task_id=e2908413-3959-4157-9586-05a032c6db7e, profile_id=bb1fc585-f087-407a-b043-49c06e320521, target_site=google_flow
2026-09-05T07:39:02.551Z [e2908413-3959-4157-9586-05a032c6db7e][bb1fc585-f087-407a-b043-49c06e320521] Opening Playwright browser with persistent profile cookies...
2026-09-05T07:39:02.552Z [e2908413-3959-4157-9586-05a032c6db7e][bb1fc585-f087-407a-b043-49c06e320521] Browser engine: winhide (C:\Users\Admin\AppData\Roaming\com.tank.winai\winhide\chrome.exe) [hidden off-screen]
2026-09-05T07:39:02.553Z [e2908413-3959-4157-9586-05a032c6db7e][bb1fc585-f087-407a-b043-49c06e320521] Launch mode: STEALTH (raw spawn + connectOverCDP)
2026-09-05T07:39:03.564Z [39401a13-cecd-483d-92b2-33d908aa4767][bb1fc585-f087-407a-b043-49c06e320521] Generating... 0 ready, 0 failed / 4 total (27s)
2026-09-05T07:39:03.950Z [e2908413-3959-4157-9586-05a032c6db7e][bb1fc585-f087-407a-b043-49c06e320521] Exit IP: 115.74.128.9
2026-09-05T07:39:03.951Z [e2908413-3959-4157-9586-05a032c6db7e][bb1fc585-f087-407a-b043-49c06e320521] Navigating browser to Google Flow tools page...
2026-09-05T07:39:03.951Z [e2908413-3959-4157-9586-05a032c6db7e][bb1fc585-f087-407a-b043-49c06e320521] Using existing project URL: https://flow.google.com/project/cae2bf2b-d1b8-40f9-a300-9f2aa6276ea5?hl=en
2026-09-05T07:39:04.843Z [e2908413-3959-4157-9586-05a032c6db7e][bb1fc585-f087-407a-b043-49c06e320521] Waiting for Google Flow...
2026-09-05T07:39:06.579Z [39401a13-cecd-483d-92b2-33d908aa4767][bb1fc585-f087-407a-b043-49c06e320521] Generating... 0 ready, 0 failed / 4 total (30s)
2026-09-05T07:39:06.582Z [e2908413-3959-4157-9586-05a032c6db7e][bb1fc585-f087-407a-b043-49c06e320521] Creating new project...
2026-09-05T07:39:09.603Z [39401a13-cecd-483d-92b2-33d908aa4767][bb1fc585-f087-407a-b043-49c06e320521] Generating... 0 ready, 0 failed / 4 total (33s)
2026-09-05T07:39:12.620Z [39401a13-cecd-483d-92b2-33d908aa4767][bb1fc585-f087-407a-b043-49c06e320521] Generating... 0 ready, 0 failed / 4 total (36s)
2026-09-05T07:39:15.645Z [39401a13-cecd-483d-92b2-33d908aa4767][bb1fc585-f087-407a-b043-49c06e320521] Generating... 0 ready, 0 failed / 4 total (39s)
2026-09-05T07:39:18.664Z [39401a13-cecd-483d-92b2-33d908aa4767][bb1fc585-f087-407a-b043-49c06e320521] Generating... 0 ready, 0 failed / 4 total (42s)
2026-09-05T07:39:20.656Z [66072cc2-e3b2-4fd1-9fd6-844767e80f79][bb1fc585-f087-407a-b043-49c06e320521] Composer never appeared. url=https://flow.google.com/about tiles=0 editors=0
2026-09-05T07:39:20.657Z [66072cc2-e3b2-4fd1-9fd6-844767e80f79][bb1fc585-f087-407a-b043-49c06e320521] Flow attempt 1/1 failed: Google Flow composer (prompt box) did not render — page may not have finished loading.
2026-09-05T07:39:20.657Z [66072cc2-e3b2-4fd1-9fd6-844767e80f79][bb1fc585-f087-407a-b043-49c06e320521] runGeneration ERROR exception: Error: Google Flow composer (prompt box) did not render — page may not have finished loading.
    at runGoogleFlow (C:\snapshot\sidecar\dist\sidecar.cjs:7592:11)
    at async runGeneration (C:\snapshot\sidecar\dist\sidecar.cjs:8392:11)
    at async handleCommand (C:\snapshot\sidecar\dist\sidecar.cjs:6510:7)
    at async C:\snapshot\sidecar\dist\sidecar.cjs:6426:11
2026-09-05T07:39:21.688Z [39401a13-cecd-483d-92b2-33d908aa4767][bb1fc585-f087-407a-b043-49c06e320521] Generating... 0 ready, 0 failed / 4 total (45s)
2026-09-05T07:39:21.852Z [90760ad6-e472-4b03-803d-26a0e0a1cd8f][bb1fc585-f087-407a-b043-49c06e320521] runGeneration starting: task_id=90760ad6-e472-4b03-803d-26a0e0a1cd8f, profile_id=bb1fc585-f087-407a-b043-49c06e320521, target_site=google_flow
2026-09-05T07:39:21.852Z [90760ad6-e472-4b03-803d-26a0e0a1cd8f][bb1fc585-f087-407a-b043-49c06e320521] Opening Playwright browser with persistent profile cookies...
2026-09-05T07:39:21.853Z [90760ad6-e472-4b03-803d-26a0e0a1cd8f][bb1fc585-f087-407a-b043-49c06e320521] Browser engine: winhide (C:\Users\Admin\AppData\Roaming\com.tank.winai\winhide\chrome.exe) [hidden off-screen]
2026-09-05T07:39:21.853Z [90760ad6-e472-4b03-803d-26a0e0a1cd8f][bb1fc585-f087-407a-b043-49c06e320521] Launch mode: STEALTH (raw spawn + connectOverCDP)
2026-09-05T07:39:23.307Z [90760ad6-e472-4b03-803d-26a0e0a1cd8f][bb1fc585-f087-407a-b043-49c06e320521] Exit IP: 115.74.128.9
2026-09-05T07:39:23.307Z [90760ad6-e472-4b03-803d-26a0e0a1cd8f][bb1fc585-f087-407a-b043-49c06e320521] Navigating browser to Google Flow tools page...
2026-09-05T07:39:23.307Z [90760ad6-e472-4b03-803d-26a0e0a1cd8f][bb1fc585-f087-407a-b043-49c06e320521] Using existing project URL: https://flow.google.com/project/c2a607c5-d833-4be1-8108-407b74d4ed85?hl=en
2026-09-05T07:39:24.073Z [90760ad6-e472-4b03-803d-26a0e0a1cd8f][bb1fc585-f087-407a-b043-49c06e320521] Waiting for Google Flow...
2026-09-05T07:39:24.709Z [39401a13-cecd-483d-92b2-33d908aa4767][bb1fc585-f087-407a-b043-49c06e320521] Generating... 0 ready, 0 failed / 4 total (48s)
2026-09-05T07:39:25.800Z [90760ad6-e472-4b03-803d-26a0e0a1cd8f][bb1fc585-f087-407a-b043-49c06e320521] Creating new project...
2026-09-05T07:39:26.593Z [e2908413-3959-4157-9586-05a032c6db7e][bb1fc585-f087-407a-b043-49c06e320521] New project error: locator.waitFor: Timeout 20000ms exceeded.
Call log:
[2m  - waiting for locator('flow-projects-page button').filter({ hasText: /New project|Dự án mới/i }).first() to be visible[22m

2026-09-05T07:39:27.728Z [39401a13-cecd-483d-92b2-33d908aa4767][bb1fc585-f087-407a-b043-49c06e320521] Generating... 0 ready, 0 failed / 4 total (51s)
2026-09-05T07:39:28.081Z [e2908413-3959-4157-9586-05a032c6db7e][bb1fc585-f087-407a-b043-49c06e320521] dismissPopups: unresolved overlay(s) ["DIV[]|btns=","SPAN[]|btns="]
2026-09-05T07:39:28.548Z [ef57c7a7-120e-4dc1-92d8-f668dbac82a2][bb1fc585-f087-407a-b043-49c06e320521] No new tiles detected in 30s — falling back to the configured count 4.
2026-09-05T07:39:28.549Z [ef57c7a7-120e-4dc1-92d8-f668dbac82a2][bb1fc585-f087-407a-b043-49c06e320521] Batch detected: 4 item(s). Generating...
2026-09-05T07:39:28.549Z [ef57c7a7-120e-4dc1-92d8-f668dbac82a2][bb1fc585-f087-407a-b043-49c06e320521] Polling for 4 image item(s) (baseline=47, hasUpload=true)...
2026-09-05T07:39:28.559Z [ef57c7a7-120e-4dc1-92d8-f668dbac82a2][bb1fc585-f087-407a-b043-49c06e320521] Generating... 0 ready, 0 failed / 4 total (0s)
2026-09-05T07:39:30.743Z [39401a13-cecd-483d-92b2-33d908aa4767][bb1fc585-f087-407a-b043-49c06e320521] Generating... 0 ready, 0 failed / 4 total (54s)
2026-09-05T07:39:31.581Z [ef57c7a7-120e-4dc1-92d8-f668dbac82a2][bb1fc585-f087-407a-b043-49c06e320521] Generating... 0 ready, 0 failed / 4 total (3s)
2026-09-05T07:39:33.756Z [39401a13-cecd-483d-92b2-33d908aa4767][bb1fc585-f087-407a-b043-49c06e320521] Generating... 0 ready, 0 failed / 4 total (57s)
2026-09-05T07:39:34.601Z [ef57c7a7-120e-4dc1-92d8-f668dbac82a2][bb1fc585-f087-407a-b043-49c06e320521] Generating... 0 ready, 0 failed / 4 total (6s)
2026-09-05T07:39:36.768Z [39401a13-cecd-483d-92b2-33d908aa4767][bb1fc585-f087-407a-b043-49c06e320521] Generating... 0 ready, 0 failed / 4 total (60s)
2026-09-05T07:39:37.619Z [ef57c7a7-120e-4dc1-92d8-f668dbac82a2][bb1fc585-f087-407a-b043-49c06e320521] Generating... 0 ready, 0 failed / 4 total (9s)
2026-09-05T07:39:39.779Z [39401a13-cecd-483d-92b2-33d908aa4767][bb1fc585-f087-407a-b043-49c06e320521] Generating... 0 ready, 0 failed / 4 total (63s)
2026-09-05T07:39:40.637Z [ef57c7a7-120e-4dc1-92d8-f668dbac82a2][bb1fc585-f087-407a-b043-49c06e320521] Generating... 0 ready, 0 failed / 4 total (12s)
2026-09-05T07:39:42.794Z [39401a13-cecd-483d-92b2-33d908aa4767][bb1fc585-f087-407a-b043-49c06e320521] Generating... 0 ready, 0 failed / 4 total (66s)
2026-09-05T07:39:43.652Z [ef57c7a7-120e-4dc1-92d8-f668dbac82a2][bb1fc585-f087-407a-b043-49c06e320521] Generating... 0 ready, 0 failed / 4 total (15s)
2026-09-05T07:39:45.805Z [39401a13-cecd-483d-92b2-33d908aa4767][bb1fc585-f087-407a-b043-49c06e320521] Generating... 0 ready, 0 failed / 4 total (69s)
2026-09-05T07:39:45.816Z [90760ad6-e472-4b03-803d-26a0e0a1cd8f][bb1fc585-f087-407a-b043-49c06e320521] New project error: locator.waitFor: Timeout 20000ms exceeded.
Call log:
[2m  - waiting for locator('flow-projects-page button').filter({ hasText: /New project|Dự án mới/i }).first() to be visible[22m

2026-09-05T07:39:46.674Z [ef57c7a7-120e-4dc1-92d8-f668dbac82a2][bb1fc585-f087-407a-b043-49c06e320521] Generating... 0 ready, 0 failed / 4 total (18s)
2026-09-05T07:39:47.154Z [90760ad6-e472-4b03-803d-26a0e0a1cd8f][bb1fc585-f087-407a-b043-49c06e320521] dismissPopups: unresolved overlay(s) ["DIV[]|btns=","SPAN[]|btns="]
2026-09-05T07:39:48.822Z [39401a13-cecd-483d-92b2-33d908aa4767][bb1fc585-f087-407a-b043-49c06e320521] Generating... 0 ready, 0 failed / 4 total (72s)
2026-09-05T07:39:49.696Z [ef57c7a7-120e-4dc1-92d8-f668dbac82a2][bb1fc585-f087-407a-b043-49c06e320521] Generating... 0 ready, 0 failed / 4 total (21s)
2026-09-05T07:39:51.837Z [39401a13-cecd-483d-92b2-33d908aa4767][bb1fc585-f087-407a-b043-49c06e320521] Generating... 0 ready, 0 failed / 4 total (75s)
2026-09-05T07:39:52.718Z [ef57c7a7-120e-4dc1-92d8-f668dbac82a2][bb1fc585-f087-407a-b043-49c06e320521] Generating... 0 ready, 0 failed / 4 total (24s)
2026-09-05T07:39:53.104Z [e2908413-3959-4157-9586-05a032c6db7e][bb1fc585-f087-407a-b043-49c06e320521] Composer never appeared. url=https://flow.google.com/about tiles=0 editors=0
2026-09-05T07:39:53.105Z [e2908413-3959-4157-9586-05a032c6db7e][bb1fc585-f087-407a-b043-49c06e320521] Flow attempt 1/1 failed: Google Flow composer (prompt box) did not render — page may not have finished loading.
2026-09-05T07:39:53.105Z [e2908413-3959-4157-9586-05a032c6db7e][bb1fc585-f087-407a-b043-49c06e320521] runGeneration ERROR exception: Error: Google Flow composer (prompt box) did not render — page may not have finished loading.
    at runGoogleFlow (C:\snapshot\sidecar\dist\sidecar.cjs:7592:11)
    at async runGeneration (C:\snapshot\sidecar\dist\sidecar.cjs:8392:11)
    at async handleCommand (C:\snapshot\sidecar\dist\sidecar.cjs:6510:7)
    at async C:\snapshot\sidecar\dist\sidecar.cjs:6426:11
2026-09-05T07:39:53.789Z [1d365113-b84a-4694-b314-1437fe0d45a0][bb1fc585-f087-407a-b043-49c06e320521] runGeneration starting: task_id=1d365113-b84a-4694-b314-1437fe0d45a0, profile_id=bb1fc585-f087-407a-b043-49c06e320521, target_site=google_flow
2026-09-05T07:39:53.790Z [1d365113-b84a-4694-b314-1437fe0d45a0][bb1fc585-f087-407a-b043-49c06e320521] Opening Playwright browser with persistent profile cookies...
2026-09-05T07:39:53.791Z [1d365113-b84a-4694-b314-1437fe0d45a0][bb1fc585-f087-407a-b043-49c06e320521] Browser engine: winhide (C:\Users\Admin\AppData\Roaming\com.tank.winai\winhide\chrome.exe) [hidden off-screen]
2026-09-05T07:39:53.791Z [1d365113-b84a-4694-b314-1437fe0d45a0][bb1fc585-f087-407a-b043-49c06e320521] Launch mode: STEALTH (raw spawn + connectOverCDP)
2026-09-05T07:39:54.856Z [39401a13-cecd-483d-92b2-33d908aa4767][bb1fc585-f087-407a-b043-49c06e320521] Generating... 0 ready, 0 failed / 4 total (78s)
2026-09-05T07:39:55.450Z [1d365113-b84a-4694-b314-1437fe0d45a0][bb1fc585-f087-407a-b043-49c06e320521] Exit IP: 115.74.128.9
2026-09-05T07:39:55.450Z [1d365113-b84a-4694-b314-1437fe0d45a0][bb1fc585-f087-407a-b043-49c06e320521] Navigating browser to Google Flow tools page...
2026-09-05T07:39:55.450Z [1d365113-b84a-4694-b314-1437fe0d45a0][bb1fc585-f087-407a-b043-49c06e320521] Using existing project URL: https://flow.google.com/project/cae2bf2b-d1b8-40f9-a300-9f2aa6276ea5?hl=en
2026-09-05T07:39:55.742Z [ef57c7a7-120e-4dc1-92d8-f668dbac82a2][bb1fc585-f087-407a-b043-49c06e320521] Generating... 0 ready, 0 failed / 4 total (27s)
2026-09-05T07:39:56.219Z [1d365113-b84a-4694-b314-1437fe0d45a0][bb1fc585-f087-407a-b043-49c06e320521] Waiting for Google Flow...
2026-09-05T07:39:57.873Z [39401a13-cecd-483d-92b2-33d908aa4767][bb1fc585-f087-407a-b043-49c06e320521] Generating... 0 ready, 0 failed / 4 total (81s)
2026-09-05T07:39:58.354Z [1d365113-b84a-4694-b314-1437fe0d45a0][bb1fc585-f087-407a-b043-49c06e320521] Creating new project...
2026-09-05T07:39:58.776Z [ef57c7a7-120e-4dc1-92d8-f668dbac82a2][bb1fc585-f087-407a-b043-49c06e320521] Generating... 0 ready, 0 failed / 4 total (30s)
2026-09-05T07:40:00.899Z [39401a13-cecd-483d-92b2-33d908aa4767][bb1fc585-f087-407a-b043-49c06e320521] Generating... 0 ready, 0 failed / 4 total (85s)
2026-09-05T07:40:01.791Z [ef57c7a7-120e-4dc1-92d8-f668dbac82a2][bb1fc585-f087-407a-b043-49c06e320521] Generating... 0 ready, 0 failed / 4 total (33s)
2026-09-05T07:40:03.922Z [39401a13-cecd-483d-92b2-33d908aa4767][bb1fc585-f087-407a-b043-49c06e320521] Generating... 0 ready, 0 failed / 4 total (88s)
2026-09-05T07:40:04.800Z [ef57c7a7-120e-4dc1-92d8-f668dbac82a2][bb1fc585-f087-407a-b043-49c06e320521] Generating... 0 ready, 0 failed / 4 total (36s)
2026-09-05T07:40:06.936Z [39401a13-cecd-483d-92b2-33d908aa4767][bb1fc585-f087-407a-b043-49c06e320521] Generating... 0 ready, 0 failed / 4 total (91s)
2026-09-05T07:40:07.819Z [ef57c7a7-120e-4dc1-92d8-f668dbac82a2][bb1fc585-f087-407a-b043-49c06e320521] Generating... 0 ready, 0 failed / 4 total (39s)
2026-09-05T07:40:09.956Z [39401a13-cecd-483d-92b2-33d908aa4767][bb1fc585-f087-407a-b043-49c06e320521] Generating... 0 ready, 0 failed / 4 total (94s)
2026-09-05T07:40:10.831Z [ef57c7a7-120e-4dc1-92d8-f668dbac82a2][bb1fc585-f087-407a-b043-49c06e320521] Generating... 0 ready, 0 failed / 4 total (42s)
2026-09-05T07:40:12.172Z [90760ad6-e472-4b03-803d-26a0e0a1cd8f][bb1fc585-f087-407a-b043-49c06e320521] Composer never appeared. url=https://flow.google.com/about tiles=0 editors=0
2026-09-05T07:40:12.173Z [90760ad6-e472-4b03-803d-26a0e0a1cd8f][bb1fc585-f087-407a-b043-49c06e320521] Flow attempt 1/1 failed: Google Flow composer (prompt box) did not render — page may not have finished loading.
2026-09-05T07:40:12.173Z [90760ad6-e472-4b03-803d-26a0e0a1cd8f][bb1fc585-f087-407a-b043-49c06e320521] runGeneration ERROR exception: Error: Google Flow composer (prompt box) did not render — page may not have finished loading.
    at runGoogleFlow (C:\snapshot\sidecar\dist\sidecar.cjs:7592:11)
    at async runGeneration (C:\snapshot\sidecar\dist\sidecar.cjs:8392:11)
    at async handleCommand (C:\snapshot\sidecar\dist\sidecar.cjs:6510:7)
    at async C:\snapshot\sidecar\dist\sidecar.cjs:6426:11
2026-09-05T07:40:12.986Z [39401a13-cecd-483d-92b2-33d908aa4767][bb1fc585-f087-407a-b043-49c06e320521] Generating... 0 ready, 0 failed / 4 total (97s)
2026-09-05T07:40:13.067Z [f4d20a9f-021e-4989-b605-1d4a3e167e49][bb1fc585-f087-407a-b043-49c06e320521] runGeneration starting: task_id=f4d20a9f-021e-4989-b605-1d4a3e167e49, profile_id=bb1fc585-f087-407a-b043-49c06e320521, target_site=google_flow
2026-09-05T07:40:13.068Z [f4d20a9f-021e-4989-b605-1d4a3e167e49][bb1fc585-f087-407a-b043-49c06e320521] Opening Playwright browser with persistent profile cookies...
2026-09-05T07:40:13.068Z [f4d20a9f-021e-4989-b605-1d4a3e167e49][bb1fc585-f087-407a-b043-49c06e320521] Browser engine: winhide (C:\Users\Admin\AppData\Roaming\com.tank.winai\winhide\chrome.exe) [hidden off-screen]
2026-09-05T07:40:13.069Z [f4d20a9f-021e-4989-b605-1d4a3e167e49][bb1fc585-f087-407a-b043-49c06e320521] Launch mode: STEALTH (raw spawn + connectOverCDP)
2026-09-05T07:40:13.859Z [ef57c7a7-120e-4dc1-92d8-f668dbac82a2][bb1fc585-f087-407a-b043-49c06e320521] Generating... 0 ready, 0 failed / 4 total (45s)
2026-09-05T07:40:14.494Z [f4d20a9f-021e-4989-b605-1d4a3e167e49][bb1fc585-f087-407a-b043-49c06e320521] Exit IP: 115.74.128.9
2026-09-05T07:40:14.495Z [f4d20a9f-021e-4989-b605-1d4a3e167e49][bb1fc585-f087-407a-b043-49c06e320521] Navigating browser to Google Flow tools page...
2026-09-05T07:40:14.495Z [f4d20a9f-021e-4989-b605-1d4a3e167e49][bb1fc585-f087-407a-b043-49c06e320521] Using existing project URL: https://flow.google.com/project/c2a607c5-d833-4be1-8108-407b74d4ed85?hl=en
2026-09-05T07:40:15.224Z [f4d20a9f-021e-4989-b605-1d4a3e167e49][bb1fc585-f087-407a-b043-49c06e320521] Waiting for Google Flow...
2026-09-05T07:40:16.010Z [39401a13-cecd-483d-92b2-33d908aa4767][bb1fc585-f087-407a-b043-49c06e320521] Generating... 0 ready, 0 failed / 4 total (100s)
2026-09-05T07:40:16.870Z [ef57c7a7-120e-4dc1-92d8-f668dbac82a2][bb1fc585-f087-407a-b043-49c06e320521] Generating... 0 ready, 0 failed / 4 total (48s)
2026-09-05T07:40:17.716Z [f4d20a9f-021e-4989-b605-1d4a3e167e49][bb1fc585-f087-407a-b043-49c06e320521] Creating new project...
2026-09-05T07:40:18.361Z [1d365113-b84a-4694-b314-1437fe0d45a0][bb1fc585-f087-407a-b043-49c06e320521] New project error: locator.waitFor: Timeout 20000ms exceeded.
Call log:
[2m  - waiting for locator('flow-projects-page button').filter({ hasText: /New project|Dự án mới/i }).first() to be visible[22m

2026-09-05T07:40:19.037Z [39401a13-cecd-483d-92b2-33d908aa4767][bb1fc585-f087-407a-b043-49c06e320521] Generating... 0 ready, 0 failed / 4 total (103s)
2026-09-05T07:40:19.886Z [ef57c7a7-120e-4dc1-92d8-f668dbac82a2][bb1fc585-f087-407a-b043-49c06e320521] Generating... 0 ready, 0 failed / 4 total (51s)
2026-09-05T07:40:20.244Z [1d365113-b84a-4694-b314-1437fe0d45a0][bb1fc585-f087-407a-b043-49c06e320521] dismissPopups: unresolved overlay(s) ["DIV[]|btns=","SPAN[]|btns="]
2026-09-05T07:40:22.063Z [39401a13-cecd-483d-92b2-33d908aa4767][bb1fc585-f087-407a-b043-49c06e320521] Generating... 0 ready, 0 failed / 4 total (106s)
2026-09-05T07:40:22.901Z [ef57c7a7-120e-4dc1-92d8-f668dbac82a2][bb1fc585-f087-407a-b043-49c06e320521] Generating... 0 ready, 0 failed / 4 total (54s)
2026-09-05T07:40:25.081Z [39401a13-cecd-483d-92b2-33d908aa4767][bb1fc585-f087-407a-b043-49c06e320521] Generating... 0 ready, 0 failed / 4 total (109s)
2026-09-05T07:40:25.918Z [ef57c7a7-120e-4dc1-92d8-f668dbac82a2][bb1fc585-f087-407a-b043-49c06e320521] Generating... 0 ready, 0 failed / 4 total (57s)
2026-09-05T07:40:28.102Z [39401a13-cecd-483d-92b2-33d908aa4767][bb1fc585-f087-407a-b043-49c06e320521] Generating... 0 ready, 0 failed / 4 total (112s)
2026-09-05T07:40:28.929Z [ef57c7a7-120e-4dc1-92d8-f668dbac82a2][bb1fc585-f087-407a-b043-49c06e320521] Generating... 0 ready, 0 failed / 4 total (60s)
2026-09-05T07:40:31.122Z [39401a13-cecd-483d-92b2-33d908aa4767][bb1fc585-f087-407a-b043-49c06e320521] Generating... 0 ready, 0 failed / 4 total (115s)
2026-09-05T07:40:31.941Z [ef57c7a7-120e-4dc1-92d8-f668dbac82a2][bb1fc585-f087-407a-b043-49c06e320521] Generating... 0 ready, 0 failed / 4 total (63s)
2026-09-05T07:40:34.133Z [39401a13-cecd-483d-92b2-33d908aa4767][bb1fc585-f087-407a-b043-49c06e320521] Generating... 0 ready, 0 failed / 4 total (118s)
2026-09-05T07:40:34.959Z [ef57c7a7-120e-4dc1-92d8-f668dbac82a2][bb1fc585-f087-407a-b043-49c06e320521] Generating... 0 ready, 0 failed / 4 total (66s)
2026-09-05T07:40:37.150Z [39401a13-cecd-483d-92b2-33d908aa4767][bb1fc585-f087-407a-b043-49c06e320521] Generating... 0 ready, 0 failed / 4 total (121s)
2026-09-05T07:40:37.718Z [f4d20a9f-021e-4989-b605-1d4a3e167e49][bb1fc585-f087-407a-b043-49c06e320521] New project error: locator.waitFor: Timeout 20000ms exceeded.
Call log:
[2m  - waiting for locator('flow-projects-page button').filter({ hasText: /New project|Dự án mới/i }).first() to be visible[22m

2026-09-05T07:40:37.974Z [ef57c7a7-120e-4dc1-92d8-f668dbac82a2][bb1fc585-f087-407a-b043-49c06e320521] Generating... 0 ready, 0 failed / 4 total (69s)
2026-09-05T07:40:39.704Z [f4d20a9f-021e-4989-b605-1d4a3e167e49][bb1fc585-f087-407a-b043-49c06e320521] dismissPopups: unresolved overlay(s) ["DIV[]|btns=","SPAN[]|btns="]
2026-09-05T07:40:40.163Z [39401a13-cecd-483d-92b2-33d908aa4767][bb1fc585-f087-407a-b043-49c06e320521] Generating... 0 ready, 0 failed / 4 total (124s)
2026-09-05T07:40:40.995Z [ef57c7a7-120e-4dc1-92d8-f668dbac82a2][bb1fc585-f087-407a-b043-49c06e320521] Generating... 0 ready, 0 failed / 4 total (72s)
2026-09-05T07:40:43.176Z [39401a13-cecd-483d-92b2-33d908aa4767][bb1fc585-f087-407a-b043-49c06e320521] Generating... 0 ready, 0 failed / 4 total (127s)
2026-09-05T07:40:44.013Z [ef57c7a7-120e-4dc1-92d8-f668dbac82a2][bb1fc585-f087-407a-b043-49c06e320521] Generating... 0 ready, 0 failed / 4 total (75s)
2026-09-05T07:40:45.267Z [1d365113-b84a-4694-b314-1437fe0d45a0][bb1fc585-f087-407a-b043-49c06e320521] Composer never appeared. url=https://flow.google.com/about tiles=0 editors=0
2026-09-05T07:40:45.268Z [1d365113-b84a-4694-b314-1437fe0d45a0][bb1fc585-f087-407a-b043-49c06e320521] Flow attempt 1/1 failed: Google Flow composer (prompt box) did not render — page may not have finished loading.
2026-09-05T07:40:45.269Z [1d365113-b84a-4694-b314-1437fe0d45a0][bb1fc585-f087-407a-b043-49c06e320521] runGeneration ERROR exception: Error: Google Flow composer (prompt box) did not render — page may not have finished loading.
    at runGoogleFlow (C:\snapshot\sidecar\dist\sidecar.cjs:7592:11)
    at async runGeneration (C:\snapshot\sidecar\dist\sidecar.cjs:8392:11)
    at async handleCommand (C:\snapshot\sidecar\dist\sidecar.cjs:6510:7)
    at async C:\snapshot\sidecar\dist\sidecar.cjs:6426:11
2026-09-05T07:40:46.189Z [39401a13-cecd-483d-92b2-33d908aa4767][bb1fc585-f087-407a-b043-49c06e320521] Generating... 0 ready, 0 failed / 4 total (130s)
2026-09-05T07:40:46.534Z [807cb826-bc8e-4394-9d15-353ab670e71f][bb1fc585-f087-407a-b043-49c06e320521] runGeneration starting: task_id=807cb826-bc8e-4394-9d15-353ab670e71f, profile_id=bb1fc585-f087-407a-b043-49c06e320521, target_site=google_flow
2026-09-05T07:40:46.535Z [807cb826-bc8e-4394-9d15-353ab670e71f][bb1fc585-f087-407a-b043-49c06e320521] Opening Playwright browser with persistent profile cookies...
2026-09-05T07:40:46.535Z [807cb826-bc8e-4394-9d15-353ab670e71f][bb1fc585-f087-407a-b043-49c06e320521] Browser engine: winhide (C:\Users\Admin\AppData\Roaming\com.tank.winai\winhide\chrome.exe) [hidden off-screen]
2026-09-05T07:40:46.536Z [807cb826-bc8e-4394-9d15-353ab670e71f][bb1fc585-f087-407a-b043-49c06e320521] Launch mode: STEALTH (raw spawn + connectOverCDP)
2026-09-05T07:40:47.031Z [ef57c7a7-120e-4dc1-92d8-f668dbac82a2][bb1fc585-f087-407a-b043-49c06e320521] Generating... 0 ready, 0 failed / 4 total (78s)
2026-09-05T07:40:47.934Z [807cb826-bc8e-4394-9d15-353ab670e71f][bb1fc585-f087-407a-b043-49c06e320521] Exit IP: 115.74.128.9
2026-09-05T07:40:47.934Z [807cb826-bc8e-4394-9d15-353ab670e71f][bb1fc585-f087-407a-b043-49c06e320521] Navigating browser to Google Flow tools page...
2026-09-05T07:40:47.934Z [807cb826-bc8e-4394-9d15-353ab670e71f][bb1fc585-f087-407a-b043-49c06e320521] Using existing project URL: https://flow.google.com/project/cae2bf2b-d1b8-40f9-a300-9f2aa6276ea5?hl=en
2026-09-05T07:40:48.662Z [807cb826-bc8e-4394-9d15-353ab670e71f][bb1fc585-f087-407a-b043-49c06e320521] Waiting for Google Flow...
2026-09-05T07:40:49.207Z [39401a13-cecd-483d-92b2-33d908aa4767][bb1fc585-f087-407a-b043-49c06e320521] Generating... 0 ready, 0 failed / 4 total (133s)
2026-09-05T07:40:50.060Z [ef57c7a7-120e-4dc1-92d8-f668dbac82a2][bb1fc585-f087-407a-b043-49c06e320521] Generating... 0 ready, 0 failed / 4 total (82s)
2026-09-05T07:40:50.394Z [807cb826-bc8e-4394-9d15-353ab670e71f][bb1fc585-f087-407a-b043-49c06e320521] Creating new project...
2026-09-05T07:40:52.234Z [39401a13-cecd-483d-92b2-33d908aa4767][bb1fc585-f087-407a-b043-49c06e320521] Generating... 0 ready, 0 failed / 4 total (136s)
2026-09-05T07:40:53.073Z [ef57c7a7-120e-4dc1-92d8-f668dbac82a2][bb1fc585-f087-407a-b043-49c06e320521] Generating... 0 ready, 0 failed / 4 total (85s)
2026-09-05T07:40:55.253Z [39401a13-cecd-483d-92b2-33d908aa4767][bb1fc585-f087-407a-b043-49c06e320521] Generating... 0 ready, 0 failed / 4 total (139s)
2026-09-05T07:40:56.091Z [ef57c7a7-120e-4dc1-92d8-f668dbac82a2][bb1fc585-f087-407a-b043-49c06e320521] Generating... 0 ready, 0 failed / 4 total (88s)
2026-09-05T07:40:58.275Z [39401a13-cecd-483d-92b2-33d908aa4767][bb1fc585-f087-407a-b043-49c06e320521] Generating... 0 ready, 0 failed / 4 total (142s)
2026-09-05T07:40:59.115Z [ef57c7a7-120e-4dc1-92d8-f668dbac82a2][bb1fc585-f087-407a-b043-49c06e320521] Generating... 0 ready, 0 failed / 4 total (91s)
2026-09-05T07:41:01.299Z [39401a13-cecd-483d-92b2-33d908aa4767][bb1fc585-f087-407a-b043-49c06e320521] Generating... 0 ready, 0 failed / 4 total (145s)
2026-09-05T07:41:02.128Z [ef57c7a7-120e-4dc1-92d8-f668dbac82a2][bb1fc585-f087-407a-b043-49c06e320521] Generating... 0 ready, 0 failed / 4 total (94s)
2026-09-05T07:41:04.321Z [39401a13-cecd-483d-92b2-33d908aa4767][bb1fc585-f087-407a-b043-49c06e320521] Generating... 0 ready, 0 failed / 4 total (148s)
2026-09-05T07:41:04.721Z [f4d20a9f-021e-4989-b605-1d4a3e167e49][bb1fc585-f087-407a-b043-49c06e320521] Composer never appeared. url=https://flow.google.com/about tiles=0 editors=0
2026-09-05T07:41:04.722Z [f4d20a9f-021e-4989-b605-1d4a3e167e49][bb1fc585-f087-407a-b043-49c06e320521] Flow attempt 1/1 failed: Google Flow composer (prompt box) did not render — page may not have finished loading.
2026-09-05T07:41:04.722Z [f4d20a9f-021e-4989-b605-1d4a3e167e49][bb1fc585-f087-407a-b043-49c06e320521] runGeneration ERROR exception: Error: Google Flow composer (prompt box) did not render — page may not have finished loading.
    at runGoogleFlow (C:\snapshot\sidecar\dist\sidecar.cjs:7592:11)
    at async runGeneration (C:\snapshot\sidecar\dist\sidecar.cjs:8392:11)
    at async handleCommand (C:\snapshot\sidecar\dist\sidecar.cjs:6510:7)
    at async C:\snapshot\sidecar\dist\sidecar.cjs:6426:11
2026-09-05T07:41:05.149Z [ef57c7a7-120e-4dc1-92d8-f668dbac82a2][bb1fc585-f087-407a-b043-49c06e320521] Generating... 0 ready, 0 failed / 4 total (97s)
2026-09-05T07:41:07.345Z [39401a13-cecd-483d-92b2-33d908aa4767][bb1fc585-f087-407a-b043-49c06e320521] Generating... 0 ready, 0 failed / 4 total (151s)
2026-09-05T07:41:08.162Z [ef57c7a7-120e-4dc1-92d8-f668dbac82a2][bb1fc585-f087-407a-b043-49c06e320521] Generating... 0 ready, 0 failed / 4 total (100s)
2026-09-05T07:41:10.360Z [39401a13-cecd-483d-92b2-33d908aa4767][bb1fc585-f087-407a-b043-49c06e320521] Generating... 0 ready, 0 failed / 4 total (154s)
2026-09-05T07:41:10.405Z [807cb826-bc8e-4394-9d15-353ab670e71f][bb1fc585-f087-407a-b043-49c06e320521] New project error: locator.waitFor: Timeout 20000ms exceeded.
Call log:
[2m  - waiting for locator('flow-projects-page button').filter({ hasText: /New project|Dự án mới/i }).first() to be visible[22m

2026-09-05T07:41:11.178Z [ef57c7a7-120e-4dc1-92d8-f668dbac82a2][bb1fc585-f087-407a-b043-49c06e320521] Generating... 0 ready, 0 failed / 4 total (103s)
2026-09-05T07:41:11.935Z [807cb826-bc8e-4394-9d15-353ab670e71f][bb1fc585-f087-407a-b043-49c06e320521] dismissPopups: unresolved overlay(s) ["DIV[]|btns=","SPAN[]|btns="]
2026-09-05T07:41:13.373Z [39401a13-cecd-483d-92b2-33d908aa4767][bb1fc585-f087-407a-b043-49c06e320521] Generating... 0 ready, 0 failed / 4 total (157s)
2026-09-05T07:41:14.193Z [ef57c7a7-120e-4dc1-92d8-f668dbac82a2][bb1fc585-f087-407a-b043-49c06e320521] Generating... 0 ready, 0 failed / 4 total (106s)
2026-09-05T07:41:16.397Z [39401a13-cecd-483d-92b2-33d908aa4767][bb1fc585-f087-407a-b043-49c06e320521] Generating... 0 ready, 0 failed / 4 total (160s)
2026-09-05T07:41:17.216Z [ef57c7a7-120e-4dc1-92d8-f668dbac82a2][bb1fc585-f087-407a-b043-49c06e320521] Generating... 0 ready, 0 failed / 4 total (109s)
2026-09-05T07:41:19.412Z [39401a13-cecd-483d-92b2-33d908aa4767][bb1fc585-f087-407a-b043-49c06e320521] Generating... 0 ready, 0 failed / 4 total (163s)
2026-09-05T07:41:20.233Z [ef57c7a7-120e-4dc1-92d8-f668dbac82a2][bb1fc585-f087-407a-b043-49c06e320521] Generating... 0 ready, 0 failed / 4 total (112s)
2026-09-05T07:41:22.433Z [39401a13-cecd-483d-92b2-33d908aa4767][bb1fc585-f087-407a-b043-49c06e320521] Generating... 0 ready, 0 failed / 4 total (166s)
2026-09-05T07:41:23.252Z [ef57c7a7-120e-4dc1-92d8-f668dbac82a2][bb1fc585-f087-407a-b043-49c06e320521] Generating... 0 ready, 0 failed / 4 total (115s)
2026-09-05T07:41:25.445Z [39401a13-cecd-483d-92b2-33d908aa4767][bb1fc585-f087-407a-b043-49c06e320521] Generating... 0 ready, 0 failed / 4 total (169s)
2026-09-05T07:41:26.266Z [ef57c7a7-120e-4dc1-92d8-f668dbac82a2][bb1fc585-f087-407a-b043-49c06e320521] Generating... 0 ready, 0 failed / 4 total (118s)
2026-09-05T07:41:28.465Z [39401a13-cecd-483d-92b2-33d908aa4767][bb1fc585-f087-407a-b043-49c06e320521] Generating... 0 ready, 0 failed / 4 total (172s)
2026-09-05T07:41:29.283Z [ef57c7a7-120e-4dc1-92d8-f668dbac82a2][bb1fc585-f087-407a-b043-49c06e320521] Generating... 0 ready, 0 failed / 4 total (121s)
2026-09-05T07:41:31.482Z [39401a13-cecd-483d-92b2-33d908aa4767][bb1fc585-f087-407a-b043-49c06e320521] Generating... 0 ready, 0 failed / 4 total (175s)
2026-09-05T07:41:32.300Z [ef57c7a7-120e-4dc1-92d8-f668dbac82a2][bb1fc585-f087-407a-b043-49c06e320521] Generating... 0 ready, 0 failed / 4 total (124s)
2026-09-05T07:41:34.506Z [39401a13-cecd-483d-92b2-33d908aa4767][bb1fc585-f087-407a-b043-49c06e320521] Generating... 0 ready, 0 failed / 4 total (178s)
2026-09-05T07:41:35.314Z [ef57c7a7-120e-4dc1-92d8-f668dbac82a2][bb1fc585-f087-407a-b043-49c06e320521] Generating... 0 ready, 0 failed / 4 total (127s)
2026-09-05T07:41:36.967Z [807cb826-bc8e-4394-9d15-353ab670e71f][bb1fc585-f087-407a-b043-49c06e320521] Composer never appeared. url=https://flow.google.com/about tiles=0 editors=0
2026-09-05T07:41:36.967Z [807cb826-bc8e-4394-9d15-353ab670e71f][bb1fc585-f087-407a-b043-49c06e320521] Flow attempt 1/1 failed: Google Flow composer (prompt box) did not render — page may not have finished loading.
2026-09-05T07:41:36.967Z [807cb826-bc8e-4394-9d15-353ab670e71f][bb1fc585-f087-407a-b043-49c06e320521] runGeneration ERROR exception: Error: Google Flow composer (prompt box) did not render — page may not have finished loading.
    at runGoogleFlow (C:\snapshot\sidecar\dist\sidecar.cjs:7592:11)
    at async runGeneration (C:\snapshot\sidecar\dist\sidecar.cjs:8392:11)
    at async handleCommand (C:\snapshot\sidecar\dist\sidecar.cjs:6510:7)
    at async C:\snapshot\sidecar\dist\sidecar.cjs:6426:11
2026-09-05T07:41:37.510Z [39401a13-cecd-483d-92b2-33d908aa4767][bb1fc585-f087-407a-b043-49c06e320521] Flow attempt 1/1 failed: Workspace items did not appear after 181s. Are you logged in?
2026-09-05T07:41:37.510Z [39401a13-cecd-483d-92b2-33d908aa4767][bb1fc585-f087-407a-b043-49c06e320521] runGeneration ERROR exception: Error: Workspace items did not appear after 181s. Are you logged in?
    at runGoogleFlow (C:\snapshot\sidecar\dist\sidecar.cjs:8086:11)
    at async runGeneration (C:\snapshot\sidecar\dist\sidecar.cjs:8392:11)
    at async handleCommand (C:\snapshot\sidecar\dist\sidecar.cjs:6510:7)
    at async C:\snapshot\sidecar\dist\sidecar.cjs:6426:11
2026-09-05T07:41:38.335Z [ef57c7a7-120e-4dc1-92d8-f668dbac82a2][bb1fc585-f087-407a-b043-49c06e320521] Generating... 0 ready, 0 failed / 4 total (130s)
2026-09-05T07:41:41.360Z [ef57c7a7-120e-4dc1-92d8-f668dbac82a2][bb1fc585-f087-407a-b043-49c06e320521] Generating... 0 ready, 0 failed / 4 total (133s)
2026-09-05T07:41:44.374Z [ef57c7a7-120e-4dc1-92d8-f668dbac82a2][bb1fc585-f087-407a-b043-49c06e320521] Generating... 0 ready, 0 failed / 4 total (136s)
2026-09-05T07:41:47.395Z [ef57c7a7-120e-4dc1-92d8-f668dbac82a2][bb1fc585-f087-407a-b043-49c06e320521] Generating... 0 ready, 0 failed / 4 total (139s)
2026-09-05T07:41:50.414Z [ef57c7a7-120e-4dc1-92d8-f668dbac82a2][bb1fc585-f087-407a-b043-49c06e320521] Generating... 0 ready, 0 failed / 4 total (142s)
2026-09-05T07:41:53.438Z [ef57c7a7-120e-4dc1-92d8-f668dbac82a2][bb1fc585-f087-407a-b043-49c06e320521] Generating... 0 ready, 0 failed / 4 total (145s)
2026-09-05T07:41:56.449Z [ef57c7a7-120e-4dc1-92d8-f668dbac82a2][bb1fc585-f087-407a-b043-49c06e320521] Generating... 0 ready, 0 failed / 4 total (148s)
2026-09-05T07:41:59.468Z [ef57c7a7-120e-4dc1-92d8-f668dbac82a2][bb1fc585-f087-407a-b043-49c06e320521] Generating... 0 ready, 0 failed / 4 total (151s)
2026-09-05T07:42:02.490Z [ef57c7a7-120e-4dc1-92d8-f668dbac82a2][bb1fc585-f087-407a-b043-49c06e320521] Generating... 0 ready, 0 failed / 4 total (154s)
2026-09-05T07:45:10.452Z [f9d3cda6-3b27-4ec6-8bc2-c40da75a03cb][96752e9b-4bb0-44a2-ab26-bc1d01993a59] runGeneration starting: task_id=f9d3cda6-3b27-4ec6-8bc2-c40da75a03cb, profile_id=96752e9b-4bb0-44a2-ab26-bc1d01993a59, target_site=google_flow
2026-09-05T07:45:10.453Z [f9d3cda6-3b27-4ec6-8bc2-c40da75a03cb][96752e9b-4bb0-44a2-ab26-bc1d01993a59] Opening Playwright browser with persistent profile cookies...
2026-09-05T07:45:10.452Z [8728dd6c-650e-437c-8e3f-2894bdf55296][96752e9b-4bb0-44a2-ab26-bc1d01993a59] runGeneration starting: task_id=8728dd6c-650e-437c-8e3f-2894bdf55296, profile_id=96752e9b-4bb0-44a2-ab26-bc1d01993a59, target_site=google_flow
2026-09-05T07:45:10.453Z [f9d3cda6-3b27-4ec6-8bc2-c40da75a03cb][96752e9b-4bb0-44a2-ab26-bc1d01993a59] Browser engine: winhide (C:\Users\Admin\AppData\Roaming\com.tank.winai\winhide\chrome.exe) [hidden off-screen]
2026-09-05T07:45:10.453Z [8728dd6c-650e-437c-8e3f-2894bdf55296][96752e9b-4bb0-44a2-ab26-bc1d01993a59] Opening Playwright browser with persistent profile cookies...
2026-09-05T07:45:10.454Z [f9d3cda6-3b27-4ec6-8bc2-c40da75a03cb][96752e9b-4bb0-44a2-ab26-bc1d01993a59] Launch mode: STEALTH (raw spawn + connectOverCDP)
2026-09-05T07:45:10.453Z [8728dd6c-650e-437c-8e3f-2894bdf55296][96752e9b-4bb0-44a2-ab26-bc1d01993a59] Browser engine: winhide (C:\Users\Admin\AppData\Roaming\com.tank.winai\winhide\chrome.exe) [hidden off-screen]
2026-09-05T07:45:10.454Z [8728dd6c-650e-437c-8e3f-2894bdf55296][96752e9b-4bb0-44a2-ab26-bc1d01993a59] Launch mode: STEALTH (raw spawn + connectOverCDP)
2026-09-05T07:45:10.458Z [a342d9e8-7a26-4d46-9af4-393bca3a88ca][96752e9b-4bb0-44a2-ab26-bc1d01993a59] runGeneration starting: task_id=a342d9e8-7a26-4d46-9af4-393bca3a88ca, profile_id=96752e9b-4bb0-44a2-ab26-bc1d01993a59, target_site=google_flow
2026-09-05T07:45:10.459Z [a342d9e8-7a26-4d46-9af4-393bca3a88ca][96752e9b-4bb0-44a2-ab26-bc1d01993a59] Opening Playwright browser with persistent profile cookies...
2026-09-05T07:45:10.460Z [a342d9e8-7a26-4d46-9af4-393bca3a88ca][96752e9b-4bb0-44a2-ab26-bc1d01993a59] Browser engine: winhide (C:\Users\Admin\AppData\Roaming\com.tank.winai\winhide\chrome.exe) [hidden off-screen]
2026-09-05T07:45:10.460Z [a342d9e8-7a26-4d46-9af4-393bca3a88ca][96752e9b-4bb0-44a2-ab26-bc1d01993a59] Launch mode: STEALTH (raw spawn + connectOverCDP)
2026-09-05T07:45:10.460Z [8649d3ed-71ce-450b-9274-a598c6543a38][96752e9b-4bb0-44a2-ab26-bc1d01993a59] runGeneration starting: task_id=8649d3ed-71ce-450b-9274-a598c6543a38, profile_id=96752e9b-4bb0-44a2-ab26-bc1d01993a59, target_site=google_flow
2026-09-05T07:45:10.461Z [8649d3ed-71ce-450b-9274-a598c6543a38][96752e9b-4bb0-44a2-ab26-bc1d01993a59] Opening Playwright browser with persistent profile cookies...
2026-09-05T07:45:10.462Z [8649d3ed-71ce-450b-9274-a598c6543a38][96752e9b-4bb0-44a2-ab26-bc1d01993a59] Browser engine: winhide (C:\Users\Admin\AppData\Roaming\com.tank.winai\winhide\chrome.exe) [hidden off-screen]
2026-09-05T07:45:10.463Z [8649d3ed-71ce-450b-9274-a598c6543a38][96752e9b-4bb0-44a2-ab26-bc1d01993a59] Launch mode: STEALTH (raw spawn + connectOverCDP)
2026-09-05T07:45:13.398Z [f9d3cda6-3b27-4ec6-8bc2-c40da75a03cb][96752e9b-4bb0-44a2-ab26-bc1d01993a59] Exit IP: 115.74.128.9
2026-09-05T07:45:13.399Z [f9d3cda6-3b27-4ec6-8bc2-c40da75a03cb][96752e9b-4bb0-44a2-ab26-bc1d01993a59] Navigating browser to Google Flow tools page...
2026-09-05T07:45:13.399Z [f9d3cda6-3b27-4ec6-8bc2-c40da75a03cb][96752e9b-4bb0-44a2-ab26-bc1d01993a59] Using existing project URL: https://flow.google.com/project/c2a607c5-d833-4be1-8108-407b74d4ed85?hl=en
2026-09-05T07:45:13.407Z [8728dd6c-650e-437c-8e3f-2894bdf55296][96752e9b-4bb0-44a2-ab26-bc1d01993a59] Exit IP: 115.74.128.9
2026-09-05T07:45:13.407Z [8728dd6c-650e-437c-8e3f-2894bdf55296][96752e9b-4bb0-44a2-ab26-bc1d01993a59] Navigating browser to Google Flow tools page...
2026-09-05T07:45:13.408Z [8728dd6c-650e-437c-8e3f-2894bdf55296][96752e9b-4bb0-44a2-ab26-bc1d01993a59] Using existing project URL: https://flow.google.com/project/cae2bf2b-d1b8-40f9-a300-9f2aa6276ea5?hl=en
2026-09-05T07:45:13.447Z [8649d3ed-71ce-450b-9274-a598c6543a38][96752e9b-4bb0-44a2-ab26-bc1d01993a59] Exit IP: 115.74.128.9
2026-09-05T07:45:13.447Z [8649d3ed-71ce-450b-9274-a598c6543a38][96752e9b-4bb0-44a2-ab26-bc1d01993a59] Navigating browser to Google Flow tools page...
2026-09-05T07:45:13.448Z [8649d3ed-71ce-450b-9274-a598c6543a38][96752e9b-4bb0-44a2-ab26-bc1d01993a59] Using existing project URL: https://flow.google.com/project/33ca2cc2-c9ff-4bb6-9048-2a7af1dfcfee?hl=en
2026-09-05T07:45:13.450Z [a342d9e8-7a26-4d46-9af4-393bca3a88ca][96752e9b-4bb0-44a2-ab26-bc1d01993a59] Exit IP: 115.74.128.9
2026-09-05T07:45:13.451Z [a342d9e8-7a26-4d46-9af4-393bca3a88ca][96752e9b-4bb0-44a2-ab26-bc1d01993a59] Navigating browser to Google Flow tools page...
2026-09-05T07:45:13.452Z [a342d9e8-7a26-4d46-9af4-393bca3a88ca][96752e9b-4bb0-44a2-ab26-bc1d01993a59] Using existing project URL: https://flow.google.com/project/cd81a7d3-c989-419e-891a-f8694174cb85?hl=en
2026-09-05T07:45:14.429Z [f9d3cda6-3b27-4ec6-8bc2-c40da75a03cb][96752e9b-4bb0-44a2-ab26-bc1d01993a59] Waiting for Google Flow...
2026-09-05T07:45:14.529Z [8728dd6c-650e-437c-8e3f-2894bdf55296][96752e9b-4bb0-44a2-ab26-bc1d01993a59] Waiting for Google Flow...
2026-09-05T07:45:14.611Z [a342d9e8-7a26-4d46-9af4-393bca3a88ca][96752e9b-4bb0-44a2-ab26-bc1d01993a59] Waiting for Google Flow...
2026-09-05T07:45:14.777Z [8649d3ed-71ce-450b-9274-a598c6543a38][96752e9b-4bb0-44a2-ab26-bc1d01993a59] Waiting for Google Flow...
2026-09-05T07:45:16.060Z [8728dd6c-650e-437c-8e3f-2894bdf55296][96752e9b-4bb0-44a2-ab26-bc1d01993a59] In existing project ✓
2026-09-05T07:45:16.455Z [8649d3ed-71ce-450b-9274-a598c6543a38][96752e9b-4bb0-44a2-ab26-bc1d01993a59] In existing project ✓
2026-09-05T07:45:16.780Z [f9d3cda6-3b27-4ec6-8bc2-c40da75a03cb][96752e9b-4bb0-44a2-ab26-bc1d01993a59] In existing project ✓
2026-09-05T07:45:16.865Z [a342d9e8-7a26-4d46-9af4-393bca3a88ca][96752e9b-4bb0-44a2-ab26-bc1d01993a59] In existing project ✓
2026-09-05T07:45:17.122Z [8728dd6c-650e-437c-8e3f-2894bdf55296][96752e9b-4bb0-44a2-ab26-bc1d01993a59] dismissPopups: unresolved overlay(s) ["IFRAME[presentation]|btns="]
2026-09-05T07:45:17.554Z [8649d3ed-71ce-450b-9274-a598c6543a38][96752e9b-4bb0-44a2-ab26-bc1d01993a59] dismissPopups: unresolved overlay(s) ["IFRAME[presentation]|btns="]
2026-09-05T07:45:17.713Z [a342d9e8-7a26-4d46-9af4-393bca3a88ca][96752e9b-4bb0-44a2-ab26-bc1d01993a59] dismissPopups: unresolved overlay(s) ["IFRAME[presentation]|btns="]
2026-09-05T07:45:17.713Z [f9d3cda6-3b27-4ec6-8bc2-c40da75a03cb][96752e9b-4bb0-44a2-ab26-bc1d01993a59] dismissPopups: unresolved overlay(s) ["IFRAME[presentation]|btns="]
2026-09-05T07:45:20.394Z [a342d9e8-7a26-4d46-9af4-393bca3a88ca][96752e9b-4bb0-44a2-ab26-bc1d01993a59] Composer ready ✓ (UI language: en)
2026-09-05T07:45:20.426Z [a342d9e8-7a26-4d46-9af4-393bca3a88ca][96752e9b-4bb0-44a2-ab26-bc1d01993a59] dismissPopups: unresolved overlay(s) ["DIV[]|btns=","DIV[]|btns="]
2026-09-05T07:45:20.493Z [8728dd6c-650e-437c-8e3f-2894bdf55296][96752e9b-4bb0-44a2-ab26-bc1d01993a59] Composer ready ✓ (UI language: en)
2026-09-05T07:45:20.561Z [a342d9e8-7a26-4d46-9af4-393bca3a88ca][96752e9b-4bb0-44a2-ab26-bc1d01993a59] Agent toggle aria-pressed=false
2026-09-05T07:45:20.561Z [a342d9e8-7a26-4d46-9af4-393bca3a88ca][96752e9b-4bb0-44a2-ab26-bc1d01993a59] Opening settings...
2026-09-05T07:45:20.622Z [8728dd6c-650e-437c-8e3f-2894bdf55296][96752e9b-4bb0-44a2-ab26-bc1d01993a59] dismissPopups: unresolved overlay(s) ["DIV[]|btns=","DIV[]|btns="]
2026-09-05T07:45:20.699Z [8728dd6c-650e-437c-8e3f-2894bdf55296][96752e9b-4bb0-44a2-ab26-bc1d01993a59] Agent toggle aria-pressed=false
2026-09-05T07:45:20.699Z [8728dd6c-650e-437c-8e3f-2894bdf55296][96752e9b-4bb0-44a2-ab26-bc1d01993a59] Opening settings...
2026-09-05T07:45:21.750Z [f9d3cda6-3b27-4ec6-8bc2-c40da75a03cb][96752e9b-4bb0-44a2-ab26-bc1d01993a59] Composer ready ✓ (UI language: en)
2026-09-05T07:45:21.893Z [f9d3cda6-3b27-4ec6-8bc2-c40da75a03cb][96752e9b-4bb0-44a2-ab26-bc1d01993a59] dismissPopups: unresolved overlay(s) ["DIV[]|btns=","DIV[]|btns="]
2026-09-05T07:45:22.010Z [f9d3cda6-3b27-4ec6-8bc2-c40da75a03cb][96752e9b-4bb0-44a2-ab26-bc1d01993a59] Agent toggle aria-pressed=false
2026-09-05T07:45:22.010Z [f9d3cda6-3b27-4ec6-8bc2-c40da75a03cb][96752e9b-4bb0-44a2-ab26-bc1d01993a59] Opening settings...
2026-09-05T07:45:22.647Z [a342d9e8-7a26-4d46-9af4-393bca3a88ca][96752e9b-4bb0-44a2-ab26-bc1d01993a59] Configuring image settings...
2026-09-05T07:45:23.254Z [8728dd6c-650e-437c-8e3f-2894bdf55296][96752e9b-4bb0-44a2-ab26-bc1d01993a59] Configuring image settings...
2026-09-05T07:45:23.428Z [8649d3ed-71ce-450b-9274-a598c6543a38][96752e9b-4bb0-44a2-ab26-bc1d01993a59] Composer ready ✓ (UI language: en)
2026-09-05T07:45:23.499Z [8649d3ed-71ce-450b-9274-a598c6543a38][96752e9b-4bb0-44a2-ab26-bc1d01993a59] dismissPopups: unresolved overlay(s) ["DIV[]|btns=","DIV[]|btns="]
2026-09-05T07:45:23.521Z [8649d3ed-71ce-450b-9274-a598c6543a38][96752e9b-4bb0-44a2-ab26-bc1d01993a59] Agent toggle aria-pressed=false
2026-09-05T07:45:23.522Z [8649d3ed-71ce-450b-9274-a598c6543a38][96752e9b-4bb0-44a2-ab26-bc1d01993a59] Opening settings...
2026-09-05T07:45:24.297Z [f9d3cda6-3b27-4ec6-8bc2-c40da75a03cb][96752e9b-4bb0-44a2-ab26-bc1d01993a59] Configuring image settings...
2026-09-05T07:45:24.581Z [a342d9e8-7a26-4d46-9af4-393bca3a88ca][96752e9b-4bb0-44a2-ab26-bc1d01993a59] Mode: selected "image Image" ✓
2026-09-05T07:45:25.059Z [8728dd6c-650e-437c-8e3f-2894bdf55296][96752e9b-4bb0-44a2-ab26-bc1d01993a59] Mode: selected "image Image" ✓
2026-09-05T07:45:25.287Z [8649d3ed-71ce-450b-9274-a598c6543a38][96752e9b-4bb0-44a2-ab26-bc1d01993a59] Configuring image settings...
2026-09-05T07:45:25.815Z [f9d3cda6-3b27-4ec6-8bc2-c40da75a03cb][96752e9b-4bb0-44a2-ab26-bc1d01993a59] Mode: selected "image Image" ✓
2026-09-05T07:45:27.154Z [8649d3ed-71ce-450b-9274-a598c6543a38][96752e9b-4bb0-44a2-ab26-bc1d01993a59] Mode: selected "image Image" ✓
2026-09-05T07:45:29.554Z [8728dd6c-650e-437c-8e3f-2894bdf55296][96752e9b-4bb0-44a2-ab26-bc1d01993a59] Model: selected "🍌 Nano Banana 2" ✓
2026-09-05T07:45:29.635Z [a342d9e8-7a26-4d46-9af4-393bca3a88ca][96752e9b-4bb0-44a2-ab26-bc1d01993a59] Model: selected "🍌 Nano Banana 2" ✓
2026-09-05T07:45:30.255Z [f9d3cda6-3b27-4ec6-8bc2-c40da75a03cb][96752e9b-4bb0-44a2-ab26-bc1d01993a59] Model: selected "🍌 Nano Banana 2" ✓
2026-09-05T07:45:30.314Z [8728dd6c-650e-437c-8e3f-2894bdf55296][96752e9b-4bb0-44a2-ab26-bc1d01993a59] Aspect ratio: "crop_16_9 16:9" already selected ✓
2026-09-05T07:45:30.557Z [a342d9e8-7a26-4d46-9af4-393bca3a88ca][96752e9b-4bb0-44a2-ab26-bc1d01993a59] Aspect ratio: "crop_16_9 16:9" already selected ✓
2026-09-05T07:45:31.243Z [f9d3cda6-3b27-4ec6-8bc2-c40da75a03cb][96752e9b-4bb0-44a2-ab26-bc1d01993a59] Aspect ratio: "crop_16_9 16:9" already selected ✓
2026-09-05T07:45:31.413Z [8649d3ed-71ce-450b-9274-a598c6543a38][96752e9b-4bb0-44a2-ab26-bc1d01993a59] Model: selected "🍌 Nano Banana 2" ✓
2026-09-05T07:45:31.595Z [8728dd6c-650e-437c-8e3f-2894bdf55296][96752e9b-4bb0-44a2-ab26-bc1d01993a59] Output count: selected "x4" ✓
2026-09-05T07:45:31.840Z [a342d9e8-7a26-4d46-9af4-393bca3a88ca][96752e9b-4bb0-44a2-ab26-bc1d01993a59] Output count: selected "x4" ✓
2026-09-05T07:45:32.033Z [8649d3ed-71ce-450b-9274-a598c6543a38][96752e9b-4bb0-44a2-ab26-bc1d01993a59] Aspect ratio: "crop_16_9 16:9" already selected ✓
2026-09-05T07:45:32.723Z [8728dd6c-650e-437c-8e3f-2894bdf55296][96752e9b-4bb0-44a2-ab26-bc1d01993a59] Ref image 1/6: downloading from URL...
2026-09-05T07:45:32.913Z [8728dd6c-650e-437c-8e3f-2894bdf55296][96752e9b-4bb0-44a2-ab26-bc1d01993a59] Downloader: no-proxy request context ready.
2026-09-05T07:45:32.921Z [a342d9e8-7a26-4d46-9af4-393bca3a88ca][96752e9b-4bb0-44a2-ab26-bc1d01993a59] Ref image 1/6: downloading from URL...
2026-09-05T07:45:33.047Z [f9d3cda6-3b27-4ec6-8bc2-c40da75a03cb][96752e9b-4bb0-44a2-ab26-bc1d01993a59] Output count: selected "x4" ✓
2026-09-05T07:45:33.123Z [a342d9e8-7a26-4d46-9af4-393bca3a88ca][96752e9b-4bb0-44a2-ab26-bc1d01993a59] Downloader: no-proxy request context ready.
2026-09-05T07:45:33.524Z [8649d3ed-71ce-450b-9274-a598c6543a38][96752e9b-4bb0-44a2-ab26-bc1d01993a59] Output count: selected "x4" ✓
2026-09-05T07:45:33.582Z [8728dd6c-650e-437c-8e3f-2894bdf55296][96752e9b-4bb0-44a2-ab26-bc1d01993a59] Ref image 1/6: saved 468314 bytes (image/jpeg) as "Arlo Water Park Day.jpeg"
2026-09-05T07:45:33.586Z [8728dd6c-650e-437c-8e3f-2894bdf55296][96752e9b-4bb0-44a2-ab26-bc1d01993a59] Ref image 1/6: attaching reference image...
2026-09-05T07:45:33.944Z [a342d9e8-7a26-4d46-9af4-393bca3a88ca][96752e9b-4bb0-44a2-ab26-bc1d01993a59] Ref image 1/6: saved 628888 bytes (image/jpeg) as "Nessa Water Park Day.jpeg"
2026-09-05T07:45:33.948Z [a342d9e8-7a26-4d46-9af4-393bca3a88ca][96752e9b-4bb0-44a2-ab26-bc1d01993a59] Ref image 1/6: attaching reference image...
2026-09-05T07:45:34.225Z [f9d3cda6-3b27-4ec6-8bc2-c40da75a03cb][96752e9b-4bb0-44a2-ab26-bc1d01993a59] Ref image 1/6: downloading from URL...
2026-09-05T07:45:34.403Z [f9d3cda6-3b27-4ec6-8bc2-c40da75a03cb][96752e9b-4bb0-44a2-ab26-bc1d01993a59] Downloader: no-proxy request context ready.
2026-09-05T07:45:34.775Z [8649d3ed-71ce-450b-9274-a598c6543a38][96752e9b-4bb0-44a2-ab26-bc1d01993a59] Ref image 1/8: downloading from URL...
2026-09-05T07:45:35.029Z [8649d3ed-71ce-450b-9274-a598c6543a38][96752e9b-4bb0-44a2-ab26-bc1d01993a59] Downloader: no-proxy request context ready.
2026-09-05T07:45:35.188Z [f9d3cda6-3b27-4ec6-8bc2-c40da75a03cb][96752e9b-4bb0-44a2-ab26-bc1d01993a59] Ref image 1/6: saved 468314 bytes (image/jpeg) as "Arlo Water Park Day.jpeg"
2026-09-05T07:45:35.192Z [f9d3cda6-3b27-4ec6-8bc2-c40da75a03cb][96752e9b-4bb0-44a2-ab26-bc1d01993a59] Ref image 1/6: attaching reference image...
2026-09-05T07:45:35.349Z [8728dd6c-650e-437c-8e3f-2894bdf55296][96752e9b-4bb0-44a2-ab26-bc1d01993a59] Ref image 1/6: reusing library asset "Arlo Water Park Day.jpeg" (no re-upload).
2026-09-05T07:45:36.030Z [8649d3ed-71ce-450b-9274-a598c6543a38][96752e9b-4bb0-44a2-ab26-bc1d01993a59] Ref image 1/8: saved 628888 bytes (image/jpeg) as "Nessa Water Park Day.jpeg"
2026-09-05T07:45:36.035Z [8649d3ed-71ce-450b-9274-a598c6543a38][96752e9b-4bb0-44a2-ab26-bc1d01993a59] Ref image 1/8: attaching reference image...
2026-09-05T07:45:36.132Z [a342d9e8-7a26-4d46-9af4-393bca3a88ca][96752e9b-4bb0-44a2-ab26-bc1d01993a59] Ref image 1/6: reusing library asset "Nessa Water Park Day.jpeg" (no re-upload).
2026-09-05T07:45:37.645Z [f9d3cda6-3b27-4ec6-8bc2-c40da75a03cb][96752e9b-4bb0-44a2-ab26-bc1d01993a59] Ref image 1/6: reusing library asset "Arlo Water Park Day.jpeg" (no re-upload).
2026-09-05T07:45:37.899Z [8649d3ed-71ce-450b-9274-a598c6543a38][96752e9b-4bb0-44a2-ab26-bc1d01993a59] Ref image 1/8: reusing library asset "Nessa Water Park Day.jpeg" (no re-upload).
2026-09-05T07:45:38.248Z [8728dd6c-650e-437c-8e3f-2894bdf55296][96752e9b-4bb0-44a2-ab26-bc1d01993a59] Ref image 1/6: chips 0→1 ✓
2026-09-05T07:45:39.141Z [a342d9e8-7a26-4d46-9af4-393bca3a88ca][96752e9b-4bb0-44a2-ab26-bc1d01993a59] Ref image 1/6: chips 0→1 ✓
2026-09-05T07:45:39.424Z [8728dd6c-650e-437c-8e3f-2894bdf55296][96752e9b-4bb0-44a2-ab26-bc1d01993a59] Ref image 2/6: downloading from URL...
2026-09-05T07:45:39.825Z [8728dd6c-650e-437c-8e3f-2894bdf55296][96752e9b-4bb0-44a2-ab26-bc1d01993a59] Ref image 2/6: saved 628888 bytes (image/jpeg) as "Nessa Water Park Day.jpeg"
2026-09-05T07:45:39.828Z [8728dd6c-650e-437c-8e3f-2894bdf55296][96752e9b-4bb0-44a2-ab26-bc1d01993a59] Ref image 2/6: attaching reference image...
2026-09-05T07:45:40.563Z [a342d9e8-7a26-4d46-9af4-393bca3a88ca][96752e9b-4bb0-44a2-ab26-bc1d01993a59] Ref image 2/6: downloading from URL...
2026-09-05T07:45:41.175Z [a342d9e8-7a26-4d46-9af4-393bca3a88ca][96752e9b-4bb0-44a2-ab26-bc1d01993a59] Ref image 2/6: saved 468314 bytes (image/jpeg) as "Arlo Water Park Day.jpeg"
2026-09-05T07:45:41.177Z [a342d9e8-7a26-4d46-9af4-393bca3a88ca][96752e9b-4bb0-44a2-ab26-bc1d01993a59] Ref image 2/6: attaching reference image...
2026-09-05T07:45:41.224Z [f9d3cda6-3b27-4ec6-8bc2-c40da75a03cb][96752e9b-4bb0-44a2-ab26-bc1d01993a59] Ref image 1/6: chips 0→1 ✓
2026-09-05T07:45:41.410Z [8649d3ed-71ce-450b-9274-a598c6543a38][96752e9b-4bb0-44a2-ab26-bc1d01993a59] Ref image 1/8: chips 0→1 ✓
2026-09-05T07:45:41.828Z [8728dd6c-650e-437c-8e3f-2894bdf55296][96752e9b-4bb0-44a2-ab26-bc1d01993a59] Ref image 2/6: reusing library asset "Nessa Water Park Day.jpeg" (no re-upload).
2026-09-05T07:45:42.485Z [f9d3cda6-3b27-4ec6-8bc2-c40da75a03cb][96752e9b-4bb0-44a2-ab26-bc1d01993a59] Ref image 2/6: downloading from URL...
2026-09-05T07:45:42.844Z [8649d3ed-71ce-450b-9274-a598c6543a38][96752e9b-4bb0-44a2-ab26-bc1d01993a59] Ref image 2/8: downloading from URL...
2026-09-05T07:45:42.949Z [a342d9e8-7a26-4d46-9af4-393bca3a88ca][96752e9b-4bb0-44a2-ab26-bc1d01993a59] Ref image 2/6: reusing library asset "Arlo Water Park Day.jpeg" (no re-upload).
2026-09-05T07:45:43.042Z [f9d3cda6-3b27-4ec6-8bc2-c40da75a03cb][96752e9b-4bb0-44a2-ab26-bc1d01993a59] Ref image 2/6: saved 628888 bytes (image/jpeg) as "Nessa Water Park Day.jpeg"
2026-09-05T07:45:43.045Z [f9d3cda6-3b27-4ec6-8bc2-c40da75a03cb][96752e9b-4bb0-44a2-ab26-bc1d01993a59] Ref image 2/6: attaching reference image...
2026-09-05T07:45:43.436Z [8649d3ed-71ce-450b-9274-a598c6543a38][96752e9b-4bb0-44a2-ab26-bc1d01993a59] Ref image 2/8: saved 468314 bytes (image/jpeg) as "Arlo Water Park Day.jpeg"
2026-09-05T07:45:43.440Z [8649d3ed-71ce-450b-9274-a598c6543a38][96752e9b-4bb0-44a2-ab26-bc1d01993a59] Ref image 2/8: attaching reference image...
2026-09-05T07:45:45.138Z [f9d3cda6-3b27-4ec6-8bc2-c40da75a03cb][96752e9b-4bb0-44a2-ab26-bc1d01993a59] Ref image 2/6: reusing library asset "Nessa Water Park Day.jpeg" (no re-upload).
2026-09-05T07:45:45.300Z [8728dd6c-650e-437c-8e3f-2894bdf55296][96752e9b-4bb0-44a2-ab26-bc1d01993a59] Ref image 2/6: chips 1→2 ✓
2026-09-05T07:45:45.429Z [8649d3ed-71ce-450b-9274-a598c6543a38][96752e9b-4bb0-44a2-ab26-bc1d01993a59] Ref image 2/8: reusing library asset "Arlo Water Park Day.jpeg" (no re-upload).
2026-09-05T07:45:46.464Z [8728dd6c-650e-437c-8e3f-2894bdf55296][96752e9b-4bb0-44a2-ab26-bc1d01993a59] Ref image 3/6: downloading from URL...
2026-09-05T07:45:46.610Z [a342d9e8-7a26-4d46-9af4-393bca3a88ca][96752e9b-4bb0-44a2-ab26-bc1d01993a59] Ref image 2/6: chips 1→2 ✓
2026-09-05T07:45:46.972Z [8728dd6c-650e-437c-8e3f-2894bdf55296][96752e9b-4bb0-44a2-ab26-bc1d01993a59] Ref image 3/6: saved 653843 bytes (image/jpeg) as "Graham Water Park Day.jpeg"
2026-09-05T07:45:46.976Z [8728dd6c-650e-437c-8e3f-2894bdf55296][96752e9b-4bb0-44a2-ab26-bc1d01993a59] Ref image 3/6: attaching reference image...
2026-09-05T07:45:48.414Z [a342d9e8-7a26-4d46-9af4-393bca3a88ca][96752e9b-4bb0-44a2-ab26-bc1d01993a59] Ref image 3/6: downloading from URL...
2026-09-05T07:45:48.766Z [8649d3ed-71ce-450b-9274-a598c6543a38][96752e9b-4bb0-44a2-ab26-bc1d01993a59] Ref image 2/8: chips 1→2 ✓
2026-09-05T07:45:48.897Z [a342d9e8-7a26-4d46-9af4-393bca3a88ca][96752e9b-4bb0-44a2-ab26-bc1d01993a59] Ref image 3/6: saved 653843 bytes (image/jpeg) as "Graham Water Park Day.jpeg"
2026-09-05T07:45:48.903Z [a342d9e8-7a26-4d46-9af4-393bca3a88ca][96752e9b-4bb0-44a2-ab26-bc1d01993a59] Ref image 3/6: attaching reference image...
2026-09-05T07:45:48.930Z [f9d3cda6-3b27-4ec6-8bc2-c40da75a03cb][96752e9b-4bb0-44a2-ab26-bc1d01993a59] Ref image 2/6: chips 1→2 ✓
2026-09-05T07:45:49.229Z [8728dd6c-650e-437c-8e3f-2894bdf55296][96752e9b-4bb0-44a2-ab26-bc1d01993a59] Ref image 3/6: reusing library asset "Graham Water Park Day.jpeg" (no re-upload).
2026-09-05T07:45:50.234Z [8649d3ed-71ce-450b-9274-a598c6543a38][96752e9b-4bb0-44a2-ab26-bc1d01993a59] Ref image 3/8: downloading from URL...
2026-09-05T07:45:50.629Z [8649d3ed-71ce-450b-9274-a598c6543a38][96752e9b-4bb0-44a2-ab26-bc1d01993a59] Ref image 3/8: saved 549605 bytes (image/jpeg) as "Elara Water Park Day.jpeg"
2026-09-05T07:45:50.632Z [8649d3ed-71ce-450b-9274-a598c6543a38][96752e9b-4bb0-44a2-ab26-bc1d01993a59] Ref image 3/8: attaching reference image...
2026-09-05T07:45:50.696Z [f9d3cda6-3b27-4ec6-8bc2-c40da75a03cb][96752e9b-4bb0-44a2-ab26-bc1d01993a59] Ref image 3/6: downloading from URL...
2026-09-05T07:45:51.246Z [a342d9e8-7a26-4d46-9af4-393bca3a88ca][96752e9b-4bb0-44a2-ab26-bc1d01993a59] Ref image 3/6: reusing library asset "Graham Water Park Day.jpeg" (no re-upload).
2026-09-05T07:45:51.276Z [f9d3cda6-3b27-4ec6-8bc2-c40da75a03cb][96752e9b-4bb0-44a2-ab26-bc1d01993a59] Ref image 3/6: saved 653843 bytes (image/jpeg) as "Graham Water Park Day.jpeg"
2026-09-05T07:45:51.280Z [f9d3cda6-3b27-4ec6-8bc2-c40da75a03cb][96752e9b-4bb0-44a2-ab26-bc1d01993a59] Ref image 3/6: attaching reference image...
2026-09-05T07:45:52.551Z [8728dd6c-650e-437c-8e3f-2894bdf55296][96752e9b-4bb0-44a2-ab26-bc1d01993a59] Ref image 3/6: chips 2→3 ✓
2026-09-05T07:45:52.607Z [8649d3ed-71ce-450b-9274-a598c6543a38][96752e9b-4bb0-44a2-ab26-bc1d01993a59] Ref image 3/8: reusing library asset "Elara Water Park Day.jpeg" (no re-upload).
2026-09-05T07:45:53.278Z [f9d3cda6-3b27-4ec6-8bc2-c40da75a03cb][96752e9b-4bb0-44a2-ab26-bc1d01993a59] Ref image 3/6: reusing library asset "Graham Water Park Day.jpeg" (no re-upload).
2026-09-05T07:45:53.714Z [8728dd6c-650e-437c-8e3f-2894bdf55296][96752e9b-4bb0-44a2-ab26-bc1d01993a59] Ref image 4/6: downloading from URL...
2026-09-05T07:45:54.181Z [8728dd6c-650e-437c-8e3f-2894bdf55296][96752e9b-4bb0-44a2-ab26-bc1d01993a59] Ref image 4/6: saved 549605 bytes (image/jpeg) as "Elara Water Park Day.jpeg"
2026-09-05T07:45:54.186Z [8728dd6c-650e-437c-8e3f-2894bdf55296][96752e9b-4bb0-44a2-ab26-bc1d01993a59] Ref image 4/6: attaching reference image...
2026-09-05T07:45:54.600Z [a342d9e8-7a26-4d46-9af4-393bca3a88ca][96752e9b-4bb0-44a2-ab26-bc1d01993a59] Ref image 3/6: chips 2→3 ✓
2026-09-05T07:45:56.178Z [8728dd6c-650e-437c-8e3f-2894bdf55296][96752e9b-4bb0-44a2-ab26-bc1d01993a59] Ref image 4/6: reusing library asset "Elara Water Park Day.jpeg" (no re-upload).
2026-09-05T07:45:56.206Z [a342d9e8-7a26-4d46-9af4-393bca3a88ca][96752e9b-4bb0-44a2-ab26-bc1d01993a59] Ref image 4/6: downloading from URL...
2026-09-05T07:45:56.502Z [8649d3ed-71ce-450b-9274-a598c6543a38][96752e9b-4bb0-44a2-ab26-bc1d01993a59] Ref image 3/8: chips 2→3 ✓
2026-09-05T07:45:56.568Z [a342d9e8-7a26-4d46-9af4-393bca3a88ca][96752e9b-4bb0-44a2-ab26-bc1d01993a59] Ref image 4/6: saved 549605 bytes (image/jpeg) as "Elara Water Park Day.jpeg"
2026-09-05T07:45:56.571Z [a342d9e8-7a26-4d46-9af4-393bca3a88ca][96752e9b-4bb0-44a2-ab26-bc1d01993a59] Ref image 4/6: attaching reference image...
2026-09-05T07:45:56.651Z [f9d3cda6-3b27-4ec6-8bc2-c40da75a03cb][96752e9b-4bb0-44a2-ab26-bc1d01993a59] Ref image 3/6: chips 2→3 ✓
2026-09-05T07:45:57.915Z [f9d3cda6-3b27-4ec6-8bc2-c40da75a03cb][96752e9b-4bb0-44a2-ab26-bc1d01993a59] Ref image 4/6: downloading from URL...
2026-09-05T07:45:57.930Z [8649d3ed-71ce-450b-9274-a598c6543a38][96752e9b-4bb0-44a2-ab26-bc1d01993a59] Ref image 4/8: downloading from URL...
2026-09-05T07:45:58.301Z [8649d3ed-71ce-450b-9274-a598c6543a38][96752e9b-4bb0-44a2-ab26-bc1d01993a59] Ref image 4/8: saved 653843 bytes (image/jpeg) as "Graham Water Park Day.jpeg"
2026-09-05T07:45:58.304Z [8649d3ed-71ce-450b-9274-a598c6543a38][96752e9b-4bb0-44a2-ab26-bc1d01993a59] Ref image 4/8: attaching reference image...
2026-09-05T07:45:58.459Z [a342d9e8-7a26-4d46-9af4-393bca3a88ca][96752e9b-4bb0-44a2-ab26-bc1d01993a59] Ref image 4/6: reusing library asset "Elara Water Park Day.jpeg" (no re-upload).
2026-09-05T07:45:58.767Z [f9d3cda6-3b27-4ec6-8bc2-c40da75a03cb][96752e9b-4bb0-44a2-ab26-bc1d01993a59] Ref image 4/6: saved 549605 bytes (image/jpeg) as "Elara Water Park Day.jpeg"
2026-09-05T07:45:58.771Z [f9d3cda6-3b27-4ec6-8bc2-c40da75a03cb][96752e9b-4bb0-44a2-ab26-bc1d01993a59] Ref image 4/6: attaching reference image...
2026-09-05T07:45:59.756Z [8728dd6c-650e-437c-8e3f-2894bdf55296][96752e9b-4bb0-44a2-ab26-bc1d01993a59] Ref image 4/6: chips 3→4 ✓
2026-09-05T07:46:00.398Z [8649d3ed-71ce-450b-9274-a598c6543a38][96752e9b-4bb0-44a2-ab26-bc1d01993a59] Ref image 4/8: reusing library asset "Graham Water Park Day.jpeg" (no re-upload).
2026-09-05T07:46:00.998Z [f9d3cda6-3b27-4ec6-8bc2-c40da75a03cb][96752e9b-4bb0-44a2-ab26-bc1d01993a59] Ref image 4/6: reusing library asset "Elara Water Park Day.jpeg" (no re-upload).
2026-09-05T07:46:01.339Z [8728dd6c-650e-437c-8e3f-2894bdf55296][96752e9b-4bb0-44a2-ab26-bc1d01993a59] Ref image 5/6: downloading from URL...
2026-09-05T07:46:01.702Z [a342d9e8-7a26-4d46-9af4-393bca3a88ca][96752e9b-4bb0-44a2-ab26-bc1d01993a59] Ref image 4/6: chips 3→4 ✓
2026-09-05T07:46:01.776Z [8728dd6c-650e-437c-8e3f-2894bdf55296][96752e9b-4bb0-44a2-ab26-bc1d01993a59] Ref image 5/6: saved 489730 bytes (image/jpeg) as "Vale Family Blue Bath Towel.jpeg"
2026-09-05T07:46:01.780Z [8728dd6c-650e-437c-8e3f-2894bdf55296][96752e9b-4bb0-44a2-ab26-bc1d01993a59] Ref image 5/6: attaching reference image...
2026-09-05T07:46:03.446Z [a342d9e8-7a26-4d46-9af4-393bca3a88ca][96752e9b-4bb0-44a2-ab26-bc1d01993a59] Ref image 5/6: downloading from URL...
2026-09-05T07:46:03.644Z [8649d3ed-71ce-450b-9274-a598c6543a38][96752e9b-4bb0-44a2-ab26-bc1d01993a59] Ref image 4/8: chips 3→4 ✓
2026-09-05T07:46:03.818Z [8728dd6c-650e-437c-8e3f-2894bdf55296][96752e9b-4bb0-44a2-ab26-bc1d01993a59] Ref image 5/6: reusing library asset "Vale Family Blue Bath Towel.jpeg" (no re-upload).
2026-09-05T07:46:03.991Z [a342d9e8-7a26-4d46-9af4-393bca3a88ca][96752e9b-4bb0-44a2-ab26-bc1d01993a59] Ref image 5/6: saved 489730 bytes (image/jpeg) as "Vale Family Blue Bath Towel.jpeg"
2026-09-05T07:46:03.995Z [a342d9e8-7a26-4d46-9af4-393bca3a88ca][96752e9b-4bb0-44a2-ab26-bc1d01993a59] Ref image 5/6: attaching reference image...
2026-09-05T07:46:04.684Z [8649d3ed-71ce-450b-9274-a598c6543a38][96752e9b-4bb0-44a2-ab26-bc1d01993a59] Ref image 5/8: downloading from URL...
2026-09-05T07:46:04.691Z [f9d3cda6-3b27-4ec6-8bc2-c40da75a03cb][96752e9b-4bb0-44a2-ab26-bc1d01993a59] Ref image 4/6: chips 3→4 ✓
2026-09-05T07:46:05.082Z [8649d3ed-71ce-450b-9274-a598c6543a38][96752e9b-4bb0-44a2-ab26-bc1d01993a59] Ref image 5/8: saved 489730 bytes (image/jpeg) as "Vale Family Blue Bath Towel.jpeg"
2026-09-05T07:46:05.086Z [8649d3ed-71ce-450b-9274-a598c6543a38][96752e9b-4bb0-44a2-ab26-bc1d01993a59] Ref image 5/8: attaching reference image...
2026-09-05T07:46:05.925Z [f9d3cda6-3b27-4ec6-8bc2-c40da75a03cb][96752e9b-4bb0-44a2-ab26-bc1d01993a59] Ref image 5/6: downloading from URL...
2026-09-05T07:46:05.978Z [a342d9e8-7a26-4d46-9af4-393bca3a88ca][96752e9b-4bb0-44a2-ab26-bc1d01993a59] Ref image 5/6: reusing library asset "Vale Family Blue Bath Towel.jpeg" (no re-upload).
2026-09-05T07:46:06.501Z [f9d3cda6-3b27-4ec6-8bc2-c40da75a03cb][96752e9b-4bb0-44a2-ab26-bc1d01993a59] Ref image 5/6: saved 489730 bytes (image/jpeg) as "Vale Family Blue Bath Towel.jpeg"
2026-09-05T07:46:06.504Z [f9d3cda6-3b27-4ec6-8bc2-c40da75a03cb][96752e9b-4bb0-44a2-ab26-bc1d01993a59] Ref image 5/6: attaching reference image...
2026-09-05T07:46:06.849Z [8649d3ed-71ce-450b-9274-a598c6543a38][96752e9b-4bb0-44a2-ab26-bc1d01993a59] Ref image 5/8: "Vale Family Blue Bath Towel.jpeg" not in the library yet — uploading it first.
2026-09-05T07:46:07.381Z [8728dd6c-650e-437c-8e3f-2894bdf55296][96752e9b-4bb0-44a2-ab26-bc1d01993a59] Ref image 5/6: chips 4→5 ✓
2026-09-05T07:46:08.095Z [a342d9e8-7a26-4d46-9af4-393bca3a88ca][96752e9b-4bb0-44a2-ab26-bc1d01993a59] Ref image 5/6: "Add to prompt" button not found.
2026-09-05T07:46:08.336Z [8728dd6c-650e-437c-8e3f-2894bdf55296][96752e9b-4bb0-44a2-ab26-bc1d01993a59] Ref image 6/6: downloading from URL...
2026-09-05T07:46:08.658Z [f9d3cda6-3b27-4ec6-8bc2-c40da75a03cb][96752e9b-4bb0-44a2-ab26-bc1d01993a59] Ref image 5/6: "Vale Family Blue Bath Towel.jpeg" not in the library yet — uploading it first.
2026-09-05T07:46:08.776Z [8728dd6c-650e-437c-8e3f-2894bdf55296][96752e9b-4bb0-44a2-ab26-bc1d01993a59] Ref image 6/6: saved 926103 bytes (image/jpeg) as "Verdant Family Water Park Master.jpeg"
2026-09-05T07:46:08.780Z [8728dd6c-650e-437c-8e3f-2894bdf55296][96752e9b-4bb0-44a2-ab26-bc1d01993a59] Ref image 6/6: attaching reference image...
2026-09-05T07:46:09.738Z [a342d9e8-7a26-4d46-9af4-393bca3a88ca][96752e9b-4bb0-44a2-ab26-bc1d01993a59] Ref image 6/6: downloading from URL...
2026-09-05T07:46:10.146Z [a342d9e8-7a26-4d46-9af4-393bca3a88ca][96752e9b-4bb0-44a2-ab26-bc1d01993a59] Ref image 6/6: saved 926103 bytes (image/jpeg) as "Verdant Family Water Park Master.jpeg"
2026-09-05T07:46:10.150Z [a342d9e8-7a26-4d46-9af4-393bca3a88ca][96752e9b-4bb0-44a2-ab26-bc1d01993a59] Ref image 6/6: attaching reference image...
2026-09-05T07:46:10.594Z [8649d3ed-71ce-450b-9274-a598c6543a38][96752e9b-4bb0-44a2-ab26-bc1d01993a59] Ref image 5/8: uploading "Vale Family Blue Bath Towel.jpeg" to the project library...
2026-09-05T07:46:10.783Z [8728dd6c-650e-437c-8e3f-2894bdf55296][96752e9b-4bb0-44a2-ab26-bc1d01993a59] Ref image 6/6: reusing library asset "Verdant Family Water Park Master.jpeg" (no re-upload).
2026-09-05T07:46:11.759Z [8649d3ed-71ce-450b-9274-a598c6543a38][96752e9b-4bb0-44a2-ab26-bc1d01993a59] Ref image 5/8: upload finished ✓
2026-09-05T07:46:12.154Z [a342d9e8-7a26-4d46-9af4-393bca3a88ca][96752e9b-4bb0-44a2-ab26-bc1d01993a59] Ref image 6/6: reusing library asset "Verdant Family Water Park Master.jpeg" (no re-upload).
2026-09-05T07:46:12.189Z [f9d3cda6-3b27-4ec6-8bc2-c40da75a03cb][96752e9b-4bb0-44a2-ab26-bc1d01993a59] Ref image 5/6: uploading "Vale Family Blue Bath Towel.jpeg" to the project library...
2026-09-05T07:46:13.274Z [f9d3cda6-3b27-4ec6-8bc2-c40da75a03cb][96752e9b-4bb0-44a2-ab26-bc1d01993a59] Ref image 5/6: upload finished ✓
2026-09-05T07:46:13.851Z [8728dd6c-650e-437c-8e3f-2894bdf55296][96752e9b-4bb0-44a2-ab26-bc1d01993a59] Ref image 6/6: chips 5→6 ✓
2026-09-05T07:46:13.859Z [8728dd6c-650e-437c-8e3f-2894bdf55296][96752e9b-4bb0-44a2-ab26-bc1d01993a59] Entering prompt...
2026-09-05T07:46:15.305Z [8728dd6c-650e-437c-8e3f-2894bdf55296][96752e9b-4bb0-44a2-ab26-bc1d01993a59] Prompt is 2148 chars — typing it in 30 chunk(s).
2026-09-05T07:46:15.560Z [a342d9e8-7a26-4d46-9af4-393bca3a88ca][96752e9b-4bb0-44a2-ab26-bc1d01993a59] Ref image 6/6: chips 5→6 ✓
2026-09-05T07:46:15.576Z [a342d9e8-7a26-4d46-9af4-393bca3a88ca][96752e9b-4bb0-44a2-ab26-bc1d01993a59] [WARN] Only 5/6 reference image(s) attached.
2026-09-05T07:46:15.577Z [a342d9e8-7a26-4d46-9af4-393bca3a88ca][96752e9b-4bb0-44a2-ab26-bc1d01993a59] Entering prompt...
2026-09-05T07:46:17.121Z [a342d9e8-7a26-4d46-9af4-393bca3a88ca][96752e9b-4bb0-44a2-ab26-bc1d01993a59] Prompt is 2125 chars — typing it in 30 chunk(s).
2026-09-05T07:46:20.876Z [8649d3ed-71ce-450b-9274-a598c6543a38][96752e9b-4bb0-44a2-ab26-bc1d01993a59] Ref image 5/8: chips 4→5 ✓
2026-09-05T07:46:22.380Z [8649d3ed-71ce-450b-9274-a598c6543a38][96752e9b-4bb0-44a2-ab26-bc1d01993a59] Ref image 6/8: downloading from URL...
2026-09-05T07:46:22.732Z [8649d3ed-71ce-450b-9274-a598c6543a38][96752e9b-4bb0-44a2-ab26-bc1d01993a59] Ref image 6/8: saved 287414 bytes (image/jpeg) as "Verdant Water Park Dark Brown Rest Bench.jpeg"
2026-09-05T07:46:22.740Z [8649d3ed-71ce-450b-9274-a598c6543a38][96752e9b-4bb0-44a2-ab26-bc1d01993a59] Ref image 6/8: attaching reference image...
2026-09-05T07:46:23.399Z [f9d3cda6-3b27-4ec6-8bc2-c40da75a03cb][96752e9b-4bb0-44a2-ab26-bc1d01993a59] Ref image 5/6: chips 4→5 ✓
2026-09-05T07:46:24.499Z [f9d3cda6-3b27-4ec6-8bc2-c40da75a03cb][96752e9b-4bb0-44a2-ab26-bc1d01993a59] Ref image 6/6: downloading from URL...
2026-09-05T07:46:24.851Z [8649d3ed-71ce-450b-9274-a598c6543a38][96752e9b-4bb0-44a2-ab26-bc1d01993a59] Ref image 6/8: reusing library asset "Verdant Water Park Dark Brown Rest Bench.jpeg" (no re-upload).
2026-09-05T07:46:25.518Z [f9d3cda6-3b27-4ec6-8bc2-c40da75a03cb][96752e9b-4bb0-44a2-ab26-bc1d01993a59] Ref image 6/6: saved 926103 bytes (image/jpeg) as "Verdant Family Water Park Master.jpeg"
2026-09-05T07:46:25.523Z [f9d3cda6-3b27-4ec6-8bc2-c40da75a03cb][96752e9b-4bb0-44a2-ab26-bc1d01993a59] Ref image 6/6: attaching reference image...
2026-09-05T07:46:27.758Z [f9d3cda6-3b27-4ec6-8bc2-c40da75a03cb][96752e9b-4bb0-44a2-ab26-bc1d01993a59] Ref image 6/6: reusing library asset "Verdant Family Water Park Master.jpeg" (no re-upload).
2026-09-05T07:46:28.410Z [8649d3ed-71ce-450b-9274-a598c6543a38][96752e9b-4bb0-44a2-ab26-bc1d01993a59] Ref image 6/8: chips 5→6 ✓
2026-09-05T07:46:29.399Z [8728dd6c-650e-437c-8e3f-2894bdf55296][96752e9b-4bb0-44a2-ab26-bc1d01993a59] Prompt insert attempt 1: editor has 2095 chars (want ~2141) ✓
2026-09-05T07:46:29.415Z [8649d3ed-71ce-450b-9274-a598c6543a38][96752e9b-4bb0-44a2-ab26-bc1d01993a59] Ref image 7/8: downloading from URL...
2026-09-05T07:46:29.760Z [8649d3ed-71ce-450b-9274-a598c6543a38][96752e9b-4bb0-44a2-ab26-bc1d01993a59] Ref image 7/8: saved 289545 bytes (image/jpeg) as "Graham Family Smartphone.jpeg"
2026-09-05T07:46:29.763Z [8649d3ed-71ce-450b-9274-a598c6543a38][96752e9b-4bb0-44a2-ab26-bc1d01993a59] Ref image 7/8: attaching reference image...
2026-09-05T07:46:30.525Z [a342d9e8-7a26-4d46-9af4-393bca3a88ca][96752e9b-4bb0-44a2-ab26-bc1d01993a59] Prompt insert attempt 1: editor has 2072 chars (want ~2118) ✓
2026-09-05T07:46:31.003Z [f9d3cda6-3b27-4ec6-8bc2-c40da75a03cb][96752e9b-4bb0-44a2-ab26-bc1d01993a59] Ref image 6/6: chips 5→6 ✓
2026-09-05T07:46:31.012Z [f9d3cda6-3b27-4ec6-8bc2-c40da75a03cb][96752e9b-4bb0-44a2-ab26-bc1d01993a59] Entering prompt...
2026-09-05T07:46:31.222Z [8728dd6c-650e-437c-8e3f-2894bdf55296][96752e9b-4bb0-44a2-ab26-bc1d01993a59] Baseline: 49 pre-existing media tile(s) of 49 mounted (kinds: image,image,image,image,image,image,image,image,image,image,image,image,image,image,image,image,image,image,image,image,image,image,image,image,image,image,image,image,image,image,image,image,image,image,image,image,image,image,image,image,image,image,image,image,image,image,image,image,image).
2026-09-05T07:46:32.312Z [8649d3ed-71ce-450b-9274-a598c6543a38][96752e9b-4bb0-44a2-ab26-bc1d01993a59] Ref image 7/8: reusing library asset "Graham Family Smartphone.jpeg" (no re-upload).
2026-09-05T07:46:32.565Z [a342d9e8-7a26-4d46-9af4-393bca3a88ca][96752e9b-4bb0-44a2-ab26-bc1d01993a59] Baseline: 48 pre-existing media tile(s) of 48 mounted (kinds: image,image,image,image,image,image,image,image,image,image,image,image,image,image,image,image,image,image,image,image,image,image,image,image,image,image,image,image,image,image,image,image,image,image,image,image,image,image,image,image,image,image,image,image,image,image,image,image).
2026-09-05T07:46:32.935Z [f9d3cda6-3b27-4ec6-8bc2-c40da75a03cb][96752e9b-4bb0-44a2-ab26-bc1d01993a59] Prompt is 2107 chars — typing it in 31 chunk(s).
2026-09-05T07:46:33.233Z [8728dd6c-650e-437c-8e3f-2894bdf55296][96752e9b-4bb0-44a2-ab26-bc1d01993a59] [submit] confirmed (editor "What do you want to ", fresh tile=true).
2026-09-05T07:46:33.744Z [8728dd6c-650e-437c-8e3f-2894bdf55296][96752e9b-4bb0-44a2-ab26-bc1d01993a59] Current Workspace project URL: https://flow.google.com/project/cae2bf2b-d1b8-40f9-a300-9f2aa6276ea5?hl=en
2026-09-05T07:46:33.745Z [8728dd6c-650e-437c-8e3f-2894bdf55296][96752e9b-4bb0-44a2-ab26-bc1d01993a59] Submitted ✓ Detecting batch size...
2026-09-05T07:46:33.757Z [8728dd6c-650e-437c-8e3f-2894bdf55296][96752e9b-4bb0-44a2-ab26-bc1d01993a59] New tile(s) since submit: 0 → 4 (mounted=50)
2026-09-05T07:46:34.466Z [a342d9e8-7a26-4d46-9af4-393bca3a88ca][96752e9b-4bb0-44a2-ab26-bc1d01993a59] [submit] confirmed (editor "What do you want to ", fresh tile=true).
2026-09-05T07:46:34.986Z [a342d9e8-7a26-4d46-9af4-393bca3a88ca][96752e9b-4bb0-44a2-ab26-bc1d01993a59] Current Workspace project URL: https://flow.google.com/project/cd81a7d3-c989-419e-891a-f8694174cb85?hl=en
2026-09-05T07:46:34.986Z [a342d9e8-7a26-4d46-9af4-393bca3a88ca][96752e9b-4bb0-44a2-ab26-bc1d01993a59] Submitted ✓ Detecting batch size...
2026-09-05T07:46:35.003Z [a342d9e8-7a26-4d46-9af4-393bca3a88ca][96752e9b-4bb0-44a2-ab26-bc1d01993a59] New tile(s) since submit: 0 → 4 (mounted=50)
2026-09-05T07:46:35.452Z [8649d3ed-71ce-450b-9274-a598c6543a38][96752e9b-4bb0-44a2-ab26-bc1d01993a59] Ref image 7/8: chips 6→7 ✓
2026-09-05T07:46:36.674Z [8649d3ed-71ce-450b-9274-a598c6543a38][96752e9b-4bb0-44a2-ab26-bc1d01993a59] Ref image 8/8: downloading from URL...
2026-09-05T07:46:37.062Z [8649d3ed-71ce-450b-9274-a598c6543a38][96752e9b-4bb0-44a2-ab26-bc1d01993a59] Ref image 8/8: saved 926103 bytes (image/jpeg) as "Verdant Family Water Park Master.jpeg"
2026-09-05T07:46:37.067Z [8649d3ed-71ce-450b-9274-a598c6543a38][96752e9b-4bb0-44a2-ab26-bc1d01993a59] Ref image 8/8: attaching reference image...
2026-09-05T07:46:37.936Z [8728dd6c-650e-437c-8e3f-2894bdf55296][96752e9b-4bb0-44a2-ab26-bc1d01993a59] Batch size stabilised at 4 new tile(s)
2026-09-05T07:46:37.936Z [8728dd6c-650e-437c-8e3f-2894bdf55296][96752e9b-4bb0-44a2-ab26-bc1d01993a59] Batch detected: 4 item(s). Generating...
2026-09-05T07:46:37.937Z [8728dd6c-650e-437c-8e3f-2894bdf55296][96752e9b-4bb0-44a2-ab26-bc1d01993a59] Polling for 4 image item(s) (baseline=49, hasUpload=true)...
2026-09-05T07:46:37.947Z [8728dd6c-650e-437c-8e3f-2894bdf55296][96752e9b-4bb0-44a2-ab26-bc1d01993a59] Generating... 0 ready, 0 failed / 4 total (0s) image 34% [BỐI CẢNH] image 34% [BỐI CẢNH] image 34% [BỐI CẢNH] image 34% [BỐI CẢNH]
2026-09-05T07:46:39.109Z [8649d3ed-71ce-450b-9274-a598c6543a38][96752e9b-4bb0-44a2-ab26-bc1d01993a59] Ref image 8/8: reusing library asset "Verdant Family Water Park Master.jpeg" (no re-upload).
2026-09-05T07:46:39.134Z [a342d9e8-7a26-4d46-9af4-393bca3a88ca][96752e9b-4bb0-44a2-ab26-bc1d01993a59] Batch size stabilised at 4 new tile(s)
2026-09-05T07:46:39.135Z [a342d9e8-7a26-4d46-9af4-393bca3a88ca][96752e9b-4bb0-44a2-ab26-bc1d01993a59] Batch detected: 4 item(s). Generating...
2026-09-05T07:46:39.135Z [a342d9e8-7a26-4d46-9af4-393bca3a88ca][96752e9b-4bb0-44a2-ab26-bc1d01993a59] Polling for 4 image item(s) (baseline=48, hasUpload=true)...
2026-09-05T07:46:39.147Z [a342d9e8-7a26-4d46-9af4-393bca3a88ca][96752e9b-4bb0-44a2-ab26-bc1d01993a59] Generating... 0 ready, 0 failed / 4 total (0s) image 34% [BỐI CẢNH] image 34% [BỐI CẢNH] image 34% [BỐI CẢNH] image 34% [BỐI CẢNH]
2026-09-05T07:46:40.968Z [8728dd6c-650e-437c-8e3f-2894bdf55296][96752e9b-4bb0-44a2-ab26-bc1d01993a59] Generating... 0 ready, 0 failed / 4 total (3s) image 54% [BỐI CẢNH] image 54% [BỐI CẢNH] image 54% [BỐI CẢNH] image 54% [BỐI CẢNH]
2026-09-05T07:46:42.170Z [a342d9e8-7a26-4d46-9af4-393bca3a88ca][96752e9b-4bb0-44a2-ab26-bc1d01993a59] Generating... 0 ready, 0 failed / 4 total (3s) image 54% [BỐI CẢNH] image 54% [BỐI CẢNH] image 54% [BỐI CẢNH] image 54% [BỐI CẢNH]
2026-09-05T07:46:42.532Z [8649d3ed-71ce-450b-9274-a598c6543a38][96752e9b-4bb0-44a2-ab26-bc1d01993a59] Ref image 8/8: chips 7→8 ✓
2026-09-05T07:46:42.542Z [8649d3ed-71ce-450b-9274-a598c6543a38][96752e9b-4bb0-44a2-ab26-bc1d01993a59] Entering prompt...
2026-09-05T07:46:43.991Z [8728dd6c-650e-437c-8e3f-2894bdf55296][96752e9b-4bb0-44a2-ab26-bc1d01993a59] Generating... 0 ready, 0 failed / 4 total (6s) image 74% [BỐI CẢNH] image 74% [BỐI CẢNH] image 74% [BỐI CẢNH] image 74% [BỐI CẢNH]
2026-09-05T07:46:44.362Z [8649d3ed-71ce-450b-9274-a598c6543a38][96752e9b-4bb0-44a2-ab26-bc1d01993a59] Prompt is 2347 chars — typing it in 33 chunk(s).
2026-09-05T07:46:45.196Z [a342d9e8-7a26-4d46-9af4-393bca3a88ca][96752e9b-4bb0-44a2-ab26-bc1d01993a59] Generating... 0 ready, 0 failed / 4 total (6s) image 74% [BỐI CẢNH] image 74% [BỐI CẢNH] image 74% [BỐI CẢNH] image 74% [BỐI CẢNH]
2026-09-05T07:46:47.003Z [8728dd6c-650e-437c-8e3f-2894bdf55296][96752e9b-4bb0-44a2-ab26-bc1d01993a59] Generating... 0 ready, 0 failed / 4 total (9s) image 94% [BỐI CẢNH] image 94% [BỐI CẢNH] image 94% [BỐI CẢNH] image 94% [BỐI CẢNH]
2026-09-05T07:46:47.258Z [f9d3cda6-3b27-4ec6-8bc2-c40da75a03cb][96752e9b-4bb0-44a2-ab26-bc1d01993a59] Prompt insert attempt 1: editor has 2054 chars (want ~2100) ✓
2026-09-05T07:46:48.211Z [a342d9e8-7a26-4d46-9af4-393bca3a88ca][96752e9b-4bb0-44a2-ab26-bc1d01993a59] Generating... 0 ready, 0 failed / 4 total (9s) image 94% [BỐI CẢNH] image 94% [BỐI CẢNH] image 94% [BỐI CẢNH] image 94% [BỐI CẢNH]
2026-09-05T07:46:49.483Z [f9d3cda6-3b27-4ec6-8bc2-c40da75a03cb][96752e9b-4bb0-44a2-ab26-bc1d01993a59] Baseline: 48 pre-existing media tile(s) of 48 mounted (kinds: image,image,image,image,image,image,image,image,image,image,image,image,image,image,image,image,image,image,image,image,image,image,image,image,image,image,image,image,image,image,image,image,image,image,image,image,image,image,image,image,image,image,image,image,image,image,image,image).
2026-09-05T07:46:50.014Z [8728dd6c-650e-437c-8e3f-2894bdf55296][96752e9b-4bb0-44a2-ab26-bc1d01993a59] Generating... 0 ready, 0 failed / 4 total (12s) image 99% [BỐI CẢNH] image 99% [BỐI CẢNH] image 99% [BỐI CẢNH] image 99% [BỐI CẢNH]
2026-09-05T07:46:51.232Z [a342d9e8-7a26-4d46-9af4-393bca3a88ca][96752e9b-4bb0-44a2-ab26-bc1d01993a59] Generating... 0 ready, 0 failed / 4 total (12s) image 99% [BỐI CẢNH] image 99% [BỐI CẢNH] image 99% [BỐI CẢNH] image 99% [BỐI CẢNH]
2026-09-05T07:46:51.746Z [f9d3cda6-3b27-4ec6-8bc2-c40da75a03cb][96752e9b-4bb0-44a2-ab26-bc1d01993a59] [submit] confirmed (editor "What do you want to ", fresh tile=true).
2026-09-05T07:46:52.423Z [f9d3cda6-3b27-4ec6-8bc2-c40da75a03cb][96752e9b-4bb0-44a2-ab26-bc1d01993a59] Current Workspace project URL: https://flow.google.com/project/c2a607c5-d833-4be1-8108-407b74d4ed85?hl=en
2026-09-05T07:46:52.424Z [f9d3cda6-3b27-4ec6-8bc2-c40da75a03cb][96752e9b-4bb0-44a2-ab26-bc1d01993a59] Submitted ✓ Detecting batch size...
2026-09-05T07:46:52.443Z [f9d3cda6-3b27-4ec6-8bc2-c40da75a03cb][96752e9b-4bb0-44a2-ab26-bc1d01993a59] New tile(s) since submit: 0 → 4 (mounted=49)
2026-09-05T07:46:53.027Z [8728dd6c-650e-437c-8e3f-2894bdf55296][96752e9b-4bb0-44a2-ab26-bc1d01993a59] Generating... 0 ready, 0 failed / 4 total (15s) image 99% [BỐI CẢNH] image 99% [BỐI CẢNH] image 99% [BỐI CẢNH] image 99% [BỐI CẢNH]
2026-09-05T07:46:54.254Z [a342d9e8-7a26-4d46-9af4-393bca3a88ca][96752e9b-4bb0-44a2-ab26-bc1d01993a59] Generating... 0 ready, 0 failed / 4 total (15s) image 99% [BỐI CẢNH] image 99% [BỐI CẢNH] image 99% [BỐI CẢNH] image 99% [BỐI CẢNH]
2026-09-05T07:46:56.043Z [8728dd6c-650e-437c-8e3f-2894bdf55296][96752e9b-4bb0-44a2-ab26-bc1d01993a59] Generating... 0 ready, 0 failed / 4 total (18s) image 99% [BỐI CẢNH] image 99% [BỐI CẢNH] image 99% [BỐI CẢNH] image 99% [BỐI CẢNH]
2026-09-05T07:46:56.590Z [f9d3cda6-3b27-4ec6-8bc2-c40da75a03cb][96752e9b-4bb0-44a2-ab26-bc1d01993a59] Batch size stabilised at 4 new tile(s)
2026-09-05T07:46:56.590Z [f9d3cda6-3b27-4ec6-8bc2-c40da75a03cb][96752e9b-4bb0-44a2-ab26-bc1d01993a59] Batch detected: 4 item(s). Generating...
2026-09-05T07:46:56.591Z [f9d3cda6-3b27-4ec6-8bc2-c40da75a03cb][96752e9b-4bb0-44a2-ab26-bc1d01993a59] Polling for 4 image item(s) (baseline=48, hasUpload=true)...
2026-09-05T07:46:56.604Z [f9d3cda6-3b27-4ec6-8bc2-c40da75a03cb][96752e9b-4bb0-44a2-ab26-bc1d01993a59] Generating... 0 ready, 0 failed / 4 total (0s) image 34% [BỐI CẢNH] image 34% [BỐI CẢNH] image 34% [BỐI CẢNH] image 34% [BỐI CẢNH]
2026-09-05T07:46:57.269Z [a342d9e8-7a26-4d46-9af4-393bca3a88ca][96752e9b-4bb0-44a2-ab26-bc1d01993a59] Generating... 0 ready, 0 failed / 4 total (18s) image 99% [BỐI CẢNH] image 99% [BỐI CẢNH] image 99% [BỐI CẢNH] image 99% [BỐI CẢNH]
2026-09-05T07:46:59.059Z [8728dd6c-650e-437c-8e3f-2894bdf55296][96752e9b-4bb0-44a2-ab26-bc1d01993a59] Generating... 0 ready, 0 failed / 4 total (21s) image 99% [BỐI CẢNH] image 99% [BỐI CẢNH] image 99% [BỐI CẢNH] image 99% [BỐI CẢNH]
2026-09-05T07:46:59.618Z [f9d3cda6-3b27-4ec6-8bc2-c40da75a03cb][96752e9b-4bb0-44a2-ab26-bc1d01993a59] Generating... 0 ready, 0 failed / 4 total (3s) image 54% [BỐI CẢNH] image 54% [BỐI CẢNH] image 54% [BỐI CẢNH] image 54% [BỐI CẢNH]
2026-09-05T07:46:59.731Z [8649d3ed-71ce-450b-9274-a598c6543a38][96752e9b-4bb0-44a2-ab26-bc1d01993a59] Prompt insert attempt 1: editor has 2292 chars (want ~2340) ✓
2026-09-05T07:47:00.285Z [a342d9e8-7a26-4d46-9af4-393bca3a88ca][96752e9b-4bb0-44a2-ab26-bc1d01993a59] Generating... 0 ready, 0 failed / 4 total (21s) image 99% [BỐI CẢNH] image 99% [BỐI CẢNH] image 99% [BỐI CẢNH] image 99% [BỐI CẢNH]
2026-09-05T07:47:01.734Z [8649d3ed-71ce-450b-9274-a598c6543a38][96752e9b-4bb0-44a2-ab26-bc1d01993a59] Baseline: 48 pre-existing media tile(s) of 48 mounted (kinds: image,image,image,image,image,image,image,image,image,image,image,image,image,image,image,image,image,image,image,image,image,image,image,image,image,image,image,image,image,image,image,image,image,image,image,image,image,image,image,image,image,image,image,image,image,video,video,image).
2026-09-05T07:47:02.074Z [8728dd6c-650e-437c-8e3f-2894bdf55296][96752e9b-4bb0-44a2-ab26-bc1d01993a59] Generating... 0 ready, 0 failed / 4 total (24s) image 99% [BỐI CẢNH] image 99% [BỐI CẢNH] image 99% [BỐI CẢNH] image 99% [BỐI CẢNH]
2026-09-05T07:47:02.637Z [f9d3cda6-3b27-4ec6-8bc2-c40da75a03cb][96752e9b-4bb0-44a2-ab26-bc1d01993a59] Generating... 0 ready, 0 failed / 4 total (6s) image 74% [BỐI CẢNH] image 74% [BỐI CẢNH] image 74% [BỐI CẢNH] image 74% [BỐI CẢNH]
2026-09-05T07:47:03.303Z [a342d9e8-7a26-4d46-9af4-393bca3a88ca][96752e9b-4bb0-44a2-ab26-bc1d01993a59] Generating... 0 ready, 0 failed / 4 total (24s) image 99% [BỐI CẢNH] image 99% [BỐI CẢNH] image 99% [BỐI CẢNH] image 99% [BỐI CẢNH]
2026-09-05T07:47:03.809Z [8649d3ed-71ce-450b-9274-a598c6543a38][96752e9b-4bb0-44a2-ab26-bc1d01993a59] [submit] confirmed (editor "What do you want to ", fresh tile=true).
2026-09-05T07:47:04.424Z [8649d3ed-71ce-450b-9274-a598c6543a38][96752e9b-4bb0-44a2-ab26-bc1d01993a59] Current Workspace project URL: https://flow.google.com/project/33ca2cc2-c9ff-4bb6-9048-2a7af1dfcfee?hl=en
2026-09-05T07:47:04.425Z [8649d3ed-71ce-450b-9274-a598c6543a38][96752e9b-4bb0-44a2-ab26-bc1d01993a59] Submitted ✓ Detecting batch size...
2026-09-05T07:47:04.440Z [8649d3ed-71ce-450b-9274-a598c6543a38][96752e9b-4bb0-44a2-ab26-bc1d01993a59] New tile(s) since submit: 0 → 4 (mounted=48)
2026-09-05T07:47:05.087Z [8728dd6c-650e-437c-8e3f-2894bdf55296][96752e9b-4bb0-44a2-ab26-bc1d01993a59] Generating... 0 ready, 0 failed / 4 total (27s) image 99% [BỐI CẢNH] image 99% [BỐI CẢNH] image 99% [BỐI CẢNH] image 99% [BỐI CẢNH]
2026-09-05T07:47:05.656Z [f9d3cda6-3b27-4ec6-8bc2-c40da75a03cb][96752e9b-4bb0-44a2-ab26-bc1d01993a59] Generating... 0 ready, 0 failed / 4 total (9s) image 94% [BỐI CẢNH] image 94% [BỐI CẢNH] image 94% [BỐI CẢNH] image 94% [BỐI CẢNH]
2026-09-05T07:47:06.327Z [a342d9e8-7a26-4d46-9af4-393bca3a88ca][96752e9b-4bb0-44a2-ab26-bc1d01993a59] Generating... 0 ready, 0 failed / 4 total (27s) image 99% [BỐI CẢNH] image 99% [BỐI CẢNH] image 99% [BỐI CẢNH] image 99% [BỐI CẢNH]
2026-09-05T07:47:08.109Z [8728dd6c-650e-437c-8e3f-2894bdf55296][96752e9b-4bb0-44a2-ab26-bc1d01993a59] Generating... 0 ready, 0 failed / 4 total (30s) image 99% [BỐI CẢNH] image 99% [BỐI CẢNH] [BỐI CẢNH]Verdant Fa image 99% [BỐI CẢNH]
2026-09-05T07:47:08.659Z [8649d3ed-71ce-450b-9274-a598c6543a38][96752e9b-4bb0-44a2-ab26-bc1d01993a59] Batch size stabilised at 4 new tile(s)
2026-09-05T07:47:08.659Z [8649d3ed-71ce-450b-9274-a598c6543a38][96752e9b-4bb0-44a2-ab26-bc1d01993a59] Batch detected: 4 item(s). Generating...
2026-09-05T07:47:08.659Z [8649d3ed-71ce-450b-9274-a598c6543a38][96752e9b-4bb0-44a2-ab26-bc1d01993a59] Polling for 4 image item(s) (baseline=48, hasUpload=true)...
2026-09-05T07:47:08.677Z [8649d3ed-71ce-450b-9274-a598c6543a38][96752e9b-4bb0-44a2-ab26-bc1d01993a59] Generating... 0 ready, 0 failed / 4 total (0s) image 34% [BỐI CẢNH] image 34% [BỐI CẢNH] image 34% [BỐI CẢNH] image 34% [BỐI CẢNH]
2026-09-05T07:47:08.681Z [f9d3cda6-3b27-4ec6-8bc2-c40da75a03cb][96752e9b-4bb0-44a2-ab26-bc1d01993a59] Generating... 0 ready, 0 failed / 4 total (12s) image 99% [BỐI CẢNH] image 99% [BỐI CẢNH] image 99% [BỐI CẢNH] image 99% [BỐI CẢNH]
2026-09-05T07:47:09.354Z [a342d9e8-7a26-4d46-9af4-393bca3a88ca][96752e9b-4bb0-44a2-ab26-bc1d01993a59] Generating... 0 ready, 0 failed / 4 total (30s) image 99% [BỐI CẢNH] image 99% [BỐI CẢNH] image 99% [BỐI CẢNH] image 99% [BỐI CẢNH]
2026-09-05T07:47:11.138Z [8728dd6c-650e-437c-8e3f-2894bdf55296][96752e9b-4bb0-44a2-ab26-bc1d01993a59] Generating... 1 ready, 0 failed / 4 total (33s) [BỐI CẢNH]Verdant Fa image 99% [BỐI CẢNH] image 99% [BỐI CẢNH]
2026-09-05T07:47:11.694Z [8649d3ed-71ce-450b-9274-a598c6543a38][96752e9b-4bb0-44a2-ab26-bc1d01993a59] Generating... 0 ready, 0 failed / 4 total (3s) image 54% [BỐI CẢNH] image 54% [BỐI CẢNH] image 54% [BỐI CẢNH] image 54% [BỐI CẢNH]
2026-09-05T07:47:11.699Z [f9d3cda6-3b27-4ec6-8bc2-c40da75a03cb][96752e9b-4bb0-44a2-ab26-bc1d01993a59] Generating... 0 ready, 0 failed / 4 total (15s) image 99% [BỐI CẢNH] image 99% [BỐI CẢNH] image 99% [BỐI CẢNH] image 99% [BỐI CẢNH]
2026-09-05T07:47:12.384Z [a342d9e8-7a26-4d46-9af4-393bca3a88ca][96752e9b-4bb0-44a2-ab26-bc1d01993a59] Generating... 0 ready, 0 failed / 4 total (33s) image 99% [BỐI CẢNH] image 99% [BỐI CẢNH] image 99% [BỐI CẢNH] image 99% [BỐI CẢNH]
2026-09-05T07:47:14.151Z [8728dd6c-650e-437c-8e3f-2894bdf55296][96752e9b-4bb0-44a2-ab26-bc1d01993a59] Generating... 2 ready, 0 failed / 4 total (36s) image 99% [BỐI CẢNH] image 99% [BỐI CẢNH]
2026-09-05T07:47:14.716Z [8649d3ed-71ce-450b-9274-a598c6543a38][96752e9b-4bb0-44a2-ab26-bc1d01993a59] Generating... 0 ready, 0 failed / 4 total (6s) image 74% [BỐI CẢNH] image 74% [BỐI CẢNH] image 74% [BỐI CẢNH] image 74% [BỐI CẢNH]
2026-09-05T07:47:14.718Z [f9d3cda6-3b27-4ec6-8bc2-c40da75a03cb][96752e9b-4bb0-44a2-ab26-bc1d01993a59] Generating... 0 ready, 0 failed / 4 total (18s) image 99% [BỐI CẢNH] image 99% [BỐI CẢNH] image 99% [BỐI CẢNH] image 99% [BỐI CẢNH]
2026-09-05T07:47:15.410Z [a342d9e8-7a26-4d46-9af4-393bca3a88ca][96752e9b-4bb0-44a2-ab26-bc1d01993a59] Generating... 0 ready, 0 failed / 4 total (36s) image 99% [BỐI CẢNH] image 99% [BỐI CẢNH] image 100% [BỐI CẢNH image 99% [BỐI CẢNH]
2026-09-05T07:47:17.176Z [8728dd6c-650e-437c-8e3f-2894bdf55296][96752e9b-4bb0-44a2-ab26-bc1d01993a59] Generating... 2 ready, 0 failed / 4 total (39s) image 99% [BỐI CẢNH] [BỐI CẢNH]Verdant Fa
2026-09-05T07:47:17.741Z [8649d3ed-71ce-450b-9274-a598c6543a38][96752e9b-4bb0-44a2-ab26-bc1d01993a59] Generating... 0 ready, 0 failed / 4 total (9s) image 94% [BỐI CẢNH] image 94% [BỐI CẢNH] image 94% [BỐI CẢNH] image 94% [BỐI CẢNH]
2026-09-05T07:47:17.742Z [f9d3cda6-3b27-4ec6-8bc2-c40da75a03cb][96752e9b-4bb0-44a2-ab26-bc1d01993a59] Generating... 0 ready, 0 failed / 4 total (21s) image 99% [BỐI CẢNH] image 99% [BỐI CẢNH] image 99% [BỐI CẢNH] image 99% [BỐI CẢNH]
2026-09-05T07:47:18.426Z [a342d9e8-7a26-4d46-9af4-393bca3a88ca][96752e9b-4bb0-44a2-ab26-bc1d01993a59] Generating... 1 ready, 0 failed / 4 total (39s) image 99% [BỐI CẢNH] [BỐI CẢNH]Verdant Fa image 99% [BỐI CẢNH]
2026-09-05T07:47:20.195Z [8728dd6c-650e-437c-8e3f-2894bdf55296][96752e9b-4bb0-44a2-ab26-bc1d01993a59] Generating... 3 ready, 0 failed / 4 total (42s) image 99% [BỐI CẢNH]
2026-09-05T07:47:20.758Z [8649d3ed-71ce-450b-9274-a598c6543a38][96752e9b-4bb0-44a2-ab26-bc1d01993a59] Generating... 0 ready, 0 failed / 4 total (12s) image 99% [BỐI CẢNH] image 99% [BỐI CẢNH] image 99% [BỐI CẢNH] image 99% [BỐI CẢNH]
2026-09-05T07:47:20.761Z [f9d3cda6-3b27-4ec6-8bc2-c40da75a03cb][96752e9b-4bb0-44a2-ab26-bc1d01993a59] Generating... 0 ready, 0 failed / 4 total (24s) image 99% [BỐI CẢNH] image 99% [BỐI CẢNH] image 99% [BỐI CẢNH] image 99% [BỐI CẢNH]
2026-09-05T07:47:21.442Z [a342d9e8-7a26-4d46-9af4-393bca3a88ca][96752e9b-4bb0-44a2-ab26-bc1d01993a59] Generating... 2 ready, 0 failed / 4 total (42s) image 99% [BỐI CẢNH] image 99% [BỐI CẢNH]
2026-09-05T07:47:23.209Z [8728dd6c-650e-437c-8e3f-2894bdf55296][96752e9b-4bb0-44a2-ab26-bc1d01993a59] Generating... 3 ready, 0 failed / 4 total (45s) [BỐI CẢNH]Verdant Fa
2026-09-05T07:47:23.774Z [8649d3ed-71ce-450b-9274-a598c6543a38][96752e9b-4bb0-44a2-ab26-bc1d01993a59] Generating... 0 ready, 0 failed / 4 total (15s) image 99% [BỐI CẢNH] image 99% [BỐI CẢNH] image 99% [BỐI CẢNH] image 99% [BỐI CẢNH]
2026-09-05T07:47:23.790Z [f9d3cda6-3b27-4ec6-8bc2-c40da75a03cb][96752e9b-4bb0-44a2-ab26-bc1d01993a59] Generating... 0 ready, 0 failed / 4 total (27s) image 99% [BỐI CẢNH] image 99% [BỐI CẢNH] image 99% [BỐI CẢNH] image 99% [BỐI CẢNH]
2026-09-05T07:47:24.468Z [a342d9e8-7a26-4d46-9af4-393bca3a88ca][96752e9b-4bb0-44a2-ab26-bc1d01993a59] Generating... 2 ready, 0 failed / 4 total (45s) [BỐI CẢNH]Verdant Fa [BỐI CẢNH]Verdant Fa
2026-09-05T07:47:26.223Z [8728dd6c-650e-437c-8e3f-2894bdf55296][96752e9b-4bb0-44a2-ab26-bc1d01993a59] Generating... 4 ready, 0 failed / 4 total (48s)
2026-09-05T07:47:26.224Z [8728dd6c-650e-437c-8e3f-2894bdf55296][96752e9b-4bb0-44a2-ab26-bc1d01993a59] Batch done: 4 ready (target 4), 0 failed, scanned 4.
2026-09-05T07:47:26.224Z [8728dd6c-650e-437c-8e3f-2894bdf55296][96752e9b-4bb0-44a2-ab26-bc1d01993a59] 4 item(s) ready! Downloading...
2026-09-05T07:47:26.225Z [8728dd6c-650e-437c-8e3f-2894bdf55296][96752e9b-4bb0-44a2-ab26-bc1d01993a59] Item 1: Downloading from URL https://flow-content.google/image/2dbc7799-be78-4583-be6d-b0159fe7f8be?Expires=1788615995&KeyName=labs-flow-prod-cdn-key&Signature=Tl3k65-q7iChrV0Tr9GcxgrSEFs
2026-09-05T07:47:26.677Z [8728dd6c-650e-437c-8e3f-2894bdf55296][96752e9b-4bb0-44a2-ab26-bc1d01993a59] Downloaded 1/4: winai_2026-09-05T07-47-26_01.jpg
2026-09-05T07:47:26.678Z [8728dd6c-650e-437c-8e3f-2894bdf55296][96752e9b-4bb0-44a2-ab26-bc1d01993a59] Item 2: Downloading from URL https://flow-content.google/image/5f21eb5c-1866-49d4-a5ea-befa5ae2ad04?Expires=1788615994&KeyName=labs-flow-prod-cdn-key&Signature=HKWIEWrwAZSo6wmf5Xsie76T-bE
2026-09-05T07:47:26.797Z [8649d3ed-71ce-450b-9274-a598c6543a38][96752e9b-4bb0-44a2-ab26-bc1d01993a59] Generating... 0 ready, 0 failed / 4 total (18s) image 99% [BỐI CẢNH] image 99% [BỐI CẢNH] image 99% [BỐI CẢNH] image 99% [BỐI CẢNH]
2026-09-05T07:47:26.810Z [f9d3cda6-3b27-4ec6-8bc2-c40da75a03cb][96752e9b-4bb0-44a2-ab26-bc1d01993a59] Generating... 0 ready, 0 failed / 4 total (30s) image 99% [BỐI CẢNH] image 99% [BỐI CẢNH] image 99% [BỐI CẢNH] image 99% [BỐI CẢNH]
2026-09-05T07:47:26.852Z [8728dd6c-650e-437c-8e3f-2894bdf55296][96752e9b-4bb0-44a2-ab26-bc1d01993a59] Downloaded 2/4: winai_2026-09-05T07-47-26_02.jpg
2026-09-05T07:47:26.853Z [8728dd6c-650e-437c-8e3f-2894bdf55296][96752e9b-4bb0-44a2-ab26-bc1d01993a59] Item 3: Downloading from URL https://flow-content.google/image/2b850f8b-fbfd-40e4-b570-4b705c318354?Expires=1788615993&KeyName=labs-flow-prod-cdn-key&Signature=pGhdT1_4DKV5IRJlPusVuKrwZpQ
2026-09-05T07:47:26.943Z [8728dd6c-650e-437c-8e3f-2894bdf55296][96752e9b-4bb0-44a2-ab26-bc1d01993a59] Downloaded 3/4: winai_2026-09-05T07-47-26_03.jpg
2026-09-05T07:47:26.944Z [8728dd6c-650e-437c-8e3f-2894bdf55296][96752e9b-4bb0-44a2-ab26-bc1d01993a59] Item 4: Downloading from URL https://flow-content.google/image/d58d6407-56bf-4391-b939-637f30e2771a?Expires=1788615992&KeyName=labs-flow-prod-cdn-key&Signature=BIum-5SVMRXxzBu5WH0SAtU90xI
2026-09-05T07:47:27.059Z [8728dd6c-650e-437c-8e3f-2894bdf55296][96752e9b-4bb0-44a2-ab26-bc1d01993a59] Downloaded 4/4: winai_2026-09-05T07-47-26_04.jpg
2026-09-05T07:47:27.060Z [8728dd6c-650e-437c-8e3f-2894bdf55296][96752e9b-4bb0-44a2-ab26-bc1d01993a59] ✅ 4 item(s) saved to Downloads/Win AI Toolkit/
2026-09-05T07:47:27.334Z [8728dd6c-650e-437c-8e3f-2894bdf55296][96752e9b-4bb0-44a2-ab26-bc1d01993a59] Item 4: Uploaded → https://studio.xanhmedia.vn/uploads/2026-09/1788594447005_41bb49_96752e9b-4bb0-44a2-ab26-bc1d01993a59_872.jpg
2026-09-05T07:47:27.348Z [8728dd6c-650e-437c-8e3f-2894bdf55296][96752e9b-4bb0-44a2-ab26-bc1d01993a59] Item 2: Uploaded → https://studio.xanhmedia.vn/uploads/2026-09/1788594447013_5a9840_96752e9b-4bb0-44a2-ab26-bc1d01993a59_872.jpg
2026-09-05T07:47:27.401Z [8728dd6c-650e-437c-8e3f-2894bdf55296][96752e9b-4bb0-44a2-ab26-bc1d01993a59] Item 1: Uploaded → https://studio.xanhmedia.vn/uploads/2026-09/1788594447073_70b4a9_96752e9b-4bb0-44a2-ab26-bc1d01993a59_872.jpg
2026-09-05T07:47:27.405Z [8728dd6c-650e-437c-8e3f-2894bdf55296][96752e9b-4bb0-44a2-ab26-bc1d01993a59] Item 3: Uploaded → https://studio.xanhmedia.vn/uploads/2026-09/1788594447067_d2957d_96752e9b-4bb0-44a2-ab26-bc1d01993a59_872.jpg
2026-09-05T07:47:27.407Z [8728dd6c-650e-437c-8e3f-2894bdf55296][96752e9b-4bb0-44a2-ab26-bc1d01993a59] All done (including any 1080p upgrades). Closing Playwright browser context.
2026-09-05T07:47:27.491Z [a342d9e8-7a26-4d46-9af4-393bca3a88ca][96752e9b-4bb0-44a2-ab26-bc1d01993a59] Generating... 4 ready, 0 failed / 4 total (48s)
2026-09-05T07:47:27.491Z [a342d9e8-7a26-4d46-9af4-393bca3a88ca][96752e9b-4bb0-44a2-ab26-bc1d01993a59] Batch done: 4 ready (target 4), 0 failed, scanned 4.
2026-09-05T07:47:27.491Z [a342d9e8-7a26-4d46-9af4-393bca3a88ca][96752e9b-4bb0-44a2-ab26-bc1d01993a59] 4 item(s) ready! Downloading...
2026-09-05T07:47:27.493Z [a342d9e8-7a26-4d46-9af4-393bca3a88ca][96752e9b-4bb0-44a2-ab26-bc1d01993a59] Item 1: Downloading from URL https://flow-content.google/image/b05abaf9-f19b-4b68-9c6f-685a5d24da49?Expires=1788615996&KeyName=labs-flow-prod-cdn-key&Signature=XEAul0_FkzhZtlzhzuXVAsZNmFQ
2026-09-05T07:47:27.534Z [795ae097-da74-45b5-9bb4-83683bbc6a96][96752e9b-4bb0-44a2-ab26-bc1d01993a59] runGeneration starting: task_id=795ae097-da74-45b5-9bb4-83683bbc6a96, profile_id=96752e9b-4bb0-44a2-ab26-bc1d01993a59, target_site=google_flow
2026-09-05T07:47:27.535Z [795ae097-da74-45b5-9bb4-83683bbc6a96][96752e9b-4bb0-44a2-ab26-bc1d01993a59] Opening Playwright browser with persistent profile cookies...
2026-09-05T07:47:27.535Z [795ae097-da74-45b5-9bb4-83683bbc6a96][96752e9b-4bb0-44a2-ab26-bc1d01993a59] Browser engine: winhide (C:\Users\Admin\AppData\Roaming\com.tank.winai\winhide\chrome.exe) [hidden off-screen]
2026-09-05T07:47:27.536Z [795ae097-da74-45b5-9bb4-83683bbc6a96][96752e9b-4bb0-44a2-ab26-bc1d01993a59] Launch mode: STEALTH (raw spawn + connectOverCDP)
2026-09-05T07:47:27.937Z [a342d9e8-7a26-4d46-9af4-393bca3a88ca][96752e9b-4bb0-44a2-ab26-bc1d01993a59] Downloaded 1/4: winai_2026-09-05T07-47-27_01.jpg
2026-09-05T07:47:27.938Z [a342d9e8-7a26-4d46-9af4-393bca3a88ca][96752e9b-4bb0-44a2-ab26-bc1d01993a59] Item 2: Downloading from URL https://flow-content.google/image/f7de5c8c-5762-468b-99e1-536c8e67d03d?Expires=1788615995&KeyName=labs-flow-prod-cdn-key&Signature=i3k-iHjv3eEqx-YhT3h0w9ZEMyM
2026-09-05T07:47:28.087Z [a342d9e8-7a26-4d46-9af4-393bca3a88ca][96752e9b-4bb0-44a2-ab26-bc1d01993a59] Downloaded 2/4: winai_2026-09-05T07-47-27_02.jpg
2026-09-05T07:47:28.088Z [a342d9e8-7a26-4d46-9af4-393bca3a88ca][96752e9b-4bb0-44a2-ab26-bc1d01993a59] Item 3: Downloading from URL https://flow-content.google/image/c4163a84-5dde-4525-8866-91ac04e367a8?Expires=1788615994&KeyName=labs-flow-prod-cdn-key&Signature=0D86RZ02MNuDUrywgY9M0s52bbY
2026-09-05T07:47:28.189Z [a342d9e8-7a26-4d46-9af4-393bca3a88ca][96752e9b-4bb0-44a2-ab26-bc1d01993a59] Downloaded 3/4: winai_2026-09-05T07-47-27_03.jpg
2026-09-05T07:47:28.189Z [a342d9e8-7a26-4d46-9af4-393bca3a88ca][96752e9b-4bb0-44a2-ab26-bc1d01993a59] Item 4: Downloading from URL https://flow-content.google/image/a81fd661-62d2-4fa0-9230-38c09d91efb7?Expires=1788615994&KeyName=labs-flow-prod-cdn-key&Signature=NETDUi7KgL8Jmv89ARNaRSAQjB8
2026-09-05T07:47:28.290Z [a342d9e8-7a26-4d46-9af4-393bca3a88ca][96752e9b-4bb0-44a2-ab26-bc1d01993a59] Downloaded 4/4: winai_2026-09-05T07-47-27_04.jpg
2026-09-05T07:47:28.291Z [a342d9e8-7a26-4d46-9af4-393bca3a88ca][96752e9b-4bb0-44a2-ab26-bc1d01993a59] ✅ 4 item(s) saved to Downloads/Win AI Toolkit/
2026-09-05T07:47:28.620Z [a342d9e8-7a26-4d46-9af4-393bca3a88ca][96752e9b-4bb0-44a2-ab26-bc1d01993a59] Item 1: Uploaded → https://studio.xanhmedia.vn/uploads/2026-09/1788594448291_d73053_96752e9b-4bb0-44a2-ab26-bc1d01993a59_a34.jpg
2026-09-05T07:47:28.633Z [a342d9e8-7a26-4d46-9af4-393bca3a88ca][96752e9b-4bb0-44a2-ab26-bc1d01993a59] Item 3: Uploaded → https://studio.xanhmedia.vn/uploads/2026-09/1788594448303_dd1e64_96752e9b-4bb0-44a2-ab26-bc1d01993a59_a34.jpg
2026-09-05T07:47:28.637Z [a342d9e8-7a26-4d46-9af4-393bca3a88ca][96752e9b-4bb0-44a2-ab26-bc1d01993a59] Item 2: Uploaded → https://studio.xanhmedia.vn/uploads/2026-09/1788594448301_f7e38b_96752e9b-4bb0-44a2-ab26-bc1d01993a59_a34.jpg
2026-09-05T07:47:28.645Z [a342d9e8-7a26-4d46-9af4-393bca3a88ca][96752e9b-4bb0-44a2-ab26-bc1d01993a59] Item 4: Uploaded → https://studio.xanhmedia.vn/uploads/2026-09/1788594448307_8d734a_96752e9b-4bb0-44a2-ab26-bc1d01993a59_a34.jpg
2026-09-05T07:47:28.648Z [a342d9e8-7a26-4d46-9af4-393bca3a88ca][96752e9b-4bb0-44a2-ab26-bc1d01993a59] All done (including any 1080p upgrades). Closing Playwright browser context.
2026-09-05T07:47:29.079Z [26db0bd7-169a-4fc6-b85b-8b7a79f44854][96752e9b-4bb0-44a2-ab26-bc1d01993a59] runGeneration starting: task_id=26db0bd7-169a-4fc6-b85b-8b7a79f44854, profile_id=96752e9b-4bb0-44a2-ab26-bc1d01993a59, target_site=google_flow
2026-09-05T07:47:29.080Z [26db0bd7-169a-4fc6-b85b-8b7a79f44854][96752e9b-4bb0-44a2-ab26-bc1d01993a59] Opening Playwright browser with persistent profile cookies...
2026-09-05T07:47:29.081Z [26db0bd7-169a-4fc6-b85b-8b7a79f44854][96752e9b-4bb0-44a2-ab26-bc1d01993a59] Browser engine: winhide (C:\Users\Admin\AppData\Roaming\com.tank.winai\winhide\chrome.exe) [hidden off-screen]
2026-09-05T07:47:29.081Z [26db0bd7-169a-4fc6-b85b-8b7a79f44854][96752e9b-4bb0-44a2-ab26-bc1d01993a59] Launch mode: STEALTH (raw spawn + connectOverCDP)
2026-09-05T07:47:29.100Z [795ae097-da74-45b5-9bb4-83683bbc6a96][96752e9b-4bb0-44a2-ab26-bc1d01993a59] Exit IP: 115.74.128.9
2026-09-05T07:47:29.101Z [795ae097-da74-45b5-9bb4-83683bbc6a96][96752e9b-4bb0-44a2-ab26-bc1d01993a59] Navigating browser to Google Flow tools page...
2026-09-05T07:47:29.101Z [795ae097-da74-45b5-9bb4-83683bbc6a96][96752e9b-4bb0-44a2-ab26-bc1d01993a59] Using existing project URL: https://flow.google.com/project/cae2bf2b-d1b8-40f9-a300-9f2aa6276ea5?hl=en
2026-09-05T07:47:29.823Z [8649d3ed-71ce-450b-9274-a598c6543a38][96752e9b-4bb0-44a2-ab26-bc1d01993a59] Generating... 0 ready, 0 failed / 4 total (21s) image 99% [BỐI CẢNH] image 99% [BỐI CẢNH] image 99% [BỐI CẢNH] image 99% [BỐI CẢNH]
2026-09-05T07:47:29.866Z [f9d3cda6-3b27-4ec6-8bc2-c40da75a03cb][96752e9b-4bb0-44a2-ab26-bc1d01993a59] Generating... 0 ready, 0 failed / 4 total (33s) image 99% [BỐI CẢNH] [BỐI CẢNH]Verdant Fa image 99% [BỐI CẢNH] image 99% [BỐI CẢNH]
2026-09-05T07:47:30.071Z [795ae097-da74-45b5-9bb4-83683bbc6a96][96752e9b-4bb0-44a2-ab26-bc1d01993a59] Waiting for Google Flow...
2026-09-05T07:47:30.951Z [26db0bd7-169a-4fc6-b85b-8b7a79f44854][96752e9b-4bb0-44a2-ab26-bc1d01993a59] Exit IP: 115.74.128.9
2026-09-05T07:47:30.952Z [26db0bd7-169a-4fc6-b85b-8b7a79f44854][96752e9b-4bb0-44a2-ab26-bc1d01993a59] Navigating browser to Google Flow tools page...
2026-09-05T07:47:30.952Z [26db0bd7-169a-4fc6-b85b-8b7a79f44854][96752e9b-4bb0-44a2-ab26-bc1d01993a59] Using existing project URL: https://flow.google.com/project/cd81a7d3-c989-419e-891a-f8694174cb85?hl=en
2026-09-05T07:47:31.919Z [26db0bd7-169a-4fc6-b85b-8b7a79f44854][96752e9b-4bb0-44a2-ab26-bc1d01993a59] Waiting for Google Flow...
2026-09-05T07:47:31.989Z [795ae097-da74-45b5-9bb4-83683bbc6a96][96752e9b-4bb0-44a2-ab26-bc1d01993a59] In existing project ✓
2026-09-05T07:47:32.853Z [8649d3ed-71ce-450b-9274-a598c6543a38][96752e9b-4bb0-44a2-ab26-bc1d01993a59] Generating... 0 ready, 0 failed / 4 total (24s) image 99% [BỐI CẢNH] image 99% [BỐI CẢNH] image 99% [BỐI CẢNH] image 99% [BỐI CẢNH]
2026-09-05T07:47:32.896Z [f9d3cda6-3b27-4ec6-8bc2-c40da75a03cb][96752e9b-4bb0-44a2-ab26-bc1d01993a59] Generating... 1 ready, 0 failed / 4 total (36s) image 99% [BỐI CẢNH] image 99% [BỐI CẢNH] image 99% [BỐI CẢNH]
2026-09-05T07:47:33.047Z [795ae097-da74-45b5-9bb4-83683bbc6a96][96752e9b-4bb0-44a2-ab26-bc1d01993a59] dismissPopups: unresolved overlay(s) ["IFRAME[presentation]|btns="]
2026-09-05T07:47:33.786Z [26db0bd7-169a-4fc6-b85b-8b7a79f44854][96752e9b-4bb0-44a2-ab26-bc1d01993a59] In existing project ✓
2026-09-05T07:47:34.650Z [26db0bd7-169a-4fc6-b85b-8b7a79f44854][96752e9b-4bb0-44a2-ab26-bc1d01993a59] dismissPopups: unresolved overlay(s) ["IFRAME[presentation]|btns="]
2026-09-05T07:47:35.870Z [8649d3ed-71ce-450b-9274-a598c6543a38][96752e9b-4bb0-44a2-ab26-bc1d01993a59] Generating... 0 ready, 0 failed / 4 total (27s) image 99% [BỐI CẢNH] image 99% [BỐI CẢNH] image 99% [BỐI CẢNH] image 99% [BỐI CẢNH]
2026-09-05T07:47:35.927Z [f9d3cda6-3b27-4ec6-8bc2-c40da75a03cb][96752e9b-4bb0-44a2-ab26-bc1d01993a59] Generating... 1 ready, 0 failed / 4 total (39s) image 99% [BỐI CẢNH] [BỐI CẢNH]Verdant Fa image 99% [BỐI CẢNH]
2026-09-05T07:47:36.252Z [795ae097-da74-45b5-9bb4-83683bbc6a96][96752e9b-4bb0-44a2-ab26-bc1d01993a59] Composer ready ✓ (UI language: en)
2026-09-05T07:47:36.349Z [795ae097-da74-45b5-9bb4-83683bbc6a96][96752e9b-4bb0-44a2-ab26-bc1d01993a59] dismissPopups: unresolved overlay(s) ["DIV[]|btns=","DIV[]|btns="]
2026-09-05T07:47:36.385Z [795ae097-da74-45b5-9bb4-83683bbc6a96][96752e9b-4bb0-44a2-ab26-bc1d01993a59] Agent toggle aria-pressed=false
2026-09-05T07:47:36.385Z [795ae097-da74-45b5-9bb4-83683bbc6a96][96752e9b-4bb0-44a2-ab26-bc1d01993a59] Opening settings...
2026-09-05T07:47:38.348Z [26db0bd7-169a-4fc6-b85b-8b7a79f44854][96752e9b-4bb0-44a2-ab26-bc1d01993a59] Composer ready ✓ (UI language: en)
2026-09-05T07:47:38.406Z [26db0bd7-169a-4fc6-b85b-8b7a79f44854][96752e9b-4bb0-44a2-ab26-bc1d01993a59] dismissPopups: unresolved overlay(s) ["DIV[]|btns=","DIV[]|btns="]
2026-09-05T07:47:38.423Z [26db0bd7-169a-4fc6-b85b-8b7a79f44854][96752e9b-4bb0-44a2-ab26-bc1d01993a59] Agent toggle aria-pressed=false
2026-09-05T07:47:38.424Z [26db0bd7-169a-4fc6-b85b-8b7a79f44854][96752e9b-4bb0-44a2-ab26-bc1d01993a59] Opening settings...
2026-09-05T07:47:38.454Z [795ae097-da74-45b5-9bb4-83683bbc6a96][96752e9b-4bb0-44a2-ab26-bc1d01993a59] Configuring image settings...
2026-09-05T07:47:38.893Z [8649d3ed-71ce-450b-9274-a598c6543a38][96752e9b-4bb0-44a2-ab26-bc1d01993a59] Generating... 0 ready, 0 failed / 4 total (30s) image 99% [BỐI CẢNH] image 99% [BỐI CẢNH] image 99% [BỐI CẢNH] image 99% [BỐI CẢNH]
2026-09-05T07:47:38.956Z [f9d3cda6-3b27-4ec6-8bc2-c40da75a03cb][96752e9b-4bb0-44a2-ab26-bc1d01993a59] Generating... 2 ready, 0 failed / 4 total (42s) image 99% [BỐI CẢNH] image 99% [BỐI CẢNH]
2026-09-05T07:47:39.851Z [795ae097-da74-45b5-9bb4-83683bbc6a96][96752e9b-4bb0-44a2-ab26-bc1d01993a59] Mode: selected "image Image" ✓
2026-09-05T07:47:40.376Z [26db0bd7-169a-4fc6-b85b-8b7a79f44854][96752e9b-4bb0-44a2-ab26-bc1d01993a59] Configuring image settings...
2026-09-05T07:47:41.915Z [8649d3ed-71ce-450b-9274-a598c6543a38][96752e9b-4bb0-44a2-ab26-bc1d01993a59] Generating... 0 ready, 0 failed / 4 total (33s) image 99% [BỐI CẢNH] image 99% [BỐI CẢNH] image 99% [BỐI CẢNH] image 99% [BỐI CẢNH]
2026-09-05T07:47:41.972Z [f9d3cda6-3b27-4ec6-8bc2-c40da75a03cb][96752e9b-4bb0-44a2-ab26-bc1d01993a59] Generating... 2 ready, 0 failed / 4 total (45s) image 99% [BỐI CẢNH] image 99% [BỐI CẢNH]
2026-09-05T07:47:42.157Z [26db0bd7-169a-4fc6-b85b-8b7a79f44854][96752e9b-4bb0-44a2-ab26-bc1d01993a59] Mode: selected "image Image" ✓
2026-09-05T07:47:44.670Z [795ae097-da74-45b5-9bb4-83683bbc6a96][96752e9b-4bb0-44a2-ab26-bc1d01993a59] Model: selected "🍌 Nano Banana 2" ✓
2026-09-05T07:47:44.967Z [8649d3ed-71ce-450b-9274-a598c6543a38][96752e9b-4bb0-44a2-ab26-bc1d01993a59] Generating... 0 ready, 0 failed / 4 total (36s) [BỐI CẢNH]Verdant Fa image 99% [BỐI CẢNH] image 99% [BỐI CẢNH] image 99% [BỐI CẢNH]
2026-09-05T07:47:45.002Z [f9d3cda6-3b27-4ec6-8bc2-c40da75a03cb][96752e9b-4bb0-44a2-ab26-bc1d01993a59] Generating... 2 ready, 0 failed / 4 total (48s) image 100% [BỐI CẢNH [BỐI CẢNH]Verdant Fa
2026-09-05T07:47:45.200Z [795ae097-da74-45b5-9bb4-83683bbc6a96][96752e9b-4bb0-44a2-ab26-bc1d01993a59] Aspect ratio: "crop_16_9 16:9" already selected ✓
2026-09-05T07:47:46.601Z [795ae097-da74-45b5-9bb4-83683bbc6a96][96752e9b-4bb0-44a2-ab26-bc1d01993a59] Output count: selected "x4" ✓
2026-09-05T07:47:47.280Z [26db0bd7-169a-4fc6-b85b-8b7a79f44854][96752e9b-4bb0-44a2-ab26-bc1d01993a59] Model: selected "🍌 Nano Banana 2" ✓
2026-09-05T07:47:47.601Z [795ae097-da74-45b5-9bb4-83683bbc6a96][96752e9b-4bb0-44a2-ab26-bc1d01993a59] Ref image 1/6: downloading from URL...
2026-09-05T07:47:47.774Z [795ae097-da74-45b5-9bb4-83683bbc6a96][96752e9b-4bb0-44a2-ab26-bc1d01993a59] Downloader: no-proxy request context ready.
2026-09-05T07:47:47.990Z [8649d3ed-71ce-450b-9274-a598c6543a38][96752e9b-4bb0-44a2-ab26-bc1d01993a59] Generating... 1 ready, 0 failed / 4 total (39s) image 99% [BỐI CẢNH] image 99% [BỐI CẢNH] [BỐI CẢNH]Verdant Fa
2026-09-05T07:47:48.015Z [f9d3cda6-3b27-4ec6-8bc2-c40da75a03cb][96752e9b-4bb0-44a2-ab26-bc1d01993a59] Generating... 4 ready, 0 failed / 4 total (51s)
2026-09-05T07:47:48.015Z [f9d3cda6-3b27-4ec6-8bc2-c40da75a03cb][96752e9b-4bb0-44a2-ab26-bc1d01993a59] Batch done: 4 ready (target 4), 0 failed, scanned 4.
2026-09-05T07:47:48.016Z [f9d3cda6-3b27-4ec6-8bc2-c40da75a03cb][96752e9b-4bb0-44a2-ab26-bc1d01993a59] 4 item(s) ready! Downloading...
2026-09-05T07:47:48.017Z [f9d3cda6-3b27-4ec6-8bc2-c40da75a03cb][96752e9b-4bb0-44a2-ab26-bc1d01993a59] Item 1: Downloading from URL https://flow-content.google/image/bdb99ac9-7dc7-46c4-b174-46a70aff2ed0?Expires=1788616013&KeyName=labs-flow-prod-cdn-key&Signature=X_m3kUE8JFTgW6GpHgwOdInwKSI
2026-09-05T07:47:48.110Z [26db0bd7-169a-4fc6-b85b-8b7a79f44854][96752e9b-4bb0-44a2-ab26-bc1d01993a59] Aspect ratio: "crop_16_9 16:9" already selected ✓
2026-09-05T07:47:48.308Z [f9d3cda6-3b27-4ec6-8bc2-c40da75a03cb][96752e9b-4bb0-44a2-ab26-bc1d01993a59] Downloaded 1/4: winai_2026-09-05T07-47-48_01.jpg
2026-09-05T07:47:48.308Z [f9d3cda6-3b27-4ec6-8bc2-c40da75a03cb][96752e9b-4bb0-44a2-ab26-bc1d01993a59] Item 2: Downloading from URL https://flow-content.google/image/3456f270-35d9-4afb-8aee-f9b3348aa51d?Expires=1788616012&KeyName=labs-flow-prod-cdn-key&Signature=0-cGh1l5KpCHsSf_A6Vk_awg0co
2026-09-05T07:47:48.390Z [f9d3cda6-3b27-4ec6-8bc2-c40da75a03cb][96752e9b-4bb0-44a2-ab26-bc1d01993a59] Downloaded 2/4: winai_2026-09-05T07-47-48_02.jpg
2026-09-05T07:47:48.390Z [f9d3cda6-3b27-4ec6-8bc2-c40da75a03cb][96752e9b-4bb0-44a2-ab26-bc1d01993a59] Item 3: Downloading from URL https://flow-content.google/image/435104ea-469c-4699-9b59-0571d7f40e26?Expires=1788616011&KeyName=labs-flow-prod-cdn-key&Signature=JA4lM7i6UmDVtoU6NkVXHjJKkkM
2026-09-05T07:47:48.413Z [795ae097-da74-45b5-9bb4-83683bbc6a96][96752e9b-4bb0-44a2-ab26-bc1d01993a59] Ref image 1/6: saved 628888 bytes (image/jpeg) as "Nessa Water Park Day.jpeg"
2026-09-05T07:47:48.417Z [795ae097-da74-45b5-9bb4-83683bbc6a96][96752e9b-4bb0-44a2-ab26-bc1d01993a59] Ref image 1/6: attaching reference image...
2026-09-05T07:47:48.467Z [f9d3cda6-3b27-4ec6-8bc2-c40da75a03cb][96752e9b-4bb0-44a2-ab26-bc1d01993a59] Downloaded 3/4: winai_2026-09-05T07-47-48_03.jpg
2026-09-05T07:47:48.467Z [f9d3cda6-3b27-4ec6-8bc2-c40da75a03cb][96752e9b-4bb0-44a2-ab26-bc1d01993a59] Item 4: Downloading from URL https://flow-content.google/image/d212c2bf-0fc5-49a9-8b76-ad2bdc841252?Expires=1788616011&KeyName=labs-flow-prod-cdn-key&Signature=JhnaWxQ9xSvX1DzNl-tUiap5hxU
2026-09-05T07:47:48.537Z [f9d3cda6-3b27-4ec6-8bc2-c40da75a03cb][96752e9b-4bb0-44a2-ab26-bc1d01993a59] Downloaded 4/4: winai_2026-09-05T07-47-48_04.jpg
2026-09-05T07:47:48.538Z [f9d3cda6-3b27-4ec6-8bc2-c40da75a03cb][96752e9b-4bb0-44a2-ab26-bc1d01993a59] ✅ 4 item(s) saved to Downloads/Win AI Toolkit/
2026-09-05T07:47:48.832Z [f9d3cda6-3b27-4ec6-8bc2-c40da75a03cb][96752e9b-4bb0-44a2-ab26-bc1d01993a59] Item 3: Uploaded → https://studio.xanhmedia.vn/uploads/2026-09/1788594468503_31e77c_96752e9b-4bb0-44a2-ab26-bc1d01993a59_f9d.jpg
2026-09-05T07:47:48.838Z [f9d3cda6-3b27-4ec6-8bc2-c40da75a03cb][96752e9b-4bb0-44a2-ab26-bc1d01993a59] Item 4: Uploaded → https://studio.xanhmedia.vn/uploads/2026-09/1788594468510_e671b5_96752e9b-4bb0-44a2-ab26-bc1d01993a59_f9d.jpg
2026-09-05T07:47:48.891Z [f9d3cda6-3b27-4ec6-8bc2-c40da75a03cb][96752e9b-4bb0-44a2-ab26-bc1d01993a59] Item 2: Uploaded → https://studio.xanhmedia.vn/uploads/2026-09/1788594468555_878bc0_96752e9b-4bb0-44a2-ab26-bc1d01993a59_f9d.jpg
2026-09-05T07:47:48.902Z [f9d3cda6-3b27-4ec6-8bc2-c40da75a03cb][96752e9b-4bb0-44a2-ab26-bc1d01993a59] Item 1: Uploaded → https://studio.xanhmedia.vn/uploads/2026-09/1788594468562_399f76_96752e9b-4bb0-44a2-ab26-bc1d01993a59_f9d.jpg
2026-09-05T07:47:48.904Z [f9d3cda6-3b27-4ec6-8bc2-c40da75a03cb][96752e9b-4bb0-44a2-ab26-bc1d01993a59] All done (including any 1080p upgrades). Closing Playwright browser context.
2026-09-05T07:47:49.900Z [26db0bd7-169a-4fc6-b85b-8b7a79f44854][96752e9b-4bb0-44a2-ab26-bc1d01993a59] Output count: selected "x4" ✓
2026-09-05T07:47:50.129Z [be55d78c-0b3d-4b5f-8bc2-56f41ca3157c][96752e9b-4bb0-44a2-ab26-bc1d01993a59] runGeneration starting: task_id=be55d78c-0b3d-4b5f-8bc2-56f41ca3157c, profile_id=96752e9b-4bb0-44a2-ab26-bc1d01993a59, target_site=google_flow
2026-09-05T07:47:50.130Z [be55d78c-0b3d-4b5f-8bc2-56f41ca3157c][96752e9b-4bb0-44a2-ab26-bc1d01993a59] Opening Playwright browser with persistent profile cookies...
2026-09-05T07:47:50.130Z [be55d78c-0b3d-4b5f-8bc2-56f41ca3157c][96752e9b-4bb0-44a2-ab26-bc1d01993a59] Browser engine: winhide (C:\Users\Admin\AppData\Roaming\com.tank.winai\winhide\chrome.exe) [hidden off-screen]
2026-09-05T07:47:50.131Z [be55d78c-0b3d-4b5f-8bc2-56f41ca3157c][96752e9b-4bb0-44a2-ab26-bc1d01993a59] Launch mode: STEALTH (raw spawn + connectOverCDP)
2026-09-05T07:47:50.415Z [795ae097-da74-45b5-9bb4-83683bbc6a96][96752e9b-4bb0-44a2-ab26-bc1d01993a59] Ref image 1/6: reusing library asset "Nessa Water Park Day.jpeg" (no re-upload).
2026-09-05T07:47:50.950Z [26db0bd7-169a-4fc6-b85b-8b7a79f44854][96752e9b-4bb0-44a2-ab26-bc1d01993a59] Ref image 1/4: downloading from URL...
2026-09-05T07:47:51.053Z [8649d3ed-71ce-450b-9274-a598c6543a38][96752e9b-4bb0-44a2-ab26-bc1d01993a59] Generating... 2 ready, 0 failed / 4 total (42s) image 99% [BỐI CẢNH] image 99% [BỐI CẢNH]
2026-09-05T07:47:51.189Z [26db0bd7-169a-4fc6-b85b-8b7a79f44854][96752e9b-4bb0-44a2-ab26-bc1d01993a59] Downloader: no-proxy request context ready.
2026-09-05T07:47:51.865Z [be55d78c-0b3d-4b5f-8bc2-56f41ca3157c][96752e9b-4bb0-44a2-ab26-bc1d01993a59] Exit IP: 115.74.128.9
2026-09-05T07:47:51.865Z [be55d78c-0b3d-4b5f-8bc2-56f41ca3157c][96752e9b-4bb0-44a2-ab26-bc1d01993a59] Navigating browser to Google Flow tools page...
2026-09-05T07:47:51.865Z [be55d78c-0b3d-4b5f-8bc2-56f41ca3157c][96752e9b-4bb0-44a2-ab26-bc1d01993a59] Using existing project URL: https://flow.google.com/project/c2a607c5-d833-4be1-8108-407b74d4ed85?hl=en
2026-09-05T07:47:51.971Z [26db0bd7-169a-4fc6-b85b-8b7a79f44854][96752e9b-4bb0-44a2-ab26-bc1d01993a59] Ref image 1/4: saved 468314 bytes (image/jpeg) as "Arlo Water Park Day.jpeg"
2026-09-05T07:47:51.978Z [26db0bd7-169a-4fc6-b85b-8b7a79f44854][96752e9b-4bb0-44a2-ab26-bc1d01993a59] Ref image 1/4: attaching reference image...
2026-09-05T07:47:52.894Z [be55d78c-0b3d-4b5f-8bc2-56f41ca3157c][96752e9b-4bb0-44a2-ab26-bc1d01993a59] Waiting for Google Flow...
2026-09-05T07:47:53.915Z [795ae097-da74-45b5-9bb4-83683bbc6a96][96752e9b-4bb0-44a2-ab26-bc1d01993a59] Ref image 1/6: chips 0→1 ✓
2026-09-05T07:47:54.081Z [8649d3ed-71ce-450b-9274-a598c6543a38][96752e9b-4bb0-44a2-ab26-bc1d01993a59] Generating... 2 ready, 0 failed / 4 total (45s) [BỐI CẢNH]Verdant Fa image 99% [BỐI CẢNH]
2026-09-05T07:47:54.110Z [26db0bd7-169a-4fc6-b85b-8b7a79f44854][96752e9b-4bb0-44a2-ab26-bc1d01993a59] Ref image 1/4: reusing library asset "Arlo Water Park Day.jpeg" (no re-upload).
2026-09-05T07:47:54.446Z [be55d78c-0b3d-4b5f-8bc2-56f41ca3157c][96752e9b-4bb0-44a2-ab26-bc1d01993a59] In existing project ✓
2026-09-05T07:47:55.086Z [795ae097-da74-45b5-9bb4-83683bbc6a96][96752e9b-4bb0-44a2-ab26-bc1d01993a59] Ref image 2/6: downloading from URL...
2026-09-05T07:47:55.596Z [be55d78c-0b3d-4b5f-8bc2-56f41ca3157c][96752e9b-4bb0-44a2-ab26-bc1d01993a59] dismissPopups: unresolved overlay(s) ["IFRAME[presentation]|btns="]
2026-09-05T07:47:56.110Z [795ae097-da74-45b5-9bb4-83683bbc6a96][96752e9b-4bb0-44a2-ab26-bc1d01993a59] Ref image 2/6: saved 468314 bytes (image/jpeg) as "Arlo Water Park Day.jpeg"
2026-09-05T07:47:56.116Z [795ae097-da74-45b5-9bb4-83683bbc6a96][96752e9b-4bb0-44a2-ab26-bc1d01993a59] Ref image 2/6: attaching reference image...
2026-09-05T07:47:57.110Z [8649d3ed-71ce-450b-9274-a598c6543a38][96752e9b-4bb0-44a2-ab26-bc1d01993a59] Generating... 3 ready, 0 failed / 4 total (48s) image 99% [BỐI CẢNH]
2026-09-05T07:47:57.564Z [26db0bd7-169a-4fc6-b85b-8b7a79f44854][96752e9b-4bb0-44a2-ab26-bc1d01993a59] Ref image 1/4: chips 0→1 ✓
2026-09-05T07:47:58.055Z [795ae097-da74-45b5-9bb4-83683bbc6a96][96752e9b-4bb0-44a2-ab26-bc1d01993a59] Ref image 2/6: reusing library asset "Arlo Water Park Day.jpeg" (no re-upload).
2026-09-05T07:47:58.321Z [be55d78c-0b3d-4b5f-8bc2-56f41ca3157c][96752e9b-4bb0-44a2-ab26-bc1d01993a59] Composer ready ✓ (UI language: en)
2026-09-05T07:47:58.339Z [be55d78c-0b3d-4b5f-8bc2-56f41ca3157c][96752e9b-4bb0-44a2-ab26-bc1d01993a59] dismissPopups: unresolved overlay(s) ["DIV[]|btns=","DIV[]|btns="]
2026-09-05T07:47:58.359Z [be55d78c-0b3d-4b5f-8bc2-56f41ca3157c][96752e9b-4bb0-44a2-ab26-bc1d01993a59] Agent toggle aria-pressed=false
2026-09-05T07:47:58.360Z [be55d78c-0b3d-4b5f-8bc2-56f41ca3157c][96752e9b-4bb0-44a2-ab26-bc1d01993a59] Opening settings...
2026-09-05T07:47:58.836Z [26db0bd7-169a-4fc6-b85b-8b7a79f44854][96752e9b-4bb0-44a2-ab26-bc1d01993a59] Ref image 2/4: downloading from URL...
2026-09-05T07:47:59.327Z [26db0bd7-169a-4fc6-b85b-8b7a79f44854][96752e9b-4bb0-44a2-ab26-bc1d01993a59] Ref image 2/4: saved 549605 bytes (image/jpeg) as "Elara Water Park Day.jpeg"
2026-09-05T07:47:59.333Z [26db0bd7-169a-4fc6-b85b-8b7a79f44854][96752e9b-4bb0-44a2-ab26-bc1d01993a59] Ref image 2/4: attaching reference image...
2026-09-05T07:48:00.133Z [8649d3ed-71ce-450b-9274-a598c6543a38][96752e9b-4bb0-44a2-ab26-bc1d01993a59] Generating... 3 ready, 0 failed / 4 total (51s) image 99% [BỐI CẢNH]
2026-09-05T07:48:00.616Z [be55d78c-0b3d-4b5f-8bc2-56f41ca3157c][96752e9b-4bb0-44a2-ab26-bc1d01993a59] Configuring image settings...
2026-09-05T07:48:01.513Z [26db0bd7-169a-4fc6-b85b-8b7a79f44854][96752e9b-4bb0-44a2-ab26-bc1d01993a59] Ref image 2/4: reusing library asset "Elara Water Park Day.jpeg" (no re-upload).
2026-09-05T07:48:01.546Z [795ae097-da74-45b5-9bb4-83683bbc6a96][96752e9b-4bb0-44a2-ab26-bc1d01993a59] Ref image 2/6: chips 1→2 ✓
2026-09-05T07:48:02.001Z [be55d78c-0b3d-4b5f-8bc2-56f41ca3157c][96752e9b-4bb0-44a2-ab26-bc1d01993a59] Mode: selected "image Image" ✓
2026-09-05T07:48:03.101Z [795ae097-da74-45b5-9bb4-83683bbc6a96][96752e9b-4bb0-44a2-ab26-bc1d01993a59] Ref image 3/6: downloading from URL...
2026-09-05T07:48:03.152Z [8649d3ed-71ce-450b-9274-a598c6543a38][96752e9b-4bb0-44a2-ab26-bc1d01993a59] Generating... 3 ready, 0 failed / 4 total (54s) [BỐI CẢNH]Verdant Fa
2026-09-05T07:48:03.511Z [795ae097-da74-45b5-9bb4-83683bbc6a96][96752e9b-4bb0-44a2-ab26-bc1d01993a59] Ref image 3/6: saved 653843 bytes (image/jpeg) as "Graham Water Park Day.jpeg"
2026-09-05T07:48:03.514Z [795ae097-da74-45b5-9bb4-83683bbc6a96][96752e9b-4bb0-44a2-ab26-bc1d01993a59] Ref image 3/6: attaching reference image...
2026-09-05T07:48:05.316Z [26db0bd7-169a-4fc6-b85b-8b7a79f44854][96752e9b-4bb0-44a2-ab26-bc1d01993a59] Ref image 2/4: chips 1→2 ✓
2026-09-05T07:48:05.404Z [795ae097-da74-45b5-9bb4-83683bbc6a96][96752e9b-4bb0-44a2-ab26-bc1d01993a59] Ref image 3/6: reusing library asset "Graham Water Park Day.jpeg" (no re-upload).
2026-09-05T07:48:06.165Z [8649d3ed-71ce-450b-9274-a598c6543a38][96752e9b-4bb0-44a2-ab26-bc1d01993a59] Generating... 4 ready, 0 failed / 4 total (58s)
2026-09-05T07:48:06.166Z [8649d3ed-71ce-450b-9274-a598c6543a38][96752e9b-4bb0-44a2-ab26-bc1d01993a59] Batch done: 4 ready (target 4), 0 failed, scanned 4.
2026-09-05T07:48:06.166Z [8649d3ed-71ce-450b-9274-a598c6543a38][96752e9b-4bb0-44a2-ab26-bc1d01993a59] 4 item(s) ready! Downloading...
2026-09-05T07:48:06.167Z [8649d3ed-71ce-450b-9274-a598c6543a38][96752e9b-4bb0-44a2-ab26-bc1d01993a59] Item 1: Downloading from URL https://flow-content.google/image/4107befa-7103-4255-8525-c524da13c9ef?Expires=1788616025&KeyName=labs-flow-prod-cdn-key&Signature=FT_64WoKDY96Einstzs9TRQctSA
2026-09-05T07:48:06.482Z [8649d3ed-71ce-450b-9274-a598c6543a38][96752e9b-4bb0-44a2-ab26-bc1d01993a59] Downloaded 1/4: winai_2026-09-05T07-48-06_01.jpg
2026-09-05T07:48:06.483Z [8649d3ed-71ce-450b-9274-a598c6543a38][96752e9b-4bb0-44a2-ab26-bc1d01993a59] Item 2: Downloading from URL https://flow-content.google/image/fb5081c0-3826-465f-b3ae-60c7cf4cd979?Expires=1788616024&KeyName=labs-flow-prod-cdn-key&Signature=xyjWap-YPf2KJWCDBZuKjXTi0lY
2026-09-05T07:48:06.590Z [8649d3ed-71ce-450b-9274-a598c6543a38][96752e9b-4bb0-44a2-ab26-bc1d01993a59] Downloaded 2/4: winai_2026-09-05T07-48-06_02.jpg
2026-09-05T07:48:06.590Z [8649d3ed-71ce-450b-9274-a598c6543a38][96752e9b-4bb0-44a2-ab26-bc1d01993a59] Item 3: Downloading from URL https://flow-content.google/image/fba7f911-b2fc-49d2-a336-a71c440f981a?Expires=1788616023&KeyName=labs-flow-prod-cdn-key&Signature=yqA4oXVImhbC5KAopme90ZEQ6ag
2026-09-05T07:48:06.656Z [8649d3ed-71ce-450b-9274-a598c6543a38][96752e9b-4bb0-44a2-ab26-bc1d01993a59] Downloaded 3/4: winai_2026-09-05T07-48-06_03.jpg
2026-09-05T07:48:06.657Z [8649d3ed-71ce-450b-9274-a598c6543a38][96752e9b-4bb0-44a2-ab26-bc1d01993a59] Item 4: Downloading from URL https://flow-content.google/image/0fa17c29-cbe3-4eb1-ad7a-6bf38b06be7e?Expires=1788616023&KeyName=labs-flow-prod-cdn-key&Signature=kTfwplFwnjCjuecIpns3sbAzaUM
2026-09-05T07:48:06.722Z [8649d3ed-71ce-450b-9274-a598c6543a38][96752e9b-4bb0-44a2-ab26-bc1d01993a59] Downloaded 4/4: winai_2026-09-05T07-48-06_04.jpg
2026-09-05T07:48:06.722Z [8649d3ed-71ce-450b-9274-a598c6543a38][96752e9b-4bb0-44a2-ab26-bc1d01993a59] ✅ 4 item(s) saved to Downloads/Win AI Toolkit/
2026-09-05T07:48:06.860Z [26db0bd7-169a-4fc6-b85b-8b7a79f44854][96752e9b-4bb0-44a2-ab26-bc1d01993a59] Ref image 3/4: downloading from URL...
2026-09-05T07:48:07.037Z [8649d3ed-71ce-450b-9274-a598c6543a38][96752e9b-4bb0-44a2-ab26-bc1d01993a59] Item 3: Uploaded → https://studio.xanhmedia.vn/uploads/2026-09/1788594486699_b47f3e_96752e9b-4bb0-44a2-ab26-bc1d01993a59_864.jpg
2026-09-05T07:48:07.037Z [8649d3ed-71ce-450b-9274-a598c6543a38][96752e9b-4bb0-44a2-ab26-bc1d01993a59] Item 2: Uploaded → https://studio.xanhmedia.vn/uploads/2026-09/1788594486698_037c13_96752e9b-4bb0-44a2-ab26-bc1d01993a59_864.jpg
2026-09-05T07:48:07.081Z [be55d78c-0b3d-4b5f-8bc2-56f41ca3157c][96752e9b-4bb0-44a2-ab26-bc1d01993a59] Model: selected "🍌 Nano Banana 2" ✓
2026-09-05T07:48:07.103Z [8649d3ed-71ce-450b-9274-a598c6543a38][96752e9b-4bb0-44a2-ab26-bc1d01993a59] Item 4: Uploaded → https://studio.xanhmedia.vn/uploads/2026-09/1788594486766_59b951_96752e9b-4bb0-44a2-ab26-bc1d01993a59_864.jpg
2026-09-05T07:48:07.112Z [8649d3ed-71ce-450b-9274-a598c6543a38][96752e9b-4bb0-44a2-ab26-bc1d01993a59] Item 1: Uploaded → https://studio.xanhmedia.vn/uploads/2026-09/1788594486775_bf9f57_96752e9b-4bb0-44a2-ab26-bc1d01993a59_864.jpg
2026-09-05T07:48:07.114Z [8649d3ed-71ce-450b-9274-a598c6543a38][96752e9b-4bb0-44a2-ab26-bc1d01993a59] All done (including any 1080p upgrades). Closing Playwright browser context.
2026-09-05T07:48:07.436Z [26db0bd7-169a-4fc6-b85b-8b7a79f44854][96752e9b-4bb0-44a2-ab26-bc1d01993a59] Ref image 3/4: saved 489730 bytes (image/jpeg) as "Vale Family Blue Bath Towel.jpeg"
2026-09-05T07:48:07.440Z [26db0bd7-169a-4fc6-b85b-8b7a79f44854][96752e9b-4bb0-44a2-ab26-bc1d01993a59] Ref image 3/4: attaching reference image...
2026-09-05T07:48:07.821Z [be55d78c-0b3d-4b5f-8bc2-56f41ca3157c][96752e9b-4bb0-44a2-ab26-bc1d01993a59] Aspect ratio: "crop_16_9 16:9" already selected ✓
2026-09-05T07:48:08.170Z [f2cbd58b-eaad-490d-ad75-7ad0a2fb5476][96752e9b-4bb0-44a2-ab26-bc1d01993a59] runGeneration starting: task_id=f2cbd58b-eaad-490d-ad75-7ad0a2fb5476, profile_id=96752e9b-4bb0-44a2-ab26-bc1d01993a59, target_site=google_flow
2026-09-05T07:48:08.171Z [f2cbd58b-eaad-490d-ad75-7ad0a2fb5476][96752e9b-4bb0-44a2-ab26-bc1d01993a59] Opening Playwright browser with persistent profile cookies...
2026-09-05T07:48:08.171Z [f2cbd58b-eaad-490d-ad75-7ad0a2fb5476][96752e9b-4bb0-44a2-ab26-bc1d01993a59] Browser engine: winhide (C:\Users\Admin\AppData\Roaming\com.tank.winai\winhide\chrome.exe) [hidden off-screen]
2026-09-05T07:48:08.171Z [f2cbd58b-eaad-490d-ad75-7ad0a2fb5476][96752e9b-4bb0-44a2-ab26-bc1d01993a59] Launch mode: STEALTH (raw spawn + connectOverCDP)
2026-09-05T07:48:08.482Z [795ae097-da74-45b5-9bb4-83683bbc6a96][96752e9b-4bb0-44a2-ab26-bc1d01993a59] Ref image 3/6: chips 2→3 ✓
2026-09-05T07:48:09.116Z [be55d78c-0b3d-4b5f-8bc2-56f41ca3157c][96752e9b-4bb0-44a2-ab26-bc1d01993a59] Output count: selected "x4" ✓
2026-09-05T07:48:09.604Z [f2cbd58b-eaad-490d-ad75-7ad0a2fb5476][96752e9b-4bb0-44a2-ab26-bc1d01993a59] Exit IP: 115.74.128.9
2026-09-05T07:48:09.604Z [f2cbd58b-eaad-490d-ad75-7ad0a2fb5476][96752e9b-4bb0-44a2-ab26-bc1d01993a59] Navigating browser to Google Flow tools page...
2026-09-05T07:48:09.604Z [f2cbd58b-eaad-490d-ad75-7ad0a2fb5476][96752e9b-4bb0-44a2-ab26-bc1d01993a59] Using existing project URL: https://flow.google.com/project/33ca2cc2-c9ff-4bb6-9048-2a7af1dfcfee?hl=en
2026-09-05T07:48:09.721Z [795ae097-da74-45b5-9bb4-83683bbc6a96][96752e9b-4bb0-44a2-ab26-bc1d01993a59] Ref image 4/6: downloading from URL...
2026-09-05T07:48:09.930Z [26db0bd7-169a-4fc6-b85b-8b7a79f44854][96752e9b-4bb0-44a2-ab26-bc1d01993a59] Ref image 3/4: reusing library asset "Vale Family Blue Bath Towel.jpeg" (no re-upload).
2026-09-05T07:48:10.096Z [795ae097-da74-45b5-9bb4-83683bbc6a96][96752e9b-4bb0-44a2-ab26-bc1d01993a59] Ref image 4/6: saved 549605 bytes (image/jpeg) as "Elara Water Park Day.jpeg"
2026-09-05T07:48:10.099Z [795ae097-da74-45b5-9bb4-83683bbc6a96][96752e9b-4bb0-44a2-ab26-bc1d01993a59] Ref image 4/6: attaching reference image...
2026-09-05T07:48:10.153Z [be55d78c-0b3d-4b5f-8bc2-56f41ca3157c][96752e9b-4bb0-44a2-ab26-bc1d01993a59] Ref image 1/8: downloading from URL...
2026-09-05T07:48:10.318Z [be55d78c-0b3d-4b5f-8bc2-56f41ca3157c][96752e9b-4bb0-44a2-ab26-bc1d01993a59] Downloader: no-proxy request context ready.
2026-09-05T07:48:10.566Z [f2cbd58b-eaad-490d-ad75-7ad0a2fb5476][96752e9b-4bb0-44a2-ab26-bc1d01993a59] Waiting for Google Flow...
2026-09-05T07:48:11.263Z [be55d78c-0b3d-4b5f-8bc2-56f41ca3157c][96752e9b-4bb0-44a2-ab26-bc1d01993a59] Ref image 1/8: saved 628888 bytes (image/jpeg) as "Nessa Water Park Day.jpeg"
2026-09-05T07:48:11.266Z [be55d78c-0b3d-4b5f-8bc2-56f41ca3157c][96752e9b-4bb0-44a2-ab26-bc1d01993a59] Ref image 1/8: attaching reference image...
2026-09-05T07:48:12.104Z [f2cbd58b-eaad-490d-ad75-7ad0a2fb5476][96752e9b-4bb0-44a2-ab26-bc1d01993a59] In existing project ✓
2026-09-05T07:48:12.151Z [795ae097-da74-45b5-9bb4-83683bbc6a96][96752e9b-4bb0-44a2-ab26-bc1d01993a59] Ref image 4/6: reusing library asset "Elara Water Park Day.jpeg" (no re-upload).
2026-09-05T07:48:13.044Z [f2cbd58b-eaad-490d-ad75-7ad0a2fb5476][96752e9b-4bb0-44a2-ab26-bc1d01993a59] dismissPopups: unresolved overlay(s) ["IFRAME[presentation]|btns="]
2026-09-05T07:48:13.126Z [be55d78c-0b3d-4b5f-8bc2-56f41ca3157c][96752e9b-4bb0-44a2-ab26-bc1d01993a59] Ref image 1/8: reusing library asset "Nessa Water Park Day.jpeg" (no re-upload).
2026-09-05T07:48:13.335Z [26db0bd7-169a-4fc6-b85b-8b7a79f44854][96752e9b-4bb0-44a2-ab26-bc1d01993a59] Ref image 3/4: chips 2→3 ✓
2026-09-05T07:48:14.400Z [26db0bd7-169a-4fc6-b85b-8b7a79f44854][96752e9b-4bb0-44a2-ab26-bc1d01993a59] Ref image 4/4: downloading from URL...
2026-09-05T07:48:14.863Z [26db0bd7-169a-4fc6-b85b-8b7a79f44854][96752e9b-4bb0-44a2-ab26-bc1d01993a59] Ref image 4/4: saved 926103 bytes (image/jpeg) as "Verdant Family Water Park Master.jpeg"
2026-09-05T07:48:14.866Z [26db0bd7-169a-4fc6-b85b-8b7a79f44854][96752e9b-4bb0-44a2-ab26-bc1d01993a59] Ref image 4/4: attaching reference image...
2026-09-05T07:48:15.763Z [f2cbd58b-eaad-490d-ad75-7ad0a2fb5476][96752e9b-4bb0-44a2-ab26-bc1d01993a59] Composer ready ✓ (UI language: en)
2026-09-05T07:48:15.790Z [f2cbd58b-eaad-490d-ad75-7ad0a2fb5476][96752e9b-4bb0-44a2-ab26-bc1d01993a59] dismissPopups: unresolved overlay(s) ["DIV[]|btns=","DIV[]|btns="]
2026-09-05T07:48:15.902Z [f2cbd58b-eaad-490d-ad75-7ad0a2fb5476][96752e9b-4bb0-44a2-ab26-bc1d01993a59] Agent toggle aria-pressed=false
2026-09-05T07:48:15.902Z [f2cbd58b-eaad-490d-ad75-7ad0a2fb5476][96752e9b-4bb0-44a2-ab26-bc1d01993a59] Opening settings...
2026-09-05T07:48:16.117Z [795ae097-da74-45b5-9bb4-83683bbc6a96][96752e9b-4bb0-44a2-ab26-bc1d01993a59] Ref image 4/6: chips 3→4 ✓
2026-09-05T07:48:16.861Z [be55d78c-0b3d-4b5f-8bc2-56f41ca3157c][96752e9b-4bb0-44a2-ab26-bc1d01993a59] Ref image 1/8: chips 0→1 ✓
2026-09-05T07:48:16.925Z [26db0bd7-169a-4fc6-b85b-8b7a79f44854][96752e9b-4bb0-44a2-ab26-bc1d01993a59] Ref image 4/4: reusing library asset "Verdant Family Water Park Master.jpeg" (no re-upload).
2026-09-05T07:48:17.836Z [795ae097-da74-45b5-9bb4-83683bbc6a96][96752e9b-4bb0-44a2-ab26-bc1d01993a59] Ref image 5/6: downloading from URL...
2026-09-05T07:48:17.957Z [f2cbd58b-eaad-490d-ad75-7ad0a2fb5476][96752e9b-4bb0-44a2-ab26-bc1d01993a59] Configuring image settings...
2026-09-05T07:48:18.282Z [be55d78c-0b3d-4b5f-8bc2-56f41ca3157c][96752e9b-4bb0-44a2-ab26-bc1d01993a59] Ref image 2/8: downloading from URL...
2026-09-05T07:48:18.465Z [795ae097-da74-45b5-9bb4-83683bbc6a96][96752e9b-4bb0-44a2-ab26-bc1d01993a59] Ref image 5/6: saved 489730 bytes (image/jpeg) as "Vale Family Blue Bath Towel.jpeg"
2026-09-05T07:48:18.468Z [795ae097-da74-45b5-9bb4-83683bbc6a96][96752e9b-4bb0-44a2-ab26-bc1d01993a59] Ref image 5/6: attaching reference image...
2026-09-05T07:48:18.992Z [be55d78c-0b3d-4b5f-8bc2-56f41ca3157c][96752e9b-4bb0-44a2-ab26-bc1d01993a59] Ref image 2/8: saved 653843 bytes (image/jpeg) as "Graham Water Park Day.jpeg"
2026-09-05T07:48:18.996Z [be55d78c-0b3d-4b5f-8bc2-56f41ca3157c][96752e9b-4bb0-44a2-ab26-bc1d01993a59] Ref image 2/8: attaching reference image...
2026-09-05T07:48:19.389Z [f2cbd58b-eaad-490d-ad75-7ad0a2fb5476][96752e9b-4bb0-44a2-ab26-bc1d01993a59] Mode: selected "image Image" ✓
2026-09-05T07:48:20.674Z [26db0bd7-169a-4fc6-b85b-8b7a79f44854][96752e9b-4bb0-44a2-ab26-bc1d01993a59] Ref image 4/4: chips 3→4 ✓
2026-09-05T07:48:20.684Z [26db0bd7-169a-4fc6-b85b-8b7a79f44854][96752e9b-4bb0-44a2-ab26-bc1d01993a59] Entering prompt...
2026-09-05T07:48:20.764Z [795ae097-da74-45b5-9bb4-83683bbc6a96][96752e9b-4bb0-44a2-ab26-bc1d01993a59] Ref image 5/6: reusing library asset "Vale Family Blue Bath Towel.jpeg" (no re-upload).
2026-09-05T07:48:21.393Z [be55d78c-0b3d-4b5f-8bc2-56f41ca3157c][96752e9b-4bb0-44a2-ab26-bc1d01993a59] Ref image 2/8: reusing library asset "Graham Water Park Day.jpeg" (no re-upload).
2026-09-05T07:48:22.446Z [26db0bd7-169a-4fc6-b85b-8b7a79f44854][96752e9b-4bb0-44a2-ab26-bc1d01993a59] Prompt is 1944 chars — typing it in 26 chunk(s).
2026-09-05T07:48:24.158Z [795ae097-da74-45b5-9bb4-83683bbc6a96][96752e9b-4bb0-44a2-ab26-bc1d01993a59] Ref image 5/6: chips 4→5 ✓
2026-09-05T07:48:24.539Z [f2cbd58b-eaad-490d-ad75-7ad0a2fb5476][96752e9b-4bb0-44a2-ab26-bc1d01993a59] Model: selected "🍌 Nano Banana 2" ✓
2026-09-05T07:48:25.397Z [be55d78c-0b3d-4b5f-8bc2-56f41ca3157c][96752e9b-4bb0-44a2-ab26-bc1d01993a59] Ref image 2/8: chips 1→2 ✓
2026-09-05T07:48:25.537Z [f2cbd58b-eaad-490d-ad75-7ad0a2fb5476][96752e9b-4bb0-44a2-ab26-bc1d01993a59] Aspect ratio: "crop_16_9 16:9" already selected ✓
2026-09-05T07:48:25.831Z [795ae097-da74-45b5-9bb4-83683bbc6a96][96752e9b-4bb0-44a2-ab26-bc1d01993a59] Ref image 6/6: downloading from URL...
2026-09-05T07:48:26.210Z [795ae097-da74-45b5-9bb4-83683bbc6a96][96752e9b-4bb0-44a2-ab26-bc1d01993a59] Ref image 6/6: saved 926103 bytes (image/jpeg) as "Verdant Family Water Park Master.jpeg"
2026-09-05T07:48:26.215Z [795ae097-da74-45b5-9bb4-83683bbc6a96][96752e9b-4bb0-44a2-ab26-bc1d01993a59] Ref image 6/6: attaching reference image...
2026-09-05T07:48:26.766Z [be55d78c-0b3d-4b5f-8bc2-56f41ca3157c][96752e9b-4bb0-44a2-ab26-bc1d01993a59] Ref image 3/8: downloading from URL...
2026-09-05T07:48:26.939Z [f2cbd58b-eaad-490d-ad75-7ad0a2fb5476][96752e9b-4bb0-44a2-ab26-bc1d01993a59] Output count: selected "x4" ✓
2026-09-05T07:48:27.152Z [be55d78c-0b3d-4b5f-8bc2-56f41ca3157c][96752e9b-4bb0-44a2-ab26-bc1d01993a59] Ref image 3/8: saved 287414 bytes (image/jpeg) as "Verdant Water Park Dark Brown Rest Bench.jpeg"
2026-09-05T07:48:27.155Z [be55d78c-0b3d-4b5f-8bc2-56f41ca3157c][96752e9b-4bb0-44a2-ab26-bc1d01993a59] Ref image 3/8: attaching reference image...
2026-09-05T07:48:27.690Z [f2cbd58b-eaad-490d-ad75-7ad0a2fb5476][96752e9b-4bb0-44a2-ab26-bc1d01993a59] Ref image 1/7: downloading from URL...
2026-09-05T07:48:27.872Z [f2cbd58b-eaad-490d-ad75-7ad0a2fb5476][96752e9b-4bb0-44a2-ab26-bc1d01993a59] Downloader: no-proxy request context ready.
2026-09-05T07:48:28.672Z [f2cbd58b-eaad-490d-ad75-7ad0a2fb5476][96752e9b-4bb0-44a2-ab26-bc1d01993a59] Ref image 1/7: saved 468314 bytes (image/jpeg) as "Arlo Water Park Day.jpeg"
2026-09-05T07:48:28.675Z [f2cbd58b-eaad-490d-ad75-7ad0a2fb5476][96752e9b-4bb0-44a2-ab26-bc1d01993a59] Ref image 1/7: attaching reference image...
2026-09-05T07:48:28.743Z [795ae097-da74-45b5-9bb4-83683bbc6a96][96752e9b-4bb0-44a2-ab26-bc1d01993a59] Ref image 6/6: reusing library asset "Verdant Family Water Park Master.jpeg" (no re-upload).
2026-09-05T07:48:29.391Z [be55d78c-0b3d-4b5f-8bc2-56f41ca3157c][96752e9b-4bb0-44a2-ab26-bc1d01993a59] Ref image 3/8: "Verdant Water Park Dark Brown Rest Bench.jpeg" not in the library yet — uploading it first.
2026-09-05T07:48:30.450Z [f2cbd58b-eaad-490d-ad75-7ad0a2fb5476][96752e9b-4bb0-44a2-ab26-bc1d01993a59] Ref image 1/7: reusing library asset "Arlo Water Park Day.jpeg" (no re-upload).
2026-09-05T07:48:32.201Z [795ae097-da74-45b5-9bb4-83683bbc6a96][96752e9b-4bb0-44a2-ab26-bc1d01993a59] Ref image 6/6: chips 5→6 ✓
2026-09-05T07:48:32.212Z [795ae097-da74-45b5-9bb4-83683bbc6a96][96752e9b-4bb0-44a2-ab26-bc1d01993a59] Entering prompt...
2026-09-05T07:48:33.186Z [be55d78c-0b3d-4b5f-8bc2-56f41ca3157c][96752e9b-4bb0-44a2-ab26-bc1d01993a59] Ref image 3/8: uploading "Verdant Water Park Dark Brown Rest Bench.jpeg" to the project library...
2026-09-05T07:48:33.540Z [f2cbd58b-eaad-490d-ad75-7ad0a2fb5476][96752e9b-4bb0-44a2-ab26-bc1d01993a59] Ref image 1/7: chips 0→1 ✓
2026-09-05T07:48:33.985Z [795ae097-da74-45b5-9bb4-83683bbc6a96][96752e9b-4bb0-44a2-ab26-bc1d01993a59] Prompt is 2213 chars — typing it in 30 chunk(s).
2026-09-05T07:48:34.488Z [be55d78c-0b3d-4b5f-8bc2-56f41ca3157c][96752e9b-4bb0-44a2-ab26-bc1d01993a59] Ref image 3/8: upload finished ✓
2026-09-05T07:48:35.203Z [f2cbd58b-eaad-490d-ad75-7ad0a2fb5476][96752e9b-4bb0-44a2-ab26-bc1d01993a59] Ref image 2/7: downloading from URL...
2026-09-05T07:48:35.339Z [26db0bd7-169a-4fc6-b85b-8b7a79f44854][96752e9b-4bb0-44a2-ab26-bc1d01993a59] Prompt insert attempt 1: editor has 1894 chars (want ~1937) ✓
2026-09-05T07:48:35.666Z [f2cbd58b-eaad-490d-ad75-7ad0a2fb5476][96752e9b-4bb0-44a2-ab26-bc1d01993a59] Ref image 2/7: saved 628888 bytes (image/jpeg) as "Nessa Water Park Day.jpeg"
2026-09-05T07:48:35.671Z [f2cbd58b-eaad-490d-ad75-7ad0a2fb5476][96752e9b-4bb0-44a2-ab26-bc1d01993a59] Ref image 2/7: attaching reference image...
2026-09-05T07:48:37.165Z [26db0bd7-169a-4fc6-b85b-8b7a79f44854][96752e9b-4bb0-44a2-ab26-bc1d01993a59] Baseline: 50 pre-existing media tile(s) of 50 mounted (kinds: image,image,image,image,image,image,image,image,image,image,image,image,image,image,image,image,image,image,image,image,image,image,image,image,image,image,image,image,image,image,image,image,image,image,image,image,image,image,image,image,image,image,image,image,image,image,image,image,image,image).
2026-09-05T07:48:37.508Z [f2cbd58b-eaad-490d-ad75-7ad0a2fb5476][96752e9b-4bb0-44a2-ab26-bc1d01993a59] Ref image 2/7: reusing library asset "Nessa Water Park Day.jpeg" (no re-upload).
2026-09-05T07:48:39.266Z [26db0bd7-169a-4fc6-b85b-8b7a79f44854][96752e9b-4bb0-44a2-ab26-bc1d01993a59] [submit] confirmed (editor "What do you want to ", fresh tile=true).
2026-09-05T07:48:39.983Z [26db0bd7-169a-4fc6-b85b-8b7a79f44854][96752e9b-4bb0-44a2-ab26-bc1d01993a59] Current Workspace project URL: https://flow.google.com/project/cd81a7d3-c989-419e-891a-f8694174cb85?hl=en
2026-09-05T07:48:39.984Z [26db0bd7-169a-4fc6-b85b-8b7a79f44854][96752e9b-4bb0-44a2-ab26-bc1d01993a59] Submitted ✓ Detecting batch size...
2026-09-05T07:48:39.998Z [26db0bd7-169a-4fc6-b85b-8b7a79f44854][96752e9b-4bb0-44a2-ab26-bc1d01993a59] New tile(s) since submit: 0 → 4 (mounted=50)
2026-09-05T07:48:40.806Z [f2cbd58b-eaad-490d-ad75-7ad0a2fb5476][96752e9b-4bb0-44a2-ab26-bc1d01993a59] Ref image 2/7: chips 1→2 ✓
2026-09-05T07:48:42.604Z [f2cbd58b-eaad-490d-ad75-7ad0a2fb5476][96752e9b-4bb0-44a2-ab26-bc1d01993a59] Ref image 3/7: downloading from URL...
2026-09-05T07:48:42.787Z [be55d78c-0b3d-4b5f-8bc2-56f41ca3157c][96752e9b-4bb0-44a2-ab26-bc1d01993a59] Ref image 3/8: chips 2→3 ✓
2026-09-05T07:48:43.005Z [f2cbd58b-eaad-490d-ad75-7ad0a2fb5476][96752e9b-4bb0-44a2-ab26-bc1d01993a59] Ref image 3/7: saved 653843 bytes (image/jpeg) as "Graham Water Park Day.jpeg"
2026-09-05T07:48:43.009Z [f2cbd58b-eaad-490d-ad75-7ad0a2fb5476][96752e9b-4bb0-44a2-ab26-bc1d01993a59] Ref image 3/7: attaching reference image...
2026-09-05T07:48:43.916Z [be55d78c-0b3d-4b5f-8bc2-56f41ca3157c][96752e9b-4bb0-44a2-ab26-bc1d01993a59] Ref image 4/8: downloading from URL...
2026-09-05T07:48:44.128Z [26db0bd7-169a-4fc6-b85b-8b7a79f44854][96752e9b-4bb0-44a2-ab26-bc1d01993a59] Batch size stabilised at 4 new tile(s)
2026-09-05T07:48:44.129Z [26db0bd7-169a-4fc6-b85b-8b7a79f44854][96752e9b-4bb0-44a2-ab26-bc1d01993a59] Batch detected: 4 item(s). Generating...
2026-09-05T07:48:44.129Z [26db0bd7-169a-4fc6-b85b-8b7a79f44854][96752e9b-4bb0-44a2-ab26-bc1d01993a59] Polling for 4 image item(s) (baseline=50, hasUpload=true)...
2026-09-05T07:48:44.152Z [26db0bd7-169a-4fc6-b85b-8b7a79f44854][96752e9b-4bb0-44a2-ab26-bc1d01993a59] Generating... 0 ready, 0 failed / 4 total (0s) image 34% [BỐI CẢNH] image 34% [BỐI CẢNH] image 34% [BỐI CẢNH] image 34% [BỐI CẢNH]
2026-09-05T07:48:44.518Z [be55d78c-0b3d-4b5f-8bc2-56f41ca3157c][96752e9b-4bb0-44a2-ab26-bc1d01993a59] Ref image 4/8: saved 272277 bytes (image/jpeg) as "Verdant Water Park Small Side Table.jpeg"
2026-09-05T07:48:44.524Z [be55d78c-0b3d-4b5f-8bc2-56f41ca3157c][96752e9b-4bb0-44a2-ab26-bc1d01993a59] Ref image 4/8: attaching reference image...
2026-09-05T07:48:45.288Z [f2cbd58b-eaad-490d-ad75-7ad0a2fb5476][96752e9b-4bb0-44a2-ab26-bc1d01993a59] Ref image 3/7: reusing library asset "Graham Water Park Day.jpeg" (no re-upload).
2026-09-05T07:48:46.345Z [be55d78c-0b3d-4b5f-8bc2-56f41ca3157c][96752e9b-4bb0-44a2-ab26-bc1d01993a59] Ref image 4/8: "Verdant Water Park Small Side Table.jpeg" not in the library yet — uploading it first.
2026-09-05T07:48:47.168Z [26db0bd7-169a-4fc6-b85b-8b7a79f44854][96752e9b-4bb0-44a2-ab26-bc1d01993a59] Generating... 0 ready, 0 failed / 4 total (3s) image 54% [BỐI CẢNH] image 54% [BỐI CẢNH] image 54% [BỐI CẢNH] image 54% [BỐI CẢNH]
2026-09-05T07:48:47.532Z [795ae097-da74-45b5-9bb4-83683bbc6a96][96752e9b-4bb0-44a2-ab26-bc1d01993a59] Prompt insert attempt 1: editor has 2160 chars (want ~2206) ✓
2026-09-05T07:48:48.540Z [f2cbd58b-eaad-490d-ad75-7ad0a2fb5476][96752e9b-4bb0-44a2-ab26-bc1d01993a59] Ref image 3/7: chips 2→3 ✓
2026-09-05T07:48:49.584Z [795ae097-da74-45b5-9bb4-83683bbc6a96][96752e9b-4bb0-44a2-ab26-bc1d01993a59] Baseline: 50 pre-existing media tile(s) of 50 mounted (kinds: image,image,image,image,image,image,image,image,image,image,image,image,image,image,image,image,image,image,image,image,image,image,image,image,image,image,image,image,image,image,image,image,image,image,image,image,image,image,image,image,image,image,image,image,image,image,image,image,image,image).
2026-09-05T07:48:49.865Z [f2cbd58b-eaad-490d-ad75-7ad0a2fb5476][96752e9b-4bb0-44a2-ab26-bc1d01993a59] Ref image 4/7: downloading from URL...
2026-09-05T07:48:50.181Z [26db0bd7-169a-4fc6-b85b-8b7a79f44854][96752e9b-4bb0-44a2-ab26-bc1d01993a59] Generating... 0 ready, 0 failed / 4 total (6s) image 74% [BỐI CẢNH] image 74% [BỐI CẢNH] image 74% [BỐI CẢNH] image 74% [BỐI CẢNH]
2026-09-05T07:48:50.254Z [f2cbd58b-eaad-490d-ad75-7ad0a2fb5476][96752e9b-4bb0-44a2-ab26-bc1d01993a59] Ref image 4/7: saved 549605 bytes (image/jpeg) as "Elara Water Park Day.jpeg"
2026-09-05T07:48:50.257Z [f2cbd58b-eaad-490d-ad75-7ad0a2fb5476][96752e9b-4bb0-44a2-ab26-bc1d01993a59] Ref image 4/7: attaching reference image...
2026-09-05T07:48:50.430Z [be55d78c-0b3d-4b5f-8bc2-56f41ca3157c][96752e9b-4bb0-44a2-ab26-bc1d01993a59] Ref image 4/8: uploading "Verdant Water Park Small Side Table.jpeg" to the project library...
2026-09-05T07:48:51.329Z [795ae097-da74-45b5-9bb4-83683bbc6a96][96752e9b-4bb0-44a2-ab26-bc1d01993a59] [submit] confirmed (editor "What do you want to ", fresh tile=true).
2026-09-05T07:48:51.580Z [be55d78c-0b3d-4b5f-8bc2-56f41ca3157c][96752e9b-4bb0-44a2-ab26-bc1d01993a59] Ref image 4/8: upload finished ✓
2026-09-05T07:48:52.058Z [f2cbd58b-eaad-490d-ad75-7ad0a2fb5476][96752e9b-4bb0-44a2-ab26-bc1d01993a59] Ref image 4/7: reusing library asset "Elara Water Park Day.jpeg" (no re-upload).
2026-09-05T07:48:52.080Z [795ae097-da74-45b5-9bb4-83683bbc6a96][96752e9b-4bb0-44a2-ab26-bc1d01993a59] Current Workspace project URL: https://flow.google.com/project/cae2bf2b-d1b8-40f9-a300-9f2aa6276ea5?hl=en
2026-09-05T07:48:52.081Z [795ae097-da74-45b5-9bb4-83683bbc6a96][96752e9b-4bb0-44a2-ab26-bc1d01993a59] Submitted ✓ Detecting batch size...
2026-09-05T07:48:52.096Z [795ae097-da74-45b5-9bb4-83683bbc6a96][96752e9b-4bb0-44a2-ab26-bc1d01993a59] New tile(s) since submit: 0 → 4 (mounted=49)
2026-09-05T07:48:53.192Z [26db0bd7-169a-4fc6-b85b-8b7a79f44854][96752e9b-4bb0-44a2-ab26-bc1d01993a59] Generating... 0 ready, 0 failed / 4 total (9s) image 94% [BỐI CẢNH] image 94% [BỐI CẢNH] image 94% [BỐI CẢNH] image 94% [BỐI CẢNH]
2026-09-05T07:48:55.417Z [f2cbd58b-eaad-490d-ad75-7ad0a2fb5476][96752e9b-4bb0-44a2-ab26-bc1d01993a59] Ref image 4/7: chips 3→4 ✓
2026-09-05T07:48:56.217Z [26db0bd7-169a-4fc6-b85b-8b7a79f44854][96752e9b-4bb0-44a2-ab26-bc1d01993a59] Generating... 0 ready, 0 failed / 4 total (12s) image 99% [BỐI CẢNH] image 99% [BỐI CẢNH] image 99% [BỐI CẢNH] image 99% [BỐI CẢNH]
2026-09-05T07:48:56.281Z [795ae097-da74-45b5-9bb4-83683bbc6a96][96752e9b-4bb0-44a2-ab26-bc1d01993a59] Batch size stabilised at 4 new tile(s)
2026-09-05T07:48:56.282Z [795ae097-da74-45b5-9bb4-83683bbc6a96][96752e9b-4bb0-44a2-ab26-bc1d01993a59] Batch detected: 4 item(s). Generating...
2026-09-05T07:48:56.282Z [795ae097-da74-45b5-9bb4-83683bbc6a96][96752e9b-4bb0-44a2-ab26-bc1d01993a59] Polling for 4 image item(s) (baseline=50, hasUpload=true)...
2026-09-05T07:48:56.294Z [795ae097-da74-45b5-9bb4-83683bbc6a96][96752e9b-4bb0-44a2-ab26-bc1d01993a59] Generating... 0 ready, 0 failed / 4 total (0s) image 34% [BỐI CẢNH] image 34% [BỐI CẢNH] image 34% [BỐI CẢNH] image 34% [BỐI CẢNH]
2026-09-05T07:48:56.350Z [f2cbd58b-eaad-490d-ad75-7ad0a2fb5476][96752e9b-4bb0-44a2-ab26-bc1d01993a59] Ref image 5/7: downloading from URL...
2026-09-05T07:48:56.774Z [f2cbd58b-eaad-490d-ad75-7ad0a2fb5476][96752e9b-4bb0-44a2-ab26-bc1d01993a59] Ref image 5/7: saved 289545 bytes (image/jpeg) as "Graham Family Smartphone.jpeg"
2026-09-05T07:48:56.781Z [f2cbd58b-eaad-490d-ad75-7ad0a2fb5476][96752e9b-4bb0-44a2-ab26-bc1d01993a59] Ref image 5/7: attaching reference image...
2026-09-05T07:48:58.865Z [f2cbd58b-eaad-490d-ad75-7ad0a2fb5476][96752e9b-4bb0-44a2-ab26-bc1d01993a59] Ref image 5/7: reusing library asset "Graham Family Smartphone.jpeg" (no re-upload).
2026-09-05T07:48:59.235Z [26db0bd7-169a-4fc6-b85b-8b7a79f44854][96752e9b-4bb0-44a2-ab26-bc1d01993a59] Generating... 0 ready, 0 failed / 4 total (15s) image 99% [BỐI CẢNH] image 99% [BỐI CẢNH] image 99% [BỐI CẢNH] image 99% [BỐI CẢNH]
2026-09-05T07:48:59.316Z [795ae097-da74-45b5-9bb4-83683bbc6a96][96752e9b-4bb0-44a2-ab26-bc1d01993a59] Generating... 0 ready, 0 failed / 4 total (3s) image 54% [BỐI CẢNH] image 54% [BỐI CẢNH] image 54% [BỐI CẢNH] image 54% [BỐI CẢNH]
2026-09-05T07:48:59.818Z [be55d78c-0b3d-4b5f-8bc2-56f41ca3157c][96752e9b-4bb0-44a2-ab26-bc1d01993a59] Ref image 4/8: chips 3→4 ✓
2026-09-05T07:49:01.364Z [be55d78c-0b3d-4b5f-8bc2-56f41ca3157c][96752e9b-4bb0-44a2-ab26-bc1d01993a59] Ref image 5/8: downloading from URL...
2026-09-05T07:49:01.883Z [be55d78c-0b3d-4b5f-8bc2-56f41ca3157c][96752e9b-4bb0-44a2-ab26-bc1d01993a59] Ref image 5/8: saved 383953 bytes (image/jpeg) as "Nessa Chocolate Ice Cream Set.jpeg"
2026-09-05T07:49:01.886Z [be55d78c-0b3d-4b5f-8bc2-56f41ca3157c][96752e9b-4bb0-44a2-ab26-bc1d01993a59] Ref image 5/8: attaching reference image...
2026-09-05T07:49:02.254Z [26db0bd7-169a-4fc6-b85b-8b7a79f44854][96752e9b-4bb0-44a2-ab26-bc1d01993a59] Generating... 0 ready, 0 failed / 4 total (18s) image 99% [BỐI CẢNH] image 99% [BỐI CẢNH] image 99% [BỐI CẢNH] image 99% [BỐI CẢNH]
2026-09-05T07:49:02.346Z [795ae097-da74-45b5-9bb4-83683bbc6a96][96752e9b-4bb0-44a2-ab26-bc1d01993a59] Generating... 0 ready, 0 failed / 4 total (6s) image 74% [BỐI CẢNH] image 74% [BỐI CẢNH] image 74% [BỐI CẢNH] image 74% [BỐI CẢNH]
2026-09-05T07:49:02.389Z [f2cbd58b-eaad-490d-ad75-7ad0a2fb5476][96752e9b-4bb0-44a2-ab26-bc1d01993a59] Ref image 5/7: chips 4→5 ✓
2026-09-05T07:49:04.018Z [be55d78c-0b3d-4b5f-8bc2-56f41ca3157c][96752e9b-4bb0-44a2-ab26-bc1d01993a59] Ref image 5/8: "Nessa Chocolate Ice Cream Set.jpeg" not in the library yet — uploading it first.
2026-09-05T07:49:04.204Z [f2cbd58b-eaad-490d-ad75-7ad0a2fb5476][96752e9b-4bb0-44a2-ab26-bc1d01993a59] Ref image 6/7: downloading from URL...
2026-09-05T07:49:04.601Z [f2cbd58b-eaad-490d-ad75-7ad0a2fb5476][96752e9b-4bb0-44a2-ab26-bc1d01993a59] Ref image 6/7: saved 489730 bytes (image/jpeg) as "Vale Family Blue Bath Towel.jpeg"
2026-09-05T07:49:04.604Z [f2cbd58b-eaad-490d-ad75-7ad0a2fb5476][96752e9b-4bb0-44a2-ab26-bc1d01993a59] Ref image 6/7: attaching reference image...
2026-09-05T07:49:05.284Z [26db0bd7-169a-4fc6-b85b-8b7a79f44854][96752e9b-4bb0-44a2-ab26-bc1d01993a59] Generating... 0 ready, 0 failed / 4 total (21s) image 99% [BỐI CẢNH] image 99% [BỐI CẢNH] image 99% [BỐI CẢNH] image 99% [BỐI CẢNH]
2026-09-05T07:49:05.367Z [795ae097-da74-45b5-9bb4-83683bbc6a96][96752e9b-4bb0-44a2-ab26-bc1d01993a59] Generating... 0 ready, 0 failed / 4 total (9s) image 94% [BỐI CẢNH] image 94% [BỐI CẢNH] image 94% [BỐI CẢNH] image 94% [BỐI CẢNH]
2026-09-05T07:49:06.510Z [f2cbd58b-eaad-490d-ad75-7ad0a2fb5476][96752e9b-4bb0-44a2-ab26-bc1d01993a59] Ref image 6/7: reusing library asset "Vale Family Blue Bath Towel.jpeg" (no re-upload).
2026-09-05T07:49:08.251Z [be55d78c-0b3d-4b5f-8bc2-56f41ca3157c][96752e9b-4bb0-44a2-ab26-bc1d01993a59] Ref image 5/8: uploading "Nessa Chocolate Ice Cream Set.jpeg" to the project library...
2026-09-05T07:49:08.314Z [26db0bd7-169a-4fc6-b85b-8b7a79f44854][96752e9b-4bb0-44a2-ab26-bc1d01993a59] Generating... 0 ready, 0 failed / 4 total (24s) image 99% [BỐI CẢNH] image 99% [BỐI CẢNH] image 99% [BỐI CẢNH] image 99% [BỐI CẢNH]
2026-09-05T07:49:08.389Z [795ae097-da74-45b5-9bb4-83683bbc6a96][96752e9b-4bb0-44a2-ab26-bc1d01993a59] Generating... 0 ready, 0 failed / 4 total (12s) image 99% [BỐI CẢNH] image 99% [BỐI CẢNH] image 99% [BỐI CẢNH] image 99% [BỐI CẢNH]
2026-09-05T07:49:09.080Z [be55d78c-0b3d-4b5f-8bc2-56f41ca3157c][96752e9b-4bb0-44a2-ab26-bc1d01993a59] Ref image 5/8: upload finished ✓
2026-09-05T07:49:09.762Z [f2cbd58b-eaad-490d-ad75-7ad0a2fb5476][96752e9b-4bb0-44a2-ab26-bc1d01993a59] Ref image 6/7: chips 5→6 ✓
2026-09-05T07:49:10.954Z [f2cbd58b-eaad-490d-ad75-7ad0a2fb5476][96752e9b-4bb0-44a2-ab26-bc1d01993a59] Ref image 7/7: downloading from URL...
2026-09-05T07:49:11.334Z [26db0bd7-169a-4fc6-b85b-8b7a79f44854][96752e9b-4bb0-44a2-ab26-bc1d01993a59] Generating... 0 ready, 0 failed / 4 total (27s) image 99% [BỐI CẢNH] image 99% [BỐI CẢNH] image 99% [BỐI CẢNH] image 99% [BỐI CẢNH]
2026-09-05T07:49:11.363Z [f2cbd58b-eaad-490d-ad75-7ad0a2fb5476][96752e9b-4bb0-44a2-ab26-bc1d01993a59] Ref image 7/7: saved 926103 bytes (image/jpeg) as "Verdant Family Water Park Master.jpeg"
2026-09-05T07:49:11.367Z [f2cbd58b-eaad-490d-ad75-7ad0a2fb5476][96752e9b-4bb0-44a2-ab26-bc1d01993a59] Ref image 7/7: attaching reference image...
2026-09-05T07:49:11.409Z [795ae097-da74-45b5-9bb4-83683bbc6a96][96752e9b-4bb0-44a2-ab26-bc1d01993a59] Generating... 0 ready, 0 failed / 4 total (15s) image 99% [BỐI CẢNH] image 99% [BỐI CẢNH] image 99% [BỐI CẢNH]
2026-09-05T07:49:13.980Z [f2cbd58b-eaad-490d-ad75-7ad0a2fb5476][96752e9b-4bb0-44a2-ab26-bc1d01993a59] Ref image 7/7: reusing library asset "Verdant Family Water Park Master.jpeg" (no re-upload).
2026-09-05T07:49:14.352Z [26db0bd7-169a-4fc6-b85b-8b7a79f44854][96752e9b-4bb0-44a2-ab26-bc1d01993a59] Generating... 0 ready, 0 failed / 4 total (30s) image 99% [BỐI CẢNH] image 99% [BỐI CẢNH] image 99% [BỐI CẢNH] image 99% [BỐI CẢNH]
2026-09-05T07:49:14.432Z [795ae097-da74-45b5-9bb4-83683bbc6a96][96752e9b-4bb0-44a2-ab26-bc1d01993a59] Generating... 0 ready, 0 failed / 4 total (18s) image 99% [BỐI CẢNH] image 99% [BỐI CẢNH] image 99% [BỐI CẢNH]
2026-09-05T07:49:17.376Z [26db0bd7-169a-4fc6-b85b-8b7a79f44854][96752e9b-4bb0-44a2-ab26-bc1d01993a59] Generating... 0 ready, 0 failed / 4 total (33s) image 99% [BỐI CẢNH] image 99% [BỐI CẢNH] image 99% [BỐI CẢNH] image 99% [BỐI CẢNH]
2026-09-05T07:49:17.447Z [795ae097-da74-45b5-9bb4-83683bbc6a96][96752e9b-4bb0-44a2-ab26-bc1d01993a59] Generating... 0 ready, 0 failed / 4 total (21s) image 99% [BỐI CẢNH] image 99% [BỐI CẢNH] image 99% [BỐI CẢNH]
2026-09-05T07:49:17.493Z [f2cbd58b-eaad-490d-ad75-7ad0a2fb5476][96752e9b-4bb0-44a2-ab26-bc1d01993a59] Ref image 7/7: chips 6→7 ✓
2026-09-05T07:49:17.500Z [be55d78c-0b3d-4b5f-8bc2-56f41ca3157c][96752e9b-4bb0-44a2-ab26-bc1d01993a59] Ref image 5/8: chips 4→5 ✓
2026-09-05T07:49:17.504Z [f2cbd58b-eaad-490d-ad75-7ad0a2fb5476][96752e9b-4bb0-44a2-ab26-bc1d01993a59] Entering prompt...
2026-09-05T07:49:19.184Z [f2cbd58b-eaad-490d-ad75-7ad0a2fb5476][96752e9b-4bb0-44a2-ab26-bc1d01993a59] Prompt is 2256 chars — typing it in 32 chunk(s).
2026-09-05T07:49:19.274Z [be55d78c-0b3d-4b5f-8bc2-56f41ca3157c][96752e9b-4bb0-44a2-ab26-bc1d01993a59] Ref image 6/8: downloading from URL...
2026-09-05T07:49:19.673Z [be55d78c-0b3d-4b5f-8bc2-56f41ca3157c][96752e9b-4bb0-44a2-ab26-bc1d01993a59] Ref image 6/8: saved 289545 bytes (image/jpeg) as "Graham Family Smartphone.jpeg"
2026-09-05T07:49:19.700Z [be55d78c-0b3d-4b5f-8bc2-56f41ca3157c][96752e9b-4bb0-44a2-ab26-bc1d01993a59] Ref image 6/8: attaching reference image...
2026-09-05T07:49:20.396Z [26db0bd7-169a-4fc6-b85b-8b7a79f44854][96752e9b-4bb0-44a2-ab26-bc1d01993a59] Generating... 0 ready, 0 failed / 4 total (36s) image 99% [BỐI CẢNH] image 100% [BỐI CẢNH image 99% [BỐI CẢNH] image 99% [BỐI CẢNH]
2026-09-05T07:49:20.462Z [795ae097-da74-45b5-9bb4-83683bbc6a96][96752e9b-4bb0-44a2-ab26-bc1d01993a59] Generating... 0 ready, 0 failed / 4 total (24s) image 99% [BỐI CẢNH] image 99% [BỐI CẢNH] image 99% [BỐI CẢNH]
2026-09-05T07:49:21.623Z [be55d78c-0b3d-4b5f-8bc2-56f41ca3157c][96752e9b-4bb0-44a2-ab26-bc1d01993a59] Ref image 6/8: reusing library asset "Graham Family Smartphone.jpeg" (no re-upload).
2026-09-05T07:49:23.418Z [26db0bd7-169a-4fc6-b85b-8b7a79f44854][96752e9b-4bb0-44a2-ab26-bc1d01993a59] Generating... 0 ready, 0 failed / 4 total (39s) [BỐI CẢNH]Verdant Fa [BỐI CẢNH]Verdant Fa [BỐI CẢNH]Verdant Fa image 99% [BỐI CẢNH]
2026-09-05T07:49:23.479Z [795ae097-da74-45b5-9bb4-83683bbc6a96][96752e9b-4bb0-44a2-ab26-bc1d01993a59] Generating... 0 ready, 0 failed / 4 total (27s) image 99% [BỐI CẢNH] image 99% [BỐI CẢNH] image 99% [BỐI CẢNH]
2026-09-05T07:49:24.419Z [be55d78c-0b3d-4b5f-8bc2-56f41ca3157c][96752e9b-4bb0-44a2-ab26-bc1d01993a59] Ref image 6/8: chips 5→6 ✓
2026-09-05T07:49:25.764Z [be55d78c-0b3d-4b5f-8bc2-56f41ca3157c][96752e9b-4bb0-44a2-ab26-bc1d01993a59] Ref image 7/8: downloading from URL...
2026-09-05T07:49:26.228Z [be55d78c-0b3d-4b5f-8bc2-56f41ca3157c][96752e9b-4bb0-44a2-ab26-bc1d01993a59] Ref image 7/8: saved 475323 bytes (image/jpeg) as "Vale Family Water Park Bag.jpeg"
2026-09-05T07:49:26.231Z [be55d78c-0b3d-4b5f-8bc2-56f41ca3157c][96752e9b-4bb0-44a2-ab26-bc1d01993a59] Ref image 7/8: attaching reference image...
2026-09-05T07:49:26.434Z [26db0bd7-169a-4fc6-b85b-8b7a79f44854][96752e9b-4bb0-44a2-ab26-bc1d01993a59] Generating... 3 ready, 0 failed / 4 total (42s) image 99% [BỐI CẢNH]
2026-09-05T07:49:26.497Z [795ae097-da74-45b5-9bb4-83683bbc6a96][96752e9b-4bb0-44a2-ab26-bc1d01993a59] Generating... 0 ready, 0 failed / 4 total (30s) image 99% [BỐI CẢNH] image 99% [BỐI CẢNH] image 99% [BỐI CẢNH]
2026-09-05T07:49:28.410Z [be55d78c-0b3d-4b5f-8bc2-56f41ca3157c][96752e9b-4bb0-44a2-ab26-bc1d01993a59] Ref image 7/8: "Vale Family Water Park Bag.jpeg" not in the library yet — uploading it first.
2026-09-05T07:49:29.457Z [26db0bd7-169a-4fc6-b85b-8b7a79f44854][96752e9b-4bb0-44a2-ab26-bc1d01993a59] Generating... 3 ready, 0 failed / 4 total (45s) image 99% [BỐI CẢNH]
2026-09-05T07:49:29.516Z [795ae097-da74-45b5-9bb4-83683bbc6a96][96752e9b-4bb0-44a2-ab26-bc1d01993a59] Generating... 0 ready, 0 failed / 4 total (33s) image 99% [BỐI CẢNH] image 99% [BỐI CẢNH] image 99% [BỐI CẢNH]
2026-09-05T07:49:32.476Z [26db0bd7-169a-4fc6-b85b-8b7a79f44854][96752e9b-4bb0-44a2-ab26-bc1d01993a59] Generating... 3 ready, 0 failed / 4 total (48s) [BỐI CẢNH]Verdant Fa
2026-09-05T07:49:32.530Z [795ae097-da74-45b5-9bb4-83683bbc6a96][96752e9b-4bb0-44a2-ab26-bc1d01993a59] Generating... 0 ready, 0 failed / 4 total (36s) image 100% [BỐI CẢNH image 99% [BỐI CẢNH] image 99% [BỐI CẢNH]
2026-09-05T07:49:32.770Z [be55d78c-0b3d-4b5f-8bc2-56f41ca3157c][96752e9b-4bb0-44a2-ab26-bc1d01993a59] Ref image 7/8: uploading "Vale Family Water Park Bag.jpeg" to the project library...
2026-09-05T07:49:33.556Z [be55d78c-0b3d-4b5f-8bc2-56f41ca3157c][96752e9b-4bb0-44a2-ab26-bc1d01993a59] Ref image 7/8: upload finished ✓
2026-09-05T07:49:34.344Z [f2cbd58b-eaad-490d-ad75-7ad0a2fb5476][96752e9b-4bb0-44a2-ab26-bc1d01993a59] Prompt insert attempt 1: editor has 2202 chars (want ~2249) ✓
2026-09-05T07:49:35.497Z [26db0bd7-169a-4fc6-b85b-8b7a79f44854][96752e9b-4bb0-44a2-ab26-bc1d01993a59] Generating... 4 ready, 0 failed / 4 total (51s)
2026-09-05T07:49:35.497Z [26db0bd7-169a-4fc6-b85b-8b7a79f44854][96752e9b-4bb0-44a2-ab26-bc1d01993a59] Batch done: 4 ready (target 4), 0 failed, scanned 4.
2026-09-05T07:49:35.497Z [26db0bd7-169a-4fc6-b85b-8b7a79f44854][96752e9b-4bb0-44a2-ab26-bc1d01993a59] 4 item(s) ready! Downloading...
2026-09-05T07:49:35.498Z [26db0bd7-169a-4fc6-b85b-8b7a79f44854][96752e9b-4bb0-44a2-ab26-bc1d01993a59] Item 1: Downloading from URL https://flow-content.google/image/43adb32e-03fa-4a5b-85d8-c4399ff8d6d6?Expires=1788616121&KeyName=labs-flow-prod-cdn-key&Signature=kWTyL0sHm7TavqRR5y-tnwAX0I4
2026-09-05T07:49:35.553Z [795ae097-da74-45b5-9bb4-83683bbc6a96][96752e9b-4bb0-44a2-ab26-bc1d01993a59] Generating... 0 ready, 0 failed / 4 total (39s) [BỐI CẢNH]Verdant Fa image 99% [BỐI CẢNH] image 99% [BỐI CẢNH]
2026-09-05T07:49:35.962Z [26db0bd7-169a-4fc6-b85b-8b7a79f44854][96752e9b-4bb0-44a2-ab26-bc1d01993a59] Downloaded 1/4: winai_2026-09-05T07-49-35_01.jpg
2026-09-05T07:49:35.963Z [26db0bd7-169a-4fc6-b85b-8b7a79f44854][96752e9b-4bb0-44a2-ab26-bc1d01993a59] Item 2: Downloading from URL https://flow-content.google/image/ea9cb444-f68c-4118-92af-6b4d3b83f943?Expires=1788616120&KeyName=labs-flow-prod-cdn-key&Signature=wJTzsBAJQyxj8HP6K5sAzLkXzmo
2026-09-05T07:49:36.104Z [26db0bd7-169a-4fc6-b85b-8b7a79f44854][96752e9b-4bb0-44a2-ab26-bc1d01993a59] Downloaded 2/4: winai_2026-09-05T07-49-35_02.jpg
2026-09-05T07:49:36.104Z [26db0bd7-169a-4fc6-b85b-8b7a79f44854][96752e9b-4bb0-44a2-ab26-bc1d01993a59] Item 3: Downloading from URL https://flow-content.google/image/c59b0b53-ec4b-4aac-bd92-f32c8e186a1d?Expires=1788616119&KeyName=labs-flow-prod-cdn-key&Signature=KCWNZt-tH_HdW9JI87rlfmSVHxA
2026-09-05T07:49:36.219Z [26db0bd7-169a-4fc6-b85b-8b7a79f44854][96752e9b-4bb0-44a2-ab26-bc1d01993a59] Downloaded 3/4: winai_2026-09-05T07-49-35_03.jpg
2026-09-05T07:49:36.220Z [26db0bd7-169a-4fc6-b85b-8b7a79f44854][96752e9b-4bb0-44a2-ab26-bc1d01993a59] Item 4: Downloading from URL https://flow-content.google/image/dab0767c-882e-41c7-843a-2976907b2c80?Expires=1788616118&KeyName=labs-flow-prod-cdn-key&Signature=D63DJ8CMYf3AJ_O7KRYgKLWKD8s
2026-09-05T07:49:36.282Z [f2cbd58b-eaad-490d-ad75-7ad0a2fb5476][96752e9b-4bb0-44a2-ab26-bc1d01993a59] Baseline: 48 pre-existing media tile(s) of 48 mounted (kinds: image,image,image,image,image,image,image,image,image,image,image,image,image,image,image,image,image,image,image,image,image,image,image,image,image,image,image,image,image,image,image,image,image,image,image,image,image,image,image,image,image,image,image,image,image,image,image,image).
2026-09-05T07:49:36.333Z [26db0bd7-169a-4fc6-b85b-8b7a79f44854][96752e9b-4bb0-44a2-ab26-bc1d01993a59] Downloaded 4/4: winai_2026-09-05T07-49-35_04.jpg
2026-09-05T07:49:36.333Z [26db0bd7-169a-4fc6-b85b-8b7a79f44854][96752e9b-4bb0-44a2-ab26-bc1d01993a59] ✅ 4 item(s) saved to Downloads/Win AI Toolkit/
2026-09-05T07:49:36.595Z [26db0bd7-169a-4fc6-b85b-8b7a79f44854][96752e9b-4bb0-44a2-ab26-bc1d01993a59] Item 3: Uploaded → https://studio.xanhmedia.vn/uploads/2026-09/1788594576262_2a7fcb_96752e9b-4bb0-44a2-ab26-bc1d01993a59_26d.jpg
2026-09-05T07:49:36.598Z [26db0bd7-169a-4fc6-b85b-8b7a79f44854][96752e9b-4bb0-44a2-ab26-bc1d01993a59] Item 4: Uploaded → https://studio.xanhmedia.vn/uploads/2026-09/1788594576266_2cd370_96752e9b-4bb0-44a2-ab26-bc1d01993a59_26d.jpg
2026-09-05T07:49:36.633Z [26db0bd7-169a-4fc6-b85b-8b7a79f44854][96752e9b-4bb0-44a2-ab26-bc1d01993a59] Item 1: Uploaded → https://studio.xanhmedia.vn/uploads/2026-09/1788594576293_c5e524_96752e9b-4bb0-44a2-ab26-bc1d01993a59_26d.jpg
2026-09-05T07:49:36.638Z [26db0bd7-169a-4fc6-b85b-8b7a79f44854][96752e9b-4bb0-44a2-ab26-bc1d01993a59] Item 2: Uploaded → https://studio.xanhmedia.vn/uploads/2026-09/1788594576301_f0ac7e_96752e9b-4bb0-44a2-ab26-bc1d01993a59_26d.jpg
2026-09-05T07:49:36.640Z [26db0bd7-169a-4fc6-b85b-8b7a79f44854][96752e9b-4bb0-44a2-ab26-bc1d01993a59] All done (including any 1080p upgrades). Closing Playwright browser context.
2026-09-05T07:49:37.019Z [7ea8bd96-2afa-43c4-a1d9-ba67e0c31c2d][96752e9b-4bb0-44a2-ab26-bc1d01993a59] runGeneration starting: task_id=7ea8bd96-2afa-43c4-a1d9-ba67e0c31c2d, profile_id=96752e9b-4bb0-44a2-ab26-bc1d01993a59, target_site=google_flow
2026-09-05T07:49:37.020Z [7ea8bd96-2afa-43c4-a1d9-ba67e0c31c2d][96752e9b-4bb0-44a2-ab26-bc1d01993a59] Opening Playwright browser with persistent profile cookies...
2026-09-05T07:49:37.020Z [7ea8bd96-2afa-43c4-a1d9-ba67e0c31c2d][96752e9b-4bb0-44a2-ab26-bc1d01993a59] Browser engine: winhide (C:\Users\Admin\AppData\Roaming\com.tank.winai\winhide\chrome.exe) [hidden off-screen]
2026-09-05T07:49:37.021Z [7ea8bd96-2afa-43c4-a1d9-ba67e0c31c2d][96752e9b-4bb0-44a2-ab26-bc1d01993a59] Launch mode: STEALTH (raw spawn + connectOverCDP)
2026-09-05T07:49:38.589Z [795ae097-da74-45b5-9bb4-83683bbc6a96][96752e9b-4bb0-44a2-ab26-bc1d01993a59] Generating... 1 ready, 0 failed / 4 total (42s) [BỐI CẢNH]Verdant Fa image 99% [BỐI CẢNH]
2026-09-05T07:49:38.693Z [7ea8bd96-2afa-43c4-a1d9-ba67e0c31c2d][96752e9b-4bb0-44a2-ab26-bc1d01993a59] Exit IP: 115.74.128.9
2026-09-05T07:49:38.694Z [7ea8bd96-2afa-43c4-a1d9-ba67e0c31c2d][96752e9b-4bb0-44a2-ab26-bc1d01993a59] Navigating browser to Google Flow tools page...
2026-09-05T07:49:38.694Z [7ea8bd96-2afa-43c4-a1d9-ba67e0c31c2d][96752e9b-4bb0-44a2-ab26-bc1d01993a59] Using existing project URL: https://flow.google.com/project/cd81a7d3-c989-419e-891a-f8694174cb85?hl=en
2026-09-05T07:49:38.853Z [f2cbd58b-eaad-490d-ad75-7ad0a2fb5476][96752e9b-4bb0-44a2-ab26-bc1d01993a59] [submit] confirmed (editor "What do you want to ", fresh tile=true).
2026-09-05T07:49:39.495Z [f2cbd58b-eaad-490d-ad75-7ad0a2fb5476][96752e9b-4bb0-44a2-ab26-bc1d01993a59] Current Workspace project URL: https://flow.google.com/project/33ca2cc2-c9ff-4bb6-9048-2a7af1dfcfee?hl=en
2026-09-05T07:49:39.496Z [f2cbd58b-eaad-490d-ad75-7ad0a2fb5476][96752e9b-4bb0-44a2-ab26-bc1d01993a59] Submitted ✓ Detecting batch size...
2026-09-05T07:49:39.520Z [f2cbd58b-eaad-490d-ad75-7ad0a2fb5476][96752e9b-4bb0-44a2-ab26-bc1d01993a59] New tile(s) since submit: 0 → 4 (mounted=47)
2026-09-05T07:49:39.666Z [7ea8bd96-2afa-43c4-a1d9-ba67e0c31c2d][96752e9b-4bb0-44a2-ab26-bc1d01993a59] Waiting for Google Flow...
2026-09-05T07:49:41.454Z [7ea8bd96-2afa-43c4-a1d9-ba67e0c31c2d][96752e9b-4bb0-44a2-ab26-bc1d01993a59] In existing project ✓
2026-09-05T07:49:41.607Z [795ae097-da74-45b5-9bb4-83683bbc6a96][96752e9b-4bb0-44a2-ab26-bc1d01993a59] Generating... 2 ready, 0 failed / 4 total (45s) image 99% [BỐI CẢNH]
2026-09-05T07:49:42.914Z [be55d78c-0b3d-4b5f-8bc2-56f41ca3157c][96752e9b-4bb0-44a2-ab26-bc1d01993a59] Ref image 7/8: chips 6→7 ✓
2026-09-05T07:49:43.664Z [f2cbd58b-eaad-490d-ad75-7ad0a2fb5476][96752e9b-4bb0-44a2-ab26-bc1d01993a59] Batch size stabilised at 4 new tile(s)
2026-09-05T07:49:43.664Z [f2cbd58b-eaad-490d-ad75-7ad0a2fb5476][96752e9b-4bb0-44a2-ab26-bc1d01993a59] Batch detected: 4 item(s). Generating...
2026-09-05T07:49:43.664Z [f2cbd58b-eaad-490d-ad75-7ad0a2fb5476][96752e9b-4bb0-44a2-ab26-bc1d01993a59] Polling for 4 image item(s) (baseline=48, hasUpload=true)...
2026-09-05T07:49:43.674Z [f2cbd58b-eaad-490d-ad75-7ad0a2fb5476][96752e9b-4bb0-44a2-ab26-bc1d01993a59] Generating... 0 ready, 0 failed / 4 total (0s) image 35% [BỐI CẢNH] image 35% [BỐI CẢNH] image 35% [BỐI CẢNH] image 35% [BỐI CẢNH]
2026-09-05T07:49:44.354Z [be55d78c-0b3d-4b5f-8bc2-56f41ca3157c][96752e9b-4bb0-44a2-ab26-bc1d01993a59] Ref image 8/8: downloading from URL...
2026-09-05T07:49:44.623Z [795ae097-da74-45b5-9bb4-83683bbc6a96][96752e9b-4bb0-44a2-ab26-bc1d01993a59] Generating... 2 ready, 0 failed / 4 total (48s) image 99% [BỐI CẢNH]
2026-09-05T07:49:44.798Z [be55d78c-0b3d-4b5f-8bc2-56f41ca3157c][96752e9b-4bb0-44a2-ab26-bc1d01993a59] Ref image 8/8: saved 926103 bytes (image/jpeg) as "Verdant Family Water Park Master.jpeg"
2026-09-05T07:49:44.801Z [be55d78c-0b3d-4b5f-8bc2-56f41ca3157c][96752e9b-4bb0-44a2-ab26-bc1d01993a59] Ref image 8/8: attaching reference image...
2026-09-05T07:49:46.694Z [f2cbd58b-eaad-490d-ad75-7ad0a2fb5476][96752e9b-4bb0-44a2-ab26-bc1d01993a59] Generating... 0 ready, 0 failed / 4 total (3s) image 55% [BỐI CẢNH] image 55% [BỐI CẢNH] image 55% [BỐI CẢNH] image 55% [BỐI CẢNH]
2026-09-05T07:49:47.087Z [be55d78c-0b3d-4b5f-8bc2-56f41ca3157c][96752e9b-4bb0-44a2-ab26-bc1d01993a59] Ref image 8/8: reusing library asset "Verdant Family Water Park Master.jpeg" (no re-upload).
2026-09-05T07:49:47.638Z [795ae097-da74-45b5-9bb4-83683bbc6a96][96752e9b-4bb0-44a2-ab26-bc1d01993a59] Generating... 2 ready, 0 failed / 4 total (51s) image 99% [BỐI CẢNH]
2026-09-05T07:49:48.634Z [7ea8bd96-2afa-43c4-a1d9-ba67e0c31c2d][96752e9b-4bb0-44a2-ab26-bc1d01993a59] Composer ready ✓ (UI language: en)
2026-09-05T07:49:48.684Z [7ea8bd96-2afa-43c4-a1d9-ba67e0c31c2d][96752e9b-4bb0-44a2-ab26-bc1d01993a59] dismissPopups: unresolved overlay(s) ["DIV[]|btns=","DIV[]|btns="]
2026-09-05T07:49:48.721Z [7ea8bd96-2afa-43c4-a1d9-ba67e0c31c2d][96752e9b-4bb0-44a2-ab26-bc1d01993a59] Agent toggle aria-pressed=false
2026-09-05T07:49:48.722Z [7ea8bd96-2afa-43c4-a1d9-ba67e0c31c2d][96752e9b-4bb0-44a2-ab26-bc1d01993a59] Opening settings...
2026-09-05T07:49:49.716Z [f2cbd58b-eaad-490d-ad75-7ad0a2fb5476][96752e9b-4bb0-44a2-ab26-bc1d01993a59] Generating... 0 ready, 0 failed / 4 total (6s) image 75% [BỐI CẢNH] image 75% [BỐI CẢNH] image 75% [BỐI CẢNH] image 75% [BỐI CẢNH]
2026-09-05T07:49:50.466Z [7ea8bd96-2afa-43c4-a1d9-ba67e0c31c2d][96752e9b-4bb0-44a2-ab26-bc1d01993a59] Configuring image settings...
2026-09-05T07:49:50.655Z [795ae097-da74-45b5-9bb4-83683bbc6a96][96752e9b-4bb0-44a2-ab26-bc1d01993a59] Generating... 2 ready, 0 failed / 4 total (54s) image 99% [BỐI CẢNH]
2026-09-05T07:49:51.045Z [be55d78c-0b3d-4b5f-8bc2-56f41ca3157c][96752e9b-4bb0-44a2-ab26-bc1d01993a59] Ref image 8/8: chips 7→8 ✓
2026-09-05T07:49:51.063Z [be55d78c-0b3d-4b5f-8bc2-56f41ca3157c][96752e9b-4bb0-44a2-ab26-bc1d01993a59] Entering prompt...
2026-09-05T07:49:52.184Z [7ea8bd96-2afa-43c4-a1d9-ba67e0c31c2d][96752e9b-4bb0-44a2-ab26-bc1d01993a59] Mode: selected "image Image" ✓
2026-09-05T07:49:52.729Z [f2cbd58b-eaad-490d-ad75-7ad0a2fb5476][96752e9b-4bb0-44a2-ab26-bc1d01993a59] Generating... 0 ready, 0 failed / 4 total (9s) image 95% [BỐI CẢNH] image 95% [BỐI CẢNH] image 95% [BỐI CẢNH] image 95% [BỐI CẢNH]
2026-09-05T07:49:52.950Z [be55d78c-0b3d-4b5f-8bc2-56f41ca3157c][96752e9b-4bb0-44a2-ab26-bc1d01993a59] Prompt is 2420 chars — typing it in 33 chunk(s).
2026-09-05T07:49:53.676Z [795ae097-da74-45b5-9bb4-83683bbc6a96][96752e9b-4bb0-44a2-ab26-bc1d01993a59] Generating... 2 ready, 0 failed / 4 total (57s) image 99% [BỐI CẢNH]
2026-09-05T07:49:55.747Z [f2cbd58b-eaad-490d-ad75-7ad0a2fb5476][96752e9b-4bb0-44a2-ab26-bc1d01993a59] Generating... 0 ready, 0 failed / 4 total (12s) image 99% [BỐI CẢNH] image 99% [BỐI CẢNH] image 99% [BỐI CẢNH] image 99% [BỐI CẢNH]
2026-09-05T07:49:56.696Z [795ae097-da74-45b5-9bb4-83683bbc6a96][96752e9b-4bb0-44a2-ab26-bc1d01993a59] Generating... 2 ready, 0 failed / 4 total (60s) image 99% [BỐI CẢNH]
2026-09-05T07:49:57.063Z [7ea8bd96-2afa-43c4-a1d9-ba67e0c31c2d][96752e9b-4bb0-44a2-ab26-bc1d01993a59] Model: selected "🍌 Nano Banana 2" ✓
2026-09-05T07:49:57.961Z [7ea8bd96-2afa-43c4-a1d9-ba67e0c31c2d][96752e9b-4bb0-44a2-ab26-bc1d01993a59] Aspect ratio: "crop_16_9 16:9" already selected ✓
2026-09-05T07:49:58.765Z [f2cbd58b-eaad-490d-ad75-7ad0a2fb5476][96752e9b-4bb0-44a2-ab26-bc1d01993a59] Generating... 0 ready, 0 failed / 4 total (15s) image 99% [BỐI CẢNH] image 99% [BỐI CẢNH] image 99% [BỐI CẢNH] image 99% [BỐI CẢNH]
2026-09-05T07:49:59.454Z [7ea8bd96-2afa-43c4-a1d9-ba67e0c31c2d][96752e9b-4bb0-44a2-ab26-bc1d01993a59] Output count: selected "x4" ✓
2026-09-05T07:49:59.718Z [795ae097-da74-45b5-9bb4-83683bbc6a96][96752e9b-4bb0-44a2-ab26-bc1d01993a59] Generating... 2 ready, 0 failed / 4 total (63s) image 99% [BỐI CẢNH]
2026-09-05T07:50:00.463Z [7ea8bd96-2afa-43c4-a1d9-ba67e0c31c2d][96752e9b-4bb0-44a2-ab26-bc1d01993a59] Ref image 1/7: downloading from URL...
2026-09-05T07:50:00.670Z [7ea8bd96-2afa-43c4-a1d9-ba67e0c31c2d][96752e9b-4bb0-44a2-ab26-bc1d01993a59] Downloader: no-proxy request context ready.
2026-09-05T07:50:01.435Z [7ea8bd96-2afa-43c4-a1d9-ba67e0c31c2d][96752e9b-4bb0-44a2-ab26-bc1d01993a59] Ref image 1/7: saved 468314 bytes (image/jpeg) as "Arlo Water Park Day.jpeg"
2026-09-05T07:50:01.439Z [7ea8bd96-2afa-43c4-a1d9-ba67e0c31c2d][96752e9b-4bb0-44a2-ab26-bc1d01993a59] Ref image 1/7: attaching reference image...
2026-09-05T07:50:01.783Z [f2cbd58b-eaad-490d-ad75-7ad0a2fb5476][96752e9b-4bb0-44a2-ab26-bc1d01993a59] Generating... 0 ready, 0 failed / 4 total (18s) image 99% [BỐI CẢNH] image 99% [BỐI CẢNH] image 99% [BỐI CẢNH] image 99% [BỐI CẢNH]
2026-09-05T07:50:02.740Z [795ae097-da74-45b5-9bb4-83683bbc6a96][96752e9b-4bb0-44a2-ab26-bc1d01993a59] Generating... 2 ready, 0 failed / 4 total (66s) image 99% [BỐI CẢNH]
2026-09-05T07:50:03.679Z [7ea8bd96-2afa-43c4-a1d9-ba67e0c31c2d][96752e9b-4bb0-44a2-ab26-bc1d01993a59] Ref image 1/7: reusing library asset "Arlo Water Park Day.jpeg" (no re-upload).
2026-09-05T07:50:04.809Z [f2cbd58b-eaad-490d-ad75-7ad0a2fb5476][96752e9b-4bb0-44a2-ab26-bc1d01993a59] Generating... 0 ready, 0 failed / 4 total (21s) image 99% [BỐI CẢNH] image 99% [BỐI CẢNH] image 99% [BỐI CẢNH] image 99% [BỐI CẢNH]
2026-09-05T07:50:05.767Z [795ae097-da74-45b5-9bb4-83683bbc6a96][96752e9b-4bb0-44a2-ab26-bc1d01993a59] Generating... 2 ready, 0 failed / 4 total (69s) [BỐI CẢNH]Verdant Fa
2026-09-05T07:50:06.986Z [7ea8bd96-2afa-43c4-a1d9-ba67e0c31c2d][96752e9b-4bb0-44a2-ab26-bc1d01993a59] Ref image 1/7: chips 0→1 ✓
2026-09-05T07:50:07.617Z [be55d78c-0b3d-4b5f-8bc2-56f41ca3157c][96752e9b-4bb0-44a2-ab26-bc1d01993a59] Prompt insert attempt 1: editor has 2366 chars (want ~2413) ✓
2026-09-05T07:50:07.836Z [f2cbd58b-eaad-490d-ad75-7ad0a2fb5476][96752e9b-4bb0-44a2-ab26-bc1d01993a59] Generating... 0 ready, 0 failed / 4 total (24s) image 99% [BỐI CẢNH] image 99% [BỐI CẢNH] image 99% [BỐI CẢNH] image 99% [BỐI CẢNH]
2026-09-05T07:50:07.953Z [7ea8bd96-2afa-43c4-a1d9-ba67e0c31c2d][96752e9b-4bb0-44a2-ab26-bc1d01993a59] Ref image 2/7: downloading from URL...
2026-09-05T07:50:08.377Z [7ea8bd96-2afa-43c4-a1d9-ba67e0c31c2d][96752e9b-4bb0-44a2-ab26-bc1d01993a59] Ref image 2/7: saved 628888 bytes (image/jpeg) as "Nessa Water Park Day.jpeg"
2026-09-05T07:50:08.380Z [7ea8bd96-2afa-43c4-a1d9-ba67e0c31c2d][96752e9b-4bb0-44a2-ab26-bc1d01993a59] Ref image 2/7: attaching reference image...
2026-09-05T07:50:08.781Z [795ae097-da74-45b5-9bb4-83683bbc6a96][96752e9b-4bb0-44a2-ab26-bc1d01993a59] Generating... 3 ready, 0 failed / 4 total (72s)
2026-09-05T07:50:09.479Z [be55d78c-0b3d-4b5f-8bc2-56f41ca3157c][96752e9b-4bb0-44a2-ab26-bc1d01993a59] Baseline: 48 pre-existing media tile(s) of 48 mounted (kinds: image,image,image,image,image,image,image,image,image,image,image,image,image,image,image,image,image,image,image,image,image,image,image,image,image,image,image,image,image,image,image,image,image,image,image,image,image,image,image,image,image,image,image,image,image,image,image,image).
2026-09-05T07:50:10.472Z [7ea8bd96-2afa-43c4-a1d9-ba67e0c31c2d][96752e9b-4bb0-44a2-ab26-bc1d01993a59] Ref image 2/7: reusing library asset "Nessa Water Park Day.jpeg" (no re-upload).
2026-09-05T07:50:10.860Z [f2cbd58b-eaad-490d-ad75-7ad0a2fb5476][96752e9b-4bb0-44a2-ab26-bc1d01993a59] Generating... 0 ready, 0 failed / 4 total (27s) image 99% [BỐI CẢNH] image 99% [BỐI CẢNH] image 99% [BỐI CẢNH] image 99% [BỐI CẢNH]
2026-09-05T07:50:11.498Z [be55d78c-0b3d-4b5f-8bc2-56f41ca3157c][96752e9b-4bb0-44a2-ab26-bc1d01993a59] [submit] confirmed (editor "What do you want to ", fresh tile=true).
2026-09-05T07:50:11.797Z [795ae097-da74-45b5-9bb4-83683bbc6a96][96752e9b-4bb0-44a2-ab26-bc1d01993a59] Generating... 3 ready, 0 failed / 4 total (76s)
2026-09-05T07:50:11.909Z [be55d78c-0b3d-4b5f-8bc2-56f41ca3157c][96752e9b-4bb0-44a2-ab26-bc1d01993a59] Current Workspace project URL: https://flow.google.com/project/c2a607c5-d833-4be1-8108-407b74d4ed85?hl=en
2026-09-05T07:50:11.910Z [be55d78c-0b3d-4b5f-8bc2-56f41ca3157c][96752e9b-4bb0-44a2-ab26-bc1d01993a59] Submitted ✓ Detecting batch size...
2026-09-05T07:50:11.924Z [be55d78c-0b3d-4b5f-8bc2-56f41ca3157c][96752e9b-4bb0-44a2-ab26-bc1d01993a59] New tile(s) since submit: 0 → 4 (mounted=48)
2026-09-05T07:50:13.799Z [7ea8bd96-2afa-43c4-a1d9-ba67e0c31c2d][96752e9b-4bb0-44a2-ab26-bc1d01993a59] Ref image 2/7: chips 1→2 ✓
2026-09-05T07:50:13.875Z [f2cbd58b-eaad-490d-ad75-7ad0a2fb5476][96752e9b-4bb0-44a2-ab26-bc1d01993a59] Generating... 0 ready, 0 failed / 4 total (30s) image 99% [BỐI CẢNH] image 99% [BỐI CẢNH] image 99% [BỐI CẢNH] image 99% [BỐI CẢNH]
2026-09-05T07:50:14.818Z [795ae097-da74-45b5-9bb4-83683bbc6a96][96752e9b-4bb0-44a2-ab26-bc1d01993a59] Generating... 3 ready, 0 failed / 4 total (79s)
2026-09-05T07:50:14.870Z [7ea8bd96-2afa-43c4-a1d9-ba67e0c31c2d][96752e9b-4bb0-44a2-ab26-bc1d01993a59] Ref image 3/7: downloading from URL...
2026-09-05T07:50:15.261Z [7ea8bd96-2afa-43c4-a1d9-ba67e0c31c2d][96752e9b-4bb0-44a2-ab26-bc1d01993a59] Ref image 3/7: saved 653843 bytes (image/jpeg) as "Graham Water Park Day.jpeg"
2026-09-05T07:50:15.265Z [7ea8bd96-2afa-43c4-a1d9-ba67e0c31c2d][96752e9b-4bb0-44a2-ab26-bc1d01993a59] Ref image 3/7: attaching reference image...
2026-09-05T07:50:16.071Z [be55d78c-0b3d-4b5f-8bc2-56f41ca3157c][96752e9b-4bb0-44a2-ab26-bc1d01993a59] Batch size stabilised at 4 new tile(s)
2026-09-05T07:50:16.072Z [be55d78c-0b3d-4b5f-8bc2-56f41ca3157c][96752e9b-4bb0-44a2-ab26-bc1d01993a59] Batch detected: 4 item(s). Generating...
2026-09-05T07:50:16.072Z [be55d78c-0b3d-4b5f-8bc2-56f41ca3157c][96752e9b-4bb0-44a2-ab26-bc1d01993a59] Polling for 4 image item(s) (baseline=48, hasUpload=true)...
2026-09-05T07:50:16.081Z [be55d78c-0b3d-4b5f-8bc2-56f41ca3157c][96752e9b-4bb0-44a2-ab26-bc1d01993a59] Generating... 0 ready, 0 failed / 4 total (0s) image 34% [BỐI CẢNH] image 34% [BỐI CẢNH] image 34% [BỐI CẢNH] image 34% [BỐI CẢNH]
2026-09-05T07:50:16.897Z [f2cbd58b-eaad-490d-ad75-7ad0a2fb5476][96752e9b-4bb0-44a2-ab26-bc1d01993a59] Generating... 0 ready, 0 failed / 4 total (33s) image 99% [BỐI CẢNH] image 99% [BỐI CẢNH] image 99% [BỐI CẢNH] image 99% [BỐI CẢNH]
2026-09-05T07:50:17.797Z [7ea8bd96-2afa-43c4-a1d9-ba67e0c31c2d][96752e9b-4bb0-44a2-ab26-bc1d01993a59] Ref image 3/7: reusing library asset "Graham Water Park Day.jpeg" (no re-upload).
2026-09-05T07:50:17.845Z [795ae097-da74-45b5-9bb4-83683bbc6a96][96752e9b-4bb0-44a2-ab26-bc1d01993a59] Generating... 3 ready, 0 failed / 4 total (82s)
2026-09-05T07:50:19.097Z [be55d78c-0b3d-4b5f-8bc2-56f41ca3157c][96752e9b-4bb0-44a2-ab26-bc1d01993a59] Generating... 0 ready, 0 failed / 4 total (3s) image 54% [BỐI CẢNH] image 54% [BỐI CẢNH] image 54% [BỐI CẢNH] image 54% [BỐI CẢNH]
2026-09-05T07:50:19.917Z [f2cbd58b-eaad-490d-ad75-7ad0a2fb5476][96752e9b-4bb0-44a2-ab26-bc1d01993a59] Generating... 0 ready, 0 failed / 4 total (36s) [BỐI CẢNH]Verdant Fa image 99% [BỐI CẢNH] image 99% [BỐI CẢNH]
2026-09-05T07:50:20.863Z [795ae097-da74-45b5-9bb4-83683bbc6a96][96752e9b-4bb0-44a2-ab26-bc1d01993a59] Generating... 3 ready, 0 failed / 4 total (85s)
2026-09-05T07:50:21.350Z [7ea8bd96-2afa-43c4-a1d9-ba67e0c31c2d][96752e9b-4bb0-44a2-ab26-bc1d01993a59] Ref image 3/7: chips 2→3 ✓
2026-09-05T07:50:22.111Z [be55d78c-0b3d-4b5f-8bc2-56f41ca3157c][96752e9b-4bb0-44a2-ab26-bc1d01993a59] Generating... 0 ready, 0 failed / 4 total (6s) image 74% [BỐI CẢNH] image 74% [BỐI CẢNH] image 74% [BỐI CẢNH] image 74% [BỐI CẢNH]
2026-09-05T07:50:22.764Z [7ea8bd96-2afa-43c4-a1d9-ba67e0c31c2d][96752e9b-4bb0-44a2-ab26-bc1d01993a59] Ref image 4/7: downloading from URL...
2026-09-05T07:50:22.941Z [f2cbd58b-eaad-490d-ad75-7ad0a2fb5476][96752e9b-4bb0-44a2-ab26-bc1d01993a59] Generating... 1 ready, 0 failed / 4 total (39s) image 99% [BỐI CẢNH] image 99% [BỐI CẢNH]
2026-09-05T07:50:23.179Z [7ea8bd96-2afa-43c4-a1d9-ba67e0c31c2d][96752e9b-4bb0-44a2-ab26-bc1d01993a59] Ref image 4/7: saved 549605 bytes (image/jpeg) as "Elara Water Park Day.jpeg"
2026-09-05T07:50:23.183Z [7ea8bd96-2afa-43c4-a1d9-ba67e0c31c2d][96752e9b-4bb0-44a2-ab26-bc1d01993a59] Ref image 4/7: attaching reference image...
2026-09-05T07:50:23.875Z [795ae097-da74-45b5-9bb4-83683bbc6a96][96752e9b-4bb0-44a2-ab26-bc1d01993a59] Generating... 3 ready, 0 failed / 4 total (88s)
2026-09-05T07:50:25.127Z [be55d78c-0b3d-4b5f-8bc2-56f41ca3157c][96752e9b-4bb0-44a2-ab26-bc1d01993a59] Generating... 0 ready, 0 failed / 4 total (9s) image 94% [BỐI CẢNH] image 94% [BỐI CẢNH] image 94% [BỐI CẢNH] image 94% [BỐI CẢNH]
2026-09-05T07:50:25.210Z [7ea8bd96-2afa-43c4-a1d9-ba67e0c31c2d][96752e9b-4bb0-44a2-ab26-bc1d01993a59] Ref image 4/7: reusing library asset "Elara Water Park Day.jpeg" (no re-upload).
2026-09-05T07:50:25.954Z [f2cbd58b-eaad-490d-ad75-7ad0a2fb5476][96752e9b-4bb0-44a2-ab26-bc1d01993a59] Generating... 1 ready, 0 failed / 4 total (42s) image 99% [BỐI CẢNH] image 99% [BỐI CẢNH]
2026-09-05T07:50:26.896Z [795ae097-da74-45b5-9bb4-83683bbc6a96][96752e9b-4bb0-44a2-ab26-bc1d01993a59] Generating... 3 ready, 0 failed / 4 total (91s)
2026-09-05T07:50:28.144Z [be55d78c-0b3d-4b5f-8bc2-56f41ca3157c][96752e9b-4bb0-44a2-ab26-bc1d01993a59] Generating... 0 ready, 0 failed / 4 total (12s) image 99% [BỐI CẢNH] image 99% [BỐI CẢNH] image 99% [BỐI CẢNH] image 99% [BỐI CẢNH]
2026-09-05T07:50:28.462Z [7ea8bd96-2afa-43c4-a1d9-ba67e0c31c2d][96752e9b-4bb0-44a2-ab26-bc1d01993a59] Ref image 4/7: chips 3→4 ✓
2026-09-05T07:50:28.970Z [f2cbd58b-eaad-490d-ad75-7ad0a2fb5476][96752e9b-4bb0-44a2-ab26-bc1d01993a59] Generating... 1 ready, 0 failed / 4 total (45s) image 99% [BỐI CẢNH] image 99% [BỐI CẢNH]
2026-09-05T07:50:29.917Z [795ae097-da74-45b5-9bb4-83683bbc6a96][96752e9b-4bb0-44a2-ab26-bc1d01993a59] Generating... 3 ready, 0 failed / 4 total (94s)
2026-09-05T07:50:30.015Z [7ea8bd96-2afa-43c4-a1d9-ba67e0c31c2d][96752e9b-4bb0-44a2-ab26-bc1d01993a59] Ref image 5/7: downloading from URL...
2026-09-05T07:50:30.411Z [7ea8bd96-2afa-43c4-a1d9-ba67e0c31c2d][96752e9b-4bb0-44a2-ab26-bc1d01993a59] Ref image 5/7: saved 289545 bytes (image/jpeg) as "Graham Family Smartphone.jpeg"
2026-09-05T07:50:30.415Z [7ea8bd96-2afa-43c4-a1d9-ba67e0c31c2d][96752e9b-4bb0-44a2-ab26-bc1d01993a59] Ref image 5/7: attaching reference image...
2026-09-05T07:50:31.163Z [be55d78c-0b3d-4b5f-8bc2-56f41ca3157c][96752e9b-4bb0-44a2-ab26-bc1d01993a59] Generating... 0 ready, 0 failed / 4 total (15s) image 99% [BỐI CẢNH] image 99% [BỐI CẢNH] image 99% [BỐI CẢNH] image 99% [BỐI CẢNH]
2026-09-05T07:50:31.984Z [f2cbd58b-eaad-490d-ad75-7ad0a2fb5476][96752e9b-4bb0-44a2-ab26-bc1d01993a59] Generating... 1 ready, 0 failed / 4 total (48s) image 99% [BỐI CẢNH] image 99% [BỐI CẢNH]
2026-09-05T07:50:32.567Z [7ea8bd96-2afa-43c4-a1d9-ba67e0c31c2d][96752e9b-4bb0-44a2-ab26-bc1d01993a59] Ref image 5/7: reusing library asset "Graham Family Smartphone.jpeg" (no re-upload).
2026-09-05T07:50:32.932Z [795ae097-da74-45b5-9bb4-83683bbc6a96][96752e9b-4bb0-44a2-ab26-bc1d01993a59] Generating... 3 ready, 0 failed / 4 total (97s)
2026-09-05T07:50:34.180Z [be55d78c-0b3d-4b5f-8bc2-56f41ca3157c][96752e9b-4bb0-44a2-ab26-bc1d01993a59] Generating... 0 ready, 0 failed / 4 total (18s) image 99% [BỐI CẢNH] image 99% [BỐI CẢNH] image 99% [BỐI CẢNH] image 99% [BỐI CẢNH]
2026-09-05T07:50:34.999Z [f2cbd58b-eaad-490d-ad75-7ad0a2fb5476][96752e9b-4bb0-44a2-ab26-bc1d01993a59] Generating... 1 ready, 0 failed / 4 total (51s) [BỐI CẢNH]Verdant Fa image 100% [BỐI CẢNH
2026-09-05T07:50:35.946Z [795ae097-da74-45b5-9bb4-83683bbc6a96][96752e9b-4bb0-44a2-ab26-bc1d01993a59] Generating... 3 ready, 0 failed / 4 total (100s)
2026-09-05T07:50:36.169Z [7ea8bd96-2afa-43c4-a1d9-ba67e0c31c2d][96752e9b-4bb0-44a2-ab26-bc1d01993a59] Ref image 5/7: chips 4→5 ✓
2026-09-05T07:50:37.198Z [be55d78c-0b3d-4b5f-8bc2-56f41ca3157c][96752e9b-4bb0-44a2-ab26-bc1d01993a59] Generating... 0 ready, 0 failed / 4 total (21s) image 99% [BỐI CẢNH] image 99% [BỐI CẢNH] image 99% [BỐI CẢNH] image 99% [BỐI CẢNH]
2026-09-05T07:50:37.535Z [7ea8bd96-2afa-43c4-a1d9-ba67e0c31c2d][96752e9b-4bb0-44a2-ab26-bc1d01993a59] Ref image 6/7: downloading from URL...
2026-09-05T07:50:37.897Z [7ea8bd96-2afa-43c4-a1d9-ba67e0c31c2d][96752e9b-4bb0-44a2-ab26-bc1d01993a59] Ref image 6/7: saved 489730 bytes (image/jpeg) as "Vale Family Blue Bath Towel.jpeg"
2026-09-05T07:50:37.900Z [7ea8bd96-2afa-43c4-a1d9-ba67e0c31c2d][96752e9b-4bb0-44a2-ab26-bc1d01993a59] Ref image 6/7: attaching reference image...
2026-09-05T07:50:38.025Z [f2cbd58b-eaad-490d-ad75-7ad0a2fb5476][96752e9b-4bb0-44a2-ab26-bc1d01993a59] Generating... 2 ready, 0 failed / 4 total (54s) image 100% [BỐI CẢNH
2026-09-05T07:50:38.978Z [795ae097-da74-45b5-9bb4-83683bbc6a96][96752e9b-4bb0-44a2-ab26-bc1d01993a59] Generating... 3 ready, 0 failed / 4 total (103s)
2026-09-05T07:50:39.776Z [7ea8bd96-2afa-43c4-a1d9-ba67e0c31c2d][96752e9b-4bb0-44a2-ab26-bc1d01993a59] Ref image 6/7: reusing library asset "Vale Family Blue Bath Towel.jpeg" (no re-upload).
2026-09-05T07:50:40.221Z [be55d78c-0b3d-4b5f-8bc2-56f41ca3157c][96752e9b-4bb0-44a2-ab26-bc1d01993a59] Generating... 0 ready, 0 failed / 4 total (24s) image 99% [BỐI CẢNH] image 99% [BỐI CẢNH] image 99% [BỐI CẢNH] image 99% [BỐI CẢNH]
2026-09-05T07:50:41.046Z [f2cbd58b-eaad-490d-ad75-7ad0a2fb5476][96752e9b-4bb0-44a2-ab26-bc1d01993a59] Generating... 2 ready, 0 failed / 4 total (57s) image 100% [BỐI CẢNH
2026-09-05T07:50:41.996Z [795ae097-da74-45b5-9bb4-83683bbc6a96][96752e9b-4bb0-44a2-ab26-bc1d01993a59] Generating... 3 ready, 0 failed / 4 total (106s)
2026-09-05T07:50:43.030Z [7ea8bd96-2afa-43c4-a1d9-ba67e0c31c2d][96752e9b-4bb0-44a2-ab26-bc1d01993a59] Ref image 6/7: chips 5→6 ✓
2026-09-05T07:50:43.243Z [be55d78c-0b3d-4b5f-8bc2-56f41ca3157c][96752e9b-4bb0-44a2-ab26-bc1d01993a59] Generating... 0 ready, 0 failed / 4 total (27s) image 99% [BỐI CẢNH] image 99% [BỐI CẢNH] image 99% [BỐI CẢNH] image 99% [BỐI CẢNH]
2026-09-05T07:50:44.063Z [f2cbd58b-eaad-490d-ad75-7ad0a2fb5476][96752e9b-4bb0-44a2-ab26-bc1d01993a59] Generating... 2 ready, 0 failed / 4 total (60s) [BỐI CẢNH]Verdant Fa
2026-09-05T07:50:44.696Z [7ea8bd96-2afa-43c4-a1d9-ba67e0c31c2d][96752e9b-4bb0-44a2-ab26-bc1d01993a59] Ref image 7/7: downloading from URL...
2026-09-05T07:50:45.010Z [795ae097-da74-45b5-9bb4-83683bbc6a96][96752e9b-4bb0-44a2-ab26-bc1d01993a59] Generating... 3 ready, 0 failed / 4 total (109s)
2026-09-05T07:50:45.107Z [7ea8bd96-2afa-43c4-a1d9-ba67e0c31c2d][96752e9b-4bb0-44a2-ab26-bc1d01993a59] Ref image 7/7: saved 926103 bytes (image/jpeg) as "Verdant Family Water Park Master.jpeg"
2026-09-05T07:50:45.113Z [7ea8bd96-2afa-43c4-a1d9-ba67e0c31c2d][96752e9b-4bb0-44a2-ab26-bc1d01993a59] Ref image 7/7: attaching reference image...
2026-09-05T07:50:46.257Z [be55d78c-0b3d-4b5f-8bc2-56f41ca3157c][96752e9b-4bb0-44a2-ab26-bc1d01993a59] Generating... 0 ready, 0 failed / 4 total (30s) image 99% [BỐI CẢNH] image 99% [BỐI CẢNH] image 99% [BỐI CẢNH] image 99% [BỐI CẢNH]
2026-09-05T07:50:46.911Z [7ea8bd96-2afa-43c4-a1d9-ba67e0c31c2d][96752e9b-4bb0-44a2-ab26-bc1d01993a59] Ref image 7/7: reusing library asset "Verdant Family Water Park Master.jpeg" (no re-upload).
2026-09-05T07:50:47.074Z [f2cbd58b-eaad-490d-ad75-7ad0a2fb5476][96752e9b-4bb0-44a2-ab26-bc1d01993a59] Generating... 3 ready, 0 failed / 4 total (63s)
2026-09-05T07:50:48.032Z [795ae097-da74-45b5-9bb4-83683bbc6a96][96752e9b-4bb0-44a2-ab26-bc1d01993a59] Generating... 3 ready, 0 failed / 4 total (112s)
2026-09-05T07:50:49.269Z [be55d78c-0b3d-4b5f-8bc2-56f41ca3157c][96752e9b-4bb0-44a2-ab26-bc1d01993a59] Generating... 0 ready, 0 failed / 4 total (33s) image 99% [BỐI CẢNH] image 99% [BỐI CẢNH] image 99% [BỐI CẢNH] image 99% [BỐI CẢNH]
2026-09-05T07:50:50.095Z [f2cbd58b-eaad-490d-ad75-7ad0a2fb5476][96752e9b-4bb0-44a2-ab26-bc1d01993a59] Generating... 3 ready, 0 failed / 4 total (66s)
2026-09-05T07:50:51.001Z [7ea8bd96-2afa-43c4-a1d9-ba67e0c31c2d][96752e9b-4bb0-44a2-ab26-bc1d01993a59] Ref image 7/7: chips 6→7 ✓
2026-09-05T07:50:51.010Z [7ea8bd96-2afa-43c4-a1d9-ba67e0c31c2d][96752e9b-4bb0-44a2-ab26-bc1d01993a59] Entering prompt...
2026-09-05T07:50:51.048Z [795ae097-da74-45b5-9bb4-83683bbc6a96][96752e9b-4bb0-44a2-ab26-bc1d01993a59] Generating... 3 ready, 0 failed / 4 total (115s)
2026-09-05T07:50:52.291Z [be55d78c-0b3d-4b5f-8bc2-56f41ca3157c][96752e9b-4bb0-44a2-ab26-bc1d01993a59] Generating... 0 ready, 0 failed / 4 total (36s) image 99% [BỐI CẢNH] image 99% [BỐI CẢNH] image 99% [BỐI CẢNH] image 99% [BỐI CẢNH]
2026-09-05T07:50:53.115Z [7ea8bd96-2afa-43c4-a1d9-ba67e0c31c2d][96752e9b-4bb0-44a2-ab26-bc1d01993a59] Prompt is 2439 chars — typing it in 31 chunk(s).
2026-09-05T07:50:53.127Z [f2cbd58b-eaad-490d-ad75-7ad0a2fb5476][96752e9b-4bb0-44a2-ab26-bc1d01993a59] Generating... 3 ready, 0 failed / 4 total (69s)
2026-09-05T07:50:54.064Z [795ae097-da74-45b5-9bb4-83683bbc6a96][96752e9b-4bb0-44a2-ab26-bc1d01993a59] Generating... 3 ready, 0 failed / 4 total (118s)
2026-09-05T07:50:55.306Z [be55d78c-0b3d-4b5f-8bc2-56f41ca3157c][96752e9b-4bb0-44a2-ab26-bc1d01993a59] Generating... 0 ready, 0 failed / 4 total (39s) image 99% [BỐI CẢNH] [BỐI CẢNH]Verdant Fa [BỐI CẢNH]Verdant Fa image 99% [BỐI CẢNH]
2026-09-05T07:50:56.146Z [f2cbd58b-eaad-490d-ad75-7ad0a2fb5476][96752e9b-4bb0-44a2-ab26-bc1d01993a59] Generating... 3 ready, 0 failed / 4 total (72s)
2026-09-05T07:50:57.081Z [795ae097-da74-45b5-9bb4-83683bbc6a96][96752e9b-4bb0-44a2-ab26-bc1d01993a59] Generating... 3 ready, 0 failed / 4 total (121s)
2026-09-05T07:50:58.326Z [be55d78c-0b3d-4b5f-8bc2-56f41ca3157c][96752e9b-4bb0-44a2-ab26-bc1d01993a59] Generating... 2 ready, 0 failed / 4 total (42s) image 99% [BỐI CẢNH] image 99% [BỐI CẢNH]
2026-09-05T07:50:59.166Z [f2cbd58b-eaad-490d-ad75-7ad0a2fb5476][96752e9b-4bb0-44a2-ab26-bc1d01993a59] Generating... 3 ready, 0 failed / 4 total (76s)
2026-09-05T07:51:00.095Z [795ae097-da74-45b5-9bb4-83683bbc6a96][96752e9b-4bb0-44a2-ab26-bc1d01993a59] Generating... 3 ready, 0 failed / 4 total (124s)
2026-09-05T07:51:01.341Z [be55d78c-0b3d-4b5f-8bc2-56f41ca3157c][96752e9b-4bb0-44a2-ab26-bc1d01993a59] Generating... 2 ready, 0 failed / 4 total (45s) image 99% [BỐI CẢNH] image 99% [BỐI CẢNH]
2026-09-05T07:51:02.180Z [f2cbd58b-eaad-490d-ad75-7ad0a2fb5476][96752e9b-4bb0-44a2-ab26-bc1d01993a59] Generating... 3 ready, 0 failed / 4 total (79s)
2026-09-05T07:51:03.118Z [795ae097-da74-45b5-9bb4-83683bbc6a96][96752e9b-4bb0-44a2-ab26-bc1d01993a59] Generating... 3 ready, 0 failed / 4 total (127s)
2026-09-05T07:51:04.355Z [be55d78c-0b3d-4b5f-8bc2-56f41ca3157c][96752e9b-4bb0-44a2-ab26-bc1d01993a59] Generating... 2 ready, 0 failed / 4 total (48s) [BỐI CẢNH]Verdant Fa image 99% [BỐI CẢNH]
2026-09-05T07:51:05.195Z [f2cbd58b-eaad-490d-ad75-7ad0a2fb5476][96752e9b-4bb0-44a2-ab26-bc1d01993a59] Generating... 3 ready, 0 failed / 4 total (82s)
2026-09-05T07:51:06.134Z [795ae097-da74-45b5-9bb4-83683bbc6a96][96752e9b-4bb0-44a2-ab26-bc1d01993a59] Generating... 3 ready, 0 failed / 4 total (130s)
2026-09-05T07:51:07.040Z [7ea8bd96-2afa-43c4-a1d9-ba67e0c31c2d][96752e9b-4bb0-44a2-ab26-bc1d01993a59] Prompt insert attempt 1: editor has 2385 chars (want ~2432) ✓
2026-09-05T07:51:07.375Z [be55d78c-0b3d-4b5f-8bc2-56f41ca3157c][96752e9b-4bb0-44a2-ab26-bc1d01993a59] Generating... 3 ready, 0 failed / 4 total (51s) image 99% [BỐI CẢNH]
2026-09-05T07:51:08.215Z [f2cbd58b-eaad-490d-ad75-7ad0a2fb5476][96752e9b-4bb0-44a2-ab26-bc1d01993a59] Generating... 3 ready, 0 failed / 4 total (85s)
2026-09-05T07:51:09.064Z [7ea8bd96-2afa-43c4-a1d9-ba67e0c31c2d][96752e9b-4bb0-44a2-ab26-bc1d01993a59] Baseline: 50 pre-existing media tile(s) of 50 mounted (kinds: image,image,image,image,image,image,image,image,image,image,image,image,image,image,image,image,image,image,image,image,image,image,image,image,image,image,image,image,image,image,image,image,image,image,image,image,image,image,image,image,image,image,image,image,image,image,image,image,image,image).
2026-09-05T07:51:09.146Z [795ae097-da74-45b5-9bb4-83683bbc6a96][96752e9b-4bb0-44a2-ab26-bc1d01993a59] Generating... 3 ready, 0 failed / 4 total (133s)
2026-09-05T07:51:10.398Z [be55d78c-0b3d-4b5f-8bc2-56f41ca3157c][96752e9b-4bb0-44a2-ab26-bc1d01993a59] Generating... 3 ready, 0 failed / 4 total (54s) image 99% [BỐI CẢNH]
2026-09-05T07:51:10.630Z [7ea8bd96-2afa-43c4-a1d9-ba67e0c31c2d][96752e9b-4bb0-44a2-ab26-bc1d01993a59] [submit] confirmed (editor "What do you want to ", fresh tile=true).
2026-09-05T07:51:11.232Z [f2cbd58b-eaad-490d-ad75-7ad0a2fb5476][96752e9b-4bb0-44a2-ab26-bc1d01993a59] Generating... 3 ready, 0 failed / 4 total (88s)
2026-09-05T07:51:11.353Z [7ea8bd96-2afa-43c4-a1d9-ba67e0c31c2d][96752e9b-4bb0-44a2-ab26-bc1d01993a59] Current Workspace project URL: https://flow.google.com/project/cd81a7d3-c989-419e-891a-f8694174cb85?hl=en
2026-09-05T07:51:11.353Z [7ea8bd96-2afa-43c4-a1d9-ba67e0c31c2d][96752e9b-4bb0-44a2-ab26-bc1d01993a59] Submitted ✓ Detecting batch size...
2026-09-05T07:51:11.365Z [7ea8bd96-2afa-43c4-a1d9-ba67e0c31c2d][96752e9b-4bb0-44a2-ab26-bc1d01993a59] New tile(s) since submit: 0 → 4 (mounted=49)
2026-09-05T07:51:12.176Z [795ae097-da74-45b5-9bb4-83683bbc6a96][96752e9b-4bb0-44a2-ab26-bc1d01993a59] Generating... 3 ready, 0 failed / 4 total (136s)
2026-09-05T07:51:13.415Z [be55d78c-0b3d-4b5f-8bc2-56f41ca3157c][96752e9b-4bb0-44a2-ab26-bc1d01993a59] Generating... 3 ready, 0 failed / 4 total (57s) [BỐI CẢNH]Verdant Fa
2026-09-05T07:51:14.247Z [f2cbd58b-eaad-490d-ad75-7ad0a2fb5476][96752e9b-4bb0-44a2-ab26-bc1d01993a59] Generating... 3 ready, 0 failed / 4 total (91s)
2026-09-05T07:51:15.198Z [795ae097-da74-45b5-9bb4-83683bbc6a96][96752e9b-4bb0-44a2-ab26-bc1d01993a59] Generating... 3 ready, 0 failed / 4 total (139s)
2026-09-05T07:51:15.532Z [7ea8bd96-2afa-43c4-a1d9-ba67e0c31c2d][96752e9b-4bb0-44a2-ab26-bc1d01993a59] Batch size stabilised at 4 new tile(s)
2026-09-05T07:51:15.533Z [7ea8bd96-2afa-43c4-a1d9-ba67e0c31c2d][96752e9b-4bb0-44a2-ab26-bc1d01993a59] Batch detected: 4 item(s). Generating...
2026-09-05T07:51:15.533Z [7ea8bd96-2afa-43c4-a1d9-ba67e0c31c2d][96752e9b-4bb0-44a2-ab26-bc1d01993a59] Polling for 4 image item(s) (baseline=50, hasUpload=true)...
2026-09-05T07:51:15.546Z [7ea8bd96-2afa-43c4-a1d9-ba67e0c31c2d][96752e9b-4bb0-44a2-ab26-bc1d01993a59] Generating... 0 ready, 0 failed / 4 total (0s) image 34% [BỐI CẢNH] image 34% [BỐI CẢNH] image 34% [BỐI CẢNH] image 34% [BỐI CẢNH]
2026-09-05T07:51:16.446Z [be55d78c-0b3d-4b5f-8bc2-56f41ca3157c][96752e9b-4bb0-44a2-ab26-bc1d01993a59] Generating... 4 ready, 0 failed / 4 total (60s)
2026-09-05T07:51:16.446Z [be55d78c-0b3d-4b5f-8bc2-56f41ca3157c][96752e9b-4bb0-44a2-ab26-bc1d01993a59] Batch done: 4 ready (target 4), 0 failed, scanned 4.
2026-09-05T07:51:16.446Z [be55d78c-0b3d-4b5f-8bc2-56f41ca3157c][96752e9b-4bb0-44a2-ab26-bc1d01993a59] 4 item(s) ready! Downloading...
2026-09-05T07:51:16.447Z [be55d78c-0b3d-4b5f-8bc2-56f41ca3157c][96752e9b-4bb0-44a2-ab26-bc1d01993a59] Item 1: Downloading from URL https://flow-content.google/image/c6ffb20e-aca4-4482-b96a-048ea75e5bae?Expires=1788616213&KeyName=labs-flow-prod-cdn-key&Signature=hb4l7Y-1ujTRVZoCervcdZ1WQa8
2026-09-05T07:51:16.846Z [be55d78c-0b3d-4b5f-8bc2-56f41ca3157c][96752e9b-4bb0-44a2-ab26-bc1d01993a59] Downloaded 1/4: winai_2026-09-05T07-51-16_01.jpg
2026-09-05T07:51:16.847Z [be55d78c-0b3d-4b5f-8bc2-56f41ca3157c][96752e9b-4bb0-44a2-ab26-bc1d01993a59] Item 2: Downloading from URL https://flow-content.google/image/953e9d49-c1b4-431b-892e-082b854ddaf2?Expires=1788616212&KeyName=labs-flow-prod-cdn-key&Signature=C1vPRloycMoUaOgSmD2I5vVzyTg
2026-09-05T07:51:17.030Z [be55d78c-0b3d-4b5f-8bc2-56f41ca3157c][96752e9b-4bb0-44a2-ab26-bc1d01993a59] Downloaded 2/4: winai_2026-09-05T07-51-16_02.jpg
2026-09-05T07:51:17.031Z [be55d78c-0b3d-4b5f-8bc2-56f41ca3157c][96752e9b-4bb0-44a2-ab26-bc1d01993a59] Item 3: Downloading from URL https://flow-content.google/image/9604d60b-5cb6-4dec-b462-a5455d316fd1?Expires=1788616211&KeyName=labs-flow-prod-cdn-key&Signature=GqT5cXC70F64Mq6yQODryFCF5Pc
2026-09-05T07:51:17.133Z [be55d78c-0b3d-4b5f-8bc2-56f41ca3157c][96752e9b-4bb0-44a2-ab26-bc1d01993a59] Downloaded 3/4: winai_2026-09-05T07-51-16_03.jpg
2026-09-05T07:51:17.133Z [be55d78c-0b3d-4b5f-8bc2-56f41ca3157c][96752e9b-4bb0-44a2-ab26-bc1d01993a59] Item 4: Downloading from URL https://flow-content.google/image/0c13c07c-05d4-4cf4-9e03-8685138fb7ec?Expires=1788616211&KeyName=labs-flow-prod-cdn-key&Signature=HpkUqbpzEb3bCXAvC1nbNeurLcY
2026-09-05T07:51:17.222Z [be55d78c-0b3d-4b5f-8bc2-56f41ca3157c][96752e9b-4bb0-44a2-ab26-bc1d01993a59] Downloaded 4/4: winai_2026-09-05T07-51-16_04.jpg
2026-09-05T07:51:17.223Z [be55d78c-0b3d-4b5f-8bc2-56f41ca3157c][96752e9b-4bb0-44a2-ab26-bc1d01993a59] ✅ 4 item(s) saved to Downloads/Win AI Toolkit/
2026-09-05T07:51:17.267Z [f2cbd58b-eaad-490d-ad75-7ad0a2fb5476][96752e9b-4bb0-44a2-ab26-bc1d01993a59] Generating... 3 ready, 0 failed / 4 total (94s)
2026-09-05T07:51:17.528Z [be55d78c-0b3d-4b5f-8bc2-56f41ca3157c][96752e9b-4bb0-44a2-ab26-bc1d01993a59] Item 1: Uploaded → https://studio.xanhmedia.vn/uploads/2026-09/1788594677189_7995e9_96752e9b-4bb0-44a2-ab26-bc1d01993a59_be5.jpg
2026-09-05T07:51:17.539Z [be55d78c-0b3d-4b5f-8bc2-56f41ca3157c][96752e9b-4bb0-44a2-ab26-bc1d01993a59] Item 2: Uploaded → https://studio.xanhmedia.vn/uploads/2026-09/1788594677197_227c23_96752e9b-4bb0-44a2-ab26-bc1d01993a59_be5.jpg
2026-09-05T07:51:17.540Z [be55d78c-0b3d-4b5f-8bc2-56f41ca3157c][96752e9b-4bb0-44a2-ab26-bc1d01993a59] Item 4: Uploaded → https://studio.xanhmedia.vn/uploads/2026-09/1788594677201_36ec14_96752e9b-4bb0-44a2-ab26-bc1d01993a59_be5.jpg
2026-09-05T07:51:17.581Z [be55d78c-0b3d-4b5f-8bc2-56f41ca3157c][96752e9b-4bb0-44a2-ab26-bc1d01993a59] Item 3: Uploaded → https://studio.xanhmedia.vn/uploads/2026-09/1788594677241_c3ca3a_96752e9b-4bb0-44a2-ab26-bc1d01993a59_be5.jpg
2026-09-05T07:51:17.583Z [be55d78c-0b3d-4b5f-8bc2-56f41ca3157c][96752e9b-4bb0-44a2-ab26-bc1d01993a59] All done (including any 1080p upgrades). Closing Playwright browser context.
2026-09-05T07:51:18.213Z [795ae097-da74-45b5-9bb4-83683bbc6a96][96752e9b-4bb0-44a2-ab26-bc1d01993a59] Generating... 3 ready, 0 failed / 4 total (142s)
2026-09-05T07:51:18.573Z [7ea8bd96-2afa-43c4-a1d9-ba67e0c31c2d][96752e9b-4bb0-44a2-ab26-bc1d01993a59] Generating... 0 ready, 0 failed / 4 total (3s) image 54% [BỐI CẢNH] image 54% [BỐI CẢNH] image 54% [BỐI CẢNH] image 54% [BỐI CẢNH]
2026-09-05T07:51:20.284Z [f2cbd58b-eaad-490d-ad75-7ad0a2fb5476][96752e9b-4bb0-44a2-ab26-bc1d01993a59] Generating... 3 ready, 0 failed / 4 total (97s)
2026-09-05T07:51:21.226Z [795ae097-da74-45b5-9bb4-83683bbc6a96][96752e9b-4bb0-44a2-ab26-bc1d01993a59] Generating... 3 ready, 0 failed / 4 total (145s)
2026-09-05T07:51:21.584Z [7ea8bd96-2afa-43c4-a1d9-ba67e0c31c2d][96752e9b-4bb0-44a2-ab26-bc1d01993a59] Generating... 0 ready, 0 failed / 4 total (6s) image 74% [BỐI CẢNH] image 74% [BỐI CẢNH] image 74% [BỐI CẢNH] image 74% [BỐI CẢNH]
2026-09-05T07:51:23.306Z [f2cbd58b-eaad-490d-ad75-7ad0a2fb5476][96752e9b-4bb0-44a2-ab26-bc1d01993a59] Generating... 3 ready, 0 failed / 4 total (100s)
2026-09-05T07:51:24.241Z [795ae097-da74-45b5-9bb4-83683bbc6a96][96752e9b-4bb0-44a2-ab26-bc1d01993a59] Generating... 3 ready, 0 failed / 4 total (148s)
2026-09-05T07:51:24.613Z [7ea8bd96-2afa-43c4-a1d9-ba67e0c31c2d][96752e9b-4bb0-44a2-ab26-bc1d01993a59] Generating... 0 ready, 0 failed / 4 total (9s) image 94% [BỐI CẢNH] image 94% [BỐI CẢNH] image 94% [BỐI CẢNH] image 94% [BỐI CẢNH]
2026-09-05T07:51:26.327Z [f2cbd58b-eaad-490d-ad75-7ad0a2fb5476][96752e9b-4bb0-44a2-ab26-bc1d01993a59] Generating... 3 ready, 0 failed / 4 total (103s)
2026-09-05T07:51:27.259Z [795ae097-da74-45b5-9bb4-83683bbc6a96][96752e9b-4bb0-44a2-ab26-bc1d01993a59] Generating... 3 ready, 0 failed / 4 total (151s)
2026-09-05T07:51:27.626Z [7ea8bd96-2afa-43c4-a1d9-ba67e0c31c2d][96752e9b-4bb0-44a2-ab26-bc1d01993a59] Generating... 0 ready, 0 failed / 4 total (12s) image 99% [BỐI CẢNH] image 99% [BỐI CẢNH] image 99% [BỐI CẢNH] image 99% [BỐI CẢNH]
2026-09-05T07:51:29.343Z [f2cbd58b-eaad-490d-ad75-7ad0a2fb5476][96752e9b-4bb0-44a2-ab26-bc1d01993a59] Generating... 3 ready, 0 failed / 4 total (106s)
2026-09-05T07:51:30.276Z [795ae097-da74-45b5-9bb4-83683bbc6a96][96752e9b-4bb0-44a2-ab26-bc1d01993a59] Generating... 3 ready, 0 failed / 4 total (154s)
2026-09-05T07:51:30.646Z [7ea8bd96-2afa-43c4-a1d9-ba67e0c31c2d][96752e9b-4bb0-44a2-ab26-bc1d01993a59] Generating... 0 ready, 0 failed / 4 total (15s) image 99% [BỐI CẢNH] image 99% [BỐI CẢNH] image 99% [BỐI CẢNH] image 99% [BỐI CẢNH]
2026-09-05T07:51:32.355Z [f2cbd58b-eaad-490d-ad75-7ad0a2fb5476][96752e9b-4bb0-44a2-ab26-bc1d01993a59] Generating... 3 ready, 0 failed / 4 total (109s)
2026-09-05T07:51:33.295Z [795ae097-da74-45b5-9bb4-83683bbc6a96][96752e9b-4bb0-44a2-ab26-bc1d01993a59] Generating... 3 ready, 0 failed / 4 total (157s)
2026-09-05T07:51:33.664Z [7ea8bd96-2afa-43c4-a1d9-ba67e0c31c2d][96752e9b-4bb0-44a2-ab26-bc1d01993a59] Generating... 0 ready, 0 failed / 4 total (18s) image 99% [BỐI CẢNH] image 99% [BỐI CẢNH] image 99% [BỐI CẢNH] image 99% [BỐI CẢNH]
2026-09-05T07:51:35.376Z [f2cbd58b-eaad-490d-ad75-7ad0a2fb5476][96752e9b-4bb0-44a2-ab26-bc1d01993a59] Generating... 3 ready, 0 failed / 4 total (112s)
2026-09-05T07:51:36.313Z [795ae097-da74-45b5-9bb4-83683bbc6a96][96752e9b-4bb0-44a2-ab26-bc1d01993a59] Generating... 3 ready, 0 failed / 4 total (160s)
2026-09-05T07:51:36.684Z [7ea8bd96-2afa-43c4-a1d9-ba67e0c31c2d][96752e9b-4bb0-44a2-ab26-bc1d01993a59] Generating... 0 ready, 0 failed / 4 total (21s) image 99% [BỐI CẢNH] image 99% [BỐI CẢNH] image 99% [BỐI CẢNH] image 99% [BỐI CẢNH]
2026-09-05T07:51:38.395Z [f2cbd58b-eaad-490d-ad75-7ad0a2fb5476][96752e9b-4bb0-44a2-ab26-bc1d01993a59] Generating... 3 ready, 0 failed / 4 total (115s)
2026-09-05T07:51:39.325Z [795ae097-da74-45b5-9bb4-83683bbc6a96][96752e9b-4bb0-44a2-ab26-bc1d01993a59] Generating... 3 ready, 0 failed / 4 total (163s)
2026-09-05T07:51:39.697Z [7ea8bd96-2afa-43c4-a1d9-ba67e0c31c2d][96752e9b-4bb0-44a2-ab26-bc1d01993a59] Generating... 0 ready, 0 failed / 4 total (24s) image 99% [BỐI CẢNH] image 99% [BỐI CẢNH] image 99% [BỐI CẢNH] image 99% [BỐI CẢNH]
2026-09-05T07:51:41.406Z [f2cbd58b-eaad-490d-ad75-7ad0a2fb5476][96752e9b-4bb0-44a2-ab26-bc1d01993a59] Generating... 3 ready, 0 failed / 4 total (118s)
2026-09-05T07:51:42.345Z [795ae097-da74-45b5-9bb4-83683bbc6a96][96752e9b-4bb0-44a2-ab26-bc1d01993a59] Generating... 3 ready, 0 failed / 4 total (166s)
2026-09-05T07:51:42.714Z [7ea8bd96-2afa-43c4-a1d9-ba67e0c31c2d][96752e9b-4bb0-44a2-ab26-bc1d01993a59] Generating... 0 ready, 0 failed / 4 total (27s) image 99% [BỐI CẢNH] image 99% [BỐI CẢNH] image 99% [BỐI CẢNH] image 99% [BỐI CẢNH]
2026-09-05T07:51:44.424Z [f2cbd58b-eaad-490d-ad75-7ad0a2fb5476][96752e9b-4bb0-44a2-ab26-bc1d01993a59] Generating... 3 ready, 0 failed / 4 total (121s)
2026-09-05T07:51:45.375Z [795ae097-da74-45b5-9bb4-83683bbc6a96][96752e9b-4bb0-44a2-ab26-bc1d01993a59] Generating... 3 ready, 0 failed / 4 total (169s)
2026-09-05T07:51:45.731Z [7ea8bd96-2afa-43c4-a1d9-ba67e0c31c2d][96752e9b-4bb0-44a2-ab26-bc1d01993a59] Generating... 0 ready, 0 failed / 4 total (30s) image 99% [BỐI CẢNH] image 99% [BỐI CẢNH] image 99% [BỐI CẢNH] image 99% [BỐI CẢNH]
2026-09-05T07:51:47.445Z [f2cbd58b-eaad-490d-ad75-7ad0a2fb5476][96752e9b-4bb0-44a2-ab26-bc1d01993a59] Generating... 3 ready, 0 failed / 4 total (124s)
2026-09-05T07:51:48.397Z [795ae097-da74-45b5-9bb4-83683bbc6a96][96752e9b-4bb0-44a2-ab26-bc1d01993a59] Generating... 3 ready, 0 failed / 4 total (172s)
2026-09-05T07:51:48.748Z [7ea8bd96-2afa-43c4-a1d9-ba67e0c31c2d][96752e9b-4bb0-44a2-ab26-bc1d01993a59] Generating... 0 ready, 0 failed / 4 total (33s) image 99% [BỐI CẢNH] image 99% [BỐI CẢNH] image 99% [BỐI CẢNH] image 99% [BỐI CẢNH]
2026-09-05T07:51:50.464Z [f2cbd58b-eaad-490d-ad75-7ad0a2fb5476][96752e9b-4bb0-44a2-ab26-bc1d01993a59] Generating... 3 ready, 0 failed / 4 total (127s)
2026-09-05T07:51:51.414Z [795ae097-da74-45b5-9bb4-83683bbc6a96][96752e9b-4bb0-44a2-ab26-bc1d01993a59] Generating... 3 ready, 0 failed / 4 total (175s)
2026-09-05T07:51:51.766Z [7ea8bd96-2afa-43c4-a1d9-ba67e0c31c2d][96752e9b-4bb0-44a2-ab26-bc1d01993a59] Generating... 0 ready, 0 failed / 4 total (36s) image 99% [BỐI CẢNH] image 99% [BỐI CẢNH] image 99% [BỐI CẢNH] image 100% [BỐI CẢNH
2026-09-05T07:51:53.481Z [f2cbd58b-eaad-490d-ad75-7ad0a2fb5476][96752e9b-4bb0-44a2-ab26-bc1d01993a59] Generating... 3 ready, 0 failed / 4 total (130s)
2026-09-05T07:51:54.426Z [795ae097-da74-45b5-9bb4-83683bbc6a96][96752e9b-4bb0-44a2-ab26-bc1d01993a59] Generating... 3 ready, 0 failed / 4 total (178s)
2026-09-05T07:51:54.784Z [7ea8bd96-2afa-43c4-a1d9-ba67e0c31c2d][96752e9b-4bb0-44a2-ab26-bc1d01993a59] Generating... 1 ready, 0 failed / 4 total (39s) image 99% [BỐI CẢNH] [BỐI CẢNH]Verdant Fa image 99% [BỐI CẢNH]
2026-09-05T07:51:56.496Z [f2cbd58b-eaad-490d-ad75-7ad0a2fb5476][96752e9b-4bb0-44a2-ab26-bc1d01993a59] Generating... 3 ready, 0 failed / 4 total (133s)
2026-09-05T07:51:57.445Z [795ae097-da74-45b5-9bb4-83683bbc6a96][96752e9b-4bb0-44a2-ab26-bc1d01993a59] Poll ended with 3/4 ready — salvaging the completed item(s).
2026-09-05T07:51:57.445Z [795ae097-da74-45b5-9bb4-83683bbc6a96][96752e9b-4bb0-44a2-ab26-bc1d01993a59] 3 item(s) ready! Downloading...
2026-09-05T07:51:57.446Z [795ae097-da74-45b5-9bb4-83683bbc6a96][96752e9b-4bb0-44a2-ab26-bc1d01993a59] Item 1: Downloading from URL https://flow-content.google/image/7235c73d-f48d-4641-8d9c-77a7f77dd339?Expires=1788616133&KeyName=labs-flow-prod-cdn-key&Signature=-cA4tnTz02oyD4v17F9TRZALA-E
2026-09-05T07:51:57.805Z [7ea8bd96-2afa-43c4-a1d9-ba67e0c31c2d][96752e9b-4bb0-44a2-ab26-bc1d01993a59] Generating... 2 ready, 0 failed / 4 total (42s) image 99% [BỐI CẢNH] image 99% [BỐI CẢNH]
2026-09-05T07:51:57.828Z [795ae097-da74-45b5-9bb4-83683bbc6a96][96752e9b-4bb0-44a2-ab26-bc1d01993a59] Downloaded 1/3: winai_2026-09-05T07-51-57_01.jpg
2026-09-05T07:51:57.828Z [795ae097-da74-45b5-9bb4-83683bbc6a96][96752e9b-4bb0-44a2-ab26-bc1d01993a59] Item 2: Downloading from URL https://flow-content.google/image/721ebbf4-2b72-4307-80d7-b06df00a4a14?Expires=1788616132&KeyName=labs-flow-prod-cdn-key&Signature=5yefdNOclhcoZYYlWkx4NokMsW4
2026-09-05T07:51:57.945Z [795ae097-da74-45b5-9bb4-83683bbc6a96][96752e9b-4bb0-44a2-ab26-bc1d01993a59] Downloaded 2/3: winai_2026-09-05T07-51-57_02.jpg
2026-09-05T07:51:57.945Z [795ae097-da74-45b5-9bb4-83683bbc6a96][96752e9b-4bb0-44a2-ab26-bc1d01993a59] Item 3: Downloading from URL https://flow-content.google/image/967573ef-ca85-4e60-8492-98240d18fd10?Expires=1788616131&KeyName=labs-flow-prod-cdn-key&Signature=vZjeTz_inU9ONsjiG4rHAPvm9so
2026-09-05T07:51:58.025Z [795ae097-da74-45b5-9bb4-83683bbc6a96][96752e9b-4bb0-44a2-ab26-bc1d01993a59] Downloaded 3/3: winai_2026-09-05T07-51-57_03.jpg
2026-09-05T07:51:58.025Z [795ae097-da74-45b5-9bb4-83683bbc6a96][96752e9b-4bb0-44a2-ab26-bc1d01993a59] ✅ 3 item(s) saved to Downloads/Win AI Toolkit/
2026-09-05T07:51:58.324Z [795ae097-da74-45b5-9bb4-83683bbc6a96][96752e9b-4bb0-44a2-ab26-bc1d01993a59] Item 3: Uploaded → https://studio.xanhmedia.vn/uploads/2026-09/1788594717984_9c31cc_96752e9b-4bb0-44a2-ab26-bc1d01993a59_795.jpg
2026-09-05T07:51:58.347Z [795ae097-da74-45b5-9bb4-83683bbc6a96][96752e9b-4bb0-44a2-ab26-bc1d01993a59] Item 1: Uploaded → https://studio.xanhmedia.vn/uploads/2026-09/1788594718004_67e9d3_96752e9b-4bb0-44a2-ab26-bc1d01993a59_795.jpg
2026-09-05T07:51:58.402Z [795ae097-da74-45b5-9bb4-83683bbc6a96][96752e9b-4bb0-44a2-ab26-bc1d01993a59] Item 2: Uploaded → https://studio.xanhmedia.vn/uploads/2026-09/1788594718060_9f78a9_96752e9b-4bb0-44a2-ab26-bc1d01993a59_795.jpg
2026-09-05T07:51:58.405Z [795ae097-da74-45b5-9bb4-83683bbc6a96][96752e9b-4bb0-44a2-ab26-bc1d01993a59] All done (including any 1080p upgrades). Closing Playwright browser context.
2026-09-05T07:51:59.512Z [f2cbd58b-eaad-490d-ad75-7ad0a2fb5476][96752e9b-4bb0-44a2-ab26-bc1d01993a59] Generating... 3 ready, 0 failed / 4 total (136s)
2026-09-05T07:52:00.816Z [7ea8bd96-2afa-43c4-a1d9-ba67e0c31c2d][96752e9b-4bb0-44a2-ab26-bc1d01993a59] Generating... 2 ready, 0 failed / 4 total (45s) image 99% [BỐI CẢNH] image 99% [BỐI CẢNH]
2026-09-05T07:52:02.534Z [f2cbd58b-eaad-490d-ad75-7ad0a2fb5476][96752e9b-4bb0-44a2-ab26-bc1d01993a59] Generating... 3 ready, 0 failed / 4 total (139s)
2026-09-05T07:52:03.834Z [7ea8bd96-2afa-43c4-a1d9-ba67e0c31c2d][96752e9b-4bb0-44a2-ab26-bc1d01993a59] Generating... 2 ready, 0 failed / 4 total (48s) [BỐI CẢNH]Verdant Fa image 99% [BỐI CẢNH]
2026-09-05T07:52:05.557Z [f2cbd58b-eaad-490d-ad75-7ad0a2fb5476][96752e9b-4bb0-44a2-ab26-bc1d01993a59] Generating... 3 ready, 0 failed / 4 total (142s)
2026-09-05T07:52:06.848Z [7ea8bd96-2afa-43c4-a1d9-ba67e0c31c2d][96752e9b-4bb0-44a2-ab26-bc1d01993a59] Generating... 3 ready, 0 failed / 4 total (51s) image 100% [BỐI CẢNH
2026-09-05T07:52:08.570Z [f2cbd58b-eaad-490d-ad75-7ad0a2fb5476][96752e9b-4bb0-44a2-ab26-bc1d01993a59] Generating... 3 ready, 0 failed / 4 total (145s)
2026-09-05T07:52:09.864Z [7ea8bd96-2afa-43c4-a1d9-ba67e0c31c2d][96752e9b-4bb0-44a2-ab26-bc1d01993a59] Generating... 4 ready, 0 failed / 4 total (54s)
2026-09-05T07:52:09.864Z [7ea8bd96-2afa-43c4-a1d9-ba67e0c31c2d][96752e9b-4bb0-44a2-ab26-bc1d01993a59] Batch done: 4 ready (target 4), 0 failed, scanned 4.
2026-09-05T07:52:09.864Z [7ea8bd96-2afa-43c4-a1d9-ba67e0c31c2d][96752e9b-4bb0-44a2-ab26-bc1d01993a59] 4 item(s) ready! Downloading...
2026-09-05T07:52:09.865Z [7ea8bd96-2afa-43c4-a1d9-ba67e0c31c2d][96752e9b-4bb0-44a2-ab26-bc1d01993a59] Item 1: Downloading from URL https://flow-content.google/image/db247d2b-dcc2-4c4d-8dec-2e59b90dd67d?Expires=1788616272&KeyName=labs-flow-prod-cdn-key&Signature=38UAkRo1-E-OdqkMm8EjMf79XLY
2026-09-05T07:52:10.252Z [7ea8bd96-2afa-43c4-a1d9-ba67e0c31c2d][96752e9b-4bb0-44a2-ab26-bc1d01993a59] Downloaded 1/4: winai_2026-09-05T07-52-09_01.jpg
2026-09-05T07:52:10.253Z [7ea8bd96-2afa-43c4-a1d9-ba67e0c31c2d][96752e9b-4bb0-44a2-ab26-bc1d01993a59] Item 2: Downloading from URL https://flow-content.google/image/24f83b06-48b8-45ea-b866-7fc7907b1aee?Expires=1788616271&KeyName=labs-flow-prod-cdn-key&Signature=jxsXasT7ZG8MiCrBxnbEQ6shmWk
2026-09-05T07:52:10.350Z [7ea8bd96-2afa-43c4-a1d9-ba67e0c31c2d][96752e9b-4bb0-44a2-ab26-bc1d01993a59] Downloaded 2/4: winai_2026-09-05T07-52-09_02.jpg
2026-09-05T07:52:10.350Z [7ea8bd96-2afa-43c4-a1d9-ba67e0c31c2d][96752e9b-4bb0-44a2-ab26-bc1d01993a59] Item 3: Downloading from URL https://flow-content.google/image/61ec165d-5e01-4c23-a8ad-3921f20222bd?Expires=1788616270&KeyName=labs-flow-prod-cdn-key&Signature=Gm_OqDxpfG6UsWVks5YDvbv0wpU
2026-09-05T07:52:10.448Z [7ea8bd96-2afa-43c4-a1d9-ba67e0c31c2d][96752e9b-4bb0-44a2-ab26-bc1d01993a59] Downloaded 3/4: winai_2026-09-05T07-52-09_03.jpg
2026-09-05T07:52:10.448Z [7ea8bd96-2afa-43c4-a1d9-ba67e0c31c2d][96752e9b-4bb0-44a2-ab26-bc1d01993a59] Item 4: Downloading from URL https://flow-content.google/image/1f2bee7f-cd86-4c99-9590-5c3ada551ec2?Expires=1788616270&KeyName=labs-flow-prod-cdn-key&Signature=wdzK_dQHJ3W3cAe7NoBdraxw88U
2026-09-05T07:52:10.537Z [7ea8bd96-2afa-43c4-a1d9-ba67e0c31c2d][96752e9b-4bb0-44a2-ab26-bc1d01993a59] Downloaded 4/4: winai_2026-09-05T07-52-09_04.jpg
2026-09-05T07:52:10.537Z [7ea8bd96-2afa-43c4-a1d9-ba67e0c31c2d][96752e9b-4bb0-44a2-ab26-bc1d01993a59] ✅ 4 item(s) saved to Downloads/Win AI Toolkit/
2026-09-05T07:52:10.805Z [7ea8bd96-2afa-43c4-a1d9-ba67e0c31c2d][96752e9b-4bb0-44a2-ab26-bc1d01993a59] Item 2: Uploaded → https://studio.xanhmedia.vn/uploads/2026-09/1788594730468_76c979_96752e9b-4bb0-44a2-ab26-bc1d01993a59_7ea.jpg
2026-09-05T07:52:10.806Z [7ea8bd96-2afa-43c4-a1d9-ba67e0c31c2d][96752e9b-4bb0-44a2-ab26-bc1d01993a59] Item 4: Uploaded → https://studio.xanhmedia.vn/uploads/2026-09/1788594730473_d1bc36_96752e9b-4bb0-44a2-ab26-bc1d01993a59_7ea.jpg
2026-09-05T07:52:10.846Z [7ea8bd96-2afa-43c4-a1d9-ba67e0c31c2d][96752e9b-4bb0-44a2-ab26-bc1d01993a59] Item 3: Uploaded → https://studio.xanhmedia.vn/uploads/2026-09/1788594730499_e2a33e_96752e9b-4bb0-44a2-ab26-bc1d01993a59_7ea.jpg
2026-09-05T07:52:10.913Z [7ea8bd96-2afa-43c4-a1d9-ba67e0c31c2d][96752e9b-4bb0-44a2-ab26-bc1d01993a59] Item 1: Uploaded → https://studio.xanhmedia.vn/uploads/2026-09/1788594730573_466336_96752e9b-4bb0-44a2-ab26-bc1d01993a59_7ea.jpg
2026-09-05T07:52:10.914Z [7ea8bd96-2afa-43c4-a1d9-ba67e0c31c2d][96752e9b-4bb0-44a2-ab26-bc1d01993a59] All done (including any 1080p upgrades). Closing Playwright browser context.
2026-09-05T07:52:11.594Z [f2cbd58b-eaad-490d-ad75-7ad0a2fb5476][96752e9b-4bb0-44a2-ab26-bc1d01993a59] Generating... 3 ready, 0 failed / 4 total (148s)
2026-09-05T07:52:14.609Z [f2cbd58b-eaad-490d-ad75-7ad0a2fb5476][96752e9b-4bb0-44a2-ab26-bc1d01993a59] Generating... 3 ready, 0 failed / 4 total (151s)
2026-09-05T07:52:17.624Z [f2cbd58b-eaad-490d-ad75-7ad0a2fb5476][96752e9b-4bb0-44a2-ab26-bc1d01993a59] Generating... 3 ready, 0 failed / 4 total (154s)
2026-09-05T07:52:20.645Z [f2cbd58b-eaad-490d-ad75-7ad0a2fb5476][96752e9b-4bb0-44a2-ab26-bc1d01993a59] Generating... 3 ready, 0 failed / 4 total (157s)
2026-09-05T07:52:23.665Z [f2cbd58b-eaad-490d-ad75-7ad0a2fb5476][96752e9b-4bb0-44a2-ab26-bc1d01993a59] Generating... 3 ready, 0 failed / 4 total (160s)
2026-09-05T07:52:26.684Z [f2cbd58b-eaad-490d-ad75-7ad0a2fb5476][96752e9b-4bb0-44a2-ab26-bc1d01993a59] Generating... 3 ready, 0 failed / 4 total (163s)
2026-09-05T07:52:29.704Z [f2cbd58b-eaad-490d-ad75-7ad0a2fb5476][96752e9b-4bb0-44a2-ab26-bc1d01993a59] Generating... 3 ready, 0 failed / 4 total (166s)
2026-09-05T07:52:32.714Z [f2cbd58b-eaad-490d-ad75-7ad0a2fb5476][96752e9b-4bb0-44a2-ab26-bc1d01993a59] Generating... 3 ready, 0 failed / 4 total (169s)
2026-09-05T07:52:35.727Z [f2cbd58b-eaad-490d-ad75-7ad0a2fb5476][96752e9b-4bb0-44a2-ab26-bc1d01993a59] Generating... 3 ready, 0 failed / 4 total (172s)
2026-09-05T07:52:38.744Z [f2cbd58b-eaad-490d-ad75-7ad0a2fb5476][96752e9b-4bb0-44a2-ab26-bc1d01993a59] Generating... 3 ready, 0 failed / 4 total (175s)
2026-09-05T07:52:41.763Z [f2cbd58b-eaad-490d-ad75-7ad0a2fb5476][96752e9b-4bb0-44a2-ab26-bc1d01993a59] Generating... 3 ready, 0 failed / 4 total (178s)
2026-09-05T07:52:44.765Z [f2cbd58b-eaad-490d-ad75-7ad0a2fb5476][96752e9b-4bb0-44a2-ab26-bc1d01993a59] Poll ended with 3/4 ready — salvaging the completed item(s).
2026-09-05T07:52:44.765Z [f2cbd58b-eaad-490d-ad75-7ad0a2fb5476][96752e9b-4bb0-44a2-ab26-bc1d01993a59] 3 item(s) ready! Downloading...
2026-09-05T07:52:44.766Z [f2cbd58b-eaad-490d-ad75-7ad0a2fb5476][96752e9b-4bb0-44a2-ab26-bc1d01993a59] Item 1: Downloading from URL https://flow-content.google/image/9c3a9149-c2bf-41cb-bea4-974bdb101f8b?Expires=1788616179&KeyName=labs-flow-prod-cdn-key&Signature=pV9Vh6RsXrdppmXY5vkBLTwb3e0
2026-09-05T07:52:45.037Z [f2cbd58b-eaad-490d-ad75-7ad0a2fb5476][96752e9b-4bb0-44a2-ab26-bc1d01993a59] Downloaded 1/3: winai_2026-09-05T07-52-44_01.jpg
2026-09-05T07:52:45.038Z [f2cbd58b-eaad-490d-ad75-7ad0a2fb5476][96752e9b-4bb0-44a2-ab26-bc1d01993a59] Item 2: Downloading from URL https://flow-content.google/image/fca97fd3-2140-463a-8c21-1919d80872c2?Expires=1788616178&KeyName=labs-flow-prod-cdn-key&Signature=lt_aw3zrr3XbcHFb9Relj66Phzo
2026-09-05T07:52:45.102Z [f2cbd58b-eaad-490d-ad75-7ad0a2fb5476][96752e9b-4bb0-44a2-ab26-bc1d01993a59] Downloaded 2/3: winai_2026-09-05T07-52-44_02.jpg
2026-09-05T07:52:45.102Z [f2cbd58b-eaad-490d-ad75-7ad0a2fb5476][96752e9b-4bb0-44a2-ab26-bc1d01993a59] Item 3: Downloading from URL https://flow-content.google/image/6399699b-00bc-4e6d-b72a-7e12223203ca?Expires=1788616178&KeyName=labs-flow-prod-cdn-key&Signature=IBJRbDfCj7mvzA4M-IzIdnmvPxc
2026-09-05T07:52:45.171Z [f2cbd58b-eaad-490d-ad75-7ad0a2fb5476][96752e9b-4bb0-44a2-ab26-bc1d01993a59] Downloaded 3/3: winai_2026-09-05T07-52-44_03.jpg
2026-09-05T07:52:45.171Z [f2cbd58b-eaad-490d-ad75-7ad0a2fb5476][96752e9b-4bb0-44a2-ab26-bc1d01993a59] ✅ 3 item(s) saved to Downloads/Win AI Toolkit/
2026-09-05T07:52:45.472Z [f2cbd58b-eaad-490d-ad75-7ad0a2fb5476][96752e9b-4bb0-44a2-ab26-bc1d01993a59] Item 3: Uploaded → https://studio.xanhmedia.vn/uploads/2026-09/1788594765137_c86072_96752e9b-4bb0-44a2-ab26-bc1d01993a59_f2c.jpg
2026-09-05T07:52:45.506Z [f2cbd58b-eaad-490d-ad75-7ad0a2fb5476][96752e9b-4bb0-44a2-ab26-bc1d01993a59] Item 2: Uploaded → https://studio.xanhmedia.vn/uploads/2026-09/1788594765170_40a9d8_96752e9b-4bb0-44a2-ab26-bc1d01993a59_f2c.jpg
2026-09-05T07:52:45.610Z [f2cbd58b-eaad-490d-ad75-7ad0a2fb5476][96752e9b-4bb0-44a2-ab26-bc1d01993a59] Item 1: Uploaded → https://studio.xanhmedia.vn/uploads/2026-09/1788594765257_c8d158_96752e9b-4bb0-44a2-ab26-bc1d01993a59_f2c.jpg
2026-09-05T07:52:45.611Z [f2cbd58b-eaad-490d-ad75-7ad0a2fb5476][96752e9b-4bb0-44a2-ab26-bc1d01993a59] All done (including any 1080p upgrades). Closing Playwright browser context.