=== WINAI TELEMETRY LOG ===
PC: DESKTOP-8ID1E1D | User: Admin
Time: 2026-09-05T14:09:22.405528800+07:00
Reason: batch_finished_video
Lines: 3000
===========================

2026-09-05T06:33:43.290Z [7126f65f-9d7f-4bcd-bc0c-367c9f82efcd][bb1fc585-f087-407a-b043-49c06e320521] Generating... 1 ready, 0 failed / 2 total (154s)
2026-09-05T06:33:43.382Z [36e373e7-2cd7-45bc-9361-36100185f596][bb1fc585-f087-407a-b043-49c06e320521] Generating... 0 ready, 0 failed / 2 total (39s) play_circle 27% [HÀN play_circle 27% [HÀN
2026-09-05T06:33:43.646Z [8a78af5b-62b5-464c-b059-98653bf5e45d][bb1fc585-f087-407a-b043-49c06e320521] Generating... 1 ready, 0 failed / 2 total (121s)
2026-09-05T06:33:44.327Z [bd8bfff3-a8f7-4b8d-ac5e-ec6579d21873][bb1fc585-f087-407a-b043-49c06e320521] Downloaded 2/2: video_2026-09-05T06-33-38_02.mp4
2026-09-05T06:33:44.327Z [bd8bfff3-a8f7-4b8d-ac5e-ec6579d21873][bb1fc585-f087-407a-b043-49c06e320521] ✅ 2 item(s) saved to Downloads/Win AI Toolkit/
2026-09-05T06:33:46.308Z [7126f65f-9d7f-4bcd-bc0c-367c9f82efcd][bb1fc585-f087-407a-b043-49c06e320521] Generating... 1 ready, 0 failed / 2 total (157s)
2026-09-05T06:33:46.411Z [36e373e7-2cd7-45bc-9361-36100185f596][bb1fc585-f087-407a-b043-49c06e320521] Generating... 0 ready, 0 failed / 2 total (42s) play_circle 29% [HÀN play_circle 29% [HÀN
2026-09-05T06:33:46.662Z [8a78af5b-62b5-464c-b059-98653bf5e45d][bb1fc585-f087-407a-b043-49c06e320521] Generating... 1 ready, 0 failed / 2 total (124s)
2026-09-05T06:33:49.335Z [7126f65f-9d7f-4bcd-bc0c-367c9f82efcd][bb1fc585-f087-407a-b043-49c06e320521] Generating... 1 ready, 0 failed / 2 total (160s)
2026-09-05T06:33:49.546Z [36e373e7-2cd7-45bc-9361-36100185f596][bb1fc585-f087-407a-b043-49c06e320521] Generating... 0 ready, 0 failed / 2 total (45s) play_circle 33% [HÀN play_circle 33% [HÀN
2026-09-05T06:33:49.688Z [8a78af5b-62b5-464c-b059-98653bf5e45d][bb1fc585-f087-407a-b043-49c06e320521] Generating... 1 ready, 0 failed / 2 total (127s)
2026-09-05T06:33:52.349Z [7126f65f-9d7f-4bcd-bc0c-367c9f82efcd][bb1fc585-f087-407a-b043-49c06e320521] Generating... 1 ready, 0 failed / 2 total (163s)
2026-09-05T06:33:52.561Z [36e373e7-2cd7-45bc-9361-36100185f596][bb1fc585-f087-407a-b043-49c06e320521] Generating... 0 ready, 0 failed / 2 total (48s) play_circle 34% [HÀN play_circle 35% [HÀN
2026-09-05T06:33:52.713Z [8a78af5b-62b5-464c-b059-98653bf5e45d][bb1fc585-f087-407a-b043-49c06e320521] Generating... 1 ready, 0 failed / 2 total (130s)
2026-09-05T06:33:55.370Z [7126f65f-9d7f-4bcd-bc0c-367c9f82efcd][bb1fc585-f087-407a-b043-49c06e320521] Generating... 1 ready, 0 failed / 2 total (166s)
2026-09-05T06:33:55.578Z [36e373e7-2cd7-45bc-9361-36100185f596][bb1fc585-f087-407a-b043-49c06e320521] Generating... 0 ready, 0 failed / 2 total (51s) play_circle 37% [HÀN play_circle 100% [HÀ
2026-09-05T06:33:55.730Z [8a78af5b-62b5-464c-b059-98653bf5e45d][bb1fc585-f087-407a-b043-49c06e320521] Generating... 1 ready, 0 failed / 2 total (133s)
2026-09-05T06:33:58.385Z [7126f65f-9d7f-4bcd-bc0c-367c9f82efcd][bb1fc585-f087-407a-b043-49c06e320521] Generating... 1 ready, 0 failed / 2 total (169s)
2026-09-05T06:33:58.597Z [36e373e7-2cd7-45bc-9361-36100185f596][bb1fc585-f087-407a-b043-49c06e320521] Generating... 0 ready, 0 failed / 2 total (54s) play_circle 40% [HÀN play_circle 100% [HÀ
2026-09-05T06:33:58.750Z [8a78af5b-62b5-464c-b059-98653bf5e45d][bb1fc585-f087-407a-b043-49c06e320521] Generating... 1 ready, 0 failed / 2 total (136s)
2026-09-05T06:34:01.400Z [7126f65f-9d7f-4bcd-bc0c-367c9f82efcd][bb1fc585-f087-407a-b043-49c06e320521] Generating... 1 ready, 0 failed / 2 total (172s)
2026-09-05T06:34:01.613Z [36e373e7-2cd7-45bc-9361-36100185f596][bb1fc585-f087-407a-b043-49c06e320521] Generating... 0 ready, 0 failed / 2 total (57s) [HÀNH ĐỘNG]Bắt đầu đ
2026-09-05T06:34:01.771Z [8a78af5b-62b5-464c-b059-98653bf5e45d][bb1fc585-f087-407a-b043-49c06e320521] Generating... 1 ready, 0 failed / 2 total (139s)
2026-09-05T06:34:04.421Z [7126f65f-9d7f-4bcd-bc0c-367c9f82efcd][bb1fc585-f087-407a-b043-49c06e320521] Generating... 1 ready, 0 failed / 2 total (175s)
2026-09-05T06:34:04.633Z [36e373e7-2cd7-45bc-9361-36100185f596][bb1fc585-f087-407a-b043-49c06e320521] Generating... 1 ready, 0 failed / 2 total (61s)
2026-09-05T06:34:04.788Z [8a78af5b-62b5-464c-b059-98653bf5e45d][bb1fc585-f087-407a-b043-49c06e320521] Generating... 1 ready, 0 failed / 2 total (142s)
2026-09-05T06:34:07.433Z [7126f65f-9d7f-4bcd-bc0c-367c9f82efcd][bb1fc585-f087-407a-b043-49c06e320521] Generating... 1 ready, 0 failed / 2 total (178s)
2026-09-05T06:34:07.649Z [36e373e7-2cd7-45bc-9361-36100185f596][bb1fc585-f087-407a-b043-49c06e320521] Generating... 1 ready, 0 failed / 2 total (64s)
2026-09-05T06:34:07.803Z [8a78af5b-62b5-464c-b059-98653bf5e45d][bb1fc585-f087-407a-b043-49c06e320521] Generating... 1 ready, 0 failed / 2 total (145s)
2026-09-05T06:34:10.440Z [7126f65f-9d7f-4bcd-bc0c-367c9f82efcd][bb1fc585-f087-407a-b043-49c06e320521] Poll ended with 1/2 ready — salvaging the completed item(s).
2026-09-05T06:34:10.440Z [7126f65f-9d7f-4bcd-bc0c-367c9f82efcd][bb1fc585-f087-407a-b043-49c06e320521] 1 item(s) ready! Downloading...
2026-09-05T06:34:10.441Z [7126f65f-9d7f-4bcd-bc0c-367c9f82efcd][bb1fc585-f087-407a-b043-49c06e320521] Item 1: no video source on the tile yet — hovering it to mount one.
2026-09-05T06:34:10.669Z [36e373e7-2cd7-45bc-9361-36100185f596][bb1fc585-f087-407a-b043-49c06e320521] Generating... 1 ready, 0 failed / 2 total (67s)
2026-09-05T06:34:10.824Z [8a78af5b-62b5-464c-b059-98653bf5e45d][bb1fc585-f087-407a-b043-49c06e320521] Generating... 1 ready, 0 failed / 2 total (148s)
2026-09-05T06:34:11.741Z [7126f65f-9d7f-4bcd-bc0c-367c9f82efcd][bb1fc585-f087-407a-b043-49c06e320521] Item 1: Downloading from URL https://flow-content.google/video/4c6dc6f2-ee5c-4257-a9b9-1120657ec30b?Expires=1788611519&KeyName=labs-flow-prod-cdn-key&Signature=fu8fuqDuFtjRV6XLZTG2BIBOY1g
2026-09-05T06:34:13.688Z [36e373e7-2cd7-45bc-9361-36100185f596][bb1fc585-f087-407a-b043-49c06e320521] Generating... 1 ready, 0 failed / 2 total (70s)
2026-09-05T06:34:13.844Z [8a78af5b-62b5-464c-b059-98653bf5e45d][bb1fc585-f087-407a-b043-49c06e320521] Generating... 1 ready, 0 failed / 2 total (151s)
2026-09-05T06:34:13.887Z [7126f65f-9d7f-4bcd-bc0c-367c9f82efcd][bb1fc585-f087-407a-b043-49c06e320521] Downloaded 1/1: video_2026-09-05T06-34-10_01.mp4
2026-09-05T06:34:13.888Z [7126f65f-9d7f-4bcd-bc0c-367c9f82efcd][bb1fc585-f087-407a-b043-49c06e320521] ✅ 1 item(s) saved to Downloads/Win AI Toolkit/
2026-09-05T06:34:16.706Z [36e373e7-2cd7-45bc-9361-36100185f596][bb1fc585-f087-407a-b043-49c06e320521] Generating... 1 ready, 0 failed / 2 total (73s)
2026-09-05T06:34:16.869Z [8a78af5b-62b5-464c-b059-98653bf5e45d][bb1fc585-f087-407a-b043-49c06e320521] Generating... 1 ready, 0 failed / 2 total (154s)
2026-09-05T06:34:19.723Z [36e373e7-2cd7-45bc-9361-36100185f596][bb1fc585-f087-407a-b043-49c06e320521] Generating... 1 ready, 0 failed / 2 total (76s)
2026-09-05T06:34:19.895Z [8a78af5b-62b5-464c-b059-98653bf5e45d][bb1fc585-f087-407a-b043-49c06e320521] Generating... 1 ready, 0 failed / 2 total (157s)
2026-09-05T06:34:22.749Z [36e373e7-2cd7-45bc-9361-36100185f596][bb1fc585-f087-407a-b043-49c06e320521] Generating... 1 ready, 0 failed / 2 total (79s)
2026-09-05T06:34:22.915Z [8a78af5b-62b5-464c-b059-98653bf5e45d][bb1fc585-f087-407a-b043-49c06e320521] Generating... 1 ready, 0 failed / 2 total (160s)
2026-09-05T06:34:25.775Z [36e373e7-2cd7-45bc-9361-36100185f596][bb1fc585-f087-407a-b043-49c06e320521] Generating... 1 ready, 0 failed / 2 total (82s)
2026-09-05T06:34:25.929Z [8a78af5b-62b5-464c-b059-98653bf5e45d][bb1fc585-f087-407a-b043-49c06e320521] Generating... 1 ready, 0 failed / 2 total (163s)
2026-09-05T06:34:27.831Z [bd8bfff3-a8f7-4b8d-ac5e-ec6579d21873][bb1fc585-f087-407a-b043-49c06e320521] Item 1 (try 1): 1080p saved via the UI download flow.
2026-09-05T06:34:27.896Z [bd8bfff3-a8f7-4b8d-ac5e-ec6579d21873][bb1fc585-f087-407a-b043-49c06e320521] Item 1: upgraded to 1080p → D:\WINAI\Slow-English-with-Arlo_7_20_cmtlc8wj\video_2026-09-05T06-33-38_01.mp4
2026-09-05T06:34:28.799Z [36e373e7-2cd7-45bc-9361-36100185f596][bb1fc585-f087-407a-b043-49c06e320521] Generating... 1 ready, 0 failed / 2 total (85s)
2026-09-05T06:34:28.953Z [8a78af5b-62b5-464c-b059-98653bf5e45d][bb1fc585-f087-407a-b043-49c06e320521] Generating... 1 ready, 0 failed / 2 total (166s)
2026-09-05T06:34:31.823Z [36e373e7-2cd7-45bc-9361-36100185f596][bb1fc585-f087-407a-b043-49c06e320521] Generating... 1 ready, 0 failed / 2 total (88s)
2026-09-05T06:34:31.977Z [8a78af5b-62b5-464c-b059-98653bf5e45d][bb1fc585-f087-407a-b043-49c06e320521] Generating... 1 ready, 0 failed / 2 total (169s)
2026-09-05T06:34:34.841Z [36e373e7-2cd7-45bc-9361-36100185f596][bb1fc585-f087-407a-b043-49c06e320521] Generating... 1 ready, 0 failed / 2 total (91s)
2026-09-05T06:34:34.994Z [8a78af5b-62b5-464c-b059-98653bf5e45d][bb1fc585-f087-407a-b043-49c06e320521] Generating... 1 ready, 0 failed / 2 total (172s)
2026-09-05T06:34:37.868Z [36e373e7-2cd7-45bc-9361-36100185f596][bb1fc585-f087-407a-b043-49c06e320521] Generating... 1 ready, 0 failed / 2 total (94s)
2026-09-05T06:34:38.010Z [8a78af5b-62b5-464c-b059-98653bf5e45d][bb1fc585-f087-407a-b043-49c06e320521] Generating... 1 ready, 0 failed / 2 total (175s)
2026-09-05T06:34:40.894Z [36e373e7-2cd7-45bc-9361-36100185f596][bb1fc585-f087-407a-b043-49c06e320521] Generating... 1 ready, 0 failed / 2 total (97s)
2026-09-05T06:34:41.029Z [8a78af5b-62b5-464c-b059-98653bf5e45d][bb1fc585-f087-407a-b043-49c06e320521] Generating... 1 ready, 0 failed / 2 total (178s)
2026-09-05T06:34:43.908Z [36e373e7-2cd7-45bc-9361-36100185f596][bb1fc585-f087-407a-b043-49c06e320521] Generating... 1 ready, 0 failed / 2 total (100s)
2026-09-05T06:34:44.039Z [8a78af5b-62b5-464c-b059-98653bf5e45d][bb1fc585-f087-407a-b043-49c06e320521] Poll ended with 1/2 ready — salvaging the completed item(s).
2026-09-05T06:34:44.039Z [8a78af5b-62b5-464c-b059-98653bf5e45d][bb1fc585-f087-407a-b043-49c06e320521] 1 item(s) ready! Downloading...
2026-09-05T06:34:44.040Z [8a78af5b-62b5-464c-b059-98653bf5e45d][bb1fc585-f087-407a-b043-49c06e320521] Item 1: no video source on the tile yet — hovering it to mount one.
2026-09-05T06:34:45.807Z [8a78af5b-62b5-464c-b059-98653bf5e45d][bb1fc585-f087-407a-b043-49c06e320521] Item 1: Downloading from URL https://flow-content.google/video/95a9778f-dc82-4f16-b272-6be9f5b2dfa4?Expires=1788611547&KeyName=labs-flow-prod-cdn-key&Signature=EbMxyuK80af1sA61rXB7wRj4pmE
2026-09-05T06:34:46.932Z [36e373e7-2cd7-45bc-9361-36100185f596][bb1fc585-f087-407a-b043-49c06e320521] Generating... 1 ready, 0 failed / 2 total (103s)
2026-09-05T06:34:47.968Z [8a78af5b-62b5-464c-b059-98653bf5e45d][bb1fc585-f087-407a-b043-49c06e320521] Downloaded 1/1: video_2026-09-05T06-34-44_01.mp4
2026-09-05T06:34:47.969Z [8a78af5b-62b5-464c-b059-98653bf5e45d][bb1fc585-f087-407a-b043-49c06e320521] ✅ 1 item(s) saved to Downloads/Win AI Toolkit/
2026-09-05T06:34:49.958Z [36e373e7-2cd7-45bc-9361-36100185f596][bb1fc585-f087-407a-b043-49c06e320521] Generating... 1 ready, 0 failed / 2 total (106s)
2026-09-05T06:34:52.981Z [36e373e7-2cd7-45bc-9361-36100185f596][bb1fc585-f087-407a-b043-49c06e320521] Generating... 1 ready, 0 failed / 2 total (109s)
2026-09-05T06:34:55.994Z [36e373e7-2cd7-45bc-9361-36100185f596][bb1fc585-f087-407a-b043-49c06e320521] Generating... 1 ready, 0 failed / 2 total (112s)
2026-09-05T06:34:56.295Z [7126f65f-9d7f-4bcd-bc0c-367c9f82efcd][bb1fc585-f087-407a-b043-49c06e320521] Item 1 (try 1): 1080p saved via the UI download flow.
2026-09-05T06:34:56.382Z [7126f65f-9d7f-4bcd-bc0c-367c9f82efcd][bb1fc585-f087-407a-b043-49c06e320521] Item 1: upgraded to 1080p → D:\WINAI\Slow-English-with-Arlo_7_18_cmtlc8wj\video_2026-09-05T06-34-10_01.mp4
2026-09-05T06:34:56.383Z [7126f65f-9d7f-4bcd-bc0c-367c9f82efcd][bb1fc585-f087-407a-b043-49c06e320521] Uploading 1 video(s) to Xanh...
2026-09-05T06:34:59.022Z [36e373e7-2cd7-45bc-9361-36100185f596][bb1fc585-f087-407a-b043-49c06e320521] Generating... 1 ready, 0 failed / 2 total (115s)
2026-09-05T06:34:59.198Z [7126f65f-9d7f-4bcd-bc0c-367c9f82efcd][bb1fc585-f087-407a-b043-49c06e320521] Item 1: Re-uploaded 1080p → https://studio.xanhmedia.vn/uploads/2026-09/1788590098902_384df3_bb1fc585-f087-407a-b043-49c06e320521_712.mp4
2026-09-05T06:34:59.199Z [7126f65f-9d7f-4bcd-bc0c-367c9f82efcd][bb1fc585-f087-407a-b043-49c06e320521] ✅ 1 item(s) + 1080p saved to Downloads/Win AI Toolkit/
2026-09-05T06:34:59.202Z [7126f65f-9d7f-4bcd-bc0c-367c9f82efcd][bb1fc585-f087-407a-b043-49c06e320521] All done (including any 1080p upgrades). Closing Playwright browser context.
2026-09-05T06:34:59.944Z [9c6311e0-7895-444d-8b45-9b202b2656ea][bb1fc585-f087-407a-b043-49c06e320521] runGeneration starting: task_id=9c6311e0-7895-444d-8b45-9b202b2656ea, profile_id=bb1fc585-f087-407a-b043-49c06e320521, target_site=google_flow
2026-09-05T06:34:59.945Z [9c6311e0-7895-444d-8b45-9b202b2656ea][bb1fc585-f087-407a-b043-49c06e320521] Opening Playwright browser with persistent profile cookies...
2026-09-05T06:34:59.945Z [9c6311e0-7895-444d-8b45-9b202b2656ea][bb1fc585-f087-407a-b043-49c06e320521] Browser engine: winhide (C:\Users\Admin\AppData\Roaming\com.tank.winai\winhide\chrome.exe) [hidden off-screen]
2026-09-05T06:34:59.946Z [9c6311e0-7895-444d-8b45-9b202b2656ea][bb1fc585-f087-407a-b043-49c06e320521] Launch mode: STEALTH (raw spawn + connectOverCDP)
2026-09-05T06:35:01.508Z [9c6311e0-7895-444d-8b45-9b202b2656ea][bb1fc585-f087-407a-b043-49c06e320521] Exit IP: 115.74.128.9
2026-09-05T06:35:01.509Z [9c6311e0-7895-444d-8b45-9b202b2656ea][bb1fc585-f087-407a-b043-49c06e320521] Navigating browser to Google Flow tools page...
2026-09-05T06:35:01.509Z [9c6311e0-7895-444d-8b45-9b202b2656ea][bb1fc585-f087-407a-b043-49c06e320521] Using existing project URL: https://flow.google.com/project/cae2bf2b-d1b8-40f9-a300-9f2aa6276ea5?hl=en
2026-09-05T06:35:02.050Z [36e373e7-2cd7-45bc-9361-36100185f596][bb1fc585-f087-407a-b043-49c06e320521] Generating... 1 ready, 0 failed / 2 total (118s)
2026-09-05T06:35:02.381Z [9c6311e0-7895-444d-8b45-9b202b2656ea][bb1fc585-f087-407a-b043-49c06e320521] Waiting for Google Flow...
2026-09-05T06:35:03.970Z [9c6311e0-7895-444d-8b45-9b202b2656ea][bb1fc585-f087-407a-b043-49c06e320521] In existing project ✓
2026-09-05T06:35:05.011Z [9c6311e0-7895-444d-8b45-9b202b2656ea][bb1fc585-f087-407a-b043-49c06e320521] dismissPopups: unresolved overlay(s) ["IFRAME[presentation]|btns="]
2026-09-05T06:35:05.077Z [36e373e7-2cd7-45bc-9361-36100185f596][bb1fc585-f087-407a-b043-49c06e320521] Generating... 1 ready, 0 failed / 2 total (121s)
2026-09-05T06:35:07.692Z [9c6311e0-7895-444d-8b45-9b202b2656ea][bb1fc585-f087-407a-b043-49c06e320521] Composer ready ✓ (UI language: en)
2026-09-05T06:35:07.745Z [9c6311e0-7895-444d-8b45-9b202b2656ea][bb1fc585-f087-407a-b043-49c06e320521] dismissPopups: unresolved overlay(s) ["DIV[]|btns=","DIV[]|btns="]
2026-09-05T06:35:07.775Z [9c6311e0-7895-444d-8b45-9b202b2656ea][bb1fc585-f087-407a-b043-49c06e320521] Agent toggle aria-pressed=false
2026-09-05T06:35:07.776Z [9c6311e0-7895-444d-8b45-9b202b2656ea][bb1fc585-f087-407a-b043-49c06e320521] Opening settings...
2026-09-05T06:35:08.096Z [36e373e7-2cd7-45bc-9361-36100185f596][bb1fc585-f087-407a-b043-49c06e320521] Generating... 1 ready, 0 failed / 2 total (124s)
2026-09-05T06:35:10.026Z [9c6311e0-7895-444d-8b45-9b202b2656ea][bb1fc585-f087-407a-b043-49c06e320521] Configuring video settings...
2026-09-05T06:35:10.049Z [9c6311e0-7895-444d-8b45-9b202b2656ea][bb1fc585-f087-407a-b043-49c06e320521] Mode: "videocam Video" already selected ✓
2026-09-05T06:35:11.111Z [36e373e7-2cd7-45bc-9361-36100185f596][bb1fc585-f087-407a-b043-49c06e320521] Generating... 1 ready, 0 failed / 2 total (127s)
2026-09-05T06:35:12.725Z [9c6311e0-7895-444d-8b45-9b202b2656ea][bb1fc585-f087-407a-b043-49c06e320521] Video type: selected "crop_free Frames" ✓
2026-09-05T06:35:12.956Z [bd8bfff3-a8f7-4b8d-ac5e-ec6579d21873][bb1fc585-f087-407a-b043-49c06e320521] Item 2 (try 1): 1080p saved via the UI download flow.
2026-09-05T06:35:13.047Z [bd8bfff3-a8f7-4b8d-ac5e-ec6579d21873][bb1fc585-f087-407a-b043-49c06e320521] Item 2: upgraded to 1080p → D:\WINAI\Slow-English-with-Arlo_7_20_cmtlc8wj\video_2026-09-05T06-33-38_02.mp4
2026-09-05T06:35:13.047Z [bd8bfff3-a8f7-4b8d-ac5e-ec6579d21873][bb1fc585-f087-407a-b043-49c06e320521] Uploading 2 video(s) to Xanh...
2026-09-05T06:35:13.857Z [bd8bfff3-a8f7-4b8d-ac5e-ec6579d21873][bb1fc585-f087-407a-b043-49c06e320521] Item 1: Re-uploaded 1080p → https://studio.xanhmedia.vn/uploads/2026-09/1788590113545_a4d162_bb1fc585-f087-407a-b043-49c06e320521_bd8.mp4
2026-09-05T06:35:13.885Z [bd8bfff3-a8f7-4b8d-ac5e-ec6579d21873][bb1fc585-f087-407a-b043-49c06e320521] Item 2: Re-uploaded 1080p → https://studio.xanhmedia.vn/uploads/2026-09/1788590113585_13b88a_bb1fc585-f087-407a-b043-49c06e320521_bd8.mp4
2026-09-05T06:35:13.886Z [bd8bfff3-a8f7-4b8d-ac5e-ec6579d21873][bb1fc585-f087-407a-b043-49c06e320521] ✅ 2 item(s) + 1080p saved to Downloads/Win AI Toolkit/
2026-09-05T06:35:13.887Z [bd8bfff3-a8f7-4b8d-ac5e-ec6579d21873][bb1fc585-f087-407a-b043-49c06e320521] All done (including any 1080p upgrades). Closing Playwright browser context.
2026-09-05T06:35:14.128Z [36e373e7-2cd7-45bc-9361-36100185f596][bb1fc585-f087-407a-b043-49c06e320521] Generating... 1 ready, 0 failed / 2 total (130s)
2026-09-05T06:35:14.962Z [278f2989-adf0-4238-89bf-0f9253dccb87][bb1fc585-f087-407a-b043-49c06e320521] runGeneration starting: task_id=278f2989-adf0-4238-89bf-0f9253dccb87, profile_id=bb1fc585-f087-407a-b043-49c06e320521, target_site=google_flow
2026-09-05T06:35:14.963Z [278f2989-adf0-4238-89bf-0f9253dccb87][bb1fc585-f087-407a-b043-49c06e320521] Opening Playwright browser with persistent profile cookies...
2026-09-05T06:35:14.964Z [278f2989-adf0-4238-89bf-0f9253dccb87][bb1fc585-f087-407a-b043-49c06e320521] Browser engine: winhide (C:\Users\Admin\AppData\Roaming\com.tank.winai\winhide\chrome.exe) [hidden off-screen]
2026-09-05T06:35:14.965Z [278f2989-adf0-4238-89bf-0f9253dccb87][bb1fc585-f087-407a-b043-49c06e320521] Launch mode: STEALTH (raw spawn + connectOverCDP)
2026-09-05T06:35:16.395Z [278f2989-adf0-4238-89bf-0f9253dccb87][bb1fc585-f087-407a-b043-49c06e320521] Exit IP: 115.74.128.9
2026-09-05T06:35:16.395Z [278f2989-adf0-4238-89bf-0f9253dccb87][bb1fc585-f087-407a-b043-49c06e320521] Navigating browser to Google Flow tools page...
2026-09-05T06:35:16.396Z [278f2989-adf0-4238-89bf-0f9253dccb87][bb1fc585-f087-407a-b043-49c06e320521] Using existing project URL: https://flow.google.com/project/cd81a7d3-c989-419e-891a-f8694174cb85?hl=en
2026-09-05T06:35:17.146Z [36e373e7-2cd7-45bc-9361-36100185f596][bb1fc585-f087-407a-b043-49c06e320521] Generating... 1 ready, 0 failed / 2 total (133s)
2026-09-05T06:35:17.402Z [278f2989-adf0-4238-89bf-0f9253dccb87][bb1fc585-f087-407a-b043-49c06e320521] Waiting for Google Flow...
2026-09-05T06:35:18.216Z [9c6311e0-7895-444d-8b45-9b202b2656ea][bb1fc585-f087-407a-b043-49c06e320521] Model: selected "Veo 3.1 - Lite [Lower Priority]" ✓
2026-09-05T06:35:19.141Z [278f2989-adf0-4238-89bf-0f9253dccb87][bb1fc585-f087-407a-b043-49c06e320521] In existing project ✓
2026-09-05T06:35:19.161Z [9c6311e0-7895-444d-8b45-9b202b2656ea][bb1fc585-f087-407a-b043-49c06e320521] Aspect ratio: "crop_16_9 16:9" already selected ✓
2026-09-05T06:35:19.172Z [9c6311e0-7895-444d-8b45-9b202b2656ea][bb1fc585-f087-407a-b043-49c06e320521] Video resolution: toggle group "Video resolution" not present (model may not offer it) — skipped.
2026-09-05T06:35:19.222Z [9c6311e0-7895-444d-8b45-9b202b2656ea][bb1fc585-f087-407a-b043-49c06e320521] Duration: "8s" already selected ✓
2026-09-05T06:35:19.248Z [9c6311e0-7895-444d-8b45-9b202b2656ea][bb1fc585-f087-407a-b043-49c06e320521] Output count: "x2" already selected ✓
2026-09-05T06:35:20.112Z [9c6311e0-7895-444d-8b45-9b202b2656ea][bb1fc585-f087-407a-b043-49c06e320521] Start keyframe: downloading from URL...
2026-09-05T06:35:20.180Z [36e373e7-2cd7-45bc-9361-36100185f596][bb1fc585-f087-407a-b043-49c06e320521] Generating... 1 ready, 0 failed / 2 total (136s)
2026-09-05T06:35:20.275Z [278f2989-adf0-4238-89bf-0f9253dccb87][bb1fc585-f087-407a-b043-49c06e320521] dismissPopups: unresolved overlay(s) ["IFRAME[presentation]|btns="]
2026-09-05T06:35:20.316Z [9c6311e0-7895-444d-8b45-9b202b2656ea][bb1fc585-f087-407a-b043-49c06e320521] Downloader: no-proxy request context ready.
2026-09-05T06:35:20.609Z [9c6311e0-7895-444d-8b45-9b202b2656ea][bb1fc585-f087-407a-b043-49c06e320521] Start keyframe: saved 143662 bytes (image/png) as "1788442243831_7f6e23_60f7c834-1526-409d-b017-21db20795e19_b14.png"
2026-09-05T06:35:20.628Z [9c6311e0-7895-444d-8b45-9b202b2656ea][bb1fc585-f087-407a-b043-49c06e320521] Start keyframe: setting start keyframe...
2026-09-05T06:35:22.473Z [278f2989-adf0-4238-89bf-0f9253dccb87][bb1fc585-f087-407a-b043-49c06e320521] Composer ready ✓ (UI language: en)
2026-09-05T06:35:22.534Z [278f2989-adf0-4238-89bf-0f9253dccb87][bb1fc585-f087-407a-b043-49c06e320521] dismissPopups: unresolved overlay(s) ["DIV[]|btns=","DIV[]|btns="]
2026-09-05T06:35:22.547Z [278f2989-adf0-4238-89bf-0f9253dccb87][bb1fc585-f087-407a-b043-49c06e320521] Agent toggle aria-pressed=false
2026-09-05T06:35:22.548Z [278f2989-adf0-4238-89bf-0f9253dccb87][bb1fc585-f087-407a-b043-49c06e320521] Opening settings...
2026-09-05T06:35:22.696Z [9c6311e0-7895-444d-8b45-9b202b2656ea][bb1fc585-f087-407a-b043-49c06e320521] Start keyframe: "1788442243831_7f6e23_60f7c834-1526-409d-b017-21db20795e19_b14.png" not in the library yet — uploading it first.
2026-09-05T06:35:23.202Z [36e373e7-2cd7-45bc-9361-36100185f596][bb1fc585-f087-407a-b043-49c06e320521] Generating... 1 ready, 0 failed / 2 total (139s)
2026-09-05T06:35:24.674Z [278f2989-adf0-4238-89bf-0f9253dccb87][bb1fc585-f087-407a-b043-49c06e320521] Configuring video settings...
2026-09-05T06:35:24.696Z [278f2989-adf0-4238-89bf-0f9253dccb87][bb1fc585-f087-407a-b043-49c06e320521] Mode: "videocam Video" already selected ✓
2026-09-05T06:35:26.230Z [36e373e7-2cd7-45bc-9361-36100185f596][bb1fc585-f087-407a-b043-49c06e320521] Generating... 1 ready, 0 failed / 2 total (142s)
2026-09-05T06:35:26.372Z [9c6311e0-7895-444d-8b45-9b202b2656ea][bb1fc585-f087-407a-b043-49c06e320521] Start keyframe: uploading "1788442243831_7f6e23_60f7c834-1526-409d-b017-21db20795e19_b14.png" to the project library...
2026-09-05T06:35:27.233Z [9c6311e0-7895-444d-8b45-9b202b2656ea][bb1fc585-f087-407a-b043-49c06e320521] Start keyframe: upload finished ✓
2026-09-05T06:35:27.529Z [278f2989-adf0-4238-89bf-0f9253dccb87][bb1fc585-f087-407a-b043-49c06e320521] Video type: selected "crop_free Frames" ✓
2026-09-05T06:35:29.256Z [36e373e7-2cd7-45bc-9361-36100185f596][bb1fc585-f087-407a-b043-49c06e320521] Generating... 1 ready, 0 failed / 2 total (145s)
2026-09-05T06:35:32.278Z [36e373e7-2cd7-45bc-9361-36100185f596][bb1fc585-f087-407a-b043-49c06e320521] Generating... 1 ready, 0 failed / 2 total (148s)
2026-09-05T06:35:32.659Z [278f2989-adf0-4238-89bf-0f9253dccb87][bb1fc585-f087-407a-b043-49c06e320521] Model: selected "Veo 3.1 - Lite [Lower Priority]" ✓
2026-09-05T06:35:33.602Z [278f2989-adf0-4238-89bf-0f9253dccb87][bb1fc585-f087-407a-b043-49c06e320521] Aspect ratio: "crop_16_9 16:9" already selected ✓
2026-09-05T06:35:33.606Z [278f2989-adf0-4238-89bf-0f9253dccb87][bb1fc585-f087-407a-b043-49c06e320521] Video resolution: toggle group "Video resolution" not present (model may not offer it) — skipped.
2026-09-05T06:35:33.640Z [278f2989-adf0-4238-89bf-0f9253dccb87][bb1fc585-f087-407a-b043-49c06e320521] Duration: "8s" already selected ✓
2026-09-05T06:35:33.661Z [278f2989-adf0-4238-89bf-0f9253dccb87][bb1fc585-f087-407a-b043-49c06e320521] Output count: "x2" already selected ✓
2026-09-05T06:35:34.712Z [278f2989-adf0-4238-89bf-0f9253dccb87][bb1fc585-f087-407a-b043-49c06e320521] Start keyframe: downloading from URL...
2026-09-05T06:35:34.889Z [278f2989-adf0-4238-89bf-0f9253dccb87][bb1fc585-f087-407a-b043-49c06e320521] Downloader: no-proxy request context ready.
2026-09-05T06:35:35.172Z [278f2989-adf0-4238-89bf-0f9253dccb87][bb1fc585-f087-407a-b043-49c06e320521] Start keyframe: saved 129694 bytes (image/png) as "1788442258068_e648ce_60f7c834-1526-409d-b017-21db20795e19_34d.png"
2026-09-05T06:35:35.192Z [278f2989-adf0-4238-89bf-0f9253dccb87][bb1fc585-f087-407a-b043-49c06e320521] Start keyframe: setting start keyframe...
2026-09-05T06:35:35.303Z [36e373e7-2cd7-45bc-9361-36100185f596][bb1fc585-f087-407a-b043-49c06e320521] Generating... 1 ready, 0 failed / 2 total (151s)
2026-09-05T06:35:35.865Z [8a78af5b-62b5-464c-b059-98653bf5e45d][bb1fc585-f087-407a-b043-49c06e320521] Item 1 (try 1): 1080p saved via the UI download flow.
2026-09-05T06:35:35.981Z [8a78af5b-62b5-464c-b059-98653bf5e45d][bb1fc585-f087-407a-b043-49c06e320521] Item 1: upgraded to 1080p → D:\WINAI\Slow-English-with-Arlo_7_19_cmtlc8wj\video_2026-09-05T06-34-44_01.mp4
2026-09-05T06:35:35.982Z [8a78af5b-62b5-464c-b059-98653bf5e45d][bb1fc585-f087-407a-b043-49c06e320521] Uploading 1 video(s) to Xanh...
2026-09-05T06:35:36.625Z [8a78af5b-62b5-464c-b059-98653bf5e45d][bb1fc585-f087-407a-b043-49c06e320521] Item 1: Re-uploaded 1080p → https://studio.xanhmedia.vn/uploads/2026-09/1788590136328_e790a8_bb1fc585-f087-407a-b043-49c06e320521_8a7.mp4
2026-09-05T06:35:36.625Z [8a78af5b-62b5-464c-b059-98653bf5e45d][bb1fc585-f087-407a-b043-49c06e320521] ✅ 1 item(s) + 1080p saved to Downloads/Win AI Toolkit/
2026-09-05T06:35:36.627Z [8a78af5b-62b5-464c-b059-98653bf5e45d][bb1fc585-f087-407a-b043-49c06e320521] All done (including any 1080p upgrades). Closing Playwright browser context.
2026-09-05T06:35:36.906Z [9c6311e0-7895-444d-8b45-9b202b2656ea][bb1fc585-f087-407a-b043-49c06e320521] Start keyframe: start keyframe attached ✓
2026-09-05T06:35:36.918Z [9c6311e0-7895-444d-8b45-9b202b2656ea][bb1fc585-f087-407a-b043-49c06e320521] Entering prompt...
2026-09-05T06:35:37.146Z [278f2989-adf0-4238-89bf-0f9253dccb87][bb1fc585-f087-407a-b043-49c06e320521] Start keyframe: "1788442258068_e648ce_60f7c834-1526-409d-b017-21db20795e19_34d.png" not in the library yet — uploading it first.
2026-09-05T06:35:37.653Z [9b59d7c5-4422-49b4-b3c3-4dff47775571][bb1fc585-f087-407a-b043-49c06e320521] runGeneration starting: task_id=9b59d7c5-4422-49b4-b3c3-4dff47775571, profile_id=bb1fc585-f087-407a-b043-49c06e320521, target_site=google_flow
2026-09-05T06:35:37.654Z [9b59d7c5-4422-49b4-b3c3-4dff47775571][bb1fc585-f087-407a-b043-49c06e320521] Opening Playwright browser with persistent profile cookies...
2026-09-05T06:35:37.654Z [9b59d7c5-4422-49b4-b3c3-4dff47775571][bb1fc585-f087-407a-b043-49c06e320521] Browser engine: winhide (C:\Users\Admin\AppData\Roaming\com.tank.winai\winhide\chrome.exe) [hidden off-screen]
2026-09-05T06:35:37.654Z [9b59d7c5-4422-49b4-b3c3-4dff47775571][bb1fc585-f087-407a-b043-49c06e320521] Launch mode: STEALTH (raw spawn + connectOverCDP)
2026-09-05T06:35:38.336Z [36e373e7-2cd7-45bc-9361-36100185f596][bb1fc585-f087-407a-b043-49c06e320521] Generating... 1 ready, 0 failed / 2 total (154s)
2026-09-05T06:35:38.602Z [9c6311e0-7895-444d-8b45-9b202b2656ea][bb1fc585-f087-407a-b043-49c06e320521] Prompt is 1282 chars — typing it in 24 chunk(s).
2026-09-05T06:35:39.042Z [9b59d7c5-4422-49b4-b3c3-4dff47775571][bb1fc585-f087-407a-b043-49c06e320521] Exit IP: 115.74.128.9
2026-09-05T06:35:39.043Z [9b59d7c5-4422-49b4-b3c3-4dff47775571][bb1fc585-f087-407a-b043-49c06e320521] Navigating browser to Google Flow tools page...
2026-09-05T06:35:39.043Z [9b59d7c5-4422-49b4-b3c3-4dff47775571][bb1fc585-f087-407a-b043-49c06e320521] Using existing project URL: https://flow.google.com/project/33ca2cc2-c9ff-4bb6-9048-2a7af1dfcfee?hl=en
2026-09-05T06:35:39.923Z [9b59d7c5-4422-49b4-b3c3-4dff47775571][bb1fc585-f087-407a-b043-49c06e320521] Waiting for Google Flow...
2026-09-05T06:35:40.704Z [278f2989-adf0-4238-89bf-0f9253dccb87][bb1fc585-f087-407a-b043-49c06e320521] Start keyframe: uploading "1788442258068_e648ce_60f7c834-1526-409d-b017-21db20795e19_34d.png" to the project library...
2026-09-05T06:35:41.353Z [36e373e7-2cd7-45bc-9361-36100185f596][bb1fc585-f087-407a-b043-49c06e320521] Generating... 1 ready, 0 failed / 2 total (157s)
2026-09-05T06:35:41.521Z [9b59d7c5-4422-49b4-b3c3-4dff47775571][bb1fc585-f087-407a-b043-49c06e320521] In existing project ✓
2026-09-05T06:35:41.679Z [278f2989-adf0-4238-89bf-0f9253dccb87][bb1fc585-f087-407a-b043-49c06e320521] Start keyframe: upload finished ✓
2026-09-05T06:35:42.481Z [9b59d7c5-4422-49b4-b3c3-4dff47775571][bb1fc585-f087-407a-b043-49c06e320521] dismissPopups: unresolved overlay(s) ["IFRAME[presentation]|btns="]
2026-09-05T06:35:44.372Z [36e373e7-2cd7-45bc-9361-36100185f596][bb1fc585-f087-407a-b043-49c06e320521] Generating... 1 ready, 0 failed / 2 total (160s)
2026-09-05T06:35:46.273Z [9b59d7c5-4422-49b4-b3c3-4dff47775571][bb1fc585-f087-407a-b043-49c06e320521] Composer ready ✓ (UI language: en)
2026-09-05T06:35:46.306Z [9b59d7c5-4422-49b4-b3c3-4dff47775571][bb1fc585-f087-407a-b043-49c06e320521] dismissPopups: unresolved overlay(s) ["DIV[]|btns=","DIV[]|btns="]
2026-09-05T06:35:46.322Z [9b59d7c5-4422-49b4-b3c3-4dff47775571][bb1fc585-f087-407a-b043-49c06e320521] Agent toggle aria-pressed=false
2026-09-05T06:35:46.322Z [9b59d7c5-4422-49b4-b3c3-4dff47775571][bb1fc585-f087-407a-b043-49c06e320521] Opening settings...
2026-09-05T06:35:47.391Z [36e373e7-2cd7-45bc-9361-36100185f596][bb1fc585-f087-407a-b043-49c06e320521] Generating... 1 ready, 0 failed / 2 total (163s)
2026-09-05T06:35:48.416Z [9b59d7c5-4422-49b4-b3c3-4dff47775571][bb1fc585-f087-407a-b043-49c06e320521] Configuring video settings...
2026-09-05T06:35:48.441Z [9b59d7c5-4422-49b4-b3c3-4dff47775571][bb1fc585-f087-407a-b043-49c06e320521] Mode: "videocam Video" already selected ✓
2026-09-05T06:35:50.404Z [36e373e7-2cd7-45bc-9361-36100185f596][bb1fc585-f087-407a-b043-49c06e320521] Generating... 1 ready, 0 failed / 2 total (166s)
2026-09-05T06:35:50.534Z [9c6311e0-7895-444d-8b45-9b202b2656ea][bb1fc585-f087-407a-b043-49c06e320521] Prompt insert attempt 1: editor has 1253 chars (want ~1278) ✓
2026-09-05T06:35:50.978Z [9b59d7c5-4422-49b4-b3c3-4dff47775571][bb1fc585-f087-407a-b043-49c06e320521] Video type: selected "crop_free Frames" ✓
2026-09-05T06:35:51.717Z [278f2989-adf0-4238-89bf-0f9253dccb87][bb1fc585-f087-407a-b043-49c06e320521] Start keyframe: start keyframe attached ✓
2026-09-05T06:35:51.729Z [278f2989-adf0-4238-89bf-0f9253dccb87][bb1fc585-f087-407a-b043-49c06e320521] Entering prompt...
2026-09-05T06:35:52.703Z [9c6311e0-7895-444d-8b45-9b202b2656ea][bb1fc585-f087-407a-b043-49c06e320521] Baseline: 48 pre-existing media tile(s) of 48 mounted (kinds: image,video,image,video,video,image,video,video,image,video,video,image,video,video,image,video,video,image,video,video,image,image,image,video,video,image,video,video,image,video,video,image,video,video,image,image,video,image,video,image,video,video,image,video,video,image,video,video).
2026-09-05T06:35:53.422Z [36e373e7-2cd7-45bc-9361-36100185f596][bb1fc585-f087-407a-b043-49c06e320521] Generating... 1 ready, 0 failed / 2 total (169s)
2026-09-05T06:35:53.456Z [278f2989-adf0-4238-89bf-0f9253dccb87][bb1fc585-f087-407a-b043-49c06e320521] Prompt is 1001 chars — typing it in 18 chunk(s).
2026-09-05T06:35:54.856Z [9c6311e0-7895-444d-8b45-9b202b2656ea][bb1fc585-f087-407a-b043-49c06e320521] [submit] confirmed (editor "What do you want to ", fresh tile=true).
2026-09-05T06:35:55.421Z [9c6311e0-7895-444d-8b45-9b202b2656ea][bb1fc585-f087-407a-b043-49c06e320521] Current Workspace project URL: https://flow.google.com/project/cae2bf2b-d1b8-40f9-a300-9f2aa6276ea5?hl=en
2026-09-05T06:35:55.422Z [9c6311e0-7895-444d-8b45-9b202b2656ea][bb1fc585-f087-407a-b043-49c06e320521] Submitted ✓ Detecting batch size...
2026-09-05T06:35:55.434Z [9c6311e0-7895-444d-8b45-9b202b2656ea][bb1fc585-f087-407a-b043-49c06e320521] New tile(s) since submit: 0 → 2 (mounted=49)
2026-09-05T06:35:55.467Z [9b59d7c5-4422-49b4-b3c3-4dff47775571][bb1fc585-f087-407a-b043-49c06e320521] Model: selected "Veo 3.1 - Lite [Lower Priority]" ✓
2026-09-05T06:35:56.004Z [9b59d7c5-4422-49b4-b3c3-4dff47775571][bb1fc585-f087-407a-b043-49c06e320521] Aspect ratio: "crop_16_9 16:9" already selected ✓
2026-09-05T06:35:56.007Z [9b59d7c5-4422-49b4-b3c3-4dff47775571][bb1fc585-f087-407a-b043-49c06e320521] Video resolution: toggle group "Video resolution" not present (model may not offer it) — skipped.
2026-09-05T06:35:56.042Z [9b59d7c5-4422-49b4-b3c3-4dff47775571][bb1fc585-f087-407a-b043-49c06e320521] Duration: "8s" already selected ✓
2026-09-05T06:35:56.063Z [9b59d7c5-4422-49b4-b3c3-4dff47775571][bb1fc585-f087-407a-b043-49c06e320521] Output count: "x2" already selected ✓
2026-09-05T06:35:56.437Z [36e373e7-2cd7-45bc-9361-36100185f596][bb1fc585-f087-407a-b043-49c06e320521] Generating... 1 ready, 0 failed / 2 total (172s)
2026-09-05T06:35:57.093Z [9b59d7c5-4422-49b4-b3c3-4dff47775571][bb1fc585-f087-407a-b043-49c06e320521] Start keyframe: downloading from URL...
2026-09-05T06:35:57.291Z [9b59d7c5-4422-49b4-b3c3-4dff47775571][bb1fc585-f087-407a-b043-49c06e320521] Downloader: no-proxy request context ready.
2026-09-05T06:35:57.589Z [9b59d7c5-4422-49b4-b3c3-4dff47775571][bb1fc585-f087-407a-b043-49c06e320521] Start keyframe: saved 147700 bytes (image/png) as "1788442285043_5bdd5e_60f7c834-1526-409d-b017-21db20795e19_1cf.png"
2026-09-05T06:35:57.609Z [9b59d7c5-4422-49b4-b3c3-4dff47775571][bb1fc585-f087-407a-b043-49c06e320521] Start keyframe: setting start keyframe...
2026-09-05T06:35:59.452Z [36e373e7-2cd7-45bc-9361-36100185f596][bb1fc585-f087-407a-b043-49c06e320521] Generating... 1 ready, 0 failed / 2 total (175s)
2026-09-05T06:35:59.578Z [9c6311e0-7895-444d-8b45-9b202b2656ea][bb1fc585-f087-407a-b043-49c06e320521] Batch size stabilised at 2 new tile(s)
2026-09-05T06:35:59.578Z [9c6311e0-7895-444d-8b45-9b202b2656ea][bb1fc585-f087-407a-b043-49c06e320521] Batch detected: 2 item(s). Generating...
2026-09-05T06:35:59.578Z [9c6311e0-7895-444d-8b45-9b202b2656ea][bb1fc585-f087-407a-b043-49c06e320521] Polling for 2 video item(s) (baseline=48, hasUpload=true)...
2026-09-05T06:35:59.589Z [9c6311e0-7895-444d-8b45-9b202b2656ea][bb1fc585-f087-407a-b043-49c06e320521] Generating... 0 ready, 0 failed / 2 total (0s) play_circle [HÀNH ĐỘ play_circle [HÀNH ĐỘ
2026-09-05T06:36:00.019Z [9b59d7c5-4422-49b4-b3c3-4dff47775571][bb1fc585-f087-407a-b043-49c06e320521] Start keyframe: reusing library asset "1788442285043_5bdd5e_60f7c834-1526-409d-b017-21db20795e19_1cf.png" (no re-upload).
2026-09-05T06:36:02.045Z [278f2989-adf0-4238-89bf-0f9253dccb87][bb1fc585-f087-407a-b043-49c06e320521] Prompt insert attempt 1: editor has 992 chars (want ~997) ✓
2026-09-05T06:36:02.471Z [36e373e7-2cd7-45bc-9361-36100185f596][bb1fc585-f087-407a-b043-49c06e320521] Generating... 1 ready, 0 failed / 2 total (178s)
2026-09-05T06:36:02.604Z [9c6311e0-7895-444d-8b45-9b202b2656ea][bb1fc585-f087-407a-b043-49c06e320521] Generating... 0 ready, 0 failed / 2 total (3s) play_circle [HÀNH ĐỘ play_circle [HÀNH ĐỘ
2026-09-05T06:36:03.610Z [9b59d7c5-4422-49b4-b3c3-4dff47775571][bb1fc585-f087-407a-b043-49c06e320521] Start keyframe: start keyframe attached ✓
2026-09-05T06:36:03.622Z [9b59d7c5-4422-49b4-b3c3-4dff47775571][bb1fc585-f087-407a-b043-49c06e320521] Entering prompt...
2026-09-05T06:36:04.134Z [278f2989-adf0-4238-89bf-0f9253dccb87][bb1fc585-f087-407a-b043-49c06e320521] Baseline: 50 pre-existing media tile(s) of 50 mounted (kinds: image,video,video,image,video,video,image,video,video,image,video,video,image,video,video,image,video,image,video,video,image,video,video,image,video,video,image,video,image,video,video,image,video,video,image,video,video,image,video,image,video,video,image,video,video,image,video,video,image,video).
2026-09-05T06:36:05.479Z [36e373e7-2cd7-45bc-9361-36100185f596][bb1fc585-f087-407a-b043-49c06e320521] Poll ended with 1/2 ready — salvaging the completed item(s).
2026-09-05T06:36:05.479Z [36e373e7-2cd7-45bc-9361-36100185f596][bb1fc585-f087-407a-b043-49c06e320521] 1 item(s) ready! Downloading...
2026-09-05T06:36:05.479Z [9b59d7c5-4422-49b4-b3c3-4dff47775571][bb1fc585-f087-407a-b043-49c06e320521] Prompt is 1254 chars — typing it in 23 chunk(s).
2026-09-05T06:36:05.480Z [36e373e7-2cd7-45bc-9361-36100185f596][bb1fc585-f087-407a-b043-49c06e320521] Item 1: no video source on the tile yet — hovering it to mount one.
2026-09-05T06:36:05.626Z [9c6311e0-7895-444d-8b45-9b202b2656ea][bb1fc585-f087-407a-b043-49c06e320521] Generating... 0 ready, 0 failed / 2 total (6s) play_circle [HÀNH ĐỘ play_circle [HÀNH ĐỘ
2026-09-05T06:36:06.007Z [278f2989-adf0-4238-89bf-0f9253dccb87][bb1fc585-f087-407a-b043-49c06e320521] [submit] confirmed (editor "What do you want to ", fresh tile=true).
2026-09-05T06:36:06.741Z [278f2989-adf0-4238-89bf-0f9253dccb87][bb1fc585-f087-407a-b043-49c06e320521] Current Workspace project URL: https://flow.google.com/project/cd81a7d3-c989-419e-891a-f8694174cb85?hl=en
2026-09-05T06:36:06.741Z [278f2989-adf0-4238-89bf-0f9253dccb87][bb1fc585-f087-407a-b043-49c06e320521] Submitted ✓ Detecting batch size...
2026-09-05T06:36:06.754Z [278f2989-adf0-4238-89bf-0f9253dccb87][bb1fc585-f087-407a-b043-49c06e320521] New tile(s) since submit: 0 → 2 (mounted=50)
2026-09-05T06:36:07.432Z [36e373e7-2cd7-45bc-9361-36100185f596][bb1fc585-f087-407a-b043-49c06e320521] Item 1: Downloading from URL https://flow-content.google/video/f788944b-37ec-4eda-9c80-a3e1d274cd14?Expires=1788611634&KeyName=labs-flow-prod-cdn-key&Signature=ivE2ipm82CjbWKo4HxFOs-tDtrA
2026-09-05T06:36:08.144Z [36e373e7-2cd7-45bc-9361-36100185f596][bb1fc585-f087-407a-b043-49c06e320521] Downloaded 1/1: video_2026-09-05T06-36-05_01.mp4
2026-09-05T06:36:08.145Z [36e373e7-2cd7-45bc-9361-36100185f596][bb1fc585-f087-407a-b043-49c06e320521] ✅ 1 item(s) saved to Downloads/Win AI Toolkit/
2026-09-05T06:36:08.642Z [9c6311e0-7895-444d-8b45-9b202b2656ea][bb1fc585-f087-407a-b043-49c06e320521] Generating... 0 ready, 0 failed / 2 total (9s) play_circle 1% [HÀNH play_circle 1% [HÀNH
2026-09-05T06:36:10.902Z [278f2989-adf0-4238-89bf-0f9253dccb87][bb1fc585-f087-407a-b043-49c06e320521] Batch size stabilised at 2 new tile(s)
2026-09-05T06:36:10.902Z [278f2989-adf0-4238-89bf-0f9253dccb87][bb1fc585-f087-407a-b043-49c06e320521] Batch detected: 2 item(s). Generating...
2026-09-05T06:36:10.902Z [278f2989-adf0-4238-89bf-0f9253dccb87][bb1fc585-f087-407a-b043-49c06e320521] Polling for 2 video item(s) (baseline=50, hasUpload=true)...
2026-09-05T06:36:10.913Z [278f2989-adf0-4238-89bf-0f9253dccb87][bb1fc585-f087-407a-b043-49c06e320521] Generating... 0 ready, 0 failed / 2 total (0s) play_circle [HÀNH ĐỘ play_circle [HÀNH ĐỘ
2026-09-05T06:36:11.660Z [9c6311e0-7895-444d-8b45-9b202b2656ea][bb1fc585-f087-407a-b043-49c06e320521] Generating... 0 ready, 0 failed / 2 total (12s) play_circle 3% [HÀNH play_circle 3% [HÀNH
2026-09-05T06:36:13.934Z [278f2989-adf0-4238-89bf-0f9253dccb87][bb1fc585-f087-407a-b043-49c06e320521] Generating... 0 ready, 0 failed / 2 total (3s) play_circle [HÀNH ĐỘ play_circle [HÀNH ĐỘ
2026-09-05T06:36:14.674Z [9c6311e0-7895-444d-8b45-9b202b2656ea][bb1fc585-f087-407a-b043-49c06e320521] Generating... 0 ready, 0 failed / 2 total (15s) play_circle 7% [HÀNH play_circle 7% [HÀNH
2026-09-05T06:36:16.367Z [9b59d7c5-4422-49b4-b3c3-4dff47775571][bb1fc585-f087-407a-b043-49c06e320521] Prompt insert attempt 1: editor has 1224 chars (want ~1250) ✓
2026-09-05T06:36:16.986Z [278f2989-adf0-4238-89bf-0f9253dccb87][bb1fc585-f087-407a-b043-49c06e320521] Generating... 0 ready, 0 failed / 2 total (6s) play_circle 0% [HÀNH play_circle 0% [HÀNH
2026-09-05T06:36:17.693Z [9c6311e0-7895-444d-8b45-9b202b2656ea][bb1fc585-f087-407a-b043-49c06e320521] Generating... 0 ready, 0 failed / 2 total (18s) play_circle 9% [HÀNH play_circle 9% [HÀNH
2026-09-05T06:36:18.485Z [9b59d7c5-4422-49b4-b3c3-4dff47775571][bb1fc585-f087-407a-b043-49c06e320521] Baseline: 50 pre-existing media tile(s) of 50 mounted (kinds: video,video,video,image,video,video,image,video,video,image,video,video,image,image,video,video,image,video,video,image,video,video,image,video,video,image,video,video,image,video,image,video,video,image,video,video,image,video,video,image,video,video,image,video,video,image,video,video,image,video).
2026-09-05T06:36:20.009Z [278f2989-adf0-4238-89bf-0f9253dccb87][bb1fc585-f087-407a-b043-49c06e320521] Generating... 0 ready, 0 failed / 2 total (9s) play_circle 2% [HÀNH play_circle 2% [HÀNH
2026-09-05T06:36:20.670Z [9b59d7c5-4422-49b4-b3c3-4dff47775571][bb1fc585-f087-407a-b043-49c06e320521] [submit] confirmed (editor "What do you want to ", fresh tile=true).
2026-09-05T06:36:20.709Z [9c6311e0-7895-444d-8b45-9b202b2656ea][bb1fc585-f087-407a-b043-49c06e320521] Generating... 0 ready, 0 failed / 2 total (21s) play_circle 12% [HÀN play_circle 12% [HÀN
2026-09-05T06:36:21.291Z [9b59d7c5-4422-49b4-b3c3-4dff47775571][bb1fc585-f087-407a-b043-49c06e320521] Current Workspace project URL: https://flow.google.com/project/33ca2cc2-c9ff-4bb6-9048-2a7af1dfcfee?hl=en
2026-09-05T06:36:21.291Z [9b59d7c5-4422-49b4-b3c3-4dff47775571][bb1fc585-f087-407a-b043-49c06e320521] Submitted ✓ Detecting batch size...
2026-09-05T06:36:21.306Z [9b59d7c5-4422-49b4-b3c3-4dff47775571][bb1fc585-f087-407a-b043-49c06e320521] New tile(s) since submit: 0 → 2 (mounted=50)
2026-09-05T06:36:23.027Z [278f2989-adf0-4238-89bf-0f9253dccb87][bb1fc585-f087-407a-b043-49c06e320521] Generating... 0 ready, 0 failed / 2 total (12s) play_circle 5% [HÀNH play_circle 5% [HÀNH
2026-09-05T06:36:23.733Z [9c6311e0-7895-444d-8b45-9b202b2656ea][bb1fc585-f087-407a-b043-49c06e320521] Generating... 0 ready, 0 failed / 2 total (24s) play_circle 16% [HÀN play_circle 14% [HÀN
2026-09-05T06:36:25.462Z [9b59d7c5-4422-49b4-b3c3-4dff47775571][bb1fc585-f087-407a-b043-49c06e320521] Batch size stabilised at 2 new tile(s)
2026-09-05T06:36:25.463Z [9b59d7c5-4422-49b4-b3c3-4dff47775571][bb1fc585-f087-407a-b043-49c06e320521] Batch detected: 2 item(s). Generating...
2026-09-05T06:36:25.464Z [9b59d7c5-4422-49b4-b3c3-4dff47775571][bb1fc585-f087-407a-b043-49c06e320521] Polling for 2 video item(s) (baseline=50, hasUpload=true)...
2026-09-05T06:36:25.475Z [9b59d7c5-4422-49b4-b3c3-4dff47775571][bb1fc585-f087-407a-b043-49c06e320521] Generating... 0 ready, 0 failed / 2 total (0s) play_circle [HÀNH ĐỘ play_circle [HÀNH ĐỘ
2026-09-05T06:36:26.076Z [278f2989-adf0-4238-89bf-0f9253dccb87][bb1fc585-f087-407a-b043-49c06e320521] Generating... 0 ready, 0 failed / 2 total (15s) play_circle 8% [HÀNH play_circle 8% [HÀNH
2026-09-05T06:36:26.755Z [9c6311e0-7895-444d-8b45-9b202b2656ea][bb1fc585-f087-407a-b043-49c06e320521] Generating... 0 ready, 0 failed / 2 total (27s) play_circle 17% [HÀN play_circle 18% [HÀN
2026-09-05T06:36:28.490Z [9b59d7c5-4422-49b4-b3c3-4dff47775571][bb1fc585-f087-407a-b043-49c06e320521] Generating... 0 ready, 0 failed / 2 total (3s) play_circle [HÀNH ĐỘ play_circle [HÀNH ĐỘ
2026-09-05T06:36:29.104Z [278f2989-adf0-4238-89bf-0f9253dccb87][bb1fc585-f087-407a-b043-49c06e320521] Generating... 0 ready, 0 failed / 2 total (18s) play_circle 10% [HÀN play_circle 9% [HÀNH
2026-09-05T06:36:29.868Z [9c6311e0-7895-444d-8b45-9b202b2656ea][bb1fc585-f087-407a-b043-49c06e320521] Generating... 0 ready, 0 failed / 2 total (30s) play_circle 21% [HÀN play_circle 21% [HÀN
2026-09-05T06:36:31.504Z [9b59d7c5-4422-49b4-b3c3-4dff47775571][bb1fc585-f087-407a-b043-49c06e320521] Generating... 0 ready, 0 failed / 2 total (6s) play_circle [HÀNH ĐỘ play_circle [HÀNH ĐỘ
2026-09-05T06:36:32.125Z [278f2989-adf0-4238-89bf-0f9253dccb87][bb1fc585-f087-407a-b043-49c06e320521] Generating... 0 ready, 0 failed / 2 total (21s) play_circle 13% [HÀN play_circle 12% [HÀN
2026-09-05T06:36:32.883Z [9c6311e0-7895-444d-8b45-9b202b2656ea][bb1fc585-f087-407a-b043-49c06e320521] Generating... 0 ready, 0 failed / 2 total (33s) play_circle 23% [HÀN play_circle 23% [HÀN
2026-09-05T06:36:34.522Z [9b59d7c5-4422-49b4-b3c3-4dff47775571][bb1fc585-f087-407a-b043-49c06e320521] Generating... 0 ready, 0 failed / 2 total (9s) play_circle 1% [HÀNH play_circle 1% [HÀNH
2026-09-05T06:36:35.144Z [278f2989-adf0-4238-89bf-0f9253dccb87][bb1fc585-f087-407a-b043-49c06e320521] Generating... 0 ready, 0 failed / 2 total (24s) play_circle 15% [HÀN play_circle 16% [HÀN
2026-09-05T06:36:35.905Z [9c6311e0-7895-444d-8b45-9b202b2656ea][bb1fc585-f087-407a-b043-49c06e320521] Generating... 0 ready, 0 failed / 2 total (36s) play_circle 26% [HÀN play_circle 26% [HÀN
2026-09-05T06:36:37.536Z [9b59d7c5-4422-49b4-b3c3-4dff47775571][bb1fc585-f087-407a-b043-49c06e320521] Generating... 0 ready, 0 failed / 2 total (12s) play_circle 4% [HÀNH play_circle 3% [HÀNH
2026-09-05T06:36:38.167Z [278f2989-adf0-4238-89bf-0f9253dccb87][bb1fc585-f087-407a-b043-49c06e320521] Generating... 0 ready, 0 failed / 2 total (27s) play_circle 19% [HÀN play_circle 18% [HÀN
2026-09-05T06:36:38.925Z [9c6311e0-7895-444d-8b45-9b202b2656ea][bb1fc585-f087-407a-b043-49c06e320521] Generating... 0 ready, 0 failed / 2 total (39s) play_circle 29% [HÀN play_circle 29% [HÀN
2026-09-05T06:36:40.557Z [9b59d7c5-4422-49b4-b3c3-4dff47775571][bb1fc585-f087-407a-b043-49c06e320521] Generating... 0 ready, 0 failed / 2 total (15s) play_circle 7% [HÀNH play_circle 7% [HÀNH
2026-09-05T06:36:41.190Z [278f2989-adf0-4238-89bf-0f9253dccb87][bb1fc585-f087-407a-b043-49c06e320521] Generating... 0 ready, 0 failed / 2 total (30s) play_circle 21% [HÀN play_circle 21% [HÀN
2026-09-05T06:36:41.950Z [9c6311e0-7895-444d-8b45-9b202b2656ea][bb1fc585-f087-407a-b043-49c06e320521] Generating... 0 ready, 0 failed / 2 total (42s) play_circle 32% [HÀN play_circle 32% [HÀN
2026-09-05T06:36:43.587Z [9b59d7c5-4422-49b4-b3c3-4dff47775571][bb1fc585-f087-407a-b043-49c06e320521] Generating... 0 ready, 0 failed / 2 total (18s) play_circle 9% [HÀNH play_circle 9% [HÀNH
2026-09-05T06:36:44.214Z [278f2989-adf0-4238-89bf-0f9253dccb87][bb1fc585-f087-407a-b043-49c06e320521] Generating... 0 ready, 0 failed / 2 total (33s) play_circle 24% [HÀN play_circle 24% [HÀN
2026-09-05T06:36:44.962Z [9c6311e0-7895-444d-8b45-9b202b2656ea][bb1fc585-f087-407a-b043-49c06e320521] Generating... 0 ready, 0 failed / 2 total (45s) play_circle 34% [HÀN play_circle 34% [HÀN
2026-09-05T06:36:46.606Z [9b59d7c5-4422-49b4-b3c3-4dff47775571][bb1fc585-f087-407a-b043-49c06e320521] Generating... 0 ready, 0 failed / 2 total (21s) play_circle 11% [HÀN play_circle 11% [HÀN
2026-09-05T06:36:47.235Z [278f2989-adf0-4238-89bf-0f9253dccb87][bb1fc585-f087-407a-b043-49c06e320521] Generating... 0 ready, 0 failed / 2 total (36s) play_circle 27% [HÀN play_circle 26% [HÀN
2026-09-05T06:36:47.985Z [9c6311e0-7895-444d-8b45-9b202b2656ea][bb1fc585-f087-407a-b043-49c06e320521] Generating... 0 ready, 0 failed / 2 total (48s) play_circle 37% [HÀN play_circle 100% [HÀ
2026-09-05T06:36:49.622Z [9b59d7c5-4422-49b4-b3c3-4dff47775571][bb1fc585-f087-407a-b043-49c06e320521] Generating... 0 ready, 0 failed / 2 total (24s) play_circle 14% [HÀN play_circle 14% [HÀN
2026-09-05T06:36:50.257Z [278f2989-adf0-4238-89bf-0f9253dccb87][bb1fc585-f087-407a-b043-49c06e320521] Generating... 0 ready, 0 failed / 2 total (39s) play_circle 29% [HÀN play_circle 29% [HÀN
2026-09-05T06:36:51.008Z [9c6311e0-7895-444d-8b45-9b202b2656ea][bb1fc585-f087-407a-b043-49c06e320521] Generating... 0 ready, 0 failed / 2 total (51s) play_circle 100% [HÀ [HÀNH ĐỘNG]Bắt đầu đ
2026-09-05T06:36:52.642Z [9b59d7c5-4422-49b4-b3c3-4dff47775571][bb1fc585-f087-407a-b043-49c06e320521] Generating... 0 ready, 0 failed / 2 total (27s) play_circle 18% [HÀN play_circle 18% [HÀN
2026-09-05T06:36:53.097Z [36e373e7-2cd7-45bc-9361-36100185f596][bb1fc585-f087-407a-b043-49c06e320521] Item 1 (try 1): 1080p saved via the UI download flow.
2026-09-05T06:36:53.167Z [36e373e7-2cd7-45bc-9361-36100185f596][bb1fc585-f087-407a-b043-49c06e320521] Item 1: upgraded to 1080p → D:\WINAI\Slow-English-with-Arlo_7_21_cmtlc8wj\video_2026-09-05T06-36-05_01.mp4
2026-09-05T06:36:53.168Z [36e373e7-2cd7-45bc-9361-36100185f596][bb1fc585-f087-407a-b043-49c06e320521] Uploading 1 video(s) to Xanh...
2026-09-05T06:36:53.282Z [278f2989-adf0-4238-89bf-0f9253dccb87][bb1fc585-f087-407a-b043-49c06e320521] Generating... 0 ready, 0 failed / 2 total (42s) play_circle 32% [HÀN play_circle 32% [HÀN
2026-09-05T06:36:54.024Z [9c6311e0-7895-444d-8b45-9b202b2656ea][bb1fc585-f087-407a-b043-49c06e320521] Generating... 1 ready, 0 failed / 2 total (54s) play_circle 100% [HÀ
2026-09-05T06:36:55.665Z [9b59d7c5-4422-49b4-b3c3-4dff47775571][bb1fc585-f087-407a-b043-49c06e320521] Generating... 0 ready, 0 failed / 2 total (30s) play_circle 20% [HÀN play_circle 20% [HÀN
2026-09-05T06:36:56.306Z [278f2989-adf0-4238-89bf-0f9253dccb87][bb1fc585-f087-407a-b043-49c06e320521] Generating... 0 ready, 0 failed / 2 total (45s) play_circle 35% [HÀN play_circle 35% [HÀN
2026-09-05T06:36:56.573Z [36e373e7-2cd7-45bc-9361-36100185f596][bb1fc585-f087-407a-b043-49c06e320521] Item 1: Re-uploaded 1080p → https://studio.xanhmedia.vn/uploads/2026-09/1788590216282_72014e_bb1fc585-f087-407a-b043-49c06e320521_36e.mp4
2026-09-05T06:36:56.574Z [36e373e7-2cd7-45bc-9361-36100185f596][bb1fc585-f087-407a-b043-49c06e320521] ✅ 1 item(s) + 1080p saved to Downloads/Win AI Toolkit/
2026-09-05T06:36:56.576Z [36e373e7-2cd7-45bc-9361-36100185f596][bb1fc585-f087-407a-b043-49c06e320521] All done (including any 1080p upgrades). Closing Playwright browser context.
2026-09-05T06:36:57.042Z [9c6311e0-7895-444d-8b45-9b202b2656ea][bb1fc585-f087-407a-b043-49c06e320521] Generating... 1 ready, 0 failed / 2 total (57s) [HÀNH ĐỘNG]Bắt đầu đ
2026-09-05T06:36:57.236Z [0991d09d-b868-4190-812a-5018a2b4881c][bb1fc585-f087-407a-b043-49c06e320521] runGeneration starting: task_id=0991d09d-b868-4190-812a-5018a2b4881c, profile_id=bb1fc585-f087-407a-b043-49c06e320521, target_site=google_flow
2026-09-05T06:36:57.237Z [0991d09d-b868-4190-812a-5018a2b4881c][bb1fc585-f087-407a-b043-49c06e320521] Opening Playwright browser with persistent profile cookies...
2026-09-05T06:36:57.237Z [0991d09d-b868-4190-812a-5018a2b4881c][bb1fc585-f087-407a-b043-49c06e320521] Browser engine: winhide (C:\Users\Admin\AppData\Roaming\com.tank.winai\winhide\chrome.exe) [hidden off-screen]
2026-09-05T06:36:57.237Z [0991d09d-b868-4190-812a-5018a2b4881c][bb1fc585-f087-407a-b043-49c06e320521] Launch mode: STEALTH (raw spawn + connectOverCDP)
2026-09-05T06:36:58.685Z [9b59d7c5-4422-49b4-b3c3-4dff47775571][bb1fc585-f087-407a-b043-49c06e320521] Generating... 0 ready, 0 failed / 2 total (33s) play_circle 23% [HÀN play_circle 22% [HÀN
2026-09-05T06:36:59.067Z [0991d09d-b868-4190-812a-5018a2b4881c][bb1fc585-f087-407a-b043-49c06e320521] Exit IP: 115.74.128.9
2026-09-05T06:36:59.068Z [0991d09d-b868-4190-812a-5018a2b4881c][bb1fc585-f087-407a-b043-49c06e320521] Navigating browser to Google Flow tools page...
2026-09-05T06:36:59.068Z [0991d09d-b868-4190-812a-5018a2b4881c][bb1fc585-f087-407a-b043-49c06e320521] Using existing project URL: https://flow.google.com/project/c2a607c5-d833-4be1-8108-407b74d4ed85?hl=en
2026-09-05T06:36:59.332Z [278f2989-adf0-4238-89bf-0f9253dccb87][bb1fc585-f087-407a-b043-49c06e320521] Generating... 0 ready, 0 failed / 2 total (48s) play_circle 38% [HÀN play_circle 38% [HÀN
2026-09-05T06:36:59.957Z [0991d09d-b868-4190-812a-5018a2b4881c][bb1fc585-f087-407a-b043-49c06e320521] Waiting for Google Flow...
2026-09-05T06:37:00.062Z [9c6311e0-7895-444d-8b45-9b202b2656ea][bb1fc585-f087-407a-b043-49c06e320521] Generating... 2 ready, 0 failed / 2 total (60s)
2026-09-05T06:37:00.063Z [9c6311e0-7895-444d-8b45-9b202b2656ea][bb1fc585-f087-407a-b043-49c06e320521] Batch done: 2 ready (target 2), 0 failed, scanned 2.
2026-09-05T06:37:00.063Z [9c6311e0-7895-444d-8b45-9b202b2656ea][bb1fc585-f087-407a-b043-49c06e320521] 2 item(s) ready! Downloading...
2026-09-05T06:37:00.065Z [9c6311e0-7895-444d-8b45-9b202b2656ea][bb1fc585-f087-407a-b043-49c06e320521] Item 1: no video source on the tile yet — hovering it to mount one.
2026-09-05T06:37:01.710Z [9b59d7c5-4422-49b4-b3c3-4dff47775571][bb1fc585-f087-407a-b043-49c06e320521] Generating... 0 ready, 0 failed / 2 total (36s) play_circle 25% [HÀN play_circle 25% [HÀN
2026-09-05T06:37:02.033Z [9c6311e0-7895-444d-8b45-9b202b2656ea][bb1fc585-f087-407a-b043-49c06e320521] Item 1: Downloading from URL https://flow-content.google/video/b7d405c4-62d4-4059-83e6-66de034ac08d?Expires=1788611810&KeyName=labs-flow-prod-cdn-key&Signature=reFQWhGcOqn-RkFUbQT0Bi1PJcg
2026-09-05T06:37:02.187Z [0991d09d-b868-4190-812a-5018a2b4881c][bb1fc585-f087-407a-b043-49c06e320521] In existing project ✓
2026-09-05T06:37:02.357Z [278f2989-adf0-4238-89bf-0f9253dccb87][bb1fc585-f087-407a-b043-49c06e320521] Generating... 0 ready, 0 failed / 2 total (51s) play_circle 40% [HÀN play_circle 100% [HÀ
2026-09-05T06:37:03.221Z [0991d09d-b868-4190-812a-5018a2b4881c][bb1fc585-f087-407a-b043-49c06e320521] dismissPopups: unresolved overlay(s) ["IFRAME[presentation]|btns="]
2026-09-05T06:37:03.349Z [9c6311e0-7895-444d-8b45-9b202b2656ea][bb1fc585-f087-407a-b043-49c06e320521] Downloaded 1/2: video_2026-09-05T06-37-00_01.mp4
2026-09-05T06:37:03.350Z [9c6311e0-7895-444d-8b45-9b202b2656ea][bb1fc585-f087-407a-b043-49c06e320521] Item 2: no video source on the tile yet — hovering it to mount one.
2026-09-05T06:37:04.723Z [9b59d7c5-4422-49b4-b3c3-4dff47775571][bb1fc585-f087-407a-b043-49c06e320521] Generating... 0 ready, 0 failed / 2 total (39s) play_circle 28% [HÀN play_circle 28% [HÀN
2026-09-05T06:37:04.972Z [9c6311e0-7895-444d-8b45-9b202b2656ea][bb1fc585-f087-407a-b043-49c06e320521] Item 2: Downloading from URL https://flow-content.google/video/35997e38-b7ca-4293-b46d-14a85f22b53b?Expires=1788611804&KeyName=labs-flow-prod-cdn-key&Signature=OA3abLLvlmzWT2E1fVeMV4eClKE
2026-09-05T06:37:05.397Z [278f2989-adf0-4238-89bf-0f9253dccb87][bb1fc585-f087-407a-b043-49c06e320521] Generating... 0 ready, 0 failed / 2 total (54s) play_circle 43% [HÀN [HÀNH ĐỘNG]Bắt đầu đ
2026-09-05T06:37:06.067Z [0991d09d-b868-4190-812a-5018a2b4881c][bb1fc585-f087-407a-b043-49c06e320521] Composer ready ✓ (UI language: en)
2026-09-05T06:37:06.106Z [0991d09d-b868-4190-812a-5018a2b4881c][bb1fc585-f087-407a-b043-49c06e320521] dismissPopups: unresolved overlay(s) ["DIV[]|btns=","DIV[]|btns="]
2026-09-05T06:37:06.133Z [0991d09d-b868-4190-812a-5018a2b4881c][bb1fc585-f087-407a-b043-49c06e320521] Agent toggle aria-pressed=false
2026-09-05T06:37:06.133Z [0991d09d-b868-4190-812a-5018a2b4881c][bb1fc585-f087-407a-b043-49c06e320521] Opening settings...
2026-09-05T06:37:06.886Z [9c6311e0-7895-444d-8b45-9b202b2656ea][bb1fc585-f087-407a-b043-49c06e320521] Downloaded 2/2: video_2026-09-05T06-37-00_02.mp4
2026-09-05T06:37:06.886Z [9c6311e0-7895-444d-8b45-9b202b2656ea][bb1fc585-f087-407a-b043-49c06e320521] ✅ 2 item(s) saved to Downloads/Win AI Toolkit/
2026-09-05T06:37:07.743Z [9b59d7c5-4422-49b4-b3c3-4dff47775571][bb1fc585-f087-407a-b043-49c06e320521] Generating... 0 ready, 0 failed / 2 total (42s) play_circle 31% [HÀN play_circle 31% [HÀN
2026-09-05T06:37:07.962Z [0991d09d-b868-4190-812a-5018a2b4881c][bb1fc585-f087-407a-b043-49c06e320521] Configuring video settings...
2026-09-05T06:37:07.997Z [0991d09d-b868-4190-812a-5018a2b4881c][bb1fc585-f087-407a-b043-49c06e320521] Mode: "videocam Video" already selected ✓
2026-09-05T06:37:08.414Z [278f2989-adf0-4238-89bf-0f9253dccb87][bb1fc585-f087-407a-b043-49c06e320521] Generating... 1 ready, 0 failed / 2 total (58s) play_circle 100% [HÀ
2026-09-05T06:37:10.021Z [0991d09d-b868-4190-812a-5018a2b4881c][bb1fc585-f087-407a-b043-49c06e320521] Video type: selected "crop_free Frames" ✓
2026-09-05T06:37:10.769Z [9b59d7c5-4422-49b4-b3c3-4dff47775571][bb1fc585-f087-407a-b043-49c06e320521] Generating... 0 ready, 0 failed / 2 total (45s) play_circle 34% [HÀN play_circle 34% [HÀN
2026-09-05T06:37:11.432Z [278f2989-adf0-4238-89bf-0f9253dccb87][bb1fc585-f087-407a-b043-49c06e320521] Generating... 1 ready, 0 failed / 2 total (61s) play_circle 100% [HÀ
2026-09-05T06:37:13.790Z [9b59d7c5-4422-49b4-b3c3-4dff47775571][bb1fc585-f087-407a-b043-49c06e320521] Generating... 0 ready, 0 failed / 2 total (48s) play_circle 36% [HÀN play_circle 36% [HÀN
2026-09-05T06:37:14.452Z [278f2989-adf0-4238-89bf-0f9253dccb87][bb1fc585-f087-407a-b043-49c06e320521] Generating... 2 ready, 0 failed / 2 total (64s)
2026-09-05T06:37:14.452Z [278f2989-adf0-4238-89bf-0f9253dccb87][bb1fc585-f087-407a-b043-49c06e320521] Batch done: 2 ready (target 2), 0 failed, scanned 2.
2026-09-05T06:37:14.452Z [278f2989-adf0-4238-89bf-0f9253dccb87][bb1fc585-f087-407a-b043-49c06e320521] 2 item(s) ready! Downloading...
2026-09-05T06:37:14.453Z [278f2989-adf0-4238-89bf-0f9253dccb87][bb1fc585-f087-407a-b043-49c06e320521] Item 1: no video source on the tile yet — hovering it to mount one.
2026-09-05T06:37:14.706Z [0991d09d-b868-4190-812a-5018a2b4881c][bb1fc585-f087-407a-b043-49c06e320521] Model: selected "Veo 3.1 - Lite [Lower Priority]" ✓
2026-09-05T06:37:15.399Z [0991d09d-b868-4190-812a-5018a2b4881c][bb1fc585-f087-407a-b043-49c06e320521] Aspect ratio: "crop_16_9 16:9" already selected ✓
2026-09-05T06:37:15.403Z [0991d09d-b868-4190-812a-5018a2b4881c][bb1fc585-f087-407a-b043-49c06e320521] Video resolution: toggle group "Video resolution" not present (model may not offer it) — skipped.
2026-09-05T06:37:15.436Z [0991d09d-b868-4190-812a-5018a2b4881c][bb1fc585-f087-407a-b043-49c06e320521] Duration: "8s" already selected ✓
2026-09-05T06:37:15.457Z [0991d09d-b868-4190-812a-5018a2b4881c][bb1fc585-f087-407a-b043-49c06e320521] Output count: "x2" already selected ✓
2026-09-05T06:37:16.540Z [278f2989-adf0-4238-89bf-0f9253dccb87][bb1fc585-f087-407a-b043-49c06e320521] Item 1: Downloading from URL https://flow-content.google/video/224e9237-8cc7-4766-8612-24d16402e623?Expires=1788611826&KeyName=labs-flow-prod-cdn-key&Signature=CvYrXks3NHpWs6Ftwxro9nuneqc
2026-09-05T06:37:16.730Z [0991d09d-b868-4190-812a-5018a2b4881c][bb1fc585-f087-407a-b043-49c06e320521] Start keyframe: downloading from URL...
2026-09-05T06:37:16.820Z [9b59d7c5-4422-49b4-b3c3-4dff47775571][bb1fc585-f087-407a-b043-49c06e320521] Generating... 0 ready, 0 failed / 2 total (51s) play_circle 39% [HÀN play_circle 100% [HÀ
2026-09-05T06:37:17.037Z [0991d09d-b868-4190-812a-5018a2b4881c][bb1fc585-f087-407a-b043-49c06e320521] Downloader: no-proxy request context ready.
2026-09-05T06:37:17.303Z [0991d09d-b868-4190-812a-5018a2b4881c][bb1fc585-f087-407a-b043-49c06e320521] Start keyframe: saved 131567 bytes (image/png) as "1788442439671_ae8f8f_60f7c834-1526-409d-b017-21db20795e19_433.png"
2026-09-05T06:37:17.328Z [0991d09d-b868-4190-812a-5018a2b4881c][bb1fc585-f087-407a-b043-49c06e320521] Start keyframe: setting start keyframe...
2026-09-05T06:37:17.388Z [278f2989-adf0-4238-89bf-0f9253dccb87][bb1fc585-f087-407a-b043-49c06e320521] Downloaded 1/2: video_2026-09-05T06-37-14_01.mp4
2026-09-05T06:37:17.389Z [278f2989-adf0-4238-89bf-0f9253dccb87][bb1fc585-f087-407a-b043-49c06e320521] Item 2: no video source on the tile yet — hovering it to mount one.
2026-09-05T06:37:19.306Z [278f2989-adf0-4238-89bf-0f9253dccb87][bb1fc585-f087-407a-b043-49c06e320521] Item 2: Downloading from URL https://flow-content.google/video/19aec8b3-4267-4bc2-b4e1-45d897f0408c?Expires=1788611820&KeyName=labs-flow-prod-cdn-key&Signature=lAwkjUEMJobx62Zbu98LBFsn5ng
2026-09-05T06:37:19.421Z [0991d09d-b868-4190-812a-5018a2b4881c][bb1fc585-f087-407a-b043-49c06e320521] Start keyframe: "1788442439671_ae8f8f_60f7c834-1526-409d-b017-21db20795e19_433.png" not in the library yet — uploading it first.
2026-09-05T06:37:19.482Z [278f2989-adf0-4238-89bf-0f9253dccb87][bb1fc585-f087-407a-b043-49c06e320521] Downloaded 2/2: video_2026-09-05T06-37-14_02.mp4
2026-09-05T06:37:19.482Z [278f2989-adf0-4238-89bf-0f9253dccb87][bb1fc585-f087-407a-b043-49c06e320521] ✅ 2 item(s) saved to Downloads/Win AI Toolkit/
2026-09-05T06:37:19.847Z [9b59d7c5-4422-49b4-b3c3-4dff47775571][bb1fc585-f087-407a-b043-49c06e320521] Generating... 0 ready, 0 failed / 2 total (54s) play_circle 42% [HÀN play_circle 100% [HÀ
2026-09-05T06:37:22.869Z [9b59d7c5-4422-49b4-b3c3-4dff47775571][bb1fc585-f087-407a-b043-49c06e320521] Generating... 1 ready, 0 failed / 2 total (57s) play_circle 100% [HÀ
2026-09-05T06:37:23.472Z [0991d09d-b868-4190-812a-5018a2b4881c][bb1fc585-f087-407a-b043-49c06e320521] Start keyframe: uploading "1788442439671_ae8f8f_60f7c834-1526-409d-b017-21db20795e19_433.png" to the project library...
2026-09-05T06:37:24.257Z [0991d09d-b868-4190-812a-5018a2b4881c][bb1fc585-f087-407a-b043-49c06e320521] Start keyframe: upload finished ✓
2026-09-05T06:37:25.890Z [9b59d7c5-4422-49b4-b3c3-4dff47775571][bb1fc585-f087-407a-b043-49c06e320521] Generating... 1 ready, 0 failed / 2 total (60s) play_circle 100% [HÀ
2026-09-05T06:37:28.909Z [9b59d7c5-4422-49b4-b3c3-4dff47775571][bb1fc585-f087-407a-b043-49c06e320521] Generating... 1 ready, 0 failed / 2 total (63s) [HÀNH ĐỘNG]Bắt đầu đ
2026-09-05T06:37:31.931Z [9b59d7c5-4422-49b4-b3c3-4dff47775571][bb1fc585-f087-407a-b043-49c06e320521] Generating... 2 ready, 0 failed / 2 total (66s)
2026-09-05T06:37:31.931Z [9b59d7c5-4422-49b4-b3c3-4dff47775571][bb1fc585-f087-407a-b043-49c06e320521] Batch done: 2 ready (target 2), 0 failed, scanned 2.
2026-09-05T06:37:31.932Z [9b59d7c5-4422-49b4-b3c3-4dff47775571][bb1fc585-f087-407a-b043-49c06e320521] 2 item(s) ready! Downloading...
2026-09-05T06:37:31.933Z [9b59d7c5-4422-49b4-b3c3-4dff47775571][bb1fc585-f087-407a-b043-49c06e320521] Item 1: no video source on the tile yet — hovering it to mount one.
2026-09-05T06:37:33.576Z [9b59d7c5-4422-49b4-b3c3-4dff47775571][bb1fc585-f087-407a-b043-49c06e320521] Item 1: Downloading from URL https://flow-content.google/video/be556030-f5e7-4704-b647-17d6fd3a3f64?Expires=1788611841&KeyName=labs-flow-prod-cdn-key&Signature=6JFkZEeaF2HcW4XAKNXosyca7_8
2026-09-05T06:37:33.815Z [0991d09d-b868-4190-812a-5018a2b4881c][bb1fc585-f087-407a-b043-49c06e320521] Start keyframe: start keyframe attached ✓
2026-09-05T06:37:33.823Z [0991d09d-b868-4190-812a-5018a2b4881c][bb1fc585-f087-407a-b043-49c06e320521] Entering prompt...
2026-09-05T06:37:34.356Z [9b59d7c5-4422-49b4-b3c3-4dff47775571][bb1fc585-f087-407a-b043-49c06e320521] Downloaded 1/2: video_2026-09-05T06-37-31_01.mp4
2026-09-05T06:37:34.357Z [9b59d7c5-4422-49b4-b3c3-4dff47775571][bb1fc585-f087-407a-b043-49c06e320521] Item 2: no video source on the tile yet — hovering it to mount one.
2026-09-05T06:37:35.491Z [0991d09d-b868-4190-812a-5018a2b4881c][bb1fc585-f087-407a-b043-49c06e320521] Prompt is 1006 chars — typing it in 20 chunk(s).
2026-09-05T06:37:36.385Z [9b59d7c5-4422-49b4-b3c3-4dff47775571][bb1fc585-f087-407a-b043-49c06e320521] Item 2: Downloading from URL https://flow-content.google/video/731836ad-66b2-4679-b3d0-1b102e5b2760?Expires=1788611835&KeyName=labs-flow-prod-cdn-key&Signature=rvCY0M5jysNrdm9Xq-vpUiKk4uc
2026-09-05T06:37:36.783Z [9b59d7c5-4422-49b4-b3c3-4dff47775571][bb1fc585-f087-407a-b043-49c06e320521] Downloaded 2/2: video_2026-09-05T06-37-31_02.mp4
2026-09-05T06:37:36.783Z [9b59d7c5-4422-49b4-b3c3-4dff47775571][bb1fc585-f087-407a-b043-49c06e320521] ✅ 2 item(s) saved to Downloads/Win AI Toolkit/
2026-09-05T06:37:44.863Z [0991d09d-b868-4190-812a-5018a2b4881c][bb1fc585-f087-407a-b043-49c06e320521] Prompt insert attempt 1: editor has 995 chars (want ~1002) ✓
2026-09-05T06:37:46.883Z [0991d09d-b868-4190-812a-5018a2b4881c][bb1fc585-f087-407a-b043-49c06e320521] Baseline: 49 pre-existing media tile(s) of 49 mounted (kinds: image,video,video,video,image,video,video,image,video,video,image,video,video,image,image,video,video,image,video,image,video,video,image,video,video,image,video,video,image,video,video,image,video,image,video,video,video,image,video,video,image,video,video,image,video,video,image,video,video).
2026-09-05T06:37:49.294Z [0991d09d-b868-4190-812a-5018a2b4881c][bb1fc585-f087-407a-b043-49c06e320521] [submit] confirmed (editor "What do you want to ", fresh tile=true).
2026-09-05T06:37:49.934Z [0991d09d-b868-4190-812a-5018a2b4881c][bb1fc585-f087-407a-b043-49c06e320521] Current Workspace project URL: https://flow.google.com/project/c2a607c5-d833-4be1-8108-407b74d4ed85?hl=en
2026-09-05T06:37:49.935Z [0991d09d-b868-4190-812a-5018a2b4881c][bb1fc585-f087-407a-b043-49c06e320521] Submitted ✓ Detecting batch size...
2026-09-05T06:37:49.953Z [0991d09d-b868-4190-812a-5018a2b4881c][bb1fc585-f087-407a-b043-49c06e320521] New tile(s) since submit: 0 → 2 (mounted=49)
2026-09-05T06:37:52.623Z [9c6311e0-7895-444d-8b45-9b202b2656ea][bb1fc585-f087-407a-b043-49c06e320521] Item 1 (try 1): 1080p saved via the UI download flow.
2026-09-05T06:37:52.711Z [9c6311e0-7895-444d-8b45-9b202b2656ea][bb1fc585-f087-407a-b043-49c06e320521] Item 1: upgraded to 1080p → D:\WINAI\Slow-English-with-Arlo_7_22_cmtlc8wj\video_2026-09-05T06-37-00_01.mp4
2026-09-05T06:37:54.113Z [0991d09d-b868-4190-812a-5018a2b4881c][bb1fc585-f087-407a-b043-49c06e320521] Batch size stabilised at 2 new tile(s)
2026-09-05T06:37:54.113Z [0991d09d-b868-4190-812a-5018a2b4881c][bb1fc585-f087-407a-b043-49c06e320521] Batch detected: 2 item(s). Generating...
2026-09-05T06:37:54.114Z [0991d09d-b868-4190-812a-5018a2b4881c][bb1fc585-f087-407a-b043-49c06e320521] Polling for 2 video item(s) (baseline=49, hasUpload=true)...
2026-09-05T06:37:54.122Z [0991d09d-b868-4190-812a-5018a2b4881c][bb1fc585-f087-407a-b043-49c06e320521] Generating... 0 ready, 0 failed / 2 total (0s) play_circle [HÀNH ĐỘ play_circle [HÀNH ĐỘ
2026-09-05T06:37:57.144Z [0991d09d-b868-4190-812a-5018a2b4881c][bb1fc585-f087-407a-b043-49c06e320521] Generating... 0 ready, 0 failed / 2 total (3s) play_circle [HÀNH ĐỘ play_circle [HÀNH ĐỘ
2026-09-05T06:38:00.166Z [0991d09d-b868-4190-812a-5018a2b4881c][bb1fc585-f087-407a-b043-49c06e320521] Generating... 0 ready, 0 failed / 2 total (6s) play_circle 0% [HÀNH play_circle 0% [HÀNH
2026-09-05T06:38:03.183Z [0991d09d-b868-4190-812a-5018a2b4881c][bb1fc585-f087-407a-b043-49c06e320521] Generating... 0 ready, 0 failed / 2 total (9s) play_circle 2% [HÀNH play_circle 1% [HÀNH
2026-09-05T06:38:05.254Z [278f2989-adf0-4238-89bf-0f9253dccb87][bb1fc585-f087-407a-b043-49c06e320521] Item 1 (try 1): 1080p saved via the UI download flow.
2026-09-05T06:38:05.327Z [278f2989-adf0-4238-89bf-0f9253dccb87][bb1fc585-f087-407a-b043-49c06e320521] Item 1: upgraded to 1080p → D:\WINAI\Slow-English-with-Arlo_7_23_cmtlc8wj\video_2026-09-05T06-37-14_01.mp4
2026-09-05T06:38:06.214Z [0991d09d-b868-4190-812a-5018a2b4881c][bb1fc585-f087-407a-b043-49c06e320521] Generating... 0 ready, 0 failed / 2 total (12s) play_circle 5% [HÀNH play_circle 4% [HÀNH
2026-09-05T06:38:09.331Z [0991d09d-b868-4190-812a-5018a2b4881c][bb1fc585-f087-407a-b043-49c06e320521] Generating... 0 ready, 0 failed / 2 total (15s) play_circle 8% [HÀNH play_circle 8% [HÀNH
2026-09-05T06:38:12.355Z [0991d09d-b868-4190-812a-5018a2b4881c][bb1fc585-f087-407a-b043-49c06e320521] Generating... 0 ready, 0 failed / 2 total (18s) play_circle 10% [HÀN play_circle 10% [HÀN
2026-09-05T06:38:15.370Z [0991d09d-b868-4190-812a-5018a2b4881c][bb1fc585-f087-407a-b043-49c06e320521] Generating... 0 ready, 0 failed / 2 total (21s) play_circle 13% [HÀN play_circle 13% [HÀN
2026-09-05T06:38:18.392Z [0991d09d-b868-4190-812a-5018a2b4881c][bb1fc585-f087-407a-b043-49c06e320521] Generating... 0 ready, 0 failed / 2 total (24s) play_circle 15% [HÀN play_circle 15% [HÀN
2026-09-05T06:38:21.407Z [0991d09d-b868-4190-812a-5018a2b4881c][bb1fc585-f087-407a-b043-49c06e320521] Generating... 0 ready, 0 failed / 2 total (27s) play_circle 19% [HÀN play_circle 18% [HÀN
2026-09-05T06:38:22.730Z [9b59d7c5-4422-49b4-b3c3-4dff47775571][bb1fc585-f087-407a-b043-49c06e320521] Item 1 (try 1): 1080p saved via the UI download flow.
2026-09-05T06:38:22.806Z [9b59d7c5-4422-49b4-b3c3-4dff47775571][bb1fc585-f087-407a-b043-49c06e320521] Item 1: upgraded to 1080p → D:\WINAI\Slow-English-with-Arlo_7_24_cmtlc8wj\video_2026-09-05T06-37-31_01.mp4
2026-09-05T06:38:24.422Z [0991d09d-b868-4190-812a-5018a2b4881c][bb1fc585-f087-407a-b043-49c06e320521] Generating... 0 ready, 0 failed / 2 total (30s) play_circle 22% [HÀN play_circle 22% [HÀN
2026-09-05T06:38:27.447Z [0991d09d-b868-4190-812a-5018a2b4881c][bb1fc585-f087-407a-b043-49c06e320521] Generating... 0 ready, 0 failed / 2 total (33s) play_circle 24% [HÀN play_circle 23% [HÀN
2026-09-05T06:38:30.468Z [0991d09d-b868-4190-812a-5018a2b4881c][bb1fc585-f087-407a-b043-49c06e320521] Generating... 0 ready, 0 failed / 2 total (36s) play_circle 26% [HÀN play_circle 26% [HÀN
2026-09-05T06:38:33.487Z [0991d09d-b868-4190-812a-5018a2b4881c][bb1fc585-f087-407a-b043-49c06e320521] Generating... 0 ready, 0 failed / 2 total (39s) play_circle 30% [HÀN play_circle 30% [HÀN
2026-09-05T06:38:36.513Z [0991d09d-b868-4190-812a-5018a2b4881c][bb1fc585-f087-407a-b043-49c06e320521] Generating... 0 ready, 0 failed / 2 total (42s) play_circle 32% [HÀN play_circle 32% [HÀN
2026-09-05T06:38:39.536Z [0991d09d-b868-4190-812a-5018a2b4881c][bb1fc585-f087-407a-b043-49c06e320521] Generating... 0 ready, 0 failed / 2 total (45s) play_circle 35% [HÀN play_circle 34% [HÀN
2026-09-05T06:38:42.556Z [0991d09d-b868-4190-812a-5018a2b4881c][bb1fc585-f087-407a-b043-49c06e320521] Generating... 0 ready, 0 failed / 2 total (48s) play_circle 100% [HÀ play_circle 38% [HÀN
2026-09-05T06:38:45.584Z [0991d09d-b868-4190-812a-5018a2b4881c][bb1fc585-f087-407a-b043-49c06e320521] Generating... 0 ready, 0 failed / 2 total (51s) [HÀNH ĐỘNG]Bắt đầu đ play_circle 100% [HÀ
2026-09-05T06:38:48.602Z [0991d09d-b868-4190-812a-5018a2b4881c][bb1fc585-f087-407a-b043-49c06e320521] Generating... 1 ready, 0 failed / 2 total (54s) play_circle 100% [HÀ
2026-09-05T06:38:49.350Z [278f2989-adf0-4238-89bf-0f9253dccb87][bb1fc585-f087-407a-b043-49c06e320521] Item 2 (try 1): 1080p saved via the UI download flow.
2026-09-05T06:38:49.446Z [278f2989-adf0-4238-89bf-0f9253dccb87][bb1fc585-f087-407a-b043-49c06e320521] Item 2: upgraded to 1080p → D:\WINAI\Slow-English-with-Arlo_7_23_cmtlc8wj\video_2026-09-05T06-37-14_02.mp4
2026-09-05T06:38:49.447Z [278f2989-adf0-4238-89bf-0f9253dccb87][bb1fc585-f087-407a-b043-49c06e320521] Uploading 2 video(s) to Xanh...
2026-09-05T06:38:50.069Z [278f2989-adf0-4238-89bf-0f9253dccb87][bb1fc585-f087-407a-b043-49c06e320521] Item 1: Re-uploaded 1080p → https://studio.xanhmedia.vn/uploads/2026-09/1788590329780_7255bd_bb1fc585-f087-407a-b043-49c06e320521_278.mp4
2026-09-05T06:38:51.628Z [0991d09d-b868-4190-812a-5018a2b4881c][bb1fc585-f087-407a-b043-49c06e320521] Generating... 2 ready, 0 failed / 2 total (58s)
2026-09-05T06:38:51.629Z [0991d09d-b868-4190-812a-5018a2b4881c][bb1fc585-f087-407a-b043-49c06e320521] Batch done: 2 ready (target 2), 0 failed, scanned 2.
2026-09-05T06:38:51.629Z [0991d09d-b868-4190-812a-5018a2b4881c][bb1fc585-f087-407a-b043-49c06e320521] 2 item(s) ready! Downloading...
2026-09-05T06:38:51.630Z [0991d09d-b868-4190-812a-5018a2b4881c][bb1fc585-f087-407a-b043-49c06e320521] Item 1: no video source on the tile yet — hovering it to mount one.
2026-09-05T06:38:52.175Z [278f2989-adf0-4238-89bf-0f9253dccb87][bb1fc585-f087-407a-b043-49c06e320521] Item 2: Re-uploaded 1080p → https://studio.xanhmedia.vn/uploads/2026-09/1788590331884_06e8f7_bb1fc585-f087-407a-b043-49c06e320521_278.mp4
2026-09-05T06:38:52.175Z [278f2989-adf0-4238-89bf-0f9253dccb87][bb1fc585-f087-407a-b043-49c06e320521] ✅ 2 item(s) + 1080p saved to Downloads/Win AI Toolkit/
2026-09-05T06:38:52.179Z [278f2989-adf0-4238-89bf-0f9253dccb87][bb1fc585-f087-407a-b043-49c06e320521] All done (including any 1080p upgrades). Closing Playwright browser context.
2026-09-05T06:38:53.420Z [c4dfccd7-3949-416e-a58d-f5b1ac498fd2][bb1fc585-f087-407a-b043-49c06e320521] runGeneration starting: task_id=c4dfccd7-3949-416e-a58d-f5b1ac498fd2, profile_id=bb1fc585-f087-407a-b043-49c06e320521, target_site=google_flow
2026-09-05T06:38:53.421Z [c4dfccd7-3949-416e-a58d-f5b1ac498fd2][bb1fc585-f087-407a-b043-49c06e320521] Opening Playwright browser with persistent profile cookies...
2026-09-05T06:38:53.421Z [c4dfccd7-3949-416e-a58d-f5b1ac498fd2][bb1fc585-f087-407a-b043-49c06e320521] Browser engine: winhide (C:\Users\Admin\AppData\Roaming\com.tank.winai\winhide\chrome.exe) [hidden off-screen]
2026-09-05T06:38:53.422Z [c4dfccd7-3949-416e-a58d-f5b1ac498fd2][bb1fc585-f087-407a-b043-49c06e320521] Launch mode: STEALTH (raw spawn + connectOverCDP)
2026-09-05T06:38:53.434Z [0991d09d-b868-4190-812a-5018a2b4881c][bb1fc585-f087-407a-b043-49c06e320521] Item 1: Downloading from URL https://flow-content.google/video/5766bade-3f42-4d75-826d-c92b9c66a494?Expires=1788611920&KeyName=labs-flow-prod-cdn-key&Signature=Nz--Lz5wdK1dQXzRQm-4Z3fqkXs
2026-09-05T06:38:54.190Z [0991d09d-b868-4190-812a-5018a2b4881c][bb1fc585-f087-407a-b043-49c06e320521] Downloaded 1/2: video_2026-09-05T06-38-51_01.mp4
2026-09-05T06:38:54.200Z [0991d09d-b868-4190-812a-5018a2b4881c][bb1fc585-f087-407a-b043-49c06e320521] Item 2: no video source on the tile yet — hovering it to mount one.
2026-09-05T06:38:55.328Z [c4dfccd7-3949-416e-a58d-f5b1ac498fd2][bb1fc585-f087-407a-b043-49c06e320521] Exit IP: 115.74.128.9
2026-09-05T06:38:55.328Z [c4dfccd7-3949-416e-a58d-f5b1ac498fd2][bb1fc585-f087-407a-b043-49c06e320521] Navigating browser to Google Flow tools page...
2026-09-05T06:38:55.329Z [c4dfccd7-3949-416e-a58d-f5b1ac498fd2][bb1fc585-f087-407a-b043-49c06e320521] Using existing project URL: https://flow.google.com/project/cd81a7d3-c989-419e-891a-f8694174cb85?hl=en
2026-09-05T06:38:55.870Z [0991d09d-b868-4190-812a-5018a2b4881c][bb1fc585-f087-407a-b043-49c06e320521] Item 2: Downloading from URL https://flow-content.google/video/a898a83e-2f60-4208-b030-1feec3a433fa?Expires=1788611924&KeyName=labs-flow-prod-cdn-key&Signature=FqZf6tkb-wAMg9MR4E3OLg18Rc4
2026-09-05T06:38:56.117Z [c4dfccd7-3949-416e-a58d-f5b1ac498fd2][bb1fc585-f087-407a-b043-49c06e320521] Waiting for Google Flow...
2026-09-05T06:38:56.855Z [0991d09d-b868-4190-812a-5018a2b4881c][bb1fc585-f087-407a-b043-49c06e320521] Downloaded 2/2: video_2026-09-05T06-38-51_02.mp4
2026-09-05T06:38:56.856Z [0991d09d-b868-4190-812a-5018a2b4881c][bb1fc585-f087-407a-b043-49c06e320521] ✅ 2 item(s) saved to Downloads/Win AI Toolkit/
2026-09-05T06:38:58.232Z [c4dfccd7-3949-416e-a58d-f5b1ac498fd2][bb1fc585-f087-407a-b043-49c06e320521] In existing project ✓
2026-09-05T06:38:59.135Z [c4dfccd7-3949-416e-a58d-f5b1ac498fd2][bb1fc585-f087-407a-b043-49c06e320521] dismissPopups: unresolved overlay(s) ["IFRAME[presentation]|btns="]
2026-09-05T06:39:00.654Z [9c6311e0-7895-444d-8b45-9b202b2656ea][bb1fc585-f087-407a-b043-49c06e320521] Item 2 (try 1): 1080p saved via the UI download flow.
2026-09-05T06:39:00.728Z [9c6311e0-7895-444d-8b45-9b202b2656ea][bb1fc585-f087-407a-b043-49c06e320521] Item 2: upgraded to 1080p → D:\WINAI\Slow-English-with-Arlo_7_22_cmtlc8wj\video_2026-09-05T06-37-00_02.mp4
2026-09-05T06:39:00.728Z [9c6311e0-7895-444d-8b45-9b202b2656ea][bb1fc585-f087-407a-b043-49c06e320521] Uploading 2 video(s) to Xanh...
2026-09-05T06:39:01.586Z [c4dfccd7-3949-416e-a58d-f5b1ac498fd2][bb1fc585-f087-407a-b043-49c06e320521] Composer ready ✓ (UI language: en)
2026-09-05T06:39:01.679Z [c4dfccd7-3949-416e-a58d-f5b1ac498fd2][bb1fc585-f087-407a-b043-49c06e320521] dismissPopups: unresolved overlay(s) ["DIV[]|btns=","DIV[]|btns="]
2026-09-05T06:39:01.700Z [c4dfccd7-3949-416e-a58d-f5b1ac498fd2][bb1fc585-f087-407a-b043-49c06e320521] Agent toggle aria-pressed=false
2026-09-05T06:39:01.701Z [c4dfccd7-3949-416e-a58d-f5b1ac498fd2][bb1fc585-f087-407a-b043-49c06e320521] Opening settings...
2026-09-05T06:39:01.942Z [9c6311e0-7895-444d-8b45-9b202b2656ea][bb1fc585-f087-407a-b043-49c06e320521] Item 2: Re-uploaded 1080p → https://studio.xanhmedia.vn/uploads/2026-09/1788590341646_a88370_bb1fc585-f087-407a-b043-49c06e320521_9c6.mp4
2026-09-05T06:39:03.763Z [c4dfccd7-3949-416e-a58d-f5b1ac498fd2][bb1fc585-f087-407a-b043-49c06e320521] Configuring video settings...
2026-09-05T06:39:03.787Z [c4dfccd7-3949-416e-a58d-f5b1ac498fd2][bb1fc585-f087-407a-b043-49c06e320521] Mode: "videocam Video" already selected ✓
2026-09-05T06:39:04.193Z [9c6311e0-7895-444d-8b45-9b202b2656ea][bb1fc585-f087-407a-b043-49c06e320521] Item 1: Re-uploaded 1080p → https://studio.xanhmedia.vn/uploads/2026-09/1788590343901_5d5138_bb1fc585-f087-407a-b043-49c06e320521_9c6.mp4
2026-09-05T06:39:04.194Z [9c6311e0-7895-444d-8b45-9b202b2656ea][bb1fc585-f087-407a-b043-49c06e320521] ✅ 2 item(s) + 1080p saved to Downloads/Win AI Toolkit/
2026-09-05T06:39:04.196Z [9c6311e0-7895-444d-8b45-9b202b2656ea][bb1fc585-f087-407a-b043-49c06e320521] All done (including any 1080p upgrades). Closing Playwright browser context.
2026-09-05T06:39:05.431Z [c86016e2-6e77-42e7-96ac-8ac1b250eb79][bb1fc585-f087-407a-b043-49c06e320521] runGeneration starting: task_id=c86016e2-6e77-42e7-96ac-8ac1b250eb79, profile_id=bb1fc585-f087-407a-b043-49c06e320521, target_site=google_flow
2026-09-05T06:39:05.431Z [c86016e2-6e77-42e7-96ac-8ac1b250eb79][bb1fc585-f087-407a-b043-49c06e320521] Opening Playwright browser with persistent profile cookies...
2026-09-05T06:39:05.432Z [c86016e2-6e77-42e7-96ac-8ac1b250eb79][bb1fc585-f087-407a-b043-49c06e320521] Browser engine: winhide (C:\Users\Admin\AppData\Roaming\com.tank.winai\winhide\chrome.exe) [hidden off-screen]
2026-09-05T06:39:05.432Z [c86016e2-6e77-42e7-96ac-8ac1b250eb79][bb1fc585-f087-407a-b043-49c06e320521] Launch mode: STEALTH (raw spawn + connectOverCDP)
2026-09-05T06:39:06.080Z [c4dfccd7-3949-416e-a58d-f5b1ac498fd2][bb1fc585-f087-407a-b043-49c06e320521] Video type: selected "crop_free Frames" ✓
2026-09-05T06:39:06.963Z [c86016e2-6e77-42e7-96ac-8ac1b250eb79][bb1fc585-f087-407a-b043-49c06e320521] Exit IP: 115.74.128.9
2026-09-05T06:39:06.964Z [c86016e2-6e77-42e7-96ac-8ac1b250eb79][bb1fc585-f087-407a-b043-49c06e320521] Navigating browser to Google Flow tools page...
2026-09-05T06:39:06.964Z [c86016e2-6e77-42e7-96ac-8ac1b250eb79][bb1fc585-f087-407a-b043-49c06e320521] Using existing project URL: https://flow.google.com/project/cae2bf2b-d1b8-40f9-a300-9f2aa6276ea5?hl=en
2026-09-05T06:39:07.901Z [9b59d7c5-4422-49b4-b3c3-4dff47775571][bb1fc585-f087-407a-b043-49c06e320521] Item 2 (try 1): 1080p saved via the UI download flow.
2026-09-05T06:39:07.910Z [c86016e2-6e77-42e7-96ac-8ac1b250eb79][bb1fc585-f087-407a-b043-49c06e320521] Waiting for Google Flow...
2026-09-05T06:39:08.015Z [9b59d7c5-4422-49b4-b3c3-4dff47775571][bb1fc585-f087-407a-b043-49c06e320521] Item 2: upgraded to 1080p → D:\WINAI\Slow-English-with-Arlo_7_24_cmtlc8wj\video_2026-09-05T06-37-31_02.mp4
2026-09-05T06:39:08.015Z [9b59d7c5-4422-49b4-b3c3-4dff47775571][bb1fc585-f087-407a-b043-49c06e320521] Uploading 2 video(s) to Xanh...
2026-09-05T06:39:08.564Z [9b59d7c5-4422-49b4-b3c3-4dff47775571][bb1fc585-f087-407a-b043-49c06e320521] Item 2: Re-uploaded 1080p → https://studio.xanhmedia.vn/uploads/2026-09/1788590348277_88cf90_bb1fc585-f087-407a-b043-49c06e320521_9b5.mp4
2026-09-05T06:39:10.224Z [c86016e2-6e77-42e7-96ac-8ac1b250eb79][bb1fc585-f087-407a-b043-49c06e320521] In existing project ✓
2026-09-05T06:39:10.596Z [c4dfccd7-3949-416e-a58d-f5b1ac498fd2][bb1fc585-f087-407a-b043-49c06e320521] Model: selected "Veo 3.1 - Lite [Lower Priority]" ✓
2026-09-05T06:39:11.153Z [c86016e2-6e77-42e7-96ac-8ac1b250eb79][bb1fc585-f087-407a-b043-49c06e320521] dismissPopups: unresolved overlay(s) ["IFRAME[presentation]|btns="]
2026-09-05T06:39:11.155Z [c4dfccd7-3949-416e-a58d-f5b1ac498fd2][bb1fc585-f087-407a-b043-49c06e320521] Aspect ratio: "crop_16_9 16:9" already selected ✓
2026-09-05T06:39:11.161Z [c4dfccd7-3949-416e-a58d-f5b1ac498fd2][bb1fc585-f087-407a-b043-49c06e320521] Video resolution: toggle group "Video resolution" not present (model may not offer it) — skipped.
2026-09-05T06:39:11.194Z [c4dfccd7-3949-416e-a58d-f5b1ac498fd2][bb1fc585-f087-407a-b043-49c06e320521] Duration: "8s" already selected ✓
2026-09-05T06:39:11.219Z [c4dfccd7-3949-416e-a58d-f5b1ac498fd2][bb1fc585-f087-407a-b043-49c06e320521] Output count: "x2" already selected ✓
2026-09-05T06:39:11.760Z [9b59d7c5-4422-49b4-b3c3-4dff47775571][bb1fc585-f087-407a-b043-49c06e320521] Item 1: Re-uploaded 1080p → https://studio.xanhmedia.vn/uploads/2026-09/1788590351459_b129e1_bb1fc585-f087-407a-b043-49c06e320521_9b5.mp4
2026-09-05T06:39:11.760Z [9b59d7c5-4422-49b4-b3c3-4dff47775571][bb1fc585-f087-407a-b043-49c06e320521] ✅ 2 item(s) + 1080p saved to Downloads/Win AI Toolkit/
2026-09-05T06:39:11.762Z [9b59d7c5-4422-49b4-b3c3-4dff47775571][bb1fc585-f087-407a-b043-49c06e320521] All done (including any 1080p upgrades). Closing Playwright browser context.
2026-09-05T06:39:12.143Z [c4dfccd7-3949-416e-a58d-f5b1ac498fd2][bb1fc585-f087-407a-b043-49c06e320521] Start keyframe: downloading from URL...
2026-09-05T06:39:12.349Z [c4dfccd7-3949-416e-a58d-f5b1ac498fd2][bb1fc585-f087-407a-b043-49c06e320521] Downloader: no-proxy request context ready.
2026-09-05T06:39:12.637Z [c4dfccd7-3949-416e-a58d-f5b1ac498fd2][bb1fc585-f087-407a-b043-49c06e320521] Start keyframe: saved 115376 bytes (image/png) as "1788442457319_1912ec_60f7c834-1526-409d-b017-21db20795e19_b3e.png"
2026-09-05T06:39:12.656Z [c4dfccd7-3949-416e-a58d-f5b1ac498fd2][bb1fc585-f087-407a-b043-49c06e320521] Start keyframe: setting start keyframe...
2026-09-05T06:39:12.955Z [4a61a238-c211-45d9-af80-520392d1a6ae][bb1fc585-f087-407a-b043-49c06e320521] runGeneration starting: task_id=4a61a238-c211-45d9-af80-520392d1a6ae, profile_id=bb1fc585-f087-407a-b043-49c06e320521, target_site=google_flow
2026-09-05T06:39:12.957Z [4a61a238-c211-45d9-af80-520392d1a6ae][bb1fc585-f087-407a-b043-49c06e320521] Opening Playwright browser with persistent profile cookies...
2026-09-05T06:39:12.958Z [4a61a238-c211-45d9-af80-520392d1a6ae][bb1fc585-f087-407a-b043-49c06e320521] Browser engine: winhide (C:\Users\Admin\AppData\Roaming\com.tank.winai\winhide\chrome.exe) [hidden off-screen]
2026-09-05T06:39:12.959Z [4a61a238-c211-45d9-af80-520392d1a6ae][bb1fc585-f087-407a-b043-49c06e320521] Launch mode: STEALTH (raw spawn + connectOverCDP)
2026-09-05T06:39:14.631Z [c4dfccd7-3949-416e-a58d-f5b1ac498fd2][bb1fc585-f087-407a-b043-49c06e320521] Start keyframe: "1788442457319_1912ec_60f7c834-1526-409d-b017-21db20795e19_b3e.png" not in the library yet — uploading it first.
2026-09-05T06:39:14.670Z [c86016e2-6e77-42e7-96ac-8ac1b250eb79][bb1fc585-f087-407a-b043-49c06e320521] Composer ready ✓ (UI language: en)
2026-09-05T06:39:14.745Z [c86016e2-6e77-42e7-96ac-8ac1b250eb79][bb1fc585-f087-407a-b043-49c06e320521] dismissPopups: unresolved overlay(s) ["DIV[]|btns=","DIV[]|btns="]
2026-09-05T06:39:14.894Z [c86016e2-6e77-42e7-96ac-8ac1b250eb79][bb1fc585-f087-407a-b043-49c06e320521] Agent toggle aria-pressed=false
2026-09-05T06:39:14.895Z [c86016e2-6e77-42e7-96ac-8ac1b250eb79][bb1fc585-f087-407a-b043-49c06e320521] Opening settings...
2026-09-05T06:39:16.100Z [4a61a238-c211-45d9-af80-520392d1a6ae][bb1fc585-f087-407a-b043-49c06e320521] Exit IP: 115.74.128.9
2026-09-05T06:39:16.100Z [4a61a238-c211-45d9-af80-520392d1a6ae][bb1fc585-f087-407a-b043-49c06e320521] Navigating browser to Google Flow tools page...
2026-09-05T06:39:16.101Z [4a61a238-c211-45d9-af80-520392d1a6ae][bb1fc585-f087-407a-b043-49c06e320521] Using existing project URL: https://flow.google.com/project/33ca2cc2-c9ff-4bb6-9048-2a7af1dfcfee?hl=en
2026-09-05T06:39:16.927Z [4a61a238-c211-45d9-af80-520392d1a6ae][bb1fc585-f087-407a-b043-49c06e320521] Waiting for Google Flow...
2026-09-05T06:39:17.067Z [c86016e2-6e77-42e7-96ac-8ac1b250eb79][bb1fc585-f087-407a-b043-49c06e320521] Configuring video settings...
2026-09-05T06:39:17.100Z [c86016e2-6e77-42e7-96ac-8ac1b250eb79][bb1fc585-f087-407a-b043-49c06e320521] Mode: "videocam Video" already selected ✓
2026-09-05T06:39:18.672Z [4a61a238-c211-45d9-af80-520392d1a6ae][bb1fc585-f087-407a-b043-49c06e320521] In existing project ✓
2026-09-05T06:39:18.724Z [c4dfccd7-3949-416e-a58d-f5b1ac498fd2][bb1fc585-f087-407a-b043-49c06e320521] Start keyframe: uploading "1788442457319_1912ec_60f7c834-1526-409d-b017-21db20795e19_b3e.png" to the project library...
2026-09-05T06:39:19.463Z [c4dfccd7-3949-416e-a58d-f5b1ac498fd2][bb1fc585-f087-407a-b043-49c06e320521] Start keyframe: upload finished ✓
2026-09-05T06:39:19.741Z [4a61a238-c211-45d9-af80-520392d1a6ae][bb1fc585-f087-407a-b043-49c06e320521] dismissPopups: unresolved overlay(s) ["IFRAME[presentation]|btns="]
2026-09-05T06:39:20.301Z [c86016e2-6e77-42e7-96ac-8ac1b250eb79][bb1fc585-f087-407a-b043-49c06e320521] Video type: selected "crop_free Frames" ✓
2026-09-05T06:39:24.547Z [4a61a238-c211-45d9-af80-520392d1a6ae][bb1fc585-f087-407a-b043-49c06e320521] Composer ready ✓ (UI language: en)
2026-09-05T06:39:24.559Z [4a61a238-c211-45d9-af80-520392d1a6ae][bb1fc585-f087-407a-b043-49c06e320521] dismissPopups: unresolved overlay(s) ["DIV[]|btns=","DIV[]|btns="]
2026-09-05T06:39:24.587Z [4a61a238-c211-45d9-af80-520392d1a6ae][bb1fc585-f087-407a-b043-49c06e320521] Agent toggle aria-pressed=false
2026-09-05T06:39:24.588Z [4a61a238-c211-45d9-af80-520392d1a6ae][bb1fc585-f087-407a-b043-49c06e320521] Opening settings...
2026-09-05T06:39:24.616Z [c86016e2-6e77-42e7-96ac-8ac1b250eb79][bb1fc585-f087-407a-b043-49c06e320521] Model: selected "Veo 3.1 - Lite [Lower Priority]" ✓
2026-09-05T06:39:25.620Z [c86016e2-6e77-42e7-96ac-8ac1b250eb79][bb1fc585-f087-407a-b043-49c06e320521] Aspect ratio: "crop_16_9 16:9" already selected ✓
2026-09-05T06:39:25.627Z [c86016e2-6e77-42e7-96ac-8ac1b250eb79][bb1fc585-f087-407a-b043-49c06e320521] Video resolution: toggle group "Video resolution" not present (model may not offer it) — skipped.
2026-09-05T06:39:25.662Z [c86016e2-6e77-42e7-96ac-8ac1b250eb79][bb1fc585-f087-407a-b043-49c06e320521] Duration: "8s" already selected ✓
2026-09-05T06:39:25.683Z [c86016e2-6e77-42e7-96ac-8ac1b250eb79][bb1fc585-f087-407a-b043-49c06e320521] Output count: "x2" already selected ✓
2026-09-05T06:39:26.637Z [c86016e2-6e77-42e7-96ac-8ac1b250eb79][bb1fc585-f087-407a-b043-49c06e320521] Start keyframe: downloading from URL...
2026-09-05T06:39:26.701Z [4a61a238-c211-45d9-af80-520392d1a6ae][bb1fc585-f087-407a-b043-49c06e320521] Configuring video settings...
2026-09-05T06:39:26.736Z [4a61a238-c211-45d9-af80-520392d1a6ae][bb1fc585-f087-407a-b043-49c06e320521] Mode: "videocam Video" already selected ✓
2026-09-05T06:39:26.835Z [c86016e2-6e77-42e7-96ac-8ac1b250eb79][bb1fc585-f087-407a-b043-49c06e320521] Downloader: no-proxy request context ready.
2026-09-05T06:39:27.065Z [c86016e2-6e77-42e7-96ac-8ac1b250eb79][bb1fc585-f087-407a-b043-49c06e320521] Start keyframe: saved 120709 bytes (image/png) as "1788442486175_bf29b2_60f7c834-1526-409d-b017-21db20795e19_68e.png"
2026-09-05T06:39:27.084Z [c86016e2-6e77-42e7-96ac-8ac1b250eb79][bb1fc585-f087-407a-b043-49c06e320521] Start keyframe: setting start keyframe...
2026-09-05T06:39:29.031Z [4a61a238-c211-45d9-af80-520392d1a6ae][bb1fc585-f087-407a-b043-49c06e320521] Video type: selected "crop_free Frames" ✓
2026-09-05T06:39:29.086Z [c86016e2-6e77-42e7-96ac-8ac1b250eb79][bb1fc585-f087-407a-b043-49c06e320521] Start keyframe: "1788442486175_bf29b2_60f7c834-1526-409d-b017-21db20795e19_68e.png" not in the library yet — uploading it first.
2026-09-05T06:39:29.215Z [c4dfccd7-3949-416e-a58d-f5b1ac498fd2][bb1fc585-f087-407a-b043-49c06e320521] Start keyframe: start keyframe attached ✓
2026-09-05T06:39:29.225Z [c4dfccd7-3949-416e-a58d-f5b1ac498fd2][bb1fc585-f087-407a-b043-49c06e320521] Entering prompt...
2026-09-05T06:39:31.282Z [c4dfccd7-3949-416e-a58d-f5b1ac498fd2][bb1fc585-f087-407a-b043-49c06e320521] Prompt is 983 chars — typing it in 20 chunk(s).
2026-09-05T06:39:33.228Z [c86016e2-6e77-42e7-96ac-8ac1b250eb79][bb1fc585-f087-407a-b043-49c06e320521] Start keyframe: uploading "1788442486175_bf29b2_60f7c834-1526-409d-b017-21db20795e19_68e.png" to the project library...
2026-09-05T06:39:33.735Z [4a61a238-c211-45d9-af80-520392d1a6ae][bb1fc585-f087-407a-b043-49c06e320521] Model: selected "Veo 3.1 - Lite [Lower Priority]" ✓
2026-09-05T06:39:34.137Z [c86016e2-6e77-42e7-96ac-8ac1b250eb79][bb1fc585-f087-407a-b043-49c06e320521] Start keyframe: upload finished ✓
2026-09-05T06:39:34.412Z [4a61a238-c211-45d9-af80-520392d1a6ae][bb1fc585-f087-407a-b043-49c06e320521] Aspect ratio: "crop_16_9 16:9" already selected ✓
2026-09-05T06:39:34.415Z [4a61a238-c211-45d9-af80-520392d1a6ae][bb1fc585-f087-407a-b043-49c06e320521] Video resolution: toggle group "Video resolution" not present (model may not offer it) — skipped.
2026-09-05T06:39:34.444Z [4a61a238-c211-45d9-af80-520392d1a6ae][bb1fc585-f087-407a-b043-49c06e320521] Duration: "8s" already selected ✓
2026-09-05T06:39:34.465Z [4a61a238-c211-45d9-af80-520392d1a6ae][bb1fc585-f087-407a-b043-49c06e320521] Output count: "x2" already selected ✓
2026-09-05T06:39:35.352Z [4a61a238-c211-45d9-af80-520392d1a6ae][bb1fc585-f087-407a-b043-49c06e320521] Start keyframe: downloading from URL...
2026-09-05T06:39:35.545Z [4a61a238-c211-45d9-af80-520392d1a6ae][bb1fc585-f087-407a-b043-49c06e320521] Downloader: no-proxy request context ready.
2026-09-05T06:39:35.830Z [4a61a238-c211-45d9-af80-520392d1a6ae][bb1fc585-f087-407a-b043-49c06e320521] Start keyframe: saved 135571 bytes (image/png) as "1788442492448_7a037d_60f7c834-1526-409d-b017-21db20795e19_d32.png"
2026-09-05T06:39:35.849Z [4a61a238-c211-45d9-af80-520392d1a6ae][bb1fc585-f087-407a-b043-49c06e320521] Start keyframe: setting start keyframe...
2026-09-05T06:39:37.825Z [4a61a238-c211-45d9-af80-520392d1a6ae][bb1fc585-f087-407a-b043-49c06e320521] Start keyframe: "1788442492448_7a037d_60f7c834-1526-409d-b017-21db20795e19_d32.png" not in the library yet — uploading it first.
2026-09-05T06:39:40.108Z [c4dfccd7-3949-416e-a58d-f5b1ac498fd2][bb1fc585-f087-407a-b043-49c06e320521] Prompt insert attempt 1: editor has 972 chars (want ~979) ✓
2026-09-05T06:39:41.679Z [4a61a238-c211-45d9-af80-520392d1a6ae][bb1fc585-f087-407a-b043-49c06e320521] Start keyframe: uploading "1788442492448_7a037d_60f7c834-1526-409d-b017-21db20795e19_d32.png" to the project library...
2026-09-05T06:39:41.712Z [0991d09d-b868-4190-812a-5018a2b4881c][bb1fc585-f087-407a-b043-49c06e320521] Item 1 (try 1): 1080p saved via the UI download flow.
2026-09-05T06:39:41.773Z [0991d09d-b868-4190-812a-5018a2b4881c][bb1fc585-f087-407a-b043-49c06e320521] Item 1: upgraded to 1080p → D:\WINAI\Slow-English-with-Arlo_7_25_cmtlc8wj\video_2026-09-05T06-38-51_01.mp4
2026-09-05T06:39:42.142Z [c4dfccd7-3949-416e-a58d-f5b1ac498fd2][bb1fc585-f087-407a-b043-49c06e320521] Baseline: 50 pre-existing media tile(s) of 50 mounted (kinds: image,video,video,image,video,video,image,video,video,image,video,video,image,video,video,image,video,video,image,video,image,video,video,image,video,video,image,video,video,image,video,image,video,video,image,video,video,image,video,video,image,video,image,video,video,image,video,video,image,video).
2026-09-05T06:39:42.452Z [4a61a238-c211-45d9-af80-520392d1a6ae][bb1fc585-f087-407a-b043-49c06e320521] Start keyframe: upload finished ✓
2026-09-05T06:39:43.751Z [c86016e2-6e77-42e7-96ac-8ac1b250eb79][bb1fc585-f087-407a-b043-49c06e320521] Start keyframe: start keyframe attached ✓
2026-09-05T06:39:43.769Z [c86016e2-6e77-42e7-96ac-8ac1b250eb79][bb1fc585-f087-407a-b043-49c06e320521] Entering prompt...
2026-09-05T06:39:44.550Z [c4dfccd7-3949-416e-a58d-f5b1ac498fd2][bb1fc585-f087-407a-b043-49c06e320521] [submit] confirmed (editor "What do you want to ", fresh tile=true).
2026-09-05T06:39:45.017Z [c4dfccd7-3949-416e-a58d-f5b1ac498fd2][bb1fc585-f087-407a-b043-49c06e320521] Current Workspace project URL: https://flow.google.com/project/cd81a7d3-c989-419e-891a-f8694174cb85?hl=en
2026-09-05T06:39:45.017Z [c4dfccd7-3949-416e-a58d-f5b1ac498fd2][bb1fc585-f087-407a-b043-49c06e320521] Submitted ✓ Detecting batch size...
2026-09-05T06:39:45.035Z [c4dfccd7-3949-416e-a58d-f5b1ac498fd2][bb1fc585-f087-407a-b043-49c06e320521] New tile(s) since submit: 0 → 2 (mounted=50)
2026-09-05T06:39:45.522Z [c86016e2-6e77-42e7-96ac-8ac1b250eb79][bb1fc585-f087-407a-b043-49c06e320521] Prompt is 1137 chars — typing it in 22 chunk(s).
2026-09-05T06:39:49.193Z [c4dfccd7-3949-416e-a58d-f5b1ac498fd2][bb1fc585-f087-407a-b043-49c06e320521] Batch size stabilised at 2 new tile(s)
2026-09-05T06:39:49.194Z [c4dfccd7-3949-416e-a58d-f5b1ac498fd2][bb1fc585-f087-407a-b043-49c06e320521] Batch detected: 2 item(s). Generating...
2026-09-05T06:39:49.194Z [c4dfccd7-3949-416e-a58d-f5b1ac498fd2][bb1fc585-f087-407a-b043-49c06e320521] Polling for 2 video item(s) (baseline=50, hasUpload=true)...
2026-09-05T06:39:49.204Z [c4dfccd7-3949-416e-a58d-f5b1ac498fd2][bb1fc585-f087-407a-b043-49c06e320521] Generating... 0 ready, 0 failed / 2 total (0s) play_circle [HÀNH ĐỘ play_circle [HÀNH ĐỘ
2026-09-05T06:39:52.143Z [4a61a238-c211-45d9-af80-520392d1a6ae][bb1fc585-f087-407a-b043-49c06e320521] Start keyframe: start keyframe attached ✓
2026-09-05T06:39:52.155Z [4a61a238-c211-45d9-af80-520392d1a6ae][bb1fc585-f087-407a-b043-49c06e320521] Entering prompt...
2026-09-05T06:39:52.226Z [c4dfccd7-3949-416e-a58d-f5b1ac498fd2][bb1fc585-f087-407a-b043-49c06e320521] Generating... 0 ready, 0 failed / 2 total (3s) play_circle [HÀNH ĐỘ play_circle [HÀNH ĐỘ
2026-09-05T06:39:53.648Z [4a61a238-c211-45d9-af80-520392d1a6ae][bb1fc585-f087-407a-b043-49c06e320521] Prompt is 1023 chars — typing it in 21 chunk(s).
2026-09-05T06:39:55.247Z [c4dfccd7-3949-416e-a58d-f5b1ac498fd2][bb1fc585-f087-407a-b043-49c06e320521] Generating... 0 ready, 0 failed / 2 total (6s) play_circle [HÀNH ĐỘ play_circle [HÀNH ĐỘ
2026-09-05T06:39:56.214Z [c86016e2-6e77-42e7-96ac-8ac1b250eb79][bb1fc585-f087-407a-b043-49c06e320521] Prompt insert attempt 1: editor has 1108 chars (want ~1133) ✓
2026-09-05T06:39:57.826Z [c86016e2-6e77-42e7-96ac-8ac1b250eb79][bb1fc585-f087-407a-b043-49c06e320521] Baseline: 47 pre-existing media tile(s) of 47 mounted (kinds: image,video,video,image,video,image,video,video,image,video,video,image,video,video,image,video,video,image,video,video,image,video,video,image,image,image,video,video,image,video,video,image,video,video,image,video,video,image,image,video,image,video,image,video,video,image,video).
2026-09-05T06:39:58.262Z [c4dfccd7-3949-416e-a58d-f5b1ac498fd2][bb1fc585-f087-407a-b043-49c06e320521] Generating... 0 ready, 0 failed / 2 total (9s) play_circle 1% [HÀNH play_circle 0% [HÀNH
2026-09-05T06:39:59.748Z [c86016e2-6e77-42e7-96ac-8ac1b250eb79][bb1fc585-f087-407a-b043-49c06e320521] [submit] confirmed (editor "What do you want to ", fresh tile=true).
2026-09-05T06:40:00.262Z [c86016e2-6e77-42e7-96ac-8ac1b250eb79][bb1fc585-f087-407a-b043-49c06e320521] Current Workspace project URL: https://flow.google.com/project/cae2bf2b-d1b8-40f9-a300-9f2aa6276ea5?hl=en
2026-09-05T06:40:00.263Z [c86016e2-6e77-42e7-96ac-8ac1b250eb79][bb1fc585-f087-407a-b043-49c06e320521] Submitted ✓ Detecting batch size...
2026-09-05T06:40:00.278Z [c86016e2-6e77-42e7-96ac-8ac1b250eb79][bb1fc585-f087-407a-b043-49c06e320521] New tile(s) since submit: 0 → 2 (mounted=48)
2026-09-05T06:40:01.293Z [c4dfccd7-3949-416e-a58d-f5b1ac498fd2][bb1fc585-f087-407a-b043-49c06e320521] Generating... 0 ready, 0 failed / 2 total (12s) play_circle 4% [HÀNH play_circle 4% [HÀNH
2026-09-05T06:40:02.744Z [4a61a238-c211-45d9-af80-520392d1a6ae][bb1fc585-f087-407a-b043-49c06e320521] Prompt insert attempt 1: editor has 1012 chars (want ~1019) ✓
2026-09-05T06:40:04.314Z [c4dfccd7-3949-416e-a58d-f5b1ac498fd2][bb1fc585-f087-407a-b043-49c06e320521] Generating... 0 ready, 0 failed / 2 total (15s) play_circle 6% [HÀNH play_circle 6% [HÀNH
2026-09-05T06:40:04.449Z [c86016e2-6e77-42e7-96ac-8ac1b250eb79][bb1fc585-f087-407a-b043-49c06e320521] Batch size stabilised at 2 new tile(s)
2026-09-05T06:40:04.449Z [c86016e2-6e77-42e7-96ac-8ac1b250eb79][bb1fc585-f087-407a-b043-49c06e320521] Batch detected: 2 item(s). Generating...
2026-09-05T06:40:04.450Z [c86016e2-6e77-42e7-96ac-8ac1b250eb79][bb1fc585-f087-407a-b043-49c06e320521] Polling for 2 video item(s) (baseline=47, hasUpload=true)...
2026-09-05T06:40:04.463Z [c86016e2-6e77-42e7-96ac-8ac1b250eb79][bb1fc585-f087-407a-b043-49c06e320521] Generating... 0 ready, 0 failed / 2 total (0s) play_circle [HÀNH ĐỘ play_circle [HÀNH ĐỘ
2026-09-05T06:40:04.964Z [4a61a238-c211-45d9-af80-520392d1a6ae][bb1fc585-f087-407a-b043-49c06e320521] Baseline: 49 pre-existing media tile(s) of 49 mounted (kinds: image,video,video,video,video,video,image,video,video,image,video,video,image,video,video,image,image,video,video,image,video,video,image,video,video,image,video,video,image,video,video,image,video,image,video,video,image,video,video,image,video,video,image,video,video,image,video,video,image).
2026-09-05T06:40:06.984Z [4a61a238-c211-45d9-af80-520392d1a6ae][bb1fc585-f087-407a-b043-49c06e320521] [submit] confirmed (editor "What do you want to ", fresh tile=true).
2026-09-05T06:40:07.335Z [c4dfccd7-3949-416e-a58d-f5b1ac498fd2][bb1fc585-f087-407a-b043-49c06e320521] Generating... 0 ready, 0 failed / 2 total (18s) play_circle 9% [HÀNH play_circle 9% [HÀNH
2026-09-05T06:40:07.442Z [4a61a238-c211-45d9-af80-520392d1a6ae][bb1fc585-f087-407a-b043-49c06e320521] Current Workspace project URL: https://flow.google.com/project/33ca2cc2-c9ff-4bb6-9048-2a7af1dfcfee?hl=en
2026-09-05T06:40:07.442Z [4a61a238-c211-45d9-af80-520392d1a6ae][bb1fc585-f087-407a-b043-49c06e320521] Submitted ✓ Detecting batch size...
2026-09-05T06:40:07.454Z [4a61a238-c211-45d9-af80-520392d1a6ae][bb1fc585-f087-407a-b043-49c06e320521] New tile(s) since submit: 0 → 2 (mounted=50)
2026-09-05T06:40:07.485Z [c86016e2-6e77-42e7-96ac-8ac1b250eb79][bb1fc585-f087-407a-b043-49c06e320521] Generating... 0 ready, 0 failed / 2 total (3s) play_circle [HÀNH ĐỘ play_circle [HÀNH ĐỘ
2026-09-05T06:40:10.360Z [c4dfccd7-3949-416e-a58d-f5b1ac498fd2][bb1fc585-f087-407a-b043-49c06e320521] Generating... 0 ready, 0 failed / 2 total (21s) play_circle 12% [HÀN play_circle 12% [HÀN
2026-09-05T06:40:10.500Z [c86016e2-6e77-42e7-96ac-8ac1b250eb79][bb1fc585-f087-407a-b043-49c06e320521] Generating... 0 ready, 0 failed / 2 total (6s) play_circle [HÀNH ĐỘ play_circle [HÀNH ĐỘ
2026-09-05T06:40:11.627Z [4a61a238-c211-45d9-af80-520392d1a6ae][bb1fc585-f087-407a-b043-49c06e320521] Batch size stabilised at 2 new tile(s)
2026-09-05T06:40:11.627Z [4a61a238-c211-45d9-af80-520392d1a6ae][bb1fc585-f087-407a-b043-49c06e320521] Batch detected: 2 item(s). Generating...
2026-09-05T06:40:11.628Z [4a61a238-c211-45d9-af80-520392d1a6ae][bb1fc585-f087-407a-b043-49c06e320521] Polling for 2 video item(s) (baseline=49, hasUpload=true)...
2026-09-05T06:40:11.644Z [4a61a238-c211-45d9-af80-520392d1a6ae][bb1fc585-f087-407a-b043-49c06e320521] Generating... 0 ready, 0 failed / 2 total (0s) play_circle [HÀNH ĐỘ play_circle [HÀNH ĐỘ
2026-09-05T06:40:13.385Z [c4dfccd7-3949-416e-a58d-f5b1ac498fd2][bb1fc585-f087-407a-b043-49c06e320521] Generating... 0 ready, 0 failed / 2 total (24s) play_circle 14% [HÀN play_circle 15% [HÀN
2026-09-05T06:40:13.514Z [c86016e2-6e77-42e7-96ac-8ac1b250eb79][bb1fc585-f087-407a-b043-49c06e320521] Generating... 0 ready, 0 failed / 2 total (9s) play_circle 1% [HÀNH play_circle 1% [HÀNH
2026-09-05T06:40:14.665Z [4a61a238-c211-45d9-af80-520392d1a6ae][bb1fc585-f087-407a-b043-49c06e320521] Generating... 0 ready, 0 failed / 2 total (3s) play_circle [HÀNH ĐỘ play_circle [HÀNH ĐỘ
2026-09-05T06:40:16.409Z [c4dfccd7-3949-416e-a58d-f5b1ac498fd2][bb1fc585-f087-407a-b043-49c06e320521] Generating... 0 ready, 0 failed / 2 total (27s) play_circle 18% [HÀN play_circle 18% [HÀN
2026-09-05T06:40:16.534Z [c86016e2-6e77-42e7-96ac-8ac1b250eb79][bb1fc585-f087-407a-b043-49c06e320521] Generating... 0 ready, 0 failed / 2 total (12s) play_circle 4% [HÀNH play_circle 4% [HÀNH
2026-09-05T06:40:17.682Z [4a61a238-c211-45d9-af80-520392d1a6ae][bb1fc585-f087-407a-b043-49c06e320521] Generating... 0 ready, 0 failed / 2 total (6s) play_circle [HÀNH ĐỘ play_circle [HÀNH ĐỘ
2026-09-05T06:40:19.562Z [c4dfccd7-3949-416e-a58d-f5b1ac498fd2][bb1fc585-f087-407a-b043-49c06e320521] Generating... 0 ready, 0 failed / 2 total (30s) play_circle 21% [HÀN play_circle 21% [HÀN
2026-09-05T06:40:19.565Z [c86016e2-6e77-42e7-96ac-8ac1b250eb79][bb1fc585-f087-407a-b043-49c06e320521] Generating... 0 ready, 0 failed / 2 total (15s) play_circle 6% [HÀNH play_circle 6% [HÀNH
2026-09-05T06:40:20.711Z [4a61a238-c211-45d9-af80-520392d1a6ae][bb1fc585-f087-407a-b043-49c06e320521] Generating... 0 ready, 0 failed / 2 total (9s) play_circle 2% [HÀNH play_circle 2% [HÀNH
2026-09-05T06:40:22.588Z [c86016e2-6e77-42e7-96ac-8ac1b250eb79][bb1fc585-f087-407a-b043-49c06e320521] Generating... 0 ready, 0 failed / 2 total (18s) play_circle 9% [HÀNH play_circle 9% [HÀNH
2026-09-05T06:40:22.591Z [c4dfccd7-3949-416e-a58d-f5b1ac498fd2][bb1fc585-f087-407a-b043-49c06e320521] Generating... 0 ready, 0 failed / 2 total (33s) play_circle 22% [HÀN play_circle 23% [HÀN
2026-09-05T06:40:23.744Z [4a61a238-c211-45d9-af80-520392d1a6ae][bb1fc585-f087-407a-b043-49c06e320521] Generating... 0 ready, 0 failed / 2 total (12s) play_circle 5% [HÀNH play_circle 5% [HÀNH
2026-09-05T06:40:25.611Z [c86016e2-6e77-42e7-96ac-8ac1b250eb79][bb1fc585-f087-407a-b043-49c06e320521] Generating... 0 ready, 0 failed / 2 total (21s) play_circle 12% [HÀN play_circle 12% [HÀN
2026-09-05T06:40:25.612Z [c4dfccd7-3949-416e-a58d-f5b1ac498fd2][bb1fc585-f087-407a-b043-49c06e320521] Generating... 0 ready, 0 failed / 2 total (36s) play_circle 26% [HÀN play_circle 26% [HÀN
2026-09-05T06:40:26.763Z [4a61a238-c211-45d9-af80-520392d1a6ae][bb1fc585-f087-407a-b043-49c06e320521] Generating... 0 ready, 0 failed / 2 total (15s) play_circle 7% [HÀNH play_circle 7% [HÀNH
2026-09-05T06:40:28.639Z [c4dfccd7-3949-416e-a58d-f5b1ac498fd2][bb1fc585-f087-407a-b043-49c06e320521] Generating... 0 ready, 0 failed / 2 total (39s) play_circle 27% [HÀN play_circle 27% [HÀN
2026-09-05T06:40:28.640Z [c86016e2-6e77-42e7-96ac-8ac1b250eb79][bb1fc585-f087-407a-b043-49c06e320521] Generating... 0 ready, 0 failed / 2 total (24s) play_circle 15% [HÀN play_circle 15% [HÀN
2026-09-05T06:40:29.784Z [4a61a238-c211-45d9-af80-520392d1a6ae][bb1fc585-f087-407a-b043-49c06e320521] Generating... 0 ready, 0 failed / 2 total (18s) play_circle 10% [HÀN play_circle 10% [HÀN
2026-09-05T06:40:31.654Z [c86016e2-6e77-42e7-96ac-8ac1b250eb79][bb1fc585-f087-407a-b043-49c06e320521] Generating... 0 ready, 0 failed / 2 total (27s) play_circle 17% [HÀN play_circle 17% [HÀN
2026-09-05T06:40:31.656Z [c4dfccd7-3949-416e-a58d-f5b1ac498fd2][bb1fc585-f087-407a-b043-49c06e320521] Generating... 0 ready, 0 failed / 2 total (42s) play_circle 31% [HÀN play_circle 31% [HÀN
2026-09-05T06:40:32.812Z [4a61a238-c211-45d9-af80-520392d1a6ae][bb1fc585-f087-407a-b043-49c06e320521] Generating... 0 ready, 0 failed / 2 total (21s) play_circle 12% [HÀN play_circle 13% [HÀN
2026-09-05T06:40:34.675Z [c4dfccd7-3949-416e-a58d-f5b1ac498fd2][bb1fc585-f087-407a-b043-49c06e320521] Generating... 0 ready, 0 failed / 2 total (45s) play_circle 34% [HÀN play_circle 34% [HÀN
2026-09-05T06:40:34.678Z [c86016e2-6e77-42e7-96ac-8ac1b250eb79][bb1fc585-f087-407a-b043-49c06e320521] Generating... 0 ready, 0 failed / 2 total (30s) play_circle 20% [HÀN play_circle 21% [HÀN
2026-09-05T06:40:35.830Z [4a61a238-c211-45d9-af80-520392d1a6ae][bb1fc585-f087-407a-b043-49c06e320521] Generating... 0 ready, 0 failed / 2 total (24s) play_circle 15% [HÀN play_circle 15% [HÀN
2026-09-05T06:40:37.705Z [c86016e2-6e77-42e7-96ac-8ac1b250eb79][bb1fc585-f087-407a-b043-49c06e320521] Generating... 0 ready, 0 failed / 2 total (33s) play_circle 23% [HÀN play_circle 23% [HÀN
2026-09-05T06:40:37.705Z [c4dfccd7-3949-416e-a58d-f5b1ac498fd2][bb1fc585-f087-407a-b043-49c06e320521] Generating... 0 ready, 0 failed / 2 total (49s) play_circle 36% [HÀN play_circle 36% [HÀN
2026-09-05T06:40:38.856Z [4a61a238-c211-45d9-af80-520392d1a6ae][bb1fc585-f087-407a-b043-49c06e320521] Generating... 0 ready, 0 failed / 2 total (27s) play_circle 19% [HÀN play_circle 19% [HÀN
2026-09-05T06:40:40.725Z [c86016e2-6e77-42e7-96ac-8ac1b250eb79][bb1fc585-f087-407a-b043-49c06e320521] Generating... 0 ready, 0 failed / 2 total (36s) play_circle 25% [HÀN play_circle 25% [HÀN
2026-09-05T06:40:40.725Z [c4dfccd7-3949-416e-a58d-f5b1ac498fd2][bb1fc585-f087-407a-b043-49c06e320521] Generating... 0 ready, 0 failed / 2 total (52s) play_circle 40% [HÀN play_circle 40% [HÀN
2026-09-05T06:40:42.033Z [4a61a238-c211-45d9-af80-520392d1a6ae][bb1fc585-f087-407a-b043-49c06e320521] Generating... 0 ready, 0 failed / 2 total (30s) play_circle 21% [HÀN play_circle 21% [HÀN
2026-09-05T06:40:42.345Z [0991d09d-b868-4190-812a-5018a2b4881c][bb1fc585-f087-407a-b043-49c06e320521] Item 2 (try 1): 1080p saved via the UI download flow.
2026-09-05T06:40:42.440Z [0991d09d-b868-4190-812a-5018a2b4881c][bb1fc585-f087-407a-b043-49c06e320521] Item 2: upgraded to 1080p → D:\WINAI\Slow-English-with-Arlo_7_25_cmtlc8wj\video_2026-09-05T06-38-51_02.mp4
2026-09-05T06:40:42.441Z [0991d09d-b868-4190-812a-5018a2b4881c][bb1fc585-f087-407a-b043-49c06e320521] Uploading 2 video(s) to Xanh...
2026-09-05T06:40:43.034Z [0991d09d-b868-4190-812a-5018a2b4881c][bb1fc585-f087-407a-b043-49c06e320521] Item 2: Re-uploaded 1080p → https://studio.xanhmedia.vn/uploads/2026-09/1788590442746_a65ab3_bb1fc585-f087-407a-b043-49c06e320521_099.mp4
2026-09-05T06:40:43.381Z [0991d09d-b868-4190-812a-5018a2b4881c][bb1fc585-f087-407a-b043-49c06e320521] Item 1: Re-uploaded 1080p → https://studio.xanhmedia.vn/uploads/2026-09/1788590443078_b95316_bb1fc585-f087-407a-b043-49c06e320521_099.mp4
2026-09-05T06:40:43.381Z [0991d09d-b868-4190-812a-5018a2b4881c][bb1fc585-f087-407a-b043-49c06e320521] ✅ 2 item(s) + 1080p saved to Downloads/Win AI Toolkit/
2026-09-05T06:40:43.383Z [0991d09d-b868-4190-812a-5018a2b4881c][bb1fc585-f087-407a-b043-49c06e320521] All done (including any 1080p upgrades). Closing Playwright browser context.
2026-09-05T06:40:43.743Z [c86016e2-6e77-42e7-96ac-8ac1b250eb79][bb1fc585-f087-407a-b043-49c06e320521] Generating... 0 ready, 0 failed / 2 total (39s) play_circle 28% [HÀN play_circle 29% [HÀN
2026-09-05T06:40:43.745Z [c4dfccd7-3949-416e-a58d-f5b1ac498fd2][bb1fc585-f087-407a-b043-49c06e320521] Generating... 0 ready, 0 failed / 2 total (55s) play_circle 42% [HÀN play_circle 42% [HÀN
2026-09-05T06:40:44.698Z [0d97d457-4186-4172-9ba4-29089b031fe7][bb1fc585-f087-407a-b043-49c06e320521] runGeneration starting: task_id=0d97d457-4186-4172-9ba4-29089b031fe7, profile_id=bb1fc585-f087-407a-b043-49c06e320521, target_site=google_flow
2026-09-05T06:40:44.699Z [0d97d457-4186-4172-9ba4-29089b031fe7][bb1fc585-f087-407a-b043-49c06e320521] Opening Playwright browser with persistent profile cookies...
2026-09-05T06:40:44.699Z [0d97d457-4186-4172-9ba4-29089b031fe7][bb1fc585-f087-407a-b043-49c06e320521] Browser engine: winhide (C:\Users\Admin\AppData\Roaming\com.tank.winai\winhide\chrome.exe) [hidden off-screen]
2026-09-05T06:40:44.700Z [0d97d457-4186-4172-9ba4-29089b031fe7][bb1fc585-f087-407a-b043-49c06e320521] Launch mode: STEALTH (raw spawn + connectOverCDP)
2026-09-05T06:40:45.065Z [4a61a238-c211-45d9-af80-520392d1a6ae][bb1fc585-f087-407a-b043-49c06e320521] Generating... 0 ready, 0 failed / 2 total (33s) play_circle 24% [HÀN play_circle 23% [HÀN
2026-09-05T06:40:46.352Z [0d97d457-4186-4172-9ba4-29089b031fe7][bb1fc585-f087-407a-b043-49c06e320521] Exit IP: 115.74.128.9
2026-09-05T06:40:46.353Z [0d97d457-4186-4172-9ba4-29089b031fe7][bb1fc585-f087-407a-b043-49c06e320521] Navigating browser to Google Flow tools page...
2026-09-05T06:40:46.354Z [0d97d457-4186-4172-9ba4-29089b031fe7][bb1fc585-f087-407a-b043-49c06e320521] Using existing project URL: https://flow.google.com/project/c2a607c5-d833-4be1-8108-407b74d4ed85?hl=en
2026-09-05T06:40:46.771Z [c86016e2-6e77-42e7-96ac-8ac1b250eb79][bb1fc585-f087-407a-b043-49c06e320521] Generating... 0 ready, 0 failed / 2 total (42s) play_circle 32% [HÀN play_circle 32% [HÀN
2026-09-05T06:40:46.771Z [c4dfccd7-3949-416e-a58d-f5b1ac498fd2][bb1fc585-f087-407a-b043-49c06e320521] Generating... 0 ready, 0 failed / 2 total (58s) play_circle 45% [HÀN play_circle 45% [HÀN
2026-09-05T06:40:47.213Z [0d97d457-4186-4172-9ba4-29089b031fe7][bb1fc585-f087-407a-b043-49c06e320521] Waiting for Google Flow...
2026-09-05T06:40:48.086Z [4a61a238-c211-45d9-af80-520392d1a6ae][bb1fc585-f087-407a-b043-49c06e320521] Generating... 0 ready, 0 failed / 2 total (36s) play_circle 26% [HÀN play_circle 26% [HÀN
2026-09-05T06:40:49.053Z [0d97d457-4186-4172-9ba4-29089b031fe7][bb1fc585-f087-407a-b043-49c06e320521] In existing project ✓
2026-09-05T06:40:49.794Z [c4dfccd7-3949-416e-a58d-f5b1ac498fd2][bb1fc585-f087-407a-b043-49c06e320521] Generating... 0 ready, 0 failed / 2 total (61s) play_circle 47% [HÀN play_circle 48% [HÀN
2026-09-05T06:40:49.795Z [c86016e2-6e77-42e7-96ac-8ac1b250eb79][bb1fc585-f087-407a-b043-49c06e320521] Generating... 0 ready, 0 failed / 2 total (45s) play_circle 100% [HÀ play_circle 100% [HÀ
2026-09-05T06:40:50.063Z [0d97d457-4186-4172-9ba4-29089b031fe7][bb1fc585-f087-407a-b043-49c06e320521] dismissPopups: unresolved overlay(s) ["IFRAME[presentation]|btns="]
2026-09-05T06:40:51.104Z [4a61a238-c211-45d9-af80-520392d1a6ae][bb1fc585-f087-407a-b043-49c06e320521] Generating... 0 ready, 0 failed / 2 total (39s) play_circle 28% [HÀN play_circle 28% [HÀN
2026-09-05T06:40:52.810Z [c86016e2-6e77-42e7-96ac-8ac1b250eb79][bb1fc585-f087-407a-b043-49c06e320521] Generating... 0 ready, 0 failed / 2 total (48s) play_circle 100% [HÀ play_circle 100% [HÀ
2026-09-05T06:40:52.811Z [c4dfccd7-3949-416e-a58d-f5b1ac498fd2][bb1fc585-f087-407a-b043-49c06e320521] Generating... 0 ready, 0 failed / 2 total (64s) play_circle 100% [HÀ play_circle 50% [HÀN
2026-09-05T06:40:54.045Z [0d97d457-4186-4172-9ba4-29089b031fe7][bb1fc585-f087-407a-b043-49c06e320521] Composer ready ✓ (UI language: en)
2026-09-05T06:40:54.125Z [0d97d457-4186-4172-9ba4-29089b031fe7][bb1fc585-f087-407a-b043-49c06e320521] dismissPopups: unresolved overlay(s) ["DIV[]|btns=","DIV[]|btns="]
2026-09-05T06:40:54.129Z [4a61a238-c211-45d9-af80-520392d1a6ae][bb1fc585-f087-407a-b043-49c06e320521] Generating... 0 ready, 0 failed / 2 total (43s) play_circle 32% [HÀN play_circle 32% [HÀN
2026-09-05T06:40:54.165Z [0d97d457-4186-4172-9ba4-29089b031fe7][bb1fc585-f087-407a-b043-49c06e320521] Agent toggle aria-pressed=false
2026-09-05T06:40:54.166Z [0d97d457-4186-4172-9ba4-29089b031fe7][bb1fc585-f087-407a-b043-49c06e320521] Opening settings...
2026-09-05T06:40:55.832Z [c86016e2-6e77-42e7-96ac-8ac1b250eb79][bb1fc585-f087-407a-b043-49c06e320521] Generating... 0 ready, 0 failed / 2 total (51s) [HÀNH ĐỘNG]Bắt đầu đ [HÀNH ĐỘNG]Bắt đầu đ
2026-09-05T06:40:55.832Z [c4dfccd7-3949-416e-a58d-f5b1ac498fd2][bb1fc585-f087-407a-b043-49c06e320521] Generating... 0 ready, 0 failed / 2 total (67s) play_circle 100% [HÀ play_circle 53% [HÀN
2026-09-05T06:40:55.959Z [0d97d457-4186-4172-9ba4-29089b031fe7][bb1fc585-f087-407a-b043-49c06e320521] Configuring video settings...
2026-09-05T06:40:55.986Z [0d97d457-4186-4172-9ba4-29089b031fe7][bb1fc585-f087-407a-b043-49c06e320521] Mode: "videocam Video" already selected ✓
2026-09-05T06:40:57.145Z [4a61a238-c211-45d9-af80-520392d1a6ae][bb1fc585-f087-407a-b043-49c06e320521] Generating... 0 ready, 0 failed / 2 total (46s) play_circle 35% [HÀN play_circle 100% [HÀ
2026-09-05T06:40:58.712Z [0d97d457-4186-4172-9ba4-29089b031fe7][bb1fc585-f087-407a-b043-49c06e320521] Video type: selected "crop_free Frames" ✓
2026-09-05T06:40:58.853Z [c4dfccd7-3949-416e-a58d-f5b1ac498fd2][bb1fc585-f087-407a-b043-49c06e320521] Generating... 0 ready, 0 failed / 2 total (70s) [HÀNH ĐỘNG]Bắt đầu đ play_circle 55% [HÀN
2026-09-05T06:40:58.853Z [c86016e2-6e77-42e7-96ac-8ac1b250eb79][bb1fc585-f087-407a-b043-49c06e320521] Generating... 2 ready, 0 failed / 2 total (54s)
2026-09-05T06:40:58.854Z [c86016e2-6e77-42e7-96ac-8ac1b250eb79][bb1fc585-f087-407a-b043-49c06e320521] Batch done: 2 ready (target 2), 0 failed, scanned 2.
2026-09-05T06:40:58.855Z [c86016e2-6e77-42e7-96ac-8ac1b250eb79][bb1fc585-f087-407a-b043-49c06e320521] 2 item(s) ready! Downloading...
2026-09-05T06:40:58.856Z [c86016e2-6e77-42e7-96ac-8ac1b250eb79][bb1fc585-f087-407a-b043-49c06e320521] Item 1: no video source on the tile yet — hovering it to mount one.
2026-09-05T06:41:00.173Z [4a61a238-c211-45d9-af80-520392d1a6ae][bb1fc585-f087-407a-b043-49c06e320521] Generating... 0 ready, 0 failed / 2 total (49s) play_circle 37% [HÀN play_circle 100% [HÀ
2026-09-05T06:41:00.381Z [c86016e2-6e77-42e7-96ac-8ac1b250eb79][bb1fc585-f087-407a-b043-49c06e320521] Item 1: Downloading from URL https://flow-content.google/video/7f2e80e0-ca80-44c2-8383-1b4a86def5f4?Expires=1788612049&KeyName=labs-flow-prod-cdn-key&Signature=w3Ax7u3etZ4ercqyZXMDzGBImdM
2026-09-05T06:41:01.579Z [c86016e2-6e77-42e7-96ac-8ac1b250eb79][bb1fc585-f087-407a-b043-49c06e320521] Downloaded 1/2: video_2026-09-05T06-40-58_01.mp4
2026-09-05T06:41:01.580Z [c86016e2-6e77-42e7-96ac-8ac1b250eb79][bb1fc585-f087-407a-b043-49c06e320521] Item 2: no video source on the tile yet — hovering it to mount one.
2026-09-05T06:41:01.880Z [c4dfccd7-3949-416e-a58d-f5b1ac498fd2][bb1fc585-f087-407a-b043-49c06e320521] Generating... 1 ready, 0 failed / 2 total (73s) play_circle 58% [HÀN
2026-09-05T06:41:03.198Z [4a61a238-c211-45d9-af80-520392d1a6ae][bb1fc585-f087-407a-b043-49c06e320521] Generating... 0 ready, 0 failed / 2 total (52s) play_circle 100% [HÀ [HÀNH ĐỘNG]Bắt đầu đ
2026-09-05T06:41:03.306Z [c86016e2-6e77-42e7-96ac-8ac1b250eb79][bb1fc585-f087-407a-b043-49c06e320521] Item 2: Downloading from URL https://flow-content.google/video/5bd20adc-43ae-45cb-bb00-94e9a7a76cd0?Expires=1788612049&KeyName=labs-flow-prod-cdn-key&Signature=RRtgtYBOxU9vsozmE0WNFDlef5k
2026-09-05T06:41:03.732Z [c86016e2-6e77-42e7-96ac-8ac1b250eb79][bb1fc585-f087-407a-b043-49c06e320521] Downloaded 2/2: video_2026-09-05T06-40-58_02.mp4
2026-09-05T06:41:03.732Z [c86016e2-6e77-42e7-96ac-8ac1b250eb79][bb1fc585-f087-407a-b043-49c06e320521] ✅ 2 item(s) saved to Downloads/Win AI Toolkit/
2026-09-05T06:41:04.212Z [0d97d457-4186-4172-9ba4-29089b031fe7][bb1fc585-f087-407a-b043-49c06e320521] Model: selected "Veo 3.1 - Lite [Lower Priority]" ✓
2026-09-05T06:41:04.893Z [0d97d457-4186-4172-9ba4-29089b031fe7][bb1fc585-f087-407a-b043-49c06e320521] Aspect ratio: "crop_16_9 16:9" already selected ✓
2026-09-05T06:41:04.898Z [0d97d457-4186-4172-9ba4-29089b031fe7][bb1fc585-f087-407a-b043-49c06e320521] Video resolution: toggle group "Video resolution" not present (model may not offer it) — skipped.
2026-09-05T06:41:04.910Z [c4dfccd7-3949-416e-a58d-f5b1ac498fd2][bb1fc585-f087-407a-b043-49c06e320521] Generating... 1 ready, 0 failed / 2 total (76s) play_circle 100% [HÀ
2026-09-05T06:41:04.933Z [0d97d457-4186-4172-9ba4-29089b031fe7][bb1fc585-f087-407a-b043-49c06e320521] Duration: "8s" already selected ✓
2026-09-05T06:41:04.957Z [0d97d457-4186-4172-9ba4-29089b031fe7][bb1fc585-f087-407a-b043-49c06e320521] Output count: "x2" already selected ✓
2026-09-05T06:41:05.768Z [0d97d457-4186-4172-9ba4-29089b031fe7][bb1fc585-f087-407a-b043-49c06e320521] Start keyframe: downloading from URL...
2026-09-05T06:41:05.979Z [0d97d457-4186-4172-9ba4-29089b031fe7][bb1fc585-f087-407a-b043-49c06e320521] Downloader: no-proxy request context ready.
2026-09-05T06:41:06.233Z [4a61a238-c211-45d9-af80-520392d1a6ae][bb1fc585-f087-407a-b043-49c06e320521] Generating... 1 ready, 0 failed / 2 total (55s) play_circle 100% [HÀ
2026-09-05T06:41:06.276Z [0d97d457-4186-4172-9ba4-29089b031fe7][bb1fc585-f087-407a-b043-49c06e320521] Start keyframe: saved 112753 bytes (image/png) as "1788442599219_afd35a_60f7c834-1526-409d-b017-21db20795e19_014.png"
2026-09-05T06:41:06.294Z [0d97d457-4186-4172-9ba4-29089b031fe7][bb1fc585-f087-407a-b043-49c06e320521] Start keyframe: setting start keyframe...
2026-09-05T06:41:07.928Z [c4dfccd7-3949-416e-a58d-f5b1ac498fd2][bb1fc585-f087-407a-b043-49c06e320521] Generating... 1 ready, 0 failed / 2 total (79s) play_circle 100% [HÀ
2026-09-05T06:41:08.032Z [0d97d457-4186-4172-9ba4-29089b031fe7][bb1fc585-f087-407a-b043-49c06e320521] Start keyframe: "1788442599219_afd35a_60f7c834-1526-409d-b017-21db20795e19_014.png" not in the library yet — uploading it first.
2026-09-05T06:41:09.258Z [4a61a238-c211-45d9-af80-520392d1a6ae][bb1fc585-f087-407a-b043-49c06e320521] Generating... 1 ready, 0 failed / 2 total (58s) [HÀNH ĐỘNG]Bắt đầu đ
2026-09-05T06:41:10.953Z [c4dfccd7-3949-416e-a58d-f5b1ac498fd2][bb1fc585-f087-407a-b043-49c06e320521] Generating... 1 ready, 0 failed / 2 total (82s) [HÀNH ĐỘNG]Bắt đầu đ
2026-09-05T06:41:11.947Z [0d97d457-4186-4172-9ba4-29089b031fe7][bb1fc585-f087-407a-b043-49c06e320521] Start keyframe: uploading "1788442599219_afd35a_60f7c834-1526-409d-b017-21db20795e19_014.png" to the project library...
2026-09-05T06:41:12.279Z [4a61a238-c211-45d9-af80-520392d1a6ae][bb1fc585-f087-407a-b043-49c06e320521] Generating... 2 ready, 0 failed / 2 total (61s)
2026-09-05T06:41:12.280Z [4a61a238-c211-45d9-af80-520392d1a6ae][bb1fc585-f087-407a-b043-49c06e320521] Batch done: 2 ready (target 2), 0 failed, scanned 2.
2026-09-05T06:41:12.280Z [4a61a238-c211-45d9-af80-520392d1a6ae][bb1fc585-f087-407a-b043-49c06e320521] 2 item(s) ready! Downloading...
2026-09-05T06:41:12.281Z [4a61a238-c211-45d9-af80-520392d1a6ae][bb1fc585-f087-407a-b043-49c06e320521] Item 1: no video source on the tile yet — hovering it to mount one.
2026-09-05T06:41:13.175Z [0d97d457-4186-4172-9ba4-29089b031fe7][bb1fc585-f087-407a-b043-49c06e320521] Start keyframe: upload finished ✓
2026-09-05T06:41:13.939Z [4a61a238-c211-45d9-af80-520392d1a6ae][bb1fc585-f087-407a-b043-49c06e320521] Item 1: Downloading from URL https://flow-content.google/video/80d8905d-9160-4869-90e8-085b0ae68a4a?Expires=1788612061&KeyName=labs-flow-prod-cdn-key&Signature=aax864z_SiqGrLctHFEAaAO4TTk
2026-09-05T06:41:13.971Z [c4dfccd7-3949-416e-a58d-f5b1ac498fd2][bb1fc585-f087-407a-b043-49c06e320521] Generating... 2 ready, 0 failed / 2 total (85s)
2026-09-05T06:41:13.971Z [c4dfccd7-3949-416e-a58d-f5b1ac498fd2][bb1fc585-f087-407a-b043-49c06e320521] Batch done: 2 ready (target 2), 0 failed, scanned 2.
2026-09-05T06:41:13.971Z [c4dfccd7-3949-416e-a58d-f5b1ac498fd2][bb1fc585-f087-407a-b043-49c06e320521] 2 item(s) ready! Downloading...
2026-09-05T06:41:13.973Z [c4dfccd7-3949-416e-a58d-f5b1ac498fd2][bb1fc585-f087-407a-b043-49c06e320521] Item 1: no video source on the tile yet — hovering it to mount one.
2026-09-05T06:41:15.140Z [4a61a238-c211-45d9-af80-520392d1a6ae][bb1fc585-f087-407a-b043-49c06e320521] Downloaded 1/2: video_2026-09-05T06-41-12_01.mp4
2026-09-05T06:41:15.142Z [4a61a238-c211-45d9-af80-520392d1a6ae][bb1fc585-f087-407a-b043-49c06e320521] Item 2: no video source on the tile yet — hovering it to mount one.
2026-09-05T06:41:15.378Z [c4dfccd7-3949-416e-a58d-f5b1ac498fd2][bb1fc585-f087-407a-b043-49c06e320521] Item 1: Downloading from URL https://flow-content.google/video/de4faff1-4e70-4be2-8495-3bf01fadd146?Expires=1788612051&KeyName=labs-flow-prod-cdn-key&Signature=DavdhMTbKY6QpIsXL02dLP9u2pc
2026-09-05T06:41:16.313Z [c4dfccd7-3949-416e-a58d-f5b1ac498fd2][bb1fc585-f087-407a-b043-49c06e320521] Downloaded 1/2: video_2026-09-05T06-41-13_01.mp4
2026-09-05T06:41:16.314Z [c4dfccd7-3949-416e-a58d-f5b1ac498fd2][bb1fc585-f087-407a-b043-49c06e320521] Item 2: no video source on the tile yet — hovering it to mount one.
2026-09-05T06:41:16.883Z [4a61a238-c211-45d9-af80-520392d1a6ae][bb1fc585-f087-407a-b043-49c06e320521] Item 2: Downloading from URL https://flow-content.google/video/767e016d-d89b-461a-80c2-367ab9f999ca?Expires=1788612056&KeyName=labs-flow-prod-cdn-key&Signature=hOZ6kx-QESBC88ZZtsC6NIu0atA
2026-09-05T06:41:17.052Z [4a61a238-c211-45d9-af80-520392d1a6ae][bb1fc585-f087-407a-b043-49c06e320521] Downloaded 2/2: video_2026-09-05T06-41-12_02.mp4
2026-09-05T06:41:17.053Z [4a61a238-c211-45d9-af80-520392d1a6ae][bb1fc585-f087-407a-b043-49c06e320521] ✅ 2 item(s) saved to Downloads/Win AI Toolkit/
2026-09-05T06:41:18.118Z [c4dfccd7-3949-416e-a58d-f5b1ac498fd2][bb1fc585-f087-407a-b043-49c06e320521] Item 2: Downloading from URL https://flow-content.google/video/ab36ef04-1a51-40b0-bbfc-be360fbb6b06?Expires=1788612064&KeyName=labs-flow-prod-cdn-key&Signature=kYpUW-VxWf7X4JHOJwmxfXrHaTo
2026-09-05T06:41:18.840Z [c4dfccd7-3949-416e-a58d-f5b1ac498fd2][bb1fc585-f087-407a-b043-49c06e320521] Downloaded 2/2: video_2026-09-05T06-41-13_02.mp4
2026-09-05T06:41:18.840Z [c4dfccd7-3949-416e-a58d-f5b1ac498fd2][bb1fc585-f087-407a-b043-49c06e320521] ✅ 2 item(s) saved to Downloads/Win AI Toolkit/
2026-09-05T06:41:22.960Z [0d97d457-4186-4172-9ba4-29089b031fe7][bb1fc585-f087-407a-b043-49c06e320521] Start keyframe: start keyframe attached ✓
2026-09-05T06:41:22.968Z [0d97d457-4186-4172-9ba4-29089b031fe7][bb1fc585-f087-407a-b043-49c06e320521] Entering prompt...
2026-09-05T06:41:24.370Z [0d97d457-4186-4172-9ba4-29089b031fe7][bb1fc585-f087-407a-b043-49c06e320521] Prompt is 1126 chars — typing it in 20 chunk(s).
2026-09-05T06:41:34.191Z [0d97d457-4186-4172-9ba4-29089b031fe7][bb1fc585-f087-407a-b043-49c06e320521] Prompt insert attempt 1: editor has 1115 chars (want ~1122) ✓
2026-09-05T06:41:36.084Z [0d97d457-4186-4172-9ba4-29089b031fe7][bb1fc585-f087-407a-b043-49c06e320521] Baseline: 50 pre-existing media tile(s) of 50 mounted (kinds: image,video,video,image,video,video,video,image,video,video,image,video,video,image,video,video,image,image,video,video,image,video,image,video,video,image,video,video,image,video,video,image,video,video,image,video,image,video,video,video,image,video,video,image,video,video,image,video,video,image).
2026-09-05T06:41:38.424Z [0d97d457-4186-4172-9ba4-29089b031fe7][bb1fc585-f087-407a-b043-49c06e320521] [submit] confirmed (editor "What do you want to ", fresh tile=true).
2026-09-05T06:41:38.861Z [0d97d457-4186-4172-9ba4-29089b031fe7][bb1fc585-f087-407a-b043-49c06e320521] Current Workspace project URL: https://flow.google.com/project/c2a607c5-d833-4be1-8108-407b74d4ed85?hl=en
2026-09-05T06:41:38.861Z [0d97d457-4186-4172-9ba4-29089b031fe7][bb1fc585-f087-407a-b043-49c06e320521] Submitted ✓ Detecting batch size...
2026-09-05T06:41:38.876Z [0d97d457-4186-4172-9ba4-29089b031fe7][bb1fc585-f087-407a-b043-49c06e320521] New tile(s) since submit: 0 → 2 (mounted=49)
2026-09-05T06:41:43.031Z [0d97d457-4186-4172-9ba4-29089b031fe7][bb1fc585-f087-407a-b043-49c06e320521] Batch size stabilised at 2 new tile(s)
2026-09-05T06:41:43.031Z [0d97d457-4186-4172-9ba4-29089b031fe7][bb1fc585-f087-407a-b043-49c06e320521] Batch detected: 2 item(s). Generating...
2026-09-05T06:41:43.031Z [0d97d457-4186-4172-9ba4-29089b031fe7][bb1fc585-f087-407a-b043-49c06e320521] Polling for 2 video item(s) (baseline=50, hasUpload=true)...
2026-09-05T06:41:43.049Z [0d97d457-4186-4172-9ba4-29089b031fe7][bb1fc585-f087-407a-b043-49c06e320521] Generating... 0 ready, 0 failed / 2 total (0s) play_circle [HÀNH ĐỘ play_circle [HÀNH ĐỘ
2026-09-05T06:41:46.063Z [0d97d457-4186-4172-9ba4-29089b031fe7][bb1fc585-f087-407a-b043-49c06e320521] Generating... 0 ready, 0 failed / 2 total (3s) play_circle [HÀNH ĐỘ play_circle [HÀNH ĐỘ
2026-09-05T06:41:48.531Z [c86016e2-6e77-42e7-96ac-8ac1b250eb79][bb1fc585-f087-407a-b043-49c06e320521] Item 1 (try 1): 1080p saved via the UI download flow.
2026-09-05T06:41:48.644Z [c86016e2-6e77-42e7-96ac-8ac1b250eb79][bb1fc585-f087-407a-b043-49c06e320521] Item 1: upgraded to 1080p → D:\WINAI\Slow-English-with-Arlo_7_27_cmtlc8wj\video_2026-09-05T06-40-58_01.mp4
2026-09-05T06:41:49.088Z [0d97d457-4186-4172-9ba4-29089b031fe7][bb1fc585-f087-407a-b043-49c06e320521] Generating... 0 ready, 0 failed / 2 total (6s) play_circle 0% [HÀNH play_circle 0% [HÀNH
2026-09-05T06:41:52.110Z [0d97d457-4186-4172-9ba4-29089b031fe7][bb1fc585-f087-407a-b043-49c06e320521] Generating... 0 ready, 0 failed / 2 total (9s) play_circle 2% [HÀNH play_circle 2% [HÀNH
2026-09-05T06:41:55.130Z [0d97d457-4186-4172-9ba4-29089b031fe7][bb1fc585-f087-407a-b043-49c06e320521] Generating... 0 ready, 0 failed / 2 total (12s) play_circle 4% [HÀNH play_circle 4% [HÀNH
2026-09-05T06:41:58.145Z [0d97d457-4186-4172-9ba4-29089b031fe7][bb1fc585-f087-407a-b043-49c06e320521] Generating... 0 ready, 0 failed / 2 total (15s) play_circle 8% [HÀNH play_circle 7% [HÀNH
2026-09-05T06:42:01.170Z [0d97d457-4186-4172-9ba4-29089b031fe7][bb1fc585-f087-407a-b043-49c06e320521] Generating... 0 ready, 0 failed / 2 total (18s) play_circle 10% [HÀN play_circle 10% [HÀN
2026-09-05T06:42:02.709Z [4a61a238-c211-45d9-af80-520392d1a6ae][bb1fc585-f087-407a-b043-49c06e320521] Item 1 (try 1): 1080p saved via the UI download flow.
2026-09-05T06:42:02.772Z [4a61a238-c211-45d9-af80-520392d1a6ae][bb1fc585-f087-407a-b043-49c06e320521] Item 1: upgraded to 1080p → D:\WINAI\Slow-English-with-Arlo_7_28_cmtlc8wj\video_2026-09-05T06-41-12_01.mp4
2026-09-05T06:42:04.196Z [0d97d457-4186-4172-9ba4-29089b031fe7][bb1fc585-f087-407a-b043-49c06e320521] Generating... 0 ready, 0 failed / 2 total (21s) play_circle 13% [HÀN play_circle 13% [HÀN
2026-09-05T06:42:07.223Z [0d97d457-4186-4172-9ba4-29089b031fe7][bb1fc585-f087-407a-b043-49c06e320521] Generating... 0 ready, 0 failed / 2 total (24s) play_circle 16% [HÀN play_circle 16% [HÀN
2026-09-05T06:42:08.327Z [c4dfccd7-3949-416e-a58d-f5b1ac498fd2][bb1fc585-f087-407a-b043-49c06e320521] Item 1 (try 1): 1080p saved via the UI download flow.
2026-09-05T06:42:08.388Z [c4dfccd7-3949-416e-a58d-f5b1ac498fd2][bb1fc585-f087-407a-b043-49c06e320521] Item 1: upgraded to 1080p → D:\WINAI\Slow-English-with-Arlo_7_26_cmtlc8wj\video_2026-09-05T06-41-13_01.mp4
2026-09-05T06:42:10.247Z [0d97d457-4186-4172-9ba4-29089b031fe7][bb1fc585-f087-407a-b043-49c06e320521] Generating... 0 ready, 0 failed / 2 total (27s) play_circle 18% [HÀN play_circle 17% [HÀN
2026-09-05T06:42:13.263Z [0d97d457-4186-4172-9ba4-29089b031fe7][bb1fc585-f087-407a-b043-49c06e320521] Generating... 0 ready, 0 failed / 2 total (30s) play_circle 21% [HÀN play_circle 21% [HÀN
2026-09-05T06:42:16.279Z [0d97d457-4186-4172-9ba4-29089b031fe7][bb1fc585-f087-407a-b043-49c06e320521] Generating... 0 ready, 0 failed / 2 total (33s) play_circle 24% [HÀN play_circle 23% [HÀN
2026-09-05T06:42:19.294Z [0d97d457-4186-4172-9ba4-29089b031fe7][bb1fc585-f087-407a-b043-49c06e320521] Generating... 0 ready, 0 failed / 2 total (36s) play_circle 26% [HÀN play_circle 26% [HÀN
2026-09-05T06:42:22.323Z [0d97d457-4186-4172-9ba4-29089b031fe7][bb1fc585-f087-407a-b043-49c06e320521] Generating... 0 ready, 0 failed / 2 total (39s) play_circle 29% [HÀN play_circle 29% [HÀN
2026-09-05T06:42:25.337Z [0d97d457-4186-4172-9ba4-29089b031fe7][bb1fc585-f087-407a-b043-49c06e320521] Generating... 0 ready, 0 failed / 2 total (42s) play_circle 32% [HÀN play_circle 31% [HÀN
2026-09-05T06:42:28.353Z [0d97d457-4186-4172-9ba4-29089b031fe7][bb1fc585-f087-407a-b043-49c06e320521] Generating... 0 ready, 0 failed / 2 total (45s) play_circle 100% [HÀ play_circle 35% [HÀN
2026-09-05T06:42:31.381Z [0d97d457-4186-4172-9ba4-29089b031fe7][bb1fc585-f087-407a-b043-49c06e320521] Generating... 0 ready, 0 failed / 2 total (48s) play_circle 100% [HÀ play_circle 37% [HÀN
2026-09-05T06:42:33.620Z [c86016e2-6e77-42e7-96ac-8ac1b250eb79][bb1fc585-f087-407a-b043-49c06e320521] Item 2 (try 1): 1080p saved via the UI download flow.
2026-09-05T06:42:33.688Z [c86016e2-6e77-42e7-96ac-8ac1b250eb79][bb1fc585-f087-407a-b043-49c06e320521] Item 2: upgraded to 1080p → D:\WINAI\Slow-English-with-Arlo_7_27_cmtlc8wj\video_2026-09-05T06-40-58_02.mp4
2026-09-05T06:42:33.689Z [c86016e2-6e77-42e7-96ac-8ac1b250eb79][bb1fc585-f087-407a-b043-49c06e320521] Uploading 2 video(s) to Xanh...
2026-09-05T06:42:34.403Z [0d97d457-4186-4172-9ba4-29089b031fe7][bb1fc585-f087-407a-b043-49c06e320521] Generating... 0 ready, 0 failed / 2 total (51s) [HÀNH ĐỘNG]Bắt đầu đ play_circle 100% [HÀ
2026-09-05T06:42:36.318Z [c86016e2-6e77-42e7-96ac-8ac1b250eb79][bb1fc585-f087-407a-b043-49c06e320521] Item 1: Re-uploaded 1080p → https://studio.xanhmedia.vn/uploads/2026-09/1788590556024_790099_bb1fc585-f087-407a-b043-49c06e320521_c86.mp4
2026-09-05T06:42:36.850Z [c86016e2-6e77-42e7-96ac-8ac1b250eb79][bb1fc585-f087-407a-b043-49c06e320521] Item 2: Re-uploaded 1080p → https://studio.xanhmedia.vn/uploads/2026-09/1788590556556_2a15fb_bb1fc585-f087-407a-b043-49c06e320521_c86.mp4
2026-09-05T06:42:36.851Z [c86016e2-6e77-42e7-96ac-8ac1b250eb79][bb1fc585-f087-407a-b043-49c06e320521] ✅ 2 item(s) + 1080p saved to Downloads/Win AI Toolkit/
2026-09-05T06:42:36.855Z [c86016e2-6e77-42e7-96ac-8ac1b250eb79][bb1fc585-f087-407a-b043-49c06e320521] All done (including any 1080p upgrades). Closing Playwright browser context.
2026-09-05T06:42:37.427Z [0d97d457-4186-4172-9ba4-29089b031fe7][bb1fc585-f087-407a-b043-49c06e320521] Generating... 1 ready, 0 failed / 2 total (54s) play_circle 100% [HÀ
2026-09-05T06:42:37.763Z [23fc1722-0c34-4309-95e2-586d8cbbcb51][bb1fc585-f087-407a-b043-49c06e320521] runGeneration starting: task_id=23fc1722-0c34-4309-95e2-586d8cbbcb51, profile_id=bb1fc585-f087-407a-b043-49c06e320521, target_site=google_flow
2026-09-05T06:42:37.764Z [23fc1722-0c34-4309-95e2-586d8cbbcb51][bb1fc585-f087-407a-b043-49c06e320521] Opening Playwright browser with persistent profile cookies...
2026-09-05T06:42:37.764Z [23fc1722-0c34-4309-95e2-586d8cbbcb51][bb1fc585-f087-407a-b043-49c06e320521] Browser engine: winhide (C:\Users\Admin\AppData\Roaming\com.tank.winai\winhide\chrome.exe) [hidden off-screen]
2026-09-05T06:42:37.765Z [23fc1722-0c34-4309-95e2-586d8cbbcb51][bb1fc585-f087-407a-b043-49c06e320521] Launch mode: STEALTH (raw spawn + connectOverCDP)
2026-09-05T06:42:40.210Z [23fc1722-0c34-4309-95e2-586d8cbbcb51][bb1fc585-f087-407a-b043-49c06e320521] Exit IP: 115.74.128.9
2026-09-05T06:42:40.211Z [23fc1722-0c34-4309-95e2-586d8cbbcb51][bb1fc585-f087-407a-b043-49c06e320521] Navigating browser to Google Flow tools page...
2026-09-05T06:42:40.211Z [23fc1722-0c34-4309-95e2-586d8cbbcb51][bb1fc585-f087-407a-b043-49c06e320521] Using existing project URL: https://flow.google.com/project/cae2bf2b-d1b8-40f9-a300-9f2aa6276ea5?hl=en
2026-09-05T06:42:40.472Z [0d97d457-4186-4172-9ba4-29089b031fe7][bb1fc585-f087-407a-b043-49c06e320521] Generating... 2 ready, 0 failed / 2 total (57s)
2026-09-05T06:42:40.472Z [0d97d457-4186-4172-9ba4-29089b031fe7][bb1fc585-f087-407a-b043-49c06e320521] Batch done: 2 ready (target 2), 0 failed, scanned 2.
2026-09-05T06:42:40.473Z [0d97d457-4186-4172-9ba4-29089b031fe7][bb1fc585-f087-407a-b043-49c06e320521] 2 item(s) ready! Downloading...
2026-09-05T06:42:40.474Z [0d97d457-4186-4172-9ba4-29089b031fe7][bb1fc585-f087-407a-b043-49c06e320521] Item 1: no video source on the tile yet — hovering it to mount one.
2026-09-05T06:42:41.068Z [23fc1722-0c34-4309-95e2-586d8cbbcb51][bb1fc585-f087-407a-b043-49c06e320521] Waiting for Google Flow...
2026-09-05T06:42:41.554Z [4a61a238-c211-45d9-af80-520392d1a6ae][bb1fc585-f087-407a-b043-49c06e320521] Item 2 (try 1): 1080p saved via the UI download flow.
2026-09-05T06:42:41.625Z [4a61a238-c211-45d9-af80-520392d1a6ae][bb1fc585-f087-407a-b043-49c06e320521] Item 2: upgraded to 1080p → D:\WINAI\Slow-English-with-Arlo_7_28_cmtlc8wj\video_2026-09-05T06-41-12_02.mp4
2026-09-05T06:42:41.625Z [4a61a238-c211-45d9-af80-520392d1a6ae][bb1fc585-f087-407a-b043-49c06e320521] Uploading 2 video(s) to Xanh...
2026-09-05T06:42:42.298Z [4a61a238-c211-45d9-af80-520392d1a6ae][bb1fc585-f087-407a-b043-49c06e320521] Item 2: Re-uploaded 1080p → https://studio.xanhmedia.vn/uploads/2026-09/1788590562007_29aed3_bb1fc585-f087-407a-b043-49c06e320521_4a6.mp4
2026-09-05T06:42:42.305Z [4a61a238-c211-45d9-af80-520392d1a6ae][bb1fc585-f087-407a-b043-49c06e320521] Item 1: Re-uploaded 1080p → https://studio.xanhmedia.vn/uploads/2026-09/1788590561974_ec5ff5_bb1fc585-f087-407a-b043-49c06e320521_4a6.mp4
2026-09-05T06:42:42.305Z [4a61a238-c211-45d9-af80-520392d1a6ae][bb1fc585-f087-407a-b043-49c06e320521] ✅ 2 item(s) + 1080p saved to Downloads/Win AI Toolkit/
2026-09-05T06:42:42.307Z [4a61a238-c211-45d9-af80-520392d1a6ae][bb1fc585-f087-407a-b043-49c06e320521] All done (including any 1080p upgrades). Closing Playwright browser context.
2026-09-05T06:42:42.711Z [0d97d457-4186-4172-9ba4-29089b031fe7][bb1fc585-f087-407a-b043-49c06e320521] Item 1: Downloading from URL https://flow-content.google/video/79cfb672-2f99-45bb-be87-acf5088cef5d?Expires=1788612148&KeyName=labs-flow-prod-cdn-key&Signature=5i1eDnqv8hVJPx8Io9iBOHJNHOk
2026-09-05T06:42:43.189Z [23fc1722-0c34-4309-95e2-586d8cbbcb51][bb1fc585-f087-407a-b043-49c06e320521] In existing project ✓
2026-09-05T06:42:43.573Z [0d97d457-4186-4172-9ba4-29089b031fe7][bb1fc585-f087-407a-b043-49c06e320521] Downloaded 1/2: video_2026-09-05T06-42-40_01.mp4
2026-09-05T06:42:43.574Z [0d97d457-4186-4172-9ba4-29089b031fe7][bb1fc585-f087-407a-b043-49c06e320521] Item 2: no video source on the tile yet — hovering it to mount one.
2026-09-05T06:42:43.791Z [c3aa0a8c-5cea-482a-8ef4-88fda60beb73][bb1fc585-f087-407a-b043-49c06e320521] runGeneration starting: task_id=c3aa0a8c-5cea-482a-8ef4-88fda60beb73, profile_id=bb1fc585-f087-407a-b043-49c06e320521, target_site=google_flow
2026-09-05T06:42:43.792Z [c3aa0a8c-5cea-482a-8ef4-88fda60beb73][bb1fc585-f087-407a-b043-49c06e320521] Opening Playwright browser with persistent profile cookies...
2026-09-05T06:42:43.792Z [c3aa0a8c-5cea-482a-8ef4-88fda60beb73][bb1fc585-f087-407a-b043-49c06e320521] Browser engine: winhide (C:\Users\Admin\AppData\Roaming\com.tank.winai\winhide\chrome.exe) [hidden off-screen]
2026-09-05T06:42:43.793Z [c3aa0a8c-5cea-482a-8ef4-88fda60beb73][bb1fc585-f087-407a-b043-49c06e320521] Launch mode: STEALTH (raw spawn + connectOverCDP)
2026-09-05T06:42:44.396Z [23fc1722-0c34-4309-95e2-586d8cbbcb51][bb1fc585-f087-407a-b043-49c06e320521] dismissPopups: unresolved overlay(s) ["IFRAME[presentation]|btns="]
2026-09-05T06:42:45.028Z [0d97d457-4186-4172-9ba4-29089b031fe7][bb1fc585-f087-407a-b043-49c06e320521] Item 2: Downloading from URL https://flow-content.google/video/546b4824-9dbb-4c88-bbb9-c8e0eb5642f0?Expires=1788612153&KeyName=labs-flow-prod-cdn-key&Signature=P7TrtwfCnZHjy7gS_AcuGEW4pVE
2026-09-05T06:42:45.560Z [0d97d457-4186-4172-9ba4-29089b031fe7][bb1fc585-f087-407a-b043-49c06e320521] Downloaded 2/2: video_2026-09-05T06-42-40_02.mp4
2026-09-05T06:42:45.560Z [0d97d457-4186-4172-9ba4-29089b031fe7][bb1fc585-f087-407a-b043-49c06e320521] ✅ 2 item(s) saved to Downloads/Win AI Toolkit/
2026-09-05T06:42:45.699Z [c3aa0a8c-5cea-482a-8ef4-88fda60beb73][bb1fc585-f087-407a-b043-49c06e320521] Exit IP: 115.74.128.9
2026-09-05T06:42:45.699Z [c3aa0a8c-5cea-482a-8ef4-88fda60beb73][bb1fc585-f087-407a-b043-49c06e320521] Navigating browser to Google Flow tools page...
2026-09-05T06:42:45.700Z [c3aa0a8c-5cea-482a-8ef4-88fda60beb73][bb1fc585-f087-407a-b043-49c06e320521] Using existing project URL: https://flow.google.com/project/33ca2cc2-c9ff-4bb6-9048-2a7af1dfcfee?hl=en
2026-09-05T06:42:46.816Z [c3aa0a8c-5cea-482a-8ef4-88fda60beb73][bb1fc585-f087-407a-b043-49c06e320521] Waiting for Google Flow...
2026-09-05T06:42:47.394Z [23fc1722-0c34-4309-95e2-586d8cbbcb51][bb1fc585-f087-407a-b043-49c06e320521] Composer ready ✓ (UI language: en)
2026-09-05T06:42:47.431Z [23fc1722-0c34-4309-95e2-586d8cbbcb51][bb1fc585-f087-407a-b043-49c06e320521] dismissPopups: unresolved overlay(s) ["DIV[]|btns=","DIV[]|btns="]
2026-09-05T06:42:47.543Z [23fc1722-0c34-4309-95e2-586d8cbbcb51][bb1fc585-f087-407a-b043-49c06e320521] Agent toggle aria-pressed=false
2026-09-05T06:42:47.543Z [23fc1722-0c34-4309-95e2-586d8cbbcb51][bb1fc585-f087-407a-b043-49c06e320521] Opening settings...
2026-09-05T06:42:48.110Z [c4dfccd7-3949-416e-a58d-f5b1ac498fd2][bb1fc585-f087-407a-b043-49c06e320521] Item 2 (try 1): 1080p saved via the UI download flow.
2026-09-05T06:42:48.279Z [c4dfccd7-3949-416e-a58d-f5b1ac498fd2][bb1fc585-f087-407a-b043-49c06e320521] Item 2: upgraded to 1080p → D:\WINAI\Slow-English-with-Arlo_7_26_cmtlc8wj\video_2026-09-05T06-41-13_02.mp4
2026-09-05T06:42:48.280Z [c4dfccd7-3949-416e-a58d-f5b1ac498fd2][bb1fc585-f087-407a-b043-49c06e320521] Uploading 2 video(s) to Xanh...
2026-09-05T06:42:48.530Z [c3aa0a8c-5cea-482a-8ef4-88fda60beb73][bb1fc585-f087-407a-b043-49c06e320521] In existing project ✓
2026-09-05T06:42:48.856Z [c4dfccd7-3949-416e-a58d-f5b1ac498fd2][bb1fc585-f087-407a-b043-49c06e320521] Item 2: Re-uploaded 1080p → https://studio.xanhmedia.vn/uploads/2026-09/1788590568562_d72f94_bb1fc585-f087-407a-b043-49c06e320521_c4d.mp4
2026-09-05T06:42:49.596Z [23fc1722-0c34-4309-95e2-586d8cbbcb51][bb1fc585-f087-407a-b043-49c06e320521] Configuring video settings...
2026-09-05T06:42:49.604Z [c3aa0a8c-5cea-482a-8ef4-88fda60beb73][bb1fc585-f087-407a-b043-49c06e320521] dismissPopups: unresolved overlay(s) ["IFRAME[presentation]|btns="]
2026-09-05T06:42:49.633Z [23fc1722-0c34-4309-95e2-586d8cbbcb51][bb1fc585-f087-407a-b043-49c06e320521] Mode: "videocam Video" already selected ✓
2026-09-05T06:42:52.180Z [c4dfccd7-3949-416e-a58d-f5b1ac498fd2][bb1fc585-f087-407a-b043-49c06e320521] Item 1: Re-uploaded 1080p → https://studio.xanhmedia.vn/uploads/2026-09/1788590571884_c37def_bb1fc585-f087-407a-b043-49c06e320521_c4d.mp4
2026-09-05T06:42:52.181Z [c4dfccd7-3949-416e-a58d-f5b1ac498fd2][bb1fc585-f087-407a-b043-49c06e320521] ✅ 2 item(s) + 1080p saved to Downloads/Win AI Toolkit/
2026-09-05T06:42:52.184Z [c4dfccd7-3949-416e-a58d-f5b1ac498fd2][bb1fc585-f087-407a-b043-49c06e320521] All done (including any 1080p upgrades). Closing Playwright browser context.
2026-09-05T06:42:52.267Z [23fc1722-0c34-4309-95e2-586d8cbbcb51][bb1fc585-f087-407a-b043-49c06e320521] Video type: selected "crop_free Frames" ✓
2026-09-05T06:42:52.861Z [c3aa0a8c-5cea-482a-8ef4-88fda60beb73][bb1fc585-f087-407a-b043-49c06e320521] Composer ready ✓ (UI language: en)
2026-09-05T06:42:52.878Z [c3aa0a8c-5cea-482a-8ef4-88fda60beb73][bb1fc585-f087-407a-b043-49c06e320521] dismissPopups: unresolved overlay(s) ["DIV[]|btns=","DIV[]|btns="]
2026-09-05T06:42:52.911Z [c3aa0a8c-5cea-482a-8ef4-88fda60beb73][bb1fc585-f087-407a-b043-49c06e320521] Agent toggle aria-pressed=false
2026-09-05T06:42:52.912Z [c3aa0a8c-5cea-482a-8ef4-88fda60beb73][bb1fc585-f087-407a-b043-49c06e320521] Opening settings...
2026-09-05T06:42:52.920Z [242a9bd9-4ab0-4992-9ace-27c78806ca65][bb1fc585-f087-407a-b043-49c06e320521] runGeneration starting: task_id=242a9bd9-4ab0-4992-9ace-27c78806ca65, profile_id=bb1fc585-f087-407a-b043-49c06e320521, target_site=google_flow
2026-09-05T06:42:52.921Z [242a9bd9-4ab0-4992-9ace-27c78806ca65][bb1fc585-f087-407a-b043-49c06e320521] Opening Playwright browser with persistent profile cookies...
2026-09-05T06:42:52.922Z [242a9bd9-4ab0-4992-9ace-27c78806ca65][bb1fc585-f087-407a-b043-49c06e320521] Browser engine: winhide (C:\Users\Admin\AppData\Roaming\com.tank.winai\winhide\chrome.exe) [hidden off-screen]
2026-09-05T06:42:52.922Z [242a9bd9-4ab0-4992-9ace-27c78806ca65][bb1fc585-f087-407a-b043-49c06e320521] Launch mode: STEALTH (raw spawn + connectOverCDP)
2026-09-05T06:42:54.820Z [c3aa0a8c-5cea-482a-8ef4-88fda60beb73][bb1fc585-f087-407a-b043-49c06e320521] Configuring video settings...
2026-09-05T06:42:54.846Z [c3aa0a8c-5cea-482a-8ef4-88fda60beb73][bb1fc585-f087-407a-b043-49c06e320521] Mode: "videocam Video" already selected ✓
2026-09-05T06:42:55.152Z [242a9bd9-4ab0-4992-9ace-27c78806ca65][bb1fc585-f087-407a-b043-49c06e320521] Exit IP: 115.74.128.9
2026-09-05T06:42:55.152Z [242a9bd9-4ab0-4992-9ace-27c78806ca65][bb1fc585-f087-407a-b043-49c06e320521] Navigating browser to Google Flow tools page...
2026-09-05T06:42:55.153Z [242a9bd9-4ab0-4992-9ace-27c78806ca65][bb1fc585-f087-407a-b043-49c06e320521] Using existing project URL: https://flow.google.com/project/cd81a7d3-c989-419e-891a-f8694174cb85?hl=en
2026-09-05T06:42:55.974Z [242a9bd9-4ab0-4992-9ace-27c78806ca65][bb1fc585-f087-407a-b043-49c06e320521] Waiting for Google Flow...
2026-09-05T06:42:57.544Z [23fc1722-0c34-4309-95e2-586d8cbbcb51][bb1fc585-f087-407a-b043-49c06e320521] Model: selected "Veo 3.1 - Lite [Lower Priority]" ✓
2026-09-05T06:42:57.924Z [c3aa0a8c-5cea-482a-8ef4-88fda60beb73][bb1fc585-f087-407a-b043-49c06e320521] Video type: selected "crop_free Frames" ✓
2026-09-05T06:42:58.397Z [23fc1722-0c34-4309-95e2-586d8cbbcb51][bb1fc585-f087-407a-b043-49c06e320521] Aspect ratio: "crop_16_9 16:9" already selected ✓
2026-09-05T06:42:58.404Z [23fc1722-0c34-4309-95e2-586d8cbbcb51][bb1fc585-f087-407a-b043-49c06e320521] Video resolution: toggle group "Video resolution" not present (model may not offer it) — skipped.
2026-09-05T06:42:58.431Z [23fc1722-0c34-4309-95e2-586d8cbbcb51][bb1fc585-f087-407a-b043-49c06e320521] Duration: "8s" already selected ✓
2026-09-05T06:42:58.456Z [23fc1722-0c34-4309-95e2-586d8cbbcb51][bb1fc585-f087-407a-b043-49c06e320521] Output count: "x2" already selected ✓
2026-09-05T06:42:58.458Z [242a9bd9-4ab0-4992-9ace-27c78806ca65][bb1fc585-f087-407a-b043-49c06e320521] In existing project ✓
2026-09-05T06:42:59.433Z [23fc1722-0c34-4309-95e2-586d8cbbcb51][bb1fc585-f087-407a-b043-49c06e320521] Start keyframe: downloading from URL...
2026-09-05T06:42:59.616Z [23fc1722-0c34-4309-95e2-586d8cbbcb51][bb1fc585-f087-407a-b043-49c06e320521] Downloader: no-proxy request context ready.
2026-09-05T06:42:59.617Z [242a9bd9-4ab0-4992-9ace-27c78806ca65][bb1fc585-f087-407a-b043-49c06e320521] dismissPopups: unresolved overlay(s) ["IFRAME[presentation]|btns="]
2026-09-05T06:42:59.908Z [23fc1722-0c34-4309-95e2-586d8cbbcb51][bb1fc585-f087-407a-b043-49c06e320521] Start keyframe: saved 165528 bytes (image/png) as "1788442589066_52c2e6_60f7c834-1526-409d-b017-21db20795e19_ba4.png"
2026-09-05T06:42:59.944Z [23fc1722-0c34-4309-95e2-586d8cbbcb51][bb1fc585-f087-407a-b043-49c06e320521] Start keyframe: setting start keyframe...
2026-09-05T06:43:02.328Z [242a9bd9-4ab0-4992-9ace-27c78806ca65][bb1fc585-f087-407a-b043-49c06e320521] Composer ready ✓ (UI language: en)
2026-09-05T06:43:02.364Z [242a9bd9-4ab0-4992-9ace-27c78806ca65][bb1fc585-f087-407a-b043-49c06e320521] dismissPopups: unresolved overlay(s) ["DIV[]|btns=","DIV[]|btns="]
2026-09-05T06:43:02.386Z [242a9bd9-4ab0-4992-9ace-27c78806ca65][bb1fc585-f087-407a-b043-49c06e320521] Agent toggle aria-pressed=false
2026-09-05T06:43:02.387Z [242a9bd9-4ab0-4992-9ace-27c78806ca65][bb1fc585-f087-407a-b043-49c06e320521] Opening settings...
2026-09-05T06:43:02.600Z [23fc1722-0c34-4309-95e2-586d8cbbcb51][bb1fc585-f087-407a-b043-49c06e320521] Start keyframe: "1788442589066_52c2e6_60f7c834-1526-409d-b017-21db20795e19_ba4.png" not in the library yet — uploading it first.
2026-09-05T06:43:03.704Z [c3aa0a8c-5cea-482a-8ef4-88fda60beb73][bb1fc585-f087-407a-b043-49c06e320521] Model: selected "Veo 3.1 - Lite [Lower Priority]" ✓
2026-09-05T06:43:04.162Z [242a9bd9-4ab0-4992-9ace-27c78806ca65][bb1fc585-f087-407a-b043-49c06e320521] Configuring video settings...
2026-09-05T06:43:04.187Z [242a9bd9-4ab0-4992-9ace-27c78806ca65][bb1fc585-f087-407a-b043-49c06e320521] Mode: "videocam Video" already selected ✓
2026-09-05T06:43:04.259Z [c3aa0a8c-5cea-482a-8ef4-88fda60beb73][bb1fc585-f087-407a-b043-49c06e320521] Aspect ratio: "crop_16_9 16:9" already selected ✓
2026-09-05T06:43:04.262Z [c3aa0a8c-5cea-482a-8ef4-88fda60beb73][bb1fc585-f087-407a-b043-49c06e320521] Video resolution: toggle group "Video resolution" not present (model may not offer it) — skipped.
2026-09-05T06:43:04.294Z [c3aa0a8c-5cea-482a-8ef4-88fda60beb73][bb1fc585-f087-407a-b043-49c06e320521] Duration: "8s" already selected ✓
2026-09-05T06:43:04.317Z [c3aa0a8c-5cea-482a-8ef4-88fda60beb73][bb1fc585-f087-407a-b043-49c06e320521] Output count: "x2" already selected ✓
2026-09-05T06:43:05.271Z [c3aa0a8c-5cea-482a-8ef4-88fda60beb73][bb1fc585-f087-407a-b043-49c06e320521] Start keyframe: downloading from URL...
2026-09-05T06:43:05.431Z [c3aa0a8c-5cea-482a-8ef4-88fda60beb73][bb1fc585-f087-407a-b043-49c06e320521] Downloader: no-proxy request context ready.
2026-09-05T06:43:05.721Z [c3aa0a8c-5cea-482a-8ef4-88fda60beb73][bb1fc585-f087-407a-b043-49c06e320521] Start keyframe: saved 182096 bytes (image/png) as "1788442700242_40a8e5_60f7c834-1526-409d-b017-21db20795e19_9c3.png"
2026-09-05T06:43:05.737Z [c3aa0a8c-5cea-482a-8ef4-88fda60beb73][bb1fc585-f087-407a-b043-49c06e320521] Start keyframe: setting start keyframe...
2026-09-05T06:43:06.615Z [23fc1722-0c34-4309-95e2-586d8cbbcb51][bb1fc585-f087-407a-b043-49c06e320521] Start keyframe: uploading "1788442589066_52c2e6_60f7c834-1526-409d-b017-21db20795e19_ba4.png" to the project library...
2026-09-05T06:43:06.626Z [242a9bd9-4ab0-4992-9ace-27c78806ca65][bb1fc585-f087-407a-b043-49c06e320521] Video type: selected "crop_free Frames" ✓
2026-09-05T06:43:07.647Z [23fc1722-0c34-4309-95e2-586d8cbbcb51][bb1fc585-f087-407a-b043-49c06e320521] Start keyframe: upload finished ✓
2026-09-05T06:43:07.909Z [c3aa0a8c-5cea-482a-8ef4-88fda60beb73][bb1fc585-f087-407a-b043-49c06e320521] Start keyframe: "1788442700242_40a8e5_60f7c834-1526-409d-b017-21db20795e19_9c3.png" not in the library yet — uploading it first.
2026-09-05T06:43:11.479Z [242a9bd9-4ab0-4992-9ace-27c78806ca65][bb1fc585-f087-407a-b043-49c06e320521] Model: selected "Veo 3.1 - Lite [Lower Priority]" ✓
2026-09-05T06:43:12.471Z [c3aa0a8c-5cea-482a-8ef4-88fda60beb73][bb1fc585-f087-407a-b043-49c06e320521] Start keyframe: uploading "1788442700242_40a8e5_60f7c834-1526-409d-b017-21db20795e19_9c3.png" to the project library...
2026-09-05T06:43:12.502Z [242a9bd9-4ab0-4992-9ace-27c78806ca65][bb1fc585-f087-407a-b043-49c06e320521] Aspect ratio: "crop_16_9 16:9" already selected ✓
2026-09-05T06:43:12.507Z [242a9bd9-4ab0-4992-9ace-27c78806ca65][bb1fc585-f087-407a-b043-49c06e320521] Video resolution: toggle group "Video resolution" not present (model may not offer it) — skipped.
2026-09-05T06:43:12.541Z [242a9bd9-4ab0-4992-9ace-27c78806ca65][bb1fc585-f087-407a-b043-49c06e320521] Duration: "8s" already selected ✓
2026-09-05T06:43:12.569Z [242a9bd9-4ab0-4992-9ace-27c78806ca65][bb1fc585-f087-407a-b043-49c06e320521] Output count: "x2" already selected ✓
2026-09-05T06:43:13.635Z [c3aa0a8c-5cea-482a-8ef4-88fda60beb73][bb1fc585-f087-407a-b043-49c06e320521] Start keyframe: upload finished ✓
2026-09-05T06:43:13.673Z [242a9bd9-4ab0-4992-9ace-27c78806ca65][bb1fc585-f087-407a-b043-49c06e320521] Start keyframe: downloading from URL...
2026-09-05T06:43:13.931Z [242a9bd9-4ab0-4992-9ace-27c78806ca65][bb1fc585-f087-407a-b043-49c06e320521] Downloader: no-proxy request context ready.
2026-09-05T06:43:14.161Z [242a9bd9-4ab0-4992-9ace-27c78806ca65][bb1fc585-f087-407a-b043-49c06e320521] Start keyframe: saved 145137 bytes (image/png) as "1788442810143_ca5d56_60f7c834-1526-409d-b017-21db20795e19_803.png"
2026-09-05T06:43:14.178Z [242a9bd9-4ab0-4992-9ace-27c78806ca65][bb1fc585-f087-407a-b043-49c06e320521] Start keyframe: setting start keyframe...
2026-09-05T06:43:16.263Z [242a9bd9-4ab0-4992-9ace-27c78806ca65][bb1fc585-f087-407a-b043-49c06e320521] Start keyframe: "1788442810143_ca5d56_60f7c834-1526-409d-b017-21db20795e19_803.png" not in the library yet — uploading it first.
2026-09-05T06:43:17.402Z [23fc1722-0c34-4309-95e2-586d8cbbcb51][bb1fc585-f087-407a-b043-49c06e320521] Start keyframe: start keyframe attached ✓
2026-09-05T06:43:17.412Z [23fc1722-0c34-4309-95e2-586d8cbbcb51][bb1fc585-f087-407a-b043-49c06e320521] Entering prompt...
2026-09-05T06:43:18.928Z [23fc1722-0c34-4309-95e2-586d8cbbcb51][bb1fc585-f087-407a-b043-49c06e320521] Prompt is 1025 chars — typing it in 20 chunk(s).
2026-09-05T06:43:20.279Z [242a9bd9-4ab0-4992-9ace-27c78806ca65][bb1fc585-f087-407a-b043-49c06e320521] Start keyframe: uploading "1788442810143_ca5d56_60f7c834-1526-409d-b017-21db20795e19_803.png" to the project library...
2026-09-05T06:43:21.316Z [242a9bd9-4ab0-4992-9ace-27c78806ca65][bb1fc585-f087-407a-b043-49c06e320521] Start keyframe: upload finished ✓
2026-09-05T06:43:22.169Z [c3aa0a8c-5cea-482a-8ef4-88fda60beb73][bb1fc585-f087-407a-b043-49c06e320521] Start keyframe: start keyframe attached ✓
2026-09-05T06:43:22.185Z [c3aa0a8c-5cea-482a-8ef4-88fda60beb73][bb1fc585-f087-407a-b043-49c06e320521] Entering prompt...
2026-09-05T06:43:23.944Z [c3aa0a8c-5cea-482a-8ef4-88fda60beb73][bb1fc585-f087-407a-b043-49c06e320521] Prompt is 1543 chars — typing it in 24 chunk(s).
2026-09-05T06:43:24.965Z [0d97d457-4186-4172-9ba4-29089b031fe7][bb1fc585-f087-407a-b043-49c06e320521] Item 1 (try 1): 1080p saved via the UI download flow.
2026-09-05T06:43:25.039Z [0d97d457-4186-4172-9ba4-29089b031fe7][bb1fc585-f087-407a-b043-49c06e320521] Item 1: upgraded to 1080p → D:\WINAI\Slow-English-with-Arlo_7_29_cmtlc8wj\video_2026-09-05T06-42-40_01.mp4
2026-09-05T06:43:27.970Z [23fc1722-0c34-4309-95e2-586d8cbbcb51][bb1fc585-f087-407a-b043-49c06e320521] Prompt insert attempt 1: editor has 1016 chars (want ~1021) ✓
2026-09-05T06:43:30.121Z [23fc1722-0c34-4309-95e2-586d8cbbcb51][bb1fc585-f087-407a-b043-49c06e320521] Baseline: 48 pre-existing media tile(s) of 48 mounted (kinds: image,video,video,image,video,video,image,video,image,video,video,image,video,video,image,video,video,image,video,video,image,video,video,image,video,video,image,image,image,video,video,image,video,video,image,video,video,image,video,video,image,image,video,image,video,image,video,video).
2026-09-05T06:43:31.719Z [242a9bd9-4ab0-4992-9ace-27c78806ca65][bb1fc585-f087-407a-b043-49c06e320521] Start keyframe: start keyframe attached ✓
2026-09-05T06:43:31.732Z [242a9bd9-4ab0-4992-9ace-27c78806ca65][bb1fc585-f087-407a-b043-49c06e320521] Entering prompt...
2026-09-05T06:43:32.266Z [23fc1722-0c34-4309-95e2-586d8cbbcb51][bb1fc585-f087-407a-b043-49c06e320521] [submit] confirmed (editor "What do you want to ", fresh tile=true).
2026-09-05T06:43:33.065Z [23fc1722-0c34-4309-95e2-586d8cbbcb51][bb1fc585-f087-407a-b043-49c06e320521] Current Workspace project URL: https://flow.google.com/project/cae2bf2b-d1b8-40f9-a300-9f2aa6276ea5?hl=en
2026-09-05T06:43:33.066Z [23fc1722-0c34-4309-95e2-586d8cbbcb51][bb1fc585-f087-407a-b043-49c06e320521] Submitted ✓ Detecting batch size...
2026-09-05T06:43:33.079Z [23fc1722-0c34-4309-95e2-586d8cbbcb51][bb1fc585-f087-407a-b043-49c06e320521] New tile(s) since submit: 0 → 2 (mounted=47)
2026-09-05T06:43:33.371Z [242a9bd9-4ab0-4992-9ace-27c78806ca65][bb1fc585-f087-407a-b043-49c06e320521] Prompt is 1062 chars — typing it in 20 chunk(s).
2026-09-05T06:43:35.367Z [c3aa0a8c-5cea-482a-8ef4-88fda60beb73][bb1fc585-f087-407a-b043-49c06e320521] Prompt insert attempt 1: editor has 1493 chars (want ~1539) ✓
2026-09-05T06:43:37.093Z [c3aa0a8c-5cea-482a-8ef4-88fda60beb73][bb1fc585-f087-407a-b043-49c06e320521] Baseline: 49 pre-existing media tile(s) of 49 mounted (kinds: image,video,video,image,video,video,video,video,video,image,video,video,image,video,video,image,video,video,image,image,video,video,image,video,video,image,video,video,image,video,video,image,video,video,image,video,image,video,video,image,video,video,image,video,video,image,video,video,image).
2026-09-05T06:43:37.245Z [23fc1722-0c34-4309-95e2-586d8cbbcb51][bb1fc585-f087-407a-b043-49c06e320521] Batch size stabilised at 2 new tile(s)
2026-09-05T06:43:37.246Z [23fc1722-0c34-4309-95e2-586d8cbbcb51][bb1fc585-f087-407a-b043-49c06e320521] Batch detected: 2 item(s). Generating...
2026-09-05T06:43:37.246Z [23fc1722-0c34-4309-95e2-586d8cbbcb51][bb1fc585-f087-407a-b043-49c06e320521] Polling for 2 video item(s) (baseline=48, hasUpload=true)...
2026-09-05T06:43:37.261Z [23fc1722-0c34-4309-95e2-586d8cbbcb51][bb1fc585-f087-407a-b043-49c06e320521] Generating... 0 ready, 0 failed / 2 total (0s) play_circle [HÀNH ĐỘ play_circle [HÀNH ĐỘ
2026-09-05T06:43:39.335Z [c3aa0a8c-5cea-482a-8ef4-88fda60beb73][bb1fc585-f087-407a-b043-49c06e320521] [submit] confirmed (editor "What do you want to ", fresh tile=true).
2026-09-05T06:43:40.083Z [c3aa0a8c-5cea-482a-8ef4-88fda60beb73][bb1fc585-f087-407a-b043-49c06e320521] Current Workspace project URL: https://flow.google.com/project/33ca2cc2-c9ff-4bb6-9048-2a7af1dfcfee?hl=en
2026-09-05T06:43:40.084Z [c3aa0a8c-5cea-482a-8ef4-88fda60beb73][bb1fc585-f087-407a-b043-49c06e320521] Submitted ✓ Detecting batch size...
2026-09-05T06:43:40.096Z [c3aa0a8c-5cea-482a-8ef4-88fda60beb73][bb1fc585-f087-407a-b043-49c06e320521] New tile(s) since submit: 0 → 2 (mounted=49)
2026-09-05T06:43:40.287Z [23fc1722-0c34-4309-95e2-586d8cbbcb51][bb1fc585-f087-407a-b043-49c06e320521] Generating... 0 ready, 0 failed / 2 total (3s) play_circle [HÀNH ĐỘ play_circle [HÀNH ĐỘ
2026-09-05T06:43:43.314Z [23fc1722-0c34-4309-95e2-586d8cbbcb51][bb1fc585-f087-407a-b043-49c06e320521] Generating... 0 ready, 0 failed / 2 total (6s) play_circle 0% [HÀNH play_circle 0% [HÀNH
2026-09-05T06:43:43.869Z [242a9bd9-4ab0-4992-9ace-27c78806ca65][bb1fc585-f087-407a-b043-49c06e320521] Prompt insert attempt 1: editor has 1051 chars (want ~1058) ✓
2026-09-05T06:43:44.225Z [c3aa0a8c-5cea-482a-8ef4-88fda60beb73][bb1fc585-f087-407a-b043-49c06e320521] Batch size stabilised at 2 new tile(s)
2026-09-05T06:43:44.226Z [c3aa0a8c-5cea-482a-8ef4-88fda60beb73][bb1fc585-f087-407a-b043-49c06e320521] Batch detected: 2 item(s). Generating...
2026-09-05T06:43:44.226Z [c3aa0a8c-5cea-482a-8ef4-88fda60beb73][bb1fc585-f087-407a-b043-49c06e320521] Polling for 2 video item(s) (baseline=49, hasUpload=true)...
2026-09-05T06:43:44.239Z [c3aa0a8c-5cea-482a-8ef4-88fda60beb73][bb1fc585-f087-407a-b043-49c06e320521] Generating... 0 ready, 0 failed / 2 total (0s) play_circle [HÀNH ĐỘ play_circle [HÀNH ĐỘ
2026-09-05T06:43:45.851Z [242a9bd9-4ab0-4992-9ace-27c78806ca65][bb1fc585-f087-407a-b043-49c06e320521] Baseline: 50 pre-existing media tile(s) of 50 mounted (kinds: image,video,video,image,video,video,image,video,video,image,video,video,image,video,video,image,video,video,image,video,video,image,video,image,video,video,image,video,video,image,video,video,image,video,image,video,video,image,video,video,image,video,video,image,video,image,video,video,image,video).
2026-09-05T06:43:46.337Z [23fc1722-0c34-4309-95e2-586d8cbbcb51][bb1fc585-f087-407a-b043-49c06e320521] Generating... 0 ready, 0 failed / 2 total (9s) play_circle 1% [HÀNH play_circle 2% [HÀNH
2026-09-05T06:43:47.259Z [c3aa0a8c-5cea-482a-8ef4-88fda60beb73][bb1fc585-f087-407a-b043-49c06e320521] Generating... 0 ready, 0 failed / 2 total (3s) play_circle [HÀNH ĐỘ play_circle [HÀNH ĐỘ
2026-09-05T06:43:47.902Z [242a9bd9-4ab0-4992-9ace-27c78806ca65][bb1fc585-f087-407a-b043-49c06e320521] [submit] confirmed (editor "What do you want to ", fresh tile=true).
2026-09-05T06:43:48.498Z [242a9bd9-4ab0-4992-9ace-27c78806ca65][bb1fc585-f087-407a-b043-49c06e320521] Current Workspace project URL: https://flow.google.com/project/cd81a7d3-c989-419e-891a-f8694174cb85?hl=en
2026-09-05T06:43:48.499Z [242a9bd9-4ab0-4992-9ace-27c78806ca65][bb1fc585-f087-407a-b043-49c06e320521] Submitted ✓ Detecting batch size...
2026-09-05T06:43:48.517Z [242a9bd9-4ab0-4992-9ace-27c78806ca65][bb1fc585-f087-407a-b043-49c06e320521] New tile(s) since submit: 0 → 2 (mounted=50)
2026-09-05T06:43:49.352Z [23fc1722-0c34-4309-95e2-586d8cbbcb51][bb1fc585-f087-407a-b043-49c06e320521] Generating... 0 ready, 0 failed / 2 total (12s) play_circle 5% [HÀNH play_circle 5% [HÀNH
2026-09-05T06:43:50.285Z [c3aa0a8c-5cea-482a-8ef4-88fda60beb73][bb1fc585-f087-407a-b043-49c06e320521] Generating... 0 ready, 0 failed / 2 total (6s) play_circle 0% [HÀNH play_circle 0% [HÀNH
2026-09-05T06:43:52.380Z [23fc1722-0c34-4309-95e2-586d8cbbcb51][bb1fc585-f087-407a-b043-49c06e320521] Generating... 0 ready, 0 failed / 2 total (15s) play_circle 8% [HÀNH play_circle 8% [HÀNH
2026-09-05T06:43:52.676Z [242a9bd9-4ab0-4992-9ace-27c78806ca65][bb1fc585-f087-407a-b043-49c06e320521] Batch size stabilised at 2 new tile(s)
2026-09-05T06:43:52.676Z [242a9bd9-4ab0-4992-9ace-27c78806ca65][bb1fc585-f087-407a-b043-49c06e320521] Batch detected: 2 item(s). Generating...
2026-09-05T06:43:52.677Z [242a9bd9-4ab0-4992-9ace-27c78806ca65][bb1fc585-f087-407a-b043-49c06e320521] Polling for 2 video item(s) (baseline=50, hasUpload=true)...
2026-09-05T06:43:52.694Z [242a9bd9-4ab0-4992-9ace-27c78806ca65][bb1fc585-f087-407a-b043-49c06e320521] Generating... 0 ready, 0 failed / 2 total (0s) play_circle [HÀNH ĐỘ play_circle [HÀNH ĐỘ
2026-09-05T06:43:53.304Z [c3aa0a8c-5cea-482a-8ef4-88fda60beb73][bb1fc585-f087-407a-b043-49c06e320521] Generating... 0 ready, 0 failed / 2 total (9s) play_circle 1% [HÀNH play_circle 2% [HÀNH
2026-09-05T06:43:55.393Z [23fc1722-0c34-4309-95e2-586d8cbbcb51][bb1fc585-f087-407a-b043-49c06e320521] Generating... 0 ready, 0 failed / 2 total (18s) play_circle 10% [HÀN play_circle 10% [HÀN
2026-09-05T06:43:55.713Z [242a9bd9-4ab0-4992-9ace-27c78806ca65][bb1fc585-f087-407a-b043-49c06e320521] Generating... 0 ready, 0 failed / 2 total (3s) play_circle [HÀNH ĐỘ play_circle [HÀNH ĐỘ
2026-09-05T06:43:56.326Z [c3aa0a8c-5cea-482a-8ef4-88fda60beb73][bb1fc585-f087-407a-b043-49c06e320521] Generating... 0 ready, 0 failed / 2 total (12s) play_circle 5% [HÀNH play_circle 5% [HÀNH
2026-09-05T06:43:58.421Z [23fc1722-0c34-4309-95e2-586d8cbbcb51][bb1fc585-f087-407a-b043-49c06e320521] Generating... 0 ready, 0 failed / 2 total (21s) play_circle 12% [HÀN play_circle 12% [HÀN
2026-09-05T06:43:58.728Z [242a9bd9-4ab0-4992-9ace-27c78806ca65][bb1fc585-f087-407a-b043-49c06e320521] Generating... 0 ready, 0 failed / 2 total (6s) play_circle 0% [HÀNH play_circle 0% [HÀNH
2026-09-05T06:43:59.344Z [c3aa0a8c-5cea-482a-8ef4-88fda60beb73][bb1fc585-f087-407a-b043-49c06e320521] Generating... 0 ready, 0 failed / 2 total (15s) play_circle 8% [HÀNH play_circle 8% [HÀNH
2026-09-05T06:44:01.442Z [23fc1722-0c34-4309-95e2-586d8cbbcb51][bb1fc585-f087-407a-b043-49c06e320521] Generating... 0 ready, 0 failed / 2 total (24s) play_circle 16% [HÀN play_circle 16% [HÀN
2026-09-05T06:44:01.750Z [242a9bd9-4ab0-4992-9ace-27c78806ca65][bb1fc585-f087-407a-b043-49c06e320521] Generating... 0 ready, 0 failed / 2 total (9s) play_circle 2% [HÀNH play_circle 2% [HÀNH
2026-09-05T06:44:02.152Z [0d97d457-4186-4172-9ba4-29089b031fe7][bb1fc585-f087-407a-b043-49c06e320521] Item 2 (try 1): 1080p saved via the UI download flow.
2026-09-05T06:44:02.257Z [0d97d457-4186-4172-9ba4-29089b031fe7][bb1fc585-f087-407a-b043-49c06e320521] Item 2: upgraded to 1080p → D:\WINAI\Slow-English-with-Arlo_7_29_cmtlc8wj\video_2026-09-05T06-42-40_02.mp4
2026-09-05T06:44:02.257Z [0d97d457-4186-4172-9ba4-29089b031fe7][bb1fc585-f087-407a-b043-49c06e320521] Uploading 2 video(s) to Xanh...
2026-09-05T06:44:02.362Z [c3aa0a8c-5cea-482a-8ef4-88fda60beb73][bb1fc585-f087-407a-b043-49c06e320521] Generating... 0 ready, 0 failed / 2 total (18s) play_circle 10% [HÀN play_circle 11% [HÀN
2026-09-05T06:44:02.809Z [0d97d457-4186-4172-9ba4-29089b031fe7][bb1fc585-f087-407a-b043-49c06e320521] Item 2: Re-uploaded 1080p → https://studio.xanhmedia.vn/uploads/2026-09/1788590642516_87a8a2_bb1fc585-f087-407a-b043-49c06e320521_0d9.mp4
2026-09-05T06:44:04.462Z [23fc1722-0c34-4309-95e2-586d8cbbcb51][bb1fc585-f087-407a-b043-49c06e320521] Generating... 0 ready, 0 failed / 2 total (27s) play_circle 19% [HÀN play_circle 19% [HÀN
2026-09-05T06:44:04.757Z [0d97d457-4186-4172-9ba4-29089b031fe7][bb1fc585-f087-407a-b043-49c06e320521] Item 1: Re-uploaded 1080p → https://studio.xanhmedia.vn/uploads/2026-09/1788590644462_e8b911_bb1fc585-f087-407a-b043-49c06e320521_0d9.mp4
2026-09-05T06:44:04.758Z [0d97d457-4186-4172-9ba4-29089b031fe7][bb1fc585-f087-407a-b043-49c06e320521] ✅ 2 item(s) + 1080p saved to Downloads/Win AI Toolkit/
2026-09-05T06:44:04.760Z [0d97d457-4186-4172-9ba4-29089b031fe7][bb1fc585-f087-407a-b043-49c06e320521] All done (including any 1080p upgrades). Closing Playwright browser context.
2026-09-05T06:44:04.773Z [242a9bd9-4ab0-4992-9ace-27c78806ca65][bb1fc585-f087-407a-b043-49c06e320521] Generating... 0 ready, 0 failed / 2 total (12s) play_circle 5% [HÀNH play_circle 5% [HÀNH
2026-09-05T06:44:04.953Z [2c5e0cd0-dcc1-4a06-88b5-9eb35cf0a031][bb1fc585-f087-407a-b043-49c06e320521] runGeneration starting: task_id=2c5e0cd0-dcc1-4a06-88b5-9eb35cf0a031, profile_id=bb1fc585-f087-407a-b043-49c06e320521, target_site=google_flow
2026-09-05T06:44:04.954Z [2c5e0cd0-dcc1-4a06-88b5-9eb35cf0a031][bb1fc585-f087-407a-b043-49c06e320521] Opening Playwright browser with persistent profile cookies...
2026-09-05T06:44:04.955Z [2c5e0cd0-dcc1-4a06-88b5-9eb35cf0a031][bb1fc585-f087-407a-b043-49c06e320521] Browser engine: winhide (C:\Users\Admin\AppData\Roaming\com.tank.winai\winhide\chrome.exe) [hidden off-screen]
2026-09-05T06:44:04.956Z [2c5e0cd0-dcc1-4a06-88b5-9eb35cf0a031][bb1fc585-f087-407a-b043-49c06e320521] Launch mode: STEALTH (raw spawn + connectOverCDP)
2026-09-05T06:44:05.401Z [c3aa0a8c-5cea-482a-8ef4-88fda60beb73][bb1fc585-f087-407a-b043-49c06e320521] Generating... 0 ready, 0 failed / 2 total (21s) play_circle 13% [HÀN play_circle 13% [HÀN
2026-09-05T06:44:06.869Z [2c5e0cd0-dcc1-4a06-88b5-9eb35cf0a031][bb1fc585-f087-407a-b043-49c06e320521] Exit IP: 115.74.128.9
2026-09-05T06:44:06.870Z [2c5e0cd0-dcc1-4a06-88b5-9eb35cf0a031][bb1fc585-f087-407a-b043-49c06e320521] Navigating browser to Google Flow tools page...
2026-09-05T06:44:06.870Z [2c5e0cd0-dcc1-4a06-88b5-9eb35cf0a031][bb1fc585-f087-407a-b043-49c06e320521] Using existing project URL: https://flow.google.com/project/c2a607c5-d833-4be1-8108-407b74d4ed85?hl=en
2026-09-05T06:44:07.512Z [23fc1722-0c34-4309-95e2-586d8cbbcb51][bb1fc585-f087-407a-b043-49c06e320521] Generating... 0 ready, 0 failed / 2 total (30s) play_circle 22% [HÀN play_circle 22% [HÀN
2026-09-05T06:44:07.692Z [2c5e0cd0-dcc1-4a06-88b5-9eb35cf0a031][bb1fc585-f087-407a-b043-49c06e320521] Waiting for Google Flow...
2026-09-05T06:44:07.801Z [242a9bd9-4ab0-4992-9ace-27c78806ca65][bb1fc585-f087-407a-b043-49c06e320521] Generating... 0 ready, 0 failed / 2 total (15s) play_circle 7% [HÀNH play_circle 7% [HÀNH
2026-09-05T06:44:08.434Z [c3aa0a8c-5cea-482a-8ef4-88fda60beb73][bb1fc585-f087-407a-b043-49c06e320521] Generating... 0 ready, 0 failed / 2 total (24s) play_circle 15% [HÀN play_circle 16% [HÀN
2026-09-05T06:44:09.721Z [2c5e0cd0-dcc1-4a06-88b5-9eb35cf0a031][bb1fc585-f087-407a-b043-49c06e320521] In existing project ✓
2026-09-05T06:44:10.533Z [23fc1722-0c34-4309-95e2-586d8cbbcb51][bb1fc585-f087-407a-b043-49c06e320521] Generating... 0 ready, 0 failed / 2 total (33s) play_circle 23% [HÀN play_circle 23% [HÀN
2026-09-05T06:44:10.826Z [242a9bd9-4ab0-4992-9ace-27c78806ca65][bb1fc585-f087-407a-b043-49c06e320521] Generating... 0 ready, 0 failed / 2 total (18s) play_circle 10% [HÀN play_circle 10% [HÀN
2026-09-05T06:44:10.846Z [2c5e0cd0-dcc1-4a06-88b5-9eb35cf0a031][bb1fc585-f087-407a-b043-49c06e320521] dismissPopups: unresolved overlay(s) ["IFRAME[presentation]|btns="]
2026-09-05T06:44:11.451Z [c3aa0a8c-5cea-482a-8ef4-88fda60beb73][bb1fc585-f087-407a-b043-49c06e320521] Generating... 0 ready, 0 failed / 2 total (27s) play_circle 19% [HÀN play_circle 19% [HÀN
2026-09-05T06:44:13.359Z [2c5e0cd0-dcc1-4a06-88b5-9eb35cf0a031][bb1fc585-f087-407a-b043-49c06e320521] Composer ready ✓ (UI language: en)
2026-09-05T06:44:13.406Z [2c5e0cd0-dcc1-4a06-88b5-9eb35cf0a031][bb1fc585-f087-407a-b043-49c06e320521] dismissPopups: unresolved overlay(s) ["DIV[]|btns=","DIV[]|btns="]
2026-09-05T06:44:13.438Z [2c5e0cd0-dcc1-4a06-88b5-9eb35cf0a031][bb1fc585-f087-407a-b043-49c06e320521] Agent toggle aria-pressed=false
2026-09-05T06:44:13.439Z [2c5e0cd0-dcc1-4a06-88b5-9eb35cf0a031][bb1fc585-f087-407a-b043-49c06e320521] Opening settings...
2026-09-05T06:44:13.610Z [23fc1722-0c34-4309-95e2-586d8cbbcb51][bb1fc585-f087-407a-b043-49c06e320521] Generating... 0 ready, 0 failed / 2 total (36s) play_circle 27% [HÀN play_circle 27% [HÀN
2026-09-05T06:44:13.844Z [242a9bd9-4ab0-4992-9ace-27c78806ca65][bb1fc585-f087-407a-b043-49c06e320521] Generating... 0 ready, 0 failed / 2 total (21s) play_circle 12% [HÀN play_circle 12% [HÀN
2026-09-05T06:44:14.473Z [c3aa0a8c-5cea-482a-8ef4-88fda60beb73][bb1fc585-f087-407a-b043-49c06e320521] Generating... 0 ready, 0 failed / 2 total (30s) play_circle 21% [HÀN play_circle 20% [HÀN
2026-09-05T06:44:14.875Z [2c5e0cd0-dcc1-4a06-88b5-9eb35cf0a031][bb1fc585-f087-407a-b043-49c06e320521] Configuring video settings...
2026-09-05T06:44:14.908Z [2c5e0cd0-dcc1-4a06-88b5-9eb35cf0a031][bb1fc585-f087-407a-b043-49c06e320521] Mode: "videocam Video" already selected ✓
2026-09-05T06:44:16.627Z [23fc1722-0c34-4309-95e2-586d8cbbcb51][bb1fc585-f087-407a-b043-49c06e320521] Generating... 0 ready, 0 failed / 2 total (39s) play_circle 29% [HÀN play_circle 29% [HÀN
2026-09-05T06:44:16.871Z [242a9bd9-4ab0-4992-9ace-27c78806ca65][bb1fc585-f087-407a-b043-49c06e320521] Generating... 0 ready, 0 failed / 2 total (24s) play_circle 16% [HÀN play_circle 16% [HÀN
2026-09-05T06:44:17.491Z [c3aa0a8c-5cea-482a-8ef4-88fda60beb73][bb1fc585-f087-407a-b043-49c06e320521] Generating... 0 ready, 0 failed / 2 total (33s) play_circle 23% [HÀN play_circle 24% [HÀN
2026-09-05T06:44:17.552Z [2c5e0cd0-dcc1-4a06-88b5-9eb35cf0a031][bb1fc585-f087-407a-b043-49c06e320521] Video type: selected "crop_free Frames" ✓
2026-09-05T06:44:19.642Z [23fc1722-0c34-4309-95e2-586d8cbbcb51][bb1fc585-f087-407a-b043-49c06e320521] Generating... 0 ready, 0 failed / 2 total (42s) play_circle 32% [HÀN play_circle 32% [HÀN
2026-09-05T06:44:19.894Z [242a9bd9-4ab0-4992-9ace-27c78806ca65][bb1fc585-f087-407a-b043-49c06e320521] Generating... 0 ready, 0 failed / 2 total (27s) play_circle 17% [HÀN play_circle 18% [HÀN
2026-09-05T06:44:20.510Z [c3aa0a8c-5cea-482a-8ef4-88fda60beb73][bb1fc585-f087-407a-b043-49c06e320521] Generating... 0 ready, 0 failed / 2 total (36s) play_circle 26% [HÀN play_circle 26% [HÀN
2026-09-05T06:44:22.658Z [23fc1722-0c34-4309-95e2-586d8cbbcb51][bb1fc585-f087-407a-b043-49c06e320521] Generating... 0 ready, 0 failed / 2 total (45s) play_circle 100% [HÀ play_circle 100% [HÀ
2026-09-05T06:44:22.872Z [2c5e0cd0-dcc1-4a06-88b5-9eb35cf0a031][bb1fc585-f087-407a-b043-49c06e320521] Model: selected "Veo 3.1 - Lite [Lower Priority]" ✓
2026-09-05T06:44:22.912Z [242a9bd9-4ab0-4992-9ace-27c78806ca65][bb1fc585-f087-407a-b043-49c06e320521] Generating... 0 ready, 0 failed / 2 total (30s) play_circle 21% [HÀN play_circle 21% [HÀN
2026-09-05T06:44:23.515Z [2c5e0cd0-dcc1-4a06-88b5-9eb35cf0a031][bb1fc585-f087-407a-b043-49c06e320521] Aspect ratio: "crop_16_9 16:9" already selected ✓
2026-09-05T06:44:23.521Z [2c5e0cd0-dcc1-4a06-88b5-9eb35cf0a031][bb1fc585-f087-407a-b043-49c06e320521] Video resolution: toggle group "Video resolution" not present (model may not offer it) — skipped.
2026-09-05T06:44:23.527Z [c3aa0a8c-5cea-482a-8ef4-88fda60beb73][bb1fc585-f087-407a-b043-49c06e320521] Generating... 0 ready, 0 failed / 2 total (39s) play_circle 30% [HÀN play_circle 30% [HÀN
2026-09-05T06:44:23.559Z [2c5e0cd0-dcc1-4a06-88b5-9eb35cf0a031][bb1fc585-f087-407a-b043-49c06e320521] Duration: "8s" already selected ✓
2026-09-05T06:44:23.583Z [2c5e0cd0-dcc1-4a06-88b5-9eb35cf0a031][bb1fc585-f087-407a-b043-49c06e320521] Output count: "x2" already selected ✓
2026-09-05T06:44:24.780Z [2c5e0cd0-dcc1-4a06-88b5-9eb35cf0a031][bb1fc585-f087-407a-b043-49c06e320521] Start keyframe: downloading from URL...
2026-09-05T06:44:24.984Z [2c5e0cd0-dcc1-4a06-88b5-9eb35cf0a031][bb1fc585-f087-407a-b043-49c06e320521] Downloader: no-proxy request context ready.
2026-09-05T06:44:25.290Z [2c5e0cd0-dcc1-4a06-88b5-9eb35cf0a031][bb1fc585-f087-407a-b043-49c06e320521] Start keyframe: saved 146145 bytes (image/png) as "1788442807719_b0999e_60f7c834-1526-409d-b017-21db20795e19_272.png"
2026-09-05T06:44:25.309Z [2c5e0cd0-dcc1-4a06-88b5-9eb35cf0a031][bb1fc585-f087-407a-b043-49c06e320521] Start keyframe: setting start keyframe...
2026-09-05T06:44:25.683Z [23fc1722-0c34-4309-95e2-586d8cbbcb51][bb1fc585-f087-407a-b043-49c06e320521] Generating... 0 ready, 0 failed / 2 total (48s) play_circle 100% [HÀ play_circle 100% [HÀ
2026-09-05T06:44:25.927Z [242a9bd9-4ab0-4992-9ace-27c78806ca65][bb1fc585-f087-407a-b043-49c06e320521] Generating... 0 ready, 0 failed / 2 total (33s) play_circle 24% [HÀN play_circle 23% [HÀN
2026-09-05T06:44:26.543Z [c3aa0a8c-5cea-482a-8ef4-88fda60beb73][bb1fc585-f087-407a-b043-49c06e320521] Generating... 0 ready, 0 failed / 2 total (42s) play_circle 33% [HÀN play_circle 32% [HÀN
2026-09-05T06:44:27.133Z [2c5e0cd0-dcc1-4a06-88b5-9eb35cf0a031][bb1fc585-f087-407a-b043-49c06e320521] Start keyframe: "1788442807719_b0999e_60f7c834-1526-409d-b017-21db20795e19_272.png" not in the library yet — uploading it first.
2026-09-05T06:44:28.698Z [23fc1722-0c34-4309-95e2-586d8cbbcb51][bb1fc585-f087-407a-b043-49c06e320521] Generating... 0 ready, 0 failed / 2 total (51s) [HÀNH ĐỘNG]Bắt đầu đ [HÀNH ĐỘNG]Bắt đầu đ
2026-09-05T06:44:28.955Z [242a9bd9-4ab0-4992-9ace-27c78806ca65][bb1fc585-f087-407a-b043-49c06e320521] Generating... 0 ready, 0 failed / 2 total (36s) play_circle 26% [HÀN play_circle 26% [HÀN
2026-09-05T06:44:29.564Z [c3aa0a8c-5cea-482a-8ef4-88fda60beb73][bb1fc585-f087-407a-b043-49c06e320521] Generating... 0 ready, 0 failed / 2 total (45s) play_circle 34% [HÀN play_circle 34% [HÀN
2026-09-05T06:44:30.806Z [2c5e0cd0-dcc1-4a06-88b5-9eb35cf0a031][bb1fc585-f087-407a-b043-49c06e320521] Start keyframe: uploading "1788442807719_b0999e_60f7c834-1526-409d-b017-21db20795e19_272.png" to the project library...
2026-09-05T06:44:31.724Z [23fc1722-0c34-4309-95e2-586d8cbbcb51][bb1fc585-f087-407a-b043-49c06e320521] Generating... 2 ready, 0 failed / 2 total (54s)
2026-09-05T06:44:31.724Z [23fc1722-0c34-4309-95e2-586d8cbbcb51][bb1fc585-f087-407a-b043-49c06e320521] Batch done: 2 ready (target 2), 0 failed, scanned 2.
2026-09-05T06:44:31.724Z [23fc1722-0c34-4309-95e2-586d8cbbcb51][bb1fc585-f087-407a-b043-49c06e320521] 2 item(s) ready! Downloading...
2026-09-05T06:44:31.725Z [23fc1722-0c34-4309-95e2-586d8cbbcb51][bb1fc585-f087-407a-b043-49c06e320521] Item 1: no video source on the tile yet — hovering it to mount one.
2026-09-05T06:44:31.726Z [2c5e0cd0-dcc1-4a06-88b5-9eb35cf0a031][bb1fc585-f087-407a-b043-49c06e320521] Start keyframe: upload finished ✓
2026-09-05T06:44:31.973Z [242a9bd9-4ab0-4992-9ace-27c78806ca65][bb1fc585-f087-407a-b043-49c06e320521] Generating... 0 ready, 0 failed / 2 total (39s) play_circle 29% [HÀN play_circle 29% [HÀN
2026-09-05T06:44:32.583Z [c3aa0a8c-5cea-482a-8ef4-88fda60beb73][bb1fc585-f087-407a-b043-49c06e320521] Generating... 0 ready, 0 failed / 2 total (48s) play_circle 100% [HÀ play_circle 100% [HÀ
2026-09-05T06:44:33.508Z [23fc1722-0c34-4309-95e2-586d8cbbcb51][bb1fc585-f087-407a-b043-49c06e320521] Item 1: Downloading from URL https://flow-content.google/video/a02b617c-4bac-4a4e-ae83-9543bf16d2ab?Expires=1788612262&KeyName=labs-flow-prod-cdn-key&Signature=SHtmFxj6tvL21zU-3r3a3IXI1iM
2026-09-05T06:44:34.940Z [23fc1722-0c34-4309-95e2-586d8cbbcb51][bb1fc585-f087-407a-b043-49c06e320521] Downloaded 1/2: video_2026-09-05T06-44-31_01.mp4
2026-09-05T06:44:34.941Z [23fc1722-0c34-4309-95e2-586d8cbbcb51][bb1fc585-f087-407a-b043-49c06e320521] Item 2: no video source on the tile yet — hovering it to mount one.
2026-09-05T06:44:34.997Z [242a9bd9-4ab0-4992-9ace-27c78806ca65][bb1fc585-f087-407a-b043-49c06e320521] Generating... 0 ready, 0 failed / 2 total (42s) play_circle 31% [HÀN play_circle 31% [HÀN
2026-09-05T06:44:35.603Z [c3aa0a8c-5cea-482a-8ef4-88fda60beb73][bb1fc585-f087-407a-b043-49c06e320521] Generating... 0 ready, 0 failed / 2 total (51s) [HÀNH ĐỘNG]Bắt đầu đ [HÀNH ĐỘNG]Bắt đầu đ
2026-09-05T06:44:36.693Z [23fc1722-0c34-4309-95e2-586d8cbbcb51][bb1fc585-f087-407a-b043-49c06e320521] Item 2: Downloading from URL https://flow-content.google/video/6d7f2c4b-3c18-4d89-8ec7-98eb05c18d5a?Expires=1788612262&KeyName=labs-flow-prod-cdn-key&Signature=AC4aY_Ea1TC1vHHu90L0TequIZg
2026-09-05T06:44:37.125Z [23fc1722-0c34-4309-95e2-586d8cbbcb51][bb1fc585-f087-407a-b043-49c06e320521] Downloaded 2/2: video_2026-09-05T06-44-31_02.mp4
2026-09-05T06:44:37.125Z [23fc1722-0c34-4309-95e2-586d8cbbcb51][bb1fc585-f087-407a-b043-49c06e320521] ✅ 2 item(s) saved to Downloads/Win AI Toolkit/
2026-09-05T06:44:38.014Z [242a9bd9-4ab0-4992-9ace-27c78806ca65][bb1fc585-f087-407a-b043-49c06e320521] Generating... 0 ready, 0 failed / 2 total (45s) play_circle 100% [HÀ play_circle 100% [HÀ
2026-09-05T06:44:38.625Z [c3aa0a8c-5cea-482a-8ef4-88fda60beb73][bb1fc585-f087-407a-b043-49c06e320521] Generating... 2 ready, 0 failed / 2 total (54s)
2026-09-05T06:44:38.625Z [c3aa0a8c-5cea-482a-8ef4-88fda60beb73][bb1fc585-f087-407a-b043-49c06e320521] Batch done: 2 ready (target 2), 0 failed, scanned 2.
2026-09-05T06:44:38.625Z [c3aa0a8c-5cea-482a-8ef4-88fda60beb73][bb1fc585-f087-407a-b043-49c06e320521] 2 item(s) ready! Downloading...
2026-09-05T06:44:38.626Z [c3aa0a8c-5cea-482a-8ef4-88fda60beb73][bb1fc585-f087-407a-b043-49c06e320521] Item 1: no video source on the tile yet — hovering it to mount one.
2026-09-05T06:44:39.943Z [2c5e0cd0-dcc1-4a06-88b5-9eb35cf0a031][bb1fc585-f087-407a-b043-49c06e320521] Start keyframe: start keyframe attached ✓
2026-09-05T06:44:39.958Z [2c5e0cd0-dcc1-4a06-88b5-9eb35cf0a031][bb1fc585-f087-407a-b043-49c06e320521] Entering prompt...
2026-09-05T06:44:40.177Z [c3aa0a8c-5cea-482a-8ef4-88fda60beb73][bb1fc585-f087-407a-b043-49c06e320521] Item 1: Downloading from URL https://flow-content.google/video/390f3592-88a0-4421-96af-bf84d6a87422?Expires=1788612270&KeyName=labs-flow-prod-cdn-key&Signature=2hoD2MhABXhuh3DrgwZ43oV5jaA
2026-09-05T06:44:41.042Z [242a9bd9-4ab0-4992-9ace-27c78806ca65][bb1fc585-f087-407a-b043-49c06e320521] Generating... 0 ready, 0 failed / 2 total (48s) play_circle 100% [HÀ play_circle 100% [HÀ
2026-09-05T06:44:41.228Z [c3aa0a8c-5cea-482a-8ef4-88fda60beb73][bb1fc585-f087-407a-b043-49c06e320521] Downloaded 1/2: video_2026-09-05T06-44-38_01.mp4
2026-09-05T06:44:41.229Z [c3aa0a8c-5cea-482a-8ef4-88fda60beb73][bb1fc585-f087-407a-b043-49c06e320521] Item 2: no video source on the tile yet — hovering it to mount one.
2026-09-05T06:44:41.500Z [2c5e0cd0-dcc1-4a06-88b5-9eb35cf0a031][bb1fc585-f087-407a-b043-49c06e320521] Prompt is 1251 chars — typing it in 22 chunk(s).
2026-09-05T06:44:43.039Z [c3aa0a8c-5cea-482a-8ef4-88fda60beb73][bb1fc585-f087-407a-b043-49c06e320521] Item 2: Downloading from URL https://flow-content.google/video/5e859320-e0c3-4c3c-b9af-711e88cd9dcd?Expires=1788612270&KeyName=labs-flow-prod-cdn-key&Signature=NiAkndXFzL-rvlZHuxR1R6MJVFo
2026-09-05T06:44:43.607Z [c3aa0a8c-5cea-482a-8ef4-88fda60beb73][bb1fc585-f087-407a-b043-49c06e320521] Downloaded 2/2: video_2026-09-05T06-44-38_02.mp4
2026-09-05T06:44:43.607Z [c3aa0a8c-5cea-482a-8ef4-88fda60beb73][bb1fc585-f087-407a-b043-49c06e320521] ✅ 2 item(s) saved to Downloads/Win AI Toolkit/
2026-09-05T06:44:44.062Z [242a9bd9-4ab0-4992-9ace-27c78806ca65][bb1fc585-f087-407a-b043-49c06e320521] Generating... 0 ready, 0 failed / 2 total (51s) play_circle 100% [HÀ [HÀNH ĐỘNG]Bắt đầu đ
2026-09-05T06:44:47.086Z [242a9bd9-4ab0-4992-9ace-27c78806ca65][bb1fc585-f087-407a-b043-49c06e320521] Generating... 2 ready, 0 failed / 2 total (54s)
2026-09-05T06:44:47.086Z [242a9bd9-4ab0-4992-9ace-27c78806ca65][bb1fc585-f087-407a-b043-49c06e320521] Batch done: 2 ready (target 2), 0 failed, scanned 2.
2026-09-05T06:44:47.086Z [242a9bd9-4ab0-4992-9ace-27c78806ca65][bb1fc585-f087-407a-b043-49c06e320521] 2 item(s) ready! Downloading...
2026-09-05T06:44:47.087Z [242a9bd9-4ab0-4992-9ace-27c78806ca65][bb1fc585-f087-407a-b043-49c06e320521] Item 1: no video source on the tile yet — hovering it to mount one.
2026-09-05T06:44:48.953Z [242a9bd9-4ab0-4992-9ace-27c78806ca65][bb1fc585-f087-407a-b043-49c06e320521] Item 1: Downloading from URL https://flow-content.google/video/b24dce8b-8d52-480d-b39a-614991d150df?Expires=1788612277&KeyName=labs-flow-prod-cdn-key&Signature=LDwuSiPWtbEzeGO23GsslnTBR2Q
2026-09-05T06:44:49.811Z [242a9bd9-4ab0-4992-9ace-27c78806ca65][bb1fc585-f087-407a-b043-49c06e320521] Downloaded 1/2: video_2026-09-05T06-44-47_01.mp4
2026-09-05T06:44:49.812Z [242a9bd9-4ab0-4992-9ace-27c78806ca65][bb1fc585-f087-407a-b043-49c06e320521] Item 2: no video source on the tile yet — hovering it to mount one.
2026-09-05T06:44:51.223Z [242a9bd9-4ab0-4992-9ace-27c78806ca65][bb1fc585-f087-407a-b043-49c06e320521] Item 2: Downloading from URL https://flow-content.google/video/c60cd265-d406-4313-a0f2-270d1c032678?Expires=1788612277&KeyName=labs-flow-prod-cdn-key&Signature=U8S_81VApCUL6bZMepFNzw8_CaM
2026-09-05T06:44:51.313Z [2c5e0cd0-dcc1-4a06-88b5-9eb35cf0a031][bb1fc585-f087-407a-b043-49c06e320521] Prompt insert attempt 1: editor has 1222 chars (want ~1247) ✓
2026-09-05T06:44:51.886Z [242a9bd9-4ab0-4992-9ace-27c78806ca65][bb1fc585-f087-407a-b043-49c06e320521] Downloaded 2/2: video_2026-09-05T06-44-47_02.mp4
2026-09-05T06:44:51.886Z [242a9bd9-4ab0-4992-9ace-27c78806ca65][bb1fc585-f087-407a-b043-49c06e320521] ✅ 2 item(s) saved to Downloads/Win AI Toolkit/
2026-09-05T06:44:52.902Z [2c5e0cd0-dcc1-4a06-88b5-9eb35cf0a031][bb1fc585-f087-407a-b043-49c06e320521] Baseline: 50 pre-existing media tile(s) of 50 mounted (kinds: image,video,video,image,video,video,image,video,video,video,image,video,video,image,video,video,image,video,video,image,image,video,video,image,video,image,video,video,image,video,video,image,video,video,image,video,video,image,video,image,video,video,video,image,video,video,image,video,video,image).
2026-09-05T06:44:54.853Z [2c5e0cd0-dcc1-4a06-88b5-9eb35cf0a031][bb1fc585-f087-407a-b043-49c06e320521] [submit] confirmed (editor "What do you want to ", fresh tile=true).
2026-09-05T06:44:55.637Z [2c5e0cd0-dcc1-4a06-88b5-9eb35cf0a031][bb1fc585-f087-407a-b043-49c06e320521] Current Workspace project URL: https://flow.google.com/project/c2a607c5-d833-4be1-8108-407b74d4ed85?hl=en
2026-09-05T06:44:55.637Z [2c5e0cd0-dcc1-4a06-88b5-9eb35cf0a031][bb1fc585-f087-407a-b043-49c06e320521] Submitted ✓ Detecting batch size...
2026-09-05T06:44:55.652Z [2c5e0cd0-dcc1-4a06-88b5-9eb35cf0a031][bb1fc585-f087-407a-b043-49c06e320521] New tile(s) since submit: 0 → 2 (mounted=50)
2026-09-05T06:44:59.825Z [2c5e0cd0-dcc1-4a06-88b5-9eb35cf0a031][bb1fc585-f087-407a-b043-49c06e320521] Batch size stabilised at 2 new tile(s)
2026-09-05T06:44:59.825Z [2c5e0cd0-dcc1-4a06-88b5-9eb35cf0a031][bb1fc585-f087-407a-b043-49c06e320521] Batch detected: 2 item(s). Generating...
2026-09-05T06:44:59.825Z [2c5e0cd0-dcc1-4a06-88b5-9eb35cf0a031][bb1fc585-f087-407a-b043-49c06e320521] Polling for 2 video item(s) (baseline=50, hasUpload=true)...
2026-09-05T06:44:59.841Z [2c5e0cd0-dcc1-4a06-88b5-9eb35cf0a031][bb1fc585-f087-407a-b043-49c06e320521] Generating... 0 ready, 0 failed / 2 total (0s) play_circle [HÀNH ĐỘ play_circle [HÀNH ĐỘ
2026-09-05T06:45:02.857Z [2c5e0cd0-dcc1-4a06-88b5-9eb35cf0a031][bb1fc585-f087-407a-b043-49c06e320521] Generating... 0 ready, 0 failed / 2 total (3s) play_circle [HÀNH ĐỘ play_circle [HÀNH ĐỘ
2026-09-05T06:45:05.875Z [2c5e0cd0-dcc1-4a06-88b5-9eb35cf0a031][bb1fc585-f087-407a-b043-49c06e320521] Generating... 0 ready, 0 failed / 2 total (6s) play_circle 1% [HÀNH play_circle 1% [HÀNH
2026-09-05T06:45:08.896Z [2c5e0cd0-dcc1-4a06-88b5-9eb35cf0a031][bb1fc585-f087-407a-b043-49c06e320521] Generating... 0 ready, 0 failed / 2 total (9s) play_circle 4% [HÀNH play_circle 4% [HÀNH
2026-09-05T06:45:11.917Z [2c5e0cd0-dcc1-4a06-88b5-9eb35cf0a031][bb1fc585-f087-407a-b043-49c06e320521] Generating... 0 ready, 0 failed / 2 total (12s) play_circle 7% [HÀNH play_circle 7% [HÀNH
2026-09-05T06:45:14.941Z [2c5e0cd0-dcc1-4a06-88b5-9eb35cf0a031][bb1fc585-f087-407a-b043-49c06e320521] Generating... 0 ready, 0 failed / 2 total (15s) play_circle 9% [HÀNH play_circle 8% [HÀNH
2026-09-05T06:45:17.964Z [2c5e0cd0-dcc1-4a06-88b5-9eb35cf0a031][bb1fc585-f087-407a-b043-49c06e320521] Generating... 0 ready, 0 failed / 2 total (18s) play_circle 11% [HÀN play_circle 12% [HÀN
2026-09-05T06:45:20.990Z [2c5e0cd0-dcc1-4a06-88b5-9eb35cf0a031][bb1fc585-f087-407a-b043-49c06e320521] Generating... 0 ready, 0 failed / 2 total (21s) play_circle 15% [HÀN play_circle 15% [HÀN
2026-09-05T06:45:22.850Z [23fc1722-0c34-4309-95e2-586d8cbbcb51][bb1fc585-f087-407a-b043-49c06e320521] Item 1 (try 1): 1080p saved via the UI download flow.
2026-09-05T06:45:22.902Z [23fc1722-0c34-4309-95e2-586d8cbbcb51][bb1fc585-f087-407a-b043-49c06e320521] Item 1: upgraded to 1080p → D:\WINAI\Slow-English-with-Arlo_7_30_cmtlc8wk\video_2026-09-05T06-44-31_01.mp4
2026-09-05T06:45:24.007Z [2c5e0cd0-dcc1-4a06-88b5-9eb35cf0a031][bb1fc585-f087-407a-b043-49c06e320521] Generating... 0 ready, 0 failed / 2 total (24s) play_circle 17% [HÀN play_circle 17% [HÀN
2026-09-05T06:45:27.025Z [2c5e0cd0-dcc1-4a06-88b5-9eb35cf0a031][bb1fc585-f087-407a-b043-49c06e320521] Generating... 0 ready, 0 failed / 2 total (27s) play_circle 20% [HÀN play_circle 20% [HÀN
2026-09-05T06:45:30.215Z [2c5e0cd0-dcc1-4a06-88b5-9eb35cf0a031][bb1fc585-f087-407a-b043-49c06e320521] Generating... 0 ready, 0 failed / 2 total (30s) play_circle 24% [HÀN play_circle 24% [HÀN
2026-09-05T06:45:31.422Z [242a9bd9-4ab0-4992-9ace-27c78806ca65][bb1fc585-f087-407a-b043-49c06e320521] Item 1 (try 1): 1080p saved via the UI download flow.
2026-09-05T06:45:31.523Z [242a9bd9-4ab0-4992-9ace-27c78806ca65][bb1fc585-f087-407a-b043-49c06e320521] Item 1: upgraded to 1080p → D:\WINAI\Slow-English-with-Arlo_7_32_cmtlc8wk\video_2026-09-05T06-44-47_01.mp4
2026-09-05T06:45:33.234Z [2c5e0cd0-dcc1-4a06-88b5-9eb35cf0a031][bb1fc585-f087-407a-b043-49c06e320521] Generating... 0 ready, 0 failed / 2 total (33s) play_circle 26% [HÀN play_circle 25% [HÀN
2026-09-05T06:45:36.258Z [2c5e0cd0-dcc1-4a06-88b5-9eb35cf0a031][bb1fc585-f087-407a-b043-49c06e320521] Generating... 0 ready, 0 failed / 2 total (36s) play_circle 28% [HÀN play_circle 28% [HÀN
2026-09-05T06:45:36.758Z [c3aa0a8c-5cea-482a-8ef4-88fda60beb73][bb1fc585-f087-407a-b043-49c06e320521] Item 1 (try 1): 1080p saved via the UI download flow.
2026-09-05T06:45:36.859Z [c3aa0a8c-5cea-482a-8ef4-88fda60beb73][bb1fc585-f087-407a-b043-49c06e320521] Item 1: upgraded to 1080p → D:\WINAI\Slow-English-with-Arlo_7_31_cmtlc8wk\video_2026-09-05T06-44-38_01.mp4
2026-09-05T06:45:39.288Z [2c5e0cd0-dcc1-4a06-88b5-9eb35cf0a031][bb1fc585-f087-407a-b043-49c06e320521] Generating... 0 ready, 0 failed / 2 total (39s) play_circle 32% [HÀN play_circle 31% [HÀN
2026-09-05T06:45:42.319Z [2c5e0cd0-dcc1-4a06-88b5-9eb35cf0a031][bb1fc585-f087-407a-b043-49c06e320521] Generating... 0 ready, 0 failed / 2 total (42s) play_circle 34% [HÀN play_circle 34% [HÀN
2026-09-05T06:45:45.344Z [2c5e0cd0-dcc1-4a06-88b5-9eb35cf0a031][bb1fc585-f087-407a-b043-49c06e320521] Generating... 0 ready, 0 failed / 2 total (46s) play_circle 37% [HÀN
2026-09-05T06:45:48.367Z [2c5e0cd0-dcc1-4a06-88b5-9eb35cf0a031][bb1fc585-f087-407a-b043-49c06e320521] Generating... 0 ready, 0 failed / 2 total (49s) play_circle 39% [HÀN
2026-09-05T06:45:51.390Z [2c5e0cd0-dcc1-4a06-88b5-9eb35cf0a031][bb1fc585-f087-407a-b043-49c06e320521] Generating... 0 ready, 0 failed / 2 total (52s) play_circle 42% [HÀN
2026-09-05T06:45:54.413Z [2c5e0cd0-dcc1-4a06-88b5-9eb35cf0a031][bb1fc585-f087-407a-b043-49c06e320521] Generating... 0 ready, 0 failed / 2 total (55s) play_circle 45% [HÀN
2026-09-05T06:45:57.426Z [2c5e0cd0-dcc1-4a06-88b5-9eb35cf0a031][bb1fc585-f087-407a-b043-49c06e320521] Generating... 0 ready, 0 failed / 2 total (58s) play_circle 100% [HÀ
2026-09-05T06:46:00.439Z [2c5e0cd0-dcc1-4a06-88b5-9eb35cf0a031][bb1fc585-f087-407a-b043-49c06e320521] Generating... 0 ready, 0 failed / 2 total (61s) [HÀNH ĐỘNG]Bắt đầu đ
2026-09-05T06:46:03.457Z [2c5e0cd0-dcc1-4a06-88b5-9eb35cf0a031][bb1fc585-f087-407a-b043-49c06e320521] Generating... 1 ready, 0 failed / 2 total (64s)
2026-09-05T06:46:06.473Z [2c5e0cd0-dcc1-4a06-88b5-9eb35cf0a031][bb1fc585-f087-407a-b043-49c06e320521] Generating... 1 ready, 0 failed / 2 total (67s)
2026-09-05T06:46:07.240Z [23fc1722-0c34-4309-95e2-586d8cbbcb51][bb1fc585-f087-407a-b043-49c06e320521] Item 2 (try 1): 1080p saved via the UI download flow.
2026-09-05T06:46:07.310Z [23fc1722-0c34-4309-95e2-586d8cbbcb51][bb1fc585-f087-407a-b043-49c06e320521] Item 2: upgraded to 1080p → D:\WINAI\Slow-English-with-Arlo_7_30_cmtlc8wk\video_2026-09-05T06-44-31_02.mp4
2026-09-05T06:46:07.311Z [23fc1722-0c34-4309-95e2-586d8cbbcb51][bb1fc585-f087-407a-b043-49c06e320521] Uploading 2 video(s) to Xanh...
2026-09-05T06:46:07.953Z [23fc1722-0c34-4309-95e2-586d8cbbcb51][bb1fc585-f087-407a-b043-49c06e320521] Item 1: Re-uploaded 1080p → https://studio.xanhmedia.vn/uploads/2026-09/1788590767654_7d3b3f_bb1fc585-f087-407a-b043-49c06e320521_23f.mp4
2026-09-05T06:46:09.500Z [2c5e0cd0-dcc1-4a06-88b5-9eb35cf0a031][bb1fc585-f087-407a-b043-49c06e320521] Generating... 1 ready, 0 failed / 2 total (70s)
2026-09-05T06:46:10.623Z [23fc1722-0c34-4309-95e2-586d8cbbcb51][bb1fc585-f087-407a-b043-49c06e320521] Item 2: Re-uploaded 1080p → https://studio.xanhmedia.vn/uploads/2026-09/1788590770324_669ec4_bb1fc585-f087-407a-b043-49c06e320521_23f.mp4
2026-09-05T06:46:10.623Z [23fc1722-0c34-4309-95e2-586d8cbbcb51][bb1fc585-f087-407a-b043-49c06e320521] ✅ 2 item(s) + 1080p saved to Downloads/Win AI Toolkit/
2026-09-05T06:46:10.625Z [23fc1722-0c34-4309-95e2-586d8cbbcb51][bb1fc585-f087-407a-b043-49c06e320521] All done (including any 1080p upgrades). Closing Playwright browser context.
2026-09-05T06:46:11.661Z [ef57fa83-9ec1-400f-9b80-d0f575a6accb][bb1fc585-f087-407a-b043-49c06e320521] runGeneration starting: task_id=ef57fa83-9ec1-400f-9b80-d0f575a6accb, profile_id=bb1fc585-f087-407a-b043-49c06e320521, target_site=google_flow
2026-09-05T06:46:11.662Z [ef57fa83-9ec1-400f-9b80-d0f575a6accb][bb1fc585-f087-407a-b043-49c06e320521] Opening Playwright browser with persistent profile cookies...
2026-09-05T06:46:11.663Z [ef57fa83-9ec1-400f-9b80-d0f575a6accb][bb1fc585-f087-407a-b043-49c06e320521] Browser engine: winhide (C:\Users\Admin\AppData\Roaming\com.tank.winai\winhide\chrome.exe) [hidden off-screen]
2026-09-05T06:46:11.664Z [ef57fa83-9ec1-400f-9b80-d0f575a6accb][bb1fc585-f087-407a-b043-49c06e320521] Launch mode: STEALTH (raw spawn + connectOverCDP)
2026-09-05T06:46:12.545Z [2c5e0cd0-dcc1-4a06-88b5-9eb35cf0a031][bb1fc585-f087-407a-b043-49c06e320521] Generating... 1 ready, 0 failed / 2 total (73s)
2026-09-05T06:46:13.289Z [ef57fa83-9ec1-400f-9b80-d0f575a6accb][bb1fc585-f087-407a-b043-49c06e320521] Exit IP: 115.74.128.9
2026-09-05T06:46:13.290Z [ef57fa83-9ec1-400f-9b80-d0f575a6accb][bb1fc585-f087-407a-b043-49c06e320521] Navigating browser to Google Flow tools page...
2026-09-05T06:46:13.290Z [ef57fa83-9ec1-400f-9b80-d0f575a6accb][bb1fc585-f087-407a-b043-49c06e320521] Using existing project URL: https://flow.google.com/project/cae2bf2b-d1b8-40f9-a300-9f2aa6276ea5?hl=en
2026-09-05T06:46:14.095Z [ef57fa83-9ec1-400f-9b80-d0f575a6accb][bb1fc585-f087-407a-b043-49c06e320521] Waiting for Google Flow...
2026-09-05T06:46:15.362Z [242a9bd9-4ab0-4992-9ace-27c78806ca65][bb1fc585-f087-407a-b043-49c06e320521] Item 2 (try 1): 1080p saved via the UI download flow.
2026-09-05T06:46:15.440Z [242a9bd9-4ab0-4992-9ace-27c78806ca65][bb1fc585-f087-407a-b043-49c06e320521] Item 2: upgraded to 1080p → D:\WINAI\Slow-English-with-Arlo_7_32_cmtlc8wk\video_2026-09-05T06-44-47_02.mp4
2026-09-05T06:46:15.443Z [242a9bd9-4ab0-4992-9ace-27c78806ca65][bb1fc585-f087-407a-b043-49c06e320521] Uploading 2 video(s) to Xanh...
2026-09-05T06:46:15.574Z [2c5e0cd0-dcc1-4a06-88b5-9eb35cf0a031][bb1fc585-f087-407a-b043-49c06e320521] Generating... 1 ready, 0 failed / 2 total (76s)
2026-09-05T06:46:16.113Z [242a9bd9-4ab0-4992-9ace-27c78806ca65][bb1fc585-f087-407a-b043-49c06e320521] Item 1: Re-uploaded 1080p → https://studio.xanhmedia.vn/uploads/2026-09/1788590775813_b3a6bf_bb1fc585-f087-407a-b043-49c06e320521_242.mp4
2026-09-05T06:46:16.218Z [ef57fa83-9ec1-400f-9b80-d0f575a6accb][bb1fc585-f087-407a-b043-49c06e320521] In existing project ✓
2026-09-05T06:46:16.448Z [242a9bd9-4ab0-4992-9ace-27c78806ca65][bb1fc585-f087-407a-b043-49c06e320521] Item 2: Re-uploaded 1080p → https://studio.xanhmedia.vn/uploads/2026-09/1788590776146_ff43b9_bb1fc585-f087-407a-b043-49c06e320521_242.mp4
2026-09-05T06:46:16.449Z [242a9bd9-4ab0-4992-9ace-27c78806ca65][bb1fc585-f087-407a-b043-49c06e320521] ✅ 2 item(s) + 1080p saved to Downloads/Win AI Toolkit/
2026-09-05T06:46:16.452Z [242a9bd9-4ab0-4992-9ace-27c78806ca65][bb1fc585-f087-407a-b043-49c06e320521] All done (including any 1080p upgrades). Closing Playwright browser context.
2026-09-05T06:46:17.139Z [ef57fa83-9ec1-400f-9b80-d0f575a6accb][bb1fc585-f087-407a-b043-49c06e320521] dismissPopups: unresolved overlay(s) ["IFRAME[presentation]|btns="]
2026-09-05T06:46:17.694Z [0f2dce86-79bd-469a-b94b-a7952f42ba9c][bb1fc585-f087-407a-b043-49c06e320521] runGeneration starting: task_id=0f2dce86-79bd-469a-b94b-a7952f42ba9c, profile_id=bb1fc585-f087-407a-b043-49c06e320521, target_site=google_flow
2026-09-05T06:46:17.695Z [0f2dce86-79bd-469a-b94b-a7952f42ba9c][bb1fc585-f087-407a-b043-49c06e320521] Opening Playwright browser with persistent profile cookies...
2026-09-05T06:46:17.695Z [0f2dce86-79bd-469a-b94b-a7952f42ba9c][bb1fc585-f087-407a-b043-49c06e320521] Browser engine: winhide (C:\Users\Admin\AppData\Roaming\com.tank.winai\winhide\chrome.exe) [hidden off-screen]
2026-09-05T06:46:17.696Z [0f2dce86-79bd-469a-b94b-a7952f42ba9c][bb1fc585-f087-407a-b043-49c06e320521] Launch mode: STEALTH (raw spawn + connectOverCDP)
2026-09-05T06:46:18.676Z [2c5e0cd0-dcc1-4a06-88b5-9eb35cf0a031][bb1fc585-f087-407a-b043-49c06e320521] Generating... 1 ready, 0 failed / 2 total (79s)
2026-09-05T06:46:19.636Z [0f2dce86-79bd-469a-b94b-a7952f42ba9c][bb1fc585-f087-407a-b043-49c06e320521] Exit IP: 115.74.128.9
2026-09-05T06:46:19.637Z [0f2dce86-79bd-469a-b94b-a7952f42ba9c][bb1fc585-f087-407a-b043-49c06e320521] Navigating browser to Google Flow tools page...
2026-09-05T06:46:19.638Z [0f2dce86-79bd-469a-b94b-a7952f42ba9c][bb1fc585-f087-407a-b043-49c06e320521] Using existing project URL: https://flow.google.com/project/cd81a7d3-c989-419e-891a-f8694174cb85?hl=en
2026-09-05T06:46:20.647Z [ef57fa83-9ec1-400f-9b80-d0f575a6accb][bb1fc585-f087-407a-b043-49c06e320521] Composer ready ✓ (UI language: en)
2026-09-05T06:46:20.666Z [ef57fa83-9ec1-400f-9b80-d0f575a6accb][bb1fc585-f087-407a-b043-49c06e320521] dismissPopups: unresolved overlay(s) ["DIV[]|btns=","DIV[]|btns="]
2026-09-05T06:46:20.696Z [ef57fa83-9ec1-400f-9b80-d0f575a6accb][bb1fc585-f087-407a-b043-49c06e320521] Agent toggle aria-pressed=false
2026-09-05T06:46:20.698Z [ef57fa83-9ec1-400f-9b80-d0f575a6accb][bb1fc585-f087-407a-b043-49c06e320521] Opening settings...
2026-09-05T06:46:20.841Z [0f2dce86-79bd-469a-b94b-a7952f42ba9c][bb1fc585-f087-407a-b043-49c06e320521] Waiting for Google Flow...
2026-09-05T06:46:21.709Z [2c5e0cd0-dcc1-4a06-88b5-9eb35cf0a031][bb1fc585-f087-407a-b043-49c06e320521] Generating... 1 ready, 0 failed / 2 total (82s)
2026-09-05T06:46:22.546Z [0f2dce86-79bd-469a-b94b-a7952f42ba9c][bb1fc585-f087-407a-b043-49c06e320521] In existing project ✓
2026-09-05T06:46:22.922Z [ef57fa83-9ec1-400f-9b80-d0f575a6accb][bb1fc585-f087-407a-b043-49c06e320521] Configuring video settings...
2026-09-05T06:46:22.952Z [ef57fa83-9ec1-400f-9b80-d0f575a6accb][bb1fc585-f087-407a-b043-49c06e320521] Mode: "videocam Video" already selected ✓
2026-09-05T06:46:23.396Z [0f2dce86-79bd-469a-b94b-a7952f42ba9c][bb1fc585-f087-407a-b043-49c06e320521] dismissPopups: unresolved overlay(s) ["IFRAME[presentation]|btns="]
2026-09-05T06:46:24.725Z [2c5e0cd0-dcc1-4a06-88b5-9eb35cf0a031][bb1fc585-f087-407a-b043-49c06e320521] Generating... 1 ready, 0 failed / 2 total (85s)
2026-09-05T06:46:25.482Z [ef57fa83-9ec1-400f-9b80-d0f575a6accb][bb1fc585-f087-407a-b043-49c06e320521] Video type: selected "crop_free Frames" ✓
2026-09-05T06:46:26.396Z [0f2dce86-79bd-469a-b94b-a7952f42ba9c][bb1fc585-f087-407a-b043-49c06e320521] Composer ready ✓ (UI language: en)
2026-09-05T06:46:26.418Z [0f2dce86-79bd-469a-b94b-a7952f42ba9c][bb1fc585-f087-407a-b043-49c06e320521] dismissPopups: unresolved overlay(s) ["DIV[]|btns=","DIV[]|btns="]
2026-09-05T06:46:26.481Z [0f2dce86-79bd-469a-b94b-a7952f42ba9c][bb1fc585-f087-407a-b043-49c06e320521] Agent toggle aria-pressed=false
2026-09-05T06:46:26.481Z [0f2dce86-79bd-469a-b94b-a7952f42ba9c][bb1fc585-f087-407a-b043-49c06e320521] Opening settings...
2026-09-05T06:46:27.751Z [2c5e0cd0-dcc1-4a06-88b5-9eb35cf0a031][bb1fc585-f087-407a-b043-49c06e320521] Generating... 1 ready, 0 failed / 2 total (88s)
2026-09-05T06:46:28.253Z [0f2dce86-79bd-469a-b94b-a7952f42ba9c][bb1fc585-f087-407a-b043-49c06e320521] Configuring video settings...
2026-09-05T06:46:28.285Z [0f2dce86-79bd-469a-b94b-a7952f42ba9c][bb1fc585-f087-407a-b043-49c06e320521] Mode: "videocam Video" already selected ✓
2026-09-05T06:46:30.771Z [2c5e0cd0-dcc1-4a06-88b5-9eb35cf0a031][bb1fc585-f087-407a-b043-49c06e320521] Generating... 1 ready, 0 failed / 2 total (91s)
2026-09-05T06:46:30.964Z [0f2dce86-79bd-469a-b94b-a7952f42ba9c][bb1fc585-f087-407a-b043-49c06e320521] Video type: selected "crop_free Frames" ✓
2026-09-05T06:46:31.116Z [ef57fa83-9ec1-400f-9b80-d0f575a6accb][bb1fc585-f087-407a-b043-49c06e320521] Model: selected "Veo 3.1 - Lite [Lower Priority]" ✓
2026-09-05T06:46:31.672Z [ef57fa83-9ec1-400f-9b80-d0f575a6accb][bb1fc585-f087-407a-b043-49c06e320521] Aspect ratio: "crop_16_9 16:9" already selected ✓
2026-09-05T06:46:31.678Z [ef57fa83-9ec1-400f-9b80-d0f575a6accb][bb1fc585-f087-407a-b043-49c06e320521] Video resolution: toggle group "Video resolution" not present (model may not offer it) — skipped.
2026-09-05T06:46:31.715Z [ef57fa83-9ec1-400f-9b80-d0f575a6accb][bb1fc585-f087-407a-b043-49c06e320521] Duration: "8s" already selected ✓
2026-09-05T06:46:31.734Z [ef57fa83-9ec1-400f-9b80-d0f575a6accb][bb1fc585-f087-407a-b043-49c06e320521] Output count: "x2" already selected ✓
2026-09-05T06:46:32.725Z [ef57fa83-9ec1-400f-9b80-d0f575a6accb][bb1fc585-f087-407a-b043-49c06e320521] Start keyframe: downloading from URL...
2026-09-05T06:46:32.920Z [ef57fa83-9ec1-400f-9b80-d0f575a6accb][bb1fc585-f087-407a-b043-49c06e320521] Downloader: no-proxy request context ready.
2026-09-05T06:46:33.147Z [ef57fa83-9ec1-400f-9b80-d0f575a6accb][bb1fc585-f087-407a-b043-49c06e320521] Start keyframe: saved 138611 bytes (image/png) as "1788442928882_211058_60f7c834-1526-409d-b017-21db20795e19_b1c.png"
2026-09-05T06:46:33.167Z [ef57fa83-9ec1-400f-9b80-d0f575a6accb][bb1fc585-f087-407a-b043-49c06e320521] Start keyframe: setting start keyframe...
2026-09-05T06:46:33.797Z [2c5e0cd0-dcc1-4a06-88b5-9eb35cf0a031][bb1fc585-f087-407a-b043-49c06e320521] Generating... 1 ready, 0 failed / 2 total (94s)
2026-09-05T06:46:35.446Z [0f2dce86-79bd-469a-b94b-a7952f42ba9c][bb1fc585-f087-407a-b043-49c06e320521] Model: selected "Veo 3.1 - Lite [Lower Priority]" ✓
2026-09-05T06:46:35.706Z [ef57fa83-9ec1-400f-9b80-d0f575a6accb][bb1fc585-f087-407a-b043-49c06e320521] Start keyframe: "1788442928882_211058_60f7c834-1526-409d-b017-21db20795e19_b1c.png" not in the library yet — uploading it first.
2026-09-05T06:46:36.020Z [c3aa0a8c-5cea-482a-8ef4-88fda60beb73][bb1fc585-f087-407a-b043-49c06e320521] Item 2 (try 1): 1080p saved via the UI download flow.
2026-09-05T06:46:36.073Z [c3aa0a8c-5cea-482a-8ef4-88fda60beb73][bb1fc585-f087-407a-b043-49c06e320521] Item 2: upgraded to 1080p → D:\WINAI\Slow-English-with-Arlo_7_31_cmtlc8wk\video_2026-09-05T06-44-38_02.mp4
2026-09-05T06:46:36.073Z [c3aa0a8c-5cea-482a-8ef4-88fda60beb73][bb1fc585-f087-407a-b043-49c06e320521] Uploading 2 video(s) to Xanh...
2026-09-05T06:46:36.153Z [0f2dce86-79bd-469a-b94b-a7952f42ba9c][bb1fc585-f087-407a-b043-49c06e320521] Aspect ratio: "crop_16_9 16:9" already selected ✓
2026-09-05T06:46:36.157Z [0f2dce86-79bd-469a-b94b-a7952f42ba9c][bb1fc585-f087-407a-b043-49c06e320521] Video resolution: toggle group "Video resolution" not present (model may not offer it) — skipped.
2026-09-05T06:46:36.193Z [0f2dce86-79bd-469a-b94b-a7952f42ba9c][bb1fc585-f087-407a-b043-49c06e320521] Duration: "8s" already selected ✓
2026-09-05T06:46:36.216Z [0f2dce86-79bd-469a-b94b-a7952f42ba9c][bb1fc585-f087-407a-b043-49c06e320521] Output count: "x2" already selected ✓
2026-09-05T06:46:36.737Z [c3aa0a8c-5cea-482a-8ef4-88fda60beb73][bb1fc585-f087-407a-b043-49c06e320521] Item 2: Re-uploaded 1080p → https://studio.xanhmedia.vn/uploads/2026-09/1788590796439_df3981_bb1fc585-f087-407a-b043-49c06e320521_c3a.mp4
2026-09-05T06:46:36.817Z [2c5e0cd0-dcc1-4a06-88b5-9eb35cf0a031][bb1fc585-f087-407a-b043-49c06e320521] Generating... 1 ready, 0 failed / 2 total (97s)
2026-09-05T06:46:37.312Z [0f2dce86-79bd-469a-b94b-a7952f42ba9c][bb1fc585-f087-407a-b043-49c06e320521] Start keyframe: downloading from URL...
2026-09-05T06:46:37.502Z [0f2dce86-79bd-469a-b94b-a7952f42ba9c][bb1fc585-f087-407a-b043-49c06e320521] Downloader: no-proxy request context ready.
2026-09-05T06:46:37.737Z [0f2dce86-79bd-469a-b94b-a7952f42ba9c][bb1fc585-f087-407a-b043-49c06e320521] Start keyframe: saved 156856 bytes (image/png) as "1788443010028_244829_60f7c834-1526-409d-b017-21db20795e19_dd3.png"
2026-09-05T06:46:37.753Z [0f2dce86-79bd-469a-b94b-a7952f42ba9c][bb1fc585-f087-407a-b043-49c06e320521] Start keyframe: setting start keyframe...
2026-09-05T06:46:39.554Z [0f2dce86-79bd-469a-b94b-a7952f42ba9c][bb1fc585-f087-407a-b043-49c06e320521] Start keyframe: "1788443010028_244829_60f7c834-1526-409d-b017-21db20795e19_dd3.png" not in the library yet — uploading it first.
2026-09-05T06:46:39.598Z [ef57fa83-9ec1-400f-9b80-d0f575a6accb][bb1fc585-f087-407a-b043-49c06e320521] Start keyframe: uploading "1788442928882_211058_60f7c834-1526-409d-b017-21db20795e19_b1c.png" to the project library...
2026-09-05T06:46:39.836Z [2c5e0cd0-dcc1-4a06-88b5-9eb35cf0a031][bb1fc585-f087-407a-b043-49c06e320521] Generating... 1 ready, 0 failed / 2 total (100s)
2026-09-05T06:46:39.839Z [c3aa0a8c-5cea-482a-8ef4-88fda60beb73][bb1fc585-f087-407a-b043-49c06e320521] Item 1: Re-uploaded 1080p → https://studio.xanhmedia.vn/uploads/2026-09/1788590799537_512f5b_bb1fc585-f087-407a-b043-49c06e320521_c3a.mp4
2026-09-05T06:46:39.839Z [c3aa0a8c-5cea-482a-8ef4-88fda60beb73][bb1fc585-f087-407a-b043-49c06e320521] ✅ 2 item(s) + 1080p saved to Downloads/Win AI Toolkit/
2026-09-05T06:46:39.842Z [c3aa0a8c-5cea-482a-8ef4-88fda60beb73][bb1fc585-f087-407a-b043-49c06e320521] All done (including any 1080p upgrades). Closing Playwright browser context.
2026-09-05T06:46:40.262Z [08a7ec84-9c75-472a-ac9f-8de77a713041][bb1fc585-f087-407a-b043-49c06e320521] runGeneration starting: task_id=08a7ec84-9c75-472a-ac9f-8de77a713041, profile_id=bb1fc585-f087-407a-b043-49c06e320521, target_site=google_flow
2026-09-05T06:46:40.263Z [08a7ec84-9c75-472a-ac9f-8de77a713041][bb1fc585-f087-407a-b043-49c06e320521] Opening Playwright browser with persistent profile cookies...
2026-09-05T06:46:40.264Z [08a7ec84-9c75-472a-ac9f-8de77a713041][bb1fc585-f087-407a-b043-49c06e320521] Browser engine: winhide (C:\Users\Admin\AppData\Roaming\com.tank.winai\winhide\chrome.exe) [hidden off-screen]
2026-09-05T06:46:40.264Z [08a7ec84-9c75-472a-ac9f-8de77a713041][bb1fc585-f087-407a-b043-49c06e320521] Launch mode: STEALTH (raw spawn + connectOverCDP)
2026-09-05T06:46:40.514Z [ef57fa83-9ec1-400f-9b80-d0f575a6accb][bb1fc585-f087-407a-b043-49c06e320521] Start keyframe: upload finished ✓
2026-09-05T06:46:42.110Z [08a7ec84-9c75-472a-ac9f-8de77a713041][bb1fc585-f087-407a-b043-49c06e320521] Exit IP: 115.74.128.9
2026-09-05T06:46:42.110Z [08a7ec84-9c75-472a-ac9f-8de77a713041][bb1fc585-f087-407a-b043-49c06e320521] Navigating browser to Google Flow tools page...
2026-09-05T06:46:42.111Z [08a7ec84-9c75-472a-ac9f-8de77a713041][bb1fc585-f087-407a-b043-49c06e320521] Using existing project URL: https://flow.google.com/project/33ca2cc2-c9ff-4bb6-9048-2a7af1dfcfee?hl=en
2026-09-05T06:46:42.856Z [2c5e0cd0-dcc1-4a06-88b5-9eb35cf0a031][bb1fc585-f087-407a-b043-49c06e320521] Generating... 1 ready, 0 failed / 2 total (103s)
2026-09-05T06:46:42.966Z [08a7ec84-9c75-472a-ac9f-8de77a713041][bb1fc585-f087-407a-b043-49c06e320521] Waiting for Google Flow...
2026-09-05T06:46:43.514Z [0f2dce86-79bd-469a-b94b-a7952f42ba9c][bb1fc585-f087-407a-b043-49c06e320521] Start keyframe: uploading "1788443010028_244829_60f7c834-1526-409d-b017-21db20795e19_dd3.png" to the project library...
2026-09-05T06:46:44.362Z [0f2dce86-79bd-469a-b94b-a7952f42ba9c][bb1fc585-f087-407a-b043-49c06e320521] Start keyframe: upload finished ✓
2026-09-05T06:46:45.272Z [08a7ec84-9c75-472a-ac9f-8de77a713041][bb1fc585-f087-407a-b043-49c06e320521] In existing project ✓
2026-09-05T06:46:45.872Z [2c5e0cd0-dcc1-4a06-88b5-9eb35cf0a031][bb1fc585-f087-407a-b043-49c06e320521] Generating... 1 ready, 0 failed / 2 total (106s)
2026-09-05T06:46:46.185Z [08a7ec84-9c75-472a-ac9f-8de77a713041][bb1fc585-f087-407a-b043-49c06e320521] dismissPopups: unresolved overlay(s) ["IFRAME[presentation]|btns="]
2026-09-05T06:46:48.897Z [2c5e0cd0-dcc1-4a06-88b5-9eb35cf0a031][bb1fc585-f087-407a-b043-49c06e320521] Generating... 1 ready, 0 failed / 2 total (109s)
2026-09-05T06:46:49.419Z [08a7ec84-9c75-472a-ac9f-8de77a713041][bb1fc585-f087-407a-b043-49c06e320521] Composer ready ✓ (UI language: en)
2026-09-05T06:46:49.464Z [08a7ec84-9c75-472a-ac9f-8de77a713041][bb1fc585-f087-407a-b043-49c06e320521] dismissPopups: unresolved overlay(s) ["DIV[]|btns=","DIV[]|btns="]
2026-09-05T06:46:49.489Z [08a7ec84-9c75-472a-ac9f-8de77a713041][bb1fc585-f087-407a-b043-49c06e320521] Agent toggle aria-pressed=false
2026-09-05T06:46:49.489Z [08a7ec84-9c75-472a-ac9f-8de77a713041][bb1fc585-f087-407a-b043-49c06e320521] Opening settings...
2026-09-05T06:46:51.395Z [ef57fa83-9ec1-400f-9b80-d0f575a6accb][bb1fc585-f087-407a-b043-49c06e320521] Start keyframe: start keyframe attached ✓
2026-09-05T06:46:51.406Z [ef57fa83-9ec1-400f-9b80-d0f575a6accb][bb1fc585-f087-407a-b043-49c06e320521] Entering prompt...
2026-09-05T06:46:51.756Z [08a7ec84-9c75-472a-ac9f-8de77a713041][bb1fc585-f087-407a-b043-49c06e320521] Configuring video settings...
2026-09-05T06:46:51.783Z [08a7ec84-9c75-472a-ac9f-8de77a713041][bb1fc585-f087-407a-b043-49c06e320521] Mode: "videocam Video" already selected ✓
2026-09-05T06:46:51.915Z [2c5e0cd0-dcc1-4a06-88b5-9eb35cf0a031][bb1fc585-f087-407a-b043-49c06e320521] Generating... 1 ready, 0 failed / 2 total (112s)
2026-09-05T06:46:52.952Z [ef57fa83-9ec1-400f-9b80-d0f575a6accb][bb1fc585-f087-407a-b043-49c06e320521] Prompt is 1308 chars — typing it in 23 chunk(s).
2026-09-05T06:46:53.047Z [0f2dce86-79bd-469a-b94b-a7952f42ba9c][bb1fc585-f087-407a-b043-49c06e320521] Start keyframe: start keyframe attached ✓
2026-09-05T06:46:53.059Z [0f2dce86-79bd-469a-b94b-a7952f42ba9c][bb1fc585-f087-407a-b043-49c06e320521] Entering prompt...
2026-09-05T06:46:54.222Z [08a7ec84-9c75-472a-ac9f-8de77a713041][bb1fc585-f087-407a-b043-49c06e320521] Video type: selected "crop_free Frames" ✓
2026-09-05T06:46:54.802Z [0f2dce86-79bd-469a-b94b-a7952f42ba9c][bb1fc585-f087-407a-b043-49c06e320521] Prompt is 1081 chars — typing it in 21 chunk(s).
2026-09-05T06:46:54.935Z [2c5e0cd0-dcc1-4a06-88b5-9eb35cf0a031][bb1fc585-f087-407a-b043-49c06e320521] Generating... 1 ready, 0 failed / 2 total (115s)
2026-09-05T06:46:57.952Z [2c5e0cd0-dcc1-4a06-88b5-9eb35cf0a031][bb1fc585-f087-407a-b043-49c06e320521] Generating... 1 ready, 0 failed / 2 total (118s)
2026-09-05T06:46:59.263Z [08a7ec84-9c75-472a-ac9f-8de77a713041][bb1fc585-f087-407a-b043-49c06e320521] Model: selected "Veo 3.1 - Lite [Lower Priority]" ✓
2026-09-05T06:46:59.832Z [08a7ec84-9c75-472a-ac9f-8de77a713041][bb1fc585-f087-407a-b043-49c06e320521] Aspect ratio: "crop_16_9 16:9" already selected ✓
2026-09-05T06:46:59.835Z [08a7ec84-9c75-472a-ac9f-8de77a713041][bb1fc585-f087-407a-b043-49c06e320521] Video resolution: toggle group "Video resolution" not present (model may not offer it) — skipped.
2026-09-05T06:46:59.864Z [08a7ec84-9c75-472a-ac9f-8de77a713041][bb1fc585-f087-407a-b043-49c06e320521] Duration: "8s" already selected ✓
2026-09-05T06:46:59.882Z [08a7ec84-9c75-472a-ac9f-8de77a713041][bb1fc585-f087-407a-b043-49c06e320521] Output count: "x2" already selected ✓
2026-09-05T06:47:00.822Z [08a7ec84-9c75-472a-ac9f-8de77a713041][bb1fc585-f087-407a-b043-49c06e320521] Start keyframe: downloading from URL...
2026-09-05T06:47:00.974Z [2c5e0cd0-dcc1-4a06-88b5-9eb35cf0a031][bb1fc585-f087-407a-b043-49c06e320521] Generating... 1 ready, 0 failed / 2 total (121s)
2026-09-05T06:47:00.995Z [08a7ec84-9c75-472a-ac9f-8de77a713041][bb1fc585-f087-407a-b043-49c06e320521] Downloader: no-proxy request context ready.
2026-09-05T06:47:01.262Z [08a7ec84-9c75-472a-ac9f-8de77a713041][bb1fc585-f087-407a-b043-49c06e320521] Start keyframe: saved 119227 bytes (image/png) as "1788443124403_b8b565_60f7c834-1526-409d-b017-21db20795e19_cb1.png"
2026-09-05T06:47:01.279Z [08a7ec84-9c75-472a-ac9f-8de77a713041][bb1fc585-f087-407a-b043-49c06e320521] Start keyframe: setting start keyframe...
2026-09-05T06:47:03.446Z [08a7ec84-9c75-472a-ac9f-8de77a713041][bb1fc585-f087-407a-b043-49c06e320521] Start keyframe: "1788443124403_b8b565_60f7c834-1526-409d-b017-21db20795e19_cb1.png" not in the library yet — uploading it first.
2026-09-05T06:47:03.991Z [2c5e0cd0-dcc1-4a06-88b5-9eb35cf0a031][bb1fc585-f087-407a-b043-49c06e320521] Generating... 1 ready, 0 failed / 2 total (124s)
2026-09-05T06:47:04.476Z [ef57fa83-9ec1-400f-9b80-d0f575a6accb][bb1fc585-f087-407a-b043-49c06e320521] Prompt insert attempt 1: editor has 1266 chars (want ~1304) ✓
2026-09-05T06:47:04.756Z [0f2dce86-79bd-469a-b94b-a7952f42ba9c][bb1fc585-f087-407a-b043-49c06e320521] Prompt insert attempt 1: editor has 1070 chars (want ~1077) ✓
2026-09-05T06:47:06.448Z [ef57fa83-9ec1-400f-9b80-d0f575a6accb][bb1fc585-f087-407a-b043-49c06e320521] Baseline: 48 pre-existing media tile(s) of 48 mounted (kinds: image,video,video,image,video,video,image,video,video,image,video,image,video,video,image,video,video,image,video,video,image,video,video,image,video,video,image,video,video,image,image,image,video,video,image,video,video,image,video,video,image,video,video,image,image,video,image,video).
2026-09-05T06:47:06.829Z [0f2dce86-79bd-469a-b94b-a7952f42ba9c][bb1fc585-f087-407a-b043-49c06e320521] Baseline: 50 pre-existing media tile(s) of 50 mounted (kinds: image,video,video,image,video,video,image,video,video,image,video,video,image,video,video,image,video,video,image,video,video,image,video,video,image,video,image,video,video,image,video,video,image,video,video,image,video,image,video,video,image,video,video,image,video,video,image,video,image,video).
2026-09-05T06:47:07.012Z [2c5e0cd0-dcc1-4a06-88b5-9eb35cf0a031][bb1fc585-f087-407a-b043-49c06e320521] Generating... 1 ready, 0 failed / 2 total (127s)
2026-09-05T06:47:07.553Z [08a7ec84-9c75-472a-ac9f-8de77a713041][bb1fc585-f087-407a-b043-49c06e320521] Start keyframe: uploading "1788443124403_b8b565_60f7c834-1526-409d-b017-21db20795e19_cb1.png" to the project library...
2026-09-05T06:47:08.434Z [08a7ec84-9c75-472a-ac9f-8de77a713041][bb1fc585-f087-407a-b043-49c06e320521] Start keyframe: upload finished ✓
2026-09-05T06:47:08.610Z [ef57fa83-9ec1-400f-9b80-d0f575a6accb][bb1fc585-f087-407a-b043-49c06e320521] [submit] confirmed (editor "What do you want to ", fresh tile=true).
2026-09-05T06:47:08.938Z [0f2dce86-79bd-469a-b94b-a7952f42ba9c][bb1fc585-f087-407a-b043-49c06e320521] [submit] confirmed (editor "What do you want to ", fresh tile=true).
2026-09-05T06:47:09.101Z [ef57fa83-9ec1-400f-9b80-d0f575a6accb][bb1fc585-f087-407a-b043-49c06e320521] Current Workspace project URL: https://flow.google.com/project/cae2bf2b-d1b8-40f9-a300-9f2aa6276ea5?hl=en
2026-09-05T06:47:09.102Z [ef57fa83-9ec1-400f-9b80-d0f575a6accb][bb1fc585-f087-407a-b043-49c06e320521] Submitted ✓ Detecting batch size...
2026-09-05T06:47:09.119Z [ef57fa83-9ec1-400f-9b80-d0f575a6accb][bb1fc585-f087-407a-b043-49c06e320521] New tile(s) since submit: 0 → 2 (mounted=48)
2026-09-05T06:47:09.518Z [0f2dce86-79bd-469a-b94b-a7952f42ba9c][bb1fc585-f087-407a-b043-49c06e320521] Current Workspace project URL: https://flow.google.com/project/cd81a7d3-c989-419e-891a-f8694174cb85?hl=en
2026-09-05T06:47:09.518Z [0f2dce86-79bd-469a-b94b-a7952f42ba9c][bb1fc585-f087-407a-b043-49c06e320521] Submitted ✓ Detecting batch size...
2026-09-05T06:47:09.534Z [0f2dce86-79bd-469a-b94b-a7952f42ba9c][bb1fc585-f087-407a-b043-49c06e320521] New tile(s) since submit: 0 → 2 (mounted=50)
2026-09-05T06:47:10.034Z [2c5e0cd0-dcc1-4a06-88b5-9eb35cf0a031][bb1fc585-f087-407a-b043-49c06e320521] Generating... 1 ready, 0 failed / 2 total (130s)
2026-09-05T06:47:13.055Z [2c5e0cd0-dcc1-4a06-88b5-9eb35cf0a031][bb1fc585-f087-407a-b043-49c06e320521] Generating... 1 ready, 0 failed / 2 total (133s)
2026-09-05T06:47:13.287Z [ef57fa83-9ec1-400f-9b80-d0f575a6accb][bb1fc585-f087-407a-b043-49c06e320521] Batch size stabilised at 2 new tile(s)
2026-09-05T06:47:13.287Z [ef57fa83-9ec1-400f-9b80-d0f575a6accb][bb1fc585-f087-407a-b043-49c06e320521] Batch detected: 2 item(s). Generating...
2026-09-05T06:47:13.287Z [ef57fa83-9ec1-400f-9b80-d0f575a6accb][bb1fc585-f087-407a-b043-49c06e320521] Polling for 2 video item(s) (baseline=48, hasUpload=true)...
2026-09-05T06:47:13.303Z [ef57fa83-9ec1-400f-9b80-d0f575a6accb][bb1fc585-f087-407a-b043-49c06e320521] Generating... 0 ready, 0 failed / 2 total (0s) play_circle [HÀNH ĐỘ play_circle [HÀNH ĐỘ
2026-09-05T06:47:13.684Z [0f2dce86-79bd-469a-b94b-a7952f42ba9c][bb1fc585-f087-407a-b043-49c06e320521] Batch size stabilised at 2 new tile(s)
2026-09-05T06:47:13.684Z [0f2dce86-79bd-469a-b94b-a7952f42ba9c][bb1fc585-f087-407a-b043-49c06e320521] Batch detected: 2 item(s). Generating...
2026-09-05T06:47:13.684Z [0f2dce86-79bd-469a-b94b-a7952f42ba9c][bb1fc585-f087-407a-b043-49c06e320521] Polling for 2 video item(s) (baseline=50, hasUpload=true)...
2026-09-05T06:47:13.697Z [0f2dce86-79bd-469a-b94b-a7952f42ba9c][bb1fc585-f087-407a-b043-49c06e320521] Generating... 0 ready, 0 failed / 2 total (0s) play_circle [HÀNH ĐỘ play_circle [HÀNH ĐỘ
2026-09-05T06:47:16.074Z [2c5e0cd0-dcc1-4a06-88b5-9eb35cf0a031][bb1fc585-f087-407a-b043-49c06e320521] Generating... 1 ready, 0 failed / 2 total (136s)
2026-09-05T06:47:16.321Z [ef57fa83-9ec1-400f-9b80-d0f575a6accb][bb1fc585-f087-407a-b043-49c06e320521] Generating... 0 ready, 0 failed / 2 total (3s) play_circle [HÀNH ĐỘ play_circle [HÀNH ĐỘ
2026-09-05T06:47:16.714Z [0f2dce86-79bd-469a-b94b-a7952f42ba9c][bb1fc585-f087-407a-b043-49c06e320521] Generating... 0 ready, 0 failed / 2 total (3s) play_circle [HÀNH ĐỘ play_circle [HÀNH ĐỘ
2026-09-05T06:47:16.916Z [08a7ec84-9c75-472a-ac9f-8de77a713041][bb1fc585-f087-407a-b043-49c06e320521] Start keyframe: start keyframe attached ✓
2026-09-05T06:47:16.931Z [08a7ec84-9c75-472a-ac9f-8de77a713041][bb1fc585-f087-407a-b043-49c06e320521] Entering prompt...
2026-09-05T06:47:18.633Z [08a7ec84-9c75-472a-ac9f-8de77a713041][bb1fc585-f087-407a-b043-49c06e320521] Prompt is 982 chars — typing it in 20 chunk(s).
2026-09-05T06:47:19.092Z [2c5e0cd0-dcc1-4a06-88b5-9eb35cf0a031][bb1fc585-f087-407a-b043-49c06e320521] Generating... 1 ready, 0 failed / 2 total (139s)
2026-09-05T06:47:19.438Z [ef57fa83-9ec1-400f-9b80-d0f575a6accb][bb1fc585-f087-407a-b043-49c06e320521] Generating... 0 ready, 0 failed / 2 total (6s) play_circle 0% [HÀNH play_circle 0% [HÀNH
2026-09-05T06:47:19.735Z [0f2dce86-79bd-469a-b94b-a7952f42ba9c][bb1fc585-f087-407a-b043-49c06e320521] Generating... 0 ready, 0 failed / 2 total (6s) play_circle 0% [HÀNH play_circle 0% [HÀNH
2026-09-05T06:47:22.114Z [2c5e0cd0-dcc1-4a06-88b5-9eb35cf0a031][bb1fc585-f087-407a-b043-49c06e320521] Generating... 1 ready, 0 failed / 2 total (142s)
2026-09-05T06:47:22.463Z [ef57fa83-9ec1-400f-9b80-d0f575a6accb][bb1fc585-f087-407a-b043-49c06e320521] Generating... 0 ready, 0 failed / 2 total (9s) play_circle 1% [HÀNH play_circle 1% [HÀNH
2026-09-05T06:47:22.754Z [0f2dce86-79bd-469a-b94b-a7952f42ba9c][bb1fc585-f087-407a-b043-49c06e320521] Generating... 0 ready, 0 failed / 2 total (9s) play_circle 3% [HÀNH play_circle 3% [HÀNH
2026-09-05T06:47:25.133Z [2c5e0cd0-dcc1-4a06-88b5-9eb35cf0a031][bb1fc585-f087-407a-b043-49c06e320521] Generating... 1 ready, 0 failed / 2 total (145s)
2026-09-05T06:47:25.487Z [ef57fa83-9ec1-400f-9b80-d0f575a6accb][bb1fc585-f087-407a-b043-49c06e320521] Generating... 0 ready, 0 failed / 2 total (12s) play_circle 5% [HÀNH play_circle 5% [HÀNH
2026-09-05T06:47:25.779Z [0f2dce86-79bd-469a-b94b-a7952f42ba9c][bb1fc585-f087-407a-b043-49c06e320521] Generating... 0 ready, 0 failed / 2 total (12s) play_circle 5% [HÀNH play_circle 5% [HÀNH
2026-09-05T06:47:27.986Z [08a7ec84-9c75-472a-ac9f-8de77a713041][bb1fc585-f087-407a-b043-49c06e320521] Prompt insert attempt 1: editor has 973 chars (want ~978) ✓
2026-09-05T06:47:28.151Z [2c5e0cd0-dcc1-4a06-88b5-9eb35cf0a031][bb1fc585-f087-407a-b043-49c06e320521] Generating... 1 ready, 0 failed / 2 total (148s)
2026-09-05T06:47:28.504Z [ef57fa83-9ec1-400f-9b80-d0f575a6accb][bb1fc585-f087-407a-b043-49c06e320521] Generating... 0 ready, 0 failed / 2 total (15s) play_circle 7% [HÀNH play_circle 7% [HÀNH
2026-09-05T06:47:28.795Z [0f2dce86-79bd-469a-b94b-a7952f42ba9c][bb1fc585-f087-407a-b043-49c06e320521] Generating... 0 ready, 0 failed / 2 total (15s) play_circle 8% [HÀNH play_circle 8% [HÀNH
2026-09-05T06:47:29.853Z [08a7ec84-9c75-472a-ac9f-8de77a713041][bb1fc585-f087-407a-b043-49c06e320521] Baseline: 50 pre-existing media tile(s) of 50 mounted (kinds: image,video,video,image,video,video,image,video,video,video,video,video,image,video,video,image,video,video,image,video,video,image,image,video,video,image,video,video,image,video,video,image,video,video,image,video,video,image,video,image,video,video,image,video,video,image,video,video,image,video).
2026-09-05T06:47:31.179Z [2c5e0cd0-dcc1-4a06-88b5-9eb35cf0a031][bb1fc585-f087-407a-b043-49c06e320521] Generating... 1 ready, 0 failed / 2 total (151s)
2026-09-05T06:47:31.524Z [ef57fa83-9ec1-400f-9b80-d0f575a6accb][bb1fc585-f087-407a-b043-49c06e320521] Generating... 0 ready, 0 failed / 2 total (18s) play_circle 10% [HÀN play_circle 10% [HÀN
2026-09-05T06:47:31.816Z [0f2dce86-79bd-469a-b94b-a7952f42ba9c][bb1fc585-f087-407a-b043-49c06e320521] Generating... 0 ready, 0 failed / 2 total (18s) play_circle 10% [HÀN play_circle 11% [HÀN
2026-09-05T06:47:32.238Z [08a7ec84-9c75-472a-ac9f-8de77a713041][bb1fc585-f087-407a-b043-49c06e320521] [submit] confirmed (editor "What do you want to ", fresh tile=true).
2026-09-05T06:47:32.923Z [08a7ec84-9c75-472a-ac9f-8de77a713041][bb1fc585-f087-407a-b043-49c06e320521] Current Workspace project URL: https://flow.google.com/project/33ca2cc2-c9ff-4bb6-9048-2a7af1dfcfee?hl=en
2026-09-05T06:47:32.923Z [08a7ec84-9c75-472a-ac9f-8de77a713041][bb1fc585-f087-407a-b043-49c06e320521] Submitted ✓ Detecting batch size...
2026-09-05T06:47:32.939Z [08a7ec84-9c75-472a-ac9f-8de77a713041][bb1fc585-f087-407a-b043-49c06e320521] New tile(s) since submit: 0 → 2 (mounted=49)
2026-09-05T06:47:33.488Z [08a7ec84-9c75-472a-ac9f-8de77a713041][bb1fc585-f087-407a-b043-49c06e320521] New tile(s) since submit: 2 → 0 (mounted=49)
2026-09-05T06:47:34.194Z [2c5e0cd0-dcc1-4a06-88b5-9eb35cf0a031][bb1fc585-f087-407a-b043-49c06e320521] Generating... 1 ready, 0 failed / 2 total (154s)
2026-09-05T06:47:34.543Z [ef57fa83-9ec1-400f-9b80-d0f575a6accb][bb1fc585-f087-407a-b043-49c06e320521] Generating... 0 ready, 0 failed / 2 total (21s) play_circle 12% [HÀN play_circle 12% [HÀN
2026-09-05T06:47:34.839Z [0f2dce86-79bd-469a-b94b-a7952f42ba9c][bb1fc585-f087-407a-b043-49c06e320521] Generating... 0 ready, 0 failed / 2 total (21s) play_circle 13% [HÀN play_circle 13% [HÀN
2026-09-05T06:47:37.212Z [2c5e0cd0-dcc1-4a06-88b5-9eb35cf0a031][bb1fc585-f087-407a-b043-49c06e320521] Generating... 1 ready, 0 failed / 2 total (157s)
2026-09-05T06:47:37.557Z [ef57fa83-9ec1-400f-9b80-d0f575a6accb][bb1fc585-f087-407a-b043-49c06e320521] Generating... 0 ready, 0 failed / 2 total (24s) play_circle 16% [HÀN play_circle 16% [HÀN
2026-09-05T06:47:37.855Z [0f2dce86-79bd-469a-b94b-a7952f42ba9c][bb1fc585-f087-407a-b043-49c06e320521] Generating... 0 ready, 0 failed / 2 total (24s) play_circle 16% [HÀN play_circle 16% [HÀN
2026-09-05T06:47:40.231Z [2c5e0cd0-dcc1-4a06-88b5-9eb35cf0a031][bb1fc585-f087-407a-b043-49c06e320521] Generating... 1 ready, 0 failed / 2 total (160s)
2026-09-05T06:47:40.571Z [ef57fa83-9ec1-400f-9b80-d0f575a6accb][bb1fc585-f087-407a-b043-49c06e320521] Generating... 0 ready, 0 failed / 2 total (27s) play_circle 19% [HÀN play_circle 19% [HÀN
2026-09-05T06:47:40.869Z [0f2dce86-79bd-469a-b94b-a7952f42ba9c][bb1fc585-f087-407a-b043-49c06e320521] Generating... 0 ready, 0 failed / 2 total (27s) play_circle 19% [HÀN play_circle 19% [HÀN
2026-09-05T06:47:43.245Z [2c5e0cd0-dcc1-4a06-88b5-9eb35cf0a031][bb1fc585-f087-407a-b043-49c06e320521] Generating... 1 ready, 0 failed / 2 total (163s)
2026-09-05T06:47:43.596Z [ef57fa83-9ec1-400f-9b80-d0f575a6accb][bb1fc585-f087-407a-b043-49c06e320521] Generating... 0 ready, 0 failed / 2 total (30s) play_circle 21% [HÀN play_circle 21% [HÀN
2026-09-05T06:47:43.892Z [0f2dce86-79bd-469a-b94b-a7952f42ba9c][bb1fc585-f087-407a-b043-49c06e320521] Generating... 0 ready, 0 failed / 2 total (30s) play_circle 22% [HÀN play_circle 22% [HÀN
2026-09-05T06:47:46.258Z [2c5e0cd0-dcc1-4a06-88b5-9eb35cf0a031][bb1fc585-f087-407a-b043-49c06e320521] Generating... 1 ready, 0 failed / 2 total (166s)
2026-09-05T06:47:46.610Z [ef57fa83-9ec1-400f-9b80-d0f575a6accb][bb1fc585-f087-407a-b043-49c06e320521] Generating... 0 ready, 0 failed / 2 total (33s) play_circle 23% [HÀN play_circle 23% [HÀN
2026-09-05T06:47:46.918Z [0f2dce86-79bd-469a-b94b-a7952f42ba9c][bb1fc585-f087-407a-b043-49c06e320521] Generating... 0 ready, 0 failed / 2 total (33s) play_circle 24% [HÀN play_circle 24% [HÀN
2026-09-05T06:47:49.274Z [2c5e0cd0-dcc1-4a06-88b5-9eb35cf0a031][bb1fc585-f087-407a-b043-49c06e320521] Generating... 1 ready, 0 failed / 2 total (169s)
2026-09-05T06:47:49.633Z [ef57fa83-9ec1-400f-9b80-d0f575a6accb][bb1fc585-f087-407a-b043-49c06e320521] Generating... 0 ready, 0 failed / 2 total (36s) play_circle 27% [HÀN play_circle 27% [HÀN
2026-09-05T06:47:49.945Z [0f2dce86-79bd-469a-b94b-a7952f42ba9c][bb1fc585-f087-407a-b043-49c06e320521] Generating... 0 ready, 0 failed / 2 total (36s) play_circle 27% [HÀN play_circle 27% [HÀN
2026-09-05T06:47:52.298Z [2c5e0cd0-dcc1-4a06-88b5-9eb35cf0a031][bb1fc585-f087-407a-b043-49c06e320521] Generating... 1 ready, 0 failed / 2 total (172s)
2026-09-05T06:47:52.650Z [ef57fa83-9ec1-400f-9b80-d0f575a6accb][bb1fc585-f087-407a-b043-49c06e320521] Generating... 0 ready, 0 failed / 2 total (39s) play_circle 28% [HÀN play_circle 28% [HÀN
2026-09-05T06:47:52.964Z [0f2dce86-79bd-469a-b94b-a7952f42ba9c][bb1fc585-f087-407a-b043-49c06e320521] Generating... 0 ready, 0 failed / 2 total (39s) play_circle 29% [HÀN play_circle 29% [HÀN
2026-09-05T06:47:55.314Z [2c5e0cd0-dcc1-4a06-88b5-9eb35cf0a031][bb1fc585-f087-407a-b043-49c06e320521] Generating... 1 ready, 0 failed / 2 total (175s)
2026-09-05T06:47:55.664Z [ef57fa83-9ec1-400f-9b80-d0f575a6accb][bb1fc585-f087-407a-b043-49c06e320521] Generating... 0 ready, 0 failed / 2 total (42s) play_circle 31% [HÀN play_circle 31% [HÀN
2026-09-05T06:47:55.983Z [0f2dce86-79bd-469a-b94b-a7952f42ba9c][bb1fc585-f087-407a-b043-49c06e320521] Generating... 0 ready, 0 failed / 2 total (42s) play_circle 33% [HÀN play_circle 33% [HÀN
2026-09-05T06:47:58.349Z [2c5e0cd0-dcc1-4a06-88b5-9eb35cf0a031][bb1fc585-f087-407a-b043-49c06e320521] Generating... 1 ready, 0 failed / 2 total (179s)
2026-09-05T06:47:58.683Z [ef57fa83-9ec1-400f-9b80-d0f575a6accb][bb1fc585-f087-407a-b043-49c06e320521] Generating... 0 ready, 0 failed / 2 total (45s) play_circle 100% [HÀ play_circle 100% [HÀ
2026-09-05T06:47:59.000Z [0f2dce86-79bd-469a-b94b-a7952f42ba9c][bb1fc585-f087-407a-b043-49c06e320521] Generating... 0 ready, 0 failed / 2 total (45s) play_circle 100% [HÀ play_circle 36% [HÀN
2026-09-05T06:48:01.359Z [2c5e0cd0-dcc1-4a06-88b5-9eb35cf0a031][bb1fc585-f087-407a-b043-49c06e320521] Poll ended with 1/2 ready — salvaging the completed item(s).
2026-09-05T06:48:01.360Z [2c5e0cd0-dcc1-4a06-88b5-9eb35cf0a031][bb1fc585-f087-407a-b043-49c06e320521] 1 item(s) ready! Downloading...
2026-09-05T06:48:01.362Z [2c5e0cd0-dcc1-4a06-88b5-9eb35cf0a031][bb1fc585-f087-407a-b043-49c06e320521] Item 1: no video source on the tile yet — hovering it to mount one.
2026-09-05T06:48:01.700Z [ef57fa83-9ec1-400f-9b80-d0f575a6accb][bb1fc585-f087-407a-b043-49c06e320521] Generating... 0 ready, 0 failed / 2 total (48s) play_circle 100% [HÀ play_circle 100% [HÀ
2026-09-05T06:48:02.022Z [0f2dce86-79bd-469a-b94b-a7952f42ba9c][bb1fc585-f087-407a-b043-49c06e320521] Generating... 0 ready, 0 failed / 2 total (48s) play_circle 100% [HÀ play_circle 38% [HÀN
2026-09-05T06:48:02.687Z [2c5e0cd0-dcc1-4a06-88b5-9eb35cf0a031][bb1fc585-f087-407a-b043-49c06e320521] Item 1: Downloading from URL https://flow-content.google/video/7346b39f-4f2d-4777-a9b2-20815af0d725?Expires=1788612354&KeyName=labs-flow-prod-cdn-key&Signature=jJx8HJAVgEOvXWkO3mi-EKTMEGg
2026-09-05T06:48:02.927Z [08a7ec84-9c75-472a-ac9f-8de77a713041][bb1fc585-f087-407a-b043-49c06e320521] No new tiles detected in 30s — falling back to the configured count 2.
2026-09-05T06:48:02.928Z [08a7ec84-9c75-472a-ac9f-8de77a713041][bb1fc585-f087-407a-b043-49c06e320521] Batch detected: 2 item(s). Generating...
2026-09-05T06:48:02.928Z [08a7ec84-9c75-472a-ac9f-8de77a713041][bb1fc585-f087-407a-b043-49c06e320521] Polling for 2 video item(s) (baseline=50, hasUpload=true)...
2026-09-05T06:48:02.946Z [08a7ec84-9c75-472a-ac9f-8de77a713041][bb1fc585-f087-407a-b043-49c06e320521] Generating... 0 ready, 0 failed / 2 total (0s)
2026-09-05T06:48:03.437Z [2c5e0cd0-dcc1-4a06-88b5-9eb35cf0a031][bb1fc585-f087-407a-b043-49c06e320521] Downloaded 1/1: video_2026-09-05T06-48-01_01.mp4
2026-09-05T06:48:03.438Z [2c5e0cd0-dcc1-4a06-88b5-9eb35cf0a031][bb1fc585-f087-407a-b043-49c06e320521] ✅ 1 item(s) saved to Downloads/Win AI Toolkit/
2026-09-05T06:48:04.714Z [ef57fa83-9ec1-400f-9b80-d0f575a6accb][bb1fc585-f087-407a-b043-49c06e320521] Generating... 0 ready, 0 failed / 2 total (51s) [HÀNH ĐỘNG]Bắt đầu đ [HÀNH ĐỘNG]Bắt đầu đ
2026-09-05T06:48:05.044Z [0f2dce86-79bd-469a-b94b-a7952f42ba9c][bb1fc585-f087-407a-b043-49c06e320521] Generating... 0 ready, 0 failed / 2 total (51s) [HÀNH ĐỘNG]Bắt đầu đ play_circle 100% [HÀ
2026-09-05T06:48:05.966Z [08a7ec84-9c75-472a-ac9f-8de77a713041][bb1fc585-f087-407a-b043-49c06e320521] Generating... 0 ready, 0 failed / 2 total (3s)
2026-09-05T06:48:07.733Z [ef57fa83-9ec1-400f-9b80-d0f575a6accb][bb1fc585-f087-407a-b043-49c06e320521] Generating... 2 ready, 0 failed / 2 total (54s)
2026-09-05T06:48:07.733Z [ef57fa83-9ec1-400f-9b80-d0f575a6accb][bb1fc585-f087-407a-b043-49c06e320521] Batch done: 2 ready (target 2), 0 failed, scanned 2.
2026-09-05T06:48:07.733Z [ef57fa83-9ec1-400f-9b80-d0f575a6accb][bb1fc585-f087-407a-b043-49c06e320521] 2 item(s) ready! Downloading...
2026-09-05T06:48:07.734Z [ef57fa83-9ec1-400f-9b80-d0f575a6accb][bb1fc585-f087-407a-b043-49c06e320521] Item 1: no video source on the tile yet — hovering it to mount one.
2026-09-05T06:48:08.074Z [0f2dce86-79bd-469a-b94b-a7952f42ba9c][bb1fc585-f087-407a-b043-49c06e320521] Generating... 1 ready, 0 failed / 2 total (54s) [HÀNH ĐỘNG]Bắt đầu đ
2026-09-05T06:48:08.989Z [08a7ec84-9c75-472a-ac9f-8de77a713041][bb1fc585-f087-407a-b043-49c06e320521] Generating... 0 ready, 0 failed / 2 total (6s)
2026-09-05T06:48:09.067Z [ef57fa83-9ec1-400f-9b80-d0f575a6accb][bb1fc585-f087-407a-b043-49c06e320521] Item 1: Downloading from URL https://flow-content.google/video/bb4c536d-5884-4e21-b62c-83093605b247?Expires=1788612478&KeyName=labs-flow-prod-cdn-key&Signature=GFZgQkr2nneeqs9tFgI_B-allKU
2026-09-05T06:48:09.572Z [ef57fa83-9ec1-400f-9b80-d0f575a6accb][bb1fc585-f087-407a-b043-49c06e320521] Downloaded 1/2: video_2026-09-05T06-48-07_01.mp4
2026-09-05T06:48:09.574Z [ef57fa83-9ec1-400f-9b80-d0f575a6accb][bb1fc585-f087-407a-b043-49c06e320521] Item 2: no video source on the tile yet — hovering it to mount one.
2026-09-05T06:48:11.087Z [0f2dce86-79bd-469a-b94b-a7952f42ba9c][bb1fc585-f087-407a-b043-49c06e320521] Generating... 2 ready, 0 failed / 2 total (57s)
2026-09-05T06:48:11.087Z [0f2dce86-79bd-469a-b94b-a7952f42ba9c][bb1fc585-f087-407a-b043-49c06e320521] Batch done: 2 ready (target 2), 0 failed, scanned 2.
2026-09-05T06:48:11.087Z [0f2dce86-79bd-469a-b94b-a7952f42ba9c][bb1fc585-f087-407a-b043-49c06e320521] 2 item(s) ready! Downloading...
2026-09-05T06:48:11.089Z [0f2dce86-79bd-469a-b94b-a7952f42ba9c][bb1fc585-f087-407a-b043-49c06e320521] Item 1: no video source on the tile yet — hovering it to mount one.
2026-09-05T06:48:11.568Z [ef57fa83-9ec1-400f-9b80-d0f575a6accb][bb1fc585-f087-407a-b043-49c06e320521] Item 2: Downloading from URL https://flow-content.google/video/34da4096-7594-46d2-9383-70d2ea44e6a0?Expires=1788612478&KeyName=labs-flow-prod-cdn-key&Signature=VIClJcC25kje42mnwE0fDMjJniM
2026-09-05T06:48:11.651Z [ef57fa83-9ec1-400f-9b80-d0f575a6accb][bb1fc585-f087-407a-b043-49c06e320521] Downloaded 2/2: video_2026-09-05T06-48-07_02.mp4
2026-09-05T06:48:11.651Z [ef57fa83-9ec1-400f-9b80-d0f575a6accb][bb1fc585-f087-407a-b043-49c06e320521] ✅ 2 item(s) saved to Downloads/Win AI Toolkit/
2026-09-05T06:48:12.014Z [08a7ec84-9c75-472a-ac9f-8de77a713041][bb1fc585-f087-407a-b043-49c06e320521] Generating... 0 ready, 0 failed / 2 total (9s)
2026-09-05T06:48:12.960Z [0f2dce86-79bd-469a-b94b-a7952f42ba9c][bb1fc585-f087-407a-b043-49c06e320521] Item 1: Downloading from URL https://flow-content.google/video/f9afd6fe-7b5e-42ff-b821-a2aa513793a9?Expires=1788612478&KeyName=labs-flow-prod-cdn-key&Signature=nu06KIndZrd2xAlthmb3g90Kx4k
2026-09-05T06:48:14.735Z [0f2dce86-79bd-469a-b94b-a7952f42ba9c][bb1fc585-f087-407a-b043-49c06e320521] Downloaded 1/2: video_2026-09-05T06-48-11_01.mp4
2026-09-05T06:48:14.735Z [0f2dce86-79bd-469a-b94b-a7952f42ba9c][bb1fc585-f087-407a-b043-49c06e320521] Item 2: no video source on the tile yet — hovering it to mount one.
2026-09-05T06:48:15.035Z [08a7ec84-9c75-472a-ac9f-8de77a713041][bb1fc585-f087-407a-b043-49c06e320521] Generating... 0 ready, 0 failed / 2 total (12s)
2026-09-05T06:48:16.475Z [0f2dce86-79bd-469a-b94b-a7952f42ba9c][bb1fc585-f087-407a-b043-49c06e320521] Item 2: Downloading from URL https://flow-content.google/video/f3d6d67a-1f89-4a60-82f0-8882bb47df37?Expires=1788612483&KeyName=labs-flow-prod-cdn-key&Signature=TAkT4-_L86IV_Hw7tWbM9iUzhuE
2026-09-05T06:48:17.647Z [0f2dce86-79bd-469a-b94b-a7952f42ba9c][bb1fc585-f087-407a-b043-49c06e320521] Downloaded 2/2: video_2026-09-05T06-48-11_02.mp4
2026-09-05T06:48:17.648Z [0f2dce86-79bd-469a-b94b-a7952f42ba9c][bb1fc585-f087-407a-b043-49c06e320521] ✅ 2 item(s) saved to Downloads/Win AI Toolkit/
2026-09-05T06:48:18.062Z [08a7ec84-9c75-472a-ac9f-8de77a713041][bb1fc585-f087-407a-b043-49c06e320521] Generating... 0 ready, 0 failed / 2 total (15s)
2026-09-05T06:48:21.077Z [08a7ec84-9c75-472a-ac9f-8de77a713041][bb1fc585-f087-407a-b043-49c06e320521] Generating... 0 ready, 0 failed / 2 total (18s)
2026-09-05T06:48:24.095Z [08a7ec84-9c75-472a-ac9f-8de77a713041][bb1fc585-f087-407a-b043-49c06e320521] Generating... 0 ready, 0 failed / 2 total (21s)
2026-09-05T06:48:27.114Z [08a7ec84-9c75-472a-ac9f-8de77a713041][bb1fc585-f087-407a-b043-49c06e320521] Generating... 0 ready, 0 failed / 2 total (24s)
2026-09-05T06:48:30.138Z [08a7ec84-9c75-472a-ac9f-8de77a713041][bb1fc585-f087-407a-b043-49c06e320521] Generating... 0 ready, 0 failed / 2 total (27s)
2026-09-05T06:48:33.167Z [08a7ec84-9c75-472a-ac9f-8de77a713041][bb1fc585-f087-407a-b043-49c06e320521] Generating... 0 ready, 0 failed / 2 total (30s)
2026-09-05T06:48:36.181Z [08a7ec84-9c75-472a-ac9f-8de77a713041][bb1fc585-f087-407a-b043-49c06e320521] Generating... 0 ready, 0 failed / 2 total (33s)
2026-09-05T06:48:39.206Z [08a7ec84-9c75-472a-ac9f-8de77a713041][bb1fc585-f087-407a-b043-49c06e320521] Generating... 0 ready, 0 failed / 2 total (36s)
2026-09-05T06:48:42.235Z [08a7ec84-9c75-472a-ac9f-8de77a713041][bb1fc585-f087-407a-b043-49c06e320521] Generating... 0 ready, 0 failed / 2 total (39s)
2026-09-05T06:48:45.256Z [08a7ec84-9c75-472a-ac9f-8de77a713041][bb1fc585-f087-407a-b043-49c06e320521] Generating... 0 ready, 0 failed / 2 total (42s)
2026-09-05T06:48:47.110Z [2c5e0cd0-dcc1-4a06-88b5-9eb35cf0a031][bb1fc585-f087-407a-b043-49c06e320521] Item 1 (try 1): 1080p saved via the UI download flow.
2026-09-05T06:48:47.180Z [2c5e0cd0-dcc1-4a06-88b5-9eb35cf0a031][bb1fc585-f087-407a-b043-49c06e320521] Item 1: upgraded to 1080p → D:\WINAI\Slow-English-with-Arlo_7_33_cmtlc8wk\video_2026-09-05T06-48-01_01.mp4
2026-09-05T06:48:47.180Z [2c5e0cd0-dcc1-4a06-88b5-9eb35cf0a031][bb1fc585-f087-407a-b043-49c06e320521] Uploading 1 video(s) to Xanh...
2026-09-05T06:48:48.272Z [08a7ec84-9c75-472a-ac9f-8de77a713041][bb1fc585-f087-407a-b043-49c06e320521] Generating... 0 ready, 0 failed / 2 total (45s)
2026-09-05T06:48:50.659Z [2c5e0cd0-dcc1-4a06-88b5-9eb35cf0a031][bb1fc585-f087-407a-b043-49c06e320521] Item 1: Re-uploaded 1080p → https://studio.xanhmedia.vn/uploads/2026-09/1788590930357_dc3be0_bb1fc585-f087-407a-b043-49c06e320521_2c5.mp4
2026-09-05T06:48:50.660Z [2c5e0cd0-dcc1-4a06-88b5-9eb35cf0a031][bb1fc585-f087-407a-b043-49c06e320521] ✅ 1 item(s) + 1080p saved to Downloads/Win AI Toolkit/
2026-09-05T06:48:50.662Z [2c5e0cd0-dcc1-4a06-88b5-9eb35cf0a031][bb1fc585-f087-407a-b043-49c06e320521] All done (including any 1080p upgrades). Closing Playwright browser context.
2026-09-05T06:48:51.302Z [08a7ec84-9c75-472a-ac9f-8de77a713041][bb1fc585-f087-407a-b043-49c06e320521] Generating... 0 ready, 0 failed / 2 total (48s)
2026-09-05T06:48:51.352Z [ef57fa83-9ec1-400f-9b80-d0f575a6accb][bb1fc585-f087-407a-b043-49c06e320521] Item 1 (try 1): 1080p saved via the UI download flow.
2026-09-05T06:48:51.367Z [3437aa80-c3e0-4d57-a13b-b81e977559d6][bb1fc585-f087-407a-b043-49c06e320521] runGeneration starting: task_id=3437aa80-c3e0-4d57-a13b-b81e977559d6, profile_id=bb1fc585-f087-407a-b043-49c06e320521, target_site=google_flow
2026-09-05T06:48:51.368Z [3437aa80-c3e0-4d57-a13b-b81e977559d6][bb1fc585-f087-407a-b043-49c06e320521] Opening Playwright browser with persistent profile cookies...
2026-09-05T06:48:51.368Z [3437aa80-c3e0-4d57-a13b-b81e977559d6][bb1fc585-f087-407a-b043-49c06e320521] Browser engine: winhide (C:\Users\Admin\AppData\Roaming\com.tank.winai\winhide\chrome.exe) [hidden off-screen]
2026-09-05T06:48:51.368Z [3437aa80-c3e0-4d57-a13b-b81e977559d6][bb1fc585-f087-407a-b043-49c06e320521] Launch mode: STEALTH (raw spawn + connectOverCDP)
2026-09-05T06:48:51.432Z [ef57fa83-9ec1-400f-9b80-d0f575a6accb][bb1fc585-f087-407a-b043-49c06e320521] Item 1: upgraded to 1080p → D:\WINAI\Slow-English-with-Arlo_7_34_cmtlc8wk\video_2026-09-05T06-48-07_01.mp4
2026-09-05T06:48:52.976Z [3437aa80-c3e0-4d57-a13b-b81e977559d6][bb1fc585-f087-407a-b043-49c06e320521] Exit IP: 115.74.128.9
2026-09-05T06:48:52.977Z [3437aa80-c3e0-4d57-a13b-b81e977559d6][bb1fc585-f087-407a-b043-49c06e320521] Navigating browser to Google Flow tools page...
2026-09-05T06:48:52.978Z [3437aa80-c3e0-4d57-a13b-b81e977559d6][bb1fc585-f087-407a-b043-49c06e320521] Using existing project URL: https://flow.google.com/project/c2a607c5-d833-4be1-8108-407b74d4ed85?hl=en
2026-09-05T06:48:53.785Z [3437aa80-c3e0-4d57-a13b-b81e977559d6][bb1fc585-f087-407a-b043-49c06e320521] Waiting for Google Flow...
2026-09-05T06:48:54.321Z [08a7ec84-9c75-472a-ac9f-8de77a713041][bb1fc585-f087-407a-b043-49c06e320521] Generating... 0 ready, 0 failed / 2 total (51s)
2026-09-05T06:48:55.878Z [3437aa80-c3e0-4d57-a13b-b81e977559d6][bb1fc585-f087-407a-b043-49c06e320521] In existing project ✓
2026-09-05T06:48:56.812Z [3437aa80-c3e0-4d57-a13b-b81e977559d6][bb1fc585-f087-407a-b043-49c06e320521] dismissPopups: unresolved overlay(s) ["IFRAME[presentation]|btns="]
2026-09-05T06:48:57.338Z [08a7ec84-9c75-472a-ac9f-8de77a713041][bb1fc585-f087-407a-b043-49c06e320521] Generating... 0 ready, 0 failed / 2 total (54s)
2026-09-05T06:48:59.958Z [3437aa80-c3e0-4d57-a13b-b81e977559d6][bb1fc585-f087-407a-b043-49c06e320521] Composer ready ✓ (UI language: en)
2026-09-05T06:48:59.982Z [3437aa80-c3e0-4d57-a13b-b81e977559d6][bb1fc585-f087-407a-b043-49c06e320521] dismissPopups: unresolved overlay(s) ["DIV[]|btns=","DIV[]|btns="]
2026-09-05T06:49:00.059Z [3437aa80-c3e0-4d57-a13b-b81e977559d6][bb1fc585-f087-407a-b043-49c06e320521] Agent toggle aria-pressed=false
2026-09-05T06:49:00.059Z [3437aa80-c3e0-4d57-a13b-b81e977559d6][bb1fc585-f087-407a-b043-49c06e320521] Opening settings...
2026-09-05T06:49:00.362Z [08a7ec84-9c75-472a-ac9f-8de77a713041][bb1fc585-f087-407a-b043-49c06e320521] Generating... 0 ready, 0 failed / 2 total (57s)
2026-09-05T06:49:01.221Z [0f2dce86-79bd-469a-b94b-a7952f42ba9c][bb1fc585-f087-407a-b043-49c06e320521] Item 1 (try 1): 1080p saved via the UI download flow.
2026-09-05T06:49:01.287Z [0f2dce86-79bd-469a-b94b-a7952f42ba9c][bb1fc585-f087-407a-b043-49c06e320521] Item 1: upgraded to 1080p → D:\WINAI\Slow-English-with-Arlo_7_35_cmtlc8wk\video_2026-09-05T06-48-11_01.mp4
2026-09-05T06:49:01.667Z [3437aa80-c3e0-4d57-a13b-b81e977559d6][bb1fc585-f087-407a-b043-49c06e320521] Configuring video settings...
2026-09-05T06:49:01.695Z [3437aa80-c3e0-4d57-a13b-b81e977559d6][bb1fc585-f087-407a-b043-49c06e320521] Mode: "videocam Video" already selected ✓
2026-09-05T06:49:03.385Z [08a7ec84-9c75-472a-ac9f-8de77a713041][bb1fc585-f087-407a-b043-49c06e320521] Generating... 0 ready, 0 failed / 2 total (60s)
2026-09-05T06:49:04.004Z [3437aa80-c3e0-4d57-a13b-b81e977559d6][bb1fc585-f087-407a-b043-49c06e320521] Video type: selected "crop_free Frames" ✓
2026-09-05T06:49:06.399Z [08a7ec84-9c75-472a-ac9f-8de77a713041][bb1fc585-f087-407a-b043-49c06e320521] Generating... 0 ready, 0 failed / 2 total (63s)
2026-09-05T06:49:08.529Z [3437aa80-c3e0-4d57-a13b-b81e977559d6][bb1fc585-f087-407a-b043-49c06e320521] Model: selected "Veo 3.1 - Lite [Lower Priority]" ✓
2026-09-05T06:49:09.411Z [08a7ec84-9c75-472a-ac9f-8de77a713041][bb1fc585-f087-407a-b043-49c06e320521] Generating... 0 ready, 0 failed / 2 total (66s)
2026-09-05T06:49:09.489Z [3437aa80-c3e0-4d57-a13b-b81e977559d6][bb1fc585-f087-407a-b043-49c06e320521] Aspect ratio: "crop_16_9 16:9" already selected ✓
2026-09-05T06:49:09.494Z [3437aa80-c3e0-4d57-a13b-b81e977559d6][bb1fc585-f087-407a-b043-49c06e320521] Video resolution: toggle group "Video resolution" not present (model may not offer it) — skipped.
2026-09-05T06:49:09.532Z [3437aa80-c3e0-4d57-a13b-b81e977559d6][bb1fc585-f087-407a-b043-49c06e320521] Duration: "8s" already selected ✓
2026-09-05T06:49:09.559Z [3437aa80-c3e0-4d57-a13b-b81e977559d6][bb1fc585-f087-407a-b043-49c06e320521] Output count: "x2" already selected ✓
2026-09-05T06:49:10.648Z [3437aa80-c3e0-4d57-a13b-b81e977559d6][bb1fc585-f087-407a-b043-49c06e320521] Start keyframe: downloading from URL...
2026-09-05T06:49:10.842Z [3437aa80-c3e0-4d57-a13b-b81e977559d6][bb1fc585-f087-407a-b043-49c06e320521] Downloader: no-proxy request context ready.
2026-09-05T06:49:11.142Z [3437aa80-c3e0-4d57-a13b-b81e977559d6][bb1fc585-f087-407a-b043-49c06e320521] Start keyframe: saved 132501 bytes (image/png) as "1788443138162_8066b5_60f7c834-1526-409d-b017-21db20795e19_7a8.png"
2026-09-05T06:49:11.158Z [3437aa80-c3e0-4d57-a13b-b81e977559d6][bb1fc585-f087-407a-b043-49c06e320521] Start keyframe: setting start keyframe...
2026-09-05T06:49:12.437Z [08a7ec84-9c75-472a-ac9f-8de77a713041][bb1fc585-f087-407a-b043-49c06e320521] Generating... 0 ready, 0 failed / 2 total (70s)
2026-09-05T06:49:13.149Z [3437aa80-c3e0-4d57-a13b-b81e977559d6][bb1fc585-f087-407a-b043-49c06e320521] Start keyframe: reusing library asset "1788443138162_8066b5_60f7c834-1526-409d-b017-21db20795e19_7a8.png" (no re-upload).
2026-09-05T06:49:15.449Z [08a7ec84-9c75-472a-ac9f-8de77a713041][bb1fc585-f087-407a-b043-49c06e320521] Generating... 0 ready, 0 failed / 2 total (73s)
2026-09-05T06:49:16.346Z [3437aa80-c3e0-4d57-a13b-b81e977559d6][bb1fc585-f087-407a-b043-49c06e320521] Start keyframe: start keyframe attached ✓
2026-09-05T06:49:16.359Z [3437aa80-c3e0-4d57-a13b-b81e977559d6][bb1fc585-f087-407a-b043-49c06e320521] Entering prompt...
2026-09-05T06:49:17.996Z [3437aa80-c3e0-4d57-a13b-b81e977559d6][bb1fc585-f087-407a-b043-49c06e320521] Prompt is 1002 chars — typing it in 18 chunk(s).
2026-09-05T06:49:18.470Z [08a7ec84-9c75-472a-ac9f-8de77a713041][bb1fc585-f087-407a-b043-49c06e320521] Generating... 0 ready, 0 failed / 2 total (76s)
2026-09-05T06:49:21.493Z [08a7ec84-9c75-472a-ac9f-8de77a713041][bb1fc585-f087-407a-b043-49c06e320521] Generating... 0 ready, 0 failed / 2 total (79s)
2026-09-05T06:49:24.514Z [08a7ec84-9c75-472a-ac9f-8de77a713041][bb1fc585-f087-407a-b043-49c06e320521] Generating... 0 ready, 0 failed / 2 total (82s)
2026-09-05T06:49:26.283Z [3437aa80-c3e0-4d57-a13b-b81e977559d6][bb1fc585-f087-407a-b043-49c06e320521] Prompt insert attempt 1: editor has 993 chars (want ~998) ✓
2026-09-05T06:49:27.535Z [08a7ec84-9c75-472a-ac9f-8de77a713041][bb1fc585-f087-407a-b043-49c06e320521] Generating... 0 ready, 0 failed / 2 total (85s)
2026-09-05T06:49:28.256Z [3437aa80-c3e0-4d57-a13b-b81e977559d6][bb1fc585-f087-407a-b043-49c06e320521] Baseline: 49 pre-existing media tile(s) of 49 mounted (kinds: video,image,video,video,image,video,video,image,video,video,video,image,video,video,image,video,video,image,video,video,image,image,video,video,image,video,image,video,video,image,video,video,image,video,video,image,video,video,image,video,image,video,video,video,image,video,video,image,video).
2026-09-05T06:49:30.416Z [3437aa80-c3e0-4d57-a13b-b81e977559d6][bb1fc585-f087-407a-b043-49c06e320521] [submit] confirmed (editor "What do you want to ", fresh tile=true).
2026-09-05T06:49:30.551Z [08a7ec84-9c75-472a-ac9f-8de77a713041][bb1fc585-f087-407a-b043-49c06e320521] Generating... 0 ready, 0 failed / 2 total (88s)
2026-09-05T06:49:30.896Z [3437aa80-c3e0-4d57-a13b-b81e977559d6][bb1fc585-f087-407a-b043-49c06e320521] Current Workspace project URL: https://flow.google.com/project/c2a607c5-d833-4be1-8108-407b74d4ed85?hl=en
2026-09-05T06:49:30.896Z [3437aa80-c3e0-4d57-a13b-b81e977559d6][bb1fc585-f087-407a-b043-49c06e320521] Submitted ✓ Detecting batch size...
2026-09-05T06:49:30.913Z [3437aa80-c3e0-4d57-a13b-b81e977559d6][bb1fc585-f087-407a-b043-49c06e320521] New tile(s) since submit: 0 → 2 (mounted=50)
2026-09-05T06:49:33.567Z [08a7ec84-9c75-472a-ac9f-8de77a713041][bb1fc585-f087-407a-b043-49c06e320521] Generating... 0 ready, 0 failed / 2 total (91s)
2026-09-05T06:49:35.044Z [3437aa80-c3e0-4d57-a13b-b81e977559d6][bb1fc585-f087-407a-b043-49c06e320521] Batch size stabilised at 2 new tile(s)
2026-09-05T06:49:35.044Z [3437aa80-c3e0-4d57-a13b-b81e977559d6][bb1fc585-f087-407a-b043-49c06e320521] Batch detected: 2 item(s). Generating...
2026-09-05T06:49:35.045Z [3437aa80-c3e0-4d57-a13b-b81e977559d6][bb1fc585-f087-407a-b043-49c06e320521] Polling for 2 video item(s) (baseline=49, hasUpload=true)...
2026-09-05T06:49:35.057Z [3437aa80-c3e0-4d57-a13b-b81e977559d6][bb1fc585-f087-407a-b043-49c06e320521] Generating... 0 ready, 0 failed / 2 total (0s) play_circle [HÀNH ĐỘ play_circle [HÀNH ĐỘ
2026-09-05T06:49:36.025Z [ef57fa83-9ec1-400f-9b80-d0f575a6accb][bb1fc585-f087-407a-b043-49c06e320521] Item 2 (try 1): 1080p saved via the UI download flow.
2026-09-05T06:49:36.101Z [ef57fa83-9ec1-400f-9b80-d0f575a6accb][bb1fc585-f087-407a-b043-49c06e320521] Item 2: upgraded to 1080p → D:\WINAI\Slow-English-with-Arlo_7_34_cmtlc8wk\video_2026-09-05T06-48-07_02.mp4
2026-09-05T06:49:36.102Z [ef57fa83-9ec1-400f-9b80-d0f575a6accb][bb1fc585-f087-407a-b043-49c06e320521] Uploading 2 video(s) to Xanh...
2026-09-05T06:49:36.582Z [08a7ec84-9c75-472a-ac9f-8de77a713041][bb1fc585-f087-407a-b043-49c06e320521] Generating... 0 ready, 0 failed / 2 total (94s)
2026-09-05T06:49:36.750Z [ef57fa83-9ec1-400f-9b80-d0f575a6accb][bb1fc585-f087-407a-b043-49c06e320521] Item 2: Re-uploaded 1080p → https://studio.xanhmedia.vn/uploads/2026-09/1788590976449_93424a_bb1fc585-f087-407a-b043-49c06e320521_ef5.mp4
2026-09-05T06:49:36.876Z [ef57fa83-9ec1-400f-9b80-d0f575a6accb][bb1fc585-f087-407a-b043-49c06e320521] Item 1: Re-uploaded 1080p → https://studio.xanhmedia.vn/uploads/2026-09/1788590976553_a90665_bb1fc585-f087-407a-b043-49c06e320521_ef5.mp4
2026-09-05T06:49:36.876Z [ef57fa83-9ec1-400f-9b80-d0f575a6accb][bb1fc585-f087-407a-b043-49c06e320521] ✅ 2 item(s) + 1080p saved to Downloads/Win AI Toolkit/
2026-09-05T06:49:36.878Z [ef57fa83-9ec1-400f-9b80-d0f575a6accb][bb1fc585-f087-407a-b043-49c06e320521] All done (including any 1080p upgrades). Closing Playwright browser context.
2026-09-05T06:49:38.018Z [ce62748a-432b-4a65-a1bf-faa910e06c57][bb1fc585-f087-407a-b043-49c06e320521] runGeneration starting: task_id=ce62748a-432b-4a65-a1bf-faa910e06c57, profile_id=bb1fc585-f087-407a-b043-49c06e320521, target_site=google_flow
2026-09-05T06:49:38.019Z [ce62748a-432b-4a65-a1bf-faa910e06c57][bb1fc585-f087-407a-b043-49c06e320521] Opening Playwright browser with persistent profile cookies...
2026-09-05T06:49:38.020Z [ce62748a-432b-4a65-a1bf-faa910e06c57][bb1fc585-f087-407a-b043-49c06e320521] Browser engine: winhide (C:\Users\Admin\AppData\Roaming\com.tank.winai\winhide\chrome.exe) [hidden off-screen]
2026-09-05T06:49:38.021Z [ce62748a-432b-4a65-a1bf-faa910e06c57][bb1fc585-f087-407a-b043-49c06e320521] Launch mode: STEALTH (raw spawn + connectOverCDP)
2026-09-05T06:49:38.081Z [3437aa80-c3e0-4d57-a13b-b81e977559d6][bb1fc585-f087-407a-b043-49c06e320521] Generating... 0 ready, 0 failed / 2 total (3s) play_circle [HÀNH ĐỘ play_circle [HÀNH ĐỘ
2026-09-05T06:49:39.599Z [08a7ec84-9c75-472a-ac9f-8de77a713041][bb1fc585-f087-407a-b043-49c06e320521] Generating... 0 ready, 0 failed / 2 total (97s)
2026-09-05T06:49:39.626Z [ce62748a-432b-4a65-a1bf-faa910e06c57][bb1fc585-f087-407a-b043-49c06e320521] Exit IP: 115.74.128.9
2026-09-05T06:49:39.626Z [ce62748a-432b-4a65-a1bf-faa910e06c57][bb1fc585-f087-407a-b043-49c06e320521] Navigating browser to Google Flow tools page...
2026-09-05T06:49:39.626Z [ce62748a-432b-4a65-a1bf-faa910e06c57][bb1fc585-f087-407a-b043-49c06e320521] Using existing project URL: https://flow.google.com/project/cae2bf2b-d1b8-40f9-a300-9f2aa6276ea5?hl=en
2026-09-05T06:49:40.391Z [ce62748a-432b-4a65-a1bf-faa910e06c57][bb1fc585-f087-407a-b043-49c06e320521] Waiting for Google Flow...
2026-09-05T06:49:41.102Z [3437aa80-c3e0-4d57-a13b-b81e977559d6][bb1fc585-f087-407a-b043-49c06e320521] Generating... 0 ready, 0 failed / 2 total (6s) play_circle [HÀNH ĐỘ play_circle [HÀNH ĐỘ
2026-09-05T06:49:42.526Z [ce62748a-432b-4a65-a1bf-faa910e06c57][bb1fc585-f087-407a-b043-49c06e320521] In existing project ✓
2026-09-05T06:49:42.612Z [08a7ec84-9c75-472a-ac9f-8de77a713041][bb1fc585-f087-407a-b043-49c06e320521] Generating... 0 ready, 0 failed / 2 total (100s)
2026-09-05T06:49:43.034Z [0f2dce86-79bd-469a-b94b-a7952f42ba9c][bb1fc585-f087-407a-b043-49c06e320521] Item 2 (try 1): 1080p saved via the UI download flow.
2026-09-05T06:49:43.102Z [0f2dce86-79bd-469a-b94b-a7952f42ba9c][bb1fc585-f087-407a-b043-49c06e320521] Item 2: upgraded to 1080p → D:\WINAI\Slow-English-with-Arlo_7_35_cmtlc8wk\video_2026-09-05T06-48-11_02.mp4
2026-09-05T06:49:43.102Z [0f2dce86-79bd-469a-b94b-a7952f42ba9c][bb1fc585-f087-407a-b043-49c06e320521] Uploading 2 video(s) to Xanh...
2026-09-05T06:49:43.346Z [ce62748a-432b-4a65-a1bf-faa910e06c57][bb1fc585-f087-407a-b043-49c06e320521] dismissPopups: unresolved overlay(s) ["IFRAME[presentation]|btns="]
2026-09-05T06:49:43.724Z [0f2dce86-79bd-469a-b94b-a7952f42ba9c][bb1fc585-f087-407a-b043-49c06e320521] Item 1: Re-uploaded 1080p → https://studio.xanhmedia.vn/uploads/2026-09/1788590983421_267418_bb1fc585-f087-407a-b043-49c06e320521_0f2.mp4
2026-09-05T06:49:44.115Z [3437aa80-c3e0-4d57-a13b-b81e977559d6][bb1fc585-f087-407a-b043-49c06e320521] Generating... 0 ready, 0 failed / 2 total (9s) play_circle 1% [HÀNH play_circle 1% [HÀNH
2026-09-05T06:49:45.626Z [08a7ec84-9c75-472a-ac9f-8de77a713041][bb1fc585-f087-407a-b043-49c06e320521] Generating... 0 ready, 0 failed / 2 total (103s)
2026-09-05T06:49:46.774Z [0f2dce86-79bd-469a-b94b-a7952f42ba9c][bb1fc585-f087-407a-b043-49c06e320521] Item 2: Re-uploaded 1080p → https://studio.xanhmedia.vn/uploads/2026-09/1788590986470_c43274_bb1fc585-f087-407a-b043-49c06e320521_0f2.mp4
2026-09-05T06:49:46.775Z [0f2dce86-79bd-469a-b94b-a7952f42ba9c][bb1fc585-f087-407a-b043-49c06e320521] ✅ 2 item(s) + 1080p saved to Downloads/Win AI Toolkit/
2026-09-05T06:49:46.777Z [0f2dce86-79bd-469a-b94b-a7952f42ba9c][bb1fc585-f087-407a-b043-49c06e320521] All done (including any 1080p upgrades). Closing Playwright browser context.
2026-09-05T06:49:47.109Z [7add2696-7fe7-4e2c-8fea-7162ae29ca5d][bb1fc585-f087-407a-b043-49c06e320521] runGeneration starting: task_id=7add2696-7fe7-4e2c-8fea-7162ae29ca5d, profile_id=bb1fc585-f087-407a-b043-49c06e320521, target_site=google_flow
2026-09-05T06:49:47.111Z [7add2696-7fe7-4e2c-8fea-7162ae29ca5d][bb1fc585-f087-407a-b043-49c06e320521] Opening Playwright browser with persistent profile cookies...
2026-09-05T06:49:47.111Z [7add2696-7fe7-4e2c-8fea-7162ae29ca5d][bb1fc585-f087-407a-b043-49c06e320521] Browser engine: winhide (C:\Users\Admin\AppData\Roaming\com.tank.winai\winhide\chrome.exe) [hidden off-screen]
2026-09-05T06:49:47.112Z [7add2696-7fe7-4e2c-8fea-7162ae29ca5d][bb1fc585-f087-407a-b043-49c06e320521] Launch mode: STEALTH (raw spawn + connectOverCDP)
2026-09-05T06:49:47.149Z [3437aa80-c3e0-4d57-a13b-b81e977559d6][bb1fc585-f087-407a-b043-49c06e320521] Generating... 0 ready, 0 failed / 2 total (12s) play_circle 4% [HÀNH play_circle 5% [HÀNH
2026-09-05T06:49:47.355Z [ce62748a-432b-4a65-a1bf-faa910e06c57][bb1fc585-f087-407a-b043-49c06e320521] Composer ready ✓ (UI language: en)
2026-09-05T06:49:47.408Z [ce62748a-432b-4a65-a1bf-faa910e06c57][bb1fc585-f087-407a-b043-49c06e320521] dismissPopups: unresolved overlay(s) ["DIV[]|btns=","DIV[]|btns="]
2026-09-05T06:49:47.430Z [ce62748a-432b-4a65-a1bf-faa910e06c57][bb1fc585-f087-407a-b043-49c06e320521] Agent toggle aria-pressed=false
2026-09-05T06:49:47.430Z [ce62748a-432b-4a65-a1bf-faa910e06c57][bb1fc585-f087-407a-b043-49c06e320521] Opening settings...
2026-09-05T06:49:48.668Z [08a7ec84-9c75-472a-ac9f-8de77a713041][bb1fc585-f087-407a-b043-49c06e320521] Generating... 0 ready, 0 failed / 2 total (106s)
2026-09-05T06:49:49.188Z [7add2696-7fe7-4e2c-8fea-7162ae29ca5d][bb1fc585-f087-407a-b043-49c06e320521] Exit IP: 115.74.128.9
2026-09-05T06:49:49.189Z [7add2696-7fe7-4e2c-8fea-7162ae29ca5d][bb1fc585-f087-407a-b043-49c06e320521] Navigating browser to Google Flow tools page...
2026-09-05T06:49:49.189Z [7add2696-7fe7-4e2c-8fea-7162ae29ca5d][bb1fc585-f087-407a-b043-49c06e320521] Using existing project URL: https://flow.google.com/project/cd81a7d3-c989-419e-891a-f8694174cb85?hl=en
2026-09-05T06:49:49.334Z [ce62748a-432b-4a65-a1bf-faa910e06c57][bb1fc585-f087-407a-b043-49c06e320521] Configuring video settings...
2026-09-05T06:49:49.365Z [ce62748a-432b-4a65-a1bf-faa910e06c57][bb1fc585-f087-407a-b043-49c06e320521] Mode: "videocam Video" already selected ✓
2026-09-05T06:49:49.998Z [7add2696-7fe7-4e2c-8fea-7162ae29ca5d][bb1fc585-f087-407a-b043-49c06e320521] Waiting for Google Flow...
2026-09-05T06:49:50.225Z [3437aa80-c3e0-4d57-a13b-b81e977559d6][bb1fc585-f087-407a-b043-49c06e320521] Generating... 0 ready, 0 failed / 2 total (15s) play_circle 7% [HÀNH play_circle 7% [HÀNH
2026-09-05T06:49:51.684Z [08a7ec84-9c75-472a-ac9f-8de77a713041][bb1fc585-f087-407a-b043-49c06e320521] Generating... 0 ready, 0 failed / 2 total (109s)
2026-09-05T06:49:51.904Z [7add2696-7fe7-4e2c-8fea-7162ae29ca5d][bb1fc585-f087-407a-b043-49c06e320521] In existing project ✓
2026-09-05T06:49:52.043Z [ce62748a-432b-4a65-a1bf-faa910e06c57][bb1fc585-f087-407a-b043-49c06e320521] Video type: selected "crop_free Frames" ✓
2026-09-05T06:49:52.779Z [7add2696-7fe7-4e2c-8fea-7162ae29ca5d][bb1fc585-f087-407a-b043-49c06e320521] dismissPopups: unresolved overlay(s) ["IFRAME[presentation]|btns="]
2026-09-05T06:49:53.243Z [3437aa80-c3e0-4d57-a13b-b81e977559d6][bb1fc585-f087-407a-b043-49c06e320521] Generating... 0 ready, 0 failed / 2 total (18s) play_circle 10% [HÀN play_circle 9% [HÀNH
2026-09-05T06:49:54.713Z [08a7ec84-9c75-472a-ac9f-8de77a713041][bb1fc585-f087-407a-b043-49c06e320521] Generating... 0 ready, 0 failed / 2 total (112s)
2026-09-05T06:49:55.834Z [7add2696-7fe7-4e2c-8fea-7162ae29ca5d][bb1fc585-f087-407a-b043-49c06e320521] Composer ready ✓ (UI language: en)
2026-09-05T06:49:55.854Z [7add2696-7fe7-4e2c-8fea-7162ae29ca5d][bb1fc585-f087-407a-b043-49c06e320521] dismissPopups: unresolved overlay(s) ["DIV[]|btns=","DIV[]|btns="]
2026-09-05T06:49:55.877Z [7add2696-7fe7-4e2c-8fea-7162ae29ca5d][bb1fc585-f087-407a-b043-49c06e320521] Agent toggle aria-pressed=false
2026-09-05T06:49:55.878Z [7add2696-7fe7-4e2c-8fea-7162ae29ca5d][bb1fc585-f087-407a-b043-49c06e320521] Opening settings...
2026-09-05T06:49:56.266Z [3437aa80-c3e0-4d57-a13b-b81e977559d6][bb1fc585-f087-407a-b043-49c06e320521] Generating... 0 ready, 0 failed / 2 total (21s) play_circle 12% [HÀN play_circle 12% [HÀN
2026-09-05T06:49:56.768Z [ce62748a-432b-4a65-a1bf-faa910e06c57][bb1fc585-f087-407a-b043-49c06e320521] Model: selected "Veo 3.1 - Lite [Lower Priority]" ✓
2026-09-05T06:49:57.696Z [ce62748a-432b-4a65-a1bf-faa910e06c57][bb1fc585-f087-407a-b043-49c06e320521] Aspect ratio: "crop_16_9 16:9" already selected ✓
2026-09-05T06:49:57.699Z [ce62748a-432b-4a65-a1bf-faa910e06c57][bb1fc585-f087-407a-b043-49c06e320521] Video resolution: toggle group "Video resolution" not present (model may not offer it) — skipped.
2026-09-05T06:49:57.729Z [08a7ec84-9c75-472a-ac9f-8de77a713041][bb1fc585-f087-407a-b043-49c06e320521] Generating... 0 ready, 0 failed / 2 total (115s)
2026-09-05T06:49:57.730Z [ce62748a-432b-4a65-a1bf-faa910e06c57][bb1fc585-f087-407a-b043-49c06e320521] Duration: "8s" already selected ✓
2026-09-05T06:49:57.750Z [ce62748a-432b-4a65-a1bf-faa910e06c57][bb1fc585-f087-407a-b043-49c06e320521] Output count: "x2" already selected ✓
2026-09-05T06:49:57.865Z [7add2696-7fe7-4e2c-8fea-7162ae29ca5d][bb1fc585-f087-407a-b043-49c06e320521] Configuring video settings...
2026-09-05T06:49:57.897Z [7add2696-7fe7-4e2c-8fea-7162ae29ca5d][bb1fc585-f087-407a-b043-49c06e320521] Mode: "videocam Video" already selected ✓
2026-09-05T06:49:58.823Z [ce62748a-432b-4a65-a1bf-faa910e06c57][bb1fc585-f087-407a-b043-49c06e320521] Start keyframe: downloading from URL...
2026-09-05T06:49:58.998Z [ce62748a-432b-4a65-a1bf-faa910e06c57][bb1fc585-f087-407a-b043-49c06e320521] Downloader: no-proxy request context ready.
2026-09-05T06:49:59.276Z [ce62748a-432b-4a65-a1bf-faa910e06c57][bb1fc585-f087-407a-b043-49c06e320521] Start keyframe: saved 148848 bytes (image/png) as "1788443244587_78d8e0_60f7c834-1526-409d-b017-21db20795e19_750.png"
2026-09-05T06:49:59.293Z [3437aa80-c3e0-4d57-a13b-b81e977559d6][bb1fc585-f087-407a-b043-49c06e320521] Generating... 0 ready, 0 failed / 2 total (24s) play_circle 15% [HÀN play_circle 15% [HÀN
2026-09-05T06:49:59.298Z [ce62748a-432b-4a65-a1bf-faa910e06c57][bb1fc585-f087-407a-b043-49c06e320521] Start keyframe: setting start keyframe...
2026-09-05T06:50:00.282Z [7add2696-7fe7-4e2c-8fea-7162ae29ca5d][bb1fc585-f087-407a-b043-49c06e320521] Video type: selected "crop_free Frames" ✓
2026-09-05T06:50:00.745Z [08a7ec84-9c75-472a-ac9f-8de77a713041][bb1fc585-f087-407a-b043-49c06e320521] Generating... 0 ready, 0 failed / 2 total (118s)
2026-09-05T06:50:01.266Z [ce62748a-432b-4a65-a1bf-faa910e06c57][bb1fc585-f087-407a-b043-49c06e320521] Start keyframe: "1788443244587_78d8e0_60f7c834-1526-409d-b017-21db20795e19_750.png" not in the library yet — uploading it first.
2026-09-05T06:50:02.316Z [3437aa80-c3e0-4d57-a13b-b81e977559d6][bb1fc585-f087-407a-b043-49c06e320521] Generating... 0 ready, 0 failed / 2 total (27s) play_circle 18% [HÀN play_circle 18% [HÀN
2026-09-05T06:50:03.763Z [08a7ec84-9c75-472a-ac9f-8de77a713041][bb1fc585-f087-407a-b043-49c06e320521] Generating... 0 ready, 0 failed / 2 total (121s)
2026-09-05T06:50:05.026Z [ce62748a-432b-4a65-a1bf-faa910e06c57][bb1fc585-f087-407a-b043-49c06e320521] Start keyframe: uploading "1788443244587_78d8e0_60f7c834-1526-409d-b017-21db20795e19_750.png" to the project library...
2026-09-05T06:50:05.329Z [7add2696-7fe7-4e2c-8fea-7162ae29ca5d][bb1fc585-f087-407a-b043-49c06e320521] Model: selected "Veo 3.1 - Lite [Lower Priority]" ✓
2026-09-05T06:50:05.373Z [3437aa80-c3e0-4d57-a13b-b81e977559d6][bb1fc585-f087-407a-b043-49c06e320521] Generating... 0 ready, 0 failed / 2 total (30s) play_circle 21% [HÀN play_circle 21% [HÀN
2026-09-05T06:50:05.820Z [ce62748a-432b-4a65-a1bf-faa910e06c57][bb1fc585-f087-407a-b043-49c06e320521] Start keyframe: upload finished ✓
2026-09-05T06:50:06.045Z [7add2696-7fe7-4e2c-8fea-7162ae29ca5d][bb1fc585-f087-407a-b043-49c06e320521] Aspect ratio: "crop_16_9 16:9" already selected ✓
2026-09-05T06:50:06.048Z [7add2696-7fe7-4e2c-8fea-7162ae29ca5d][bb1fc585-f087-407a-b043-49c06e320521] Video resolution: toggle group "Video resolution" not present (model may not offer it) — skipped.
2026-09-05T06:50:06.077Z [7add2696-7fe7-4e2c-8fea-7162ae29ca5d][bb1fc585-f087-407a-b043-49c06e320521] Duration: "8s" already selected ✓
2026-09-05T06:50:06.101Z [7add2696-7fe7-4e2c-8fea-7162ae29ca5d][bb1fc585-f087-407a-b043-49c06e320521] Output count: "x2" already selected ✓
2026-09-05T06:50:06.780Z [08a7ec84-9c75-472a-ac9f-8de77a713041][bb1fc585-f087-407a-b043-49c06e320521] Generating... 0 ready, 0 failed / 2 total (124s)
2026-09-05T06:50:07.192Z [7add2696-7fe7-4e2c-8fea-7162ae29ca5d][bb1fc585-f087-407a-b043-49c06e320521] Start keyframe: downloading from URL...
2026-09-05T06:50:07.366Z [7add2696-7fe7-4e2c-8fea-7162ae29ca5d][bb1fc585-f087-407a-b043-49c06e320521] Downloader: no-proxy request context ready.
2026-09-05T06:50:07.673Z [7add2696-7fe7-4e2c-8fea-7162ae29ca5d][bb1fc585-f087-407a-b043-49c06e320521] Start keyframe: saved 165315 bytes (image/png) as "1788443325607_2aca57_60f7c834-1526-409d-b017-21db20795e19_760.png"
2026-09-05T06:50:07.695Z [7add2696-7fe7-4e2c-8fea-7162ae29ca5d][bb1fc585-f087-407a-b043-49c06e320521] Start keyframe: setting start keyframe...
2026-09-05T06:50:08.396Z [3437aa80-c3e0-4d57-a13b-b81e977559d6][bb1fc585-f087-407a-b043-49c06e320521] Generating... 0 ready, 0 failed / 2 total (33s) play_circle 23% [HÀN play_circle 24% [HÀN
2026-09-05T06:50:09.489Z [7add2696-7fe7-4e2c-8fea-7162ae29ca5d][bb1fc585-f087-407a-b043-49c06e320521] Start keyframe: reusing library asset "1788443325607_2aca57_60f7c834-1526-409d-b017-21db20795e19_760.png" (no re-upload).
2026-09-05T06:50:09.794Z [08a7ec84-9c75-472a-ac9f-8de77a713041][bb1fc585-f087-407a-b043-49c06e320521] Generating... 0 ready, 0 failed / 2 total (127s)
2026-09-05T06:50:11.424Z [3437aa80-c3e0-4d57-a13b-b81e977559d6][bb1fc585-f087-407a-b043-49c06e320521] Generating... 0 ready, 0 failed / 2 total (36s) play_circle 26% [HÀN play_circle 26% [HÀN
2026-09-05T06:50:12.737Z [7add2696-7fe7-4e2c-8fea-7162ae29ca5d][bb1fc585-f087-407a-b043-49c06e320521] Start keyframe: start keyframe attached ✓
2026-09-05T06:50:12.747Z [7add2696-7fe7-4e2c-8fea-7162ae29ca5d][bb1fc585-f087-407a-b043-49c06e320521] Entering prompt...
2026-09-05T06:50:12.808Z [08a7ec84-9c75-472a-ac9f-8de77a713041][bb1fc585-f087-407a-b043-49c06e320521] Generating... 0 ready, 0 failed / 2 total (130s)
2026-09-05T06:50:14.192Z [7add2696-7fe7-4e2c-8fea-7162ae29ca5d][bb1fc585-f087-407a-b043-49c06e320521] Prompt is 1083 chars — typing it in 22 chunk(s).
2026-09-05T06:50:14.440Z [3437aa80-c3e0-4d57-a13b-b81e977559d6][bb1fc585-f087-407a-b043-49c06e320521] Generating... 0 ready, 0 failed / 2 total (39s) play_circle 29% [HÀN play_circle 29% [HÀN
2026-09-05T06:50:15.288Z [ce62748a-432b-4a65-a1bf-faa910e06c57][bb1fc585-f087-407a-b043-49c06e320521] Start keyframe: start keyframe attached ✓
2026-09-05T06:50:15.300Z [ce62748a-432b-4a65-a1bf-faa910e06c57][bb1fc585-f087-407a-b043-49c06e320521] Entering prompt...
2026-09-05T06:50:15.822Z [08a7ec84-9c75-472a-ac9f-8de77a713041][bb1fc585-f087-407a-b043-49c06e320521] Generating... 0 ready, 0 failed / 2 total (133s)
2026-09-05T06:50:17.093Z [ce62748a-432b-4a65-a1bf-faa910e06c57][bb1fc585-f087-407a-b043-49c06e320521] Prompt is 1085 chars — typing it in 19 chunk(s).
2026-09-05T06:50:17.455Z [3437aa80-c3e0-4d57-a13b-b81e977559d6][bb1fc585-f087-407a-b043-49c06e320521] Generating... 0 ready, 0 failed / 2 total (42s) play_circle 32% [HÀN play_circle 32% [HÀN
2026-09-05T06:50:18.843Z [08a7ec84-9c75-472a-ac9f-8de77a713041][bb1fc585-f087-407a-b043-49c06e320521] Generating... 0 ready, 0 failed / 2 total (136s)
2026-09-05T06:50:20.530Z [3437aa80-c3e0-4d57-a13b-b81e977559d6][bb1fc585-f087-407a-b043-49c06e320521] Generating... 0 ready, 0 failed / 2 total (45s) play_circle 100% [HÀ play_circle 100% [HÀ
2026-09-05T06:50:21.861Z [08a7ec84-9c75-472a-ac9f-8de77a713041][bb1fc585-f087-407a-b043-49c06e320521] Generating... 0 ready, 0 failed / 2 total (139s)
2026-09-05T06:50:23.541Z [3437aa80-c3e0-4d57-a13b-b81e977559d6][bb1fc585-f087-407a-b043-49c06e320521] Generating... 0 ready, 0 failed / 2 total (48s) play_circle 100% [HÀ play_circle 100% [HÀ
2026-09-05T06:50:24.882Z [08a7ec84-9c75-472a-ac9f-8de77a713041][bb1fc585-f087-407a-b043-49c06e320521] Generating... 0 ready, 0 failed / 2 total (142s)
2026-09-05T06:50:24.915Z [7add2696-7fe7-4e2c-8fea-7162ae29ca5d][bb1fc585-f087-407a-b043-49c06e320521] Prompt insert attempt 1: editor has 1074 chars (want ~1079) ✓
2026-09-05T06:50:25.366Z [ce62748a-432b-4a65-a1bf-faa910e06c57][bb1fc585-f087-407a-b043-49c06e320521] Prompt insert attempt 1: editor has 1074 chars (want ~1081) ✓
2026-09-05T06:50:26.554Z [3437aa80-c3e0-4d57-a13b-b81e977559d6][bb1fc585-f087-407a-b043-49c06e320521] Generating... 0 ready, 0 failed / 2 total (52s) [HÀNH ĐỘNG]Bắt đầu đ [HÀNH ĐỘNG]Bắt đầu đ
2026-09-05T06:50:27.054Z [7add2696-7fe7-4e2c-8fea-7162ae29ca5d][bb1fc585-f087-407a-b043-49c06e320521] Baseline: 50 pre-existing media tile(s) of 50 mounted (kinds: video,video,image,video,video,image,video,video,image,video,video,image,video,video,image,video,video,image,video,video,image,video,video,image,video,video,image,video,image,video,video,image,video,video,image,video,video,image,video,image,video,video,image,video,video,image,video,video,image,video).
2026-09-05T06:50:27.255Z [ce62748a-432b-4a65-a1bf-faa910e06c57][bb1fc585-f087-407a-b043-49c06e320521] Baseline: 49 pre-existing media tile(s) of 49 mounted (kinds: image,video,video,image,video,video,image,video,video,image,video,video,image,video,image,video,video,image,video,video,image,video,video,image,video,video,image,video,video,image,video,video,image,image,image,video,video,image,video,video,image,video,video,image,video,video,image,image,video).
2026-09-05T06:50:27.903Z [08a7ec84-9c75-472a-ac9f-8de77a713041][bb1fc585-f087-407a-b043-49c06e320521] Generating... 0 ready, 0 failed / 2 total (145s)
2026-09-05T06:50:28.904Z [7add2696-7fe7-4e2c-8fea-7162ae29ca5d][bb1fc585-f087-407a-b043-49c06e320521] [submit] confirmed (editor "What do you want to ", fresh tile=true).
2026-09-05T06:50:29.469Z [7add2696-7fe7-4e2c-8fea-7162ae29ca5d][bb1fc585-f087-407a-b043-49c06e320521] Current Workspace project URL: https://flow.google.com/project/cd81a7d3-c989-419e-891a-f8694174cb85?hl=en
2026-09-05T06:50:29.470Z [7add2696-7fe7-4e2c-8fea-7162ae29ca5d][bb1fc585-f087-407a-b043-49c06e320521] Submitted ✓ Detecting batch size...
2026-09-05T06:50:29.482Z [7add2696-7fe7-4e2c-8fea-7162ae29ca5d][bb1fc585-f087-407a-b043-49c06e320521] New tile(s) since submit: 0 → 2 (mounted=50)
2026-09-05T06:50:29.556Z [ce62748a-432b-4a65-a1bf-faa910e06c57][bb1fc585-f087-407a-b043-49c06e320521] [submit] confirmed (editor "What do you want to ", fresh tile=true).
2026-09-05T06:50:29.576Z [3437aa80-c3e0-4d57-a13b-b81e977559d6][bb1fc585-f087-407a-b043-49c06e320521] Generating... 2 ready, 0 failed / 2 total (55s)
2026-09-05T06:50:29.577Z [3437aa80-c3e0-4d57-a13b-b81e977559d6][bb1fc585-f087-407a-b043-49c06e320521] Batch done: 2 ready (target 2), 0 failed, scanned 2.
2026-09-05T06:50:29.577Z [3437aa80-c3e0-4d57-a13b-b81e977559d6][bb1fc585-f087-407a-b043-49c06e320521] 2 item(s) ready! Downloading...
2026-09-05T06:50:29.578Z [3437aa80-c3e0-4d57-a13b-b81e977559d6][bb1fc585-f087-407a-b043-49c06e320521] Item 1: no video source on the tile yet — hovering it to mount one.
2026-09-05T06:50:30.062Z [ce62748a-432b-4a65-a1bf-faa910e06c57][bb1fc585-f087-407a-b043-49c06e320521] Current Workspace project URL: https://flow.google.com/project/cae2bf2b-d1b8-40f9-a300-9f2aa6276ea5?hl=en
2026-09-05T06:50:30.063Z [ce62748a-432b-4a65-a1bf-faa910e06c57][bb1fc585-f087-407a-b043-49c06e320521] Submitted ✓ Detecting batch size...
2026-09-05T06:50:30.076Z [ce62748a-432b-4a65-a1bf-faa910e06c57][bb1fc585-f087-407a-b043-49c06e320521] New tile(s) since submit: 0 → 2 (mounted=49)
2026-09-05T06:50:30.922Z [08a7ec84-9c75-472a-ac9f-8de77a713041][bb1fc585-f087-407a-b043-49c06e320521] Generating... 0 ready, 0 failed / 2 total (148s)
2026-09-05T06:50:31.405Z [3437aa80-c3e0-4d57-a13b-b81e977559d6][bb1fc585-f087-407a-b043-49c06e320521] Item 1: Downloading from URL https://flow-content.google/video/5849088b-3984-47ae-b7ed-56a6ce19b3c3?Expires=1788612620&KeyName=labs-flow-prod-cdn-key&Signature=_dcCeCFCVeec75F6yyFrihz3aXI
2026-09-05T06:50:32.298Z [3437aa80-c3e0-4d57-a13b-b81e977559d6][bb1fc585-f087-407a-b043-49c06e320521] Downloaded 1/2: video_2026-09-05T06-50-29_01.mp4
2026-09-05T06:50:32.298Z [3437aa80-c3e0-4d57-a13b-b81e977559d6][bb1fc585-f087-407a-b043-49c06e320521] Item 2: no video source on the tile yet — hovering it to mount one.
2026-09-05T06:50:33.630Z [7add2696-7fe7-4e2c-8fea-7162ae29ca5d][bb1fc585-f087-407a-b043-49c06e320521] Batch size stabilised at 2 new tile(s)
2026-09-05T06:50:33.630Z [7add2696-7fe7-4e2c-8fea-7162ae29ca5d][bb1fc585-f087-407a-b043-49c06e320521] Batch detected: 2 item(s). Generating...
2026-09-05T06:50:33.630Z [7add2696-7fe7-4e2c-8fea-7162ae29ca5d][bb1fc585-f087-407a-b043-49c06e320521] Polling for 2 video item(s) (baseline=50, hasUpload=true)...
2026-09-05T06:50:33.644Z [7add2696-7fe7-4e2c-8fea-7162ae29ca5d][bb1fc585-f087-407a-b043-49c06e320521] Generating... 0 ready, 0 failed / 2 total (0s) play_circle [HÀNH ĐỘ play_circle [HÀNH ĐỘ
2026-09-05T06:50:33.948Z [08a7ec84-9c75-472a-ac9f-8de77a713041][bb1fc585-f087-407a-b043-49c06e320521] Generating... 0 ready, 0 failed / 2 total (151s)
2026-09-05T06:50:34.033Z [3437aa80-c3e0-4d57-a13b-b81e977559d6][bb1fc585-f087-407a-b043-49c06e320521] Item 2: Downloading from URL https://flow-content.google/video/a9dae471-e559-4ba4-adbe-5483d7c1ab0f?Expires=1788612620&KeyName=labs-flow-prod-cdn-key&Signature=fzhzU2UYpNZVDKE0bMIYSlw7blk
2026-09-05T06:50:34.210Z [ce62748a-432b-4a65-a1bf-faa910e06c57][bb1fc585-f087-407a-b043-49c06e320521] Batch size stabilised at 2 new tile(s)
2026-09-05T06:50:34.210Z [ce62748a-432b-4a65-a1bf-faa910e06c57][bb1fc585-f087-407a-b043-49c06e320521] Batch detected: 2 item(s). Generating...
2026-09-05T06:50:34.211Z [ce62748a-432b-4a65-a1bf-faa910e06c57][bb1fc585-f087-407a-b043-49c06e320521] Polling for 2 video item(s) (baseline=49, hasUpload=true)...
2026-09-05T06:50:34.223Z [ce62748a-432b-4a65-a1bf-faa910e06c57][bb1fc585-f087-407a-b043-49c06e320521] Generating... 0 ready, 0 failed / 2 total (0s) play_circle [HÀNH ĐỘ play_circle [HÀNH ĐỘ
2026-09-05T06:50:35.335Z [3437aa80-c3e0-4d57-a13b-b81e977559d6][bb1fc585-f087-407a-b043-49c06e320521] Downloaded 2/2: video_2026-09-05T06-50-29_02.mp4
2026-09-05T06:50:35.336Z [3437aa80-c3e0-4d57-a13b-b81e977559d6][bb1fc585-f087-407a-b043-49c06e320521] ✅ 2 item(s) saved to Downloads/Win AI Toolkit/
2026-09-05T06:50:36.672Z [7add2696-7fe7-4e2c-8fea-7162ae29ca5d][bb1fc585-f087-407a-b043-49c06e320521] Generating... 0 ready, 0 failed / 2 total (3s) play_circle [HÀNH ĐỘ play_circle [HÀNH ĐỘ
2026-09-05T06:50:36.972Z [08a7ec84-9c75-472a-ac9f-8de77a713041][bb1fc585-f087-407a-b043-49c06e320521] Generating... 0 ready, 0 failed / 2 total (154s)
2026-09-05T06:50:37.245Z [ce62748a-432b-4a65-a1bf-faa910e06c57][bb1fc585-f087-407a-b043-49c06e320521] Generating... 0 ready, 0 failed / 2 total (3s) play_circle [HÀNH ĐỘ play_circle [HÀNH ĐỘ
2026-09-05T06:50:39.695Z [7add2696-7fe7-4e2c-8fea-7162ae29ca5d][bb1fc585-f087-407a-b043-49c06e320521] Generating... 0 ready, 0 failed / 2 total (6s) play_circle 0% [HÀNH play_circle 0% [HÀNH
2026-09-05T06:50:39.995Z [08a7ec84-9c75-472a-ac9f-8de77a713041][bb1fc585-f087-407a-b043-49c06e320521] Generating... 0 ready, 0 failed / 2 total (157s)
2026-09-05T06:50:40.263Z [ce62748a-432b-4a65-a1bf-faa910e06c57][bb1fc585-f087-407a-b043-49c06e320521] Generating... 0 ready, 0 failed / 2 total (6s) play_circle 0% [HÀNH play_circle 0% [HÀNH
2026-09-05T06:50:42.712Z [7add2696-7fe7-4e2c-8fea-7162ae29ca5d][bb1fc585-f087-407a-b043-49c06e320521] Generating... 0 ready, 0 failed / 2 total (9s) play_circle 1% [HÀNH play_circle 2% [HÀNH
2026-09-05T06:50:43.024Z [08a7ec84-9c75-472a-ac9f-8de77a713041][bb1fc585-f087-407a-b043-49c06e320521] Generating... 0 ready, 0 failed / 2 total (160s)
2026-09-05T06:50:43.283Z [ce62748a-432b-4a65-a1bf-faa910e06c57][bb1fc585-f087-407a-b043-49c06e320521] Generating... 0 ready, 0 failed / 2 total (9s) play_circle 3% [HÀNH play_circle 4% [HÀNH
2026-09-05T06:50:45.729Z [7add2696-7fe7-4e2c-8fea-7162ae29ca5d][bb1fc585-f087-407a-b043-49c06e320521] Generating... 0 ready, 0 failed / 2 total (12s) play_circle 5% [HÀNH play_circle 5% [HÀNH
2026-09-05T06:50:46.044Z [08a7ec84-9c75-472a-ac9f-8de77a713041][bb1fc585-f087-407a-b043-49c06e320521] Generating... 0 ready, 0 failed / 2 total (163s)
2026-09-05T06:50:46.304Z [ce62748a-432b-4a65-a1bf-faa910e06c57][bb1fc585-f087-407a-b043-49c06e320521] Generating... 0 ready, 0 failed / 2 total (12s) play_circle 6% [HÀNH play_circle 6% [HÀNH
2026-09-05T06:50:48.745Z [7add2696-7fe7-4e2c-8fea-7162ae29ca5d][bb1fc585-f087-407a-b043-49c06e320521] Generating... 0 ready, 0 failed / 2 total (15s) play_circle 8% [HÀNH play_circle 7% [HÀNH
2026-09-05T06:50:49.062Z [08a7ec84-9c75-472a-ac9f-8de77a713041][bb1fc585-f087-407a-b043-49c06e320521] Generating... 0 ready, 0 failed / 2 total (166s)
2026-09-05T06:50:49.325Z [ce62748a-432b-4a65-a1bf-faa910e06c57][bb1fc585-f087-407a-b043-49c06e320521] Generating... 0 ready, 0 failed / 2 total (15s) play_circle 9% [HÀNH play_circle 8% [HÀNH
2026-09-05T06:50:51.763Z [7add2696-7fe7-4e2c-8fea-7162ae29ca5d][bb1fc585-f087-407a-b043-49c06e320521] Generating... 0 ready, 0 failed / 2 total (18s) play_circle 10% [HÀN play_circle 10% [HÀN
2026-09-05T06:50:52.081Z [08a7ec84-9c75-472a-ac9f-8de77a713041][bb1fc585-f087-407a-b043-49c06e320521] Generating... 0 ready, 0 failed / 2 total (169s)
2026-09-05T06:50:52.345Z [ce62748a-432b-4a65-a1bf-faa910e06c57][bb1fc585-f087-407a-b043-49c06e320521] Generating... 0 ready, 0 failed / 2 total (18s) play_circle 11% [HÀN play_circle 10% [HÀN
2026-09-05T06:50:54.783Z [7add2696-7fe7-4e2c-8fea-7162ae29ca5d][bb1fc585-f087-407a-b043-49c06e320521] Generating... 0 ready, 0 failed / 2 total (21s) play_circle 13% [HÀN play_circle 13% [HÀN
2026-09-05T06:50:55.104Z [08a7ec84-9c75-472a-ac9f-8de77a713041][bb1fc585-f087-407a-b043-49c06e320521] Generating... 0 ready, 0 failed / 2 total (172s)
2026-09-05T06:50:55.376Z [ce62748a-432b-4a65-a1bf-faa910e06c57][bb1fc585-f087-407a-b043-49c06e320521] Generating... 0 ready, 0 failed / 2 total (21s) play_circle 14% [HÀN play_circle 14% [HÀN
2026-09-05T06:50:57.798Z [7add2696-7fe7-4e2c-8fea-7162ae29ca5d][bb1fc585-f087-407a-b043-49c06e320521] Generating... 0 ready, 0 failed / 2 total (24s) play_circle 16% [HÀN play_circle 15% [HÀN
2026-09-05T06:50:58.126Z [08a7ec84-9c75-472a-ac9f-8de77a713041][bb1fc585-f087-407a-b043-49c06e320521] Generating... 0 ready, 0 failed / 2 total (175s)
2026-09-05T06:50:58.401Z [ce62748a-432b-4a65-a1bf-faa910e06c57][bb1fc585-f087-407a-b043-49c06e320521] Generating... 0 ready, 0 failed / 2 total (24s) play_circle 17% [HÀN play_circle 16% [HÀN
2026-09-05T06:51:00.812Z [7add2696-7fe7-4e2c-8fea-7162ae29ca5d][bb1fc585-f087-407a-b043-49c06e320521] Generating... 0 ready, 0 failed / 2 total (27s) play_circle 19% [HÀN play_circle 18% [HÀN
2026-09-05T06:51:01.144Z [08a7ec84-9c75-472a-ac9f-8de77a713041][bb1fc585-f087-407a-b043-49c06e320521] Generating... 0 ready, 0 failed / 2 total (178s)
2026-09-05T06:51:01.425Z [ce62748a-432b-4a65-a1bf-faa910e06c57][bb1fc585-f087-407a-b043-49c06e320521] Generating... 0 ready, 0 failed / 2 total (27s) play_circle 19% [HÀN play_circle 19% [HÀN
2026-09-05T06:51:03.834Z [7add2696-7fe7-4e2c-8fea-7162ae29ca5d][bb1fc585-f087-407a-b043-49c06e320521] Generating... 0 ready, 0 failed / 2 total (30s) play_circle 20% [HÀN play_circle 21% [HÀN
2026-09-05T06:51:04.150Z [08a7ec84-9c75-472a-ac9f-8de77a713041][bb1fc585-f087-407a-b043-49c06e320521] Flow attempt 1/1 failed: Workspace items did not appear after 181s. Are you logged in?
2026-09-05T06:51:04.151Z [08a7ec84-9c75-472a-ac9f-8de77a713041][bb1fc585-f087-407a-b043-49c06e320521] runGeneration ERROR exception: Error: Workspace items did not appear after 181s. Are you logged in?
    at runGoogleFlow (C:\snapshot\sidecar\dist\sidecar.cjs:8086:11)
    at async runGeneration (C:\snapshot\sidecar\dist\sidecar.cjs:8392:11)
    at async handleCommand (C:\snapshot\sidecar\dist\sidecar.cjs:6510:7)
    at async C:\snapshot\sidecar\dist\sidecar.cjs:6426:11
2026-09-05T06:51:04.452Z [ce62748a-432b-4a65-a1bf-faa910e06c57][bb1fc585-f087-407a-b043-49c06e320521] Generating... 0 ready, 0 failed / 2 total (30s) play_circle 23% [HÀN play_circle 23% [HÀN
2026-09-05T06:51:05.317Z [d0a17246-c92c-46ae-abc8-c63a885e1da2][bb1fc585-f087-407a-b043-49c06e320521] runGeneration starting: task_id=d0a17246-c92c-46ae-abc8-c63a885e1da2, profile_id=bb1fc585-f087-407a-b043-49c06e320521, target_site=google_flow
2026-09-05T06:51:05.318Z [d0a17246-c92c-46ae-abc8-c63a885e1da2][bb1fc585-f087-407a-b043-49c06e320521] Opening Playwright browser with persistent profile cookies...
2026-09-05T06:51:05.318Z [d0a17246-c92c-46ae-abc8-c63a885e1da2][bb1fc585-f087-407a-b043-49c06e320521] Browser engine: winhide (C:\Users\Admin\AppData\Roaming\com.tank.winai\winhide\chrome.exe) [hidden off-screen]
2026-09-05T06:51:05.319Z [d0a17246-c92c-46ae-abc8-c63a885e1da2][bb1fc585-f087-407a-b043-49c06e320521] Launch mode: STEALTH (raw spawn + connectOverCDP)
2026-09-05T06:51:06.859Z [7add2696-7fe7-4e2c-8fea-7162ae29ca5d][bb1fc585-f087-407a-b043-49c06e320521] Generating... 0 ready, 0 failed / 2 total (33s) play_circle 23% [HÀN play_circle 23% [HÀN
2026-09-05T06:51:07.260Z [d0a17246-c92c-46ae-abc8-c63a885e1da2][bb1fc585-f087-407a-b043-49c06e320521] Exit IP: 115.74.128.9
2026-09-05T06:51:07.261Z [d0a17246-c92c-46ae-abc8-c63a885e1da2][bb1fc585-f087-407a-b043-49c06e320521] Navigating browser to Google Flow tools page...
2026-09-05T06:51:07.261Z [d0a17246-c92c-46ae-abc8-c63a885e1da2][bb1fc585-f087-407a-b043-49c06e320521] Using existing project URL: https://flow.google.com/project/33ca2cc2-c9ff-4bb6-9048-2a7af1dfcfee?hl=en
2026-09-05T06:51:07.477Z [ce62748a-432b-4a65-a1bf-faa910e06c57][bb1fc585-f087-407a-b043-49c06e320521] Generating... 0 ready, 0 failed / 2 total (33s) play_circle 25% [HÀN play_circle 24% [HÀN
2026-09-05T06:51:08.089Z [d0a17246-c92c-46ae-abc8-c63a885e1da2][bb1fc585-f087-407a-b043-49c06e320521] Waiting for Google Flow...
2026-09-05T06:51:09.735Z [d0a17246-c92c-46ae-abc8-c63a885e1da2][bb1fc585-f087-407a-b043-49c06e320521] In existing project ✓
2026-09-05T06:51:09.877Z [7add2696-7fe7-4e2c-8fea-7162ae29ca5d][bb1fc585-f087-407a-b043-49c06e320521] Generating... 0 ready, 0 failed / 2 total (36s) play_circle 27% [HÀN play_circle 27% [HÀN
2026-09-05T06:51:10.495Z [ce62748a-432b-4a65-a1bf-faa910e06c57][bb1fc585-f087-407a-b043-49c06e320521] Generating... 0 ready, 0 failed / 2 total (36s) play_circle 28% [HÀN play_circle 28% [HÀN
2026-09-05T06:51:10.857Z [d0a17246-c92c-46ae-abc8-c63a885e1da2][bb1fc585-f087-407a-b043-49c06e320521] dismissPopups: unresolved overlay(s) ["IFRAME[presentation]|btns="]
2026-09-05T06:51:12.896Z [7add2696-7fe7-4e2c-8fea-7162ae29ca5d][bb1fc585-f087-407a-b043-49c06e320521] Generating... 0 ready, 0 failed / 2 total (39s) play_circle 29% [HÀN play_circle 29% [HÀN
2026-09-05T06:51:13.514Z [ce62748a-432b-4a65-a1bf-faa910e06c57][bb1fc585-f087-407a-b043-49c06e320521] Generating... 0 ready, 0 failed / 2 total (39s) play_circle 31% [HÀN play_circle 30% [HÀN
2026-09-05T06:51:15.960Z [d0a17246-c92c-46ae-abc8-c63a885e1da2][bb1fc585-f087-407a-b043-49c06e320521] Composer ready ✓ (UI language: en)
2026-09-05T06:51:15.968Z [7add2696-7fe7-4e2c-8fea-7162ae29ca5d][bb1fc585-f087-407a-b043-49c06e320521] Generating... 0 ready, 0 failed / 2 total (42s) play_circle 32% [HÀN play_circle 32% [HÀN
2026-09-05T06:51:15.990Z [d0a17246-c92c-46ae-abc8-c63a885e1da2][bb1fc585-f087-407a-b043-49c06e320521] dismissPopups: unresolved overlay(s) ["DIV[]|btns=","DIV[]|btns="]
2026-09-05T06:51:16.011Z [d0a17246-c92c-46ae-abc8-c63a885e1da2][bb1fc585-f087-407a-b043-49c06e320521] Agent toggle aria-pressed=false
2026-09-05T06:51:16.011Z [d0a17246-c92c-46ae-abc8-c63a885e1da2][bb1fc585-f087-407a-b043-49c06e320521] Opening settings...
2026-09-05T06:51:16.532Z [ce62748a-432b-4a65-a1bf-faa910e06c57][bb1fc585-f087-407a-b043-49c06e320521] Generating... 0 ready, 0 failed / 2 total (42s) play_circle 34% [HÀN play_circle 34% [HÀN
2026-09-05T06:51:17.963Z [d0a17246-c92c-46ae-abc8-c63a885e1da2][bb1fc585-f087-407a-b043-49c06e320521] Configuring video settings...
2026-09-05T06:51:17.988Z [d0a17246-c92c-46ae-abc8-c63a885e1da2][bb1fc585-f087-407a-b043-49c06e320521] Mode: "videocam Video" already selected ✓
2026-09-05T06:51:18.986Z [7add2696-7fe7-4e2c-8fea-7162ae29ca5d][bb1fc585-f087-407a-b043-49c06e320521] Generating... 0 ready, 0 failed / 2 total (45s) play_circle 100% [HÀ play_circle 35% [HÀN
2026-09-05T06:51:19.563Z [ce62748a-432b-4a65-a1bf-faa910e06c57][bb1fc585-f087-407a-b043-49c06e320521] Generating... 0 ready, 0 failed / 2 total (45s) play_circle 37% [HÀN play_circle 37% [HÀN
2026-09-05T06:51:20.883Z [d0a17246-c92c-46ae-abc8-c63a885e1da2][bb1fc585-f087-407a-b043-49c06e320521] Video type: selected "crop_free Frames" ✓
2026-09-05T06:51:22.005Z [7add2696-7fe7-4e2c-8fea-7162ae29ca5d][bb1fc585-f087-407a-b043-49c06e320521] Generating... 0 ready, 0 failed / 2 total (48s) play_circle 100% [HÀ play_circle 37% [HÀN
2026-09-05T06:51:22.584Z [ce62748a-432b-4a65-a1bf-faa910e06c57][bb1fc585-f087-407a-b043-49c06e320521] Generating... 0 ready, 0 failed / 2 total (48s) play_circle 38% [HÀN play_circle 38% [HÀN
2026-09-05T06:51:25.025Z [7add2696-7fe7-4e2c-8fea-7162ae29ca5d][bb1fc585-f087-407a-b043-49c06e320521] Generating... 0 ready, 0 failed / 2 total (51s) [HÀNH ĐỘNG]Bắt đầu đ play_circle 100% [HÀ
2026-09-05T06:51:25.273Z [3437aa80-c3e0-4d57-a13b-b81e977559d6][bb1fc585-f087-407a-b043-49c06e320521] Item 1 (try 1): 1080p saved via the UI download flow.
2026-09-05T06:51:25.314Z [3437aa80-c3e0-4d57-a13b-b81e977559d6][bb1fc585-f087-407a-b043-49c06e320521] Item 1: upgraded to 1080p → D:\WINAI\Slow-English-with-Arlo_7_37_cmtlc8wk\video_2026-09-05T06-50-29_01.mp4
2026-09-05T06:51:25.497Z [d0a17246-c92c-46ae-abc8-c63a885e1da2][bb1fc585-f087-407a-b043-49c06e320521] Model: selected "Veo 3.1 - Lite [Lower Priority]" ✓
2026-09-05T06:51:25.597Z [ce62748a-432b-4a65-a1bf-faa910e06c57][bb1fc585-f087-407a-b043-49c06e320521] Generating... 0 ready, 0 failed / 2 total (51s) play_circle 100% [HÀ play_circle 100% [HÀ
2026-09-05T06:51:26.444Z [d0a17246-c92c-46ae-abc8-c63a885e1da2][bb1fc585-f087-407a-b043-49c06e320521] Aspect ratio: "crop_16_9 16:9" already selected ✓
2026-09-05T06:51:26.451Z [d0a17246-c92c-46ae-abc8-c63a885e1da2][bb1fc585-f087-407a-b043-49c06e320521] Video resolution: toggle group "Video resolution" not present (model may not offer it) — skipped.
2026-09-05T06:51:26.503Z [d0a17246-c92c-46ae-abc8-c63a885e1da2][bb1fc585-f087-407a-b043-49c06e320521] Duration: "8s" already selected ✓
2026-09-05T06:51:26.527Z [d0a17246-c92c-46ae-abc8-c63a885e1da2][bb1fc585-f087-407a-b043-49c06e320521] Output count: "x2" already selected ✓
2026-09-05T06:51:27.653Z [d0a17246-c92c-46ae-abc8-c63a885e1da2][bb1fc585-f087-407a-b043-49c06e320521] Start keyframe: downloading from URL...
2026-09-05T06:51:27.938Z [d0a17246-c92c-46ae-abc8-c63a885e1da2][bb1fc585-f087-407a-b043-49c06e320521] Downloader: no-proxy request context ready.
2026-09-05T06:51:28.047Z [7add2696-7fe7-4e2c-8fea-7162ae29ca5d][bb1fc585-f087-407a-b043-49c06e320521] Generating... 1 ready, 0 failed / 2 total (54s) play_circle 100% [HÀ
2026-09-05T06:51:28.239Z [d0a17246-c92c-46ae-abc8-c63a885e1da2][bb1fc585-f087-407a-b043-49c06e320521] Start keyframe: saved 140441 bytes (image/png) as "1788443436286_87f221_60f7c834-1526-409d-b017-21db20795e19_854.png"
2026-09-05T06:51:28.276Z [d0a17246-c92c-46ae-abc8-c63a885e1da2][bb1fc585-f087-407a-b043-49c06e320521] Start keyframe: setting start keyframe...
2026-09-05T06:51:28.616Z [ce62748a-432b-4a65-a1bf-faa910e06c57][bb1fc585-f087-407a-b043-49c06e320521] Generating... 0 ready, 0 failed / 2 total (54s) [HÀNH ĐỘNG]Bắt đầu đ play_circle 100% [HÀ
2026-09-05T06:51:29.917Z [d0a17246-c92c-46ae-abc8-c63a885e1da2][bb1fc585-f087-407a-b043-49c06e320521] Start keyframe: reusing library asset "1788443436286_87f221_60f7c834-1526-409d-b017-21db20795e19_854.png" (no re-upload).
2026-09-05T06:51:31.072Z [7add2696-7fe7-4e2c-8fea-7162ae29ca5d][bb1fc585-f087-407a-b043-49c06e320521] Generating... 2 ready, 0 failed / 2 total (57s)
2026-09-05T06:51:31.072Z [7add2696-7fe7-4e2c-8fea-7162ae29ca5d][bb1fc585-f087-407a-b043-49c06e320521] Batch done: 2 ready (target 2), 0 failed, scanned 2.
2026-09-05T06:51:31.072Z [7add2696-7fe7-4e2c-8fea-7162ae29ca5d][bb1fc585-f087-407a-b043-49c06e320521] 2 item(s) ready! Downloading...
2026-09-05T06:51:31.073Z [7add2696-7fe7-4e2c-8fea-7162ae29ca5d][bb1fc585-f087-407a-b043-49c06e320521] Item 1: no video source on the tile yet — hovering it to mount one.
2026-09-05T06:51:31.635Z [ce62748a-432b-4a65-a1bf-faa910e06c57][bb1fc585-f087-407a-b043-49c06e320521] Generating... 1 ready, 0 failed / 2 total (57s) [HÀNH ĐỘNG]Bắt đầu đ
2026-09-05T06:51:32.975Z [7add2696-7fe7-4e2c-8fea-7162ae29ca5d][bb1fc585-f087-407a-b043-49c06e320521] Item 1: Downloading from URL https://flow-content.google/video/ee94da0d-55f5-492d-b725-44bd189dfbe6?Expires=1788612678&KeyName=labs-flow-prod-cdn-key&Signature=JrDgNXJq26NG7hkJV4tnU6152Rw
2026-09-05T06:51:33.590Z [d0a17246-c92c-46ae-abc8-c63a885e1da2][bb1fc585-f087-407a-b043-49c06e320521] Start keyframe: start keyframe attached ✓
2026-09-05T06:51:33.602Z [d0a17246-c92c-46ae-abc8-c63a885e1da2][bb1fc585-f087-407a-b043-49c06e320521] Entering prompt...
2026-09-05T06:51:34.656Z [ce62748a-432b-4a65-a1bf-faa910e06c57][bb1fc585-f087-407a-b043-49c06e320521] Generating... 2 ready, 0 failed / 2 total (60s)
2026-09-05T06:51:34.657Z [ce62748a-432b-4a65-a1bf-faa910e06c57][bb1fc585-f087-407a-b043-49c06e320521] Batch done: 2 ready (target 2), 0 failed, scanned 2.
2026-09-05T06:51:34.657Z [ce62748a-432b-4a65-a1bf-faa910e06c57][bb1fc585-f087-407a-b043-49c06e320521] 2 item(s) ready! Downloading...
2026-09-05T06:51:34.658Z [ce62748a-432b-4a65-a1bf-faa910e06c57][bb1fc585-f087-407a-b043-49c06e320521] Item 1: no video source on the tile yet — hovering it to mount one.
2026-09-05T06:51:34.876Z [7add2696-7fe7-4e2c-8fea-7162ae29ca5d][bb1fc585-f087-407a-b043-49c06e320521] Downloaded 1/2: video_2026-09-05T06-51-31_01.mp4
2026-09-05T06:51:34.877Z [7add2696-7fe7-4e2c-8fea-7162ae29ca5d][bb1fc585-f087-407a-b043-49c06e320521] Item 2: no video source on the tile yet — hovering it to mount one.
2026-09-05T06:51:35.460Z [d0a17246-c92c-46ae-abc8-c63a885e1da2][bb1fc585-f087-407a-b043-49c06e320521] Prompt is 964 chars — typing it in 19 chunk(s).
2026-09-05T06:51:36.275Z [7add2696-7fe7-4e2c-8fea-7162ae29ca5d][bb1fc585-f087-407a-b043-49c06e320521] Item 2: Downloading from URL https://flow-content.google/video/5022c35d-b007-40b2-a5f6-f47b8452b795?Expires=1788612683&KeyName=labs-flow-prod-cdn-key&Signature=cyt9nHWKkLT-qleh_0vleJx-ck4
2026-09-05T06:51:36.582Z [ce62748a-432b-4a65-a1bf-faa910e06c57][bb1fc585-f087-407a-b043-49c06e320521] Item 1: Downloading from URL https://flow-content.google/video/f0e266b7-e767-4952-b5fb-76449aa3e0d3?Expires=1788612684&KeyName=labs-flow-prod-cdn-key&Signature=JnetA8Wzr3aMDbzo5005s3ZBfIA
2026-09-05T06:51:37.508Z [7add2696-7fe7-4e2c-8fea-7162ae29ca5d][bb1fc585-f087-407a-b043-49c06e320521] Downloaded 2/2: video_2026-09-05T06-51-31_02.mp4
2026-09-05T06:51:37.508Z [7add2696-7fe7-4e2c-8fea-7162ae29ca5d][bb1fc585-f087-407a-b043-49c06e320521] ✅ 2 item(s) saved to Downloads/Win AI Toolkit/
2026-09-05T06:51:38.478Z [ce62748a-432b-4a65-a1bf-faa910e06c57][bb1fc585-f087-407a-b043-49c06e320521] Downloaded 1/2: video_2026-09-05T06-51-34_01.mp4
2026-09-05T06:51:38.479Z [ce62748a-432b-4a65-a1bf-faa910e06c57][bb1fc585-f087-407a-b043-49c06e320521] Item 2: no video source on the tile yet — hovering it to mount one.
2026-09-05T06:51:39.899Z [ce62748a-432b-4a65-a1bf-faa910e06c57][bb1fc585-f087-407a-b043-49c06e320521] Item 2: Downloading from URL https://flow-content.google/video/8e29cea7-6cb2-490f-b293-0558fcf61996?Expires=1788612684&KeyName=labs-flow-prod-cdn-key&Signature=8O3cm4_pNwjqf0OK72GoEOsgRJk
2026-09-05T06:51:40.986Z [ce62748a-432b-4a65-a1bf-faa910e06c57][bb1fc585-f087-407a-b043-49c06e320521] Downloaded 2/2: video_2026-09-05T06-51-34_02.mp4
2026-09-05T06:51:40.986Z [ce62748a-432b-4a65-a1bf-faa910e06c57][bb1fc585-f087-407a-b043-49c06e320521] ✅ 2 item(s) saved to Downloads/Win AI Toolkit/
2026-09-05T06:51:44.044Z [d0a17246-c92c-46ae-abc8-c63a885e1da2][bb1fc585-f087-407a-b043-49c06e320521] Prompt insert attempt 1: editor has 953 chars (want ~960) ✓
2026-09-05T06:51:46.247Z [d0a17246-c92c-46ae-abc8-c63a885e1da2][bb1fc585-f087-407a-b043-49c06e320521] Baseline: 50 pre-existing media tile(s) of 50 mounted (kinds: image,video,video,image,video,video,image,video,video,video,video,video,image,video,video,image,video,video,image,video,video,image,image,video,video,image,video,video,image,video,video,image,video,video,image,video,video,image,video,image,video,video,image,video,video,image,video,video,image,video).
2026-09-05T06:51:48.751Z [d0a17246-c92c-46ae-abc8-c63a885e1da2][bb1fc585-f087-407a-b043-49c06e320521] [submit] confirmed (editor "What do you want to ", fresh tile=true).
2026-09-05T06:51:49.542Z [d0a17246-c92c-46ae-abc8-c63a885e1da2][bb1fc585-f087-407a-b043-49c06e320521] Current Workspace project URL: https://flow.google.com/project/33ca2cc2-c9ff-4bb6-9048-2a7af1dfcfee?hl=en
2026-09-05T06:51:49.543Z [d0a17246-c92c-46ae-abc8-c63a885e1da2][bb1fc585-f087-407a-b043-49c06e320521] Submitted ✓ Detecting batch size...
2026-09-05T06:51:49.564Z [d0a17246-c92c-46ae-abc8-c63a885e1da2][bb1fc585-f087-407a-b043-49c06e320521] New tile(s) since submit: 0 → 2 (mounted=49)
2026-09-05T06:51:53.723Z [d0a17246-c92c-46ae-abc8-c63a885e1da2][bb1fc585-f087-407a-b043-49c06e320521] Batch size stabilised at 2 new tile(s)
2026-09-05T06:51:53.724Z [d0a17246-c92c-46ae-abc8-c63a885e1da2][bb1fc585-f087-407a-b043-49c06e320521] Batch detected: 2 item(s). Generating...
2026-09-05T06:51:53.724Z [d0a17246-c92c-46ae-abc8-c63a885e1da2][bb1fc585-f087-407a-b043-49c06e320521] Polling for 2 video item(s) (baseline=50, hasUpload=true)...
2026-09-05T06:51:53.737Z [d0a17246-c92c-46ae-abc8-c63a885e1da2][bb1fc585-f087-407a-b043-49c06e320521] Generating... 0 ready, 0 failed / 2 total (0s) play_circle [HÀNH ĐỘ play_circle [HÀNH ĐỘ
2026-09-05T06:51:56.761Z [d0a17246-c92c-46ae-abc8-c63a885e1da2][bb1fc585-f087-407a-b043-49c06e320521] Generating... 0 ready, 0 failed / 2 total (3s) play_circle [HÀNH ĐỘ play_circle [HÀNH ĐỘ
2026-09-05T06:51:59.785Z [d0a17246-c92c-46ae-abc8-c63a885e1da2][bb1fc585-f087-407a-b043-49c06e320521] Generating... 0 ready, 0 failed / 2 total (6s) play_circle 0% [HÀNH play_circle 0% [HÀNH
2026-09-05T06:52:02.813Z [d0a17246-c92c-46ae-abc8-c63a885e1da2][bb1fc585-f087-407a-b043-49c06e320521] Generating... 0 ready, 0 failed / 2 total (9s) play_circle 1% [HÀNH play_circle 2% [HÀNH
2026-09-05T06:52:03.882Z [3437aa80-c3e0-4d57-a13b-b81e977559d6][bb1fc585-f087-407a-b043-49c06e320521] Item 2 (try 1): 1080p saved via the UI download flow.
2026-09-05T06:52:03.952Z [3437aa80-c3e0-4d57-a13b-b81e977559d6][bb1fc585-f087-407a-b043-49c06e320521] Item 2: upgraded to 1080p → D:\WINAI\Slow-English-with-Arlo_7_37_cmtlc8wk\video_2026-09-05T06-50-29_02.mp4
2026-09-05T06:52:03.953Z [3437aa80-c3e0-4d57-a13b-b81e977559d6][bb1fc585-f087-407a-b043-49c06e320521] Uploading 2 video(s) to Xanh...
2026-09-05T06:52:05.828Z [d0a17246-c92c-46ae-abc8-c63a885e1da2][bb1fc585-f087-407a-b043-49c06e320521] Generating... 0 ready, 0 failed / 2 total (12s) play_circle 5% [HÀNH play_circle 4% [HÀNH
2026-09-05T06:52:07.538Z [3437aa80-c3e0-4d57-a13b-b81e977559d6][bb1fc585-f087-407a-b043-49c06e320521] Item 1: Re-uploaded 1080p → https://studio.xanhmedia.vn/uploads/2026-09/1788591127233_2eafea_bb1fc585-f087-407a-b043-49c06e320521_343.mp4
2026-09-05T06:52:07.921Z [3437aa80-c3e0-4d57-a13b-b81e977559d6][bb1fc585-f087-407a-b043-49c06e320521] Item 2: Re-uploaded 1080p → https://studio.xanhmedia.vn/uploads/2026-09/1788591127625_7d80f2_bb1fc585-f087-407a-b043-49c06e320521_343.mp4
2026-09-05T06:52:07.922Z [3437aa80-c3e0-4d57-a13b-b81e977559d6][bb1fc585-f087-407a-b043-49c06e320521] ✅ 2 item(s) + 1080p saved to Downloads/Win AI Toolkit/
2026-09-05T06:52:07.924Z [3437aa80-c3e0-4d57-a13b-b81e977559d6][bb1fc585-f087-407a-b043-49c06e320521] All done (including any 1080p upgrades). Closing Playwright browser context.
2026-09-05T06:52:08.606Z [d89adfab-322d-438d-866e-b336b205fe1d][bb1fc585-f087-407a-b043-49c06e320521] runGeneration starting: task_id=d89adfab-322d-438d-866e-b336b205fe1d, profile_id=bb1fc585-f087-407a-b043-49c06e320521, target_site=google_flow
2026-09-05T06:52:08.607Z [d89adfab-322d-438d-866e-b336b205fe1d][bb1fc585-f087-407a-b043-49c06e320521] Opening Playwright browser with persistent profile cookies...
2026-09-05T06:52:08.607Z [d89adfab-322d-438d-866e-b336b205fe1d][bb1fc585-f087-407a-b043-49c06e320521] Browser engine: winhide (C:\Users\Admin\AppData\Roaming\com.tank.winai\winhide\chrome.exe) [hidden off-screen]
2026-09-05T06:52:08.608Z [d89adfab-322d-438d-866e-b336b205fe1d][bb1fc585-f087-407a-b043-49c06e320521] Launch mode: STEALTH (raw spawn + connectOverCDP)
2026-09-05T06:52:08.850Z [d0a17246-c92c-46ae-abc8-c63a885e1da2][bb1fc585-f087-407a-b043-49c06e320521] Generating... 0 ready, 0 failed / 2 total (15s) play_circle 8% [HÀNH play_circle 8% [HÀNH
2026-09-05T06:52:10.526Z [d89adfab-322d-438d-866e-b336b205fe1d][bb1fc585-f087-407a-b043-49c06e320521] Exit IP: 115.74.128.9
2026-09-05T06:52:10.526Z [d89adfab-322d-438d-866e-b336b205fe1d][bb1fc585-f087-407a-b043-49c06e320521] Navigating browser to Google Flow tools page...
2026-09-05T06:52:10.526Z [d89adfab-322d-438d-866e-b336b205fe1d][bb1fc585-f087-407a-b043-49c06e320521] Using existing project URL: https://flow.google.com/project/c2a607c5-d833-4be1-8108-407b74d4ed85?hl=en
2026-09-05T06:52:11.425Z [d89adfab-322d-438d-866e-b336b205fe1d][bb1fc585-f087-407a-b043-49c06e320521] Waiting for Google Flow...
2026-09-05T06:52:11.870Z [d0a17246-c92c-46ae-abc8-c63a885e1da2][bb1fc585-f087-407a-b043-49c06e320521] Generating... 0 ready, 0 failed / 2 total (18s) play_circle 10% [HÀN play_circle 9% [HÀNH
2026-09-05T06:52:13.638Z [d89adfab-322d-438d-866e-b336b205fe1d][bb1fc585-f087-407a-b043-49c06e320521] In existing project ✓
2026-09-05T06:52:14.827Z [d89adfab-322d-438d-866e-b336b205fe1d][bb1fc585-f087-407a-b043-49c06e320521] dismissPopups: unresolved overlay(s) ["IFRAME[presentation]|btns="]
2026-09-05T06:52:14.887Z [d0a17246-c92c-46ae-abc8-c63a885e1da2][bb1fc585-f087-407a-b043-49c06e320521] Generating... 0 ready, 0 failed / 2 total (21s) play_circle 12% [HÀN play_circle 12% [HÀN
2026-09-05T06:52:17.812Z [d89adfab-322d-438d-866e-b336b205fe1d][bb1fc585-f087-407a-b043-49c06e320521] Composer ready ✓ (UI language: en)
2026-09-05T06:52:17.835Z [d89adfab-322d-438d-866e-b336b205fe1d][bb1fc585-f087-407a-b043-49c06e320521] dismissPopups: unresolved overlay(s) ["DIV[]|btns=","DIV[]|btns="]
2026-09-05T06:52:17.847Z [d89adfab-322d-438d-866e-b336b205fe1d][bb1fc585-f087-407a-b043-49c06e320521] Agent toggle aria-pressed=false
2026-09-05T06:52:17.848Z [d89adfab-322d-438d-866e-b336b205fe1d][bb1fc585-f087-407a-b043-49c06e320521] Opening settings...
2026-09-05T06:52:17.915Z [d0a17246-c92c-46ae-abc8-c63a885e1da2][bb1fc585-f087-407a-b043-49c06e320521] Generating... 0 ready, 0 failed / 2 total (24s) play_circle 16% [HÀN play_circle 16% [HÀN
2026-09-05T06:52:20.062Z [d89adfab-322d-438d-866e-b336b205fe1d][bb1fc585-f087-407a-b043-49c06e320521] Configuring video settings...
2026-09-05T06:52:20.091Z [d89adfab-322d-438d-866e-b336b205fe1d][bb1fc585-f087-407a-b043-49c06e320521] Mode: "videocam Video" already selected ✓
2026-09-05T06:52:20.935Z [d0a17246-c92c-46ae-abc8-c63a885e1da2][bb1fc585-f087-407a-b043-49c06e320521] Generating... 0 ready, 0 failed / 2 total (27s) play_circle 19% [HÀN play_circle 19% [HÀN
2026-09-05T06:52:22.312Z [7add2696-7fe7-4e2c-8fea-7162ae29ca5d][bb1fc585-f087-407a-b043-49c06e320521] Item 1 (try 1): 1080p saved via the UI download flow.
2026-09-05T06:52:22.405Z [7add2696-7fe7-4e2c-8fea-7162ae29ca5d][bb1fc585-f087-407a-b043-49c06e320521] Item 1: upgraded to 1080p → D:\WINAI\Slow-English-with-Arlo_7_39_cmtlc8wk\video_2026-09-05T06-51-31_01.mp4
2026-09-05T06:52:22.814Z [d89adfab-322d-438d-866e-b336b205fe1d][bb1fc585-f087-407a-b043-49c06e320521] Video type: selected "crop_free Frames" ✓
2026-09-05T06:52:23.960Z [d0a17246-c92c-46ae-abc8-c63a885e1da2][bb1fc585-f087-407a-b043-49c06e320521] Generating... 0 ready, 0 failed / 2 total (30s) play_circle 22% [HÀN play_circle 22% [HÀN
2026-09-05T06:52:26.435Z [ce62748a-432b-4a65-a1bf-faa910e06c57][bb1fc585-f087-407a-b043-49c06e320521] Item 1 (try 1): 1080p saved via the UI download flow.
2026-09-05T06:52:26.511Z [ce62748a-432b-4a65-a1bf-faa910e06c57][bb1fc585-f087-407a-b043-49c06e320521] Item 1: upgraded to 1080p → D:\WINAI\Slow-English-with-Arlo_7_38_cmtlc8wk\video_2026-09-05T06-51-34_01.mp4
2026-09-05T06:52:26.976Z [d0a17246-c92c-46ae-abc8-c63a885e1da2][bb1fc585-f087-407a-b043-49c06e320521] Generating... 0 ready, 0 failed / 2 total (33s) play_circle 24% [HÀN play_circle 23% [HÀN
2026-09-05T06:52:27.781Z [d89adfab-322d-438d-866e-b336b205fe1d][bb1fc585-f087-407a-b043-49c06e320521] Model: selected "Veo 3.1 - Lite [Lower Priority]" ✓
2026-09-05T06:52:28.591Z [d89adfab-322d-438d-866e-b336b205fe1d][bb1fc585-f087-407a-b043-49c06e320521] Aspect ratio: "crop_16_9 16:9" already selected ✓
2026-09-05T06:52:28.596Z [d89adfab-322d-438d-866e-b336b205fe1d][bb1fc585-f087-407a-b043-49c06e320521] Video resolution: toggle group "Video resolution" not present (model may not offer it) — skipped.
2026-09-05T06:52:28.635Z [d89adfab-322d-438d-866e-b336b205fe1d][bb1fc585-f087-407a-b043-49c06e320521] Duration: "8s" already selected ✓
2026-09-05T06:52:28.656Z [d89adfab-322d-438d-866e-b336b205fe1d][bb1fc585-f087-407a-b043-49c06e320521] Output count: "x2" already selected ✓
2026-09-05T06:52:29.620Z [d89adfab-322d-438d-866e-b336b205fe1d][bb1fc585-f087-407a-b043-49c06e320521] Start keyframe: downloading from URL...
2026-09-05T06:52:29.809Z [d89adfab-322d-438d-866e-b336b205fe1d][bb1fc585-f087-407a-b043-49c06e320521] Downloader: no-proxy request context ready.
2026-09-05T06:52:30.001Z [d0a17246-c92c-46ae-abc8-c63a885e1da2][bb1fc585-f087-407a-b043-49c06e320521] Generating... 0 ready, 0 failed / 2 total (36s) play_circle 26% [HÀN play_circle 26% [HÀN
2026-09-05T06:52:30.114Z [d89adfab-322d-438d-866e-b336b205fe1d][bb1fc585-f087-407a-b043-49c06e320521] Start keyframe: saved 132423 bytes (image/png) as "1788443435964_244583_60f7c834-1526-409d-b017-21db20795e19_83d.png"
2026-09-05T06:52:30.151Z [d89adfab-322d-438d-866e-b336b205fe1d][bb1fc585-f087-407a-b043-49c06e320521] Start keyframe: setting start keyframe...
2026-09-05T06:52:32.343Z [d89adfab-322d-438d-866e-b336b205fe1d][bb1fc585-f087-407a-b043-49c06e320521] Start keyframe: "1788443435964_244583_60f7c834-1526-409d-b017-21db20795e19_83d.png" not in the library yet — uploading it first.
2026-09-05T06:52:33.018Z [d0a17246-c92c-46ae-abc8-c63a885e1da2][bb1fc585-f087-407a-b043-49c06e320521] Generating... 0 ready, 0 failed / 2 total (39s) play_circle 29% [HÀN play_circle 29% [HÀN
2026-09-05T06:52:35.909Z [d89adfab-322d-438d-866e-b336b205fe1d][bb1fc585-f087-407a-b043-49c06e320521] Start keyframe: uploading "1788443435964_244583_60f7c834-1526-409d-b017-21db20795e19_83d.png" to the project library...
2026-09-05T06:52:36.045Z [d0a17246-c92c-46ae-abc8-c63a885e1da2][bb1fc585-f087-407a-b043-49c06e320521] Generating... 0 ready, 0 failed / 2 total (42s) play_circle 32% [HÀN play_circle 32% [HÀN
2026-09-05T06:52:36.979Z [d89adfab-322d-438d-866e-b336b205fe1d][bb1fc585-f087-407a-b043-49c06e320521] Start keyframe: upload finished ✓
2026-09-05T06:52:39.072Z [d0a17246-c92c-46ae-abc8-c63a885e1da2][bb1fc585-f087-407a-b043-49c06e320521] Generating... 0 ready, 0 failed / 2 total (45s)
2026-09-05T06:52:39.073Z [d0a17246-c92c-46ae-abc8-c63a885e1da2][bb1fc585-f087-407a-b043-49c06e320521] This run's tiles disappeared from the grid — waiting to see if the grid is just re-rendering.
2026-09-05T06:52:42.087Z [d0a17246-c92c-46ae-abc8-c63a885e1da2][bb1fc585-f087-407a-b043-49c06e320521] Generating... 0 ready, 0 failed / 2 total (48s)
2026-09-05T06:52:45.110Z [d0a17246-c92c-46ae-abc8-c63a885e1da2][bb1fc585-f087-407a-b043-49c06e320521] Generating... 0 ready, 0 failed / 2 total (51s)
2026-09-05T06:52:46.273Z [d89adfab-322d-438d-866e-b336b205fe1d][bb1fc585-f087-407a-b043-49c06e320521] Start keyframe: start keyframe attached ✓
2026-09-05T06:52:46.288Z [d89adfab-322d-438d-866e-b336b205fe1d][bb1fc585-f087-407a-b043-49c06e320521] Entering prompt...
2026-09-05T06:52:47.982Z [d89adfab-322d-438d-866e-b336b205fe1d][bb1fc585-f087-407a-b043-49c06e320521] Prompt is 1018 chars — typing it in 19 chunk(s).
2026-09-05T06:52:48.133Z [d0a17246-c92c-46ae-abc8-c63a885e1da2][bb1fc585-f087-407a-b043-49c06e320521] Generating... 0 ready, 0 failed / 2 total (54s)
2026-09-05T06:52:51.160Z [d0a17246-c92c-46ae-abc8-c63a885e1da2][bb1fc585-f087-407a-b043-49c06e320521] Generating... 0 ready, 0 failed / 2 total (57s)
2026-09-05T06:52:51.160Z [d0a17246-c92c-46ae-abc8-c63a885e1da2][bb1fc585-f087-407a-b043-49c06e320521] Flow attempt 1/1 failed: Google Flow discarded this generation: the tile(s) it created were removed after 57s without producing a result — a Flow-side failure, not a timeout. Try again, or change the prompt/settings.
2026-09-05T06:52:51.160Z [d0a17246-c92c-46ae-abc8-c63a885e1da2][bb1fc585-f087-407a-b043-49c06e320521] runGeneration ERROR exception: Error: Google Flow discarded this generation: the tile(s) it created were removed after 57s without producing a result — a Flow-side failure, not a timeout. Try again, or change the prompt/settings.
    at runGoogleFlow (C:\snapshot\sidecar\dist\sidecar.cjs:8081:13)
    at async runGeneration (C:\snapshot\sidecar\dist\sidecar.cjs:8392:11)
    at async handleCommand (C:\snapshot\sidecar\dist\sidecar.cjs:6510:7)
    at async C:\snapshot\sidecar\dist\sidecar.cjs:6426:11
2026-09-05T06:52:52.269Z [4093add4-7fc4-4d08-9ad6-8138a8e92b40][bb1fc585-f087-407a-b043-49c06e320521] runGeneration starting: task_id=4093add4-7fc4-4d08-9ad6-8138a8e92b40, profile_id=bb1fc585-f087-407a-b043-49c06e320521, target_site=google_flow
2026-09-05T06:52:52.269Z [4093add4-7fc4-4d08-9ad6-8138a8e92b40][bb1fc585-f087-407a-b043-49c06e320521] Opening Playwright browser with persistent profile cookies...
2026-09-05T06:52:52.270Z [4093add4-7fc4-4d08-9ad6-8138a8e92b40][bb1fc585-f087-407a-b043-49c06e320521] Browser engine: winhide (C:\Users\Admin\AppData\Roaming\com.tank.winai\winhide\chrome.exe) [hidden off-screen]
2026-09-05T06:52:52.270Z [4093add4-7fc4-4d08-9ad6-8138a8e92b40][bb1fc585-f087-407a-b043-49c06e320521] Launch mode: STEALTH (raw spawn + connectOverCDP)
2026-09-05T06:52:53.807Z [4093add4-7fc4-4d08-9ad6-8138a8e92b40][bb1fc585-f087-407a-b043-49c06e320521] Exit IP: 115.74.128.9
2026-09-05T06:52:53.807Z [4093add4-7fc4-4d08-9ad6-8138a8e92b40][bb1fc585-f087-407a-b043-49c06e320521] Navigating browser to Google Flow tools page...
2026-09-05T06:52:53.808Z [4093add4-7fc4-4d08-9ad6-8138a8e92b40][bb1fc585-f087-407a-b043-49c06e320521] Using existing project URL: https://flow.google.com/project/33ca2cc2-c9ff-4bb6-9048-2a7af1dfcfee?hl=en
2026-09-05T06:52:54.559Z [4093add4-7fc4-4d08-9ad6-8138a8e92b40][bb1fc585-f087-407a-b043-49c06e320521] Waiting for Google Flow...
2026-09-05T06:52:56.898Z [4093add4-7fc4-4d08-9ad6-8138a8e92b40][bb1fc585-f087-407a-b043-49c06e320521] In existing project ✓
2026-09-05T06:52:57.069Z [d89adfab-322d-438d-866e-b336b205fe1d][bb1fc585-f087-407a-b043-49c06e320521] Prompt insert attempt 1: editor has 1007 chars (want ~1014) ✓
2026-09-05T06:52:57.985Z [4093add4-7fc4-4d08-9ad6-8138a8e92b40][bb1fc585-f087-407a-b043-49c06e320521] dismissPopups: unresolved overlay(s) ["IFRAME[presentation]|btns="]
2026-09-05T06:52:58.996Z [d89adfab-322d-438d-866e-b336b205fe1d][bb1fc585-f087-407a-b043-49c06e320521] Baseline: 49 pre-existing media tile(s) of 49 mounted (kinds: image,video,video,video,image,video,video,image,video,video,image,video,video,video,image,video,video,image,video,video,image,video,video,image,image,video,video,image,video,image,video,video,image,video,video,image,video,video,image,video,video,image,video,image,video,video,video,image,video).
2026-09-05T06:53:00.278Z [4093add4-7fc4-4d08-9ad6-8138a8e92b40][bb1fc585-f087-407a-b043-49c06e320521] Composer ready ✓ (UI language: en)
2026-09-05T06:53:00.305Z [4093add4-7fc4-4d08-9ad6-8138a8e92b40][bb1fc585-f087-407a-b043-49c06e320521] dismissPopups: unresolved overlay(s) ["DIV[]|btns=","DIV[]|btns="]
2026-09-05T06:53:00.326Z [4093add4-7fc4-4d08-9ad6-8138a8e92b40][bb1fc585-f087-407a-b043-49c06e320521] Agent toggle aria-pressed=false
2026-09-05T06:53:00.326Z [4093add4-7fc4-4d08-9ad6-8138a8e92b40][bb1fc585-f087-407a-b043-49c06e320521] Opening settings...
2026-09-05T06:53:01.541Z [d89adfab-322d-438d-866e-b336b205fe1d][bb1fc585-f087-407a-b043-49c06e320521] [submit] confirmed (editor "What do you want to ", fresh tile=true).
2026-09-05T06:53:02.305Z [d89adfab-322d-438d-866e-b336b205fe1d][bb1fc585-f087-407a-b043-49c06e320521] Current Workspace project URL: https://flow.google.com/project/c2a607c5-d833-4be1-8108-407b74d4ed85?hl=en
2026-09-05T06:53:02.306Z [d89adfab-322d-438d-866e-b336b205fe1d][bb1fc585-f087-407a-b043-49c06e320521] Submitted ✓ Detecting batch size...
2026-09-05T06:53:02.319Z [d89adfab-322d-438d-866e-b336b205fe1d][bb1fc585-f087-407a-b043-49c06e320521] New tile(s) since submit: 0 → 2 (mounted=49)
2026-09-05T06:53:02.371Z [4093add4-7fc4-4d08-9ad6-8138a8e92b40][bb1fc585-f087-407a-b043-49c06e320521] Configuring video settings...
2026-09-05T06:53:02.399Z [4093add4-7fc4-4d08-9ad6-8138a8e92b40][bb1fc585-f087-407a-b043-49c06e320521] Mode: "videocam Video" already selected ✓
2026-09-05T06:53:05.228Z [4093add4-7fc4-4d08-9ad6-8138a8e92b40][bb1fc585-f087-407a-b043-49c06e320521] Video type: selected "crop_free Frames" ✓
2026-09-05T06:53:05.757Z [7add2696-7fe7-4e2c-8fea-7162ae29ca5d][bb1fc585-f087-407a-b043-49c06e320521] Item 2 (try 1): 1080p saved via the UI download flow.
2026-09-05T06:53:05.843Z [7add2696-7fe7-4e2c-8fea-7162ae29ca5d][bb1fc585-f087-407a-b043-49c06e320521] Item 2: upgraded to 1080p → D:\WINAI\Slow-English-with-Arlo_7_39_cmtlc8wk\video_2026-09-05T06-51-31_02.mp4
2026-09-05T06:53:05.843Z [7add2696-7fe7-4e2c-8fea-7162ae29ca5d][bb1fc585-f087-407a-b043-49c06e320521] Uploading 2 video(s) to Xanh...
2026-09-05T06:53:06.455Z [d89adfab-322d-438d-866e-b336b205fe1d][bb1fc585-f087-407a-b043-49c06e320521] Batch size stabilised at 2 new tile(s)
2026-09-05T06:53:06.455Z [d89adfab-322d-438d-866e-b336b205fe1d][bb1fc585-f087-407a-b043-49c06e320521] Batch detected: 2 item(s). Generating...
2026-09-05T06:53:06.455Z [d89adfab-322d-438d-866e-b336b205fe1d][bb1fc585-f087-407a-b043-49c06e320521] Polling for 2 video item(s) (baseline=49, hasUpload=true)...
2026-09-05T06:53:06.468Z [d89adfab-322d-438d-866e-b336b205fe1d][bb1fc585-f087-407a-b043-49c06e320521] Generating... 0 ready, 0 failed / 2 total (0s) play_circle [HÀNH ĐỘ play_circle [HÀNH ĐỘ
2026-09-05T06:53:09.486Z [d89adfab-322d-438d-866e-b336b205fe1d][bb1fc585-f087-407a-b043-49c06e320521] Generating... 0 ready, 0 failed / 2 total (3s) play_circle [HÀNH ĐỘ play_circle [HÀNH ĐỘ
2026-09-05T06:53:09.864Z [4093add4-7fc4-4d08-9ad6-8138a8e92b40][bb1fc585-f087-407a-b043-49c06e320521] Model: selected "Veo 3.1 - Lite [Lower Priority]" ✓
2026-09-05T06:53:09.913Z [7add2696-7fe7-4e2c-8fea-7162ae29ca5d][bb1fc585-f087-407a-b043-49c06e320521] Item 1: Re-uploaded 1080p → https://studio.xanhmedia.vn/uploads/2026-09/1788591189608_7dc83a_bb1fc585-f087-407a-b043-49c06e320521_7ad.mp4
2026-09-05T06:53:10.126Z [7add2696-7fe7-4e2c-8fea-7162ae29ca5d][bb1fc585-f087-407a-b043-49c06e320521] Item 2: Re-uploaded 1080p → https://studio.xanhmedia.vn/uploads/2026-09/1788591189819_3b5c0d_bb1fc585-f087-407a-b043-49c06e320521_7ad.mp4
2026-09-05T06:53:10.126Z [7add2696-7fe7-4e2c-8fea-7162ae29ca5d][bb1fc585-f087-407a-b043-49c06e320521] ✅ 2 item(s) + 1080p saved to Downloads/Win AI Toolkit/
2026-09-05T06:53:10.128Z [7add2696-7fe7-4e2c-8fea-7162ae29ca5d][bb1fc585-f087-407a-b043-49c06e320521] All done (including any 1080p upgrades). Closing Playwright browser context.
2026-09-05T06:53:10.442Z [dc714557-f3e5-459d-872a-9ca3a8386cde][bb1fc585-f087-407a-b043-49c06e320521] runGeneration starting: task_id=dc714557-f3e5-459d-872a-9ca3a8386cde, profile_id=bb1fc585-f087-407a-b043-49c06e320521, target_site=google_flow
2026-09-05T06:53:10.443Z [dc714557-f3e5-459d-872a-9ca3a8386cde][bb1fc585-f087-407a-b043-49c06e320521] Opening Playwright browser with persistent profile cookies...
2026-09-05T06:53:10.444Z [dc714557-f3e5-459d-872a-9ca3a8386cde][bb1fc585-f087-407a-b043-49c06e320521] Browser engine: winhide (C:\Users\Admin\AppData\Roaming\com.tank.winai\winhide\chrome.exe) [hidden off-screen]
2026-09-05T06:53:10.444Z [dc714557-f3e5-459d-872a-9ca3a8386cde][bb1fc585-f087-407a-b043-49c06e320521] Launch mode: STEALTH (raw spawn + connectOverCDP)
2026-09-05T06:53:10.885Z [4093add4-7fc4-4d08-9ad6-8138a8e92b40][bb1fc585-f087-407a-b043-49c06e320521] Aspect ratio: "crop_16_9 16:9" already selected ✓
2026-09-05T06:53:10.891Z [4093add4-7fc4-4d08-9ad6-8138a8e92b40][bb1fc585-f087-407a-b043-49c06e320521] Video resolution: toggle group "Video resolution" not present (model may not offer it) — skipped.
2026-09-05T06:53:10.928Z [4093add4-7fc4-4d08-9ad6-8138a8e92b40][bb1fc585-f087-407a-b043-49c06e320521] Duration: "8s" already selected ✓
2026-09-05T06:53:10.957Z [4093add4-7fc4-4d08-9ad6-8138a8e92b40][bb1fc585-f087-407a-b043-49c06e320521] Output count: "x2" already selected ✓
2026-09-05T06:53:12.087Z [4093add4-7fc4-4d08-9ad6-8138a8e92b40][bb1fc585-f087-407a-b043-49c06e320521] Start keyframe: downloading from URL...
2026-09-05T06:53:12.278Z [4093add4-7fc4-4d08-9ad6-8138a8e92b40][bb1fc585-f087-407a-b043-49c06e320521] Downloader: no-proxy request context ready.
2026-09-05T06:53:12.323Z [dc714557-f3e5-459d-872a-9ca3a8386cde][bb1fc585-f087-407a-b043-49c06e320521] Exit IP: 115.74.128.9
2026-09-05T06:53:12.323Z [dc714557-f3e5-459d-872a-9ca3a8386cde][bb1fc585-f087-407a-b043-49c06e320521] Navigating browser to Google Flow tools page...
2026-09-05T06:53:12.324Z [dc714557-f3e5-459d-872a-9ca3a8386cde][bb1fc585-f087-407a-b043-49c06e320521] Using existing project URL: https://flow.google.com/project/cd81a7d3-c989-419e-891a-f8694174cb85?hl=en
2026-09-05T06:53:12.511Z [d89adfab-322d-438d-866e-b336b205fe1d][bb1fc585-f087-407a-b043-49c06e320521] Generating... 0 ready, 0 failed / 2 total (6s) play_circle [HÀNH ĐỘ play_circle [HÀNH ĐỘ
2026-09-05T06:53:12.590Z [4093add4-7fc4-4d08-9ad6-8138a8e92b40][bb1fc585-f087-407a-b043-49c06e320521] Start keyframe: saved 137497 bytes (image/png) as "1788443538155_963e96_60f7c834-1526-409d-b017-21db20795e19_9a4.png"
2026-09-05T06:53:12.644Z [4093add4-7fc4-4d08-9ad6-8138a8e92b40][bb1fc585-f087-407a-b043-49c06e320521] Start keyframe: setting start keyframe...
2026-09-05T06:53:13.190Z [dc714557-f3e5-459d-872a-9ca3a8386cde][bb1fc585-f087-407a-b043-49c06e320521] Waiting for Google Flow...
2026-09-05T06:53:14.538Z [4093add4-7fc4-4d08-9ad6-8138a8e92b40][bb1fc585-f087-407a-b043-49c06e320521] Start keyframe: reusing library asset "1788443538155_963e96_60f7c834-1526-409d-b017-21db20795e19_9a4.png" (no re-upload).
2026-09-05T06:53:15.537Z [d89adfab-322d-438d-866e-b336b205fe1d][bb1fc585-f087-407a-b043-49c06e320521] Generating... 0 ready, 0 failed / 2 total (9s) play_circle 1% [HÀNH play_circle 1% [HÀNH
2026-09-05T06:53:15.602Z [dc714557-f3e5-459d-872a-9ca3a8386cde][bb1fc585-f087-407a-b043-49c06e320521] In existing project ✓
2026-09-05T06:53:16.631Z [dc714557-f3e5-459d-872a-9ca3a8386cde][bb1fc585-f087-407a-b043-49c06e320521] dismissPopups: unresolved overlay(s) ["IFRAME[presentation]|btns="]
2026-09-05T06:53:17.876Z [4093add4-7fc4-4d08-9ad6-8138a8e92b40][bb1fc585-f087-407a-b043-49c06e320521] Start keyframe: start keyframe attached ✓
2026-09-05T06:53:17.889Z [4093add4-7fc4-4d08-9ad6-8138a8e92b40][bb1fc585-f087-407a-b043-49c06e320521] Entering prompt...
2026-09-05T06:53:18.554Z [d89adfab-322d-438d-866e-b336b205fe1d][bb1fc585-f087-407a-b043-49c06e320521] Generating... 0 ready, 0 failed / 2 total (12s) play_circle 4% [HÀNH play_circle 4% [HÀNH
2026-09-05T06:53:19.689Z [4093add4-7fc4-4d08-9ad6-8138a8e92b40][bb1fc585-f087-407a-b043-49c06e320521] Prompt is 1353 chars — typing it in 22 chunk(s).
2026-09-05T06:53:19.735Z [dc714557-f3e5-459d-872a-9ca3a8386cde][bb1fc585-f087-407a-b043-49c06e320521] Composer ready ✓ (UI language: en)
2026-09-05T06:53:19.772Z [dc714557-f3e5-459d-872a-9ca3a8386cde][bb1fc585-f087-407a-b043-49c06e320521] dismissPopups: unresolved overlay(s) ["DIV[]|btns=","DIV[]|btns="]
2026-09-05T06:53:19.793Z [dc714557-f3e5-459d-872a-9ca3a8386cde][bb1fc585-f087-407a-b043-49c06e320521] Agent toggle aria-pressed=false
2026-09-05T06:53:19.794Z [dc714557-f3e5-459d-872a-9ca3a8386cde][bb1fc585-f087-407a-b043-49c06e320521] Opening settings...
2026-09-05T06:53:21.236Z [ce62748a-432b-4a65-a1bf-faa910e06c57][bb1fc585-f087-407a-b043-49c06e320521] Item 2 (try 1): 1080p saved via the UI download flow.
2026-09-05T06:53:21.329Z [ce62748a-432b-4a65-a1bf-faa910e06c57][bb1fc585-f087-407a-b043-49c06e320521] Item 2: upgraded to 1080p → D:\WINAI\Slow-English-with-Arlo_7_38_cmtlc8wk\video_2026-09-05T06-51-34_02.mp4
2026-09-05T06:53:21.329Z [ce62748a-432b-4a65-a1bf-faa910e06c57][bb1fc585-f087-407a-b043-49c06e320521] Uploading 2 video(s) to Xanh...
2026-09-05T06:53:21.509Z [dc714557-f3e5-459d-872a-9ca3a8386cde][bb1fc585-f087-407a-b043-49c06e320521] Configuring video settings...
2026-09-05T06:53:21.543Z [dc714557-f3e5-459d-872a-9ca3a8386cde][bb1fc585-f087-407a-b043-49c06e320521] Mode: "videocam Video" already selected ✓
2026-09-05T06:53:21.579Z [d89adfab-322d-438d-866e-b336b205fe1d][bb1fc585-f087-407a-b043-49c06e320521] Generating... 0 ready, 0 failed / 2 total (15s) play_circle 7% [HÀNH play_circle 6% [HÀNH
2026-09-05T06:53:21.967Z [ce62748a-432b-4a65-a1bf-faa910e06c57][bb1fc585-f087-407a-b043-49c06e320521] Item 1: Re-uploaded 1080p → https://studio.xanhmedia.vn/uploads/2026-09/1788591201669_698a32_bb1fc585-f087-407a-b043-49c06e320521_ce6.mp4
2026-09-05T06:53:22.405Z [ce62748a-432b-4a65-a1bf-faa910e06c57][bb1fc585-f087-407a-b043-49c06e320521] Item 2: Re-uploaded 1080p → https://studio.xanhmedia.vn/uploads/2026-09/1788591202101_5536ab_bb1fc585-f087-407a-b043-49c06e320521_ce6.mp4
2026-09-05T06:53:22.405Z [ce62748a-432b-4a65-a1bf-faa910e06c57][bb1fc585-f087-407a-b043-49c06e320521] ✅ 2 item(s) + 1080p saved to Downloads/Win AI Toolkit/
2026-09-05T06:53:22.407Z [ce62748a-432b-4a65-a1bf-faa910e06c57][bb1fc585-f087-407a-b043-49c06e320521] All done (including any 1080p upgrades). Closing Playwright browser context.
2026-09-05T06:53:23.881Z [8a97ac8d-9f2b-49ef-929a-06a60fdce690][bb1fc585-f087-407a-b043-49c06e320521] runGeneration starting: task_id=8a97ac8d-9f2b-49ef-929a-06a60fdce690, profile_id=bb1fc585-f087-407a-b043-49c06e320521, target_site=google_flow
2026-09-05T06:53:23.882Z [8a97ac8d-9f2b-49ef-929a-06a60fdce690][bb1fc585-f087-407a-b043-49c06e320521] Opening Playwright browser with persistent profile cookies...
2026-09-05T06:53:23.882Z [8a97ac8d-9f2b-49ef-929a-06a60fdce690][bb1fc585-f087-407a-b043-49c06e320521] Browser engine: winhide (C:\Users\Admin\AppData\Roaming\com.tank.winai\winhide\chrome.exe) [hidden off-screen]
2026-09-05T06:53:23.883Z [8a97ac8d-9f2b-49ef-929a-06a60fdce690][bb1fc585-f087-407a-b043-49c06e320521] Launch mode: STEALTH (raw spawn + connectOverCDP)
2026-09-05T06:53:24.565Z [dc714557-f3e5-459d-872a-9ca3a8386cde][bb1fc585-f087-407a-b043-49c06e320521] Video type: selected "crop_free Frames" ✓
2026-09-05T06:53:24.627Z [d89adfab-322d-438d-866e-b336b205fe1d][bb1fc585-f087-407a-b043-49c06e320521] Generating... 0 ready, 0 failed / 2 total (18s) play_circle 9% [HÀNH play_circle 10% [HÀN
2026-09-05T06:53:26.046Z [8a97ac8d-9f2b-49ef-929a-06a60fdce690][bb1fc585-f087-407a-b043-49c06e320521] Exit IP: 115.74.128.9
2026-09-05T06:53:26.047Z [8a97ac8d-9f2b-49ef-929a-06a60fdce690][bb1fc585-f087-407a-b043-49c06e320521] Navigating browser to Google Flow tools page...
2026-09-05T06:53:26.047Z [8a97ac8d-9f2b-49ef-929a-06a60fdce690][bb1fc585-f087-407a-b043-49c06e320521] Using existing project URL: https://flow.google.com/project/cae2bf2b-d1b8-40f9-a300-9f2aa6276ea5?hl=en
2026-09-05T06:53:27.006Z [8a97ac8d-9f2b-49ef-929a-06a60fdce690][bb1fc585-f087-407a-b043-49c06e320521] Waiting for Google Flow...
2026-09-05T06:53:27.664Z [d89adfab-322d-438d-866e-b336b205fe1d][bb1fc585-f087-407a-b043-49c06e320521] Generating... 0 ready, 0 failed / 2 total (21s) play_circle 12% [HÀN play_circle 12% [HÀN
2026-09-05T06:53:29.472Z [8a97ac8d-9f2b-49ef-929a-06a60fdce690][bb1fc585-f087-407a-b043-49c06e320521] In existing project ✓
2026-09-05T06:53:29.643Z [dc714557-f3e5-459d-872a-9ca3a8386cde][bb1fc585-f087-407a-b043-49c06e320521] Model: selected "Veo 3.1 - Lite [Lower Priority]" ✓
2026-09-05T06:53:29.668Z [4093add4-7fc4-4d08-9ad6-8138a8e92b40][bb1fc585-f087-407a-b043-49c06e320521] Prompt insert attempt 1: editor has 1301 chars (want ~1349) ✓
2026-09-05T06:53:30.578Z [dc714557-f3e5-459d-872a-9ca3a8386cde][bb1fc585-f087-407a-b043-49c06e320521] Aspect ratio: "crop_16_9 16:9" already selected ✓
2026-09-05T06:53:30.587Z [dc714557-f3e5-459d-872a-9ca3a8386cde][bb1fc585-f087-407a-b043-49c06e320521] Video resolution: toggle group "Video resolution" not present (model may not offer it) — skipped.
2026-09-05T06:53:30.632Z [dc714557-f3e5-459d-872a-9ca3a8386cde][bb1fc585-f087-407a-b043-49c06e320521] Duration: "8s" already selected ✓
2026-09-05T06:53:30.661Z [dc714557-f3e5-459d-872a-9ca3a8386cde][bb1fc585-f087-407a-b043-49c06e320521] Output count: "x2" already selected ✓
2026-09-05T06:53:30.687Z [d89adfab-322d-438d-866e-b336b205fe1d][bb1fc585-f087-407a-b043-49c06e320521] Generating... 0 ready, 0 failed / 2 total (24s) play_circle 15% [HÀN play_circle 15% [HÀN
2026-09-05T06:53:31.320Z [8a97ac8d-9f2b-49ef-929a-06a60fdce690][bb1fc585-f087-407a-b043-49c06e320521] dismissPopups: unresolved overlay(s) ["DIV[]|btns=","DIV[]|btns="]
2026-09-05T06:53:31.598Z [dc714557-f3e5-459d-872a-9ca3a8386cde][bb1fc585-f087-407a-b043-49c06e320521] Start keyframe: downloading from URL...
2026-09-05T06:53:31.846Z [4093add4-7fc4-4d08-9ad6-8138a8e92b40][bb1fc585-f087-407a-b043-49c06e320521] Baseline: 50 pre-existing media tile(s) of 50 mounted (kinds: image,video,video,image,video,video,image,video,video,video,video,video,image,video,video,image,video,video,image,video,video,image,image,video,video,image,video,video,image,video,video,image,video,video,image,video,video,image,video,image,video,video,image,video,video,image,video,video,image,video).
2026-09-05T06:53:31.955Z [dc714557-f3e5-459d-872a-9ca3a8386cde][bb1fc585-f087-407a-b043-49c06e320521] Downloader: no-proxy request context ready.
2026-09-05T06:53:32.315Z [dc714557-f3e5-459d-872a-9ca3a8386cde][bb1fc585-f087-407a-b043-49c06e320521] Start keyframe: saved 130477 bytes (image/png) as "1788444006315_80135a_60f7c834-1526-409d-b017-21db20795e19_e68.png"
2026-09-05T06:53:32.354Z [8a97ac8d-9f2b-49ef-929a-06a60fdce690][bb1fc585-f087-407a-b043-49c06e320521] Composer ready ✓ (UI language: en)
2026-09-05T06:53:32.372Z [8a97ac8d-9f2b-49ef-929a-06a60fdce690][bb1fc585-f087-407a-b043-49c06e320521] dismissPopups: unresolved overlay(s) ["DIV[]|btns=","DIV[]|btns="]
2026-09-05T06:53:32.376Z [dc714557-f3e5-459d-872a-9ca3a8386cde][bb1fc585-f087-407a-b043-49c06e320521] Start keyframe: setting start keyframe...
2026-09-05T06:53:32.425Z [8a97ac8d-9f2b-49ef-929a-06a60fdce690][bb1fc585-f087-407a-b043-49c06e320521] Agent toggle aria-pressed=false
2026-09-05T06:53:32.426Z [8a97ac8d-9f2b-49ef-929a-06a60fdce690][bb1fc585-f087-407a-b043-49c06e320521] Opening settings...
2026-09-05T06:53:33.707Z [d89adfab-322d-438d-866e-b336b205fe1d][bb1fc585-f087-407a-b043-49c06e320521] Generating... 0 ready, 0 failed / 2 total (27s) play_circle 18% [HÀN play_circle 18% [HÀN
2026-09-05T06:53:34.219Z [4093add4-7fc4-4d08-9ad6-8138a8e92b40][bb1fc585-f087-407a-b043-49c06e320521] [submit] confirmed (editor "What do you want to ", fresh tile=true).
2026-09-05T06:53:34.475Z [8a97ac8d-9f2b-49ef-929a-06a60fdce690][bb1fc585-f087-407a-b043-49c06e320521] Configuring video settings...
2026-09-05T06:53:34.509Z [8a97ac8d-9f2b-49ef-929a-06a60fdce690][bb1fc585-f087-407a-b043-49c06e320521] Mode: "videocam Video" already selected ✓
2026-09-05T06:53:34.642Z [dc714557-f3e5-459d-872a-9ca3a8386cde][bb1fc585-f087-407a-b043-49c06e320521] Start keyframe: reusing library asset "1788444006315_80135a_60f7c834-1526-409d-b017-21db20795e19_e68.png" (no re-upload).
2026-09-05T06:53:34.752Z [4093add4-7fc4-4d08-9ad6-8138a8e92b40][bb1fc585-f087-407a-b043-49c06e320521] Current Workspace project URL: https://flow.google.com/project/33ca2cc2-c9ff-4bb6-9048-2a7af1dfcfee?hl=en
2026-09-05T06:53:34.753Z [4093add4-7fc4-4d08-9ad6-8138a8e92b40][bb1fc585-f087-407a-b043-49c06e320521] Submitted ✓ Detecting batch size...
2026-09-05T06:53:34.767Z [4093add4-7fc4-4d08-9ad6-8138a8e92b40][bb1fc585-f087-407a-b043-49c06e320521] New tile(s) since submit: 0 → 2 (mounted=49)
2026-09-05T06:53:35.284Z [4093add4-7fc4-4d08-9ad6-8138a8e92b40][bb1fc585-f087-407a-b043-49c06e320521] New tile(s) since submit: 2 → 0 (mounted=49)
2026-09-05T06:53:36.721Z [d89adfab-322d-438d-866e-b336b205fe1d][bb1fc585-f087-407a-b043-49c06e320521] Generating... 0 ready, 0 failed / 2 total (30s) play_circle 21% [HÀN play_circle 21% [HÀN
2026-09-05T06:53:36.892Z [8a97ac8d-9f2b-49ef-929a-06a60fdce690][bb1fc585-f087-407a-b043-49c06e320521] Video type: selected "crop_free Frames" ✓
2026-09-05T06:53:37.617Z [dc714557-f3e5-459d-872a-9ca3a8386cde][bb1fc585-f087-407a-b043-49c06e320521] Start keyframe: start keyframe attached ✓
2026-09-05T06:53:37.626Z [dc714557-f3e5-459d-872a-9ca3a8386cde][bb1fc585-f087-407a-b043-49c06e320521] Entering prompt...
2026-09-05T06:53:39.012Z [dc714557-f3e5-459d-872a-9ca3a8386cde][bb1fc585-f087-407a-b043-49c06e320521] Prompt is 1148 chars — typing it in 20 chunk(s).
2026-09-05T06:53:39.733Z [d89adfab-322d-438d-866e-b336b205fe1d][bb1fc585-f087-407a-b043-49c06e320521] Generating... 0 ready, 0 failed / 2 total (33s) play_circle 23% [HÀN play_circle 22% [HÀN
2026-09-05T06:53:41.492Z [8a97ac8d-9f2b-49ef-929a-06a60fdce690][bb1fc585-f087-407a-b043-49c06e320521] Model: selected "Veo 3.1 - Lite [Lower Priority]" ✓
2026-09-05T06:53:42.142Z [8a97ac8d-9f2b-49ef-929a-06a60fdce690][bb1fc585-f087-407a-b043-49c06e320521] Aspect ratio: "crop_16_9 16:9" already selected ✓
2026-09-05T06:53:42.146Z [8a97ac8d-9f2b-49ef-929a-06a60fdce690][bb1fc585-f087-407a-b043-49c06e320521] Video resolution: toggle group "Video resolution" not present (model may not offer it) — skipped.
2026-09-05T06:53:42.174Z [8a97ac8d-9f2b-49ef-929a-06a60fdce690][bb1fc585-f087-407a-b043-49c06e320521] Duration: "8s" already selected ✓
2026-09-05T06:53:42.196Z [8a97ac8d-9f2b-49ef-929a-06a60fdce690][bb1fc585-f087-407a-b043-49c06e320521] Output count: "x2" already selected ✓
2026-09-05T06:53:42.748Z [d89adfab-322d-438d-866e-b336b205fe1d][bb1fc585-f087-407a-b043-49c06e320521] Generating... 0 ready, 0 failed / 2 total (36s) play_circle 25% [HÀN play_circle 25% [HÀN
2026-09-05T06:53:43.302Z [8a97ac8d-9f2b-49ef-929a-06a60fdce690][bb1fc585-f087-407a-b043-49c06e320521] Start keyframe: downloading from URL...
2026-09-05T06:53:43.461Z [8a97ac8d-9f2b-49ef-929a-06a60fdce690][bb1fc585-f087-407a-b043-49c06e320521] Downloader: no-proxy request context ready.
2026-09-05T06:53:43.731Z [8a97ac8d-9f2b-49ef-929a-06a60fdce690][bb1fc585-f087-407a-b043-49c06e320521] Start keyframe: saved 134565 bytes (image/png) as "1788443741168_0f17e1_60f7c834-1526-409d-b017-21db20795e19_7c5.png"
2026-09-05T06:53:43.753Z [8a97ac8d-9f2b-49ef-929a-06a60fdce690][bb1fc585-f087-407a-b043-49c06e320521] Start keyframe: setting start keyframe...
2026-09-05T06:53:45.772Z [d89adfab-322d-438d-866e-b336b205fe1d][bb1fc585-f087-407a-b043-49c06e320521] Generating... 0 ready, 0 failed / 2 total (39s) play_circle 29% [HÀN play_circle 29% [HÀN
2026-09-05T06:53:45.865Z [8a97ac8d-9f2b-49ef-929a-06a60fdce690][bb1fc585-f087-407a-b043-49c06e320521] Start keyframe: "1788443741168_0f17e1_60f7c834-1526-409d-b017-21db20795e19_7c5.png" not in the library yet — uploading it first.
2026-09-05T06:53:48.517Z [dc714557-f3e5-459d-872a-9ca3a8386cde][bb1fc585-f087-407a-b043-49c06e320521] Prompt insert attempt 1: editor has 1137 chars (want ~1144) ✓
2026-09-05T06:53:48.792Z [d89adfab-322d-438d-866e-b336b205fe1d][bb1fc585-f087-407a-b043-49c06e320521] Generating... 0 ready, 0 failed / 2 total (42s) play_circle 30% [HÀN play_circle 30% [HÀN
2026-09-05T06:53:50.082Z [8a97ac8d-9f2b-49ef-929a-06a60fdce690][bb1fc585-f087-407a-b043-49c06e320521] Start keyframe: uploading "1788443741168_0f17e1_60f7c834-1526-409d-b017-21db20795e19_7c5.png" to the project library...
2026-09-05T06:53:50.383Z [dc714557-f3e5-459d-872a-9ca3a8386cde][bb1fc585-f087-407a-b043-49c06e320521] Baseline: 50 pre-existing media tile(s) of 50 mounted (kinds: video,video,video,video,image,video,video,image,video,video,image,video,video,image,video,video,image,video,video,image,video,video,image,video,video,image,video,video,image,video,image,video,video,image,video,video,image,video,video,image,video,image,video,video,image,video,video,image,video,video).
2026-09-05T06:53:51.300Z [8a97ac8d-9f2b-49ef-929a-06a60fdce690][bb1fc585-f087-407a-b043-49c06e320521] Start keyframe: upload finished ✓
2026-09-05T06:53:51.822Z [d89adfab-322d-438d-866e-b336b205fe1d][bb1fc585-f087-407a-b043-49c06e320521] Generating... 0 ready, 0 failed / 2 total (45s) play_circle 35% [HÀN play_circle 35% [HÀN
2026-09-05T06:53:52.787Z [dc714557-f3e5-459d-872a-9ca3a8386cde][bb1fc585-f087-407a-b043-49c06e320521] [submit] confirmed (editor "What do you want to ", fresh tile=true).
2026-09-05T06:53:53.418Z [dc714557-f3e5-459d-872a-9ca3a8386cde][bb1fc585-f087-407a-b043-49c06e320521] Current Workspace project URL: https://flow.google.com/project/cd81a7d3-c989-419e-891a-f8694174cb85?hl=en
2026-09-05T06:53:53.419Z [dc714557-f3e5-459d-872a-9ca3a8386cde][bb1fc585-f087-407a-b043-49c06e320521] Submitted ✓ Detecting batch size...
2026-09-05T06:53:54.840Z [d89adfab-322d-438d-866e-b336b205fe1d][bb1fc585-f087-407a-b043-49c06e320521] Generating... 0 ready, 0 failed / 2 total (48s) play_circle 36% [HÀN play_circle 36% [HÀN
2026-09-05T06:53:57.854Z [d89adfab-322d-438d-866e-b336b205fe1d][bb1fc585-f087-407a-b043-49c06e320521] Generating... 0 ready, 0 failed / 2 total (51s) play_circle 40% [HÀN play_circle 39% [HÀN
2026-09-05T06:54:00.425Z [8a97ac8d-9f2b-49ef-929a-06a60fdce690][bb1fc585-f087-407a-b043-49c06e320521] Start keyframe: start keyframe attached ✓
2026-09-05T06:54:00.439Z [8a97ac8d-9f2b-49ef-929a-06a60fdce690][bb1fc585-f087-407a-b043-49c06e320521] Entering prompt...
2026-09-05T06:54:00.875Z [d89adfab-322d-438d-866e-b336b205fe1d][bb1fc585-f087-407a-b043-49c06e320521] Generating... 0 ready, 0 failed / 2 total (54s) play_circle 43% [HÀN play_circle 42% [HÀN
2026-09-05T06:54:02.188Z [8a97ac8d-9f2b-49ef-929a-06a60fdce690][bb1fc585-f087-407a-b043-49c06e320521] Prompt is 1019 chars — typing it in 20 chunk(s).
2026-09-05T06:54:03.890Z [d89adfab-322d-438d-866e-b336b205fe1d][bb1fc585-f087-407a-b043-49c06e320521] Generating... 0 ready, 0 failed / 2 total (57s) play_circle 45% [HÀN play_circle 45% [HÀN
2026-09-05T06:54:05.222Z [4093add4-7fc4-4d08-9ad6-8138a8e92b40][bb1fc585-f087-407a-b043-49c06e320521] No new tiles detected in 30s — falling back to the configured count 2.
2026-09-05T06:54:05.222Z [4093add4-7fc4-4d08-9ad6-8138a8e92b40][bb1fc585-f087-407a-b043-49c06e320521] Batch detected: 2 item(s). Generating...
2026-09-05T06:54:05.222Z [4093add4-7fc4-4d08-9ad6-8138a8e92b40][bb1fc585-f087-407a-b043-49c06e320521] Polling for 2 video item(s) (baseline=50, hasUpload=true)...
2026-09-05T06:54:05.232Z [4093add4-7fc4-4d08-9ad6-8138a8e92b40][bb1fc585-f087-407a-b043-49c06e320521] Generating... 0 ready, 0 failed / 2 total (0s)
2026-09-05T06:54:06.913Z [d89adfab-322d-438d-866e-b336b205fe1d][bb1fc585-f087-407a-b043-49c06e320521] Generating... 0 ready, 0 failed / 2 total (60s) play_circle 48% [HÀN play_circle 48% [HÀN
2026-09-05T06:54:08.251Z [4093add4-7fc4-4d08-9ad6-8138a8e92b40][bb1fc585-f087-407a-b043-49c06e320521] Generating... 0 ready, 0 failed / 2 total (3s)
2026-09-05T06:54:09.932Z [d89adfab-322d-438d-866e-b336b205fe1d][bb1fc585-f087-407a-b043-49c06e320521] Generating... 0 ready, 0 failed / 2 total (63s) play_circle 50% [HÀN play_circle 50% [HÀN
2026-09-05T06:54:11.283Z [4093add4-7fc4-4d08-9ad6-8138a8e92b40][bb1fc585-f087-407a-b043-49c06e320521] Generating... 0 ready, 0 failed / 2 total (6s)
2026-09-05T06:54:11.685Z [8a97ac8d-9f2b-49ef-929a-06a60fdce690][bb1fc585-f087-407a-b043-49c06e320521] Prompt insert attempt 1: editor has 1008 chars (want ~1015) ✓
2026-09-05T06:54:12.954Z [d89adfab-322d-438d-866e-b336b205fe1d][bb1fc585-f087-407a-b043-49c06e320521] Generating... 0 ready, 0 failed / 2 total (66s) play_circle 52% [HÀN play_circle 100% [HÀ
2026-09-05T06:54:13.814Z [8a97ac8d-9f2b-49ef-929a-06a60fdce690][bb1fc585-f087-407a-b043-49c06e320521] Baseline: 49 pre-existing media tile(s) of 49 mounted (kinds: image,video,video,image,video,video,image,video,video,image,video,video,image,video,video,image,video,image,video,video,image,video,video,image,video,video,image,video,video,image,video,video,image,video,video,image,image,image,video,video,image,video,video,image,video,video,image,video,video).
2026-09-05T06:54:14.302Z [4093add4-7fc4-4d08-9ad6-8138a8e92b40][bb1fc585-f087-407a-b043-49c06e320521] Generating... 0 ready, 0 failed / 2 total (9s)
2026-09-05T06:54:15.609Z [8a97ac8d-9f2b-49ef-929a-06a60fdce690][bb1fc585-f087-407a-b043-49c06e320521] [submit] confirmed (editor "What do you want to ", fresh tile=true).
2026-09-05T06:54:15.977Z [d89adfab-322d-438d-866e-b336b205fe1d][bb1fc585-f087-407a-b043-49c06e320521] Generating... 0 ready, 0 failed / 2 total (70s) play_circle 56% [HÀN play_circle 100% [HÀ
2026-09-05T06:54:16.192Z [8a97ac8d-9f2b-49ef-929a-06a60fdce690][bb1fc585-f087-407a-b043-49c06e320521] Current Workspace project URL: https://flow.google.com/project/cae2bf2b-d1b8-40f9-a300-9f2aa6276ea5?hl=en
2026-09-05T06:54:16.193Z [8a97ac8d-9f2b-49ef-929a-06a60fdce690][bb1fc585-f087-407a-b043-49c06e320521] Submitted ✓ Detecting batch size...
2026-09-05T06:54:16.206Z [8a97ac8d-9f2b-49ef-929a-06a60fdce690][bb1fc585-f087-407a-b043-49c06e320521] New tile(s) since submit: 0 → 2 (mounted=49)
2026-09-05T06:54:17.319Z [4093add4-7fc4-4d08-9ad6-8138a8e92b40][bb1fc585-f087-407a-b043-49c06e320521] Generating... 0 ready, 0 failed / 2 total (12s)
2026-09-05T06:54:18.990Z [d89adfab-322d-438d-866e-b336b205fe1d][bb1fc585-f087-407a-b043-49c06e320521] Generating... 0 ready, 0 failed / 2 total (73s) play_circle 59% [HÀN [HÀNH ĐỘNG]Bắt đầu đ
2026-09-05T06:54:20.333Z [8a97ac8d-9f2b-49ef-929a-06a60fdce690][bb1fc585-f087-407a-b043-49c06e320521] Batch size stabilised at 2 new tile(s)
2026-09-05T06:54:20.333Z [4093add4-7fc4-4d08-9ad6-8138a8e92b40][bb1fc585-f087-407a-b043-49c06e320521] Generating... 0 ready, 0 failed / 2 total (15s)
2026-09-05T06:54:20.333Z [8a97ac8d-9f2b-49ef-929a-06a60fdce690][bb1fc585-f087-407a-b043-49c06e320521] Batch detected: 2 item(s). Generating...
2026-09-05T06:54:20.334Z [8a97ac8d-9f2b-49ef-929a-06a60fdce690][bb1fc585-f087-407a-b043-49c06e320521] Polling for 2 video item(s) (baseline=49, hasUpload=true)...
2026-09-05T06:54:20.346Z [8a97ac8d-9f2b-49ef-929a-06a60fdce690][bb1fc585-f087-407a-b043-49c06e320521] Generating... 0 ready, 0 failed / 2 total (0s) play_circle [HÀNH ĐỘ play_circle [HÀNH ĐỘ
2026-09-05T06:54:22.004Z [d89adfab-322d-438d-866e-b336b205fe1d][bb1fc585-f087-407a-b043-49c06e320521] Generating... 1 ready, 0 failed / 2 total (76s) play_circle 61% [HÀN
2026-09-05T06:54:23.353Z [4093add4-7fc4-4d08-9ad6-8138a8e92b40][bb1fc585-f087-407a-b043-49c06e320521] Generating... 0 ready, 0 failed / 2 total (18s)
2026-09-05T06:54:23.363Z [8a97ac8d-9f2b-49ef-929a-06a60fdce690][bb1fc585-f087-407a-b043-49c06e320521] Generating... 0 ready, 0 failed / 2 total (3s) play_circle [HÀNH ĐỘ play_circle [HÀNH ĐỘ
2026-09-05T06:54:23.873Z [dc714557-f3e5-459d-872a-9ca3a8386cde][bb1fc585-f087-407a-b043-49c06e320521] No new tiles detected in 30s — falling back to the configured count 2.
2026-09-05T06:54:23.873Z [dc714557-f3e5-459d-872a-9ca3a8386cde][bb1fc585-f087-407a-b043-49c06e320521] Batch detected: 2 item(s). Generating...
2026-09-05T06:54:23.874Z [dc714557-f3e5-459d-872a-9ca3a8386cde][bb1fc585-f087-407a-b043-49c06e320521] Polling for 2 video item(s) (baseline=50, hasUpload=true)...
2026-09-05T06:54:23.884Z [dc714557-f3e5-459d-872a-9ca3a8386cde][bb1fc585-f087-407a-b043-49c06e320521] Generating... 0 ready, 0 failed / 2 total (0s)
2026-09-05T06:54:25.030Z [d89adfab-322d-438d-866e-b336b205fe1d][bb1fc585-f087-407a-b043-49c06e320521] Generating... 1 ready, 0 failed / 2 total (79s) play_circle 64% [HÀN
2026-09-05T06:54:26.382Z [8a97ac8d-9f2b-49ef-929a-06a60fdce690][bb1fc585-f087-407a-b043-49c06e320521] Generating... 0 ready, 0 failed / 2 total (6s) play_circle 0% [HÀNH play_circle 0% [HÀNH
2026-09-05T06:54:26.383Z [4093add4-7fc4-4d08-9ad6-8138a8e92b40][bb1fc585-f087-407a-b043-49c06e320521] Generating... 0 ready, 0 failed / 2 total (21s)
2026-09-05T06:54:26.902Z [dc714557-f3e5-459d-872a-9ca3a8386cde][bb1fc585-f087-407a-b043-49c06e320521] Generating... 0 ready, 0 failed / 2 total (3s)
2026-09-05T06:54:28.054Z [d89adfab-322d-438d-866e-b336b205fe1d][bb1fc585-f087-407a-b043-49c06e320521] Generating... 1 ready, 0 failed / 2 total (82s) play_circle 100% [HÀ
2026-09-05T06:54:29.404Z [8a97ac8d-9f2b-49ef-929a-06a60fdce690][bb1fc585-f087-407a-b043-49c06e320521] Generating... 0 ready, 0 failed / 2 total (9s) play_circle 2% [HÀNH play_circle 1% [HÀNH
2026-09-05T06:54:29.404Z [4093add4-7fc4-4d08-9ad6-8138a8e92b40][bb1fc585-f087-407a-b043-49c06e320521] Generating... 0 ready, 0 failed / 2 total (24s)
2026-09-05T06:54:29.921Z [dc714557-f3e5-459d-872a-9ca3a8386cde][bb1fc585-f087-407a-b043-49c06e320521] Generating... 0 ready, 0 failed / 2 total (6s)
2026-09-05T06:54:31.071Z [d89adfab-322d-438d-866e-b336b205fe1d][bb1fc585-f087-407a-b043-49c06e320521] Generating... 1 ready, 0 failed / 2 total (85s) play_circle 100% [HÀ
2026-09-05T06:54:32.419Z [8a97ac8d-9f2b-49ef-929a-06a60fdce690][bb1fc585-f087-407a-b043-49c06e320521] Generating... 0 ready, 0 failed / 2 total (12s) play_circle 4% [HÀNH play_circle 4% [HÀNH
2026-09-05T06:54:32.419Z [4093add4-7fc4-4d08-9ad6-8138a8e92b40][bb1fc585-f087-407a-b043-49c06e320521] Generating... 0 ready, 0 failed / 2 total (27s)
2026-09-05T06:54:32.933Z [dc714557-f3e5-459d-872a-9ca3a8386cde][bb1fc585-f087-407a-b043-49c06e320521] Generating... 0 ready, 0 failed / 2 total (9s)
2026-09-05T06:54:34.104Z [d89adfab-322d-438d-866e-b336b205fe1d][bb1fc585-f087-407a-b043-49c06e320521] Generating... 2 ready, 0 failed / 2 total (88s)
2026-09-05T06:54:34.104Z [d89adfab-322d-438d-866e-b336b205fe1d][bb1fc585-f087-407a-b043-49c06e320521] Batch done: 2 ready (target 2), 0 failed, scanned 2.
2026-09-05T06:54:34.104Z [d89adfab-322d-438d-866e-b336b205fe1d][bb1fc585-f087-407a-b043-49c06e320521] 2 item(s) ready! Downloading...
2026-09-05T06:54:34.105Z [d89adfab-322d-438d-866e-b336b205fe1d][bb1fc585-f087-407a-b043-49c06e320521] Item 1: no video source on the tile yet — hovering it to mount one.
2026-09-05T06:54:35.437Z [4093add4-7fc4-4d08-9ad6-8138a8e92b40][bb1fc585-f087-407a-b043-49c06e320521] Generating... 0 ready, 0 failed / 2 total (30s)
2026-09-05T06:54:35.441Z [8a97ac8d-9f2b-49ef-929a-06a60fdce690][bb1fc585-f087-407a-b043-49c06e320521] Generating... 0 ready, 0 failed / 2 total (15s) play_circle 8% [HÀNH play_circle 7% [HÀNH
2026-09-05T06:54:35.711Z [d89adfab-322d-438d-866e-b336b205fe1d][bb1fc585-f087-407a-b043-49c06e320521] Item 1: Downloading from URL https://flow-content.google/video/f8a3aa81-e7e0-4182-8d64-47b5c8fbb2fb?Expires=1788612866&KeyName=labs-flow-prod-cdn-key&Signature=BkrqjFN2AsU3HrdRlm-O4hEN4H4
2026-09-05T06:54:35.953Z [dc714557-f3e5-459d-872a-9ca3a8386cde][bb1fc585-f087-407a-b043-49c06e320521] Generating... 0 ready, 0 failed / 2 total (12s)
2026-09-05T06:54:36.915Z [d89adfab-322d-438d-866e-b336b205fe1d][bb1fc585-f087-407a-b043-49c06e320521] Downloaded 1/2: video_2026-09-05T06-54-34_01.mp4
2026-09-05T06:54:36.916Z [d89adfab-322d-438d-866e-b336b205fe1d][bb1fc585-f087-407a-b043-49c06e320521] Item 2: no video source on the tile yet — hovering it to mount one.
2026-09-05T06:54:38.230Z [d89adfab-322d-438d-866e-b336b205fe1d][bb1fc585-f087-407a-b043-49c06e320521] Item 2: Downloading from URL https://flow-content.google/video/5321b0b4-4195-4fd0-8a77-5e6f392aca0e?Expires=1788612850&KeyName=labs-flow-prod-cdn-key&Signature=Va3pR07sfvPosjYWVq0WG-cMy5w
2026-09-05T06:54:38.453Z [4093add4-7fc4-4d08-9ad6-8138a8e92b40][bb1fc585-f087-407a-b043-49c06e320521] Generating... 0 ready, 0 failed / 2 total (33s)
2026-09-05T06:54:38.464Z [8a97ac8d-9f2b-49ef-929a-06a60fdce690][bb1fc585-f087-407a-b043-49c06e320521] Generating... 0 ready, 0 failed / 2 total (18s) play_circle 10% [HÀN play_circle 10% [HÀN
2026-09-05T06:54:38.971Z [dc714557-f3e5-459d-872a-9ca3a8386cde][bb1fc585-f087-407a-b043-49c06e320521] Generating... 0 ready, 0 failed / 2 total (15s)
2026-09-05T06:54:39.725Z [d89adfab-322d-438d-866e-b336b205fe1d][bb1fc585-f087-407a-b043-49c06e320521] Downloaded 2/2: video_2026-09-05T06-54-34_02.mp4
2026-09-05T06:54:39.725Z [d89adfab-322d-438d-866e-b336b205fe1d][bb1fc585-f087-407a-b043-49c06e320521] ✅ 2 item(s) saved to Downloads/Win AI Toolkit/
2026-09-05T06:54:41.468Z [4093add4-7fc4-4d08-9ad6-8138a8e92b40][bb1fc585-f087-407a-b043-49c06e320521] Generating... 0 ready, 0 failed / 2 total (36s)
2026-09-05T06:54:41.482Z [8a97ac8d-9f2b-49ef-929a-06a60fdce690][bb1fc585-f087-407a-b043-49c06e320521] Generating... 0 ready, 0 failed / 2 total (21s) play_circle 13% [HÀN play_circle 13% [HÀN
2026-09-05T06:54:41.994Z [dc714557-f3e5-459d-872a-9ca3a8386cde][bb1fc585-f087-407a-b043-49c06e320521] Generating... 0 ready, 0 failed / 2 total (18s)
2026-09-05T06:54:44.483Z [4093add4-7fc4-4d08-9ad6-8138a8e92b40][bb1fc585-f087-407a-b043-49c06e320521] Generating... 0 ready, 0 failed / 2 total (39s)
2026-09-05T06:54:44.503Z [8a97ac8d-9f2b-49ef-929a-06a60fdce690][bb1fc585-f087-407a-b043-49c06e320521] Generating... 0 ready, 0 failed / 2 total (24s) play_circle 15% [HÀN play_circle 16% [HÀN
2026-09-05T06:54:45.014Z [dc714557-f3e5-459d-872a-9ca3a8386cde][bb1fc585-f087-407a-b043-49c06e320521] Generating... 0 ready, 0 failed / 2 total (21s)
2026-09-05T06:54:47.502Z [4093add4-7fc4-4d08-9ad6-8138a8e92b40][bb1fc585-f087-407a-b043-49c06e320521] Generating... 0 ready, 0 failed / 2 total (42s)
2026-09-05T06:54:47.531Z [8a97ac8d-9f2b-49ef-929a-06a60fdce690][bb1fc585-f087-407a-b043-49c06e320521] Generating... 0 ready, 0 failed / 2 total (27s) play_circle 17% [HÀN play_circle 17% [HÀN
2026-09-05T06:54:48.036Z [dc714557-f3e5-459d-872a-9ca3a8386cde][bb1fc585-f087-407a-b043-49c06e320521] Generating... 0 ready, 0 failed / 2 total (24s)
2026-09-05T06:54:50.519Z [4093add4-7fc4-4d08-9ad6-8138a8e92b40][bb1fc585-f087-407a-b043-49c06e320521] Generating... 0 ready, 0 failed / 2 total (45s)
2026-09-05T06:54:50.552Z [8a97ac8d-9f2b-49ef-929a-06a60fdce690][bb1fc585-f087-407a-b043-49c06e320521] Generating... 0 ready, 0 failed / 2 total (30s) play_circle 21% [HÀN play_circle 21% [HÀN
2026-09-05T06:54:51.053Z [dc714557-f3e5-459d-872a-9ca3a8386cde][bb1fc585-f087-407a-b043-49c06e320521] Generating... 0 ready, 0 failed / 2 total (27s)
2026-09-05T06:54:53.539Z [4093add4-7fc4-4d08-9ad6-8138a8e92b40][bb1fc585-f087-407a-b043-49c06e320521] Generating... 0 ready, 0 failed / 2 total (48s)
2026-09-05T06:54:53.571Z [8a97ac8d-9f2b-49ef-929a-06a60fdce690][bb1fc585-f087-407a-b043-49c06e320521] Generating... 0 ready, 0 failed / 2 total (33s) play_circle 23% [HÀN play_circle 23% [HÀN
2026-09-05T06:54:54.075Z [dc714557-f3e5-459d-872a-9ca3a8386cde][bb1fc585-f087-407a-b043-49c06e320521] Generating... 0 ready, 0 failed / 2 total (30s)
2026-09-05T06:54:56.553Z [4093add4-7fc4-4d08-9ad6-8138a8e92b40][bb1fc585-f087-407a-b043-49c06e320521] Generating... 0 ready, 0 failed / 2 total (51s)
2026-09-05T06:54:56.591Z [8a97ac8d-9f2b-49ef-929a-06a60fdce690][bb1fc585-f087-407a-b043-49c06e320521] Generating... 0 ready, 0 failed / 2 total (36s) play_circle 26% [HÀN play_circle 26% [HÀN
2026-09-05T06:54:57.091Z [dc714557-f3e5-459d-872a-9ca3a8386cde][bb1fc585-f087-407a-b043-49c06e320521] Generating... 0 ready, 0 failed / 2 total (33s)
2026-09-05T06:54:59.571Z [4093add4-7fc4-4d08-9ad6-8138a8e92b40][bb1fc585-f087-407a-b043-49c06e320521] Generating... 0 ready, 0 failed / 2 total (54s)
2026-09-05T06:54:59.614Z [8a97ac8d-9f2b-49ef-929a-06a60fdce690][bb1fc585-f087-407a-b043-49c06e320521] Generating... 0 ready, 0 failed / 2 total (39s) play_circle 29% [HÀN play_circle 30% [HÀN
2026-09-05T06:55:00.114Z [dc714557-f3e5-459d-872a-9ca3a8386cde][bb1fc585-f087-407a-b043-49c06e320521] Generating... 0 ready, 0 failed / 2 total (36s)
2026-09-05T06:55:02.587Z [4093add4-7fc4-4d08-9ad6-8138a8e92b40][bb1fc585-f087-407a-b043-49c06e320521] Generating... 0 ready, 0 failed / 2 total (57s)
2026-09-05T06:55:02.634Z [8a97ac8d-9f2b-49ef-929a-06a60fdce690][bb1fc585-f087-407a-b043-49c06e320521] Generating... 0 ready, 0 failed / 2 total (42s) play_circle 32% [HÀN play_circle 32% [HÀN
2026-09-05T06:55:03.134Z [dc714557-f3e5-459d-872a-9ca3a8386cde][bb1fc585-f087-407a-b043-49c06e320521] Generating... 0 ready, 0 failed / 2 total (39s)
2026-09-05T06:55:05.603Z [4093add4-7fc4-4d08-9ad6-8138a8e92b40][bb1fc585-f087-407a-b043-49c06e320521] Generating... 0 ready, 0 failed / 2 total (60s)
2026-09-05T06:55:06.083Z [8a97ac8d-9f2b-49ef-929a-06a60fdce690][bb1fc585-f087-407a-b043-49c06e320521] Generating... 0 ready, 0 failed / 2 total (46s) play_circle 36% [HÀN
2026-09-05T06:55:06.164Z [dc714557-f3e5-459d-872a-9ca3a8386cde][bb1fc585-f087-407a-b043-49c06e320521] Generating... 0 ready, 0 failed / 2 total (42s)
2026-09-05T06:55:08.621Z [4093add4-7fc4-4d08-9ad6-8138a8e92b40][bb1fc585-f087-407a-b043-49c06e320521] Generating... 0 ready, 0 failed / 2 total (63s)
2026-09-05T06:55:09.106Z [8a97ac8d-9f2b-49ef-929a-06a60fdce690][bb1fc585-f087-407a-b043-49c06e320521] Generating... 0 ready, 0 failed / 2 total (49s) play_circle 37% [HÀN
2026-09-05T06:55:09.184Z [dc714557-f3e5-459d-872a-9ca3a8386cde][bb1fc585-f087-407a-b043-49c06e320521] Generating... 0 ready, 0 failed / 2 total (45s)
2026-09-05T06:55:11.640Z [4093add4-7fc4-4d08-9ad6-8138a8e92b40][bb1fc585-f087-407a-b043-49c06e320521] Generating... 0 ready, 0 failed / 2 total (66s)
2026-09-05T06:55:12.134Z [8a97ac8d-9f2b-49ef-929a-06a60fdce690][bb1fc585-f087-407a-b043-49c06e320521] Generating... 0 ready, 0 failed / 2 total (52s) play_circle 100% [HÀ
2026-09-05T06:55:12.205Z [dc714557-f3e5-459d-872a-9ca3a8386cde][bb1fc585-f087-407a-b043-49c06e320521] Generating... 0 ready, 0 failed / 2 total (48s)
2026-09-05T06:55:14.665Z [4093add4-7fc4-4d08-9ad6-8138a8e92b40][bb1fc585-f087-407a-b043-49c06e320521] Generating... 0 ready, 0 failed / 2 total (69s)
2026-09-05T06:55:15.157Z [8a97ac8d-9f2b-49ef-929a-06a60fdce690][bb1fc585-f087-407a-b043-49c06e320521] Generating... 0 ready, 0 failed / 2 total (55s) [HÀNH ĐỘNG]Bắt đầu đ
2026-09-05T06:55:15.222Z [dc714557-f3e5-459d-872a-9ca3a8386cde][bb1fc585-f087-407a-b043-49c06e320521] Generating... 0 ready, 0 failed / 2 total (51s)
2026-09-05T06:55:17.683Z [4093add4-7fc4-4d08-9ad6-8138a8e92b40][bb1fc585-f087-407a-b043-49c06e320521] Generating... 0 ready, 0 failed / 2 total (72s)
2026-09-05T06:55:18.169Z [8a97ac8d-9f2b-49ef-929a-06a60fdce690][bb1fc585-f087-407a-b043-49c06e320521] Generating... 1 ready, 0 failed / 2 total (58s)
2026-09-05T06:55:18.242Z [dc714557-f3e5-459d-872a-9ca3a8386cde][bb1fc585-f087-407a-b043-49c06e320521] Generating... 0 ready, 0 failed / 2 total (54s)
2026-09-05T06:55:20.695Z [4093add4-7fc4-4d08-9ad6-8138a8e92b40][bb1fc585-f087-407a-b043-49c06e320521] Generating... 0 ready, 0 failed / 2 total (75s)
2026-09-05T06:55:21.193Z [8a97ac8d-9f2b-49ef-929a-06a60fdce690][bb1fc585-f087-407a-b043-49c06e320521] Generating... 1 ready, 0 failed / 2 total (61s)
2026-09-05T06:55:21.265Z [dc714557-f3e5-459d-872a-9ca3a8386cde][bb1fc585-f087-407a-b043-49c06e320521] Generating... 0 ready, 0 failed / 2 total (57s)
2026-09-05T06:55:22.840Z [d89adfab-322d-438d-866e-b336b205fe1d][bb1fc585-f087-407a-b043-49c06e320521] Item 1 (try 1): 1080p saved via the UI download flow.
2026-09-05T06:55:22.884Z [d89adfab-322d-438d-866e-b336b205fe1d][bb1fc585-f087-407a-b043-49c06e320521] Item 1: upgraded to 1080p → D:\WINAI\Slow-English-with-Arlo_7_41_cmtlc8wk\video_2026-09-05T06-54-34_01.mp4
2026-09-05T06:55:23.711Z [4093add4-7fc4-4d08-9ad6-8138a8e92b40][bb1fc585-f087-407a-b043-49c06e320521] Generating... 0 ready, 0 failed / 2 total (78s)
2026-09-05T06:55:24.212Z [8a97ac8d-9f2b-49ef-929a-06a60fdce690][bb1fc585-f087-407a-b043-49c06e320521] Generating... 1 ready, 0 failed / 2 total (64s)
2026-09-05T06:55:24.284Z [dc714557-f3e5-459d-872a-9ca3a8386cde][bb1fc585-f087-407a-b043-49c06e320521] Generating... 0 ready, 0 failed / 2 total (60s)
2026-09-05T06:55:26.727Z [4093add4-7fc4-4d08-9ad6-8138a8e92b40][bb1fc585-f087-407a-b043-49c06e320521] Generating... 0 ready, 0 failed / 2 total (82s)
2026-09-05T06:55:27.232Z [8a97ac8d-9f2b-49ef-929a-06a60fdce690][bb1fc585-f087-407a-b043-49c06e320521] Generating... 1 ready, 0 failed / 2 total (67s)
2026-09-05T06:55:27.298Z [dc714557-f3e5-459d-872a-9ca3a8386cde][bb1fc585-f087-407a-b043-49c06e320521] Generating... 0 ready, 0 failed / 2 total (63s)
2026-09-05T06:55:29.750Z [4093add4-7fc4-4d08-9ad6-8138a8e92b40][bb1fc585-f087-407a-b043-49c06e320521] Generating... 0 ready, 0 failed / 2 total (85s)
2026-09-05T06:55:30.246Z [8a97ac8d-9f2b-49ef-929a-06a60fdce690][bb1fc585-f087-407a-b043-49c06e320521] Generating... 1 ready, 0 failed / 2 total (70s)
2026-09-05T06:55:30.324Z [dc714557-f3e5-459d-872a-9ca3a8386cde][bb1fc585-f087-407a-b043-49c06e320521] Generating... 0 ready, 0 failed / 2 total (66s)
2026-09-05T06:55:32.764Z [4093add4-7fc4-4d08-9ad6-8138a8e92b40][bb1fc585-f087-407a-b043-49c06e320521] Generating... 0 ready, 0 failed / 2 total (88s)
2026-09-05T06:55:33.263Z [8a97ac8d-9f2b-49ef-929a-06a60fdce690][bb1fc585-f087-407a-b043-49c06e320521] Generating... 1 ready, 0 failed / 2 total (73s)
2026-09-05T06:55:33.339Z [dc714557-f3e5-459d-872a-9ca3a8386cde][bb1fc585-f087-407a-b043-49c06e320521] Generating... 0 ready, 0 failed / 2 total (69s)
2026-09-05T06:55:35.785Z [4093add4-7fc4-4d08-9ad6-8138a8e92b40][bb1fc585-f087-407a-b043-49c06e320521] Generating... 0 ready, 0 failed / 2 total (91s)
2026-09-05T06:55:36.285Z [8a97ac8d-9f2b-49ef-929a-06a60fdce690][bb1fc585-f087-407a-b043-49c06e320521] Generating... 1 ready, 0 failed / 2 total (76s)
2026-09-05T06:55:36.361Z [dc714557-f3e5-459d-872a-9ca3a8386cde][bb1fc585-f087-407a-b043-49c06e320521] Generating... 0 ready, 0 failed / 2 total (72s)
2026-09-05T06:55:38.799Z [4093add4-7fc4-4d08-9ad6-8138a8e92b40][bb1fc585-f087-407a-b043-49c06e320521] Generating... 0 ready, 0 failed / 2 total (94s)
2026-09-05T06:55:39.302Z [8a97ac8d-9f2b-49ef-929a-06a60fdce690][bb1fc585-f087-407a-b043-49c06e320521] Generating... 1 ready, 0 failed / 2 total (79s)
2026-09-05T06:55:39.377Z [dc714557-f3e5-459d-872a-9ca3a8386cde][bb1fc585-f087-407a-b043-49c06e320521] Generating... 0 ready, 0 failed / 2 total (76s)
2026-09-05T06:55:41.815Z [4093add4-7fc4-4d08-9ad6-8138a8e92b40][bb1fc585-f087-407a-b043-49c06e320521] Generating... 0 ready, 0 failed / 2 total (97s)
2026-09-05T06:55:42.326Z [8a97ac8d-9f2b-49ef-929a-06a60fdce690][bb1fc585-f087-407a-b043-49c06e320521] Generating... 1 ready, 0 failed / 2 total (82s)
2026-09-05T06:55:42.389Z [dc714557-f3e5-459d-872a-9ca3a8386cde][bb1fc585-f087-407a-b043-49c06e320521] Generating... 0 ready, 0 failed / 2 total (79s)
2026-09-05T06:55:44.835Z [4093add4-7fc4-4d08-9ad6-8138a8e92b40][bb1fc585-f087-407a-b043-49c06e320521] Generating... 0 ready, 0 failed / 2 total (100s)
2026-09-05T06:55:45.351Z [8a97ac8d-9f2b-49ef-929a-06a60fdce690][bb1fc585-f087-407a-b043-49c06e320521] Generating... 1 ready, 0 failed / 2 total (85s)
2026-09-05T06:55:45.412Z [dc714557-f3e5-459d-872a-9ca3a8386cde][bb1fc585-f087-407a-b043-49c06e320521] Generating... 0 ready, 0 failed / 2 total (82s)
2026-09-05T06:55:47.852Z [4093add4-7fc4-4d08-9ad6-8138a8e92b40][bb1fc585-f087-407a-b043-49c06e320521] Generating... 0 ready, 0 failed / 2 total (103s)
2026-09-05T06:55:48.366Z [8a97ac8d-9f2b-49ef-929a-06a60fdce690][bb1fc585-f087-407a-b043-49c06e320521] Generating... 1 ready, 0 failed / 2 total (88s)
2026-09-05T06:55:48.428Z [dc714557-f3e5-459d-872a-9ca3a8386cde][bb1fc585-f087-407a-b043-49c06e320521] Generating... 0 ready, 0 failed / 2 total (85s)
2026-09-05T06:55:50.872Z [4093add4-7fc4-4d08-9ad6-8138a8e92b40][bb1fc585-f087-407a-b043-49c06e320521] Generating... 0 ready, 0 failed / 2 total (106s)
2026-09-05T06:55:51.385Z [8a97ac8d-9f2b-49ef-929a-06a60fdce690][bb1fc585-f087-407a-b043-49c06e320521] Generating... 1 ready, 0 failed / 2 total (91s)
2026-09-05T06:55:51.449Z [dc714557-f3e5-459d-872a-9ca3a8386cde][bb1fc585-f087-407a-b043-49c06e320521] Generating... 0 ready, 0 failed / 2 total (88s)
2026-09-05T06:55:53.890Z [4093add4-7fc4-4d08-9ad6-8138a8e92b40][bb1fc585-f087-407a-b043-49c06e320521] Generating... 0 ready, 0 failed / 2 total (109s)
2026-09-05T06:55:54.402Z [8a97ac8d-9f2b-49ef-929a-06a60fdce690][bb1fc585-f087-407a-b043-49c06e320521] Generating... 1 ready, 0 failed / 2 total (94s)
2026-09-05T06:55:54.466Z [dc714557-f3e5-459d-872a-9ca3a8386cde][bb1fc585-f087-407a-b043-49c06e320521] Generating... 0 ready, 0 failed / 2 total (91s)
2026-09-05T06:55:56.916Z [4093add4-7fc4-4d08-9ad6-8138a8e92b40][bb1fc585-f087-407a-b043-49c06e320521] Generating... 0 ready, 0 failed / 2 total (112s)
2026-09-05T06:55:57.416Z [8a97ac8d-9f2b-49ef-929a-06a60fdce690][bb1fc585-f087-407a-b043-49c06e320521] Generating... 1 ready, 0 failed / 2 total (97s)
2026-09-05T06:55:57.490Z [dc714557-f3e5-459d-872a-9ca3a8386cde][bb1fc585-f087-407a-b043-49c06e320521] Generating... 0 ready, 0 failed / 2 total (94s)
2026-09-05T06:55:59.929Z [4093add4-7fc4-4d08-9ad6-8138a8e92b40][bb1fc585-f087-407a-b043-49c06e320521] Generating... 0 ready, 0 failed / 2 total (115s)
2026-09-05T06:56:00.444Z [8a97ac8d-9f2b-49ef-929a-06a60fdce690][bb1fc585-f087-407a-b043-49c06e320521] Generating... 1 ready, 0 failed / 2 total (100s)
2026-09-05T06:56:00.512Z [dc714557-f3e5-459d-872a-9ca3a8386cde][bb1fc585-f087-407a-b043-49c06e320521] Generating... 0 ready, 0 failed / 2 total (97s)
2026-09-05T06:56:02.954Z [4093add4-7fc4-4d08-9ad6-8138a8e92b40][bb1fc585-f087-407a-b043-49c06e320521] Generating... 0 ready, 0 failed / 2 total (118s)
2026-09-05T06:56:03.468Z [8a97ac8d-9f2b-49ef-929a-06a60fdce690][bb1fc585-f087-407a-b043-49c06e320521] Generating... 1 ready, 0 failed / 2 total (103s)
2026-09-05T06:56:03.531Z [dc714557-f3e5-459d-872a-9ca3a8386cde][bb1fc585-f087-407a-b043-49c06e320521] Generating... 0 ready, 0 failed / 2 total (100s)
2026-09-05T06:56:05.968Z [4093add4-7fc4-4d08-9ad6-8138a8e92b40][bb1fc585-f087-407a-b043-49c06e320521] Generating... 0 ready, 0 failed / 2 total (121s)
2026-09-05T06:56:06.481Z [8a97ac8d-9f2b-49ef-929a-06a60fdce690][bb1fc585-f087-407a-b043-49c06e320521] Generating... 1 ready, 0 failed / 2 total (106s)
2026-09-05T06:56:06.556Z [dc714557-f3e5-459d-872a-9ca3a8386cde][bb1fc585-f087-407a-b043-49c06e320521] Generating... 0 ready, 0 failed / 2 total (103s)
2026-09-05T06:56:08.864Z [d89adfab-322d-438d-866e-b336b205fe1d][bb1fc585-f087-407a-b043-49c06e320521] Item 2 (try 1): 1080p saved via the UI download flow.
2026-09-05T06:56:08.923Z [d89adfab-322d-438d-866e-b336b205fe1d][bb1fc585-f087-407a-b043-49c06e320521] Item 2: upgraded to 1080p → D:\WINAI\Slow-English-with-Arlo_7_41_cmtlc8wk\video_2026-09-05T06-54-34_02.mp4
2026-09-05T06:56:08.924Z [d89adfab-322d-438d-866e-b336b205fe1d][bb1fc585-f087-407a-b043-49c06e320521] Uploading 2 video(s) to Xanh...
2026-09-05T06:56:08.994Z [4093add4-7fc4-4d08-9ad6-8138a8e92b40][bb1fc585-f087-407a-b043-49c06e320521] Generating... 0 ready, 0 failed / 2 total (124s)
2026-09-05T06:56:09.501Z [8a97ac8d-9f2b-49ef-929a-06a60fdce690][bb1fc585-f087-407a-b043-49c06e320521] Generating... 1 ready, 0 failed / 2 total (109s)
2026-09-05T06:56:09.576Z [dc714557-f3e5-459d-872a-9ca3a8386cde][bb1fc585-f087-407a-b043-49c06e320521] Generating... 0 ready, 0 failed / 2 total (106s)
2026-09-05T06:56:09.583Z [d89adfab-322d-438d-866e-b336b205fe1d][bb1fc585-f087-407a-b043-49c06e320521] Item 2: Re-uploaded 1080p → https://studio.xanhmedia.vn/uploads/2026-09/1788591369276_873cca_bb1fc585-f087-407a-b043-49c06e320521_d89.mp4
2026-09-05T06:56:11.554Z [d89adfab-322d-438d-866e-b336b205fe1d][bb1fc585-f087-407a-b043-49c06e320521] Item 1: Re-uploaded 1080p → https://studio.xanhmedia.vn/uploads/2026-09/1788591371262_4d551e_bb1fc585-f087-407a-b043-49c06e320521_d89.mp4
2026-09-05T06:56:11.554Z [d89adfab-322d-438d-866e-b336b205fe1d][bb1fc585-f087-407a-b043-49c06e320521] ✅ 2 item(s) + 1080p saved to Downloads/Win AI Toolkit/
2026-09-05T06:56:11.555Z [d89adfab-322d-438d-866e-b336b205fe1d][bb1fc585-f087-407a-b043-49c06e320521] All done (including any 1080p upgrades). Closing Playwright browser context.
2026-09-05T06:56:12.019Z [4093add4-7fc4-4d08-9ad6-8138a8e92b40][bb1fc585-f087-407a-b043-49c06e320521] Generating... 0 ready, 0 failed / 2 total (127s)
2026-09-05T06:56:12.527Z [8a97ac8d-9f2b-49ef-929a-06a60fdce690][bb1fc585-f087-407a-b043-49c06e320521] Generating... 1 ready, 0 failed / 2 total (112s)
2026-09-05T06:56:12.587Z [dc714557-f3e5-459d-872a-9ca3a8386cde][bb1fc585-f087-407a-b043-49c06e320521] Generating... 0 ready, 0 failed / 2 total (109s)
2026-09-05T06:56:12.635Z [d184cd1e-e54f-4cc2-a14f-3772fd2f7cdc][bb1fc585-f087-407a-b043-49c06e320521] runGeneration starting: task_id=d184cd1e-e54f-4cc2-a14f-3772fd2f7cdc, profile_id=bb1fc585-f087-407a-b043-49c06e320521, target_site=google_flow
2026-09-05T06:56:12.636Z [d184cd1e-e54f-4cc2-a14f-3772fd2f7cdc][bb1fc585-f087-407a-b043-49c06e320521] Opening Playwright browser with persistent profile cookies...
2026-09-05T06:56:12.636Z [d184cd1e-e54f-4cc2-a14f-3772fd2f7cdc][bb1fc585-f087-407a-b043-49c06e320521] Browser engine: winhide (C:\Users\Admin\AppData\Roaming\com.tank.winai\winhide\chrome.exe) [hidden off-screen]
2026-09-05T06:56:12.636Z [d184cd1e-e54f-4cc2-a14f-3772fd2f7cdc][bb1fc585-f087-407a-b043-49c06e320521] Launch mode: STEALTH (raw spawn + connectOverCDP)
2026-09-05T06:56:14.035Z [d184cd1e-e54f-4cc2-a14f-3772fd2f7cdc][bb1fc585-f087-407a-b043-49c06e320521] Exit IP: 115.74.128.9
2026-09-05T06:56:14.036Z [d184cd1e-e54f-4cc2-a14f-3772fd2f7cdc][bb1fc585-f087-407a-b043-49c06e320521] Navigating browser to Google Flow tools page...
2026-09-05T06:56:14.036Z [d184cd1e-e54f-4cc2-a14f-3772fd2f7cdc][bb1fc585-f087-407a-b043-49c06e320521] Using existing project URL: https://flow.google.com/project/c2a607c5-d833-4be1-8108-407b74d4ed85?hl=en
2026-09-05T06:56:14.920Z [d184cd1e-e54f-4cc2-a14f-3772fd2f7cdc][bb1fc585-f087-407a-b043-49c06e320521] Waiting for Google Flow...
2026-09-05T06:56:15.039Z [4093add4-7fc4-4d08-9ad6-8138a8e92b40][bb1fc585-f087-407a-b043-49c06e320521] Generating... 0 ready, 0 failed / 2 total (130s)
2026-09-05T06:56:15.551Z [8a97ac8d-9f2b-49ef-929a-06a60fdce690][bb1fc585-f087-407a-b043-49c06e320521] Generating... 1 ready, 0 failed / 2 total (115s)
2026-09-05T06:56:15.608Z [dc714557-f3e5-459d-872a-9ca3a8386cde][bb1fc585-f087-407a-b043-49c06e320521] Generating... 0 ready, 0 failed / 2 total (112s)
2026-09-05T06:56:16.835Z [d184cd1e-e54f-4cc2-a14f-3772fd2f7cdc][bb1fc585-f087-407a-b043-49c06e320521] In existing project ✓
2026-09-05T06:56:17.731Z [d184cd1e-e54f-4cc2-a14f-3772fd2f7cdc][bb1fc585-f087-407a-b043-49c06e320521] dismissPopups: unresolved overlay(s) ["IFRAME[presentation]|btns="]
2026-09-05T06:56:18.062Z [4093add4-7fc4-4d08-9ad6-8138a8e92b40][bb1fc585-f087-407a-b043-49c06e320521] Generating... 0 ready, 0 failed / 2 total (133s)
2026-09-05T06:56:18.566Z [8a97ac8d-9f2b-49ef-929a-06a60fdce690][bb1fc585-f087-407a-b043-49c06e320521] Generating... 1 ready, 0 failed / 2 total (118s)
2026-09-05T06:56:18.625Z [dc714557-f3e5-459d-872a-9ca3a8386cde][bb1fc585-f087-407a-b043-49c06e320521] Generating... 0 ready, 0 failed / 2 total (115s)
2026-09-05T06:56:19.937Z [d184cd1e-e54f-4cc2-a14f-3772fd2f7cdc][bb1fc585-f087-407a-b043-49c06e320521] Composer ready ✓ (UI language: en)
2026-09-05T06:56:19.961Z [d184cd1e-e54f-4cc2-a14f-3772fd2f7cdc][bb1fc585-f087-407a-b043-49c06e320521] dismissPopups: unresolved overlay(s) ["DIV[]|btns=","DIV[]|btns="]
2026-09-05T06:56:20.020Z [d184cd1e-e54f-4cc2-a14f-3772fd2f7cdc][bb1fc585-f087-407a-b043-49c06e320521] Agent toggle aria-pressed=false
2026-09-05T06:56:20.021Z [d184cd1e-e54f-4cc2-a14f-3772fd2f7cdc][bb1fc585-f087-407a-b043-49c06e320521] Opening settings...
2026-09-05T06:56:21.074Z [4093add4-7fc4-4d08-9ad6-8138a8e92b40][bb1fc585-f087-407a-b043-49c06e320521] Generating... 0 ready, 0 failed / 2 total (136s)
2026-09-05T06:56:21.583Z [8a97ac8d-9f2b-49ef-929a-06a60fdce690][bb1fc585-f087-407a-b043-49c06e320521] Generating... 1 ready, 0 failed / 2 total (121s)
2026-09-05T06:56:21.643Z [dc714557-f3e5-459d-872a-9ca3a8386cde][bb1fc585-f087-407a-b043-49c06e320521] Generating... 0 ready, 0 failed / 2 total (118s)
2026-09-05T06:56:21.986Z [d184cd1e-e54f-4cc2-a14f-3772fd2f7cdc][bb1fc585-f087-407a-b043-49c06e320521] Configuring video settings...
2026-09-05T06:56:22.006Z [d184cd1e-e54f-4cc2-a14f-3772fd2f7cdc][bb1fc585-f087-407a-b043-49c06e320521] Mode: "videocam Video" already selected ✓
2026-09-05T06:56:24.093Z [4093add4-7fc4-4d08-9ad6-8138a8e92b40][bb1fc585-f087-407a-b043-49c06e320521] Generating... 0 ready, 0 failed / 2 total (139s)
2026-09-05T06:56:24.356Z [d184cd1e-e54f-4cc2-a14f-3772fd2f7cdc][bb1fc585-f087-407a-b043-49c06e320521] Video type: selected "crop_free Frames" ✓
2026-09-05T06:56:24.602Z [8a97ac8d-9f2b-49ef-929a-06a60fdce690][bb1fc585-f087-407a-b043-49c06e320521] Generating... 1 ready, 0 failed / 2 total (124s)
2026-09-05T06:56:24.662Z [dc714557-f3e5-459d-872a-9ca3a8386cde][bb1fc585-f087-407a-b043-49c06e320521] Generating... 0 ready, 0 failed / 2 total (121s)
2026-09-05T06:56:27.112Z [4093add4-7fc4-4d08-9ad6-8138a8e92b40][bb1fc585-f087-407a-b043-49c06e320521] Generating... 0 ready, 0 failed / 2 total (142s)
2026-09-05T06:56:27.622Z [8a97ac8d-9f2b-49ef-929a-06a60fdce690][bb1fc585-f087-407a-b043-49c06e320521] Generating... 1 ready, 0 failed / 2 total (127s)
2026-09-05T06:56:27.675Z [dc714557-f3e5-459d-872a-9ca3a8386cde][bb1fc585-f087-407a-b043-49c06e320521] Generating... 0 ready, 0 failed / 2 total (124s)
2026-09-05T06:56:28.413Z [d184cd1e-e54f-4cc2-a14f-3772fd2f7cdc][bb1fc585-f087-407a-b043-49c06e320521] Model: selected "Veo 3.1 - Lite [Lower Priority]" ✓
2026-09-05T06:56:29.372Z [d184cd1e-e54f-4cc2-a14f-3772fd2f7cdc][bb1fc585-f087-407a-b043-49c06e320521] Aspect ratio: "crop_16_9 16:9" already selected ✓
2026-09-05T06:56:29.376Z [d184cd1e-e54f-4cc2-a14f-3772fd2f7cdc][bb1fc585-f087-407a-b043-49c06e320521] Video resolution: toggle group "Video resolution" not present (model may not offer it) — skipped.
2026-09-05T06:56:29.405Z [d184cd1e-e54f-4cc2-a14f-3772fd2f7cdc][bb1fc585-f087-407a-b043-49c06e320521] Duration: "8s" already selected ✓
2026-09-05T06:56:29.424Z [d184cd1e-e54f-4cc2-a14f-3772fd2f7cdc][bb1fc585-f087-407a-b043-49c06e320521] Output count: "x2" already selected ✓
2026-09-05T06:56:30.131Z [4093add4-7fc4-4d08-9ad6-8138a8e92b40][bb1fc585-f087-407a-b043-49c06e320521] Generating... 0 ready, 0 failed / 2 total (145s)
2026-09-05T06:56:30.537Z [d184cd1e-e54f-4cc2-a14f-3772fd2f7cdc][bb1fc585-f087-407a-b043-49c06e320521] Start keyframe: downloading from URL...
2026-09-05T06:56:30.642Z [8a97ac8d-9f2b-49ef-929a-06a60fdce690][bb1fc585-f087-407a-b043-49c06e320521] Generating... 1 ready, 0 failed / 2 total (130s)
2026-09-05T06:56:30.694Z [dc714557-f3e5-459d-872a-9ca3a8386cde][bb1fc585-f087-407a-b043-49c06e320521] Generating... 0 ready, 0 failed / 2 total (127s)
2026-09-05T06:56:30.717Z [d184cd1e-e54f-4cc2-a14f-3772fd2f7cdc][bb1fc585-f087-407a-b043-49c06e320521] Downloader: no-proxy request context ready.
2026-09-05T06:56:31.016Z [d184cd1e-e54f-4cc2-a14f-3772fd2f7cdc][bb1fc585-f087-407a-b043-49c06e320521] Start keyframe: saved 199586 bytes (image/png) as "1788443733717_5e4246_60f7c834-1526-409d-b017-21db20795e19_6ab.png"
2026-09-05T06:56:31.055Z [d184cd1e-e54f-4cc2-a14f-3772fd2f7cdc][bb1fc585-f087-407a-b043-49c06e320521] Start keyframe: setting start keyframe...
2026-09-05T06:56:33.142Z [4093add4-7fc4-4d08-9ad6-8138a8e92b40][bb1fc585-f087-407a-b043-49c06e320521] Generating... 0 ready, 0 failed / 2 total (148s)
2026-09-05T06:56:33.528Z [d184cd1e-e54f-4cc2-a14f-3772fd2f7cdc][bb1fc585-f087-407a-b043-49c06e320521] Start keyframe: "1788443733717_5e4246_60f7c834-1526-409d-b017-21db20795e19_6ab.png" not in the library yet — uploading it first.
2026-09-05T06:56:33.664Z [8a97ac8d-9f2b-49ef-929a-06a60fdce690][bb1fc585-f087-407a-b043-49c06e320521] Generating... 1 ready, 0 failed / 2 total (133s)
2026-09-05T06:56:33.711Z [dc714557-f3e5-459d-872a-9ca3a8386cde][bb1fc585-f087-407a-b043-49c06e320521] Generating... 0 ready, 0 failed / 2 total (130s)
2026-09-05T06:56:36.151Z [4093add4-7fc4-4d08-9ad6-8138a8e92b40][bb1fc585-f087-407a-b043-49c06e320521] Generating... 0 ready, 0 failed / 2 total (151s)
2026-09-05T06:56:36.684Z [8a97ac8d-9f2b-49ef-929a-06a60fdce690][bb1fc585-f087-407a-b043-49c06e320521] Generating... 1 ready, 0 failed / 2 total (136s)
2026-09-05T06:56:36.721Z [dc714557-f3e5-459d-872a-9ca3a8386cde][bb1fc585-f087-407a-b043-49c06e320521] Generating... 0 ready, 0 failed / 2 total (133s)
2026-09-05T06:56:38.134Z [d184cd1e-e54f-4cc2-a14f-3772fd2f7cdc][bb1fc585-f087-407a-b043-49c06e320521] Start keyframe: uploading "1788443733717_5e4246_60f7c834-1526-409d-b017-21db20795e19_6ab.png" to the project library...
2026-09-05T06:56:39.163Z [4093add4-7fc4-4d08-9ad6-8138a8e92b40][bb1fc585-f087-407a-b043-49c06e320521] Generating... 0 ready, 0 failed / 2 total (154s)
2026-09-05T06:56:39.402Z [d184cd1e-e54f-4cc2-a14f-3772fd2f7cdc][bb1fc585-f087-407a-b043-49c06e320521] Start keyframe: upload finished ✓
2026-09-05T06:56:39.698Z [8a97ac8d-9f2b-49ef-929a-06a60fdce690][bb1fc585-f087-407a-b043-49c06e320521] Generating... 1 ready, 0 failed / 2 total (139s)
2026-09-05T06:56:39.742Z [dc714557-f3e5-459d-872a-9ca3a8386cde][bb1fc585-f087-407a-b043-49c06e320521] Generating... 0 ready, 0 failed / 2 total (136s)
2026-09-05T06:56:42.179Z [4093add4-7fc4-4d08-9ad6-8138a8e92b40][bb1fc585-f087-407a-b043-49c06e320521] Generating... 0 ready, 0 failed / 2 total (157s)
2026-09-05T06:56:42.713Z [8a97ac8d-9f2b-49ef-929a-06a60fdce690][bb1fc585-f087-407a-b043-49c06e320521] Generating... 1 ready, 0 failed / 2 total (142s)
2026-09-05T06:56:42.764Z [dc714557-f3e5-459d-872a-9ca3a8386cde][bb1fc585-f087-407a-b043-49c06e320521] Generating... 0 ready, 0 failed / 2 total (139s)
2026-09-05T06:56:45.198Z [4093add4-7fc4-4d08-9ad6-8138a8e92b40][bb1fc585-f087-407a-b043-49c06e320521] Generating... 0 ready, 0 failed / 2 total (160s)
2026-09-05T06:56:45.733Z [8a97ac8d-9f2b-49ef-929a-06a60fdce690][bb1fc585-f087-407a-b043-49c06e320521] Generating... 1 ready, 0 failed / 2 total (145s)
2026-09-05T06:56:45.785Z [dc714557-f3e5-459d-872a-9ca3a8386cde][bb1fc585-f087-407a-b043-49c06e320521] Generating... 0 ready, 0 failed / 2 total (142s)
2026-09-05T06:56:47.682Z [d184cd1e-e54f-4cc2-a14f-3772fd2f7cdc][bb1fc585-f087-407a-b043-49c06e320521] Start keyframe: start keyframe attached ✓
2026-09-05T06:56:47.695Z [d184cd1e-e54f-4cc2-a14f-3772fd2f7cdc][bb1fc585-f087-407a-b043-49c06e320521] Entering prompt...
2026-09-05T06:56:48.224Z [4093add4-7fc4-4d08-9ad6-8138a8e92b40][bb1fc585-f087-407a-b043-49c06e320521] Generating... 0 ready, 0 failed / 2 total (163s)
2026-09-05T06:56:48.752Z [8a97ac8d-9f2b-49ef-929a-06a60fdce690][bb1fc585-f087-407a-b043-49c06e320521] Generating... 1 ready, 0 failed / 2 total (148s)
2026-09-05T06:56:48.799Z [dc714557-f3e5-459d-872a-9ca3a8386cde][bb1fc585-f087-407a-b043-49c06e320521] Generating... 0 ready, 0 failed / 2 total (145s)
2026-09-05T06:56:49.179Z [d184cd1e-e54f-4cc2-a14f-3772fd2f7cdc][bb1fc585-f087-407a-b043-49c06e320521] Prompt is 1474 chars — typing it in 26 chunk(s).
2026-09-05T06:56:51.236Z [4093add4-7fc4-4d08-9ad6-8138a8e92b40][bb1fc585-f087-407a-b043-49c06e320521] Generating... 0 ready, 0 failed / 2 total (166s)
2026-09-05T06:56:51.763Z [8a97ac8d-9f2b-49ef-929a-06a60fdce690][bb1fc585-f087-407a-b043-49c06e320521] Generating... 1 ready, 0 failed / 2 total (151s)
2026-09-05T06:56:51.813Z [dc714557-f3e5-459d-872a-9ca3a8386cde][bb1fc585-f087-407a-b043-49c06e320521] Generating... 0 ready, 0 failed / 2 total (148s)
2026-09-05T06:56:54.249Z [4093add4-7fc4-4d08-9ad6-8138a8e92b40][bb1fc585-f087-407a-b043-49c06e320521] Generating... 0 ready, 0 failed / 2 total (169s)
2026-09-05T06:56:54.783Z [8a97ac8d-9f2b-49ef-929a-06a60fdce690][bb1fc585-f087-407a-b043-49c06e320521] Generating... 1 ready, 0 failed / 2 total (154s)
2026-09-05T06:56:54.830Z [dc714557-f3e5-459d-872a-9ca3a8386cde][bb1fc585-f087-407a-b043-49c06e320521] Generating... 0 ready, 0 failed / 2 total (151s)
2026-09-05T06:56:57.260Z [4093add4-7fc4-4d08-9ad6-8138a8e92b40][bb1fc585-f087-407a-b043-49c06e320521] Generating... 0 ready, 0 failed / 2 total (172s)
2026-09-05T06:56:57.803Z [8a97ac8d-9f2b-49ef-929a-06a60fdce690][bb1fc585-f087-407a-b043-49c06e320521] Generating... 1 ready, 0 failed / 2 total (157s)
2026-09-05T06:56:57.848Z [dc714557-f3e5-459d-872a-9ca3a8386cde][bb1fc585-f087-407a-b043-49c06e320521] Generating... 0 ready, 0 failed / 2 total (154s)
2026-09-05T06:57:00.279Z [4093add4-7fc4-4d08-9ad6-8138a8e92b40][bb1fc585-f087-407a-b043-49c06e320521] Generating... 0 ready, 0 failed / 2 total (175s)
2026-09-05T06:57:00.815Z [8a97ac8d-9f2b-49ef-929a-06a60fdce690][bb1fc585-f087-407a-b043-49c06e320521] Generating... 1 ready, 0 failed / 2 total (160s)
2026-09-05T06:57:00.863Z [dc714557-f3e5-459d-872a-9ca3a8386cde][bb1fc585-f087-407a-b043-49c06e320521] Generating... 0 ready, 0 failed / 2 total (157s)
2026-09-05T06:57:01.627Z [d184cd1e-e54f-4cc2-a14f-3772fd2f7cdc][bb1fc585-f087-407a-b043-49c06e320521] Prompt insert attempt 1: editor has 1436 chars (want ~1470) ✓
2026-09-05T06:57:03.292Z [4093add4-7fc4-4d08-9ad6-8138a8e92b40][bb1fc585-f087-407a-b043-49c06e320521] Generating... 0 ready, 0 failed / 2 total (178s)
2026-09-05T06:57:03.609Z [d184cd1e-e54f-4cc2-a14f-3772fd2f7cdc][bb1fc585-f087-407a-b043-49c06e320521] Baseline: 50 pre-existing media tile(s) of 50 mounted (kinds: image,video,video,image,video,video,video,image,video,video,image,video,video,image,video,video,video,image,video,video,image,video,video,image,video,video,image,image,video,video,image,video,image,video,video,image,video,video,image,video,video,image,video,video,image,video,image,video,video,video).
2026-09-05T06:57:03.834Z [8a97ac8d-9f2b-49ef-929a-06a60fdce690][bb1fc585-f087-407a-b043-49c06e320521] Generating... 1 ready, 0 failed / 2 total (163s)
2026-09-05T06:57:03.881Z [dc714557-f3e5-459d-872a-9ca3a8386cde][bb1fc585-f087-407a-b043-49c06e320521] Generating... 0 ready, 0 failed / 2 total (160s)
2026-09-05T06:57:05.519Z [d184cd1e-e54f-4cc2-a14f-3772fd2f7cdc][bb1fc585-f087-407a-b043-49c06e320521] [submit] confirmed (editor "What do you want to ", fresh tile=true).
2026-09-05T06:57:06.129Z [d184cd1e-e54f-4cc2-a14f-3772fd2f7cdc][bb1fc585-f087-407a-b043-49c06e320521] Current Workspace project URL: https://flow.google.com/project/c2a607c5-d833-4be1-8108-407b74d4ed85?hl=en
2026-09-05T06:57:06.129Z [d184cd1e-e54f-4cc2-a14f-3772fd2f7cdc][bb1fc585-f087-407a-b043-49c06e320521] Submitted ✓ Detecting batch size...
2026-09-05T06:57:06.142Z [d184cd1e-e54f-4cc2-a14f-3772fd2f7cdc][bb1fc585-f087-407a-b043-49c06e320521] New tile(s) since submit: 0 → 2 (mounted=49)
2026-09-05T06:57:06.303Z [4093add4-7fc4-4d08-9ad6-8138a8e92b40][bb1fc585-f087-407a-b043-49c06e320521] Flow attempt 1/1 failed: Workspace items did not appear after 181s. Are you logged in?
2026-09-05T06:57:06.303Z [4093add4-7fc4-4d08-9ad6-8138a8e92b40][bb1fc585-f087-407a-b043-49c06e320521] runGeneration ERROR exception: Error: Workspace items did not appear after 181s. Are you logged in?
    at runGoogleFlow (C:\snapshot\sidecar\dist\sidecar.cjs:8086:11)
    at async runGeneration (C:\snapshot\sidecar\dist\sidecar.cjs:8392:11)
    at async handleCommand (C:\snapshot\sidecar\dist\sidecar.cjs:6510:7)
    at async C:\snapshot\sidecar\dist\sidecar.cjs:6426:11
2026-09-05T06:57:06.824Z [28fb4fde-5eee-427c-a3d6-1be4af52b938][bb1fc585-f087-407a-b043-49c06e320521] runGeneration starting: task_id=28fb4fde-5eee-427c-a3d6-1be4af52b938, profile_id=bb1fc585-f087-407a-b043-49c06e320521, target_site=google_flow
2026-09-05T06:57:06.825Z [28fb4fde-5eee-427c-a3d6-1be4af52b938][bb1fc585-f087-407a-b043-49c06e320521] Opening Playwright browser with persistent profile cookies...
2026-09-05T06:57:06.825Z [28fb4fde-5eee-427c-a3d6-1be4af52b938][bb1fc585-f087-407a-b043-49c06e320521] Browser engine: winhide (C:\Users\Admin\AppData\Roaming\com.tank.winai\winhide\chrome.exe) [hidden off-screen]
2026-09-05T06:57:06.825Z [28fb4fde-5eee-427c-a3d6-1be4af52b938][bb1fc585-f087-407a-b043-49c06e320521] Launch mode: STEALTH (raw spawn + connectOverCDP)
2026-09-05T06:57:06.854Z [8a97ac8d-9f2b-49ef-929a-06a60fdce690][bb1fc585-f087-407a-b043-49c06e320521] Generating... 1 ready, 0 failed / 2 total (167s)
2026-09-05T06:57:06.899Z [dc714557-f3e5-459d-872a-9ca3a8386cde][bb1fc585-f087-407a-b043-49c06e320521] Generating... 0 ready, 0 failed / 2 total (163s)
2026-09-05T06:57:08.246Z [28fb4fde-5eee-427c-a3d6-1be4af52b938][bb1fc585-f087-407a-b043-49c06e320521] Exit IP: 115.74.128.9
2026-09-05T06:57:08.246Z [28fb4fde-5eee-427c-a3d6-1be4af52b938][bb1fc585-f087-407a-b043-49c06e320521] Navigating browser to Google Flow tools page...
2026-09-05T06:57:08.247Z [28fb4fde-5eee-427c-a3d6-1be4af52b938][bb1fc585-f087-407a-b043-49c06e320521] Using existing project URL: https://flow.google.com/project/33ca2cc2-c9ff-4bb6-9048-2a7af1dfcfee?hl=en
2026-09-05T06:57:09.111Z [28fb4fde-5eee-427c-a3d6-1be4af52b938][bb1fc585-f087-407a-b043-49c06e320521] Waiting for Google Flow...
2026-09-05T06:57:09.871Z [8a97ac8d-9f2b-49ef-929a-06a60fdce690][bb1fc585-f087-407a-b043-49c06e320521] Generating... 1 ready, 0 failed / 2 total (170s)
2026-09-05T06:57:09.918Z [dc714557-f3e5-459d-872a-9ca3a8386cde][bb1fc585-f087-407a-b043-49c06e320521] Generating... 0 ready, 0 failed / 2 total (166s)
2026-09-05T06:57:10.270Z [d184cd1e-e54f-4cc2-a14f-3772fd2f7cdc][bb1fc585-f087-407a-b043-49c06e320521] Batch size stabilised at 2 new tile(s)
2026-09-05T06:57:10.271Z [d184cd1e-e54f-4cc2-a14f-3772fd2f7cdc][bb1fc585-f087-407a-b043-49c06e320521] Batch detected: 2 item(s). Generating...
2026-09-05T06:57:10.271Z [d184cd1e-e54f-4cc2-a14f-3772fd2f7cdc][bb1fc585-f087-407a-b043-49c06e320521] Polling for 2 video item(s) (baseline=50, hasUpload=true)...
2026-09-05T06:57:10.290Z [d184cd1e-e54f-4cc2-a14f-3772fd2f7cdc][bb1fc585-f087-407a-b043-49c06e320521] Generating... 0 ready, 0 failed / 2 total (0s) play_circle [HÀNH ĐỘ play_circle [HÀNH ĐỘ
2026-09-05T06:57:10.699Z [28fb4fde-5eee-427c-a3d6-1be4af52b938][bb1fc585-f087-407a-b043-49c06e320521] In existing project ✓
2026-09-05T06:57:11.718Z [28fb4fde-5eee-427c-a3d6-1be4af52b938][bb1fc585-f087-407a-b043-49c06e320521] dismissPopups: unresolved overlay(s) ["IFRAME[presentation]|btns="]
2026-09-05T06:57:12.894Z [8a97ac8d-9f2b-49ef-929a-06a60fdce690][bb1fc585-f087-407a-b043-49c06e320521] Generating... 1 ready, 0 failed / 2 total (173s)
2026-09-05T06:57:12.935Z [dc714557-f3e5-459d-872a-9ca3a8386cde][bb1fc585-f087-407a-b043-49c06e320521] Generating... 0 ready, 0 failed / 2 total (169s)
2026-09-05T06:57:13.302Z [d184cd1e-e54f-4cc2-a14f-3772fd2f7cdc][bb1fc585-f087-407a-b043-49c06e320521] Generating... 0 ready, 0 failed / 2 total (3s) play_circle [HÀNH ĐỘ play_circle [HÀNH ĐỘ
2026-09-05T06:57:15.333Z [28fb4fde-5eee-427c-a3d6-1be4af52b938][bb1fc585-f087-407a-b043-49c06e320521] Composer ready ✓ (UI language: en)
2026-09-05T06:57:15.376Z [28fb4fde-5eee-427c-a3d6-1be4af52b938][bb1fc585-f087-407a-b043-49c06e320521] dismissPopups: unresolved overlay(s) ["DIV[]|btns=","DIV[]|btns="]
2026-09-05T06:57:15.424Z [28fb4fde-5eee-427c-a3d6-1be4af52b938][bb1fc585-f087-407a-b043-49c06e320521] Agent toggle aria-pressed=false
2026-09-05T06:57:15.425Z [28fb4fde-5eee-427c-a3d6-1be4af52b938][bb1fc585-f087-407a-b043-49c06e320521] Opening settings...
2026-09-05T06:57:15.910Z [8a97ac8d-9f2b-49ef-929a-06a60fdce690][bb1fc585-f087-407a-b043-49c06e320521] Generating... 1 ready, 0 failed / 2 total (176s)
2026-09-05T06:57:15.948Z [dc714557-f3e5-459d-872a-9ca3a8386cde][bb1fc585-f087-407a-b043-49c06e320521] Generating... 0 ready, 0 failed / 2 total (172s)
2026-09-05T06:57:16.325Z [d184cd1e-e54f-4cc2-a14f-3772fd2f7cdc][bb1fc585-f087-407a-b043-49c06e320521] Generating... 0 ready, 0 failed / 2 total (6s) play_circle [HÀNH ĐỘ play_circle [HÀNH ĐỘ
2026-09-05T06:57:17.314Z [28fb4fde-5eee-427c-a3d6-1be4af52b938][bb1fc585-f087-407a-b043-49c06e320521] Configuring video settings...
2026-09-05T06:57:17.340Z [28fb4fde-5eee-427c-a3d6-1be4af52b938][bb1fc585-f087-407a-b043-49c06e320521] Mode: "videocam Video" already selected ✓
2026-09-05T06:57:18.924Z [8a97ac8d-9f2b-49ef-929a-06a60fdce690][bb1fc585-f087-407a-b043-49c06e320521] Generating... 1 ready, 0 failed / 2 total (179s)
2026-09-05T06:57:18.968Z [dc714557-f3e5-459d-872a-9ca3a8386cde][bb1fc585-f087-407a-b043-49c06e320521] Generating... 0 ready, 0 failed / 2 total (175s)
2026-09-05T06:57:19.344Z [d184cd1e-e54f-4cc2-a14f-3772fd2f7cdc][bb1fc585-f087-407a-b043-49c06e320521] Generating... 0 ready, 0 failed / 2 total (9s) play_circle 1% [HÀNH play_circle 1% [HÀNH
2026-09-05T06:57:19.518Z [28fb4fde-5eee-427c-a3d6-1be4af52b938][bb1fc585-f087-407a-b043-49c06e320521] Video type: selected "crop_free Frames" ✓
2026-09-05T06:57:21.932Z [8a97ac8d-9f2b-49ef-929a-06a60fdce690][bb1fc585-f087-407a-b043-49c06e320521] Poll ended with 1/2 ready — salvaging the completed item(s).
2026-09-05T06:57:21.933Z [8a97ac8d-9f2b-49ef-929a-06a60fdce690][bb1fc585-f087-407a-b043-49c06e320521] 1 item(s) ready! Downloading...
2026-09-05T06:57:21.933Z [8a97ac8d-9f2b-49ef-929a-06a60fdce690][bb1fc585-f087-407a-b043-49c06e320521] Item 1: no video source on the tile yet — hovering it to mount one.
2026-09-05T06:57:21.988Z [dc714557-f3e5-459d-872a-9ca3a8386cde][bb1fc585-f087-407a-b043-49c06e320521] Generating... 0 ready, 0 failed / 2 total (178s)
2026-09-05T06:57:22.364Z [d184cd1e-e54f-4cc2-a14f-3772fd2f7cdc][bb1fc585-f087-407a-b043-49c06e320521] Generating... 0 ready, 0 failed / 2 total (12s) play_circle 4% [HÀNH play_circle 3% [HÀNH
2026-09-05T06:57:23.755Z [8a97ac8d-9f2b-49ef-929a-06a60fdce690][bb1fc585-f087-407a-b043-49c06e320521] Item 1: Downloading from URL https://flow-content.google/video/74e3599b-7dea-45df-ac2c-18047d361fc8?Expires=1788612910&KeyName=labs-flow-prod-cdn-key&Signature=5TUAa2yWvSqPdkpObEzIAoBSKlI
2026-09-05T06:57:24.640Z [28fb4fde-5eee-427c-a3d6-1be4af52b938][bb1fc585-f087-407a-b043-49c06e320521] Model: selected "Veo 3.1 - Lite [Lower Priority]" ✓
2026-09-05T06:57:24.813Z [8a97ac8d-9f2b-49ef-929a-06a60fdce690][bb1fc585-f087-407a-b043-49c06e320521] Downloaded 1/1: video_2026-09-05T06-57-21_01.mp4
2026-09-05T06:57:24.813Z [8a97ac8d-9f2b-49ef-929a-06a60fdce690][bb1fc585-f087-407a-b043-49c06e320521] ✅ 1 item(s) saved to Downloads/Win AI Toolkit/
2026-09-05T06:57:24.997Z [dc714557-f3e5-459d-872a-9ca3a8386cde][bb1fc585-f087-407a-b043-49c06e320521] Flow attempt 1/1 failed: Workspace items did not appear after 181s. Are you logged in?
2026-09-05T06:57:24.997Z [dc714557-f3e5-459d-872a-9ca3a8386cde][bb1fc585-f087-407a-b043-49c06e320521] runGeneration ERROR exception: Error: Workspace items did not appear after 181s. Are you logged in?
    at runGoogleFlow (C:\snapshot\sidecar\dist\sidecar.cjs:8086:11)
    at async runGeneration (C:\snapshot\sidecar\dist\sidecar.cjs:8392:11)
    at async handleCommand (C:\snapshot\sidecar\dist\sidecar.cjs:6510:7)
    at async C:\snapshot\sidecar\dist\sidecar.cjs:6426:11
2026-09-05T06:57:25.383Z [d184cd1e-e54f-4cc2-a14f-3772fd2f7cdc][bb1fc585-f087-407a-b043-49c06e320521] Generating... 0 ready, 0 failed / 2 total (15s) play_circle 7% [HÀNH play_circle 6% [HÀNH
2026-09-05T06:57:25.641Z [28fb4fde-5eee-427c-a3d6-1be4af52b938][bb1fc585-f087-407a-b043-49c06e320521] Aspect ratio: "crop_16_9 16:9" already selected ✓
2026-09-05T06:57:25.644Z [28fb4fde-5eee-427c-a3d6-1be4af52b938][bb1fc585-f087-407a-b043-49c06e320521] Video resolution: toggle group "Video resolution" not present (model may not offer it) — skipped.
2026-09-05T06:57:25.672Z [28fb4fde-5eee-427c-a3d6-1be4af52b938][bb1fc585-f087-407a-b043-49c06e320521] Duration: "8s" already selected ✓
2026-09-05T06:57:25.693Z [28fb4fde-5eee-427c-a3d6-1be4af52b938][bb1fc585-f087-407a-b043-49c06e320521] Output count: "x2" already selected ✓
2026-09-05T06:57:26.520Z [a4806904-50e8-4c17-b2b0-04271ac6206b][bb1fc585-f087-407a-b043-49c06e320521] runGeneration starting: task_id=a4806904-50e8-4c17-b2b0-04271ac6206b, profile_id=bb1fc585-f087-407a-b043-49c06e320521, target_site=google_flow
2026-09-05T06:57:26.522Z [a4806904-50e8-4c17-b2b0-04271ac6206b][bb1fc585-f087-407a-b043-49c06e320521] Opening Playwright browser with persistent profile cookies...
2026-09-05T06:57:26.522Z [a4806904-50e8-4c17-b2b0-04271ac6206b][bb1fc585-f087-407a-b043-49c06e320521] Browser engine: winhide (C:\Users\Admin\AppData\Roaming\com.tank.winai\winhide\chrome.exe) [hidden off-screen]
2026-09-05T06:57:26.523Z [a4806904-50e8-4c17-b2b0-04271ac6206b][bb1fc585-f087-407a-b043-49c06e320521] Launch mode: STEALTH (raw spawn + connectOverCDP)
2026-09-05T06:57:26.674Z [28fb4fde-5eee-427c-a3d6-1be4af52b938][bb1fc585-f087-407a-b043-49c06e320521] Start keyframe: downloading from URL...
2026-09-05T06:57:26.895Z [28fb4fde-5eee-427c-a3d6-1be4af52b938][bb1fc585-f087-407a-b043-49c06e320521] Downloader: no-proxy request context ready.
2026-09-05T06:57:27.179Z [28fb4fde-5eee-427c-a3d6-1be4af52b938][bb1fc585-f087-407a-b043-49c06e320521] Start keyframe: saved 118344 bytes (image/png) as "1788443743111_d68777_60f7c834-1526-409d-b017-21db20795e19_ff2.png"
2026-09-05T06:57:27.252Z [28fb4fde-5eee-427c-a3d6-1be4af52b938][bb1fc585-f087-407a-b043-49c06e320521] Start keyframe: setting start keyframe...
2026-09-05T06:57:28.260Z [a4806904-50e8-4c17-b2b0-04271ac6206b][bb1fc585-f087-407a-b043-49c06e320521] Exit IP: 115.74.128.9
2026-09-05T06:57:28.260Z [a4806904-50e8-4c17-b2b0-04271ac6206b][bb1fc585-f087-407a-b043-49c06e320521] Navigating browser to Google Flow tools page...
2026-09-05T06:57:28.261Z [a4806904-50e8-4c17-b2b0-04271ac6206b][bb1fc585-f087-407a-b043-49c06e320521] Using existing project URL: https://flow.google.com/project/cd81a7d3-c989-419e-891a-f8694174cb85?hl=en
2026-09-05T06:57:28.398Z [d184cd1e-e54f-4cc2-a14f-3772fd2f7cdc][bb1fc585-f087-407a-b043-49c06e320521] Generating... 0 ready, 0 failed / 2 total (18s) play_circle 9% [HÀNH play_circle 9% [HÀNH
2026-09-05T06:57:29.149Z [a4806904-50e8-4c17-b2b0-04271ac6206b][bb1fc585-f087-407a-b043-49c06e320521] Waiting for Google Flow...
2026-09-05T06:57:29.398Z [28fb4fde-5eee-427c-a3d6-1be4af52b938][bb1fc585-f087-407a-b043-49c06e320521] Start keyframe: reusing library asset "1788443743111_d68777_60f7c834-1526-409d-b017-21db20795e19_ff2.png" (no re-upload).
2026-09-05T06:57:31.023Z [a4806904-50e8-4c17-b2b0-04271ac6206b][bb1fc585-f087-407a-b043-49c06e320521] In existing project ✓
2026-09-05T06:57:31.420Z [d184cd1e-e54f-4cc2-a14f-3772fd2f7cdc][bb1fc585-f087-407a-b043-49c06e320521] Generating... 0 ready, 0 failed / 2 total (21s) play_circle 12% [HÀN play_circle 12% [HÀN
2026-09-05T06:57:32.221Z [a4806904-50e8-4c17-b2b0-04271ac6206b][bb1fc585-f087-407a-b043-49c06e320521] dismissPopups: unresolved overlay(s) ["IFRAME[presentation]|btns="]
2026-09-05T06:57:32.460Z [28fb4fde-5eee-427c-a3d6-1be4af52b938][bb1fc585-f087-407a-b043-49c06e320521] Start keyframe: start keyframe attached ✓
2026-09-05T06:57:32.474Z [28fb4fde-5eee-427c-a3d6-1be4af52b938][bb1fc585-f087-407a-b043-49c06e320521] Entering prompt...
2026-09-05T06:57:34.441Z [d184cd1e-e54f-4cc2-a14f-3772fd2f7cdc][bb1fc585-f087-407a-b043-49c06e320521] Generating... 0 ready, 0 failed / 2 total (24s) play_circle 14% [HÀN play_circle 15% [HÀN
2026-09-05T06:57:34.457Z [28fb4fde-5eee-427c-a3d6-1be4af52b938][bb1fc585-f087-407a-b043-49c06e320521] Prompt is 1207 chars — typing it in 23 chunk(s).
2026-09-05T06:57:34.866Z [a4806904-50e8-4c17-b2b0-04271ac6206b][bb1fc585-f087-407a-b043-49c06e320521] Composer ready ✓ (UI language: en)
2026-09-05T06:57:34.905Z [a4806904-50e8-4c17-b2b0-04271ac6206b][bb1fc585-f087-407a-b043-49c06e320521] dismissPopups: unresolved overlay(s) ["DIV[]|btns=","DIV[]|btns="]
2026-09-05T06:57:34.929Z [a4806904-50e8-4c17-b2b0-04271ac6206b][bb1fc585-f087-407a-b043-49c06e320521] Agent toggle aria-pressed=false
2026-09-05T06:57:34.930Z [a4806904-50e8-4c17-b2b0-04271ac6206b][bb1fc585-f087-407a-b043-49c06e320521] Opening settings...
2026-09-05T06:57:36.830Z [a4806904-50e8-4c17-b2b0-04271ac6206b][bb1fc585-f087-407a-b043-49c06e320521] Configuring video settings...
2026-09-05T06:57:36.856Z [a4806904-50e8-4c17-b2b0-04271ac6206b][bb1fc585-f087-407a-b043-49c06e320521] Mode: "videocam Video" already selected ✓
2026-09-05T06:57:37.460Z [d184cd1e-e54f-4cc2-a14f-3772fd2f7cdc][bb1fc585-f087-407a-b043-49c06e320521] Generating... 0 ready, 0 failed / 2 total (27s) play_circle 18% [HÀN play_circle 18% [HÀN
2026-09-05T06:57:39.494Z [a4806904-50e8-4c17-b2b0-04271ac6206b][bb1fc585-f087-407a-b043-49c06e320521] Video type: selected "crop_free Frames" ✓
2026-09-05T06:57:40.474Z [d184cd1e-e54f-4cc2-a14f-3772fd2f7cdc][bb1fc585-f087-407a-b043-49c06e320521] Generating... 0 ready, 0 failed / 2 total (30s) play_circle 21% [HÀN play_circle 21% [HÀN
2026-09-05T06:57:43.493Z [d184cd1e-e54f-4cc2-a14f-3772fd2f7cdc][bb1fc585-f087-407a-b043-49c06e320521] Generating... 0 ready, 0 failed / 2 total (33s) play_circle 23% [HÀN play_circle 23% [HÀN
2026-09-05T06:57:43.999Z [a4806904-50e8-4c17-b2b0-04271ac6206b][bb1fc585-f087-407a-b043-49c06e320521] Model: selected "Veo 3.1 - Lite [Lower Priority]" ✓
2026-09-05T06:57:44.515Z [28fb4fde-5eee-427c-a3d6-1be4af52b938][bb1fc585-f087-407a-b043-49c06e320521] Prompt insert attempt 1: editor has 1178 chars (want ~1203) ✓
2026-09-05T06:57:44.727Z [a4806904-50e8-4c17-b2b0-04271ac6206b][bb1fc585-f087-407a-b043-49c06e320521] Aspect ratio: "crop_16_9 16:9" already selected ✓
2026-09-05T06:57:44.732Z [a4806904-50e8-4c17-b2b0-04271ac6206b][bb1fc585-f087-407a-b043-49c06e320521] Video resolution: toggle group "Video resolution" not present (model may not offer it) — skipped.
2026-09-05T06:57:44.766Z [a4806904-50e8-4c17-b2b0-04271ac6206b][bb1fc585-f087-407a-b043-49c06e320521] Duration: "8s" already selected ✓
2026-09-05T06:57:44.786Z [a4806904-50e8-4c17-b2b0-04271ac6206b][bb1fc585-f087-407a-b043-49c06e320521] Output count: "x2" already selected ✓
2026-09-05T06:57:45.888Z [a4806904-50e8-4c17-b2b0-04271ac6206b][bb1fc585-f087-407a-b043-49c06e320521] Start keyframe: downloading from URL...
2026-09-05T06:57:46.235Z [a4806904-50e8-4c17-b2b0-04271ac6206b][bb1fc585-f087-407a-b043-49c06e320521] Downloader: no-proxy request context ready.
2026-09-05T06:57:46.480Z [28fb4fde-5eee-427c-a3d6-1be4af52b938][bb1fc585-f087-407a-b043-49c06e320521] Baseline: 50 pre-existing media tile(s) of 50 mounted (kinds: image,video,video,image,video,video,image,video,video,video,video,video,image,video,video,image,video,video,image,video,video,image,image,video,video,image,video,video,image,video,video,image,video,video,image,video,video,image,video,image,video,video,image,video,video,image,video,video,image,video).
2026-09-05T06:57:46.516Z [d184cd1e-e54f-4cc2-a14f-3772fd2f7cdc][bb1fc585-f087-407a-b043-49c06e320521] Generating... 0 ready, 0 failed / 2 total (36s) play_circle 26% [HÀN play_circle 26% [HÀN
2026-09-05T06:57:46.532Z [a4806904-50e8-4c17-b2b0-04271ac6206b][bb1fc585-f087-407a-b043-49c06e320521] Start keyframe: saved 103499 bytes (image/png) as "1788443861900_c6c8b0_60f7c834-1526-409d-b017-21db20795e19_c28.png"
2026-09-05T06:57:46.553Z [a4806904-50e8-4c17-b2b0-04271ac6206b][bb1fc585-f087-407a-b043-49c06e320521] Start keyframe: setting start keyframe...
2026-09-05T06:57:48.708Z [28fb4fde-5eee-427c-a3d6-1be4af52b938][bb1fc585-f087-407a-b043-49c06e320521] [submit] confirmed (editor "What do you want to ", fresh tile=true).
2026-09-05T06:57:48.731Z [a4806904-50e8-4c17-b2b0-04271ac6206b][bb1fc585-f087-407a-b043-49c06e320521] Start keyframe: reusing library asset "1788443861900_c6c8b0_60f7c834-1526-409d-b017-21db20795e19_c28.png" (no re-upload).
2026-09-05T06:57:49.493Z [28fb4fde-5eee-427c-a3d6-1be4af52b938][bb1fc585-f087-407a-b043-49c06e320521] Current Workspace project URL: https://flow.google.com/project/33ca2cc2-c9ff-4bb6-9048-2a7af1dfcfee?hl=en
2026-09-05T06:57:49.493Z [28fb4fde-5eee-427c-a3d6-1be4af52b938][bb1fc585-f087-407a-b043-49c06e320521] Submitted ✓ Detecting batch size...
2026-09-05T06:57:49.537Z [d184cd1e-e54f-4cc2-a14f-3772fd2f7cdc][bb1fc585-f087-407a-b043-49c06e320521] Generating... 0 ready, 0 failed / 2 total (39s) play_circle 28% [HÀN play_circle 29% [HÀN
2026-09-05T06:57:52.075Z [a4806904-50e8-4c17-b2b0-04271ac6206b][bb1fc585-f087-407a-b043-49c06e320521] Start keyframe: start keyframe attached ✓
2026-09-05T06:57:52.088Z [a4806904-50e8-4c17-b2b0-04271ac6206b][bb1fc585-f087-407a-b043-49c06e320521] Entering prompt...
2026-09-05T06:57:52.558Z [d184cd1e-e54f-4cc2-a14f-3772fd2f7cdc][bb1fc585-f087-407a-b043-49c06e320521] Generating... 0 ready, 0 failed / 2 total (42s) play_circle 31% [HÀN play_circle 32% [HÀN
2026-09-05T06:57:53.520Z [a4806904-50e8-4c17-b2b0-04271ac6206b][bb1fc585-f087-407a-b043-49c06e320521] Prompt is 1170 chars — typing it in 23 chunk(s).
2026-09-05T06:57:55.581Z [d184cd1e-e54f-4cc2-a14f-3772fd2f7cdc][bb1fc585-f087-407a-b043-49c06e320521] Generating... 0 ready, 0 failed / 2 total (45s) play_circle 34% [HÀN play_circle 34% [HÀN
2026-09-05T06:57:58.606Z [d184cd1e-e54f-4cc2-a14f-3772fd2f7cdc][bb1fc585-f087-407a-b043-49c06e320521] Generating... 0 ready, 0 failed / 2 total (48s) play_circle 37% [HÀN play_circle 37% [HÀN
2026-09-05T06:58:01.631Z [d184cd1e-e54f-4cc2-a14f-3772fd2f7cdc][bb1fc585-f087-407a-b043-49c06e320521] Generating... 0 ready, 0 failed / 2 total (51s) play_circle 40% [HÀN play_circle 39% [HÀN
2026-09-05T06:58:03.728Z [a4806904-50e8-4c17-b2b0-04271ac6206b][bb1fc585-f087-407a-b043-49c06e320521] Prompt insert attempt 1: editor has 1159 chars (want ~1166) ✓
2026-09-05T06:58:04.653Z [d184cd1e-e54f-4cc2-a14f-3772fd2f7cdc][bb1fc585-f087-407a-b043-49c06e320521] Generating... 0 ready, 0 failed / 2 total (54s) play_circle 100% [HÀ play_circle 100% [HÀ
2026-09-05T06:58:05.648Z [a4806904-50e8-4c17-b2b0-04271ac6206b][bb1fc585-f087-407a-b043-49c06e320521] Baseline: 50 pre-existing media tile(s) of 50 mounted (kinds: video,video,video,video,image,video,video,image,video,video,image,video,video,image,video,video,image,video,video,image,video,video,image,video,video,image,video,video,image,video,image,video,video,image,video,video,image,video,video,image,video,image,video,video,image,video,video,image,video,video).
2026-09-05T06:58:07.683Z [d184cd1e-e54f-4cc2-a14f-3772fd2f7cdc][bb1fc585-f087-407a-b043-49c06e320521] Generating... 0 ready, 0 failed / 2 total (57s) [HÀNH ĐỘNG]Bắt đầu đ [HÀNH ĐỘNG]Bắt đầu đ
2026-09-05T06:58:07.892Z [a4806904-50e8-4c17-b2b0-04271ac6206b][bb1fc585-f087-407a-b043-49c06e320521] [submit] confirmed (editor "What do you want to ", fresh tile=true).
2026-09-05T06:58:08.517Z [a4806904-50e8-4c17-b2b0-04271ac6206b][bb1fc585-f087-407a-b043-49c06e320521] Current Workspace project URL: https://flow.google.com/project/cd81a7d3-c989-419e-891a-f8694174cb85?hl=en
2026-09-05T06:58:08.517Z [a4806904-50e8-4c17-b2b0-04271ac6206b][bb1fc585-f087-407a-b043-49c06e320521] Submitted ✓ Detecting batch size...
2026-09-05T06:58:08.534Z [a4806904-50e8-4c17-b2b0-04271ac6206b][bb1fc585-f087-407a-b043-49c06e320521] New tile(s) since submit: 0 → 2 (mounted=50)
2026-09-05T06:58:10.706Z [d184cd1e-e54f-4cc2-a14f-3772fd2f7cdc][bb1fc585-f087-407a-b043-49c06e320521] Generating... 2 ready, 0 failed / 2 total (60s)
2026-09-05T06:58:10.707Z [d184cd1e-e54f-4cc2-a14f-3772fd2f7cdc][bb1fc585-f087-407a-b043-49c06e320521] Batch done: 2 ready (target 2), 0 failed, scanned 2.
2026-09-05T06:58:10.707Z [d184cd1e-e54f-4cc2-a14f-3772fd2f7cdc][bb1fc585-f087-407a-b043-49c06e320521] 2 item(s) ready! Downloading...
2026-09-05T06:58:10.708Z [d184cd1e-e54f-4cc2-a14f-3772fd2f7cdc][bb1fc585-f087-407a-b043-49c06e320521] Item 1: no video source on the tile yet — hovering it to mount one.
2026-09-05T06:58:12.253Z [d184cd1e-e54f-4cc2-a14f-3772fd2f7cdc][bb1fc585-f087-407a-b043-49c06e320521] Item 1: Downloading from URL https://flow-content.google/video/6d1646c1-7761-4d54-bbfe-71d4c89edf29?Expires=1788613081&KeyName=labs-flow-prod-cdn-key&Signature=YtfgoOnsSO_g11ehW0AVigeQspo
2026-09-05T06:58:12.675Z [a4806904-50e8-4c17-b2b0-04271ac6206b][bb1fc585-f087-407a-b043-49c06e320521] Batch size stabilised at 2 new tile(s)
2026-09-05T06:58:12.675Z [a4806904-50e8-4c17-b2b0-04271ac6206b][bb1fc585-f087-407a-b043-49c06e320521] Batch detected: 2 item(s). Generating...
2026-09-05T06:58:12.675Z [a4806904-50e8-4c17-b2b0-04271ac6206b][bb1fc585-f087-407a-b043-49c06e320521] Polling for 2 video item(s) (baseline=50, hasUpload=true)...
2026-09-05T06:58:12.697Z [a4806904-50e8-4c17-b2b0-04271ac6206b][bb1fc585-f087-407a-b043-49c06e320521] Generating... 0 ready, 0 failed / 2 total (0s) play_circle [HÀNH ĐỘ play_circle [HÀNH ĐỘ
2026-09-05T06:58:13.664Z [d184cd1e-e54f-4cc2-a14f-3772fd2f7cdc][bb1fc585-f087-407a-b043-49c06e320521] Downloaded 1/2: video_2026-09-05T06-58-10_01.mp4
2026-09-05T06:58:13.665Z [d184cd1e-e54f-4cc2-a14f-3772fd2f7cdc][bb1fc585-f087-407a-b043-49c06e320521] Item 2: no video source on the tile yet — hovering it to mount one.
2026-09-05T06:58:15.603Z [d184cd1e-e54f-4cc2-a14f-3772fd2f7cdc][bb1fc585-f087-407a-b043-49c06e320521] Item 2: Downloading from URL https://flow-content.google/video/2618f621-dd15-4069-8768-f978adc1edbe?Expires=1788613081&KeyName=labs-flow-prod-cdn-key&Signature=BNyyO9aHQHA4pFzbEkOID9s2TEs
2026-09-05T06:58:15.709Z [a4806904-50e8-4c17-b2b0-04271ac6206b][bb1fc585-f087-407a-b043-49c06e320521] Generating... 0 ready, 0 failed / 2 total (3s) play_circle [HÀNH ĐỘ play_circle [HÀNH ĐỘ
2026-09-05T06:58:17.011Z [d184cd1e-e54f-4cc2-a14f-3772fd2f7cdc][bb1fc585-f087-407a-b043-49c06e320521] Downloaded 2/2: video_2026-09-05T06-58-10_02.mp4
2026-09-05T06:58:17.011Z [d184cd1e-e54f-4cc2-a14f-3772fd2f7cdc][bb1fc585-f087-407a-b043-49c06e320521] ✅ 2 item(s) saved to Downloads/Win AI Toolkit/
2026-09-05T06:58:18.730Z [a4806904-50e8-4c17-b2b0-04271ac6206b][bb1fc585-f087-407a-b043-49c06e320521] Generating... 0 ready, 0 failed / 2 total (6s) play_circle 0% [HÀNH play_circle 0% [HÀNH
2026-09-05T06:58:19.529Z [28fb4fde-5eee-427c-a3d6-1be4af52b938][bb1fc585-f087-407a-b043-49c06e320521] No new tiles detected in 30s — falling back to the configured count 2.
2026-09-05T06:58:19.529Z [28fb4fde-5eee-427c-a3d6-1be4af52b938][bb1fc585-f087-407a-b043-49c06e320521] Batch detected: 2 item(s). Generating...
2026-09-05T06:58:19.530Z [28fb4fde-5eee-427c-a3d6-1be4af52b938][bb1fc585-f087-407a-b043-49c06e320521] Polling for 2 video item(s) (baseline=50, hasUpload=true)...
2026-09-05T06:58:19.541Z [28fb4fde-5eee-427c-a3d6-1be4af52b938][bb1fc585-f087-407a-b043-49c06e320521] Generating... 0 ready, 0 failed / 2 total (0s)
2026-09-05T06:58:20.137Z [8a97ac8d-9f2b-49ef-929a-06a60fdce690][bb1fc585-f087-407a-b043-49c06e320521] Item 1 (try 1): 1080p saved via the UI download flow.
2026-09-05T06:58:20.207Z [8a97ac8d-9f2b-49ef-929a-06a60fdce690][bb1fc585-f087-407a-b043-49c06e320521] Item 1: upgraded to 1080p → D:\WINAI\Slow-English-with-Arlo_7_44_cmtlc8wk\video_2026-09-05T06-57-21_01.mp4
2026-09-05T06:58:20.208Z [8a97ac8d-9f2b-49ef-929a-06a60fdce690][bb1fc585-f087-407a-b043-49c06e320521] Uploading 1 video(s) to Xanh...
2026-09-05T06:58:20.774Z [8a97ac8d-9f2b-49ef-929a-06a60fdce690][bb1fc585-f087-407a-b043-49c06e320521] Item 1: Re-uploaded 1080p → https://studio.xanhmedia.vn/uploads/2026-09/1788591500469_3b4618_bb1fc585-f087-407a-b043-49c06e320521_8a9.mp4
2026-09-05T06:58:20.774Z [8a97ac8d-9f2b-49ef-929a-06a60fdce690][bb1fc585-f087-407a-b043-49c06e320521] ✅ 1 item(s) + 1080p saved to Downloads/Win AI Toolkit/
2026-09-05T06:58:20.776Z [8a97ac8d-9f2b-49ef-929a-06a60fdce690][bb1fc585-f087-407a-b043-49c06e320521] All done (including any 1080p upgrades). Closing Playwright browser context.
2026-09-05T06:58:21.751Z [a4806904-50e8-4c17-b2b0-04271ac6206b][bb1fc585-f087-407a-b043-49c06e320521] Generating... 0 ready, 0 failed / 2 total (9s) play_circle 2% [HÀNH play_circle 3% [HÀNH
2026-09-05T06:58:22.061Z [7664bee8-c107-4909-bbc1-ef99947ee64d][bb1fc585-f087-407a-b043-49c06e320521] runGeneration starting: task_id=7664bee8-c107-4909-bbc1-ef99947ee64d, profile_id=bb1fc585-f087-407a-b043-49c06e320521, target_site=google_flow
2026-09-05T06:58:22.062Z [7664bee8-c107-4909-bbc1-ef99947ee64d][bb1fc585-f087-407a-b043-49c06e320521] Opening Playwright browser with persistent profile cookies...
2026-09-05T06:58:22.062Z [7664bee8-c107-4909-bbc1-ef99947ee64d][bb1fc585-f087-407a-b043-49c06e320521] Browser engine: winhide (C:\Users\Admin\AppData\Roaming\com.tank.winai\winhide\chrome.exe) [hidden off-screen]
2026-09-05T06:58:22.063Z [7664bee8-c107-4909-bbc1-ef99947ee64d][bb1fc585-f087-407a-b043-49c06e320521] Launch mode: STEALTH (raw spawn + connectOverCDP)
2026-09-05T06:58:22.562Z [28fb4fde-5eee-427c-a3d6-1be4af52b938][bb1fc585-f087-407a-b043-49c06e320521] Generating... 0 ready, 0 failed / 2 total (3s)
2026-09-05T06:58:23.605Z [7664bee8-c107-4909-bbc1-ef99947ee64d][bb1fc585-f087-407a-b043-49c06e320521] Exit IP: 115.74.128.9
2026-09-05T06:58:23.606Z [7664bee8-c107-4909-bbc1-ef99947ee64d][bb1fc585-f087-407a-b043-49c06e320521] Navigating browser to Google Flow tools page...
2026-09-05T06:58:23.606Z [7664bee8-c107-4909-bbc1-ef99947ee64d][bb1fc585-f087-407a-b043-49c06e320521] Using existing project URL: https://flow.google.com/project/cae2bf2b-d1b8-40f9-a300-9f2aa6276ea5?hl=en
2026-09-05T06:58:24.487Z [7664bee8-c107-4909-bbc1-ef99947ee64d][bb1fc585-f087-407a-b043-49c06e320521] Waiting for Google Flow...
2026-09-05T06:58:24.778Z [a4806904-50e8-4c17-b2b0-04271ac6206b][bb1fc585-f087-407a-b043-49c06e320521] Generating... 0 ready, 0 failed / 2 total (12s) play_circle 6% [HÀNH play_circle 6% [HÀNH
2026-09-05T06:58:25.579Z [28fb4fde-5eee-427c-a3d6-1be4af52b938][bb1fc585-f087-407a-b043-49c06e320521] Generating... 0 ready, 0 failed / 2 total (6s)
2026-09-05T06:58:26.194Z [7664bee8-c107-4909-bbc1-ef99947ee64d][bb1fc585-f087-407a-b043-49c06e320521] In existing project ✓
2026-09-05T06:58:27.328Z [7664bee8-c107-4909-bbc1-ef99947ee64d][bb1fc585-f087-407a-b043-49c06e320521] dismissPopups: unresolved overlay(s) ["IFRAME[presentation]|btns="]
2026-09-05T06:58:27.833Z [a4806904-50e8-4c17-b2b0-04271ac6206b][bb1fc585-f087-407a-b043-49c06e320521] Generating... 0 ready, 0 failed / 2 total (15s) play_circle 9% [HÀNH play_circle 9% [HÀNH
2026-09-05T06:58:28.602Z [28fb4fde-5eee-427c-a3d6-1be4af52b938][bb1fc585-f087-407a-b043-49c06e320521] Generating... 0 ready, 0 failed / 2 total (9s)
2026-09-05T06:58:30.674Z [7664bee8-c107-4909-bbc1-ef99947ee64d][bb1fc585-f087-407a-b043-49c06e320521] Composer ready ✓ (UI language: en)
2026-09-05T06:58:30.700Z [7664bee8-c107-4909-bbc1-ef99947ee64d][bb1fc585-f087-407a-b043-49c06e320521] dismissPopups: unresolved overlay(s) ["DIV[]|btns=","DIV[]|btns="]
2026-09-05T06:58:30.716Z [7664bee8-c107-4909-bbc1-ef99947ee64d][bb1fc585-f087-407a-b043-49c06e320521] Agent toggle aria-pressed=false
2026-09-05T06:58:30.717Z [7664bee8-c107-4909-bbc1-ef99947ee64d][bb1fc585-f087-407a-b043-49c06e320521] Opening settings...
2026-09-05T06:58:30.853Z [a4806904-50e8-4c17-b2b0-04271ac6206b][bb1fc585-f087-407a-b043-49c06e320521] Generating... 0 ready, 0 failed / 2 total (18s) play_circle 10% [HÀN play_circle 11% [HÀN
2026-09-05T06:58:31.624Z [28fb4fde-5eee-427c-a3d6-1be4af52b938][bb1fc585-f087-407a-b043-49c06e320521] Generating... 0 ready, 0 failed / 2 total (12s)
2026-09-05T06:58:32.326Z [7664bee8-c107-4909-bbc1-ef99947ee64d][bb1fc585-f087-407a-b043-49c06e320521] Configuring video settings...
2026-09-05T06:58:32.352Z [7664bee8-c107-4909-bbc1-ef99947ee64d][bb1fc585-f087-407a-b043-49c06e320521] Mode: "videocam Video" already selected ✓
2026-09-05T06:58:33.880Z [a4806904-50e8-4c17-b2b0-04271ac6206b][bb1fc585-f087-407a-b043-49c06e320521] Generating... 0 ready, 0 failed / 2 total (21s) play_circle 13% [HÀN play_circle 13% [HÀN
2026-09-05T06:58:34.633Z [28fb4fde-5eee-427c-a3d6-1be4af52b938][bb1fc585-f087-407a-b043-49c06e320521] Generating... 0 ready, 0 failed / 2 total (15s)
2026-09-05T06:58:34.641Z [7664bee8-c107-4909-bbc1-ef99947ee64d][bb1fc585-f087-407a-b043-49c06e320521] Video type: selected "crop_free Frames" ✓
2026-09-05T06:58:36.908Z [a4806904-50e8-4c17-b2b0-04271ac6206b][bb1fc585-f087-407a-b043-49c06e320521] Generating... 0 ready, 0 failed / 2 total (24s) play_circle 16% [HÀN play_circle 16% [HÀN
2026-09-05T06:58:37.661Z [28fb4fde-5eee-427c-a3d6-1be4af52b938][bb1fc585-f087-407a-b043-49c06e320521] Generating... 0 ready, 0 failed / 2 total (18s)
2026-09-05T06:58:38.803Z [7664bee8-c107-4909-bbc1-ef99947ee64d][bb1fc585-f087-407a-b043-49c06e320521] Model: selected "Veo 3.1 - Lite [Lower Priority]" ✓
2026-09-05T06:58:39.662Z [7664bee8-c107-4909-bbc1-ef99947ee64d][bb1fc585-f087-407a-b043-49c06e320521] Aspect ratio: "crop_16_9 16:9" already selected ✓
2026-09-05T06:58:39.665Z [7664bee8-c107-4909-bbc1-ef99947ee64d][bb1fc585-f087-407a-b043-49c06e320521] Video resolution: toggle group "Video resolution" not present (model may not offer it) — skipped.
2026-09-05T06:58:39.696Z [7664bee8-c107-4909-bbc1-ef99947ee64d][bb1fc585-f087-407a-b043-49c06e320521] Duration: "8s" already selected ✓
2026-09-05T06:58:39.717Z [7664bee8-c107-4909-bbc1-ef99947ee64d][bb1fc585-f087-407a-b043-49c06e320521] Output count: "x2" already selected ✓
2026-09-05T06:58:39.922Z [a4806904-50e8-4c17-b2b0-04271ac6206b][bb1fc585-f087-407a-b043-49c06e320521] Generating... 0 ready, 0 failed / 2 total (27s) play_circle 19% [HÀN play_circle 19% [HÀN
2026-09-05T06:58:40.676Z [28fb4fde-5eee-427c-a3d6-1be4af52b938][bb1fc585-f087-407a-b043-49c06e320521] Generating... 0 ready, 0 failed / 2 total (21s)
2026-09-05T06:58:40.896Z [7664bee8-c107-4909-bbc1-ef99947ee64d][bb1fc585-f087-407a-b043-49c06e320521] Start keyframe: downloading from URL...
2026-09-05T06:58:41.091Z [7664bee8-c107-4909-bbc1-ef99947ee64d][bb1fc585-f087-407a-b043-49c06e320521] Downloader: no-proxy request context ready.
2026-09-05T06:58:41.376Z [7664bee8-c107-4909-bbc1-ef99947ee64d][bb1fc585-f087-407a-b043-49c06e320521] Start keyframe: saved 123186 bytes (image/png) as "1788443887307_1fdc64_60f7c834-1526-409d-b017-21db20795e19_1d4.png"
2026-09-05T06:58:41.399Z [7664bee8-c107-4909-bbc1-ef99947ee64d][bb1fc585-f087-407a-b043-49c06e320521] Start keyframe: setting start keyframe...
2026-09-05T06:58:42.936Z [a4806904-50e8-4c17-b2b0-04271ac6206b][bb1fc585-f087-407a-b043-49c06e320521] Generating... 0 ready, 0 failed / 2 total (30s) play_circle 21% [HÀN play_circle 21% [HÀN
2026-09-05T06:58:43.378Z [7664bee8-c107-4909-bbc1-ef99947ee64d][bb1fc585-f087-407a-b043-49c06e320521] Start keyframe: "1788443887307_1fdc64_60f7c834-1526-409d-b017-21db20795e19_1d4.png" not in the library yet — uploading it first.
2026-09-05T06:58:43.698Z [28fb4fde-5eee-427c-a3d6-1be4af52b938][bb1fc585-f087-407a-b043-49c06e320521] Generating... 0 ready, 0 failed / 2 total (24s)
2026-09-05T06:58:45.949Z [a4806904-50e8-4c17-b2b0-04271ac6206b][bb1fc585-f087-407a-b043-49c06e320521] Generating... 0 ready, 0 failed / 2 total (33s) play_circle 25% [HÀN play_circle 24% [HÀN
2026-09-05T06:58:46.720Z [28fb4fde-5eee-427c-a3d6-1be4af52b938][bb1fc585-f087-407a-b043-49c06e320521] Generating... 0 ready, 0 failed / 2 total (27s)
2026-09-05T06:58:47.794Z [7664bee8-c107-4909-bbc1-ef99947ee64d][bb1fc585-f087-407a-b043-49c06e320521] Start keyframe: uploading "1788443887307_1fdc64_60f7c834-1526-409d-b017-21db20795e19_1d4.png" to the project library...
2026-09-05T06:58:48.745Z [7664bee8-c107-4909-bbc1-ef99947ee64d][bb1fc585-f087-407a-b043-49c06e320521] Start keyframe: upload finished ✓
2026-09-05T06:58:48.966Z [a4806904-50e8-4c17-b2b0-04271ac6206b][bb1fc585-f087-407a-b043-49c06e320521] Generating... 0 ready, 0 failed / 2 total (36s) play_circle 27% [HÀN play_circle 27% [HÀN
2026-09-05T06:58:49.748Z [28fb4fde-5eee-427c-a3d6-1be4af52b938][bb1fc585-f087-407a-b043-49c06e320521] Generating... 0 ready, 0 failed / 2 total (30s)
2026-09-05T06:58:51.993Z [a4806904-50e8-4c17-b2b0-04271ac6206b][bb1fc585-f087-407a-b043-49c06e320521] Generating... 0 ready, 0 failed / 2 total (39s) play_circle 30% [HÀN play_circle 30% [HÀN
2026-09-05T06:58:52.764Z [28fb4fde-5eee-427c-a3d6-1be4af52b938][bb1fc585-f087-407a-b043-49c06e320521] Generating... 0 ready, 0 failed / 2 total (33s)
2026-09-05T06:58:55.018Z [a4806904-50e8-4c17-b2b0-04271ac6206b][bb1fc585-f087-407a-b043-49c06e320521] Generating... 0 ready, 0 failed / 2 total (42s) play_circle 33% [HÀN play_circle 33% [HÀN
2026-09-05T06:58:55.783Z [28fb4fde-5eee-427c-a3d6-1be4af52b938][bb1fc585-f087-407a-b043-49c06e320521] Generating... 0 ready, 0 failed / 2 total (36s)
2026-09-05T06:58:58.047Z [a4806904-50e8-4c17-b2b0-04271ac6206b][bb1fc585-f087-407a-b043-49c06e320521] Generating... 0 ready, 0 failed / 2 total (45s) play_circle 36% [HÀN play_circle 36% [HÀN
2026-09-05T06:58:58.113Z [7664bee8-c107-4909-bbc1-ef99947ee64d][bb1fc585-f087-407a-b043-49c06e320521] Start keyframe: start keyframe attached ✓
2026-09-05T06:58:58.125Z [7664bee8-c107-4909-bbc1-ef99947ee64d][bb1fc585-f087-407a-b043-49c06e320521] Entering prompt...
2026-09-05T06:58:58.804Z [28fb4fde-5eee-427c-a3d6-1be4af52b938][bb1fc585-f087-407a-b043-49c06e320521] Generating... 0 ready, 0 failed / 2 total (39s)
2026-09-05T06:58:59.717Z [7664bee8-c107-4909-bbc1-ef99947ee64d][bb1fc585-f087-407a-b043-49c06e320521] Prompt is 1382 chars — typing it in 24 chunk(s).
2026-09-05T06:59:01.069Z [a4806904-50e8-4c17-b2b0-04271ac6206b][bb1fc585-f087-407a-b043-49c06e320521] Generating... 0 ready, 0 failed / 2 total (48s) play_circle 100% [HÀ play_circle 100% [HÀ
2026-09-05T06:59:01.487Z [d184cd1e-e54f-4cc2-a14f-3772fd2f7cdc][bb1fc585-f087-407a-b043-49c06e320521] Item 1 (try 1): 1080p saved via the UI download flow.
2026-09-05T06:59:01.546Z [d184cd1e-e54f-4cc2-a14f-3772fd2f7cdc][bb1fc585-f087-407a-b043-49c06e320521] Item 1: upgraded to 1080p → D:\WINAI\Slow-English-with-Arlo_7_45_cmtlc8wk\video_2026-09-05T06-58-10_01.mp4
2026-09-05T06:59:01.823Z [28fb4fde-5eee-427c-a3d6-1be4af52b938][bb1fc585-f087-407a-b043-49c06e320521] Generating... 0 ready, 0 failed / 2 total (42s)
2026-09-05T06:59:04.098Z [a4806904-50e8-4c17-b2b0-04271ac6206b][bb1fc585-f087-407a-b043-49c06e320521] Generating... 0 ready, 0 failed / 2 total (51s) [HÀNH ĐỘNG]Bắt đầu đ [HÀNH ĐỘNG]Bắt đầu đ
2026-09-05T06:59:04.835Z [28fb4fde-5eee-427c-a3d6-1be4af52b938][bb1fc585-f087-407a-b043-49c06e320521] Generating... 0 ready, 0 failed / 2 total (45s)
2026-09-05T06:59:07.113Z [a4806904-50e8-4c17-b2b0-04271ac6206b][bb1fc585-f087-407a-b043-49c06e320521] Generating... 2 ready, 0 failed / 2 total (54s)
2026-09-05T06:59:07.113Z [a4806904-50e8-4c17-b2b0-04271ac6206b][bb1fc585-f087-407a-b043-49c06e320521] Batch done: 2 ready (target 2), 0 failed, scanned 2.
2026-09-05T06:59:07.113Z [a4806904-50e8-4c17-b2b0-04271ac6206b][bb1fc585-f087-407a-b043-49c06e320521] 2 item(s) ready! Downloading...
2026-09-05T06:59:07.114Z [a4806904-50e8-4c17-b2b0-04271ac6206b][bb1fc585-f087-407a-b043-49c06e320521] Item 1: no video source on the tile yet — hovering it to mount one.
2026-09-05T06:59:07.856Z [28fb4fde-5eee-427c-a3d6-1be4af52b938][bb1fc585-f087-407a-b043-49c06e320521] Generating... 0 ready, 0 failed / 2 total (48s)
2026-09-05T06:59:08.653Z [a4806904-50e8-4c17-b2b0-04271ac6206b][bb1fc585-f087-407a-b043-49c06e320521] Item 1: Downloading from URL https://flow-content.google/video/b619f3e9-97dd-4a99-80d6-18c8e3b0993c?Expires=1788613139&KeyName=labs-flow-prod-cdn-key&Signature=B6JEHjurs652bnivy7SZbzLETAU
2026-09-05T06:59:09.864Z [a4806904-50e8-4c17-b2b0-04271ac6206b][bb1fc585-f087-407a-b043-49c06e320521] Downloaded 1/2: video_2026-09-05T06-59-07_01.mp4
2026-09-05T06:59:09.865Z [a4806904-50e8-4c17-b2b0-04271ac6206b][bb1fc585-f087-407a-b043-49c06e320521] Item 2: no video source on the tile yet — hovering it to mount one.
2026-09-05T06:59:10.883Z [28fb4fde-5eee-427c-a3d6-1be4af52b938][bb1fc585-f087-407a-b043-49c06e320521] Generating... 0 ready, 0 failed / 2 total (51s)
2026-09-05T06:59:11.303Z [7664bee8-c107-4909-bbc1-ef99947ee64d][bb1fc585-f087-407a-b043-49c06e320521] Prompt insert attempt 1: editor has 1353 chars (want ~1378) ✓
2026-09-05T06:59:11.706Z [a4806904-50e8-4c17-b2b0-04271ac6206b][bb1fc585-f087-407a-b043-49c06e320521] Item 2: Downloading from URL https://flow-content.google/video/38c356f1-31c4-458f-8dcd-4149cc6efa8e?Expires=1788613139&KeyName=labs-flow-prod-cdn-key&Signature=3RtybWEowQhSnH0rvSQccglzEMM
2026-09-05T06:59:12.892Z [a4806904-50e8-4c17-b2b0-04271ac6206b][bb1fc585-f087-407a-b043-49c06e320521] Downloaded 2/2: video_2026-09-05T06-59-07_02.mp4
2026-09-05T06:59:12.892Z [a4806904-50e8-4c17-b2b0-04271ac6206b][bb1fc585-f087-407a-b043-49c06e320521] ✅ 2 item(s) saved to Downloads/Win AI Toolkit/
2026-09-05T06:59:13.146Z [7664bee8-c107-4909-bbc1-ef99947ee64d][bb1fc585-f087-407a-b043-49c06e320521] Baseline: 49 pre-existing media tile(s) of 49 mounted (kinds: image,video,image,video,video,image,video,video,image,video,video,image,video,video,image,video,video,image,video,image,video,video,image,video,video,image,video,video,image,video,video,image,video,video,image,video,video,image,image,image,video,video,image,video,video,image,video,video,image).
2026-09-05T06:59:13.899Z [28fb4fde-5eee-427c-a3d6-1be4af52b938][bb1fc585-f087-407a-b043-49c06e320521] Generating... 0 ready, 0 failed / 2 total (54s)
2026-09-05T06:59:15.349Z [7664bee8-c107-4909-bbc1-ef99947ee64d][bb1fc585-f087-407a-b043-49c06e320521] [submit] confirmed (editor "What do you want to ", fresh tile=true).
2026-09-05T06:59:15.969Z [7664bee8-c107-4909-bbc1-ef99947ee64d][bb1fc585-f087-407a-b043-49c06e320521] Current Workspace project URL: https://flow.google.com/project/cae2bf2b-d1b8-40f9-a300-9f2aa6276ea5?hl=en
2026-09-05T06:59:15.970Z [7664bee8-c107-4909-bbc1-ef99947ee64d][bb1fc585-f087-407a-b043-49c06e320521] Submitted ✓ Detecting batch size...
2026-09-05T06:59:15.984Z [7664bee8-c107-4909-bbc1-ef99947ee64d][bb1fc585-f087-407a-b043-49c06e320521] New tile(s) since submit: 0 → 2 (mounted=49)
2026-09-05T06:59:16.915Z [28fb4fde-5eee-427c-a3d6-1be4af52b938][bb1fc585-f087-407a-b043-49c06e320521] Generating... 0 ready, 0 failed / 2 total (57s)
2026-09-05T06:59:19.938Z [28fb4fde-5eee-427c-a3d6-1be4af52b938][bb1fc585-f087-407a-b043-49c06e320521] Generating... 0 ready, 0 failed / 2 total (60s)
2026-09-05T06:59:20.136Z [7664bee8-c107-4909-bbc1-ef99947ee64d][bb1fc585-f087-407a-b043-49c06e320521] Batch size stabilised at 2 new tile(s)
2026-09-05T06:59:20.137Z [7664bee8-c107-4909-bbc1-ef99947ee64d][bb1fc585-f087-407a-b043-49c06e320521] Batch detected: 2 item(s). Generating...
2026-09-05T06:59:20.137Z [7664bee8-c107-4909-bbc1-ef99947ee64d][bb1fc585-f087-407a-b043-49c06e320521] Polling for 2 video item(s) (baseline=49, hasUpload=true)...
2026-09-05T06:59:20.149Z [7664bee8-c107-4909-bbc1-ef99947ee64d][bb1fc585-f087-407a-b043-49c06e320521] Generating... 0 ready, 0 failed / 2 total (0s) play_circle [HÀNH ĐỘ play_circle [HÀNH ĐỘ
2026-09-05T06:59:22.963Z [28fb4fde-5eee-427c-a3d6-1be4af52b938][bb1fc585-f087-407a-b043-49c06e320521] Generating... 0 ready, 0 failed / 2 total (63s)
2026-09-05T06:59:23.163Z [7664bee8-c107-4909-bbc1-ef99947ee64d][bb1fc585-f087-407a-b043-49c06e320521] Generating... 0 ready, 0 failed / 2 total (3s) play_circle [HÀNH ĐỘ play_circle [HÀNH ĐỘ
2026-09-05T06:59:25.989Z [28fb4fde-5eee-427c-a3d6-1be4af52b938][bb1fc585-f087-407a-b043-49c06e320521] Generating... 0 ready, 0 failed / 2 total (66s)
2026-09-05T06:59:26.185Z [7664bee8-c107-4909-bbc1-ef99947ee64d][bb1fc585-f087-407a-b043-49c06e320521] Generating... 0 ready, 0 failed / 2 total (6s) play_circle [HÀNH ĐỘ play_circle [HÀNH ĐỘ
2026-09-05T06:59:29.008Z [28fb4fde-5eee-427c-a3d6-1be4af52b938][bb1fc585-f087-407a-b043-49c06e320521] Generating... 0 ready, 0 failed / 2 total (69s)
2026-09-05T06:59:29.203Z [7664bee8-c107-4909-bbc1-ef99947ee64d][bb1fc585-f087-407a-b043-49c06e320521] Generating... 0 ready, 0 failed / 2 total (9s) play_circle 1% [HÀNH play_circle 1% [HÀNH
2026-09-05T06:59:32.024Z [28fb4fde-5eee-427c-a3d6-1be4af52b938][bb1fc585-f087-407a-b043-49c06e320521] Generating... 0 ready, 0 failed / 2 total (72s)
2026-09-05T06:59:32.223Z [7664bee8-c107-4909-bbc1-ef99947ee64d][bb1fc585-f087-407a-b043-49c06e320521] Generating... 0 ready, 0 failed / 2 total (12s) play_circle 5% [HÀNH play_circle 5% [HÀNH
2026-09-05T06:59:35.038Z [28fb4fde-5eee-427c-a3d6-1be4af52b938][bb1fc585-f087-407a-b043-49c06e320521] Generating... 0 ready, 0 failed / 2 total (76s)
2026-09-05T06:59:35.362Z [7664bee8-c107-4909-bbc1-ef99947ee64d][bb1fc585-f087-407a-b043-49c06e320521] Generating... 0 ready, 0 failed / 2 total (15s) play_circle 7% [HÀNH play_circle 7% [HÀNH
2026-09-05T06:59:38.054Z [28fb4fde-5eee-427c-a3d6-1be4af52b938][bb1fc585-f087-407a-b043-49c06e320521] Generating... 0 ready, 0 failed / 2 total (79s)
2026-09-05T06:59:38.381Z [7664bee8-c107-4909-bbc1-ef99947ee64d][bb1fc585-f087-407a-b043-49c06e320521] Generating... 0 ready, 0 failed / 2 total (18s) play_circle 9% [HÀNH play_circle 9% [HÀNH
2026-09-05T06:59:40.564Z [d184cd1e-e54f-4cc2-a14f-3772fd2f7cdc][bb1fc585-f087-407a-b043-49c06e320521] Item 2 (try 1): 1080p saved via the UI download flow.
2026-09-05T06:59:40.632Z [d184cd1e-e54f-4cc2-a14f-3772fd2f7cdc][bb1fc585-f087-407a-b043-49c06e320521] Item 2: upgraded to 1080p → D:\WINAI\Slow-English-with-Arlo_7_45_cmtlc8wk\video_2026-09-05T06-58-10_02.mp4
2026-09-05T06:59:40.633Z [d184cd1e-e54f-4cc2-a14f-3772fd2f7cdc][bb1fc585-f087-407a-b043-49c06e320521] Uploading 2 video(s) to Xanh...
2026-09-05T06:59:41.077Z [28fb4fde-5eee-427c-a3d6-1be4af52b938][bb1fc585-f087-407a-b043-49c06e320521] Generating... 0 ready, 0 failed / 2 total (82s)
2026-09-05T06:59:41.307Z [d184cd1e-e54f-4cc2-a14f-3772fd2f7cdc][bb1fc585-f087-407a-b043-49c06e320521] Item 2: Re-uploaded 1080p → https://studio.xanhmedia.vn/uploads/2026-09/1788591581004_1ec8a9_bb1fc585-f087-407a-b043-49c06e320521_d18.mp4
2026-09-05T06:59:41.396Z [7664bee8-c107-4909-bbc1-ef99947ee64d][bb1fc585-f087-407a-b043-49c06e320521] Generating... 0 ready, 0 failed / 2 total (21s) play_circle 12% [HÀN play_circle 12% [HÀN
2026-09-05T06:59:44.105Z [28fb4fde-5eee-427c-a3d6-1be4af52b938][bb1fc585-f087-407a-b043-49c06e320521] Generating... 0 ready, 0 failed / 2 total (85s)
2026-09-05T06:59:44.414Z [7664bee8-c107-4909-bbc1-ef99947ee64d][bb1fc585-f087-407a-b043-49c06e320521] Generating... 0 ready, 0 failed / 2 total (24s) play_circle 15% [HÀN play_circle 15% [HÀN
2026-09-05T06:59:45.252Z [d184cd1e-e54f-4cc2-a14f-3772fd2f7cdc][bb1fc585-f087-407a-b043-49c06e320521] Item 1: Re-uploaded 1080p → https://studio.xanhmedia.vn/uploads/2026-09/1788591584933_94d826_bb1fc585-f087-407a-b043-49c06e320521_d18.mp4
2026-09-05T06:59:45.252Z [d184cd1e-e54f-4cc2-a14f-3772fd2f7cdc][bb1fc585-f087-407a-b043-49c06e320521] ✅ 2 item(s) + 1080p saved to Downloads/Win AI Toolkit/
2026-09-05T06:59:45.255Z [d184cd1e-e54f-4cc2-a14f-3772fd2f7cdc][bb1fc585-f087-407a-b043-49c06e320521] All done (including any 1080p upgrades). Closing Playwright browser context.
2026-09-05T06:59:47.126Z [28fb4fde-5eee-427c-a3d6-1be4af52b938][bb1fc585-f087-407a-b043-49c06e320521] Generating... 0 ready, 0 failed / 2 total (88s)
2026-09-05T06:59:47.431Z [7664bee8-c107-4909-bbc1-ef99947ee64d][bb1fc585-f087-407a-b043-49c06e320521] Generating... 0 ready, 0 failed / 2 total (27s) play_circle 18% [HÀN play_circle 18% [HÀN
2026-09-05T06:59:50.153Z [28fb4fde-5eee-427c-a3d6-1be4af52b938][bb1fc585-f087-407a-b043-49c06e320521] Generating... 0 ready, 0 failed / 2 total (91s)
2026-09-05T06:59:50.451Z [7664bee8-c107-4909-bbc1-ef99947ee64d][bb1fc585-f087-407a-b043-49c06e320521] Generating... 0 ready, 0 failed / 2 total (30s) play_circle 21% [HÀN play_circle 21% [HÀN
2026-09-05T06:59:50.887Z [a4806904-50e8-4c17-b2b0-04271ac6206b][bb1fc585-f087-407a-b043-49c06e320521] Item 1 (try 1): 1080p saved via the UI download flow.
2026-09-05T06:59:50.969Z [a4806904-50e8-4c17-b2b0-04271ac6206b][bb1fc585-f087-407a-b043-49c06e320521] Item 1: upgraded to 1080p → D:\WINAI\Slow-English-with-Arlo_7_47_cmtlc8wk\video_2026-09-05T06-59-07_01.mp4
2026-09-05T06:59:53.175Z [28fb4fde-5eee-427c-a3d6-1be4af52b938][bb1fc585-f087-407a-b043-49c06e320521] Generating... 0 ready, 0 failed / 2 total (94s)
2026-09-05T06:59:53.475Z [7664bee8-c107-4909-bbc1-ef99947ee64d][bb1fc585-f087-407a-b043-49c06e320521] Generating... 0 ready, 0 failed / 2 total (33s) play_circle 24% [HÀN play_circle 24% [HÀN
2026-09-05T06:59:56.188Z [28fb4fde-5eee-427c-a3d6-1be4af52b938][bb1fc585-f087-407a-b043-49c06e320521] Generating... 0 ready, 0 failed / 2 total (97s)
2026-09-05T06:59:56.495Z [7664bee8-c107-4909-bbc1-ef99947ee64d][bb1fc585-f087-407a-b043-49c06e320521] Generating... 0 ready, 0 failed / 2 total (36s) play_circle 25% [HÀN play_circle 25% [HÀN
2026-09-05T06:59:59.202Z [28fb4fde-5eee-427c-a3d6-1be4af52b938][bb1fc585-f087-407a-b043-49c06e320521] Generating... 0 ready, 0 failed / 2 total (100s)
2026-09-05T06:59:59.520Z [7664bee8-c107-4909-bbc1-ef99947ee64d][bb1fc585-f087-407a-b043-49c06e320521] Generating... 0 ready, 0 failed / 2 total (39s) play_circle 29% [HÀN play_circle 29% [HÀN
2026-09-05T07:00:02.221Z [28fb4fde-5eee-427c-a3d6-1be4af52b938][bb1fc585-f087-407a-b043-49c06e320521] Generating... 0 ready, 0 failed / 2 total (103s)
2026-09-05T07:00:02.534Z [7664bee8-c107-4909-bbc1-ef99947ee64d][bb1fc585-f087-407a-b043-49c06e320521] Generating... 0 ready, 0 failed / 2 total (42s) play_circle 32% [HÀN play_circle 32% [HÀN
2026-09-05T07:00:05.247Z [28fb4fde-5eee-427c-a3d6-1be4af52b938][bb1fc585-f087-407a-b043-49c06e320521] Generating... 0 ready, 0 failed / 2 total (106s)
2026-09-05T07:00:05.558Z [7664bee8-c107-4909-bbc1-ef99947ee64d][bb1fc585-f087-407a-b043-49c06e320521] Generating... 0 ready, 0 failed / 2 total (45s) play_circle 35% [HÀN play_circle 35% [HÀN
2026-09-05T07:00:08.264Z [28fb4fde-5eee-427c-a3d6-1be4af52b938][bb1fc585-f087-407a-b043-49c06e320521] Generating... 0 ready, 0 failed / 2 total (109s)
2026-09-05T07:00:08.576Z [7664bee8-c107-4909-bbc1-ef99947ee64d][bb1fc585-f087-407a-b043-49c06e320521] Generating... 0 ready, 0 failed / 2 total (48s) play_circle 37% [HÀN play_circle 36% [HÀN
2026-09-05T07:00:11.290Z [28fb4fde-5eee-427c-a3d6-1be4af52b938][bb1fc585-f087-407a-b043-49c06e320521] Generating... 0 ready, 0 failed / 2 total (112s)
2026-09-05T07:00:11.595Z [7664bee8-c107-4909-bbc1-ef99947ee64d][bb1fc585-f087-407a-b043-49c06e320521] Generating... 0 ready, 0 failed / 2 total (51s) play_circle 100% [HÀ play_circle 100% [HÀ
2026-09-05T07:00:14.302Z [28fb4fde-5eee-427c-a3d6-1be4af52b938][bb1fc585-f087-407a-b043-49c06e320521] Generating... 0 ready, 0 failed / 2 total (115s)
2026-09-05T07:00:14.625Z [7664bee8-c107-4909-bbc1-ef99947ee64d][bb1fc585-f087-407a-b043-49c06e320521] Generating... 0 ready, 0 failed / 2 total (54s) play_circle 100% [HÀ play_circle 100% [HÀ
2026-09-05T07:00:17.316Z [28fb4fde-5eee-427c-a3d6-1be4af52b938][bb1fc585-f087-407a-b043-49c06e320521] Generating... 0 ready, 0 failed / 2 total (118s)
2026-09-05T07:00:17.640Z [7664bee8-c107-4909-bbc1-ef99947ee64d][bb1fc585-f087-407a-b043-49c06e320521] Generating... 0 ready, 0 failed / 2 total (58s) [HÀNH ĐỘNG]Bắt đầu đ [HÀNH ĐỘNG]Bắt đầu đ
2026-09-05T07:00:20.340Z [28fb4fde-5eee-427c-a3d6-1be4af52b938][bb1fc585-f087-407a-b043-49c06e320521] Generating... 0 ready, 0 failed / 2 total (121s)
2026-09-05T07:00:20.660Z [7664bee8-c107-4909-bbc1-ef99947ee64d][bb1fc585-f087-407a-b043-49c06e320521] Generating... 2 ready, 0 failed / 2 total (61s)
2026-09-05T07:00:20.661Z [7664bee8-c107-4909-bbc1-ef99947ee64d][bb1fc585-f087-407a-b043-49c06e320521] Batch done: 2 ready (target 2), 0 failed, scanned 2.
2026-09-05T07:00:20.661Z [7664bee8-c107-4909-bbc1-ef99947ee64d][bb1fc585-f087-407a-b043-49c06e320521] 2 item(s) ready! Downloading...
2026-09-05T07:00:20.662Z [7664bee8-c107-4909-bbc1-ef99947ee64d][bb1fc585-f087-407a-b043-49c06e320521] Item 1: no video source on the tile yet — hovering it to mount one.
2026-09-05T07:00:22.643Z [7664bee8-c107-4909-bbc1-ef99947ee64d][bb1fc585-f087-407a-b043-49c06e320521] Item 1: Downloading from URL https://flow-content.google/video/dd1cce8b-c716-4ef6-8d4e-398fe670c687?Expires=1788613210&KeyName=labs-flow-prod-cdn-key&Signature=fiRJnN6qte9mB9cyV7OIqIBozKg
2026-09-05T07:00:23.361Z [28fb4fde-5eee-427c-a3d6-1be4af52b938][bb1fc585-f087-407a-b043-49c06e320521] Generating... 0 ready, 0 failed / 2 total (124s)
2026-09-05T07:00:23.514Z [7664bee8-c107-4909-bbc1-ef99947ee64d][bb1fc585-f087-407a-b043-49c06e320521] Downloaded 1/2: video_2026-09-05T07-00-20_01.mp4
2026-09-05T07:00:23.515Z [7664bee8-c107-4909-bbc1-ef99947ee64d][bb1fc585-f087-407a-b043-49c06e320521] Item 2: no video source on the tile yet — hovering it to mount one.
2026-09-05T07:00:24.999Z [7664bee8-c107-4909-bbc1-ef99947ee64d][bb1fc585-f087-407a-b043-49c06e320521] Item 2: Downloading from URL https://flow-content.google/video/84f32f67-dbfc-4faf-bb56-38ebe49d8f2a?Expires=1788613210&KeyName=labs-flow-prod-cdn-key&Signature=U9hZYJVNEB1ZYQSgUjwRkpfzLy0
2026-09-05T07:00:26.120Z [7664bee8-c107-4909-bbc1-ef99947ee64d][bb1fc585-f087-407a-b043-49c06e320521] Downloaded 2/2: video_2026-09-05T07-00-20_02.mp4
2026-09-05T07:00:26.121Z [7664bee8-c107-4909-bbc1-ef99947ee64d][bb1fc585-f087-407a-b043-49c06e320521] ✅ 2 item(s) saved to Downloads/Win AI Toolkit/
2026-09-05T07:00:26.384Z [28fb4fde-5eee-427c-a3d6-1be4af52b938][bb1fc585-f087-407a-b043-49c06e320521] Generating... 0 ready, 0 failed / 2 total (127s)
2026-09-05T07:00:29.406Z [28fb4fde-5eee-427c-a3d6-1be4af52b938][bb1fc585-f087-407a-b043-49c06e320521] Generating... 0 ready, 0 failed / 2 total (130s)
2026-09-05T07:00:32.423Z [28fb4fde-5eee-427c-a3d6-1be4af52b938][bb1fc585-f087-407a-b043-49c06e320521] Generating... 0 ready, 0 failed / 2 total (133s)
2026-09-05T07:00:34.609Z [a4806904-50e8-4c17-b2b0-04271ac6206b][bb1fc585-f087-407a-b043-49c06e320521] Item 2 (try 1): 1080p saved via the UI download flow.
2026-09-05T07:00:34.669Z [a4806904-50e8-4c17-b2b0-04271ac6206b][bb1fc585-f087-407a-b043-49c06e320521] Item 2: upgraded to 1080p → D:\WINAI\Slow-English-with-Arlo_7_47_cmtlc8wk\video_2026-09-05T06-59-07_02.mp4
2026-09-05T07:00:34.670Z [a4806904-50e8-4c17-b2b0-04271ac6206b][bb1fc585-f087-407a-b043-49c06e320521] Uploading 2 video(s) to Xanh...
2026-09-05T07:00:35.212Z [a4806904-50e8-4c17-b2b0-04271ac6206b][bb1fc585-f087-407a-b043-49c06e320521] Item 1: Re-uploaded 1080p → https://studio.xanhmedia.vn/uploads/2026-09/1788591634904_4ffab9_bb1fc585-f087-407a-b043-49c06e320521_a48.mp4
2026-09-05T07:00:35.438Z [28fb4fde-5eee-427c-a3d6-1be4af52b938][bb1fc585-f087-407a-b043-49c06e320521] Generating... 0 ready, 0 failed / 2 total (136s)
2026-09-05T07:00:38.158Z [a4806904-50e8-4c17-b2b0-04271ac6206b][bb1fc585-f087-407a-b043-49c06e320521] Item 2: Re-uploaded 1080p → https://studio.xanhmedia.vn/uploads/2026-09/1788591637854_61a96f_bb1fc585-f087-407a-b043-49c06e320521_a48.mp4
2026-09-05T07:00:38.159Z [a4806904-50e8-4c17-b2b0-04271ac6206b][bb1fc585-f087-407a-b043-49c06e320521] ✅ 2 item(s) + 1080p saved to Downloads/Win AI Toolkit/
2026-09-05T07:00:38.160Z [a4806904-50e8-4c17-b2b0-04271ac6206b][bb1fc585-f087-407a-b043-49c06e320521] All done (including any 1080p upgrades). Closing Playwright browser context.
2026-09-05T07:00:38.458Z [28fb4fde-5eee-427c-a3d6-1be4af52b938][bb1fc585-f087-407a-b043-49c06e320521] Generating... 0 ready, 0 failed / 2 total (139s)
2026-09-05T07:00:41.480Z [28fb4fde-5eee-427c-a3d6-1be4af52b938][bb1fc585-f087-407a-b043-49c06e320521] Generating... 0 ready, 0 failed / 2 total (142s)
2026-09-05T07:00:44.500Z [28fb4fde-5eee-427c-a3d6-1be4af52b938][bb1fc585-f087-407a-b043-49c06e320521] Generating... 0 ready, 0 failed / 2 total (145s)
2026-09-05T07:00:47.522Z [28fb4fde-5eee-427c-a3d6-1be4af52b938][bb1fc585-f087-407a-b043-49c06e320521] Generating... 0 ready, 0 failed / 2 total (148s)
2026-09-05T07:00:50.535Z [28fb4fde-5eee-427c-a3d6-1be4af52b938][bb1fc585-f087-407a-b043-49c06e320521] Generating... 0 ready, 0 failed / 2 total (151s)
2026-09-05T07:00:53.552Z [28fb4fde-5eee-427c-a3d6-1be4af52b938][bb1fc585-f087-407a-b043-49c06e320521] Generating... 0 ready, 0 failed / 2 total (154s)
2026-09-05T07:00:56.573Z [28fb4fde-5eee-427c-a3d6-1be4af52b938][bb1fc585-f087-407a-b043-49c06e320521] Generating... 0 ready, 0 failed / 2 total (157s)
2026-09-05T07:00:59.589Z [28fb4fde-5eee-427c-a3d6-1be4af52b938][bb1fc585-f087-407a-b043-49c06e320521] Generating... 0 ready, 0 failed / 2 total (160s)
2026-09-05T07:01:02.613Z [28fb4fde-5eee-427c-a3d6-1be4af52b938][bb1fc585-f087-407a-b043-49c06e320521] Generating... 0 ready, 0 failed / 2 total (163s)
2026-09-05T07:01:05.627Z [28fb4fde-5eee-427c-a3d6-1be4af52b938][bb1fc585-f087-407a-b043-49c06e320521] Generating... 0 ready, 0 failed / 2 total (166s)
2026-09-05T07:01:08.653Z [28fb4fde-5eee-427c-a3d6-1be4af52b938][bb1fc585-f087-407a-b043-49c06e320521] Generating... 0 ready, 0 failed / 2 total (169s)
2026-09-05T07:01:10.864Z [7664bee8-c107-4909-bbc1-ef99947ee64d][bb1fc585-f087-407a-b043-49c06e320521] Item 1 (try 1): 1080p saved via the UI download flow.
2026-09-05T07:01:10.975Z [7664bee8-c107-4909-bbc1-ef99947ee64d][bb1fc585-f087-407a-b043-49c06e320521] Item 1: upgraded to 1080p → D:\WINAI\Slow-English-with-Arlo_7_48_cmtlc8wk\video_2026-09-05T07-00-20_01.mp4
2026-09-05T07:01:11.672Z [28fb4fde-5eee-427c-a3d6-1be4af52b938][bb1fc585-f087-407a-b043-49c06e320521] Generating... 0 ready, 0 failed / 2 total (172s)
2026-09-05T07:01:14.683Z [28fb4fde-5eee-427c-a3d6-1be4af52b938][bb1fc585-f087-407a-b043-49c06e320521] Generating... 0 ready, 0 failed / 2 total (175s)
2026-09-05T07:01:17.703Z [28fb4fde-5eee-427c-a3d6-1be4af52b938][bb1fc585-f087-407a-b043-49c06e320521] Generating... 0 ready, 0 failed / 2 total (178s)
2026-09-05T07:01:20.713Z [28fb4fde-5eee-427c-a3d6-1be4af52b938][bb1fc585-f087-407a-b043-49c06e320521] Flow attempt 1/1 failed: Workspace items did not appear after 181s. Are you logged in?
2026-09-05T07:01:20.714Z [28fb4fde-5eee-427c-a3d6-1be4af52b938][bb1fc585-f087-407a-b043-49c06e320521] runGeneration ERROR exception: Error: Workspace items did not appear after 181s. Are you logged in?
    at runGoogleFlow (C:\snapshot\sidecar\dist\sidecar.cjs:8086:11)
    at async runGeneration (C:\snapshot\sidecar\dist\sidecar.cjs:8392:11)
    at async handleCommand (C:\snapshot\sidecar\dist\sidecar.cjs:6510:7)
    at async C:\snapshot\sidecar\dist\sidecar.cjs:6426:11
2026-09-05T07:01:59.580Z [7664bee8-c107-4909-bbc1-ef99947ee64d][bb1fc585-f087-407a-b043-49c06e320521] Item 2 (try 1): 1080p saved via the UI download flow.
2026-09-05T07:01:59.665Z [7664bee8-c107-4909-bbc1-ef99947ee64d][bb1fc585-f087-407a-b043-49c06e320521] Item 2: upgraded to 1080p → D:\WINAI\Slow-English-with-Arlo_7_48_cmtlc8wk\video_2026-09-05T07-00-20_02.mp4
2026-09-05T07:01:59.666Z [7664bee8-c107-4909-bbc1-ef99947ee64d][bb1fc585-f087-407a-b043-49c06e320521] Uploading 2 video(s) to Xanh...
2026-09-05T07:02:00.367Z [7664bee8-c107-4909-bbc1-ef99947ee64d][bb1fc585-f087-407a-b043-49c06e320521] Item 2: Re-uploaded 1080p → https://studio.xanhmedia.vn/uploads/2026-09/1788591720058_2399d3_bb1fc585-f087-407a-b043-49c06e320521_766.mp4
2026-09-05T07:02:00.407Z [7664bee8-c107-4909-bbc1-ef99947ee64d][bb1fc585-f087-407a-b043-49c06e320521] Item 1: Re-uploaded 1080p → https://studio.xanhmedia.vn/uploads/2026-09/1788591720101_91a059_bb1fc585-f087-407a-b043-49c06e320521_766.mp4
2026-09-05T07:02:00.407Z [7664bee8-c107-4909-bbc1-ef99947ee64d][bb1fc585-f087-407a-b043-49c06e320521] ✅ 2 item(s) + 1080p saved to Downloads/Win AI Toolkit/
2026-09-05T07:02:00.409Z [7664bee8-c107-4909-bbc1-ef99947ee64d][bb1fc585-f087-407a-b043-49c06e320521] All done (including any 1080p upgrades). Closing Playwright browser context.
2026-09-05T07:02:02.945Z [fccc3526-d94a-4e43-9ec9-cacaf1de4eab][bb1fc585-f087-407a-b043-49c06e320521] runGeneration starting: task_id=fccc3526-d94a-4e43-9ec9-cacaf1de4eab, profile_id=bb1fc585-f087-407a-b043-49c06e320521, target_site=google_flow
2026-09-05T07:02:02.946Z [fccc3526-d94a-4e43-9ec9-cacaf1de4eab][bb1fc585-f087-407a-b043-49c06e320521] Opening Playwright browser with persistent profile cookies...
2026-09-05T07:02:02.947Z [fccc3526-d94a-4e43-9ec9-cacaf1de4eab][bb1fc585-f087-407a-b043-49c06e320521] Browser engine: winhide (C:\Users\Admin\AppData\Roaming\com.tank.winai\winhide\chrome.exe) [hidden off-screen]
2026-09-05T07:02:02.947Z [fccc3526-d94a-4e43-9ec9-cacaf1de4eab][bb1fc585-f087-407a-b043-49c06e320521] Launch mode: STEALTH (raw spawn + connectOverCDP)
2026-09-05T07:02:02.953Z [10017043-6ae0-4f75-a3d5-9fa094d86709][bb1fc585-f087-407a-b043-49c06e320521] runGeneration starting: task_id=10017043-6ae0-4f75-a3d5-9fa094d86709, profile_id=bb1fc585-f087-407a-b043-49c06e320521, target_site=google_flow
2026-09-05T07:02:02.953Z [10017043-6ae0-4f75-a3d5-9fa094d86709][bb1fc585-f087-407a-b043-49c06e320521] Opening Playwright browser with persistent profile cookies...
2026-09-05T07:02:02.954Z [10017043-6ae0-4f75-a3d5-9fa094d86709][bb1fc585-f087-407a-b043-49c06e320521] Browser engine: winhide (C:\Users\Admin\AppData\Roaming\com.tank.winai\winhide\chrome.exe) [hidden off-screen]
2026-09-05T07:02:02.954Z [10017043-6ae0-4f75-a3d5-9fa094d86709][bb1fc585-f087-407a-b043-49c06e320521] Launch mode: STEALTH (raw spawn + connectOverCDP)
2026-09-05T07:02:02.953Z [ba8fe776-3647-4e33-8a20-233588fd1999][bb1fc585-f087-407a-b043-49c06e320521] runGeneration starting: task_id=ba8fe776-3647-4e33-8a20-233588fd1999, profile_id=bb1fc585-f087-407a-b043-49c06e320521, target_site=google_flow
2026-09-05T07:02:02.954Z [ba8fe776-3647-4e33-8a20-233588fd1999][bb1fc585-f087-407a-b043-49c06e320521] Opening Playwright browser with persistent profile cookies...
2026-09-05T07:02:02.954Z [ba8fe776-3647-4e33-8a20-233588fd1999][bb1fc585-f087-407a-b043-49c06e320521] Browser engine: winhide (C:\Users\Admin\AppData\Roaming\com.tank.winai\winhide\chrome.exe) [hidden off-screen]
2026-09-05T07:02:02.955Z [ba8fe776-3647-4e33-8a20-233588fd1999][bb1fc585-f087-407a-b043-49c06e320521] Launch mode: STEALTH (raw spawn + connectOverCDP)
2026-09-05T07:02:02.957Z [0827b07f-e6b0-460e-a564-a336a282b637][bb1fc585-f087-407a-b043-49c06e320521] runGeneration starting: task_id=0827b07f-e6b0-460e-a564-a336a282b637, profile_id=bb1fc585-f087-407a-b043-49c06e320521, target_site=google_flow
2026-09-05T07:02:02.958Z [0827b07f-e6b0-460e-a564-a336a282b637][bb1fc585-f087-407a-b043-49c06e320521] Opening Playwright browser with persistent profile cookies...
2026-09-05T07:02:02.958Z [0827b07f-e6b0-460e-a564-a336a282b637][bb1fc585-f087-407a-b043-49c06e320521] Browser engine: winhide (C:\Users\Admin\AppData\Roaming\com.tank.winai\winhide\chrome.exe) [hidden off-screen]
2026-09-05T07:02:02.958Z [0827b07f-e6b0-460e-a564-a336a282b637][bb1fc585-f087-407a-b043-49c06e320521] Launch mode: STEALTH (raw spawn + connectOverCDP)
2026-09-05T07:02:05.615Z [ba8fe776-3647-4e33-8a20-233588fd1999][bb1fc585-f087-407a-b043-49c06e320521] Exit IP: 115.74.128.9
2026-09-05T07:02:05.616Z [ba8fe776-3647-4e33-8a20-233588fd1999][bb1fc585-f087-407a-b043-49c06e320521] Navigating browser to Google Flow tools page...
2026-09-05T07:02:05.616Z [ba8fe776-3647-4e33-8a20-233588fd1999][bb1fc585-f087-407a-b043-49c06e320521] Using existing project URL: https://flow.google.com/project/c2a607c5-d833-4be1-8108-407b74d4ed85?hl=en
2026-09-05T07:02:05.709Z [10017043-6ae0-4f75-a3d5-9fa094d86709][bb1fc585-f087-407a-b043-49c06e320521] Exit IP: 115.74.128.9
2026-09-05T07:02:05.709Z [10017043-6ae0-4f75-a3d5-9fa094d86709][bb1fc585-f087-407a-b043-49c06e320521] Navigating browser to Google Flow tools page...
2026-09-05T07:02:05.710Z [10017043-6ae0-4f75-a3d5-9fa094d86709][bb1fc585-f087-407a-b043-49c06e320521] Using existing project URL: https://flow.google.com/project/cae2bf2b-d1b8-40f9-a300-9f2aa6276ea5?hl=en
2026-09-05T07:02:05.930Z [0827b07f-e6b0-460e-a564-a336a282b637][bb1fc585-f087-407a-b043-49c06e320521] Exit IP: 115.74.128.9
2026-09-05T07:02:05.930Z [0827b07f-e6b0-460e-a564-a336a282b637][bb1fc585-f087-407a-b043-49c06e320521] Navigating browser to Google Flow tools page...
2026-09-05T07:02:05.931Z [0827b07f-e6b0-460e-a564-a336a282b637][bb1fc585-f087-407a-b043-49c06e320521] Using existing project URL: https://flow.google.com/project/cd81a7d3-c989-419e-891a-f8694174cb85?hl=en
2026-09-05T07:02:05.935Z [fccc3526-d94a-4e43-9ec9-cacaf1de4eab][bb1fc585-f087-407a-b043-49c06e320521] Exit IP: 115.74.128.9
2026-09-05T07:02:05.935Z [fccc3526-d94a-4e43-9ec9-cacaf1de4eab][bb1fc585-f087-407a-b043-49c06e320521] Navigating browser to Google Flow tools page...
2026-09-05T07:02:05.936Z [fccc3526-d94a-4e43-9ec9-cacaf1de4eab][bb1fc585-f087-407a-b043-49c06e320521] Using existing project URL: https://flow.google.com/project/33ca2cc2-c9ff-4bb6-9048-2a7af1dfcfee?hl=en
2026-09-05T07:02:06.604Z [ba8fe776-3647-4e33-8a20-233588fd1999][bb1fc585-f087-407a-b043-49c06e320521] Waiting for Google Flow...
2026-09-05T07:02:06.706Z [10017043-6ae0-4f75-a3d5-9fa094d86709][bb1fc585-f087-407a-b043-49c06e320521] Waiting for Google Flow...
2026-09-05T07:02:06.825Z [0827b07f-e6b0-460e-a564-a336a282b637][bb1fc585-f087-407a-b043-49c06e320521] Waiting for Google Flow...
2026-09-05T07:02:07.009Z [fccc3526-d94a-4e43-9ec9-cacaf1de4eab][bb1fc585-f087-407a-b043-49c06e320521] Waiting for Google Flow...
2026-09-05T07:02:08.547Z [0827b07f-e6b0-460e-a564-a336a282b637][bb1fc585-f087-407a-b043-49c06e320521] In existing project ✓
2026-09-05T07:02:08.710Z [ba8fe776-3647-4e33-8a20-233588fd1999][bb1fc585-f087-407a-b043-49c06e320521] In existing project ✓
2026-09-05T07:02:08.881Z [10017043-6ae0-4f75-a3d5-9fa094d86709][bb1fc585-f087-407a-b043-49c06e320521] In existing project ✓
2026-09-05T07:02:09.281Z [fccc3526-d94a-4e43-9ec9-cacaf1de4eab][bb1fc585-f087-407a-b043-49c06e320521] In existing project ✓
2026-09-05T07:02:09.750Z [ba8fe776-3647-4e33-8a20-233588fd1999][bb1fc585-f087-407a-b043-49c06e320521] dismissPopups: unresolved overlay(s) ["IFRAME[presentation]|btns="]
2026-09-05T07:02:09.750Z [0827b07f-e6b0-460e-a564-a336a282b637][bb1fc585-f087-407a-b043-49c06e320521] dismissPopups: unresolved overlay(s) ["IFRAME[presentation]|btns="]
2026-09-05T07:02:10.061Z [10017043-6ae0-4f75-a3d5-9fa094d86709][bb1fc585-f087-407a-b043-49c06e320521] dismissPopups: unresolved overlay(s) ["IFRAME[presentation]|btns="]
2026-09-05T07:02:10.389Z [fccc3526-d94a-4e43-9ec9-cacaf1de4eab][bb1fc585-f087-407a-b043-49c06e320521] dismissPopups: unresolved overlay(s) ["IFRAME[presentation]|btns="]
2026-09-05T07:02:12.747Z [fccc3526-d94a-4e43-9ec9-cacaf1de4eab][bb1fc585-f087-407a-b043-49c06e320521] Composer ready ✓ (UI language: en)
2026-09-05T07:02:12.877Z [fccc3526-d94a-4e43-9ec9-cacaf1de4eab][bb1fc585-f087-407a-b043-49c06e320521] dismissPopups: unresolved overlay(s) ["DIV[]|btns=","DIV[]|btns="]
2026-09-05T07:02:12.920Z [fccc3526-d94a-4e43-9ec9-cacaf1de4eab][bb1fc585-f087-407a-b043-49c06e320521] Agent toggle aria-pressed=false
2026-09-05T07:02:12.920Z [fccc3526-d94a-4e43-9ec9-cacaf1de4eab][bb1fc585-f087-407a-b043-49c06e320521] Opening settings...
2026-09-05T07:02:13.774Z [10017043-6ae0-4f75-a3d5-9fa094d86709][bb1fc585-f087-407a-b043-49c06e320521] Composer ready ✓ (UI language: en)
2026-09-05T07:02:13.896Z [10017043-6ae0-4f75-a3d5-9fa094d86709][bb1fc585-f087-407a-b043-49c06e320521] dismissPopups: unresolved overlay(s) ["DIV[]|btns=","DIV[]|btns="]
2026-09-05T07:02:14.047Z [10017043-6ae0-4f75-a3d5-9fa094d86709][bb1fc585-f087-407a-b043-49c06e320521] Agent toggle aria-pressed=false
2026-09-05T07:02:14.048Z [10017043-6ae0-4f75-a3d5-9fa094d86709][bb1fc585-f087-407a-b043-49c06e320521] Opening settings...
2026-09-05T07:02:14.558Z [ba8fe776-3647-4e33-8a20-233588fd1999][bb1fc585-f087-407a-b043-49c06e320521] Composer ready ✓ (UI language: en)
2026-09-05T07:02:14.603Z [ba8fe776-3647-4e33-8a20-233588fd1999][bb1fc585-f087-407a-b043-49c06e320521] dismissPopups: unresolved overlay(s) ["DIV[]|btns=","DIV[]|btns="]
2026-09-05T07:02:14.634Z [ba8fe776-3647-4e33-8a20-233588fd1999][bb1fc585-f087-407a-b043-49c06e320521] Agent toggle aria-pressed=false
2026-09-05T07:02:14.635Z [ba8fe776-3647-4e33-8a20-233588fd1999][bb1fc585-f087-407a-b043-49c06e320521] Opening settings...
2026-09-05T07:02:15.356Z [0827b07f-e6b0-460e-a564-a336a282b637][bb1fc585-f087-407a-b043-49c06e320521] Composer ready ✓ (UI language: en)
2026-09-05T07:02:15.373Z [0827b07f-e6b0-460e-a564-a336a282b637][bb1fc585-f087-407a-b043-49c06e320521] dismissPopups: unresolved overlay(s) ["DIV[]|btns=","DIV[]|btns="]
2026-09-05T07:02:15.397Z [0827b07f-e6b0-460e-a564-a336a282b637][bb1fc585-f087-407a-b043-49c06e320521] Agent toggle aria-pressed=false
2026-09-05T07:02:15.397Z [0827b07f-e6b0-460e-a564-a336a282b637][bb1fc585-f087-407a-b043-49c06e320521] Opening settings...
2026-09-05T07:02:15.656Z [fccc3526-d94a-4e43-9ec9-cacaf1de4eab][bb1fc585-f087-407a-b043-49c06e320521] Configuring video settings...
2026-09-05T07:02:15.691Z [fccc3526-d94a-4e43-9ec9-cacaf1de4eab][bb1fc585-f087-407a-b043-49c06e320521] Mode: "videocam Video" already selected ✓
2026-09-05T07:02:15.965Z [10017043-6ae0-4f75-a3d5-9fa094d86709][bb1fc585-f087-407a-b043-49c06e320521] Configuring video settings...
2026-09-05T07:02:15.987Z [10017043-6ae0-4f75-a3d5-9fa094d86709][bb1fc585-f087-407a-b043-49c06e320521] Mode: "videocam Video" already selected ✓
2026-09-05T07:02:16.630Z [ba8fe776-3647-4e33-8a20-233588fd1999][bb1fc585-f087-407a-b043-49c06e320521] Configuring video settings...
2026-09-05T07:02:16.655Z [ba8fe776-3647-4e33-8a20-233588fd1999][bb1fc585-f087-407a-b043-49c06e320521] Mode: "videocam Video" already selected ✓
2026-09-05T07:02:17.513Z [0827b07f-e6b0-460e-a564-a336a282b637][bb1fc585-f087-407a-b043-49c06e320521] Configuring video settings...
2026-09-05T07:02:17.536Z [0827b07f-e6b0-460e-a564-a336a282b637][bb1fc585-f087-407a-b043-49c06e320521] Mode: "videocam Video" already selected ✓
2026-09-05T07:02:18.278Z [fccc3526-d94a-4e43-9ec9-cacaf1de4eab][bb1fc585-f087-407a-b043-49c06e320521] Video type: selected "crop_free Frames" ✓
2026-09-05T07:02:18.842Z [10017043-6ae0-4f75-a3d5-9fa094d86709][bb1fc585-f087-407a-b043-49c06e320521] Video type: selected "crop_free Frames" ✓
2026-09-05T07:02:19.110Z [ba8fe776-3647-4e33-8a20-233588fd1999][bb1fc585-f087-407a-b043-49c06e320521] Video type: selected "crop_free Frames" ✓
2026-09-05T07:02:19.760Z [0827b07f-e6b0-460e-a564-a336a282b637][bb1fc585-f087-407a-b043-49c06e320521] Video type: selected "crop_free Frames" ✓
2026-09-05T07:02:22.722Z [10017043-6ae0-4f75-a3d5-9fa094d86709][bb1fc585-f087-407a-b043-49c06e320521] Model: selected "Veo 3.1 - Lite [Lower Priority]" ✓
2026-09-05T07:02:23.543Z [fccc3526-d94a-4e43-9ec9-cacaf1de4eab][bb1fc585-f087-407a-b043-49c06e320521] Model: selected "Veo 3.1 - Lite [Lower Priority]" ✓
2026-09-05T07:02:23.625Z [10017043-6ae0-4f75-a3d5-9fa094d86709][bb1fc585-f087-407a-b043-49c06e320521] Aspect ratio: "crop_16_9 16:9" already selected ✓
2026-09-05T07:02:23.630Z [10017043-6ae0-4f75-a3d5-9fa094d86709][bb1fc585-f087-407a-b043-49c06e320521] Video resolution: toggle group "Video resolution" not present (model may not offer it) — skipped.
2026-09-05T07:02:23.656Z [10017043-6ae0-4f75-a3d5-9fa094d86709][bb1fc585-f087-407a-b043-49c06e320521] Duration: "8s" already selected ✓
2026-09-05T07:02:23.676Z [10017043-6ae0-4f75-a3d5-9fa094d86709][bb1fc585-f087-407a-b043-49c06e320521] Output count: "x2" already selected ✓
2026-09-05T07:02:24.217Z [fccc3526-d94a-4e43-9ec9-cacaf1de4eab][bb1fc585-f087-407a-b043-49c06e320521] Aspect ratio: "crop_16_9 16:9" already selected ✓
2026-09-05T07:02:24.221Z [fccc3526-d94a-4e43-9ec9-cacaf1de4eab][bb1fc585-f087-407a-b043-49c06e320521] Video resolution: toggle group "Video resolution" not present (model may not offer it) — skipped.
2026-09-05T07:02:24.252Z [fccc3526-d94a-4e43-9ec9-cacaf1de4eab][bb1fc585-f087-407a-b043-49c06e320521] Duration: "8s" already selected ✓
2026-09-05T07:02:24.273Z [fccc3526-d94a-4e43-9ec9-cacaf1de4eab][bb1fc585-f087-407a-b043-49c06e320521] Output count: "x2" already selected ✓
2026-09-05T07:02:24.308Z [0827b07f-e6b0-460e-a564-a336a282b637][bb1fc585-f087-407a-b043-49c06e320521] Model: selected "Veo 3.1 - Lite [Lower Priority]" ✓
2026-09-05T07:02:24.370Z [ba8fe776-3647-4e33-8a20-233588fd1999][bb1fc585-f087-407a-b043-49c06e320521] Model: selected "Veo 3.1 - Lite [Lower Priority]" ✓
2026-09-05T07:02:24.686Z [10017043-6ae0-4f75-a3d5-9fa094d86709][bb1fc585-f087-407a-b043-49c06e320521] Start keyframe: downloading from URL...
2026-09-05T07:02:24.879Z [10017043-6ae0-4f75-a3d5-9fa094d86709][bb1fc585-f087-407a-b043-49c06e320521] Downloader: no-proxy request context ready.
2026-09-05T07:02:25.190Z [10017043-6ae0-4f75-a3d5-9fa094d86709][bb1fc585-f087-407a-b043-49c06e320521] Start keyframe: saved 137497 bytes (image/png) as "1788443538155_963e96_60f7c834-1526-409d-b017-21db20795e19_9a4.png"
2026-09-05T07:02:25.194Z [ba8fe776-3647-4e33-8a20-233588fd1999][bb1fc585-f087-407a-b043-49c06e320521] Aspect ratio: "crop_16_9 16:9" already selected ✓
2026-09-05T07:02:25.199Z [ba8fe776-3647-4e33-8a20-233588fd1999][bb1fc585-f087-407a-b043-49c06e320521] Video resolution: toggle group "Video resolution" not present (model may not offer it) — skipped.
2026-09-05T07:02:25.221Z [10017043-6ae0-4f75-a3d5-9fa094d86709][bb1fc585-f087-407a-b043-49c06e320521] Start keyframe: setting start keyframe...
2026-09-05T07:02:25.241Z [ba8fe776-3647-4e33-8a20-233588fd1999][bb1fc585-f087-407a-b043-49c06e320521] Duration: "8s" already selected ✓
2026-09-05T07:02:25.268Z [ba8fe776-3647-4e33-8a20-233588fd1999][bb1fc585-f087-407a-b043-49c06e320521] Output count: "x2" already selected ✓
2026-09-05T07:02:25.275Z [0827b07f-e6b0-460e-a564-a336a282b637][bb1fc585-f087-407a-b043-49c06e320521] Aspect ratio: "crop_16_9 16:9" already selected ✓
2026-09-05T07:02:25.281Z [0827b07f-e6b0-460e-a564-a336a282b637][bb1fc585-f087-407a-b043-49c06e320521] Video resolution: toggle group "Video resolution" not present (model may not offer it) — skipped.
2026-09-05T07:02:25.314Z [0827b07f-e6b0-460e-a564-a336a282b637][bb1fc585-f087-407a-b043-49c06e320521] Duration: "8s" already selected ✓
2026-09-05T07:02:25.340Z [0827b07f-e6b0-460e-a564-a336a282b637][bb1fc585-f087-407a-b043-49c06e320521] Output count: "x2" already selected ✓
2026-09-05T07:02:25.606Z [fccc3526-d94a-4e43-9ec9-cacaf1de4eab][bb1fc585-f087-407a-b043-49c06e320521] Start keyframe: downloading from URL...
2026-09-05T07:02:25.800Z [fccc3526-d94a-4e43-9ec9-cacaf1de4eab][bb1fc585-f087-407a-b043-49c06e320521] Downloader: no-proxy request context ready.
2026-09-05T07:02:26.083Z [fccc3526-d94a-4e43-9ec9-cacaf1de4eab][bb1fc585-f087-407a-b043-49c06e320521] Start keyframe: saved 139278 bytes (image/png) as "1788441798183_aefd2b_60f7c834-1526-409d-b017-21db20795e19_adf.png"
2026-09-05T07:02:26.107Z [fccc3526-d94a-4e43-9ec9-cacaf1de4eab][bb1fc585-f087-407a-b043-49c06e320521] Start keyframe: setting start keyframe...
2026-09-05T07:02:26.150Z [ba8fe776-3647-4e33-8a20-233588fd1999][bb1fc585-f087-407a-b043-49c06e320521] Start keyframe: downloading from URL...
2026-09-05T07:02:26.361Z [0827b07f-e6b0-460e-a564-a336a282b637][bb1fc585-f087-407a-b043-49c06e320521] Start keyframe: downloading from URL...
2026-09-05T07:02:26.428Z [ba8fe776-3647-4e33-8a20-233588fd1999][bb1fc585-f087-407a-b043-49c06e320521] Downloader: no-proxy request context ready.
2026-09-05T07:02:26.745Z [0827b07f-e6b0-460e-a564-a336a282b637][bb1fc585-f087-407a-b043-49c06e320521] Downloader: no-proxy request context ready.
2026-09-05T07:02:26.794Z [ba8fe776-3647-4e33-8a20-233588fd1999][bb1fc585-f087-407a-b043-49c06e320521] Start keyframe: saved 119227 bytes (image/png) as "1788443124403_b8b565_60f7c834-1526-409d-b017-21db20795e19_cb1.png"
2026-09-05T07:02:26.874Z [ba8fe776-3647-4e33-8a20-233588fd1999][bb1fc585-f087-407a-b043-49c06e320521] Start keyframe: setting start keyframe...
2026-09-05T07:02:27.056Z [0827b07f-e6b0-460e-a564-a336a282b637][bb1fc585-f087-407a-b043-49c06e320521] Start keyframe: saved 140441 bytes (image/png) as "1788443436286_87f221_60f7c834-1526-409d-b017-21db20795e19_854.png"
2026-09-05T07:02:27.085Z [0827b07f-e6b0-460e-a564-a336a282b637][bb1fc585-f087-407a-b043-49c06e320521] Start keyframe: setting start keyframe...
2026-09-05T07:02:27.431Z [10017043-6ae0-4f75-a3d5-9fa094d86709][bb1fc585-f087-407a-b043-49c06e320521] Start keyframe: "1788443538155_963e96_60f7c834-1526-409d-b017-21db20795e19_9a4.png" not in the library yet — uploading it first.
2026-09-05T07:02:28.483Z [fccc3526-d94a-4e43-9ec9-cacaf1de4eab][bb1fc585-f087-407a-b043-49c06e320521] Start keyframe: "1788441798183_aefd2b_60f7c834-1526-409d-b017-21db20795e19_adf.png" not in the library yet — uploading it first.
2026-09-05T07:02:29.264Z [0827b07f-e6b0-460e-a564-a336a282b637][bb1fc585-f087-407a-b043-49c06e320521] Start keyframe: "1788443436286_87f221_60f7c834-1526-409d-b017-21db20795e19_854.png" not in the library yet — uploading it first.
2026-09-05T07:02:29.474Z [ba8fe776-3647-4e33-8a20-233588fd1999][bb1fc585-f087-407a-b043-49c06e320521] Start keyframe: "1788443124403_b8b565_60f7c834-1526-409d-b017-21db20795e19_cb1.png" not in the library yet — uploading it first.
2026-09-05T07:02:31.131Z [10017043-6ae0-4f75-a3d5-9fa094d86709][bb1fc585-f087-407a-b043-49c06e320521] Start keyframe: uploading "1788443538155_963e96_60f7c834-1526-409d-b017-21db20795e19_9a4.png" to the project library...
2026-09-05T07:02:32.237Z [10017043-6ae0-4f75-a3d5-9fa094d86709][bb1fc585-f087-407a-b043-49c06e320521] Start keyframe: upload finished ✓
2026-09-05T07:02:32.396Z [fccc3526-d94a-4e43-9ec9-cacaf1de4eab][bb1fc585-f087-407a-b043-49c06e320521] Start keyframe: uploading "1788441798183_aefd2b_60f7c834-1526-409d-b017-21db20795e19_adf.png" to the project library...
2026-09-05T07:02:33.131Z [ba8fe776-3647-4e33-8a20-233588fd1999][bb1fc585-f087-407a-b043-49c06e320521] Start keyframe: uploading "1788443124403_b8b565_60f7c834-1526-409d-b017-21db20795e19_cb1.png" to the project library...
2026-09-05T07:02:33.466Z [fccc3526-d94a-4e43-9ec9-cacaf1de4eab][bb1fc585-f087-407a-b043-49c06e320521] Start keyframe: upload finished ✓
2026-09-05T07:02:33.732Z [0827b07f-e6b0-460e-a564-a336a282b637][bb1fc585-f087-407a-b043-49c06e320521] Start keyframe: uploading "1788443436286_87f221_60f7c834-1526-409d-b017-21db20795e19_854.png" to the project library...
2026-09-05T07:02:34.330Z [ba8fe776-3647-4e33-8a20-233588fd1999][bb1fc585-f087-407a-b043-49c06e320521] Start keyframe: upload finished ✓
2026-09-05T07:02:34.901Z [0827b07f-e6b0-460e-a564-a336a282b637][bb1fc585-f087-407a-b043-49c06e320521] Start keyframe: upload finished ✓
2026-09-05T07:02:41.124Z [10017043-6ae0-4f75-a3d5-9fa094d86709][bb1fc585-f087-407a-b043-49c06e320521] Start keyframe: start keyframe attached ✓
2026-09-05T07:02:41.139Z [10017043-6ae0-4f75-a3d5-9fa094d86709][bb1fc585-f087-407a-b043-49c06e320521] Entering prompt...
2026-09-05T07:02:42.818Z [10017043-6ae0-4f75-a3d5-9fa094d86709][bb1fc585-f087-407a-b043-49c06e320521] Prompt is 1353 chars — typing it in 22 chunk(s).
2026-09-05T07:02:43.104Z [fccc3526-d94a-4e43-9ec9-cacaf1de4eab][bb1fc585-f087-407a-b043-49c06e320521] Start keyframe: start keyframe attached ✓
2026-09-05T07:02:43.120Z [fccc3526-d94a-4e43-9ec9-cacaf1de4eab][bb1fc585-f087-407a-b043-49c06e320521] Entering prompt...
2026-09-05T07:02:43.674Z [ba8fe776-3647-4e33-8a20-233588fd1999][bb1fc585-f087-407a-b043-49c06e320521] Start keyframe: start keyframe attached ✓
2026-09-05T07:02:43.688Z [ba8fe776-3647-4e33-8a20-233588fd1999][bb1fc585-f087-407a-b043-49c06e320521] Entering prompt...
2026-09-05T07:02:44.589Z [0827b07f-e6b0-460e-a564-a336a282b637][bb1fc585-f087-407a-b043-49c06e320521] Start keyframe: start keyframe attached ✓
2026-09-05T07:02:44.604Z [0827b07f-e6b0-460e-a564-a336a282b637][bb1fc585-f087-407a-b043-49c06e320521] Entering prompt...
2026-09-05T07:02:45.263Z [fccc3526-d94a-4e43-9ec9-cacaf1de4eab][bb1fc585-f087-407a-b043-49c06e320521] Prompt is 1015 chars — typing it in 20 chunk(s).
2026-09-05T07:02:45.485Z [ba8fe776-3647-4e33-8a20-233588fd1999][bb1fc585-f087-407a-b043-49c06e320521] Prompt is 982 chars — typing it in 20 chunk(s).
2026-09-05T07:02:46.451Z [0827b07f-e6b0-460e-a564-a336a282b637][bb1fc585-f087-407a-b043-49c06e320521] Prompt is 964 chars — typing it in 19 chunk(s).
2026-09-05T07:02:52.347Z [10017043-6ae0-4f75-a3d5-9fa094d86709][bb1fc585-f087-407a-b043-49c06e320521] Prompt insert attempt 1: editor has 1301 chars (want ~1349) ✓
2026-09-05T07:02:54.334Z [10017043-6ae0-4f75-a3d5-9fa094d86709][bb1fc585-f087-407a-b043-49c06e320521] Baseline: 49 pre-existing media tile(s) of 49 mounted (kinds: image,video,video,image,video,image,video,video,image,video,video,image,video,video,image,video,video,image,video,video,image,video,image,video,video,image,video,video,image,video,video,image,video,video,image,video,video,image,video,video,image,image,image,video,video,image,video,video,image).
2026-09-05T07:02:54.439Z [ba8fe776-3647-4e33-8a20-233588fd1999][bb1fc585-f087-407a-b043-49c06e320521] Prompt insert attempt 1: editor has 973 chars (want ~978) ✓
2026-09-05T07:02:54.474Z [0827b07f-e6b0-460e-a564-a336a282b637][bb1fc585-f087-407a-b043-49c06e320521] Prompt insert attempt 1: editor has 953 chars (want ~960) ✓
2026-09-05T07:02:55.037Z [fccc3526-d94a-4e43-9ec9-cacaf1de4eab][bb1fc585-f087-407a-b043-49c06e320521] Prompt insert attempt 1: editor has 1006 chars (want ~1011) ✓
2026-09-05T07:02:56.312Z [ba8fe776-3647-4e33-8a20-233588fd1999][bb1fc585-f087-407a-b043-49c06e320521] Baseline: 50 pre-existing media tile(s) of 50 mounted (kinds: image,video,video,image,video,video,image,video,video,video,image,video,video,image,video,video,image,video,video,video,image,video,video,image,video,video,image,video,video,image,image,video,video,image,video,image,video,video,image,video,video,image,video,video,image,video,video,image,video,image).
2026-09-05T07:02:56.366Z [0827b07f-e6b0-460e-a564-a336a282b637][bb1fc585-f087-407a-b043-49c06e320521] Baseline: 50 pre-existing media tile(s) of 50 mounted (kinds: image,video,video,video,video,video,video,image,video,video,image,video,video,image,video,video,image,video,video,image,video,video,image,video,video,image,video,video,image,video,video,image,video,image,video,video,image,video,video,image,video,video,image,video,image,video,video,image,video,video).
2026-09-05T07:02:56.542Z [10017043-6ae0-4f75-a3d5-9fa094d86709][bb1fc585-f087-407a-b043-49c06e320521] [submit] confirmed (editor "What do you want to ", fresh tile=true).
2026-09-05T07:02:56.791Z [fccc3526-d94a-4e43-9ec9-cacaf1de4eab][bb1fc585-f087-407a-b043-49c06e320521] Baseline: 48 pre-existing media tile(s) of 48 mounted (kinds: image,image,video,video,image,video,video,image,video,video,video,video,video,image,video,video,image,video,video,image,video,video,image,image,video,video,image,video,video,image,video,video,image,video,video,image,video,video,image,video,image,video,video,image,video,video,image,video).
2026-09-05T07:02:57.018Z [10017043-6ae0-4f75-a3d5-9fa094d86709][bb1fc585-f087-407a-b043-49c06e320521] Current Workspace project URL: https://flow.google.com/project/cae2bf2b-d1b8-40f9-a300-9f2aa6276ea5?hl=en
2026-09-05T07:02:57.018Z [10017043-6ae0-4f75-a3d5-9fa094d86709][bb1fc585-f087-407a-b043-49c06e320521] Submitted ✓ Detecting batch size...
2026-09-05T07:02:57.029Z [10017043-6ae0-4f75-a3d5-9fa094d86709][bb1fc585-f087-407a-b043-49c06e320521] New tile(s) since submit: 0 → 2 (mounted=49)
2026-09-05T07:02:58.138Z [ba8fe776-3647-4e33-8a20-233588fd1999][bb1fc585-f087-407a-b043-49c06e320521] [submit] confirmed (editor "What do you want to ", fresh tile=true).
2026-09-05T07:02:58.589Z [ba8fe776-3647-4e33-8a20-233588fd1999][bb1fc585-f087-407a-b043-49c06e320521] Current Workspace project URL: https://flow.google.com/project/c2a607c5-d833-4be1-8108-407b74d4ed85?hl=en
2026-09-05T07:02:58.590Z [ba8fe776-3647-4e33-8a20-233588fd1999][bb1fc585-f087-407a-b043-49c06e320521] Submitted ✓ Detecting batch size...
2026-09-05T07:02:58.618Z [ba8fe776-3647-4e33-8a20-233588fd1999][bb1fc585-f087-407a-b043-49c06e320521] New tile(s) since submit: 0 → 2 (mounted=50)
2026-09-05T07:02:58.739Z [0827b07f-e6b0-460e-a564-a336a282b637][bb1fc585-f087-407a-b043-49c06e320521] [submit] confirmed (editor "What do you want to ", fresh tile=true).
2026-09-05T07:02:58.911Z [fccc3526-d94a-4e43-9ec9-cacaf1de4eab][bb1fc585-f087-407a-b043-49c06e320521] [submit] confirmed (editor "What do you want to ", fresh tile=true).
2026-09-05T07:02:59.475Z [0827b07f-e6b0-460e-a564-a336a282b637][bb1fc585-f087-407a-b043-49c06e320521] Current Workspace project URL: https://flow.google.com/project/cd81a7d3-c989-419e-891a-f8694174cb85?hl=en
2026-09-05T07:02:59.476Z [0827b07f-e6b0-460e-a564-a336a282b637][bb1fc585-f087-407a-b043-49c06e320521] Submitted ✓ Detecting batch size...
2026-09-05T07:02:59.492Z [0827b07f-e6b0-460e-a564-a336a282b637][bb1fc585-f087-407a-b043-49c06e320521] New tile(s) since submit: 0 → 2 (mounted=50)
2026-09-05T07:02:59.543Z [fccc3526-d94a-4e43-9ec9-cacaf1de4eab][bb1fc585-f087-407a-b043-49c06e320521] Current Workspace project URL: https://flow.google.com/project/33ca2cc2-c9ff-4bb6-9048-2a7af1dfcfee?hl=en
2026-09-05T07:02:59.544Z [fccc3526-d94a-4e43-9ec9-cacaf1de4eab][bb1fc585-f087-407a-b043-49c06e320521] Submitted ✓ Detecting batch size...
2026-09-05T07:02:59.558Z [fccc3526-d94a-4e43-9ec9-cacaf1de4eab][bb1fc585-f087-407a-b043-49c06e320521] New tile(s) since submit: 0 → 2 (mounted=50)
2026-09-05T07:03:01.205Z [10017043-6ae0-4f75-a3d5-9fa094d86709][bb1fc585-f087-407a-b043-49c06e320521] Batch size stabilised at 2 new tile(s)
2026-09-05T07:03:01.206Z [10017043-6ae0-4f75-a3d5-9fa094d86709][bb1fc585-f087-407a-b043-49c06e320521] Batch detected: 2 item(s). Generating...
2026-09-05T07:03:01.206Z [10017043-6ae0-4f75-a3d5-9fa094d86709][bb1fc585-f087-407a-b043-49c06e320521] Polling for 2 video item(s) (baseline=49, hasUpload=true)...
2026-09-05T07:03:01.222Z [10017043-6ae0-4f75-a3d5-9fa094d86709][bb1fc585-f087-407a-b043-49c06e320521] Generating... 0 ready, 0 failed / 2 total (0s) play_circle [HÀNH ĐỘ play_circle [HÀNH ĐỘ
2026-09-05T07:03:02.771Z [ba8fe776-3647-4e33-8a20-233588fd1999][bb1fc585-f087-407a-b043-49c06e320521] Batch size stabilised at 2 new tile(s)
2026-09-05T07:03:02.771Z [ba8fe776-3647-4e33-8a20-233588fd1999][bb1fc585-f087-407a-b043-49c06e320521] Batch detected: 2 item(s). Generating...
2026-09-05T07:03:02.772Z [ba8fe776-3647-4e33-8a20-233588fd1999][bb1fc585-f087-407a-b043-49c06e320521] Polling for 2 video item(s) (baseline=50, hasUpload=true)...
2026-09-05T07:03:02.787Z [ba8fe776-3647-4e33-8a20-233588fd1999][bb1fc585-f087-407a-b043-49c06e320521] Generating... 0 ready, 0 failed / 2 total (0s) play_circle [HÀNH ĐỘ play_circle [HÀNH ĐỘ
2026-09-05T07:03:03.656Z [0827b07f-e6b0-460e-a564-a336a282b637][bb1fc585-f087-407a-b043-49c06e320521] Batch size stabilised at 2 new tile(s)
2026-09-05T07:03:03.656Z [0827b07f-e6b0-460e-a564-a336a282b637][bb1fc585-f087-407a-b043-49c06e320521] Batch detected: 2 item(s). Generating...
2026-09-05T07:03:03.657Z [0827b07f-e6b0-460e-a564-a336a282b637][bb1fc585-f087-407a-b043-49c06e320521] Polling for 2 video item(s) (baseline=50, hasUpload=true)...
2026-09-05T07:03:03.669Z [0827b07f-e6b0-460e-a564-a336a282b637][bb1fc585-f087-407a-b043-49c06e320521] Generating... 0 ready, 0 failed / 2 total (0s) play_circle [HÀNH ĐỘ play_circle [HÀNH ĐỘ
2026-09-05T07:03:03.724Z [fccc3526-d94a-4e43-9ec9-cacaf1de4eab][bb1fc585-f087-407a-b043-49c06e320521] Batch size stabilised at 2 new tile(s)
2026-09-05T07:03:03.724Z [fccc3526-d94a-4e43-9ec9-cacaf1de4eab][bb1fc585-f087-407a-b043-49c06e320521] Batch detected: 2 item(s). Generating...
2026-09-05T07:03:03.725Z [fccc3526-d94a-4e43-9ec9-cacaf1de4eab][bb1fc585-f087-407a-b043-49c06e320521] Polling for 2 video item(s) (baseline=48, hasUpload=true)...
2026-09-05T07:03:03.739Z [fccc3526-d94a-4e43-9ec9-cacaf1de4eab][bb1fc585-f087-407a-b043-49c06e320521] Generating... 0 ready, 0 failed / 2 total (0s) play_circle [HÀNH ĐỘ play_circle [HÀNH ĐỘ
2026-09-05T07:03:04.242Z [10017043-6ae0-4f75-a3d5-9fa094d86709][bb1fc585-f087-407a-b043-49c06e320521] Generating... 0 ready, 0 failed / 2 total (3s) play_circle [HÀNH ĐỘ play_circle [HÀNH ĐỘ
2026-09-05T07:03:05.807Z [ba8fe776-3647-4e33-8a20-233588fd1999][bb1fc585-f087-407a-b043-49c06e320521] Generating... 0 ready, 0 failed / 2 total (3s) play_circle [HÀNH ĐỘ play_circle [HÀNH ĐỘ
2026-09-05T07:03:06.693Z [0827b07f-e6b0-460e-a564-a336a282b637][bb1fc585-f087-407a-b043-49c06e320521] Generating... 0 ready, 0 failed / 2 total (3s) play_circle [HÀNH ĐỘ play_circle [HÀNH ĐỘ
2026-09-05T07:03:06.757Z [fccc3526-d94a-4e43-9ec9-cacaf1de4eab][bb1fc585-f087-407a-b043-49c06e320521] Generating... 0 ready, 0 failed / 2 total (3s) play_circle [HÀNH ĐỘ play_circle [HÀNH ĐỘ
2026-09-05T07:03:07.264Z [10017043-6ae0-4f75-a3d5-9fa094d86709][bb1fc585-f087-407a-b043-49c06e320521] Generating... 0 ready, 0 failed / 2 total (6s) play_circle 0% [HÀNH play_circle 0% [HÀNH
2026-09-05T07:03:08.826Z [ba8fe776-3647-4e33-8a20-233588fd1999][bb1fc585-f087-407a-b043-49c06e320521] Generating... 0 ready, 0 failed / 2 total (6s) play_circle [HÀNH ĐỘ play_circle [HÀNH ĐỘ
2026-09-05T07:03:09.715Z [0827b07f-e6b0-460e-a564-a336a282b637][bb1fc585-f087-407a-b043-49c06e320521] Generating... 0 ready, 0 failed / 2 total (6s) play_circle 0% [HÀNH play_circle 0% [HÀNH
2026-09-05T07:03:09.778Z [fccc3526-d94a-4e43-9ec9-cacaf1de4eab][bb1fc585-f087-407a-b043-49c06e320521] Generating... 0 ready, 0 failed / 2 total (6s) play_circle [HÀNH ĐỘ play_circle [HÀNH ĐỘ
2026-09-05T07:03:10.287Z [10017043-6ae0-4f75-a3d5-9fa094d86709][bb1fc585-f087-407a-b043-49c06e320521] Generating... 0 ready, 0 failed / 2 total (9s) play_circle 4% [HÀNH play_circle 4% [HÀNH
2026-09-05T07:03:11.847Z [ba8fe776-3647-4e33-8a20-233588fd1999][bb1fc585-f087-407a-b043-49c06e320521] Generating... 0 ready, 0 failed / 2 total (9s) play_circle 0% [HÀNH play_circle 0% [HÀNH
2026-09-05T07:03:12.735Z [0827b07f-e6b0-460e-a564-a336a282b637][bb1fc585-f087-407a-b043-49c06e320521] Generating... 0 ready, 0 failed / 2 total (9s) play_circle 3% [HÀNH play_circle 3% [HÀNH
2026-09-05T07:03:12.797Z [fccc3526-d94a-4e43-9ec9-cacaf1de4eab][bb1fc585-f087-407a-b043-49c06e320521] Generating... 0 ready, 0 failed / 2 total (9s) play_circle 0% [HÀNH play_circle 0% [HÀNH
2026-09-05T07:03:13.305Z [10017043-6ae0-4f75-a3d5-9fa094d86709][bb1fc585-f087-407a-b043-49c06e320521] Generating... 0 ready, 0 failed / 2 total (12s) play_circle 6% [HÀNH play_circle 5% [HÀNH
2026-09-05T07:03:14.873Z [ba8fe776-3647-4e33-8a20-233588fd1999][bb1fc585-f087-407a-b043-49c06e320521] Generating... 0 ready, 0 failed / 2 total (12s) play_circle 2% [HÀNH play_circle 2% [HÀNH
2026-09-05T07:03:15.758Z [0827b07f-e6b0-460e-a564-a336a282b637][bb1fc585-f087-407a-b043-49c06e320521] Generating... 0 ready, 0 failed / 2 total (12s) play_circle 6% [HÀNH play_circle 6% [HÀNH
2026-09-05T07:03:15.815Z [fccc3526-d94a-4e43-9ec9-cacaf1de4eab][bb1fc585-f087-407a-b043-49c06e320521] Generating... 0 ready, 0 failed / 2 total (12s) play_circle 3% [HÀNH play_circle 2% [HÀNH
2026-09-05T07:03:16.337Z [10017043-6ae0-4f75-a3d5-9fa094d86709][bb1fc585-f087-407a-b043-49c06e320521] Generating... 0 ready, 0 failed / 2 total (15s) play_circle 8% [HÀNH play_circle 8% [HÀNH
2026-09-05T07:03:17.892Z [ba8fe776-3647-4e33-8a20-233588fd1999][bb1fc585-f087-407a-b043-49c06e320521] Generating... 0 ready, 0 failed / 2 total (15s) play_circle 5% [HÀNH play_circle 5% [HÀNH
2026-09-05T07:03:18.778Z [0827b07f-e6b0-460e-a564-a336a282b637][bb1fc585-f087-407a-b043-49c06e320521] Generating... 0 ready, 0 failed / 2 total (15s) play_circle 9% [HÀNH play_circle 9% [HÀNH
2026-09-05T07:03:18.836Z [fccc3526-d94a-4e43-9ec9-cacaf1de4eab][bb1fc585-f087-407a-b043-49c06e320521] Generating... 0 ready, 0 failed / 2 total (15s) play_circle 5% [HÀNH play_circle 5% [HÀNH
2026-09-05T07:03:19.367Z [10017043-6ae0-4f75-a3d5-9fa094d86709][bb1fc585-f087-407a-b043-49c06e320521] Generating... 0 ready, 0 failed / 2 total (18s) play_circle 11% [HÀN play_circle 11% [HÀN
2026-09-05T07:03:20.916Z [ba8fe776-3647-4e33-8a20-233588fd1999][bb1fc585-f087-407a-b043-49c06e320521] Generating... 0 ready, 0 failed / 2 total (18s) play_circle 8% [HÀNH play_circle 8% [HÀNH
2026-09-05T07:03:21.795Z [0827b07f-e6b0-460e-a564-a336a282b637][bb1fc585-f087-407a-b043-49c06e320521] Generating... 0 ready, 0 failed / 2 total (18s) play_circle 11% [HÀN play_circle 10% [HÀN
2026-09-05T07:03:21.865Z [fccc3526-d94a-4e43-9ec9-cacaf1de4eab][bb1fc585-f087-407a-b043-49c06e320521] Generating... 0 ready, 0 failed / 2 total (18s) play_circle 8% [HÀNH play_circle 8% [HÀNH
2026-09-05T07:03:22.387Z [10017043-6ae0-4f75-a3d5-9fa094d86709][bb1fc585-f087-407a-b043-49c06e320521] Generating... 0 ready, 0 failed / 2 total (21s) play_circle 14% [HÀN play_circle 14% [HÀN
2026-09-05T07:03:23.937Z [ba8fe776-3647-4e33-8a20-233588fd1999][bb1fc585-f087-407a-b043-49c06e320521] Generating... 0 ready, 0 failed / 2 total (21s) play_circle 11% [HÀN play_circle 11% [HÀN
2026-09-05T07:03:24.816Z [0827b07f-e6b0-460e-a564-a336a282b637][bb1fc585-f087-407a-b043-49c06e320521] Generating... 0 ready, 0 failed / 2 total (21s) play_circle 13% [HÀN play_circle 13% [HÀN
2026-09-05T07:03:24.885Z [fccc3526-d94a-4e43-9ec9-cacaf1de4eab][bb1fc585-f087-407a-b043-49c06e320521] Generating... 0 ready, 0 failed / 2 total (21s) play_circle 11% [HÀN play_circle 11% [HÀN
2026-09-05T07:03:25.412Z [10017043-6ae0-4f75-a3d5-9fa094d86709][bb1fc585-f087-407a-b043-49c06e320521] Generating... 0 ready, 0 failed / 2 total (24s) play_circle 17% [HÀN play_circle 17% [HÀN
2026-09-05T07:03:26.968Z [ba8fe776-3647-4e33-8a20-233588fd1999][bb1fc585-f087-407a-b043-49c06e320521] Generating... 0 ready, 0 failed / 2 total (24s) play_circle 14% [HÀN play_circle 14% [HÀN
2026-09-05T07:03:27.838Z [0827b07f-e6b0-460e-a564-a336a282b637][bb1fc585-f087-407a-b043-49c06e320521] Generating... 0 ready, 0 failed / 2 total (24s) play_circle 17% [HÀN play_circle 17% [HÀN
2026-09-05T07:03:27.916Z [fccc3526-d94a-4e43-9ec9-cacaf1de4eab][bb1fc585-f087-407a-b043-49c06e320521] Generating... 0 ready, 0 failed / 2 total (24s) play_circle 14% [HÀN play_circle 14% [HÀN
2026-09-05T07:03:28.438Z [10017043-6ae0-4f75-a3d5-9fa094d86709][bb1fc585-f087-407a-b043-49c06e320521] Generating... 0 ready, 0 failed / 2 total (27s) play_circle 20% [HÀN play_circle 18% [HÀN
2026-09-05T07:03:29.987Z [ba8fe776-3647-4e33-8a20-233588fd1999][bb1fc585-f087-407a-b043-49c06e320521] Generating... 0 ready, 0 failed / 2 total (27s) play_circle 15% [HÀN play_circle 15% [HÀN
2026-09-05T07:03:30.857Z [0827b07f-e6b0-460e-a564-a336a282b637][bb1fc585-f087-407a-b043-49c06e320521] Generating... 0 ready, 0 failed / 2 total (27s) play_circle 19% [HÀN play_circle 19% [HÀN
2026-09-05T07:03:30.936Z [fccc3526-d94a-4e43-9ec9-cacaf1de4eab][bb1fc585-f087-407a-b043-49c06e320521] Generating... 0 ready, 0 failed / 2 total (27s) play_circle 16% [HÀN play_circle 16% [HÀN
2026-09-05T07:03:31.457Z [10017043-6ae0-4f75-a3d5-9fa094d86709][bb1fc585-f087-407a-b043-49c06e320521] Generating... 0 ready, 0 failed / 2 total (30s) play_circle 21% [HÀN play_circle 23% [HÀN
2026-09-05T07:03:33.007Z [ba8fe776-3647-4e33-8a20-233588fd1999][bb1fc585-f087-407a-b043-49c06e320521] Generating... 0 ready, 0 failed / 2 total (30s) play_circle 19% [HÀN play_circle 19% [HÀN
2026-09-05T07:03:33.873Z [0827b07f-e6b0-460e-a564-a336a282b637][bb1fc585-f087-407a-b043-49c06e320521] Generating... 0 ready, 0 failed / 2 total (30s) play_circle 22% [HÀN play_circle 22% [HÀN
2026-09-05T07:03:33.957Z [fccc3526-d94a-4e43-9ec9-cacaf1de4eab][bb1fc585-f087-407a-b043-49c06e320521] Generating... 0 ready, 0 failed / 2 total (30s) play_circle 19% [HÀN play_circle 19% [HÀN
2026-09-05T07:03:34.474Z [10017043-6ae0-4f75-a3d5-9fa094d86709][bb1fc585-f087-407a-b043-49c06e320521] Generating... 0 ready, 0 failed / 2 total (33s) play_circle 25% [HÀN play_circle 25% [HÀN
2026-09-05T07:03:36.021Z [ba8fe776-3647-4e33-8a20-233588fd1999][bb1fc585-f087-407a-b043-49c06e320521] Generating... 0 ready, 0 failed / 2 total (33s) play_circle 21% [HÀN play_circle 21% [HÀN
2026-09-05T07:03:36.894Z [0827b07f-e6b0-460e-a564-a336a282b637][bb1fc585-f087-407a-b043-49c06e320521] Generating... 0 ready, 0 failed / 2 total (33s) play_circle 24% [HÀN play_circle 24% [HÀN
2026-09-05T07:03:36.973Z [fccc3526-d94a-4e43-9ec9-cacaf1de4eab][bb1fc585-f087-407a-b043-49c06e320521] Generating... 0 ready, 0 failed / 2 total (33s) play_circle 21% [HÀN play_circle 21% [HÀN
2026-09-05T07:03:37.491Z [10017043-6ae0-4f75-a3d5-9fa094d86709][bb1fc585-f087-407a-b043-49c06e320521] Generating... 0 ready, 0 failed / 2 total (36s) play_circle 28% [HÀN play_circle 28% [HÀN
2026-09-05T07:03:39.040Z [ba8fe776-3647-4e33-8a20-233588fd1999][bb1fc585-f087-407a-b043-49c06e320521] Generating... 0 ready, 0 failed / 2 total (36s) play_circle 24% [HÀN play_circle 24% [HÀN
2026-09-05T07:03:39.915Z [0827b07f-e6b0-460e-a564-a336a282b637][bb1fc585-f087-407a-b043-49c06e320521] Generating... 0 ready, 0 failed / 2 total (36s) play_circle 27% [HÀN play_circle 27% [HÀN
2026-09-05T07:03:39.997Z [fccc3526-d94a-4e43-9ec9-cacaf1de4eab][bb1fc585-f087-407a-b043-49c06e320521] Generating... 0 ready, 0 failed / 2 total (36s) play_circle 25% [HÀN play_circle 25% [HÀN
2026-09-05T07:03:40.515Z [10017043-6ae0-4f75-a3d5-9fa094d86709][bb1fc585-f087-407a-b043-49c06e320521] Generating... 0 ready, 0 failed / 2 total (39s) play_circle 30% [HÀN play_circle 31% [HÀN
2026-09-05T07:03:42.055Z [ba8fe776-3647-4e33-8a20-233588fd1999][bb1fc585-f087-407a-b043-49c06e320521] Generating... 0 ready, 0 failed / 2 total (39s) play_circle 28% [HÀN play_circle 28% [HÀN
2026-09-05T07:03:42.937Z [0827b07f-e6b0-460e-a564-a336a282b637][bb1fc585-f087-407a-b043-49c06e320521] Generating... 0 ready, 0 failed / 2 total (39s) play_circle 30% [HÀN play_circle 30% [HÀN
2026-09-05T07:03:43.015Z [fccc3526-d94a-4e43-9ec9-cacaf1de4eab][bb1fc585-f087-407a-b043-49c06e320521] Generating... 0 ready, 0 failed / 2 total (39s) play_circle 28% [HÀN play_circle 27% [HÀN
2026-09-05T07:03:43.537Z [10017043-6ae0-4f75-a3d5-9fa094d86709][bb1fc585-f087-407a-b043-49c06e320521] Generating... 0 ready, 0 failed / 2 total (42s) play_circle 32% [HÀN play_circle 32% [HÀN
2026-09-05T07:03:45.074Z [ba8fe776-3647-4e33-8a20-233588fd1999][bb1fc585-f087-407a-b043-49c06e320521] Generating... 0 ready, 0 failed / 2 total (42s) play_circle 30% [HÀN play_circle 30% [HÀN
2026-09-05T07:03:45.956Z [0827b07f-e6b0-460e-a564-a336a282b637][bb1fc585-f087-407a-b043-49c06e320521] Generating... 0 ready, 0 failed / 2 total (42s) play_circle 32% [HÀN play_circle 32% [HÀN
2026-09-05T07:03:46.029Z [fccc3526-d94a-4e43-9ec9-cacaf1de4eab][bb1fc585-f087-407a-b043-49c06e320521] Generating... 0 ready, 0 failed / 2 total (42s) play_circle 30% [HÀN play_circle 29% [HÀN
2026-09-05T07:03:46.556Z [10017043-6ae0-4f75-a3d5-9fa094d86709][bb1fc585-f087-407a-b043-49c06e320521] Generating... 0 ready, 0 failed / 2 total (45s) play_circle 36% [HÀN play_circle 36% [HÀN
2026-09-05T07:03:48.090Z [ba8fe776-3647-4e33-8a20-233588fd1999][bb1fc585-f087-407a-b043-49c06e320521] Generating... 0 ready, 0 failed / 2 total (45s) play_circle 33% [HÀN play_circle 33% [HÀN
2026-09-05T07:03:48.986Z [0827b07f-e6b0-460e-a564-a336a282b637][bb1fc585-f087-407a-b043-49c06e320521] Generating... 0 ready, 0 failed / 2 total (45s)
2026-09-05T07:03:48.987Z [0827b07f-e6b0-460e-a564-a336a282b637][bb1fc585-f087-407a-b043-49c06e320521] This run's tiles disappeared from the grid — waiting to see if the grid is just re-rendering.
2026-09-05T07:03:49.042Z [fccc3526-d94a-4e43-9ec9-cacaf1de4eab][bb1fc585-f087-407a-b043-49c06e320521] Generating... 0 ready, 0 failed / 2 total (45s) play_circle 33% [HÀN play_circle 34% [HÀN
2026-09-05T07:03:49.579Z [10017043-6ae0-4f75-a3d5-9fa094d86709][bb1fc585-f087-407a-b043-49c06e320521] Generating... 0 ready, 0 failed / 2 total (48s) play_circle 38% [HÀN play_circle 38% [HÀN
2026-09-05T07:03:51.115Z [ba8fe776-3647-4e33-8a20-233588fd1999][bb1fc585-f087-407a-b043-49c06e320521] Generating... 0 ready, 0 failed / 2 total (48s)
2026-09-05T07:03:51.115Z [ba8fe776-3647-4e33-8a20-233588fd1999][bb1fc585-f087-407a-b043-49c06e320521] This run's tiles disappeared from the grid — waiting to see if the grid is just re-rendering.
2026-09-05T07:03:52.009Z [0827b07f-e6b0-460e-a564-a336a282b637][bb1fc585-f087-407a-b043-49c06e320521] Generating... 0 ready, 0 failed / 2 total (48s)
2026-09-05T07:03:52.055Z [fccc3526-d94a-4e43-9ec9-cacaf1de4eab][bb1fc585-f087-407a-b043-49c06e320521] Generating... 0 ready, 0 failed / 2 total (48s) play_circle 35% [HÀN play_circle 35% [HÀN
2026-09-05T07:03:52.594Z [10017043-6ae0-4f75-a3d5-9fa094d86709][bb1fc585-f087-407a-b043-49c06e320521] Generating... 0 ready, 0 failed / 2 total (51s) play_circle 100% [HÀ play_circle 100% [HÀ
2026-09-05T07:03:54.134Z [ba8fe776-3647-4e33-8a20-233588fd1999][bb1fc585-f087-407a-b043-49c06e320521] Generating... 0 ready, 0 failed / 2 total (51s)
2026-09-05T07:03:55.036Z [0827b07f-e6b0-460e-a564-a336a282b637][bb1fc585-f087-407a-b043-49c06e320521] Generating... 0 ready, 0 failed / 2 total (51s)
2026-09-05T07:03:55.071Z [fccc3526-d94a-4e43-9ec9-cacaf1de4eab][bb1fc585-f087-407a-b043-49c06e320521] Generating... 0 ready, 0 failed / 2 total (51s) play_circle 100% [HÀ play_circle 100% [HÀ
2026-09-05T07:03:55.614Z [10017043-6ae0-4f75-a3d5-9fa094d86709][bb1fc585-f087-407a-b043-49c06e320521] Generating... 0 ready, 0 failed / 2 total (54s) play_circle 100% [HÀ play_circle 100% [HÀ
2026-09-05T07:03:57.165Z [ba8fe776-3647-4e33-8a20-233588fd1999][bb1fc585-f087-407a-b043-49c06e320521] Generating... 0 ready, 0 failed / 2 total (54s)
2026-09-05T07:03:58.048Z [0827b07f-e6b0-460e-a564-a336a282b637][bb1fc585-f087-407a-b043-49c06e320521] Generating... 0 ready, 0 failed / 2 total (54s)
2026-09-05T07:03:58.089Z [fccc3526-d94a-4e43-9ec9-cacaf1de4eab][bb1fc585-f087-407a-b043-49c06e320521] Generating... 0 ready, 0 failed / 2 total (54s) play_circle 100% [HÀ play_circle 100% [HÀ
2026-09-05T07:03:58.631Z [10017043-6ae0-4f75-a3d5-9fa094d86709][bb1fc585-f087-407a-b043-49c06e320521] Generating... 0 ready, 0 failed / 2 total (57s) [HÀNH ĐỘNG]Bắt đầu đ [HÀNH ĐỘNG]Bắt đầu đ
2026-09-05T07:04:00.180Z [ba8fe776-3647-4e33-8a20-233588fd1999][bb1fc585-f087-407a-b043-49c06e320521] Generating... 0 ready, 0 failed / 2 total (57s)
2026-09-05T07:04:01.063Z [0827b07f-e6b0-460e-a564-a336a282b637][bb1fc585-f087-407a-b043-49c06e320521] Generating... 0 ready, 0 failed / 2 total (57s)
2026-09-05T07:04:01.064Z [0827b07f-e6b0-460e-a564-a336a282b637][bb1fc585-f087-407a-b043-49c06e320521] Flow attempt 1/1 failed: Google Flow discarded this generation: the tile(s) it created were removed after 57s without producing a result — a Flow-side failure, not a timeout. Try again, or change the prompt/settings.
2026-09-05T07:04:01.064Z [0827b07f-e6b0-460e-a564-a336a282b637][bb1fc585-f087-407a-b043-49c06e320521] runGeneration ERROR exception: Error: Google Flow discarded this generation: the tile(s) it created were removed after 57s without producing a result — a Flow-side failure, not a timeout. Try again, or change the prompt/settings.
    at runGoogleFlow (C:\snapshot\sidecar\dist\sidecar.cjs:8081:13)
    at async runGeneration (C:\snapshot\sidecar\dist\sidecar.cjs:8392:11)
    at async handleCommand (C:\snapshot\sidecar\dist\sidecar.cjs:6510:7)
    at async C:\snapshot\sidecar\dist\sidecar.cjs:6426:11
2026-09-05T07:04:01.108Z [fccc3526-d94a-4e43-9ec9-cacaf1de4eab][bb1fc585-f087-407a-b043-49c06e320521] Generating... 0 ready, 0 failed / 2 total (57s) [HÀNH ĐỘNG]Bắt đầu đ [HÀNH ĐỘNG]Bắt đầu đ
2026-09-05T07:04:01.643Z [10017043-6ae0-4f75-a3d5-9fa094d86709][bb1fc585-f087-407a-b043-49c06e320521] Generating... 2 ready, 0 failed / 2 total (60s)
2026-09-05T07:04:01.644Z [10017043-6ae0-4f75-a3d5-9fa094d86709][bb1fc585-f087-407a-b043-49c06e320521] Batch done: 2 ready (target 2), 0 failed, scanned 2.
2026-09-05T07:04:01.644Z [10017043-6ae0-4f75-a3d5-9fa094d86709][bb1fc585-f087-407a-b043-49c06e320521] 2 item(s) ready! Downloading...
2026-09-05T07:04:01.646Z [10017043-6ae0-4f75-a3d5-9fa094d86709][bb1fc585-f087-407a-b043-49c06e320521] Item 1: no video source on the tile yet — hovering it to mount one.
2026-09-05T07:04:01.998Z [6978acf3-e65d-4bcd-b716-a558af58fa91][bb1fc585-f087-407a-b043-49c06e320521] runGeneration starting: task_id=6978acf3-e65d-4bcd-b716-a558af58fa91, profile_id=bb1fc585-f087-407a-b043-49c06e320521, target_site=google_flow
2026-09-05T07:04:01.998Z [6978acf3-e65d-4bcd-b716-a558af58fa91][bb1fc585-f087-407a-b043-49c06e320521] Opening Playwright browser with persistent profile cookies...
2026-09-05T07:04:01.999Z [6978acf3-e65d-4bcd-b716-a558af58fa91][bb1fc585-f087-407a-b043-49c06e320521] Browser engine: winhide (C:\Users\Admin\AppData\Roaming\com.tank.winai\winhide\chrome.exe) [hidden off-screen]
2026-09-05T07:04:01.999Z [6978acf3-e65d-4bcd-b716-a558af58fa91][bb1fc585-f087-407a-b043-49c06e320521] Launch mode: STEALTH (raw spawn + connectOverCDP)
2026-09-05T07:04:03.194Z [10017043-6ae0-4f75-a3d5-9fa094d86709][bb1fc585-f087-407a-b043-49c06e320521] Item 1: Downloading from URL https://flow-content.google/video/e85a8f56-54cd-4e61-bacf-6e26e753fc52?Expires=1788613431&KeyName=labs-flow-prod-cdn-key&Signature=CxjerwsdhZl05kv28tdofS671eU
2026-09-05T07:04:03.202Z [ba8fe776-3647-4e33-8a20-233588fd1999][bb1fc585-f087-407a-b043-49c06e320521] Generating... 0 ready, 0 failed / 2 total (60s)
2026-09-05T07:04:03.202Z [ba8fe776-3647-4e33-8a20-233588fd1999][bb1fc585-f087-407a-b043-49c06e320521] Flow attempt 1/1 failed: Google Flow discarded this generation: the tile(s) it created were removed after 60s without producing a result — a Flow-side failure, not a timeout. Try again, or change the prompt/settings.
2026-09-05T07:04:03.203Z [ba8fe776-3647-4e33-8a20-233588fd1999][bb1fc585-f087-407a-b043-49c06e320521] runGeneration ERROR exception: Error: Google Flow discarded this generation: the tile(s) it created were removed after 60s without producing a result — a Flow-side failure, not a timeout. Try again, or change the prompt/settings.
    at runGoogleFlow (C:\snapshot\sidecar\dist\sidecar.cjs:8081:13)
    at async runGeneration (C:\snapshot\sidecar\dist\sidecar.cjs:8392:11)
    at async handleCommand (C:\snapshot\sidecar\dist\sidecar.cjs:6510:7)
    at async C:\snapshot\sidecar\dist\sidecar.cjs:6426:11
2026-09-05T07:04:03.374Z [6978acf3-e65d-4bcd-b716-a558af58fa91][bb1fc585-f087-407a-b043-49c06e320521] Exit IP: 115.74.128.9
2026-09-05T07:04:03.375Z [6978acf3-e65d-4bcd-b716-a558af58fa91][bb1fc585-f087-407a-b043-49c06e320521] Navigating browser to Google Flow tools page...
2026-09-05T07:04:03.376Z [6978acf3-e65d-4bcd-b716-a558af58fa91][bb1fc585-f087-407a-b043-49c06e320521] Using existing project URL: https://flow.google.com/project/cd81a7d3-c989-419e-891a-f8694174cb85?hl=en
2026-09-05T07:04:03.555Z [5675b801-6ee3-4010-9e82-dd34d41c2efd][bb1fc585-f087-407a-b043-49c06e320521] runGeneration starting: task_id=5675b801-6ee3-4010-9e82-dd34d41c2efd, profile_id=bb1fc585-f087-407a-b043-49c06e320521, target_site=google_flow
2026-09-05T07:04:03.556Z [5675b801-6ee3-4010-9e82-dd34d41c2efd][bb1fc585-f087-407a-b043-49c06e320521] Opening Playwright browser with persistent profile cookies...
2026-09-05T07:04:03.556Z [5675b801-6ee3-4010-9e82-dd34d41c2efd][bb1fc585-f087-407a-b043-49c06e320521] Browser engine: winhide (C:\Users\Admin\AppData\Roaming\com.tank.winai\winhide\chrome.exe) [hidden off-screen]
2026-09-05T07:04:03.557Z [5675b801-6ee3-4010-9e82-dd34d41c2efd][bb1fc585-f087-407a-b043-49c06e320521] Launch mode: STEALTH (raw spawn + connectOverCDP)
2026-09-05T07:04:04.129Z [fccc3526-d94a-4e43-9ec9-cacaf1de4eab][bb1fc585-f087-407a-b043-49c06e320521] Generating... 2 ready, 0 failed / 2 total (60s)
2026-09-05T07:04:04.129Z [fccc3526-d94a-4e43-9ec9-cacaf1de4eab][bb1fc585-f087-407a-b043-49c06e320521] Batch done: 2 ready (target 2), 0 failed, scanned 2.
2026-09-05T07:04:04.129Z [fccc3526-d94a-4e43-9ec9-cacaf1de4eab][bb1fc585-f087-407a-b043-49c06e320521] 2 item(s) ready! Downloading...
2026-09-05T07:04:04.130Z [fccc3526-d94a-4e43-9ec9-cacaf1de4eab][bb1fc585-f087-407a-b043-49c06e320521] Item 1: no video source on the tile yet — hovering it to mount one.
2026-09-05T07:04:04.352Z [6978acf3-e65d-4bcd-b716-a558af58fa91][bb1fc585-f087-407a-b043-49c06e320521] Waiting for Google Flow...
2026-09-05T07:04:04.421Z [10017043-6ae0-4f75-a3d5-9fa094d86709][bb1fc585-f087-407a-b043-49c06e320521] Downloaded 1/2: video_2026-09-05T07-04-01_01.mp4
2026-09-05T07:04:04.422Z [10017043-6ae0-4f75-a3d5-9fa094d86709][bb1fc585-f087-407a-b043-49c06e320521] Item 2: no video source on the tile yet — hovering it to mount one.
2026-09-05T07:04:05.512Z [fccc3526-d94a-4e43-9ec9-cacaf1de4eab][bb1fc585-f087-407a-b043-49c06e320521] Item 1: Downloading from URL https://flow-content.google/video/b8d97a17-4923-487b-b869-8abf6ece4a85?Expires=1788613434&KeyName=labs-flow-prod-cdn-key&Signature=EUbsPMa7mLV5_PwlA5_xTtZBnOI
2026-09-05T07:04:05.699Z [5675b801-6ee3-4010-9e82-dd34d41c2efd][bb1fc585-f087-407a-b043-49c06e320521] Exit IP: 115.74.128.9
2026-09-05T07:04:05.700Z [5675b801-6ee3-4010-9e82-dd34d41c2efd][bb1fc585-f087-407a-b043-49c06e320521] Navigating browser to Google Flow tools page...
2026-09-05T07:04:05.700Z [5675b801-6ee3-4010-9e82-dd34d41c2efd][bb1fc585-f087-407a-b043-49c06e320521] Using existing project URL: https://flow.google.com/project/c2a607c5-d833-4be1-8108-407b74d4ed85?hl=en
2026-09-05T07:04:05.930Z [10017043-6ae0-4f75-a3d5-9fa094d86709][bb1fc585-f087-407a-b043-49c06e320521] Item 2: Downloading from URL https://flow-content.google/video/cfe27251-0be7-477b-a91a-a2832fa95891?Expires=1788613431&KeyName=labs-flow-prod-cdn-key&Signature=9OnVonVlkiKzw2SedJCIO_o5zF8
2026-09-05T07:04:06.067Z [6978acf3-e65d-4bcd-b716-a558af58fa91][bb1fc585-f087-407a-b043-49c06e320521] In existing project ✓
2026-09-05T07:04:06.763Z [5675b801-6ee3-4010-9e82-dd34d41c2efd][bb1fc585-f087-407a-b043-49c06e320521] Waiting for Google Flow...
2026-09-05T07:04:06.951Z [6978acf3-e65d-4bcd-b716-a558af58fa91][bb1fc585-f087-407a-b043-49c06e320521] dismissPopups: unresolved overlay(s) ["IFRAME[presentation]|btns="]
2026-09-05T07:04:07.353Z [fccc3526-d94a-4e43-9ec9-cacaf1de4eab][bb1fc585-f087-407a-b043-49c06e320521] Downloaded 1/2: video_2026-09-05T07-04-04_01.mp4
2026-09-05T07:04:07.354Z [fccc3526-d94a-4e43-9ec9-cacaf1de4eab][bb1fc585-f087-407a-b043-49c06e320521] Item 2: no video source on the tile yet — hovering it to mount one.
2026-09-05T07:04:07.551Z [10017043-6ae0-4f75-a3d5-9fa094d86709][bb1fc585-f087-407a-b043-49c06e320521] Downloaded 2/2: video_2026-09-05T07-04-01_02.mp4
2026-09-05T07:04:07.552Z [10017043-6ae0-4f75-a3d5-9fa094d86709][bb1fc585-f087-407a-b043-49c06e320521] ✅ 2 item(s) saved to Downloads/Win AI Toolkit/
2026-09-05T07:04:08.634Z [5675b801-6ee3-4010-9e82-dd34d41c2efd][bb1fc585-f087-407a-b043-49c06e320521] In existing project ✓
2026-09-05T07:04:09.216Z [fccc3526-d94a-4e43-9ec9-cacaf1de4eab][bb1fc585-f087-407a-b043-49c06e320521] Item 2: Downloading from URL https://flow-content.google/video/e1fe1dd0-4cfd-41f7-968e-70eeacbb74f5?Expires=1788613434&KeyName=labs-flow-prod-cdn-key&Signature=2tz4r9KTfa42qWOSH7feDTqxDtM
2026-09-05T07:04:09.532Z [5675b801-6ee3-4010-9e82-dd34d41c2efd][bb1fc585-f087-407a-b043-49c06e320521] dismissPopups: unresolved overlay(s) ["IFRAME[presentation]|btns="]
2026-09-05T07:04:10.656Z [fccc3526-d94a-4e43-9ec9-cacaf1de4eab][bb1fc585-f087-407a-b043-49c06e320521] Downloaded 2/2: video_2026-09-05T07-04-04_02.mp4
2026-09-05T07:04:10.657Z [fccc3526-d94a-4e43-9ec9-cacaf1de4eab][bb1fc585-f087-407a-b043-49c06e320521] ✅ 2 item(s) saved to Downloads/Win AI Toolkit/
2026-09-05T07:04:12.637Z [6978acf3-e65d-4bcd-b716-a558af58fa91][bb1fc585-f087-407a-b043-49c06e320521] Composer ready ✓ (UI language: en)
2026-09-05T07:04:12.673Z [6978acf3-e65d-4bcd-b716-a558af58fa91][bb1fc585-f087-407a-b043-49c06e320521] dismissPopups: unresolved overlay(s) ["DIV[]|btns=","DIV[]|btns="]
2026-09-05T07:04:12.723Z [6978acf3-e65d-4bcd-b716-a558af58fa91][bb1fc585-f087-407a-b043-49c06e320521] Agent toggle aria-pressed=false
2026-09-05T07:04:12.724Z [6978acf3-e65d-4bcd-b716-a558af58fa91][bb1fc585-f087-407a-b043-49c06e320521] Opening settings...
2026-09-05T07:04:13.515Z [5675b801-6ee3-4010-9e82-dd34d41c2efd][bb1fc585-f087-407a-b043-49c06e320521] Composer ready ✓ (UI language: en)
2026-09-05T07:04:13.531Z [5675b801-6ee3-4010-9e82-dd34d41c2efd][bb1fc585-f087-407a-b043-49c06e320521] dismissPopups: unresolved overlay(s) ["DIV[]|btns=","DIV[]|btns="]
2026-09-05T07:04:13.569Z [5675b801-6ee3-4010-9e82-dd34d41c2efd][bb1fc585-f087-407a-b043-49c06e320521] Agent toggle aria-pressed=false
2026-09-05T07:04:13.569Z [5675b801-6ee3-4010-9e82-dd34d41c2efd][bb1fc585-f087-407a-b043-49c06e320521] Opening settings...
2026-09-05T07:04:14.978Z [6978acf3-e65d-4bcd-b716-a558af58fa91][bb1fc585-f087-407a-b043-49c06e320521] Configuring video settings...
2026-09-05T07:04:15.002Z [6978acf3-e65d-4bcd-b716-a558af58fa91][bb1fc585-f087-407a-b043-49c06e320521] Mode: "videocam Video" already selected ✓
2026-09-05T07:04:15.406Z [5675b801-6ee3-4010-9e82-dd34d41c2efd][bb1fc585-f087-407a-b043-49c06e320521] Configuring video settings...
2026-09-05T07:04:15.436Z [5675b801-6ee3-4010-9e82-dd34d41c2efd][bb1fc585-f087-407a-b043-49c06e320521] Mode: "videocam Video" already selected ✓
2026-09-05T07:04:17.217Z [6978acf3-e65d-4bcd-b716-a558af58fa91][bb1fc585-f087-407a-b043-49c06e320521] Video type: selected "crop_free Frames" ✓
2026-09-05T07:04:17.988Z [5675b801-6ee3-4010-9e82-dd34d41c2efd][bb1fc585-f087-407a-b043-49c06e320521] Video type: selected "crop_free Frames" ✓
2026-09-05T07:04:22.022Z [5675b801-6ee3-4010-9e82-dd34d41c2efd][bb1fc585-f087-407a-b043-49c06e320521] Model: selected "Veo 3.1 - Lite [Lower Priority]" ✓
2026-09-05T07:04:22.268Z [6978acf3-e65d-4bcd-b716-a558af58fa91][bb1fc585-f087-407a-b043-49c06e320521] Model: selected "Veo 3.1 - Lite [Lower Priority]" ✓
2026-09-05T07:04:22.608Z [5675b801-6ee3-4010-9e82-dd34d41c2efd][bb1fc585-f087-407a-b043-49c06e320521] Aspect ratio: "crop_16_9 16:9" already selected ✓
2026-09-05T07:04:22.613Z [5675b801-6ee3-4010-9e82-dd34d41c2efd][bb1fc585-f087-407a-b043-49c06e320521] Video resolution: toggle group "Video resolution" not present (model may not offer it) — skipped.
2026-09-05T07:04:22.643Z [5675b801-6ee3-4010-9e82-dd34d41c2efd][bb1fc585-f087-407a-b043-49c06e320521] Duration: "8s" already selected ✓
2026-09-05T07:04:22.666Z [5675b801-6ee3-4010-9e82-dd34d41c2efd][bb1fc585-f087-407a-b043-49c06e320521] Output count: "x2" already selected ✓
2026-09-05T07:04:22.906Z [6978acf3-e65d-4bcd-b716-a558af58fa91][bb1fc585-f087-407a-b043-49c06e320521] Aspect ratio: "crop_16_9 16:9" already selected ✓
2026-09-05T07:04:22.914Z [6978acf3-e65d-4bcd-b716-a558af58fa91][bb1fc585-f087-407a-b043-49c06e320521] Video resolution: toggle group "Video resolution" not present (model may not offer it) — skipped.
2026-09-05T07:04:22.949Z [6978acf3-e65d-4bcd-b716-a558af58fa91][bb1fc585-f087-407a-b043-49c06e320521] Duration: "8s" already selected ✓
2026-09-05T07:04:22.968Z [6978acf3-e65d-4bcd-b716-a558af58fa91][bb1fc585-f087-407a-b043-49c06e320521] Output count: "x2" already selected ✓
2026-09-05T07:04:23.772Z [5675b801-6ee3-4010-9e82-dd34d41c2efd][bb1fc585-f087-407a-b043-49c06e320521] Start keyframe: downloading from URL...
2026-09-05T07:04:23.937Z [6978acf3-e65d-4bcd-b716-a558af58fa91][bb1fc585-f087-407a-b043-49c06e320521] Start keyframe: downloading from URL...
2026-09-05T07:04:24.044Z [5675b801-6ee3-4010-9e82-dd34d41c2efd][bb1fc585-f087-407a-b043-49c06e320521] Downloader: no-proxy request context ready.
2026-09-05T07:04:24.237Z [6978acf3-e65d-4bcd-b716-a558af58fa91][bb1fc585-f087-407a-b043-49c06e320521] Downloader: no-proxy request context ready.
2026-09-05T07:04:24.335Z [5675b801-6ee3-4010-9e82-dd34d41c2efd][bb1fc585-f087-407a-b043-49c06e320521] Start keyframe: saved 118344 bytes (image/png) as "1788443743111_d68777_60f7c834-1526-409d-b017-21db20795e19_ff2.png"
2026-09-05T07:04:24.370Z [5675b801-6ee3-4010-9e82-dd34d41c2efd][bb1fc585-f087-407a-b043-49c06e320521] Start keyframe: setting start keyframe...
2026-09-05T07:04:24.531Z [6978acf3-e65d-4bcd-b716-a558af58fa91][bb1fc585-f087-407a-b043-49c06e320521] Start keyframe: saved 130477 bytes (image/png) as "1788444006315_80135a_60f7c834-1526-409d-b017-21db20795e19_e68.png"
2026-09-05T07:04:24.557Z [6978acf3-e65d-4bcd-b716-a558af58fa91][bb1fc585-f087-407a-b043-49c06e320521] Start keyframe: setting start keyframe...
2026-09-05T07:04:26.530Z [5675b801-6ee3-4010-9e82-dd34d41c2efd][bb1fc585-f087-407a-b043-49c06e320521] Start keyframe: "1788443743111_d68777_60f7c834-1526-409d-b017-21db20795e19_ff2.png" not in the library yet — uploading it first.
2026-09-05T07:04:26.822Z [6978acf3-e65d-4bcd-b716-a558af58fa91][bb1fc585-f087-407a-b043-49c06e320521] Start keyframe: reusing library asset "1788444006315_80135a_60f7c834-1526-409d-b017-21db20795e19_e68.png" (no re-upload).
2026-09-05T07:04:29.748Z [6978acf3-e65d-4bcd-b716-a558af58fa91][bb1fc585-f087-407a-b043-49c06e320521] Start keyframe: start keyframe attached ✓
2026-09-05T07:04:29.760Z [6978acf3-e65d-4bcd-b716-a558af58fa91][bb1fc585-f087-407a-b043-49c06e320521] Entering prompt...
2026-09-05T07:04:30.435Z [5675b801-6ee3-4010-9e82-dd34d41c2efd][bb1fc585-f087-407a-b043-49c06e320521] Start keyframe: uploading "1788443743111_d68777_60f7c834-1526-409d-b017-21db20795e19_ff2.png" to the project library...
2026-09-05T07:04:31.368Z [5675b801-6ee3-4010-9e82-dd34d41c2efd][bb1fc585-f087-407a-b043-49c06e320521] Start keyframe: upload finished ✓
2026-09-05T07:04:31.390Z [6978acf3-e65d-4bcd-b716-a558af58fa91][bb1fc585-f087-407a-b043-49c06e320521] Prompt is 1148 chars — typing it in 20 chunk(s).
2026-09-05T07:04:40.085Z [6978acf3-e65d-4bcd-b716-a558af58fa91][bb1fc585-f087-407a-b043-49c06e320521] Prompt insert attempt 1: editor has 1137 chars (want ~1144) ✓
2026-09-05T07:04:41.698Z [5675b801-6ee3-4010-9e82-dd34d41c2efd][bb1fc585-f087-407a-b043-49c06e320521] Start keyframe: start keyframe attached ✓
2026-09-05T07:04:41.711Z [5675b801-6ee3-4010-9e82-dd34d41c2efd][bb1fc585-f087-407a-b043-49c06e320521] Entering prompt...
2026-09-05T07:04:42.235Z [6978acf3-e65d-4bcd-b716-a558af58fa91][bb1fc585-f087-407a-b043-49c06e320521] Baseline: 50 pre-existing media tile(s) of 50 mounted (kinds: image,video,video,video,video,video,video,image,video,video,image,video,video,image,video,video,image,video,video,image,video,video,image,video,video,image,video,video,image,video,video,image,video,image,video,video,image,video,video,image,video,video,image,video,image,video,video,image,video,video).
2026-09-05T07:04:43.773Z [5675b801-6ee3-4010-9e82-dd34d41c2efd][bb1fc585-f087-407a-b043-49c06e320521] Prompt is 1207 chars — typing it in 23 chunk(s).
2026-09-05T07:04:44.685Z [6978acf3-e65d-4bcd-b716-a558af58fa91][bb1fc585-f087-407a-b043-49c06e320521] [submit] confirmed (editor "What do you want to ", fresh tile=true).
2026-09-05T07:04:45.433Z [6978acf3-e65d-4bcd-b716-a558af58fa91][bb1fc585-f087-407a-b043-49c06e320521] Current Workspace project URL: https://flow.google.com/project/cd81a7d3-c989-419e-891a-f8694174cb85?hl=en
2026-09-05T07:04:45.433Z [6978acf3-e65d-4bcd-b716-a558af58fa91][bb1fc585-f087-407a-b043-49c06e320521] Submitted ✓ Detecting batch size...
2026-09-05T07:04:45.450Z [6978acf3-e65d-4bcd-b716-a558af58fa91][bb1fc585-f087-407a-b043-49c06e320521] New tile(s) since submit: 0 → 2 (mounted=50)
2026-09-05T07:04:46.580Z [10017043-6ae0-4f75-a3d5-9fa094d86709][bb1fc585-f087-407a-b043-49c06e320521] Item 1 (try 1): 1080p saved via the UI download flow.
2026-09-05T07:04:46.641Z [10017043-6ae0-4f75-a3d5-9fa094d86709][bb1fc585-f087-407a-b043-49c06e320521] Item 1: upgraded to 1080p → D:\WINAI\Slow-English-with-Arlo_7_42_cmtlc8wk\video_2026-09-05T07-04-01_01.mp4
2026-09-05T07:04:49.614Z [6978acf3-e65d-4bcd-b716-a558af58fa91][bb1fc585-f087-407a-b043-49c06e320521] Batch size stabilised at 2 new tile(s)
2026-09-05T07:04:49.615Z [6978acf3-e65d-4bcd-b716-a558af58fa91][bb1fc585-f087-407a-b043-49c06e320521] Batch detected: 2 item(s). Generating...
2026-09-05T07:04:49.615Z [6978acf3-e65d-4bcd-b716-a558af58fa91][bb1fc585-f087-407a-b043-49c06e320521] Polling for 2 video item(s) (baseline=50, hasUpload=true)...
2026-09-05T07:04:49.627Z [6978acf3-e65d-4bcd-b716-a558af58fa91][bb1fc585-f087-407a-b043-49c06e320521] Generating... 0 ready, 0 failed / 2 total (0s) play_circle [HÀNH ĐỘ play_circle [HÀNH ĐỘ
2026-09-05T07:04:51.669Z [fccc3526-d94a-4e43-9ec9-cacaf1de4eab][bb1fc585-f087-407a-b043-49c06e320521] Item 1 (try 1): 1080p saved via the UI download flow.
2026-09-05T07:04:51.736Z [fccc3526-d94a-4e43-9ec9-cacaf1de4eab][bb1fc585-f087-407a-b043-49c06e320521] Item 1: upgraded to 1080p → D:\WINAI\Slow-English-with-Arlo_7_15_cmtlc8wj\video_2026-09-05T07-04-04_01.mp4
2026-09-05T07:04:52.649Z [6978acf3-e65d-4bcd-b716-a558af58fa91][bb1fc585-f087-407a-b043-49c06e320521] Generating... 0 ready, 0 failed / 2 total (3s) play_circle [HÀNH ĐỘ play_circle [HÀNH ĐỘ
2026-09-05T07:04:55.037Z [5675b801-6ee3-4010-9e82-dd34d41c2efd][bb1fc585-f087-407a-b043-49c06e320521] Prompt insert attempt 1: editor has 1178 chars (want ~1203) ✓
2026-09-05T07:04:55.673Z [6978acf3-e65d-4bcd-b716-a558af58fa91][bb1fc585-f087-407a-b043-49c06e320521] Generating... 0 ready, 0 failed / 2 total (6s) play_circle [HÀNH ĐỘ play_circle [HÀNH ĐỘ
2026-09-05T07:04:56.949Z [5675b801-6ee3-4010-9e82-dd34d41c2efd][bb1fc585-f087-407a-b043-49c06e320521] Baseline: 49 pre-existing media tile(s) of 49 mounted (kinds: image,image,video,video,image,video,video,image,video,video,video,image,video,video,image,video,video,image,video,video,video,image,video,video,image,video,video,image,video,video,image,image,video,video,image,video,image,video,video,image,video,video,image,video,video,image,video,video,image).
2026-09-05T07:04:58.696Z [6978acf3-e65d-4bcd-b716-a558af58fa91][bb1fc585-f087-407a-b043-49c06e320521] Generating... 0 ready, 0 failed / 2 total (9s) play_circle 0% [HÀNH play_circle 0% [HÀNH
2026-09-05T07:04:59.128Z [5675b801-6ee3-4010-9e82-dd34d41c2efd][bb1fc585-f087-407a-b043-49c06e320521] [submit] confirmed (editor "What do you want to ", fresh tile=true).
2026-09-05T07:04:59.664Z [5675b801-6ee3-4010-9e82-dd34d41c2efd][bb1fc585-f087-407a-b043-49c06e320521] Current Workspace project URL: https://flow.google.com/project/c2a607c5-d833-4be1-8108-407b74d4ed85?hl=en
2026-09-05T07:04:59.664Z [5675b801-6ee3-4010-9e82-dd34d41c2efd][bb1fc585-f087-407a-b043-49c06e320521] Submitted ✓ Detecting batch size...
2026-09-05T07:04:59.683Z [5675b801-6ee3-4010-9e82-dd34d41c2efd][bb1fc585-f087-407a-b043-49c06e320521] New tile(s) since submit: 0 → 2 (mounted=50)
2026-09-05T07:05:01.722Z [6978acf3-e65d-4bcd-b716-a558af58fa91][bb1fc585-f087-407a-b043-49c06e320521] Generating... 0 ready, 0 failed / 2 total (12s) play_circle 4% [HÀNH play_circle 4% [HÀNH
2026-09-05T07:05:03.870Z [5675b801-6ee3-4010-9e82-dd34d41c2efd][bb1fc585-f087-407a-b043-49c06e320521] Batch size stabilised at 2 new tile(s)
2026-09-05T07:05:03.870Z [5675b801-6ee3-4010-9e82-dd34d41c2efd][bb1fc585-f087-407a-b043-49c06e320521] Batch detected: 2 item(s). Generating...
2026-09-05T07:05:03.870Z [5675b801-6ee3-4010-9e82-dd34d41c2efd][bb1fc585-f087-407a-b043-49c06e320521] Polling for 2 video item(s) (baseline=49, hasUpload=true)...
2026-09-05T07:05:03.889Z [5675b801-6ee3-4010-9e82-dd34d41c2efd][bb1fc585-f087-407a-b043-49c06e320521] Generating... 0 ready, 0 failed / 2 total (0s) play_circle [HÀNH ĐỘ play_circle [HÀNH ĐỘ
2026-09-05T07:05:04.739Z [6978acf3-e65d-4bcd-b716-a558af58fa91][bb1fc585-f087-407a-b043-49c06e320521] Generating... 0 ready, 0 failed / 2 total (15s) play_circle 6% [HÀNH play_circle 6% [HÀNH
2026-09-05T07:05:06.903Z [5675b801-6ee3-4010-9e82-dd34d41c2efd][bb1fc585-f087-407a-b043-49c06e320521] Generating... 0 ready, 0 failed / 2 total (3s) play_circle [HÀNH ĐỘ play_circle [HÀNH ĐỘ
2026-09-05T07:05:07.760Z [6978acf3-e65d-4bcd-b716-a558af58fa91][bb1fc585-f087-407a-b043-49c06e320521] Generating... 0 ready, 0 failed / 2 total (18s) play_circle 8% [HÀNH play_circle 8% [HÀNH
2026-09-05T07:05:09.926Z [5675b801-6ee3-4010-9e82-dd34d41c2efd][bb1fc585-f087-407a-b043-49c06e320521] Generating... 0 ready, 0 failed / 2 total (6s) play_circle 0% [HÀNH play_circle 0% [HÀNH
2026-09-05T07:05:10.785Z [6978acf3-e65d-4bcd-b716-a558af58fa91][bb1fc585-f087-407a-b043-49c06e320521] Generating... 0 ready, 0 failed / 2 total (21s) play_circle 11% [HÀN play_circle 11% [HÀN
2026-09-05T07:05:12.945Z [5675b801-6ee3-4010-9e82-dd34d41c2efd][bb1fc585-f087-407a-b043-49c06e320521] Generating... 0 ready, 0 failed / 2 total (9s) play_circle 2% [HÀNH play_circle 1% [HÀNH
2026-09-05T07:05:13.808Z [6978acf3-e65d-4bcd-b716-a558af58fa91][bb1fc585-f087-407a-b043-49c06e320521] Generating... 0 ready, 0 failed / 2 total (24s) play_circle 14% [HÀN play_circle 14% [HÀN
2026-09-05T07:05:15.969Z [5675b801-6ee3-4010-9e82-dd34d41c2efd][bb1fc585-f087-407a-b043-49c06e320521] Generating... 0 ready, 0 failed / 2 total (12s) play_circle 5% [HÀNH play_circle 5% [HÀNH
2026-09-05T07:05:16.837Z [6978acf3-e65d-4bcd-b716-a558af58fa91][bb1fc585-f087-407a-b043-49c06e320521] Generating... 0 ready, 0 failed / 2 total (27s) play_circle 17% [HÀN play_circle 17% [HÀN
2026-09-05T07:05:19.097Z [5675b801-6ee3-4010-9e82-dd34d41c2efd][bb1fc585-f087-407a-b043-49c06e320521] Generating... 0 ready, 0 failed / 2 total (15s) play_circle 8% [HÀNH play_circle 8% [HÀNH
2026-09-05T07:05:19.855Z [6978acf3-e65d-4bcd-b716-a558af58fa91][bb1fc585-f087-407a-b043-49c06e320521] Generating... 0 ready, 0 failed / 2 total (30s) play_circle 20% [HÀN play_circle 20% [HÀN
2026-09-05T07:05:22.113Z [5675b801-6ee3-4010-9e82-dd34d41c2efd][bb1fc585-f087-407a-b043-49c06e320521] Generating... 0 ready, 0 failed / 2 total (18s) play_circle 10% [HÀN play_circle 10% [HÀN
2026-09-05T07:05:22.885Z [6978acf3-e65d-4bcd-b716-a558af58fa91][bb1fc585-f087-407a-b043-49c06e320521] Generating... 0 ready, 0 failed / 2 total (33s) play_circle 23% [HÀN play_circle 22% [HÀN
2026-09-05T07:05:25.132Z [5675b801-6ee3-4010-9e82-dd34d41c2efd][bb1fc585-f087-407a-b043-49c06e320521] Generating... 0 ready, 0 failed / 2 total (21s) play_circle 13% [HÀN play_circle 13% [HÀN
2026-09-05T07:05:25.904Z [6978acf3-e65d-4bcd-b716-a558af58fa91][bb1fc585-f087-407a-b043-49c06e320521] Generating... 0 ready, 0 failed / 2 total (36s) play_circle 25% [HÀN play_circle 25% [HÀN
2026-09-05T07:05:28.151Z [5675b801-6ee3-4010-9e82-dd34d41c2efd][bb1fc585-f087-407a-b043-49c06e320521] Generating... 0 ready, 0 failed / 2 total (24s) play_circle 16% [HÀN play_circle 16% [HÀN
2026-09-05T07:05:28.934Z [6978acf3-e65d-4bcd-b716-a558af58fa91][bb1fc585-f087-407a-b043-49c06e320521] Generating... 0 ready, 0 failed / 2 total (39s) play_circle 27% [HÀN play_circle 28% [HÀN
2026-09-05T07:05:31.168Z [5675b801-6ee3-4010-9e82-dd34d41c2efd][bb1fc585-f087-407a-b043-49c06e320521] Generating... 0 ready, 0 failed / 2 total (27s) play_circle 19% [HÀN play_circle 19% [HÀN
2026-09-05T07:05:31.954Z [6978acf3-e65d-4bcd-b716-a558af58fa91][bb1fc585-f087-407a-b043-49c06e320521] Generating... 0 ready, 0 failed / 2 total (42s) play_circle 31% [HÀN play_circle 31% [HÀN
2026-09-05T07:05:34.185Z [5675b801-6ee3-4010-9e82-dd34d41c2efd][bb1fc585-f087-407a-b043-49c06e320521] Generating... 0 ready, 0 failed / 2 total (30s) play_circle 22% [HÀN play_circle 22% [HÀN
2026-09-05T07:05:34.976Z [6978acf3-e65d-4bcd-b716-a558af58fa91][bb1fc585-f087-407a-b043-49c06e320521] Generating... 0 ready, 0 failed / 2 total (45s) play_circle 100% [HÀ play_circle 34% [HÀN
2026-09-05T07:05:37.204Z [5675b801-6ee3-4010-9e82-dd34d41c2efd][bb1fc585-f087-407a-b043-49c06e320521] Generating... 0 ready, 0 failed / 2 total (33s) play_circle 23% [HÀN play_circle 24% [HÀN
2026-09-05T07:05:37.987Z [6978acf3-e65d-4bcd-b716-a558af58fa91][bb1fc585-f087-407a-b043-49c06e320521] Generating... 0 ready, 0 failed / 2 total (48s) play_circle 100% [HÀ play_circle 36% [HÀN
2026-09-05T07:05:38.535Z [fccc3526-d94a-4e43-9ec9-cacaf1de4eab][bb1fc585-f087-407a-b043-49c06e320521] Item 2 (try 1): 1080p saved via the UI download flow.
2026-09-05T07:05:38.634Z [fccc3526-d94a-4e43-9ec9-cacaf1de4eab][bb1fc585-f087-407a-b043-49c06e320521] Item 2: upgraded to 1080p → D:\WINAI\Slow-English-with-Arlo_7_15_cmtlc8wj\video_2026-09-05T07-04-04_02.mp4
2026-09-05T07:05:38.634Z [fccc3526-d94a-4e43-9ec9-cacaf1de4eab][bb1fc585-f087-407a-b043-49c06e320521] Uploading 2 video(s) to Xanh...
2026-09-05T07:05:39.246Z [fccc3526-d94a-4e43-9ec9-cacaf1de4eab][bb1fc585-f087-407a-b043-49c06e320521] Item 2: Re-uploaded 1080p → https://studio.xanhmedia.vn/uploads/2026-09/1788591938941_1e2347_bb1fc585-f087-407a-b043-49c06e320521_fcc.mp4
2026-09-05T07:05:40.221Z [5675b801-6ee3-4010-9e82-dd34d41c2efd][bb1fc585-f087-407a-b043-49c06e320521] Generating... 0 ready, 0 failed / 2 total (36s) play_circle 27% [HÀN play_circle 27% [HÀN
2026-09-05T07:05:41.011Z [6978acf3-e65d-4bcd-b716-a558af58fa91][bb1fc585-f087-407a-b043-49c06e320521] Generating... 0 ready, 0 failed / 2 total (51s) [HÀNH ĐỘNG]Bắt đầu đ play_circle 39% [HÀN
2026-09-05T07:05:41.514Z [fccc3526-d94a-4e43-9ec9-cacaf1de4eab][bb1fc585-f087-407a-b043-49c06e320521] Item 1: Re-uploaded 1080p → https://studio.xanhmedia.vn/uploads/2026-09/1788591941211_da8883_bb1fc585-f087-407a-b043-49c06e320521_fcc.mp4
2026-09-05T07:05:41.515Z [fccc3526-d94a-4e43-9ec9-cacaf1de4eab][bb1fc585-f087-407a-b043-49c06e320521] ✅ 2 item(s) + 1080p saved to Downloads/Win AI Toolkit/
2026-09-05T07:05:41.517Z [fccc3526-d94a-4e43-9ec9-cacaf1de4eab][bb1fc585-f087-407a-b043-49c06e320521] All done (including any 1080p upgrades). Closing Playwright browser context.
2026-09-05T07:05:41.689Z [10017043-6ae0-4f75-a3d5-9fa094d86709][bb1fc585-f087-407a-b043-49c06e320521] Item 2 (try 1): 1080p saved via the UI download flow.
2026-09-05T07:05:41.730Z [10017043-6ae0-4f75-a3d5-9fa094d86709][bb1fc585-f087-407a-b043-49c06e320521] Item 2: upgraded to 1080p → D:\WINAI\Slow-English-with-Arlo_7_42_cmtlc8wk\video_2026-09-05T07-04-01_02.mp4
2026-09-05T07:05:41.730Z [10017043-6ae0-4f75-a3d5-9fa094d86709][bb1fc585-f087-407a-b043-49c06e320521] Uploading 2 video(s) to Xanh...
2026-09-05T07:05:42.296Z [10017043-6ae0-4f75-a3d5-9fa094d86709][bb1fc585-f087-407a-b043-49c06e320521] Item 1: Re-uploaded 1080p → https://studio.xanhmedia.vn/uploads/2026-09/1788591941993_2ffbab_bb1fc585-f087-407a-b043-49c06e320521_100.mp4
2026-09-05T07:05:43.236Z [5675b801-6ee3-4010-9e82-dd34d41c2efd][bb1fc585-f087-407a-b043-49c06e320521] Generating... 0 ready, 0 failed / 2 total (39s) play_circle 29% [HÀN play_circle 30% [HÀN
2026-09-05T07:05:44.034Z [6978acf3-e65d-4bcd-b716-a558af58fa91][bb1fc585-f087-407a-b043-49c06e320521] Generating... 1 ready, 0 failed / 2 total (54s) play_circle 42% [HÀN
2026-09-05T07:05:45.306Z [10017043-6ae0-4f75-a3d5-9fa094d86709][bb1fc585-f087-407a-b043-49c06e320521] Item 2: Re-uploaded 1080p → https://studio.xanhmedia.vn/uploads/2026-09/1788591944988_6b93a9_bb1fc585-f087-407a-b043-49c06e320521_100.mp4
2026-09-05T07:05:45.306Z [10017043-6ae0-4f75-a3d5-9fa094d86709][bb1fc585-f087-407a-b043-49c06e320521] ✅ 2 item(s) + 1080p saved to Downloads/Win AI Toolkit/
2026-09-05T07:05:45.310Z [10017043-6ae0-4f75-a3d5-9fa094d86709][bb1fc585-f087-407a-b043-49c06e320521] All done (including any 1080p upgrades). Closing Playwright browser context.
2026-09-05T07:05:46.250Z [5675b801-6ee3-4010-9e82-dd34d41c2efd][bb1fc585-f087-407a-b043-49c06e320521] Generating... 0 ready, 0 failed / 2 total (42s) play_circle 32% [HÀN play_circle 32% [HÀN
2026-09-05T07:05:47.051Z [6978acf3-e65d-4bcd-b716-a558af58fa91][bb1fc585-f087-407a-b043-49c06e320521] Generating... 1 ready, 0 failed / 2 total (57s) play_circle 100% [HÀ
2026-09-05T07:05:49.265Z [5675b801-6ee3-4010-9e82-dd34d41c2efd][bb1fc585-f087-407a-b043-49c06e320521] Generating... 0 ready, 0 failed / 2 total (45s) play_circle 35% [HÀN play_circle 35% [HÀN
2026-09-05T07:05:50.065Z [6978acf3-e65d-4bcd-b716-a558af58fa91][bb1fc585-f087-407a-b043-49c06e320521] Generating... 1 ready, 0 failed / 2 total (60s) [HÀNH ĐỘNG]Bắt đầu đ
2026-09-05T07:05:52.284Z [5675b801-6ee3-4010-9e82-dd34d41c2efd][bb1fc585-f087-407a-b043-49c06e320521] Generating... 0 ready, 0 failed / 2 total (48s) play_circle 37% [HÀN play_circle 38% [HÀN
2026-09-05T07:05:53.082Z [6978acf3-e65d-4bcd-b716-a558af58fa91][bb1fc585-f087-407a-b043-49c06e320521] Generating... 2 ready, 0 failed / 2 total (63s)
2026-09-05T07:05:53.082Z [6978acf3-e65d-4bcd-b716-a558af58fa91][bb1fc585-f087-407a-b043-49c06e320521] Batch done: 2 ready (target 2), 0 failed, scanned 2.
2026-09-05T07:05:53.082Z [6978acf3-e65d-4bcd-b716-a558af58fa91][bb1fc585-f087-407a-b043-49c06e320521] 2 item(s) ready! Downloading...
2026-09-05T07:05:53.083Z [6978acf3-e65d-4bcd-b716-a558af58fa91][bb1fc585-f087-407a-b043-49c06e320521] Item 1: no video source on the tile yet — hovering it to mount one.
2026-09-05T07:05:54.988Z [6978acf3-e65d-4bcd-b716-a558af58fa91][bb1fc585-f087-407a-b043-49c06e320521] Item 1: Downloading from URL https://flow-content.google/video/e567ad92-9ad7-454d-81b9-c949114a0a84?Expires=1788613534&KeyName=labs-flow-prod-cdn-key&Signature=Klv2a91W0Be8_ZMBXUZ-e7_ygLA
2026-09-05T07:05:55.312Z [5675b801-6ee3-4010-9e82-dd34d41c2efd][bb1fc585-f087-407a-b043-49c06e320521] Generating... 0 ready, 0 failed / 2 total (51s) play_circle 100% [HÀ play_circle 100% [HÀ
2026-09-05T07:05:56.437Z [6978acf3-e65d-4bcd-b716-a558af58fa91][bb1fc585-f087-407a-b043-49c06e320521] Downloaded 1/2: video_2026-09-05T07-05-53_01.mp4
2026-09-05T07:05:56.437Z [6978acf3-e65d-4bcd-b716-a558af58fa91][bb1fc585-f087-407a-b043-49c06e320521] Item 2: no video source on the tile yet — hovering it to mount one.
2026-09-05T07:05:58.030Z [6978acf3-e65d-4bcd-b716-a558af58fa91][bb1fc585-f087-407a-b043-49c06e320521] Item 2: Downloading from URL https://flow-content.google/video/96a92329-157e-4297-a33e-d14d1ae5886f?Expires=1788613544&KeyName=labs-flow-prod-cdn-key&Signature=n2IaHQ5OGy2OJjCJdUesnERybBY
2026-09-05T07:05:58.329Z [5675b801-6ee3-4010-9e82-dd34d41c2efd][bb1fc585-f087-407a-b043-49c06e320521] Generating... 0 ready, 0 failed / 2 total (54s) play_circle 100% [HÀ play_circle 100% [HÀ
2026-09-05T07:05:59.751Z [6978acf3-e65d-4bcd-b716-a558af58fa91][bb1fc585-f087-407a-b043-49c06e320521] Downloaded 2/2: video_2026-09-05T07-05-53_02.mp4
2026-09-05T07:05:59.752Z [6978acf3-e65d-4bcd-b716-a558af58fa91][bb1fc585-f087-407a-b043-49c06e320521] ✅ 2 item(s) saved to Downloads/Win AI Toolkit/
2026-09-05T07:06:01.353Z [5675b801-6ee3-4010-9e82-dd34d41c2efd][bb1fc585-f087-407a-b043-49c06e320521] Generating... 1 ready, 0 failed / 2 total (57s) [HÀNH ĐỘNG]Bắt đầu đ
2026-09-05T07:06:04.365Z [5675b801-6ee3-4010-9e82-dd34d41c2efd][bb1fc585-f087-407a-b043-49c06e320521] Generating... 2 ready, 0 failed / 2 total (60s)
2026-09-05T07:06:04.365Z [5675b801-6ee3-4010-9e82-dd34d41c2efd][bb1fc585-f087-407a-b043-49c06e320521] Batch done: 2 ready (target 2), 0 failed, scanned 2.
2026-09-05T07:06:04.365Z [5675b801-6ee3-4010-9e82-dd34d41c2efd][bb1fc585-f087-407a-b043-49c06e320521] 2 item(s) ready! Downloading...
2026-09-05T07:06:04.366Z [5675b801-6ee3-4010-9e82-dd34d41c2efd][bb1fc585-f087-407a-b043-49c06e320521] Item 1: no video source on the tile yet — hovering it to mount one.
2026-09-05T07:06:05.802Z [5675b801-6ee3-4010-9e82-dd34d41c2efd][bb1fc585-f087-407a-b043-49c06e320521] Item 1: Downloading from URL https://flow-content.google/video/b2e8e075-6673-4084-99ae-2979d2c8c98d?Expires=1788613553&KeyName=labs-flow-prod-cdn-key&Signature=_OoAnXT4UR18MHdLenAayj8P6zo
2026-09-05T07:06:07.644Z [5675b801-6ee3-4010-9e82-dd34d41c2efd][bb1fc585-f087-407a-b043-49c06e320521] Downloaded 1/2: video_2026-09-05T07-06-04_01.mp4
2026-09-05T07:06:07.645Z [5675b801-6ee3-4010-9e82-dd34d41c2efd][bb1fc585-f087-407a-b043-49c06e320521] Item 2: no video source on the tile yet — hovering it to mount one.
2026-09-05T07:06:09.555Z [5675b801-6ee3-4010-9e82-dd34d41c2efd][bb1fc585-f087-407a-b043-49c06e320521] Item 2: Downloading from URL https://flow-content.google/video/3d26205e-3e0f-4971-ace2-16b8d6708c81?Expires=1788613553&KeyName=labs-flow-prod-cdn-key&Signature=OVYwNCNGHcLZEZRhG9kdJHd2P-k
2026-09-05T07:06:09.956Z [5675b801-6ee3-4010-9e82-dd34d41c2efd][bb1fc585-f087-407a-b043-49c06e320521] Downloaded 2/2: video_2026-09-05T07-06-04_02.mp4
2026-09-05T07:06:09.957Z [5675b801-6ee3-4010-9e82-dd34d41c2efd][bb1fc585-f087-407a-b043-49c06e320521] ✅ 2 item(s) saved to Downloads/Win AI Toolkit/
2026-09-05T07:06:39.734Z [6978acf3-e65d-4bcd-b716-a558af58fa91][bb1fc585-f087-407a-b043-49c06e320521] Item 1 (try 1): 1080p saved via the UI download flow.
2026-09-05T07:06:39.795Z [6978acf3-e65d-4bcd-b716-a558af58fa91][bb1fc585-f087-407a-b043-49c06e320521] Item 1: upgraded to 1080p → D:\WINAI\Slow-English-with-Arlo_7_43_cmtlc8wk\video_2026-09-05T07-05-53_01.mp4
2026-09-05T07:06:54.139Z [5675b801-6ee3-4010-9e82-dd34d41c2efd][bb1fc585-f087-407a-b043-49c06e320521] Item 1 (try 1): 1080p saved via the UI download flow.
2026-09-05T07:06:54.229Z [5675b801-6ee3-4010-9e82-dd34d41c2efd][bb1fc585-f087-407a-b043-49c06e320521] Item 1: upgraded to 1080p → D:\WINAI\Slow-English-with-Arlo_7_46_cmtlc8wk\video_2026-09-05T07-06-04_01.mp4
2026-09-05T07:07:17.596Z [6978acf3-e65d-4bcd-b716-a558af58fa91][bb1fc585-f087-407a-b043-49c06e320521] Item 2 (try 1): 1080p saved via the UI download flow.
2026-09-05T07:07:17.663Z [6978acf3-e65d-4bcd-b716-a558af58fa91][bb1fc585-f087-407a-b043-49c06e320521] Item 2: upgraded to 1080p → D:\WINAI\Slow-English-with-Arlo_7_43_cmtlc8wk\video_2026-09-05T07-05-53_02.mp4
2026-09-05T07:07:17.663Z [6978acf3-e65d-4bcd-b716-a558af58fa91][bb1fc585-f087-407a-b043-49c06e320521] Uploading 2 video(s) to Xanh...
2026-09-05T07:07:18.504Z [6978acf3-e65d-4bcd-b716-a558af58fa91][bb1fc585-f087-407a-b043-49c06e320521] Item 2: Re-uploaded 1080p → https://studio.xanhmedia.vn/uploads/2026-09/1788592038192_37b55c_bb1fc585-f087-407a-b043-49c06e320521_697.mp4
2026-09-05T07:07:21.542Z [6978acf3-e65d-4bcd-b716-a558af58fa91][bb1fc585-f087-407a-b043-49c06e320521] Item 1: Re-uploaded 1080p → https://studio.xanhmedia.vn/uploads/2026-09/1788592041234_9004f2_bb1fc585-f087-407a-b043-49c06e320521_697.mp4
2026-09-05T07:07:21.542Z [6978acf3-e65d-4bcd-b716-a558af58fa91][bb1fc585-f087-407a-b043-49c06e320521] ✅ 2 item(s) + 1080p saved to Downloads/Win AI Toolkit/
2026-09-05T07:07:21.544Z [6978acf3-e65d-4bcd-b716-a558af58fa91][bb1fc585-f087-407a-b043-49c06e320521] All done (including any 1080p upgrades). Closing Playwright browser context.
2026-09-05T07:07:38.044Z [5675b801-6ee3-4010-9e82-dd34d41c2efd][bb1fc585-f087-407a-b043-49c06e320521] Item 2 (try 1): 1080p saved via the UI download flow.
2026-09-05T07:07:38.102Z [5675b801-6ee3-4010-9e82-dd34d41c2efd][bb1fc585-f087-407a-b043-49c06e320521] Item 2: upgraded to 1080p → D:\WINAI\Slow-English-with-Arlo_7_46_cmtlc8wk\video_2026-09-05T07-06-04_02.mp4
2026-09-05T07:07:38.103Z [5675b801-6ee3-4010-9e82-dd34d41c2efd][bb1fc585-f087-407a-b043-49c06e320521] Uploading 2 video(s) to Xanh...
2026-09-05T07:07:38.826Z [5675b801-6ee3-4010-9e82-dd34d41c2efd][bb1fc585-f087-407a-b043-49c06e320521] Item 1: Re-uploaded 1080p → https://studio.xanhmedia.vn/uploads/2026-09/1788592058508_9788ee_bb1fc585-f087-407a-b043-49c06e320521_567.mp4
2026-09-05T07:07:38.831Z [5675b801-6ee3-4010-9e82-dd34d41c2efd][bb1fc585-f087-407a-b043-49c06e320521] Item 2: Re-uploaded 1080p → https://studio.xanhmedia.vn/uploads/2026-09/1788592058524_8e76f9_bb1fc585-f087-407a-b043-49c06e320521_567.mp4
2026-09-05T07:07:38.832Z [5675b801-6ee3-4010-9e82-dd34d41c2efd][bb1fc585-f087-407a-b043-49c06e320521] ✅ 2 item(s) + 1080p saved to Downloads/Win AI Toolkit/
2026-09-05T07:07:38.833Z [5675b801-6ee3-4010-9e82-dd34d41c2efd][bb1fc585-f087-407a-b043-49c06e320521] All done (including any 1080p upgrades). Closing Playwright browser context.
2026-09-05T07:07:41.362Z [58892b6e-5f3b-4a1a-9996-97eb9d4fac7d][bb1fc585-f087-407a-b043-49c06e320521] runGeneration starting: task_id=58892b6e-5f3b-4a1a-9996-97eb9d4fac7d, profile_id=bb1fc585-f087-407a-b043-49c06e320521, target_site=google_flow
2026-09-05T07:07:41.362Z [4edaae05-bfd2-4868-a0ec-a2d8b95848b1][bb1fc585-f087-407a-b043-49c06e320521] runGeneration starting: task_id=4edaae05-bfd2-4868-a0ec-a2d8b95848b1, profile_id=bb1fc585-f087-407a-b043-49c06e320521, target_site=google_flow
2026-09-05T07:07:41.363Z [58892b6e-5f3b-4a1a-9996-97eb9d4fac7d][bb1fc585-f087-407a-b043-49c06e320521] Opening Playwright browser with persistent profile cookies...
2026-09-05T07:07:41.363Z [4edaae05-bfd2-4868-a0ec-a2d8b95848b1][bb1fc585-f087-407a-b043-49c06e320521] Opening Playwright browser with persistent profile cookies...
2026-09-05T07:07:41.363Z [58892b6e-5f3b-4a1a-9996-97eb9d4fac7d][bb1fc585-f087-407a-b043-49c06e320521] Browser engine: winhide (C:\Users\Admin\AppData\Roaming\com.tank.winai\winhide\chrome.exe) [hidden off-screen]
2026-09-05T07:07:41.363Z [4edaae05-bfd2-4868-a0ec-a2d8b95848b1][bb1fc585-f087-407a-b043-49c06e320521] Browser engine: winhide (C:\Users\Admin\AppData\Roaming\com.tank.winai\winhide\chrome.exe) [hidden off-screen]
2026-09-05T07:07:41.364Z [58892b6e-5f3b-4a1a-9996-97eb9d4fac7d][bb1fc585-f087-407a-b043-49c06e320521] Launch mode: STEALTH (raw spawn + connectOverCDP)
2026-09-05T07:07:41.364Z [4edaae05-bfd2-4868-a0ec-a2d8b95848b1][bb1fc585-f087-407a-b043-49c06e320521] Launch mode: STEALTH (raw spawn + connectOverCDP)
2026-09-05T07:07:43.148Z [58892b6e-5f3b-4a1a-9996-97eb9d4fac7d][bb1fc585-f087-407a-b043-49c06e320521] Exit IP: 115.74.128.9
2026-09-05T07:07:43.148Z [58892b6e-5f3b-4a1a-9996-97eb9d4fac7d][bb1fc585-f087-407a-b043-49c06e320521] Navigating browser to Google Flow tools page...
2026-09-05T07:07:43.149Z [58892b6e-5f3b-4a1a-9996-97eb9d4fac7d][bb1fc585-f087-407a-b043-49c06e320521] Using existing project URL: https://flow.google.com/project/cae2bf2b-d1b8-40f9-a300-9f2aa6276ea5?hl=en
2026-09-05T07:07:43.198Z [4edaae05-bfd2-4868-a0ec-a2d8b95848b1][bb1fc585-f087-407a-b043-49c06e320521] Exit IP: 115.74.128.9
2026-09-05T07:07:43.198Z [4edaae05-bfd2-4868-a0ec-a2d8b95848b1][bb1fc585-f087-407a-b043-49c06e320521] Navigating browser to Google Flow tools page...
2026-09-05T07:07:43.199Z [4edaae05-bfd2-4868-a0ec-a2d8b95848b1][bb1fc585-f087-407a-b043-49c06e320521] Using existing project URL: https://flow.google.com/project/cd81a7d3-c989-419e-891a-f8694174cb85?hl=en
2026-09-05T07:07:44.176Z [58892b6e-5f3b-4a1a-9996-97eb9d4fac7d][bb1fc585-f087-407a-b043-49c06e320521] Waiting for Google Flow...
2026-09-05T07:07:44.202Z [4edaae05-bfd2-4868-a0ec-a2d8b95848b1][bb1fc585-f087-407a-b043-49c06e320521] Waiting for Google Flow...
2026-09-05T07:07:45.772Z [4edaae05-bfd2-4868-a0ec-a2d8b95848b1][bb1fc585-f087-407a-b043-49c06e320521] In existing project ✓
2026-09-05T07:07:46.058Z [58892b6e-5f3b-4a1a-9996-97eb9d4fac7d][bb1fc585-f087-407a-b043-49c06e320521] In existing project ✓
2026-09-05T07:07:46.647Z [4edaae05-bfd2-4868-a0ec-a2d8b95848b1][bb1fc585-f087-407a-b043-49c06e320521] dismissPopups: unresolved overlay(s) ["IFRAME[presentation]|btns="]
2026-09-05T07:07:46.931Z [58892b6e-5f3b-4a1a-9996-97eb9d4fac7d][bb1fc585-f087-407a-b043-49c06e320521] dismissPopups: unresolved overlay(s) ["IFRAME[presentation]|btns="]
2026-09-05T07:07:49.625Z [4edaae05-bfd2-4868-a0ec-a2d8b95848b1][bb1fc585-f087-407a-b043-49c06e320521] Composer ready ✓ (UI language: en)
2026-09-05T07:07:49.649Z [4edaae05-bfd2-4868-a0ec-a2d8b95848b1][bb1fc585-f087-407a-b043-49c06e320521] dismissPopups: unresolved overlay(s) ["DIV[]|btns=","DIV[]|btns="]
2026-09-05T07:07:49.669Z [4edaae05-bfd2-4868-a0ec-a2d8b95848b1][bb1fc585-f087-407a-b043-49c06e320521] Agent toggle aria-pressed=false
2026-09-05T07:07:49.669Z [4edaae05-bfd2-4868-a0ec-a2d8b95848b1][bb1fc585-f087-407a-b043-49c06e320521] Opening settings...
2026-09-05T07:07:50.371Z [58892b6e-5f3b-4a1a-9996-97eb9d4fac7d][bb1fc585-f087-407a-b043-49c06e320521] Composer ready ✓ (UI language: en)
2026-09-05T07:07:50.389Z [58892b6e-5f3b-4a1a-9996-97eb9d4fac7d][bb1fc585-f087-407a-b043-49c06e320521] dismissPopups: unresolved overlay(s) ["DIV[]|btns=","DIV[]|btns="]
2026-09-05T07:07:50.405Z [58892b6e-5f3b-4a1a-9996-97eb9d4fac7d][bb1fc585-f087-407a-b043-49c06e320521] Agent toggle aria-pressed=false
2026-09-05T07:07:50.406Z [58892b6e-5f3b-4a1a-9996-97eb9d4fac7d][bb1fc585-f087-407a-b043-49c06e320521] Opening settings...
2026-09-05T07:07:51.707Z [4edaae05-bfd2-4868-a0ec-a2d8b95848b1][bb1fc585-f087-407a-b043-49c06e320521] Configuring video settings...
2026-09-05T07:07:51.730Z [4edaae05-bfd2-4868-a0ec-a2d8b95848b1][bb1fc585-f087-407a-b043-49c06e320521] Mode: "videocam Video" already selected ✓
2026-09-05T07:07:52.286Z [58892b6e-5f3b-4a1a-9996-97eb9d4fac7d][bb1fc585-f087-407a-b043-49c06e320521] Configuring video settings...
2026-09-05T07:07:52.311Z [58892b6e-5f3b-4a1a-9996-97eb9d4fac7d][bb1fc585-f087-407a-b043-49c06e320521] Mode: "videocam Video" already selected ✓
2026-09-05T07:07:54.613Z [58892b6e-5f3b-4a1a-9996-97eb9d4fac7d][bb1fc585-f087-407a-b043-49c06e320521] Video type: selected "crop_free Frames" ✓
2026-09-05T07:07:54.702Z [4edaae05-bfd2-4868-a0ec-a2d8b95848b1][bb1fc585-f087-407a-b043-49c06e320521] Video type: selected "crop_free Frames" ✓
2026-09-05T07:07:58.702Z [4edaae05-bfd2-4868-a0ec-a2d8b95848b1][bb1fc585-f087-407a-b043-49c06e320521] Model: selected "Veo 3.1 - Lite [Lower Priority]" ✓
2026-09-05T07:07:59.374Z [4edaae05-bfd2-4868-a0ec-a2d8b95848b1][bb1fc585-f087-407a-b043-49c06e320521] Aspect ratio: "crop_16_9 16:9" already selected ✓
2026-09-05T07:07:59.377Z [4edaae05-bfd2-4868-a0ec-a2d8b95848b1][bb1fc585-f087-407a-b043-49c06e320521] Video resolution: toggle group "Video resolution" not present (model may not offer it) — skipped.
2026-09-05T07:07:59.403Z [4edaae05-bfd2-4868-a0ec-a2d8b95848b1][bb1fc585-f087-407a-b043-49c06e320521] Duration: "8s" already selected ✓
2026-09-05T07:07:59.423Z [4edaae05-bfd2-4868-a0ec-a2d8b95848b1][bb1fc585-f087-407a-b043-49c06e320521] Output count: "x2" already selected ✓
2026-09-05T07:07:59.753Z [58892b6e-5f3b-4a1a-9996-97eb9d4fac7d][bb1fc585-f087-407a-b043-49c06e320521] Model: selected "Veo 3.1 - Lite [Lower Priority]" ✓
2026-09-05T07:08:00.335Z [58892b6e-5f3b-4a1a-9996-97eb9d4fac7d][bb1fc585-f087-407a-b043-49c06e320521] Aspect ratio: "crop_16_9 16:9" already selected ✓
2026-09-05T07:08:00.340Z [58892b6e-5f3b-4a1a-9996-97eb9d4fac7d][bb1fc585-f087-407a-b043-49c06e320521] Video resolution: toggle group "Video resolution" not present (model may not offer it) — skipped.
2026-09-05T07:08:00.365Z [58892b6e-5f3b-4a1a-9996-97eb9d4fac7d][bb1fc585-f087-407a-b043-49c06e320521] Duration: "8s" already selected ✓
2026-09-05T07:08:00.385Z [58892b6e-5f3b-4a1a-9996-97eb9d4fac7d][bb1fc585-f087-407a-b043-49c06e320521] Output count: "x2" already selected ✓
2026-09-05T07:08:00.458Z [4edaae05-bfd2-4868-a0ec-a2d8b95848b1][bb1fc585-f087-407a-b043-49c06e320521] Start keyframe: downloading from URL...
2026-09-05T07:08:00.630Z [4edaae05-bfd2-4868-a0ec-a2d8b95848b1][bb1fc585-f087-407a-b043-49c06e320521] Downloader: no-proxy request context ready.
2026-09-05T07:08:00.915Z [4edaae05-bfd2-4868-a0ec-a2d8b95848b1][bb1fc585-f087-407a-b043-49c06e320521] Start keyframe: saved 119227 bytes (image/png) as "1788443124403_b8b565_60f7c834-1526-409d-b017-21db20795e19_cb1.png"
2026-09-05T07:08:00.942Z [4edaae05-bfd2-4868-a0ec-a2d8b95848b1][bb1fc585-f087-407a-b043-49c06e320521] Start keyframe: setting start keyframe...
2026-09-05T07:08:01.338Z [58892b6e-5f3b-4a1a-9996-97eb9d4fac7d][bb1fc585-f087-407a-b043-49c06e320521] Start keyframe: downloading from URL...
2026-09-05T07:08:01.594Z [58892b6e-5f3b-4a1a-9996-97eb9d4fac7d][bb1fc585-f087-407a-b043-49c06e320521] Downloader: no-proxy request context ready.
2026-09-05T07:08:01.824Z [58892b6e-5f3b-4a1a-9996-97eb9d4fac7d][bb1fc585-f087-407a-b043-49c06e320521] Start keyframe: saved 140441 bytes (image/png) as "1788443436286_87f221_60f7c834-1526-409d-b017-21db20795e19_854.png"
2026-09-05T07:08:01.847Z [58892b6e-5f3b-4a1a-9996-97eb9d4fac7d][bb1fc585-f087-407a-b043-49c06e320521] Start keyframe: setting start keyframe...
2026-09-05T07:08:03.181Z [4edaae05-bfd2-4868-a0ec-a2d8b95848b1][bb1fc585-f087-407a-b043-49c06e320521] Start keyframe: reusing library asset "1788443124403_b8b565_60f7c834-1526-409d-b017-21db20795e19_cb1.png" (no re-upload).
2026-09-05T07:08:04.347Z [58892b6e-5f3b-4a1a-9996-97eb9d4fac7d][bb1fc585-f087-407a-b043-49c06e320521] Start keyframe: "1788443436286_87f221_60f7c834-1526-409d-b017-21db20795e19_854.png" not in the library yet — uploading it first.
2026-09-05T07:08:06.058Z [4edaae05-bfd2-4868-a0ec-a2d8b95848b1][bb1fc585-f087-407a-b043-49c06e320521] Start keyframe: start keyframe attached ✓
2026-09-05T07:08:06.068Z [4edaae05-bfd2-4868-a0ec-a2d8b95848b1][bb1fc585-f087-407a-b043-49c06e320521] Entering prompt...
2026-09-05T07:08:07.813Z [4edaae05-bfd2-4868-a0ec-a2d8b95848b1][bb1fc585-f087-407a-b043-49c06e320521] Prompt is 982 chars — typing it in 20 chunk(s).
2026-09-05T07:08:08.604Z [58892b6e-5f3b-4a1a-9996-97eb9d4fac7d][bb1fc585-f087-407a-b043-49c06e320521] Start keyframe: uploading "1788443436286_87f221_60f7c834-1526-409d-b017-21db20795e19_854.png" to the project library...
2026-09-05T07:08:09.564Z [58892b6e-5f3b-4a1a-9996-97eb9d4fac7d][bb1fc585-f087-407a-b043-49c06e320521] Start keyframe: upload finished ✓
2026-09-05T07:08:16.468Z [4edaae05-bfd2-4868-a0ec-a2d8b95848b1][bb1fc585-f087-407a-b043-49c06e320521] Prompt insert attempt 1: editor has 973 chars (want ~978) ✓
2026-09-05T07:08:18.244Z [4edaae05-bfd2-4868-a0ec-a2d8b95848b1][bb1fc585-f087-407a-b043-49c06e320521] Baseline: 50 pre-existing media tile(s) of 50 mounted (kinds: video,video,image,video,video,video,video,video,video,image,video,video,image,video,video,image,video,video,image,video,video,image,video,video,image,video,video,image,video,video,image,video,video,image,video,image,video,video,image,video,video,image,video,video,image,video,image,video,video,image).
2026-09-05T07:08:18.297Z [58892b6e-5f3b-4a1a-9996-97eb9d4fac7d][bb1fc585-f087-407a-b043-49c06e320521] Start keyframe: start keyframe attached ✓
2026-09-05T07:08:18.308Z [58892b6e-5f3b-4a1a-9996-97eb9d4fac7d][bb1fc585-f087-407a-b043-49c06e320521] Entering prompt...
2026-09-05T07:08:19.773Z [58892b6e-5f3b-4a1a-9996-97eb9d4fac7d][bb1fc585-f087-407a-b043-49c06e320521] Prompt is 964 chars — typing it in 19 chunk(s).
2026-09-05T07:08:20.323Z [4edaae05-bfd2-4868-a0ec-a2d8b95848b1][bb1fc585-f087-407a-b043-49c06e320521] [submit] confirmed (editor "What do you want to ", fresh tile=true).
2026-09-05T07:08:20.763Z [4edaae05-bfd2-4868-a0ec-a2d8b95848b1][bb1fc585-f087-407a-b043-49c06e320521] Current Workspace project URL: https://flow.google.com/project/cd81a7d3-c989-419e-891a-f8694174cb85?hl=en
2026-09-05T07:08:20.763Z [4edaae05-bfd2-4868-a0ec-a2d8b95848b1][bb1fc585-f087-407a-b043-49c06e320521] Submitted ✓ Detecting batch size...
2026-09-05T07:08:20.778Z [4edaae05-bfd2-4868-a0ec-a2d8b95848b1][bb1fc585-f087-407a-b043-49c06e320521] New tile(s) since submit: 0 → 2 (mounted=50)
2026-09-05T07:08:24.923Z [4edaae05-bfd2-4868-a0ec-a2d8b95848b1][bb1fc585-f087-407a-b043-49c06e320521] Batch size stabilised at 2 new tile(s)
2026-09-05T07:08:24.923Z [4edaae05-bfd2-4868-a0ec-a2d8b95848b1][bb1fc585-f087-407a-b043-49c06e320521] Batch detected: 2 item(s). Generating...
2026-09-05T07:08:24.923Z [4edaae05-bfd2-4868-a0ec-a2d8b95848b1][bb1fc585-f087-407a-b043-49c06e320521] Polling for 2 video item(s) (baseline=50, hasUpload=true)...
2026-09-05T07:08:24.932Z [4edaae05-bfd2-4868-a0ec-a2d8b95848b1][bb1fc585-f087-407a-b043-49c06e320521] Generating... 0 ready, 0 failed / 2 total (0s) play_circle [HÀNH ĐỘ play_circle [HÀNH ĐỘ
2026-09-05T07:08:27.947Z [4edaae05-bfd2-4868-a0ec-a2d8b95848b1][bb1fc585-f087-407a-b043-49c06e320521] Generating... 0 ready, 0 failed / 2 total (3s) play_circle [HÀNH ĐỘ play_circle [HÀNH ĐỘ
2026-09-05T07:08:28.117Z [58892b6e-5f3b-4a1a-9996-97eb9d4fac7d][bb1fc585-f087-407a-b043-49c06e320521] Prompt insert attempt 1: editor has 953 chars (want ~960) ✓
2026-09-05T07:08:29.845Z [58892b6e-5f3b-4a1a-9996-97eb9d4fac7d][bb1fc585-f087-407a-b043-49c06e320521] Baseline: 48 pre-existing media tile(s) of 48 mounted (kinds: image,video,video,image,video,video,image,video,image,video,video,image,video,video,image,video,video,image,video,video,image,video,video,image,video,image,video,video,image,video,video,image,video,video,image,video,video,image,video,video,image,video,video,image,image,image,video,video).
2026-09-05T07:08:30.976Z [4edaae05-bfd2-4868-a0ec-a2d8b95848b1][bb1fc585-f087-407a-b043-49c06e320521] Generating... 0 ready, 0 failed / 2 total (6s) play_circle [HÀNH ĐỘ play_circle [HÀNH ĐỘ
2026-09-05T07:08:32.180Z [58892b6e-5f3b-4a1a-9996-97eb9d4fac7d][bb1fc585-f087-407a-b043-49c06e320521] [submit] confirmed (editor "What do you want to ", fresh tile=true).
2026-09-05T07:08:32.872Z [58892b6e-5f3b-4a1a-9996-97eb9d4fac7d][bb1fc585-f087-407a-b043-49c06e320521] Current Workspace project URL: https://flow.google.com/project/cae2bf2b-d1b8-40f9-a300-9f2aa6276ea5?hl=en
2026-09-05T07:08:32.873Z [58892b6e-5f3b-4a1a-9996-97eb9d4fac7d][bb1fc585-f087-407a-b043-49c06e320521] Submitted ✓ Detecting batch size...
2026-09-05T07:08:32.886Z [58892b6e-5f3b-4a1a-9996-97eb9d4fac7d][bb1fc585-f087-407a-b043-49c06e320521] New tile(s) since submit: 0 → 2 (mounted=49)
2026-09-05T07:08:34.005Z [4edaae05-bfd2-4868-a0ec-a2d8b95848b1][bb1fc585-f087-407a-b043-49c06e320521] Generating... 0 ready, 0 failed / 2 total (9s) play_circle 1% [HÀNH play_circle 0% [HÀNH
2026-09-05T07:08:37.025Z [4edaae05-bfd2-4868-a0ec-a2d8b95848b1][bb1fc585-f087-407a-b043-49c06e320521] Generating... 0 ready, 0 failed / 2 total (12s) play_circle 4% [HÀNH play_circle 3% [HÀNH
2026-09-05T07:08:37.037Z [58892b6e-5f3b-4a1a-9996-97eb9d4fac7d][bb1fc585-f087-407a-b043-49c06e320521] Batch size stabilised at 2 new tile(s)
2026-09-05T07:08:37.037Z [58892b6e-5f3b-4a1a-9996-97eb9d4fac7d][bb1fc585-f087-407a-b043-49c06e320521] Batch detected: 2 item(s). Generating...
2026-09-05T07:08:37.038Z [58892b6e-5f3b-4a1a-9996-97eb9d4fac7d][bb1fc585-f087-407a-b043-49c06e320521] Polling for 2 video item(s) (baseline=48, hasUpload=true)...
2026-09-05T07:08:37.048Z [58892b6e-5f3b-4a1a-9996-97eb9d4fac7d][bb1fc585-f087-407a-b043-49c06e320521] Generating... 0 ready, 0 failed / 2 total (0s) play_circle [HÀNH ĐỘ play_circle [HÀNH ĐỘ
2026-09-05T07:08:40.047Z [4edaae05-bfd2-4868-a0ec-a2d8b95848b1][bb1fc585-f087-407a-b043-49c06e320521] Generating... 0 ready, 0 failed / 2 total (15s) play_circle 5% [HÀNH play_circle 6% [HÀNH
2026-09-05T07:08:40.075Z [58892b6e-5f3b-4a1a-9996-97eb9d4fac7d][bb1fc585-f087-407a-b043-49c06e320521] Generating... 0 ready, 0 failed / 2 total (3s) play_circle [HÀNH ĐỘ play_circle [HÀNH ĐỘ
2026-09-05T07:08:43.063Z [4edaae05-bfd2-4868-a0ec-a2d8b95848b1][bb1fc585-f087-407a-b043-49c06e320521] Generating... 0 ready, 0 failed / 2 total (18s) play_circle 9% [HÀNH play_circle 9% [HÀNH
2026-09-05T07:08:43.091Z [58892b6e-5f3b-4a1a-9996-97eb9d4fac7d][bb1fc585-f087-407a-b043-49c06e320521] Generating... 0 ready, 0 failed / 2 total (6s) play_circle 0% [HÀNH play_circle 0% [HÀNH
2026-09-05T07:08:46.084Z [4edaae05-bfd2-4868-a0ec-a2d8b95848b1][bb1fc585-f087-407a-b043-49c06e320521] Generating... 0 ready, 0 failed / 2 total (21s) play_circle 12% [HÀN play_circle 12% [HÀN
2026-09-05T07:08:46.110Z [58892b6e-5f3b-4a1a-9996-97eb9d4fac7d][bb1fc585-f087-407a-b043-49c06e320521] Generating... 0 ready, 0 failed / 2 total (9s) play_circle 3% [HÀNH play_circle 3% [HÀNH
2026-09-05T07:08:49.103Z [4edaae05-bfd2-4868-a0ec-a2d8b95848b1][bb1fc585-f087-407a-b043-49c06e320521] Generating... 0 ready, 0 failed / 2 total (24s) play_circle 15% [HÀN play_circle 15% [HÀN
2026-09-05T07:08:49.123Z [58892b6e-5f3b-4a1a-9996-97eb9d4fac7d][bb1fc585-f087-407a-b043-49c06e320521] Generating... 0 ready, 0 failed / 2 total (12s) play_circle 6% [HÀNH play_circle 6% [HÀNH
2026-09-05T07:08:52.125Z [4edaae05-bfd2-4868-a0ec-a2d8b95848b1][bb1fc585-f087-407a-b043-49c06e320521] Generating... 0 ready, 0 failed / 2 total (27s) play_circle 16% [HÀN play_circle 17% [HÀN
2026-09-05T07:08:52.147Z [58892b6e-5f3b-4a1a-9996-97eb9d4fac7d][bb1fc585-f087-407a-b043-49c06e320521] Generating... 0 ready, 0 failed / 2 total (15s) play_circle 9% [HÀNH play_circle 9% [HÀNH
2026-09-05T07:08:55.147Z [4edaae05-bfd2-4868-a0ec-a2d8b95848b1][bb1fc585-f087-407a-b043-49c06e320521] Generating... 0 ready, 0 failed / 2 total (30s) play_circle 20% [HÀN play_circle 20% [HÀN
2026-09-05T07:08:55.165Z [58892b6e-5f3b-4a1a-9996-97eb9d4fac7d][bb1fc585-f087-407a-b043-49c06e320521] Generating... 0 ready, 0 failed / 2 total (18s) play_circle 11% [HÀN play_circle 11% [HÀN
2026-09-05T07:08:58.163Z [4edaae05-bfd2-4868-a0ec-a2d8b95848b1][bb1fc585-f087-407a-b043-49c06e320521] Generating... 0 ready, 0 failed / 2 total (33s) play_circle 23% [HÀN play_circle 22% [HÀN
2026-09-05T07:08:58.191Z [58892b6e-5f3b-4a1a-9996-97eb9d4fac7d][bb1fc585-f087-407a-b043-49c06e320521] Generating... 0 ready, 0 failed / 2 total (21s) play_circle 14% [HÀN play_circle 14% [HÀN
2026-09-05T07:09:01.179Z [4edaae05-bfd2-4868-a0ec-a2d8b95848b1][bb1fc585-f087-407a-b043-49c06e320521] Generating... 0 ready, 0 failed / 2 total (36s) play_circle 25% [HÀN play_circle 25% [HÀN
2026-09-05T07:09:01.212Z [58892b6e-5f3b-4a1a-9996-97eb9d4fac7d][bb1fc585-f087-407a-b043-49c06e320521] Generating... 0 ready, 0 failed / 2 total (24s) play_circle 17% [HÀN play_circle 17% [HÀN
2026-09-05T07:09:04.205Z [4edaae05-bfd2-4868-a0ec-a2d8b95848b1][bb1fc585-f087-407a-b043-49c06e320521] Generating... 0 ready, 0 failed / 2 total (39s) play_circle 29% [HÀN play_circle 29% [HÀN
2026-09-05T07:09:04.238Z [58892b6e-5f3b-4a1a-9996-97eb9d4fac7d][bb1fc585-f087-407a-b043-49c06e320521] Generating... 0 ready, 0 failed / 2 total (27s) play_circle 20% [HÀN play_circle 20% [HÀN
2026-09-05T07:09:07.224Z [4edaae05-bfd2-4868-a0ec-a2d8b95848b1][bb1fc585-f087-407a-b043-49c06e320521] Generating... 0 ready, 0 failed / 2 total (42s) play_circle 32% [HÀN play_circle 32% [HÀN
2026-09-05T07:09:07.355Z [58892b6e-5f3b-4a1a-9996-97eb9d4fac7d][bb1fc585-f087-407a-b043-49c06e320521] Generating... 0 ready, 0 failed / 2 total (30s) play_circle 23% [HÀN play_circle 23% [HÀN
2026-09-05T07:09:10.377Z [58892b6e-5f3b-4a1a-9996-97eb9d4fac7d][bb1fc585-f087-407a-b043-49c06e320521] Generating... 0 ready, 0 failed / 2 total (33s) play_circle 26% [HÀN play_circle 25% [HÀN
2026-09-05T07:09:10.643Z [4edaae05-bfd2-4868-a0ec-a2d8b95848b1][bb1fc585-f087-407a-b043-49c06e320521] Generating... 0 ready, 0 failed / 2 total (46s) play_circle 35% [HÀN
2026-09-05T07:09:13.396Z [58892b6e-5f3b-4a1a-9996-97eb9d4fac7d][bb1fc585-f087-407a-b043-49c06e320521] Generating... 0 ready, 0 failed / 2 total (36s) play_circle 28% [HÀN play_circle 27% [HÀN
2026-09-05T07:09:13.663Z [4edaae05-bfd2-4868-a0ec-a2d8b95848b1][bb1fc585-f087-407a-b043-49c06e320521] Generating... 0 ready, 0 failed / 2 total (49s) play_circle 36% [HÀN
2026-09-05T07:09:16.416Z [58892b6e-5f3b-4a1a-9996-97eb9d4fac7d][bb1fc585-f087-407a-b043-49c06e320521] Generating... 0 ready, 0 failed / 2 total (39s) play_circle 31% [HÀN play_circle 31% [HÀN
2026-09-05T07:09:16.683Z [4edaae05-bfd2-4868-a0ec-a2d8b95848b1][bb1fc585-f087-407a-b043-49c06e320521] Generating... 0 ready, 0 failed / 2 total (52s)
2026-09-05T07:09:16.683Z [4edaae05-bfd2-4868-a0ec-a2d8b95848b1][bb1fc585-f087-407a-b043-49c06e320521] This run's tiles disappeared from the grid — waiting to see if the grid is just re-rendering.