=== WINAI TELEMETRY LOG ===
PC: DESKTOP-8ID1E1D | User: Admin
Time: 2026-09-05T14:42:09.327698700+07:00
Reason: batch_finished_image
Lines: 3000
===========================

2026-09-05T07:19:00.444Z [9c217c8c-54c3-466f-86cb-c6b05e921e8a][bb1fc585-f087-407a-b043-49c06e320521] Ref image 9/10: saved 272277 bytes (image/jpeg) as "Verdant Water Park Small Side Table.jpeg"
2026-09-05T07:19:00.447Z [9c217c8c-54c3-466f-86cb-c6b05e921e8a][bb1fc585-f087-407a-b043-49c06e320521] Ref image 9/10: attaching reference image...
2026-09-05T07:19:01.764Z [c7e3f811-b262-4d4d-8ade-837f536cb9bc][bb1fc585-f087-407a-b043-49c06e320521] Generating... 0 ready, 0 failed / 4 total (36s) image 99% [BỐI CẢNH] image 99% [BỐI CẢNH] image 99% [BỐI CẢNH]
2026-09-05T07:19:02.654Z [9c217c8c-54c3-466f-86cb-c6b05e921e8a][bb1fc585-f087-407a-b043-49c06e320521] Ref image 9/10: "Verdant Water Park Small Side Table.jpeg" not in the library yet — uploading it first.
2026-09-05T07:19:03.125Z [e08b2869-1493-47cf-9f99-8626321d0c04][bb1fc585-f087-407a-b043-49c06e320521] Ref image 5/5: chips 4→5 ✓
2026-09-05T07:19:03.140Z [e08b2869-1493-47cf-9f99-8626321d0c04][bb1fc585-f087-407a-b043-49c06e320521] Entering prompt...
2026-09-05T07:19:04.694Z [e08b2869-1493-47cf-9f99-8626321d0c04][bb1fc585-f087-407a-b043-49c06e320521] Prompt is 2242 chars — typing it in 30 chunk(s).
2026-09-05T07:19:04.785Z [c7e3f811-b262-4d4d-8ade-837f536cb9bc][bb1fc585-f087-407a-b043-49c06e320521] Generating... 0 ready, 0 failed / 4 total (39s) [BỐI CẢNH]Verdant Fa image 99% [BỐI CẢNH] image 99% [BỐI CẢNH]
2026-09-05T07:19:06.159Z [9c217c8c-54c3-466f-86cb-c6b05e921e8a][bb1fc585-f087-407a-b043-49c06e320521] Ref image 9/10: uploading "Verdant Water Park Small Side Table.jpeg" to the project library...
2026-09-05T07:19:07.001Z [9c217c8c-54c3-466f-86cb-c6b05e921e8a][bb1fc585-f087-407a-b043-49c06e320521] Ref image 9/10: upload finished ✓
2026-09-05T07:19:07.804Z [c7e3f811-b262-4d4d-8ade-837f536cb9bc][bb1fc585-f087-407a-b043-49c06e320521] Generating... 1 ready, 0 failed / 4 total (42s) image 99% [BỐI CẢNH] image 99% [BỐI CẢNH]
2026-09-05T07:19:10.150Z [a720c17f-2321-4934-97b9-ca5393be5178][bb1fc585-f087-407a-b043-49c06e320521] Prompt insert attempt 1: editor has 2266 chars (want ~2313) ✓
2026-09-05T07:19:10.828Z [c7e3f811-b262-4d4d-8ade-837f536cb9bc][bb1fc585-f087-407a-b043-49c06e320521] Generating... 1 ready, 0 failed / 4 total (45s) image 99% [BỐI CẢNH] image 99% [BỐI CẢNH]
2026-09-05T07:19:12.338Z [a720c17f-2321-4934-97b9-ca5393be5178][bb1fc585-f087-407a-b043-49c06e320521] Baseline: 48 pre-existing media tile(s) of 48 mounted (kinds: image,image,image,image,image,image,image,image,image,image,image,image,image,image,image,image,image,image,video,video,image,video,video,image,video,image,video,video,image,video,video,image,video,video,image,video,video,image,video,video,image,video,image,video,video,image,video,video).
2026-09-05T07:19:13.844Z [c7e3f811-b262-4d4d-8ade-837f536cb9bc][bb1fc585-f087-407a-b043-49c06e320521] Generating... 1 ready, 0 failed / 4 total (48s) image 99% [BỐI CẢNH] image 99% [BỐI CẢNH]
2026-09-05T07:19:14.172Z [a720c17f-2321-4934-97b9-ca5393be5178][bb1fc585-f087-407a-b043-49c06e320521] [submit] confirmed (editor "What do you want to ", fresh tile=true).
2026-09-05T07:19:14.620Z [a720c17f-2321-4934-97b9-ca5393be5178][bb1fc585-f087-407a-b043-49c06e320521] Current Workspace project URL: https://flow.google.com/project/cae2bf2b-d1b8-40f9-a300-9f2aa6276ea5?hl=en
2026-09-05T07:19:14.620Z [a720c17f-2321-4934-97b9-ca5393be5178][bb1fc585-f087-407a-b043-49c06e320521] Submitted ✓ Detecting batch size...
2026-09-05T07:19:14.638Z [a720c17f-2321-4934-97b9-ca5393be5178][bb1fc585-f087-407a-b043-49c06e320521] New tile(s) since submit: 0 → 4 (mounted=48)
2026-09-05T07:19:16.351Z [9c217c8c-54c3-466f-86cb-c6b05e921e8a][bb1fc585-f087-407a-b043-49c06e320521] Ref image 9/10: chips 8→9 ✓
2026-09-05T07:19:16.889Z [c7e3f811-b262-4d4d-8ade-837f536cb9bc][bb1fc585-f087-407a-b043-49c06e320521] Generating... 1 ready, 0 failed / 4 total (51s) image 100% [BỐI CẢNH image 99% [BỐI CẢNH]
2026-09-05T07:19:17.272Z [9c217c8c-54c3-466f-86cb-c6b05e921e8a][bb1fc585-f087-407a-b043-49c06e320521] Ref image 10/10: downloading from URL...
2026-09-05T07:19:17.305Z [e08b2869-1493-47cf-9f99-8626321d0c04][bb1fc585-f087-407a-b043-49c06e320521] Prompt insert attempt 1: editor has 2190 chars (want ~2235) ✓
2026-09-05T07:19:17.997Z [9c217c8c-54c3-466f-86cb-c6b05e921e8a][bb1fc585-f087-407a-b043-49c06e320521] Ref image 10/10: saved 926103 bytes (image/jpeg) as "Verdant Family Water Park Master.jpeg"
2026-09-05T07:19:18.005Z [9c217c8c-54c3-466f-86cb-c6b05e921e8a][bb1fc585-f087-407a-b043-49c06e320521] Ref image 10/10: attaching reference image...
2026-09-05T07:19:18.858Z [a720c17f-2321-4934-97b9-ca5393be5178][bb1fc585-f087-407a-b043-49c06e320521] Batch size stabilised at 4 new tile(s)
2026-09-05T07:19:18.859Z [a720c17f-2321-4934-97b9-ca5393be5178][bb1fc585-f087-407a-b043-49c06e320521] Batch detected: 4 item(s). Generating...
2026-09-05T07:19:18.859Z [a720c17f-2321-4934-97b9-ca5393be5178][bb1fc585-f087-407a-b043-49c06e320521] Polling for 4 image item(s) (baseline=48, hasUpload=true)...
2026-09-05T07:19:18.877Z [a720c17f-2321-4934-97b9-ca5393be5178][bb1fc585-f087-407a-b043-49c06e320521] Generating... 0 ready, 0 failed / 4 total (0s) image 34% [BỐI CẢNH] image 34% [BỐI CẢNH] image 34% [BỐI CẢNH] image 34% [BỐI CẢNH]
2026-09-05T07:19:19.246Z [e08b2869-1493-47cf-9f99-8626321d0c04][bb1fc585-f087-407a-b043-49c06e320521] Baseline: 48 pre-existing media tile(s) of 48 mounted (kinds: image,image,image,image,image,image,image,image,image,image,image,image,image,image,image,image,image,image,video,video,image,video,video,video,video,video,video,image,video,video,image,video,video,image,video,video,image,video,video,image,video,video,image,video,video,image,video,video).
2026-09-05T07:19:19.913Z [c7e3f811-b262-4d4d-8ade-837f536cb9bc][bb1fc585-f087-407a-b043-49c06e320521] Generating... 1 ready, 0 failed / 4 total (54s) [BỐI CẢNH]Verdant Fa [BỐI CẢNH]Verdant Fa
2026-09-05T07:19:20.121Z [9c217c8c-54c3-466f-86cb-c6b05e921e8a][bb1fc585-f087-407a-b043-49c06e320521] Ref image 10/10: reusing library asset "Verdant Family Water Park Master.jpeg" (no re-upload).
2026-09-05T07:19:21.536Z [e08b2869-1493-47cf-9f99-8626321d0c04][bb1fc585-f087-407a-b043-49c06e320521] [submit] confirmed (editor "What do you want to ", fresh tile=true).
2026-09-05T07:19:21.891Z [a720c17f-2321-4934-97b9-ca5393be5178][bb1fc585-f087-407a-b043-49c06e320521] Generating... 0 ready, 0 failed / 4 total (3s) image 54% [BỐI CẢNH] image 54% [BỐI CẢNH] image 54% [BỐI CẢNH] image 54% [BỐI CẢNH]
2026-09-05T07:19:22.074Z [e08b2869-1493-47cf-9f99-8626321d0c04][bb1fc585-f087-407a-b043-49c06e320521] Current Workspace project URL: https://flow.google.com/project/cd81a7d3-c989-419e-891a-f8694174cb85?hl=en
2026-09-05T07:19:22.075Z [e08b2869-1493-47cf-9f99-8626321d0c04][bb1fc585-f087-407a-b043-49c06e320521] Submitted ✓ Detecting batch size...
2026-09-05T07:19:22.091Z [e08b2869-1493-47cf-9f99-8626321d0c04][bb1fc585-f087-407a-b043-49c06e320521] New tile(s) since submit: 0 → 4 (mounted=48)
2026-09-05T07:19:22.927Z [c7e3f811-b262-4d4d-8ade-837f536cb9bc][bb1fc585-f087-407a-b043-49c06e320521] Generating... 3 ready, 0 failed / 4 total (57s)
2026-09-05T07:19:23.649Z [9c217c8c-54c3-466f-86cb-c6b05e921e8a][bb1fc585-f087-407a-b043-49c06e320521] Ref image 10/10: chips 9→10 ✓
2026-09-05T07:19:23.659Z [9c217c8c-54c3-466f-86cb-c6b05e921e8a][bb1fc585-f087-407a-b043-49c06e320521] Entering prompt...
2026-09-05T07:19:24.906Z [a720c17f-2321-4934-97b9-ca5393be5178][bb1fc585-f087-407a-b043-49c06e320521] Generating... 0 ready, 0 failed / 4 total (6s) image 74% [BỐI CẢNH] image 74% [BỐI CẢNH] image 74% [BỐI CẢNH] image 74% [BỐI CẢNH]
2026-09-05T07:19:25.333Z [9c217c8c-54c3-466f-86cb-c6b05e921e8a][bb1fc585-f087-407a-b043-49c06e320521] Prompt is 2461 chars — typing it in 37 chunk(s).
2026-09-05T07:19:25.944Z [c7e3f811-b262-4d4d-8ade-837f536cb9bc][bb1fc585-f087-407a-b043-49c06e320521] Generating... 3 ready, 0 failed / 4 total (60s)
2026-09-05T07:19:26.221Z [e08b2869-1493-47cf-9f99-8626321d0c04][bb1fc585-f087-407a-b043-49c06e320521] Batch size stabilised at 4 new tile(s)
2026-09-05T07:19:26.221Z [e08b2869-1493-47cf-9f99-8626321d0c04][bb1fc585-f087-407a-b043-49c06e320521] Batch detected: 4 item(s). Generating...
2026-09-05T07:19:26.222Z [e08b2869-1493-47cf-9f99-8626321d0c04][bb1fc585-f087-407a-b043-49c06e320521] Polling for 4 image item(s) (baseline=48, hasUpload=true)...
2026-09-05T07:19:26.235Z [e08b2869-1493-47cf-9f99-8626321d0c04][bb1fc585-f087-407a-b043-49c06e320521] Generating... 0 ready, 0 failed / 4 total (0s) image 34% [BỐI CẢNH] image 34% [BỐI CẢNH] image 34% [BỐI CẢNH] image 34% [BỐI CẢNH]
2026-09-05T07:19:27.924Z [a720c17f-2321-4934-97b9-ca5393be5178][bb1fc585-f087-407a-b043-49c06e320521] Generating... 0 ready, 0 failed / 4 total (9s) image 94% [BỐI CẢNH] image 94% [BỐI CẢNH] image 94% [BỐI CẢNH] image 94% [BỐI CẢNH]
2026-09-05T07:19:28.961Z [c7e3f811-b262-4d4d-8ade-837f536cb9bc][bb1fc585-f087-407a-b043-49c06e320521] Generating... 3 ready, 0 failed / 4 total (63s)
2026-09-05T07:19:29.257Z [e08b2869-1493-47cf-9f99-8626321d0c04][bb1fc585-f087-407a-b043-49c06e320521] Generating... 0 ready, 0 failed / 4 total (3s) image 54% [BỐI CẢNH] image 54% [BỐI CẢNH] image 54% [BỐI CẢNH] image 54% [BỐI CẢNH]
2026-09-05T07:19:30.939Z [a720c17f-2321-4934-97b9-ca5393be5178][bb1fc585-f087-407a-b043-49c06e320521] Generating... 0 ready, 0 failed / 4 total (12s) image 99% [BỐI CẢNH] image 99% [BỐI CẢNH] image 99% [BỐI CẢNH] image 99% [BỐI CẢNH]
2026-09-05T07:19:31.975Z [c7e3f811-b262-4d4d-8ade-837f536cb9bc][bb1fc585-f087-407a-b043-49c06e320521] Generating... 3 ready, 0 failed / 4 total (66s)
2026-09-05T07:19:32.276Z [e08b2869-1493-47cf-9f99-8626321d0c04][bb1fc585-f087-407a-b043-49c06e320521] Generating... 0 ready, 0 failed / 4 total (6s) image 74% [BỐI CẢNH] image 74% [BỐI CẢNH] image 74% [BỐI CẢNH] image 74% [BỐI CẢNH]
2026-09-05T07:19:33.955Z [a720c17f-2321-4934-97b9-ca5393be5178][bb1fc585-f087-407a-b043-49c06e320521] Generating... 0 ready, 0 failed / 4 total (15s) image 99% [BỐI CẢNH] image 99% [BỐI CẢNH] image 99% [BỐI CẢNH] image 99% [BỐI CẢNH]
2026-09-05T07:19:34.992Z [c7e3f811-b262-4d4d-8ade-837f536cb9bc][bb1fc585-f087-407a-b043-49c06e320521] Generating... 3 ready, 0 failed / 4 total (69s)
2026-09-05T07:19:35.291Z [e08b2869-1493-47cf-9f99-8626321d0c04][bb1fc585-f087-407a-b043-49c06e320521] Generating... 0 ready, 0 failed / 4 total (9s) image 94% [BỐI CẢNH] image 94% [BỐI CẢNH] image 94% [BỐI CẢNH] image 94% [BỐI CẢNH]
2026-09-05T07:19:36.976Z [a720c17f-2321-4934-97b9-ca5393be5178][bb1fc585-f087-407a-b043-49c06e320521] Generating... 0 ready, 0 failed / 4 total (18s) image 99% [BỐI CẢNH] image 99% [BỐI CẢNH] image 99% [BỐI CẢNH] image 99% [BỐI CẢNH]
2026-09-05T07:19:38.004Z [c7e3f811-b262-4d4d-8ade-837f536cb9bc][bb1fc585-f087-407a-b043-49c06e320521] Generating... 3 ready, 0 failed / 4 total (72s)
2026-09-05T07:19:38.304Z [e08b2869-1493-47cf-9f99-8626321d0c04][bb1fc585-f087-407a-b043-49c06e320521] Generating... 0 ready, 0 failed / 4 total (12s) image 99% [BỐI CẢNH] image 99% [BỐI CẢNH] image 99% [BỐI CẢNH] image 99% [BỐI CẢNH]
2026-09-05T07:19:39.992Z [a720c17f-2321-4934-97b9-ca5393be5178][bb1fc585-f087-407a-b043-49c06e320521] Generating... 0 ready, 0 failed / 4 total (21s) image 99% [BỐI CẢNH] image 99% [BỐI CẢNH] image 99% [BỐI CẢNH] image 99% [BỐI CẢNH]
2026-09-05T07:19:41.024Z [c7e3f811-b262-4d4d-8ade-837f536cb9bc][bb1fc585-f087-407a-b043-49c06e320521] Generating... 3 ready, 0 failed / 4 total (75s)
2026-09-05T07:19:41.327Z [e08b2869-1493-47cf-9f99-8626321d0c04][bb1fc585-f087-407a-b043-49c06e320521] Generating... 0 ready, 0 failed / 4 total (15s) image 99% [BỐI CẢNH] image 99% [BỐI CẢNH] image 99% [BỐI CẢNH] image 99% [BỐI CẢNH]
2026-09-05T07:19:41.604Z [9c217c8c-54c3-466f-86cb-c6b05e921e8a][bb1fc585-f087-407a-b043-49c06e320521] Prompt insert attempt 1: editor has 2404 chars (want ~2454) ✓
2026-09-05T07:19:43.005Z [a720c17f-2321-4934-97b9-ca5393be5178][bb1fc585-f087-407a-b043-49c06e320521] Generating... 0 ready, 0 failed / 4 total (24s) image 99% [BỐI CẢNH] image 99% [BỐI CẢNH] image 99% [BỐI CẢNH] image 99% [BỐI CẢNH]
2026-09-05T07:19:43.664Z [9c217c8c-54c3-466f-86cb-c6b05e921e8a][bb1fc585-f087-407a-b043-49c06e320521] Baseline: 48 pre-existing media tile(s) of 48 mounted (kinds: image,image,image,image,image,image,image,image,image,image,image,image,image,image,image,image,image,image,video,video,image,image,video,video,image,video,video,image,video,video,video,image,video,video,image,video,video,image,video,video,video,image,video,video,image,video,video,image).
2026-09-05T07:19:44.042Z [c7e3f811-b262-4d4d-8ade-837f536cb9bc][bb1fc585-f087-407a-b043-49c06e320521] Generating... 3 ready, 0 failed / 4 total (79s)
2026-09-05T07:19:44.345Z [e08b2869-1493-47cf-9f99-8626321d0c04][bb1fc585-f087-407a-b043-49c06e320521] Generating... 0 ready, 0 failed / 4 total (18s) image 99% [BỐI CẢNH] image 99% [BỐI CẢNH] image 99% [BỐI CẢNH] image 99% [BỐI CẢNH]
2026-09-05T07:19:45.822Z [9c217c8c-54c3-466f-86cb-c6b05e921e8a][bb1fc585-f087-407a-b043-49c06e320521] [submit] confirmed (editor "What do you want to ", fresh tile=true).
2026-09-05T07:19:46.027Z [a720c17f-2321-4934-97b9-ca5393be5178][bb1fc585-f087-407a-b043-49c06e320521] Generating... 0 ready, 0 failed / 4 total (27s) image 99% [BỐI CẢNH] image 99% [BỐI CẢNH] image 99% [BỐI CẢNH] image 99% [BỐI CẢNH]
2026-09-05T07:19:46.464Z [9c217c8c-54c3-466f-86cb-c6b05e921e8a][bb1fc585-f087-407a-b043-49c06e320521] Current Workspace project URL: https://flow.google.com/project/c2a607c5-d833-4be1-8108-407b74d4ed85?hl=en
2026-09-05T07:19:46.465Z [9c217c8c-54c3-466f-86cb-c6b05e921e8a][bb1fc585-f087-407a-b043-49c06e320521] Submitted ✓ Detecting batch size...
2026-09-05T07:19:46.476Z [9c217c8c-54c3-466f-86cb-c6b05e921e8a][bb1fc585-f087-407a-b043-49c06e320521] New tile(s) since submit: 0 → 4 (mounted=48)
2026-09-05T07:19:47.056Z [c7e3f811-b262-4d4d-8ade-837f536cb9bc][bb1fc585-f087-407a-b043-49c06e320521] Generating... 3 ready, 0 failed / 4 total (82s)
2026-09-05T07:19:47.361Z [e08b2869-1493-47cf-9f99-8626321d0c04][bb1fc585-f087-407a-b043-49c06e320521] Generating... 0 ready, 0 failed / 4 total (21s) image 99% [BỐI CẢNH] image 99% [BỐI CẢNH] image 99% [BỐI CẢNH] image 99% [BỐI CẢNH]
2026-09-05T07:19:49.043Z [a720c17f-2321-4934-97b9-ca5393be5178][bb1fc585-f087-407a-b043-49c06e320521] Generating... 0 ready, 0 failed / 4 total (30s) image 99% [BỐI CẢNH] image 99% [BỐI CẢNH] image 99% [BỐI CẢNH] image 99% [BỐI CẢNH]
2026-09-05T07:19:50.076Z [c7e3f811-b262-4d4d-8ade-837f536cb9bc][bb1fc585-f087-407a-b043-49c06e320521] Generating... 3 ready, 0 failed / 4 total (85s)
2026-09-05T07:19:50.378Z [e08b2869-1493-47cf-9f99-8626321d0c04][bb1fc585-f087-407a-b043-49c06e320521] Generating... 0 ready, 0 failed / 4 total (24s) image 99% [BỐI CẢNH] image 99% [BỐI CẢNH] image 99% [BỐI CẢNH] image 99% [BỐI CẢNH]
2026-09-05T07:19:50.654Z [9c217c8c-54c3-466f-86cb-c6b05e921e8a][bb1fc585-f087-407a-b043-49c06e320521] Batch size stabilised at 4 new tile(s)
2026-09-05T07:19:50.655Z [9c217c8c-54c3-466f-86cb-c6b05e921e8a][bb1fc585-f087-407a-b043-49c06e320521] Batch detected: 4 item(s). Generating...
2026-09-05T07:19:50.655Z [9c217c8c-54c3-466f-86cb-c6b05e921e8a][bb1fc585-f087-407a-b043-49c06e320521] Polling for 4 image item(s) (baseline=48, hasUpload=true)...
2026-09-05T07:19:50.668Z [9c217c8c-54c3-466f-86cb-c6b05e921e8a][bb1fc585-f087-407a-b043-49c06e320521] Generating... 0 ready, 0 failed / 4 total (0s) image 34% [BỐI CẢNH] image 34% [BỐI CẢNH] image 34% [BỐI CẢNH] image 34% [BỐI CẢNH]
2026-09-05T07:19:52.064Z [a720c17f-2321-4934-97b9-ca5393be5178][bb1fc585-f087-407a-b043-49c06e320521] Generating... 0 ready, 0 failed / 4 total (33s) image 99% [BỐI CẢNH] image 99% [BỐI CẢNH] image 99% [BỐI CẢNH] image 99% [BỐI CẢNH]
2026-09-05T07:19:53.099Z [c7e3f811-b262-4d4d-8ade-837f536cb9bc][bb1fc585-f087-407a-b043-49c06e320521] Generating... 3 ready, 0 failed / 4 total (88s)
2026-09-05T07:19:53.400Z [e08b2869-1493-47cf-9f99-8626321d0c04][bb1fc585-f087-407a-b043-49c06e320521] Generating... 0 ready, 0 failed / 4 total (27s) image 99% [BỐI CẢNH] image 99% [BỐI CẢNH] image 99% [BỐI CẢNH] image 99% [BỐI CẢNH]
2026-09-05T07:19:53.705Z [9c217c8c-54c3-466f-86cb-c6b05e921e8a][bb1fc585-f087-407a-b043-49c06e320521] Generating... 0 ready, 0 failed / 4 total (3s) image 54% [BỐI CẢNH] image 54% [BỐI CẢNH] image 54% [BỐI CẢNH] image 54% [BỐI CẢNH]
2026-09-05T07:19:55.086Z [a720c17f-2321-4934-97b9-ca5393be5178][bb1fc585-f087-407a-b043-49c06e320521] Generating... 0 ready, 0 failed / 4 total (36s) image 99% [BỐI CẢNH] image 99% [BỐI CẢNH] image 99% [BỐI CẢNH] image 99% [BỐI CẢNH]
2026-09-05T07:19:56.114Z [c7e3f811-b262-4d4d-8ade-837f536cb9bc][bb1fc585-f087-407a-b043-49c06e320521] Generating... 3 ready, 0 failed / 4 total (91s)
2026-09-05T07:19:56.421Z [e08b2869-1493-47cf-9f99-8626321d0c04][bb1fc585-f087-407a-b043-49c06e320521] Generating... 0 ready, 0 failed / 4 total (30s) image 99% [BỐI CẢNH] image 99% [BỐI CẢNH] image 99% [BỐI CẢNH] image 99% [BỐI CẢNH]
2026-09-05T07:19:56.725Z [9c217c8c-54c3-466f-86cb-c6b05e921e8a][bb1fc585-f087-407a-b043-49c06e320521] Generating... 0 ready, 0 failed / 4 total (6s) image 74% [BỐI CẢNH] image 74% [BỐI CẢNH] image 74% [BỐI CẢNH] image 74% [BỐI CẢNH]
2026-09-05T07:19:58.103Z [a720c17f-2321-4934-97b9-ca5393be5178][bb1fc585-f087-407a-b043-49c06e320521] Generating... 0 ready, 0 failed / 4 total (39s) image 99% [BỐI CẢNH] image 99% [BỐI CẢNH] image 99% [BỐI CẢNH] image 99% [BỐI CẢNH]
2026-09-05T07:19:59.134Z [c7e3f811-b262-4d4d-8ade-837f536cb9bc][bb1fc585-f087-407a-b043-49c06e320521] Generating... 3 ready, 0 failed / 4 total (94s)
2026-09-05T07:19:59.440Z [e08b2869-1493-47cf-9f99-8626321d0c04][bb1fc585-f087-407a-b043-49c06e320521] Generating... 0 ready, 0 failed / 4 total (33s) image 99% [BỐI CẢNH] image 99% [BỐI CẢNH] image 99% [BỐI CẢNH] image 99% [BỐI CẢNH]
2026-09-05T07:19:59.742Z [9c217c8c-54c3-466f-86cb-c6b05e921e8a][bb1fc585-f087-407a-b043-49c06e320521] Generating... 0 ready, 0 failed / 4 total (9s) image 94% [BỐI CẢNH] image 94% [BỐI CẢNH] image 94% [BỐI CẢNH] image 94% [BỐI CẢNH]
2026-09-05T07:20:01.120Z [a720c17f-2321-4934-97b9-ca5393be5178][bb1fc585-f087-407a-b043-49c06e320521] Generating... 0 ready, 0 failed / 4 total (42s) [BỐI CẢNH]Verdant Fa image 99% [BỐI CẢNH] [BỐI CẢNH]Verdant Fa image 99% [BỐI CẢNH]
2026-09-05T07:20:02.157Z [c7e3f811-b262-4d4d-8ade-837f536cb9bc][bb1fc585-f087-407a-b043-49c06e320521] Generating... 3 ready, 0 failed / 4 total (97s)
2026-09-05T07:20:02.475Z [e08b2869-1493-47cf-9f99-8626321d0c04][bb1fc585-f087-407a-b043-49c06e320521] Generating... 0 ready, 0 failed / 4 total (36s) [BỐI CẢNH]Verdant Fa image 99% [BỐI CẢNH] image 100% [BỐI CẢNH image 99% [BỐI CẢNH]
2026-09-05T07:20:02.762Z [9c217c8c-54c3-466f-86cb-c6b05e921e8a][bb1fc585-f087-407a-b043-49c06e320521] Generating... 0 ready, 0 failed / 4 total (12s) image 99% [BỐI CẢNH] image 99% [BỐI CẢNH] image 99% [BỐI CẢNH] image 99% [BỐI CẢNH]
2026-09-05T07:20:04.136Z [a720c17f-2321-4934-97b9-ca5393be5178][bb1fc585-f087-407a-b043-49c06e320521] Generating... 2 ready, 0 failed / 4 total (45s) image 99% [BỐI CẢNH] image 99% [BỐI CẢNH]
2026-09-05T07:20:05.174Z [c7e3f811-b262-4d4d-8ade-837f536cb9bc][bb1fc585-f087-407a-b043-49c06e320521] Generating... 3 ready, 0 failed / 4 total (100s)
2026-09-05T07:20:05.491Z [e08b2869-1493-47cf-9f99-8626321d0c04][bb1fc585-f087-407a-b043-49c06e320521] Generating... 1 ready, 0 failed / 4 total (39s) [BỐI CẢNH]Verdant Fa [BỐI CẢNH]Verdant Fa [BỐI CẢNH]Verdant Fa
2026-09-05T07:20:05.786Z [9c217c8c-54c3-466f-86cb-c6b05e921e8a][bb1fc585-f087-407a-b043-49c06e320521] Generating... 0 ready, 0 failed / 4 total (15s) image 99% [BỐI CẢNH] image 99% [BỐI CẢNH] image 99% [BỐI CẢNH] image 99% [BỐI CẢNH]
2026-09-05T07:20:07.149Z [a720c17f-2321-4934-97b9-ca5393be5178][bb1fc585-f087-407a-b043-49c06e320521] Generating... 2 ready, 0 failed / 4 total (48s) image 99% [BỐI CẢNH] image 99% [BỐI CẢNH]
2026-09-05T07:20:08.193Z [c7e3f811-b262-4d4d-8ade-837f536cb9bc][bb1fc585-f087-407a-b043-49c06e320521] Generating... 3 ready, 0 failed / 4 total (103s)
2026-09-05T07:20:08.508Z [e08b2869-1493-47cf-9f99-8626321d0c04][bb1fc585-f087-407a-b043-49c06e320521] Generating... 4 ready, 0 failed / 4 total (42s)
2026-09-05T07:20:08.508Z [e08b2869-1493-47cf-9f99-8626321d0c04][bb1fc585-f087-407a-b043-49c06e320521] Batch done: 4 ready (target 4), 0 failed, scanned 4.
2026-09-05T07:20:08.509Z [e08b2869-1493-47cf-9f99-8626321d0c04][bb1fc585-f087-407a-b043-49c06e320521] 4 item(s) ready! Downloading...
2026-09-05T07:20:08.510Z [e08b2869-1493-47cf-9f99-8626321d0c04][bb1fc585-f087-407a-b043-49c06e320521] Item 1: Downloading from URL https://flow-content.google/image/3f34eec0-0403-4784-a8ee-d906722b3d82?Expires=1788614363&KeyName=labs-flow-prod-cdn-key&Signature=MqgGJU9sirm2Jg1TTU_syESw1xQ
2026-09-05T07:20:08.805Z [9c217c8c-54c3-466f-86cb-c6b05e921e8a][bb1fc585-f087-407a-b043-49c06e320521] Generating... 0 ready, 0 failed / 4 total (18s) image 99% [BỐI CẢNH] image 99% [BỐI CẢNH] image 99% [BỐI CẢNH] image 99% [BỐI CẢNH]
2026-09-05T07:20:08.826Z [e08b2869-1493-47cf-9f99-8626321d0c04][bb1fc585-f087-407a-b043-49c06e320521] Downloaded 1/4: winai_2026-09-05T07-20-08_01.jpg
2026-09-05T07:20:08.827Z [e08b2869-1493-47cf-9f99-8626321d0c04][bb1fc585-f087-407a-b043-49c06e320521] Item 2: Downloading from URL https://flow-content.google/image/f02aadc8-2129-46bd-aa5c-4fa8c504982a?Expires=1788614362&KeyName=labs-flow-prod-cdn-key&Signature=CcV7-OrlWEFMlNVIQfNwzOE3IlM
2026-09-05T07:20:08.907Z [e08b2869-1493-47cf-9f99-8626321d0c04][bb1fc585-f087-407a-b043-49c06e320521] Downloaded 2/4: winai_2026-09-05T07-20-08_02.jpg
2026-09-05T07:20:08.908Z [e08b2869-1493-47cf-9f99-8626321d0c04][bb1fc585-f087-407a-b043-49c06e320521] Item 3: Downloading from URL https://flow-content.google/image/227421eb-62e3-4f68-9e04-04a7e4aaa474?Expires=1788614361&KeyName=labs-flow-prod-cdn-key&Signature=XMg8R0O1jaor_PaMV_HUWiS9g0c
2026-09-05T07:20:08.989Z [e08b2869-1493-47cf-9f99-8626321d0c04][bb1fc585-f087-407a-b043-49c06e320521] Downloaded 3/4: winai_2026-09-05T07-20-08_03.jpg
2026-09-05T07:20:08.989Z [e08b2869-1493-47cf-9f99-8626321d0c04][bb1fc585-f087-407a-b043-49c06e320521] Item 4: Downloading from URL https://flow-content.google/image/3456eeab-e711-4da9-aa77-ed069703fbbf?Expires=1788614361&KeyName=labs-flow-prod-cdn-key&Signature=gnqwLM5LtZuUxk5c0xxfeS1zQvE
2026-09-05T07:20:09.061Z [e08b2869-1493-47cf-9f99-8626321d0c04][bb1fc585-f087-407a-b043-49c06e320521] Downloaded 4/4: winai_2026-09-05T07-20-08_04.jpg
2026-09-05T07:20:09.061Z [e08b2869-1493-47cf-9f99-8626321d0c04][bb1fc585-f087-407a-b043-49c06e320521] ✅ 4 item(s) saved to Downloads/Win AI Toolkit/
2026-09-05T07:20:09.332Z [e08b2869-1493-47cf-9f99-8626321d0c04][bb1fc585-f087-407a-b043-49c06e320521] Item 1: Uploaded → https://studio.xanhmedia.vn/uploads/2026-09/1788592809035_67afe7_bb1fc585-f087-407a-b043-49c06e320521_e08.jpg
2026-09-05T07:20:09.371Z [e08b2869-1493-47cf-9f99-8626321d0c04][bb1fc585-f087-407a-b043-49c06e320521] Item 4: Uploaded → https://studio.xanhmedia.vn/uploads/2026-09/1788592809074_6bb98e_bb1fc585-f087-407a-b043-49c06e320521_e08.jpg
2026-09-05T07:20:09.393Z [e08b2869-1493-47cf-9f99-8626321d0c04][bb1fc585-f087-407a-b043-49c06e320521] Item 2: Uploaded → https://studio.xanhmedia.vn/uploads/2026-09/1788592809082_e927fc_bb1fc585-f087-407a-b043-49c06e320521_e08.jpg
2026-09-05T07:20:09.396Z [e08b2869-1493-47cf-9f99-8626321d0c04][bb1fc585-f087-407a-b043-49c06e320521] Item 3: Uploaded → https://studio.xanhmedia.vn/uploads/2026-09/1788592809090_d2572a_bb1fc585-f087-407a-b043-49c06e320521_e08.jpg
2026-09-05T07:20:09.401Z [e08b2869-1493-47cf-9f99-8626321d0c04][bb1fc585-f087-407a-b043-49c06e320521] All done (including any 1080p upgrades). Closing Playwright browser context.
2026-09-05T07:20:09.923Z [624a234c-caa4-4119-afc0-6d65420f255a][bb1fc585-f087-407a-b043-49c06e320521] runGeneration starting: task_id=624a234c-caa4-4119-afc0-6d65420f255a, profile_id=bb1fc585-f087-407a-b043-49c06e320521, target_site=google_flow
2026-09-05T07:20:09.924Z [624a234c-caa4-4119-afc0-6d65420f255a][bb1fc585-f087-407a-b043-49c06e320521] Opening Playwright browser with persistent profile cookies...
2026-09-05T07:20:09.925Z [624a234c-caa4-4119-afc0-6d65420f255a][bb1fc585-f087-407a-b043-49c06e320521] Browser engine: winhide (C:\Users\Admin\AppData\Roaming\com.tank.winai\winhide\chrome.exe) [hidden off-screen]
2026-09-05T07:20:09.925Z [624a234c-caa4-4119-afc0-6d65420f255a][bb1fc585-f087-407a-b043-49c06e320521] Launch mode: STEALTH (raw spawn + connectOverCDP)
2026-09-05T07:20:10.166Z [a720c17f-2321-4934-97b9-ca5393be5178][bb1fc585-f087-407a-b043-49c06e320521] Generating... 2 ready, 0 failed / 4 total (51s) image 99% [BỐI CẢNH] image 99% [BỐI CẢNH]
2026-09-05T07:20:11.226Z [c7e3f811-b262-4d4d-8ade-837f536cb9bc][bb1fc585-f087-407a-b043-49c06e320521] Generating... 3 ready, 0 failed / 4 total (106s)
2026-09-05T07:20:11.830Z [9c217c8c-54c3-466f-86cb-c6b05e921e8a][bb1fc585-f087-407a-b043-49c06e320521] Generating... 0 ready, 0 failed / 4 total (21s) image 99% [BỐI CẢNH] image 99% [BỐI CẢNH] image 99% [BỐI CẢNH] image 99% [BỐI CẢNH]
2026-09-05T07:20:12.268Z [624a234c-caa4-4119-afc0-6d65420f255a][bb1fc585-f087-407a-b043-49c06e320521] Exit IP: 115.74.128.9
2026-09-05T07:20:12.269Z [624a234c-caa4-4119-afc0-6d65420f255a][bb1fc585-f087-407a-b043-49c06e320521] Navigating browser to Google Flow tools page...
2026-09-05T07:20:12.269Z [624a234c-caa4-4119-afc0-6d65420f255a][bb1fc585-f087-407a-b043-49c06e320521] Using existing project URL: https://flow.google.com/project/cd81a7d3-c989-419e-891a-f8694174cb85?hl=en
2026-09-05T07:20:13.193Z [a720c17f-2321-4934-97b9-ca5393be5178][bb1fc585-f087-407a-b043-49c06e320521] Generating... 2 ready, 0 failed / 4 total (54s) [BỐI CẢNH]Verdant Fa [BỐI CẢNH]Verdant Fa
2026-09-05T07:20:13.256Z [624a234c-caa4-4119-afc0-6d65420f255a][bb1fc585-f087-407a-b043-49c06e320521] Waiting for Google Flow...
2026-09-05T07:20:14.240Z [c7e3f811-b262-4d4d-8ade-837f536cb9bc][bb1fc585-f087-407a-b043-49c06e320521] Generating... 3 ready, 0 failed / 4 total (109s)
2026-09-05T07:20:14.862Z [9c217c8c-54c3-466f-86cb-c6b05e921e8a][bb1fc585-f087-407a-b043-49c06e320521] Generating... 0 ready, 0 failed / 4 total (24s) image 99% [BỐI CẢNH] image 99% [BỐI CẢNH] image 99% [BỐI CẢNH] image 99% [BỐI CẢNH]
2026-09-05T07:20:15.212Z [624a234c-caa4-4119-afc0-6d65420f255a][bb1fc585-f087-407a-b043-49c06e320521] In existing project ✓
2026-09-05T07:20:16.063Z [624a234c-caa4-4119-afc0-6d65420f255a][bb1fc585-f087-407a-b043-49c06e320521] dismissPopups: unresolved overlay(s) ["IFRAME[presentation]|btns="]
2026-09-05T07:20:16.214Z [a720c17f-2321-4934-97b9-ca5393be5178][bb1fc585-f087-407a-b043-49c06e320521] Generating... 4 ready, 0 failed / 4 total (57s)
2026-09-05T07:20:16.214Z [a720c17f-2321-4934-97b9-ca5393be5178][bb1fc585-f087-407a-b043-49c06e320521] Batch done: 4 ready (target 4), 0 failed, scanned 4.
2026-09-05T07:20:16.214Z [a720c17f-2321-4934-97b9-ca5393be5178][bb1fc585-f087-407a-b043-49c06e320521] 4 item(s) ready! Downloading...
2026-09-05T07:20:16.216Z [a720c17f-2321-4934-97b9-ca5393be5178][bb1fc585-f087-407a-b043-49c06e320521] Item 1: Downloading from URL https://flow-content.google/image/feb750d4-67c1-4d21-aaee-dcd88f3183d2?Expires=1788614356&KeyName=labs-flow-prod-cdn-key&Signature=SHx0gKYn0PaBCk50VTS6cfJFlKQ
2026-09-05T07:20:16.538Z [a720c17f-2321-4934-97b9-ca5393be5178][bb1fc585-f087-407a-b043-49c06e320521] Downloaded 1/4: winai_2026-09-05T07-20-16_01.jpg
2026-09-05T07:20:16.539Z [a720c17f-2321-4934-97b9-ca5393be5178][bb1fc585-f087-407a-b043-49c06e320521] Item 2: Downloading from URL https://flow-content.google/image/76f3e9b0-d625-4168-adbd-13b3369d2b27?Expires=1788614355&KeyName=labs-flow-prod-cdn-key&Signature=u4aKj070vJLDWtw2WBjd68oGf3E
2026-09-05T07:20:16.616Z [a720c17f-2321-4934-97b9-ca5393be5178][bb1fc585-f087-407a-b043-49c06e320521] Downloaded 2/4: winai_2026-09-05T07-20-16_02.jpg
2026-09-05T07:20:16.616Z [a720c17f-2321-4934-97b9-ca5393be5178][bb1fc585-f087-407a-b043-49c06e320521] Item 3: Downloading from URL https://flow-content.google/image/b8a4aa6c-a5f5-4567-b5b2-c6b150fcfde8?Expires=1788614354&KeyName=labs-flow-prod-cdn-key&Signature=Z2DPo3BKVmLLmA5gC954tQEBwg4
2026-09-05T07:20:16.687Z [a720c17f-2321-4934-97b9-ca5393be5178][bb1fc585-f087-407a-b043-49c06e320521] Downloaded 3/4: winai_2026-09-05T07-20-16_03.jpg
2026-09-05T07:20:16.687Z [a720c17f-2321-4934-97b9-ca5393be5178][bb1fc585-f087-407a-b043-49c06e320521] Item 4: Downloading from URL https://flow-content.google/image/92bb7299-89b9-4263-943b-fb04730a231d?Expires=1788614353&KeyName=labs-flow-prod-cdn-key&Signature=UKRmyiPkaubJV3_KTscx06oca2c
2026-09-05T07:20:16.764Z [a720c17f-2321-4934-97b9-ca5393be5178][bb1fc585-f087-407a-b043-49c06e320521] Downloaded 4/4: winai_2026-09-05T07-20-16_04.jpg
2026-09-05T07:20:16.765Z [a720c17f-2321-4934-97b9-ca5393be5178][bb1fc585-f087-407a-b043-49c06e320521] ✅ 4 item(s) saved to Downloads/Win AI Toolkit/
2026-09-05T07:20:17.027Z [a720c17f-2321-4934-97b9-ca5393be5178][bb1fc585-f087-407a-b043-49c06e320521] Item 2: Uploaded → https://studio.xanhmedia.vn/uploads/2026-09/1788592816730_86213e_bb1fc585-f087-407a-b043-49c06e320521_a72.jpg
2026-09-05T07:20:17.091Z [a720c17f-2321-4934-97b9-ca5393be5178][bb1fc585-f087-407a-b043-49c06e320521] Item 3: Uploaded → https://studio.xanhmedia.vn/uploads/2026-09/1788592816788_290d74_bb1fc585-f087-407a-b043-49c06e320521_a72.jpg
2026-09-05T07:20:17.156Z [a720c17f-2321-4934-97b9-ca5393be5178][bb1fc585-f087-407a-b043-49c06e320521] Item 4: Uploaded → https://studio.xanhmedia.vn/uploads/2026-09/1788592816860_3cfc85_bb1fc585-f087-407a-b043-49c06e320521_a72.jpg
2026-09-05T07:20:17.204Z [a720c17f-2321-4934-97b9-ca5393be5178][bb1fc585-f087-407a-b043-49c06e320521] Item 1: Uploaded → https://studio.xanhmedia.vn/uploads/2026-09/1788592816901_246682_bb1fc585-f087-407a-b043-49c06e320521_a72.jpg
2026-09-05T07:20:17.206Z [a720c17f-2321-4934-97b9-ca5393be5178][bb1fc585-f087-407a-b043-49c06e320521] All done (including any 1080p upgrades). Closing Playwright browser context.
2026-09-05T07:20:17.266Z [c7e3f811-b262-4d4d-8ade-837f536cb9bc][bb1fc585-f087-407a-b043-49c06e320521] Generating... 3 ready, 0 failed / 4 total (112s)
2026-09-05T07:20:17.440Z [0816a6a1-d0c4-4486-addb-64fee977fca8][bb1fc585-f087-407a-b043-49c06e320521] runGeneration starting: task_id=0816a6a1-d0c4-4486-addb-64fee977fca8, profile_id=bb1fc585-f087-407a-b043-49c06e320521, target_site=google_flow
2026-09-05T07:20:17.441Z [0816a6a1-d0c4-4486-addb-64fee977fca8][bb1fc585-f087-407a-b043-49c06e320521] Opening Playwright browser with persistent profile cookies...
2026-09-05T07:20:17.442Z [0816a6a1-d0c4-4486-addb-64fee977fca8][bb1fc585-f087-407a-b043-49c06e320521] Browser engine: winhide (C:\Users\Admin\AppData\Roaming\com.tank.winai\winhide\chrome.exe) [hidden off-screen]
2026-09-05T07:20:17.442Z [0816a6a1-d0c4-4486-addb-64fee977fca8][bb1fc585-f087-407a-b043-49c06e320521] Launch mode: STEALTH (raw spawn + connectOverCDP)
2026-09-05T07:20:17.900Z [9c217c8c-54c3-466f-86cb-c6b05e921e8a][bb1fc585-f087-407a-b043-49c06e320521] Generating... 0 ready, 0 failed / 4 total (27s) image 99% [BỐI CẢNH] image 99% [BỐI CẢNH] image 99% [BỐI CẢNH] image 99% [BỐI CẢNH]
2026-09-05T07:20:18.920Z [624a234c-caa4-4119-afc0-6d65420f255a][bb1fc585-f087-407a-b043-49c06e320521] Composer ready ✓ (UI language: en)
2026-09-05T07:20:19.024Z [624a234c-caa4-4119-afc0-6d65420f255a][bb1fc585-f087-407a-b043-49c06e320521] dismissPopups: unresolved overlay(s) ["DIV[]|btns=","DIV[]|btns="]
2026-09-05T07:20:19.138Z [624a234c-caa4-4119-afc0-6d65420f255a][bb1fc585-f087-407a-b043-49c06e320521] Agent toggle aria-pressed=false
2026-09-05T07:20:19.139Z [624a234c-caa4-4119-afc0-6d65420f255a][bb1fc585-f087-407a-b043-49c06e320521] Opening settings...
2026-09-05T07:20:19.852Z [0816a6a1-d0c4-4486-addb-64fee977fca8][bb1fc585-f087-407a-b043-49c06e320521] Exit IP: 115.74.128.9
2026-09-05T07:20:19.852Z [0816a6a1-d0c4-4486-addb-64fee977fca8][bb1fc585-f087-407a-b043-49c06e320521] Navigating browser to Google Flow tools page...
2026-09-05T07:20:19.853Z [0816a6a1-d0c4-4486-addb-64fee977fca8][bb1fc585-f087-407a-b043-49c06e320521] Using existing project URL: https://flow.google.com/project/cae2bf2b-d1b8-40f9-a300-9f2aa6276ea5?hl=en
2026-09-05T07:20:20.291Z [c7e3f811-b262-4d4d-8ade-837f536cb9bc][bb1fc585-f087-407a-b043-49c06e320521] Generating... 3 ready, 0 failed / 4 total (115s)
2026-09-05T07:20:20.761Z [0816a6a1-d0c4-4486-addb-64fee977fca8][bb1fc585-f087-407a-b043-49c06e320521] Waiting for Google Flow...
2026-09-05T07:20:20.920Z [9c217c8c-54c3-466f-86cb-c6b05e921e8a][bb1fc585-f087-407a-b043-49c06e320521] Generating... 0 ready, 0 failed / 4 total (30s) image 99% [BỐI CẢNH] image 99% [BỐI CẢNH] image 99% [BỐI CẢNH] image 99% [BỐI CẢNH]
2026-09-05T07:20:21.001Z [624a234c-caa4-4119-afc0-6d65420f255a][bb1fc585-f087-407a-b043-49c06e320521] Configuring image settings...
2026-09-05T07:20:22.374Z [624a234c-caa4-4119-afc0-6d65420f255a][bb1fc585-f087-407a-b043-49c06e320521] Mode: selected "image Image" ✓
2026-09-05T07:20:22.944Z [0816a6a1-d0c4-4486-addb-64fee977fca8][bb1fc585-f087-407a-b043-49c06e320521] In existing project ✓
2026-09-05T07:20:23.310Z [c7e3f811-b262-4d4d-8ade-837f536cb9bc][bb1fc585-f087-407a-b043-49c06e320521] Generating... 3 ready, 0 failed / 4 total (118s)
2026-09-05T07:20:23.941Z [9c217c8c-54c3-466f-86cb-c6b05e921e8a][bb1fc585-f087-407a-b043-49c06e320521] Generating... 0 ready, 0 failed / 4 total (33s) image 99% [BỐI CẢNH] image 99% [BỐI CẢNH] image 99% [BỐI CẢNH] image 99% [BỐI CẢNH]
2026-09-05T07:20:24.127Z [0816a6a1-d0c4-4486-addb-64fee977fca8][bb1fc585-f087-407a-b043-49c06e320521] dismissPopups: unresolved overlay(s) ["IFRAME[presentation]|btns="]
2026-09-05T07:20:25.602Z [0816a6a1-d0c4-4486-addb-64fee977fca8][bb1fc585-f087-407a-b043-49c06e320521] Composer ready ✓ (UI language: en)
2026-09-05T07:20:25.688Z [0816a6a1-d0c4-4486-addb-64fee977fca8][bb1fc585-f087-407a-b043-49c06e320521] dismissPopups: unresolved overlay(s) ["DIV[]|btns=","DIV[]|btns="]
2026-09-05T07:20:25.706Z [0816a6a1-d0c4-4486-addb-64fee977fca8][bb1fc585-f087-407a-b043-49c06e320521] Agent toggle aria-pressed=false
2026-09-05T07:20:25.706Z [0816a6a1-d0c4-4486-addb-64fee977fca8][bb1fc585-f087-407a-b043-49c06e320521] Opening settings...
2026-09-05T07:20:26.334Z [c7e3f811-b262-4d4d-8ade-837f536cb9bc][bb1fc585-f087-407a-b043-49c06e320521] Generating... 3 ready, 0 failed / 4 total (121s)
2026-09-05T07:20:26.711Z [624a234c-caa4-4119-afc0-6d65420f255a][bb1fc585-f087-407a-b043-49c06e320521] Model: selected "🍌 Nano Banana 2" ✓
2026-09-05T07:20:26.955Z [9c217c8c-54c3-466f-86cb-c6b05e921e8a][bb1fc585-f087-407a-b043-49c06e320521] Generating... 0 ready, 0 failed / 4 total (36s) image 99% [BỐI CẢNH] image 99% [BỐI CẢNH] image 99% [BỐI CẢNH] image 99% [BỐI CẢNH]
2026-09-05T07:20:27.587Z [624a234c-caa4-4119-afc0-6d65420f255a][bb1fc585-f087-407a-b043-49c06e320521] Aspect ratio: "crop_16_9 16:9" already selected ✓
2026-09-05T07:20:27.988Z [0816a6a1-d0c4-4486-addb-64fee977fca8][bb1fc585-f087-407a-b043-49c06e320521] Configuring image settings...
2026-09-05T07:20:28.949Z [624a234c-caa4-4119-afc0-6d65420f255a][bb1fc585-f087-407a-b043-49c06e320521] Output count: selected "x4" ✓
2026-09-05T07:20:29.356Z [c7e3f811-b262-4d4d-8ade-837f536cb9bc][bb1fc585-f087-407a-b043-49c06e320521] Generating... 3 ready, 0 failed / 4 total (124s)
2026-09-05T07:20:29.453Z [0816a6a1-d0c4-4486-addb-64fee977fca8][bb1fc585-f087-407a-b043-49c06e320521] Mode: selected "image Image" ✓
2026-09-05T07:20:29.955Z [624a234c-caa4-4119-afc0-6d65420f255a][bb1fc585-f087-407a-b043-49c06e320521] Ref image 1/5: downloading from URL...
2026-09-05T07:20:29.975Z [9c217c8c-54c3-466f-86cb-c6b05e921e8a][bb1fc585-f087-407a-b043-49c06e320521] Generating... 0 ready, 0 failed / 4 total (39s) image 99% [BỐI CẢNH] image 99% [BỐI CẢNH] image 99% [BỐI CẢNH] image 99% [BỐI CẢNH]
2026-09-05T07:20:30.135Z [624a234c-caa4-4119-afc0-6d65420f255a][bb1fc585-f087-407a-b043-49c06e320521] Downloader: no-proxy request context ready.
2026-09-05T07:20:30.880Z [624a234c-caa4-4119-afc0-6d65420f255a][bb1fc585-f087-407a-b043-49c06e320521] Ref image 1/5: saved 468314 bytes (image/jpeg) as "Arlo Water Park Day.jpeg"
2026-09-05T07:20:30.884Z [624a234c-caa4-4119-afc0-6d65420f255a][bb1fc585-f087-407a-b043-49c06e320521] Ref image 1/5: attaching reference image...
2026-09-05T07:20:32.376Z [c7e3f811-b262-4d4d-8ade-837f536cb9bc][bb1fc585-f087-407a-b043-49c06e320521] Generating... 3 ready, 0 failed / 4 total (127s)
2026-09-05T07:20:32.900Z [624a234c-caa4-4119-afc0-6d65420f255a][bb1fc585-f087-407a-b043-49c06e320521] Ref image 1/5: reusing library asset "Arlo Water Park Day.jpeg" (no re-upload).
2026-09-05T07:20:32.994Z [9c217c8c-54c3-466f-86cb-c6b05e921e8a][bb1fc585-f087-407a-b043-49c06e320521] Generating... 0 ready, 0 failed / 4 total (42s) image 99% [BỐI CẢNH] image 99% [BỐI CẢNH] image 99% [BỐI CẢNH] image 99% [BỐI CẢNH]
2026-09-05T07:20:34.086Z [0816a6a1-d0c4-4486-addb-64fee977fca8][bb1fc585-f087-407a-b043-49c06e320521] Model: selected "🍌 Nano Banana 2" ✓
2026-09-05T07:20:34.934Z [0816a6a1-d0c4-4486-addb-64fee977fca8][bb1fc585-f087-407a-b043-49c06e320521] Aspect ratio: "crop_16_9 16:9" already selected ✓
2026-09-05T07:20:35.393Z [c7e3f811-b262-4d4d-8ade-837f536cb9bc][bb1fc585-f087-407a-b043-49c06e320521] Generating... 3 ready, 0 failed / 4 total (130s)
2026-09-05T07:20:36.015Z [9c217c8c-54c3-466f-86cb-c6b05e921e8a][bb1fc585-f087-407a-b043-49c06e320521] Generating... 0 ready, 0 failed / 4 total (45s) image 99% [BỐI CẢNH] image 99% [BỐI CẢNH] [BỐI CẢNH]Verdant Fa image 99% [BỐI CẢNH]
2026-09-05T07:20:36.373Z [0816a6a1-d0c4-4486-addb-64fee977fca8][bb1fc585-f087-407a-b043-49c06e320521] Output count: selected "x4" ✓
2026-09-05T07:20:36.418Z [624a234c-caa4-4119-afc0-6d65420f255a][bb1fc585-f087-407a-b043-49c06e320521] Ref image 1/5: chips 0→1 ✓
2026-09-05T07:20:37.204Z [0816a6a1-d0c4-4486-addb-64fee977fca8][bb1fc585-f087-407a-b043-49c06e320521] Ref image 1/5: downloading from URL...
2026-09-05T07:20:37.374Z [0816a6a1-d0c4-4486-addb-64fee977fca8][bb1fc585-f087-407a-b043-49c06e320521] Downloader: no-proxy request context ready.
2026-09-05T07:20:37.604Z [624a234c-caa4-4119-afc0-6d65420f255a][bb1fc585-f087-407a-b043-49c06e320521] Ref image 2/5: downloading from URL...
2026-09-05T07:20:38.095Z [624a234c-caa4-4119-afc0-6d65420f255a][bb1fc585-f087-407a-b043-49c06e320521] Ref image 2/5: saved 628888 bytes (image/jpeg) as "Nessa Water Park Day.jpeg"
2026-09-05T07:20:38.099Z [624a234c-caa4-4119-afc0-6d65420f255a][bb1fc585-f087-407a-b043-49c06e320521] Ref image 2/5: attaching reference image...
2026-09-05T07:20:38.116Z [0816a6a1-d0c4-4486-addb-64fee977fca8][bb1fc585-f087-407a-b043-49c06e320521] Ref image 1/5: saved 468314 bytes (image/jpeg) as "Arlo Water Park Day.jpeg"
2026-09-05T07:20:38.119Z [0816a6a1-d0c4-4486-addb-64fee977fca8][bb1fc585-f087-407a-b043-49c06e320521] Ref image 1/5: attaching reference image...
2026-09-05T07:20:38.406Z [c7e3f811-b262-4d4d-8ade-837f536cb9bc][bb1fc585-f087-407a-b043-49c06e320521] Generating... 3 ready, 0 failed / 4 total (133s)
2026-09-05T07:20:39.042Z [9c217c8c-54c3-466f-86cb-c6b05e921e8a][bb1fc585-f087-407a-b043-49c06e320521] Generating... 1 ready, 0 failed / 4 total (48s) [BỐI CẢNH]Verdant Fa image 99% [BỐI CẢNH] image 99% [BỐI CẢNH]
2026-09-05T07:20:40.087Z [624a234c-caa4-4119-afc0-6d65420f255a][bb1fc585-f087-407a-b043-49c06e320521] Ref image 2/5: reusing library asset "Nessa Water Park Day.jpeg" (no re-upload).
2026-09-05T07:20:40.267Z [0816a6a1-d0c4-4486-addb-64fee977fca8][bb1fc585-f087-407a-b043-49c06e320521] Ref image 1/5: reusing library asset "Arlo Water Park Day.jpeg" (no re-upload).
2026-09-05T07:20:41.426Z [c7e3f811-b262-4d4d-8ade-837f536cb9bc][bb1fc585-f087-407a-b043-49c06e320521] Generating... 3 ready, 0 failed / 4 total (136s)
2026-09-05T07:20:42.065Z [9c217c8c-54c3-466f-86cb-c6b05e921e8a][bb1fc585-f087-407a-b043-49c06e320521] Generating... 2 ready, 0 failed / 4 total (51s) image 99% [BỐI CẢNH] image 99% [BỐI CẢNH]
2026-09-05T07:20:43.064Z [624a234c-caa4-4119-afc0-6d65420f255a][bb1fc585-f087-407a-b043-49c06e320521] Ref image 2/5: chips 1→2 ✓
2026-09-05T07:20:43.504Z [0816a6a1-d0c4-4486-addb-64fee977fca8][bb1fc585-f087-407a-b043-49c06e320521] Ref image 1/5: chips 0→1 ✓
2026-09-05T07:20:44.452Z [c7e3f811-b262-4d4d-8ade-837f536cb9bc][bb1fc585-f087-407a-b043-49c06e320521] Generating... 3 ready, 0 failed / 4 total (139s)
2026-09-05T07:20:44.669Z [624a234c-caa4-4119-afc0-6d65420f255a][bb1fc585-f087-407a-b043-49c06e320521] Ref image 3/5: downloading from URL...
2026-09-05T07:20:45.082Z [9c217c8c-54c3-466f-86cb-c6b05e921e8a][bb1fc585-f087-407a-b043-49c06e320521] Generating... 2 ready, 0 failed / 4 total (54s) image 99% [BỐI CẢNH] [BỐI CẢNH]Verdant Fa
2026-09-05T07:20:45.152Z [624a234c-caa4-4119-afc0-6d65420f255a][bb1fc585-f087-407a-b043-49c06e320521] Ref image 3/5: saved 383953 bytes (image/jpeg) as "Nessa Chocolate Ice Cream Set.jpeg"
2026-09-05T07:20:45.156Z [624a234c-caa4-4119-afc0-6d65420f255a][bb1fc585-f087-407a-b043-49c06e320521] Ref image 3/5: attaching reference image...
2026-09-05T07:20:45.314Z [0816a6a1-d0c4-4486-addb-64fee977fca8][bb1fc585-f087-407a-b043-49c06e320521] Ref image 2/5: downloading from URL...
2026-09-05T07:20:45.782Z [0816a6a1-d0c4-4486-addb-64fee977fca8][bb1fc585-f087-407a-b043-49c06e320521] Ref image 2/5: saved 628888 bytes (image/jpeg) as "Nessa Water Park Day.jpeg"
2026-09-05T07:20:45.786Z [0816a6a1-d0c4-4486-addb-64fee977fca8][bb1fc585-f087-407a-b043-49c06e320521] Ref image 2/5: attaching reference image...
2026-09-05T07:20:47.137Z [624a234c-caa4-4119-afc0-6d65420f255a][bb1fc585-f087-407a-b043-49c06e320521] Ref image 3/5: reusing library asset "Nessa Chocolate Ice Cream Set.jpeg" (no re-upload).
2026-09-05T07:20:47.464Z [c7e3f811-b262-4d4d-8ade-837f536cb9bc][bb1fc585-f087-407a-b043-49c06e320521] Generating... 3 ready, 0 failed / 4 total (142s)
2026-09-05T07:20:47.590Z [0816a6a1-d0c4-4486-addb-64fee977fca8][bb1fc585-f087-407a-b043-49c06e320521] Ref image 2/5: reusing library asset "Nessa Water Park Day.jpeg" (no re-upload).
2026-09-05T07:20:48.105Z [9c217c8c-54c3-466f-86cb-c6b05e921e8a][bb1fc585-f087-407a-b043-49c06e320521] Generating... 3 ready, 0 failed / 4 total (57s) image 99% [BỐI CẢNH]
2026-09-05T07:20:50.431Z [624a234c-caa4-4119-afc0-6d65420f255a][bb1fc585-f087-407a-b043-49c06e320521] Ref image 3/5: chips 2→3 ✓
2026-09-05T07:20:50.486Z [c7e3f811-b262-4d4d-8ade-837f536cb9bc][bb1fc585-f087-407a-b043-49c06e320521] Generating... 3 ready, 0 failed / 4 total (145s)
2026-09-05T07:20:50.695Z [0816a6a1-d0c4-4486-addb-64fee977fca8][bb1fc585-f087-407a-b043-49c06e320521] Ref image 2/5: chips 1→2 ✓
2026-09-05T07:20:51.136Z [9c217c8c-54c3-466f-86cb-c6b05e921e8a][bb1fc585-f087-407a-b043-49c06e320521] Generating... 3 ready, 0 failed / 4 total (60s) [BỐI CẢNH]Verdant Fa
2026-09-05T07:20:51.883Z [0816a6a1-d0c4-4486-addb-64fee977fca8][bb1fc585-f087-407a-b043-49c06e320521] Ref image 3/5: downloading from URL...
2026-09-05T07:20:52.009Z [624a234c-caa4-4119-afc0-6d65420f255a][bb1fc585-f087-407a-b043-49c06e320521] Ref image 4/5: downloading from URL...
2026-09-05T07:20:52.250Z [0816a6a1-d0c4-4486-addb-64fee977fca8][bb1fc585-f087-407a-b043-49c06e320521] Ref image 3/5: saved 383953 bytes (image/jpeg) as "Nessa Chocolate Ice Cream Set.jpeg"
2026-09-05T07:20:52.253Z [0816a6a1-d0c4-4486-addb-64fee977fca8][bb1fc585-f087-407a-b043-49c06e320521] Ref image 3/5: attaching reference image...
2026-09-05T07:20:52.381Z [624a234c-caa4-4119-afc0-6d65420f255a][bb1fc585-f087-407a-b043-49c06e320521] Ref image 4/5: saved 287414 bytes (image/jpeg) as "Verdant Water Park Dark Brown Rest Bench.jpeg"
2026-09-05T07:20:52.384Z [624a234c-caa4-4119-afc0-6d65420f255a][bb1fc585-f087-407a-b043-49c06e320521] Ref image 4/5: attaching reference image...
2026-09-05T07:20:53.505Z [c7e3f811-b262-4d4d-8ade-837f536cb9bc][bb1fc585-f087-407a-b043-49c06e320521] Generating... 3 ready, 0 failed / 4 total (148s)
2026-09-05T07:20:54.078Z [0816a6a1-d0c4-4486-addb-64fee977fca8][bb1fc585-f087-407a-b043-49c06e320521] Ref image 3/5: reusing library asset "Nessa Chocolate Ice Cream Set.jpeg" (no re-upload).
2026-09-05T07:20:54.146Z [9c217c8c-54c3-466f-86cb-c6b05e921e8a][bb1fc585-f087-407a-b043-49c06e320521] Generating... 4 ready, 0 failed / 4 total (63s)
2026-09-05T07:20:54.146Z [9c217c8c-54c3-466f-86cb-c6b05e921e8a][bb1fc585-f087-407a-b043-49c06e320521] Batch done: 4 ready (target 4), 0 failed, scanned 4.
2026-09-05T07:20:54.147Z [9c217c8c-54c3-466f-86cb-c6b05e921e8a][bb1fc585-f087-407a-b043-49c06e320521] 4 item(s) ready! Downloading...
2026-09-05T07:20:54.148Z [9c217c8c-54c3-466f-86cb-c6b05e921e8a][bb1fc585-f087-407a-b043-49c06e320521] Item 1: Downloading from URL https://flow-content.google/image/e58bb940-b080-4387-8aac-9ea6e3c63c26?Expires=1788614388&KeyName=labs-flow-prod-cdn-key&Signature=RcyDFoqTdtdL1U4f80RWCgoCx7c
2026-09-05T07:20:54.428Z [9c217c8c-54c3-466f-86cb-c6b05e921e8a][bb1fc585-f087-407a-b043-49c06e320521] Downloaded 1/4: winai_2026-09-05T07-20-54_01.jpg
2026-09-05T07:20:54.428Z [9c217c8c-54c3-466f-86cb-c6b05e921e8a][bb1fc585-f087-407a-b043-49c06e320521] Item 2: Downloading from URL https://flow-content.google/image/c960a8b9-85b0-4976-93fd-8b9c6b1ca8ab?Expires=1788614387&KeyName=labs-flow-prod-cdn-key&Signature=LjhmUjeAoCbs1q1amoCg-Svo-As
2026-09-05T07:20:54.499Z [9c217c8c-54c3-466f-86cb-c6b05e921e8a][bb1fc585-f087-407a-b043-49c06e320521] Downloaded 2/4: winai_2026-09-05T07-20-54_02.jpg
2026-09-05T07:20:54.500Z [9c217c8c-54c3-466f-86cb-c6b05e921e8a][bb1fc585-f087-407a-b043-49c06e320521] Item 3: Downloading from URL https://flow-content.google/image/e8f1ddb5-2297-4825-b056-97b61835e4bb?Expires=1788614386&KeyName=labs-flow-prod-cdn-key&Signature=CMoAsPkv2OzlZrB6iqxTXRzIPY0
2026-09-05T07:20:54.590Z [9c217c8c-54c3-466f-86cb-c6b05e921e8a][bb1fc585-f087-407a-b043-49c06e320521] Downloaded 3/4: winai_2026-09-05T07-20-54_03.jpg
2026-09-05T07:20:54.590Z [9c217c8c-54c3-466f-86cb-c6b05e921e8a][bb1fc585-f087-407a-b043-49c06e320521] Item 4: Downloading from URL https://flow-content.google/image/46fd46f9-b9db-4e4b-b57b-3a2537dbd0ab?Expires=1788614385&KeyName=labs-flow-prod-cdn-key&Signature=l7Z2UtW5K8HimaTUBvxt9TiJX1Y
2026-09-05T07:20:54.648Z [9c217c8c-54c3-466f-86cb-c6b05e921e8a][bb1fc585-f087-407a-b043-49c06e320521] Downloaded 4/4: winai_2026-09-05T07-20-54_04.jpg
2026-09-05T07:20:54.649Z [9c217c8c-54c3-466f-86cb-c6b05e921e8a][bb1fc585-f087-407a-b043-49c06e320521] ✅ 4 item(s) saved to Downloads/Win AI Toolkit/
2026-09-05T07:20:54.690Z [624a234c-caa4-4119-afc0-6d65420f255a][bb1fc585-f087-407a-b043-49c06e320521] Ref image 4/5: reusing library asset "Verdant Water Park Dark Brown Rest Bench.jpeg" (no re-upload).
2026-09-05T07:20:54.906Z [bb17b26d-9cd6-4af8-8355-111a72aaee53][bb1fc585-f087-407a-b043-49c06e320521] runGeneration starting: task_id=bb17b26d-9cd6-4af8-8355-111a72aaee53, profile_id=bb1fc585-f087-407a-b043-49c06e320521, target_site=google_flow
2026-09-05T07:20:54.907Z [bb17b26d-9cd6-4af8-8355-111a72aaee53][bb1fc585-f087-407a-b043-49c06e320521] Opening Playwright browser with persistent profile cookies...
2026-09-05T07:20:54.907Z [bb17b26d-9cd6-4af8-8355-111a72aaee53][bb1fc585-f087-407a-b043-49c06e320521] Browser engine: winhide (C:\Users\Admin\AppData\Roaming\com.tank.winai\winhide\chrome.exe) [hidden off-screen]
2026-09-05T07:20:54.908Z [bb17b26d-9cd6-4af8-8355-111a72aaee53][bb1fc585-f087-407a-b043-49c06e320521] Launch mode: STEALTH (raw spawn + connectOverCDP)
2026-09-05T07:20:54.954Z [9c217c8c-54c3-466f-86cb-c6b05e921e8a][bb1fc585-f087-407a-b043-49c06e320521] Item 4: Uploaded → https://studio.xanhmedia.vn/uploads/2026-09/1788592854658_a2b058_bb1fc585-f087-407a-b043-49c06e320521_9c2.jpg
2026-09-05T07:20:54.996Z [9c217c8c-54c3-466f-86cb-c6b05e921e8a][bb1fc585-f087-407a-b043-49c06e320521] Item 2: Uploaded → https://studio.xanhmedia.vn/uploads/2026-09/1788592854691_6e57b9_bb1fc585-f087-407a-b043-49c06e320521_9c2.jpg
2026-09-05T07:20:55.033Z [9c217c8c-54c3-466f-86cb-c6b05e921e8a][bb1fc585-f087-407a-b043-49c06e320521] Item 3: Uploaded → https://studio.xanhmedia.vn/uploads/2026-09/1788592854729_63553b_bb1fc585-f087-407a-b043-49c06e320521_9c2.jpg
2026-09-05T07:20:55.041Z [9c217c8c-54c3-466f-86cb-c6b05e921e8a][bb1fc585-f087-407a-b043-49c06e320521] Item 1: Uploaded → https://studio.xanhmedia.vn/uploads/2026-09/1788592854744_84a70b_bb1fc585-f087-407a-b043-49c06e320521_9c2.jpg
2026-09-05T07:20:55.042Z [9c217c8c-54c3-466f-86cb-c6b05e921e8a][bb1fc585-f087-407a-b043-49c06e320521] All done (including any 1080p upgrades). Closing Playwright browser context.
2026-09-05T07:20:56.524Z [c7e3f811-b262-4d4d-8ade-837f536cb9bc][bb1fc585-f087-407a-b043-49c06e320521] Generating... 3 ready, 0 failed / 4 total (151s)
2026-09-05T07:20:56.811Z [bb17b26d-9cd6-4af8-8355-111a72aaee53][bb1fc585-f087-407a-b043-49c06e320521] Exit IP: 115.74.128.9
2026-09-05T07:20:56.811Z [bb17b26d-9cd6-4af8-8355-111a72aaee53][bb1fc585-f087-407a-b043-49c06e320521] Navigating browser to Google Flow tools page...
2026-09-05T07:20:56.812Z [bb17b26d-9cd6-4af8-8355-111a72aaee53][bb1fc585-f087-407a-b043-49c06e320521] Using existing project URL: https://flow.google.com/project/c2a607c5-d833-4be1-8108-407b74d4ed85?hl=en
2026-09-05T07:20:57.242Z [0816a6a1-d0c4-4486-addb-64fee977fca8][bb1fc585-f087-407a-b043-49c06e320521] Ref image 3/5: chips 2→3 ✓
2026-09-05T07:20:57.621Z [bb17b26d-9cd6-4af8-8355-111a72aaee53][bb1fc585-f087-407a-b043-49c06e320521] Waiting for Google Flow...
2026-09-05T07:20:57.651Z [624a234c-caa4-4119-afc0-6d65420f255a][bb1fc585-f087-407a-b043-49c06e320521] Ref image 4/5: chips 3→4 ✓
2026-09-05T07:20:58.838Z [0816a6a1-d0c4-4486-addb-64fee977fca8][bb1fc585-f087-407a-b043-49c06e320521] Ref image 4/5: downloading from URL...
2026-09-05T07:20:59.200Z [0816a6a1-d0c4-4486-addb-64fee977fca8][bb1fc585-f087-407a-b043-49c06e320521] Ref image 4/5: saved 287414 bytes (image/jpeg) as "Verdant Water Park Dark Brown Rest Bench.jpeg"
2026-09-05T07:20:59.203Z [0816a6a1-d0c4-4486-addb-64fee977fca8][bb1fc585-f087-407a-b043-49c06e320521] Ref image 4/5: attaching reference image...
2026-09-05T07:20:59.354Z [624a234c-caa4-4119-afc0-6d65420f255a][bb1fc585-f087-407a-b043-49c06e320521] Ref image 5/5: downloading from URL...
2026-09-05T07:20:59.544Z [c7e3f811-b262-4d4d-8ade-837f536cb9bc][bb1fc585-f087-407a-b043-49c06e320521] Generating... 3 ready, 0 failed / 4 total (154s)
2026-09-05T07:20:59.752Z [624a234c-caa4-4119-afc0-6d65420f255a][bb1fc585-f087-407a-b043-49c06e320521] Ref image 5/5: saved 926103 bytes (image/jpeg) as "Verdant Family Water Park Master.jpeg"
2026-09-05T07:20:59.756Z [624a234c-caa4-4119-afc0-6d65420f255a][bb1fc585-f087-407a-b043-49c06e320521] Ref image 5/5: attaching reference image...
2026-09-05T07:20:59.878Z [bb17b26d-9cd6-4af8-8355-111a72aaee53][bb1fc585-f087-407a-b043-49c06e320521] In existing project ✓
2026-09-05T07:21:00.851Z [bb17b26d-9cd6-4af8-8355-111a72aaee53][bb1fc585-f087-407a-b043-49c06e320521] dismissPopups: unresolved overlay(s) ["IFRAME[presentation]|btns="]
2026-09-05T07:21:01.368Z [0816a6a1-d0c4-4486-addb-64fee977fca8][bb1fc585-f087-407a-b043-49c06e320521] Ref image 4/5: reusing library asset "Verdant Water Park Dark Brown Rest Bench.jpeg" (no re-upload).
2026-09-05T07:21:01.957Z [624a234c-caa4-4119-afc0-6d65420f255a][bb1fc585-f087-407a-b043-49c06e320521] Ref image 5/5: reusing library asset "Verdant Family Water Park Master.jpeg" (no re-upload).
2026-09-05T07:21:02.577Z [c7e3f811-b262-4d4d-8ade-837f536cb9bc][bb1fc585-f087-407a-b043-49c06e320521] Generating... 3 ready, 0 failed / 4 total (157s)
2026-09-05T07:21:02.681Z [bb17b26d-9cd6-4af8-8355-111a72aaee53][bb1fc585-f087-407a-b043-49c06e320521] Composer ready ✓ (UI language: en)
2026-09-05T07:21:02.766Z [bb17b26d-9cd6-4af8-8355-111a72aaee53][bb1fc585-f087-407a-b043-49c06e320521] dismissPopups: unresolved overlay(s) ["DIV[]|btns=","DIV[]|btns="]
2026-09-05T07:21:02.798Z [bb17b26d-9cd6-4af8-8355-111a72aaee53][bb1fc585-f087-407a-b043-49c06e320521] Agent toggle aria-pressed=false
2026-09-05T07:21:02.798Z [bb17b26d-9cd6-4af8-8355-111a72aaee53][bb1fc585-f087-407a-b043-49c06e320521] Opening settings...
2026-09-05T07:21:04.775Z [bb17b26d-9cd6-4af8-8355-111a72aaee53][bb1fc585-f087-407a-b043-49c06e320521] Configuring image settings...
2026-09-05T07:21:05.159Z [624a234c-caa4-4119-afc0-6d65420f255a][bb1fc585-f087-407a-b043-49c06e320521] Ref image 5/5: chips 4→5 ✓
2026-09-05T07:21:05.170Z [624a234c-caa4-4119-afc0-6d65420f255a][bb1fc585-f087-407a-b043-49c06e320521] Entering prompt...
2026-09-05T07:21:05.293Z [0816a6a1-d0c4-4486-addb-64fee977fca8][bb1fc585-f087-407a-b043-49c06e320521] Ref image 4/5: chips 3→4 ✓
2026-09-05T07:21:05.593Z [c7e3f811-b262-4d4d-8ade-837f536cb9bc][bb1fc585-f087-407a-b043-49c06e320521] Generating... 3 ready, 0 failed / 4 total (160s)
2026-09-05T07:21:05.921Z [bb17b26d-9cd6-4af8-8355-111a72aaee53][bb1fc585-f087-407a-b043-49c06e320521] Mode: selected "image Image" ✓
2026-09-05T07:21:06.324Z [0816a6a1-d0c4-4486-addb-64fee977fca8][bb1fc585-f087-407a-b043-49c06e320521] Ref image 5/5: downloading from URL...
2026-09-05T07:21:06.777Z [0816a6a1-d0c4-4486-addb-64fee977fca8][bb1fc585-f087-407a-b043-49c06e320521] Ref image 5/5: saved 926103 bytes (image/jpeg) as "Verdant Family Water Park Master.jpeg"
2026-09-05T07:21:06.782Z [0816a6a1-d0c4-4486-addb-64fee977fca8][bb1fc585-f087-407a-b043-49c06e320521] Ref image 5/5: attaching reference image...
2026-09-05T07:21:07.042Z [624a234c-caa4-4119-afc0-6d65420f255a][bb1fc585-f087-407a-b043-49c06e320521] Prompt is 2156 chars — typing it in 29 chunk(s).
2026-09-05T07:21:08.613Z [c7e3f811-b262-4d4d-8ade-837f536cb9bc][bb1fc585-f087-407a-b043-49c06e320521] Generating... 3 ready, 0 failed / 4 total (163s)
2026-09-05T07:21:09.066Z [0816a6a1-d0c4-4486-addb-64fee977fca8][bb1fc585-f087-407a-b043-49c06e320521] Ref image 5/5: reusing library asset "Verdant Family Water Park Master.jpeg" (no re-upload).
2026-09-05T07:21:10.441Z [bb17b26d-9cd6-4af8-8355-111a72aaee53][bb1fc585-f087-407a-b043-49c06e320521] Model: selected "🍌 Nano Banana 2" ✓
2026-09-05T07:21:11.442Z [bb17b26d-9cd6-4af8-8355-111a72aaee53][bb1fc585-f087-407a-b043-49c06e320521] Aspect ratio: "crop_16_9 16:9" already selected ✓
2026-09-05T07:21:11.639Z [c7e3f811-b262-4d4d-8ade-837f536cb9bc][bb1fc585-f087-407a-b043-49c06e320521] Generating... 3 ready, 0 failed / 4 total (166s)
2026-09-05T07:21:11.986Z [0816a6a1-d0c4-4486-addb-64fee977fca8][bb1fc585-f087-407a-b043-49c06e320521] Ref image 5/5: chips 4→5 ✓
2026-09-05T07:21:11.997Z [0816a6a1-d0c4-4486-addb-64fee977fca8][bb1fc585-f087-407a-b043-49c06e320521] Entering prompt...
2026-09-05T07:21:12.971Z [bb17b26d-9cd6-4af8-8355-111a72aaee53][bb1fc585-f087-407a-b043-49c06e320521] Output count: selected "x4" ✓
2026-09-05T07:21:13.853Z [0816a6a1-d0c4-4486-addb-64fee977fca8][bb1fc585-f087-407a-b043-49c06e320521] Prompt is 2091 chars — typing it in 30 chunk(s).
2026-09-05T07:21:13.962Z [bb17b26d-9cd6-4af8-8355-111a72aaee53][bb1fc585-f087-407a-b043-49c06e320521] Ref image 1/6: downloading from URL...
2026-09-05T07:21:14.139Z [bb17b26d-9cd6-4af8-8355-111a72aaee53][bb1fc585-f087-407a-b043-49c06e320521] Downloader: no-proxy request context ready.
2026-09-05T07:21:14.654Z [c7e3f811-b262-4d4d-8ade-837f536cb9bc][bb1fc585-f087-407a-b043-49c06e320521] Generating... 3 ready, 0 failed / 4 total (169s)
2026-09-05T07:21:14.989Z [bb17b26d-9cd6-4af8-8355-111a72aaee53][bb1fc585-f087-407a-b043-49c06e320521] Ref image 1/6: saved 628888 bytes (image/jpeg) as "Nessa Water Park Day.jpeg"
2026-09-05T07:21:14.994Z [bb17b26d-9cd6-4af8-8355-111a72aaee53][bb1fc585-f087-407a-b043-49c06e320521] Ref image 1/6: attaching reference image...
2026-09-05T07:21:17.006Z [bb17b26d-9cd6-4af8-8355-111a72aaee53][bb1fc585-f087-407a-b043-49c06e320521] Ref image 1/6: reusing library asset "Nessa Water Park Day.jpeg" (no re-upload).
2026-09-05T07:21:17.687Z [c7e3f811-b262-4d4d-8ade-837f536cb9bc][bb1fc585-f087-407a-b043-49c06e320521] Generating... 3 ready, 0 failed / 4 total (172s)
2026-09-05T07:21:19.579Z [624a234c-caa4-4119-afc0-6d65420f255a][bb1fc585-f087-407a-b043-49c06e320521] Prompt insert attempt 1: editor has 2104 chars (want ~2149) ✓
2026-09-05T07:21:20.280Z [bb17b26d-9cd6-4af8-8355-111a72aaee53][bb1fc585-f087-407a-b043-49c06e320521] Ref image 1/6: chips 0→1 ✓
2026-09-05T07:21:20.702Z [c7e3f811-b262-4d4d-8ade-837f536cb9bc][bb1fc585-f087-407a-b043-49c06e320521] Generating... 3 ready, 0 failed / 4 total (175s)
2026-09-05T07:21:21.366Z [624a234c-caa4-4119-afc0-6d65420f255a][bb1fc585-f087-407a-b043-49c06e320521] Baseline: 48 pre-existing media tile(s) of 48 mounted (kinds: image,image,image,image,image,image,image,image,image,image,image,image,image,image,image,image,image,image,image,image,image,image,video,video,image,video,video,video,video,video,video,image,video,video,image,video,video,image,video,video,image,video,video,image,video,video,image,video).
2026-09-05T07:21:21.821Z [bb17b26d-9cd6-4af8-8355-111a72aaee53][bb1fc585-f087-407a-b043-49c06e320521] Ref image 2/6: downloading from URL...
2026-09-05T07:21:22.227Z [bb17b26d-9cd6-4af8-8355-111a72aaee53][bb1fc585-f087-407a-b043-49c06e320521] Ref image 2/6: saved 468314 bytes (image/jpeg) as "Arlo Water Park Day.jpeg"
2026-09-05T07:21:22.231Z [bb17b26d-9cd6-4af8-8355-111a72aaee53][bb1fc585-f087-407a-b043-49c06e320521] Ref image 2/6: attaching reference image...
2026-09-05T07:21:23.265Z [624a234c-caa4-4119-afc0-6d65420f255a][bb1fc585-f087-407a-b043-49c06e320521] [submit] confirmed (editor "What do you want to ", fresh tile=true).
2026-09-05T07:21:23.715Z [c7e3f811-b262-4d4d-8ade-837f536cb9bc][bb1fc585-f087-407a-b043-49c06e320521] Generating... 3 ready, 0 failed / 4 total (178s)
2026-09-05T07:21:23.923Z [624a234c-caa4-4119-afc0-6d65420f255a][bb1fc585-f087-407a-b043-49c06e320521] Current Workspace project URL: https://flow.google.com/project/cd81a7d3-c989-419e-891a-f8694174cb85?hl=en
2026-09-05T07:21:23.924Z [624a234c-caa4-4119-afc0-6d65420f255a][bb1fc585-f087-407a-b043-49c06e320521] Submitted ✓ Detecting batch size...
2026-09-05T07:21:23.936Z [624a234c-caa4-4119-afc0-6d65420f255a][bb1fc585-f087-407a-b043-49c06e320521] New tile(s) since submit: 0 → 4 (mounted=48)
2026-09-05T07:21:24.487Z [bb17b26d-9cd6-4af8-8355-111a72aaee53][bb1fc585-f087-407a-b043-49c06e320521] Ref image 2/6: reusing library asset "Arlo Water Park Day.jpeg" (no re-upload).
2026-09-05T07:21:25.784Z [0816a6a1-d0c4-4486-addb-64fee977fca8][bb1fc585-f087-407a-b043-49c06e320521] Prompt insert attempt 1: editor has 2039 chars (want ~2084) ✓
2026-09-05T07:21:26.723Z [c7e3f811-b262-4d4d-8ade-837f536cb9bc][bb1fc585-f087-407a-b043-49c06e320521] Poll ended with 3/4 ready — salvaging the completed item(s).
2026-09-05T07:21:26.723Z [c7e3f811-b262-4d4d-8ade-837f536cb9bc][bb1fc585-f087-407a-b043-49c06e320521] 3 item(s) ready! Downloading...
2026-09-05T07:21:26.724Z [c7e3f811-b262-4d4d-8ade-837f536cb9bc][bb1fc585-f087-407a-b043-49c06e320521] Item 1: Downloading from URL https://flow-content.google/image/c207aa0f-b1e7-4fc4-810f-f181892c7ec2?Expires=1788614301&KeyName=labs-flow-prod-cdn-key&Signature=PFh6W8R-AZ4Ic3iAdOy9eG_Gbzo
2026-09-05T07:21:27.073Z [c7e3f811-b262-4d4d-8ade-837f536cb9bc][bb1fc585-f087-407a-b043-49c06e320521] Downloaded 1/3: winai_2026-09-05T07-21-26_01.jpg
2026-09-05T07:21:27.074Z [c7e3f811-b262-4d4d-8ade-837f536cb9bc][bb1fc585-f087-407a-b043-49c06e320521] Item 2: Downloading from URL https://flow-content.google/image/99740f10-498f-4311-a9c2-111f602cea0a?Expires=1788614300&KeyName=labs-flow-prod-cdn-key&Signature=zzyCG8DhfRrOJ-0KGNC8cWusE3g
2026-09-05T07:21:27.156Z [c7e3f811-b262-4d4d-8ade-837f536cb9bc][bb1fc585-f087-407a-b043-49c06e320521] Downloaded 2/3: winai_2026-09-05T07-21-26_02.jpg
2026-09-05T07:21:27.157Z [c7e3f811-b262-4d4d-8ade-837f536cb9bc][bb1fc585-f087-407a-b043-49c06e320521] Item 3: Downloading from URL https://flow-content.google/image/d2efd043-c4ae-47aa-8499-7518b35df86a?Expires=1788614300&KeyName=labs-flow-prod-cdn-key&Signature=x65thh7oTuq6sUbt0djiTwYZr9Y
2026-09-05T07:21:27.235Z [c7e3f811-b262-4d4d-8ade-837f536cb9bc][bb1fc585-f087-407a-b043-49c06e320521] Downloaded 3/3: winai_2026-09-05T07-21-26_03.jpg
2026-09-05T07:21:27.236Z [c7e3f811-b262-4d4d-8ade-837f536cb9bc][bb1fc585-f087-407a-b043-49c06e320521] ✅ 3 item(s) saved to Downloads/Win AI Toolkit/
2026-09-05T07:21:27.489Z [c7e3f811-b262-4d4d-8ade-837f536cb9bc][bb1fc585-f087-407a-b043-49c06e320521] Item 3: Uploaded → https://studio.xanhmedia.vn/uploads/2026-09/1788592887194_7dcbb7_bb1fc585-f087-407a-b043-49c06e320521_c7e.jpg
2026-09-05T07:21:27.502Z [c7e3f811-b262-4d4d-8ade-837f536cb9bc][bb1fc585-f087-407a-b043-49c06e320521] Item 2: Uploaded → https://studio.xanhmedia.vn/uploads/2026-09/1788592887207_046f85_bb1fc585-f087-407a-b043-49c06e320521_c7e.jpg
2026-09-05T07:21:27.586Z [c7e3f811-b262-4d4d-8ade-837f536cb9bc][bb1fc585-f087-407a-b043-49c06e320521] Item 1: Uploaded → https://studio.xanhmedia.vn/uploads/2026-09/1788592887279_70d592_bb1fc585-f087-407a-b043-49c06e320521_c7e.jpg
2026-09-05T07:21:27.588Z [c7e3f811-b262-4d4d-8ade-837f536cb9bc][bb1fc585-f087-407a-b043-49c06e320521] All done (including any 1080p upgrades). Closing Playwright browser context.
2026-09-05T07:21:27.982Z [0816a6a1-d0c4-4486-addb-64fee977fca8][bb1fc585-f087-407a-b043-49c06e320521] Baseline: 48 pre-existing media tile(s) of 48 mounted (kinds: image,image,image,image,image,image,image,image,image,image,image,image,image,image,image,image,image,image,image,image,image,image,video,video,image,video,video,image,video,image,video,video,image,video,video,image,video,video,image,video,video,image,video,video,image,video,image,video).
2026-09-05T07:21:28.072Z [624a234c-caa4-4119-afc0-6d65420f255a][bb1fc585-f087-407a-b043-49c06e320521] Batch size stabilised at 4 new tile(s)
2026-09-05T07:21:28.073Z [624a234c-caa4-4119-afc0-6d65420f255a][bb1fc585-f087-407a-b043-49c06e320521] Batch detected: 4 item(s). Generating...
2026-09-05T07:21:28.073Z [624a234c-caa4-4119-afc0-6d65420f255a][bb1fc585-f087-407a-b043-49c06e320521] Polling for 4 image item(s) (baseline=48, hasUpload=true)...
2026-09-05T07:21:28.100Z [624a234c-caa4-4119-afc0-6d65420f255a][bb1fc585-f087-407a-b043-49c06e320521] Generating... 0 ready, 0 failed / 4 total (0s) image 34% [BỐI CẢNH] image 34% [BỐI CẢNH] image 34% [BỐI CẢNH] image 34% [BỐI CẢNH]
2026-09-05T07:21:28.163Z [83d89446-ee89-4d6c-abd7-e893dc6224a0][bb1fc585-f087-407a-b043-49c06e320521] runGeneration starting: task_id=83d89446-ee89-4d6c-abd7-e893dc6224a0, profile_id=bb1fc585-f087-407a-b043-49c06e320521, target_site=google_flow
2026-09-05T07:21:28.164Z [83d89446-ee89-4d6c-abd7-e893dc6224a0][bb1fc585-f087-407a-b043-49c06e320521] Opening Playwright browser with persistent profile cookies...
2026-09-05T07:21:28.165Z [83d89446-ee89-4d6c-abd7-e893dc6224a0][bb1fc585-f087-407a-b043-49c06e320521] Browser engine: winhide (C:\Users\Admin\AppData\Roaming\com.tank.winai\winhide\chrome.exe) [hidden off-screen]
2026-09-05T07:21:28.165Z [83d89446-ee89-4d6c-abd7-e893dc6224a0][bb1fc585-f087-407a-b043-49c06e320521] Launch mode: STEALTH (raw spawn + connectOverCDP)
2026-09-05T07:21:28.347Z [bb17b26d-9cd6-4af8-8355-111a72aaee53][bb1fc585-f087-407a-b043-49c06e320521] Ref image 2/6: chips 1→2 ✓
2026-09-05T07:21:29.622Z [bb17b26d-9cd6-4af8-8355-111a72aaee53][bb1fc585-f087-407a-b043-49c06e320521] Ref image 3/6: downloading from URL...
2026-09-05T07:21:29.907Z [83d89446-ee89-4d6c-abd7-e893dc6224a0][bb1fc585-f087-407a-b043-49c06e320521] Exit IP: 115.74.128.9
2026-09-05T07:21:29.908Z [83d89446-ee89-4d6c-abd7-e893dc6224a0][bb1fc585-f087-407a-b043-49c06e320521] Navigating browser to Google Flow tools page...
2026-09-05T07:21:29.908Z [83d89446-ee89-4d6c-abd7-e893dc6224a0][bb1fc585-f087-407a-b043-49c06e320521] Using existing project URL: https://flow.google.com/project/33ca2cc2-c9ff-4bb6-9048-2a7af1dfcfee?hl=en
2026-09-05T07:21:30.033Z [bb17b26d-9cd6-4af8-8355-111a72aaee53][bb1fc585-f087-407a-b043-49c06e320521] Ref image 3/6: saved 653843 bytes (image/jpeg) as "Graham Water Park Day.jpeg"
2026-09-05T07:21:30.036Z [bb17b26d-9cd6-4af8-8355-111a72aaee53][bb1fc585-f087-407a-b043-49c06e320521] Ref image 3/6: attaching reference image...
2026-09-05T07:21:30.429Z [0816a6a1-d0c4-4486-addb-64fee977fca8][bb1fc585-f087-407a-b043-49c06e320521] [submit] confirmed (editor "What do you want to ", fresh tile=true).
2026-09-05T07:21:30.715Z [83d89446-ee89-4d6c-abd7-e893dc6224a0][bb1fc585-f087-407a-b043-49c06e320521] Waiting for Google Flow...
2026-09-05T07:21:31.110Z [0816a6a1-d0c4-4486-addb-64fee977fca8][bb1fc585-f087-407a-b043-49c06e320521] Current Workspace project URL: https://flow.google.com/project/cae2bf2b-d1b8-40f9-a300-9f2aa6276ea5?hl=en
2026-09-05T07:21:31.111Z [0816a6a1-d0c4-4486-addb-64fee977fca8][bb1fc585-f087-407a-b043-49c06e320521] Submitted ✓ Detecting batch size...
2026-09-05T07:21:31.115Z [624a234c-caa4-4119-afc0-6d65420f255a][bb1fc585-f087-407a-b043-49c06e320521] Generating... 0 ready, 0 failed / 4 total (3s) image 54% [BỐI CẢNH] image 54% [BỐI CẢNH] image 54% [BỐI CẢNH] image 54% [BỐI CẢNH]
2026-09-05T07:21:31.125Z [0816a6a1-d0c4-4486-addb-64fee977fca8][bb1fc585-f087-407a-b043-49c06e320521] New tile(s) since submit: 0 → 4 (mounted=48)
2026-09-05T07:21:31.998Z [bb17b26d-9cd6-4af8-8355-111a72aaee53][bb1fc585-f087-407a-b043-49c06e320521] Ref image 3/6: reusing library asset "Graham Water Park Day.jpeg" (no re-upload).
2026-09-05T07:21:32.524Z [83d89446-ee89-4d6c-abd7-e893dc6224a0][bb1fc585-f087-407a-b043-49c06e320521] In existing project ✓
2026-09-05T07:21:33.372Z [83d89446-ee89-4d6c-abd7-e893dc6224a0][bb1fc585-f087-407a-b043-49c06e320521] dismissPopups: unresolved overlay(s) ["IFRAME[presentation]|btns="]
2026-09-05T07:21:34.138Z [624a234c-caa4-4119-afc0-6d65420f255a][bb1fc585-f087-407a-b043-49c06e320521] Generating... 0 ready, 0 failed / 4 total (6s) image 74% [BỐI CẢNH] image 74% [BỐI CẢNH] image 74% [BỐI CẢNH] image 74% [BỐI CẢNH]
2026-09-05T07:21:35.161Z [bb17b26d-9cd6-4af8-8355-111a72aaee53][bb1fc585-f087-407a-b043-49c06e320521] Ref image 3/6: chips 2→3 ✓
2026-09-05T07:21:35.326Z [0816a6a1-d0c4-4486-addb-64fee977fca8][bb1fc585-f087-407a-b043-49c06e320521] Batch size stabilised at 4 new tile(s)
2026-09-05T07:21:35.327Z [0816a6a1-d0c4-4486-addb-64fee977fca8][bb1fc585-f087-407a-b043-49c06e320521] Batch detected: 4 item(s). Generating...
2026-09-05T07:21:35.327Z [0816a6a1-d0c4-4486-addb-64fee977fca8][bb1fc585-f087-407a-b043-49c06e320521] Polling for 4 image item(s) (baseline=48, hasUpload=true)...
2026-09-05T07:21:35.342Z [0816a6a1-d0c4-4486-addb-64fee977fca8][bb1fc585-f087-407a-b043-49c06e320521] Generating... 0 ready, 0 failed / 4 total (0s) image 41% [BỐI CẢNH] image 41% [BỐI CẢNH] image 41% [BỐI CẢNH] image 41% [BỐI CẢNH]
2026-09-05T07:21:36.614Z [bb17b26d-9cd6-4af8-8355-111a72aaee53][bb1fc585-f087-407a-b043-49c06e320521] Ref image 4/6: downloading from URL...
2026-09-05T07:21:36.719Z [83d89446-ee89-4d6c-abd7-e893dc6224a0][bb1fc585-f087-407a-b043-49c06e320521] Composer ready ✓ (UI language: en)
2026-09-05T07:21:36.752Z [83d89446-ee89-4d6c-abd7-e893dc6224a0][bb1fc585-f087-407a-b043-49c06e320521] dismissPopups: unresolved overlay(s) ["DIV[]|btns=","DIV[]|btns="]
2026-09-05T07:21:36.781Z [83d89446-ee89-4d6c-abd7-e893dc6224a0][bb1fc585-f087-407a-b043-49c06e320521] Agent toggle aria-pressed=false
2026-09-05T07:21:36.782Z [83d89446-ee89-4d6c-abd7-e893dc6224a0][bb1fc585-f087-407a-b043-49c06e320521] Opening settings...
2026-09-05T07:21:36.975Z [bb17b26d-9cd6-4af8-8355-111a72aaee53][bb1fc585-f087-407a-b043-49c06e320521] Ref image 4/6: saved 383953 bytes (image/jpeg) as "Nessa Chocolate Ice Cream Set.jpeg"
2026-09-05T07:21:36.983Z [bb17b26d-9cd6-4af8-8355-111a72aaee53][bb1fc585-f087-407a-b043-49c06e320521] Ref image 4/6: attaching reference image...
2026-09-05T07:21:37.162Z [624a234c-caa4-4119-afc0-6d65420f255a][bb1fc585-f087-407a-b043-49c06e320521] Generating... 0 ready, 0 failed / 4 total (9s) image 94% [BỐI CẢNH] image 94% [BỐI CẢNH] image 94% [BỐI CẢNH] image 94% [BỐI CẢNH]
2026-09-05T07:21:38.384Z [0816a6a1-d0c4-4486-addb-64fee977fca8][bb1fc585-f087-407a-b043-49c06e320521] Generating... 0 ready, 0 failed / 4 total (3s) image 61% [BỐI CẢNH] image 61% [BỐI CẢNH] image 61% [BỐI CẢNH] image 61% [BỐI CẢNH]
2026-09-05T07:21:38.871Z [83d89446-ee89-4d6c-abd7-e893dc6224a0][bb1fc585-f087-407a-b043-49c06e320521] Configuring image settings...
2026-09-05T07:21:39.176Z [bb17b26d-9cd6-4af8-8355-111a72aaee53][bb1fc585-f087-407a-b043-49c06e320521] Ref image 4/6: "Nessa Chocolate Ice Cream Set.jpeg" not in the library yet — uploading it first.
2026-09-05T07:21:40.185Z [624a234c-caa4-4119-afc0-6d65420f255a][bb1fc585-f087-407a-b043-49c06e320521] Generating... 0 ready, 0 failed / 4 total (12s) image 99% [BỐI CẢNH] image 99% [BỐI CẢNH] image 99% [BỐI CẢNH] image 99% [BỐI CẢNH]
2026-09-05T07:21:40.382Z [83d89446-ee89-4d6c-abd7-e893dc6224a0][bb1fc585-f087-407a-b043-49c06e320521] Mode: selected "image Image" ✓
2026-09-05T07:21:41.402Z [0816a6a1-d0c4-4486-addb-64fee977fca8][bb1fc585-f087-407a-b043-49c06e320521] Generating... 0 ready, 0 failed / 4 total (6s) image 81% [BỐI CẢNH] image 81% [BỐI CẢNH] image 81% [BỐI CẢNH] image 81% [BỐI CẢNH]
2026-09-05T07:21:43.204Z [624a234c-caa4-4119-afc0-6d65420f255a][bb1fc585-f087-407a-b043-49c06e320521] Generating... 0 ready, 0 failed / 4 total (15s) image 99% [BỐI CẢNH] image 99% [BỐI CẢNH] image 99% [BỐI CẢNH] image 99% [BỐI CẢNH]
2026-09-05T07:21:43.432Z [bb17b26d-9cd6-4af8-8355-111a72aaee53][bb1fc585-f087-407a-b043-49c06e320521] Ref image 4/6: uploading "Nessa Chocolate Ice Cream Set.jpeg" to the project library...
2026-09-05T07:21:44.414Z [bb17b26d-9cd6-4af8-8355-111a72aaee53][bb1fc585-f087-407a-b043-49c06e320521] Ref image 4/6: upload finished ✓
2026-09-05T07:21:44.419Z [0816a6a1-d0c4-4486-addb-64fee977fca8][bb1fc585-f087-407a-b043-49c06e320521] Generating... 0 ready, 0 failed / 4 total (9s) image 99% [BỐI CẢNH] image 99% [BỐI CẢNH] image 99% [BỐI CẢNH] image 99% [BỐI CẢNH]
2026-09-05T07:21:45.645Z [83d89446-ee89-4d6c-abd7-e893dc6224a0][bb1fc585-f087-407a-b043-49c06e320521] Model: selected "🍌 Nano Banana 2" ✓
2026-09-05T07:21:46.222Z [624a234c-caa4-4119-afc0-6d65420f255a][bb1fc585-f087-407a-b043-49c06e320521] Generating... 0 ready, 0 failed / 4 total (18s) image 99% [BỐI CẢNH] image 99% [BỐI CẢNH] image 99% [BỐI CẢNH] image 99% [BỐI CẢNH]
2026-09-05T07:21:46.608Z [83d89446-ee89-4d6c-abd7-e893dc6224a0][bb1fc585-f087-407a-b043-49c06e320521] Aspect ratio: "crop_16_9 16:9" already selected ✓
2026-09-05T07:21:47.460Z [0816a6a1-d0c4-4486-addb-64fee977fca8][bb1fc585-f087-407a-b043-49c06e320521] Generating... 0 ready, 0 failed / 4 total (12s) image 99% [BỐI CẢNH] image 99% [BỐI CẢNH] image 99% [BỐI CẢNH] image 99% [BỐI CẢNH]
2026-09-05T07:21:48.352Z [83d89446-ee89-4d6c-abd7-e893dc6224a0][bb1fc585-f087-407a-b043-49c06e320521] Output count: selected "x4" ✓
2026-09-05T07:21:49.244Z [624a234c-caa4-4119-afc0-6d65420f255a][bb1fc585-f087-407a-b043-49c06e320521] Generating... 0 ready, 0 failed / 4 total (21s) image 99% [BỐI CẢNH] image 99% [BỐI CẢNH] image 99% [BỐI CẢNH] image 99% [BỐI CẢNH]
2026-09-05T07:21:49.387Z [83d89446-ee89-4d6c-abd7-e893dc6224a0][bb1fc585-f087-407a-b043-49c06e320521] Ref image 1/9: downloading from URL...
2026-09-05T07:21:49.626Z [83d89446-ee89-4d6c-abd7-e893dc6224a0][bb1fc585-f087-407a-b043-49c06e320521] Downloader: no-proxy request context ready.
2026-09-05T07:21:50.477Z [0816a6a1-d0c4-4486-addb-64fee977fca8][bb1fc585-f087-407a-b043-49c06e320521] Generating... 0 ready, 0 failed / 4 total (15s) image 99% [BỐI CẢNH] image 99% [BỐI CẢNH] image 99% [BỐI CẢNH] image 99% [BỐI CẢNH]
2026-09-05T07:21:50.484Z [83d89446-ee89-4d6c-abd7-e893dc6224a0][bb1fc585-f087-407a-b043-49c06e320521] Ref image 1/9: saved 653843 bytes (image/jpeg) as "Graham Water Park Day.jpeg"
2026-09-05T07:21:50.487Z [83d89446-ee89-4d6c-abd7-e893dc6224a0][bb1fc585-f087-407a-b043-49c06e320521] Ref image 1/9: attaching reference image...
2026-09-05T07:21:52.265Z [624a234c-caa4-4119-afc0-6d65420f255a][bb1fc585-f087-407a-b043-49c06e320521] Generating... 0 ready, 0 failed / 4 total (24s) image 99% [BỐI CẢNH] image 99% [BỐI CẢNH] image 99% [BỐI CẢNH] image 99% [BỐI CẢNH]
2026-09-05T07:21:52.562Z [83d89446-ee89-4d6c-abd7-e893dc6224a0][bb1fc585-f087-407a-b043-49c06e320521] Ref image 1/9: reusing library asset "Graham Water Park Day.jpeg" (no re-upload).
2026-09-05T07:21:53.239Z [bb17b26d-9cd6-4af8-8355-111a72aaee53][bb1fc585-f087-407a-b043-49c06e320521] Ref image 4/6: chips 3→4 ✓
2026-09-05T07:21:53.497Z [0816a6a1-d0c4-4486-addb-64fee977fca8][bb1fc585-f087-407a-b043-49c06e320521] Generating... 0 ready, 0 failed / 4 total (18s) image 99% [BỐI CẢNH] image 99% [BỐI CẢNH] image 99% [BỐI CẢNH] image 99% [BỐI CẢNH]
2026-09-05T07:21:54.417Z [bb17b26d-9cd6-4af8-8355-111a72aaee53][bb1fc585-f087-407a-b043-49c06e320521] Ref image 5/6: downloading from URL...
2026-09-05T07:21:54.778Z [bb17b26d-9cd6-4af8-8355-111a72aaee53][bb1fc585-f087-407a-b043-49c06e320521] Ref image 5/6: saved 287414 bytes (image/jpeg) as "Verdant Water Park Dark Brown Rest Bench.jpeg"
2026-09-05T07:21:54.782Z [bb17b26d-9cd6-4af8-8355-111a72aaee53][bb1fc585-f087-407a-b043-49c06e320521] Ref image 5/6: attaching reference image...
2026-09-05T07:21:55.289Z [624a234c-caa4-4119-afc0-6d65420f255a][bb1fc585-f087-407a-b043-49c06e320521] Generating... 0 ready, 0 failed / 4 total (27s) image 99% [BỐI CẢNH] image 99% [BỐI CẢNH] image 99% [BỐI CẢNH] image 99% [BỐI CẢNH]
2026-09-05T07:21:56.016Z [83d89446-ee89-4d6c-abd7-e893dc6224a0][bb1fc585-f087-407a-b043-49c06e320521] Ref image 1/9: chips 0→1 ✓
2026-09-05T07:21:56.528Z [0816a6a1-d0c4-4486-addb-64fee977fca8][bb1fc585-f087-407a-b043-49c06e320521] Generating... 0 ready, 0 failed / 4 total (21s) image 99% [BỐI CẢNH] image 99% [BỐI CẢNH] image 99% [BỐI CẢNH] image 99% [BỐI CẢNH]
2026-09-05T07:21:56.623Z [bb17b26d-9cd6-4af8-8355-111a72aaee53][bb1fc585-f087-407a-b043-49c06e320521] Ref image 5/6: reusing library asset "Verdant Water Park Dark Brown Rest Bench.jpeg" (no re-upload).
2026-09-05T07:21:57.331Z [83d89446-ee89-4d6c-abd7-e893dc6224a0][bb1fc585-f087-407a-b043-49c06e320521] Ref image 2/9: downloading from URL...
2026-09-05T07:21:57.818Z [83d89446-ee89-4d6c-abd7-e893dc6224a0][bb1fc585-f087-407a-b043-49c06e320521] Ref image 2/9: saved 468314 bytes (image/jpeg) as "Arlo Water Park Day.jpeg"
2026-09-05T07:21:57.822Z [83d89446-ee89-4d6c-abd7-e893dc6224a0][bb1fc585-f087-407a-b043-49c06e320521] Ref image 2/9: attaching reference image...
2026-09-05T07:21:58.315Z [624a234c-caa4-4119-afc0-6d65420f255a][bb1fc585-f087-407a-b043-49c06e320521] Generating... 0 ready, 0 failed / 4 total (30s) image 99% [BỐI CẢNH] image 100% [BỐI CẢNH image 99% [BỐI CẢNH] image 99% [BỐI CẢNH]
2026-09-05T07:21:59.543Z [0816a6a1-d0c4-4486-addb-64fee977fca8][bb1fc585-f087-407a-b043-49c06e320521] Generating... 0 ready, 0 failed / 4 total (24s) image 99% [BỐI CẢNH] image 99% [BỐI CẢNH] image 99% [BỐI CẢNH] image 99% [BỐI CẢNH]
2026-09-05T07:21:59.781Z [bb17b26d-9cd6-4af8-8355-111a72aaee53][bb1fc585-f087-407a-b043-49c06e320521] Ref image 5/6: chips 4→5 ✓
2026-09-05T07:22:00.294Z [83d89446-ee89-4d6c-abd7-e893dc6224a0][bb1fc585-f087-407a-b043-49c06e320521] Ref image 2/9: reusing library asset "Arlo Water Park Day.jpeg" (no re-upload).
2026-09-05T07:22:00.724Z [bb17b26d-9cd6-4af8-8355-111a72aaee53][bb1fc585-f087-407a-b043-49c06e320521] Ref image 6/6: downloading from URL...
2026-09-05T07:22:01.169Z [bb17b26d-9cd6-4af8-8355-111a72aaee53][bb1fc585-f087-407a-b043-49c06e320521] Ref image 6/6: saved 926103 bytes (image/jpeg) as "Verdant Family Water Park Master.jpeg"
2026-09-05T07:22:01.173Z [bb17b26d-9cd6-4af8-8355-111a72aaee53][bb1fc585-f087-407a-b043-49c06e320521] Ref image 6/6: attaching reference image...
2026-09-05T07:22:01.338Z [624a234c-caa4-4119-afc0-6d65420f255a][bb1fc585-f087-407a-b043-49c06e320521] Generating... 1 ready, 0 failed / 4 total (33s) image 99% [BỐI CẢNH] image 99% [BỐI CẢNH] image 99% [BỐI CẢNH]
2026-09-05T07:22:02.561Z [0816a6a1-d0c4-4486-addb-64fee977fca8][bb1fc585-f087-407a-b043-49c06e320521] Generating... 0 ready, 0 failed / 4 total (27s) image 99% [BỐI CẢNH] image 99% [BỐI CẢNH] image 99% [BỐI CẢNH] image 99% [BỐI CẢNH]
2026-09-05T07:22:03.367Z [bb17b26d-9cd6-4af8-8355-111a72aaee53][bb1fc585-f087-407a-b043-49c06e320521] Ref image 6/6: reusing library asset "Verdant Family Water Park Master.jpeg" (no re-upload).
2026-09-05T07:22:03.665Z [83d89446-ee89-4d6c-abd7-e893dc6224a0][bb1fc585-f087-407a-b043-49c06e320521] Ref image 2/9: chips 1→2 ✓
2026-09-05T07:22:04.355Z [624a234c-caa4-4119-afc0-6d65420f255a][bb1fc585-f087-407a-b043-49c06e320521] Generating... 1 ready, 0 failed / 4 total (36s) image 99% [BỐI CẢNH] [BỐI CẢNH]Verdant Fa image 100% [BỐI CẢNH
2026-09-05T07:22:05.036Z [83d89446-ee89-4d6c-abd7-e893dc6224a0][bb1fc585-f087-407a-b043-49c06e320521] Ref image 3/9: downloading from URL...
2026-09-05T07:22:05.462Z [83d89446-ee89-4d6c-abd7-e893dc6224a0][bb1fc585-f087-407a-b043-49c06e320521] Ref image 3/9: saved 628888 bytes (image/jpeg) as "Nessa Water Park Day.jpeg"
2026-09-05T07:22:05.466Z [83d89446-ee89-4d6c-abd7-e893dc6224a0][bb1fc585-f087-407a-b043-49c06e320521] Ref image 3/9: attaching reference image...
2026-09-05T07:22:05.577Z [0816a6a1-d0c4-4486-addb-64fee977fca8][bb1fc585-f087-407a-b043-49c06e320521] Generating... 0 ready, 0 failed / 4 total (30s) image 99% [BỐI CẢNH] image 99% [BỐI CẢNH] image 99% [BỐI CẢNH]
2026-09-05T07:22:06.750Z [bb17b26d-9cd6-4af8-8355-111a72aaee53][bb1fc585-f087-407a-b043-49c06e320521] Ref image 6/6: chips 5→6 ✓
2026-09-05T07:22:06.763Z [bb17b26d-9cd6-4af8-8355-111a72aaee53][bb1fc585-f087-407a-b043-49c06e320521] Entering prompt...
2026-09-05T07:22:07.255Z [83d89446-ee89-4d6c-abd7-e893dc6224a0][bb1fc585-f087-407a-b043-49c06e320521] Ref image 3/9: reusing library asset "Nessa Water Park Day.jpeg" (no re-upload).
2026-09-05T07:22:07.381Z [624a234c-caa4-4119-afc0-6d65420f255a][bb1fc585-f087-407a-b043-49c06e320521] Generating... 3 ready, 0 failed / 4 total (39s) [BỐI CẢNH]Verdant Fa
2026-09-05T07:22:08.589Z [0816a6a1-d0c4-4486-addb-64fee977fca8][bb1fc585-f087-407a-b043-49c06e320521] Generating... 0 ready, 0 failed / 4 total (33s) image 99% [BỐI CẢNH] image 99% [BỐI CẢNH] image 99% [BỐI CẢNH]
2026-09-05T07:22:08.924Z [bb17b26d-9cd6-4af8-8355-111a72aaee53][bb1fc585-f087-407a-b043-49c06e320521] Prompt is 2200 chars — typing it in 32 chunk(s).
2026-09-05T07:22:10.395Z [624a234c-caa4-4119-afc0-6d65420f255a][bb1fc585-f087-407a-b043-49c06e320521] Generating... 4 ready, 0 failed / 4 total (42s)
2026-09-05T07:22:10.396Z [624a234c-caa4-4119-afc0-6d65420f255a][bb1fc585-f087-407a-b043-49c06e320521] Batch done: 4 ready (target 4), 0 failed, scanned 4.
2026-09-05T07:22:10.396Z [624a234c-caa4-4119-afc0-6d65420f255a][bb1fc585-f087-407a-b043-49c06e320521] 4 item(s) ready! Downloading...
2026-09-05T07:22:10.397Z [624a234c-caa4-4119-afc0-6d65420f255a][bb1fc585-f087-407a-b043-49c06e320521] Item 1: Downloading from URL https://flow-content.google/image/d459f390-502e-4b68-8390-808aa31dd0e9?Expires=1788614485&KeyName=labs-flow-prod-cdn-key&Signature=vDKstAgv7qxuaOmvOw9mSI10l64
2026-09-05T07:22:10.767Z [83d89446-ee89-4d6c-abd7-e893dc6224a0][bb1fc585-f087-407a-b043-49c06e320521] Ref image 3/9: chips 2→3 ✓
2026-09-05T07:22:10.772Z [624a234c-caa4-4119-afc0-6d65420f255a][bb1fc585-f087-407a-b043-49c06e320521] Downloaded 1/4: winai_2026-09-05T07-22-10_01.jpg
2026-09-05T07:22:10.772Z [624a234c-caa4-4119-afc0-6d65420f255a][bb1fc585-f087-407a-b043-49c06e320521] Item 2: Downloading from URL https://flow-content.google/image/c327af9b-1be0-421e-b37b-4de1e656265a?Expires=1788614484&KeyName=labs-flow-prod-cdn-key&Signature=impV1oPj2qK0N0DlGhkVgVJXZUA
2026-09-05T07:22:10.872Z [624a234c-caa4-4119-afc0-6d65420f255a][bb1fc585-f087-407a-b043-49c06e320521] Downloaded 2/4: winai_2026-09-05T07-22-10_02.jpg
2026-09-05T07:22:10.873Z [624a234c-caa4-4119-afc0-6d65420f255a][bb1fc585-f087-407a-b043-49c06e320521] Item 3: Downloading from URL https://flow-content.google/image/133f9f71-54b7-4126-83e2-d2d68370e02e?Expires=1788614483&KeyName=labs-flow-prod-cdn-key&Signature=H1EMXzAsBQn4my1Sk-lYNdAnqBY
2026-09-05T07:22:10.987Z [624a234c-caa4-4119-afc0-6d65420f255a][bb1fc585-f087-407a-b043-49c06e320521] Downloaded 3/4: winai_2026-09-05T07-22-10_03.jpg
2026-09-05T07:22:10.988Z [624a234c-caa4-4119-afc0-6d65420f255a][bb1fc585-f087-407a-b043-49c06e320521] Item 4: Downloading from URL https://flow-content.google/image/a9210a76-a59b-4475-9afd-a93642fc9ad0?Expires=1788614482&KeyName=labs-flow-prod-cdn-key&Signature=BdKBsA8kKvxWdKZUSuG3hHpv0f4
2026-09-05T07:22:11.062Z [624a234c-caa4-4119-afc0-6d65420f255a][bb1fc585-f087-407a-b043-49c06e320521] Downloaded 4/4: winai_2026-09-05T07-22-10_04.jpg
2026-09-05T07:22:11.063Z [624a234c-caa4-4119-afc0-6d65420f255a][bb1fc585-f087-407a-b043-49c06e320521] ✅ 4 item(s) saved to Downloads/Win AI Toolkit/
2026-09-05T07:22:11.311Z [624a234c-caa4-4119-afc0-6d65420f255a][bb1fc585-f087-407a-b043-49c06e320521] Item 3: Uploaded → https://studio.xanhmedia.vn/uploads/2026-09/1788592931015_801556_bb1fc585-f087-407a-b043-49c06e320521_624.jpg
2026-09-05T07:22:11.349Z [624a234c-caa4-4119-afc0-6d65420f255a][bb1fc585-f087-407a-b043-49c06e320521] Item 1: Uploaded → https://studio.xanhmedia.vn/uploads/2026-09/1788592931046_f94cab_bb1fc585-f087-407a-b043-49c06e320521_624.jpg
2026-09-05T07:22:11.389Z [624a234c-caa4-4119-afc0-6d65420f255a][bb1fc585-f087-407a-b043-49c06e320521] Item 4: Uploaded → https://studio.xanhmedia.vn/uploads/2026-09/1788592931087_f4ce39_bb1fc585-f087-407a-b043-49c06e320521_624.jpg
2026-09-05T07:22:11.405Z [624a234c-caa4-4119-afc0-6d65420f255a][bb1fc585-f087-407a-b043-49c06e320521] Item 2: Uploaded → https://studio.xanhmedia.vn/uploads/2026-09/1788592931107_1addcd_bb1fc585-f087-407a-b043-49c06e320521_624.jpg
2026-09-05T07:22:11.407Z [624a234c-caa4-4119-afc0-6d65420f255a][bb1fc585-f087-407a-b043-49c06e320521] All done (including any 1080p upgrades). Closing Playwright browser context.
2026-09-05T07:22:11.609Z [0816a6a1-d0c4-4486-addb-64fee977fca8][bb1fc585-f087-407a-b043-49c06e320521] Generating... 0 ready, 0 failed / 4 total (36s) image 99% [BỐI CẢNH] image 99% [BỐI CẢNH] image 99% [BỐI CẢNH]
2026-09-05T07:22:11.950Z [ddddedff-3484-4d33-a4df-1927309becac][bb1fc585-f087-407a-b043-49c06e320521] runGeneration starting: task_id=ddddedff-3484-4d33-a4df-1927309becac, profile_id=bb1fc585-f087-407a-b043-49c06e320521, target_site=google_flow
2026-09-05T07:22:11.951Z [ddddedff-3484-4d33-a4df-1927309becac][bb1fc585-f087-407a-b043-49c06e320521] Opening Playwright browser with persistent profile cookies...
2026-09-05T07:22:11.952Z [ddddedff-3484-4d33-a4df-1927309becac][bb1fc585-f087-407a-b043-49c06e320521] Browser engine: winhide (C:\Users\Admin\AppData\Roaming\com.tank.winai\winhide\chrome.exe) [hidden off-screen]
2026-09-05T07:22:11.952Z [ddddedff-3484-4d33-a4df-1927309becac][bb1fc585-f087-407a-b043-49c06e320521] Launch mode: STEALTH (raw spawn + connectOverCDP)
2026-09-05T07:22:12.471Z [83d89446-ee89-4d6c-abd7-e893dc6224a0][bb1fc585-f087-407a-b043-49c06e320521] Ref image 4/9: downloading from URL...
2026-09-05T07:22:12.882Z [83d89446-ee89-4d6c-abd7-e893dc6224a0][bb1fc585-f087-407a-b043-49c06e320521] Ref image 4/9: saved 329244 bytes (image/jpeg) as "Arlo Blue Water Gun.jpeg"
2026-09-05T07:22:12.887Z [83d89446-ee89-4d6c-abd7-e893dc6224a0][bb1fc585-f087-407a-b043-49c06e320521] Ref image 4/9: attaching reference image...
2026-09-05T07:22:13.989Z [ddddedff-3484-4d33-a4df-1927309becac][bb1fc585-f087-407a-b043-49c06e320521] Exit IP: 115.74.128.9
2026-09-05T07:22:13.990Z [ddddedff-3484-4d33-a4df-1927309becac][bb1fc585-f087-407a-b043-49c06e320521] Navigating browser to Google Flow tools page...
2026-09-05T07:22:13.990Z [ddddedff-3484-4d33-a4df-1927309becac][bb1fc585-f087-407a-b043-49c06e320521] Using existing project URL: https://flow.google.com/project/cd81a7d3-c989-419e-891a-f8694174cb85?hl=en
2026-09-05T07:22:14.627Z [0816a6a1-d0c4-4486-addb-64fee977fca8][bb1fc585-f087-407a-b043-49c06e320521] Generating... 0 ready, 0 failed / 4 total (39s) image 99% [BỐI CẢNH] image 99% [BỐI CẢNH] image 99% [BỐI CẢNH]
2026-09-05T07:22:14.919Z [ddddedff-3484-4d33-a4df-1927309becac][bb1fc585-f087-407a-b043-49c06e320521] Waiting for Google Flow...
2026-09-05T07:22:15.057Z [83d89446-ee89-4d6c-abd7-e893dc6224a0][bb1fc585-f087-407a-b043-49c06e320521] Ref image 4/9: reusing library asset "Arlo Blue Water Gun.jpeg" (no re-upload).
2026-09-05T07:22:16.628Z [ddddedff-3484-4d33-a4df-1927309becac][bb1fc585-f087-407a-b043-49c06e320521] In existing project ✓
2026-09-05T07:22:17.650Z [0816a6a1-d0c4-4486-addb-64fee977fca8][bb1fc585-f087-407a-b043-49c06e320521] Generating... 0 ready, 0 failed / 4 total (42s) image 99% [BỐI CẢNH] image 99% [BỐI CẢNH] image 99% [BỐI CẢNH]
2026-09-05T07:22:17.771Z [ddddedff-3484-4d33-a4df-1927309becac][bb1fc585-f087-407a-b043-49c06e320521] dismissPopups: unresolved overlay(s) ["IFRAME[presentation]|btns="]
2026-09-05T07:22:18.031Z [83d89446-ee89-4d6c-abd7-e893dc6224a0][bb1fc585-f087-407a-b043-49c06e320521] Ref image 4/9: chips 3→4 ✓
2026-09-05T07:22:19.636Z [83d89446-ee89-4d6c-abd7-e893dc6224a0][bb1fc585-f087-407a-b043-49c06e320521] Ref image 5/9: downloading from URL...
2026-09-05T07:22:20.001Z [83d89446-ee89-4d6c-abd7-e893dc6224a0][bb1fc585-f087-407a-b043-49c06e320521] Ref image 5/9: saved 274892 bytes (image/jpeg) as "Nessa Pink Water Gun.jpeg"
2026-09-05T07:22:20.006Z [83d89446-ee89-4d6c-abd7-e893dc6224a0][bb1fc585-f087-407a-b043-49c06e320521] Ref image 5/9: attaching reference image...
2026-09-05T07:22:20.521Z [ddddedff-3484-4d33-a4df-1927309becac][bb1fc585-f087-407a-b043-49c06e320521] Composer ready ✓ (UI language: en)
2026-09-05T07:22:20.569Z [ddddedff-3484-4d33-a4df-1927309becac][bb1fc585-f087-407a-b043-49c06e320521] dismissPopups: unresolved overlay(s) ["DIV[]|btns=","DIV[]|btns="]
2026-09-05T07:22:20.592Z [ddddedff-3484-4d33-a4df-1927309becac][bb1fc585-f087-407a-b043-49c06e320521] Agent toggle aria-pressed=false
2026-09-05T07:22:20.593Z [ddddedff-3484-4d33-a4df-1927309becac][bb1fc585-f087-407a-b043-49c06e320521] Opening settings...
2026-09-05T07:22:20.683Z [0816a6a1-d0c4-4486-addb-64fee977fca8][bb1fc585-f087-407a-b043-49c06e320521] Generating... 0 ready, 0 failed / 4 total (45s) [BỐI CẢNH]Verdant Fa [BỐI CẢNH]Verdant Fa image 100% [BỐI CẢNH
2026-09-05T07:22:21.970Z [83d89446-ee89-4d6c-abd7-e893dc6224a0][bb1fc585-f087-407a-b043-49c06e320521] Ref image 5/9: reusing library asset "Nessa Pink Water Gun.jpeg" (no re-upload).
2026-09-05T07:22:22.407Z [ddddedff-3484-4d33-a4df-1927309becac][bb1fc585-f087-407a-b043-49c06e320521] Configuring image settings...
2026-09-05T07:22:23.671Z [ddddedff-3484-4d33-a4df-1927309becac][bb1fc585-f087-407a-b043-49c06e320521] Mode: selected "image Image" ✓
2026-09-05T07:22:23.710Z [0816a6a1-d0c4-4486-addb-64fee977fca8][bb1fc585-f087-407a-b043-49c06e320521] Generating... 2 ready, 0 failed / 4 total (48s) [BỐI CẢNH]Verdant Fa
2026-09-05T07:22:24.859Z [bb17b26d-9cd6-4af8-8355-111a72aaee53][bb1fc585-f087-407a-b043-49c06e320521] Prompt insert attempt 1: editor has 2147 chars (want ~2193) ✓
2026-09-05T07:22:25.478Z [83d89446-ee89-4d6c-abd7-e893dc6224a0][bb1fc585-f087-407a-b043-49c06e320521] Ref image 5/9: chips 4→5 ✓
2026-09-05T07:22:26.596Z [bb17b26d-9cd6-4af8-8355-111a72aaee53][bb1fc585-f087-407a-b043-49c06e320521] Baseline: 48 pre-existing media tile(s) of 48 mounted (kinds: image,image,image,image,image,image,image,image,image,image,image,image,image,image,image,image,image,image,image,image,image,image,image,video,video,image,image,video,video,image,video,video,image,video,video,video,image,video,video,image,video,video,image,video,video,video,image,video).
2026-09-05T07:22:26.659Z [83d89446-ee89-4d6c-abd7-e893dc6224a0][bb1fc585-f087-407a-b043-49c06e320521] Ref image 6/9: downloading from URL...
2026-09-05T07:22:26.739Z [0816a6a1-d0c4-4486-addb-64fee977fca8][bb1fc585-f087-407a-b043-49c06e320521] Generating... 3 ready, 0 failed / 4 total (51s)
2026-09-05T07:22:27.051Z [83d89446-ee89-4d6c-abd7-e893dc6224a0][bb1fc585-f087-407a-b043-49c06e320521] Ref image 6/9: saved 475323 bytes (image/jpeg) as "Vale Family Water Park Bag.jpeg"
2026-09-05T07:22:27.055Z [83d89446-ee89-4d6c-abd7-e893dc6224a0][bb1fc585-f087-407a-b043-49c06e320521] Ref image 6/9: attaching reference image...
2026-09-05T07:22:28.695Z [bb17b26d-9cd6-4af8-8355-111a72aaee53][bb1fc585-f087-407a-b043-49c06e320521] [submit] confirmed (editor "What do you want to ", fresh tile=true).
2026-09-05T07:22:28.803Z [ddddedff-3484-4d33-a4df-1927309becac][bb1fc585-f087-407a-b043-49c06e320521] Model: selected "🍌 Nano Banana 2" ✓
2026-09-05T07:22:29.188Z [83d89446-ee89-4d6c-abd7-e893dc6224a0][bb1fc585-f087-407a-b043-49c06e320521] Ref image 6/9: "Vale Family Water Park Bag.jpeg" not in the library yet — uploading it first.
2026-09-05T07:22:29.390Z [bb17b26d-9cd6-4af8-8355-111a72aaee53][bb1fc585-f087-407a-b043-49c06e320521] Current Workspace project URL: https://flow.google.com/project/c2a607c5-d833-4be1-8108-407b74d4ed85?hl=en
2026-09-05T07:22:29.390Z [bb17b26d-9cd6-4af8-8355-111a72aaee53][bb1fc585-f087-407a-b043-49c06e320521] Submitted ✓ Detecting batch size...
2026-09-05T07:22:29.401Z [bb17b26d-9cd6-4af8-8355-111a72aaee53][bb1fc585-f087-407a-b043-49c06e320521] New tile(s) since submit: 0 → 4 (mounted=48)
2026-09-05T07:22:29.696Z [ddddedff-3484-4d33-a4df-1927309becac][bb1fc585-f087-407a-b043-49c06e320521] Aspect ratio: "crop_16_9 16:9" already selected ✓
2026-09-05T07:22:29.770Z [0816a6a1-d0c4-4486-addb-64fee977fca8][bb1fc585-f087-407a-b043-49c06e320521] Generating... 3 ready, 0 failed / 4 total (54s)
2026-09-05T07:22:31.399Z [ddddedff-3484-4d33-a4df-1927309becac][bb1fc585-f087-407a-b043-49c06e320521] Output count: selected "x4" ✓
2026-09-05T07:22:32.290Z [ddddedff-3484-4d33-a4df-1927309becac][bb1fc585-f087-407a-b043-49c06e320521] Ref image 1/3: downloading from URL...
2026-09-05T07:22:32.489Z [ddddedff-3484-4d33-a4df-1927309becac][bb1fc585-f087-407a-b043-49c06e320521] Downloader: no-proxy request context ready.
2026-09-05T07:22:32.796Z [0816a6a1-d0c4-4486-addb-64fee977fca8][bb1fc585-f087-407a-b043-49c06e320521] Generating... 3 ready, 0 failed / 4 total (57s)
2026-09-05T07:22:33.002Z [83d89446-ee89-4d6c-abd7-e893dc6224a0][bb1fc585-f087-407a-b043-49c06e320521] Ref image 6/9: uploading "Vale Family Water Park Bag.jpeg" to the project library...
2026-09-05T07:22:33.286Z [ddddedff-3484-4d33-a4df-1927309becac][bb1fc585-f087-407a-b043-49c06e320521] Ref image 1/3: saved 468314 bytes (image/jpeg) as "Arlo Water Park Day.jpeg"
2026-09-05T07:22:33.295Z [ddddedff-3484-4d33-a4df-1927309becac][bb1fc585-f087-407a-b043-49c06e320521] Ref image 1/3: attaching reference image...
2026-09-05T07:22:33.550Z [bb17b26d-9cd6-4af8-8355-111a72aaee53][bb1fc585-f087-407a-b043-49c06e320521] Batch size stabilised at 4 new tile(s)
2026-09-05T07:22:33.550Z [bb17b26d-9cd6-4af8-8355-111a72aaee53][bb1fc585-f087-407a-b043-49c06e320521] Batch detected: 4 item(s). Generating...
2026-09-05T07:22:33.550Z [bb17b26d-9cd6-4af8-8355-111a72aaee53][bb1fc585-f087-407a-b043-49c06e320521] Polling for 4 image item(s) (baseline=48, hasUpload=true)...
2026-09-05T07:22:33.568Z [bb17b26d-9cd6-4af8-8355-111a72aaee53][bb1fc585-f087-407a-b043-49c06e320521] Generating... 0 ready, 0 failed / 4 total (0s) image 34% [BỐI CẢNH] image 34% [BỐI CẢNH] image 34% [BỐI CẢNH] image 34% [BỐI CẢNH]
2026-09-05T07:22:34.010Z [83d89446-ee89-4d6c-abd7-e893dc6224a0][bb1fc585-f087-407a-b043-49c06e320521] Ref image 6/9: upload finished ✓
2026-09-05T07:22:35.567Z [ddddedff-3484-4d33-a4df-1927309becac][bb1fc585-f087-407a-b043-49c06e320521] Ref image 1/3: reusing library asset "Arlo Water Park Day.jpeg" (no re-upload).
2026-09-05T07:22:35.817Z [0816a6a1-d0c4-4486-addb-64fee977fca8][bb1fc585-f087-407a-b043-49c06e320521] Generating... 3 ready, 0 failed / 4 total (60s)
2026-09-05T07:22:36.587Z [bb17b26d-9cd6-4af8-8355-111a72aaee53][bb1fc585-f087-407a-b043-49c06e320521] Generating... 0 ready, 0 failed / 4 total (3s) image 54% [BỐI CẢNH] image 54% [BỐI CẢNH] image 54% [BỐI CẢNH] image 54% [BỐI CẢNH]
2026-09-05T07:22:38.837Z [0816a6a1-d0c4-4486-addb-64fee977fca8][bb1fc585-f087-407a-b043-49c06e320521] Generating... 3 ready, 0 failed / 4 total (64s)
2026-09-05T07:22:39.271Z [ddddedff-3484-4d33-a4df-1927309becac][bb1fc585-f087-407a-b043-49c06e320521] Ref image 1/3: chips 0→1 ✓
2026-09-05T07:22:39.601Z [bb17b26d-9cd6-4af8-8355-111a72aaee53][bb1fc585-f087-407a-b043-49c06e320521] Generating... 0 ready, 0 failed / 4 total (6s) image 74% [BỐI CẢNH] image 74% [BỐI CẢNH] image 74% [BỐI CẢNH] image 74% [BỐI CẢNH]
2026-09-05T07:22:40.725Z [ddddedff-3484-4d33-a4df-1927309becac][bb1fc585-f087-407a-b043-49c06e320521] Ref image 2/3: downloading from URL...
2026-09-05T07:22:41.237Z [ddddedff-3484-4d33-a4df-1927309becac][bb1fc585-f087-407a-b043-49c06e320521] Ref image 2/3: saved 628888 bytes (image/jpeg) as "Nessa Water Park Day.jpeg"
2026-09-05T07:22:41.241Z [ddddedff-3484-4d33-a4df-1927309becac][bb1fc585-f087-407a-b043-49c06e320521] Ref image 2/3: attaching reference image...
2026-09-05T07:22:41.864Z [0816a6a1-d0c4-4486-addb-64fee977fca8][bb1fc585-f087-407a-b043-49c06e320521] Generating... 3 ready, 0 failed / 4 total (67s)
2026-09-05T07:22:42.615Z [bb17b26d-9cd6-4af8-8355-111a72aaee53][bb1fc585-f087-407a-b043-49c06e320521] Generating... 0 ready, 0 failed / 4 total (9s) image 94% [BỐI CẢNH] image 94% [BỐI CẢNH] image 94% [BỐI CẢNH] image 94% [BỐI CẢNH]
2026-09-05T07:22:42.882Z [83d89446-ee89-4d6c-abd7-e893dc6224a0][bb1fc585-f087-407a-b043-49c06e320521] Ref image 6/9: chips 5→6 ✓
2026-09-05T07:22:43.468Z [ddddedff-3484-4d33-a4df-1927309becac][bb1fc585-f087-407a-b043-49c06e320521] Ref image 2/3: reusing library asset "Nessa Water Park Day.jpeg" (no re-upload).
2026-09-05T07:22:44.303Z [83d89446-ee89-4d6c-abd7-e893dc6224a0][bb1fc585-f087-407a-b043-49c06e320521] Ref image 7/9: downloading from URL...
2026-09-05T07:22:44.651Z [83d89446-ee89-4d6c-abd7-e893dc6224a0][bb1fc585-f087-407a-b043-49c06e320521] Ref image 7/9: saved 383953 bytes (image/jpeg) as "Nessa Chocolate Ice Cream Set.jpeg"
2026-09-05T07:22:44.654Z [83d89446-ee89-4d6c-abd7-e893dc6224a0][bb1fc585-f087-407a-b043-49c06e320521] Ref image 7/9: attaching reference image...
2026-09-05T07:22:44.886Z [0816a6a1-d0c4-4486-addb-64fee977fca8][bb1fc585-f087-407a-b043-49c06e320521] Generating... 3 ready, 0 failed / 4 total (70s)
2026-09-05T07:22:45.643Z [bb17b26d-9cd6-4af8-8355-111a72aaee53][bb1fc585-f087-407a-b043-49c06e320521] Generating... 0 ready, 0 failed / 4 total (12s) image 99% [BỐI CẢNH] image 99% [BỐI CẢNH] image 99% [BỐI CẢNH] image 99% [BỐI CẢNH]
2026-09-05T07:22:46.467Z [83d89446-ee89-4d6c-abd7-e893dc6224a0][bb1fc585-f087-407a-b043-49c06e320521] Ref image 7/9: "Nessa Chocolate Ice Cream Set.jpeg" not in the library yet — uploading it first.
2026-09-05T07:22:46.940Z [ddddedff-3484-4d33-a4df-1927309becac][bb1fc585-f087-407a-b043-49c06e320521] Ref image 2/3: chips 1→2 ✓
2026-09-05T07:22:47.903Z [0816a6a1-d0c4-4486-addb-64fee977fca8][bb1fc585-f087-407a-b043-49c06e320521] Generating... 3 ready, 0 failed / 4 total (73s)
2026-09-05T07:22:48.073Z [ddddedff-3484-4d33-a4df-1927309becac][bb1fc585-f087-407a-b043-49c06e320521] Ref image 3/3: downloading from URL...
2026-09-05T07:22:48.549Z [ddddedff-3484-4d33-a4df-1927309becac][bb1fc585-f087-407a-b043-49c06e320521] Ref image 3/3: saved 926103 bytes (image/jpeg) as "Verdant Family Water Park Master.jpeg"
2026-09-05T07:22:48.552Z [ddddedff-3484-4d33-a4df-1927309becac][bb1fc585-f087-407a-b043-49c06e320521] Ref image 3/3: attaching reference image...
2026-09-05T07:22:48.666Z [bb17b26d-9cd6-4af8-8355-111a72aaee53][bb1fc585-f087-407a-b043-49c06e320521] Generating... 0 ready, 0 failed / 4 total (15s) image 99% [BỐI CẢNH] image 99% [BỐI CẢNH] image 99% [BỐI CẢNH] image 99% [BỐI CẢNH]
2026-09-05T07:22:50.351Z [83d89446-ee89-4d6c-abd7-e893dc6224a0][bb1fc585-f087-407a-b043-49c06e320521] Ref image 7/9: uploading "Nessa Chocolate Ice Cream Set.jpeg" to the project library...
2026-09-05T07:22:50.921Z [0816a6a1-d0c4-4486-addb-64fee977fca8][bb1fc585-f087-407a-b043-49c06e320521] Generating... 3 ready, 0 failed / 4 total (76s)
2026-09-05T07:22:51.052Z [ddddedff-3484-4d33-a4df-1927309becac][bb1fc585-f087-407a-b043-49c06e320521] Ref image 3/3: reusing library asset "Verdant Family Water Park Master.jpeg" (no re-upload).
2026-09-05T07:22:51.398Z [83d89446-ee89-4d6c-abd7-e893dc6224a0][bb1fc585-f087-407a-b043-49c06e320521] Ref image 7/9: upload finished ✓
2026-09-05T07:22:51.685Z [bb17b26d-9cd6-4af8-8355-111a72aaee53][bb1fc585-f087-407a-b043-49c06e320521] Generating... 0 ready, 0 failed / 4 total (18s) image 99% [BỐI CẢNH] image 99% [BỐI CẢNH] image 99% [BỐI CẢNH] image 99% [BỐI CẢNH]
2026-09-05T07:22:53.952Z [0816a6a1-d0c4-4486-addb-64fee977fca8][bb1fc585-f087-407a-b043-49c06e320521] Generating... 3 ready, 0 failed / 4 total (79s)
2026-09-05T07:22:54.339Z [ddddedff-3484-4d33-a4df-1927309becac][bb1fc585-f087-407a-b043-49c06e320521] Ref image 3/3: chips 2→3 ✓
2026-09-05T07:22:54.350Z [ddddedff-3484-4d33-a4df-1927309becac][bb1fc585-f087-407a-b043-49c06e320521] Entering prompt...
2026-09-05T07:22:54.701Z [bb17b26d-9cd6-4af8-8355-111a72aaee53][bb1fc585-f087-407a-b043-49c06e320521] Generating... 0 ready, 0 failed / 4 total (21s) image 99% [BỐI CẢNH] image 99% [BỐI CẢNH] image 99% [BỐI CẢNH] image 99% [BỐI CẢNH]
2026-09-05T07:22:56.233Z [ddddedff-3484-4d33-a4df-1927309becac][bb1fc585-f087-407a-b043-49c06e320521] Prompt is 1822 chars — typing it in 25 chunk(s).
2026-09-05T07:22:56.968Z [0816a6a1-d0c4-4486-addb-64fee977fca8][bb1fc585-f087-407a-b043-49c06e320521] Generating... 3 ready, 0 failed / 4 total (82s)
2026-09-05T07:22:57.717Z [bb17b26d-9cd6-4af8-8355-111a72aaee53][bb1fc585-f087-407a-b043-49c06e320521] Generating... 0 ready, 0 failed / 4 total (24s) image 99% [BỐI CẢNH] image 99% [BỐI CẢNH] image 99% [BỐI CẢNH] image 99% [BỐI CẢNH]
2026-09-05T07:22:59.980Z [0816a6a1-d0c4-4486-addb-64fee977fca8][bb1fc585-f087-407a-b043-49c06e320521] Generating... 3 ready, 0 failed / 4 total (85s)
2026-09-05T07:22:59.988Z [83d89446-ee89-4d6c-abd7-e893dc6224a0][bb1fc585-f087-407a-b043-49c06e320521] Ref image 7/9: chips 6→7 ✓
2026-09-05T07:23:00.735Z [bb17b26d-9cd6-4af8-8355-111a72aaee53][bb1fc585-f087-407a-b043-49c06e320521] Generating... 0 ready, 0 failed / 4 total (27s) image 99% [BỐI CẢNH] image 99% [BỐI CẢNH] image 99% [BỐI CẢNH] image 99% [BỐI CẢNH]
2026-09-05T07:23:01.354Z [83d89446-ee89-4d6c-abd7-e893dc6224a0][bb1fc585-f087-407a-b043-49c06e320521] Ref image 8/9: downloading from URL...
2026-09-05T07:23:01.702Z [83d89446-ee89-4d6c-abd7-e893dc6224a0][bb1fc585-f087-407a-b043-49c06e320521] Ref image 8/9: saved 287414 bytes (image/jpeg) as "Verdant Water Park Dark Brown Rest Bench.jpeg"
2026-09-05T07:23:01.707Z [83d89446-ee89-4d6c-abd7-e893dc6224a0][bb1fc585-f087-407a-b043-49c06e320521] Ref image 8/9: attaching reference image...
2026-09-05T07:23:02.996Z [0816a6a1-d0c4-4486-addb-64fee977fca8][bb1fc585-f087-407a-b043-49c06e320521] Generating... 3 ready, 0 failed / 4 total (88s)
2026-09-05T07:23:03.596Z [83d89446-ee89-4d6c-abd7-e893dc6224a0][bb1fc585-f087-407a-b043-49c06e320521] Ref image 8/9: "Verdant Water Park Dark Brown Rest Bench.jpeg" not in the library yet — uploading it first.
2026-09-05T07:23:03.753Z [bb17b26d-9cd6-4af8-8355-111a72aaee53][bb1fc585-f087-407a-b043-49c06e320521] Generating... 0 ready, 0 failed / 4 total (30s) image 99% [BỐI CẢNH] image 99% [BỐI CẢNH] image 99% [BỐI CẢNH] image 99% [BỐI CẢNH]
2026-09-05T07:23:06.017Z [0816a6a1-d0c4-4486-addb-64fee977fca8][bb1fc585-f087-407a-b043-49c06e320521] Generating... 3 ready, 0 failed / 4 total (91s)
2026-09-05T07:23:06.767Z [bb17b26d-9cd6-4af8-8355-111a72aaee53][bb1fc585-f087-407a-b043-49c06e320521] Generating... 0 ready, 0 failed / 4 total (33s) image 99% [BỐI CẢNH] image 99% [BỐI CẢNH] [BỐI CẢNH]Verdant Fa image 99% [BỐI CẢNH]
2026-09-05T07:23:07.546Z [83d89446-ee89-4d6c-abd7-e893dc6224a0][bb1fc585-f087-407a-b043-49c06e320521] Ref image 8/9: uploading "Verdant Water Park Dark Brown Rest Bench.jpeg" to the project library...
2026-09-05T07:23:08.631Z [ddddedff-3484-4d33-a4df-1927309becac][bb1fc585-f087-407a-b043-49c06e320521] Prompt insert attempt 1: editor has 1773 chars (want ~1815) ✓
2026-09-05T07:23:08.738Z [83d89446-ee89-4d6c-abd7-e893dc6224a0][bb1fc585-f087-407a-b043-49c06e320521] Ref image 8/9: upload finished ✓
2026-09-05T07:23:09.035Z [0816a6a1-d0c4-4486-addb-64fee977fca8][bb1fc585-f087-407a-b043-49c06e320521] Generating... 3 ready, 0 failed / 4 total (94s)
2026-09-05T07:23:09.788Z [bb17b26d-9cd6-4af8-8355-111a72aaee53][bb1fc585-f087-407a-b043-49c06e320521] Generating... 1 ready, 0 failed / 4 total (36s) image 99% [BỐI CẢNH] image 99% [BỐI CẢNH] [BỐI CẢNH]Verdant Fa
2026-09-05T07:23:10.165Z [ddddedff-3484-4d33-a4df-1927309becac][bb1fc585-f087-407a-b043-49c06e320521] Baseline: 48 pre-existing media tile(s) of 48 mounted (kinds: image,image,image,image,image,image,image,image,image,image,image,image,image,image,image,image,image,image,image,image,image,image,image,image,image,image,video,video,image,video,video,video,video,video,video,image,video,video,image,video,video,image,video,video,image,video,video,image).
2026-09-05T07:23:12.054Z [0816a6a1-d0c4-4486-addb-64fee977fca8][bb1fc585-f087-407a-b043-49c06e320521] Generating... 3 ready, 0 failed / 4 total (97s)
2026-09-05T07:23:12.559Z [ddddedff-3484-4d33-a4df-1927309becac][bb1fc585-f087-407a-b043-49c06e320521] [submit] confirmed (editor "What do you want to ", fresh tile=true).
2026-09-05T07:23:12.803Z [bb17b26d-9cd6-4af8-8355-111a72aaee53][bb1fc585-f087-407a-b043-49c06e320521] Generating... 2 ready, 0 failed / 4 total (39s) [BỐI CẢNH]Verdant Fa [BỐI CẢNH]Verdant Fa
2026-09-05T07:23:13.143Z [ddddedff-3484-4d33-a4df-1927309becac][bb1fc585-f087-407a-b043-49c06e320521] Current Workspace project URL: https://flow.google.com/project/cd81a7d3-c989-419e-891a-f8694174cb85?hl=en
2026-09-05T07:23:13.144Z [ddddedff-3484-4d33-a4df-1927309becac][bb1fc585-f087-407a-b043-49c06e320521] Submitted ✓ Detecting batch size...
2026-09-05T07:23:13.160Z [ddddedff-3484-4d33-a4df-1927309becac][bb1fc585-f087-407a-b043-49c06e320521] New tile(s) since submit: 0 → 4 (mounted=49)
2026-09-05T07:23:15.073Z [0816a6a1-d0c4-4486-addb-64fee977fca8][bb1fc585-f087-407a-b043-49c06e320521] Generating... 3 ready, 0 failed / 4 total (100s)
2026-09-05T07:23:15.815Z [bb17b26d-9cd6-4af8-8355-111a72aaee53][bb1fc585-f087-407a-b043-49c06e320521] Generating... 4 ready, 0 failed / 4 total (42s)
2026-09-05T07:23:15.816Z [bb17b26d-9cd6-4af8-8355-111a72aaee53][bb1fc585-f087-407a-b043-49c06e320521] Batch done: 4 ready (target 4), 0 failed, scanned 4.
2026-09-05T07:23:15.816Z [bb17b26d-9cd6-4af8-8355-111a72aaee53][bb1fc585-f087-407a-b043-49c06e320521] 4 item(s) ready! Downloading...
2026-09-05T07:23:15.817Z [bb17b26d-9cd6-4af8-8355-111a72aaee53][bb1fc585-f087-407a-b043-49c06e320521] Item 1: Downloading from URL https://flow-content.google/image/0014687f-cc47-4204-a9e6-7c1059e06fc6?Expires=1788614550&KeyName=labs-flow-prod-cdn-key&Signature=u8N10usgZWP-S7MsFKypNHZDMmI
2026-09-05T07:23:16.054Z [bb17b26d-9cd6-4af8-8355-111a72aaee53][bb1fc585-f087-407a-b043-49c06e320521] Downloaded 1/4: winai_2026-09-05T07-23-15_01.jpg
2026-09-05T07:23:16.054Z [bb17b26d-9cd6-4af8-8355-111a72aaee53][bb1fc585-f087-407a-b043-49c06e320521] Item 2: Downloading from URL https://flow-content.google/image/8d7b4e79-5f6e-4bb7-bc3f-39d48bd883bc?Expires=1788614549&KeyName=labs-flow-prod-cdn-key&Signature=K8_MSCrkPnARVaOtVoHdZq_6shw
2026-09-05T07:23:16.150Z [bb17b26d-9cd6-4af8-8355-111a72aaee53][bb1fc585-f087-407a-b043-49c06e320521] Downloaded 2/4: winai_2026-09-05T07-23-15_02.jpg
2026-09-05T07:23:16.150Z [bb17b26d-9cd6-4af8-8355-111a72aaee53][bb1fc585-f087-407a-b043-49c06e320521] Item 3: Downloading from URL https://flow-content.google/image/8e08b788-31d1-45e7-bdd4-43cccc7a43f5?Expires=1788614548&KeyName=labs-flow-prod-cdn-key&Signature=7rZOTIrG_AfxnIMpjz_UmNVKW3o
2026-09-05T07:23:16.218Z [bb17b26d-9cd6-4af8-8355-111a72aaee53][bb1fc585-f087-407a-b043-49c06e320521] Downloaded 3/4: winai_2026-09-05T07-23-15_03.jpg
2026-09-05T07:23:16.218Z [bb17b26d-9cd6-4af8-8355-111a72aaee53][bb1fc585-f087-407a-b043-49c06e320521] Item 4: Downloading from URL https://flow-content.google/image/a060cacd-cc10-4ac9-bef4-e32e6ff5dcc5?Expires=1788614548&KeyName=labs-flow-prod-cdn-key&Signature=QwfssBjzDucRyeVwX23K-lYxZyw
2026-09-05T07:23:16.277Z [bb17b26d-9cd6-4af8-8355-111a72aaee53][bb1fc585-f087-407a-b043-49c06e320521] Downloaded 4/4: winai_2026-09-05T07-23-15_04.jpg
2026-09-05T07:23:16.277Z [bb17b26d-9cd6-4af8-8355-111a72aaee53][bb1fc585-f087-407a-b043-49c06e320521] ✅ 4 item(s) saved to Downloads/Win AI Toolkit/
2026-09-05T07:23:16.530Z [bb17b26d-9cd6-4af8-8355-111a72aaee53][bb1fc585-f087-407a-b043-49c06e320521] Item 2: Uploaded → https://studio.xanhmedia.vn/uploads/2026-09/1788592996232_0be058_bb1fc585-f087-407a-b043-49c06e320521_bb1.jpg
2026-09-05T07:23:16.533Z [ce7599f6-1c3d-4af6-ab65-2112d945549c][bb1fc585-f087-407a-b043-49c06e320521] runGeneration starting: task_id=ce7599f6-1c3d-4af6-ab65-2112d945549c, profile_id=bb1fc585-f087-407a-b043-49c06e320521, target_site=google_flow
2026-09-05T07:23:16.534Z [ce7599f6-1c3d-4af6-ab65-2112d945549c][bb1fc585-f087-407a-b043-49c06e320521] Opening Playwright browser with persistent profile cookies...
2026-09-05T07:23:16.535Z [ce7599f6-1c3d-4af6-ab65-2112d945549c][bb1fc585-f087-407a-b043-49c06e320521] Browser engine: winhide (C:\Users\Admin\AppData\Roaming\com.tank.winai\winhide\chrome.exe) [hidden off-screen]
2026-09-05T07:23:16.535Z [ce7599f6-1c3d-4af6-ab65-2112d945549c][bb1fc585-f087-407a-b043-49c06e320521] Launch mode: STEALTH (raw spawn + connectOverCDP)
2026-09-05T07:23:16.553Z [bb17b26d-9cd6-4af8-8355-111a72aaee53][bb1fc585-f087-407a-b043-49c06e320521] Item 3: Uploaded → https://studio.xanhmedia.vn/uploads/2026-09/1788592996250_994f31_bb1fc585-f087-407a-b043-49c06e320521_bb1.jpg
2026-09-05T07:23:16.585Z [bb17b26d-9cd6-4af8-8355-111a72aaee53][bb1fc585-f087-407a-b043-49c06e320521] Item 1: Uploaded → https://studio.xanhmedia.vn/uploads/2026-09/1788592996283_e7fcfb_bb1fc585-f087-407a-b043-49c06e320521_bb1.jpg
2026-09-05T07:23:16.609Z [bb17b26d-9cd6-4af8-8355-111a72aaee53][bb1fc585-f087-407a-b043-49c06e320521] Item 4: Uploaded → https://studio.xanhmedia.vn/uploads/2026-09/1788592996300_637f87_bb1fc585-f087-407a-b043-49c06e320521_bb1.jpg
2026-09-05T07:23:16.612Z [bb17b26d-9cd6-4af8-8355-111a72aaee53][bb1fc585-f087-407a-b043-49c06e320521] All done (including any 1080p upgrades). Closing Playwright browser context.
2026-09-05T07:23:16.698Z [83d89446-ee89-4d6c-abd7-e893dc6224a0][bb1fc585-f087-407a-b043-49c06e320521] Ref image 8/9: chips 7→8 ✓
2026-09-05T07:23:17.303Z [ddddedff-3484-4d33-a4df-1927309becac][bb1fc585-f087-407a-b043-49c06e320521] Batch size stabilised at 4 new tile(s)
2026-09-05T07:23:17.303Z [ddddedff-3484-4d33-a4df-1927309becac][bb1fc585-f087-407a-b043-49c06e320521] Batch detected: 4 item(s). Generating...
2026-09-05T07:23:17.304Z [ddddedff-3484-4d33-a4df-1927309becac][bb1fc585-f087-407a-b043-49c06e320521] Polling for 4 image item(s) (baseline=48, hasUpload=true)...
2026-09-05T07:23:17.341Z [ddddedff-3484-4d33-a4df-1927309becac][bb1fc585-f087-407a-b043-49c06e320521] Generating... 0 ready, 0 failed / 4 total (0s) image 34% [BỐI CẢNH] image 34% [BỐI CẢNH] image 34% [BỐI CẢNH] image 34% [BỐI CẢNH]
2026-09-05T07:23:17.675Z [83d89446-ee89-4d6c-abd7-e893dc6224a0][bb1fc585-f087-407a-b043-49c06e320521] Ref image 9/9: downloading from URL...
2026-09-05T07:23:18.098Z [0816a6a1-d0c4-4486-addb-64fee977fca8][bb1fc585-f087-407a-b043-49c06e320521] Generating... 3 ready, 0 failed / 4 total (103s)
2026-09-05T07:23:18.117Z [83d89446-ee89-4d6c-abd7-e893dc6224a0][bb1fc585-f087-407a-b043-49c06e320521] Ref image 9/9: saved 926103 bytes (image/jpeg) as "Verdant Family Water Park Master.jpeg"
2026-09-05T07:23:18.122Z [83d89446-ee89-4d6c-abd7-e893dc6224a0][bb1fc585-f087-407a-b043-49c06e320521] Ref image 9/9: attaching reference image...
2026-09-05T07:23:18.435Z [ce7599f6-1c3d-4af6-ab65-2112d945549c][bb1fc585-f087-407a-b043-49c06e320521] Exit IP: 115.74.128.9
2026-09-05T07:23:18.435Z [ce7599f6-1c3d-4af6-ab65-2112d945549c][bb1fc585-f087-407a-b043-49c06e320521] Navigating browser to Google Flow tools page...
2026-09-05T07:23:18.436Z [ce7599f6-1c3d-4af6-ab65-2112d945549c][bb1fc585-f087-407a-b043-49c06e320521] Using existing project URL: https://flow.google.com/project/c2a607c5-d833-4be1-8108-407b74d4ed85?hl=en
2026-09-05T07:23:19.409Z [ce7599f6-1c3d-4af6-ab65-2112d945549c][bb1fc585-f087-407a-b043-49c06e320521] Waiting for Google Flow...
2026-09-05T07:23:20.362Z [ddddedff-3484-4d33-a4df-1927309becac][bb1fc585-f087-407a-b043-49c06e320521] Generating... 0 ready, 0 failed / 4 total (3s) image 54% [BỐI CẢNH] image 54% [BỐI CẢNH] image 54% [BỐI CẢNH] image 54% [BỐI CẢNH]
2026-09-05T07:23:20.575Z [83d89446-ee89-4d6c-abd7-e893dc6224a0][bb1fc585-f087-407a-b043-49c06e320521] Ref image 9/9: reusing library asset "Verdant Family Water Park Master.jpeg" (no re-upload).
2026-09-05T07:23:21.117Z [0816a6a1-d0c4-4486-addb-64fee977fca8][bb1fc585-f087-407a-b043-49c06e320521] Generating... 3 ready, 0 failed / 4 total (106s)
2026-09-05T07:23:21.402Z [ce7599f6-1c3d-4af6-ab65-2112d945549c][bb1fc585-f087-407a-b043-49c06e320521] In existing project ✓
2026-09-05T07:23:22.431Z [ce7599f6-1c3d-4af6-ab65-2112d945549c][bb1fc585-f087-407a-b043-49c06e320521] dismissPopups: unresolved overlay(s) ["IFRAME[presentation]|btns="]
2026-09-05T07:23:23.384Z [ddddedff-3484-4d33-a4df-1927309becac][bb1fc585-f087-407a-b043-49c06e320521] Generating... 0 ready, 0 failed / 4 total (6s) image 74% [BỐI CẢNH] image 74% [BỐI CẢNH] image 74% [BỐI CẢNH] image 74% [BỐI CẢNH]
2026-09-05T07:23:24.131Z [0816a6a1-d0c4-4486-addb-64fee977fca8][bb1fc585-f087-407a-b043-49c06e320521] Generating... 3 ready, 0 failed / 4 total (109s)
2026-09-05T07:23:24.218Z [83d89446-ee89-4d6c-abd7-e893dc6224a0][bb1fc585-f087-407a-b043-49c06e320521] Ref image 9/9: chips 8→9 ✓
2026-09-05T07:23:24.233Z [83d89446-ee89-4d6c-abd7-e893dc6224a0][bb1fc585-f087-407a-b043-49c06e320521] Entering prompt...
2026-09-05T07:23:24.951Z [ce7599f6-1c3d-4af6-ab65-2112d945549c][bb1fc585-f087-407a-b043-49c06e320521] Composer ready ✓ (UI language: en)
2026-09-05T07:23:24.966Z [ce7599f6-1c3d-4af6-ab65-2112d945549c][bb1fc585-f087-407a-b043-49c06e320521] dismissPopups: unresolved overlay(s) ["DIV[]|btns=","DIV[]|btns="]
2026-09-05T07:23:24.980Z [ce7599f6-1c3d-4af6-ab65-2112d945549c][bb1fc585-f087-407a-b043-49c06e320521] Agent toggle aria-pressed=false
2026-09-05T07:23:24.981Z [ce7599f6-1c3d-4af6-ab65-2112d945549c][bb1fc585-f087-407a-b043-49c06e320521] Opening settings...
2026-09-05T07:23:26.214Z [83d89446-ee89-4d6c-abd7-e893dc6224a0][bb1fc585-f087-407a-b043-49c06e320521] Prompt is 2468 chars — typing it in 33 chunk(s).
2026-09-05T07:23:26.396Z [ddddedff-3484-4d33-a4df-1927309becac][bb1fc585-f087-407a-b043-49c06e320521] Generating... 0 ready, 0 failed / 4 total (9s) image 94% [BỐI CẢNH] image 94% [BỐI CẢNH] image 94% [BỐI CẢNH] image 94% [BỐI CẢNH]
2026-09-05T07:23:26.774Z [ce7599f6-1c3d-4af6-ab65-2112d945549c][bb1fc585-f087-407a-b043-49c06e320521] Configuring image settings...
2026-09-05T07:23:27.145Z [0816a6a1-d0c4-4486-addb-64fee977fca8][bb1fc585-f087-407a-b043-49c06e320521] Generating... 3 ready, 0 failed / 4 total (112s)
2026-09-05T07:23:28.443Z [ce7599f6-1c3d-4af6-ab65-2112d945549c][bb1fc585-f087-407a-b043-49c06e320521] Mode: selected "image Image" ✓
2026-09-05T07:23:29.414Z [ddddedff-3484-4d33-a4df-1927309becac][bb1fc585-f087-407a-b043-49c06e320521] Generating... 0 ready, 0 failed / 4 total (12s) image 99% [BỐI CẢNH] image 99% [BỐI CẢNH] image 99% [BỐI CẢNH] image 99% [BỐI CẢNH]
2026-09-05T07:23:30.158Z [0816a6a1-d0c4-4486-addb-64fee977fca8][bb1fc585-f087-407a-b043-49c06e320521] Generating... 3 ready, 0 failed / 4 total (115s)
2026-09-05T07:23:32.432Z [ddddedff-3484-4d33-a4df-1927309becac][bb1fc585-f087-407a-b043-49c06e320521] Generating... 0 ready, 0 failed / 4 total (15s) image 99% [BỐI CẢNH] image 99% [BỐI CẢNH] image 99% [BỐI CẢNH] image 99% [BỐI CẢNH]
2026-09-05T07:23:33.175Z [0816a6a1-d0c4-4486-addb-64fee977fca8][bb1fc585-f087-407a-b043-49c06e320521] Generating... 3 ready, 0 failed / 4 total (118s)
2026-09-05T07:23:33.432Z [ce7599f6-1c3d-4af6-ab65-2112d945549c][bb1fc585-f087-407a-b043-49c06e320521] Model: selected "🍌 Nano Banana 2" ✓
2026-09-05T07:23:34.011Z [ce7599f6-1c3d-4af6-ab65-2112d945549c][bb1fc585-f087-407a-b043-49c06e320521] Aspect ratio: "crop_16_9 16:9" already selected ✓
2026-09-05T07:23:35.447Z [ddddedff-3484-4d33-a4df-1927309becac][bb1fc585-f087-407a-b043-49c06e320521] Generating... 0 ready, 0 failed / 4 total (18s) image 99% [BỐI CẢNH] image 99% [BỐI CẢNH] image 99% [BỐI CẢNH] image 99% [BỐI CẢNH]
2026-09-05T07:23:35.603Z [ce7599f6-1c3d-4af6-ab65-2112d945549c][bb1fc585-f087-407a-b043-49c06e320521] Output count: selected "x4" ✓
2026-09-05T07:23:36.194Z [0816a6a1-d0c4-4486-addb-64fee977fca8][bb1fc585-f087-407a-b043-49c06e320521] Generating... 3 ready, 0 failed / 4 total (121s)
2026-09-05T07:23:36.662Z [ce7599f6-1c3d-4af6-ab65-2112d945549c][bb1fc585-f087-407a-b043-49c06e320521] Ref image 1/5: downloading from URL...
2026-09-05T07:23:36.827Z [ce7599f6-1c3d-4af6-ab65-2112d945549c][bb1fc585-f087-407a-b043-49c06e320521] Downloader: no-proxy request context ready.
2026-09-05T07:23:37.645Z [ce7599f6-1c3d-4af6-ab65-2112d945549c][bb1fc585-f087-407a-b043-49c06e320521] Ref image 1/5: saved 628888 bytes (image/jpeg) as "Nessa Water Park Day.jpeg"
2026-09-05T07:23:37.648Z [ce7599f6-1c3d-4af6-ab65-2112d945549c][bb1fc585-f087-407a-b043-49c06e320521] Ref image 1/5: attaching reference image...
2026-09-05T07:23:38.464Z [ddddedff-3484-4d33-a4df-1927309becac][bb1fc585-f087-407a-b043-49c06e320521] Generating... 0 ready, 0 failed / 4 total (21s) image 99% [BỐI CẢNH] image 99% [BỐI CẢNH] image 99% [BỐI CẢNH] image 99% [BỐI CẢNH]
2026-09-05T07:23:39.213Z [ce7599f6-1c3d-4af6-ab65-2112d945549c][bb1fc585-f087-407a-b043-49c06e320521] Ref image 1/5: reusing library asset "Nessa Water Park Day.jpeg" (no re-upload).
2026-09-05T07:23:39.218Z [0816a6a1-d0c4-4486-addb-64fee977fca8][bb1fc585-f087-407a-b043-49c06e320521] Generating... 3 ready, 0 failed / 4 total (124s)
2026-09-05T07:23:40.387Z [83d89446-ee89-4d6c-abd7-e893dc6224a0][bb1fc585-f087-407a-b043-49c06e320521] Prompt insert attempt 1: editor has 2409 chars (want ~2461) ✓
2026-09-05T07:23:41.485Z [ddddedff-3484-4d33-a4df-1927309becac][bb1fc585-f087-407a-b043-49c06e320521] Generating... 0 ready, 0 failed / 4 total (24s) image 99% [BỐI CẢNH] image 99% [BỐI CẢNH] image 99% [BỐI CẢNH] image 99% [BỐI CẢNH]
2026-09-05T07:23:42.195Z [83d89446-ee89-4d6c-abd7-e893dc6224a0][bb1fc585-f087-407a-b043-49c06e320521] Baseline: 47 pre-existing media tile(s) of 47 mounted (kinds: image,image,image,image,image,image,image,image,image,image,image,image,image,image,image,image,image,image,image,image,image,image,video,video,image,image,video,video,image,video,video,image,video,video,video,video,video,image,video,video,image,video,video,image,video,video,image).
2026-09-05T07:23:42.247Z [0816a6a1-d0c4-4486-addb-64fee977fca8][bb1fc585-f087-407a-b043-49c06e320521] Generating... 3 ready, 0 failed / 4 total (127s)
2026-09-05T07:23:42.893Z [ce7599f6-1c3d-4af6-ab65-2112d945549c][bb1fc585-f087-407a-b043-49c06e320521] Ref image 1/5: chips 0→1 ✓
2026-09-05T07:23:44.098Z [83d89446-ee89-4d6c-abd7-e893dc6224a0][bb1fc585-f087-407a-b043-49c06e320521] [submit] confirmed (editor "What do you want to ", fresh tile=true).
2026-09-05T07:23:44.220Z [ce7599f6-1c3d-4af6-ab65-2112d945549c][bb1fc585-f087-407a-b043-49c06e320521] Ref image 2/5: downloading from URL...
2026-09-05T07:23:44.503Z [ddddedff-3484-4d33-a4df-1927309becac][bb1fc585-f087-407a-b043-49c06e320521] Generating... 0 ready, 0 failed / 4 total (27s) image 99% [BỐI CẢNH] image 99% [BỐI CẢNH] image 99% [BỐI CẢNH] image 99% [BỐI CẢNH]
2026-09-05T07:23:44.563Z [83d89446-ee89-4d6c-abd7-e893dc6224a0][bb1fc585-f087-407a-b043-49c06e320521] Current Workspace project URL: https://flow.google.com/project/33ca2cc2-c9ff-4bb6-9048-2a7af1dfcfee?hl=en
2026-09-05T07:23:44.563Z [83d89446-ee89-4d6c-abd7-e893dc6224a0][bb1fc585-f087-407a-b043-49c06e320521] Submitted ✓ Detecting batch size...
2026-09-05T07:23:44.576Z [83d89446-ee89-4d6c-abd7-e893dc6224a0][bb1fc585-f087-407a-b043-49c06e320521] New tile(s) since submit: 0 → 4 (mounted=47)
2026-09-05T07:23:44.615Z [ce7599f6-1c3d-4af6-ab65-2112d945549c][bb1fc585-f087-407a-b043-49c06e320521] Ref image 2/5: saved 468314 bytes (image/jpeg) as "Arlo Water Park Day.jpeg"
2026-09-05T07:23:44.619Z [ce7599f6-1c3d-4af6-ab65-2112d945549c][bb1fc585-f087-407a-b043-49c06e320521] Ref image 2/5: attaching reference image...
2026-09-05T07:23:45.267Z [0816a6a1-d0c4-4486-addb-64fee977fca8][bb1fc585-f087-407a-b043-49c06e320521] Generating... 3 ready, 0 failed / 4 total (130s)
2026-09-05T07:23:46.411Z [ce7599f6-1c3d-4af6-ab65-2112d945549c][bb1fc585-f087-407a-b043-49c06e320521] Ref image 2/5: reusing library asset "Arlo Water Park Day.jpeg" (no re-upload).
2026-09-05T07:23:47.532Z [ddddedff-3484-4d33-a4df-1927309becac][bb1fc585-f087-407a-b043-49c06e320521] Generating... 0 ready, 0 failed / 4 total (30s) image 99% [BỐI CẢNH] image 99% [BỐI CẢNH] image 99% [BỐI CẢNH] image 99% [BỐI CẢNH]
2026-09-05T07:23:48.281Z [0816a6a1-d0c4-4486-addb-64fee977fca8][bb1fc585-f087-407a-b043-49c06e320521] Generating... 3 ready, 0 failed / 4 total (133s)
2026-09-05T07:23:48.748Z [83d89446-ee89-4d6c-abd7-e893dc6224a0][bb1fc585-f087-407a-b043-49c06e320521] Batch size stabilised at 4 new tile(s)
2026-09-05T07:23:48.748Z [83d89446-ee89-4d6c-abd7-e893dc6224a0][bb1fc585-f087-407a-b043-49c06e320521] Batch detected: 4 item(s). Generating...
2026-09-05T07:23:48.749Z [83d89446-ee89-4d6c-abd7-e893dc6224a0][bb1fc585-f087-407a-b043-49c06e320521] Polling for 4 image item(s) (baseline=47, hasUpload=true)...
2026-09-05T07:23:48.759Z [83d89446-ee89-4d6c-abd7-e893dc6224a0][bb1fc585-f087-407a-b043-49c06e320521] Generating... 0 ready, 0 failed / 4 total (0s) image 34% [BỐI CẢNH] image 34% [BỐI CẢNH] image 34% [BỐI CẢNH] image 34% [BỐI CẢNH]
2026-09-05T07:23:49.628Z [ce7599f6-1c3d-4af6-ab65-2112d945549c][bb1fc585-f087-407a-b043-49c06e320521] Ref image 2/5: chips 1→2 ✓
2026-09-05T07:23:50.553Z [ddddedff-3484-4d33-a4df-1927309becac][bb1fc585-f087-407a-b043-49c06e320521] Generating... 0 ready, 0 failed / 4 total (33s) image 99% [BỐI CẢNH] image 99% [BỐI CẢNH] image 99% [BỐI CẢNH] image 99% [BỐI CẢNH]
2026-09-05T07:23:50.752Z [ce7599f6-1c3d-4af6-ab65-2112d945549c][bb1fc585-f087-407a-b043-49c06e320521] Ref image 3/5: downloading from URL...
2026-09-05T07:23:51.118Z [ce7599f6-1c3d-4af6-ab65-2112d945549c][bb1fc585-f087-407a-b043-49c06e320521] Ref image 3/5: saved 383953 bytes (image/jpeg) as "Nessa Chocolate Ice Cream Set.jpeg"
2026-09-05T07:23:51.124Z [ce7599f6-1c3d-4af6-ab65-2112d945549c][bb1fc585-f087-407a-b043-49c06e320521] Ref image 3/5: attaching reference image...
2026-09-05T07:23:51.302Z [0816a6a1-d0c4-4486-addb-64fee977fca8][bb1fc585-f087-407a-b043-49c06e320521] Generating... 3 ready, 0 failed / 4 total (136s)
2026-09-05T07:23:51.779Z [83d89446-ee89-4d6c-abd7-e893dc6224a0][bb1fc585-f087-407a-b043-49c06e320521] Generating... 0 ready, 0 failed / 4 total (3s) image 54% [BỐI CẢNH] image 54% [BỐI CẢNH] image 54% [BỐI CẢNH] image 54% [BỐI CẢNH]
2026-09-05T07:23:53.096Z [ce7599f6-1c3d-4af6-ab65-2112d945549c][bb1fc585-f087-407a-b043-49c06e320521] Ref image 3/5: reusing library asset "Nessa Chocolate Ice Cream Set.jpeg" (no re-upload).
2026-09-05T07:23:53.575Z [ddddedff-3484-4d33-a4df-1927309becac][bb1fc585-f087-407a-b043-49c06e320521] Generating... 0 ready, 0 failed / 4 total (36s) image 99% [BỐI CẢNH] [BỐI CẢNH]Verdant Fa [BỐI CẢNH]Verdant Fa image 99% [BỐI CẢNH]
2026-09-05T07:23:54.317Z [0816a6a1-d0c4-4486-addb-64fee977fca8][bb1fc585-f087-407a-b043-49c06e320521] Generating... 3 ready, 0 failed / 4 total (139s)
2026-09-05T07:23:54.792Z [83d89446-ee89-4d6c-abd7-e893dc6224a0][bb1fc585-f087-407a-b043-49c06e320521] Generating... 0 ready, 0 failed / 4 total (6s) image 74% [BỐI CẢNH] image 74% [BỐI CẢNH] image 74% [BỐI CẢNH] image 74% [BỐI CẢNH]
2026-09-05T07:23:56.595Z [ddddedff-3484-4d33-a4df-1927309becac][bb1fc585-f087-407a-b043-49c06e320521] Generating... 2 ready, 0 failed / 4 total (39s) [BỐI CẢNH]Verdant Fa image 99% [BỐI CẢNH]
2026-09-05T07:23:56.790Z [ce7599f6-1c3d-4af6-ab65-2112d945549c][bb1fc585-f087-407a-b043-49c06e320521] Ref image 3/5: chips 2→3 ✓
2026-09-05T07:23:57.333Z [0816a6a1-d0c4-4486-addb-64fee977fca8][bb1fc585-f087-407a-b043-49c06e320521] Generating... 3 ready, 0 failed / 4 total (142s)
2026-09-05T07:23:57.812Z [83d89446-ee89-4d6c-abd7-e893dc6224a0][bb1fc585-f087-407a-b043-49c06e320521] Generating... 0 ready, 0 failed / 4 total (9s) image 94% [BỐI CẢNH] image 94% [BỐI CẢNH] image 94% [BỐI CẢNH] image 94% [BỐI CẢNH]
2026-09-05T07:23:58.420Z [ce7599f6-1c3d-4af6-ab65-2112d945549c][bb1fc585-f087-407a-b043-49c06e320521] Ref image 4/5: downloading from URL...
2026-09-05T07:23:58.782Z [ce7599f6-1c3d-4af6-ab65-2112d945549c][bb1fc585-f087-407a-b043-49c06e320521] Ref image 4/5: saved 287414 bytes (image/jpeg) as "Verdant Water Park Dark Brown Rest Bench.jpeg"
2026-09-05T07:23:58.786Z [ce7599f6-1c3d-4af6-ab65-2112d945549c][bb1fc585-f087-407a-b043-49c06e320521] Ref image 4/5: attaching reference image...
2026-09-05T07:23:59.620Z [ddddedff-3484-4d33-a4df-1927309becac][bb1fc585-f087-407a-b043-49c06e320521] Generating... 3 ready, 0 failed / 4 total (42s) image 99% [BỐI CẢNH]
2026-09-05T07:24:00.356Z [0816a6a1-d0c4-4486-addb-64fee977fca8][bb1fc585-f087-407a-b043-49c06e320521] Generating... 3 ready, 0 failed / 4 total (145s)
2026-09-05T07:24:00.843Z [83d89446-ee89-4d6c-abd7-e893dc6224a0][bb1fc585-f087-407a-b043-49c06e320521] Generating... 0 ready, 0 failed / 4 total (12s) image 99% [BỐI CẢNH] image 99% [BỐI CẢNH] image 99% [BỐI CẢNH] image 99% [BỐI CẢNH]
2026-09-05T07:24:01.057Z [ce7599f6-1c3d-4af6-ab65-2112d945549c][bb1fc585-f087-407a-b043-49c06e320521] Ref image 4/5: reusing library asset "Verdant Water Park Dark Brown Rest Bench.jpeg" (no re-upload).
2026-09-05T07:24:02.645Z [ddddedff-3484-4d33-a4df-1927309becac][bb1fc585-f087-407a-b043-49c06e320521] Generating... 3 ready, 0 failed / 4 total (45s) [BỐI CẢNH]Verdant Fa
2026-09-05T07:24:03.376Z [0816a6a1-d0c4-4486-addb-64fee977fca8][bb1fc585-f087-407a-b043-49c06e320521] Generating... 3 ready, 0 failed / 4 total (148s)
2026-09-05T07:24:03.865Z [83d89446-ee89-4d6c-abd7-e893dc6224a0][bb1fc585-f087-407a-b043-49c06e320521] Generating... 0 ready, 0 failed / 4 total (15s) image 99% [BỐI CẢNH] image 99% [BỐI CẢNH] image 99% [BỐI CẢNH] image 99% [BỐI CẢNH]
2026-09-05T07:24:04.469Z [ce7599f6-1c3d-4af6-ab65-2112d945549c][bb1fc585-f087-407a-b043-49c06e320521] Ref image 4/5: chips 3→4 ✓
2026-09-05T07:24:05.628Z [ce7599f6-1c3d-4af6-ab65-2112d945549c][bb1fc585-f087-407a-b043-49c06e320521] Ref image 5/5: downloading from URL...
2026-09-05T07:24:05.655Z [ddddedff-3484-4d33-a4df-1927309becac][bb1fc585-f087-407a-b043-49c06e320521] Generating... 4 ready, 0 failed / 4 total (48s)
2026-09-05T07:24:05.656Z [ddddedff-3484-4d33-a4df-1927309becac][bb1fc585-f087-407a-b043-49c06e320521] Batch done: 4 ready (target 4), 0 failed, scanned 4.
2026-09-05T07:24:05.656Z [ddddedff-3484-4d33-a4df-1927309becac][bb1fc585-f087-407a-b043-49c06e320521] 4 item(s) ready! Downloading...
2026-09-05T07:24:05.658Z [ddddedff-3484-4d33-a4df-1927309becac][bb1fc585-f087-407a-b043-49c06e320521] Item 1: Downloading from URL https://flow-content.google/image/9b38c0c4-b439-4c04-8e18-126e7243aac4?Expires=1788614594&KeyName=labs-flow-prod-cdn-key&Signature=X0AFhaohNxCDA3j3NBS1pq1r_v0
2026-09-05T07:24:06.043Z [ce7599f6-1c3d-4af6-ab65-2112d945549c][bb1fc585-f087-407a-b043-49c06e320521] Ref image 5/5: saved 926103 bytes (image/jpeg) as "Verdant Family Water Park Master.jpeg"
2026-09-05T07:24:06.046Z [ce7599f6-1c3d-4af6-ab65-2112d945549c][bb1fc585-f087-407a-b043-49c06e320521] Ref image 5/5: attaching reference image...
2026-09-05T07:24:06.071Z [ddddedff-3484-4d33-a4df-1927309becac][bb1fc585-f087-407a-b043-49c06e320521] Downloaded 1/4: winai_2026-09-05T07-24-05_01.jpg
2026-09-05T07:24:06.072Z [ddddedff-3484-4d33-a4df-1927309becac][bb1fc585-f087-407a-b043-49c06e320521] Item 2: Downloading from URL https://flow-content.google/image/ae002b8b-c851-4750-800a-58ed744ed106?Expires=1788614593&KeyName=labs-flow-prod-cdn-key&Signature=GSYXT0iPSzMbaENV_7ZAyAe-yYc
2026-09-05T07:24:06.213Z [ddddedff-3484-4d33-a4df-1927309becac][bb1fc585-f087-407a-b043-49c06e320521] Downloaded 2/4: winai_2026-09-05T07-24-05_02.jpg
2026-09-05T07:24:06.213Z [ddddedff-3484-4d33-a4df-1927309becac][bb1fc585-f087-407a-b043-49c06e320521] Item 3: Downloading from URL https://flow-content.google/image/cd5da954-88b1-4a35-b677-1de26443671a?Expires=1788614592&KeyName=labs-flow-prod-cdn-key&Signature=T7-LiYJQCGuOzWfD06MQyOulEo8
2026-09-05T07:24:06.299Z [ddddedff-3484-4d33-a4df-1927309becac][bb1fc585-f087-407a-b043-49c06e320521] Downloaded 3/4: winai_2026-09-05T07-24-05_03.jpg
2026-09-05T07:24:06.299Z [ddddedff-3484-4d33-a4df-1927309becac][bb1fc585-f087-407a-b043-49c06e320521] Item 4: Downloading from URL https://flow-content.google/image/e5d2d989-917f-4925-9ab7-afcdfc2d4936?Expires=1788614592&KeyName=labs-flow-prod-cdn-key&Signature=tFjamlXyYKSwUUen430e982nokg
2026-09-05T07:24:06.387Z [ddddedff-3484-4d33-a4df-1927309becac][bb1fc585-f087-407a-b043-49c06e320521] Downloaded 4/4: winai_2026-09-05T07-24-05_04.jpg
2026-09-05T07:24:06.388Z [ddddedff-3484-4d33-a4df-1927309becac][bb1fc585-f087-407a-b043-49c06e320521] ✅ 4 item(s) saved to Downloads/Win AI Toolkit/
2026-09-05T07:24:06.399Z [0816a6a1-d0c4-4486-addb-64fee977fca8][bb1fc585-f087-407a-b043-49c06e320521] Generating... 3 ready, 0 failed / 4 total (151s)
2026-09-05T07:24:06.649Z [ddddedff-3484-4d33-a4df-1927309becac][bb1fc585-f087-407a-b043-49c06e320521] Item 3: Uploaded → https://studio.xanhmedia.vn/uploads/2026-09/1788593046352_311f86_bb1fc585-f087-407a-b043-49c06e320521_ddd.jpg
2026-09-05T07:24:06.661Z [ddddedff-3484-4d33-a4df-1927309becac][bb1fc585-f087-407a-b043-49c06e320521] Item 2: Uploaded → https://studio.xanhmedia.vn/uploads/2026-09/1788593046364_3150be_bb1fc585-f087-407a-b043-49c06e320521_ddd.jpg
2026-09-05T07:24:06.702Z [ddddedff-3484-4d33-a4df-1927309becac][bb1fc585-f087-407a-b043-49c06e320521] Item 4: Uploaded → https://studio.xanhmedia.vn/uploads/2026-09/1788593046396_e6a8e1_bb1fc585-f087-407a-b043-49c06e320521_ddd.jpg
2026-09-05T07:24:06.808Z [ddddedff-3484-4d33-a4df-1927309becac][bb1fc585-f087-407a-b043-49c06e320521] Item 1: Uploaded → https://studio.xanhmedia.vn/uploads/2026-09/1788593046498_9663fe_bb1fc585-f087-407a-b043-49c06e320521_ddd.jpg
2026-09-05T07:24:06.810Z [ddddedff-3484-4d33-a4df-1927309becac][bb1fc585-f087-407a-b043-49c06e320521] All done (including any 1080p upgrades). Closing Playwright browser context.
2026-09-05T07:24:06.883Z [83d89446-ee89-4d6c-abd7-e893dc6224a0][bb1fc585-f087-407a-b043-49c06e320521] Generating... 0 ready, 0 failed / 4 total (18s) image 99% [BỐI CẢNH] image 99% [BỐI CẢNH] image 99% [BỐI CẢNH] image 99% [BỐI CẢNH]
2026-09-05T07:24:07.959Z [ce7599f6-1c3d-4af6-ab65-2112d945549c][bb1fc585-f087-407a-b043-49c06e320521] Ref image 5/5: reusing library asset "Verdant Family Water Park Master.jpeg" (no re-upload).
2026-09-05T07:24:07.971Z [a59ade20-98f3-4db9-b245-1121272f1ab2][bb1fc585-f087-407a-b043-49c06e320521] runGeneration starting: task_id=a59ade20-98f3-4db9-b245-1121272f1ab2, profile_id=bb1fc585-f087-407a-b043-49c06e320521, target_site=google_flow
2026-09-05T07:24:07.972Z [a59ade20-98f3-4db9-b245-1121272f1ab2][bb1fc585-f087-407a-b043-49c06e320521] Opening Playwright browser with persistent profile cookies...
2026-09-05T07:24:07.973Z [a59ade20-98f3-4db9-b245-1121272f1ab2][bb1fc585-f087-407a-b043-49c06e320521] Browser engine: winhide (C:\Users\Admin\AppData\Roaming\com.tank.winai\winhide\chrome.exe) [hidden off-screen]
2026-09-05T07:24:07.974Z [a59ade20-98f3-4db9-b245-1121272f1ab2][bb1fc585-f087-407a-b043-49c06e320521] Launch mode: STEALTH (raw spawn + connectOverCDP)
2026-09-05T07:24:09.413Z [0816a6a1-d0c4-4486-addb-64fee977fca8][bb1fc585-f087-407a-b043-49c06e320521] Generating... 3 ready, 0 failed / 4 total (154s)
2026-09-05T07:24:09.802Z [a59ade20-98f3-4db9-b245-1121272f1ab2][bb1fc585-f087-407a-b043-49c06e320521] Exit IP: 115.74.128.9
2026-09-05T07:24:09.803Z [a59ade20-98f3-4db9-b245-1121272f1ab2][bb1fc585-f087-407a-b043-49c06e320521] Navigating browser to Google Flow tools page...
2026-09-05T07:24:09.803Z [a59ade20-98f3-4db9-b245-1121272f1ab2][bb1fc585-f087-407a-b043-49c06e320521] Using existing project URL: https://flow.google.com/project/cd81a7d3-c989-419e-891a-f8694174cb85?hl=en
2026-09-05T07:24:09.906Z [83d89446-ee89-4d6c-abd7-e893dc6224a0][bb1fc585-f087-407a-b043-49c06e320521] Generating... 0 ready, 0 failed / 4 total (21s) image 99% [BỐI CẢNH] image 99% [BỐI CẢNH] image 99% [BỐI CẢNH] image 99% [BỐI CẢNH]
2026-09-05T07:24:10.584Z [a59ade20-98f3-4db9-b245-1121272f1ab2][bb1fc585-f087-407a-b043-49c06e320521] Waiting for Google Flow...
2026-09-05T07:24:11.332Z [ce7599f6-1c3d-4af6-ab65-2112d945549c][bb1fc585-f087-407a-b043-49c06e320521] Ref image 5/5: chips 4→5 ✓
2026-09-05T07:24:11.343Z [ce7599f6-1c3d-4af6-ab65-2112d945549c][bb1fc585-f087-407a-b043-49c06e320521] Entering prompt...
2026-09-05T07:24:12.297Z [a59ade20-98f3-4db9-b245-1121272f1ab2][bb1fc585-f087-407a-b043-49c06e320521] In existing project ✓
2026-09-05T07:24:12.436Z [0816a6a1-d0c4-4486-addb-64fee977fca8][bb1fc585-f087-407a-b043-49c06e320521] Generating... 3 ready, 0 failed / 4 total (157s)
2026-09-05T07:24:12.924Z [83d89446-ee89-4d6c-abd7-e893dc6224a0][bb1fc585-f087-407a-b043-49c06e320521] Generating... 0 ready, 0 failed / 4 total (24s) image 99% [BỐI CẢNH] image 99% [BỐI CẢNH] image 99% [BỐI CẢNH] image 99% [BỐI CẢNH]
2026-09-05T07:24:13.142Z [ce7599f6-1c3d-4af6-ab65-2112d945549c][bb1fc585-f087-407a-b043-49c06e320521] Prompt is 2095 chars — typing it in 30 chunk(s).
2026-09-05T07:24:13.314Z [a59ade20-98f3-4db9-b245-1121272f1ab2][bb1fc585-f087-407a-b043-49c06e320521] dismissPopups: unresolved overlay(s) ["IFRAME[presentation]|btns="]
2026-09-05T07:24:15.464Z [0816a6a1-d0c4-4486-addb-64fee977fca8][bb1fc585-f087-407a-b043-49c06e320521] Generating... 3 ready, 0 failed / 4 total (160s)
2026-09-05T07:24:15.948Z [83d89446-ee89-4d6c-abd7-e893dc6224a0][bb1fc585-f087-407a-b043-49c06e320521] Generating... 0 ready, 0 failed / 4 total (27s) image 99% [BỐI CẢNH] image 99% [BỐI CẢNH] image 99% [BỐI CẢNH] image 99% [BỐI CẢNH]
2026-09-05T07:24:16.218Z [a59ade20-98f3-4db9-b245-1121272f1ab2][bb1fc585-f087-407a-b043-49c06e320521] Composer ready ✓ (UI language: en)
2026-09-05T07:24:16.355Z [a59ade20-98f3-4db9-b245-1121272f1ab2][bb1fc585-f087-407a-b043-49c06e320521] dismissPopups: unresolved overlay(s) ["DIV[]|btns=","DIV[]|btns="]
2026-09-05T07:24:16.427Z [a59ade20-98f3-4db9-b245-1121272f1ab2][bb1fc585-f087-407a-b043-49c06e320521] Agent toggle aria-pressed=false
2026-09-05T07:24:16.428Z [a59ade20-98f3-4db9-b245-1121272f1ab2][bb1fc585-f087-407a-b043-49c06e320521] Opening settings...
2026-09-05T07:24:18.202Z [a59ade20-98f3-4db9-b245-1121272f1ab2][bb1fc585-f087-407a-b043-49c06e320521] Configuring image settings...
2026-09-05T07:24:18.483Z [0816a6a1-d0c4-4486-addb-64fee977fca8][bb1fc585-f087-407a-b043-49c06e320521] Generating... 3 ready, 0 failed / 4 total (163s)
2026-09-05T07:24:18.979Z [83d89446-ee89-4d6c-abd7-e893dc6224a0][bb1fc585-f087-407a-b043-49c06e320521] Generating... 0 ready, 0 failed / 4 total (30s) image 99% [BỐI CẢNH] image 99% [BỐI CẢNH] image 99% [BỐI CẢNH] image 99% [BỐI CẢNH]
2026-09-05T07:24:19.484Z [a59ade20-98f3-4db9-b245-1121272f1ab2][bb1fc585-f087-407a-b043-49c06e320521] Mode: selected "image Image" ✓
2026-09-05T07:24:21.508Z [0816a6a1-d0c4-4486-addb-64fee977fca8][bb1fc585-f087-407a-b043-49c06e320521] Generating... 3 ready, 0 failed / 4 total (166s)
2026-09-05T07:24:21.996Z [83d89446-ee89-4d6c-abd7-e893dc6224a0][bb1fc585-f087-407a-b043-49c06e320521] Generating... 0 ready, 0 failed / 4 total (33s) image 99% [BỐI CẢNH] image 99% [BỐI CẢNH] [BỐI CẢNH]Verdant Fa image 99% [BỐI CẢNH]
2026-09-05T07:24:23.808Z [a59ade20-98f3-4db9-b245-1121272f1ab2][bb1fc585-f087-407a-b043-49c06e320521] Model: selected "🍌 Nano Banana 2" ✓
2026-09-05T07:24:24.523Z [0816a6a1-d0c4-4486-addb-64fee977fca8][bb1fc585-f087-407a-b043-49c06e320521] Generating... 3 ready, 0 failed / 4 total (169s)
2026-09-05T07:24:24.707Z [a59ade20-98f3-4db9-b245-1121272f1ab2][bb1fc585-f087-407a-b043-49c06e320521] Aspect ratio: "crop_16_9 16:9" already selected ✓
2026-09-05T07:24:25.023Z [83d89446-ee89-4d6c-abd7-e893dc6224a0][bb1fc585-f087-407a-b043-49c06e320521] Generating... 1 ready, 0 failed / 4 total (36s) image 99% [BỐI CẢNH] image 99% [BỐI CẢNH] image 99% [BỐI CẢNH]
2026-09-05T07:24:26.463Z [a59ade20-98f3-4db9-b245-1121272f1ab2][bb1fc585-f087-407a-b043-49c06e320521] Output count: selected "x4" ✓
2026-09-05T07:24:26.708Z [ce7599f6-1c3d-4af6-ab65-2112d945549c][bb1fc585-f087-407a-b043-49c06e320521] Prompt insert attempt 1: editor has 2043 chars (want ~2088) ✓
2026-09-05T07:24:27.315Z [a59ade20-98f3-4db9-b245-1121272f1ab2][bb1fc585-f087-407a-b043-49c06e320521] Ref image 1/5: downloading from URL...
2026-09-05T07:24:27.491Z [a59ade20-98f3-4db9-b245-1121272f1ab2][bb1fc585-f087-407a-b043-49c06e320521] Downloader: no-proxy request context ready.
2026-09-05T07:24:27.543Z [0816a6a1-d0c4-4486-addb-64fee977fca8][bb1fc585-f087-407a-b043-49c06e320521] Generating... 3 ready, 0 failed / 4 total (172s)
2026-09-05T07:24:28.042Z [83d89446-ee89-4d6c-abd7-e893dc6224a0][bb1fc585-f087-407a-b043-49c06e320521] Generating... 1 ready, 0 failed / 4 total (39s) image 99% [BỐI CẢNH] image 99% [BỐI CẢNH] image 99% [BỐI CẢNH]
2026-09-05T07:24:28.371Z [a59ade20-98f3-4db9-b245-1121272f1ab2][bb1fc585-f087-407a-b043-49c06e320521] Ref image 1/5: saved 628888 bytes (image/jpeg) as "Nessa Water Park Day.jpeg"
2026-09-05T07:24:28.377Z [a59ade20-98f3-4db9-b245-1121272f1ab2][bb1fc585-f087-407a-b043-49c06e320521] Ref image 1/5: attaching reference image...
2026-09-05T07:24:28.690Z [ce7599f6-1c3d-4af6-ab65-2112d945549c][bb1fc585-f087-407a-b043-49c06e320521] Baseline: 48 pre-existing media tile(s) of 48 mounted (kinds: image,image,image,image,image,image,image,image,image,image,image,image,image,image,image,image,image,image,image,image,image,image,image,image,image,image,image,video,video,image,image,video,video,image,video,video,image,video,video,video,image,video,video,image,video,video,image,video).
2026-09-05T07:24:30.218Z [a59ade20-98f3-4db9-b245-1121272f1ab2][bb1fc585-f087-407a-b043-49c06e320521] Ref image 1/5: reusing library asset "Nessa Water Park Day.jpeg" (no re-upload).
2026-09-05T07:24:30.557Z [0816a6a1-d0c4-4486-addb-64fee977fca8][bb1fc585-f087-407a-b043-49c06e320521] Generating... 3 ready, 0 failed / 4 total (175s)
2026-09-05T07:24:30.632Z [ce7599f6-1c3d-4af6-ab65-2112d945549c][bb1fc585-f087-407a-b043-49c06e320521] [submit] confirmed (editor "What do you want to ", fresh tile=true).
2026-09-05T07:24:31.056Z [83d89446-ee89-4d6c-abd7-e893dc6224a0][bb1fc585-f087-407a-b043-49c06e320521] Generating... 1 ready, 0 failed / 4 total (42s) image 100% [BỐI CẢNH image 99% [BỐI CẢNH] image 99% [BỐI CẢNH]
2026-09-05T07:24:31.159Z [ce7599f6-1c3d-4af6-ab65-2112d945549c][bb1fc585-f087-407a-b043-49c06e320521] Current Workspace project URL: https://flow.google.com/project/c2a607c5-d833-4be1-8108-407b74d4ed85?hl=en
2026-09-05T07:24:31.159Z [ce7599f6-1c3d-4af6-ab65-2112d945549c][bb1fc585-f087-407a-b043-49c06e320521] Submitted ✓ Detecting batch size...
2026-09-05T07:24:31.170Z [ce7599f6-1c3d-4af6-ab65-2112d945549c][bb1fc585-f087-407a-b043-49c06e320521] New tile(s) since submit: 0 → 4 (mounted=47)
2026-09-05T07:24:33.054Z [a59ade20-98f3-4db9-b245-1121272f1ab2][bb1fc585-f087-407a-b043-49c06e320521] Ref image 1/5: chips 0→1 ✓
2026-09-05T07:24:33.575Z [0816a6a1-d0c4-4486-addb-64fee977fca8][bb1fc585-f087-407a-b043-49c06e320521] Generating... 3 ready, 0 failed / 4 total (178s)
2026-09-05T07:24:34.075Z [83d89446-ee89-4d6c-abd7-e893dc6224a0][bb1fc585-f087-407a-b043-49c06e320521] Generating... 2 ready, 0 failed / 4 total (45s) [BỐI CẢNH]Verdant Fa image 99% [BỐI CẢNH]
2026-09-05T07:24:34.346Z [a59ade20-98f3-4db9-b245-1121272f1ab2][bb1fc585-f087-407a-b043-49c06e320521] Ref image 2/5: downloading from URL...
2026-09-05T07:24:34.786Z [a59ade20-98f3-4db9-b245-1121272f1ab2][bb1fc585-f087-407a-b043-49c06e320521] Ref image 2/5: saved 468314 bytes (image/jpeg) as "Arlo Water Park Day.jpeg"
2026-09-05T07:24:34.792Z [a59ade20-98f3-4db9-b245-1121272f1ab2][bb1fc585-f087-407a-b043-49c06e320521] Ref image 2/5: attaching reference image...
2026-09-05T07:24:35.335Z [ce7599f6-1c3d-4af6-ab65-2112d945549c][bb1fc585-f087-407a-b043-49c06e320521] Batch size stabilised at 4 new tile(s)
2026-09-05T07:24:35.335Z [ce7599f6-1c3d-4af6-ab65-2112d945549c][bb1fc585-f087-407a-b043-49c06e320521] Batch detected: 4 item(s). Generating...
2026-09-05T07:24:35.336Z [ce7599f6-1c3d-4af6-ab65-2112d945549c][bb1fc585-f087-407a-b043-49c06e320521] Polling for 4 image item(s) (baseline=48, hasUpload=true)...
2026-09-05T07:24:35.345Z [ce7599f6-1c3d-4af6-ab65-2112d945549c][bb1fc585-f087-407a-b043-49c06e320521] Generating... 0 ready, 0 failed / 4 total (0s) image 34% [BỐI CẢNH] image 34% [BỐI CẢNH] image 34% [BỐI CẢNH] image 34% [BỐI CẢNH]
2026-09-05T07:24:36.584Z [0816a6a1-d0c4-4486-addb-64fee977fca8][bb1fc585-f087-407a-b043-49c06e320521] Poll ended with 3/4 ready — salvaging the completed item(s).
2026-09-05T07:24:36.584Z [0816a6a1-d0c4-4486-addb-64fee977fca8][bb1fc585-f087-407a-b043-49c06e320521] 3 item(s) ready! Downloading...
2026-09-05T07:24:36.585Z [0816a6a1-d0c4-4486-addb-64fee977fca8][bb1fc585-f087-407a-b043-49c06e320521] Item 1: Downloading from URL https://flow-content.google/image/9fc20eb9-080c-46bf-b0a7-d04b59085d04?Expires=1788614492&KeyName=labs-flow-prod-cdn-key&Signature=4_QDmIDep2uW9r9tc-WGGj3Ub2k
2026-09-05T07:24:36.929Z [0816a6a1-d0c4-4486-addb-64fee977fca8][bb1fc585-f087-407a-b043-49c06e320521] Downloaded 1/3: winai_2026-09-05T07-24-36_01.jpg
2026-09-05T07:24:36.929Z [0816a6a1-d0c4-4486-addb-64fee977fca8][bb1fc585-f087-407a-b043-49c06e320521] Item 2: Downloading from URL https://flow-content.google/image/cd6349e4-ee0a-4d1f-baf2-9554e28e9c58?Expires=1788614491&KeyName=labs-flow-prod-cdn-key&Signature=ps6TbYvpnV6PsSXPBeUKfjqlDlI
2026-09-05T07:24:37.048Z [0816a6a1-d0c4-4486-addb-64fee977fca8][bb1fc585-f087-407a-b043-49c06e320521] Downloaded 2/3: winai_2026-09-05T07-24-36_02.jpg
2026-09-05T07:24:37.048Z [0816a6a1-d0c4-4486-addb-64fee977fca8][bb1fc585-f087-407a-b043-49c06e320521] Item 3: Downloading from URL https://flow-content.google/image/3dfd06d9-47e6-4f88-8c72-87009ca1b385?Expires=1788614490&KeyName=labs-flow-prod-cdn-key&Signature=bqeDsW3lpXtCN_5JELn1N30a_OM
2026-09-05T07:24:37.062Z [a59ade20-98f3-4db9-b245-1121272f1ab2][bb1fc585-f087-407a-b043-49c06e320521] Ref image 2/5: reusing library asset "Arlo Water Park Day.jpeg" (no re-upload).
2026-09-05T07:24:37.097Z [83d89446-ee89-4d6c-abd7-e893dc6224a0][bb1fc585-f087-407a-b043-49c06e320521] Generating... 3 ready, 0 failed / 4 total (48s) image 99% [BỐI CẢNH]
2026-09-05T07:24:37.125Z [0816a6a1-d0c4-4486-addb-64fee977fca8][bb1fc585-f087-407a-b043-49c06e320521] Downloaded 3/3: winai_2026-09-05T07-24-36_03.jpg
2026-09-05T07:24:37.126Z [0816a6a1-d0c4-4486-addb-64fee977fca8][bb1fc585-f087-407a-b043-49c06e320521] ✅ 3 item(s) saved to Downloads/Win AI Toolkit/
2026-09-05T07:24:37.426Z [0816a6a1-d0c4-4486-addb-64fee977fca8][bb1fc585-f087-407a-b043-49c06e320521] Item 1: Uploaded → https://studio.xanhmedia.vn/uploads/2026-09/1788593077127_116e78_bb1fc585-f087-407a-b043-49c06e320521_081.jpg
2026-09-05T07:24:37.438Z [0816a6a1-d0c4-4486-addb-64fee977fca8][bb1fc585-f087-407a-b043-49c06e320521] Item 3: Uploaded → https://studio.xanhmedia.vn/uploads/2026-09/1788593077138_0c7687_bb1fc585-f087-407a-b043-49c06e320521_081.jpg
2026-09-05T07:24:37.496Z [0816a6a1-d0c4-4486-addb-64fee977fca8][bb1fc585-f087-407a-b043-49c06e320521] Item 2: Uploaded → https://studio.xanhmedia.vn/uploads/2026-09/1788593077192_919234_bb1fc585-f087-407a-b043-49c06e320521_081.jpg
2026-09-05T07:24:37.497Z [0816a6a1-d0c4-4486-addb-64fee977fca8][bb1fc585-f087-407a-b043-49c06e320521] All done (including any 1080p upgrades). Closing Playwright browser context.
2026-09-05T07:24:37.958Z [f9c044d9-d63f-4f26-b064-9177e369e74e][bb1fc585-f087-407a-b043-49c06e320521] runGeneration starting: task_id=f9c044d9-d63f-4f26-b064-9177e369e74e, profile_id=bb1fc585-f087-407a-b043-49c06e320521, target_site=google_flow
2026-09-05T07:24:37.959Z [f9c044d9-d63f-4f26-b064-9177e369e74e][bb1fc585-f087-407a-b043-49c06e320521] Opening Playwright browser with persistent profile cookies...
2026-09-05T07:24:37.959Z [f9c044d9-d63f-4f26-b064-9177e369e74e][bb1fc585-f087-407a-b043-49c06e320521] Browser engine: winhide (C:\Users\Admin\AppData\Roaming\com.tank.winai\winhide\chrome.exe) [hidden off-screen]
2026-09-05T07:24:37.960Z [f9c044d9-d63f-4f26-b064-9177e369e74e][bb1fc585-f087-407a-b043-49c06e320521] Launch mode: STEALTH (raw spawn + connectOverCDP)
2026-09-05T07:24:38.359Z [ce7599f6-1c3d-4af6-ab65-2112d945549c][bb1fc585-f087-407a-b043-49c06e320521] Generating... 0 ready, 0 failed / 4 total (3s) image 54% [BỐI CẢNH] image 54% [BỐI CẢNH] image 54% [BỐI CẢNH] image 54% [BỐI CẢNH]
2026-09-05T07:24:39.425Z [f9c044d9-d63f-4f26-b064-9177e369e74e][bb1fc585-f087-407a-b043-49c06e320521] Exit IP: 115.74.128.9
2026-09-05T07:24:39.425Z [f9c044d9-d63f-4f26-b064-9177e369e74e][bb1fc585-f087-407a-b043-49c06e320521] Navigating browser to Google Flow tools page...
2026-09-05T07:24:39.426Z [f9c044d9-d63f-4f26-b064-9177e369e74e][bb1fc585-f087-407a-b043-49c06e320521] Using existing project URL: https://flow.google.com/project/cae2bf2b-d1b8-40f9-a300-9f2aa6276ea5?hl=en
2026-09-05T07:24:40.123Z [83d89446-ee89-4d6c-abd7-e893dc6224a0][bb1fc585-f087-407a-b043-49c06e320521] Generating... 3 ready, 0 failed / 4 total (51s) image 99% [BỐI CẢNH]
2026-09-05T07:24:40.310Z [f9c044d9-d63f-4f26-b064-9177e369e74e][bb1fc585-f087-407a-b043-49c06e320521] Waiting for Google Flow...
2026-09-05T07:24:40.533Z [a59ade20-98f3-4db9-b245-1121272f1ab2][bb1fc585-f087-407a-b043-49c06e320521] Ref image 2/5: chips 1→2 ✓
2026-09-05T07:24:41.377Z [ce7599f6-1c3d-4af6-ab65-2112d945549c][bb1fc585-f087-407a-b043-49c06e320521] Generating... 0 ready, 0 failed / 4 total (6s) image 74% [BỐI CẢNH] image 74% [BỐI CẢNH] image 74% [BỐI CẢNH] image 74% [BỐI CẢNH]
2026-09-05T07:24:42.335Z [a59ade20-98f3-4db9-b245-1121272f1ab2][bb1fc585-f087-407a-b043-49c06e320521] Ref image 3/5: downloading from URL...
2026-09-05T07:24:42.554Z [f9c044d9-d63f-4f26-b064-9177e369e74e][bb1fc585-f087-407a-b043-49c06e320521] In existing project ✓
2026-09-05T07:24:42.748Z [a59ade20-98f3-4db9-b245-1121272f1ab2][bb1fc585-f087-407a-b043-49c06e320521] Ref image 3/5: saved 383953 bytes (image/jpeg) as "Nessa Chocolate Ice Cream Set.jpeg"
2026-09-05T07:24:42.757Z [a59ade20-98f3-4db9-b245-1121272f1ab2][bb1fc585-f087-407a-b043-49c06e320521] Ref image 3/5: attaching reference image...
2026-09-05T07:24:43.150Z [83d89446-ee89-4d6c-abd7-e893dc6224a0][bb1fc585-f087-407a-b043-49c06e320521] Generating... 3 ready, 0 failed / 4 total (54s) image 99% [BỐI CẢNH]
2026-09-05T07:24:43.424Z [f9c044d9-d63f-4f26-b064-9177e369e74e][bb1fc585-f087-407a-b043-49c06e320521] dismissPopups: unresolved overlay(s) ["IFRAME[presentation]|btns="]
2026-09-05T07:24:44.403Z [ce7599f6-1c3d-4af6-ab65-2112d945549c][bb1fc585-f087-407a-b043-49c06e320521] Generating... 0 ready, 0 failed / 4 total (9s) image 94% [BỐI CẢNH] image 94% [BỐI CẢNH] image 94% [BỐI CẢNH] image 94% [BỐI CẢNH]
2026-09-05T07:24:44.883Z [a59ade20-98f3-4db9-b245-1121272f1ab2][bb1fc585-f087-407a-b043-49c06e320521] Ref image 3/5: reusing library asset "Nessa Chocolate Ice Cream Set.jpeg" (no re-upload).
2026-09-05T07:24:45.333Z [f9c044d9-d63f-4f26-b064-9177e369e74e][bb1fc585-f087-407a-b043-49c06e320521] Composer ready ✓ (UI language: en)
2026-09-05T07:24:45.416Z [f9c044d9-d63f-4f26-b064-9177e369e74e][bb1fc585-f087-407a-b043-49c06e320521] dismissPopups: unresolved overlay(s) ["DIV[]|btns=","DIV[]|btns="]
2026-09-05T07:24:45.465Z [f9c044d9-d63f-4f26-b064-9177e369e74e][bb1fc585-f087-407a-b043-49c06e320521] Agent toggle aria-pressed=false
2026-09-05T07:24:45.466Z [f9c044d9-d63f-4f26-b064-9177e369e74e][bb1fc585-f087-407a-b043-49c06e320521] Opening settings...
2026-09-05T07:24:46.162Z [83d89446-ee89-4d6c-abd7-e893dc6224a0][bb1fc585-f087-407a-b043-49c06e320521] Generating... 3 ready, 0 failed / 4 total (57s) image 99% [BỐI CẢNH]
2026-09-05T07:24:47.421Z [ce7599f6-1c3d-4af6-ab65-2112d945549c][bb1fc585-f087-407a-b043-49c06e320521] Generating... 0 ready, 0 failed / 4 total (12s) image 99% [BỐI CẢNH] image 99% [BỐI CẢNH] image 99% [BỐI CẢNH] image 99% [BỐI CẢNH]
2026-09-05T07:24:47.739Z [f9c044d9-d63f-4f26-b064-9177e369e74e][bb1fc585-f087-407a-b043-49c06e320521] Configuring image settings...
2026-09-05T07:24:48.580Z [a59ade20-98f3-4db9-b245-1121272f1ab2][bb1fc585-f087-407a-b043-49c06e320521] Ref image 3/5: chips 2→3 ✓
2026-09-05T07:24:49.180Z [83d89446-ee89-4d6c-abd7-e893dc6224a0][bb1fc585-f087-407a-b043-49c06e320521] Generating... 3 ready, 0 failed / 4 total (60s) image 99% [BỐI CẢNH]
2026-09-05T07:24:49.344Z [f9c044d9-d63f-4f26-b064-9177e369e74e][bb1fc585-f087-407a-b043-49c06e320521] Mode: selected "image Image" ✓
2026-09-05T07:24:49.544Z [a59ade20-98f3-4db9-b245-1121272f1ab2][bb1fc585-f087-407a-b043-49c06e320521] Ref image 4/5: downloading from URL...
2026-09-05T07:24:49.923Z [a59ade20-98f3-4db9-b245-1121272f1ab2][bb1fc585-f087-407a-b043-49c06e320521] Ref image 4/5: saved 287414 bytes (image/jpeg) as "Verdant Water Park Dark Brown Rest Bench.jpeg"
2026-09-05T07:24:49.927Z [a59ade20-98f3-4db9-b245-1121272f1ab2][bb1fc585-f087-407a-b043-49c06e320521] Ref image 4/5: attaching reference image...
2026-09-05T07:24:50.443Z [ce7599f6-1c3d-4af6-ab65-2112d945549c][bb1fc585-f087-407a-b043-49c06e320521] Generating... 0 ready, 0 failed / 4 total (15s) image 99% [BỐI CẢNH] image 99% [BỐI CẢNH] image 99% [BỐI CẢNH] image 99% [BỐI CẢNH]
2026-09-05T07:24:52.197Z [83d89446-ee89-4d6c-abd7-e893dc6224a0][bb1fc585-f087-407a-b043-49c06e320521] Generating... 3 ready, 0 failed / 4 total (63s) [BỐI CẢNH]Verdant Fa
2026-09-05T07:24:52.408Z [a59ade20-98f3-4db9-b245-1121272f1ab2][bb1fc585-f087-407a-b043-49c06e320521] Ref image 4/5: reusing library asset "Verdant Water Park Dark Brown Rest Bench.jpeg" (no re-upload).
2026-09-05T07:24:53.460Z [ce7599f6-1c3d-4af6-ab65-2112d945549c][bb1fc585-f087-407a-b043-49c06e320521] Generating... 0 ready, 0 failed / 4 total (18s) image 99% [BỐI CẢNH] image 99% [BỐI CẢNH] image 99% [BỐI CẢNH] image 99% [BỐI CẢNH]
2026-09-05T07:24:54.113Z [f9c044d9-d63f-4f26-b064-9177e369e74e][bb1fc585-f087-407a-b043-49c06e320521] Model: selected "🍌 Nano Banana 2" ✓
2026-09-05T07:24:54.864Z [f9c044d9-d63f-4f26-b064-9177e369e74e][bb1fc585-f087-407a-b043-49c06e320521] Aspect ratio: "crop_16_9 16:9" already selected ✓
2026-09-05T07:24:55.213Z [83d89446-ee89-4d6c-abd7-e893dc6224a0][bb1fc585-f087-407a-b043-49c06e320521] Generating... 4 ready, 0 failed / 4 total (66s)
2026-09-05T07:24:55.213Z [83d89446-ee89-4d6c-abd7-e893dc6224a0][bb1fc585-f087-407a-b043-49c06e320521] Batch done: 4 ready (target 4), 0 failed, scanned 4.
2026-09-05T07:24:55.213Z [83d89446-ee89-4d6c-abd7-e893dc6224a0][bb1fc585-f087-407a-b043-49c06e320521] 4 item(s) ready! Downloading...
2026-09-05T07:24:55.214Z [83d89446-ee89-4d6c-abd7-e893dc6224a0][bb1fc585-f087-407a-b043-49c06e320521] Item 1: Downloading from URL https://flow-content.google/image/02e5b9e3-769e-457f-8710-afabe53635f7?Expires=1788614626&KeyName=labs-flow-prod-cdn-key&Signature=dQCAbwlyl0zgK-FtsOBAcq-7Ti4
2026-09-05T07:24:55.451Z [a59ade20-98f3-4db9-b245-1121272f1ab2][bb1fc585-f087-407a-b043-49c06e320521] Ref image 4/5: chips 3→4 ✓
2026-09-05T07:24:55.671Z [83d89446-ee89-4d6c-abd7-e893dc6224a0][bb1fc585-f087-407a-b043-49c06e320521] Downloaded 1/4: winai_2026-09-05T07-24-55_01.jpg
2026-09-05T07:24:55.672Z [83d89446-ee89-4d6c-abd7-e893dc6224a0][bb1fc585-f087-407a-b043-49c06e320521] Item 2: Downloading from URL https://flow-content.google/image/838c1f12-8d65-4f54-a9f4-20f427c24459?Expires=1788614625&KeyName=labs-flow-prod-cdn-key&Signature=msu6yZwTsPrQ-tAXfpfcpSmWtfA
2026-09-05T07:24:55.823Z [83d89446-ee89-4d6c-abd7-e893dc6224a0][bb1fc585-f087-407a-b043-49c06e320521] Downloaded 2/4: winai_2026-09-05T07-24-55_02.jpg
2026-09-05T07:24:55.823Z [83d89446-ee89-4d6c-abd7-e893dc6224a0][bb1fc585-f087-407a-b043-49c06e320521] Item 3: Downloading from URL https://flow-content.google/image/f1ebc824-cfac-454c-a8e5-455ae1787848?Expires=1788614624&KeyName=labs-flow-prod-cdn-key&Signature=ffBji377lPbsXLqPReOQhT4NECY
2026-09-05T07:24:55.923Z [83d89446-ee89-4d6c-abd7-e893dc6224a0][bb1fc585-f087-407a-b043-49c06e320521] Downloaded 3/4: winai_2026-09-05T07-24-55_03.jpg
2026-09-05T07:24:55.924Z [83d89446-ee89-4d6c-abd7-e893dc6224a0][bb1fc585-f087-407a-b043-49c06e320521] Item 4: Downloading from URL https://flow-content.google/image/bf929718-6ce8-4607-b629-422009b99c11?Expires=1788614623&KeyName=labs-flow-prod-cdn-key&Signature=gt1fG9Da5gnhFpEMgSKYJ5CdQes
2026-09-05T07:24:56.019Z [83d89446-ee89-4d6c-abd7-e893dc6224a0][bb1fc585-f087-407a-b043-49c06e320521] Downloaded 4/4: winai_2026-09-05T07-24-55_04.jpg
2026-09-05T07:24:56.019Z [83d89446-ee89-4d6c-abd7-e893dc6224a0][bb1fc585-f087-407a-b043-49c06e320521] ✅ 4 item(s) saved to Downloads/Win AI Toolkit/
2026-09-05T07:24:56.280Z [f9c044d9-d63f-4f26-b064-9177e369e74e][bb1fc585-f087-407a-b043-49c06e320521] Output count: selected "x4" ✓
2026-09-05T07:24:56.290Z [83d89446-ee89-4d6c-abd7-e893dc6224a0][bb1fc585-f087-407a-b043-49c06e320521] Item 4: Uploaded → https://studio.xanhmedia.vn/uploads/2026-09/1788593095991_a44ec8_bb1fc585-f087-407a-b043-49c06e320521_83d.jpg
2026-09-05T07:24:56.296Z [83d89446-ee89-4d6c-abd7-e893dc6224a0][bb1fc585-f087-407a-b043-49c06e320521] Item 3: Uploaded → https://studio.xanhmedia.vn/uploads/2026-09/1788593095996_87742e_bb1fc585-f087-407a-b043-49c06e320521_83d.jpg
2026-09-05T07:24:56.319Z [83d89446-ee89-4d6c-abd7-e893dc6224a0][bb1fc585-f087-407a-b043-49c06e320521] Item 1: Uploaded → https://studio.xanhmedia.vn/uploads/2026-09/1788593096015_91a6b1_bb1fc585-f087-407a-b043-49c06e320521_83d.jpg
2026-09-05T07:24:56.439Z [83d89446-ee89-4d6c-abd7-e893dc6224a0][bb1fc585-f087-407a-b043-49c06e320521] Item 2: Uploaded → https://studio.xanhmedia.vn/uploads/2026-09/1788593096134_79f6f7_bb1fc585-f087-407a-b043-49c06e320521_83d.jpg
2026-09-05T07:24:56.440Z [83d89446-ee89-4d6c-abd7-e893dc6224a0][bb1fc585-f087-407a-b043-49c06e320521] All done (including any 1080p upgrades). Closing Playwright browser context.
2026-09-05T07:24:56.477Z [ce7599f6-1c3d-4af6-ab65-2112d945549c][bb1fc585-f087-407a-b043-49c06e320521] Generating... 0 ready, 0 failed / 4 total (21s) image 99% [BỐI CẢNH] image 99% [BỐI CẢNH] image 99% [BỐI CẢNH] image 99% [BỐI CẢNH]
2026-09-05T07:24:56.523Z [a59ade20-98f3-4db9-b245-1121272f1ab2][bb1fc585-f087-407a-b043-49c06e320521] Ref image 5/5: downloading from URL...
2026-09-05T07:24:56.947Z [a59ade20-98f3-4db9-b245-1121272f1ab2][bb1fc585-f087-407a-b043-49c06e320521] Ref image 5/5: saved 926103 bytes (image/jpeg) as "Verdant Family Water Park Master.jpeg"
2026-09-05T07:24:56.950Z [a59ade20-98f3-4db9-b245-1121272f1ab2][bb1fc585-f087-407a-b043-49c06e320521] Ref image 5/5: attaching reference image...
2026-09-05T07:24:57.383Z [f9c044d9-d63f-4f26-b064-9177e369e74e][bb1fc585-f087-407a-b043-49c06e320521] Ref image 1/5: downloading from URL...
2026-09-05T07:24:57.573Z [4d3616af-b581-4ca5-be22-8f60f7fc006d][bb1fc585-f087-407a-b043-49c06e320521] runGeneration starting: task_id=4d3616af-b581-4ca5-be22-8f60f7fc006d, profile_id=bb1fc585-f087-407a-b043-49c06e320521, target_site=google_flow
2026-09-05T07:24:57.574Z [4d3616af-b581-4ca5-be22-8f60f7fc006d][bb1fc585-f087-407a-b043-49c06e320521] Opening Playwright browser with persistent profile cookies...
2026-09-05T07:24:57.575Z [4d3616af-b581-4ca5-be22-8f60f7fc006d][bb1fc585-f087-407a-b043-49c06e320521] Browser engine: winhide (C:\Users\Admin\AppData\Roaming\com.tank.winai\winhide\chrome.exe) [hidden off-screen]
2026-09-05T07:24:57.576Z [4d3616af-b581-4ca5-be22-8f60f7fc006d][bb1fc585-f087-407a-b043-49c06e320521] Launch mode: STEALTH (raw spawn + connectOverCDP)
2026-09-05T07:24:57.672Z [f9c044d9-d63f-4f26-b064-9177e369e74e][bb1fc585-f087-407a-b043-49c06e320521] Downloader: no-proxy request context ready.
2026-09-05T07:24:58.523Z [f9c044d9-d63f-4f26-b064-9177e369e74e][bb1fc585-f087-407a-b043-49c06e320521] Ref image 1/5: saved 628888 bytes (image/jpeg) as "Nessa Water Park Day.jpeg"
2026-09-05T07:24:58.529Z [f9c044d9-d63f-4f26-b064-9177e369e74e][bb1fc585-f087-407a-b043-49c06e320521] Ref image 1/5: attaching reference image...
2026-09-05T07:24:58.842Z [a59ade20-98f3-4db9-b245-1121272f1ab2][bb1fc585-f087-407a-b043-49c06e320521] Ref image 5/5: reusing library asset "Verdant Family Water Park Master.jpeg" (no re-upload).
2026-09-05T07:24:59.024Z [4d3616af-b581-4ca5-be22-8f60f7fc006d][bb1fc585-f087-407a-b043-49c06e320521] Exit IP: 115.74.128.9
2026-09-05T07:24:59.025Z [4d3616af-b581-4ca5-be22-8f60f7fc006d][bb1fc585-f087-407a-b043-49c06e320521] Navigating browser to Google Flow tools page...
2026-09-05T07:24:59.025Z [4d3616af-b581-4ca5-be22-8f60f7fc006d][bb1fc585-f087-407a-b043-49c06e320521] Using existing project URL: https://flow.google.com/project/33ca2cc2-c9ff-4bb6-9048-2a7af1dfcfee?hl=en
2026-09-05T07:24:59.495Z [ce7599f6-1c3d-4af6-ab65-2112d945549c][bb1fc585-f087-407a-b043-49c06e320521] Generating... 0 ready, 0 failed / 4 total (24s) image 99% [BỐI CẢNH] image 99% [BỐI CẢNH] image 99% [BỐI CẢNH] image 99% [BỐI CẢNH]
2026-09-05T07:25:00.032Z [4d3616af-b581-4ca5-be22-8f60f7fc006d][bb1fc585-f087-407a-b043-49c06e320521] Waiting for Google Flow...
2026-09-05T07:25:00.690Z [f9c044d9-d63f-4f26-b064-9177e369e74e][bb1fc585-f087-407a-b043-49c06e320521] Ref image 1/5: reusing library asset "Nessa Water Park Day.jpeg" (no re-upload).
2026-09-05T07:25:02.190Z [4d3616af-b581-4ca5-be22-8f60f7fc006d][bb1fc585-f087-407a-b043-49c06e320521] In existing project ✓
2026-09-05T07:25:02.231Z [a59ade20-98f3-4db9-b245-1121272f1ab2][bb1fc585-f087-407a-b043-49c06e320521] Ref image 5/5: chips 4→5 ✓
2026-09-05T07:25:02.243Z [a59ade20-98f3-4db9-b245-1121272f1ab2][bb1fc585-f087-407a-b043-49c06e320521] Entering prompt...
2026-09-05T07:25:02.519Z [ce7599f6-1c3d-4af6-ab65-2112d945549c][bb1fc585-f087-407a-b043-49c06e320521] Generating... 0 ready, 0 failed / 4 total (27s) image 99% [BỐI CẢNH] image 99% [BỐI CẢNH] image 99% [BỐI CẢNH] image 99% [BỐI CẢNH]
2026-09-05T07:25:03.078Z [4d3616af-b581-4ca5-be22-8f60f7fc006d][bb1fc585-f087-407a-b043-49c06e320521] dismissPopups: unresolved overlay(s) ["IFRAME[presentation]|btns="]
2026-09-05T07:25:03.980Z [a59ade20-98f3-4db9-b245-1121272f1ab2][bb1fc585-f087-407a-b043-49c06e320521] Prompt is 2153 chars — typing it in 31 chunk(s).
2026-09-05T07:25:04.014Z [f9c044d9-d63f-4f26-b064-9177e369e74e][bb1fc585-f087-407a-b043-49c06e320521] Ref image 1/5: chips 0→1 ✓
2026-09-05T07:25:05.153Z [f9c044d9-d63f-4f26-b064-9177e369e74e][bb1fc585-f087-407a-b043-49c06e320521] Ref image 2/5: downloading from URL...
2026-09-05T07:25:05.554Z [ce7599f6-1c3d-4af6-ab65-2112d945549c][bb1fc585-f087-407a-b043-49c06e320521] Generating... 0 ready, 0 failed / 4 total (30s) image 99% [BỐI CẢNH] image 99% [BỐI CẢNH] image 99% [BỐI CẢNH] image 99% [BỐI CẢNH]
2026-09-05T07:25:05.682Z [f9c044d9-d63f-4f26-b064-9177e369e74e][bb1fc585-f087-407a-b043-49c06e320521] Ref image 2/5: saved 468314 bytes (image/jpeg) as "Arlo Water Park Day.jpeg"
2026-09-05T07:25:05.686Z [f9c044d9-d63f-4f26-b064-9177e369e74e][bb1fc585-f087-407a-b043-49c06e320521] Ref image 2/5: attaching reference image...
2026-09-05T07:25:06.737Z [4d3616af-b581-4ca5-be22-8f60f7fc006d][bb1fc585-f087-407a-b043-49c06e320521] Composer ready ✓ (UI language: en)
2026-09-05T07:25:06.858Z [4d3616af-b581-4ca5-be22-8f60f7fc006d][bb1fc585-f087-407a-b043-49c06e320521] dismissPopups: unresolved overlay(s) ["DIV[]|btns=","DIV[]|btns="]
2026-09-05T07:25:06.907Z [4d3616af-b581-4ca5-be22-8f60f7fc006d][bb1fc585-f087-407a-b043-49c06e320521] Agent toggle aria-pressed=false
2026-09-05T07:25:06.907Z [4d3616af-b581-4ca5-be22-8f60f7fc006d][bb1fc585-f087-407a-b043-49c06e320521] Opening settings...
2026-09-05T07:25:08.174Z [f9c044d9-d63f-4f26-b064-9177e369e74e][bb1fc585-f087-407a-b043-49c06e320521] Ref image 2/5: reusing library asset "Arlo Water Park Day.jpeg" (no re-upload).
2026-09-05T07:25:08.569Z [ce7599f6-1c3d-4af6-ab65-2112d945549c][bb1fc585-f087-407a-b043-49c06e320521] Generating... 0 ready, 0 failed / 4 total (33s) image 99% [BỐI CẢNH] [BỐI CẢNH]Verdant Fa image 99% [BỐI CẢNH] [BỐI CẢNH]Verdant Fa
2026-09-05T07:25:09.247Z [4d3616af-b581-4ca5-be22-8f60f7fc006d][bb1fc585-f087-407a-b043-49c06e320521] Configuring image settings...
2026-09-05T07:25:11.014Z [4d3616af-b581-4ca5-be22-8f60f7fc006d][bb1fc585-f087-407a-b043-49c06e320521] Mode: selected "image Image" ✓
2026-09-05T07:25:11.591Z [ce7599f6-1c3d-4af6-ab65-2112d945549c][bb1fc585-f087-407a-b043-49c06e320521] Generating... 2 ready, 0 failed / 4 total (36s) image 99% [BỐI CẢNH] image 99% [BỐI CẢNH]
2026-09-05T07:25:11.775Z [f9c044d9-d63f-4f26-b064-9177e369e74e][bb1fc585-f087-407a-b043-49c06e320521] Ref image 2/5: chips 1→2 ✓
2026-09-05T07:25:13.514Z [f9c044d9-d63f-4f26-b064-9177e369e74e][bb1fc585-f087-407a-b043-49c06e320521] Ref image 3/5: downloading from URL...
2026-09-05T07:25:14.002Z [f9c044d9-d63f-4f26-b064-9177e369e74e][bb1fc585-f087-407a-b043-49c06e320521] Ref image 3/5: saved 383953 bytes (image/jpeg) as "Nessa Chocolate Ice Cream Set.jpeg"
2026-09-05T07:25:14.007Z [f9c044d9-d63f-4f26-b064-9177e369e74e][bb1fc585-f087-407a-b043-49c06e320521] Ref image 3/5: attaching reference image...
2026-09-05T07:25:14.611Z [ce7599f6-1c3d-4af6-ab65-2112d945549c][bb1fc585-f087-407a-b043-49c06e320521] Generating... 2 ready, 0 failed / 4 total (39s) [BỐI CẢNH]Verdant Fa image 99% [BỐI CẢNH]
2026-09-05T07:25:15.602Z [4d3616af-b581-4ca5-be22-8f60f7fc006d][bb1fc585-f087-407a-b043-49c06e320521] Model: selected "🍌 Nano Banana 2" ✓
2026-09-05T07:25:16.335Z [f9c044d9-d63f-4f26-b064-9177e369e74e][bb1fc585-f087-407a-b043-49c06e320521] Ref image 3/5: reusing library asset "Nessa Chocolate Ice Cream Set.jpeg" (no re-upload).
2026-09-05T07:25:16.498Z [4d3616af-b581-4ca5-be22-8f60f7fc006d][bb1fc585-f087-407a-b043-49c06e320521] Aspect ratio: "crop_16_9 16:9" already selected ✓
2026-09-05T07:25:17.628Z [ce7599f6-1c3d-4af6-ab65-2112d945549c][bb1fc585-f087-407a-b043-49c06e320521] Generating... 3 ready, 0 failed / 4 total (42s) image 99% [BỐI CẢNH]
2026-09-05T07:25:17.914Z [4d3616af-b581-4ca5-be22-8f60f7fc006d][bb1fc585-f087-407a-b043-49c06e320521] Output count: selected "x4" ✓
2026-09-05T07:25:18.447Z [a59ade20-98f3-4db9-b245-1121272f1ab2][bb1fc585-f087-407a-b043-49c06e320521] Prompt insert attempt 1: editor has 2101 chars (want ~2146) ✓
2026-09-05T07:25:19.064Z [4d3616af-b581-4ca5-be22-8f60f7fc006d][bb1fc585-f087-407a-b043-49c06e320521] Ref image 1/9: downloading from URL...
2026-09-05T07:25:19.281Z [4d3616af-b581-4ca5-be22-8f60f7fc006d][bb1fc585-f087-407a-b043-49c06e320521] Downloader: no-proxy request context ready.
2026-09-05T07:25:19.514Z [f9c044d9-d63f-4f26-b064-9177e369e74e][bb1fc585-f087-407a-b043-49c06e320521] Ref image 3/5: chips 2→3 ✓
2026-09-05T07:25:19.885Z [4d3616af-b581-4ca5-be22-8f60f7fc006d][bb1fc585-f087-407a-b043-49c06e320521] Ref image 1/9: saved 628888 bytes (image/jpeg) as "Nessa Water Park Day.jpeg"
2026-09-05T07:25:19.890Z [4d3616af-b581-4ca5-be22-8f60f7fc006d][bb1fc585-f087-407a-b043-49c06e320521] Ref image 1/9: attaching reference image...
2026-09-05T07:25:20.263Z [a59ade20-98f3-4db9-b245-1121272f1ab2][bb1fc585-f087-407a-b043-49c06e320521] Baseline: 49 pre-existing media tile(s) of 49 mounted (kinds: image,image,image,image,image,image,image,image,image,image,image,image,image,image,image,image,image,image,image,image,image,image,image,image,image,image,image,image,image,image,video,video,image,video,video,video,video,video,video,image,video,video,image,video,video,image,video,video,image).
2026-09-05T07:25:20.642Z [ce7599f6-1c3d-4af6-ab65-2112d945549c][bb1fc585-f087-407a-b043-49c06e320521] Generating... 3 ready, 0 failed / 4 total (45s) image 99% [BỐI CẢNH]
2026-09-05T07:25:20.675Z [f9c044d9-d63f-4f26-b064-9177e369e74e][bb1fc585-f087-407a-b043-49c06e320521] Ref image 4/5: downloading from URL...
2026-09-05T07:25:21.245Z [f9c044d9-d63f-4f26-b064-9177e369e74e][bb1fc585-f087-407a-b043-49c06e320521] Ref image 4/5: saved 287414 bytes (image/jpeg) as "Verdant Water Park Dark Brown Rest Bench.jpeg"
2026-09-05T07:25:21.249Z [f9c044d9-d63f-4f26-b064-9177e369e74e][bb1fc585-f087-407a-b043-49c06e320521] Ref image 4/5: attaching reference image...
2026-09-05T07:25:21.928Z [4d3616af-b581-4ca5-be22-8f60f7fc006d][bb1fc585-f087-407a-b043-49c06e320521] Ref image 1/9: reusing library asset "Nessa Water Park Day.jpeg" (no re-upload).
2026-09-05T07:25:22.400Z [a59ade20-98f3-4db9-b245-1121272f1ab2][bb1fc585-f087-407a-b043-49c06e320521] [submit] confirmed (editor "What do you want to ", fresh tile=true).
2026-09-05T07:25:23.083Z [a59ade20-98f3-4db9-b245-1121272f1ab2][bb1fc585-f087-407a-b043-49c06e320521] Current Workspace project URL: https://flow.google.com/project/cd81a7d3-c989-419e-891a-f8694174cb85?hl=en
2026-09-05T07:25:23.083Z [a59ade20-98f3-4db9-b245-1121272f1ab2][bb1fc585-f087-407a-b043-49c06e320521] Submitted ✓ Detecting batch size...
2026-09-05T07:25:23.096Z [a59ade20-98f3-4db9-b245-1121272f1ab2][bb1fc585-f087-407a-b043-49c06e320521] New tile(s) since submit: 0 → 4 (mounted=49)
2026-09-05T07:25:23.548Z [f9c044d9-d63f-4f26-b064-9177e369e74e][bb1fc585-f087-407a-b043-49c06e320521] Ref image 4/5: reusing library asset "Verdant Water Park Dark Brown Rest Bench.jpeg" (no re-upload).
2026-09-05T07:25:23.658Z [ce7599f6-1c3d-4af6-ab65-2112d945549c][bb1fc585-f087-407a-b043-49c06e320521] Generating... 3 ready, 0 failed / 4 total (48s) image 99% [BỐI CẢNH]
2026-09-05T07:25:25.862Z [4d3616af-b581-4ca5-be22-8f60f7fc006d][bb1fc585-f087-407a-b043-49c06e320521] Ref image 1/9: chips 0→1 ✓
2026-09-05T07:25:26.671Z [ce7599f6-1c3d-4af6-ab65-2112d945549c][bb1fc585-f087-407a-b043-49c06e320521] Generating... 3 ready, 0 failed / 4 total (51s) image 100% [BỐI CẢNH
2026-09-05T07:25:26.829Z [f9c044d9-d63f-4f26-b064-9177e369e74e][bb1fc585-f087-407a-b043-49c06e320521] Ref image 4/5: chips 3→4 ✓
2026-09-05T07:25:27.082Z [4d3616af-b581-4ca5-be22-8f60f7fc006d][bb1fc585-f087-407a-b043-49c06e320521] Ref image 2/9: downloading from URL...
2026-09-05T07:25:27.254Z [a59ade20-98f3-4db9-b245-1121272f1ab2][bb1fc585-f087-407a-b043-49c06e320521] Batch size stabilised at 4 new tile(s)
2026-09-05T07:25:27.255Z [a59ade20-98f3-4db9-b245-1121272f1ab2][bb1fc585-f087-407a-b043-49c06e320521] Batch detected: 4 item(s). Generating...
2026-09-05T07:25:27.255Z [a59ade20-98f3-4db9-b245-1121272f1ab2][bb1fc585-f087-407a-b043-49c06e320521] Polling for 4 image item(s) (baseline=49, hasUpload=true)...
2026-09-05T07:25:27.264Z [a59ade20-98f3-4db9-b245-1121272f1ab2][bb1fc585-f087-407a-b043-49c06e320521] Generating... 0 ready, 0 failed / 4 total (0s) image 34% [BỐI CẢNH] image 34% [BỐI CẢNH] image 34% [BỐI CẢNH] image 34% [BỐI CẢNH]
2026-09-05T07:25:27.477Z [4d3616af-b581-4ca5-be22-8f60f7fc006d][bb1fc585-f087-407a-b043-49c06e320521] Ref image 2/9: saved 653843 bytes (image/jpeg) as "Graham Water Park Day.jpeg"
2026-09-05T07:25:27.482Z [4d3616af-b581-4ca5-be22-8f60f7fc006d][bb1fc585-f087-407a-b043-49c06e320521] Ref image 2/9: attaching reference image...
2026-09-05T07:25:28.080Z [f9c044d9-d63f-4f26-b064-9177e369e74e][bb1fc585-f087-407a-b043-49c06e320521] Ref image 5/5: downloading from URL...
2026-09-05T07:25:28.492Z [f9c044d9-d63f-4f26-b064-9177e369e74e][bb1fc585-f087-407a-b043-49c06e320521] Ref image 5/5: saved 926103 bytes (image/jpeg) as "Verdant Family Water Park Master.jpeg"
2026-09-05T07:25:28.495Z [f9c044d9-d63f-4f26-b064-9177e369e74e][bb1fc585-f087-407a-b043-49c06e320521] Ref image 5/5: attaching reference image...
2026-09-05T07:25:29.618Z [4d3616af-b581-4ca5-be22-8f60f7fc006d][bb1fc585-f087-407a-b043-49c06e320521] Ref image 2/9: reusing library asset "Graham Water Park Day.jpeg" (no re-upload).
2026-09-05T07:25:29.691Z [ce7599f6-1c3d-4af6-ab65-2112d945549c][bb1fc585-f087-407a-b043-49c06e320521] Generating... 4 ready, 0 failed / 4 total (54s)
2026-09-05T07:25:29.692Z [ce7599f6-1c3d-4af6-ab65-2112d945549c][bb1fc585-f087-407a-b043-49c06e320521] Batch done: 4 ready (target 4), 0 failed, scanned 4.
2026-09-05T07:25:29.692Z [ce7599f6-1c3d-4af6-ab65-2112d945549c][bb1fc585-f087-407a-b043-49c06e320521] 4 item(s) ready! Downloading...
2026-09-05T07:25:29.693Z [ce7599f6-1c3d-4af6-ab65-2112d945549c][bb1fc585-f087-407a-b043-49c06e320521] Item 1: Downloading from URL https://flow-content.google/image/8cd395eb-4186-4f08-8e1a-c7b45273f0c3?Expires=1788614672&KeyName=labs-flow-prod-cdn-key&Signature=FUFoQDbA8Vezt6BuRCrsfVDDNTw
2026-09-05T07:25:30.074Z [ce7599f6-1c3d-4af6-ab65-2112d945549c][bb1fc585-f087-407a-b043-49c06e320521] Downloaded 1/4: winai_2026-09-05T07-25-29_01.jpg
2026-09-05T07:25:30.075Z [ce7599f6-1c3d-4af6-ab65-2112d945549c][bb1fc585-f087-407a-b043-49c06e320521] Item 2: Downloading from URL https://flow-content.google/image/f171f9b0-a263-4f9e-afcf-cd6d57317314?Expires=1788614671&KeyName=labs-flow-prod-cdn-key&Signature=BmvXoCRSE7dmK324vApLUVKQOS4
2026-09-05T07:25:30.178Z [ce7599f6-1c3d-4af6-ab65-2112d945549c][bb1fc585-f087-407a-b043-49c06e320521] Downloaded 2/4: winai_2026-09-05T07-25-29_02.jpg
2026-09-05T07:25:30.179Z [ce7599f6-1c3d-4af6-ab65-2112d945549c][bb1fc585-f087-407a-b043-49c06e320521] Item 3: Downloading from URL https://flow-content.google/image/e9ddecf1-1327-4a04-862e-d57daeea37f4?Expires=1788614670&KeyName=labs-flow-prod-cdn-key&Signature=PF5dLy3ZwhJ7zAL1uDfKcFXWBqI
2026-09-05T07:25:30.277Z [ce7599f6-1c3d-4af6-ab65-2112d945549c][bb1fc585-f087-407a-b043-49c06e320521] Downloaded 3/4: winai_2026-09-05T07-25-29_03.jpg
2026-09-05T07:25:30.277Z [ce7599f6-1c3d-4af6-ab65-2112d945549c][bb1fc585-f087-407a-b043-49c06e320521] Item 4: Downloading from URL https://flow-content.google/image/a38aaaaa-9365-4b3d-a350-affc9840a0c8?Expires=1788614670&KeyName=labs-flow-prod-cdn-key&Signature=JKD4qEpExLKjQGEq0mrGeONMW4Y
2026-09-05T07:25:30.283Z [a59ade20-98f3-4db9-b245-1121272f1ab2][bb1fc585-f087-407a-b043-49c06e320521] Generating... 0 ready, 0 failed / 4 total (3s) image 54% [BỐI CẢNH] image 54% [BỐI CẢNH] image 54% [BỐI CẢNH] image 54% [BỐI CẢNH]
2026-09-05T07:25:30.371Z [ce7599f6-1c3d-4af6-ab65-2112d945549c][bb1fc585-f087-407a-b043-49c06e320521] Downloaded 4/4: winai_2026-09-05T07-25-29_04.jpg
2026-09-05T07:25:30.371Z [ce7599f6-1c3d-4af6-ab65-2112d945549c][bb1fc585-f087-407a-b043-49c06e320521] ✅ 4 item(s) saved to Downloads/Win AI Toolkit/
2026-09-05T07:25:30.617Z [f9c044d9-d63f-4f26-b064-9177e369e74e][bb1fc585-f087-407a-b043-49c06e320521] Ref image 5/5: reusing library asset "Verdant Family Water Park Master.jpeg" (no re-upload).
2026-09-05T07:25:30.674Z [ce7599f6-1c3d-4af6-ab65-2112d945549c][bb1fc585-f087-407a-b043-49c06e320521] Item 1: Uploaded → https://studio.xanhmedia.vn/uploads/2026-09/1788593130368_42ba5e_bb1fc585-f087-407a-b043-49c06e320521_ce7.jpg
2026-09-05T07:25:30.696Z [ce7599f6-1c3d-4af6-ab65-2112d945549c][bb1fc585-f087-407a-b043-49c06e320521] Item 3: Uploaded → https://studio.xanhmedia.vn/uploads/2026-09/1788593130381_e66783_bb1fc585-f087-407a-b043-49c06e320521_ce7.jpg
2026-09-05T07:25:30.697Z [ce7599f6-1c3d-4af6-ab65-2112d945549c][bb1fc585-f087-407a-b043-49c06e320521] Item 4: Uploaded → https://studio.xanhmedia.vn/uploads/2026-09/1788593130383_06ce0d_bb1fc585-f087-407a-b043-49c06e320521_ce7.jpg
2026-09-05T07:25:30.697Z [ce7599f6-1c3d-4af6-ab65-2112d945549c][bb1fc585-f087-407a-b043-49c06e320521] Item 2: Uploaded → https://studio.xanhmedia.vn/uploads/2026-09/1788593130389_bd164f_bb1fc585-f087-407a-b043-49c06e320521_ce7.jpg
2026-09-05T07:25:30.699Z [ce7599f6-1c3d-4af6-ab65-2112d945549c][bb1fc585-f087-407a-b043-49c06e320521] All done (including any 1080p upgrades). Closing Playwright browser context.
2026-09-05T07:25:31.985Z [04b20ca0-9d89-42c4-8f57-78467b0a27e3][bb1fc585-f087-407a-b043-49c06e320521] runGeneration starting: task_id=04b20ca0-9d89-42c4-8f57-78467b0a27e3, profile_id=bb1fc585-f087-407a-b043-49c06e320521, target_site=google_flow
2026-09-05T07:25:31.986Z [04b20ca0-9d89-42c4-8f57-78467b0a27e3][bb1fc585-f087-407a-b043-49c06e320521] Opening Playwright browser with persistent profile cookies...
2026-09-05T07:25:31.987Z [04b20ca0-9d89-42c4-8f57-78467b0a27e3][bb1fc585-f087-407a-b043-49c06e320521] Browser engine: winhide (C:\Users\Admin\AppData\Roaming\com.tank.winai\winhide\chrome.exe) [hidden off-screen]
2026-09-05T07:25:31.987Z [04b20ca0-9d89-42c4-8f57-78467b0a27e3][bb1fc585-f087-407a-b043-49c06e320521] Launch mode: STEALTH (raw spawn + connectOverCDP)
2026-09-05T07:25:32.960Z [4d3616af-b581-4ca5-be22-8f60f7fc006d][bb1fc585-f087-407a-b043-49c06e320521] Ref image 2/9: chips 1→2 ✓
2026-09-05T07:25:33.296Z [a59ade20-98f3-4db9-b245-1121272f1ab2][bb1fc585-f087-407a-b043-49c06e320521] Generating... 0 ready, 0 failed / 4 total (6s) image 74% [BỐI CẢNH] image 74% [BỐI CẢNH] image 74% [BỐI CẢNH] image 74% [BỐI CẢNH]
2026-09-05T07:25:33.469Z [04b20ca0-9d89-42c4-8f57-78467b0a27e3][bb1fc585-f087-407a-b043-49c06e320521] Exit IP: 115.74.128.9
2026-09-05T07:25:33.469Z [04b20ca0-9d89-42c4-8f57-78467b0a27e3][bb1fc585-f087-407a-b043-49c06e320521] Navigating browser to Google Flow tools page...
2026-09-05T07:25:33.470Z [04b20ca0-9d89-42c4-8f57-78467b0a27e3][bb1fc585-f087-407a-b043-49c06e320521] Using existing project URL: https://flow.google.com/project/c2a607c5-d833-4be1-8108-407b74d4ed85?hl=en
2026-09-05T07:25:33.925Z [f9c044d9-d63f-4f26-b064-9177e369e74e][bb1fc585-f087-407a-b043-49c06e320521] Ref image 5/5: chips 4→5 ✓
2026-09-05T07:25:33.936Z [f9c044d9-d63f-4f26-b064-9177e369e74e][bb1fc585-f087-407a-b043-49c06e320521] Entering prompt...
2026-09-05T07:25:34.079Z [4d3616af-b581-4ca5-be22-8f60f7fc006d][bb1fc585-f087-407a-b043-49c06e320521] Ref image 3/9: downloading from URL...
2026-09-05T07:25:34.426Z [4d3616af-b581-4ca5-be22-8f60f7fc006d][bb1fc585-f087-407a-b043-49c06e320521] Ref image 3/9: saved 549605 bytes (image/jpeg) as "Elara Water Park Day.jpeg"
2026-09-05T07:25:34.430Z [4d3616af-b581-4ca5-be22-8f60f7fc006d][bb1fc585-f087-407a-b043-49c06e320521] Ref image 3/9: attaching reference image...
2026-09-05T07:25:34.428Z [04b20ca0-9d89-42c4-8f57-78467b0a27e3][bb1fc585-f087-407a-b043-49c06e320521] Waiting for Google Flow...
2026-09-05T07:25:35.725Z [f9c044d9-d63f-4f26-b064-9177e369e74e][bb1fc585-f087-407a-b043-49c06e320521] Prompt is 2123 chars — typing it in 29 chunk(s).
2026-09-05T07:25:36.159Z [04b20ca0-9d89-42c4-8f57-78467b0a27e3][bb1fc585-f087-407a-b043-49c06e320521] In existing project ✓
2026-09-05T07:25:36.316Z [a59ade20-98f3-4db9-b245-1121272f1ab2][bb1fc585-f087-407a-b043-49c06e320521] Generating... 0 ready, 0 failed / 4 total (9s) image 94% [BỐI CẢNH] image 94% [BỐI CẢNH] image 94% [BỐI CẢNH] image 94% [BỐI CẢNH]
2026-09-05T07:25:36.592Z [4d3616af-b581-4ca5-be22-8f60f7fc006d][bb1fc585-f087-407a-b043-49c06e320521] Ref image 3/9: reusing library asset "Elara Water Park Day.jpeg" (no re-upload).
2026-09-05T07:25:37.340Z [04b20ca0-9d89-42c4-8f57-78467b0a27e3][bb1fc585-f087-407a-b043-49c06e320521] dismissPopups: unresolved overlay(s) ["IFRAME[presentation]|btns="]
2026-09-05T07:25:39.270Z [04b20ca0-9d89-42c4-8f57-78467b0a27e3][bb1fc585-f087-407a-b043-49c06e320521] Composer ready ✓ (UI language: en)
2026-09-05T07:25:39.343Z [a59ade20-98f3-4db9-b245-1121272f1ab2][bb1fc585-f087-407a-b043-49c06e320521] Generating... 0 ready, 0 failed / 4 total (12s) image 99% [BỐI CẢNH] image 99% [BỐI CẢNH] image 99% [BỐI CẢNH] image 99% [BỐI CẢNH]
2026-09-05T07:25:39.389Z [04b20ca0-9d89-42c4-8f57-78467b0a27e3][bb1fc585-f087-407a-b043-49c06e320521] dismissPopups: unresolved overlay(s) ["DIV[]|btns=","DIV[]|btns="]
2026-09-05T07:25:39.440Z [04b20ca0-9d89-42c4-8f57-78467b0a27e3][bb1fc585-f087-407a-b043-49c06e320521] Agent toggle aria-pressed=false
2026-09-05T07:25:39.441Z [04b20ca0-9d89-42c4-8f57-78467b0a27e3][bb1fc585-f087-407a-b043-49c06e320521] Opening settings...
2026-09-05T07:25:39.974Z [4d3616af-b581-4ca5-be22-8f60f7fc006d][bb1fc585-f087-407a-b043-49c06e320521] Ref image 3/9: chips 2→3 ✓
2026-09-05T07:25:41.164Z [4d3616af-b581-4ca5-be22-8f60f7fc006d][bb1fc585-f087-407a-b043-49c06e320521] Ref image 4/9: downloading from URL...
2026-09-05T07:25:41.162Z [04b20ca0-9d89-42c4-8f57-78467b0a27e3][bb1fc585-f087-407a-b043-49c06e320521] Configuring image settings...
2026-09-05T07:25:41.550Z [4d3616af-b581-4ca5-be22-8f60f7fc006d][bb1fc585-f087-407a-b043-49c06e320521] Ref image 4/9: saved 468314 bytes (image/jpeg) as "Arlo Water Park Day.jpeg"
2026-09-05T07:25:41.555Z [4d3616af-b581-4ca5-be22-8f60f7fc006d][bb1fc585-f087-407a-b043-49c06e320521] Ref image 4/9: attaching reference image...
2026-09-05T07:25:42.362Z [a59ade20-98f3-4db9-b245-1121272f1ab2][bb1fc585-f087-407a-b043-49c06e320521] Generating... 0 ready, 0 failed / 4 total (15s) image 99% [BỐI CẢNH] image 99% [BỐI CẢNH] image 99% [BỐI CẢNH] image 99% [BỐI CẢNH]
2026-09-05T07:25:42.569Z [04b20ca0-9d89-42c4-8f57-78467b0a27e3][bb1fc585-f087-407a-b043-49c06e320521] Mode: selected "image Image" ✓
2026-09-05T07:25:43.517Z [4d3616af-b581-4ca5-be22-8f60f7fc006d][bb1fc585-f087-407a-b043-49c06e320521] Ref image 4/9: reusing library asset "Arlo Water Park Day.jpeg" (no re-upload).
2026-09-05T07:25:45.383Z [a59ade20-98f3-4db9-b245-1121272f1ab2][bb1fc585-f087-407a-b043-49c06e320521] Generating... 0 ready, 0 failed / 4 total (18s) image 99% [BỐI CẢNH] image 99% [BỐI CẢNH] image 99% [BỐI CẢNH] image 99% [BỐI CẢNH]
2026-09-05T07:25:47.071Z [4d3616af-b581-4ca5-be22-8f60f7fc006d][bb1fc585-f087-407a-b043-49c06e320521] Ref image 4/9: chips 3→4 ✓
2026-09-05T07:25:47.224Z [04b20ca0-9d89-42c4-8f57-78467b0a27e3][bb1fc585-f087-407a-b043-49c06e320521] Model: selected "🍌 Nano Banana 2" ✓
2026-09-05T07:25:48.021Z [04b20ca0-9d89-42c4-8f57-78467b0a27e3][bb1fc585-f087-407a-b043-49c06e320521] Aspect ratio: "crop_16_9 16:9" already selected ✓
2026-09-05T07:25:48.397Z [a59ade20-98f3-4db9-b245-1121272f1ab2][bb1fc585-f087-407a-b043-49c06e320521] Generating... 0 ready, 0 failed / 4 total (21s) image 99% [BỐI CẢNH] image 99% [BỐI CẢNH] image 99% [BỐI CẢNH] image 99% [BỐI CẢNH]
2026-09-05T07:25:48.574Z [4d3616af-b581-4ca5-be22-8f60f7fc006d][bb1fc585-f087-407a-b043-49c06e320521] Ref image 5/9: downloading from URL...
2026-09-05T07:25:48.921Z [4d3616af-b581-4ca5-be22-8f60f7fc006d][bb1fc585-f087-407a-b043-49c06e320521] Ref image 5/9: saved 383953 bytes (image/jpeg) as "Nessa Chocolate Ice Cream Set.jpeg"
2026-09-05T07:25:48.925Z [4d3616af-b581-4ca5-be22-8f60f7fc006d][bb1fc585-f087-407a-b043-49c06e320521] Ref image 5/9: attaching reference image...
2026-09-05T07:25:49.729Z [04b20ca0-9d89-42c4-8f57-78467b0a27e3][bb1fc585-f087-407a-b043-49c06e320521] Output count: selected "x4" ✓
2026-09-05T07:25:49.750Z [f9c044d9-d63f-4f26-b064-9177e369e74e][bb1fc585-f087-407a-b043-49c06e320521] Prompt insert attempt 1: editor has 2071 chars (want ~2116) ✓
2026-09-05T07:25:50.559Z [04b20ca0-9d89-42c4-8f57-78467b0a27e3][bb1fc585-f087-407a-b043-49c06e320521] Ref image 1/7: downloading from URL...
2026-09-05T07:25:50.746Z [04b20ca0-9d89-42c4-8f57-78467b0a27e3][bb1fc585-f087-407a-b043-49c06e320521] Downloader: no-proxy request context ready.
2026-09-05T07:25:50.903Z [4d3616af-b581-4ca5-be22-8f60f7fc006d][bb1fc585-f087-407a-b043-49c06e320521] Ref image 5/9: reusing library asset "Nessa Chocolate Ice Cream Set.jpeg" (no re-upload).
2026-09-05T07:25:51.412Z [a59ade20-98f3-4db9-b245-1121272f1ab2][bb1fc585-f087-407a-b043-49c06e320521] Generating... 0 ready, 0 failed / 4 total (24s) image 99% [BỐI CẢNH] image 99% [BỐI CẢNH] image 99% [BỐI CẢNH] image 99% [BỐI CẢNH]
2026-09-05T07:25:51.547Z [04b20ca0-9d89-42c4-8f57-78467b0a27e3][bb1fc585-f087-407a-b043-49c06e320521] Ref image 1/7: saved 468314 bytes (image/jpeg) as "Arlo Water Park Day.jpeg"
2026-09-05T07:25:51.553Z [04b20ca0-9d89-42c4-8f57-78467b0a27e3][bb1fc585-f087-407a-b043-49c06e320521] Ref image 1/7: attaching reference image...
2026-09-05T07:25:51.588Z [f9c044d9-d63f-4f26-b064-9177e369e74e][bb1fc585-f087-407a-b043-49c06e320521] Baseline: 49 pre-existing media tile(s) of 49 mounted (kinds: image,image,image,image,image,image,image,image,image,image,image,image,image,image,image,image,image,image,image,image,image,image,image,image,image,video,video,image,video,video,image,video,image,video,video,image,video,video,image,video,video,image,video,video,image,video,video,image,video).
2026-09-05T07:25:53.401Z [04b20ca0-9d89-42c4-8f57-78467b0a27e3][bb1fc585-f087-407a-b043-49c06e320521] Ref image 1/7: reusing library asset "Arlo Water Park Day.jpeg" (no re-upload).
2026-09-05T07:25:53.793Z [f9c044d9-d63f-4f26-b064-9177e369e74e][bb1fc585-f087-407a-b043-49c06e320521] [submit] confirmed (editor "What do you want to ", fresh tile=true).
2026-09-05T07:25:54.430Z [a59ade20-98f3-4db9-b245-1121272f1ab2][bb1fc585-f087-407a-b043-49c06e320521] Generating... 0 ready, 0 failed / 4 total (27s) image 99% [BỐI CẢNH] image 99% [BỐI CẢNH] image 99% [BỐI CẢNH] image 99% [BỐI CẢNH]
2026-09-05T07:25:54.564Z [f9c044d9-d63f-4f26-b064-9177e369e74e][bb1fc585-f087-407a-b043-49c06e320521] Current Workspace project URL: https://flow.google.com/project/cae2bf2b-d1b8-40f9-a300-9f2aa6276ea5?hl=en
2026-09-05T07:25:54.564Z [f9c044d9-d63f-4f26-b064-9177e369e74e][bb1fc585-f087-407a-b043-49c06e320521] Submitted ✓ Detecting batch size...
2026-09-05T07:25:54.582Z [f9c044d9-d63f-4f26-b064-9177e369e74e][bb1fc585-f087-407a-b043-49c06e320521] New tile(s) since submit: 0 → 4 (mounted=49)
2026-09-05T07:25:54.974Z [4d3616af-b581-4ca5-be22-8f60f7fc006d][bb1fc585-f087-407a-b043-49c06e320521] Ref image 5/9: chips 4→5 ✓
2026-09-05T07:25:56.357Z [04b20ca0-9d89-42c4-8f57-78467b0a27e3][bb1fc585-f087-407a-b043-49c06e320521] Ref image 1/7: chips 0→1 ✓
2026-09-05T07:25:56.587Z [4d3616af-b581-4ca5-be22-8f60f7fc006d][bb1fc585-f087-407a-b043-49c06e320521] Ref image 6/9: downloading from URL...
2026-09-05T07:25:57.074Z [4d3616af-b581-4ca5-be22-8f60f7fc006d][bb1fc585-f087-407a-b043-49c06e320521] Ref image 6/9: saved 475323 bytes (image/jpeg) as "Vale Family Water Park Bag.jpeg"
2026-09-05T07:25:57.077Z [4d3616af-b581-4ca5-be22-8f60f7fc006d][bb1fc585-f087-407a-b043-49c06e320521] Ref image 6/9: attaching reference image...
2026-09-05T07:25:57.445Z [a59ade20-98f3-4db9-b245-1121272f1ab2][bb1fc585-f087-407a-b043-49c06e320521] Generating... 0 ready, 0 failed / 4 total (30s) [BỐI CẢNH]Verdant Fa image 99% [BỐI CẢNH] [BỐI CẢNH]Verdant Fa image 99% [BỐI CẢNH]
2026-09-05T07:25:57.929Z [04b20ca0-9d89-42c4-8f57-78467b0a27e3][bb1fc585-f087-407a-b043-49c06e320521] Ref image 2/7: downloading from URL...
2026-09-05T07:25:58.311Z [04b20ca0-9d89-42c4-8f57-78467b0a27e3][bb1fc585-f087-407a-b043-49c06e320521] Ref image 2/7: saved 628888 bytes (image/jpeg) as "Nessa Water Park Day.jpeg"
2026-09-05T07:25:58.319Z [04b20ca0-9d89-42c4-8f57-78467b0a27e3][bb1fc585-f087-407a-b043-49c06e320521] Ref image 2/7: attaching reference image...
2026-09-05T07:25:58.730Z [f9c044d9-d63f-4f26-b064-9177e369e74e][bb1fc585-f087-407a-b043-49c06e320521] Batch size stabilised at 4 new tile(s)
2026-09-05T07:25:58.730Z [f9c044d9-d63f-4f26-b064-9177e369e74e][bb1fc585-f087-407a-b043-49c06e320521] Batch detected: 4 item(s). Generating...
2026-09-05T07:25:58.730Z [f9c044d9-d63f-4f26-b064-9177e369e74e][bb1fc585-f087-407a-b043-49c06e320521] Polling for 4 image item(s) (baseline=49, hasUpload=true)...
2026-09-05T07:25:58.744Z [f9c044d9-d63f-4f26-b064-9177e369e74e][bb1fc585-f087-407a-b043-49c06e320521] Generating... 0 ready, 0 failed / 4 total (0s) image 40% [BỐI CẢNH] image 40% [BỐI CẢNH] image 40% [BỐI CẢNH] image 40% [BỐI CẢNH]
2026-09-05T07:25:58.904Z [4d3616af-b581-4ca5-be22-8f60f7fc006d][bb1fc585-f087-407a-b043-49c06e320521] Ref image 6/9: reusing library asset "Vale Family Water Park Bag.jpeg" (no re-upload).
2026-09-05T07:26:00.461Z [a59ade20-98f3-4db9-b245-1121272f1ab2][bb1fc585-f087-407a-b043-49c06e320521] Generating... 2 ready, 0 failed / 4 total (33s) image 99% [BỐI CẢNH] image 99% [BỐI CẢNH]
2026-09-05T07:26:00.603Z [04b20ca0-9d89-42c4-8f57-78467b0a27e3][bb1fc585-f087-407a-b043-49c06e320521] Ref image 2/7: reusing library asset "Nessa Water Park Day.jpeg" (no re-upload).
2026-09-05T07:26:01.763Z [f9c044d9-d63f-4f26-b064-9177e369e74e][bb1fc585-f087-407a-b043-49c06e320521] Generating... 0 ready, 0 failed / 4 total (3s) image 60% [BỐI CẢNH] image 60% [BỐI CẢNH] image 60% [BỐI CẢNH] image 61% [BỐI CẢNH]
2026-09-05T07:26:01.945Z [4d3616af-b581-4ca5-be22-8f60f7fc006d][bb1fc585-f087-407a-b043-49c06e320521] Ref image 6/9: chips 5→6 ✓
2026-09-05T07:26:03.476Z [a59ade20-98f3-4db9-b245-1121272f1ab2][bb1fc585-f087-407a-b043-49c06e320521] Generating... 2 ready, 0 failed / 4 total (36s) image 99% [BỐI CẢNH] image 99% [BỐI CẢNH]
2026-09-05T07:26:03.482Z [4d3616af-b581-4ca5-be22-8f60f7fc006d][bb1fc585-f087-407a-b043-49c06e320521] Ref image 7/9: downloading from URL...
2026-09-05T07:26:03.920Z [4d3616af-b581-4ca5-be22-8f60f7fc006d][bb1fc585-f087-407a-b043-49c06e320521] Ref image 7/9: saved 287414 bytes (image/jpeg) as "Verdant Water Park Dark Brown Rest Bench.jpeg"
2026-09-05T07:26:03.924Z [4d3616af-b581-4ca5-be22-8f60f7fc006d][bb1fc585-f087-407a-b043-49c06e320521] Ref image 7/9: attaching reference image...
2026-09-05T07:26:04.023Z [04b20ca0-9d89-42c4-8f57-78467b0a27e3][bb1fc585-f087-407a-b043-49c06e320521] Ref image 2/7: chips 1→2 ✓
2026-09-05T07:26:04.780Z [f9c044d9-d63f-4f26-b064-9177e369e74e][bb1fc585-f087-407a-b043-49c06e320521] Generating... 0 ready, 0 failed / 4 total (6s) image 80% [BỐI CẢNH] image 80% [BỐI CẢNH] image 80% [BỐI CẢNH] image 81% [BỐI CẢNH]
2026-09-05T07:26:05.131Z [04b20ca0-9d89-42c4-8f57-78467b0a27e3][bb1fc585-f087-407a-b043-49c06e320521] Ref image 3/7: downloading from URL...
2026-09-05T07:26:05.528Z [04b20ca0-9d89-42c4-8f57-78467b0a27e3][bb1fc585-f087-407a-b043-49c06e320521] Ref image 3/7: saved 287414 bytes (image/jpeg) as "Verdant Water Park Dark Brown Rest Bench.jpeg"
2026-09-05T07:26:05.533Z [04b20ca0-9d89-42c4-8f57-78467b0a27e3][bb1fc585-f087-407a-b043-49c06e320521] Ref image 3/7: attaching reference image...
2026-09-05T07:26:05.786Z [4d3616af-b581-4ca5-be22-8f60f7fc006d][bb1fc585-f087-407a-b043-49c06e320521] Ref image 7/9: reusing library asset "Verdant Water Park Dark Brown Rest Bench.jpeg" (no re-upload).
2026-09-05T07:26:06.496Z [a59ade20-98f3-4db9-b245-1121272f1ab2][bb1fc585-f087-407a-b043-49c06e320521] Generating... 2 ready, 0 failed / 4 total (39s) image 99% [BỐI CẢNH] image 99% [BỐI CẢNH]
2026-09-05T07:26:07.768Z [04b20ca0-9d89-42c4-8f57-78467b0a27e3][bb1fc585-f087-407a-b043-49c06e320521] Ref image 3/7: reusing library asset "Verdant Water Park Dark Brown Rest Bench.jpeg" (no re-upload).
2026-09-05T07:26:07.794Z [f9c044d9-d63f-4f26-b064-9177e369e74e][bb1fc585-f087-407a-b043-49c06e320521] Generating... 0 ready, 0 failed / 4 total (9s) image 99% [BỐI CẢNH] image 99% [BỐI CẢNH] image 99% [BỐI CẢNH] image 99% [BỐI CẢNH]
2026-09-05T07:26:08.945Z [4d3616af-b581-4ca5-be22-8f60f7fc006d][bb1fc585-f087-407a-b043-49c06e320521] Ref image 7/9: chips 6→7 ✓
2026-09-05T07:26:09.512Z [a59ade20-98f3-4db9-b245-1121272f1ab2][bb1fc585-f087-407a-b043-49c06e320521] Generating... 2 ready, 0 failed / 4 total (42s) image 99% [BỐI CẢNH] image 99% [BỐI CẢNH]
2026-09-05T07:26:10.360Z [4d3616af-b581-4ca5-be22-8f60f7fc006d][bb1fc585-f087-407a-b043-49c06e320521] Ref image 8/9: downloading from URL...
2026-09-05T07:26:10.669Z [4d3616af-b581-4ca5-be22-8f60f7fc006d][bb1fc585-f087-407a-b043-49c06e320521] Ref image 8/9: saved 272277 bytes (image/jpeg) as "Verdant Water Park Small Side Table.jpeg"
2026-09-05T07:26:10.674Z [4d3616af-b581-4ca5-be22-8f60f7fc006d][bb1fc585-f087-407a-b043-49c06e320521] Ref image 8/9: attaching reference image...
2026-09-05T07:26:10.810Z [f9c044d9-d63f-4f26-b064-9177e369e74e][bb1fc585-f087-407a-b043-49c06e320521] Generating... 0 ready, 0 failed / 4 total (12s) image 99% [BỐI CẢNH] image 99% [BỐI CẢNH] image 99% [BỐI CẢNH] image 99% [BỐI CẢNH]
2026-09-05T07:26:11.740Z [04b20ca0-9d89-42c4-8f57-78467b0a27e3][bb1fc585-f087-407a-b043-49c06e320521] Ref image 3/7: chips 2→3 ✓
2026-09-05T07:26:12.526Z [a59ade20-98f3-4db9-b245-1121272f1ab2][bb1fc585-f087-407a-b043-49c06e320521] Generating... 2 ready, 0 failed / 4 total (45s) image 100% [BỐI CẢNH image 99% [BỐI CẢNH]
2026-09-05T07:26:12.834Z [4d3616af-b581-4ca5-be22-8f60f7fc006d][bb1fc585-f087-407a-b043-49c06e320521] Ref image 8/9: "Verdant Water Park Small Side Table.jpeg" not in the library yet — uploading it first.
2026-09-05T07:26:12.843Z [04b20ca0-9d89-42c4-8f57-78467b0a27e3][bb1fc585-f087-407a-b043-49c06e320521] Ref image 4/7: downloading from URL...
2026-09-05T07:26:13.297Z [04b20ca0-9d89-42c4-8f57-78467b0a27e3][bb1fc585-f087-407a-b043-49c06e320521] Ref image 4/7: saved 272277 bytes (image/jpeg) as "Verdant Water Park Small Side Table.jpeg"
2026-09-05T07:26:13.303Z [04b20ca0-9d89-42c4-8f57-78467b0a27e3][bb1fc585-f087-407a-b043-49c06e320521] Ref image 4/7: attaching reference image...
2026-09-05T07:26:13.837Z [f9c044d9-d63f-4f26-b064-9177e369e74e][bb1fc585-f087-407a-b043-49c06e320521] Generating... 0 ready, 0 failed / 4 total (15s) image 99% [BỐI CẢNH] image 99% [BỐI CẢNH] image 99% [BỐI CẢNH] image 99% [BỐI CẢNH]
2026-09-05T07:26:15.557Z [a59ade20-98f3-4db9-b245-1121272f1ab2][bb1fc585-f087-407a-b043-49c06e320521] Generating... 3 ready, 0 failed / 4 total (48s) image 99% [BỐI CẢNH]
2026-09-05T07:26:15.634Z [04b20ca0-9d89-42c4-8f57-78467b0a27e3][bb1fc585-f087-407a-b043-49c06e320521] Ref image 4/7: reusing library asset "Verdant Water Park Small Side Table.jpeg" (no re-upload).
2026-09-05T07:26:16.771Z [4d3616af-b581-4ca5-be22-8f60f7fc006d][bb1fc585-f087-407a-b043-49c06e320521] Ref image 8/9: uploading "Verdant Water Park Small Side Table.jpeg" to the project library...
2026-09-05T07:26:16.858Z [f9c044d9-d63f-4f26-b064-9177e369e74e][bb1fc585-f087-407a-b043-49c06e320521] Generating... 0 ready, 0 failed / 4 total (18s) image 99% [BỐI CẢNH] image 99% [BỐI CẢNH] image 99% [BỐI CẢNH] image 99% [BỐI CẢNH]
2026-09-05T07:26:18.043Z [4d3616af-b581-4ca5-be22-8f60f7fc006d][bb1fc585-f087-407a-b043-49c06e320521] Ref image 8/9: upload finished ✓
2026-09-05T07:26:18.579Z [a59ade20-98f3-4db9-b245-1121272f1ab2][bb1fc585-f087-407a-b043-49c06e320521] Generating... 3 ready, 0 failed / 4 total (51s) [BỐI CẢNH]Verdant Fa
2026-09-05T07:26:19.704Z [04b20ca0-9d89-42c4-8f57-78467b0a27e3][bb1fc585-f087-407a-b043-49c06e320521] Ref image 4/7: chips 3→4 ✓
2026-09-05T07:26:19.876Z [f9c044d9-d63f-4f26-b064-9177e369e74e][bb1fc585-f087-407a-b043-49c06e320521] Generating... 0 ready, 0 failed / 4 total (21s) image 99% [BỐI CẢNH] image 99% [BỐI CẢNH] image 99% [BỐI CẢNH] image 99% [BỐI CẢNH]
2026-09-05T07:26:21.171Z [04b20ca0-9d89-42c4-8f57-78467b0a27e3][bb1fc585-f087-407a-b043-49c06e320521] Ref image 5/7: downloading from URL...
2026-09-05T07:26:21.520Z [04b20ca0-9d89-42c4-8f57-78467b0a27e3][bb1fc585-f087-407a-b043-49c06e320521] Ref image 5/7: saved 383953 bytes (image/jpeg) as "Nessa Chocolate Ice Cream Set.jpeg"
2026-09-05T07:26:21.523Z [04b20ca0-9d89-42c4-8f57-78467b0a27e3][bb1fc585-f087-407a-b043-49c06e320521] Ref image 5/7: attaching reference image...
2026-09-05T07:26:21.595Z [a59ade20-98f3-4db9-b245-1121272f1ab2][bb1fc585-f087-407a-b043-49c06e320521] Generating... 4 ready, 0 failed / 4 total (54s)
2026-09-05T07:26:21.595Z [a59ade20-98f3-4db9-b245-1121272f1ab2][bb1fc585-f087-407a-b043-49c06e320521] Batch done: 4 ready (target 4), 0 failed, scanned 4.
2026-09-05T07:26:21.595Z [a59ade20-98f3-4db9-b245-1121272f1ab2][bb1fc585-f087-407a-b043-49c06e320521] 4 item(s) ready! Downloading...
2026-09-05T07:26:21.596Z [a59ade20-98f3-4db9-b245-1121272f1ab2][bb1fc585-f087-407a-b043-49c06e320521] Item 1: Downloading from URL https://flow-content.google/image/bdaa569d-f5f1-4c28-8ee8-bd5bd7b335ca?Expires=1788614724&KeyName=labs-flow-prod-cdn-key&Signature=12wojMWiY_kN6bqnC-TGdlUL_9I
2026-09-05T07:26:22.040Z [a59ade20-98f3-4db9-b245-1121272f1ab2][bb1fc585-f087-407a-b043-49c06e320521] Downloaded 1/4: winai_2026-09-05T07-26-21_01.jpg
2026-09-05T07:26:22.041Z [a59ade20-98f3-4db9-b245-1121272f1ab2][bb1fc585-f087-407a-b043-49c06e320521] Item 2: Downloading from URL https://flow-content.google/image/713dce3d-cf87-4ce4-beb7-aa7e75bc2706?Expires=1788614723&KeyName=labs-flow-prod-cdn-key&Signature=-D6aJyCCwBH9HOPCwr214luyaG8
2026-09-05T07:26:22.143Z [a59ade20-98f3-4db9-b245-1121272f1ab2][bb1fc585-f087-407a-b043-49c06e320521] Downloaded 2/4: winai_2026-09-05T07-26-21_02.jpg
2026-09-05T07:26:22.143Z [a59ade20-98f3-4db9-b245-1121272f1ab2][bb1fc585-f087-407a-b043-49c06e320521] Item 3: Downloading from URL https://flow-content.google/image/d7f94cd8-f762-4d25-90c8-c61c77016d64?Expires=1788614722&KeyName=labs-flow-prod-cdn-key&Signature=hH7n6Xc6Ih17xDuFnEZzm8w7WUs
2026-09-05T07:26:22.243Z [a59ade20-98f3-4db9-b245-1121272f1ab2][bb1fc585-f087-407a-b043-49c06e320521] Downloaded 3/4: winai_2026-09-05T07-26-21_03.jpg
2026-09-05T07:26:22.244Z [a59ade20-98f3-4db9-b245-1121272f1ab2][bb1fc585-f087-407a-b043-49c06e320521] Item 4: Downloading from URL https://flow-content.google/image/8921aff0-0919-4f8d-b053-9776a5780f3a?Expires=1788614722&KeyName=labs-flow-prod-cdn-key&Signature=clnJH4ClffBx2mZxbNPo1OHJD0A
2026-09-05T07:26:22.346Z [a59ade20-98f3-4db9-b245-1121272f1ab2][bb1fc585-f087-407a-b043-49c06e320521] Downloaded 4/4: winai_2026-09-05T07-26-21_04.jpg
2026-09-05T07:26:22.346Z [a59ade20-98f3-4db9-b245-1121272f1ab2][bb1fc585-f087-407a-b043-49c06e320521] ✅ 4 item(s) saved to Downloads/Win AI Toolkit/
2026-09-05T07:26:22.641Z [a59ade20-98f3-4db9-b245-1121272f1ab2][bb1fc585-f087-407a-b043-49c06e320521] Item 2: Uploaded → https://studio.xanhmedia.vn/uploads/2026-09/1788593182343_99f9b8_bb1fc585-f087-407a-b043-49c06e320521_a59.jpg
2026-09-05T07:26:22.666Z [a59ade20-98f3-4db9-b245-1121272f1ab2][bb1fc585-f087-407a-b043-49c06e320521] Item 1: Uploaded → https://studio.xanhmedia.vn/uploads/2026-09/1788593182360_34ff2b_bb1fc585-f087-407a-b043-49c06e320521_a59.jpg
2026-09-05T07:26:22.691Z [a59ade20-98f3-4db9-b245-1121272f1ab2][bb1fc585-f087-407a-b043-49c06e320521] Item 4: Uploaded → https://studio.xanhmedia.vn/uploads/2026-09/1788593182390_61fc89_bb1fc585-f087-407a-b043-49c06e320521_a59.jpg
2026-09-05T07:26:22.731Z [a59ade20-98f3-4db9-b245-1121272f1ab2][bb1fc585-f087-407a-b043-49c06e320521] Item 3: Uploaded → https://studio.xanhmedia.vn/uploads/2026-09/1788593182427_5b42e9_bb1fc585-f087-407a-b043-49c06e320521_a59.jpg
2026-09-05T07:26:22.733Z [a59ade20-98f3-4db9-b245-1121272f1ab2][bb1fc585-f087-407a-b043-49c06e320521] All done (including any 1080p upgrades). Closing Playwright browser context.
2026-09-05T07:26:22.895Z [f9c044d9-d63f-4f26-b064-9177e369e74e][bb1fc585-f087-407a-b043-49c06e320521] Generating... 0 ready, 0 failed / 4 total (24s) image 99% [BỐI CẢNH] image 99% [BỐI CẢNH] image 99% [BỐI CẢNH] image 99% [BỐI CẢNH]
2026-09-05T07:26:23.468Z [e929e47b-973f-4768-9f47-2240e836cc83][bb1fc585-f087-407a-b043-49c06e320521] runGeneration starting: task_id=e929e47b-973f-4768-9f47-2240e836cc83, profile_id=bb1fc585-f087-407a-b043-49c06e320521, target_site=google_flow
2026-09-05T07:26:23.469Z [e929e47b-973f-4768-9f47-2240e836cc83][bb1fc585-f087-407a-b043-49c06e320521] Opening Playwright browser with persistent profile cookies...
2026-09-05T07:26:23.470Z [e929e47b-973f-4768-9f47-2240e836cc83][bb1fc585-f087-407a-b043-49c06e320521] Browser engine: winhide (C:\Users\Admin\AppData\Roaming\com.tank.winai\winhide\chrome.exe) [hidden off-screen]
2026-09-05T07:26:23.470Z [e929e47b-973f-4768-9f47-2240e836cc83][bb1fc585-f087-407a-b043-49c06e320521] Launch mode: STEALTH (raw spawn + connectOverCDP)
2026-09-05T07:26:23.572Z [04b20ca0-9d89-42c4-8f57-78467b0a27e3][bb1fc585-f087-407a-b043-49c06e320521] Ref image 5/7: reusing library asset "Nessa Chocolate Ice Cream Set.jpeg" (no re-upload).
2026-09-05T07:26:25.241Z [e929e47b-973f-4768-9f47-2240e836cc83][bb1fc585-f087-407a-b043-49c06e320521] Exit IP: 115.74.128.9
2026-09-05T07:26:25.241Z [e929e47b-973f-4768-9f47-2240e836cc83][bb1fc585-f087-407a-b043-49c06e320521] Navigating browser to Google Flow tools page...
2026-09-05T07:26:25.242Z [e929e47b-973f-4768-9f47-2240e836cc83][bb1fc585-f087-407a-b043-49c06e320521] Using existing project URL: https://flow.google.com/project/cd81a7d3-c989-419e-891a-f8694174cb85?hl=en
2026-09-05T07:26:25.956Z [f9c044d9-d63f-4f26-b064-9177e369e74e][bb1fc585-f087-407a-b043-49c06e320521] Generating... 0 ready, 0 failed / 4 total (27s) image 99% [BỐI CẢNH] image 99% [BỐI CẢNH] image 100% [BỐI CẢNH image 99% [BỐI CẢNH]
2026-09-05T07:26:26.502Z [e929e47b-973f-4768-9f47-2240e836cc83][bb1fc585-f087-407a-b043-49c06e320521] Waiting for Google Flow...
2026-09-05T07:26:26.704Z [04b20ca0-9d89-42c4-8f57-78467b0a27e3][bb1fc585-f087-407a-b043-49c06e320521] Ref image 5/7: chips 4→5 ✓
2026-09-05T07:26:27.247Z [4d3616af-b581-4ca5-be22-8f60f7fc006d][bb1fc585-f087-407a-b043-49c06e320521] Ref image 8/9: chips 7→8 ✓
2026-09-05T07:26:28.228Z [04b20ca0-9d89-42c4-8f57-78467b0a27e3][bb1fc585-f087-407a-b043-49c06e320521] Ref image 6/7: downloading from URL...
2026-09-05T07:26:28.257Z [e929e47b-973f-4768-9f47-2240e836cc83][bb1fc585-f087-407a-b043-49c06e320521] In existing project ✓
2026-09-05T07:26:28.735Z [04b20ca0-9d89-42c4-8f57-78467b0a27e3][bb1fc585-f087-407a-b043-49c06e320521] Ref image 6/7: saved 475323 bytes (image/jpeg) as "Vale Family Water Park Bag.jpeg"
2026-09-05T07:26:28.738Z [04b20ca0-9d89-42c4-8f57-78467b0a27e3][bb1fc585-f087-407a-b043-49c06e320521] Ref image 6/7: attaching reference image...
2026-09-05T07:26:28.801Z [4d3616af-b581-4ca5-be22-8f60f7fc006d][bb1fc585-f087-407a-b043-49c06e320521] Ref image 9/9: downloading from URL...
2026-09-05T07:26:28.973Z [f9c044d9-d63f-4f26-b064-9177e369e74e][bb1fc585-f087-407a-b043-49c06e320521] Generating... 0 ready, 0 failed / 4 total (30s) image 99% [BỐI CẢNH] image 99% [BỐI CẢNH] [BỐI CẢNH]Verdant Fa [BỐI CẢNH]Verdant Fa
2026-09-05T07:26:29.181Z [4d3616af-b581-4ca5-be22-8f60f7fc006d][bb1fc585-f087-407a-b043-49c06e320521] Ref image 9/9: saved 926103 bytes (image/jpeg) as "Verdant Family Water Park Master.jpeg"
2026-09-05T07:26:29.185Z [4d3616af-b581-4ca5-be22-8f60f7fc006d][bb1fc585-f087-407a-b043-49c06e320521] Ref image 9/9: attaching reference image...
2026-09-05T07:26:31.178Z [04b20ca0-9d89-42c4-8f57-78467b0a27e3][bb1fc585-f087-407a-b043-49c06e320521] Ref image 6/7: reusing library asset "Vale Family Water Park Bag.jpeg" (no re-upload).
2026-09-05T07:26:31.315Z [4d3616af-b581-4ca5-be22-8f60f7fc006d][bb1fc585-f087-407a-b043-49c06e320521] Ref image 9/9: reusing library asset "Verdant Family Water Park Master.jpeg" (no re-upload).
2026-09-05T07:26:31.991Z [f9c044d9-d63f-4f26-b064-9177e369e74e][bb1fc585-f087-407a-b043-49c06e320521] Generating... 2 ready, 0 failed / 4 total (33s) image 99% [BỐI CẢNH] image 99% [BỐI CẢNH]
2026-09-05T07:26:34.534Z [04b20ca0-9d89-42c4-8f57-78467b0a27e3][bb1fc585-f087-407a-b043-49c06e320521] Ref image 6/7: chips 5→6 ✓
2026-09-05T07:26:34.575Z [4d3616af-b581-4ca5-be22-8f60f7fc006d][bb1fc585-f087-407a-b043-49c06e320521] Ref image 9/9: chips 8→9 ✓
2026-09-05T07:26:34.585Z [4d3616af-b581-4ca5-be22-8f60f7fc006d][bb1fc585-f087-407a-b043-49c06e320521] Entering prompt...
2026-09-05T07:26:35.006Z [f9c044d9-d63f-4f26-b064-9177e369e74e][bb1fc585-f087-407a-b043-49c06e320521] Generating... 2 ready, 0 failed / 4 total (36s) image 99% [BỐI CẢNH] image 99% [BỐI CẢNH]
2026-09-05T07:26:35.734Z [04b20ca0-9d89-42c4-8f57-78467b0a27e3][bb1fc585-f087-407a-b043-49c06e320521] Ref image 7/7: downloading from URL...
2026-09-05T07:26:36.105Z [04b20ca0-9d89-42c4-8f57-78467b0a27e3][bb1fc585-f087-407a-b043-49c06e320521] Ref image 7/7: saved 926103 bytes (image/jpeg) as "Verdant Family Water Park Master.jpeg"
2026-09-05T07:26:36.108Z [04b20ca0-9d89-42c4-8f57-78467b0a27e3][bb1fc585-f087-407a-b043-49c06e320521] Ref image 7/7: attaching reference image...
2026-09-05T07:26:36.325Z [4d3616af-b581-4ca5-be22-8f60f7fc006d][bb1fc585-f087-407a-b043-49c06e320521] Prompt is 2512 chars — typing it in 35 chunk(s).
2026-09-05T07:26:36.596Z [e929e47b-973f-4768-9f47-2240e836cc83][bb1fc585-f087-407a-b043-49c06e320521] Composer ready ✓ (UI language: en)
2026-09-05T07:26:36.615Z [e929e47b-973f-4768-9f47-2240e836cc83][bb1fc585-f087-407a-b043-49c06e320521] dismissPopups: unresolved overlay(s) ["DIV[]|btns=","DIV[]|btns="]
2026-09-05T07:26:36.648Z [e929e47b-973f-4768-9f47-2240e836cc83][bb1fc585-f087-407a-b043-49c06e320521] Agent toggle aria-pressed=false
2026-09-05T07:26:36.648Z [e929e47b-973f-4768-9f47-2240e836cc83][bb1fc585-f087-407a-b043-49c06e320521] Opening settings...
2026-09-05T07:26:38.026Z [f9c044d9-d63f-4f26-b064-9177e369e74e][bb1fc585-f087-407a-b043-49c06e320521] Generating... 2 ready, 0 failed / 4 total (39s) image 99% [BỐI CẢNH] image 99% [BỐI CẢNH]
2026-09-05T07:26:38.509Z [04b20ca0-9d89-42c4-8f57-78467b0a27e3][bb1fc585-f087-407a-b043-49c06e320521] Ref image 7/7: reusing library asset "Verdant Family Water Park Master.jpeg" (no re-upload).
2026-09-05T07:26:38.529Z [e929e47b-973f-4768-9f47-2240e836cc83][bb1fc585-f087-407a-b043-49c06e320521] Configuring image settings...
2026-09-05T07:26:39.822Z [e929e47b-973f-4768-9f47-2240e836cc83][bb1fc585-f087-407a-b043-49c06e320521] Mode: selected "image Image" ✓
2026-09-05T07:26:41.040Z [f9c044d9-d63f-4f26-b064-9177e369e74e][bb1fc585-f087-407a-b043-49c06e320521] Generating... 2 ready, 0 failed / 4 total (42s) image 99% [BỐI CẢNH] image 99% [BỐI CẢNH]
2026-09-05T07:26:41.991Z [04b20ca0-9d89-42c4-8f57-78467b0a27e3][bb1fc585-f087-407a-b043-49c06e320521] Ref image 7/7: chips 6→7 ✓
2026-09-05T07:26:42.003Z [04b20ca0-9d89-42c4-8f57-78467b0a27e3][bb1fc585-f087-407a-b043-49c06e320521] Entering prompt...
2026-09-05T07:26:43.980Z [04b20ca0-9d89-42c4-8f57-78467b0a27e3][bb1fc585-f087-407a-b043-49c06e320521] Prompt is 2323 chars — typing it in 32 chunk(s).
2026-09-05T07:26:44.061Z [f9c044d9-d63f-4f26-b064-9177e369e74e][bb1fc585-f087-407a-b043-49c06e320521] Generating... 2 ready, 0 failed / 4 total (45s) image 99% [BỐI CẢNH] image 99% [BỐI CẢNH]
2026-09-05T07:26:44.632Z [e929e47b-973f-4768-9f47-2240e836cc83][bb1fc585-f087-407a-b043-49c06e320521] Model: selected "🍌 Nano Banana 2" ✓
2026-09-05T07:26:45.326Z [e929e47b-973f-4768-9f47-2240e836cc83][bb1fc585-f087-407a-b043-49c06e320521] Aspect ratio: "crop_16_9 16:9" already selected ✓
2026-09-05T07:26:46.912Z [e929e47b-973f-4768-9f47-2240e836cc83][bb1fc585-f087-407a-b043-49c06e320521] Output count: selected "x4" ✓
2026-09-05T07:26:47.075Z [f9c044d9-d63f-4f26-b064-9177e369e74e][bb1fc585-f087-407a-b043-49c06e320521] Generating... 2 ready, 0 failed / 4 total (48s) image 99% [BỐI CẢNH] image 99% [BỐI CẢNH]
2026-09-05T07:26:47.924Z [e929e47b-973f-4768-9f47-2240e836cc83][bb1fc585-f087-407a-b043-49c06e320521] Ref image 1/4: downloading from URL...
2026-09-05T07:26:48.116Z [e929e47b-973f-4768-9f47-2240e836cc83][bb1fc585-f087-407a-b043-49c06e320521] Downloader: no-proxy request context ready.
2026-09-05T07:26:49.108Z [e929e47b-973f-4768-9f47-2240e836cc83][bb1fc585-f087-407a-b043-49c06e320521] Ref image 1/4: saved 468314 bytes (image/jpeg) as "Arlo Water Park Day.jpeg"
2026-09-05T07:26:49.112Z [e929e47b-973f-4768-9f47-2240e836cc83][bb1fc585-f087-407a-b043-49c06e320521] Ref image 1/4: attaching reference image...
2026-09-05T07:26:50.099Z [f9c044d9-d63f-4f26-b064-9177e369e74e][bb1fc585-f087-407a-b043-49c06e320521] Generating... 2 ready, 0 failed / 4 total (51s) image 99% [BỐI CẢNH] [BỐI CẢNH]Verdant Fa
2026-09-05T07:26:50.918Z [e929e47b-973f-4768-9f47-2240e836cc83][bb1fc585-f087-407a-b043-49c06e320521] Ref image 1/4: reusing library asset "Arlo Water Park Day.jpeg" (no re-upload).
2026-09-05T07:26:53.114Z [f9c044d9-d63f-4f26-b064-9177e369e74e][bb1fc585-f087-407a-b043-49c06e320521] Generating... 3 ready, 0 failed / 4 total (54s) image 99% [BỐI CẢNH]
2026-09-05T07:26:53.275Z [4d3616af-b581-4ca5-be22-8f60f7fc006d][bb1fc585-f087-407a-b043-49c06e320521] Prompt insert attempt 1: editor has 2456 chars (want ~2505) ✓
2026-09-05T07:26:54.333Z [e929e47b-973f-4768-9f47-2240e836cc83][bb1fc585-f087-407a-b043-49c06e320521] Ref image 1/4: chips 0→1 ✓
2026-09-05T07:26:54.839Z [4d3616af-b581-4ca5-be22-8f60f7fc006d][bb1fc585-f087-407a-b043-49c06e320521] Baseline: 47 pre-existing media tile(s) of 47 mounted (kinds: image,image,image,image,image,image,image,image,image,image,image,image,image,image,image,image,image,image,image,image,image,image,image,image,image,image,image,video,video,image,image,video,video,image,video,video,image,video,video,video,video,video,image,video,video,image,video).
2026-09-05T07:26:55.642Z [e929e47b-973f-4768-9f47-2240e836cc83][bb1fc585-f087-407a-b043-49c06e320521] Ref image 2/4: downloading from URL...
2026-09-05T07:26:56.083Z [e929e47b-973f-4768-9f47-2240e836cc83][bb1fc585-f087-407a-b043-49c06e320521] Ref image 2/4: saved 628888 bytes (image/jpeg) as "Nessa Water Park Day.jpeg"
2026-09-05T07:26:56.087Z [e929e47b-973f-4768-9f47-2240e836cc83][bb1fc585-f087-407a-b043-49c06e320521] Ref image 2/4: attaching reference image...
2026-09-05T07:26:56.143Z [f9c044d9-d63f-4f26-b064-9177e369e74e][bb1fc585-f087-407a-b043-49c06e320521] Generating... 3 ready, 0 failed / 4 total (57s) image 99% [BỐI CẢNH]
2026-09-05T07:26:57.102Z [4d3616af-b581-4ca5-be22-8f60f7fc006d][bb1fc585-f087-407a-b043-49c06e320521] [submit] confirmed (editor "What do you want to ", fresh tile=true).
2026-09-05T07:26:57.860Z [4d3616af-b581-4ca5-be22-8f60f7fc006d][bb1fc585-f087-407a-b043-49c06e320521] Current Workspace project URL: https://flow.google.com/project/33ca2cc2-c9ff-4bb6-9048-2a7af1dfcfee?hl=en
2026-09-05T07:26:57.861Z [4d3616af-b581-4ca5-be22-8f60f7fc006d][bb1fc585-f087-407a-b043-49c06e320521] Submitted ✓ Detecting batch size...
2026-09-05T07:26:57.875Z [4d3616af-b581-4ca5-be22-8f60f7fc006d][bb1fc585-f087-407a-b043-49c06e320521] New tile(s) since submit: 0 → 4 (mounted=47)
2026-09-05T07:26:58.006Z [e929e47b-973f-4768-9f47-2240e836cc83][bb1fc585-f087-407a-b043-49c06e320521] Ref image 2/4: reusing library asset "Nessa Water Park Day.jpeg" (no re-upload).
2026-09-05T07:26:58.374Z [04b20ca0-9d89-42c4-8f57-78467b0a27e3][bb1fc585-f087-407a-b043-49c06e320521] Prompt insert attempt 1: editor has 2269 chars (want ~2316) ✓
2026-09-05T07:26:59.156Z [f9c044d9-d63f-4f26-b064-9177e369e74e][bb1fc585-f087-407a-b043-49c06e320521] Generating... 3 ready, 0 failed / 4 total (60s) image 99% [BỐI CẢNH]
2026-09-05T07:26:59.892Z [04b20ca0-9d89-42c4-8f57-78467b0a27e3][bb1fc585-f087-407a-b043-49c06e320521] Baseline: 47 pre-existing media tile(s) of 47 mounted (kinds: image,image,image,image,image,image,image,image,image,image,image,image,image,image,image,image,image,image,image,image,image,image,image,image,image,image,image,image,image,image,image,video,video,image,image,video,video,image,video,video,image,video,video,video,image,video,video).
2026-09-05T07:27:01.371Z [e929e47b-973f-4768-9f47-2240e836cc83][bb1fc585-f087-407a-b043-49c06e320521] Ref image 2/4: chips 1→2 ✓
2026-09-05T07:27:01.807Z [04b20ca0-9d89-42c4-8f57-78467b0a27e3][bb1fc585-f087-407a-b043-49c06e320521] [submit] confirmed (editor "What do you want to ", fresh tile=true).
2026-09-05T07:27:02.050Z [4d3616af-b581-4ca5-be22-8f60f7fc006d][bb1fc585-f087-407a-b043-49c06e320521] Batch size stabilised at 4 new tile(s)
2026-09-05T07:27:02.050Z [4d3616af-b581-4ca5-be22-8f60f7fc006d][bb1fc585-f087-407a-b043-49c06e320521] Batch detected: 4 item(s). Generating...
2026-09-05T07:27:02.051Z [4d3616af-b581-4ca5-be22-8f60f7fc006d][bb1fc585-f087-407a-b043-49c06e320521] Polling for 4 image item(s) (baseline=47, hasUpload=true)...
2026-09-05T07:27:02.064Z [4d3616af-b581-4ca5-be22-8f60f7fc006d][bb1fc585-f087-407a-b043-49c06e320521] Generating... 0 ready, 0 failed / 4 total (0s) image 34% [BỐI CẢNH] image 34% [BỐI CẢNH] image 34% [BỐI CẢNH] image 34% [BỐI CẢNH]
2026-09-05T07:27:02.181Z [f9c044d9-d63f-4f26-b064-9177e369e74e][bb1fc585-f087-407a-b043-49c06e320521] Generating... 3 ready, 0 failed / 4 total (63s) [BỐI CẢNH]Verdant Fa
2026-09-05T07:27:02.317Z [04b20ca0-9d89-42c4-8f57-78467b0a27e3][bb1fc585-f087-407a-b043-49c06e320521] Current Workspace project URL: https://flow.google.com/project/c2a607c5-d833-4be1-8108-407b74d4ed85?hl=en
2026-09-05T07:27:02.317Z [04b20ca0-9d89-42c4-8f57-78467b0a27e3][bb1fc585-f087-407a-b043-49c06e320521] Submitted ✓ Detecting batch size...
2026-09-05T07:27:02.339Z [04b20ca0-9d89-42c4-8f57-78467b0a27e3][bb1fc585-f087-407a-b043-49c06e320521] New tile(s) since submit: 0 → 4 (mounted=46)
2026-09-05T07:27:02.427Z [e929e47b-973f-4768-9f47-2240e836cc83][bb1fc585-f087-407a-b043-49c06e320521] Ref image 3/4: downloading from URL...
2026-09-05T07:27:02.934Z [e929e47b-973f-4768-9f47-2240e836cc83][bb1fc585-f087-407a-b043-49c06e320521] Ref image 3/4: saved 287414 bytes (image/jpeg) as "Verdant Water Park Dark Brown Rest Bench.jpeg"
2026-09-05T07:27:02.938Z [e929e47b-973f-4768-9f47-2240e836cc83][bb1fc585-f087-407a-b043-49c06e320521] Ref image 3/4: attaching reference image...
2026-09-05T07:27:05.083Z [4d3616af-b581-4ca5-be22-8f60f7fc006d][bb1fc585-f087-407a-b043-49c06e320521] Generating... 0 ready, 0 failed / 4 total (3s) image 54% [BỐI CẢNH] image 54% [BỐI CẢNH] image 54% [BỐI CẢNH] image 54% [BỐI CẢNH]
2026-09-05T07:27:05.135Z [e929e47b-973f-4768-9f47-2240e836cc83][bb1fc585-f087-407a-b043-49c06e320521] Ref image 3/4: reusing library asset "Verdant Water Park Dark Brown Rest Bench.jpeg" (no re-upload).
2026-09-05T07:27:05.209Z [f9c044d9-d63f-4f26-b064-9177e369e74e][bb1fc585-f087-407a-b043-49c06e320521] Generating... 4 ready, 0 failed / 4 total (66s)
2026-09-05T07:27:05.210Z [f9c044d9-d63f-4f26-b064-9177e369e74e][bb1fc585-f087-407a-b043-49c06e320521] Batch done: 4 ready (target 4), 0 failed, scanned 4.
2026-09-05T07:27:05.210Z [f9c044d9-d63f-4f26-b064-9177e369e74e][bb1fc585-f087-407a-b043-49c06e320521] 4 item(s) ready! Downloading...
2026-09-05T07:27:05.211Z [f9c044d9-d63f-4f26-b064-9177e369e74e][bb1fc585-f087-407a-b043-49c06e320521] Item 1: Downloading from URL https://flow-content.google/image/ff799cf5-4b0b-40e6-9c31-4a5be3a93dd5?Expires=1788614755&KeyName=labs-flow-prod-cdn-key&Signature=X55dlJzjei9wFexSnr7MjAJjoyQ
2026-09-05T07:27:05.504Z [f9c044d9-d63f-4f26-b064-9177e369e74e][bb1fc585-f087-407a-b043-49c06e320521] Downloaded 1/4: winai_2026-09-05T07-27-05_01.jpg
2026-09-05T07:27:05.504Z [f9c044d9-d63f-4f26-b064-9177e369e74e][bb1fc585-f087-407a-b043-49c06e320521] Item 2: Downloading from URL https://flow-content.google/image/eb9835a7-2ab6-495d-8fb9-22d867ab0bdb?Expires=1788614754&KeyName=labs-flow-prod-cdn-key&Signature=oYmmrGDzQD8LoG6zISheobZirAc
2026-09-05T07:27:05.598Z [f9c044d9-d63f-4f26-b064-9177e369e74e][bb1fc585-f087-407a-b043-49c06e320521] Downloaded 2/4: winai_2026-09-05T07-27-05_02.jpg
2026-09-05T07:27:05.599Z [f9c044d9-d63f-4f26-b064-9177e369e74e][bb1fc585-f087-407a-b043-49c06e320521] Item 3: Downloading from URL https://flow-content.google/image/471e64a2-6956-485f-951e-25442d8a09a4?Expires=1788614753&KeyName=labs-flow-prod-cdn-key&Signature=1PjVwPCWSrVKwPYD3Tkp-B5wzL0
2026-09-05T07:27:05.662Z [f9c044d9-d63f-4f26-b064-9177e369e74e][bb1fc585-f087-407a-b043-49c06e320521] Downloaded 3/4: winai_2026-09-05T07-27-05_03.jpg
2026-09-05T07:27:05.663Z [f9c044d9-d63f-4f26-b064-9177e369e74e][bb1fc585-f087-407a-b043-49c06e320521] Item 4: Downloading from URL https://flow-content.google/image/241a0eeb-1b77-4806-950e-6f2798d0a1b7?Expires=1788614753&KeyName=labs-flow-prod-cdn-key&Signature=Ez2KumgpHea6aKZF3UM4kOLJUqo
2026-09-05T07:27:05.727Z [f9c044d9-d63f-4f26-b064-9177e369e74e][bb1fc585-f087-407a-b043-49c06e320521] Downloaded 4/4: winai_2026-09-05T07-27-05_04.jpg
2026-09-05T07:27:05.727Z [f9c044d9-d63f-4f26-b064-9177e369e74e][bb1fc585-f087-407a-b043-49c06e320521] ✅ 4 item(s) saved to Downloads/Win AI Toolkit/
2026-09-05T07:27:06.017Z [f9c044d9-d63f-4f26-b064-9177e369e74e][bb1fc585-f087-407a-b043-49c06e320521] Item 2: Uploaded → https://studio.xanhmedia.vn/uploads/2026-09/1788593225718_135e0a_bb1fc585-f087-407a-b043-49c06e320521_f9c.jpg
2026-09-05T07:27:06.058Z [f9c044d9-d63f-4f26-b064-9177e369e74e][bb1fc585-f087-407a-b043-49c06e320521] Item 4: Uploaded → https://studio.xanhmedia.vn/uploads/2026-09/1788593225759_b2e232_bb1fc585-f087-407a-b043-49c06e320521_f9c.jpg
2026-09-05T07:27:06.086Z [f9c044d9-d63f-4f26-b064-9177e369e74e][bb1fc585-f087-407a-b043-49c06e320521] Item 3: Uploaded → https://studio.xanhmedia.vn/uploads/2026-09/1788593225783_d21643_bb1fc585-f087-407a-b043-49c06e320521_f9c.jpg
2026-09-05T07:27:06.093Z [f9c044d9-d63f-4f26-b064-9177e369e74e][bb1fc585-f087-407a-b043-49c06e320521] Item 1: Uploaded → https://studio.xanhmedia.vn/uploads/2026-09/1788593225783_958eca_bb1fc585-f087-407a-b043-49c06e320521_f9c.jpg
2026-09-05T07:27:06.095Z [f9c044d9-d63f-4f26-b064-9177e369e74e][bb1fc585-f087-407a-b043-49c06e320521] All done (including any 1080p upgrades). Closing Playwright browser context.
2026-09-05T07:27:06.471Z [04b20ca0-9d89-42c4-8f57-78467b0a27e3][bb1fc585-f087-407a-b043-49c06e320521] Batch size stabilised at 4 new tile(s)
2026-09-05T07:27:06.472Z [04b20ca0-9d89-42c4-8f57-78467b0a27e3][bb1fc585-f087-407a-b043-49c06e320521] Batch detected: 4 item(s). Generating...
2026-09-05T07:27:06.472Z [04b20ca0-9d89-42c4-8f57-78467b0a27e3][bb1fc585-f087-407a-b043-49c06e320521] Polling for 4 image item(s) (baseline=47, hasUpload=true)...
2026-09-05T07:27:06.483Z [04b20ca0-9d89-42c4-8f57-78467b0a27e3][bb1fc585-f087-407a-b043-49c06e320521] Generating... 0 ready, 0 failed / 4 total (0s) image 34% [BỐI CẢNH] image 34% [BỐI CẢNH] image 34% [BỐI CẢNH] image 34% [BỐI CẢNH]
2026-09-05T07:27:07.044Z [a97a8ee4-6654-41d1-9c8a-2d0d265c862f][bb1fc585-f087-407a-b043-49c06e320521] runGeneration starting: task_id=a97a8ee4-6654-41d1-9c8a-2d0d265c862f, profile_id=bb1fc585-f087-407a-b043-49c06e320521, target_site=google_flow
2026-09-05T07:27:07.045Z [a97a8ee4-6654-41d1-9c8a-2d0d265c862f][bb1fc585-f087-407a-b043-49c06e320521] Opening Playwright browser with persistent profile cookies...
2026-09-05T07:27:07.045Z [a97a8ee4-6654-41d1-9c8a-2d0d265c862f][bb1fc585-f087-407a-b043-49c06e320521] Browser engine: winhide (C:\Users\Admin\AppData\Roaming\com.tank.winai\winhide\chrome.exe) [hidden off-screen]
2026-09-05T07:27:07.045Z [a97a8ee4-6654-41d1-9c8a-2d0d265c862f][bb1fc585-f087-407a-b043-49c06e320521] Launch mode: STEALTH (raw spawn + connectOverCDP)
2026-09-05T07:27:08.120Z [4d3616af-b581-4ca5-be22-8f60f7fc006d][bb1fc585-f087-407a-b043-49c06e320521] Generating... 0 ready, 0 failed / 4 total (6s) image 74% [BỐI CẢNH] image 74% [BỐI CẢNH] image 74% [BỐI CẢNH] image 74% [BỐI CẢNH]
2026-09-05T07:27:08.377Z [e929e47b-973f-4768-9f47-2240e836cc83][bb1fc585-f087-407a-b043-49c06e320521] Ref image 3/4: chips 2→3 ✓
2026-09-05T07:27:08.905Z [a97a8ee4-6654-41d1-9c8a-2d0d265c862f][bb1fc585-f087-407a-b043-49c06e320521] Exit IP: 115.74.128.9
2026-09-05T07:27:08.905Z [a97a8ee4-6654-41d1-9c8a-2d0d265c862f][bb1fc585-f087-407a-b043-49c06e320521] Navigating browser to Google Flow tools page...
2026-09-05T07:27:08.906Z [a97a8ee4-6654-41d1-9c8a-2d0d265c862f][bb1fc585-f087-407a-b043-49c06e320521] Using existing project URL: https://flow.google.com/project/cae2bf2b-d1b8-40f9-a300-9f2aa6276ea5?hl=en
2026-09-05T07:27:09.493Z [04b20ca0-9d89-42c4-8f57-78467b0a27e3][bb1fc585-f087-407a-b043-49c06e320521] Generating... 0 ready, 0 failed / 4 total (3s) image 54% [BỐI CẢNH] image 54% [BỐI CẢNH] image 54% [BỐI CẢNH] image 54% [BỐI CẢNH]
2026-09-05T07:27:09.675Z [a97a8ee4-6654-41d1-9c8a-2d0d265c862f][bb1fc585-f087-407a-b043-49c06e320521] Waiting for Google Flow...
2026-09-05T07:27:10.007Z [e929e47b-973f-4768-9f47-2240e836cc83][bb1fc585-f087-407a-b043-49c06e320521] Ref image 4/4: downloading from URL...
2026-09-05T07:27:10.427Z [e929e47b-973f-4768-9f47-2240e836cc83][bb1fc585-f087-407a-b043-49c06e320521] Ref image 4/4: saved 926103 bytes (image/jpeg) as "Verdant Family Water Park Master.jpeg"
2026-09-05T07:27:10.435Z [e929e47b-973f-4768-9f47-2240e836cc83][bb1fc585-f087-407a-b043-49c06e320521] Ref image 4/4: attaching reference image...
2026-09-05T07:27:11.168Z [4d3616af-b581-4ca5-be22-8f60f7fc006d][bb1fc585-f087-407a-b043-49c06e320521] Generating... 0 ready, 0 failed / 4 total (9s) image 99% [BỐI CẢNH] image 99% [BỐI CẢNH] image 99% [BỐI CẢNH] image 94% [BỐI CẢNH]
2026-09-05T07:27:11.711Z [a97a8ee4-6654-41d1-9c8a-2d0d265c862f][bb1fc585-f087-407a-b043-49c06e320521] In existing project ✓
2026-09-05T07:27:12.489Z [e929e47b-973f-4768-9f47-2240e836cc83][bb1fc585-f087-407a-b043-49c06e320521] Ref image 4/4: reusing library asset "Verdant Family Water Park Master.jpeg" (no re-upload).
2026-09-05T07:27:12.518Z [04b20ca0-9d89-42c4-8f57-78467b0a27e3][bb1fc585-f087-407a-b043-49c06e320521] Generating... 0 ready, 0 failed / 4 total (6s) image 74% [BỐI CẢNH] image 74% [BỐI CẢNH] image 74% [BỐI CẢNH] image 74% [BỐI CẢNH]
2026-09-05T07:27:12.917Z [a97a8ee4-6654-41d1-9c8a-2d0d265c862f][bb1fc585-f087-407a-b043-49c06e320521] dismissPopups: unresolved overlay(s) ["IFRAME[presentation]|btns="]
2026-09-05T07:27:14.182Z [4d3616af-b581-4ca5-be22-8f60f7fc006d][bb1fc585-f087-407a-b043-49c06e320521] Generating... 0 ready, 0 failed / 4 total (12s) image 99% [BỐI CẢNH] image 99% [BỐI CẢNH] image 99% [BỐI CẢNH] image 99% [BỐI CẢNH]
2026-09-05T07:27:15.550Z [04b20ca0-9d89-42c4-8f57-78467b0a27e3][bb1fc585-f087-407a-b043-49c06e320521] Generating... 0 ready, 0 failed / 4 total (9s) image 94% [BỐI CẢNH] image 94% [BỐI CẢNH] image 94% [BỐI CẢNH] image 94% [BỐI CẢNH]
2026-09-05T07:27:15.798Z [e929e47b-973f-4768-9f47-2240e836cc83][bb1fc585-f087-407a-b043-49c06e320521] Ref image 4/4: chips 3→4 ✓
2026-09-05T07:27:15.808Z [e929e47b-973f-4768-9f47-2240e836cc83][bb1fc585-f087-407a-b043-49c06e320521] Entering prompt...
2026-09-05T07:27:16.908Z [a97a8ee4-6654-41d1-9c8a-2d0d265c862f][bb1fc585-f087-407a-b043-49c06e320521] Composer ready ✓ (UI language: en)
2026-09-05T07:27:16.987Z [a97a8ee4-6654-41d1-9c8a-2d0d265c862f][bb1fc585-f087-407a-b043-49c06e320521] dismissPopups: unresolved overlay(s) ["DIV[]|btns=","DIV[]|btns="]
2026-09-05T07:27:17.020Z [a97a8ee4-6654-41d1-9c8a-2d0d265c862f][bb1fc585-f087-407a-b043-49c06e320521] Agent toggle aria-pressed=false
2026-09-05T07:27:17.021Z [a97a8ee4-6654-41d1-9c8a-2d0d265c862f][bb1fc585-f087-407a-b043-49c06e320521] Opening settings...
2026-09-05T07:27:17.215Z [4d3616af-b581-4ca5-be22-8f60f7fc006d][bb1fc585-f087-407a-b043-49c06e320521] Generating... 0 ready, 0 failed / 4 total (15s) image 99% [BỐI CẢNH] image 99% [BỐI CẢNH] image 99% [BỐI CẢNH] image 99% [BỐI CẢNH]
2026-09-05T07:27:17.847Z [e929e47b-973f-4768-9f47-2240e836cc83][bb1fc585-f087-407a-b043-49c06e320521] Prompt is 2217 chars — typing it in 29 chunk(s).
2026-09-05T07:27:18.572Z [04b20ca0-9d89-42c4-8f57-78467b0a27e3][bb1fc585-f087-407a-b043-49c06e320521] Generating... 0 ready, 0 failed / 4 total (12s) image 99% [BỐI CẢNH] image 99% [BỐI CẢNH] image 99% [BỐI CẢNH] image 99% [BỐI CẢNH]
2026-09-05T07:27:18.897Z [a97a8ee4-6654-41d1-9c8a-2d0d265c862f][bb1fc585-f087-407a-b043-49c06e320521] Configuring image settings...
2026-09-05T07:27:20.236Z [4d3616af-b581-4ca5-be22-8f60f7fc006d][bb1fc585-f087-407a-b043-49c06e320521] Generating... 0 ready, 0 failed / 4 total (18s) image 99% [BỐI CẢNH] image 99% [BỐI CẢNH] image 99% [BỐI CẢNH] image 99% [BỐI CẢNH]
2026-09-05T07:27:20.909Z [a97a8ee4-6654-41d1-9c8a-2d0d265c862f][bb1fc585-f087-407a-b043-49c06e320521] Mode: selected "image Image" ✓
2026-09-05T07:27:21.588Z [04b20ca0-9d89-42c4-8f57-78467b0a27e3][bb1fc585-f087-407a-b043-49c06e320521] Generating... 0 ready, 0 failed / 4 total (15s) image 99% [BỐI CẢNH] image 99% [BỐI CẢNH] image 99% [BỐI CẢNH] image 99% [BỐI CẢNH]
2026-09-05T07:27:23.257Z [4d3616af-b581-4ca5-be22-8f60f7fc006d][bb1fc585-f087-407a-b043-49c06e320521] Generating... 0 ready, 0 failed / 4 total (21s) image 99% [BỐI CẢNH] image 99% [BỐI CẢNH] image 99% [BỐI CẢNH] image 99% [BỐI CẢNH]
2026-09-05T07:27:24.603Z [04b20ca0-9d89-42c4-8f57-78467b0a27e3][bb1fc585-f087-407a-b043-49c06e320521] Generating... 0 ready, 0 failed / 4 total (18s) image 99% [BỐI CẢNH] image 99% [BỐI CẢNH] image 99% [BỐI CẢNH] image 99% [BỐI CẢNH]
2026-09-05T07:27:25.914Z [a97a8ee4-6654-41d1-9c8a-2d0d265c862f][bb1fc585-f087-407a-b043-49c06e320521] Model: selected "🍌 Nano Banana 2" ✓
2026-09-05T07:27:26.286Z [4d3616af-b581-4ca5-be22-8f60f7fc006d][bb1fc585-f087-407a-b043-49c06e320521] Generating... 0 ready, 0 failed / 4 total (24s) image 99% [BỐI CẢNH] image 99% [BỐI CẢNH] image 99% [BỐI CẢNH] image 99% [BỐI CẢNH]
2026-09-05T07:27:26.736Z [a97a8ee4-6654-41d1-9c8a-2d0d265c862f][bb1fc585-f087-407a-b043-49c06e320521] Aspect ratio: "crop_16_9 16:9" already selected ✓
2026-09-05T07:27:27.632Z [04b20ca0-9d89-42c4-8f57-78467b0a27e3][bb1fc585-f087-407a-b043-49c06e320521] Generating... 0 ready, 0 failed / 4 total (21s) image 99% [BỐI CẢNH] image 99% [BỐI CẢNH] image 99% [BỐI CẢNH] image 99% [BỐI CẢNH]
2026-09-05T07:27:28.245Z [a97a8ee4-6654-41d1-9c8a-2d0d265c862f][bb1fc585-f087-407a-b043-49c06e320521] Output count: selected "x4" ✓
2026-09-05T07:27:29.166Z [a97a8ee4-6654-41d1-9c8a-2d0d265c862f][bb1fc585-f087-407a-b043-49c06e320521] Ref image 1/6: downloading from URL...
2026-09-05T07:27:29.310Z [4d3616af-b581-4ca5-be22-8f60f7fc006d][bb1fc585-f087-407a-b043-49c06e320521] Generating... 0 ready, 0 failed / 4 total (27s) image 99% [BỐI CẢNH] image 99% [BỐI CẢNH] image 99% [BỐI CẢNH] image 99% [BỐI CẢNH]
2026-09-05T07:27:29.354Z [a97a8ee4-6654-41d1-9c8a-2d0d265c862f][bb1fc585-f087-407a-b043-49c06e320521] Downloader: no-proxy request context ready.
2026-09-05T07:27:30.339Z [a97a8ee4-6654-41d1-9c8a-2d0d265c862f][bb1fc585-f087-407a-b043-49c06e320521] Ref image 1/6: saved 653843 bytes (image/jpeg) as "Graham Water Park Day.jpeg"
2026-09-05T07:27:30.342Z [a97a8ee4-6654-41d1-9c8a-2d0d265c862f][bb1fc585-f087-407a-b043-49c06e320521] Ref image 1/6: attaching reference image...
2026-09-05T07:27:30.524Z [e929e47b-973f-4768-9f47-2240e836cc83][bb1fc585-f087-407a-b043-49c06e320521] Prompt insert attempt 1: editor has 2166 chars (want ~2210) ✓
2026-09-05T07:27:30.653Z [04b20ca0-9d89-42c4-8f57-78467b0a27e3][bb1fc585-f087-407a-b043-49c06e320521] Generating... 0 ready, 0 failed / 4 total (24s) image 99% [BỐI CẢNH] image 99% [BỐI CẢNH] image 99% [BỐI CẢNH] image 99% [BỐI CẢNH]
2026-09-05T07:27:32.327Z [4d3616af-b581-4ca5-be22-8f60f7fc006d][bb1fc585-f087-407a-b043-49c06e320521] Generating... 0 ready, 0 failed / 4 total (30s) image 99% [BỐI CẢNH] image 99% [BỐI CẢNH] image 99% [BỐI CẢNH] image 99% [BỐI CẢNH]
2026-09-05T07:27:32.456Z [e929e47b-973f-4768-9f47-2240e836cc83][bb1fc585-f087-407a-b043-49c06e320521] Baseline: 49 pre-existing media tile(s) of 49 mounted (kinds: image,image,image,image,image,image,image,image,image,image,image,image,image,image,image,image,image,image,image,image,image,image,image,image,image,image,image,image,image,image,image,image,image,image,video,video,image,video,video,video,video,video,video,image,video,video,image,video,video).
2026-09-05T07:27:32.708Z [a97a8ee4-6654-41d1-9c8a-2d0d265c862f][bb1fc585-f087-407a-b043-49c06e320521] Ref image 1/6: reusing library asset "Graham Water Park Day.jpeg" (no re-upload).
2026-09-05T07:27:33.674Z [04b20ca0-9d89-42c4-8f57-78467b0a27e3][bb1fc585-f087-407a-b043-49c06e320521] Generating... 0 ready, 0 failed / 4 total (27s) image 99% [BỐI CẢNH] image 99% [BỐI CẢNH] image 99% [BỐI CẢNH] image 99% [BỐI CẢNH]
2026-09-05T07:27:34.715Z [e929e47b-973f-4768-9f47-2240e836cc83][bb1fc585-f087-407a-b043-49c06e320521] [submit] confirmed (editor "What do you want to ", fresh tile=true).
2026-09-05T07:27:35.349Z [4d3616af-b581-4ca5-be22-8f60f7fc006d][bb1fc585-f087-407a-b043-49c06e320521] Generating... 0 ready, 0 failed / 4 total (33s) image 99% [BỐI CẢNH] image 99% [BỐI CẢNH] image 99% [BỐI CẢNH] image 99% [BỐI CẢNH]
2026-09-05T07:27:35.415Z [e929e47b-973f-4768-9f47-2240e836cc83][bb1fc585-f087-407a-b043-49c06e320521] Current Workspace project URL: https://flow.google.com/project/cd81a7d3-c989-419e-891a-f8694174cb85?hl=en
2026-09-05T07:27:35.416Z [e929e47b-973f-4768-9f47-2240e836cc83][bb1fc585-f087-407a-b043-49c06e320521] Submitted ✓ Detecting batch size...
2026-09-05T07:27:35.430Z [e929e47b-973f-4768-9f47-2240e836cc83][bb1fc585-f087-407a-b043-49c06e320521] New tile(s) since submit: 0 → 4 (mounted=48)
2026-09-05T07:27:35.743Z [a97a8ee4-6654-41d1-9c8a-2d0d265c862f][bb1fc585-f087-407a-b043-49c06e320521] Ref image 1/6: chips 0→1 ✓
2026-09-05T07:27:36.699Z [04b20ca0-9d89-42c4-8f57-78467b0a27e3][bb1fc585-f087-407a-b043-49c06e320521] Generating... 0 ready, 0 failed / 4 total (30s) image 99% [BỐI CẢNH] image 99% [BỐI CẢNH] image 99% [BỐI CẢNH] image 99% [BỐI CẢNH]
2026-09-05T07:27:37.369Z [a97a8ee4-6654-41d1-9c8a-2d0d265c862f][bb1fc585-f087-407a-b043-49c06e320521] Ref image 2/6: downloading from URL...
2026-09-05T07:27:37.823Z [a97a8ee4-6654-41d1-9c8a-2d0d265c862f][bb1fc585-f087-407a-b043-49c06e320521] Ref image 2/6: saved 628888 bytes (image/jpeg) as "Nessa Water Park Day.jpeg"
2026-09-05T07:27:37.827Z [a97a8ee4-6654-41d1-9c8a-2d0d265c862f][bb1fc585-f087-407a-b043-49c06e320521] Ref image 2/6: attaching reference image...
2026-09-05T07:27:38.365Z [4d3616af-b581-4ca5-be22-8f60f7fc006d][bb1fc585-f087-407a-b043-49c06e320521] Generating... 0 ready, 0 failed / 4 total (36s) image 99% [BỐI CẢNH] image 100% [BỐI CẢNH image 99% [BỐI CẢNH] image 99% [BỐI CẢNH]
2026-09-05T07:27:39.575Z [e929e47b-973f-4768-9f47-2240e836cc83][bb1fc585-f087-407a-b043-49c06e320521] Batch size stabilised at 4 new tile(s)
2026-09-05T07:27:39.575Z [e929e47b-973f-4768-9f47-2240e836cc83][bb1fc585-f087-407a-b043-49c06e320521] Batch detected: 4 item(s). Generating...
2026-09-05T07:27:39.575Z [e929e47b-973f-4768-9f47-2240e836cc83][bb1fc585-f087-407a-b043-49c06e320521] Polling for 4 image item(s) (baseline=49, hasUpload=true)...
2026-09-05T07:27:39.592Z [e929e47b-973f-4768-9f47-2240e836cc83][bb1fc585-f087-407a-b043-49c06e320521] Generating... 0 ready, 0 failed / 4 total (0s) image 34% [BỐI CẢNH] image 34% [BỐI CẢNH] image 34% [BỐI CẢNH] image 34% [BỐI CẢNH]
2026-09-05T07:27:39.731Z [04b20ca0-9d89-42c4-8f57-78467b0a27e3][bb1fc585-f087-407a-b043-49c06e320521] Generating... 0 ready, 0 failed / 4 total (33s) image 99% [BỐI CẢNH] image 99% [BỐI CẢNH] image 99% [BỐI CẢNH] image 99% [BỐI CẢNH]
2026-09-05T07:27:39.920Z [a97a8ee4-6654-41d1-9c8a-2d0d265c862f][bb1fc585-f087-407a-b043-49c06e320521] Ref image 2/6: reusing library asset "Nessa Water Park Day.jpeg" (no re-upload).
2026-09-05T07:27:41.390Z [4d3616af-b581-4ca5-be22-8f60f7fc006d][bb1fc585-f087-407a-b043-49c06e320521] Generating... 1 ready, 0 failed / 4 total (39s) image 99% [BỐI CẢNH] image 99% [BỐI CẢNH] [BỐI CẢNH]Verdant Fa
2026-09-05T07:27:42.616Z [e929e47b-973f-4768-9f47-2240e836cc83][bb1fc585-f087-407a-b043-49c06e320521] Generating... 0 ready, 0 failed / 4 total (3s) image 54% [BỐI CẢNH] image 54% [BỐI CẢNH] image 54% [BỐI CẢNH] image 54% [BỐI CẢNH]
2026-09-05T07:27:42.758Z [04b20ca0-9d89-42c4-8f57-78467b0a27e3][bb1fc585-f087-407a-b043-49c06e320521] Generating... 0 ready, 0 failed / 4 total (36s) image 99% [BỐI CẢNH] image 99% [BỐI CẢNH] image 99% [BỐI CẢNH] image 99% [BỐI CẢNH]
2026-09-05T07:27:43.129Z [a97a8ee4-6654-41d1-9c8a-2d0d265c862f][bb1fc585-f087-407a-b043-49c06e320521] Ref image 2/6: chips 1→2 ✓
2026-09-05T07:27:44.372Z [a97a8ee4-6654-41d1-9c8a-2d0d265c862f][bb1fc585-f087-407a-b043-49c06e320521] Ref image 3/6: downloading from URL...
2026-09-05T07:27:44.407Z [4d3616af-b581-4ca5-be22-8f60f7fc006d][bb1fc585-f087-407a-b043-49c06e320521] Generating... 2 ready, 0 failed / 4 total (42s) image 99% [BỐI CẢNH] image 99% [BỐI CẢNH]
2026-09-05T07:27:44.996Z [a97a8ee4-6654-41d1-9c8a-2d0d265c862f][bb1fc585-f087-407a-b043-49c06e320521] Ref image 3/6: saved 468314 bytes (image/jpeg) as "Arlo Water Park Day.jpeg"
2026-09-05T07:27:45.003Z [a97a8ee4-6654-41d1-9c8a-2d0d265c862f][bb1fc585-f087-407a-b043-49c06e320521] Ref image 3/6: attaching reference image...
2026-09-05T07:27:45.639Z [e929e47b-973f-4768-9f47-2240e836cc83][bb1fc585-f087-407a-b043-49c06e320521] Generating... 0 ready, 0 failed / 4 total (6s) image 74% [BỐI CẢNH] image 74% [BỐI CẢNH] image 74% [BỐI CẢNH] image 74% [BỐI CẢNH]
2026-09-05T07:27:45.778Z [04b20ca0-9d89-42c4-8f57-78467b0a27e3][bb1fc585-f087-407a-b043-49c06e320521] Generating... 0 ready, 0 failed / 4 total (39s) [BỐI CẢNH]Verdant Fa image 99% [BỐI CẢNH] image 99% [BỐI CẢNH] image 99% [BỐI CẢNH]
2026-09-05T07:27:47.047Z [a97a8ee4-6654-41d1-9c8a-2d0d265c862f][bb1fc585-f087-407a-b043-49c06e320521] Ref image 3/6: reusing library asset "Arlo Water Park Day.jpeg" (no re-upload).
2026-09-05T07:27:47.428Z [4d3616af-b581-4ca5-be22-8f60f7fc006d][bb1fc585-f087-407a-b043-49c06e320521] Generating... 2 ready, 0 failed / 4 total (45s) image 99% [BỐI CẢNH] [BỐI CẢNH]Verdant Fa
2026-09-05T07:27:48.661Z [e929e47b-973f-4768-9f47-2240e836cc83][bb1fc585-f087-407a-b043-49c06e320521] Generating... 0 ready, 0 failed / 4 total (9s) image 94% [BỐI CẢNH] image 94% [BỐI CẢNH] image 94% [BỐI CẢNH] image 94% [BỐI CẢNH]
2026-09-05T07:27:48.801Z [04b20ca0-9d89-42c4-8f57-78467b0a27e3][bb1fc585-f087-407a-b043-49c06e320521] Generating... 1 ready, 0 failed / 4 total (42s) image 99% [BỐI CẢNH] [BỐI CẢNH]Verdant Fa image 99% [BỐI CẢNH]
2026-09-05T07:27:50.444Z [4d3616af-b581-4ca5-be22-8f60f7fc006d][bb1fc585-f087-407a-b043-49c06e320521] Generating... 3 ready, 0 failed / 4 total (48s) image 99% [BỐI CẢNH]
2026-09-05T07:27:50.508Z [a97a8ee4-6654-41d1-9c8a-2d0d265c862f][bb1fc585-f087-407a-b043-49c06e320521] Ref image 3/6: chips 2→3 ✓
2026-09-05T07:27:51.685Z [e929e47b-973f-4768-9f47-2240e836cc83][bb1fc585-f087-407a-b043-49c06e320521] Generating... 0 ready, 0 failed / 4 total (12s) image 99% [BỐI CẢNH] image 99% [BỐI CẢNH] image 99% [BỐI CẢNH] image 99% [BỐI CẢNH]
2026-09-05T07:27:51.828Z [04b20ca0-9d89-42c4-8f57-78467b0a27e3][bb1fc585-f087-407a-b043-49c06e320521] Generating... 2 ready, 0 failed / 4 total (45s) image 99% [BỐI CẢNH] image 99% [BỐI CẢNH]
2026-09-05T07:27:52.190Z [a97a8ee4-6654-41d1-9c8a-2d0d265c862f][bb1fc585-f087-407a-b043-49c06e320521] Ref image 4/6: downloading from URL...
2026-09-05T07:27:52.780Z [a97a8ee4-6654-41d1-9c8a-2d0d265c862f][bb1fc585-f087-407a-b043-49c06e320521] Ref image 4/6: saved 549605 bytes (image/jpeg) as "Elara Water Park Day.jpeg"
2026-09-05T07:27:52.787Z [a97a8ee4-6654-41d1-9c8a-2d0d265c862f][bb1fc585-f087-407a-b043-49c06e320521] Ref image 4/6: attaching reference image...
2026-09-05T07:27:53.477Z [4d3616af-b581-4ca5-be22-8f60f7fc006d][bb1fc585-f087-407a-b043-49c06e320521] Generating... 3 ready, 0 failed / 4 total (51s) image 99% [BỐI CẢNH]
2026-09-05T07:27:54.703Z [e929e47b-973f-4768-9f47-2240e836cc83][bb1fc585-f087-407a-b043-49c06e320521] Generating... 0 ready, 0 failed / 4 total (15s) image 99% [BỐI CẢNH] image 99% [BỐI CẢNH] image 99% [BỐI CẢNH] image 99% [BỐI CẢNH]
2026-09-05T07:27:54.842Z [04b20ca0-9d89-42c4-8f57-78467b0a27e3][bb1fc585-f087-407a-b043-49c06e320521] Generating... 2 ready, 0 failed / 4 total (48s) image 99% [BỐI CẢNH] image 99% [BỐI CẢNH]
2026-09-05T07:27:54.887Z [a97a8ee4-6654-41d1-9c8a-2d0d265c862f][bb1fc585-f087-407a-b043-49c06e320521] Ref image 4/6: reusing library asset "Elara Water Park Day.jpeg" (no re-upload).
2026-09-05T07:27:56.493Z [4d3616af-b581-4ca5-be22-8f60f7fc006d][bb1fc585-f087-407a-b043-49c06e320521] Generating... 3 ready, 0 failed / 4 total (54s) image 99% [BỐI CẢNH]
2026-09-05T07:27:57.723Z [e929e47b-973f-4768-9f47-2240e836cc83][bb1fc585-f087-407a-b043-49c06e320521] Generating... 0 ready, 0 failed / 4 total (18s) image 99% [BỐI CẢNH] image 99% [BỐI CẢNH] image 99% [BỐI CẢNH] image 99% [BỐI CẢNH]
2026-09-05T07:27:57.857Z [04b20ca0-9d89-42c4-8f57-78467b0a27e3][bb1fc585-f087-407a-b043-49c06e320521] Generating... 2 ready, 0 failed / 4 total (51s) image 99% [BỐI CẢNH] image 100% [BỐI CẢNH
2026-09-05T07:27:58.474Z [a97a8ee4-6654-41d1-9c8a-2d0d265c862f][bb1fc585-f087-407a-b043-49c06e320521] Ref image 4/6: chips 3→4 ✓
2026-09-05T07:27:59.508Z [4d3616af-b581-4ca5-be22-8f60f7fc006d][bb1fc585-f087-407a-b043-49c06e320521] Generating... 3 ready, 0 failed / 4 total (57s) [BỐI CẢNH]Verdant Fa
2026-09-05T07:27:59.610Z [a97a8ee4-6654-41d1-9c8a-2d0d265c862f][bb1fc585-f087-407a-b043-49c06e320521] Ref image 5/6: downloading from URL...
2026-09-05T07:28:00.016Z [a97a8ee4-6654-41d1-9c8a-2d0d265c862f][bb1fc585-f087-407a-b043-49c06e320521] Ref image 5/6: saved 289545 bytes (image/jpeg) as "Graham Family Smartphone.jpeg"
2026-09-05T07:28:00.022Z [a97a8ee4-6654-41d1-9c8a-2d0d265c862f][bb1fc585-f087-407a-b043-49c06e320521] Ref image 5/6: attaching reference image...
2026-09-05T07:28:00.738Z [e929e47b-973f-4768-9f47-2240e836cc83][bb1fc585-f087-407a-b043-49c06e320521] Generating... 0 ready, 0 failed / 4 total (21s) image 99% [BỐI CẢNH] image 99% [BỐI CẢNH] image 99% [BỐI CẢNH] image 99% [BỐI CẢNH]
2026-09-05T07:28:00.877Z [04b20ca0-9d89-42c4-8f57-78467b0a27e3][bb1fc585-f087-407a-b043-49c06e320521] Generating... 2 ready, 0 failed / 4 total (54s) image 99% [BỐI CẢNH] [BỐI CẢNH]Verdant Fa
2026-09-05T07:28:01.847Z [a97a8ee4-6654-41d1-9c8a-2d0d265c862f][bb1fc585-f087-407a-b043-49c06e320521] Ref image 5/6: "Graham Family Smartphone.jpeg" not in the library yet — uploading it first.
2026-09-05T07:28:02.527Z [4d3616af-b581-4ca5-be22-8f60f7fc006d][bb1fc585-f087-407a-b043-49c06e320521] Generating... 4 ready, 0 failed / 4 total (60s)
2026-09-05T07:28:02.528Z [4d3616af-b581-4ca5-be22-8f60f7fc006d][bb1fc585-f087-407a-b043-49c06e320521] Batch done: 4 ready (target 4), 0 failed, scanned 4.
2026-09-05T07:28:02.528Z [4d3616af-b581-4ca5-be22-8f60f7fc006d][bb1fc585-f087-407a-b043-49c06e320521] 4 item(s) ready! Downloading...
2026-09-05T07:28:02.530Z [4d3616af-b581-4ca5-be22-8f60f7fc006d][bb1fc585-f087-407a-b043-49c06e320521] Item 1: Downloading from URL https://flow-content.google/image/8269d59a-cbb0-49c3-b6c3-b5c30a3090cc?Expires=1788614819&KeyName=labs-flow-prod-cdn-key&Signature=5CitK7DjUBZMW1YLvRTG8iJ5XPI
2026-09-05T07:28:02.857Z [4d3616af-b581-4ca5-be22-8f60f7fc006d][bb1fc585-f087-407a-b043-49c06e320521] Downloaded 1/4: winai_2026-09-05T07-28-02_01.jpg
2026-09-05T07:28:02.858Z [4d3616af-b581-4ca5-be22-8f60f7fc006d][bb1fc585-f087-407a-b043-49c06e320521] Item 2: Downloading from URL https://flow-content.google/image/7534126a-2112-4995-bbce-89554bf180cd?Expires=1788614818&KeyName=labs-flow-prod-cdn-key&Signature=Dup2mC7Z0rDxajh_SknSKVd8u3Y
2026-09-05T07:28:02.956Z [4d3616af-b581-4ca5-be22-8f60f7fc006d][bb1fc585-f087-407a-b043-49c06e320521] Downloaded 2/4: winai_2026-09-05T07-28-02_02.jpg
2026-09-05T07:28:02.957Z [4d3616af-b581-4ca5-be22-8f60f7fc006d][bb1fc585-f087-407a-b043-49c06e320521] Item 3: Downloading from URL https://flow-content.google/image/ef81559c-49a7-44b0-9c3d-a624d529fc11?Expires=1788614817&KeyName=labs-flow-prod-cdn-key&Signature=v33HXzsIHpQf--dt2iEwmsdecWE
2026-09-05T07:28:03.029Z [4d3616af-b581-4ca5-be22-8f60f7fc006d][bb1fc585-f087-407a-b043-49c06e320521] Downloaded 3/4: winai_2026-09-05T07-28-02_03.jpg
2026-09-05T07:28:03.029Z [4d3616af-b581-4ca5-be22-8f60f7fc006d][bb1fc585-f087-407a-b043-49c06e320521] Item 4: Downloading from URL https://flow-content.google/image/fe8bc750-48ba-4c3d-baed-628e5398a6e4?Expires=1788614816&KeyName=labs-flow-prod-cdn-key&Signature=8grgVZH3CDPhPG_2O_iFcA7EyI0
2026-09-05T07:28:03.097Z [4d3616af-b581-4ca5-be22-8f60f7fc006d][bb1fc585-f087-407a-b043-49c06e320521] Downloaded 4/4: winai_2026-09-05T07-28-02_04.jpg
2026-09-05T07:28:03.098Z [4d3616af-b581-4ca5-be22-8f60f7fc006d][bb1fc585-f087-407a-b043-49c06e320521] ✅ 4 item(s) saved to Downloads/Win AI Toolkit/
2026-09-05T07:28:03.395Z [4d3616af-b581-4ca5-be22-8f60f7fc006d][bb1fc585-f087-407a-b043-49c06e320521] Item 4: Uploaded → https://studio.xanhmedia.vn/uploads/2026-09/1788593283096_a30fca_bb1fc585-f087-407a-b043-49c06e320521_4d3.jpg
2026-09-05T07:28:03.428Z [4d3616af-b581-4ca5-be22-8f60f7fc006d][bb1fc585-f087-407a-b043-49c06e320521] Item 1: Uploaded → https://studio.xanhmedia.vn/uploads/2026-09/1788593283124_f9560d_bb1fc585-f087-407a-b043-49c06e320521_4d3.jpg
2026-09-05T07:28:03.437Z [4d3616af-b581-4ca5-be22-8f60f7fc006d][bb1fc585-f087-407a-b043-49c06e320521] Item 3: Uploaded → https://studio.xanhmedia.vn/uploads/2026-09/1788593283131_8b7c40_bb1fc585-f087-407a-b043-49c06e320521_4d3.jpg
2026-09-05T07:28:03.445Z [4d3616af-b581-4ca5-be22-8f60f7fc006d][bb1fc585-f087-407a-b043-49c06e320521] Item 2: Uploaded → https://studio.xanhmedia.vn/uploads/2026-09/1788593283138_67df7b_bb1fc585-f087-407a-b043-49c06e320521_4d3.jpg
2026-09-05T07:28:03.448Z [4d3616af-b581-4ca5-be22-8f60f7fc006d][bb1fc585-f087-407a-b043-49c06e320521] All done (including any 1080p upgrades). Closing Playwright browser context.
2026-09-05T07:28:03.755Z [e929e47b-973f-4768-9f47-2240e836cc83][bb1fc585-f087-407a-b043-49c06e320521] Generating... 0 ready, 0 failed / 4 total (24s) image 99% [BỐI CẢNH] image 99% [BỐI CẢNH] image 99% [BỐI CẢNH] image 99% [BỐI CẢNH]
2026-09-05T07:28:03.892Z [04b20ca0-9d89-42c4-8f57-78467b0a27e3][bb1fc585-f087-407a-b043-49c06e320521] Generating... 3 ready, 0 failed / 4 total (57s) [BỐI CẢNH]Verdant Fa
2026-09-05T07:28:04.224Z [cd8fb2bb-eb56-45ff-98f8-4e240fa081b1][bb1fc585-f087-407a-b043-49c06e320521] runGeneration starting: task_id=cd8fb2bb-eb56-45ff-98f8-4e240fa081b1, profile_id=bb1fc585-f087-407a-b043-49c06e320521, target_site=google_flow
2026-09-05T07:28:04.225Z [cd8fb2bb-eb56-45ff-98f8-4e240fa081b1][bb1fc585-f087-407a-b043-49c06e320521] Opening Playwright browser with persistent profile cookies...
2026-09-05T07:28:04.225Z [cd8fb2bb-eb56-45ff-98f8-4e240fa081b1][bb1fc585-f087-407a-b043-49c06e320521] Browser engine: winhide (C:\Users\Admin\AppData\Roaming\com.tank.winai\winhide\chrome.exe) [hidden off-screen]
2026-09-05T07:28:04.226Z [cd8fb2bb-eb56-45ff-98f8-4e240fa081b1][bb1fc585-f087-407a-b043-49c06e320521] Launch mode: STEALTH (raw spawn + connectOverCDP)
2026-09-05T07:28:05.700Z [cd8fb2bb-eb56-45ff-98f8-4e240fa081b1][bb1fc585-f087-407a-b043-49c06e320521] Exit IP: 115.74.128.9
2026-09-05T07:28:05.700Z [cd8fb2bb-eb56-45ff-98f8-4e240fa081b1][bb1fc585-f087-407a-b043-49c06e320521] Navigating browser to Google Flow tools page...
2026-09-05T07:28:05.701Z [cd8fb2bb-eb56-45ff-98f8-4e240fa081b1][bb1fc585-f087-407a-b043-49c06e320521] Using existing project URL: https://flow.google.com/project/33ca2cc2-c9ff-4bb6-9048-2a7af1dfcfee?hl=en
2026-09-05T07:28:05.712Z [a97a8ee4-6654-41d1-9c8a-2d0d265c862f][bb1fc585-f087-407a-b043-49c06e320521] Ref image 5/6: uploading "Graham Family Smartphone.jpeg" to the project library...
2026-09-05T07:28:06.672Z [cd8fb2bb-eb56-45ff-98f8-4e240fa081b1][bb1fc585-f087-407a-b043-49c06e320521] Waiting for Google Flow...
2026-09-05T07:28:06.782Z [e929e47b-973f-4768-9f47-2240e836cc83][bb1fc585-f087-407a-b043-49c06e320521] Generating... 0 ready, 0 failed / 4 total (27s) image 99% [BỐI CẢNH] image 99% [BỐI CẢNH] image 99% [BỐI CẢNH] image 99% [BỐI CẢNH]
2026-09-05T07:28:06.910Z [04b20ca0-9d89-42c4-8f57-78467b0a27e3][bb1fc585-f087-407a-b043-49c06e320521] Generating... 4 ready, 0 failed / 4 total (60s)
2026-09-05T07:28:06.910Z [04b20ca0-9d89-42c4-8f57-78467b0a27e3][bb1fc585-f087-407a-b043-49c06e320521] Batch done: 4 ready (target 4), 0 failed, scanned 4.
2026-09-05T07:28:06.911Z [04b20ca0-9d89-42c4-8f57-78467b0a27e3][bb1fc585-f087-407a-b043-49c06e320521] 4 item(s) ready! Downloading...
2026-09-05T07:28:06.912Z [04b20ca0-9d89-42c4-8f57-78467b0a27e3][bb1fc585-f087-407a-b043-49c06e320521] Item 1: Downloading from URL https://flow-content.google/image/9f781296-e0cd-4da5-9b21-e33cf7a36b6c?Expires=1788614824&KeyName=labs-flow-prod-cdn-key&Signature=pFyV6Q2FWAWeQdg2hzKzfrgTKtQ
2026-09-05T07:28:06.978Z [a97a8ee4-6654-41d1-9c8a-2d0d265c862f][bb1fc585-f087-407a-b043-49c06e320521] Ref image 5/6: upload finished ✓
2026-09-05T07:28:07.427Z [04b20ca0-9d89-42c4-8f57-78467b0a27e3][bb1fc585-f087-407a-b043-49c06e320521] Downloaded 1/4: winai_2026-09-05T07-28-06_01.jpg
2026-09-05T07:28:07.427Z [04b20ca0-9d89-42c4-8f57-78467b0a27e3][bb1fc585-f087-407a-b043-49c06e320521] Item 2: Downloading from URL https://flow-content.google/image/8d84a13e-66b6-4b59-97ae-b4c5bec3a46d?Expires=1788614823&KeyName=labs-flow-prod-cdn-key&Signature=3nXRsypO-tBN6elcSwajAH-zVB4
2026-09-05T07:28:07.559Z [04b20ca0-9d89-42c4-8f57-78467b0a27e3][bb1fc585-f087-407a-b043-49c06e320521] Downloaded 2/4: winai_2026-09-05T07-28-06_02.jpg
2026-09-05T07:28:07.559Z [04b20ca0-9d89-42c4-8f57-78467b0a27e3][bb1fc585-f087-407a-b043-49c06e320521] Item 3: Downloading from URL https://flow-content.google/image/d1a2564c-0157-4da0-8d71-318a4c60c84d?Expires=1788614822&KeyName=labs-flow-prod-cdn-key&Signature=alCJdkZ9OICWbUkYCk_IX4VRwRE
2026-09-05T07:28:07.701Z [04b20ca0-9d89-42c4-8f57-78467b0a27e3][bb1fc585-f087-407a-b043-49c06e320521] Downloaded 3/4: winai_2026-09-05T07-28-06_03.jpg
2026-09-05T07:28:07.702Z [04b20ca0-9d89-42c4-8f57-78467b0a27e3][bb1fc585-f087-407a-b043-49c06e320521] Item 4: Downloading from URL https://flow-content.google/image/8cc2ab07-f309-4933-80f3-22134094b8a4?Expires=1788614821&KeyName=labs-flow-prod-cdn-key&Signature=tK0QbRDPLVFN_upew8MxvQxzaQw
2026-09-05T07:28:07.828Z [04b20ca0-9d89-42c4-8f57-78467b0a27e3][bb1fc585-f087-407a-b043-49c06e320521] Downloaded 4/4: winai_2026-09-05T07-28-06_04.jpg
2026-09-05T07:28:07.828Z [04b20ca0-9d89-42c4-8f57-78467b0a27e3][bb1fc585-f087-407a-b043-49c06e320521] ✅ 4 item(s) saved to Downloads/Win AI Toolkit/
2026-09-05T07:28:08.142Z [04b20ca0-9d89-42c4-8f57-78467b0a27e3][bb1fc585-f087-407a-b043-49c06e320521] Item 1: Uploaded → https://studio.xanhmedia.vn/uploads/2026-09/1788593287835_b95925_bb1fc585-f087-407a-b043-49c06e320521_04b.jpg
2026-09-05T07:28:08.155Z [04b20ca0-9d89-42c4-8f57-78467b0a27e3][bb1fc585-f087-407a-b043-49c06e320521] Item 4: Uploaded → https://studio.xanhmedia.vn/uploads/2026-09/1788593287847_cf8bf6_bb1fc585-f087-407a-b043-49c06e320521_04b.jpg
2026-09-05T07:28:08.198Z [04b20ca0-9d89-42c4-8f57-78467b0a27e3][bb1fc585-f087-407a-b043-49c06e320521] Item 2: Uploaded → https://studio.xanhmedia.vn/uploads/2026-09/1788593287887_7661ad_bb1fc585-f087-407a-b043-49c06e320521_04b.jpg
2026-09-05T07:28:08.294Z [04b20ca0-9d89-42c4-8f57-78467b0a27e3][bb1fc585-f087-407a-b043-49c06e320521] Item 3: Uploaded → https://studio.xanhmedia.vn/uploads/2026-09/1788593287987_9ad5a1_bb1fc585-f087-407a-b043-49c06e320521_04b.jpg
2026-09-05T07:28:08.295Z [04b20ca0-9d89-42c4-8f57-78467b0a27e3][bb1fc585-f087-407a-b043-49c06e320521] All done (including any 1080p upgrades). Closing Playwright browser context.
2026-09-05T07:28:08.724Z [277492c4-1bab-40e2-8b42-55c218744331][bb1fc585-f087-407a-b043-49c06e320521] runGeneration starting: task_id=277492c4-1bab-40e2-8b42-55c218744331, profile_id=bb1fc585-f087-407a-b043-49c06e320521, target_site=google_flow
2026-09-05T07:28:08.725Z [277492c4-1bab-40e2-8b42-55c218744331][bb1fc585-f087-407a-b043-49c06e320521] Opening Playwright browser with persistent profile cookies...
2026-09-05T07:28:08.726Z [277492c4-1bab-40e2-8b42-55c218744331][bb1fc585-f087-407a-b043-49c06e320521] Browser engine: winhide (C:\Users\Admin\AppData\Roaming\com.tank.winai\winhide\chrome.exe) [hidden off-screen]
2026-09-05T07:28:08.727Z [277492c4-1bab-40e2-8b42-55c218744331][bb1fc585-f087-407a-b043-49c06e320521] Launch mode: STEALTH (raw spawn + connectOverCDP)
2026-09-05T07:28:08.768Z [cd8fb2bb-eb56-45ff-98f8-4e240fa081b1][bb1fc585-f087-407a-b043-49c06e320521] In existing project ✓
2026-09-05T07:28:09.695Z [cd8fb2bb-eb56-45ff-98f8-4e240fa081b1][bb1fc585-f087-407a-b043-49c06e320521] dismissPopups: unresolved overlay(s) ["IFRAME[presentation]|btns="]
2026-09-05T07:28:09.812Z [e929e47b-973f-4768-9f47-2240e836cc83][bb1fc585-f087-407a-b043-49c06e320521] Generating... 0 ready, 0 failed / 4 total (30s) image 99% [BỐI CẢNH] image 99% [BỐI CẢNH] image 99% [BỐI CẢNH] image 99% [BỐI CẢNH]
2026-09-05T07:28:10.405Z [277492c4-1bab-40e2-8b42-55c218744331][bb1fc585-f087-407a-b043-49c06e320521] Exit IP: 115.74.128.9
2026-09-05T07:28:10.406Z [277492c4-1bab-40e2-8b42-55c218744331][bb1fc585-f087-407a-b043-49c06e320521] Navigating browser to Google Flow tools page...
2026-09-05T07:28:10.406Z [277492c4-1bab-40e2-8b42-55c218744331][bb1fc585-f087-407a-b043-49c06e320521] Using existing project URL: https://flow.google.com/project/c2a607c5-d833-4be1-8108-407b74d4ed85?hl=en
2026-09-05T07:28:11.285Z [277492c4-1bab-40e2-8b42-55c218744331][bb1fc585-f087-407a-b043-49c06e320521] Waiting for Google Flow...
2026-09-05T07:28:12.951Z [e929e47b-973f-4768-9f47-2240e836cc83][bb1fc585-f087-407a-b043-49c06e320521] Generating... 0 ready, 0 failed / 4 total (33s) image 99% [BỐI CẢNH] image 99% [BỐI CẢNH] image 99% [BỐI CẢNH] image 99% [BỐI CẢNH]
2026-09-05T07:28:13.090Z [277492c4-1bab-40e2-8b42-55c218744331][bb1fc585-f087-407a-b043-49c06e320521] In existing project ✓
2026-09-05T07:28:13.105Z [cd8fb2bb-eb56-45ff-98f8-4e240fa081b1][bb1fc585-f087-407a-b043-49c06e320521] Composer ready ✓ (UI language: en)
2026-09-05T07:28:13.178Z [cd8fb2bb-eb56-45ff-98f8-4e240fa081b1][bb1fc585-f087-407a-b043-49c06e320521] dismissPopups: unresolved overlay(s) ["DIV[]|btns=","DIV[]|btns="]
2026-09-05T07:28:13.254Z [cd8fb2bb-eb56-45ff-98f8-4e240fa081b1][bb1fc585-f087-407a-b043-49c06e320521] Agent toggle aria-pressed=false
2026-09-05T07:28:13.254Z [cd8fb2bb-eb56-45ff-98f8-4e240fa081b1][bb1fc585-f087-407a-b043-49c06e320521] Opening settings...
2026-09-05T07:28:14.073Z [277492c4-1bab-40e2-8b42-55c218744331][bb1fc585-f087-407a-b043-49c06e320521] dismissPopups: unresolved overlay(s) ["IFRAME[presentation]|btns="]
2026-09-05T07:28:15.847Z [cd8fb2bb-eb56-45ff-98f8-4e240fa081b1][bb1fc585-f087-407a-b043-49c06e320521] Configuring image settings...
2026-09-05T07:28:15.984Z [e929e47b-973f-4768-9f47-2240e836cc83][bb1fc585-f087-407a-b043-49c06e320521] Generating... 0 ready, 0 failed / 4 total (36s) image 99% [BỐI CẢNH] image 99% [BỐI CẢNH] image 99% [BỐI CẢNH] [BỐI CẢNH]Verdant Fa
2026-09-05T07:28:16.459Z [a97a8ee4-6654-41d1-9c8a-2d0d265c862f][bb1fc585-f087-407a-b043-49c06e320521] Ref image 5/6: chips 4→5 ✓
2026-09-05T07:28:17.650Z [cd8fb2bb-eb56-45ff-98f8-4e240fa081b1][bb1fc585-f087-407a-b043-49c06e320521] Mode: selected "image Image" ✓
2026-09-05T07:28:18.211Z [a97a8ee4-6654-41d1-9c8a-2d0d265c862f][bb1fc585-f087-407a-b043-49c06e320521] Ref image 6/6: downloading from URL...
2026-09-05T07:28:18.702Z [a97a8ee4-6654-41d1-9c8a-2d0d265c862f][bb1fc585-f087-407a-b043-49c06e320521] Ref image 6/6: saved 926103 bytes (image/jpeg) as "Verdant Family Water Park Master.jpeg"
2026-09-05T07:28:18.706Z [a97a8ee4-6654-41d1-9c8a-2d0d265c862f][bb1fc585-f087-407a-b043-49c06e320521] Ref image 6/6: attaching reference image...
2026-09-05T07:28:19.006Z [e929e47b-973f-4768-9f47-2240e836cc83][bb1fc585-f087-407a-b043-49c06e320521] Generating... 1 ready, 0 failed / 4 total (39s) [BỐI CẢNH]Verdant Fa image 99% [BỐI CẢNH] image 99% [BỐI CẢNH]
2026-09-05T07:28:20.148Z [277492c4-1bab-40e2-8b42-55c218744331][bb1fc585-f087-407a-b043-49c06e320521] Composer ready ✓ (UI language: en)
2026-09-05T07:28:20.205Z [277492c4-1bab-40e2-8b42-55c218744331][bb1fc585-f087-407a-b043-49c06e320521] dismissPopups: unresolved overlay(s) ["DIV[]|btns=","DIV[]|btns="]
2026-09-05T07:28:20.268Z [277492c4-1bab-40e2-8b42-55c218744331][bb1fc585-f087-407a-b043-49c06e320521] Agent toggle aria-pressed=false
2026-09-05T07:28:20.269Z [277492c4-1bab-40e2-8b42-55c218744331][bb1fc585-f087-407a-b043-49c06e320521] Opening settings...
2026-09-05T07:28:20.917Z [a97a8ee4-6654-41d1-9c8a-2d0d265c862f][bb1fc585-f087-407a-b043-49c06e320521] Ref image 6/6: reusing library asset "Verdant Family Water Park Master.jpeg" (no re-upload).
2026-09-05T07:28:22.028Z [e929e47b-973f-4768-9f47-2240e836cc83][bb1fc585-f087-407a-b043-49c06e320521] Generating... 2 ready, 0 failed / 4 total (42s) image 99% [BỐI CẢNH]
2026-09-05T07:28:22.227Z [277492c4-1bab-40e2-8b42-55c218744331][bb1fc585-f087-407a-b043-49c06e320521] Configuring image settings...
2026-09-05T07:28:23.149Z [cd8fb2bb-eb56-45ff-98f8-4e240fa081b1][bb1fc585-f087-407a-b043-49c06e320521] Model: selected "🍌 Nano Banana 2" ✓
2026-09-05T07:28:23.733Z [cd8fb2bb-eb56-45ff-98f8-4e240fa081b1][bb1fc585-f087-407a-b043-49c06e320521] Aspect ratio: "crop_16_9 16:9" already selected ✓
2026-09-05T07:28:24.005Z [277492c4-1bab-40e2-8b42-55c218744331][bb1fc585-f087-407a-b043-49c06e320521] Mode: selected "image Image" ✓
2026-09-05T07:28:24.421Z [a97a8ee4-6654-41d1-9c8a-2d0d265c862f][bb1fc585-f087-407a-b043-49c06e320521] Ref image 6/6: chips 5→6 ✓
2026-09-05T07:28:24.433Z [a97a8ee4-6654-41d1-9c8a-2d0d265c862f][bb1fc585-f087-407a-b043-49c06e320521] Entering prompt...
2026-09-05T07:28:25.051Z [e929e47b-973f-4768-9f47-2240e836cc83][bb1fc585-f087-407a-b043-49c06e320521] Generating... 2 ready, 0 failed / 4 total (45s) image 99% [BỐI CẢNH]
2026-09-05T07:28:25.501Z [cd8fb2bb-eb56-45ff-98f8-4e240fa081b1][bb1fc585-f087-407a-b043-49c06e320521] Output count: selected "x4" ✓
2026-09-05T07:28:26.224Z [a97a8ee4-6654-41d1-9c8a-2d0d265c862f][bb1fc585-f087-407a-b043-49c06e320521] Prompt is 2309 chars — typing it in 30 chunk(s).
2026-09-05T07:28:26.611Z [cd8fb2bb-eb56-45ff-98f8-4e240fa081b1][bb1fc585-f087-407a-b043-49c06e320521] Ref image 1/3: downloading from URL...
2026-09-05T07:28:26.779Z [cd8fb2bb-eb56-45ff-98f8-4e240fa081b1][bb1fc585-f087-407a-b043-49c06e320521] Downloader: no-proxy request context ready.
2026-09-05T07:28:27.701Z [cd8fb2bb-eb56-45ff-98f8-4e240fa081b1][bb1fc585-f087-407a-b043-49c06e320521] Ref image 1/3: saved 468314 bytes (image/jpeg) as "Arlo Water Park Day.jpeg"
2026-09-05T07:28:27.705Z [cd8fb2bb-eb56-45ff-98f8-4e240fa081b1][bb1fc585-f087-407a-b043-49c06e320521] Ref image 1/3: attaching reference image...
2026-09-05T07:28:28.066Z [e929e47b-973f-4768-9f47-2240e836cc83][bb1fc585-f087-407a-b043-49c06e320521] Generating... 2 ready, 0 failed / 4 total (48s) image 99% [BỐI CẢNH]
2026-09-05T07:28:28.469Z [277492c4-1bab-40e2-8b42-55c218744331][bb1fc585-f087-407a-b043-49c06e320521] Model: selected "🍌 Nano Banana 2" ✓
2026-09-05T07:28:29.208Z [277492c4-1bab-40e2-8b42-55c218744331][bb1fc585-f087-407a-b043-49c06e320521] Aspect ratio: "crop_16_9 16:9" already selected ✓
2026-09-05T07:28:29.809Z [cd8fb2bb-eb56-45ff-98f8-4e240fa081b1][bb1fc585-f087-407a-b043-49c06e320521] Ref image 1/3: reusing library asset "Arlo Water Park Day.jpeg" (no re-upload).
2026-09-05T07:28:30.994Z [277492c4-1bab-40e2-8b42-55c218744331][bb1fc585-f087-407a-b043-49c06e320521] Output count: selected "x4" ✓
2026-09-05T07:28:31.096Z [e929e47b-973f-4768-9f47-2240e836cc83][bb1fc585-f087-407a-b043-49c06e320521] Generating... 2 ready, 0 failed / 4 total (52s) [BỐI CẢNH]Verdant Fa
2026-09-05T07:28:32.009Z [277492c4-1bab-40e2-8b42-55c218744331][bb1fc585-f087-407a-b043-49c06e320521] Ref image 1/6: downloading from URL...
2026-09-05T07:28:32.209Z [277492c4-1bab-40e2-8b42-55c218744331][bb1fc585-f087-407a-b043-49c06e320521] Downloader: no-proxy request context ready.
2026-09-05T07:28:32.958Z [cd8fb2bb-eb56-45ff-98f8-4e240fa081b1][bb1fc585-f087-407a-b043-49c06e320521] Ref image 1/3: chips 0→1 ✓
2026-09-05T07:28:33.138Z [277492c4-1bab-40e2-8b42-55c218744331][bb1fc585-f087-407a-b043-49c06e320521] Ref image 1/6: saved 468314 bytes (image/jpeg) as "Arlo Water Park Day.jpeg"
2026-09-05T07:28:33.141Z [277492c4-1bab-40e2-8b42-55c218744331][bb1fc585-f087-407a-b043-49c06e320521] Ref image 1/6: attaching reference image...
2026-09-05T07:28:34.117Z [e929e47b-973f-4768-9f47-2240e836cc83][bb1fc585-f087-407a-b043-49c06e320521] Generating... 3 ready, 0 failed / 4 total (55s)
2026-09-05T07:28:34.220Z [cd8fb2bb-eb56-45ff-98f8-4e240fa081b1][bb1fc585-f087-407a-b043-49c06e320521] Ref image 2/3: downloading from URL...
2026-09-05T07:28:34.655Z [cd8fb2bb-eb56-45ff-98f8-4e240fa081b1][bb1fc585-f087-407a-b043-49c06e320521] Ref image 2/3: saved 628888 bytes (image/jpeg) as "Nessa Water Park Day.jpeg"
2026-09-05T07:28:34.658Z [cd8fb2bb-eb56-45ff-98f8-4e240fa081b1][bb1fc585-f087-407a-b043-49c06e320521] Ref image 2/3: attaching reference image...
2026-09-05T07:28:35.162Z [277492c4-1bab-40e2-8b42-55c218744331][bb1fc585-f087-407a-b043-49c06e320521] Ref image 1/6: reusing library asset "Arlo Water Park Day.jpeg" (no re-upload).
2026-09-05T07:28:36.817Z [cd8fb2bb-eb56-45ff-98f8-4e240fa081b1][bb1fc585-f087-407a-b043-49c06e320521] Ref image 2/3: reusing library asset "Nessa Water Park Day.jpeg" (no re-upload).
2026-09-05T07:28:37.134Z [e929e47b-973f-4768-9f47-2240e836cc83][bb1fc585-f087-407a-b043-49c06e320521] Generating... 3 ready, 0 failed / 4 total (58s)
2026-09-05T07:28:38.208Z [277492c4-1bab-40e2-8b42-55c218744331][bb1fc585-f087-407a-b043-49c06e320521] Ref image 1/6: chips 0→1 ✓
2026-09-05T07:28:39.524Z [277492c4-1bab-40e2-8b42-55c218744331][bb1fc585-f087-407a-b043-49c06e320521] Ref image 2/6: downloading from URL...
2026-09-05T07:28:39.842Z [a97a8ee4-6654-41d1-9c8a-2d0d265c862f][bb1fc585-f087-407a-b043-49c06e320521] Prompt insert attempt 1: editor has 2256 chars (want ~2302) ✓
2026-09-05T07:28:39.927Z [cd8fb2bb-eb56-45ff-98f8-4e240fa081b1][bb1fc585-f087-407a-b043-49c06e320521] Ref image 2/3: chips 1→2 ✓
2026-09-05T07:28:39.961Z [277492c4-1bab-40e2-8b42-55c218744331][bb1fc585-f087-407a-b043-49c06e320521] Ref image 2/6: saved 628888 bytes (image/jpeg) as "Nessa Water Park Day.jpeg"
2026-09-05T07:28:39.965Z [277492c4-1bab-40e2-8b42-55c218744331][bb1fc585-f087-407a-b043-49c06e320521] Ref image 2/6: attaching reference image...
2026-09-05T07:28:40.148Z [e929e47b-973f-4768-9f47-2240e836cc83][bb1fc585-f087-407a-b043-49c06e320521] Generating... 3 ready, 0 failed / 4 total (61s)
2026-09-05T07:28:41.580Z [cd8fb2bb-eb56-45ff-98f8-4e240fa081b1][bb1fc585-f087-407a-b043-49c06e320521] Ref image 3/3: downloading from URL...
2026-09-05T07:28:41.583Z [a97a8ee4-6654-41d1-9c8a-2d0d265c862f][bb1fc585-f087-407a-b043-49c06e320521] Baseline: 49 pre-existing media tile(s) of 49 mounted (kinds: image,image,image,image,image,image,image,image,image,image,image,image,image,image,image,image,image,image,image,image,image,image,image,image,image,image,image,image,image,image,video,video,image,video,video,image,video,image,video,video,image,video,video,image,video,video,image,video,video).
2026-09-05T07:28:42.036Z [cd8fb2bb-eb56-45ff-98f8-4e240fa081b1][bb1fc585-f087-407a-b043-49c06e320521] Ref image 3/3: saved 926103 bytes (image/jpeg) as "Verdant Family Water Park Master.jpeg"
2026-09-05T07:28:42.039Z [cd8fb2bb-eb56-45ff-98f8-4e240fa081b1][bb1fc585-f087-407a-b043-49c06e320521] Ref image 3/3: attaching reference image...
2026-09-05T07:28:42.097Z [277492c4-1bab-40e2-8b42-55c218744331][bb1fc585-f087-407a-b043-49c06e320521] Ref image 2/6: reusing library asset "Nessa Water Park Day.jpeg" (no re-upload).
2026-09-05T07:28:43.166Z [e929e47b-973f-4768-9f47-2240e836cc83][bb1fc585-f087-407a-b043-49c06e320521] Generating... 3 ready, 0 failed / 4 total (64s)
2026-09-05T07:28:43.824Z [a97a8ee4-6654-41d1-9c8a-2d0d265c862f][bb1fc585-f087-407a-b043-49c06e320521] [submit] confirmed (editor "What do you want to ", fresh tile=true).
2026-09-05T07:28:44.016Z [cd8fb2bb-eb56-45ff-98f8-4e240fa081b1][bb1fc585-f087-407a-b043-49c06e320521] Ref image 3/3: reusing library asset "Verdant Family Water Park Master.jpeg" (no re-upload).
2026-09-05T07:28:44.260Z [a97a8ee4-6654-41d1-9c8a-2d0d265c862f][bb1fc585-f087-407a-b043-49c06e320521] Current Workspace project URL: https://flow.google.com/project/cae2bf2b-d1b8-40f9-a300-9f2aa6276ea5?hl=en
2026-09-05T07:28:44.261Z [a97a8ee4-6654-41d1-9c8a-2d0d265c862f][bb1fc585-f087-407a-b043-49c06e320521] Submitted ✓ Detecting batch size...
2026-09-05T07:28:44.273Z [a97a8ee4-6654-41d1-9c8a-2d0d265c862f][bb1fc585-f087-407a-b043-49c06e320521] New tile(s) since submit: 0 → 4 (mounted=49)
2026-09-05T07:28:45.139Z [277492c4-1bab-40e2-8b42-55c218744331][bb1fc585-f087-407a-b043-49c06e320521] Ref image 2/6: chips 1→2 ✓
2026-09-05T07:28:46.154Z [277492c4-1bab-40e2-8b42-55c218744331][bb1fc585-f087-407a-b043-49c06e320521] Ref image 3/6: downloading from URL...
2026-09-05T07:28:46.183Z [e929e47b-973f-4768-9f47-2240e836cc83][bb1fc585-f087-407a-b043-49c06e320521] Generating... 3 ready, 0 failed / 4 total (67s)
2026-09-05T07:28:46.652Z [277492c4-1bab-40e2-8b42-55c218744331][bb1fc585-f087-407a-b043-49c06e320521] Ref image 3/6: saved 653843 bytes (image/jpeg) as "Graham Water Park Day.jpeg"
2026-09-05T07:28:46.655Z [277492c4-1bab-40e2-8b42-55c218744331][bb1fc585-f087-407a-b043-49c06e320521] Ref image 3/6: attaching reference image...
2026-09-05T07:28:47.277Z [cd8fb2bb-eb56-45ff-98f8-4e240fa081b1][bb1fc585-f087-407a-b043-49c06e320521] Ref image 3/3: chips 2→3 ✓
2026-09-05T07:28:47.287Z [cd8fb2bb-eb56-45ff-98f8-4e240fa081b1][bb1fc585-f087-407a-b043-49c06e320521] Entering prompt...
2026-09-05T07:28:48.433Z [a97a8ee4-6654-41d1-9c8a-2d0d265c862f][bb1fc585-f087-407a-b043-49c06e320521] Batch size stabilised at 4 new tile(s)
2026-09-05T07:28:48.434Z [a97a8ee4-6654-41d1-9c8a-2d0d265c862f][bb1fc585-f087-407a-b043-49c06e320521] Batch detected: 4 item(s). Generating...
2026-09-05T07:28:48.434Z [a97a8ee4-6654-41d1-9c8a-2d0d265c862f][bb1fc585-f087-407a-b043-49c06e320521] Polling for 4 image item(s) (baseline=49, hasUpload=true)...
2026-09-05T07:28:48.444Z [a97a8ee4-6654-41d1-9c8a-2d0d265c862f][bb1fc585-f087-407a-b043-49c06e320521] Generating... 0 ready, 0 failed / 4 total (0s) image 34% [BỐI CẢNH] image 34% [BỐI CẢNH] image 34% [BỐI CẢNH] image 34% [BỐI CẢNH]
2026-09-05T07:28:49.027Z [277492c4-1bab-40e2-8b42-55c218744331][bb1fc585-f087-407a-b043-49c06e320521] Ref image 3/6: reusing library asset "Graham Water Park Day.jpeg" (no re-upload).
2026-09-05T07:28:49.170Z [cd8fb2bb-eb56-45ff-98f8-4e240fa081b1][bb1fc585-f087-407a-b043-49c06e320521] Prompt is 1889 chars — typing it in 25 chunk(s).
2026-09-05T07:28:49.200Z [e929e47b-973f-4768-9f47-2240e836cc83][bb1fc585-f087-407a-b043-49c06e320521] Generating... 3 ready, 0 failed / 4 total (70s)
2026-09-05T07:28:51.462Z [a97a8ee4-6654-41d1-9c8a-2d0d265c862f][bb1fc585-f087-407a-b043-49c06e320521] Generating... 0 ready, 0 failed / 4 total (3s) image 54% [BỐI CẢNH] image 54% [BỐI CẢNH] image 54% [BỐI CẢNH] image 54% [BỐI CẢNH]
2026-09-05T07:28:52.215Z [e929e47b-973f-4768-9f47-2240e836cc83][bb1fc585-f087-407a-b043-49c06e320521] Generating... 3 ready, 0 failed / 4 total (73s)
2026-09-05T07:28:52.881Z [277492c4-1bab-40e2-8b42-55c218744331][bb1fc585-f087-407a-b043-49c06e320521] Ref image 3/6: chips 2→3 ✓
2026-09-05T07:28:53.861Z [277492c4-1bab-40e2-8b42-55c218744331][bb1fc585-f087-407a-b043-49c06e320521] Ref image 4/6: downloading from URL...
2026-09-05T07:28:54.258Z [277492c4-1bab-40e2-8b42-55c218744331][bb1fc585-f087-407a-b043-49c06e320521] Ref image 4/6: saved 549605 bytes (image/jpeg) as "Elara Water Park Day.jpeg"
2026-09-05T07:28:54.261Z [277492c4-1bab-40e2-8b42-55c218744331][bb1fc585-f087-407a-b043-49c06e320521] Ref image 4/6: attaching reference image...
2026-09-05T07:28:54.483Z [a97a8ee4-6654-41d1-9c8a-2d0d265c862f][bb1fc585-f087-407a-b043-49c06e320521] Generating... 0 ready, 0 failed / 4 total (6s) image 74% [BỐI CẢNH] image 74% [BỐI CẢNH] image 74% [BỐI CẢNH] image 74% [BỐI CẢNH]
2026-09-05T07:28:55.241Z [e929e47b-973f-4768-9f47-2240e836cc83][bb1fc585-f087-407a-b043-49c06e320521] Generating... 3 ready, 0 failed / 4 total (76s)
2026-09-05T07:28:56.448Z [277492c4-1bab-40e2-8b42-55c218744331][bb1fc585-f087-407a-b043-49c06e320521] Ref image 4/6: "Elara Water Park Day.jpeg" not in the library yet — uploading it first.
2026-09-05T07:28:57.504Z [a97a8ee4-6654-41d1-9c8a-2d0d265c862f][bb1fc585-f087-407a-b043-49c06e320521] Generating... 0 ready, 0 failed / 4 total (9s) image 94% [BỐI CẢNH] image 94% [BỐI CẢNH] image 94% [BỐI CẢNH] image 94% [BỐI CẢNH]
2026-09-05T07:28:58.257Z [e929e47b-973f-4768-9f47-2240e836cc83][bb1fc585-f087-407a-b043-49c06e320521] Generating... 3 ready, 0 failed / 4 total (79s)
2026-09-05T07:29:00.521Z [a97a8ee4-6654-41d1-9c8a-2d0d265c862f][bb1fc585-f087-407a-b043-49c06e320521] Generating... 0 ready, 0 failed / 4 total (12s) image 99% [BỐI CẢNH] image 99% [BỐI CẢNH] image 99% [BỐI CẢNH] image 99% [BỐI CẢNH]
2026-09-05T07:29:00.621Z [cd8fb2bb-eb56-45ff-98f8-4e240fa081b1][bb1fc585-f087-407a-b043-49c06e320521] Prompt insert attempt 1: editor has 1840 chars (want ~1882) ✓
2026-09-05T07:29:00.790Z [277492c4-1bab-40e2-8b42-55c218744331][bb1fc585-f087-407a-b043-49c06e320521] Ref image 4/6: uploading "Elara Water Park Day.jpeg" to the project library...
2026-09-05T07:29:01.279Z [e929e47b-973f-4768-9f47-2240e836cc83][bb1fc585-f087-407a-b043-49c06e320521] Generating... 3 ready, 0 failed / 4 total (82s)
2026-09-05T07:29:01.575Z [277492c4-1bab-40e2-8b42-55c218744331][bb1fc585-f087-407a-b043-49c06e320521] Ref image 4/6: upload finished ✓
2026-09-05T07:29:02.297Z [cd8fb2bb-eb56-45ff-98f8-4e240fa081b1][bb1fc585-f087-407a-b043-49c06e320521] Baseline: 47 pre-existing media tile(s) of 47 mounted (kinds: image,image,image,image,image,image,image,image,image,image,image,image,image,image,image,image,image,image,image,image,image,image,image,image,image,image,image,image,image,image,image,video,video,image,image,video,video,image,video,video,image,video,video,video,video,video,image).
2026-09-05T07:29:03.544Z [a97a8ee4-6654-41d1-9c8a-2d0d265c862f][bb1fc585-f087-407a-b043-49c06e320521] Generating... 0 ready, 0 failed / 4 total (15s) image 99% [BỐI CẢNH] image 99% [BỐI CẢNH] image 99% [BỐI CẢNH] image 99% [BỐI CẢNH]
2026-09-05T07:29:04.297Z [e929e47b-973f-4768-9f47-2240e836cc83][bb1fc585-f087-407a-b043-49c06e320521] Generating... 3 ready, 0 failed / 4 total (85s)
2026-09-05T07:29:04.526Z [cd8fb2bb-eb56-45ff-98f8-4e240fa081b1][bb1fc585-f087-407a-b043-49c06e320521] [submit] confirmed (editor "What do you want to ", fresh tile=true).
2026-09-05T07:29:05.165Z [cd8fb2bb-eb56-45ff-98f8-4e240fa081b1][bb1fc585-f087-407a-b043-49c06e320521] Current Workspace project URL: https://flow.google.com/project/33ca2cc2-c9ff-4bb6-9048-2a7af1dfcfee?hl=en
2026-09-05T07:29:05.165Z [cd8fb2bb-eb56-45ff-98f8-4e240fa081b1][bb1fc585-f087-407a-b043-49c06e320521] Submitted ✓ Detecting batch size...
2026-09-05T07:29:05.177Z [cd8fb2bb-eb56-45ff-98f8-4e240fa081b1][bb1fc585-f087-407a-b043-49c06e320521] New tile(s) since submit: 0 → 4 (mounted=48)
2026-09-05T07:29:06.568Z [a97a8ee4-6654-41d1-9c8a-2d0d265c862f][bb1fc585-f087-407a-b043-49c06e320521] Generating... 0 ready, 0 failed / 4 total (18s) image 99% [BỐI CẢNH] image 99% [BỐI CẢNH] image 99% [BỐI CẢNH] image 99% [BỐI CẢNH]
2026-09-05T07:29:07.309Z [e929e47b-973f-4768-9f47-2240e836cc83][bb1fc585-f087-407a-b043-49c06e320521] Generating... 3 ready, 0 failed / 4 total (88s)
2026-09-05T07:29:09.335Z [cd8fb2bb-eb56-45ff-98f8-4e240fa081b1][bb1fc585-f087-407a-b043-49c06e320521] Batch size stabilised at 4 new tile(s)
2026-09-05T07:29:09.336Z [cd8fb2bb-eb56-45ff-98f8-4e240fa081b1][bb1fc585-f087-407a-b043-49c06e320521] Batch detected: 4 item(s). Generating...
2026-09-05T07:29:09.336Z [cd8fb2bb-eb56-45ff-98f8-4e240fa081b1][bb1fc585-f087-407a-b043-49c06e320521] Polling for 4 image item(s) (baseline=47, hasUpload=true)...
2026-09-05T07:29:09.345Z [cd8fb2bb-eb56-45ff-98f8-4e240fa081b1][bb1fc585-f087-407a-b043-49c06e320521] Generating... 0 ready, 0 failed / 4 total (0s) image 34% [BỐI CẢNH] image 34% [BỐI CẢNH] image 34% [BỐI CẢNH] image 34% [BỐI CẢNH]
2026-09-05T07:29:09.588Z [a97a8ee4-6654-41d1-9c8a-2d0d265c862f][bb1fc585-f087-407a-b043-49c06e320521] Generating... 0 ready, 0 failed / 4 total (21s) image 99% [BỐI CẢNH] image 99% [BỐI CẢNH] image 99% [BỐI CẢNH] image 99% [BỐI CẢNH]
2026-09-05T07:29:10.326Z [e929e47b-973f-4768-9f47-2240e836cc83][bb1fc585-f087-407a-b043-49c06e320521] Generating... 3 ready, 0 failed / 4 total (91s)
2026-09-05T07:29:11.555Z [277492c4-1bab-40e2-8b42-55c218744331][bb1fc585-f087-407a-b043-49c06e320521] Ref image 4/6: chips 3→4 ✓
2026-09-05T07:29:12.358Z [cd8fb2bb-eb56-45ff-98f8-4e240fa081b1][bb1fc585-f087-407a-b043-49c06e320521] Generating... 0 ready, 0 failed / 4 total (3s) image 54% [BỐI CẢNH] image 54% [BỐI CẢNH] image 54% [BỐI CẢNH] image 54% [BỐI CẢNH]
2026-09-05T07:29:12.608Z [a97a8ee4-6654-41d1-9c8a-2d0d265c862f][bb1fc585-f087-407a-b043-49c06e320521] Generating... 0 ready, 0 failed / 4 total (24s) image 99% [BỐI CẢNH] image 99% [BỐI CẢNH] image 99% [BỐI CẢNH] image 99% [BỐI CẢNH]
2026-09-05T07:29:12.724Z [277492c4-1bab-40e2-8b42-55c218744331][bb1fc585-f087-407a-b043-49c06e320521] Ref image 5/6: downloading from URL...
2026-09-05T07:29:13.160Z [277492c4-1bab-40e2-8b42-55c218744331][bb1fc585-f087-407a-b043-49c06e320521] Ref image 5/6: saved 289545 bytes (image/jpeg) as "Graham Family Smartphone.jpeg"
2026-09-05T07:29:13.168Z [277492c4-1bab-40e2-8b42-55c218744331][bb1fc585-f087-407a-b043-49c06e320521] Ref image 5/6: attaching reference image...
2026-09-05T07:29:13.344Z [e929e47b-973f-4768-9f47-2240e836cc83][bb1fc585-f087-407a-b043-49c06e320521] Generating... 3 ready, 0 failed / 4 total (94s)
2026-09-05T07:29:15.101Z [277492c4-1bab-40e2-8b42-55c218744331][bb1fc585-f087-407a-b043-49c06e320521] Ref image 5/6: "Graham Family Smartphone.jpeg" not in the library yet — uploading it first.
2026-09-05T07:29:15.387Z [cd8fb2bb-eb56-45ff-98f8-4e240fa081b1][bb1fc585-f087-407a-b043-49c06e320521] Generating... 0 ready, 0 failed / 4 total (6s) image 74% [BỐI CẢNH] image 74% [BỐI CẢNH] image 74% [BỐI CẢNH] image 74% [BỐI CẢNH]
2026-09-05T07:29:15.623Z [a97a8ee4-6654-41d1-9c8a-2d0d265c862f][bb1fc585-f087-407a-b043-49c06e320521] Generating... 0 ready, 0 failed / 4 total (27s) image 99% [BỐI CẢNH] image 99% [BỐI CẢNH] image 99% [BỐI CẢNH] image 99% [BỐI CẢNH]
2026-09-05T07:29:16.366Z [e929e47b-973f-4768-9f47-2240e836cc83][bb1fc585-f087-407a-b043-49c06e320521] Generating... 3 ready, 0 failed / 4 total (97s)
2026-09-05T07:29:18.406Z [cd8fb2bb-eb56-45ff-98f8-4e240fa081b1][bb1fc585-f087-407a-b043-49c06e320521] Generating... 0 ready, 0 failed / 4 total (9s) image 94% [BỐI CẢNH] image 94% [BỐI CẢNH] image 94% [BỐI CẢNH] image 94% [BỐI CẢNH]
2026-09-05T07:29:18.647Z [a97a8ee4-6654-41d1-9c8a-2d0d265c862f][bb1fc585-f087-407a-b043-49c06e320521] Generating... 0 ready, 0 failed / 4 total (30s) image 99% [BỐI CẢNH] [BỐI CẢNH]Verdant Fa image 99% [BỐI CẢNH] image 99% [BỐI CẢNH]
2026-09-05T07:29:19.397Z [e929e47b-973f-4768-9f47-2240e836cc83][bb1fc585-f087-407a-b043-49c06e320521] Generating... 3 ready, 0 failed / 4 total (100s)
2026-09-05T07:29:19.518Z [277492c4-1bab-40e2-8b42-55c218744331][bb1fc585-f087-407a-b043-49c06e320521] Ref image 5/6: uploading "Graham Family Smartphone.jpeg" to the project library...
2026-09-05T07:29:20.678Z [277492c4-1bab-40e2-8b42-55c218744331][bb1fc585-f087-407a-b043-49c06e320521] Ref image 5/6: upload finished ✓
2026-09-05T07:29:21.426Z [cd8fb2bb-eb56-45ff-98f8-4e240fa081b1][bb1fc585-f087-407a-b043-49c06e320521] Generating... 0 ready, 0 failed / 4 total (12s) image 99% [BỐI CẢNH] image 99% [BỐI CẢNH] image 99% [BỐI CẢNH] image 99% [BỐI CẢNH]
2026-09-05T07:29:21.666Z [a97a8ee4-6654-41d1-9c8a-2d0d265c862f][bb1fc585-f087-407a-b043-49c06e320521] Generating... 1 ready, 0 failed / 4 total (33s) image 99% [BỐI CẢNH] image 99% [BỐI CẢNH] image 99% [BỐI CẢNH]
2026-09-05T07:29:22.415Z [e929e47b-973f-4768-9f47-2240e836cc83][bb1fc585-f087-407a-b043-49c06e320521] Generating... 3 ready, 0 failed / 4 total (103s)
2026-09-05T07:29:24.442Z [cd8fb2bb-eb56-45ff-98f8-4e240fa081b1][bb1fc585-f087-407a-b043-49c06e320521] Generating... 0 ready, 0 failed / 4 total (15s) image 99% [BỐI CẢNH] image 99% [BỐI CẢNH] image 99% [BỐI CẢNH] image 99% [BỐI CẢNH]
2026-09-05T07:29:24.694Z [a97a8ee4-6654-41d1-9c8a-2d0d265c862f][bb1fc585-f087-407a-b043-49c06e320521] Generating... 1 ready, 0 failed / 4 total (36s) image 99% [BỐI CẢNH] image 99% [BỐI CẢNH] image 99% [BỐI CẢNH]
2026-09-05T07:29:25.438Z [e929e47b-973f-4768-9f47-2240e836cc83][bb1fc585-f087-407a-b043-49c06e320521] Generating... 3 ready, 0 failed / 4 total (106s)
2026-09-05T07:29:27.457Z [cd8fb2bb-eb56-45ff-98f8-4e240fa081b1][bb1fc585-f087-407a-b043-49c06e320521] Generating... 0 ready, 0 failed / 4 total (18s) image 99% [BỐI CẢNH] image 99% [BỐI CẢNH] image 99% [BỐI CẢNH] image 99% [BỐI CẢNH]
2026-09-05T07:29:27.709Z [a97a8ee4-6654-41d1-9c8a-2d0d265c862f][bb1fc585-f087-407a-b043-49c06e320521] Generating... 1 ready, 0 failed / 4 total (39s) image 99% [BỐI CẢNH] image 99% [BỐI CẢNH] image 99% [BỐI CẢNH]
2026-09-05T07:29:28.456Z [e929e47b-973f-4768-9f47-2240e836cc83][bb1fc585-f087-407a-b043-49c06e320521] Generating... 3 ready, 0 failed / 4 total (109s)
2026-09-05T07:29:30.472Z [cd8fb2bb-eb56-45ff-98f8-4e240fa081b1][bb1fc585-f087-407a-b043-49c06e320521] Generating... 0 ready, 0 failed / 4 total (21s) image 99% [BỐI CẢNH] image 99% [BỐI CẢNH] image 99% [BỐI CẢNH] image 99% [BỐI CẢNH]
2026-09-05T07:29:30.732Z [a97a8ee4-6654-41d1-9c8a-2d0d265c862f][bb1fc585-f087-407a-b043-49c06e320521] Generating... 1 ready, 0 failed / 4 total (42s) image 99% [BỐI CẢNH] [BỐI CẢNH]Verdant Fa image 99% [BỐI CẢNH]
2026-09-05T07:29:31.482Z [e929e47b-973f-4768-9f47-2240e836cc83][bb1fc585-f087-407a-b043-49c06e320521] Generating... 3 ready, 0 failed / 4 total (112s)
2026-09-05T07:29:33.486Z [cd8fb2bb-eb56-45ff-98f8-4e240fa081b1][bb1fc585-f087-407a-b043-49c06e320521] Generating... 0 ready, 0 failed / 4 total (24s) image 99% [BỐI CẢNH] image 99% [BỐI CẢNH] image 99% [BỐI CẢNH] image 99% [BỐI CẢNH]
2026-09-05T07:29:33.600Z [277492c4-1bab-40e2-8b42-55c218744331][bb1fc585-f087-407a-b043-49c06e320521] click(Add to prompt) failed: locator.click: Timeout 8000ms exceeded. — retrying with force
2026-09-05T07:29:33.758Z [a97a8ee4-6654-41d1-9c8a-2d0d265c862f][bb1fc585-f087-407a-b043-49c06e320521] Generating... 2 ready, 0 failed / 4 total (45s) image 99% [BỐI CẢNH] image 99% [BỐI CẢNH]
2026-09-05T07:29:34.495Z [e929e47b-973f-4768-9f47-2240e836cc83][bb1fc585-f087-407a-b043-49c06e320521] Generating... 3 ready, 0 failed / 4 total (115s)
2026-09-05T07:29:36.506Z [cd8fb2bb-eb56-45ff-98f8-4e240fa081b1][bb1fc585-f087-407a-b043-49c06e320521] Generating... 0 ready, 0 failed / 4 total (27s) image 99% [BỐI CẢNH] image 99% [BỐI CẢNH] image 99% [BỐI CẢNH] image 99% [BỐI CẢNH]
2026-09-05T07:29:36.775Z [a97a8ee4-6654-41d1-9c8a-2d0d265c862f][bb1fc585-f087-407a-b043-49c06e320521] Generating... 2 ready, 0 failed / 4 total (48s) image 99% [BỐI CẢNH] [BỐI CẢNH]Verdant Fa
2026-09-05T07:29:37.518Z [e929e47b-973f-4768-9f47-2240e836cc83][bb1fc585-f087-407a-b043-49c06e320521] Generating... 3 ready, 0 failed / 4 total (118s)
2026-09-05T07:29:39.521Z [cd8fb2bb-eb56-45ff-98f8-4e240fa081b1][bb1fc585-f087-407a-b043-49c06e320521] Generating... 0 ready, 0 failed / 4 total (30s) [BỐI CẢNH]Verdant Fa image 99% [BỐI CẢNH] image 99% [BỐI CẢNH] image 99% [BỐI CẢNH]
2026-09-05T07:29:39.796Z [a97a8ee4-6654-41d1-9c8a-2d0d265c862f][bb1fc585-f087-407a-b043-49c06e320521] Generating... 3 ready, 0 failed / 4 total (51s) image 99% [BỐI CẢNH]
2026-09-05T07:29:40.538Z [e929e47b-973f-4768-9f47-2240e836cc83][bb1fc585-f087-407a-b043-49c06e320521] Generating... 3 ready, 0 failed / 4 total (121s)
2026-09-05T07:29:42.538Z [cd8fb2bb-eb56-45ff-98f8-4e240fa081b1][bb1fc585-f087-407a-b043-49c06e320521] Generating... 1 ready, 0 failed / 4 total (33s) image 99% [BỐI CẢNH] image 99% [BỐI CẢNH] image 99% [BỐI CẢNH]
2026-09-05T07:29:42.821Z [a97a8ee4-6654-41d1-9c8a-2d0d265c862f][bb1fc585-f087-407a-b043-49c06e320521] Generating... 3 ready, 0 failed / 4 total (54s) image 99% [BỐI CẢNH]
2026-09-05T07:29:43.558Z [e929e47b-973f-4768-9f47-2240e836cc83][bb1fc585-f087-407a-b043-49c06e320521] Generating... 3 ready, 0 failed / 4 total (124s)
2026-09-05T07:29:45.558Z [cd8fb2bb-eb56-45ff-98f8-4e240fa081b1][bb1fc585-f087-407a-b043-49c06e320521] Generating... 1 ready, 0 failed / 4 total (36s) image 99% [BỐI CẢNH] image 99% [BỐI CẢNH] image 99% [BỐI CẢNH]
2026-09-05T07:29:45.836Z [a97a8ee4-6654-41d1-9c8a-2d0d265c862f][bb1fc585-f087-407a-b043-49c06e320521] Generating... 3 ready, 0 failed / 4 total (57s) image 99% [BỐI CẢNH]
2026-09-05T07:29:46.573Z [e929e47b-973f-4768-9f47-2240e836cc83][bb1fc585-f087-407a-b043-49c06e320521] Generating... 3 ready, 0 failed / 4 total (127s)
2026-09-05T07:29:48.573Z [cd8fb2bb-eb56-45ff-98f8-4e240fa081b1][bb1fc585-f087-407a-b043-49c06e320521] Generating... 1 ready, 0 failed / 4 total (39s) image 99% [BỐI CẢNH] image 99% [BỐI CẢNH] image 99% [BỐI CẢNH]
2026-09-05T07:29:48.863Z [a97a8ee4-6654-41d1-9c8a-2d0d265c862f][bb1fc585-f087-407a-b043-49c06e320521] Generating... 3 ready, 0 failed / 4 total (60s) [BỐI CẢNH]Verdant Fa
2026-09-05T07:29:49.590Z [e929e47b-973f-4768-9f47-2240e836cc83][bb1fc585-f087-407a-b043-49c06e320521] Generating... 3 ready, 0 failed / 4 total (130s)
2026-09-05T07:29:49.682Z [277492c4-1bab-40e2-8b42-55c218744331][bb1fc585-f087-407a-b043-49c06e320521] Ref image 5/6: chips 4→4 ✗ (Add to prompt did not register)
2026-09-05T07:29:51.034Z [277492c4-1bab-40e2-8b42-55c218744331][bb1fc585-f087-407a-b043-49c06e320521] Ref image 6/6: downloading from URL...
2026-09-05T07:29:51.432Z [277492c4-1bab-40e2-8b42-55c218744331][bb1fc585-f087-407a-b043-49c06e320521] Ref image 6/6: saved 926103 bytes (image/jpeg) as "Verdant Family Water Park Master.jpeg"
2026-09-05T07:29:51.436Z [277492c4-1bab-40e2-8b42-55c218744331][bb1fc585-f087-407a-b043-49c06e320521] Ref image 6/6: attaching reference image...
2026-09-05T07:29:51.590Z [cd8fb2bb-eb56-45ff-98f8-4e240fa081b1][bb1fc585-f087-407a-b043-49c06e320521] Generating... 1 ready, 0 failed / 4 total (42s) image 99% [BỐI CẢNH] image 99% [BỐI CẢNH] image 99% [BỐI CẢNH]
2026-09-05T07:29:51.889Z [a97a8ee4-6654-41d1-9c8a-2d0d265c862f][bb1fc585-f087-407a-b043-49c06e320521] Generating... 4 ready, 0 failed / 4 total (63s)
2026-09-05T07:29:51.889Z [a97a8ee4-6654-41d1-9c8a-2d0d265c862f][bb1fc585-f087-407a-b043-49c06e320521] Batch done: 4 ready (target 4), 0 failed, scanned 4.
2026-09-05T07:29:51.889Z [a97a8ee4-6654-41d1-9c8a-2d0d265c862f][bb1fc585-f087-407a-b043-49c06e320521] 4 item(s) ready! Downloading...
2026-09-05T07:29:51.890Z [a97a8ee4-6654-41d1-9c8a-2d0d265c862f][bb1fc585-f087-407a-b043-49c06e320521] Item 1: Downloading from URL https://flow-content.google/image/fb8729e0-7994-43b5-bd8e-5a720e1a7504?Expires=1788614925&KeyName=labs-flow-prod-cdn-key&Signature=ap4M0arv3_Yb2BoG1D7_cotCiKs
2026-09-05T07:29:52.321Z [a97a8ee4-6654-41d1-9c8a-2d0d265c862f][bb1fc585-f087-407a-b043-49c06e320521] Downloaded 1/4: winai_2026-09-05T07-29-51_01.jpg
2026-09-05T07:29:52.321Z [a97a8ee4-6654-41d1-9c8a-2d0d265c862f][bb1fc585-f087-407a-b043-49c06e320521] Item 2: Downloading from URL https://flow-content.google/image/3e0be628-daa6-4adb-8eca-c8adf5883492?Expires=1788614924&KeyName=labs-flow-prod-cdn-key&Signature=M0EfCwF7qvwz9_59KB0UJxB3bTU
2026-09-05T07:29:52.434Z [a97a8ee4-6654-41d1-9c8a-2d0d265c862f][bb1fc585-f087-407a-b043-49c06e320521] Downloaded 2/4: winai_2026-09-05T07-29-51_02.jpg
2026-09-05T07:29:52.434Z [a97a8ee4-6654-41d1-9c8a-2d0d265c862f][bb1fc585-f087-407a-b043-49c06e320521] Item 3: Downloading from URL https://flow-content.google/image/94ed6c33-618b-4465-ac4b-109c290b5e4b?Expires=1788614923&KeyName=labs-flow-prod-cdn-key&Signature=xpquG4PH98OcHUEbDNhZdrM5UnE
2026-09-05T07:29:52.535Z [a97a8ee4-6654-41d1-9c8a-2d0d265c862f][bb1fc585-f087-407a-b043-49c06e320521] Downloaded 3/4: winai_2026-09-05T07-29-51_03.jpg
2026-09-05T07:29:52.535Z [a97a8ee4-6654-41d1-9c8a-2d0d265c862f][bb1fc585-f087-407a-b043-49c06e320521] Item 4: Downloading from URL https://flow-content.google/image/5cd3a595-979a-4704-858e-752fe772e063?Expires=1788614923&KeyName=labs-flow-prod-cdn-key&Signature=_5jHK4OjMXlpWaBz0wInaEFVj60
2026-09-05T07:29:52.606Z [e929e47b-973f-4768-9f47-2240e836cc83][bb1fc585-f087-407a-b043-49c06e320521] Generating... 3 ready, 0 failed / 4 total (133s)
2026-09-05T07:29:52.637Z [a97a8ee4-6654-41d1-9c8a-2d0d265c862f][bb1fc585-f087-407a-b043-49c06e320521] Downloaded 4/4: winai_2026-09-05T07-29-51_04.jpg
2026-09-05T07:29:52.637Z [a97a8ee4-6654-41d1-9c8a-2d0d265c862f][bb1fc585-f087-407a-b043-49c06e320521] ✅ 4 item(s) saved to Downloads/Win AI Toolkit/
2026-09-05T07:29:52.908Z [a97a8ee4-6654-41d1-9c8a-2d0d265c862f][bb1fc585-f087-407a-b043-49c06e320521] Item 4: Uploaded → https://studio.xanhmedia.vn/uploads/2026-09/1788593392608_70d5eb_bb1fc585-f087-407a-b043-49c06e320521_a97.jpg
2026-09-05T07:29:52.941Z [a97a8ee4-6654-41d1-9c8a-2d0d265c862f][bb1fc585-f087-407a-b043-49c06e320521] Item 3: Uploaded → https://studio.xanhmedia.vn/uploads/2026-09/1788593392635_93ea8f_bb1fc585-f087-407a-b043-49c06e320521_a97.jpg
2026-09-05T07:29:52.970Z [a97a8ee4-6654-41d1-9c8a-2d0d265c862f][bb1fc585-f087-407a-b043-49c06e320521] Item 1: Uploaded → https://studio.xanhmedia.vn/uploads/2026-09/1788593392669_58672d_bb1fc585-f087-407a-b043-49c06e320521_a97.jpg
2026-09-05T07:29:53.034Z [a97a8ee4-6654-41d1-9c8a-2d0d265c862f][bb1fc585-f087-407a-b043-49c06e320521] Item 2: Uploaded → https://studio.xanhmedia.vn/uploads/2026-09/1788593392727_a3fe01_bb1fc585-f087-407a-b043-49c06e320521_a97.jpg
2026-09-05T07:29:53.035Z [a97a8ee4-6654-41d1-9c8a-2d0d265c862f][bb1fc585-f087-407a-b043-49c06e320521] All done (including any 1080p upgrades). Closing Playwright browser context.
2026-09-05T07:29:53.419Z [277492c4-1bab-40e2-8b42-55c218744331][bb1fc585-f087-407a-b043-49c06e320521] Ref image 6/6: reusing library asset "Verdant Family Water Park Master.jpeg" (no re-upload).
2026-09-05T07:29:54.267Z [180bc528-9515-47fa-8abe-55d39198ab92][bb1fc585-f087-407a-b043-49c06e320521] runGeneration starting: task_id=180bc528-9515-47fa-8abe-55d39198ab92, profile_id=bb1fc585-f087-407a-b043-49c06e320521, target_site=google_flow
2026-09-05T07:29:54.268Z [180bc528-9515-47fa-8abe-55d39198ab92][bb1fc585-f087-407a-b043-49c06e320521] Opening Playwright browser with persistent profile cookies...
2026-09-05T07:29:54.268Z [180bc528-9515-47fa-8abe-55d39198ab92][bb1fc585-f087-407a-b043-49c06e320521] Browser engine: winhide (C:\Users\Admin\AppData\Roaming\com.tank.winai\winhide\chrome.exe) [hidden off-screen]
2026-09-05T07:29:54.269Z [180bc528-9515-47fa-8abe-55d39198ab92][bb1fc585-f087-407a-b043-49c06e320521] Launch mode: STEALTH (raw spawn + connectOverCDP)
2026-09-05T07:29:54.615Z [cd8fb2bb-eb56-45ff-98f8-4e240fa081b1][bb1fc585-f087-407a-b043-49c06e320521] Generating... 1 ready, 0 failed / 4 total (45s) [BỐI CẢNH]Verdant Fa image 99% [BỐI CẢNH] image 99% [BỐI CẢNH]
2026-09-05T07:29:55.636Z [e929e47b-973f-4768-9f47-2240e836cc83][bb1fc585-f087-407a-b043-49c06e320521] Generating... 3 ready, 0 failed / 4 total (136s)
2026-09-05T07:29:55.778Z [180bc528-9515-47fa-8abe-55d39198ab92][bb1fc585-f087-407a-b043-49c06e320521] Exit IP: 115.74.128.9
2026-09-05T07:29:55.778Z [180bc528-9515-47fa-8abe-55d39198ab92][bb1fc585-f087-407a-b043-49c06e320521] Navigating browser to Google Flow tools page...
2026-09-05T07:29:55.779Z [180bc528-9515-47fa-8abe-55d39198ab92][bb1fc585-f087-407a-b043-49c06e320521] Using existing project URL: https://flow.google.com/project/cae2bf2b-d1b8-40f9-a300-9f2aa6276ea5?hl=en
2026-09-05T07:29:56.671Z [277492c4-1bab-40e2-8b42-55c218744331][bb1fc585-f087-407a-b043-49c06e320521] Ref image 6/6: chips 4→5 ✓
2026-09-05T07:29:56.683Z [277492c4-1bab-40e2-8b42-55c218744331][bb1fc585-f087-407a-b043-49c06e320521] [WARN] Only 5/6 reference image(s) attached.
2026-09-05T07:29:56.684Z [277492c4-1bab-40e2-8b42-55c218744331][bb1fc585-f087-407a-b043-49c06e320521] Entering prompt...
2026-09-05T07:29:56.710Z [180bc528-9515-47fa-8abe-55d39198ab92][bb1fc585-f087-407a-b043-49c06e320521] Waiting for Google Flow...
2026-09-05T07:29:57.646Z [cd8fb2bb-eb56-45ff-98f8-4e240fa081b1][bb1fc585-f087-407a-b043-49c06e320521] Generating... 2 ready, 0 failed / 4 total (48s) [BỐI CẢNH]Verdant Fa [BỐI CẢNH]Verdant Fa
2026-09-05T07:29:58.116Z [277492c4-1bab-40e2-8b42-55c218744331][bb1fc585-f087-407a-b043-49c06e320521] Prompt is 2216 chars — typing it in 30 chunk(s).
2026-09-05T07:29:58.649Z [e929e47b-973f-4768-9f47-2240e836cc83][bb1fc585-f087-407a-b043-49c06e320521] Generating... 3 ready, 0 failed / 4 total (139s)
2026-09-05T07:29:59.004Z [180bc528-9515-47fa-8abe-55d39198ab92][bb1fc585-f087-407a-b043-49c06e320521] In existing project ✓
2026-09-05T07:30:00.214Z [180bc528-9515-47fa-8abe-55d39198ab92][bb1fc585-f087-407a-b043-49c06e320521] dismissPopups: unresolved overlay(s) ["IFRAME[presentation]|btns="]
2026-09-05T07:30:00.666Z [cd8fb2bb-eb56-45ff-98f8-4e240fa081b1][bb1fc585-f087-407a-b043-49c06e320521] Generating... 4 ready, 0 failed / 4 total (51s)
2026-09-05T07:30:00.666Z [cd8fb2bb-eb56-45ff-98f8-4e240fa081b1][bb1fc585-f087-407a-b043-49c06e320521] Batch done: 4 ready (target 4), 0 failed, scanned 4.
2026-09-05T07:30:00.666Z [cd8fb2bb-eb56-45ff-98f8-4e240fa081b1][bb1fc585-f087-407a-b043-49c06e320521] 4 item(s) ready! Downloading...
2026-09-05T07:30:00.668Z [cd8fb2bb-eb56-45ff-98f8-4e240fa081b1][bb1fc585-f087-407a-b043-49c06e320521] Item 1: Downloading from URL https://flow-content.google/image/1f18757d-6c1d-4acb-8adf-f526ce0b67ad?Expires=1788614946&KeyName=labs-flow-prod-cdn-key&Signature=jm8SKZH7N9dFsugF_was2F_hysI
2026-09-05T07:30:00.970Z [cd8fb2bb-eb56-45ff-98f8-4e240fa081b1][bb1fc585-f087-407a-b043-49c06e320521] Downloaded 1/4: winai_2026-09-05T07-30-00_01.jpg
2026-09-05T07:30:00.970Z [cd8fb2bb-eb56-45ff-98f8-4e240fa081b1][bb1fc585-f087-407a-b043-49c06e320521] Item 2: Downloading from URL https://flow-content.google/image/7e2b1005-9be8-4a3a-9f61-037796a0f3d4?Expires=1788614945&KeyName=labs-flow-prod-cdn-key&Signature=Aw4_GLacHaLlpDtnXewEFRyJYHE
2026-09-05T07:30:01.087Z [cd8fb2bb-eb56-45ff-98f8-4e240fa081b1][bb1fc585-f087-407a-b043-49c06e320521] Downloaded 2/4: winai_2026-09-05T07-30-00_02.jpg
2026-09-05T07:30:01.087Z [cd8fb2bb-eb56-45ff-98f8-4e240fa081b1][bb1fc585-f087-407a-b043-49c06e320521] Item 3: Downloading from URL https://flow-content.google/image/5b451d17-707c-4eb3-9f0e-2876d660ac88?Expires=1788614944&KeyName=labs-flow-prod-cdn-key&Signature=TPETmu2u780tHj4cGyXVVGP3wX0
2026-09-05T07:30:01.152Z [cd8fb2bb-eb56-45ff-98f8-4e240fa081b1][bb1fc585-f087-407a-b043-49c06e320521] Downloaded 3/4: winai_2026-09-05T07-30-00_03.jpg
2026-09-05T07:30:01.152Z [cd8fb2bb-eb56-45ff-98f8-4e240fa081b1][bb1fc585-f087-407a-b043-49c06e320521] Item 4: Downloading from URL https://flow-content.google/image/57510499-d719-461f-b3e7-4a31dda235c0?Expires=1788614944&KeyName=labs-flow-prod-cdn-key&Signature=bfEvmK0PghxMkW1w7IPfSyMFnjU
2026-09-05T07:30:01.221Z [cd8fb2bb-eb56-45ff-98f8-4e240fa081b1][bb1fc585-f087-407a-b043-49c06e320521] Downloaded 4/4: winai_2026-09-05T07-30-00_04.jpg
2026-09-05T07:30:01.222Z [cd8fb2bb-eb56-45ff-98f8-4e240fa081b1][bb1fc585-f087-407a-b043-49c06e320521] ✅ 4 item(s) saved to Downloads/Win AI Toolkit/
2026-09-05T07:30:01.494Z [cd8fb2bb-eb56-45ff-98f8-4e240fa081b1][bb1fc585-f087-407a-b043-49c06e320521] Item 4: Uploaded → https://studio.xanhmedia.vn/uploads/2026-09/1788593401193_ab7a52_bb1fc585-f087-407a-b043-49c06e320521_cd8.jpg
2026-09-05T07:30:01.533Z [cd8fb2bb-eb56-45ff-98f8-4e240fa081b1][bb1fc585-f087-407a-b043-49c06e320521] Item 1: Uploaded → https://studio.xanhmedia.vn/uploads/2026-09/1788593401224_090bb7_bb1fc585-f087-407a-b043-49c06e320521_cd8.jpg
2026-09-05T07:30:01.582Z [cd8fb2bb-eb56-45ff-98f8-4e240fa081b1][bb1fc585-f087-407a-b043-49c06e320521] Item 3: Uploaded → https://studio.xanhmedia.vn/uploads/2026-09/1788593401267_7725f9_bb1fc585-f087-407a-b043-49c06e320521_cd8.jpg
2026-09-05T07:30:01.670Z [e929e47b-973f-4768-9f47-2240e836cc83][bb1fc585-f087-407a-b043-49c06e320521] Generating... 3 ready, 0 failed / 4 total (142s)
2026-09-05T07:30:01.682Z [cd8fb2bb-eb56-45ff-98f8-4e240fa081b1][bb1fc585-f087-407a-b043-49c06e320521] Item 2: Uploaded → https://studio.xanhmedia.vn/uploads/2026-09/1788593401372_78a65c_bb1fc585-f087-407a-b043-49c06e320521_cd8.jpg
2026-09-05T07:30:01.684Z [cd8fb2bb-eb56-45ff-98f8-4e240fa081b1][bb1fc585-f087-407a-b043-49c06e320521] All done (including any 1080p upgrades). Closing Playwright browser context.
2026-09-05T07:30:01.774Z [bf8c9b10-87a3-4bb3-94f4-b2a4126fed7e][bb1fc585-f087-407a-b043-49c06e320521] runGeneration starting: task_id=bf8c9b10-87a3-4bb3-94f4-b2a4126fed7e, profile_id=bb1fc585-f087-407a-b043-49c06e320521, target_site=google_flow
2026-09-05T07:30:01.775Z [bf8c9b10-87a3-4bb3-94f4-b2a4126fed7e][bb1fc585-f087-407a-b043-49c06e320521] Opening Playwright browser with persistent profile cookies...
2026-09-05T07:30:01.776Z [bf8c9b10-87a3-4bb3-94f4-b2a4126fed7e][bb1fc585-f087-407a-b043-49c06e320521] Browser engine: winhide (C:\Users\Admin\AppData\Roaming\com.tank.winai\winhide\chrome.exe) [hidden off-screen]
2026-09-05T07:30:01.777Z [bf8c9b10-87a3-4bb3-94f4-b2a4126fed7e][bb1fc585-f087-407a-b043-49c06e320521] Launch mode: STEALTH (raw spawn + connectOverCDP)
2026-09-05T07:30:03.902Z [bf8c9b10-87a3-4bb3-94f4-b2a4126fed7e][bb1fc585-f087-407a-b043-49c06e320521] Exit IP: 115.74.128.9
2026-09-05T07:30:03.902Z [bf8c9b10-87a3-4bb3-94f4-b2a4126fed7e][bb1fc585-f087-407a-b043-49c06e320521] Navigating browser to Google Flow tools page...
2026-09-05T07:30:03.903Z [bf8c9b10-87a3-4bb3-94f4-b2a4126fed7e][bb1fc585-f087-407a-b043-49c06e320521] Using existing project URL: https://flow.google.com/project/33ca2cc2-c9ff-4bb6-9048-2a7af1dfcfee?hl=en
2026-09-05T07:30:03.972Z [180bc528-9515-47fa-8abe-55d39198ab92][bb1fc585-f087-407a-b043-49c06e320521] Composer ready ✓ (UI language: en)
2026-09-05T07:30:04.007Z [180bc528-9515-47fa-8abe-55d39198ab92][bb1fc585-f087-407a-b043-49c06e320521] dismissPopups: unresolved overlay(s) ["DIV[]|btns=","DIV[]|btns="]
2026-09-05T07:30:04.049Z [180bc528-9515-47fa-8abe-55d39198ab92][bb1fc585-f087-407a-b043-49c06e320521] Agent toggle aria-pressed=false
2026-09-05T07:30:04.049Z [180bc528-9515-47fa-8abe-55d39198ab92][bb1fc585-f087-407a-b043-49c06e320521] Opening settings...
2026-09-05T07:30:04.689Z [e929e47b-973f-4768-9f47-2240e836cc83][bb1fc585-f087-407a-b043-49c06e320521] Generating... 3 ready, 0 failed / 4 total (145s)
2026-09-05T07:30:05.883Z [bf8c9b10-87a3-4bb3-94f4-b2a4126fed7e][bb1fc585-f087-407a-b043-49c06e320521] Waiting for Google Flow...
2026-09-05T07:30:06.300Z [180bc528-9515-47fa-8abe-55d39198ab92][bb1fc585-f087-407a-b043-49c06e320521] Configuring image settings...
2026-09-05T07:30:07.416Z [bf8c9b10-87a3-4bb3-94f4-b2a4126fed7e][bb1fc585-f087-407a-b043-49c06e320521] In existing project ✓
2026-09-05T07:30:07.704Z [e929e47b-973f-4768-9f47-2240e836cc83][bb1fc585-f087-407a-b043-49c06e320521] Generating... 3 ready, 0 failed / 4 total (148s)
2026-09-05T07:30:08.043Z [180bc528-9515-47fa-8abe-55d39198ab92][bb1fc585-f087-407a-b043-49c06e320521] Mode: selected "image Image" ✓
2026-09-05T07:30:08.602Z [bf8c9b10-87a3-4bb3-94f4-b2a4126fed7e][bb1fc585-f087-407a-b043-49c06e320521] dismissPopups: unresolved overlay(s) ["IFRAME[presentation]|btns="]
2026-09-05T07:30:10.630Z [277492c4-1bab-40e2-8b42-55c218744331][bb1fc585-f087-407a-b043-49c06e320521] Prompt insert attempt 1: editor has 2163 chars (want ~2209) ✓
2026-09-05T07:30:10.730Z [e929e47b-973f-4768-9f47-2240e836cc83][bb1fc585-f087-407a-b043-49c06e320521] Generating... 3 ready, 0 failed / 4 total (151s)
2026-09-05T07:30:11.781Z [bf8c9b10-87a3-4bb3-94f4-b2a4126fed7e][bb1fc585-f087-407a-b043-49c06e320521] Composer ready ✓ (UI language: en)
2026-09-05T07:30:11.873Z [bf8c9b10-87a3-4bb3-94f4-b2a4126fed7e][bb1fc585-f087-407a-b043-49c06e320521] dismissPopups: unresolved overlay(s) ["DIV[]|btns=","DIV[]|btns="]
2026-09-05T07:30:11.911Z [bf8c9b10-87a3-4bb3-94f4-b2a4126fed7e][bb1fc585-f087-407a-b043-49c06e320521] Agent toggle aria-pressed=false
2026-09-05T07:30:11.912Z [bf8c9b10-87a3-4bb3-94f4-b2a4126fed7e][bb1fc585-f087-407a-b043-49c06e320521] Opening settings...
2026-09-05T07:30:12.560Z [277492c4-1bab-40e2-8b42-55c218744331][bb1fc585-f087-407a-b043-49c06e320521] Baseline: 47 pre-existing media tile(s) of 48 mounted (kinds: image,image,image,image,image,image,image,image,image,image,image,image,image,image,image,image,image,image,image,image,image,image,image,image,image,image,image,image,image,image,image,image,image,image,image,image,image,video,video,image,image,video,video,image,video,video,image,video).
2026-09-05T07:30:13.076Z [180bc528-9515-47fa-8abe-55d39198ab92][bb1fc585-f087-407a-b043-49c06e320521] Model: selected "🍌 Nano Banana 2" ✓
2026-09-05T07:30:13.636Z [180bc528-9515-47fa-8abe-55d39198ab92][bb1fc585-f087-407a-b043-49c06e320521] Aspect ratio: "crop_16_9 16:9" already selected ✓
2026-09-05T07:30:13.742Z [e929e47b-973f-4768-9f47-2240e836cc83][bb1fc585-f087-407a-b043-49c06e320521] Generating... 3 ready, 0 failed / 4 total (154s)
2026-09-05T07:30:14.026Z [bf8c9b10-87a3-4bb3-94f4-b2a4126fed7e][bb1fc585-f087-407a-b043-49c06e320521] Configuring image settings...
2026-09-05T07:30:14.711Z [277492c4-1bab-40e2-8b42-55c218744331][bb1fc585-f087-407a-b043-49c06e320521] [submit] confirmed (editor "What do you want to ", fresh tile=true).
2026-09-05T07:30:15.293Z [277492c4-1bab-40e2-8b42-55c218744331][bb1fc585-f087-407a-b043-49c06e320521] Current Workspace project URL: https://flow.google.com/project/c2a607c5-d833-4be1-8108-407b74d4ed85?hl=en
2026-09-05T07:30:15.293Z [277492c4-1bab-40e2-8b42-55c218744331][bb1fc585-f087-407a-b043-49c06e320521] Submitted ✓ Detecting batch size...
2026-09-05T07:30:15.305Z [277492c4-1bab-40e2-8b42-55c218744331][bb1fc585-f087-407a-b043-49c06e320521] New tile(s) since submit: 0 → 5 (mounted=47)
2026-09-05T07:30:15.374Z [180bc528-9515-47fa-8abe-55d39198ab92][bb1fc585-f087-407a-b043-49c06e320521] Output count: selected "x4" ✓
2026-09-05T07:30:15.753Z [bf8c9b10-87a3-4bb3-94f4-b2a4126fed7e][bb1fc585-f087-407a-b043-49c06e320521] Mode: selected "image Image" ✓
2026-09-05T07:30:16.252Z [180bc528-9515-47fa-8abe-55d39198ab92][bb1fc585-f087-407a-b043-49c06e320521] Ref image 1/7: downloading from URL...
2026-09-05T07:30:16.438Z [180bc528-9515-47fa-8abe-55d39198ab92][bb1fc585-f087-407a-b043-49c06e320521] Downloader: no-proxy request context ready.
2026-09-05T07:30:16.763Z [e929e47b-973f-4768-9f47-2240e836cc83][bb1fc585-f087-407a-b043-49c06e320521] Generating... 3 ready, 0 failed / 4 total (157s)
2026-09-05T07:30:17.267Z [180bc528-9515-47fa-8abe-55d39198ab92][bb1fc585-f087-407a-b043-49c06e320521] Ref image 1/7: saved 468314 bytes (image/jpeg) as "Arlo Water Park Day.jpeg"
2026-09-05T07:30:17.271Z [180bc528-9515-47fa-8abe-55d39198ab92][bb1fc585-f087-407a-b043-49c06e320521] Ref image 1/7: attaching reference image...
2026-09-05T07:30:19.472Z [277492c4-1bab-40e2-8b42-55c218744331][bb1fc585-f087-407a-b043-49c06e320521] Batch size stabilised at 5 new tile(s)
2026-09-05T07:30:19.473Z [277492c4-1bab-40e2-8b42-55c218744331][bb1fc585-f087-407a-b043-49c06e320521] Batch detected: 4 item(s). Generating...
2026-09-05T07:30:19.473Z [277492c4-1bab-40e2-8b42-55c218744331][bb1fc585-f087-407a-b043-49c06e320521] Polling for 5 image item(s) (baseline=47, hasUpload=true)...
2026-09-05T07:30:19.486Z [277492c4-1bab-40e2-8b42-55c218744331][bb1fc585-f087-407a-b043-49c06e320521] Generating... 0 ready, 0 failed / 4 total (0s) image 38% [BỐI CẢNH] image 38% [BỐI CẢNH] image 38% [BỐI CẢNH] image 38% [BỐI CẢNH] image 100%
2026-09-05T07:30:19.557Z [180bc528-9515-47fa-8abe-55d39198ab92][bb1fc585-f087-407a-b043-49c06e320521] Ref image 1/7: reusing library asset "Arlo Water Park Day.jpeg" (no re-upload).
2026-09-05T07:30:19.776Z [e929e47b-973f-4768-9f47-2240e836cc83][bb1fc585-f087-407a-b043-49c06e320521] Generating... 3 ready, 0 failed / 4 total (160s)
2026-09-05T07:30:20.503Z [bf8c9b10-87a3-4bb3-94f4-b2a4126fed7e][bb1fc585-f087-407a-b043-49c06e320521] Model: selected "🍌 Nano Banana 2" ✓
2026-09-05T07:30:21.174Z [bf8c9b10-87a3-4bb3-94f4-b2a4126fed7e][bb1fc585-f087-407a-b043-49c06e320521] Aspect ratio: "crop_16_9 16:9" already selected ✓
2026-09-05T07:30:22.503Z [277492c4-1bab-40e2-8b42-55c218744331][bb1fc585-f087-407a-b043-49c06e320521] Generating... 0 ready, 0 failed / 4 total (3s) image 58% [BỐI CẢNH] image 58% [BỐI CẢNH] image 58% [BỐI CẢNH] image 58% [BỐI CẢNH]
2026-09-05T07:30:22.741Z [bf8c9b10-87a3-4bb3-94f4-b2a4126fed7e][bb1fc585-f087-407a-b043-49c06e320521] Output count: selected "x4" ✓
2026-09-05T07:30:22.799Z [e929e47b-973f-4768-9f47-2240e836cc83][bb1fc585-f087-407a-b043-49c06e320521] Generating... 3 ready, 0 failed / 4 total (163s)
2026-09-05T07:30:23.131Z [180bc528-9515-47fa-8abe-55d39198ab92][bb1fc585-f087-407a-b043-49c06e320521] Ref image 1/7: chips 0→1 ✓
2026-09-05T07:30:23.904Z [bf8c9b10-87a3-4bb3-94f4-b2a4126fed7e][bb1fc585-f087-407a-b043-49c06e320521] Ref image 1/7: downloading from URL...
2026-09-05T07:30:24.087Z [bf8c9b10-87a3-4bb3-94f4-b2a4126fed7e][bb1fc585-f087-407a-b043-49c06e320521] Downloader: no-proxy request context ready.
2026-09-05T07:30:24.134Z [180bc528-9515-47fa-8abe-55d39198ab92][bb1fc585-f087-407a-b043-49c06e320521] Ref image 2/7: downloading from URL...
2026-09-05T07:30:24.619Z [180bc528-9515-47fa-8abe-55d39198ab92][bb1fc585-f087-407a-b043-49c06e320521] Ref image 2/7: saved 628888 bytes (image/jpeg) as "Nessa Water Park Day.jpeg"
2026-09-05T07:30:24.623Z [180bc528-9515-47fa-8abe-55d39198ab92][bb1fc585-f087-407a-b043-49c06e320521] Ref image 2/7: attaching reference image...
2026-09-05T07:30:24.730Z [bf8c9b10-87a3-4bb3-94f4-b2a4126fed7e][bb1fc585-f087-407a-b043-49c06e320521] Ref image 1/7: saved 468314 bytes (image/jpeg) as "Arlo Water Park Day.jpeg"
2026-09-05T07:30:24.733Z [bf8c9b10-87a3-4bb3-94f4-b2a4126fed7e][bb1fc585-f087-407a-b043-49c06e320521] Ref image 1/7: attaching reference image...
2026-09-05T07:30:25.520Z [277492c4-1bab-40e2-8b42-55c218744331][bb1fc585-f087-407a-b043-49c06e320521] Generating... 1 ready, 0 failed / 4 total (6s) image 78% [BỐI CẢNH] image 78% [BỐI CẢNH] image 78% [BỐI CẢNH] image 78% [BỐI CẢNH]
2026-09-05T07:30:25.816Z [e929e47b-973f-4768-9f47-2240e836cc83][bb1fc585-f087-407a-b043-49c06e320521] Generating... 3 ready, 0 failed / 4 total (166s)
2026-09-05T07:30:26.562Z [180bc528-9515-47fa-8abe-55d39198ab92][bb1fc585-f087-407a-b043-49c06e320521] Ref image 2/7: reusing library asset "Nessa Water Park Day.jpeg" (no re-upload).
2026-09-05T07:30:26.749Z [bf8c9b10-87a3-4bb3-94f4-b2a4126fed7e][bb1fc585-f087-407a-b043-49c06e320521] Ref image 1/7: reusing library asset "Arlo Water Park Day.jpeg" (no re-upload).
2026-09-05T07:30:28.535Z [277492c4-1bab-40e2-8b42-55c218744331][bb1fc585-f087-407a-b043-49c06e320521] Generating... 1 ready, 0 failed / 4 total (9s) image 98% [BỐI CẢNH] image 98% [BỐI CẢNH] image 98% [BỐI CẢNH] image 98% [BỐI CẢNH]
2026-09-05T07:30:28.834Z [e929e47b-973f-4768-9f47-2240e836cc83][bb1fc585-f087-407a-b043-49c06e320521] Generating... 3 ready, 0 failed / 4 total (169s)
2026-09-05T07:30:29.702Z [180bc528-9515-47fa-8abe-55d39198ab92][bb1fc585-f087-407a-b043-49c06e320521] Ref image 2/7: chips 1→2 ✓
2026-09-05T07:30:30.047Z [bf8c9b10-87a3-4bb3-94f4-b2a4126fed7e][bb1fc585-f087-407a-b043-49c06e320521] Ref image 1/7: chips 0→1 ✓
2026-09-05T07:30:31.212Z [180bc528-9515-47fa-8abe-55d39198ab92][bb1fc585-f087-407a-b043-49c06e320521] Ref image 3/7: downloading from URL...
2026-09-05T07:30:31.314Z [bf8c9b10-87a3-4bb3-94f4-b2a4126fed7e][bb1fc585-f087-407a-b043-49c06e320521] Ref image 2/7: downloading from URL...
2026-09-05T07:30:31.551Z [277492c4-1bab-40e2-8b42-55c218744331][bb1fc585-f087-407a-b043-49c06e320521] Generating... 1 ready, 0 failed / 4 total (12s) image 99% [BỐI CẢNH] image 99% [BỐI CẢNH] image 99% [BỐI CẢNH] image 99% [BỐI CẢNH]
2026-09-05T07:30:31.700Z [180bc528-9515-47fa-8abe-55d39198ab92][bb1fc585-f087-407a-b043-49c06e320521] Ref image 3/7: saved 653843 bytes (image/jpeg) as "Graham Water Park Day.jpeg"
2026-09-05T07:30:31.704Z [180bc528-9515-47fa-8abe-55d39198ab92][bb1fc585-f087-407a-b043-49c06e320521] Ref image 3/7: attaching reference image...
2026-09-05T07:30:31.714Z [bf8c9b10-87a3-4bb3-94f4-b2a4126fed7e][bb1fc585-f087-407a-b043-49c06e320521] Ref image 2/7: saved 628888 bytes (image/jpeg) as "Nessa Water Park Day.jpeg"
2026-09-05T07:30:31.718Z [bf8c9b10-87a3-4bb3-94f4-b2a4126fed7e][bb1fc585-f087-407a-b043-49c06e320521] Ref image 2/7: attaching reference image...
2026-09-05T07:30:31.859Z [e929e47b-973f-4768-9f47-2240e836cc83][bb1fc585-f087-407a-b043-49c06e320521] Generating... 3 ready, 0 failed / 4 total (172s)
2026-09-05T07:30:33.507Z [bf8c9b10-87a3-4bb3-94f4-b2a4126fed7e][bb1fc585-f087-407a-b043-49c06e320521] Ref image 2/7: reusing library asset "Nessa Water Park Day.jpeg" (no re-upload).
2026-09-05T07:30:33.647Z [180bc528-9515-47fa-8abe-55d39198ab92][bb1fc585-f087-407a-b043-49c06e320521] Ref image 3/7: reusing library asset "Graham Water Park Day.jpeg" (no re-upload).
2026-09-05T07:30:34.564Z [277492c4-1bab-40e2-8b42-55c218744331][bb1fc585-f087-407a-b043-49c06e320521] Generating... 1 ready, 0 failed / 4 total (15s) image 99% [BỐI CẢNH] image 99% [BỐI CẢNH] image 99% [BỐI CẢNH] image 99% [BỐI CẢNH]
2026-09-05T07:30:34.879Z [e929e47b-973f-4768-9f47-2240e836cc83][bb1fc585-f087-407a-b043-49c06e320521] Generating... 3 ready, 0 failed / 4 total (175s)
2026-09-05T07:30:37.199Z [180bc528-9515-47fa-8abe-55d39198ab92][bb1fc585-f087-407a-b043-49c06e320521] Ref image 3/7: chips 2→3 ✓
2026-09-05T07:30:37.260Z [bf8c9b10-87a3-4bb3-94f4-b2a4126fed7e][bb1fc585-f087-407a-b043-49c06e320521] Ref image 2/7: chips 1→2 ✓
2026-09-05T07:30:37.585Z [277492c4-1bab-40e2-8b42-55c218744331][bb1fc585-f087-407a-b043-49c06e320521] Generating... 1 ready, 0 failed / 4 total (18s) image 99% [BỐI CẢNH] image 99% [BỐI CẢNH] image 99% [BỐI CẢNH] image 99% [BỐI CẢNH]
2026-09-05T07:30:37.902Z [e929e47b-973f-4768-9f47-2240e836cc83][bb1fc585-f087-407a-b043-49c06e320521] Generating... 3 ready, 0 failed / 4 total (178s)
2026-09-05T07:30:38.254Z [180bc528-9515-47fa-8abe-55d39198ab92][bb1fc585-f087-407a-b043-49c06e320521] Ref image 4/7: downloading from URL...
2026-09-05T07:30:38.628Z [180bc528-9515-47fa-8abe-55d39198ab92][bb1fc585-f087-407a-b043-49c06e320521] Ref image 4/7: saved 549605 bytes (image/jpeg) as "Elara Water Park Day.jpeg"
2026-09-05T07:30:38.632Z [180bc528-9515-47fa-8abe-55d39198ab92][bb1fc585-f087-407a-b043-49c06e320521] Ref image 4/7: attaching reference image...
2026-09-05T07:30:38.741Z [bf8c9b10-87a3-4bb3-94f4-b2a4126fed7e][bb1fc585-f087-407a-b043-49c06e320521] Ref image 3/7: downloading from URL...
2026-09-05T07:30:39.147Z [bf8c9b10-87a3-4bb3-94f4-b2a4126fed7e][bb1fc585-f087-407a-b043-49c06e320521] Ref image 3/7: saved 478546 bytes (image/jpeg) as "Verdant Water Park Three Child Extras.jpeg"
2026-09-05T07:30:39.150Z [bf8c9b10-87a3-4bb3-94f4-b2a4126fed7e][bb1fc585-f087-407a-b043-49c06e320521] Ref image 3/7: attaching reference image...
2026-09-05T07:30:40.603Z [277492c4-1bab-40e2-8b42-55c218744331][bb1fc585-f087-407a-b043-49c06e320521] Generating... 1 ready, 0 failed / 4 total (21s) image 99% [BỐI CẢNH] image 99% [BỐI CẢNH] image 99% [BỐI CẢNH] image 99% [BỐI CẢNH]
2026-09-05T07:30:40.904Z [e929e47b-973f-4768-9f47-2240e836cc83][bb1fc585-f087-407a-b043-49c06e320521] Poll ended with 3/4 ready — salvaging the completed item(s).
2026-09-05T07:30:40.905Z [e929e47b-973f-4768-9f47-2240e836cc83][bb1fc585-f087-407a-b043-49c06e320521] 3 item(s) ready! Downloading...
2026-09-05T07:30:40.906Z [e929e47b-973f-4768-9f47-2240e836cc83][bb1fc585-f087-407a-b043-49c06e320521] Item 1: Downloading from URL https://flow-content.google/image/3c496381-d9f4-4ffd-a73d-6724115c99b0?Expires=1788614856&KeyName=labs-flow-prod-cdn-key&Signature=UK99jCogbgMDDA-pW8X2p1RjRwk
2026-09-05T07:30:40.957Z [bf8c9b10-87a3-4bb3-94f4-b2a4126fed7e][bb1fc585-f087-407a-b043-49c06e320521] Ref image 3/7: "Verdant Water Park Three Child Extras.jpeg" not in the library yet — uploading it first.
2026-09-05T07:30:41.107Z [180bc528-9515-47fa-8abe-55d39198ab92][bb1fc585-f087-407a-b043-49c06e320521] Ref image 4/7: reusing library asset "Elara Water Park Day.jpeg" (no re-upload).
2026-09-05T07:30:41.273Z [e929e47b-973f-4768-9f47-2240e836cc83][bb1fc585-f087-407a-b043-49c06e320521] Downloaded 1/3: winai_2026-09-05T07-30-40_01.jpg
2026-09-05T07:30:41.274Z [e929e47b-973f-4768-9f47-2240e836cc83][bb1fc585-f087-407a-b043-49c06e320521] Item 2: Downloading from URL https://flow-content.google/image/6f4dbd0e-c54a-4ccc-af76-1c563a07f235?Expires=1788614854&KeyName=labs-flow-prod-cdn-key&Signature=m5jFm2y-EAWYJSJRx0uv_LDsWEg
2026-09-05T07:30:41.391Z [e929e47b-973f-4768-9f47-2240e836cc83][bb1fc585-f087-407a-b043-49c06e320521] Downloaded 2/3: winai_2026-09-05T07-30-40_02.jpg
2026-09-05T07:30:41.391Z [e929e47b-973f-4768-9f47-2240e836cc83][bb1fc585-f087-407a-b043-49c06e320521] Item 3: Downloading from URL https://flow-content.google/image/0bfdc391-7a4d-43d0-8b10-ef5aed18b573?Expires=1788614854&KeyName=labs-flow-prod-cdn-key&Signature=pkIsskOKMzTRRVGo8T-NmIXQb7s
2026-09-05T07:30:41.470Z [e929e47b-973f-4768-9f47-2240e836cc83][bb1fc585-f087-407a-b043-49c06e320521] Downloaded 3/3: winai_2026-09-05T07-30-40_03.jpg
2026-09-05T07:30:41.470Z [e929e47b-973f-4768-9f47-2240e836cc83][bb1fc585-f087-407a-b043-49c06e320521] ✅ 3 item(s) saved to Downloads/Win AI Toolkit/
2026-09-05T07:30:41.725Z [e929e47b-973f-4768-9f47-2240e836cc83][bb1fc585-f087-407a-b043-49c06e320521] Item 2: Uploaded → https://studio.xanhmedia.vn/uploads/2026-09/1788593441425_30b879_bb1fc585-f087-407a-b043-49c06e320521_e92.jpg
2026-09-05T07:30:41.739Z [e929e47b-973f-4768-9f47-2240e836cc83][bb1fc585-f087-407a-b043-49c06e320521] Item 3: Uploaded → https://studio.xanhmedia.vn/uploads/2026-09/1788593441436_8a2fd9_bb1fc585-f087-407a-b043-49c06e320521_e92.jpg
2026-09-05T07:30:41.772Z [e929e47b-973f-4768-9f47-2240e836cc83][bb1fc585-f087-407a-b043-49c06e320521] Item 1: Uploaded → https://studio.xanhmedia.vn/uploads/2026-09/1788593441463_3dde7e_bb1fc585-f087-407a-b043-49c06e320521_e92.jpg
2026-09-05T07:30:41.773Z [e929e47b-973f-4768-9f47-2240e836cc83][bb1fc585-f087-407a-b043-49c06e320521] All done (including any 1080p upgrades). Closing Playwright browser context.
2026-09-05T07:30:42.494Z [bc1a5e3d-eb0b-406d-91cb-018824cde91a][bb1fc585-f087-407a-b043-49c06e320521] runGeneration starting: task_id=bc1a5e3d-eb0b-406d-91cb-018824cde91a, profile_id=bb1fc585-f087-407a-b043-49c06e320521, target_site=google_flow
2026-09-05T07:30:42.495Z [bc1a5e3d-eb0b-406d-91cb-018824cde91a][bb1fc585-f087-407a-b043-49c06e320521] Opening Playwright browser with persistent profile cookies...
2026-09-05T07:30:42.495Z [bc1a5e3d-eb0b-406d-91cb-018824cde91a][bb1fc585-f087-407a-b043-49c06e320521] Browser engine: winhide (C:\Users\Admin\AppData\Roaming\com.tank.winai\winhide\chrome.exe) [hidden off-screen]
2026-09-05T07:30:42.496Z [bc1a5e3d-eb0b-406d-91cb-018824cde91a][bb1fc585-f087-407a-b043-49c06e320521] Launch mode: STEALTH (raw spawn + connectOverCDP)
2026-09-05T07:30:43.620Z [277492c4-1bab-40e2-8b42-55c218744331][bb1fc585-f087-407a-b043-49c06e320521] Generating... 1 ready, 0 failed / 4 total (24s) image 99% [BỐI CẢNH] image 99% [BỐI CẢNH] image 99% [BỐI CẢNH] image 99% [BỐI CẢNH]
2026-09-05T07:30:43.944Z [bc1a5e3d-eb0b-406d-91cb-018824cde91a][bb1fc585-f087-407a-b043-49c06e320521] Exit IP: 115.74.128.9
2026-09-05T07:30:43.944Z [bc1a5e3d-eb0b-406d-91cb-018824cde91a][bb1fc585-f087-407a-b043-49c06e320521] Navigating browser to Google Flow tools page...
2026-09-05T07:30:43.945Z [bc1a5e3d-eb0b-406d-91cb-018824cde91a][bb1fc585-f087-407a-b043-49c06e320521] Using existing project URL: https://flow.google.com/project/cd81a7d3-c989-419e-891a-f8694174cb85?hl=en
2026-09-05T07:30:44.515Z [180bc528-9515-47fa-8abe-55d39198ab92][bb1fc585-f087-407a-b043-49c06e320521] Ref image 4/7: chips 3→4 ✓
2026-09-05T07:30:44.701Z [bf8c9b10-87a3-4bb3-94f4-b2a4126fed7e][bb1fc585-f087-407a-b043-49c06e320521] Ref image 3/7: uploading "Verdant Water Park Three Child Extras.jpeg" to the project library...
2026-09-05T07:30:44.759Z [bc1a5e3d-eb0b-406d-91cb-018824cde91a][bb1fc585-f087-407a-b043-49c06e320521] Waiting for Google Flow...
2026-09-05T07:30:45.954Z [bf8c9b10-87a3-4bb3-94f4-b2a4126fed7e][bb1fc585-f087-407a-b043-49c06e320521] Ref image 3/7: upload finished ✓
2026-09-05T07:30:46.133Z [180bc528-9515-47fa-8abe-55d39198ab92][bb1fc585-f087-407a-b043-49c06e320521] Ref image 5/7: downloading from URL...
2026-09-05T07:30:46.487Z [180bc528-9515-47fa-8abe-55d39198ab92][bb1fc585-f087-407a-b043-49c06e320521] Ref image 5/7: saved 478546 bytes (image/jpeg) as "Verdant Water Park Three Child Extras.jpeg"
2026-09-05T07:30:46.492Z [180bc528-9515-47fa-8abe-55d39198ab92][bb1fc585-f087-407a-b043-49c06e320521] Ref image 5/7: attaching reference image...
2026-09-05T07:30:46.644Z [277492c4-1bab-40e2-8b42-55c218744331][bb1fc585-f087-407a-b043-49c06e320521] Generating... 1 ready, 0 failed / 4 total (27s) image 99% [BỐI CẢNH] image 99% [BỐI CẢNH] image 99% [BỐI CẢNH] image 99% [BỐI CẢNH]
2026-09-05T07:30:46.997Z [bc1a5e3d-eb0b-406d-91cb-018824cde91a][bb1fc585-f087-407a-b043-49c06e320521] In existing project ✓
2026-09-05T07:30:48.117Z [bc1a5e3d-eb0b-406d-91cb-018824cde91a][bb1fc585-f087-407a-b043-49c06e320521] dismissPopups: unresolved overlay(s) ["IFRAME[presentation]|btns="]
2026-09-05T07:30:48.513Z [180bc528-9515-47fa-8abe-55d39198ab92][bb1fc585-f087-407a-b043-49c06e320521] Ref image 5/7: "Verdant Water Park Three Child Extras.jpeg" not in the library yet — uploading it first.
2026-09-05T07:30:49.668Z [277492c4-1bab-40e2-8b42-55c218744331][bb1fc585-f087-407a-b043-49c06e320521] Generating... 1 ready, 0 failed / 4 total (30s) [BỐI CẢNH]Verdant Fa image 99% [BỐI CẢNH] image 99% [BỐI CẢNH] image 99% [BỐI CẢNH]
2026-09-05T07:30:50.999Z [bc1a5e3d-eb0b-406d-91cb-018824cde91a][bb1fc585-f087-407a-b043-49c06e320521] Composer ready ✓ (UI language: en)
2026-09-05T07:30:51.089Z [bc1a5e3d-eb0b-406d-91cb-018824cde91a][bb1fc585-f087-407a-b043-49c06e320521] dismissPopups: unresolved overlay(s) ["DIV[]|btns=","DIV[]|btns="]
2026-09-05T07:30:51.150Z [bc1a5e3d-eb0b-406d-91cb-018824cde91a][bb1fc585-f087-407a-b043-49c06e320521] Agent toggle aria-pressed=false
2026-09-05T07:30:51.151Z [bc1a5e3d-eb0b-406d-91cb-018824cde91a][bb1fc585-f087-407a-b043-49c06e320521] Opening settings...
2026-09-05T07:30:52.687Z [277492c4-1bab-40e2-8b42-55c218744331][bb1fc585-f087-407a-b043-49c06e320521] Generating... 2 ready, 0 failed / 4 total (33s) image 99% [BỐI CẢNH] image 99% [BỐI CẢNH] [BỐI CẢNH]Verdant Fa
2026-09-05T07:30:52.724Z [180bc528-9515-47fa-8abe-55d39198ab92][bb1fc585-f087-407a-b043-49c06e320521] Ref image 5/7: uploading "Verdant Water Park Three Child Extras.jpeg" to the project library...
2026-09-05T07:30:52.777Z [bc1a5e3d-eb0b-406d-91cb-018824cde91a][bb1fc585-f087-407a-b043-49c06e320521] Configuring image settings...
2026-09-05T07:30:53.674Z [180bc528-9515-47fa-8abe-55d39198ab92][bb1fc585-f087-407a-b043-49c06e320521] Ref image 5/7: upload finished ✓
2026-09-05T07:30:54.407Z [bc1a5e3d-eb0b-406d-91cb-018824cde91a][bb1fc585-f087-407a-b043-49c06e320521] Mode: selected "image Image" ✓
2026-09-05T07:30:55.709Z [277492c4-1bab-40e2-8b42-55c218744331][bb1fc585-f087-407a-b043-49c06e320521] Generating... 3 ready, 0 failed / 4 total (36s) [BỐI CẢNH]Verdant Fa image 99% [BỐI CẢNH]
2026-09-05T07:30:56.646Z [bf8c9b10-87a3-4bb3-94f4-b2a4126fed7e][bb1fc585-f087-407a-b043-49c06e320521] Ref image 3/7: chips 2→3 ✓
2026-09-05T07:30:58.253Z [bf8c9b10-87a3-4bb3-94f4-b2a4126fed7e][bb1fc585-f087-407a-b043-49c06e320521] Ref image 4/7: downloading from URL...
2026-09-05T07:30:58.724Z [277492c4-1bab-40e2-8b42-55c218744331][bb1fc585-f087-407a-b043-49c06e320521] Generating... 4 ready, 0 failed / 4 total (39s) [BỐI CẢNH]Verdant Fa
2026-09-05T07:30:58.725Z [277492c4-1bab-40e2-8b42-55c218744331][bb1fc585-f087-407a-b043-49c06e320521] Batch done: 4 ready (target 4), 0 failed, scanned 5.
2026-09-05T07:30:58.726Z [277492c4-1bab-40e2-8b42-55c218744331][bb1fc585-f087-407a-b043-49c06e320521] 4 item(s) ready! Downloading...
2026-09-05T07:30:58.728Z [277492c4-1bab-40e2-8b42-55c218744331][bb1fc585-f087-407a-b043-49c06e320521] Item 1: Downloading from URL https://flow-content.google/image/79303d28-8b67-4c9c-9bdb-8fdab649ad1e?Expires=1788615016&KeyName=labs-flow-prod-cdn-key&Signature=vNdrKCTehBVNTdC-OqaZW0CQZXc
2026-09-05T07:30:59.087Z [277492c4-1bab-40e2-8b42-55c218744331][bb1fc585-f087-407a-b043-49c06e320521] Downloaded 1/4: winai_2026-09-05T07-30-58_01.jpg
2026-09-05T07:30:59.088Z [277492c4-1bab-40e2-8b42-55c218744331][bb1fc585-f087-407a-b043-49c06e320521] Item 2: Downloading from URL https://flow-content.google/image/79d6ee91-7ba7-402b-b417-8edd76e0677d?Expires=1788615015&KeyName=labs-flow-prod-cdn-key&Signature=JrLdIJ1BTAEHWsX9CUXnkvt0tYg
2026-09-05T07:30:59.174Z [277492c4-1bab-40e2-8b42-55c218744331][bb1fc585-f087-407a-b043-49c06e320521] Downloaded 2/4: winai_2026-09-05T07-30-58_02.jpg
2026-09-05T07:30:59.174Z [277492c4-1bab-40e2-8b42-55c218744331][bb1fc585-f087-407a-b043-49c06e320521] Item 3: Downloading from URL https://flow-content.google/image/c8ebf411-1f15-4992-989c-a152c4f66d82?Expires=1788615014&KeyName=labs-flow-prod-cdn-key&Signature=MzmJc8ruzHnT-Z1fTj89QZsOrXY
2026-09-05T07:30:59.262Z [277492c4-1bab-40e2-8b42-55c218744331][bb1fc585-f087-407a-b043-49c06e320521] Downloaded 3/4: winai_2026-09-05T07-30-58_03.jpg
2026-09-05T07:30:59.263Z [277492c4-1bab-40e2-8b42-55c218744331][bb1fc585-f087-407a-b043-49c06e320521] Item 4: Downloading from URL https://flow-content.google/image/d586a85b-b4c9-4718-ae81-c94d347d21ab?Expires=1788615018&KeyName=labs-flow-prod-cdn-key&Signature=bFhPDWWXiLIzOqVibeXw6VcvS3k
2026-09-05T07:30:59.336Z [277492c4-1bab-40e2-8b42-55c218744331][bb1fc585-f087-407a-b043-49c06e320521] Downloaded 4/4: winai_2026-09-05T07-30-58_04.jpg
2026-09-05T07:30:59.337Z [277492c4-1bab-40e2-8b42-55c218744331][bb1fc585-f087-407a-b043-49c06e320521] ✅ 4 item(s) saved to Downloads/Win AI Toolkit/
2026-09-05T07:30:59.656Z [277492c4-1bab-40e2-8b42-55c218744331][bb1fc585-f087-407a-b043-49c06e320521] Item 2: Uploaded → https://studio.xanhmedia.vn/uploads/2026-09/1788593459347_92fc9d_bb1fc585-f087-407a-b043-49c06e320521_277.jpg
2026-09-05T07:30:59.685Z [bc1a5e3d-eb0b-406d-91cb-018824cde91a][bb1fc585-f087-407a-b043-49c06e320521] Model: selected "🍌 Nano Banana 2" ✓
2026-09-05T07:30:59.690Z [277492c4-1bab-40e2-8b42-55c218744331][bb1fc585-f087-407a-b043-49c06e320521] Item 3: Uploaded → https://studio.xanhmedia.vn/uploads/2026-09/1788593459384_69aeac_bb1fc585-f087-407a-b043-49c06e320521_277.jpg
2026-09-05T07:30:59.746Z [277492c4-1bab-40e2-8b42-55c218744331][bb1fc585-f087-407a-b043-49c06e320521] Item 4: Uploaded → https://studio.xanhmedia.vn/uploads/2026-09/1788593459436_dc769a_bb1fc585-f087-407a-b043-49c06e320521_277.jpg
2026-09-05T07:30:59.820Z [277492c4-1bab-40e2-8b42-55c218744331][bb1fc585-f087-407a-b043-49c06e320521] Item 1: Uploaded → https://studio.xanhmedia.vn/uploads/2026-09/1788593459511_f12d5d_bb1fc585-f087-407a-b043-49c06e320521_277.jpg
2026-09-05T07:30:59.821Z [277492c4-1bab-40e2-8b42-55c218744331][bb1fc585-f087-407a-b043-49c06e320521] All done (including any 1080p upgrades). Closing Playwright browser context.
2026-09-05T07:31:00.289Z [87862fff-0ba3-493e-95ed-dd990ce200f7][bb1fc585-f087-407a-b043-49c06e320521] runGeneration starting: task_id=87862fff-0ba3-493e-95ed-dd990ce200f7, profile_id=bb1fc585-f087-407a-b043-49c06e320521, target_site=google_flow
2026-09-05T07:31:00.290Z [87862fff-0ba3-493e-95ed-dd990ce200f7][bb1fc585-f087-407a-b043-49c06e320521] Opening Playwright browser with persistent profile cookies...
2026-09-05T07:31:00.291Z [87862fff-0ba3-493e-95ed-dd990ce200f7][bb1fc585-f087-407a-b043-49c06e320521] Browser engine: winhide (C:\Users\Admin\AppData\Roaming\com.tank.winai\winhide\chrome.exe) [hidden off-screen]
2026-09-05T07:31:00.291Z [87862fff-0ba3-493e-95ed-dd990ce200f7][bb1fc585-f087-407a-b043-49c06e320521] Launch mode: STEALTH (raw spawn + connectOverCDP)
2026-09-05T07:31:00.414Z [bc1a5e3d-eb0b-406d-91cb-018824cde91a][bb1fc585-f087-407a-b043-49c06e320521] Aspect ratio: "crop_16_9 16:9" already selected ✓
2026-09-05T07:31:01.807Z [87862fff-0ba3-493e-95ed-dd990ce200f7][bb1fc585-f087-407a-b043-49c06e320521] Exit IP: 115.74.128.9
2026-09-05T07:31:01.807Z [87862fff-0ba3-493e-95ed-dd990ce200f7][bb1fc585-f087-407a-b043-49c06e320521] Navigating browser to Google Flow tools page...
2026-09-05T07:31:01.808Z [87862fff-0ba3-493e-95ed-dd990ce200f7][bb1fc585-f087-407a-b043-49c06e320521] Using existing project URL: https://flow.google.com/project/c2a607c5-d833-4be1-8108-407b74d4ed85?hl=en
2026-09-05T07:31:02.078Z [bc1a5e3d-eb0b-406d-91cb-018824cde91a][bb1fc585-f087-407a-b043-49c06e320521] Output count: selected "x4" ✓
2026-09-05T07:31:02.227Z [bf8c9b10-87a3-4bb3-94f4-b2a4126fed7e][bb1fc585-f087-407a-b043-49c06e320521] Ref image 4/7: saved 653843 bytes (image/jpeg) as "Graham Water Park Day.jpeg"
2026-09-05T07:31:02.232Z [bf8c9b10-87a3-4bb3-94f4-b2a4126fed7e][bb1fc585-f087-407a-b043-49c06e320521] Ref image 4/7: attaching reference image...
2026-09-05T07:31:02.673Z [87862fff-0ba3-493e-95ed-dd990ce200f7][bb1fc585-f087-407a-b043-49c06e320521] Waiting for Google Flow...
2026-09-05T07:31:03.086Z [bc1a5e3d-eb0b-406d-91cb-018824cde91a][bb1fc585-f087-407a-b043-49c06e320521] Ref image 1/4: downloading from URL...
2026-09-05T07:31:03.286Z [bc1a5e3d-eb0b-406d-91cb-018824cde91a][bb1fc585-f087-407a-b043-49c06e320521] Downloader: no-proxy request context ready.
2026-09-05T07:31:03.393Z [180bc528-9515-47fa-8abe-55d39198ab92][bb1fc585-f087-407a-b043-49c06e320521] Ref image 5/7: chips 4→5 ✓
2026-09-05T07:31:03.859Z [bf8c9b10-87a3-4bb3-94f4-b2a4126fed7e][bb1fc585-f087-407a-b043-49c06e320521] Ref image 4/7: reusing library asset "Graham Water Park Day.jpeg" (no re-upload).
2026-09-05T07:31:04.208Z [bc1a5e3d-eb0b-406d-91cb-018824cde91a][bb1fc585-f087-407a-b043-49c06e320521] Ref image 1/4: saved 468314 bytes (image/jpeg) as "Arlo Water Park Day.jpeg"
2026-09-05T07:31:04.213Z [bc1a5e3d-eb0b-406d-91cb-018824cde91a][bb1fc585-f087-407a-b043-49c06e320521] Ref image 1/4: attaching reference image...
2026-09-05T07:31:04.642Z [87862fff-0ba3-493e-95ed-dd990ce200f7][bb1fc585-f087-407a-b043-49c06e320521] In existing project ✓
2026-09-05T07:31:04.959Z [180bc528-9515-47fa-8abe-55d39198ab92][bb1fc585-f087-407a-b043-49c06e320521] Ref image 6/7: downloading from URL...
2026-09-05T07:31:05.302Z [180bc528-9515-47fa-8abe-55d39198ab92][bb1fc585-f087-407a-b043-49c06e320521] Ref image 6/7: saved 289545 bytes (image/jpeg) as "Graham Family Smartphone.jpeg"
2026-09-05T07:31:05.314Z [180bc528-9515-47fa-8abe-55d39198ab92][bb1fc585-f087-407a-b043-49c06e320521] Ref image 6/7: attaching reference image...
2026-09-05T07:31:05.771Z [87862fff-0ba3-493e-95ed-dd990ce200f7][bb1fc585-f087-407a-b043-49c06e320521] dismissPopups: unresolved overlay(s) ["IFRAME[presentation]|btns="]
2026-09-05T07:31:06.306Z [bc1a5e3d-eb0b-406d-91cb-018824cde91a][bb1fc585-f087-407a-b043-49c06e320521] Ref image 1/4: reusing library asset "Arlo Water Park Day.jpeg" (no re-upload).
2026-09-05T07:31:07.073Z [bf8c9b10-87a3-4bb3-94f4-b2a4126fed7e][bb1fc585-f087-407a-b043-49c06e320521] Ref image 4/7: chips 3→4 ✓
2026-09-05T07:31:07.494Z [180bc528-9515-47fa-8abe-55d39198ab92][bb1fc585-f087-407a-b043-49c06e320521] Ref image 6/7: reusing library asset "Graham Family Smartphone.jpeg" (no re-upload).
2026-09-05T07:31:08.200Z [bf8c9b10-87a3-4bb3-94f4-b2a4126fed7e][bb1fc585-f087-407a-b043-49c06e320521] Ref image 5/7: downloading from URL...
2026-09-05T07:31:08.482Z [87862fff-0ba3-493e-95ed-dd990ce200f7][bb1fc585-f087-407a-b043-49c06e320521] Composer ready ✓ (UI language: en)
2026-09-05T07:31:08.505Z [87862fff-0ba3-493e-95ed-dd990ce200f7][bb1fc585-f087-407a-b043-49c06e320521] dismissPopups: unresolved overlay(s) ["DIV[]|btns=","DIV[]|btns="]
2026-09-05T07:31:08.581Z [87862fff-0ba3-493e-95ed-dd990ce200f7][bb1fc585-f087-407a-b043-49c06e320521] Agent toggle aria-pressed=false
2026-09-05T07:31:08.581Z [87862fff-0ba3-493e-95ed-dd990ce200f7][bb1fc585-f087-407a-b043-49c06e320521] Opening settings...
2026-09-05T07:31:08.671Z [bf8c9b10-87a3-4bb3-94f4-b2a4126fed7e][bb1fc585-f087-407a-b043-49c06e320521] Ref image 5/7: saved 549605 bytes (image/jpeg) as "Elara Water Park Day.jpeg"
2026-09-05T07:31:08.678Z [bf8c9b10-87a3-4bb3-94f4-b2a4126fed7e][bb1fc585-f087-407a-b043-49c06e320521] Ref image 5/7: attaching reference image...
2026-09-05T07:31:09.518Z [bc1a5e3d-eb0b-406d-91cb-018824cde91a][bb1fc585-f087-407a-b043-49c06e320521] Ref image 1/4: chips 0→1 ✓
2026-09-05T07:31:10.537Z [87862fff-0ba3-493e-95ed-dd990ce200f7][bb1fc585-f087-407a-b043-49c06e320521] Configuring image settings...
2026-09-05T07:31:10.714Z [bf8c9b10-87a3-4bb3-94f4-b2a4126fed7e][bb1fc585-f087-407a-b043-49c06e320521] Ref image 5/7: reusing library asset "Elara Water Park Day.jpeg" (no re-upload).
2026-09-05T07:31:10.767Z [bc1a5e3d-eb0b-406d-91cb-018824cde91a][bb1fc585-f087-407a-b043-49c06e320521] Ref image 2/4: downloading from URL...
2026-09-05T07:31:11.335Z [180bc528-9515-47fa-8abe-55d39198ab92][bb1fc585-f087-407a-b043-49c06e320521] Ref image 6/7: chips 5→6 ✓
2026-09-05T07:31:11.344Z [bc1a5e3d-eb0b-406d-91cb-018824cde91a][bb1fc585-f087-407a-b043-49c06e320521] Ref image 2/4: saved 628888 bytes (image/jpeg) as "Nessa Water Park Day.jpeg"
2026-09-05T07:31:11.347Z [bc1a5e3d-eb0b-406d-91cb-018824cde91a][bb1fc585-f087-407a-b043-49c06e320521] Ref image 2/4: attaching reference image...
2026-09-05T07:31:11.891Z [87862fff-0ba3-493e-95ed-dd990ce200f7][bb1fc585-f087-407a-b043-49c06e320521] Mode: selected "image Image" ✓
2026-09-05T07:31:12.584Z [180bc528-9515-47fa-8abe-55d39198ab92][bb1fc585-f087-407a-b043-49c06e320521] Ref image 7/7: downloading from URL...
2026-09-05T07:31:13.048Z [180bc528-9515-47fa-8abe-55d39198ab92][bb1fc585-f087-407a-b043-49c06e320521] Ref image 7/7: saved 926103 bytes (image/jpeg) as "Verdant Family Water Park Master.jpeg"
2026-09-05T07:31:13.051Z [180bc528-9515-47fa-8abe-55d39198ab92][bb1fc585-f087-407a-b043-49c06e320521] Ref image 7/7: attaching reference image...
2026-09-05T07:31:13.257Z [bc1a5e3d-eb0b-406d-91cb-018824cde91a][bb1fc585-f087-407a-b043-49c06e320521] Ref image 2/4: reusing library asset "Nessa Water Park Day.jpeg" (no re-upload).
2026-09-05T07:31:13.602Z [bf8c9b10-87a3-4bb3-94f4-b2a4126fed7e][bb1fc585-f087-407a-b043-49c06e320521] Ref image 5/7: chips 4→5 ✓
2026-09-05T07:31:15.147Z [bf8c9b10-87a3-4bb3-94f4-b2a4126fed7e][bb1fc585-f087-407a-b043-49c06e320521] Ref image 6/7: downloading from URL...
2026-09-05T07:31:15.325Z [180bc528-9515-47fa-8abe-55d39198ab92][bb1fc585-f087-407a-b043-49c06e320521] Ref image 7/7: reusing library asset "Verdant Family Water Park Master.jpeg" (no re-upload).
2026-09-05T07:31:15.533Z [bf8c9b10-87a3-4bb3-94f4-b2a4126fed7e][bb1fc585-f087-407a-b043-49c06e320521] Ref image 6/7: saved 289545 bytes (image/jpeg) as "Graham Family Smartphone.jpeg"
2026-09-05T07:31:15.537Z [bf8c9b10-87a3-4bb3-94f4-b2a4126fed7e][bb1fc585-f087-407a-b043-49c06e320521] Ref image 6/7: attaching reference image...
2026-09-05T07:31:16.357Z [bc1a5e3d-eb0b-406d-91cb-018824cde91a][bb1fc585-f087-407a-b043-49c06e320521] Ref image 2/4: chips 1→2 ✓
2026-09-05T07:31:17.124Z [87862fff-0ba3-493e-95ed-dd990ce200f7][bb1fc585-f087-407a-b043-49c06e320521] Model: selected "🍌 Nano Banana 2" ✓
2026-09-05T07:31:17.314Z [bf8c9b10-87a3-4bb3-94f4-b2a4126fed7e][bb1fc585-f087-407a-b043-49c06e320521] Ref image 6/7: "Graham Family Smartphone.jpeg" not in the library yet — uploading it first.
2026-09-05T07:31:17.703Z [87862fff-0ba3-493e-95ed-dd990ce200f7][bb1fc585-f087-407a-b043-49c06e320521] Aspect ratio: "crop_16_9 16:9" already selected ✓
2026-09-05T07:31:18.153Z [bc1a5e3d-eb0b-406d-91cb-018824cde91a][bb1fc585-f087-407a-b043-49c06e320521] Ref image 3/4: downloading from URL...
2026-09-05T07:31:18.535Z [bc1a5e3d-eb0b-406d-91cb-018824cde91a][bb1fc585-f087-407a-b043-49c06e320521] Ref image 3/4: saved 478546 bytes (image/jpeg) as "Verdant Water Park Three Child Extras.jpeg"
2026-09-05T07:31:18.548Z [bc1a5e3d-eb0b-406d-91cb-018824cde91a][bb1fc585-f087-407a-b043-49c06e320521] Ref image 3/4: attaching reference image...
2026-09-05T07:31:18.605Z [180bc528-9515-47fa-8abe-55d39198ab92][bb1fc585-f087-407a-b043-49c06e320521] Ref image 7/7: chips 6→7 ✓
2026-09-05T07:31:18.618Z [180bc528-9515-47fa-8abe-55d39198ab92][bb1fc585-f087-407a-b043-49c06e320521] Entering prompt...
2026-09-05T07:31:19.274Z [87862fff-0ba3-493e-95ed-dd990ce200f7][bb1fc585-f087-407a-b043-49c06e320521] Output count: selected "x4" ✓
2026-09-05T07:31:20.174Z [180bc528-9515-47fa-8abe-55d39198ab92][bb1fc585-f087-407a-b043-49c06e320521] Prompt is 2305 chars — typing it in 32 chunk(s).
2026-09-05T07:31:20.391Z [87862fff-0ba3-493e-95ed-dd990ce200f7][bb1fc585-f087-407a-b043-49c06e320521] Ref image 1/7: downloading from URL...
2026-09-05T07:31:20.492Z [bc1a5e3d-eb0b-406d-91cb-018824cde91a][bb1fc585-f087-407a-b043-49c06e320521] Ref image 3/4: "Verdant Water Park Three Child Extras.jpeg" not in the library yet — uploading it first.
2026-09-05T07:31:20.559Z [87862fff-0ba3-493e-95ed-dd990ce200f7][bb1fc585-f087-407a-b043-49c06e320521] Downloader: no-proxy request context ready.
2026-09-05T07:31:21.276Z [bf8c9b10-87a3-4bb3-94f4-b2a4126fed7e][bb1fc585-f087-407a-b043-49c06e320521] Ref image 6/7: uploading "Graham Family Smartphone.jpeg" to the project library...
2026-09-05T07:31:21.423Z [87862fff-0ba3-493e-95ed-dd990ce200f7][bb1fc585-f087-407a-b043-49c06e320521] Ref image 1/7: saved 468314 bytes (image/jpeg) as "Arlo Water Park Day.jpeg"
2026-09-05T07:31:21.426Z [87862fff-0ba3-493e-95ed-dd990ce200f7][bb1fc585-f087-407a-b043-49c06e320521] Ref image 1/7: attaching reference image...
2026-09-05T07:31:22.547Z [bf8c9b10-87a3-4bb3-94f4-b2a4126fed7e][bb1fc585-f087-407a-b043-49c06e320521] Ref image 6/7: upload finished ✓
2026-09-05T07:31:23.630Z [87862fff-0ba3-493e-95ed-dd990ce200f7][bb1fc585-f087-407a-b043-49c06e320521] Ref image 1/7: reusing library asset "Arlo Water Park Day.jpeg" (no re-upload).
2026-09-05T07:31:24.324Z [bc1a5e3d-eb0b-406d-91cb-018824cde91a][bb1fc585-f087-407a-b043-49c06e320521] Ref image 3/4: uploading "Verdant Water Park Three Child Extras.jpeg" to the project library...
2026-09-05T07:31:25.530Z [bc1a5e3d-eb0b-406d-91cb-018824cde91a][bb1fc585-f087-407a-b043-49c06e320521] Ref image 3/4: upload finished ✓
2026-09-05T07:31:27.042Z [87862fff-0ba3-493e-95ed-dd990ce200f7][bb1fc585-f087-407a-b043-49c06e320521] Ref image 1/7: chips 0→1 ✓
2026-09-05T07:31:28.565Z [87862fff-0ba3-493e-95ed-dd990ce200f7][bb1fc585-f087-407a-b043-49c06e320521] Ref image 2/7: downloading from URL...
2026-09-05T07:31:28.981Z [87862fff-0ba3-493e-95ed-dd990ce200f7][bb1fc585-f087-407a-b043-49c06e320521] Ref image 2/7: saved 628888 bytes (image/jpeg) as "Nessa Water Park Day.jpeg"
2026-09-05T07:31:28.984Z [87862fff-0ba3-493e-95ed-dd990ce200f7][bb1fc585-f087-407a-b043-49c06e320521] Ref image 2/7: attaching reference image...
2026-09-05T07:31:30.971Z [87862fff-0ba3-493e-95ed-dd990ce200f7][bb1fc585-f087-407a-b043-49c06e320521] Ref image 2/7: reusing library asset "Nessa Water Park Day.jpeg" (no re-upload).
2026-09-05T07:31:32.028Z [bf8c9b10-87a3-4bb3-94f4-b2a4126fed7e][bb1fc585-f087-407a-b043-49c06e320521] Ref image 6/7: chips 5→6 ✓
2026-09-05T07:31:33.800Z [bf8c9b10-87a3-4bb3-94f4-b2a4126fed7e][bb1fc585-f087-407a-b043-49c06e320521] Ref image 7/7: downloading from URL...
2026-09-05T07:31:34.162Z [bf8c9b10-87a3-4bb3-94f4-b2a4126fed7e][bb1fc585-f087-407a-b043-49c06e320521] Ref image 7/7: saved 926103 bytes (image/jpeg) as "Verdant Family Water Park Master.jpeg"
2026-09-05T07:31:34.167Z [bf8c9b10-87a3-4bb3-94f4-b2a4126fed7e][bb1fc585-f087-407a-b043-49c06e320521] Ref image 7/7: attaching reference image...
2026-09-05T07:31:34.741Z [87862fff-0ba3-493e-95ed-dd990ce200f7][bb1fc585-f087-407a-b043-49c06e320521] Ref image 2/7: chips 1→2 ✓
2026-09-05T07:31:35.253Z [180bc528-9515-47fa-8abe-55d39198ab92][bb1fc585-f087-407a-b043-49c06e320521] Prompt insert attempt 1: editor has 2250 chars (want ~2298) ✓
2026-09-05T07:31:35.746Z [bc1a5e3d-eb0b-406d-91cb-018824cde91a][bb1fc585-f087-407a-b043-49c06e320521] Ref image 3/4: chips 2→3 ✓
2026-09-05T07:31:36.048Z [bf8c9b10-87a3-4bb3-94f4-b2a4126fed7e][bb1fc585-f087-407a-b043-49c06e320521] Ref image 7/7: reusing library asset "Verdant Family Water Park Master.jpeg" (no re-upload).
2026-09-05T07:31:36.405Z [87862fff-0ba3-493e-95ed-dd990ce200f7][bb1fc585-f087-407a-b043-49c06e320521] Ref image 3/7: downloading from URL...
2026-09-05T07:31:36.897Z [180bc528-9515-47fa-8abe-55d39198ab92][bb1fc585-f087-407a-b043-49c06e320521] Baseline: 49 pre-existing media tile(s) of 49 mounted (kinds: image,image,image,image,image,image,image,image,image,image,image,image,image,image,image,image,image,image,image,image,image,image,image,image,image,image,image,image,image,image,image,image,image,image,image,video,video,image,video,video,image,video,image,video,video,image,video,video,image).
2026-09-05T07:31:36.941Z [bc1a5e3d-eb0b-406d-91cb-018824cde91a][bb1fc585-f087-407a-b043-49c06e320521] Ref image 4/4: downloading from URL...
2026-09-05T07:31:37.201Z [87862fff-0ba3-493e-95ed-dd990ce200f7][bb1fc585-f087-407a-b043-49c06e320521] Ref image 3/7: saved 478546 bytes (image/jpeg) as "Verdant Water Park Three Child Extras.jpeg"
2026-09-05T07:31:37.203Z [87862fff-0ba3-493e-95ed-dd990ce200f7][bb1fc585-f087-407a-b043-49c06e320521] Ref image 3/7: attaching reference image...
2026-09-05T07:31:38.322Z [bc1a5e3d-eb0b-406d-91cb-018824cde91a][bb1fc585-f087-407a-b043-49c06e320521] Ref image 4/4: saved 926103 bytes (image/jpeg) as "Verdant Family Water Park Master.jpeg"
2026-09-05T07:31:38.327Z [bc1a5e3d-eb0b-406d-91cb-018824cde91a][bb1fc585-f087-407a-b043-49c06e320521] Ref image 4/4: attaching reference image...
2026-09-05T07:31:39.196Z [180bc528-9515-47fa-8abe-55d39198ab92][bb1fc585-f087-407a-b043-49c06e320521] [submit] confirmed (editor "What do you want to ", fresh tile=true).
2026-09-05T07:31:39.288Z [87862fff-0ba3-493e-95ed-dd990ce200f7][bb1fc585-f087-407a-b043-49c06e320521] Ref image 3/7: "Verdant Water Park Three Child Extras.jpeg" not in the library yet — uploading it first.
2026-09-05T07:31:39.626Z [180bc528-9515-47fa-8abe-55d39198ab92][bb1fc585-f087-407a-b043-49c06e320521] Current Workspace project URL: https://flow.google.com/project/cae2bf2b-d1b8-40f9-a300-9f2aa6276ea5?hl=en
2026-09-05T07:31:39.627Z [180bc528-9515-47fa-8abe-55d39198ab92][bb1fc585-f087-407a-b043-49c06e320521] Submitted ✓ Detecting batch size...
2026-09-05T07:31:39.651Z [180bc528-9515-47fa-8abe-55d39198ab92][bb1fc585-f087-407a-b043-49c06e320521] New tile(s) since submit: 0 → 4 (mounted=49)
2026-09-05T07:31:39.651Z [bf8c9b10-87a3-4bb3-94f4-b2a4126fed7e][bb1fc585-f087-407a-b043-49c06e320521] Ref image 7/7: chips 6→7 ✓
2026-09-05T07:31:39.667Z [bf8c9b10-87a3-4bb3-94f4-b2a4126fed7e][bb1fc585-f087-407a-b043-49c06e320521] Entering prompt...
2026-09-05T07:31:40.364Z [bc1a5e3d-eb0b-406d-91cb-018824cde91a][bb1fc585-f087-407a-b043-49c06e320521] Ref image 4/4: reusing library asset "Verdant Family Water Park Master.jpeg" (no re-upload).
2026-09-05T07:31:41.550Z [bf8c9b10-87a3-4bb3-94f4-b2a4126fed7e][bb1fc585-f087-407a-b043-49c06e320521] Prompt is 2319 chars — typing it in 33 chunk(s).
2026-09-05T07:31:43.516Z [87862fff-0ba3-493e-95ed-dd990ce200f7][bb1fc585-f087-407a-b043-49c06e320521] Ref image 3/7: uploading "Verdant Water Park Three Child Extras.jpeg" to the project library...
2026-09-05T07:31:43.784Z [180bc528-9515-47fa-8abe-55d39198ab92][bb1fc585-f087-407a-b043-49c06e320521] Batch size stabilised at 4 new tile(s)
2026-09-05T07:31:43.784Z [180bc528-9515-47fa-8abe-55d39198ab92][bb1fc585-f087-407a-b043-49c06e320521] Batch detected: 4 item(s). Generating...
2026-09-05T07:31:43.785Z [180bc528-9515-47fa-8abe-55d39198ab92][bb1fc585-f087-407a-b043-49c06e320521] Polling for 4 image item(s) (baseline=49, hasUpload=true)...
2026-09-05T07:31:43.797Z [180bc528-9515-47fa-8abe-55d39198ab92][bb1fc585-f087-407a-b043-49c06e320521] Generating... 0 ready, 0 failed / 4 total (0s) image 34% [BỐI CẢNH] image 34% [BỐI CẢNH] image 34% [BỐI CẢNH] image 34% [BỐI CẢNH]
2026-09-05T07:31:44.041Z [bc1a5e3d-eb0b-406d-91cb-018824cde91a][bb1fc585-f087-407a-b043-49c06e320521] Ref image 4/4: chips 3→4 ✓
2026-09-05T07:31:44.053Z [bc1a5e3d-eb0b-406d-91cb-018824cde91a][bb1fc585-f087-407a-b043-49c06e320521] Entering prompt...
2026-09-05T07:31:44.347Z [87862fff-0ba3-493e-95ed-dd990ce200f7][bb1fc585-f087-407a-b043-49c06e320521] Ref image 3/7: upload finished ✓
2026-09-05T07:31:45.819Z [bc1a5e3d-eb0b-406d-91cb-018824cde91a][bb1fc585-f087-407a-b043-49c06e320521] Prompt is 1918 chars — typing it in 28 chunk(s).
2026-09-05T07:31:46.810Z [180bc528-9515-47fa-8abe-55d39198ab92][bb1fc585-f087-407a-b043-49c06e320521] Generating... 0 ready, 0 failed / 4 total (3s) image 54% [BỐI CẢNH] image 54% [BỐI CẢNH] image 54% [BỐI CẢNH] image 54% [BỐI CẢNH]
2026-09-05T07:31:49.827Z [180bc528-9515-47fa-8abe-55d39198ab92][bb1fc585-f087-407a-b043-49c06e320521] Generating... 0 ready, 0 failed / 4 total (6s) image 74% [BỐI CẢNH] image 74% [BỐI CẢNH] image 74% [BỐI CẢNH] image 74% [BỐI CẢNH]
2026-09-05T07:31:52.843Z [180bc528-9515-47fa-8abe-55d39198ab92][bb1fc585-f087-407a-b043-49c06e320521] Generating... 0 ready, 0 failed / 4 total (9s) image 94% [BỐI CẢNH] image 94% [BỐI CẢNH] image 94% [BỐI CẢNH] image 94% [BỐI CẢNH]
2026-09-05T07:31:55.865Z [180bc528-9515-47fa-8abe-55d39198ab92][bb1fc585-f087-407a-b043-49c06e320521] Generating... 0 ready, 0 failed / 4 total (12s) image 99% [BỐI CẢNH] image 99% [BỐI CẢNH] image 99% [BỐI CẢNH] image 99% [BỐI CẢNH]
2026-09-05T07:31:56.819Z [bf8c9b10-87a3-4bb3-94f4-b2a4126fed7e][bb1fc585-f087-407a-b043-49c06e320521] Prompt insert attempt 1: editor has 2265 chars (want ~2312) ✓
2026-09-05T07:31:57.522Z [87862fff-0ba3-493e-95ed-dd990ce200f7][bb1fc585-f087-407a-b043-49c06e320521] click(Add to prompt) failed: locator.click: Timeout 8000ms exceeded. — retrying with force
2026-09-05T07:31:57.838Z [bc1a5e3d-eb0b-406d-91cb-018824cde91a][bb1fc585-f087-407a-b043-49c06e320521] Prompt insert attempt 1: editor has 1867 chars (want ~1911) ✓
2026-09-05T07:31:58.352Z [bf8c9b10-87a3-4bb3-94f4-b2a4126fed7e][bb1fc585-f087-407a-b043-49c06e320521] Baseline: 47 pre-existing media tile(s) of 47 mounted (kinds: image,image,image,image,image,image,image,image,image,image,image,image,image,image,image,image,image,image,image,image,image,image,image,image,image,image,image,image,image,image,image,image,image,image,image,image,image,video,video,image,image,video,video,image,video,video,image).
2026-09-05T07:31:58.883Z [180bc528-9515-47fa-8abe-55d39198ab92][bb1fc585-f087-407a-b043-49c06e320521] Generating... 0 ready, 0 failed / 4 total (15s) image 99% [BỐI CẢNH] image 99% [BỐI CẢNH] image 99% [BỐI CẢNH] image 99% [BỐI CẢNH]
2026-09-05T07:31:58.901Z [87862fff-0ba3-493e-95ed-dd990ce200f7][bb1fc585-f087-407a-b043-49c06e320521] Ref image 3/7: chips 2→3 ✓
2026-09-05T07:31:59.945Z [bc1a5e3d-eb0b-406d-91cb-018824cde91a][bb1fc585-f087-407a-b043-49c06e320521] Baseline: 48 pre-existing media tile(s) of 48 mounted (kinds: image,image,image,image,image,image,image,image,image,image,image,image,image,image,image,image,image,image,image,image,image,image,image,image,image,image,image,image,image,image,image,image,image,image,image,image,image,image,video,video,image,video,video,video,video,video,video,image).
2026-09-05T07:32:00.390Z [87862fff-0ba3-493e-95ed-dd990ce200f7][bb1fc585-f087-407a-b043-49c06e320521] Ref image 4/7: downloading from URL...
2026-09-05T07:32:00.591Z [bf8c9b10-87a3-4bb3-94f4-b2a4126fed7e][bb1fc585-f087-407a-b043-49c06e320521] [submit] confirmed (editor "What do you want to ", fresh tile=true).
2026-09-05T07:32:01.065Z [bf8c9b10-87a3-4bb3-94f4-b2a4126fed7e][bb1fc585-f087-407a-b043-49c06e320521] Current Workspace project URL: https://flow.google.com/project/33ca2cc2-c9ff-4bb6-9048-2a7af1dfcfee?hl=en
2026-09-05T07:32:01.065Z [bf8c9b10-87a3-4bb3-94f4-b2a4126fed7e][bb1fc585-f087-407a-b043-49c06e320521] Submitted ✓ Detecting batch size...
2026-09-05T07:32:01.085Z [bf8c9b10-87a3-4bb3-94f4-b2a4126fed7e][bb1fc585-f087-407a-b043-49c06e320521] New tile(s) since submit: 0 → 4 (mounted=47)
2026-09-05T07:32:01.912Z [180bc528-9515-47fa-8abe-55d39198ab92][bb1fc585-f087-407a-b043-49c06e320521] Generating... 0 ready, 0 failed / 4 total (18s) image 99% [BỐI CẢNH] image 99% [BỐI CẢNH] image 99% [BỐI CẢNH] image 99% [BỐI CẢNH]
2026-09-05T07:32:02.253Z [bc1a5e3d-eb0b-406d-91cb-018824cde91a][bb1fc585-f087-407a-b043-49c06e320521] [submit] confirmed (editor "What do you want to ", fresh tile=true).
2026-09-05T07:32:02.760Z [bc1a5e3d-eb0b-406d-91cb-018824cde91a][bb1fc585-f087-407a-b043-49c06e320521] Current Workspace project URL: https://flow.google.com/project/cd81a7d3-c989-419e-891a-f8694174cb85?hl=en
2026-09-05T07:32:02.761Z [bc1a5e3d-eb0b-406d-91cb-018824cde91a][bb1fc585-f087-407a-b043-49c06e320521] Submitted ✓ Detecting batch size...
2026-09-05T07:32:02.773Z [bc1a5e3d-eb0b-406d-91cb-018824cde91a][bb1fc585-f087-407a-b043-49c06e320521] New tile(s) since submit: 0 → 4 (mounted=48)
2026-09-05T07:32:04.927Z [180bc528-9515-47fa-8abe-55d39198ab92][bb1fc585-f087-407a-b043-49c06e320521] Generating... 0 ready, 0 failed / 4 total (21s) image 99% [BỐI CẢNH] image 99% [BỐI CẢNH] image 99% [BỐI CẢNH] image 99% [BỐI CẢNH]
2026-09-05T07:32:05.262Z [bf8c9b10-87a3-4bb3-94f4-b2a4126fed7e][bb1fc585-f087-407a-b043-49c06e320521] Batch size stabilised at 4 new tile(s)
2026-09-05T07:32:05.262Z [bf8c9b10-87a3-4bb3-94f4-b2a4126fed7e][bb1fc585-f087-407a-b043-49c06e320521] Batch detected: 4 item(s). Generating...
2026-09-05T07:32:05.262Z [bf8c9b10-87a3-4bb3-94f4-b2a4126fed7e][bb1fc585-f087-407a-b043-49c06e320521] Polling for 4 image item(s) (baseline=47, hasUpload=true)...
2026-09-05T07:32:05.274Z [bf8c9b10-87a3-4bb3-94f4-b2a4126fed7e][bb1fc585-f087-407a-b043-49c06e320521] Generating... 0 ready, 0 failed / 4 total (0s) image 34% [BỐI CẢNH] image 34% [BỐI CẢNH] image 34% [BỐI CẢNH] image 34% [BỐI CẢNH]
2026-09-05T07:32:06.941Z [bc1a5e3d-eb0b-406d-91cb-018824cde91a][bb1fc585-f087-407a-b043-49c06e320521] Batch size stabilised at 4 new tile(s)
2026-09-05T07:32:06.942Z [bc1a5e3d-eb0b-406d-91cb-018824cde91a][bb1fc585-f087-407a-b043-49c06e320521] Batch detected: 4 item(s). Generating...
2026-09-05T07:32:06.943Z [bc1a5e3d-eb0b-406d-91cb-018824cde91a][bb1fc585-f087-407a-b043-49c06e320521] Polling for 4 image item(s) (baseline=48, hasUpload=true)...
2026-09-05T07:32:06.954Z [bc1a5e3d-eb0b-406d-91cb-018824cde91a][bb1fc585-f087-407a-b043-49c06e320521] Generating... 0 ready, 0 failed / 4 total (0s) image 34% [BỐI CẢNH] image 34% [BỐI CẢNH] image 34% [BỐI CẢNH] image 34% [BỐI CẢNH]
2026-09-05T07:32:07.948Z [180bc528-9515-47fa-8abe-55d39198ab92][bb1fc585-f087-407a-b043-49c06e320521] Generating... 0 ready, 0 failed / 4 total (24s) image 99% [BỐI CẢNH] image 99% [BỐI CẢNH] image 99% [BỐI CẢNH] image 99% [BỐI CẢNH]
2026-09-05T07:32:08.295Z [bf8c9b10-87a3-4bb3-94f4-b2a4126fed7e][bb1fc585-f087-407a-b043-49c06e320521] Generating... 0 ready, 0 failed / 4 total (3s) image 54% [BỐI CẢNH] image 54% [BỐI CẢNH] image 54% [BỐI CẢNH] image 54% [BỐI CẢNH]
2026-09-05T07:32:08.798Z [87862fff-0ba3-493e-95ed-dd990ce200f7][bb1fc585-f087-407a-b043-49c06e320521] Ref image 4/7: saved 653843 bytes (image/jpeg) as "Graham Water Park Day.jpeg"
2026-09-05T07:32:08.801Z [87862fff-0ba3-493e-95ed-dd990ce200f7][bb1fc585-f087-407a-b043-49c06e320521] Ref image 4/7: attaching reference image...
2026-09-05T07:32:09.975Z [bc1a5e3d-eb0b-406d-91cb-018824cde91a][bb1fc585-f087-407a-b043-49c06e320521] Generating... 0 ready, 0 failed / 4 total (3s) image 54% [BỐI CẢNH] image 54% [BỐI CẢNH] image 54% [BỐI CẢNH] image 54% [BỐI CẢNH]
2026-09-05T07:32:10.807Z [87862fff-0ba3-493e-95ed-dd990ce200f7][bb1fc585-f087-407a-b043-49c06e320521] Ref image 4/7: reusing library asset "Graham Water Park Day.jpeg" (no re-upload).
2026-09-05T07:32:10.970Z [180bc528-9515-47fa-8abe-55d39198ab92][bb1fc585-f087-407a-b043-49c06e320521] Generating... 0 ready, 0 failed / 4 total (27s) image 99% [BỐI CẢNH] image 99% [BỐI CẢNH] image 99% [BỐI CẢNH] image 99% [BỐI CẢNH]
2026-09-05T07:32:11.309Z [bf8c9b10-87a3-4bb3-94f4-b2a4126fed7e][bb1fc585-f087-407a-b043-49c06e320521] Generating... 0 ready, 0 failed / 4 total (6s) image 74% [BỐI CẢNH] image 74% [BỐI CẢNH] image 74% [BỐI CẢNH] image 74% [BỐI CẢNH]
2026-09-05T07:32:12.996Z [bc1a5e3d-eb0b-406d-91cb-018824cde91a][bb1fc585-f087-407a-b043-49c06e320521] Generating... 0 ready, 0 failed / 4 total (6s) image 74% [BỐI CẢNH] image 74% [BỐI CẢNH] image 74% [BỐI CẢNH] image 74% [BỐI CẢNH]
2026-09-05T07:32:13.842Z [87862fff-0ba3-493e-95ed-dd990ce200f7][bb1fc585-f087-407a-b043-49c06e320521] Ref image 4/7: chips 3→4 ✓
2026-09-05T07:32:13.996Z [180bc528-9515-47fa-8abe-55d39198ab92][bb1fc585-f087-407a-b043-49c06e320521] Generating... 0 ready, 0 failed / 4 total (30s) image 99% [BỐI CẢNH] image 99% [BỐI CẢNH] image 99% [BỐI CẢNH] image 99% [BỐI CẢNH]
2026-09-05T07:32:14.332Z [bf8c9b10-87a3-4bb3-94f4-b2a4126fed7e][bb1fc585-f087-407a-b043-49c06e320521] Generating... 0 ready, 0 failed / 4 total (9s) image 94% [BỐI CẢNH] image 94% [BỐI CẢNH] image 94% [BỐI CẢNH] image 94% [BỐI CẢNH]
2026-09-05T07:32:15.163Z [87862fff-0ba3-493e-95ed-dd990ce200f7][bb1fc585-f087-407a-b043-49c06e320521] Ref image 5/7: downloading from URL...
2026-09-05T07:32:15.563Z [87862fff-0ba3-493e-95ed-dd990ce200f7][bb1fc585-f087-407a-b043-49c06e320521] Ref image 5/7: saved 549605 bytes (image/jpeg) as "Elara Water Park Day.jpeg"
2026-09-05T07:32:15.566Z [87862fff-0ba3-493e-95ed-dd990ce200f7][bb1fc585-f087-407a-b043-49c06e320521] Ref image 5/7: attaching reference image...
2026-09-05T07:32:16.035Z [bc1a5e3d-eb0b-406d-91cb-018824cde91a][bb1fc585-f087-407a-b043-49c06e320521] Generating... 0 ready, 0 failed / 4 total (9s) image 94% [BỐI CẢNH] image 94% [BỐI CẢNH] image 94% [BỐI CẢNH] image 94% [BỐI CẢNH]
2026-09-05T07:32:17.020Z [180bc528-9515-47fa-8abe-55d39198ab92][bb1fc585-f087-407a-b043-49c06e320521] Generating... 0 ready, 0 failed / 4 total (33s) image 99% [BỐI CẢNH] image 99% [BỐI CẢNH] image 99% [BỐI CẢNH] image 99% [BỐI CẢNH]
2026-09-05T07:32:17.348Z [bf8c9b10-87a3-4bb3-94f4-b2a4126fed7e][bb1fc585-f087-407a-b043-49c06e320521] Generating... 0 ready, 0 failed / 4 total (12s) image 99% [BỐI CẢNH] image 99% [BỐI CẢNH] image 99% [BỐI CẢNH] image 99% [BỐI CẢNH]
2026-09-05T07:32:17.467Z [87862fff-0ba3-493e-95ed-dd990ce200f7][bb1fc585-f087-407a-b043-49c06e320521] Ref image 5/7: reusing library asset "Elara Water Park Day.jpeg" (no re-upload).
2026-09-05T07:32:19.052Z [bc1a5e3d-eb0b-406d-91cb-018824cde91a][bb1fc585-f087-407a-b043-49c06e320521] Generating... 0 ready, 0 failed / 4 total (12s) image 99% [BỐI CẢNH] image 99% [BỐI CẢNH] image 99% [BỐI CẢNH] image 99% [BỐI CẢNH]
2026-09-05T07:32:20.038Z [180bc528-9515-47fa-8abe-55d39198ab92][bb1fc585-f087-407a-b043-49c06e320521] Generating... 0 ready, 0 failed / 4 total (36s) image 99% [BỐI CẢNH] [BỐI CẢNH]Verdant Fa image 99% [BỐI CẢNH] image 99% [BỐI CẢNH]
2026-09-05T07:32:20.366Z [bf8c9b10-87a3-4bb3-94f4-b2a4126fed7e][bb1fc585-f087-407a-b043-49c06e320521] Generating... 0 ready, 0 failed / 4 total (15s) image 99% [BỐI CẢNH] image 99% [BỐI CẢNH] image 99% [BỐI CẢNH] image 99% [BỐI CẢNH]
2026-09-05T07:32:20.784Z [87862fff-0ba3-493e-95ed-dd990ce200f7][bb1fc585-f087-407a-b043-49c06e320521] Ref image 5/7: chips 4→5 ✓
2026-09-05T07:32:21.941Z [87862fff-0ba3-493e-95ed-dd990ce200f7][bb1fc585-f087-407a-b043-49c06e320521] Ref image 6/7: downloading from URL...
2026-09-05T07:32:22.069Z [bc1a5e3d-eb0b-406d-91cb-018824cde91a][bb1fc585-f087-407a-b043-49c06e320521] Generating... 0 ready, 0 failed / 4 total (15s) image 99% [BỐI CẢNH] image 99% [BỐI CẢNH] image 99% [BỐI CẢNH] image 99% [BỐI CẢNH]
2026-09-05T07:32:22.362Z [87862fff-0ba3-493e-95ed-dd990ce200f7][bb1fc585-f087-407a-b043-49c06e320521] Ref image 6/7: saved 289545 bytes (image/jpeg) as "Graham Family Smartphone.jpeg"
2026-09-05T07:32:22.366Z [87862fff-0ba3-493e-95ed-dd990ce200f7][bb1fc585-f087-407a-b043-49c06e320521] Ref image 6/7: attaching reference image...
2026-09-05T07:32:23.058Z [180bc528-9515-47fa-8abe-55d39198ab92][bb1fc585-f087-407a-b043-49c06e320521] Generating... 1 ready, 0 failed / 4 total (39s) [BỐI CẢNH]Verdant Fa image 100% [BỐI CẢNH image 99% [BỐI CẢNH]
2026-09-05T07:32:23.385Z [bf8c9b10-87a3-4bb3-94f4-b2a4126fed7e][bb1fc585-f087-407a-b043-49c06e320521] Generating... 0 ready, 0 failed / 4 total (18s) image 99% [BỐI CẢNH] image 99% [BỐI CẢNH] image 99% [BỐI CẢNH] image 99% [BỐI CẢNH]
2026-09-05T07:32:24.328Z [87862fff-0ba3-493e-95ed-dd990ce200f7][bb1fc585-f087-407a-b043-49c06e320521] Ref image 6/7: reusing library asset "Graham Family Smartphone.jpeg" (no re-upload).
2026-09-05T07:32:25.084Z [bc1a5e3d-eb0b-406d-91cb-018824cde91a][bb1fc585-f087-407a-b043-49c06e320521] Generating... 0 ready, 0 failed / 4 total (18s) image 99% [BỐI CẢNH] image 99% [BỐI CẢNH] image 99% [BỐI CẢNH] image 99% [BỐI CẢNH]
2026-09-05T07:32:26.076Z [180bc528-9515-47fa-8abe-55d39198ab92][bb1fc585-f087-407a-b043-49c06e320521] Generating... 3 ready, 0 failed / 4 total (42s) image 99% [BỐI CẢNH]
2026-09-05T07:32:26.403Z [bf8c9b10-87a3-4bb3-94f4-b2a4126fed7e][bb1fc585-f087-407a-b043-49c06e320521] Generating... 0 ready, 0 failed / 4 total (21s) image 99% [BỐI CẢNH] image 99% [BỐI CẢNH] image 99% [BỐI CẢNH] image 99% [BỐI CẢNH]
2026-09-05T07:32:28.103Z [bc1a5e3d-eb0b-406d-91cb-018824cde91a][bb1fc585-f087-407a-b043-49c06e320521] Generating... 0 ready, 0 failed / 4 total (21s) image 99% [BỐI CẢNH] image 99% [BỐI CẢNH] image 99% [BỐI CẢNH] image 99% [BỐI CẢNH]
2026-09-05T07:32:28.272Z [87862fff-0ba3-493e-95ed-dd990ce200f7][bb1fc585-f087-407a-b043-49c06e320521] Ref image 6/7: chips 5→6 ✓
2026-09-05T07:32:29.096Z [180bc528-9515-47fa-8abe-55d39198ab92][bb1fc585-f087-407a-b043-49c06e320521] Generating... 3 ready, 0 failed / 4 total (45s) image 99% [BỐI CẢNH]
2026-09-05T07:32:29.426Z [bf8c9b10-87a3-4bb3-94f4-b2a4126fed7e][bb1fc585-f087-407a-b043-49c06e320521] Generating... 0 ready, 0 failed / 4 total (24s) image 99% [BỐI CẢNH] image 99% [BỐI CẢNH] image 99% [BỐI CẢNH] image 99% [BỐI CẢNH]
2026-09-05T07:32:29.514Z [87862fff-0ba3-493e-95ed-dd990ce200f7][bb1fc585-f087-407a-b043-49c06e320521] Ref image 7/7: downloading from URL...
2026-09-05T07:32:29.950Z [87862fff-0ba3-493e-95ed-dd990ce200f7][bb1fc585-f087-407a-b043-49c06e320521] Ref image 7/7: saved 926103 bytes (image/jpeg) as "Verdant Family Water Park Master.jpeg"
2026-09-05T07:32:29.954Z [87862fff-0ba3-493e-95ed-dd990ce200f7][bb1fc585-f087-407a-b043-49c06e320521] Ref image 7/7: attaching reference image...
2026-09-05T07:32:31.120Z [bc1a5e3d-eb0b-406d-91cb-018824cde91a][bb1fc585-f087-407a-b043-49c06e320521] Generating... 0 ready, 0 failed / 4 total (24s) image 99% [BỐI CẢNH] image 99% [BỐI CẢNH] image 99% [BỐI CẢNH] image 99% [BỐI CẢNH]
2026-09-05T07:32:31.867Z [87862fff-0ba3-493e-95ed-dd990ce200f7][bb1fc585-f087-407a-b043-49c06e320521] Ref image 7/7: reusing library asset "Verdant Family Water Park Master.jpeg" (no re-upload).
2026-09-05T07:32:32.118Z [180bc528-9515-47fa-8abe-55d39198ab92][bb1fc585-f087-407a-b043-49c06e320521] Generating... 3 ready, 0 failed / 4 total (48s) image 99% [BỐI CẢNH]
2026-09-05T07:32:32.451Z [bf8c9b10-87a3-4bb3-94f4-b2a4126fed7e][bb1fc585-f087-407a-b043-49c06e320521] Generating... 0 ready, 0 failed / 4 total (27s) image 99% [BỐI CẢNH] image 99% [BỐI CẢNH] image 99% [BỐI CẢNH] image 99% [BỐI CẢNH]
2026-09-05T07:32:34.135Z [bc1a5e3d-eb0b-406d-91cb-018824cde91a][bb1fc585-f087-407a-b043-49c06e320521] Generating... 0 ready, 0 failed / 4 total (27s) image 99% [BỐI CẢNH] image 99% [BỐI CẢNH] image 99% [BỐI CẢNH] image 99% [BỐI CẢNH]
2026-09-05T07:32:35.148Z [180bc528-9515-47fa-8abe-55d39198ab92][bb1fc585-f087-407a-b043-49c06e320521] Generating... 3 ready, 0 failed / 4 total (51s) image 99% [BỐI CẢNH]
2026-09-05T07:32:35.268Z [87862fff-0ba3-493e-95ed-dd990ce200f7][bb1fc585-f087-407a-b043-49c06e320521] Ref image 7/7: chips 6→7 ✓
2026-09-05T07:32:35.280Z [87862fff-0ba3-493e-95ed-dd990ce200f7][bb1fc585-f087-407a-b043-49c06e320521] Entering prompt...
2026-09-05T07:32:35.467Z [bf8c9b10-87a3-4bb3-94f4-b2a4126fed7e][bb1fc585-f087-407a-b043-49c06e320521] Generating... 0 ready, 0 failed / 4 total (30s) image 99% [BỐI CẢNH] image 99% [BỐI CẢNH] image 99% [BỐI CẢNH] image 99% [BỐI CẢNH]
2026-09-05T07:32:36.813Z [87862fff-0ba3-493e-95ed-dd990ce200f7][bb1fc585-f087-407a-b043-49c06e320521] Prompt is 2307 chars — typing it in 31 chunk(s).
2026-09-05T07:32:37.165Z [bc1a5e3d-eb0b-406d-91cb-018824cde91a][bb1fc585-f087-407a-b043-49c06e320521] Generating... 0 ready, 0 failed / 4 total (30s) image 99% [BỐI CẢNH] image 99% [BỐI CẢNH] image 99% [BỐI CẢNH] image 99% [BỐI CẢNH]
2026-09-05T07:32:38.168Z [180bc528-9515-47fa-8abe-55d39198ab92][bb1fc585-f087-407a-b043-49c06e320521] Generating... 3 ready, 0 failed / 4 total (54s) [BỐI CẢNH]Verdant Fa
2026-09-05T07:32:38.484Z [bf8c9b10-87a3-4bb3-94f4-b2a4126fed7e][bb1fc585-f087-407a-b043-49c06e320521] Generating... 0 ready, 0 failed / 4 total (33s) image 99% [BỐI CẢNH] image 99% [BỐI CẢNH] image 99% [BỐI CẢNH] image 99% [BỐI CẢNH]
2026-09-05T07:32:40.199Z [bc1a5e3d-eb0b-406d-91cb-018824cde91a][bb1fc585-f087-407a-b043-49c06e320521] Generating... 0 ready, 0 failed / 4 total (33s) image 99% [BỐI CẢNH] image 99% [BỐI CẢNH] image 99% [BỐI CẢNH] image 99% [BỐI CẢNH]
2026-09-05T07:32:41.181Z [180bc528-9515-47fa-8abe-55d39198ab92][bb1fc585-f087-407a-b043-49c06e320521] Generating... 4 ready, 0 failed / 4 total (57s)
2026-09-05T07:32:41.181Z [180bc528-9515-47fa-8abe-55d39198ab92][bb1fc585-f087-407a-b043-49c06e320521] Batch done: 4 ready (target 4), 0 failed, scanned 4.
2026-09-05T07:32:41.181Z [180bc528-9515-47fa-8abe-55d39198ab92][bb1fc585-f087-407a-b043-49c06e320521] 4 item(s) ready! Downloading...
2026-09-05T07:32:41.182Z [180bc528-9515-47fa-8abe-55d39198ab92][bb1fc585-f087-407a-b043-49c06e320521] Item 1: Downloading from URL https://flow-content.google/image/f61c1d12-35ad-441f-81c7-e816762a1bdc?Expires=1788615101&KeyName=labs-flow-prod-cdn-key&Signature=wuLIcsKuBSbPrMwlnMouJOsr8gY
2026-09-05T07:32:41.443Z [180bc528-9515-47fa-8abe-55d39198ab92][bb1fc585-f087-407a-b043-49c06e320521] Downloaded 1/4: winai_2026-09-05T07-32-41_01.jpg
2026-09-05T07:32:41.443Z [180bc528-9515-47fa-8abe-55d39198ab92][bb1fc585-f087-407a-b043-49c06e320521] Item 2: Downloading from URL https://flow-content.google/image/d488ec55-219a-4240-8fce-1c14340d0aab?Expires=1788615100&KeyName=labs-flow-prod-cdn-key&Signature=dlyzDiOY81G__DEVVsnkPoHcLnE
2026-09-05T07:32:41.504Z [bf8c9b10-87a3-4bb3-94f4-b2a4126fed7e][bb1fc585-f087-407a-b043-49c06e320521] Generating... 0 ready, 0 failed / 4 total (36s) image 99% [BỐI CẢNH] image 99% [BỐI CẢNH] image 99% [BỐI CẢNH] image 99% [BỐI CẢNH]
2026-09-05T07:32:41.507Z [180bc528-9515-47fa-8abe-55d39198ab92][bb1fc585-f087-407a-b043-49c06e320521] Downloaded 2/4: winai_2026-09-05T07-32-41_02.jpg
2026-09-05T07:32:41.507Z [180bc528-9515-47fa-8abe-55d39198ab92][bb1fc585-f087-407a-b043-49c06e320521] Item 3: Downloading from URL https://flow-content.google/image/f2cc4c20-12c1-4473-9924-c941052195a9?Expires=1788615099&KeyName=labs-flow-prod-cdn-key&Signature=99sA7fz3-S7UzBzfBPkCt8ZnPHM
2026-09-05T07:32:41.570Z [180bc528-9515-47fa-8abe-55d39198ab92][bb1fc585-f087-407a-b043-49c06e320521] Downloaded 3/4: winai_2026-09-05T07-32-41_03.jpg
2026-09-05T07:32:41.570Z [180bc528-9515-47fa-8abe-55d39198ab92][bb1fc585-f087-407a-b043-49c06e320521] Item 4: Downloading from URL https://flow-content.google/image/405b7817-5610-4518-80ed-04c642a7823b?Expires=1788615098&KeyName=labs-flow-prod-cdn-key&Signature=OB9FkmfMVtdLj9RzFiOqwn1BYqk
2026-09-05T07:32:41.629Z [180bc528-9515-47fa-8abe-55d39198ab92][bb1fc585-f087-407a-b043-49c06e320521] Downloaded 4/4: winai_2026-09-05T07-32-41_04.jpg
2026-09-05T07:32:41.629Z [180bc528-9515-47fa-8abe-55d39198ab92][bb1fc585-f087-407a-b043-49c06e320521] ✅ 4 item(s) saved to Downloads/Win AI Toolkit/
2026-09-05T07:32:41.937Z [180bc528-9515-47fa-8abe-55d39198ab92][bb1fc585-f087-407a-b043-49c06e320521] Item 4: Uploaded → https://studio.xanhmedia.vn/uploads/2026-09/1788593561623_ce2c8c_bb1fc585-f087-407a-b043-49c06e320521_180.jpg
2026-09-05T07:32:41.937Z [180bc528-9515-47fa-8abe-55d39198ab92][bb1fc585-f087-407a-b043-49c06e320521] Item 2: Uploaded → https://studio.xanhmedia.vn/uploads/2026-09/1788593561622_16a898_bb1fc585-f087-407a-b043-49c06e320521_180.jpg
2026-09-05T07:32:42.032Z [180bc528-9515-47fa-8abe-55d39198ab92][bb1fc585-f087-407a-b043-49c06e320521] Item 3: Uploaded → https://studio.xanhmedia.vn/uploads/2026-09/1788593561723_44601f_bb1fc585-f087-407a-b043-49c06e320521_180.jpg
2026-09-05T07:32:42.048Z [180bc528-9515-47fa-8abe-55d39198ab92][bb1fc585-f087-407a-b043-49c06e320521] Item 1: Uploaded → https://studio.xanhmedia.vn/uploads/2026-09/1788593561740_42723a_bb1fc585-f087-407a-b043-49c06e320521_180.jpg
2026-09-05T07:32:42.050Z [180bc528-9515-47fa-8abe-55d39198ab92][bb1fc585-f087-407a-b043-49c06e320521] All done (including any 1080p upgrades). Closing Playwright browser context.
2026-09-05T07:32:42.998Z [8a2eafa9-9656-4557-be4c-54339ffcbd22][bb1fc585-f087-407a-b043-49c06e320521] runGeneration starting: task_id=8a2eafa9-9656-4557-be4c-54339ffcbd22, profile_id=bb1fc585-f087-407a-b043-49c06e320521, target_site=google_flow
2026-09-05T07:32:42.999Z [8a2eafa9-9656-4557-be4c-54339ffcbd22][bb1fc585-f087-407a-b043-49c06e320521] Opening Playwright browser with persistent profile cookies...
2026-09-05T07:32:43.000Z [8a2eafa9-9656-4557-be4c-54339ffcbd22][bb1fc585-f087-407a-b043-49c06e320521] Browser engine: winhide (C:\Users\Admin\AppData\Roaming\com.tank.winai\winhide\chrome.exe) [hidden off-screen]
2026-09-05T07:32:43.001Z [8a2eafa9-9656-4557-be4c-54339ffcbd22][bb1fc585-f087-407a-b043-49c06e320521] Launch mode: STEALTH (raw spawn + connectOverCDP)
2026-09-05T07:32:43.226Z [bc1a5e3d-eb0b-406d-91cb-018824cde91a][bb1fc585-f087-407a-b043-49c06e320521] Generating... 0 ready, 0 failed / 4 total (36s) image 99% [BỐI CẢNH] image 99% [BỐI CẢNH] image 99% [BỐI CẢNH] [BỐI CẢNH]Verdant Fa
2026-09-05T07:32:44.538Z [bf8c9b10-87a3-4bb3-94f4-b2a4126fed7e][bb1fc585-f087-407a-b043-49c06e320521] Generating... 0 ready, 0 failed / 4 total (39s) image 99% [BỐI CẢNH] image 99% [BỐI CẢNH] [BỐI CẢNH]Verdant Fa image 99% [BỐI CẢNH]
2026-09-05T07:32:45.416Z [8a2eafa9-9656-4557-be4c-54339ffcbd22][bb1fc585-f087-407a-b043-49c06e320521] Exit IP: 115.74.128.9
2026-09-05T07:32:45.417Z [8a2eafa9-9656-4557-be4c-54339ffcbd22][bb1fc585-f087-407a-b043-49c06e320521] Navigating browser to Google Flow tools page...
2026-09-05T07:32:45.417Z [8a2eafa9-9656-4557-be4c-54339ffcbd22][bb1fc585-f087-407a-b043-49c06e320521] Using existing project URL: https://flow.google.com/project/cae2bf2b-d1b8-40f9-a300-9f2aa6276ea5?hl=en
2026-09-05T07:32:46.221Z [8a2eafa9-9656-4557-be4c-54339ffcbd22][bb1fc585-f087-407a-b043-49c06e320521] Waiting for Google Flow...
2026-09-05T07:32:46.251Z [bc1a5e3d-eb0b-406d-91cb-018824cde91a][bb1fc585-f087-407a-b043-49c06e320521] Generating... 1 ready, 0 failed / 4 total (39s) image 99% [BỐI CẢNH] image 99% [BỐI CẢNH] [BỐI CẢNH]Verdant Fa
2026-09-05T07:32:47.565Z [bf8c9b10-87a3-4bb3-94f4-b2a4126fed7e][bb1fc585-f087-407a-b043-49c06e320521] Generating... 1 ready, 0 failed / 4 total (42s) image 99% [BỐI CẢNH] image 99% [BỐI CẢNH] image 99% [BỐI CẢNH]
2026-09-05T07:32:48.175Z [8a2eafa9-9656-4557-be4c-54339ffcbd22][bb1fc585-f087-407a-b043-49c06e320521] In existing project ✓
2026-09-05T07:32:49.115Z [8a2eafa9-9656-4557-be4c-54339ffcbd22][bb1fc585-f087-407a-b043-49c06e320521] dismissPopups: unresolved overlay(s) ["IFRAME[presentation]|btns="]
2026-09-05T07:32:49.278Z [bc1a5e3d-eb0b-406d-91cb-018824cde91a][bb1fc585-f087-407a-b043-49c06e320521] Generating... 2 ready, 0 failed / 4 total (42s) [BỐI CẢNH]Verdant Fa image 99% [BỐI CẢNH]
2026-09-05T07:32:50.584Z [bf8c9b10-87a3-4bb3-94f4-b2a4126fed7e][bb1fc585-f087-407a-b043-49c06e320521] Generating... 1 ready, 0 failed / 4 total (45s) image 99% [BỐI CẢNH] image 99% [BỐI CẢNH]
2026-09-05T07:32:50.793Z [87862fff-0ba3-493e-95ed-dd990ce200f7][bb1fc585-f087-407a-b043-49c06e320521] Prompt insert attempt 1: editor has 2253 chars (want ~2300) ✓
2026-09-05T07:32:51.913Z [8a2eafa9-9656-4557-be4c-54339ffcbd22][bb1fc585-f087-407a-b043-49c06e320521] Composer ready ✓ (UI language: en)
2026-09-05T07:32:51.994Z [8a2eafa9-9656-4557-be4c-54339ffcbd22][bb1fc585-f087-407a-b043-49c06e320521] dismissPopups: unresolved overlay(s) ["DIV[]|btns=","DIV[]|btns="]
2026-09-05T07:32:52.025Z [8a2eafa9-9656-4557-be4c-54339ffcbd22][bb1fc585-f087-407a-b043-49c06e320521] Agent toggle aria-pressed=false
2026-09-05T07:32:52.026Z [8a2eafa9-9656-4557-be4c-54339ffcbd22][bb1fc585-f087-407a-b043-49c06e320521] Opening settings...
2026-09-05T07:32:52.300Z [bc1a5e3d-eb0b-406d-91cb-018824cde91a][bb1fc585-f087-407a-b043-49c06e320521] Generating... 3 ready, 0 failed / 4 total (45s) image 99% [BỐI CẢNH]
2026-09-05T07:32:52.820Z [87862fff-0ba3-493e-95ed-dd990ce200f7][bb1fc585-f087-407a-b043-49c06e320521] Baseline: 48 pre-existing media tile(s) of 48 mounted (kinds: image,image,image,image,image,image,image,image,image,image,image,image,image,image,image,image,image,image,image,image,image,image,image,image,image,image,image,image,image,image,image,image,image,image,image,image,image,image,image,image,image,image,video,video,image,image,video,video).
2026-09-05T07:32:53.606Z [bf8c9b10-87a3-4bb3-94f4-b2a4126fed7e][bb1fc585-f087-407a-b043-49c06e320521] Generating... 1 ready, 0 failed / 4 total (48s) image 99% [BỐI CẢNH] image 99% [BỐI CẢNH]
2026-09-05T07:32:53.761Z [8a2eafa9-9656-4557-be4c-54339ffcbd22][bb1fc585-f087-407a-b043-49c06e320521] Configuring image settings...
2026-09-05T07:32:54.925Z [87862fff-0ba3-493e-95ed-dd990ce200f7][bb1fc585-f087-407a-b043-49c06e320521] [submit] confirmed (editor "What do you want to ", fresh tile=true).
2026-09-05T07:32:55.332Z [bc1a5e3d-eb0b-406d-91cb-018824cde91a][bb1fc585-f087-407a-b043-49c06e320521] Generating... 3 ready, 0 failed / 4 total (48s) image 99% [BỐI CẢNH]
2026-09-05T07:32:55.350Z [8a2eafa9-9656-4557-be4c-54339ffcbd22][bb1fc585-f087-407a-b043-49c06e320521] Mode: selected "image Image" ✓
2026-09-05T07:32:55.621Z [87862fff-0ba3-493e-95ed-dd990ce200f7][bb1fc585-f087-407a-b043-49c06e320521] Current Workspace project URL: https://flow.google.com/project/c2a607c5-d833-4be1-8108-407b74d4ed85?hl=en
2026-09-05T07:32:55.622Z [87862fff-0ba3-493e-95ed-dd990ce200f7][bb1fc585-f087-407a-b043-49c06e320521] Submitted ✓ Detecting batch size...
2026-09-05T07:32:55.634Z [87862fff-0ba3-493e-95ed-dd990ce200f7][bb1fc585-f087-407a-b043-49c06e320521] New tile(s) since submit: 0 → 4 (mounted=48)
2026-09-05T07:32:56.632Z [bf8c9b10-87a3-4bb3-94f4-b2a4126fed7e][bb1fc585-f087-407a-b043-49c06e320521] Generating... 1 ready, 0 failed / 4 total (51s) image 99% [BỐI CẢNH] image 99% [BỐI CẢNH]
2026-09-05T07:32:58.349Z [bc1a5e3d-eb0b-406d-91cb-018824cde91a][bb1fc585-f087-407a-b043-49c06e320521] Generating... 3 ready, 0 failed / 4 total (51s) image 99% [BỐI CẢNH]
2026-09-05T07:32:59.656Z [bf8c9b10-87a3-4bb3-94f4-b2a4126fed7e][bb1fc585-f087-407a-b043-49c06e320521] Generating... 1 ready, 0 failed / 4 total (54s) [BỐI CẢNH]Verdant Fa image 99% [BỐI CẢNH]
2026-09-05T07:32:59.762Z [87862fff-0ba3-493e-95ed-dd990ce200f7][bb1fc585-f087-407a-b043-49c06e320521] Batch size stabilised at 4 new tile(s)
2026-09-05T07:32:59.762Z [87862fff-0ba3-493e-95ed-dd990ce200f7][bb1fc585-f087-407a-b043-49c06e320521] Batch detected: 4 item(s). Generating...
2026-09-05T07:32:59.762Z [87862fff-0ba3-493e-95ed-dd990ce200f7][bb1fc585-f087-407a-b043-49c06e320521] Polling for 4 image item(s) (baseline=48, hasUpload=true)...
2026-09-05T07:32:59.772Z [87862fff-0ba3-493e-95ed-dd990ce200f7][bb1fc585-f087-407a-b043-49c06e320521] Generating... 0 ready, 0 failed / 4 total (0s) image 34% [BỐI CẢNH] image 34% [BỐI CẢNH] image 34% [BỐI CẢNH] image 34% [BỐI CẢNH]
2026-09-05T07:33:00.214Z [8a2eafa9-9656-4557-be4c-54339ffcbd22][bb1fc585-f087-407a-b043-49c06e320521] Model: selected "🍌 Nano Banana 2" ✓
2026-09-05T07:33:00.747Z [8a2eafa9-9656-4557-be4c-54339ffcbd22][bb1fc585-f087-407a-b043-49c06e320521] Aspect ratio: "crop_16_9 16:9" already selected ✓
2026-09-05T07:33:01.377Z [bc1a5e3d-eb0b-406d-91cb-018824cde91a][bb1fc585-f087-407a-b043-49c06e320521] Generating... 3 ready, 0 failed / 4 total (54s) [BỐI CẢNH]Verdant Fa
2026-09-05T07:33:02.244Z [8a2eafa9-9656-4557-be4c-54339ffcbd22][bb1fc585-f087-407a-b043-49c06e320521] Output count: selected "x4" ✓
2026-09-05T07:33:02.679Z [bf8c9b10-87a3-4bb3-94f4-b2a4126fed7e][bb1fc585-f087-407a-b043-49c06e320521] Generating... 2 ready, 0 failed / 4 total (57s) [BỐI CẢNH]Verdant Fa
2026-09-05T07:33:02.790Z [87862fff-0ba3-493e-95ed-dd990ce200f7][bb1fc585-f087-407a-b043-49c06e320521] Generating... 0 ready, 0 failed / 4 total (3s) image 54% [BỐI CẢNH] image 54% [BỐI CẢNH] image 54% [BỐI CẢNH] image 54% [BỐI CẢNH]
2026-09-05T07:33:03.045Z [8a2eafa9-9656-4557-be4c-54339ffcbd22][bb1fc585-f087-407a-b043-49c06e320521] Ref image 1/7: downloading from URL...
2026-09-05T07:33:03.220Z [8a2eafa9-9656-4557-be4c-54339ffcbd22][bb1fc585-f087-407a-b043-49c06e320521] Downloader: no-proxy request context ready.
2026-09-05T07:33:04.205Z [8a2eafa9-9656-4557-be4c-54339ffcbd22][bb1fc585-f087-407a-b043-49c06e320521] Ref image 1/7: saved 653843 bytes (image/jpeg) as "Graham Water Park Day.jpeg"
2026-09-05T07:33:04.209Z [8a2eafa9-9656-4557-be4c-54339ffcbd22][bb1fc585-f087-407a-b043-49c06e320521] Ref image 1/7: attaching reference image...
2026-09-05T07:33:04.395Z [bc1a5e3d-eb0b-406d-91cb-018824cde91a][bb1fc585-f087-407a-b043-49c06e320521] Generating... 4 ready, 0 failed / 4 total (57s)
2026-09-05T07:33:04.396Z [bc1a5e3d-eb0b-406d-91cb-018824cde91a][bb1fc585-f087-407a-b043-49c06e320521] Batch done: 4 ready (target 4), 0 failed, scanned 4.
2026-09-05T07:33:04.396Z [bc1a5e3d-eb0b-406d-91cb-018824cde91a][bb1fc585-f087-407a-b043-49c06e320521] 4 item(s) ready! Downloading...
2026-09-05T07:33:04.397Z [bc1a5e3d-eb0b-406d-91cb-018824cde91a][bb1fc585-f087-407a-b043-49c06e320521] Item 1: Downloading from URL https://flow-content.google/image/c023e341-feb3-45a1-aca7-31b9c7b054e0?Expires=1788615124&KeyName=labs-flow-prod-cdn-key&Signature=hqO7CeagsJqqb3idPv_52V9Xtc4
2026-09-05T07:33:04.808Z [bc1a5e3d-eb0b-406d-91cb-018824cde91a][bb1fc585-f087-407a-b043-49c06e320521] Downloaded 1/4: winai_2026-09-05T07-33-04_01.jpg
2026-09-05T07:33:04.809Z [bc1a5e3d-eb0b-406d-91cb-018824cde91a][bb1fc585-f087-407a-b043-49c06e320521] Item 2: Downloading from URL https://flow-content.google/image/08802dac-d9f0-4e51-bef9-17737eb6fb7e?Expires=1788615123&KeyName=labs-flow-prod-cdn-key&Signature=Ham9ocVGa7Ya2PRDmCQaO5HTZwA
2026-09-05T07:33:04.948Z [bc1a5e3d-eb0b-406d-91cb-018824cde91a][bb1fc585-f087-407a-b043-49c06e320521] Downloaded 2/4: winai_2026-09-05T07-33-04_02.jpg
2026-09-05T07:33:04.949Z [bc1a5e3d-eb0b-406d-91cb-018824cde91a][bb1fc585-f087-407a-b043-49c06e320521] Item 3: Downloading from URL https://flow-content.google/image/ca0e1242-31e0-436d-a13e-7dc049ff27ed?Expires=1788615122&KeyName=labs-flow-prod-cdn-key&Signature=BZS6vTE9P12WHrHRFF5CyR9G0GA
2026-09-05T07:33:05.042Z [bc1a5e3d-eb0b-406d-91cb-018824cde91a][bb1fc585-f087-407a-b043-49c06e320521] Downloaded 3/4: winai_2026-09-05T07-33-04_03.jpg
2026-09-05T07:33:05.042Z [bc1a5e3d-eb0b-406d-91cb-018824cde91a][bb1fc585-f087-407a-b043-49c06e320521] Item 4: Downloading from URL https://flow-content.google/image/c4db50d9-12cc-4959-92f0-a5aee5636439?Expires=1788615121&KeyName=labs-flow-prod-cdn-key&Signature=y4pG_e-nchClhiO5-CPD08l5Xa0
2026-09-05T07:33:05.130Z [bc1a5e3d-eb0b-406d-91cb-018824cde91a][bb1fc585-f087-407a-b043-49c06e320521] Downloaded 4/4: winai_2026-09-05T07-33-04_04.jpg
2026-09-05T07:33:05.130Z [bc1a5e3d-eb0b-406d-91cb-018824cde91a][bb1fc585-f087-407a-b043-49c06e320521] ✅ 4 item(s) saved to Downloads/Win AI Toolkit/
2026-09-05T07:33:05.430Z [bc1a5e3d-eb0b-406d-91cb-018824cde91a][bb1fc585-f087-407a-b043-49c06e320521] Item 2: Uploaded → https://studio.xanhmedia.vn/uploads/2026-09/1788593585120_82aeaa_bb1fc585-f087-407a-b043-49c06e320521_bc1.jpg
2026-09-05T07:33:05.442Z [bc1a5e3d-eb0b-406d-91cb-018824cde91a][bb1fc585-f087-407a-b043-49c06e320521] Item 3: Uploaded → https://studio.xanhmedia.vn/uploads/2026-09/1788593585130_904f78_bb1fc585-f087-407a-b043-49c06e320521_bc1.jpg
2026-09-05T07:33:05.476Z [bc1a5e3d-eb0b-406d-91cb-018824cde91a][bb1fc585-f087-407a-b043-49c06e320521] Item 1: Uploaded → https://studio.xanhmedia.vn/uploads/2026-09/1788593585163_334e49_bb1fc585-f087-407a-b043-49c06e320521_bc1.jpg
2026-09-05T07:33:05.493Z [bc1a5e3d-eb0b-406d-91cb-018824cde91a][bb1fc585-f087-407a-b043-49c06e320521] Item 4: Uploaded → https://studio.xanhmedia.vn/uploads/2026-09/1788593585183_dff0af_bb1fc585-f087-407a-b043-49c06e320521_bc1.jpg
2026-09-05T07:33:05.496Z [bc1a5e3d-eb0b-406d-91cb-018824cde91a][bb1fc585-f087-407a-b043-49c06e320521] All done (including any 1080p upgrades). Closing Playwright browser context.
2026-09-05T07:33:05.544Z [e903a48b-0cce-45e0-ab3c-bfb73188cf67][bb1fc585-f087-407a-b043-49c06e320521] runGeneration starting: task_id=e903a48b-0cce-45e0-ab3c-bfb73188cf67, profile_id=bb1fc585-f087-407a-b043-49c06e320521, target_site=google_flow
2026-09-05T07:33:05.545Z [e903a48b-0cce-45e0-ab3c-bfb73188cf67][bb1fc585-f087-407a-b043-49c06e320521] Opening Playwright browser with persistent profile cookies...
2026-09-05T07:33:05.546Z [e903a48b-0cce-45e0-ab3c-bfb73188cf67][bb1fc585-f087-407a-b043-49c06e320521] Browser engine: winhide (C:\Users\Admin\AppData\Roaming\com.tank.winai\winhide\chrome.exe) [hidden off-screen]
2026-09-05T07:33:05.546Z [e903a48b-0cce-45e0-ab3c-bfb73188cf67][bb1fc585-f087-407a-b043-49c06e320521] Launch mode: STEALTH (raw spawn + connectOverCDP)
2026-09-05T07:33:05.699Z [bf8c9b10-87a3-4bb3-94f4-b2a4126fed7e][bb1fc585-f087-407a-b043-49c06e320521] Generating... 3 ready, 0 failed / 4 total (60s)
2026-09-05T07:33:05.816Z [87862fff-0ba3-493e-95ed-dd990ce200f7][bb1fc585-f087-407a-b043-49c06e320521] Generating... 0 ready, 0 failed / 4 total (6s) image 74% [BỐI CẢNH] image 74% [BỐI CẢNH] image 74% [BỐI CẢNH] image 74% [BỐI CẢNH]
2026-09-05T07:33:06.204Z [8a2eafa9-9656-4557-be4c-54339ffcbd22][bb1fc585-f087-407a-b043-49c06e320521] Ref image 1/7: reusing library asset "Graham Water Park Day.jpeg" (no re-upload).
2026-09-05T07:33:07.102Z [e903a48b-0cce-45e0-ab3c-bfb73188cf67][bb1fc585-f087-407a-b043-49c06e320521] Exit IP: 115.74.128.9
2026-09-05T07:33:07.102Z [e903a48b-0cce-45e0-ab3c-bfb73188cf67][bb1fc585-f087-407a-b043-49c06e320521] Navigating browser to Google Flow tools page...
2026-09-05T07:33:07.103Z [e903a48b-0cce-45e0-ab3c-bfb73188cf67][bb1fc585-f087-407a-b043-49c06e320521] Using existing project URL: https://flow.google.com/project/cd81a7d3-c989-419e-891a-f8694174cb85?hl=en
2026-09-05T07:33:07.849Z [e903a48b-0cce-45e0-ab3c-bfb73188cf67][bb1fc585-f087-407a-b043-49c06e320521] Waiting for Google Flow...
2026-09-05T07:33:08.719Z [bf8c9b10-87a3-4bb3-94f4-b2a4126fed7e][bb1fc585-f087-407a-b043-49c06e320521] Generating... 3 ready, 0 failed / 4 total (63s)
2026-09-05T07:33:08.842Z [87862fff-0ba3-493e-95ed-dd990ce200f7][bb1fc585-f087-407a-b043-49c06e320521] Generating... 0 ready, 0 failed / 4 total (9s) image 94% [BỐI CẢNH] image 94% [BỐI CẢNH] image 94% [BỐI CẢNH] image 94% [BỐI CẢNH]
2026-09-05T07:33:09.547Z [e903a48b-0cce-45e0-ab3c-bfb73188cf67][bb1fc585-f087-407a-b043-49c06e320521] In existing project ✓
2026-09-05T07:33:10.457Z [e903a48b-0cce-45e0-ab3c-bfb73188cf67][bb1fc585-f087-407a-b043-49c06e320521] dismissPopups: unresolved overlay(s) ["IFRAME[presentation]|btns="]
2026-09-05T07:33:10.523Z [8a2eafa9-9656-4557-be4c-54339ffcbd22][bb1fc585-f087-407a-b043-49c06e320521] Ref image 1/7: chips 0→1 ✓
2026-09-05T07:33:11.745Z [bf8c9b10-87a3-4bb3-94f4-b2a4126fed7e][bb1fc585-f087-407a-b043-49c06e320521] Generating... 3 ready, 0 failed / 4 total (66s)
2026-09-05T07:33:11.867Z [87862fff-0ba3-493e-95ed-dd990ce200f7][bb1fc585-f087-407a-b043-49c06e320521] Generating... 0 ready, 0 failed / 4 total (12s) image 99% [BỐI CẢNH] image 99% [BỐI CẢNH] image 99% [BỐI CẢNH] image 99% [BỐI CẢNH]
2026-09-05T07:33:12.287Z [8a2eafa9-9656-4557-be4c-54339ffcbd22][bb1fc585-f087-407a-b043-49c06e320521] Ref image 2/7: downloading from URL...
2026-09-05T07:33:12.675Z [8a2eafa9-9656-4557-be4c-54339ffcbd22][bb1fc585-f087-407a-b043-49c06e320521] Ref image 2/7: saved 468314 bytes (image/jpeg) as "Arlo Water Park Day.jpeg"
2026-09-05T07:33:12.679Z [8a2eafa9-9656-4557-be4c-54339ffcbd22][bb1fc585-f087-407a-b043-49c06e320521] Ref image 2/7: attaching reference image...
2026-09-05T07:33:13.349Z [e903a48b-0cce-45e0-ab3c-bfb73188cf67][bb1fc585-f087-407a-b043-49c06e320521] Composer ready ✓ (UI language: en)
2026-09-05T07:33:13.416Z [e903a48b-0cce-45e0-ab3c-bfb73188cf67][bb1fc585-f087-407a-b043-49c06e320521] dismissPopups: unresolved overlay(s) ["DIV[]|btns=","DIV[]|btns="]
2026-09-05T07:33:13.442Z [e903a48b-0cce-45e0-ab3c-bfb73188cf67][bb1fc585-f087-407a-b043-49c06e320521] Agent toggle aria-pressed=false
2026-09-05T07:33:13.442Z [e903a48b-0cce-45e0-ab3c-bfb73188cf67][bb1fc585-f087-407a-b043-49c06e320521] Opening settings...
2026-09-05T07:33:14.765Z [bf8c9b10-87a3-4bb3-94f4-b2a4126fed7e][bb1fc585-f087-407a-b043-49c06e320521] Generating... 3 ready, 0 failed / 4 total (70s)
2026-09-05T07:33:14.881Z [87862fff-0ba3-493e-95ed-dd990ce200f7][bb1fc585-f087-407a-b043-49c06e320521] Generating... 0 ready, 0 failed / 4 total (15s) image 99% [BỐI CẢNH] image 99% [BỐI CẢNH] image 99% [BỐI CẢNH] image 99% [BỐI CẢNH]
2026-09-05T07:33:15.018Z [8a2eafa9-9656-4557-be4c-54339ffcbd22][bb1fc585-f087-407a-b043-49c06e320521] Ref image 2/7: reusing library asset "Arlo Water Park Day.jpeg" (no re-upload).
2026-09-05T07:33:15.523Z [e903a48b-0cce-45e0-ab3c-bfb73188cf67][bb1fc585-f087-407a-b043-49c06e320521] Configuring image settings...
2026-09-05T07:33:17.111Z [e903a48b-0cce-45e0-ab3c-bfb73188cf67][bb1fc585-f087-407a-b043-49c06e320521] Mode: selected "image Image" ✓
2026-09-05T07:33:17.783Z [bf8c9b10-87a3-4bb3-94f4-b2a4126fed7e][bb1fc585-f087-407a-b043-49c06e320521] Generating... 3 ready, 0 failed / 4 total (73s)
2026-09-05T07:33:17.906Z [87862fff-0ba3-493e-95ed-dd990ce200f7][bb1fc585-f087-407a-b043-49c06e320521] Generating... 0 ready, 0 failed / 4 total (18s) image 99% [BỐI CẢNH] image 99% [BỐI CẢNH] image 99% [BỐI CẢNH] image 99% [BỐI CẢNH]
2026-09-05T07:33:18.611Z [8a2eafa9-9656-4557-be4c-54339ffcbd22][bb1fc585-f087-407a-b043-49c06e320521] Ref image 2/7: chips 1→2 ✓
2026-09-05T07:33:19.634Z [8a2eafa9-9656-4557-be4c-54339ffcbd22][bb1fc585-f087-407a-b043-49c06e320521] Ref image 3/7: downloading from URL...
2026-09-05T07:33:20.042Z [8a2eafa9-9656-4557-be4c-54339ffcbd22][bb1fc585-f087-407a-b043-49c06e320521] Ref image 3/7: saved 628888 bytes (image/jpeg) as "Nessa Water Park Day.jpeg"
2026-09-05T07:33:20.045Z [8a2eafa9-9656-4557-be4c-54339ffcbd22][bb1fc585-f087-407a-b043-49c06e320521] Ref image 3/7: attaching reference image...
2026-09-05T07:33:20.804Z [bf8c9b10-87a3-4bb3-94f4-b2a4126fed7e][bb1fc585-f087-407a-b043-49c06e320521] Generating... 3 ready, 0 failed / 4 total (76s)
2026-09-05T07:33:20.922Z [87862fff-0ba3-493e-95ed-dd990ce200f7][bb1fc585-f087-407a-b043-49c06e320521] Generating... 0 ready, 0 failed / 4 total (21s) image 99% [BỐI CẢNH] image 99% [BỐI CẢNH] image 99% [BỐI CẢNH] image 99% [BỐI CẢNH]
2026-09-05T07:33:22.309Z [8a2eafa9-9656-4557-be4c-54339ffcbd22][bb1fc585-f087-407a-b043-49c06e320521] Ref image 3/7: reusing library asset "Nessa Water Park Day.jpeg" (no re-upload).
2026-09-05T07:33:22.362Z [e903a48b-0cce-45e0-ab3c-bfb73188cf67][bb1fc585-f087-407a-b043-49c06e320521] Model: selected "🍌 Nano Banana 2" ✓
2026-09-05T07:33:23.030Z [e903a48b-0cce-45e0-ab3c-bfb73188cf67][bb1fc585-f087-407a-b043-49c06e320521] Aspect ratio: "crop_16_9 16:9" already selected ✓
2026-09-05T07:33:23.825Z [bf8c9b10-87a3-4bb3-94f4-b2a4126fed7e][bb1fc585-f087-407a-b043-49c06e320521] Generating... 3 ready, 0 failed / 4 total (79s)
2026-09-05T07:33:23.947Z [87862fff-0ba3-493e-95ed-dd990ce200f7][bb1fc585-f087-407a-b043-49c06e320521] Generating... 0 ready, 0 failed / 4 total (24s) image 99% [BỐI CẢNH] image 99% [BỐI CẢNH] image 99% [BỐI CẢNH] image 99% [BỐI CẢNH]
2026-09-05T07:33:24.292Z [e903a48b-0cce-45e0-ab3c-bfb73188cf67][bb1fc585-f087-407a-b043-49c06e320521] Output count: selected "x4" ✓
2026-09-05T07:33:25.298Z [e903a48b-0cce-45e0-ab3c-bfb73188cf67][bb1fc585-f087-407a-b043-49c06e320521] Ref image 1/7: downloading from URL...
2026-09-05T07:33:25.493Z [e903a48b-0cce-45e0-ab3c-bfb73188cf67][bb1fc585-f087-407a-b043-49c06e320521] Downloader: no-proxy request context ready.
2026-09-05T07:33:26.041Z [8a2eafa9-9656-4557-be4c-54339ffcbd22][bb1fc585-f087-407a-b043-49c06e320521] Ref image 3/7: chips 2→3 ✓
2026-09-05T07:33:26.264Z [e903a48b-0cce-45e0-ab3c-bfb73188cf67][bb1fc585-f087-407a-b043-49c06e320521] Ref image 1/7: saved 468314 bytes (image/jpeg) as "Arlo Water Park Day.jpeg"
2026-09-05T07:33:26.268Z [e903a48b-0cce-45e0-ab3c-bfb73188cf67][bb1fc585-f087-407a-b043-49c06e320521] Ref image 1/7: attaching reference image...
2026-09-05T07:33:26.844Z [bf8c9b10-87a3-4bb3-94f4-b2a4126fed7e][bb1fc585-f087-407a-b043-49c06e320521] Generating... 3 ready, 0 failed / 4 total (82s)
2026-09-05T07:33:26.965Z [87862fff-0ba3-493e-95ed-dd990ce200f7][bb1fc585-f087-407a-b043-49c06e320521] Generating... 0 ready, 0 failed / 4 total (27s) image 99% [BỐI CẢNH] image 99% [BỐI CẢNH] image 99% [BỐI CẢNH] image 99% [BỐI CẢNH]
2026-09-05T07:33:27.536Z [8a2eafa9-9656-4557-be4c-54339ffcbd22][bb1fc585-f087-407a-b043-49c06e320521] Ref image 4/7: downloading from URL...
2026-09-05T07:33:28.042Z [8a2eafa9-9656-4557-be4c-54339ffcbd22][bb1fc585-f087-407a-b043-49c06e320521] Ref image 4/7: saved 549605 bytes (image/jpeg) as "Elara Water Park Day.jpeg"
2026-09-05T07:33:28.046Z [8a2eafa9-9656-4557-be4c-54339ffcbd22][bb1fc585-f087-407a-b043-49c06e320521] Ref image 4/7: attaching reference image...
2026-09-05T07:33:28.465Z [e903a48b-0cce-45e0-ab3c-bfb73188cf67][bb1fc585-f087-407a-b043-49c06e320521] Ref image 1/7: reusing library asset "Arlo Water Park Day.jpeg" (no re-upload).
2026-09-05T07:33:29.859Z [bf8c9b10-87a3-4bb3-94f4-b2a4126fed7e][bb1fc585-f087-407a-b043-49c06e320521] Generating... 3 ready, 0 failed / 4 total (85s)
2026-09-05T07:33:29.982Z [87862fff-0ba3-493e-95ed-dd990ce200f7][bb1fc585-f087-407a-b043-49c06e320521] Generating... 0 ready, 0 failed / 4 total (30s) image 99% [BỐI CẢNH] image 99% [BỐI CẢNH] image 99% [BỐI CẢNH] image 99% [BỐI CẢNH]
2026-09-05T07:33:30.068Z [8a2eafa9-9656-4557-be4c-54339ffcbd22][bb1fc585-f087-407a-b043-49c06e320521] Ref image 4/7: reusing library asset "Elara Water Park Day.jpeg" (no re-upload).
2026-09-05T07:33:31.958Z [e903a48b-0cce-45e0-ab3c-bfb73188cf67][bb1fc585-f087-407a-b043-49c06e320521] Ref image 1/7: chips 0→1 ✓
2026-09-05T07:33:32.874Z [bf8c9b10-87a3-4bb3-94f4-b2a4126fed7e][bb1fc585-f087-407a-b043-49c06e320521] Generating... 3 ready, 0 failed / 4 total (88s)
2026-09-05T07:33:32.998Z [87862fff-0ba3-493e-95ed-dd990ce200f7][bb1fc585-f087-407a-b043-49c06e320521] Generating... 0 ready, 0 failed / 4 total (33s) image 99% [BỐI CẢNH] image 99% [BỐI CẢNH] [BỐI CẢNH]Verdant Fa image 99% [BỐI CẢNH]
2026-09-05T07:33:33.078Z [8a2eafa9-9656-4557-be4c-54339ffcbd22][bb1fc585-f087-407a-b043-49c06e320521] Ref image 4/7: chips 3→4 ✓
2026-09-05T07:33:33.422Z [e903a48b-0cce-45e0-ab3c-bfb73188cf67][bb1fc585-f087-407a-b043-49c06e320521] Ref image 2/7: downloading from URL...
2026-09-05T07:33:34.256Z [e903a48b-0cce-45e0-ab3c-bfb73188cf67][bb1fc585-f087-407a-b043-49c06e320521] Ref image 2/7: saved 653843 bytes (image/jpeg) as "Graham Water Park Day.jpeg"
2026-09-05T07:33:34.259Z [e903a48b-0cce-45e0-ab3c-bfb73188cf67][bb1fc585-f087-407a-b043-49c06e320521] Ref image 2/7: attaching reference image...
2026-09-05T07:33:34.520Z [8a2eafa9-9656-4557-be4c-54339ffcbd22][bb1fc585-f087-407a-b043-49c06e320521] Ref image 5/7: downloading from URL...
2026-09-05T07:33:34.908Z [8a2eafa9-9656-4557-be4c-54339ffcbd22][bb1fc585-f087-407a-b043-49c06e320521] Ref image 5/7: saved 478546 bytes (image/jpeg) as "Verdant Water Park Three Child Extras.jpeg"
2026-09-05T07:33:34.912Z [8a2eafa9-9656-4557-be4c-54339ffcbd22][bb1fc585-f087-407a-b043-49c06e320521] Ref image 5/7: attaching reference image...
2026-09-05T07:33:35.897Z [bf8c9b10-87a3-4bb3-94f4-b2a4126fed7e][bb1fc585-f087-407a-b043-49c06e320521] Generating... 3 ready, 0 failed / 4 total (91s)
2026-09-05T07:33:36.014Z [87862fff-0ba3-493e-95ed-dd990ce200f7][bb1fc585-f087-407a-b043-49c06e320521] Generating... 1 ready, 0 failed / 4 total (36s) image 99% [BỐI CẢNH] image 99% [BỐI CẢNH] [BỐI CẢNH]Verdant Fa
2026-09-05T07:33:36.404Z [e903a48b-0cce-45e0-ab3c-bfb73188cf67][bb1fc585-f087-407a-b043-49c06e320521] Ref image 2/7: "Graham Water Park Day.jpeg" not in the library yet — uploading it first.
2026-09-05T07:33:37.235Z [8a2eafa9-9656-4557-be4c-54339ffcbd22][bb1fc585-f087-407a-b043-49c06e320521] Ref image 5/7: reusing library asset "Verdant Water Park Three Child Extras.jpeg" (no re-upload).
2026-09-05T07:33:38.914Z [bf8c9b10-87a3-4bb3-94f4-b2a4126fed7e][bb1fc585-f087-407a-b043-49c06e320521] Generating... 3 ready, 0 failed / 4 total (94s)
2026-09-05T07:33:39.031Z [87862fff-0ba3-493e-95ed-dd990ce200f7][bb1fc585-f087-407a-b043-49c06e320521] Generating... 2 ready, 0 failed / 4 total (39s) image 99% [BỐI CẢNH] [BỐI CẢNH]Verdant Fa
2026-09-05T07:33:40.214Z [e903a48b-0cce-45e0-ab3c-bfb73188cf67][bb1fc585-f087-407a-b043-49c06e320521] Ref image 2/7: uploading "Graham Water Park Day.jpeg" to the project library...
2026-09-05T07:33:40.677Z [8a2eafa9-9656-4557-be4c-54339ffcbd22][bb1fc585-f087-407a-b043-49c06e320521] Ref image 5/7: chips 4→5 ✓
2026-09-05T07:33:41.005Z [e903a48b-0cce-45e0-ab3c-bfb73188cf67][bb1fc585-f087-407a-b043-49c06e320521] Ref image 2/7: upload finished ✓
2026-09-05T07:33:41.856Z [8a2eafa9-9656-4557-be4c-54339ffcbd22][bb1fc585-f087-407a-b043-49c06e320521] Ref image 6/7: downloading from URL...
2026-09-05T07:33:41.933Z [bf8c9b10-87a3-4bb3-94f4-b2a4126fed7e][bb1fc585-f087-407a-b043-49c06e320521] Generating... 3 ready, 0 failed / 4 total (97s)
2026-09-05T07:33:42.046Z [87862fff-0ba3-493e-95ed-dd990ce200f7][bb1fc585-f087-407a-b043-49c06e320521] Generating... 3 ready, 0 failed / 4 total (42s) image 99% [BỐI CẢNH]
2026-09-05T07:33:42.181Z [8a2eafa9-9656-4557-be4c-54339ffcbd22][bb1fc585-f087-407a-b043-49c06e320521] Ref image 6/7: saved 289545 bytes (image/jpeg) as "Graham Family Smartphone.jpeg"
2026-09-05T07:33:42.183Z [8a2eafa9-9656-4557-be4c-54339ffcbd22][bb1fc585-f087-407a-b043-49c06e320521] Ref image 6/7: attaching reference image...
2026-09-05T07:33:44.305Z [8a2eafa9-9656-4557-be4c-54339ffcbd22][bb1fc585-f087-407a-b043-49c06e320521] Ref image 6/7: reusing library asset "Graham Family Smartphone.jpeg" (no re-upload).
2026-09-05T07:33:44.948Z [bf8c9b10-87a3-4bb3-94f4-b2a4126fed7e][bb1fc585-f087-407a-b043-49c06e320521] Generating... 3 ready, 0 failed / 4 total (100s)
2026-09-05T07:33:45.063Z [87862fff-0ba3-493e-95ed-dd990ce200f7][bb1fc585-f087-407a-b043-49c06e320521] Generating... 3 ready, 0 failed / 4 total (45s) image 99% [BỐI CẢNH]
2026-09-05T07:33:47.238Z [8a2eafa9-9656-4557-be4c-54339ffcbd22][bb1fc585-f087-407a-b043-49c06e320521] Ref image 6/7: chips 5→6 ✓
2026-09-05T07:33:47.965Z [bf8c9b10-87a3-4bb3-94f4-b2a4126fed7e][bb1fc585-f087-407a-b043-49c06e320521] Generating... 3 ready, 0 failed / 4 total (103s)
2026-09-05T07:33:48.082Z [87862fff-0ba3-493e-95ed-dd990ce200f7][bb1fc585-f087-407a-b043-49c06e320521] Generating... 3 ready, 0 failed / 4 total (48s) image 99% [BỐI CẢNH]
2026-09-05T07:33:48.961Z [8a2eafa9-9656-4557-be4c-54339ffcbd22][bb1fc585-f087-407a-b043-49c06e320521] Ref image 7/7: downloading from URL...
2026-09-05T07:33:49.346Z [8a2eafa9-9656-4557-be4c-54339ffcbd22][bb1fc585-f087-407a-b043-49c06e320521] Ref image 7/7: saved 926103 bytes (image/jpeg) as "Verdant Family Water Park Master.jpeg"
2026-09-05T07:33:49.352Z [8a2eafa9-9656-4557-be4c-54339ffcbd22][bb1fc585-f087-407a-b043-49c06e320521] Ref image 7/7: attaching reference image...
2026-09-05T07:33:50.478Z [e903a48b-0cce-45e0-ab3c-bfb73188cf67][bb1fc585-f087-407a-b043-49c06e320521] Ref image 2/7: chips 1→2 ✓
2026-09-05T07:33:50.982Z [bf8c9b10-87a3-4bb3-94f4-b2a4126fed7e][bb1fc585-f087-407a-b043-49c06e320521] Generating... 3 ready, 0 failed / 4 total (106s)
2026-09-05T07:33:51.110Z [87862fff-0ba3-493e-95ed-dd990ce200f7][bb1fc585-f087-407a-b043-49c06e320521] Generating... 3 ready, 0 failed / 4 total (51s) image 99% [BỐI CẢNH]
2026-09-05T07:33:51.560Z [8a2eafa9-9656-4557-be4c-54339ffcbd22][bb1fc585-f087-407a-b043-49c06e320521] Ref image 7/7: reusing library asset "Verdant Family Water Park Master.jpeg" (no re-upload).
2026-09-05T07:33:51.672Z [e903a48b-0cce-45e0-ab3c-bfb73188cf67][bb1fc585-f087-407a-b043-49c06e320521] Ref image 3/7: downloading from URL...
2026-09-05T07:33:52.092Z [e903a48b-0cce-45e0-ab3c-bfb73188cf67][bb1fc585-f087-407a-b043-49c06e320521] Ref image 3/7: saved 628888 bytes (image/jpeg) as "Nessa Water Park Day.jpeg"
2026-09-05T07:33:52.095Z [e903a48b-0cce-45e0-ab3c-bfb73188cf67][bb1fc585-f087-407a-b043-49c06e320521] Ref image 3/7: attaching reference image...
2026-09-05T07:33:53.996Z [bf8c9b10-87a3-4bb3-94f4-b2a4126fed7e][bb1fc585-f087-407a-b043-49c06e320521] Generating... 3 ready, 0 failed / 4 total (109s)
2026-09-05T07:33:54.125Z [87862fff-0ba3-493e-95ed-dd990ce200f7][bb1fc585-f087-407a-b043-49c06e320521] Generating... 3 ready, 0 failed / 4 total (54s) [BỐI CẢNH]Verdant Fa
2026-09-05T07:33:54.286Z [e903a48b-0cce-45e0-ab3c-bfb73188cf67][bb1fc585-f087-407a-b043-49c06e320521] Ref image 3/7: reusing library asset "Nessa Water Park Day.jpeg" (no re-upload).
2026-09-05T07:33:55.207Z [8a2eafa9-9656-4557-be4c-54339ffcbd22][bb1fc585-f087-407a-b043-49c06e320521] Ref image 7/7: chips 6→7 ✓
2026-09-05T07:33:55.217Z [8a2eafa9-9656-4557-be4c-54339ffcbd22][bb1fc585-f087-407a-b043-49c06e320521] Entering prompt...
2026-09-05T07:33:57.011Z [bf8c9b10-87a3-4bb3-94f4-b2a4126fed7e][bb1fc585-f087-407a-b043-49c06e320521] Generating... 3 ready, 0 failed / 4 total (112s)
2026-09-05T07:33:57.146Z [87862fff-0ba3-493e-95ed-dd990ce200f7][bb1fc585-f087-407a-b043-49c06e320521] Generating... 4 ready, 0 failed / 4 total (57s)
2026-09-05T07:33:57.146Z [87862fff-0ba3-493e-95ed-dd990ce200f7][bb1fc585-f087-407a-b043-49c06e320521] Batch done: 4 ready (target 4), 0 failed, scanned 4.
2026-09-05T07:33:57.146Z [87862fff-0ba3-493e-95ed-dd990ce200f7][bb1fc585-f087-407a-b043-49c06e320521] 4 item(s) ready! Downloading...
2026-09-05T07:33:57.148Z [87862fff-0ba3-493e-95ed-dd990ce200f7][bb1fc585-f087-407a-b043-49c06e320521] Item 1: Downloading from URL https://flow-content.google/image/d7e9f0ab-f22f-4691-a896-fd552100580b?Expires=1788615176&KeyName=labs-flow-prod-cdn-key&Signature=31hDwvax9ddCGM-vV6Bn2QS4pRo
2026-09-05T07:33:57.167Z [8a2eafa9-9656-4557-be4c-54339ffcbd22][bb1fc585-f087-407a-b043-49c06e320521] Prompt is 2382 chars — typing it in 33 chunk(s).
2026-09-05T07:33:57.460Z [87862fff-0ba3-493e-95ed-dd990ce200f7][bb1fc585-f087-407a-b043-49c06e320521] Downloaded 1/4: winai_2026-09-05T07-33-57_01.jpg
2026-09-05T07:33:57.461Z [87862fff-0ba3-493e-95ed-dd990ce200f7][bb1fc585-f087-407a-b043-49c06e320521] Item 2: Downloading from URL https://flow-content.google/image/6cb0e5b4-3e18-42ea-bb03-4135de08034c?Expires=1788615175&KeyName=labs-flow-prod-cdn-key&Signature=4OS2bX5wFjAYMjxsJy1tgYKcYro
2026-09-05T07:33:57.493Z [e903a48b-0cce-45e0-ab3c-bfb73188cf67][bb1fc585-f087-407a-b043-49c06e320521] Ref image 3/7: chips 2→3 ✓
2026-09-05T07:33:57.560Z [87862fff-0ba3-493e-95ed-dd990ce200f7][bb1fc585-f087-407a-b043-49c06e320521] Downloaded 2/4: winai_2026-09-05T07-33-57_02.jpg
2026-09-05T07:33:57.561Z [87862fff-0ba3-493e-95ed-dd990ce200f7][bb1fc585-f087-407a-b043-49c06e320521] Item 3: Downloading from URL https://flow-content.google/image/2e4b2682-69fa-4d3a-b213-ca7ef58cb252?Expires=1788615174&KeyName=labs-flow-prod-cdn-key&Signature=v0PDwhFJtnLSYF8F-pgZqssJSss
2026-09-05T07:33:57.631Z [87862fff-0ba3-493e-95ed-dd990ce200f7][bb1fc585-f087-407a-b043-49c06e320521] Downloaded 3/4: winai_2026-09-05T07-33-57_03.jpg
2026-09-05T07:33:57.632Z [87862fff-0ba3-493e-95ed-dd990ce200f7][bb1fc585-f087-407a-b043-49c06e320521] Item 4: Downloading from URL https://flow-content.google/image/1f646472-17a2-40cd-9768-8274dd4b9e08?Expires=1788615174&KeyName=labs-flow-prod-cdn-key&Signature=gEOLpmM24gpEzDEoVtn3cII_0AE
2026-09-05T07:33:57.701Z [87862fff-0ba3-493e-95ed-dd990ce200f7][bb1fc585-f087-407a-b043-49c06e320521] Downloaded 4/4: winai_2026-09-05T07-33-57_04.jpg
2026-09-05T07:33:57.701Z [87862fff-0ba3-493e-95ed-dd990ce200f7][bb1fc585-f087-407a-b043-49c06e320521] ✅ 4 item(s) saved to Downloads/Win AI Toolkit/
2026-09-05T07:33:58.013Z [87862fff-0ba3-493e-95ed-dd990ce200f7][bb1fc585-f087-407a-b043-49c06e320521] Item 2: Uploaded → https://studio.xanhmedia.vn/uploads/2026-09/1788593637702_daf26f_bb1fc585-f087-407a-b043-49c06e320521_878.jpg
2026-09-05T07:33:58.022Z [87862fff-0ba3-493e-95ed-dd990ce200f7][bb1fc585-f087-407a-b043-49c06e320521] Item 4: Uploaded → https://studio.xanhmedia.vn/uploads/2026-09/1788593637709_85511e_bb1fc585-f087-407a-b043-49c06e320521_878.jpg
2026-09-05T07:33:58.034Z [13afcab0-1832-4bdc-ae22-6a41b103e5d5][bb1fc585-f087-407a-b043-49c06e320521] runGeneration starting: task_id=13afcab0-1832-4bdc-ae22-6a41b103e5d5, profile_id=bb1fc585-f087-407a-b043-49c06e320521, target_site=google_flow
2026-09-05T07:33:58.035Z [13afcab0-1832-4bdc-ae22-6a41b103e5d5][bb1fc585-f087-407a-b043-49c06e320521] Opening Playwright browser with persistent profile cookies...
2026-09-05T07:33:58.036Z [87862fff-0ba3-493e-95ed-dd990ce200f7][bb1fc585-f087-407a-b043-49c06e320521] Item 1: Uploaded → https://studio.xanhmedia.vn/uploads/2026-09/1788593637732_1d8151_bb1fc585-f087-407a-b043-49c06e320521_878.jpg
2026-09-05T07:33:58.036Z [13afcab0-1832-4bdc-ae22-6a41b103e5d5][bb1fc585-f087-407a-b043-49c06e320521] Browser engine: winhide (C:\Users\Admin\AppData\Roaming\com.tank.winai\winhide\chrome.exe) [hidden off-screen]
2026-09-05T07:33:58.037Z [13afcab0-1832-4bdc-ae22-6a41b103e5d5][bb1fc585-f087-407a-b043-49c06e320521] Launch mode: STEALTH (raw spawn + connectOverCDP)
2026-09-05T07:33:58.129Z [87862fff-0ba3-493e-95ed-dd990ce200f7][bb1fc585-f087-407a-b043-49c06e320521] Item 3: Uploaded → https://studio.xanhmedia.vn/uploads/2026-09/1788593637819_d19ba5_bb1fc585-f087-407a-b043-49c06e320521_878.jpg
2026-09-05T07:33:58.131Z [87862fff-0ba3-493e-95ed-dd990ce200f7][bb1fc585-f087-407a-b043-49c06e320521] All done (including any 1080p upgrades). Closing Playwright browser context.
2026-09-05T07:33:58.845Z [e903a48b-0cce-45e0-ab3c-bfb73188cf67][bb1fc585-f087-407a-b043-49c06e320521] Ref image 4/7: downloading from URL...
2026-09-05T07:33:59.263Z [e903a48b-0cce-45e0-ab3c-bfb73188cf67][bb1fc585-f087-407a-b043-49c06e320521] Ref image 4/7: saved 549605 bytes (image/jpeg) as "Elara Water Park Day.jpeg"
2026-09-05T07:33:59.267Z [e903a48b-0cce-45e0-ab3c-bfb73188cf67][bb1fc585-f087-407a-b043-49c06e320521] Ref image 4/7: attaching reference image...
2026-09-05T07:33:59.375Z [13afcab0-1832-4bdc-ae22-6a41b103e5d5][bb1fc585-f087-407a-b043-49c06e320521] Exit IP: 115.74.128.9
2026-09-05T07:33:59.375Z [13afcab0-1832-4bdc-ae22-6a41b103e5d5][bb1fc585-f087-407a-b043-49c06e320521] Navigating browser to Google Flow tools page...
2026-09-05T07:33:59.376Z [13afcab0-1832-4bdc-ae22-6a41b103e5d5][bb1fc585-f087-407a-b043-49c06e320521] Using existing project URL: https://flow.google.com/project/c2a607c5-d833-4be1-8108-407b74d4ed85?hl=en
2026-09-05T07:34:00.028Z [bf8c9b10-87a3-4bb3-94f4-b2a4126fed7e][bb1fc585-f087-407a-b043-49c06e320521] Generating... 3 ready, 0 failed / 4 total (115s)
2026-09-05T07:34:00.292Z [13afcab0-1832-4bdc-ae22-6a41b103e5d5][bb1fc585-f087-407a-b043-49c06e320521] Waiting for Google Flow...
2026-09-05T07:34:00.958Z [e903a48b-0cce-45e0-ab3c-bfb73188cf67][bb1fc585-f087-407a-b043-49c06e320521] Ref image 4/7: "Elara Water Park Day.jpeg" not in the library yet — uploading it first.
2026-09-05T07:34:01.996Z [13afcab0-1832-4bdc-ae22-6a41b103e5d5][bb1fc585-f087-407a-b043-49c06e320521] In existing project ✓
2026-09-05T07:34:03.046Z [13afcab0-1832-4bdc-ae22-6a41b103e5d5][bb1fc585-f087-407a-b043-49c06e320521] dismissPopups: unresolved overlay(s) ["IFRAME[presentation]|btns="]
2026-09-05T07:34:03.047Z [bf8c9b10-87a3-4bb3-94f4-b2a4126fed7e][bb1fc585-f087-407a-b043-49c06e320521] Generating... 3 ready, 0 failed / 4 total (118s)
2026-09-05T07:34:05.709Z [e903a48b-0cce-45e0-ab3c-bfb73188cf67][bb1fc585-f087-407a-b043-49c06e320521] Ref image 4/7: uploading "Elara Water Park Day.jpeg" to the project library...
2026-09-05T07:34:06.074Z [bf8c9b10-87a3-4bb3-94f4-b2a4126fed7e][bb1fc585-f087-407a-b043-49c06e320521] Generating... 3 ready, 0 failed / 4 total (121s)
2026-09-05T07:34:06.118Z [13afcab0-1832-4bdc-ae22-6a41b103e5d5][bb1fc585-f087-407a-b043-49c06e320521] Composer ready ✓ (UI language: en)
2026-09-05T07:34:06.139Z [13afcab0-1832-4bdc-ae22-6a41b103e5d5][bb1fc585-f087-407a-b043-49c06e320521] dismissPopups: unresolved overlay(s) ["DIV[]|btns=","DIV[]|btns="]
2026-09-05T07:34:06.154Z [13afcab0-1832-4bdc-ae22-6a41b103e5d5][bb1fc585-f087-407a-b043-49c06e320521] Agent toggle aria-pressed=false
2026-09-05T07:34:06.154Z [13afcab0-1832-4bdc-ae22-6a41b103e5d5][bb1fc585-f087-407a-b043-49c06e320521] Opening settings...
2026-09-05T07:34:06.782Z [e903a48b-0cce-45e0-ab3c-bfb73188cf67][bb1fc585-f087-407a-b043-49c06e320521] Ref image 4/7: upload finished ✓
2026-09-05T07:34:07.767Z [13afcab0-1832-4bdc-ae22-6a41b103e5d5][bb1fc585-f087-407a-b043-49c06e320521] Configuring image settings...
2026-09-05T07:34:09.089Z [bf8c9b10-87a3-4bb3-94f4-b2a4126fed7e][bb1fc585-f087-407a-b043-49c06e320521] Generating... 3 ready, 0 failed / 4 total (124s)
2026-09-05T07:34:09.284Z [13afcab0-1832-4bdc-ae22-6a41b103e5d5][bb1fc585-f087-407a-b043-49c06e320521] Mode: selected "image Image" ✓
2026-09-05T07:34:11.787Z [8a2eafa9-9656-4557-be4c-54339ffcbd22][bb1fc585-f087-407a-b043-49c06e320521] Prompt insert attempt 1: editor has 2327 chars (want ~2375) ✓
2026-09-05T07:34:12.110Z [bf8c9b10-87a3-4bb3-94f4-b2a4126fed7e][bb1fc585-f087-407a-b043-49c06e320521] Generating... 3 ready, 0 failed / 4 total (127s)
2026-09-05T07:34:13.374Z [8a2eafa9-9656-4557-be4c-54339ffcbd22][bb1fc585-f087-407a-b043-49c06e320521] Baseline: 49 pre-existing media tile(s) of 49 mounted (kinds: image,image,image,image,image,image,image,image,image,image,image,image,image,image,image,image,image,image,image,image,image,image,image,image,image,image,image,image,image,image,image,image,image,image,image,image,image,image,image,video,video,image,video,video,image,video,image,video,video).
2026-09-05T07:34:14.544Z [13afcab0-1832-4bdc-ae22-6a41b103e5d5][bb1fc585-f087-407a-b043-49c06e320521] Model: selected "🍌 Nano Banana 2" ✓
2026-09-05T07:34:15.140Z [bf8c9b10-87a3-4bb3-94f4-b2a4126fed7e][bb1fc585-f087-407a-b043-49c06e320521] Generating... 3 ready, 0 failed / 4 total (130s)
2026-09-05T07:34:15.329Z [13afcab0-1832-4bdc-ae22-6a41b103e5d5][bb1fc585-f087-407a-b043-49c06e320521] Aspect ratio: "crop_16_9 16:9" already selected ✓
2026-09-05T07:34:15.490Z [8a2eafa9-9656-4557-be4c-54339ffcbd22][bb1fc585-f087-407a-b043-49c06e320521] [submit] confirmed (editor "What do you want to ", fresh tile=true).
2026-09-05T07:34:16.036Z [8a2eafa9-9656-4557-be4c-54339ffcbd22][bb1fc585-f087-407a-b043-49c06e320521] Current Workspace project URL: https://flow.google.com/project/cae2bf2b-d1b8-40f9-a300-9f2aa6276ea5?hl=en
2026-09-05T07:34:16.036Z [8a2eafa9-9656-4557-be4c-54339ffcbd22][bb1fc585-f087-407a-b043-49c06e320521] Submitted ✓ Detecting batch size...
2026-09-05T07:34:16.049Z [8a2eafa9-9656-4557-be4c-54339ffcbd22][bb1fc585-f087-407a-b043-49c06e320521] New tile(s) since submit: 0 → 4 (mounted=48)
2026-09-05T07:34:16.837Z [13afcab0-1832-4bdc-ae22-6a41b103e5d5][bb1fc585-f087-407a-b043-49c06e320521] Output count: selected "x4" ✓
2026-09-05T07:34:17.702Z [13afcab0-1832-4bdc-ae22-6a41b103e5d5][bb1fc585-f087-407a-b043-49c06e320521] Ref image 1/6: downloading from URL...
2026-09-05T07:34:17.887Z [13afcab0-1832-4bdc-ae22-6a41b103e5d5][bb1fc585-f087-407a-b043-49c06e320521] Downloader: no-proxy request context ready.
2026-09-05T07:34:18.157Z [bf8c9b10-87a3-4bb3-94f4-b2a4126fed7e][bb1fc585-f087-407a-b043-49c06e320521] Generating... 3 ready, 0 failed / 4 total (133s)
2026-09-05T07:34:18.530Z [e903a48b-0cce-45e0-ab3c-bfb73188cf67][bb1fc585-f087-407a-b043-49c06e320521] Ref image 4/7: chips 3→4 ✓
2026-09-05T07:34:18.660Z [13afcab0-1832-4bdc-ae22-6a41b103e5d5][bb1fc585-f087-407a-b043-49c06e320521] Ref image 1/6: saved 468314 bytes (image/jpeg) as "Arlo Water Park Day.jpeg"
2026-09-05T07:34:18.664Z [13afcab0-1832-4bdc-ae22-6a41b103e5d5][bb1fc585-f087-407a-b043-49c06e320521] Ref image 1/6: attaching reference image...
2026-09-05T07:34:19.785Z [e903a48b-0cce-45e0-ab3c-bfb73188cf67][bb1fc585-f087-407a-b043-49c06e320521] Ref image 5/7: downloading from URL...
2026-09-05T07:34:20.193Z [8a2eafa9-9656-4557-be4c-54339ffcbd22][bb1fc585-f087-407a-b043-49c06e320521] Batch size stabilised at 4 new tile(s)
2026-09-05T07:34:20.194Z [8a2eafa9-9656-4557-be4c-54339ffcbd22][bb1fc585-f087-407a-b043-49c06e320521] Batch detected: 4 item(s). Generating...
2026-09-05T07:34:20.194Z [8a2eafa9-9656-4557-be4c-54339ffcbd22][bb1fc585-f087-407a-b043-49c06e320521] Polling for 4 image item(s) (baseline=49, hasUpload=true)...
2026-09-05T07:34:20.208Z [e903a48b-0cce-45e0-ab3c-bfb73188cf67][bb1fc585-f087-407a-b043-49c06e320521] Ref image 5/7: saved 478546 bytes (image/jpeg) as "Verdant Water Park Three Child Extras.jpeg"
2026-09-05T07:34:20.207Z [8a2eafa9-9656-4557-be4c-54339ffcbd22][bb1fc585-f087-407a-b043-49c06e320521] Generating... 0 ready, 0 failed / 4 total (0s) image 34% [BỐI CẢNH] image 34% [BỐI CẢNH] image 34% [BỐI CẢNH] image 34% [BỐI CẢNH]
2026-09-05T07:34:20.212Z [e903a48b-0cce-45e0-ab3c-bfb73188cf67][bb1fc585-f087-407a-b043-49c06e320521] Ref image 5/7: attaching reference image...
2026-09-05T07:34:20.891Z [13afcab0-1832-4bdc-ae22-6a41b103e5d5][bb1fc585-f087-407a-b043-49c06e320521] Ref image 1/6: reusing library asset "Arlo Water Park Day.jpeg" (no re-upload).
2026-09-05T07:34:21.177Z [bf8c9b10-87a3-4bb3-94f4-b2a4126fed7e][bb1fc585-f087-407a-b043-49c06e320521] Generating... 3 ready, 0 failed / 4 total (136s)
2026-09-05T07:34:22.398Z [e903a48b-0cce-45e0-ab3c-bfb73188cf67][bb1fc585-f087-407a-b043-49c06e320521] Ref image 5/7: reusing library asset "Verdant Water Park Three Child Extras.jpeg" (no re-upload).
2026-09-05T07:34:23.230Z [8a2eafa9-9656-4557-be4c-54339ffcbd22][bb1fc585-f087-407a-b043-49c06e320521] Generating... 0 ready, 0 failed / 4 total (3s) image 54% [BỐI CẢNH] image 54% [BỐI CẢNH] image 54% [BỐI CẢNH] image 54% [BỐI CẢNH]
2026-09-05T07:34:24.194Z [bf8c9b10-87a3-4bb3-94f4-b2a4126fed7e][bb1fc585-f087-407a-b043-49c06e320521] Generating... 3 ready, 0 failed / 4 total (139s)
2026-09-05T07:34:24.625Z [13afcab0-1832-4bdc-ae22-6a41b103e5d5][bb1fc585-f087-407a-b043-49c06e320521] Ref image 1/6: chips 0→1 ✓
2026-09-05T07:34:25.779Z [e903a48b-0cce-45e0-ab3c-bfb73188cf67][bb1fc585-f087-407a-b043-49c06e320521] Ref image 5/7: chips 4→5 ✓
2026-09-05T07:34:26.233Z [13afcab0-1832-4bdc-ae22-6a41b103e5d5][bb1fc585-f087-407a-b043-49c06e320521] Ref image 2/6: downloading from URL...
2026-09-05T07:34:26.254Z [8a2eafa9-9656-4557-be4c-54339ffcbd22][bb1fc585-f087-407a-b043-49c06e320521] Generating... 0 ready, 0 failed / 4 total (6s) image 74% [BỐI CẢNH] image 74% [BỐI CẢNH] image 74% [BỐI CẢNH] image 74% [BỐI CẢNH]
2026-09-05T07:34:26.694Z [13afcab0-1832-4bdc-ae22-6a41b103e5d5][bb1fc585-f087-407a-b043-49c06e320521] Ref image 2/6: saved 628888 bytes (image/jpeg) as "Nessa Water Park Day.jpeg"
2026-09-05T07:34:26.703Z [13afcab0-1832-4bdc-ae22-6a41b103e5d5][bb1fc585-f087-407a-b043-49c06e320521] Ref image 2/6: attaching reference image...
2026-09-05T07:34:27.206Z [bf8c9b10-87a3-4bb3-94f4-b2a4126fed7e][bb1fc585-f087-407a-b043-49c06e320521] Generating... 3 ready, 0 failed / 4 total (142s)
2026-09-05T07:34:27.430Z [e903a48b-0cce-45e0-ab3c-bfb73188cf67][bb1fc585-f087-407a-b043-49c06e320521] Ref image 6/7: downloading from URL...
2026-09-05T07:34:27.782Z [e903a48b-0cce-45e0-ab3c-bfb73188cf67][bb1fc585-f087-407a-b043-49c06e320521] Ref image 6/7: saved 289545 bytes (image/jpeg) as "Graham Family Smartphone.jpeg"
2026-09-05T07:34:27.786Z [e903a48b-0cce-45e0-ab3c-bfb73188cf67][bb1fc585-f087-407a-b043-49c06e320521] Ref image 6/7: attaching reference image...
2026-09-05T07:34:28.759Z [13afcab0-1832-4bdc-ae22-6a41b103e5d5][bb1fc585-f087-407a-b043-49c06e320521] Ref image 2/6: reusing library asset "Nessa Water Park Day.jpeg" (no re-upload).
2026-09-05T07:34:29.276Z [8a2eafa9-9656-4557-be4c-54339ffcbd22][bb1fc585-f087-407a-b043-49c06e320521] Generating... 0 ready, 0 failed / 4 total (9s) image 94% [BỐI CẢNH] image 94% [BỐI CẢNH] image 94% [BỐI CẢNH] image 94% [BỐI CẢNH]
2026-09-05T07:34:29.928Z [e903a48b-0cce-45e0-ab3c-bfb73188cf67][bb1fc585-f087-407a-b043-49c06e320521] Ref image 6/7: "Graham Family Smartphone.jpeg" not in the library yet — uploading it first.
2026-09-05T07:34:30.226Z [bf8c9b10-87a3-4bb3-94f4-b2a4126fed7e][bb1fc585-f087-407a-b043-49c06e320521] Generating... 3 ready, 0 failed / 4 total (145s)
2026-09-05T07:34:31.972Z [13afcab0-1832-4bdc-ae22-6a41b103e5d5][bb1fc585-f087-407a-b043-49c06e320521] Ref image 2/6: chips 1→2 ✓
2026-09-05T07:34:32.293Z [8a2eafa9-9656-4557-be4c-54339ffcbd22][bb1fc585-f087-407a-b043-49c06e320521] Generating... 0 ready, 0 failed / 4 total (12s) image 99% [BỐI CẢNH] image 99% [BỐI CẢNH] image 99% [BỐI CẢNH] image 99% [BỐI CẢNH]
2026-09-05T07:34:33.250Z [bf8c9b10-87a3-4bb3-94f4-b2a4126fed7e][bb1fc585-f087-407a-b043-49c06e320521] Generating... 3 ready, 0 failed / 4 total (148s)
2026-09-05T07:34:33.563Z [e903a48b-0cce-45e0-ab3c-bfb73188cf67][bb1fc585-f087-407a-b043-49c06e320521] Ref image 6/7: uploading "Graham Family Smartphone.jpeg" to the project library...
2026-09-05T07:34:33.595Z [13afcab0-1832-4bdc-ae22-6a41b103e5d5][bb1fc585-f087-407a-b043-49c06e320521] Ref image 3/6: downloading from URL...
2026-09-05T07:34:33.975Z [13afcab0-1832-4bdc-ae22-6a41b103e5d5][bb1fc585-f087-407a-b043-49c06e320521] Ref image 3/6: saved 549605 bytes (image/jpeg) as "Elara Water Park Day.jpeg"
2026-09-05T07:34:33.978Z [13afcab0-1832-4bdc-ae22-6a41b103e5d5][bb1fc585-f087-407a-b043-49c06e320521] Ref image 3/6: attaching reference image...
2026-09-05T07:34:34.706Z [e903a48b-0cce-45e0-ab3c-bfb73188cf67][bb1fc585-f087-407a-b043-49c06e320521] Ref image 6/7: upload finished ✓
2026-09-05T07:34:35.313Z [8a2eafa9-9656-4557-be4c-54339ffcbd22][bb1fc585-f087-407a-b043-49c06e320521] Generating... 0 ready, 0 failed / 4 total (15s) image 99% [BỐI CẢNH] image 99% [BỐI CẢNH] image 99% [BỐI CẢNH] image 99% [BỐI CẢNH]
2026-09-05T07:34:36.142Z [13afcab0-1832-4bdc-ae22-6a41b103e5d5][bb1fc585-f087-407a-b043-49c06e320521] Ref image 3/6: reusing library asset "Elara Water Park Day.jpeg" (no re-upload).
2026-09-05T07:34:36.274Z [bf8c9b10-87a3-4bb3-94f4-b2a4126fed7e][bb1fc585-f087-407a-b043-49c06e320521] Generating... 3 ready, 0 failed / 4 total (151s)
2026-09-05T07:34:38.330Z [8a2eafa9-9656-4557-be4c-54339ffcbd22][bb1fc585-f087-407a-b043-49c06e320521] Generating... 0 ready, 0 failed / 4 total (18s) image 99% [BỐI CẢNH] image 99% [BỐI CẢNH] image 99% [BỐI CẢNH] image 99% [BỐI CẢNH]
2026-09-05T07:34:39.297Z [bf8c9b10-87a3-4bb3-94f4-b2a4126fed7e][bb1fc585-f087-407a-b043-49c06e320521] Generating... 3 ready, 0 failed / 4 total (154s)
2026-09-05T07:34:39.850Z [13afcab0-1832-4bdc-ae22-6a41b103e5d5][bb1fc585-f087-407a-b043-49c06e320521] Ref image 3/6: chips 2→3 ✓
2026-09-05T07:34:41.050Z [13afcab0-1832-4bdc-ae22-6a41b103e5d5][bb1fc585-f087-407a-b043-49c06e320521] Ref image 4/6: downloading from URL...
2026-09-05T07:34:41.352Z [8a2eafa9-9656-4557-be4c-54339ffcbd22][bb1fc585-f087-407a-b043-49c06e320521] Generating... 0 ready, 0 failed / 4 total (21s) image 99% [BỐI CẢNH] image 99% [BỐI CẢNH] image 99% [BỐI CẢNH] image 99% [BỐI CẢNH]
2026-09-05T07:34:41.490Z [13afcab0-1832-4bdc-ae22-6a41b103e5d5][bb1fc585-f087-407a-b043-49c06e320521] Ref image 4/6: saved 653843 bytes (image/jpeg) as "Graham Water Park Day.jpeg"
2026-09-05T07:34:41.494Z [13afcab0-1832-4bdc-ae22-6a41b103e5d5][bb1fc585-f087-407a-b043-49c06e320521] Ref image 4/6: attaching reference image...
2026-09-05T07:34:42.312Z [bf8c9b10-87a3-4bb3-94f4-b2a4126fed7e][bb1fc585-f087-407a-b043-49c06e320521] Generating... 3 ready, 0 failed / 4 total (157s)
2026-09-05T07:34:43.248Z [13afcab0-1832-4bdc-ae22-6a41b103e5d5][bb1fc585-f087-407a-b043-49c06e320521] Ref image 4/6: reusing library asset "Graham Water Park Day.jpeg" (no re-upload).
2026-09-05T07:34:43.429Z [e903a48b-0cce-45e0-ab3c-bfb73188cf67][bb1fc585-f087-407a-b043-49c06e320521] Ref image 6/7: chips 5→6 ✓
2026-09-05T07:34:44.377Z [8a2eafa9-9656-4557-be4c-54339ffcbd22][bb1fc585-f087-407a-b043-49c06e320521] Generating... 0 ready, 0 failed / 4 total (24s) image 99% [BỐI CẢNH] image 99% [BỐI CẢNH] image 99% [BỐI CẢNH] image 99% [BỐI CẢNH]
2026-09-05T07:34:44.768Z [e903a48b-0cce-45e0-ab3c-bfb73188cf67][bb1fc585-f087-407a-b043-49c06e320521] Ref image 7/7: downloading from URL...
2026-09-05T07:34:45.146Z [e903a48b-0cce-45e0-ab3c-bfb73188cf67][bb1fc585-f087-407a-b043-49c06e320521] Ref image 7/7: saved 926103 bytes (image/jpeg) as "Verdant Family Water Park Master.jpeg"
2026-09-05T07:34:45.148Z [e903a48b-0cce-45e0-ab3c-bfb73188cf67][bb1fc585-f087-407a-b043-49c06e320521] Ref image 7/7: attaching reference image...
2026-09-05T07:34:45.327Z [bf8c9b10-87a3-4bb3-94f4-b2a4126fed7e][bb1fc585-f087-407a-b043-49c06e320521] Generating... 3 ready, 0 failed / 4 total (160s)
2026-09-05T07:34:47.073Z [13afcab0-1832-4bdc-ae22-6a41b103e5d5][bb1fc585-f087-407a-b043-49c06e320521] Ref image 4/6: chips 3→4 ✓
2026-09-05T07:34:47.227Z [e903a48b-0cce-45e0-ab3c-bfb73188cf67][bb1fc585-f087-407a-b043-49c06e320521] Ref image 7/7: reusing library asset "Verdant Family Water Park Master.jpeg" (no re-upload).
2026-09-05T07:34:47.419Z [8a2eafa9-9656-4557-be4c-54339ffcbd22][bb1fc585-f087-407a-b043-49c06e320521] Generating... 0 ready, 0 failed / 4 total (27s) image 99% [BỐI CẢNH] image 99% [BỐI CẢNH] image 99% [BỐI CẢNH] image 99% [BỐI CẢNH]
2026-09-05T07:34:48.125Z [13afcab0-1832-4bdc-ae22-6a41b103e5d5][bb1fc585-f087-407a-b043-49c06e320521] Ref image 5/6: downloading from URL...
2026-09-05T07:34:48.351Z [bf8c9b10-87a3-4bb3-94f4-b2a4126fed7e][bb1fc585-f087-407a-b043-49c06e320521] Generating... 3 ready, 0 failed / 4 total (163s)
2026-09-05T07:34:48.474Z [13afcab0-1832-4bdc-ae22-6a41b103e5d5][bb1fc585-f087-407a-b043-49c06e320521] Ref image 5/6: saved 289545 bytes (image/jpeg) as "Graham Family Smartphone.jpeg"
2026-09-05T07:34:48.478Z [13afcab0-1832-4bdc-ae22-6a41b103e5d5][bb1fc585-f087-407a-b043-49c06e320521] Ref image 5/6: attaching reference image...
2026-09-05T07:34:50.435Z [8a2eafa9-9656-4557-be4c-54339ffcbd22][bb1fc585-f087-407a-b043-49c06e320521] Generating... 0 ready, 0 failed / 4 total (30s) image 99% [BỐI CẢNH] image 99% [BỐI CẢNH] image 99% [BỐI CẢNH] image 99% [BỐI CẢNH]
2026-09-05T07:34:50.550Z [e903a48b-0cce-45e0-ab3c-bfb73188cf67][bb1fc585-f087-407a-b043-49c06e320521] Ref image 7/7: chips 6→7 ✓
2026-09-05T07:34:50.561Z [e903a48b-0cce-45e0-ab3c-bfb73188cf67][bb1fc585-f087-407a-b043-49c06e320521] Entering prompt...
2026-09-05T07:34:50.620Z [13afcab0-1832-4bdc-ae22-6a41b103e5d5][bb1fc585-f087-407a-b043-49c06e320521] Ref image 5/6: reusing library asset "Graham Family Smartphone.jpeg" (no re-upload).
2026-09-05T07:34:51.374Z [bf8c9b10-87a3-4bb3-94f4-b2a4126fed7e][bb1fc585-f087-407a-b043-49c06e320521] Generating... 3 ready, 0 failed / 4 total (166s)
2026-09-05T07:34:52.615Z [e903a48b-0cce-45e0-ab3c-bfb73188cf67][bb1fc585-f087-407a-b043-49c06e320521] Prompt is 2391 chars — typing it in 32 chunk(s).
2026-09-05T07:34:53.455Z [8a2eafa9-9656-4557-be4c-54339ffcbd22][bb1fc585-f087-407a-b043-49c06e320521] Generating... 0 ready, 0 failed / 4 total (33s) image 99% [BỐI CẢNH] image 99% [BỐI CẢNH] image 99% [BỐI CẢNH] image 99% [BỐI CẢNH]
2026-09-05T07:34:53.494Z [13afcab0-1832-4bdc-ae22-6a41b103e5d5][bb1fc585-f087-407a-b043-49c06e320521] Ref image 5/6: chips 4→5 ✓
2026-09-05T07:34:54.399Z [bf8c9b10-87a3-4bb3-94f4-b2a4126fed7e][bb1fc585-f087-407a-b043-49c06e320521] Generating... 3 ready, 0 failed / 4 total (169s)
2026-09-05T07:34:54.851Z [13afcab0-1832-4bdc-ae22-6a41b103e5d5][bb1fc585-f087-407a-b043-49c06e320521] Ref image 6/6: downloading from URL...
2026-09-05T07:34:55.212Z [13afcab0-1832-4bdc-ae22-6a41b103e5d5][bb1fc585-f087-407a-b043-49c06e320521] Ref image 6/6: saved 926103 bytes (image/jpeg) as "Verdant Family Water Park Master.jpeg"
2026-09-05T07:34:55.215Z [13afcab0-1832-4bdc-ae22-6a41b103e5d5][bb1fc585-f087-407a-b043-49c06e320521] Ref image 6/6: attaching reference image...
2026-09-05T07:34:56.478Z [8a2eafa9-9656-4557-be4c-54339ffcbd22][bb1fc585-f087-407a-b043-49c06e320521] Generating... 0 ready, 0 failed / 4 total (36s) image 99% [BỐI CẢNH] image 99% [BỐI CẢNH] image 99% [BỐI CẢNH] image 99% [BỐI CẢNH]
2026-09-05T07:34:57.425Z [bf8c9b10-87a3-4bb3-94f4-b2a4126fed7e][bb1fc585-f087-407a-b043-49c06e320521] Generating... 3 ready, 0 failed / 4 total (172s)
2026-09-05T07:34:57.586Z [13afcab0-1832-4bdc-ae22-6a41b103e5d5][bb1fc585-f087-407a-b043-49c06e320521] Ref image 6/6: reusing library asset "Verdant Family Water Park Master.jpeg" (no re-upload).
2026-09-05T07:34:59.550Z [8a2eafa9-9656-4557-be4c-54339ffcbd22][bb1fc585-f087-407a-b043-49c06e320521] Generating... 0 ready, 0 failed / 4 total (39s) image 99% [BỐI CẢNH] image 99% [BỐI CẢNH] image 99% [BỐI CẢNH] [BỐI CẢNH]Verdant Fa
2026-09-05T07:35:00.446Z [bf8c9b10-87a3-4bb3-94f4-b2a4126fed7e][bb1fc585-f087-407a-b043-49c06e320521] Generating... 3 ready, 0 failed / 4 total (175s)
2026-09-05T07:35:01.451Z [13afcab0-1832-4bdc-ae22-6a41b103e5d5][bb1fc585-f087-407a-b043-49c06e320521] Ref image 6/6: chips 5→6 ✓
2026-09-05T07:35:01.463Z [13afcab0-1832-4bdc-ae22-6a41b103e5d5][bb1fc585-f087-407a-b043-49c06e320521] Entering prompt...
2026-09-05T07:35:02.564Z [8a2eafa9-9656-4557-be4c-54339ffcbd22][bb1fc585-f087-407a-b043-49c06e320521] Generating... 1 ready, 0 failed / 4 total (42s) image 99% [BỐI CẢNH] image 99% [BỐI CẢNH] [BỐI CẢNH]Verdant Fa
2026-09-05T07:35:03.418Z [13afcab0-1832-4bdc-ae22-6a41b103e5d5][bb1fc585-f087-407a-b043-49c06e320521] Prompt is 2155 chars — typing it in 30 chunk(s).
2026-09-05T07:35:03.478Z [bf8c9b10-87a3-4bb3-94f4-b2a4126fed7e][bb1fc585-f087-407a-b043-49c06e320521] Generating... 3 ready, 0 failed / 4 total (178s)
2026-09-05T07:35:05.587Z [8a2eafa9-9656-4557-be4c-54339ffcbd22][bb1fc585-f087-407a-b043-49c06e320521] Generating... 2 ready, 0 failed / 4 total (45s) image 99% [BỐI CẢNH] [BỐI CẢNH]Verdant Fa
2026-09-05T07:35:06.495Z [bf8c9b10-87a3-4bb3-94f4-b2a4126fed7e][bb1fc585-f087-407a-b043-49c06e320521] Poll ended with 3/4 ready — salvaging the completed item(s).
2026-09-05T07:35:06.495Z [bf8c9b10-87a3-4bb3-94f4-b2a4126fed7e][bb1fc585-f087-407a-b043-49c06e320521] 3 item(s) ready! Downloading...
2026-09-05T07:35:06.496Z [bf8c9b10-87a3-4bb3-94f4-b2a4126fed7e][bb1fc585-f087-407a-b043-49c06e320521] Item 1: Downloading from URL https://flow-content.google/image/cf7b0569-8ef4-42d5-a084-5f7770cdf894?Expires=1788615122&KeyName=labs-flow-prod-cdn-key&Signature=aK4Ix1pmavD6w6DhW8--kkVqb4g
2026-09-05T07:35:06.798Z [bf8c9b10-87a3-4bb3-94f4-b2a4126fed7e][bb1fc585-f087-407a-b043-49c06e320521] Downloaded 1/3: winai_2026-09-05T07-35-06_01.jpg
2026-09-05T07:35:06.795Z [e903a48b-0cce-45e0-ab3c-bfb73188cf67][bb1fc585-f087-407a-b043-49c06e320521] Prompt insert attempt 1: editor has 2336 chars (want ~2384) ✓
2026-09-05T07:35:06.798Z [bf8c9b10-87a3-4bb3-94f4-b2a4126fed7e][bb1fc585-f087-407a-b043-49c06e320521] Item 2: Downloading from URL https://flow-content.google/image/6b4753ec-4ac4-4a84-b8de-8ce5bfd34967?Expires=1788615120&KeyName=labs-flow-prod-cdn-key&Signature=nW6vENKndhb_99J5s8WAHPNDQaE
2026-09-05T07:35:06.914Z [bf8c9b10-87a3-4bb3-94f4-b2a4126fed7e][bb1fc585-f087-407a-b043-49c06e320521] Downloaded 2/3: winai_2026-09-05T07-35-06_02.jpg
2026-09-05T07:35:06.915Z [bf8c9b10-87a3-4bb3-94f4-b2a4126fed7e][bb1fc585-f087-407a-b043-49c06e320521] Item 3: Downloading from URL https://flow-content.google/image/f8c0b203-8368-4506-afa6-e88304d513bd?Expires=1788615120&KeyName=labs-flow-prod-cdn-key&Signature=Sm59YjpDfRMFIUfvv4xlLW9eGGE
2026-09-05T07:35:06.991Z [bf8c9b10-87a3-4bb3-94f4-b2a4126fed7e][bb1fc585-f087-407a-b043-49c06e320521] Downloaded 3/3: winai_2026-09-05T07-35-06_03.jpg
2026-09-05T07:35:06.991Z [bf8c9b10-87a3-4bb3-94f4-b2a4126fed7e][bb1fc585-f087-407a-b043-49c06e320521] ✅ 3 item(s) saved to Downloads/Win AI Toolkit/
2026-09-05T07:35:07.260Z [bf8c9b10-87a3-4bb3-94f4-b2a4126fed7e][bb1fc585-f087-407a-b043-49c06e320521] Item 2: Uploaded → https://studio.xanhmedia.vn/uploads/2026-09/1788593706953_2c9a2c_bb1fc585-f087-407a-b043-49c06e320521_bf8.jpg
2026-09-05T07:35:07.311Z [bf8c9b10-87a3-4bb3-94f4-b2a4126fed7e][bb1fc585-f087-407a-b043-49c06e320521] Item 1: Uploaded → https://studio.xanhmedia.vn/uploads/2026-09/1788593706992_a86d1c_bb1fc585-f087-407a-b043-49c06e320521_bf8.jpg
2026-09-05T07:35:07.312Z [bf8c9b10-87a3-4bb3-94f4-b2a4126fed7e][bb1fc585-f087-407a-b043-49c06e320521] Item 3: Uploaded → https://studio.xanhmedia.vn/uploads/2026-09/1788593706997_121533_bb1fc585-f087-407a-b043-49c06e320521_bf8.jpg
2026-09-05T07:35:07.314Z [bf8c9b10-87a3-4bb3-94f4-b2a4126fed7e][bb1fc585-f087-407a-b043-49c06e320521] All done (including any 1080p upgrades). Closing Playwright browser context.
2026-09-05T07:35:07.474Z [a3cb6a18-54d8-4f03-ad9f-9f8dc025143b][bb1fc585-f087-407a-b043-49c06e320521] runGeneration starting: task_id=a3cb6a18-54d8-4f03-ad9f-9f8dc025143b, profile_id=bb1fc585-f087-407a-b043-49c06e320521, target_site=google_flow
2026-09-05T07:35:07.475Z [a3cb6a18-54d8-4f03-ad9f-9f8dc025143b][bb1fc585-f087-407a-b043-49c06e320521] Opening Playwright browser with persistent profile cookies...
2026-09-05T07:35:07.476Z [a3cb6a18-54d8-4f03-ad9f-9f8dc025143b][bb1fc585-f087-407a-b043-49c06e320521] Browser engine: winhide (C:\Users\Admin\AppData\Roaming\com.tank.winai\winhide\chrome.exe) [hidden off-screen]
2026-09-05T07:35:07.476Z [a3cb6a18-54d8-4f03-ad9f-9f8dc025143b][bb1fc585-f087-407a-b043-49c06e320521] Launch mode: STEALTH (raw spawn + connectOverCDP)
2026-09-05T07:35:08.612Z [8a2eafa9-9656-4557-be4c-54339ffcbd22][bb1fc585-f087-407a-b043-49c06e320521] Generating... 3 ready, 0 failed / 4 total (48s) [BỐI CẢNH]Verdant Fa
2026-09-05T07:35:08.888Z [e903a48b-0cce-45e0-ab3c-bfb73188cf67][bb1fc585-f087-407a-b043-49c06e320521] Baseline: 47 pre-existing media tile(s) of 47 mounted (kinds: image,image,image,image,image,image,image,image,image,image,image,image,image,image,image,image,image,image,image,image,image,image,image,image,image,image,image,image,image,image,image,image,image,image,image,image,image,image,image,image,image,image,image,image,image,video,video).
2026-09-05T07:35:08.959Z [a3cb6a18-54d8-4f03-ad9f-9f8dc025143b][bb1fc585-f087-407a-b043-49c06e320521] Exit IP: 115.74.128.9
2026-09-05T07:35:08.960Z [a3cb6a18-54d8-4f03-ad9f-9f8dc025143b][bb1fc585-f087-407a-b043-49c06e320521] Navigating browser to Google Flow tools page...
2026-09-05T07:35:08.960Z [a3cb6a18-54d8-4f03-ad9f-9f8dc025143b][bb1fc585-f087-407a-b043-49c06e320521] Using existing project URL: https://flow.google.com/project/33ca2cc2-c9ff-4bb6-9048-2a7af1dfcfee?hl=en
2026-09-05T07:35:09.799Z [a3cb6a18-54d8-4f03-ad9f-9f8dc025143b][bb1fc585-f087-407a-b043-49c06e320521] Waiting for Google Flow...
2026-09-05T07:35:10.924Z [e903a48b-0cce-45e0-ab3c-bfb73188cf67][bb1fc585-f087-407a-b043-49c06e320521] [submit] confirmed (editor "What do you want to ", fresh tile=true).
2026-09-05T07:35:11.557Z [e903a48b-0cce-45e0-ab3c-bfb73188cf67][bb1fc585-f087-407a-b043-49c06e320521] Current Workspace project URL: https://flow.google.com/project/cd81a7d3-c989-419e-891a-f8694174cb85?hl=en
2026-09-05T07:35:11.557Z [e903a48b-0cce-45e0-ab3c-bfb73188cf67][bb1fc585-f087-407a-b043-49c06e320521] Submitted ✓ Detecting batch size...
2026-09-05T07:35:11.569Z [e903a48b-0cce-45e0-ab3c-bfb73188cf67][bb1fc585-f087-407a-b043-49c06e320521] New tile(s) since submit: 0 → 4 (mounted=49)
2026-09-05T07:35:11.632Z [8a2eafa9-9656-4557-be4c-54339ffcbd22][bb1fc585-f087-407a-b043-49c06e320521] Generating... 4 ready, 0 failed / 4 total (51s)
2026-09-05T07:35:11.633Z [8a2eafa9-9656-4557-be4c-54339ffcbd22][bb1fc585-f087-407a-b043-49c06e320521] Batch done: 4 ready (target 4), 0 failed, scanned 4.
2026-09-05T07:35:11.633Z [8a2eafa9-9656-4557-be4c-54339ffcbd22][bb1fc585-f087-407a-b043-49c06e320521] 4 item(s) ready! Downloading...
2026-09-05T07:35:11.635Z [8a2eafa9-9656-4557-be4c-54339ffcbd22][bb1fc585-f087-407a-b043-49c06e320521] Item 1: Downloading from URL https://flow-content.google/image/61e5cb71-7032-4c2c-9d3b-d567533600e1?Expires=1788615257&KeyName=labs-flow-prod-cdn-key&Signature=q_cydwfSVh2D2FYy5JWrfEQML7I
2026-09-05T07:35:11.993Z [8a2eafa9-9656-4557-be4c-54339ffcbd22][bb1fc585-f087-407a-b043-49c06e320521] Downloaded 1/4: winai_2026-09-05T07-35-11_01.jpg
2026-09-05T07:35:11.994Z [8a2eafa9-9656-4557-be4c-54339ffcbd22][bb1fc585-f087-407a-b043-49c06e320521] Item 2: Downloading from URL https://flow-content.google/image/cf1e55db-a1ff-4920-ac81-36227579a9e2?Expires=1788615257&KeyName=labs-flow-prod-cdn-key&Signature=xf3oUoyfBnQtcXJNzMrCtKw-pfM
2026-09-05T07:35:12.110Z [8a2eafa9-9656-4557-be4c-54339ffcbd22][bb1fc585-f087-407a-b043-49c06e320521] Downloaded 2/4: winai_2026-09-05T07-35-11_02.jpg
2026-09-05T07:35:12.110Z [8a2eafa9-9656-4557-be4c-54339ffcbd22][bb1fc585-f087-407a-b043-49c06e320521] Item 3: Downloading from URL https://flow-content.google/image/fdea0de5-389d-4648-bd30-2d9d8396b4f3?Expires=1788615255&KeyName=labs-flow-prod-cdn-key&Signature=qpP36LjY_5mXLvgSvw7iURooaDk
2026-09-05T07:35:12.174Z [a3cb6a18-54d8-4f03-ad9f-9f8dc025143b][bb1fc585-f087-407a-b043-49c06e320521] In existing project ✓
2026-09-05T07:35:12.194Z [8a2eafa9-9656-4557-be4c-54339ffcbd22][bb1fc585-f087-407a-b043-49c06e320521] Downloaded 3/4: winai_2026-09-05T07-35-11_03.jpg
2026-09-05T07:35:12.195Z [8a2eafa9-9656-4557-be4c-54339ffcbd22][bb1fc585-f087-407a-b043-49c06e320521] Item 4: Downloading from URL https://flow-content.google/image/9184c19b-e16e-4915-bddf-d9ee3c43bb69?Expires=1788615255&KeyName=labs-flow-prod-cdn-key&Signature=o7l1_GygsyJATavZ224bwzye4tw
2026-09-05T07:35:12.278Z [8a2eafa9-9656-4557-be4c-54339ffcbd22][bb1fc585-f087-407a-b043-49c06e320521] Downloaded 4/4: winai_2026-09-05T07-35-11_04.jpg
2026-09-05T07:35:12.278Z [8a2eafa9-9656-4557-be4c-54339ffcbd22][bb1fc585-f087-407a-b043-49c06e320521] ✅ 4 item(s) saved to Downloads/Win AI Toolkit/
2026-09-05T07:35:12.532Z [8a2eafa9-9656-4557-be4c-54339ffcbd22][bb1fc585-f087-407a-b043-49c06e320521] Item 4: Uploaded → https://studio.xanhmedia.vn/uploads/2026-09/1788593712226_be575e_bb1fc585-f087-407a-b043-49c06e320521_8a2.jpg
2026-09-05T07:35:12.608Z [8a2eafa9-9656-4557-be4c-54339ffcbd22][bb1fc585-f087-407a-b043-49c06e320521] Item 3: Uploaded → https://studio.xanhmedia.vn/uploads/2026-09/1788593712290_0c868d_bb1fc585-f087-407a-b043-49c06e320521_8a2.jpg
2026-09-05T07:35:12.641Z [8a2eafa9-9656-4557-be4c-54339ffcbd22][bb1fc585-f087-407a-b043-49c06e320521] Item 1: Uploaded → https://studio.xanhmedia.vn/uploads/2026-09/1788593712327_ff34bc_bb1fc585-f087-407a-b043-49c06e320521_8a2.jpg
2026-09-05T07:35:12.671Z [8a2eafa9-9656-4557-be4c-54339ffcbd22][bb1fc585-f087-407a-b043-49c06e320521] Item 2: Uploaded → https://studio.xanhmedia.vn/uploads/2026-09/1788593712355_eb0f88_bb1fc585-f087-407a-b043-49c06e320521_8a2.jpg
2026-09-05T07:35:12.672Z [8a2eafa9-9656-4557-be4c-54339ffcbd22][bb1fc585-f087-407a-b043-49c06e320521] All done (including any 1080p upgrades). Closing Playwright browser context.
2026-09-05T07:35:13.005Z [a3cb6a18-54d8-4f03-ad9f-9f8dc025143b][bb1fc585-f087-407a-b043-49c06e320521] dismissPopups: unresolved overlay(s) ["IFRAME[presentation]|btns="]
2026-09-05T07:35:13.554Z [3eac1a62-b3f6-403d-8efd-db3f23a63dff][bb1fc585-f087-407a-b043-49c06e320521] runGeneration starting: task_id=3eac1a62-b3f6-403d-8efd-db3f23a63dff, profile_id=bb1fc585-f087-407a-b043-49c06e320521, target_site=google_flow
2026-09-05T07:35:13.555Z [3eac1a62-b3f6-403d-8efd-db3f23a63dff][bb1fc585-f087-407a-b043-49c06e320521] Opening Playwright browser with persistent profile cookies...
2026-09-05T07:35:13.556Z [3eac1a62-b3f6-403d-8efd-db3f23a63dff][bb1fc585-f087-407a-b043-49c06e320521] Browser engine: winhide (C:\Users\Admin\AppData\Roaming\com.tank.winai\winhide\chrome.exe) [hidden off-screen]
2026-09-05T07:35:13.556Z [3eac1a62-b3f6-403d-8efd-db3f23a63dff][bb1fc585-f087-407a-b043-49c06e320521] Launch mode: STEALTH (raw spawn + connectOverCDP)
2026-09-05T07:35:15.244Z [3eac1a62-b3f6-403d-8efd-db3f23a63dff][bb1fc585-f087-407a-b043-49c06e320521] Exit IP: 115.74.128.9
2026-09-05T07:35:15.245Z [3eac1a62-b3f6-403d-8efd-db3f23a63dff][bb1fc585-f087-407a-b043-49c06e320521] Navigating browser to Google Flow tools page...
2026-09-05T07:35:15.246Z [3eac1a62-b3f6-403d-8efd-db3f23a63dff][bb1fc585-f087-407a-b043-49c06e320521] Using existing project URL: https://flow.google.com/project/cae2bf2b-d1b8-40f9-a300-9f2aa6276ea5?hl=en
2026-09-05T07:35:15.677Z [a3cb6a18-54d8-4f03-ad9f-9f8dc025143b][bb1fc585-f087-407a-b043-49c06e320521] Composer ready ✓ (UI language: en)
2026-09-05T07:35:15.743Z [e903a48b-0cce-45e0-ab3c-bfb73188cf67][bb1fc585-f087-407a-b043-49c06e320521] Batch size stabilised at 4 new tile(s)
2026-09-05T07:35:15.743Z [e903a48b-0cce-45e0-ab3c-bfb73188cf67][bb1fc585-f087-407a-b043-49c06e320521] Batch detected: 4 item(s). Generating...
2026-09-05T07:35:15.744Z [e903a48b-0cce-45e0-ab3c-bfb73188cf67][bb1fc585-f087-407a-b043-49c06e320521] Polling for 4 image item(s) (baseline=47, hasUpload=true)...
2026-09-05T07:35:15.764Z [e903a48b-0cce-45e0-ab3c-bfb73188cf67][bb1fc585-f087-407a-b043-49c06e320521] Generating... 0 ready, 0 failed / 4 total (0s) image 34% [BỐI CẢNH] image 34% [BỐI CẢNH] image 34% [BỐI CẢNH] image 34% [BỐI CẢNH]
2026-09-05T07:35:15.799Z [a3cb6a18-54d8-4f03-ad9f-9f8dc025143b][bb1fc585-f087-407a-b043-49c06e320521] dismissPopups: unresolved overlay(s) ["DIV[]|btns=","DIV[]|btns="]
2026-09-05T07:35:15.840Z [a3cb6a18-54d8-4f03-ad9f-9f8dc025143b][bb1fc585-f087-407a-b043-49c06e320521] Agent toggle aria-pressed=false
2026-09-05T07:35:15.841Z [a3cb6a18-54d8-4f03-ad9f-9f8dc025143b][bb1fc585-f087-407a-b043-49c06e320521] Opening settings...
2026-09-05T07:35:16.380Z [3eac1a62-b3f6-403d-8efd-db3f23a63dff][bb1fc585-f087-407a-b043-49c06e320521] Waiting for Google Flow...
2026-09-05T07:35:17.563Z [a3cb6a18-54d8-4f03-ad9f-9f8dc025143b][bb1fc585-f087-407a-b043-49c06e320521] Configuring image settings...
2026-09-05T07:35:18.091Z [13afcab0-1832-4bdc-ae22-6a41b103e5d5][bb1fc585-f087-407a-b043-49c06e320521] Prompt insert attempt 1: editor has 2102 chars (want ~2148) ✓
2026-09-05T07:35:18.415Z [3eac1a62-b3f6-403d-8efd-db3f23a63dff][bb1fc585-f087-407a-b043-49c06e320521] In existing project ✓
2026-09-05T07:35:18.781Z [e903a48b-0cce-45e0-ab3c-bfb73188cf67][bb1fc585-f087-407a-b043-49c06e320521] Generating... 0 ready, 0 failed / 4 total (3s) image 54% [BỐI CẢNH] image 54% [BỐI CẢNH] image 54% [BỐI CẢNH] image 54% [BỐI CẢNH]
2026-09-05T07:35:19.264Z [a3cb6a18-54d8-4f03-ad9f-9f8dc025143b][bb1fc585-f087-407a-b043-49c06e320521] Mode: selected "image Image" ✓
2026-09-05T07:35:19.434Z [3eac1a62-b3f6-403d-8efd-db3f23a63dff][bb1fc585-f087-407a-b043-49c06e320521] dismissPopups: unresolved overlay(s) ["IFRAME[presentation]|btns="]
2026-09-05T07:35:20.104Z [13afcab0-1832-4bdc-ae22-6a41b103e5d5][bb1fc585-f087-407a-b043-49c06e320521] Baseline: 48 pre-existing media tile(s) of 48 mounted (kinds: image,image,image,image,image,image,image,image,image,image,image,image,image,image,image,image,image,image,image,image,image,image,image,image,image,image,image,image,image,image,image,image,image,image,image,image,image,image,image,image,image,image,image,image,image,image,video,video).
2026-09-05T07:35:21.805Z [e903a48b-0cce-45e0-ab3c-bfb73188cf67][bb1fc585-f087-407a-b043-49c06e320521] Generating... 0 ready, 0 failed / 4 total (6s) image 74% [BỐI CẢNH] image 74% [BỐI CẢNH] image 74% [BỐI CẢNH] image 74% [BỐI CẢNH]
2026-09-05T07:35:22.212Z [13afcab0-1832-4bdc-ae22-6a41b103e5d5][bb1fc585-f087-407a-b043-49c06e320521] [submit] confirmed (editor "What do you want to ", fresh tile=true).
2026-09-05T07:35:22.279Z [3eac1a62-b3f6-403d-8efd-db3f23a63dff][bb1fc585-f087-407a-b043-49c06e320521] Composer ready ✓ (UI language: en)
2026-09-05T07:35:22.362Z [3eac1a62-b3f6-403d-8efd-db3f23a63dff][bb1fc585-f087-407a-b043-49c06e320521] dismissPopups: unresolved overlay(s) ["DIV[]|btns=","DIV[]|btns="]
2026-09-05T07:35:22.402Z [3eac1a62-b3f6-403d-8efd-db3f23a63dff][bb1fc585-f087-407a-b043-49c06e320521] Agent toggle aria-pressed=false
2026-09-05T07:35:22.403Z [3eac1a62-b3f6-403d-8efd-db3f23a63dff][bb1fc585-f087-407a-b043-49c06e320521] Opening settings...
2026-09-05T07:35:22.774Z [13afcab0-1832-4bdc-ae22-6a41b103e5d5][bb1fc585-f087-407a-b043-49c06e320521] Current Workspace project URL: https://flow.google.com/project/c2a607c5-d833-4be1-8108-407b74d4ed85?hl=en
2026-09-05T07:35:22.774Z [13afcab0-1832-4bdc-ae22-6a41b103e5d5][bb1fc585-f087-407a-b043-49c06e320521] Submitted ✓ Detecting batch size...
2026-09-05T07:35:22.808Z [13afcab0-1832-4bdc-ae22-6a41b103e5d5][bb1fc585-f087-407a-b043-49c06e320521] New tile(s) since submit: 0 → 4 (mounted=48)
2026-09-05T07:35:24.024Z [a3cb6a18-54d8-4f03-ad9f-9f8dc025143b][bb1fc585-f087-407a-b043-49c06e320521] Model: selected "🍌 Nano Banana 2" ✓
2026-09-05T07:35:24.476Z [3eac1a62-b3f6-403d-8efd-db3f23a63dff][bb1fc585-f087-407a-b043-49c06e320521] Configuring image settings...
2026-09-05T07:35:24.822Z [e903a48b-0cce-45e0-ab3c-bfb73188cf67][bb1fc585-f087-407a-b043-49c06e320521] Generating... 0 ready, 0 failed / 4 total (9s) image 94% [BỐI CẢNH] image 94% [BỐI CẢNH] image 94% [BỐI CẢNH] image 94% [BỐI CẢNH]
2026-09-05T07:35:25.007Z [a3cb6a18-54d8-4f03-ad9f-9f8dc025143b][bb1fc585-f087-407a-b043-49c06e320521] Aspect ratio: "crop_16_9 16:9" already selected ✓
2026-09-05T07:35:26.364Z [a3cb6a18-54d8-4f03-ad9f-9f8dc025143b][bb1fc585-f087-407a-b043-49c06e320521] Output count: selected "x4" ✓
2026-09-05T07:35:26.413Z [3eac1a62-b3f6-403d-8efd-db3f23a63dff][bb1fc585-f087-407a-b043-49c06e320521] Mode: selected "image Image" ✓
2026-09-05T07:35:26.954Z [13afcab0-1832-4bdc-ae22-6a41b103e5d5][bb1fc585-f087-407a-b043-49c06e320521] Batch size stabilised at 4 new tile(s)
2026-09-05T07:35:26.955Z [13afcab0-1832-4bdc-ae22-6a41b103e5d5][bb1fc585-f087-407a-b043-49c06e320521] Batch detected: 4 item(s). Generating...
2026-09-05T07:35:26.955Z [13afcab0-1832-4bdc-ae22-6a41b103e5d5][bb1fc585-f087-407a-b043-49c06e320521] Polling for 4 image item(s) (baseline=48, hasUpload=true)...
2026-09-05T07:35:26.965Z [13afcab0-1832-4bdc-ae22-6a41b103e5d5][bb1fc585-f087-407a-b043-49c06e320521] Generating... 0 ready, 0 failed / 4 total (0s) image 34% [BỐI CẢNH] image 34% [BỐI CẢNH] image 34% [BỐI CẢNH] image 34% [BỐI CẢNH]
2026-09-05T07:35:27.354Z [a3cb6a18-54d8-4f03-ad9f-9f8dc025143b][bb1fc585-f087-407a-b043-49c06e320521] Ref image 1/5: downloading from URL...
2026-09-05T07:35:27.547Z [a3cb6a18-54d8-4f03-ad9f-9f8dc025143b][bb1fc585-f087-407a-b043-49c06e320521] Downloader: no-proxy request context ready.
2026-09-05T07:35:27.834Z [e903a48b-0cce-45e0-ab3c-bfb73188cf67][bb1fc585-f087-407a-b043-49c06e320521] Generating... 0 ready, 0 failed / 4 total (12s) image 99% [BỐI CẢNH] image 99% [BỐI CẢNH] image 99% [BỐI CẢNH] image 99% [BỐI CẢNH]
2026-09-05T07:35:28.377Z [a3cb6a18-54d8-4f03-ad9f-9f8dc025143b][bb1fc585-f087-407a-b043-49c06e320521] Ref image 1/5: saved 468314 bytes (image/jpeg) as "Arlo Water Park Day.jpeg"
2026-09-05T07:35:28.388Z [a3cb6a18-54d8-4f03-ad9f-9f8dc025143b][bb1fc585-f087-407a-b043-49c06e320521] Ref image 1/5: attaching reference image...
2026-09-05T07:35:29.993Z [13afcab0-1832-4bdc-ae22-6a41b103e5d5][bb1fc585-f087-407a-b043-49c06e320521] Generating... 0 ready, 0 failed / 4 total (3s) image 54% [BỐI CẢNH] image 54% [BỐI CẢNH] image 54% [BỐI CẢNH] image 54% [BỐI CẢNH]
2026-09-05T07:35:30.813Z [a3cb6a18-54d8-4f03-ad9f-9f8dc025143b][bb1fc585-f087-407a-b043-49c06e320521] Ref image 1/5: reusing library asset "Arlo Water Park Day.jpeg" (no re-upload).
2026-09-05T07:35:30.864Z [e903a48b-0cce-45e0-ab3c-bfb73188cf67][bb1fc585-f087-407a-b043-49c06e320521] Generating... 0 ready, 0 failed / 4 total (15s) image 99% [BỐI CẢNH] image 99% [BỐI CẢNH] image 99% [BỐI CẢNH] image 99% [BỐI CẢNH]
2026-09-05T07:35:31.231Z [3eac1a62-b3f6-403d-8efd-db3f23a63dff][bb1fc585-f087-407a-b043-49c06e320521] Model: selected "🍌 Nano Banana 2" ✓
2026-09-05T07:35:31.891Z [3eac1a62-b3f6-403d-8efd-db3f23a63dff][bb1fc585-f087-407a-b043-49c06e320521] Aspect ratio: "crop_16_9 16:9" already selected ✓
2026-09-05T07:35:33.004Z [13afcab0-1832-4bdc-ae22-6a41b103e5d5][bb1fc585-f087-407a-b043-49c06e320521] Generating... 0 ready, 0 failed / 4 total (6s) image 74% [BỐI CẢNH] image 74% [BỐI CẢNH] image 74% [BỐI CẢNH] image 74% [BỐI CẢNH]
2026-09-05T07:35:33.473Z [3eac1a62-b3f6-403d-8efd-db3f23a63dff][bb1fc585-f087-407a-b043-49c06e320521] Output count: selected "x4" ✓
2026-09-05T07:35:33.883Z [e903a48b-0cce-45e0-ab3c-bfb73188cf67][bb1fc585-f087-407a-b043-49c06e320521] Generating... 0 ready, 0 failed / 4 total (18s) image 99% [BỐI CẢNH] image 99% [BỐI CẢNH] image 99% [BỐI CẢNH] image 99% [BỐI CẢNH]
2026-09-05T07:35:34.211Z [a3cb6a18-54d8-4f03-ad9f-9f8dc025143b][bb1fc585-f087-407a-b043-49c06e320521] Ref image 1/5: chips 0→1 ✓
2026-09-05T07:35:34.433Z [3eac1a62-b3f6-403d-8efd-db3f23a63dff][bb1fc585-f087-407a-b043-49c06e320521] Ref image 1/7: downloading from URL...
2026-09-05T07:35:34.665Z [3eac1a62-b3f6-403d-8efd-db3f23a63dff][bb1fc585-f087-407a-b043-49c06e320521] Downloader: no-proxy request context ready.
2026-09-05T07:35:35.387Z [3eac1a62-b3f6-403d-8efd-db3f23a63dff][bb1fc585-f087-407a-b043-49c06e320521] Ref image 1/7: saved 549605 bytes (image/jpeg) as "Elara Water Park Day.jpeg"
2026-09-05T07:35:35.390Z [3eac1a62-b3f6-403d-8efd-db3f23a63dff][bb1fc585-f087-407a-b043-49c06e320521] Ref image 1/7: attaching reference image...
2026-09-05T07:35:35.905Z [a3cb6a18-54d8-4f03-ad9f-9f8dc025143b][bb1fc585-f087-407a-b043-49c06e320521] Ref image 2/5: downloading from URL...
2026-09-05T07:35:36.025Z [13afcab0-1832-4bdc-ae22-6a41b103e5d5][bb1fc585-f087-407a-b043-49c06e320521] Generating... 0 ready, 0 failed / 4 total (9s) image 94% [BỐI CẢNH] image 94% [BỐI CẢNH] image 94% [BỐI CẢNH] image 94% [BỐI CẢNH]
2026-09-05T07:35:36.340Z [a3cb6a18-54d8-4f03-ad9f-9f8dc025143b][bb1fc585-f087-407a-b043-49c06e320521] Ref image 2/5: saved 628888 bytes (image/jpeg) as "Nessa Water Park Day.jpeg"
2026-09-05T07:35:36.344Z [a3cb6a18-54d8-4f03-ad9f-9f8dc025143b][bb1fc585-f087-407a-b043-49c06e320521] Ref image 2/5: attaching reference image...
2026-09-05T07:35:36.907Z [e903a48b-0cce-45e0-ab3c-bfb73188cf67][bb1fc585-f087-407a-b043-49c06e320521] Generating... 0 ready, 0 failed / 4 total (21s) image 99% [BỐI CẢNH] image 99% [BỐI CẢNH] image 99% [BỐI CẢNH] image 99% [BỐI CẢNH]
2026-09-05T07:35:37.189Z [3eac1a62-b3f6-403d-8efd-db3f23a63dff][bb1fc585-f087-407a-b043-49c06e320521] Ref image 1/7: reusing library asset "Elara Water Park Day.jpeg" (no re-upload).
2026-09-05T07:35:38.147Z [a3cb6a18-54d8-4f03-ad9f-9f8dc025143b][bb1fc585-f087-407a-b043-49c06e320521] Ref image 2/5: reusing library asset "Nessa Water Park Day.jpeg" (no re-upload).
2026-09-05T07:35:39.044Z [13afcab0-1832-4bdc-ae22-6a41b103e5d5][bb1fc585-f087-407a-b043-49c06e320521] Generating... 0 ready, 0 failed / 4 total (12s) image 99% [BỐI CẢNH] image 99% [BỐI CẢNH] image 99% [BỐI CẢNH] image 99% [BỐI CẢNH]
2026-09-05T07:35:39.929Z [e903a48b-0cce-45e0-ab3c-bfb73188cf67][bb1fc585-f087-407a-b043-49c06e320521] Generating... 0 ready, 0 failed / 4 total (24s) image 99% [BỐI CẢNH] image 99% [BỐI CẢNH] image 99% [BỐI CẢNH] image 99% [BỐI CẢNH]
2026-09-05T07:35:40.421Z [3eac1a62-b3f6-403d-8efd-db3f23a63dff][bb1fc585-f087-407a-b043-49c06e320521] Ref image 1/7: chips 0→1 ✓
2026-09-05T07:35:41.440Z [a3cb6a18-54d8-4f03-ad9f-9f8dc025143b][bb1fc585-f087-407a-b043-49c06e320521] Ref image 2/5: chips 1→2 ✓
2026-09-05T07:35:41.443Z [3eac1a62-b3f6-403d-8efd-db3f23a63dff][bb1fc585-f087-407a-b043-49c06e320521] Ref image 2/7: downloading from URL...
2026-09-05T07:35:41.861Z [3eac1a62-b3f6-403d-8efd-db3f23a63dff][bb1fc585-f087-407a-b043-49c06e320521] Ref image 2/7: saved 468314 bytes (image/jpeg) as "Arlo Water Park Day.jpeg"
2026-09-05T07:35:41.865Z [3eac1a62-b3f6-403d-8efd-db3f23a63dff][bb1fc585-f087-407a-b043-49c06e320521] Ref image 2/7: attaching reference image...
2026-09-05T07:35:42.064Z [13afcab0-1832-4bdc-ae22-6a41b103e5d5][bb1fc585-f087-407a-b043-49c06e320521] Generating... 0 ready, 0 failed / 4 total (15s) image 99% [BỐI CẢNH] image 99% [BỐI CẢNH] image 99% [BỐI CẢNH] image 99% [BỐI CẢNH]
2026-09-05T07:35:42.664Z [a3cb6a18-54d8-4f03-ad9f-9f8dc025143b][bb1fc585-f087-407a-b043-49c06e320521] Ref image 3/5: downloading from URL...
2026-09-05T07:35:42.956Z [e903a48b-0cce-45e0-ab3c-bfb73188cf67][bb1fc585-f087-407a-b043-49c06e320521] Generating... 0 ready, 0 failed / 4 total (27s) image 99% [BỐI CẢNH] image 99% [BỐI CẢNH] image 99% [BỐI CẢNH] image 99% [BỐI CẢNH]
2026-09-05T07:35:43.069Z [a3cb6a18-54d8-4f03-ad9f-9f8dc025143b][bb1fc585-f087-407a-b043-49c06e320521] Ref image 3/5: saved 549605 bytes (image/jpeg) as "Elara Water Park Day.jpeg"
2026-09-05T07:35:43.074Z [a3cb6a18-54d8-4f03-ad9f-9f8dc025143b][bb1fc585-f087-407a-b043-49c06e320521] Ref image 3/5: attaching reference image...
2026-09-05T07:35:43.767Z [3eac1a62-b3f6-403d-8efd-db3f23a63dff][bb1fc585-f087-407a-b043-49c06e320521] Ref image 2/7: reusing library asset "Arlo Water Park Day.jpeg" (no re-upload).
2026-09-05T07:35:45.087Z [13afcab0-1832-4bdc-ae22-6a41b103e5d5][bb1fc585-f087-407a-b043-49c06e320521] Generating... 0 ready, 0 failed / 4 total (18s) image 99% [BỐI CẢNH] image 99% [BỐI CẢNH] image 99% [BỐI CẢNH] image 99% [BỐI CẢNH]
2026-09-05T07:35:45.307Z [a3cb6a18-54d8-4f03-ad9f-9f8dc025143b][bb1fc585-f087-407a-b043-49c06e320521] Ref image 3/5: reusing library asset "Elara Water Park Day.jpeg" (no re-upload).
2026-09-05T07:35:45.980Z [e903a48b-0cce-45e0-ab3c-bfb73188cf67][bb1fc585-f087-407a-b043-49c06e320521] Generating... 0 ready, 0 failed / 4 total (30s) image 99% [BỐI CẢNH] image 99% [BỐI CẢNH] image 99% [BỐI CẢNH] image 99% [BỐI CẢNH]
2026-09-05T07:35:47.378Z [3eac1a62-b3f6-403d-8efd-db3f23a63dff][bb1fc585-f087-407a-b043-49c06e320521] Ref image 2/7: chips 1→2 ✓
2026-09-05T07:35:48.106Z [13afcab0-1832-4bdc-ae22-6a41b103e5d5][bb1fc585-f087-407a-b043-49c06e320521] Generating... 0 ready, 0 failed / 4 total (21s) image 99% [BỐI CẢNH] image 99% [BỐI CẢNH] image 99% [BỐI CẢNH] image 99% [BỐI CẢNH]
2026-09-05T07:35:48.151Z [a3cb6a18-54d8-4f03-ad9f-9f8dc025143b][bb1fc585-f087-407a-b043-49c06e320521] Ref image 3/5: chips 2→3 ✓
2026-09-05T07:35:49.005Z [e903a48b-0cce-45e0-ab3c-bfb73188cf67][bb1fc585-f087-407a-b043-49c06e320521] Generating... 0 ready, 0 failed / 4 total (33s) image 99% [BỐI CẢNH] [BỐI CẢNH]Verdant Fa image 99% [BỐI CẢNH] [BỐI CẢNH]Verdant Fa
2026-09-05T07:35:49.153Z [3eac1a62-b3f6-403d-8efd-db3f23a63dff][bb1fc585-f087-407a-b043-49c06e320521] Ref image 3/7: downloading from URL...
2026-09-05T07:35:49.217Z [a3cb6a18-54d8-4f03-ad9f-9f8dc025143b][bb1fc585-f087-407a-b043-49c06e320521] Ref image 4/5: downloading from URL...
2026-09-05T07:35:49.521Z [3eac1a62-b3f6-403d-8efd-db3f23a63dff][bb1fc585-f087-407a-b043-49c06e320521] Ref image 3/7: saved 628888 bytes (image/jpeg) as "Nessa Water Park Day.jpeg"
2026-09-05T07:35:49.524Z [3eac1a62-b3f6-403d-8efd-db3f23a63dff][bb1fc585-f087-407a-b043-49c06e320521] Ref image 3/7: attaching reference image...
2026-09-05T07:35:49.602Z [a3cb6a18-54d8-4f03-ad9f-9f8dc025143b][bb1fc585-f087-407a-b043-49c06e320521] Ref image 4/5: saved 287414 bytes (image/jpeg) as "Verdant Water Park Dark Brown Rest Bench.jpeg"
2026-09-05T07:35:49.606Z [a3cb6a18-54d8-4f03-ad9f-9f8dc025143b][bb1fc585-f087-407a-b043-49c06e320521] Ref image 4/5: attaching reference image...
2026-09-05T07:35:51.123Z [13afcab0-1832-4bdc-ae22-6a41b103e5d5][bb1fc585-f087-407a-b043-49c06e320521] Generating... 0 ready, 0 failed / 4 total (24s) image 99% [BỐI CẢNH] image 99% [BỐI CẢNH] image 99% [BỐI CẢNH] image 99% [BỐI CẢNH]
2026-09-05T07:35:51.547Z [3eac1a62-b3f6-403d-8efd-db3f23a63dff][bb1fc585-f087-407a-b043-49c06e320521] Ref image 3/7: reusing library asset "Nessa Water Park Day.jpeg" (no re-upload).
2026-09-05T07:35:51.753Z [a3cb6a18-54d8-4f03-ad9f-9f8dc025143b][bb1fc585-f087-407a-b043-49c06e320521] Ref image 4/5: reusing library asset "Verdant Water Park Dark Brown Rest Bench.jpeg" (no re-upload).
2026-09-05T07:35:52.019Z [e903a48b-0cce-45e0-ab3c-bfb73188cf67][bb1fc585-f087-407a-b043-49c06e320521] Generating... 2 ready, 0 failed / 4 total (36s) image 99% [BỐI CẢNH] image 99% [BỐI CẢNH]
2026-09-05T07:35:54.144Z [13afcab0-1832-4bdc-ae22-6a41b103e5d5][bb1fc585-f087-407a-b043-49c06e320521] Generating... 0 ready, 0 failed / 4 total (27s) image 99% [BỐI CẢNH] image 99% [BỐI CẢNH] image 99% [BỐI CẢNH] image 99% [BỐI CẢNH]
2026-09-05T07:35:54.972Z [a3cb6a18-54d8-4f03-ad9f-9f8dc025143b][bb1fc585-f087-407a-b043-49c06e320521] Ref image 4/5: chips 3→4 ✓
2026-09-05T07:35:55.008Z [3eac1a62-b3f6-403d-8efd-db3f23a63dff][bb1fc585-f087-407a-b043-49c06e320521] Ref image 3/7: chips 2→3 ✓
2026-09-05T07:35:55.033Z [e903a48b-0cce-45e0-ab3c-bfb73188cf67][bb1fc585-f087-407a-b043-49c06e320521] Generating... 2 ready, 0 failed / 4 total (39s) image 99% [BỐI CẢNH] image 99% [BỐI CẢNH]
2026-09-05T07:35:56.024Z [a3cb6a18-54d8-4f03-ad9f-9f8dc025143b][bb1fc585-f087-407a-b043-49c06e320521] Ref image 5/5: downloading from URL...
2026-09-05T07:35:56.432Z [a3cb6a18-54d8-4f03-ad9f-9f8dc025143b][bb1fc585-f087-407a-b043-49c06e320521] Ref image 5/5: saved 926103 bytes (image/jpeg) as "Verdant Family Water Park Master.jpeg"
2026-09-05T07:35:56.435Z [a3cb6a18-54d8-4f03-ad9f-9f8dc025143b][bb1fc585-f087-407a-b043-49c06e320521] Ref image 5/5: attaching reference image...
2026-09-05T07:35:56.438Z [3eac1a62-b3f6-403d-8efd-db3f23a63dff][bb1fc585-f087-407a-b043-49c06e320521] Ref image 4/7: downloading from URL...
2026-09-05T07:35:56.902Z [3eac1a62-b3f6-403d-8efd-db3f23a63dff][bb1fc585-f087-407a-b043-49c06e320521] Ref image 4/7: saved 489730 bytes (image/jpeg) as "Vale Family Blue Bath Towel.jpeg"
2026-09-05T07:35:56.906Z [3eac1a62-b3f6-403d-8efd-db3f23a63dff][bb1fc585-f087-407a-b043-49c06e320521] Ref image 4/7: attaching reference image...
2026-09-05T07:35:57.156Z [13afcab0-1832-4bdc-ae22-6a41b103e5d5][bb1fc585-f087-407a-b043-49c06e320521] Generating... 0 ready, 0 failed / 4 total (30s) image 99% [BỐI CẢNH] image 99% [BỐI CẢNH] image 99% [BỐI CẢNH] image 99% [BỐI CẢNH]
2026-09-05T07:35:58.054Z [e903a48b-0cce-45e0-ab3c-bfb73188cf67][bb1fc585-f087-407a-b043-49c06e320521] Generating... 2 ready, 0 failed / 4 total (42s) image 99% [BỐI CẢNH] image 99% [BỐI CẢNH]
2026-09-05T07:35:58.777Z [a3cb6a18-54d8-4f03-ad9f-9f8dc025143b][bb1fc585-f087-407a-b043-49c06e320521] Ref image 5/5: reusing library asset "Verdant Family Water Park Master.jpeg" (no re-upload).
2026-09-05T07:35:58.869Z [3eac1a62-b3f6-403d-8efd-db3f23a63dff][bb1fc585-f087-407a-b043-49c06e320521] Ref image 4/7: "Vale Family Blue Bath Towel.jpeg" not in the library yet — uploading it first.
2026-09-05T07:36:00.174Z [13afcab0-1832-4bdc-ae22-6a41b103e5d5][bb1fc585-f087-407a-b043-49c06e320521] Generating... 0 ready, 0 failed / 4 total (33s) image 99% [BỐI CẢNH] image 100% [BỐI CẢNH image 99% [BỐI CẢNH] image 99% [BỐI CẢNH]
2026-09-05T07:36:01.064Z [e903a48b-0cce-45e0-ab3c-bfb73188cf67][bb1fc585-f087-407a-b043-49c06e320521] Generating... 2 ready, 0 failed / 4 total (45s) image 99% [BỐI CẢNH] image 99% [BỐI CẢNH]
2026-09-05T07:36:02.229Z [a3cb6a18-54d8-4f03-ad9f-9f8dc025143b][bb1fc585-f087-407a-b043-49c06e320521] Ref image 5/5: chips 4→5 ✓
2026-09-05T07:36:02.242Z [a3cb6a18-54d8-4f03-ad9f-9f8dc025143b][bb1fc585-f087-407a-b043-49c06e320521] Entering prompt...
2026-09-05T07:36:03.025Z [3eac1a62-b3f6-403d-8efd-db3f23a63dff][bb1fc585-f087-407a-b043-49c06e320521] Ref image 4/7: uploading "Vale Family Blue Bath Towel.jpeg" to the project library...
2026-09-05T07:36:03.195Z [13afcab0-1832-4bdc-ae22-6a41b103e5d5][bb1fc585-f087-407a-b043-49c06e320521] Generating... 1 ready, 0 failed / 4 total (36s) image 99% [BỐI CẢNH] image 99% [BỐI CẢNH] image 99% [BỐI CẢNH]
2026-09-05T07:36:03.856Z [3eac1a62-b3f6-403d-8efd-db3f23a63dff][bb1fc585-f087-407a-b043-49c06e320521] Ref image 4/7: upload finished ✓
2026-09-05T07:36:03.879Z [a3cb6a18-54d8-4f03-ad9f-9f8dc025143b][bb1fc585-f087-407a-b043-49c06e320521] Prompt is 2172 chars — typing it in 32 chunk(s).
2026-09-05T07:36:04.083Z [e903a48b-0cce-45e0-ab3c-bfb73188cf67][bb1fc585-f087-407a-b043-49c06e320521] Generating... 2 ready, 0 failed / 4 total (48s) image 99% [BỐI CẢNH] image 99% [BỐI CẢNH]
2026-09-05T07:36:06.222Z [13afcab0-1832-4bdc-ae22-6a41b103e5d5][bb1fc585-f087-407a-b043-49c06e320521] Generating... 1 ready, 0 failed / 4 total (39s) image 99% [BỐI CẢNH] image 99% [BỐI CẢNH] image 99% [BỐI CẢNH]
2026-09-05T07:36:07.109Z [e903a48b-0cce-45e0-ab3c-bfb73188cf67][bb1fc585-f087-407a-b043-49c06e320521] Generating... 2 ready, 0 failed / 4 total (51s) image 99% [BỐI CẢNH] image 99% [BỐI CẢNH]
2026-09-05T07:36:09.238Z [13afcab0-1832-4bdc-ae22-6a41b103e5d5][bb1fc585-f087-407a-b043-49c06e320521] Generating... 1 ready, 0 failed / 4 total (42s) image 99% [BỐI CẢNH] image 99% [BỐI CẢNH] image 99% [BỐI CẢNH]
2026-09-05T07:36:10.130Z [e903a48b-0cce-45e0-ab3c-bfb73188cf67][bb1fc585-f087-407a-b043-49c06e320521] Generating... 2 ready, 0 failed / 4 total (54s) [BỐI CẢNH]Verdant Fa [BỐI CẢNH]Verdant Fa
2026-09-05T07:36:12.263Z [13afcab0-1832-4bdc-ae22-6a41b103e5d5][bb1fc585-f087-407a-b043-49c06e320521] Generating... 1 ready, 0 failed / 4 total (45s) [BỐI CẢNH]Verdant Fa image 99% [BỐI CẢNH]
2026-09-05T07:36:13.158Z [e903a48b-0cce-45e0-ab3c-bfb73188cf67][bb1fc585-f087-407a-b043-49c06e320521] Generating... 4 ready, 0 failed / 4 total (57s)
2026-09-05T07:36:13.158Z [e903a48b-0cce-45e0-ab3c-bfb73188cf67][bb1fc585-f087-407a-b043-49c06e320521] Batch done: 4 ready (target 4), 0 failed, scanned 4.
2026-09-05T07:36:13.158Z [e903a48b-0cce-45e0-ab3c-bfb73188cf67][bb1fc585-f087-407a-b043-49c06e320521] 4 item(s) ready! Downloading...
2026-09-05T07:36:13.159Z [e903a48b-0cce-45e0-ab3c-bfb73188cf67][bb1fc585-f087-407a-b043-49c06e320521] Item 1: Downloading from URL https://flow-content.google/image/3ea025a8-9ff6-438e-a096-612ba4430d4e?Expires=1788615313&KeyName=labs-flow-prod-cdn-key&Signature=cP6iJpDM99kjX_wSYZCR_5Vhkr4
2026-09-05T07:36:13.723Z [e903a48b-0cce-45e0-ab3c-bfb73188cf67][bb1fc585-f087-407a-b043-49c06e320521] Downloaded 1/4: winai_2026-09-05T07-36-13_01.jpg
2026-09-05T07:36:13.724Z [e903a48b-0cce-45e0-ab3c-bfb73188cf67][bb1fc585-f087-407a-b043-49c06e320521] Item 2: Downloading from URL https://flow-content.google/image/7c8fd83b-adc4-4403-af35-3ad1c3bdf841?Expires=1788615311&KeyName=labs-flow-prod-cdn-key&Signature=qrN7bu3CpXFuHnGazINl_eC6fOw
2026-09-05T07:36:13.844Z [e903a48b-0cce-45e0-ab3c-bfb73188cf67][bb1fc585-f087-407a-b043-49c06e320521] Downloaded 2/4: winai_2026-09-05T07-36-13_02.jpg
2026-09-05T07:36:13.844Z [e903a48b-0cce-45e0-ab3c-bfb73188cf67][bb1fc585-f087-407a-b043-49c06e320521] Item 3: Downloading from URL https://flow-content.google/image/522c0e29-d200-48c3-9a43-5b50a7da7bd4?Expires=1788615310&KeyName=labs-flow-prod-cdn-key&Signature=wKGzT1SINSlB_CuXQKzLmqHwMc4
2026-09-05T07:36:13.923Z [e903a48b-0cce-45e0-ab3c-bfb73188cf67][bb1fc585-f087-407a-b043-49c06e320521] Downloaded 3/4: winai_2026-09-05T07-36-13_03.jpg
2026-09-05T07:36:13.923Z [e903a48b-0cce-45e0-ab3c-bfb73188cf67][bb1fc585-f087-407a-b043-49c06e320521] Item 4: Downloading from URL https://flow-content.google/image/e83b2c39-5d2c-4a30-8b90-093ca6889fe5?Expires=1788615310&KeyName=labs-flow-prod-cdn-key&Signature=iwHULv2JgbbAR_OUQ1dpkbNbBUo
2026-09-05T07:36:14.002Z [e903a48b-0cce-45e0-ab3c-bfb73188cf67][bb1fc585-f087-407a-b043-49c06e320521] Downloaded 4/4: winai_2026-09-05T07-36-13_04.jpg
2026-09-05T07:36:14.003Z [e903a48b-0cce-45e0-ab3c-bfb73188cf67][bb1fc585-f087-407a-b043-49c06e320521] ✅ 4 item(s) saved to Downloads/Win AI Toolkit/
2026-09-05T07:36:13.999Z [3eac1a62-b3f6-403d-8efd-db3f23a63dff][bb1fc585-f087-407a-b043-49c06e320521] Ref image 4/7: chips 3→4 ✓
2026-09-05T07:36:14.329Z [e903a48b-0cce-45e0-ab3c-bfb73188cf67][bb1fc585-f087-407a-b043-49c06e320521] Item 1: Uploaded → https://studio.xanhmedia.vn/uploads/2026-09/1788593774018_a5b00b_bb1fc585-f087-407a-b043-49c06e320521_e90.jpg
2026-09-05T07:36:14.331Z [e903a48b-0cce-45e0-ab3c-bfb73188cf67][bb1fc585-f087-407a-b043-49c06e320521] Item 4: Uploaded → https://studio.xanhmedia.vn/uploads/2026-09/1788593774019_71562c_bb1fc585-f087-407a-b043-49c06e320521_e90.jpg
2026-09-05T07:36:14.630Z [e903a48b-0cce-45e0-ab3c-bfb73188cf67][bb1fc585-f087-407a-b043-49c06e320521] Item 3: Uploaded → https://studio.xanhmedia.vn/uploads/2026-09/1788593774066_b92355_bb1fc585-f087-407a-b043-49c06e320521_e90.jpg
2026-09-05T07:36:14.641Z [e903a48b-0cce-45e0-ab3c-bfb73188cf67][bb1fc585-f087-407a-b043-49c06e320521] Item 2: Uploaded → https://studio.xanhmedia.vn/uploads/2026-09/1788593774065_a88916_bb1fc585-f087-407a-b043-49c06e320521_e90.jpg
2026-09-05T07:36:14.642Z [e903a48b-0cce-45e0-ab3c-bfb73188cf67][bb1fc585-f087-407a-b043-49c06e320521] All done (including any 1080p upgrades). Closing Playwright browser context.
2026-09-05T07:36:15.281Z [13afcab0-1832-4bdc-ae22-6a41b103e5d5][bb1fc585-f087-407a-b043-49c06e320521] Generating... 2 ready, 0 failed / 4 total (48s) image 99% [BỐI CẢNH]
2026-09-05T07:36:15.306Z [39401a13-cecd-483d-92b2-33d908aa4767][bb1fc585-f087-407a-b043-49c06e320521] runGeneration starting: task_id=39401a13-cecd-483d-92b2-33d908aa4767, profile_id=bb1fc585-f087-407a-b043-49c06e320521, target_site=google_flow
2026-09-05T07:36:15.307Z [39401a13-cecd-483d-92b2-33d908aa4767][bb1fc585-f087-407a-b043-49c06e320521] Opening Playwright browser with persistent profile cookies...
2026-09-05T07:36:15.307Z [39401a13-cecd-483d-92b2-33d908aa4767][bb1fc585-f087-407a-b043-49c06e320521] Browser engine: winhide (C:\Users\Admin\AppData\Roaming\com.tank.winai\winhide\chrome.exe) [hidden off-screen]
2026-09-05T07:36:15.308Z [39401a13-cecd-483d-92b2-33d908aa4767][bb1fc585-f087-407a-b043-49c06e320521] Launch mode: STEALTH (raw spawn + connectOverCDP)
2026-09-05T07:36:15.532Z [3eac1a62-b3f6-403d-8efd-db3f23a63dff][bb1fc585-f087-407a-b043-49c06e320521] Ref image 5/7: downloading from URL...
2026-09-05T07:36:16.142Z [3eac1a62-b3f6-403d-8efd-db3f23a63dff][bb1fc585-f087-407a-b043-49c06e320521] Ref image 5/7: saved 475323 bytes (image/jpeg) as "Vale Family Water Park Bag.jpeg"
2026-09-05T07:36:16.156Z [3eac1a62-b3f6-403d-8efd-db3f23a63dff][bb1fc585-f087-407a-b043-49c06e320521] Ref image 5/7: attaching reference image...
2026-09-05T07:36:16.766Z [39401a13-cecd-483d-92b2-33d908aa4767][bb1fc585-f087-407a-b043-49c06e320521] Exit IP: 115.74.128.9
2026-09-05T07:36:16.767Z [39401a13-cecd-483d-92b2-33d908aa4767][bb1fc585-f087-407a-b043-49c06e320521] Navigating browser to Google Flow tools page...
2026-09-05T07:36:16.768Z [39401a13-cecd-483d-92b2-33d908aa4767][bb1fc585-f087-407a-b043-49c06e320521] Using existing project URL: https://flow.google.com/project/cd81a7d3-c989-419e-891a-f8694174cb85?hl=en
2026-09-05T07:36:17.594Z [39401a13-cecd-483d-92b2-33d908aa4767][bb1fc585-f087-407a-b043-49c06e320521] Waiting for Google Flow...
2026-09-05T07:36:18.310Z [13afcab0-1832-4bdc-ae22-6a41b103e5d5][bb1fc585-f087-407a-b043-49c06e320521] Generating... 2 ready, 0 failed / 4 total (51s) [BỐI CẢNH]Verdant Fa
2026-09-05T07:36:18.408Z [3eac1a62-b3f6-403d-8efd-db3f23a63dff][bb1fc585-f087-407a-b043-49c06e320521] Ref image 5/7: "Vale Family Water Park Bag.jpeg" not in the library yet — uploading it first.
2026-09-05T07:36:19.215Z [39401a13-cecd-483d-92b2-33d908aa4767][bb1fc585-f087-407a-b043-49c06e320521] In existing project ✓
2026-09-05T07:36:19.505Z [a3cb6a18-54d8-4f03-ad9f-9f8dc025143b][bb1fc585-f087-407a-b043-49c06e320521] Prompt insert attempt 1: editor has 2120 chars (want ~2165) ✓
2026-09-05T07:36:20.051Z [39401a13-cecd-483d-92b2-33d908aa4767][bb1fc585-f087-407a-b043-49c06e320521] dismissPopups: unresolved overlay(s) ["IFRAME[presentation]|btns="]
2026-09-05T07:36:21.325Z [13afcab0-1832-4bdc-ae22-6a41b103e5d5][bb1fc585-f087-407a-b043-49c06e320521] Generating... 3 ready, 0 failed / 4 total (54s)
2026-09-05T07:36:21.505Z [a3cb6a18-54d8-4f03-ad9f-9f8dc025143b][bb1fc585-f087-407a-b043-49c06e320521] Baseline: 48 pre-existing media tile(s) of 48 mounted (kinds: image,image,image,image,image,image,image,image,image,image,image,image,image,image,image,image,image,image,image,image,image,image,image,image,image,image,image,image,image,image,image,image,image,image,image,image,image,image,image,image,video,video,image,image,video,video,image,video).
2026-09-05T07:36:22.929Z [3eac1a62-b3f6-403d-8efd-db3f23a63dff][bb1fc585-f087-407a-b043-49c06e320521] Ref image 5/7: uploading "Vale Family Water Park Bag.jpeg" to the project library...
2026-09-05T07:36:23.291Z [a3cb6a18-54d8-4f03-ad9f-9f8dc025143b][bb1fc585-f087-407a-b043-49c06e320521] [submit] confirmed (editor "What do you want to ", fresh tile=true).
2026-09-05T07:36:24.016Z [a3cb6a18-54d8-4f03-ad9f-9f8dc025143b][bb1fc585-f087-407a-b043-49c06e320521] Current Workspace project URL: https://flow.google.com/project/33ca2cc2-c9ff-4bb6-9048-2a7af1dfcfee?hl=en
2026-09-05T07:36:24.017Z [a3cb6a18-54d8-4f03-ad9f-9f8dc025143b][bb1fc585-f087-407a-b043-49c06e320521] Submitted ✓ Detecting batch size...
2026-09-05T07:36:24.030Z [a3cb6a18-54d8-4f03-ad9f-9f8dc025143b][bb1fc585-f087-407a-b043-49c06e320521] New tile(s) since submit: 0 → 4 (mounted=47)
2026-09-05T07:36:24.041Z [3eac1a62-b3f6-403d-8efd-db3f23a63dff][bb1fc585-f087-407a-b043-49c06e320521] Ref image 5/7: upload finished ✓
2026-09-05T07:36:24.343Z [13afcab0-1832-4bdc-ae22-6a41b103e5d5][bb1fc585-f087-407a-b043-49c06e320521] Generating... 3 ready, 0 failed / 4 total (57s)
2026-09-05T07:36:25.323Z [39401a13-cecd-483d-92b2-33d908aa4767][bb1fc585-f087-407a-b043-49c06e320521] Composer ready ✓ (UI language: en)
2026-09-05T07:36:25.407Z [39401a13-cecd-483d-92b2-33d908aa4767][bb1fc585-f087-407a-b043-49c06e320521] dismissPopups: unresolved overlay(s) ["DIV[]|btns=","DIV[]|btns="]
2026-09-05T07:36:25.442Z [39401a13-cecd-483d-92b2-33d908aa4767][bb1fc585-f087-407a-b043-49c06e320521] Agent toggle aria-pressed=false
2026-09-05T07:36:25.443Z [39401a13-cecd-483d-92b2-33d908aa4767][bb1fc585-f087-407a-b043-49c06e320521] Opening settings...
2026-09-05T07:36:27.360Z [13afcab0-1832-4bdc-ae22-6a41b103e5d5][bb1fc585-f087-407a-b043-49c06e320521] Generating... 3 ready, 0 failed / 4 total (60s)
2026-09-05T07:36:27.449Z [39401a13-cecd-483d-92b2-33d908aa4767][bb1fc585-f087-407a-b043-49c06e320521] Configuring image settings...
2026-09-05T07:36:28.286Z [a3cb6a18-54d8-4f03-ad9f-9f8dc025143b][bb1fc585-f087-407a-b043-49c06e320521] Batch size stabilised at 4 new tile(s)
2026-09-05T07:36:28.287Z [a3cb6a18-54d8-4f03-ad9f-9f8dc025143b][bb1fc585-f087-407a-b043-49c06e320521] Batch detected: 4 item(s). Generating...
2026-09-05T07:36:28.287Z [a3cb6a18-54d8-4f03-ad9f-9f8dc025143b][bb1fc585-f087-407a-b043-49c06e320521] Polling for 4 image item(s) (baseline=48, hasUpload=true)...
2026-09-05T07:36:28.300Z [a3cb6a18-54d8-4f03-ad9f-9f8dc025143b][bb1fc585-f087-407a-b043-49c06e320521] Generating... 0 ready, 0 failed / 4 total (0s) image 34% [BỐI CẢNH] image 34% [BỐI CẢNH] image 34% [BỐI CẢNH] image 34% [BỐI CẢNH]
2026-09-05T07:36:29.025Z [39401a13-cecd-483d-92b2-33d908aa4767][bb1fc585-f087-407a-b043-49c06e320521] Mode: selected "image Image" ✓
2026-09-05T07:36:30.379Z [13afcab0-1832-4bdc-ae22-6a41b103e5d5][bb1fc585-f087-407a-b043-49c06e320521] Generating... 3 ready, 0 failed / 4 total (63s)
2026-09-05T07:36:31.321Z [a3cb6a18-54d8-4f03-ad9f-9f8dc025143b][bb1fc585-f087-407a-b043-49c06e320521] Generating... 0 ready, 0 failed / 4 total (3s) image 54% [BỐI CẢNH] image 54% [BỐI CẢNH] image 54% [BỐI CẢNH] image 54% [BỐI CẢNH]
2026-09-05T07:36:33.400Z [13afcab0-1832-4bdc-ae22-6a41b103e5d5][bb1fc585-f087-407a-b043-49c06e320521] Generating... 3 ready, 0 failed / 4 total (66s)
2026-09-05T07:36:33.675Z [39401a13-cecd-483d-92b2-33d908aa4767][bb1fc585-f087-407a-b043-49c06e320521] Model: selected "🍌 Nano Banana 2" ✓
2026-09-05T07:36:33.974Z [3eac1a62-b3f6-403d-8efd-db3f23a63dff][bb1fc585-f087-407a-b043-49c06e320521] Ref image 5/7: chips 4→5 ✓
2026-09-05T07:36:34.208Z [39401a13-cecd-483d-92b2-33d908aa4767][bb1fc585-f087-407a-b043-49c06e320521] Aspect ratio: "crop_16_9 16:9" already selected ✓
2026-09-05T07:36:34.339Z [a3cb6a18-54d8-4f03-ad9f-9f8dc025143b][bb1fc585-f087-407a-b043-49c06e320521] Generating... 0 ready, 0 failed / 4 total (6s) image 74% [BỐI CẢNH] image 74% [BỐI CẢNH] image 74% [BỐI CẢNH] image 74% [BỐI CẢNH]
2026-09-05T07:36:34.921Z [3eac1a62-b3f6-403d-8efd-db3f23a63dff][bb1fc585-f087-407a-b043-49c06e320521] Ref image 6/7: downloading from URL...
2026-09-05T07:36:35.267Z [3eac1a62-b3f6-403d-8efd-db3f23a63dff][bb1fc585-f087-407a-b043-49c06e320521] Ref image 6/7: saved 287414 bytes (image/jpeg) as "Verdant Water Park Dark Brown Rest Bench.jpeg"
2026-09-05T07:36:35.270Z [3eac1a62-b3f6-403d-8efd-db3f23a63dff][bb1fc585-f087-407a-b043-49c06e320521] Ref image 6/7: attaching reference image...
2026-09-05T07:36:36.225Z [39401a13-cecd-483d-92b2-33d908aa4767][bb1fc585-f087-407a-b043-49c06e320521] Output count: selected "x4" ✓
2026-09-05T07:36:36.415Z [13afcab0-1832-4bdc-ae22-6a41b103e5d5][bb1fc585-f087-407a-b043-49c06e320521] Generating... 3 ready, 0 failed / 4 total (69s)
2026-09-05T07:36:37.277Z [39401a13-cecd-483d-92b2-33d908aa4767][bb1fc585-f087-407a-b043-49c06e320521] Ref image 1/8: downloading from URL...
2026-09-05T07:36:37.336Z [3eac1a62-b3f6-403d-8efd-db3f23a63dff][bb1fc585-f087-407a-b043-49c06e320521] Ref image 6/7: "Verdant Water Park Dark Brown Rest Bench.jpeg" not in the library yet — uploading it first.
2026-09-05T07:36:37.359Z [a3cb6a18-54d8-4f03-ad9f-9f8dc025143b][bb1fc585-f087-407a-b043-49c06e320521] Generating... 0 ready, 0 failed / 4 total (9s) image 94% [BỐI CẢNH] image 94% [BỐI CẢNH] image 94% [BỐI CẢNH] image 94% [BỐI CẢNH]
2026-09-05T07:36:37.480Z [39401a13-cecd-483d-92b2-33d908aa4767][bb1fc585-f087-407a-b043-49c06e320521] Downloader: no-proxy request context ready.
2026-09-05T07:36:38.253Z [39401a13-cecd-483d-92b2-33d908aa4767][bb1fc585-f087-407a-b043-49c06e320521] Ref image 1/8: saved 628888 bytes (image/jpeg) as "Nessa Water Park Day.jpeg"
2026-09-05T07:36:38.258Z [39401a13-cecd-483d-92b2-33d908aa4767][bb1fc585-f087-407a-b043-49c06e320521] Ref image 1/8: attaching reference image...
2026-09-05T07:36:39.437Z [13afcab0-1832-4bdc-ae22-6a41b103e5d5][bb1fc585-f087-407a-b043-49c06e320521] Generating... 3 ready, 0 failed / 4 total (72s)
2026-09-05T07:36:40.375Z [a3cb6a18-54d8-4f03-ad9f-9f8dc025143b][bb1fc585-f087-407a-b043-49c06e320521] Generating... 0 ready, 0 failed / 4 total (12s) image 99% [BỐI CẢNH] image 99% [BỐI CẢNH] image 99% [BỐI CẢNH] image 99% [BỐI CẢNH]
2026-09-05T07:36:40.630Z [39401a13-cecd-483d-92b2-33d908aa4767][bb1fc585-f087-407a-b043-49c06e320521] Ref image 1/8: reusing library asset "Nessa Water Park Day.jpeg" (no re-upload).
2026-09-05T07:36:40.835Z [3eac1a62-b3f6-403d-8efd-db3f23a63dff][bb1fc585-f087-407a-b043-49c06e320521] Ref image 6/7: uploading "Verdant Water Park Dark Brown Rest Bench.jpeg" to the project library...
2026-09-05T07:36:42.105Z [3eac1a62-b3f6-403d-8efd-db3f23a63dff][bb1fc585-f087-407a-b043-49c06e320521] Ref image 6/7: upload finished ✓
2026-09-05T07:36:42.456Z [13afcab0-1832-4bdc-ae22-6a41b103e5d5][bb1fc585-f087-407a-b043-49c06e320521] Generating... 3 ready, 0 failed / 4 total (76s)
2026-09-05T07:36:43.395Z [a3cb6a18-54d8-4f03-ad9f-9f8dc025143b][bb1fc585-f087-407a-b043-49c06e320521] Generating... 0 ready, 0 failed / 4 total (15s) image 99% [BỐI CẢNH] image 99% [BỐI CẢNH] image 99% [BỐI CẢNH] image 99% [BỐI CẢNH]
2026-09-05T07:36:43.832Z [39401a13-cecd-483d-92b2-33d908aa4767][bb1fc585-f087-407a-b043-49c06e320521] Ref image 1/8: chips 0→1 ✓
2026-09-05T07:36:45.314Z [39401a13-cecd-483d-92b2-33d908aa4767][bb1fc585-f087-407a-b043-49c06e320521] Ref image 2/8: downloading from URL...
2026-09-05T07:36:45.476Z [13afcab0-1832-4bdc-ae22-6a41b103e5d5][bb1fc585-f087-407a-b043-49c06e320521] Generating... 3 ready, 0 failed / 4 total (79s)
2026-09-05T07:36:45.708Z [39401a13-cecd-483d-92b2-33d908aa4767][bb1fc585-f087-407a-b043-49c06e320521] Ref image 2/8: saved 468314 bytes (image/jpeg) as "Arlo Water Park Day.jpeg"
2026-09-05T07:36:45.719Z [39401a13-cecd-483d-92b2-33d908aa4767][bb1fc585-f087-407a-b043-49c06e320521] Ref image 2/8: attaching reference image...
2026-09-05T07:36:46.409Z [a3cb6a18-54d8-4f03-ad9f-9f8dc025143b][bb1fc585-f087-407a-b043-49c06e320521] Generating... 0 ready, 0 failed / 4 total (18s) image 99% [BỐI CẢNH] image 99% [BỐI CẢNH] image 99% [BỐI CẢNH] image 99% [BỐI CẢNH]
2026-09-05T07:36:47.770Z [39401a13-cecd-483d-92b2-33d908aa4767][bb1fc585-f087-407a-b043-49c06e320521] Ref image 2/8: reusing library asset "Arlo Water Park Day.jpeg" (no re-upload).
2026-09-05T07:36:48.499Z [13afcab0-1832-4bdc-ae22-6a41b103e5d5][bb1fc585-f087-407a-b043-49c06e320521] Generating... 3 ready, 0 failed / 4 total (82s)
2026-09-05T07:36:49.429Z [a3cb6a18-54d8-4f03-ad9f-9f8dc025143b][bb1fc585-f087-407a-b043-49c06e320521] Generating... 0 ready, 0 failed / 4 total (21s) image 99% [BỐI CẢNH] image 99% [BỐI CẢNH] image 99% [BỐI CẢNH] image 99% [BỐI CẢNH]
2026-09-05T07:36:50.503Z [3eac1a62-b3f6-403d-8efd-db3f23a63dff][bb1fc585-f087-407a-b043-49c06e320521] Ref image 6/7: chips 5→6 ✓
2026-09-05T07:36:50.911Z [39401a13-cecd-483d-92b2-33d908aa4767][bb1fc585-f087-407a-b043-49c06e320521] Ref image 2/8: chips 1→2 ✓
2026-09-05T07:36:51.525Z [13afcab0-1832-4bdc-ae22-6a41b103e5d5][bb1fc585-f087-407a-b043-49c06e320521] Generating... 3 ready, 0 failed / 4 total (85s)
2026-09-05T07:36:51.901Z [3eac1a62-b3f6-403d-8efd-db3f23a63dff][bb1fc585-f087-407a-b043-49c06e320521] Ref image 7/7: downloading from URL...
2026-09-05T07:36:51.931Z [39401a13-cecd-483d-92b2-33d908aa4767][bb1fc585-f087-407a-b043-49c06e320521] Ref image 3/8: downloading from URL...
2026-09-05T07:36:52.287Z [3eac1a62-b3f6-403d-8efd-db3f23a63dff][bb1fc585-f087-407a-b043-49c06e320521] Ref image 7/7: saved 926103 bytes (image/jpeg) as "Verdant Family Water Park Master.jpeg"
2026-09-05T07:36:52.290Z [3eac1a62-b3f6-403d-8efd-db3f23a63dff][bb1fc585-f087-407a-b043-49c06e320521] Ref image 7/7: attaching reference image...
2026-09-05T07:36:52.361Z [39401a13-cecd-483d-92b2-33d908aa4767][bb1fc585-f087-407a-b043-49c06e320521] Ref image 3/8: saved 549605 bytes (image/jpeg) as "Elara Water Park Day.jpeg"
2026-09-05T07:36:52.365Z [39401a13-cecd-483d-92b2-33d908aa4767][bb1fc585-f087-407a-b043-49c06e320521] Ref image 3/8: attaching reference image...
2026-09-05T07:36:52.453Z [a3cb6a18-54d8-4f03-ad9f-9f8dc025143b][bb1fc585-f087-407a-b043-49c06e320521] Generating... 0 ready, 0 failed / 4 total (24s) image 99% [BỐI CẢNH] image 99% [BỐI CẢNH] image 99% [BỐI CẢNH] image 99% [BỐI CẢNH]
2026-09-05T07:36:54.240Z [3eac1a62-b3f6-403d-8efd-db3f23a63dff][bb1fc585-f087-407a-b043-49c06e320521] Ref image 7/7: reusing library asset "Verdant Family Water Park Master.jpeg" (no re-upload).
2026-09-05T07:36:54.328Z [39401a13-cecd-483d-92b2-33d908aa4767][bb1fc585-f087-407a-b043-49c06e320521] Ref image 3/8: reusing library asset "Elara Water Park Day.jpeg" (no re-upload).
2026-09-05T07:36:54.541Z [13afcab0-1832-4bdc-ae22-6a41b103e5d5][bb1fc585-f087-407a-b043-49c06e320521] Generating... 3 ready, 0 failed / 4 total (88s)
2026-09-05T07:36:55.469Z [a3cb6a18-54d8-4f03-ad9f-9f8dc025143b][bb1fc585-f087-407a-b043-49c06e320521] Generating... 0 ready, 0 failed / 4 total (27s) image 99% [BỐI CẢNH] image 99% [BỐI CẢNH] image 99% [BỐI CẢNH] image 99% [BỐI CẢNH]
2026-09-05T07:36:57.301Z [39401a13-cecd-483d-92b2-33d908aa4767][bb1fc585-f087-407a-b043-49c06e320521] Ref image 3/8: chips 2→3 ✓
2026-09-05T07:36:57.555Z [13afcab0-1832-4bdc-ae22-6a41b103e5d5][bb1fc585-f087-407a-b043-49c06e320521] Generating... 3 ready, 0 failed / 4 total (91s)
2026-09-05T07:36:57.598Z [3eac1a62-b3f6-403d-8efd-db3f23a63dff][bb1fc585-f087-407a-b043-49c06e320521] Ref image 7/7: chips 6→7 ✓
2026-09-05T07:36:57.606Z [3eac1a62-b3f6-403d-8efd-db3f23a63dff][bb1fc585-f087-407a-b043-49c06e320521] Entering prompt...
2026-09-05T07:36:58.225Z [39401a13-cecd-483d-92b2-33d908aa4767][bb1fc585-f087-407a-b043-49c06e320521] Ref image 4/8: downloading from URL...
2026-09-05T07:36:58.484Z [a3cb6a18-54d8-4f03-ad9f-9f8dc025143b][bb1fc585-f087-407a-b043-49c06e320521] Generating... 0 ready, 0 failed / 4 total (30s) image 99% [BỐI CẢNH] image 99% [BỐI CẢNH] image 99% [BỐI CẢNH] image 99% [BỐI CẢNH]
2026-09-05T07:36:58.608Z [39401a13-cecd-483d-92b2-33d908aa4767][bb1fc585-f087-407a-b043-49c06e320521] Ref image 4/8: saved 653843 bytes (image/jpeg) as "Graham Water Park Day.jpeg"
2026-09-05T07:36:58.611Z [39401a13-cecd-483d-92b2-33d908aa4767][bb1fc585-f087-407a-b043-49c06e320521] Ref image 4/8: attaching reference image...
2026-09-05T07:36:59.749Z [3eac1a62-b3f6-403d-8efd-db3f23a63dff][bb1fc585-f087-407a-b043-49c06e320521] Prompt is 2298 chars — typing it in 33 chunk(s).
2026-09-05T07:37:00.574Z [13afcab0-1832-4bdc-ae22-6a41b103e5d5][bb1fc585-f087-407a-b043-49c06e320521] Generating... 3 ready, 0 failed / 4 total (94s)
2026-09-05T07:37:00.989Z [39401a13-cecd-483d-92b2-33d908aa4767][bb1fc585-f087-407a-b043-49c06e320521] Ref image 4/8: reusing library asset "Graham Water Park Day.jpeg" (no re-upload).
2026-09-05T07:37:01.503Z [a3cb6a18-54d8-4f03-ad9f-9f8dc025143b][bb1fc585-f087-407a-b043-49c06e320521] Generating... 0 ready, 0 failed / 4 total (33s) image 99% [BỐI CẢNH] image 99% [BỐI CẢNH] image 99% [BỐI CẢNH] image 99% [BỐI CẢNH]
2026-09-05T07:37:03.602Z [13afcab0-1832-4bdc-ae22-6a41b103e5d5][bb1fc585-f087-407a-b043-49c06e320521] Generating... 3 ready, 0 failed / 4 total (97s)
2026-09-05T07:37:04.120Z [39401a13-cecd-483d-92b2-33d908aa4767][bb1fc585-f087-407a-b043-49c06e320521] Ref image 4/8: chips 3→4 ✓
2026-09-05T07:37:04.521Z [a3cb6a18-54d8-4f03-ad9f-9f8dc025143b][bb1fc585-f087-407a-b043-49c06e320521] Generating... 0 ready, 0 failed / 4 total (36s) [BỐI CẢNH]Verdant Fa image 99% [BỐI CẢNH] [BỐI CẢNH]Verdant Fa image 99% [BỐI CẢNH]
2026-09-05T07:37:05.245Z [39401a13-cecd-483d-92b2-33d908aa4767][bb1fc585-f087-407a-b043-49c06e320521] Ref image 5/8: downloading from URL...
2026-09-05T07:37:05.608Z [39401a13-cecd-483d-92b2-33d908aa4767][bb1fc585-f087-407a-b043-49c06e320521] Ref image 5/8: saved 489730 bytes (image/jpeg) as "Vale Family Blue Bath Towel.jpeg"
2026-09-05T07:37:05.611Z [39401a13-cecd-483d-92b2-33d908aa4767][bb1fc585-f087-407a-b043-49c06e320521] Ref image 5/8: attaching reference image...
2026-09-05T07:37:06.617Z [13afcab0-1832-4bdc-ae22-6a41b103e5d5][bb1fc585-f087-407a-b043-49c06e320521] Generating... 3 ready, 0 failed / 4 total (100s)
2026-09-05T07:37:07.539Z [a3cb6a18-54d8-4f03-ad9f-9f8dc025143b][bb1fc585-f087-407a-b043-49c06e320521] Generating... 2 ready, 0 failed / 4 total (39s) image 99% [BỐI CẢNH] image 99% [BỐI CẢNH]
2026-09-05T07:37:07.949Z [39401a13-cecd-483d-92b2-33d908aa4767][bb1fc585-f087-407a-b043-49c06e320521] Ref image 5/8: "Vale Family Blue Bath Towel.jpeg" not in the library yet — uploading it first.
2026-09-05T07:37:09.630Z [13afcab0-1832-4bdc-ae22-6a41b103e5d5][bb1fc585-f087-407a-b043-49c06e320521] Generating... 3 ready, 0 failed / 4 total (103s)
2026-09-05T07:37:10.550Z [a3cb6a18-54d8-4f03-ad9f-9f8dc025143b][bb1fc585-f087-407a-b043-49c06e320521] Generating... 2 ready, 0 failed / 4 total (42s) image 99% [BỐI CẢNH] image 99% [BỐI CẢNH]
2026-09-05T07:37:11.990Z [39401a13-cecd-483d-92b2-33d908aa4767][bb1fc585-f087-407a-b043-49c06e320521] Ref image 5/8: uploading "Vale Family Blue Bath Towel.jpeg" to the project library...
2026-09-05T07:37:12.643Z [13afcab0-1832-4bdc-ae22-6a41b103e5d5][bb1fc585-f087-407a-b043-49c06e320521] Generating... 3 ready, 0 failed / 4 total (106s)
2026-09-05T07:37:13.280Z [39401a13-cecd-483d-92b2-33d908aa4767][bb1fc585-f087-407a-b043-49c06e320521] Ref image 5/8: upload finished ✓
2026-09-05T07:37:13.561Z [a3cb6a18-54d8-4f03-ad9f-9f8dc025143b][bb1fc585-f087-407a-b043-49c06e320521] Generating... 2 ready, 0 failed / 4 total (45s) image 99% [BỐI CẢNH] image 99% [BỐI CẢNH]
2026-09-05T07:37:15.667Z [13afcab0-1832-4bdc-ae22-6a41b103e5d5][bb1fc585-f087-407a-b043-49c06e320521] Generating... 3 ready, 0 failed / 4 total (109s)
2026-09-05T07:37:16.066Z [3eac1a62-b3f6-403d-8efd-db3f23a63dff][bb1fc585-f087-407a-b043-49c06e320521] Prompt insert attempt 1: editor has 2244 chars (want ~2291) ✓
2026-09-05T07:37:16.583Z [a3cb6a18-54d8-4f03-ad9f-9f8dc025143b][bb1fc585-f087-407a-b043-49c06e320521] Generating... 2 ready, 0 failed / 4 total (48s) image 99% [BỐI CẢNH] [BỐI CẢNH]Verdant Fa
2026-09-05T07:37:17.802Z [3eac1a62-b3f6-403d-8efd-db3f23a63dff][bb1fc585-f087-407a-b043-49c06e320521] Baseline: 47 pre-existing media tile(s) of 47 mounted (kinds: image,image,image,image,image,image,image,image,image,image,image,image,image,image,image,image,image,image,image,image,image,image,image,image,image,image,image,image,image,image,image,image,image,image,image,image,image,image,image,image,image,image,image,image,image,image,video).
2026-09-05T07:37:18.678Z [13afcab0-1832-4bdc-ae22-6a41b103e5d5][bb1fc585-f087-407a-b043-49c06e320521] Generating... 3 ready, 0 failed / 4 total (112s)
2026-09-05T07:37:19.606Z [a3cb6a18-54d8-4f03-ad9f-9f8dc025143b][bb1fc585-f087-407a-b043-49c06e320521] Generating... 3 ready, 0 failed / 4 total (51s) image 99% [BỐI CẢNH]
2026-09-05T07:37:19.683Z [3eac1a62-b3f6-403d-8efd-db3f23a63dff][bb1fc585-f087-407a-b043-49c06e320521] [submit] confirmed (editor "What do you want to ", fresh tile=true).
2026-09-05T07:37:20.442Z [3eac1a62-b3f6-403d-8efd-db3f23a63dff][bb1fc585-f087-407a-b043-49c06e320521] Current Workspace project URL: https://flow.google.com/project/cae2bf2b-d1b8-40f9-a300-9f2aa6276ea5?hl=en
2026-09-05T07:37:20.442Z [3eac1a62-b3f6-403d-8efd-db3f23a63dff][bb1fc585-f087-407a-b043-49c06e320521] Submitted ✓ Detecting batch size...
2026-09-05T07:37:20.462Z [3eac1a62-b3f6-403d-8efd-db3f23a63dff][bb1fc585-f087-407a-b043-49c06e320521] New tile(s) since submit: 0 → 4 (mounted=49)
2026-09-05T07:37:21.692Z [13afcab0-1832-4bdc-ae22-6a41b103e5d5][bb1fc585-f087-407a-b043-49c06e320521] Generating... 3 ready, 0 failed / 4 total (115s)
2026-09-05T07:37:22.627Z [a3cb6a18-54d8-4f03-ad9f-9f8dc025143b][bb1fc585-f087-407a-b043-49c06e320521] Generating... 3 ready, 0 failed / 4 total (54s) [BỐI CẢNH]Verdant Fa
2026-09-05T07:37:22.854Z [39401a13-cecd-483d-92b2-33d908aa4767][bb1fc585-f087-407a-b043-49c06e320521] Ref image 5/8: chips 4→5 ✓
2026-09-05T07:37:24.515Z [39401a13-cecd-483d-92b2-33d908aa4767][bb1fc585-f087-407a-b043-49c06e320521] Ref image 6/8: downloading from URL...
2026-09-05T07:37:24.606Z [3eac1a62-b3f6-403d-8efd-db3f23a63dff][bb1fc585-f087-407a-b043-49c06e320521] Batch size stabilised at 4 new tile(s)
2026-09-05T07:37:24.606Z [3eac1a62-b3f6-403d-8efd-db3f23a63dff][bb1fc585-f087-407a-b043-49c06e320521] Batch detected: 4 item(s). Generating...
2026-09-05T07:37:24.606Z [3eac1a62-b3f6-403d-8efd-db3f23a63dff][bb1fc585-f087-407a-b043-49c06e320521] Polling for 4 image item(s) (baseline=47, hasUpload=true)...
2026-09-05T07:37:24.618Z [3eac1a62-b3f6-403d-8efd-db3f23a63dff][bb1fc585-f087-407a-b043-49c06e320521] Generating... 0 ready, 0 failed / 4 total (0s) image 34% [BỐI CẢNH] image 34% [BỐI CẢNH] image 34% [BỐI CẢNH] image 34% [BỐI CẢNH]
2026-09-05T07:37:24.716Z [13afcab0-1832-4bdc-ae22-6a41b103e5d5][bb1fc585-f087-407a-b043-49c06e320521] Generating... 3 ready, 0 failed / 4 total (118s)
2026-09-05T07:37:24.854Z [39401a13-cecd-483d-92b2-33d908aa4767][bb1fc585-f087-407a-b043-49c06e320521] Ref image 6/8: saved 287414 bytes (image/jpeg) as "Verdant Water Park Dark Brown Rest Bench.jpeg"
2026-09-05T07:37:24.858Z [39401a13-cecd-483d-92b2-33d908aa4767][bb1fc585-f087-407a-b043-49c06e320521] Ref image 6/8: attaching reference image...
2026-09-05T07:37:25.643Z [a3cb6a18-54d8-4f03-ad9f-9f8dc025143b][bb1fc585-f087-407a-b043-49c06e320521] Generating... 4 ready, 0 failed / 4 total (57s)
2026-09-05T07:37:25.643Z [a3cb6a18-54d8-4f03-ad9f-9f8dc025143b][bb1fc585-f087-407a-b043-49c06e320521] Batch done: 4 ready (target 4), 0 failed, scanned 4.
2026-09-05T07:37:25.643Z [a3cb6a18-54d8-4f03-ad9f-9f8dc025143b][bb1fc585-f087-407a-b043-49c06e320521] 4 item(s) ready! Downloading...
2026-09-05T07:37:25.644Z [a3cb6a18-54d8-4f03-ad9f-9f8dc025143b][bb1fc585-f087-407a-b043-49c06e320521] Item 1: Downloading from URL https://flow-content.google/image/eef4c7be-199e-4a35-aff7-bf6c83419d1f?Expires=1788615385&KeyName=labs-flow-prod-cdn-key&Signature=wsOLWlzHo_t6s4X7c_bIzLX92qA
2026-09-05T07:37:26.025Z [a3cb6a18-54d8-4f03-ad9f-9f8dc025143b][bb1fc585-f087-407a-b043-49c06e320521] Downloaded 1/4: winai_2026-09-05T07-37-25_01.jpg
2026-09-05T07:37:26.026Z [a3cb6a18-54d8-4f03-ad9f-9f8dc025143b][bb1fc585-f087-407a-b043-49c06e320521] Item 2: Downloading from URL https://flow-content.google/image/2de5a5bf-ee22-4f7c-9694-b90767b1d505?Expires=1788615384&KeyName=labs-flow-prod-cdn-key&Signature=maBFhUFx0OxxBeLx-KA9zwbJRFA
2026-09-05T07:37:26.135Z [a3cb6a18-54d8-4f03-ad9f-9f8dc025143b][bb1fc585-f087-407a-b043-49c06e320521] Downloaded 2/4: winai_2026-09-05T07-37-25_02.jpg
2026-09-05T07:37:26.135Z [a3cb6a18-54d8-4f03-ad9f-9f8dc025143b][bb1fc585-f087-407a-b043-49c06e320521] Item 3: Downloading from URL https://flow-content.google/image/2c4b14df-bc82-4b3d-a670-ccc518e2ba91?Expires=1788615384&KeyName=labs-flow-prod-cdn-key&Signature=xtb8yBiieWc0yTGtVKSo_s_Wzz4
2026-09-05T07:37:26.214Z [a3cb6a18-54d8-4f03-ad9f-9f8dc025143b][bb1fc585-f087-407a-b043-49c06e320521] Downloaded 3/4: winai_2026-09-05T07-37-25_03.jpg
2026-09-05T07:37:26.215Z [a3cb6a18-54d8-4f03-ad9f-9f8dc025143b][bb1fc585-f087-407a-b043-49c06e320521] Item 4: Downloading from URL https://flow-content.google/image/41cf551c-45c7-49fb-9bb7-ddb6a411fd14?Expires=1788615383&KeyName=labs-flow-prod-cdn-key&Signature=bRKeCDtbGouldWhOLyGJeU0W9bI
2026-09-05T07:37:26.290Z [a3cb6a18-54d8-4f03-ad9f-9f8dc025143b][bb1fc585-f087-407a-b043-49c06e320521] Downloaded 4/4: winai_2026-09-05T07-37-25_04.jpg
2026-09-05T07:37:26.291Z [a3cb6a18-54d8-4f03-ad9f-9f8dc025143b][bb1fc585-f087-407a-b043-49c06e320521] ✅ 4 item(s) saved to Downloads/Win AI Toolkit/
2026-09-05T07:37:26.608Z [a3cb6a18-54d8-4f03-ad9f-9f8dc025143b][bb1fc585-f087-407a-b043-49c06e320521] Item 4: Uploaded → https://studio.xanhmedia.vn/uploads/2026-09/1788593846281_9efaad_bb1fc585-f087-407a-b043-49c06e320521_a3c.jpg
2026-09-05T07:37:26.632Z [a3cb6a18-54d8-4f03-ad9f-9f8dc025143b][bb1fc585-f087-407a-b043-49c06e320521] Item 1: Uploaded → https://studio.xanhmedia.vn/uploads/2026-09/1788593846310_2254a9_bb1fc585-f087-407a-b043-49c06e320521_a3c.jpg
2026-09-05T07:37:26.666Z [a3cb6a18-54d8-4f03-ad9f-9f8dc025143b][bb1fc585-f087-407a-b043-49c06e320521] Item 2: Uploaded → https://studio.xanhmedia.vn/uploads/2026-09/1788593846348_b72a3d_bb1fc585-f087-407a-b043-49c06e320521_a3c.jpg
2026-09-05T07:37:26.684Z [a3cb6a18-54d8-4f03-ad9f-9f8dc025143b][bb1fc585-f087-407a-b043-49c06e320521] Item 3: Uploaded → https://studio.xanhmedia.vn/uploads/2026-09/1788593846363_88e3d9_bb1fc585-f087-407a-b043-49c06e320521_a3c.jpg
2026-09-05T07:37:26.686Z [a3cb6a18-54d8-4f03-ad9f-9f8dc025143b][bb1fc585-f087-407a-b043-49c06e320521] All done (including any 1080p upgrades). Closing Playwright browser context.
2026-09-05T07:37:27.041Z [39401a13-cecd-483d-92b2-33d908aa4767][bb1fc585-f087-407a-b043-49c06e320521] Ref image 6/8: reusing library asset "Verdant Water Park Dark Brown Rest Bench.jpeg" (no re-upload).
2026-09-05T07:37:27.567Z [ef57c7a7-120e-4dc1-92d8-f668dbac82a2][bb1fc585-f087-407a-b043-49c06e320521] runGeneration starting: task_id=ef57c7a7-120e-4dc1-92d8-f668dbac82a2, profile_id=bb1fc585-f087-407a-b043-49c06e320521, target_site=google_flow
2026-09-05T07:37:27.568Z [ef57c7a7-120e-4dc1-92d8-f668dbac82a2][bb1fc585-f087-407a-b043-49c06e320521] Opening Playwright browser with persistent profile cookies...
2026-09-05T07:37:27.569Z [ef57c7a7-120e-4dc1-92d8-f668dbac82a2][bb1fc585-f087-407a-b043-49c06e320521] Browser engine: winhide (C:\Users\Admin\AppData\Roaming\com.tank.winai\winhide\chrome.exe) [hidden off-screen]
2026-09-05T07:37:27.570Z [ef57c7a7-120e-4dc1-92d8-f668dbac82a2][bb1fc585-f087-407a-b043-49c06e320521] Launch mode: STEALTH (raw spawn + connectOverCDP)
2026-09-05T07:37:27.645Z [3eac1a62-b3f6-403d-8efd-db3f23a63dff][bb1fc585-f087-407a-b043-49c06e320521] Generating... 0 ready, 0 failed / 4 total (3s) image 54% [BỐI CẢNH] image 54% [BỐI CẢNH] image 54% [BỐI CẢNH] image 54% [BỐI CẢNH]
2026-09-05T07:37:27.735Z [13afcab0-1832-4bdc-ae22-6a41b103e5d5][bb1fc585-f087-407a-b043-49c06e320521] Generating... 3 ready, 0 failed / 4 total (121s)
2026-09-05T07:37:29.385Z [ef57c7a7-120e-4dc1-92d8-f668dbac82a2][bb1fc585-f087-407a-b043-49c06e320521] Exit IP: 115.74.128.9
2026-09-05T07:37:29.386Z [ef57c7a7-120e-4dc1-92d8-f668dbac82a2][bb1fc585-f087-407a-b043-49c06e320521] Navigating browser to Google Flow tools page...
2026-09-05T07:37:29.386Z [ef57c7a7-120e-4dc1-92d8-f668dbac82a2][bb1fc585-f087-407a-b043-49c06e320521] Using existing project URL: https://flow.google.com/project/33ca2cc2-c9ff-4bb6-9048-2a7af1dfcfee?hl=en
2026-09-05T07:37:30.264Z [ef57c7a7-120e-4dc1-92d8-f668dbac82a2][bb1fc585-f087-407a-b043-49c06e320521] Waiting for Google Flow...
2026-09-05T07:37:30.670Z [3eac1a62-b3f6-403d-8efd-db3f23a63dff][bb1fc585-f087-407a-b043-49c06e320521] Generating... 0 ready, 0 failed / 4 total (6s) image 74% [BỐI CẢNH] image 74% [BỐI CẢNH] image 74% [BỐI CẢNH] image 74% [BỐI CẢNH]
2026-09-05T07:37:30.747Z [13afcab0-1832-4bdc-ae22-6a41b103e5d5][bb1fc585-f087-407a-b043-49c06e320521] Generating... 3 ready, 0 failed / 4 total (124s)
2026-09-05T07:37:30.971Z [39401a13-cecd-483d-92b2-33d908aa4767][bb1fc585-f087-407a-b043-49c06e320521] Ref image 6/8: chips 5→6 ✓
2026-09-05T07:37:32.113Z [ef57c7a7-120e-4dc1-92d8-f668dbac82a2][bb1fc585-f087-407a-b043-49c06e320521] In existing project ✓
2026-09-05T07:37:32.155Z [39401a13-cecd-483d-92b2-33d908aa4767][bb1fc585-f087-407a-b043-49c06e320521] Ref image 7/8: downloading from URL...
2026-09-05T07:37:32.580Z [39401a13-cecd-483d-92b2-33d908aa4767][bb1fc585-f087-407a-b043-49c06e320521] Ref image 7/8: saved 289545 bytes (image/jpeg) as "Graham Family Smartphone.jpeg"
2026-09-05T07:37:32.586Z [39401a13-cecd-483d-92b2-33d908aa4767][bb1fc585-f087-407a-b043-49c06e320521] Ref image 7/8: attaching reference image...
2026-09-05T07:37:33.065Z [ef57c7a7-120e-4dc1-92d8-f668dbac82a2][bb1fc585-f087-407a-b043-49c06e320521] dismissPopups: unresolved overlay(s) ["IFRAME[presentation]|btns="]
2026-09-05T07:37:33.684Z [3eac1a62-b3f6-403d-8efd-db3f23a63dff][bb1fc585-f087-407a-b043-49c06e320521] Generating... 0 ready, 0 failed / 4 total (9s) image 94% [BỐI CẢNH] image 94% [BỐI CẢNH] image 94% [BỐI CẢNH] image 94% [BỐI CẢNH]
2026-09-05T07:37:33.766Z [13afcab0-1832-4bdc-ae22-6a41b103e5d5][bb1fc585-f087-407a-b043-49c06e320521] Generating... 3 ready, 0 failed / 4 total (127s)
2026-09-05T07:37:34.651Z [39401a13-cecd-483d-92b2-33d908aa4767][bb1fc585-f087-407a-b043-49c06e320521] Ref image 7/8: reusing library asset "Graham Family Smartphone.jpeg" (no re-upload).
2026-09-05T07:37:36.703Z [3eac1a62-b3f6-403d-8efd-db3f23a63dff][bb1fc585-f087-407a-b043-49c06e320521] Generating... 0 ready, 0 failed / 4 total (12s) image 99% [BỐI CẢNH] image 99% [BỐI CẢNH] image 99% [BỐI CẢNH] image 99% [BỐI CẢNH]
2026-09-05T07:37:36.786Z [13afcab0-1832-4bdc-ae22-6a41b103e5d5][bb1fc585-f087-407a-b043-49c06e320521] Generating... 3 ready, 0 failed / 4 total (130s)
2026-09-05T07:37:37.510Z [39401a13-cecd-483d-92b2-33d908aa4767][bb1fc585-f087-407a-b043-49c06e320521] Ref image 7/8: chips 6→7 ✓
2026-09-05T07:37:38.651Z [ef57c7a7-120e-4dc1-92d8-f668dbac82a2][bb1fc585-f087-407a-b043-49c06e320521] Composer ready ✓ (UI language: en)
2026-09-05T07:37:38.705Z [ef57c7a7-120e-4dc1-92d8-f668dbac82a2][bb1fc585-f087-407a-b043-49c06e320521] dismissPopups: unresolved overlay(s) ["DIV[]|btns=","DIV[]|btns="]
2026-09-05T07:37:38.769Z [ef57c7a7-120e-4dc1-92d8-f668dbac82a2][bb1fc585-f087-407a-b043-49c06e320521] Agent toggle aria-pressed=false
2026-09-05T07:37:38.771Z [ef57c7a7-120e-4dc1-92d8-f668dbac82a2][bb1fc585-f087-407a-b043-49c06e320521] Opening settings...
2026-09-05T07:37:39.215Z [39401a13-cecd-483d-92b2-33d908aa4767][bb1fc585-f087-407a-b043-49c06e320521] Ref image 8/8: downloading from URL...
2026-09-05T07:37:39.693Z [39401a13-cecd-483d-92b2-33d908aa4767][bb1fc585-f087-407a-b043-49c06e320521] Ref image 8/8: saved 926103 bytes (image/jpeg) as "Verdant Family Water Park Master.jpeg"
2026-09-05T07:37:39.698Z [39401a13-cecd-483d-92b2-33d908aa4767][bb1fc585-f087-407a-b043-49c06e320521] Ref image 8/8: attaching reference image...
2026-09-05T07:37:39.716Z [3eac1a62-b3f6-403d-8efd-db3f23a63dff][bb1fc585-f087-407a-b043-49c06e320521] Generating... 0 ready, 0 failed / 4 total (15s) image 99% [BỐI CẢNH] image 99% [BỐI CẢNH] image 99% [BỐI CẢNH] image 99% [BỐI CẢNH]
2026-09-05T07:37:39.800Z [13afcab0-1832-4bdc-ae22-6a41b103e5d5][bb1fc585-f087-407a-b043-49c06e320521] Generating... 3 ready, 0 failed / 4 total (133s)
2026-09-05T07:37:40.428Z [ef57c7a7-120e-4dc1-92d8-f668dbac82a2][bb1fc585-f087-407a-b043-49c06e320521] Configuring image settings...
2026-09-05T07:37:41.765Z [39401a13-cecd-483d-92b2-33d908aa4767][bb1fc585-f087-407a-b043-49c06e320521] Ref image 8/8: reusing library asset "Verdant Family Water Park Master.jpeg" (no re-upload).
2026-09-05T07:37:42.196Z [ef57c7a7-120e-4dc1-92d8-f668dbac82a2][bb1fc585-f087-407a-b043-49c06e320521] Mode: selected "image Image" ✓
2026-09-05T07:37:42.734Z [3eac1a62-b3f6-403d-8efd-db3f23a63dff][bb1fc585-f087-407a-b043-49c06e320521] Generating... 0 ready, 0 failed / 4 total (18s) image 99% [BỐI CẢNH] image 99% [BỐI CẢNH] image 99% [BỐI CẢNH] image 99% [BỐI CẢNH]
2026-09-05T07:37:42.820Z [13afcab0-1832-4bdc-ae22-6a41b103e5d5][bb1fc585-f087-407a-b043-49c06e320521] Generating... 3 ready, 0 failed / 4 total (136s)
2026-09-05T07:37:44.881Z [39401a13-cecd-483d-92b2-33d908aa4767][bb1fc585-f087-407a-b043-49c06e320521] Ref image 8/8: chips 7→8 ✓
2026-09-05T07:37:44.889Z [39401a13-cecd-483d-92b2-33d908aa4767][bb1fc585-f087-407a-b043-49c06e320521] Entering prompt...
2026-09-05T07:37:45.744Z [3eac1a62-b3f6-403d-8efd-db3f23a63dff][bb1fc585-f087-407a-b043-49c06e320521] Generating... 0 ready, 0 failed / 4 total (21s) image 99% [BỐI CẢNH] image 99% [BỐI CẢNH] image 99% [BỐI CẢNH] image 99% [BỐI CẢNH]
2026-09-05T07:37:45.834Z [13afcab0-1832-4bdc-ae22-6a41b103e5d5][bb1fc585-f087-407a-b043-49c06e320521] Generating... 3 ready, 0 failed / 4 total (139s)
2026-09-05T07:37:46.495Z [39401a13-cecd-483d-92b2-33d908aa4767][bb1fc585-f087-407a-b043-49c06e320521] Prompt is 2347 chars — typing it in 33 chunk(s).
2026-09-05T07:37:46.565Z [ef57c7a7-120e-4dc1-92d8-f668dbac82a2][bb1fc585-f087-407a-b043-49c06e320521] Model: selected "🍌 Nano Banana 2" ✓
2026-09-05T07:37:47.389Z [ef57c7a7-120e-4dc1-92d8-f668dbac82a2][bb1fc585-f087-407a-b043-49c06e320521] Aspect ratio: "crop_16_9 16:9" already selected ✓
2026-09-05T07:37:48.771Z [3eac1a62-b3f6-403d-8efd-db3f23a63dff][bb1fc585-f087-407a-b043-49c06e320521] Generating... 0 ready, 0 failed / 4 total (24s) image 99% [BỐI CẢNH] image 99% [BỐI CẢNH] image 99% [BỐI CẢNH] image 99% [BỐI CẢNH]
2026-09-05T07:37:48.851Z [13afcab0-1832-4bdc-ae22-6a41b103e5d5][bb1fc585-f087-407a-b043-49c06e320521] Generating... 3 ready, 0 failed / 4 total (142s)
2026-09-05T07:37:49.163Z [ef57c7a7-120e-4dc1-92d8-f668dbac82a2][bb1fc585-f087-407a-b043-49c06e320521] Output count: selected "x4" ✓
2026-09-05T07:37:49.960Z [ef57c7a7-120e-4dc1-92d8-f668dbac82a2][bb1fc585-f087-407a-b043-49c06e320521] Ref image 1/6: downloading from URL...
2026-09-05T07:37:50.160Z [ef57c7a7-120e-4dc1-92d8-f668dbac82a2][bb1fc585-f087-407a-b043-49c06e320521] Downloader: no-proxy request context ready.
2026-09-05T07:37:50.923Z [ef57c7a7-120e-4dc1-92d8-f668dbac82a2][bb1fc585-f087-407a-b043-49c06e320521] Ref image 1/6: saved 468314 bytes (image/jpeg) as "Arlo Water Park Day.jpeg"
2026-09-05T07:37:50.926Z [ef57c7a7-120e-4dc1-92d8-f668dbac82a2][bb1fc585-f087-407a-b043-49c06e320521] Ref image 1/6: attaching reference image...
2026-09-05T07:37:51.787Z [3eac1a62-b3f6-403d-8efd-db3f23a63dff][bb1fc585-f087-407a-b043-49c06e320521] Generating... 0 ready, 0 failed / 4 total (27s) image 99% [BỐI CẢNH] image 99% [BỐI CẢNH] image 99% [BỐI CẢNH] image 99% [BỐI CẢNH]
2026-09-05T07:37:51.868Z [13afcab0-1832-4bdc-ae22-6a41b103e5d5][bb1fc585-f087-407a-b043-49c06e320521] Generating... 3 ready, 0 failed / 4 total (145s)
2026-09-05T07:37:52.669Z [ef57c7a7-120e-4dc1-92d8-f668dbac82a2][bb1fc585-f087-407a-b043-49c06e320521] Ref image 1/6: reusing library asset "Arlo Water Park Day.jpeg" (no re-upload).
2026-09-05T07:37:54.807Z [3eac1a62-b3f6-403d-8efd-db3f23a63dff][bb1fc585-f087-407a-b043-49c06e320521] Generating... 0 ready, 0 failed / 4 total (30s) image 99% [BỐI CẢNH] image 99% [BỐI CẢNH] image 99% [BỐI CẢNH] image 99% [BỐI CẢNH]
2026-09-05T07:37:54.885Z [13afcab0-1832-4bdc-ae22-6a41b103e5d5][bb1fc585-f087-407a-b043-49c06e320521] Generating... 3 ready, 0 failed / 4 total (148s)
2026-09-05T07:37:56.149Z [ef57c7a7-120e-4dc1-92d8-f668dbac82a2][bb1fc585-f087-407a-b043-49c06e320521] Ref image 1/6: chips 0→1 ✓
2026-09-05T07:37:57.335Z [ef57c7a7-120e-4dc1-92d8-f668dbac82a2][bb1fc585-f087-407a-b043-49c06e320521] Ref image 2/6: downloading from URL...
2026-09-05T07:37:57.825Z [3eac1a62-b3f6-403d-8efd-db3f23a63dff][bb1fc585-f087-407a-b043-49c06e320521] Generating... 0 ready, 0 failed / 4 total (33s) image 99% [BỐI CẢNH] image 99% [BỐI CẢNH] image 99% [BỐI CẢNH] image 99% [BỐI CẢNH]
2026-09-05T07:37:57.859Z [ef57c7a7-120e-4dc1-92d8-f668dbac82a2][bb1fc585-f087-407a-b043-49c06e320521] Ref image 2/6: saved 628888 bytes (image/jpeg) as "Nessa Water Park Day.jpeg"
2026-09-05T07:37:57.869Z [ef57c7a7-120e-4dc1-92d8-f668dbac82a2][bb1fc585-f087-407a-b043-49c06e320521] Ref image 2/6: attaching reference image...
2026-09-05T07:37:57.901Z [13afcab0-1832-4bdc-ae22-6a41b103e5d5][bb1fc585-f087-407a-b043-49c06e320521] Generating... 3 ready, 0 failed / 4 total (151s)
2026-09-05T07:38:00.101Z [ef57c7a7-120e-4dc1-92d8-f668dbac82a2][bb1fc585-f087-407a-b043-49c06e320521] Ref image 2/6: reusing library asset "Nessa Water Park Day.jpeg" (no re-upload).
2026-09-05T07:38:00.851Z [3eac1a62-b3f6-403d-8efd-db3f23a63dff][bb1fc585-f087-407a-b043-49c06e320521] Generating... 0 ready, 0 failed / 4 total (36s) [BỐI CẢNH]Verdant Fa image 99% [BỐI CẢNH] image 99% [BỐI CẢNH] image 99% [BỐI CẢNH]
2026-09-05T07:38:00.926Z [13afcab0-1832-4bdc-ae22-6a41b103e5d5][bb1fc585-f087-407a-b043-49c06e320521] Generating... 3 ready, 0 failed / 4 total (154s)
2026-09-05T07:38:02.425Z [39401a13-cecd-483d-92b2-33d908aa4767][bb1fc585-f087-407a-b043-49c06e320521] Prompt insert attempt 1: editor has 2292 chars (want ~2340) ✓
2026-09-05T07:38:03.689Z [ef57c7a7-120e-4dc1-92d8-f668dbac82a2][bb1fc585-f087-407a-b043-49c06e320521] Ref image 2/6: chips 1→2 ✓
2026-09-05T07:38:03.866Z [3eac1a62-b3f6-403d-8efd-db3f23a63dff][bb1fc585-f087-407a-b043-49c06e320521] Generating... 1 ready, 0 failed / 4 total (39s) image 99% [BỐI CẢNH] image 100% [BỐI CẢNH image 99% [BỐI CẢNH]
2026-09-05T07:38:03.944Z [13afcab0-1832-4bdc-ae22-6a41b103e5d5][bb1fc585-f087-407a-b043-49c06e320521] Generating... 3 ready, 0 failed / 4 total (157s)
2026-09-05T07:38:04.001Z [39401a13-cecd-483d-92b2-33d908aa4767][bb1fc585-f087-407a-b043-49c06e320521] Baseline: 48 pre-existing media tile(s) of 48 mounted (kinds: image,image,image,image,image,image,image,image,image,image,image,image,image,image,image,image,image,image,image,image,image,image,image,image,image,image,image,image,image,image,image,image,image,image,image,image,image,image,image,image,image,image,image,image,image,image,image,image).
2026-09-05T07:38:05.171Z [ef57c7a7-120e-4dc1-92d8-f668dbac82a2][bb1fc585-f087-407a-b043-49c06e320521] Ref image 3/6: downloading from URL...
2026-09-05T07:38:05.560Z [ef57c7a7-120e-4dc1-92d8-f668dbac82a2][bb1fc585-f087-407a-b043-49c06e320521] Ref image 3/6: saved 653843 bytes (image/jpeg) as "Graham Water Park Day.jpeg"
2026-09-05T07:38:05.568Z [ef57c7a7-120e-4dc1-92d8-f668dbac82a2][bb1fc585-f087-407a-b043-49c06e320521] Ref image 3/6: attaching reference image...
2026-09-05T07:38:05.911Z [39401a13-cecd-483d-92b2-33d908aa4767][bb1fc585-f087-407a-b043-49c06e320521] [submit] confirmed (editor "What do you want to ", fresh tile=true).
2026-09-05T07:38:06.320Z [39401a13-cecd-483d-92b2-33d908aa4767][bb1fc585-f087-407a-b043-49c06e320521] Current Workspace project URL: https://flow.google.com/project/cd81a7d3-c989-419e-891a-f8694174cb85?hl=en
2026-09-05T07:38:06.320Z [39401a13-cecd-483d-92b2-33d908aa4767][bb1fc585-f087-407a-b043-49c06e320521] Submitted ✓ Detecting batch size...
2026-09-05T07:38:06.335Z [39401a13-cecd-483d-92b2-33d908aa4767][bb1fc585-f087-407a-b043-49c06e320521] New tile(s) since submit: 0 → 2 (mounted=50)
2026-09-05T07:38:06.887Z [3eac1a62-b3f6-403d-8efd-db3f23a63dff][bb1fc585-f087-407a-b043-49c06e320521] Generating... 1 ready, 0 failed / 4 total (42s) [BỐI CẢNH]Verdant Fa [BỐI CẢNH]Verdant Fa [BỐI CẢNH]Verdant Fa
2026-09-05T07:38:06.967Z [13afcab0-1832-4bdc-ae22-6a41b103e5d5][bb1fc585-f087-407a-b043-49c06e320521] Generating... 3 ready, 0 failed / 4 total (160s)
2026-09-05T07:38:07.208Z [ef57c7a7-120e-4dc1-92d8-f668dbac82a2][bb1fc585-f087-407a-b043-49c06e320521] Ref image 3/6: reusing library asset "Graham Water Park Day.jpeg" (no re-upload).
2026-09-05T07:38:07.366Z [39401a13-cecd-483d-92b2-33d908aa4767][bb1fc585-f087-407a-b043-49c06e320521] New tile(s) since submit: 2 → 1 (mounted=50)
2026-09-05T07:38:08.930Z [39401a13-cecd-483d-92b2-33d908aa4767][bb1fc585-f087-407a-b043-49c06e320521] New tile(s) since submit: 1 → 0 (mounted=50)
2026-09-05T07:38:09.905Z [3eac1a62-b3f6-403d-8efd-db3f23a63dff][bb1fc585-f087-407a-b043-49c06e320521] Generating... 4 ready, 0 failed / 4 total (45s)
2026-09-05T07:38:09.905Z [3eac1a62-b3f6-403d-8efd-db3f23a63dff][bb1fc585-f087-407a-b043-49c06e320521] Batch done: 4 ready (target 4), 0 failed, scanned 4.
2026-09-05T07:38:09.906Z [3eac1a62-b3f6-403d-8efd-db3f23a63dff][bb1fc585-f087-407a-b043-49c06e320521] 4 item(s) ready! Downloading...
2026-09-05T07:38:09.907Z [3eac1a62-b3f6-403d-8efd-db3f23a63dff][bb1fc585-f087-407a-b043-49c06e320521] Item 1: Downloading from URL https://flow-content.google/image/91c2c718-7b35-41f7-a17b-62a461ff991b?Expires=1788615441&KeyName=labs-flow-prod-cdn-key&Signature=u97lifyRQP78aNsJon3N3DZLSBE
2026-09-05T07:38:09.984Z [13afcab0-1832-4bdc-ae22-6a41b103e5d5][bb1fc585-f087-407a-b043-49c06e320521] Generating... 3 ready, 0 failed / 4 total (163s)
2026-09-05T07:38:10.337Z [3eac1a62-b3f6-403d-8efd-db3f23a63dff][bb1fc585-f087-407a-b043-49c06e320521] Downloaded 1/4: winai_2026-09-05T07-38-09_01.jpg
2026-09-05T07:38:10.338Z [3eac1a62-b3f6-403d-8efd-db3f23a63dff][bb1fc585-f087-407a-b043-49c06e320521] Item 2: Downloading from URL https://flow-content.google/image/d53d30cf-13be-4105-a6f0-a033afd74b68?Expires=1788615440&KeyName=labs-flow-prod-cdn-key&Signature=fhDTzREhVTiWOTzvkqkUEmDB5wM
2026-09-05T07:38:10.453Z [ef57c7a7-120e-4dc1-92d8-f668dbac82a2][bb1fc585-f087-407a-b043-49c06e320521] Ref image 3/6: chips 2→3 ✓
2026-09-05T07:38:10.482Z [3eac1a62-b3f6-403d-8efd-db3f23a63dff][bb1fc585-f087-407a-b043-49c06e320521] Downloaded 2/4: winai_2026-09-05T07-38-09_02.jpg
2026-09-05T07:38:10.482Z [3eac1a62-b3f6-403d-8efd-db3f23a63dff][bb1fc585-f087-407a-b043-49c06e320521] Item 3: Downloading from URL https://flow-content.google/image/d6bad5d6-7f8c-41ee-9331-c718d78806ba?Expires=1788615439&KeyName=labs-flow-prod-cdn-key&Signature=h6lgOkjsGCaNz2He1Becq5xONko
2026-09-05T07:38:10.569Z [3eac1a62-b3f6-403d-8efd-db3f23a63dff][bb1fc585-f087-407a-b043-49c06e320521] Downloaded 3/4: winai_2026-09-05T07-38-09_03.jpg
2026-09-05T07:38:10.569Z [3eac1a62-b3f6-403d-8efd-db3f23a63dff][bb1fc585-f087-407a-b043-49c06e320521] Item 4: Downloading from URL https://flow-content.google/image/f630c114-fce7-41ef-a273-d14595a07e41?Expires=1788615439&KeyName=labs-flow-prod-cdn-key&Signature=yslVAUoJYmE8iAqc-Vm-jAtMDPk
2026-09-05T07:38:10.658Z [3eac1a62-b3f6-403d-8efd-db3f23a63dff][bb1fc585-f087-407a-b043-49c06e320521] Downloaded 4/4: winai_2026-09-05T07-38-09_04.jpg
2026-09-05T07:38:10.658Z [3eac1a62-b3f6-403d-8efd-db3f23a63dff][bb1fc585-f087-407a-b043-49c06e320521] ✅ 4 item(s) saved to Downloads/Win AI Toolkit/
2026-09-05T07:38:10.962Z [3eac1a62-b3f6-403d-8efd-db3f23a63dff][bb1fc585-f087-407a-b043-49c06e320521] Item 1: Uploaded → https://studio.xanhmedia.vn/uploads/2026-09/1788593890640_193f41_bb1fc585-f087-407a-b043-49c06e320521_3ea.jpg
2026-09-05T07:38:10.967Z [3eac1a62-b3f6-403d-8efd-db3f23a63dff][bb1fc585-f087-407a-b043-49c06e320521] Item 4: Uploaded → https://studio.xanhmedia.vn/uploads/2026-09/1788593890646_b27d8d_bb1fc585-f087-407a-b043-49c06e320521_3ea.jpg
2026-09-05T07:38:11.003Z [3eac1a62-b3f6-403d-8efd-db3f23a63dff][bb1fc585-f087-407a-b043-49c06e320521] Item 3: Uploaded → https://studio.xanhmedia.vn/uploads/2026-09/1788593890684_da8d87_bb1fc585-f087-407a-b043-49c06e320521_3ea.jpg
2026-09-05T07:38:11.032Z [3eac1a62-b3f6-403d-8efd-db3f23a63dff][bb1fc585-f087-407a-b043-49c06e320521] Item 2: Uploaded → https://studio.xanhmedia.vn/uploads/2026-09/1788593890720_1afb47_bb1fc585-f087-407a-b043-49c06e320521_3ea.jpg
2026-09-05T07:38:11.034Z [3eac1a62-b3f6-403d-8efd-db3f23a63dff][bb1fc585-f087-407a-b043-49c06e320521] All done (including any 1080p upgrades). Closing Playwright browser context.
2026-09-05T07:38:11.309Z [38d5b461-7615-4388-bbdf-c58b646e0404][bb1fc585-f087-407a-b043-49c06e320521] runGeneration starting: task_id=38d5b461-7615-4388-bbdf-c58b646e0404, profile_id=bb1fc585-f087-407a-b043-49c06e320521, target_site=google_flow
2026-09-05T07:38:11.310Z [38d5b461-7615-4388-bbdf-c58b646e0404][bb1fc585-f087-407a-b043-49c06e320521] Opening Playwright browser with persistent profile cookies...
2026-09-05T07:38:11.311Z [38d5b461-7615-4388-bbdf-c58b646e0404][bb1fc585-f087-407a-b043-49c06e320521] Browser engine: winhide (C:\Users\Admin\AppData\Roaming\com.tank.winai\winhide\chrome.exe) [hidden off-screen]
2026-09-05T07:38:11.311Z [38d5b461-7615-4388-bbdf-c58b646e0404][bb1fc585-f087-407a-b043-49c06e320521] Launch mode: STEALTH (raw spawn + connectOverCDP)
2026-09-05T07:38:11.835Z [ef57c7a7-120e-4dc1-92d8-f668dbac82a2][bb1fc585-f087-407a-b043-49c06e320521] Ref image 4/6: downloading from URL...
2026-09-05T07:38:12.192Z [ef57c7a7-120e-4dc1-92d8-f668dbac82a2][bb1fc585-f087-407a-b043-49c06e320521] Ref image 4/6: saved 549605 bytes (image/jpeg) as "Elara Water Park Day.jpeg"
2026-09-05T07:38:12.197Z [ef57c7a7-120e-4dc1-92d8-f668dbac82a2][bb1fc585-f087-407a-b043-49c06e320521] Ref image 4/6: attaching reference image...
2026-09-05T07:38:12.668Z [38d5b461-7615-4388-bbdf-c58b646e0404][bb1fc585-f087-407a-b043-49c06e320521] Exit IP: 115.74.128.9
2026-09-05T07:38:12.668Z [38d5b461-7615-4388-bbdf-c58b646e0404][bb1fc585-f087-407a-b043-49c06e320521] Navigating browser to Google Flow tools page...
2026-09-05T07:38:12.668Z [38d5b461-7615-4388-bbdf-c58b646e0404][bb1fc585-f087-407a-b043-49c06e320521] Using existing project URL: https://flow.google.com/project/cae2bf2b-d1b8-40f9-a300-9f2aa6276ea5?hl=en
2026-09-05T07:38:12.999Z [13afcab0-1832-4bdc-ae22-6a41b103e5d5][bb1fc585-f087-407a-b043-49c06e320521] Generating... 3 ready, 0 failed / 4 total (166s)
2026-09-05T07:38:13.426Z [38d5b461-7615-4388-bbdf-c58b646e0404][bb1fc585-f087-407a-b043-49c06e320521] Waiting for Google Flow...
2026-09-05T07:38:14.438Z [ef57c7a7-120e-4dc1-92d8-f668dbac82a2][bb1fc585-f087-407a-b043-49c06e320521] Ref image 4/6: reusing library asset "Elara Water Park Day.jpeg" (no re-upload).
2026-09-05T07:38:15.855Z [38d5b461-7615-4388-bbdf-c58b646e0404][bb1fc585-f087-407a-b043-49c06e320521] Creating new project...
2026-09-05T07:38:16.016Z [13afcab0-1832-4bdc-ae22-6a41b103e5d5][bb1fc585-f087-407a-b043-49c06e320521] Generating... 3 ready, 0 failed / 4 total (169s)
2026-09-05T07:38:18.160Z [ef57c7a7-120e-4dc1-92d8-f668dbac82a2][bb1fc585-f087-407a-b043-49c06e320521] Ref image 4/6: chips 3→4 ✓
2026-09-05T07:38:19.035Z [13afcab0-1832-4bdc-ae22-6a41b103e5d5][bb1fc585-f087-407a-b043-49c06e320521] Generating... 3 ready, 0 failed / 4 total (172s)
2026-09-05T07:38:19.080Z [ef57c7a7-120e-4dc1-92d8-f668dbac82a2][bb1fc585-f087-407a-b043-49c06e320521] Ref image 5/6: downloading from URL...
2026-09-05T07:38:19.439Z [ef57c7a7-120e-4dc1-92d8-f668dbac82a2][bb1fc585-f087-407a-b043-49c06e320521] Ref image 5/6: saved 489730 bytes (image/jpeg) as "Vale Family Blue Bath Towel.jpeg"
2026-09-05T07:38:19.441Z [ef57c7a7-120e-4dc1-92d8-f668dbac82a2][bb1fc585-f087-407a-b043-49c06e320521] Ref image 5/6: attaching reference image...
2026-09-05T07:38:21.303Z [ef57c7a7-120e-4dc1-92d8-f668dbac82a2][bb1fc585-f087-407a-b043-49c06e320521] Ref image 5/6: "Vale Family Blue Bath Towel.jpeg" not in the library yet — uploading it first.
2026-09-05T07:38:22.060Z [13afcab0-1832-4bdc-ae22-6a41b103e5d5][bb1fc585-f087-407a-b043-49c06e320521] Generating... 3 ready, 0 failed / 4 total (175s)
2026-09-05T07:38:25.074Z [13afcab0-1832-4bdc-ae22-6a41b103e5d5][bb1fc585-f087-407a-b043-49c06e320521] Generating... 3 ready, 0 failed / 4 total (178s)
2026-09-05T07:38:25.772Z [ef57c7a7-120e-4dc1-92d8-f668dbac82a2][bb1fc585-f087-407a-b043-49c06e320521] Ref image 5/6: uploading "Vale Family Blue Bath Towel.jpeg" to the project library...
2026-09-05T07:38:26.756Z [ef57c7a7-120e-4dc1-92d8-f668dbac82a2][bb1fc585-f087-407a-b043-49c06e320521] Ref image 5/6: upload finished ✓
2026-09-05T07:38:28.077Z [13afcab0-1832-4bdc-ae22-6a41b103e5d5][bb1fc585-f087-407a-b043-49c06e320521] Poll ended with 3/4 ready — salvaging the completed item(s).
2026-09-05T07:38:28.077Z [13afcab0-1832-4bdc-ae22-6a41b103e5d5][bb1fc585-f087-407a-b043-49c06e320521] 3 item(s) ready! Downloading...
2026-09-05T07:38:28.080Z [13afcab0-1832-4bdc-ae22-6a41b103e5d5][bb1fc585-f087-407a-b043-49c06e320521] Item 1: Downloading from URL https://flow-content.google/image/a5a56d3f-4823-4d68-bdc6-9541ef3e1bbf?Expires=1788615324&KeyName=labs-flow-prod-cdn-key&Signature=LCxZ6SZqp3uKZK0k5vkV6wBW6Ng
2026-09-05T07:38:28.477Z [13afcab0-1832-4bdc-ae22-6a41b103e5d5][bb1fc585-f087-407a-b043-49c06e320521] Downloaded 1/3: winai_2026-09-05T07-38-28_01.jpg
2026-09-05T07:38:28.478Z [13afcab0-1832-4bdc-ae22-6a41b103e5d5][bb1fc585-f087-407a-b043-49c06e320521] Item 2: Downloading from URL https://flow-content.google/image/419cc64a-e3b0-4293-a562-a2785adb94a1?Expires=1788615323&KeyName=labs-flow-prod-cdn-key&Signature=vYww0HmA0i3IQINCxgEZtjE8GLk
2026-09-05T07:38:28.600Z [13afcab0-1832-4bdc-ae22-6a41b103e5d5][bb1fc585-f087-407a-b043-49c06e320521] Downloaded 2/3: winai_2026-09-05T07-38-28_02.jpg
2026-09-05T07:38:28.600Z [13afcab0-1832-4bdc-ae22-6a41b103e5d5][bb1fc585-f087-407a-b043-49c06e320521] Item 3: Downloading from URL https://flow-content.google/image/7a5f8a98-fbe5-4206-9526-f9e32732a8dc?Expires=1788615322&KeyName=labs-flow-prod-cdn-key&Signature=qaehRpSwCPJ5VodbYnnOkwky_fo
2026-09-05T07:38:28.696Z [13afcab0-1832-4bdc-ae22-6a41b103e5d5][bb1fc585-f087-407a-b043-49c06e320521] Downloaded 3/3: winai_2026-09-05T07-38-28_03.jpg
2026-09-05T07:38:28.696Z [13afcab0-1832-4bdc-ae22-6a41b103e5d5][bb1fc585-f087-407a-b043-49c06e320521] ✅ 3 item(s) saved to Downloads/Win AI Toolkit/
2026-09-05T07:38:29.004Z [13afcab0-1832-4bdc-ae22-6a41b103e5d5][bb1fc585-f087-407a-b043-49c06e320521] Item 3: Uploaded → https://studio.xanhmedia.vn/uploads/2026-09/1788593908682_b38945_bb1fc585-f087-407a-b043-49c06e320521_13a.jpg
2026-09-05T07:38:29.060Z [13afcab0-1832-4bdc-ae22-6a41b103e5d5][bb1fc585-f087-407a-b043-49c06e320521] Item 2: Uploaded → https://studio.xanhmedia.vn/uploads/2026-09/1788593908730_4e794c_bb1fc585-f087-407a-b043-49c06e320521_13a.jpg
2026-09-05T07:38:29.070Z [66072cc2-e3b2-4fd1-9fd6-844767e80f79][bb1fc585-f087-407a-b043-49c06e320521] runGeneration starting: task_id=66072cc2-e3b2-4fd1-9fd6-844767e80f79, profile_id=bb1fc585-f087-407a-b043-49c06e320521, target_site=google_flow
2026-09-05T07:38:29.071Z [66072cc2-e3b2-4fd1-9fd6-844767e80f79][bb1fc585-f087-407a-b043-49c06e320521] Opening Playwright browser with persistent profile cookies...
2026-09-05T07:38:29.071Z [66072cc2-e3b2-4fd1-9fd6-844767e80f79][bb1fc585-f087-407a-b043-49c06e320521] Browser engine: winhide (C:\Users\Admin\AppData\Roaming\com.tank.winai\winhide\chrome.exe) [hidden off-screen]
2026-09-05T07:38:29.072Z [66072cc2-e3b2-4fd1-9fd6-844767e80f79][bb1fc585-f087-407a-b043-49c06e320521] Launch mode: STEALTH (raw spawn + connectOverCDP)
2026-09-05T07:38:29.128Z [13afcab0-1832-4bdc-ae22-6a41b103e5d5][bb1fc585-f087-407a-b043-49c06e320521] Item 1: Uploaded → https://studio.xanhmedia.vn/uploads/2026-09/1788593908807_bd5823_bb1fc585-f087-407a-b043-49c06e320521_13a.jpg
2026-09-05T07:38:29.130Z [13afcab0-1832-4bdc-ae22-6a41b103e5d5][bb1fc585-f087-407a-b043-49c06e320521] All done (including any 1080p upgrades). Closing Playwright browser context.
2026-09-05T07:38:29.290Z [ef57c7a7-120e-4dc1-92d8-f668dbac82a2][bb1fc585-f087-407a-b043-49c06e320521] Ref image 5/6: "Vale Family Blue Bath Towel.jpeg" still not listed after uploading.
2026-09-05T07:38:30.494Z [66072cc2-e3b2-4fd1-9fd6-844767e80f79][bb1fc585-f087-407a-b043-49c06e320521] Exit IP: 115.74.128.9
2026-09-05T07:38:30.494Z [66072cc2-e3b2-4fd1-9fd6-844767e80f79][bb1fc585-f087-407a-b043-49c06e320521] Navigating browser to Google Flow tools page...
2026-09-05T07:38:30.495Z [66072cc2-e3b2-4fd1-9fd6-844767e80f79][bb1fc585-f087-407a-b043-49c06e320521] Using existing project URL: https://flow.google.com/project/c2a607c5-d833-4be1-8108-407b74d4ed85?hl=en
2026-09-05T07:38:31.463Z [66072cc2-e3b2-4fd1-9fd6-844767e80f79][bb1fc585-f087-407a-b043-49c06e320521] Waiting for Google Flow...
2026-09-05T07:38:31.512Z [ef57c7a7-120e-4dc1-92d8-f668dbac82a2][bb1fc585-f087-407a-b043-49c06e320521] Ref image 6/6: downloading from URL...
2026-09-05T07:38:32.110Z [ef57c7a7-120e-4dc1-92d8-f668dbac82a2][bb1fc585-f087-407a-b043-49c06e320521] Ref image 6/6: saved 926103 bytes (image/jpeg) as "Verdant Family Water Park Master.jpeg"
2026-09-05T07:38:32.124Z [ef57c7a7-120e-4dc1-92d8-f668dbac82a2][bb1fc585-f087-407a-b043-49c06e320521] Ref image 6/6: attaching reference image...
2026-09-05T07:38:33.689Z [66072cc2-e3b2-4fd1-9fd6-844767e80f79][bb1fc585-f087-407a-b043-49c06e320521] Creating new project...
2026-09-05T07:38:34.043Z [ef57c7a7-120e-4dc1-92d8-f668dbac82a2][bb1fc585-f087-407a-b043-49c06e320521] Ref image 6/6: reusing library asset "Verdant Family Water Park Master.jpeg" (no re-upload).
2026-09-05T07:38:35.873Z [38d5b461-7615-4388-bbdf-c58b646e0404][bb1fc585-f087-407a-b043-49c06e320521] New project error: locator.waitFor: Timeout 20000ms exceeded.
Call log:
[2m  - waiting for locator('flow-projects-page button').filter({ hasText: /New project|Dự án mới/i }).first() to be visible[22m

2026-09-05T07:38:36.376Z [39401a13-cecd-483d-92b2-33d908aa4767][bb1fc585-f087-407a-b043-49c06e320521] No new tiles detected in 30s — falling back to the configured count 4.
2026-09-05T07:38:36.377Z [39401a13-cecd-483d-92b2-33d908aa4767][bb1fc585-f087-407a-b043-49c06e320521] Batch detected: 4 item(s). Generating...
2026-09-05T07:38:36.378Z [39401a13-cecd-483d-92b2-33d908aa4767][bb1fc585-f087-407a-b043-49c06e320521] Polling for 4 image item(s) (baseline=48, hasUpload=true)...
2026-09-05T07:38:36.388Z [39401a13-cecd-483d-92b2-33d908aa4767][bb1fc585-f087-407a-b043-49c06e320521] Generating... 0 ready, 0 failed / 4 total (0s)
2026-09-05T07:38:37.141Z [38d5b461-7615-4388-bbdf-c58b646e0404][bb1fc585-f087-407a-b043-49c06e320521] dismissPopups: unresolved overlay(s) ["DIV[]|btns=","SPAN[]|btns="]
2026-09-05T07:38:37.691Z [ef57c7a7-120e-4dc1-92d8-f668dbac82a2][bb1fc585-f087-407a-b043-49c06e320521] Ref image 6/6: chips 4→5 ✓
2026-09-05T07:38:37.700Z [ef57c7a7-120e-4dc1-92d8-f668dbac82a2][bb1fc585-f087-407a-b043-49c06e320521] [WARN] Only 5/6 reference image(s) attached.
2026-09-05T07:38:37.700Z [ef57c7a7-120e-4dc1-92d8-f668dbac82a2][bb1fc585-f087-407a-b043-49c06e320521] Entering prompt...
2026-09-05T07:38:39.354Z [ef57c7a7-120e-4dc1-92d8-f668dbac82a2][bb1fc585-f087-407a-b043-49c06e320521] Prompt is 2107 chars — typing it in 31 chunk(s).
2026-09-05T07:38:39.413Z [39401a13-cecd-483d-92b2-33d908aa4767][bb1fc585-f087-407a-b043-49c06e320521] Generating... 0 ready, 0 failed / 4 total (3s)
2026-09-05T07:38:42.423Z [39401a13-cecd-483d-92b2-33d908aa4767][bb1fc585-f087-407a-b043-49c06e320521] Generating... 0 ready, 0 failed / 4 total (6s)
2026-09-05T07:38:45.439Z [39401a13-cecd-483d-92b2-33d908aa4767][bb1fc585-f087-407a-b043-49c06e320521] Generating... 0 ready, 0 failed / 4 total (9s)
2026-09-05T07:38:48.457Z [39401a13-cecd-483d-92b2-33d908aa4767][bb1fc585-f087-407a-b043-49c06e320521] Generating... 0 ready, 0 failed / 4 total (12s)
2026-09-05T07:38:51.474Z [39401a13-cecd-483d-92b2-33d908aa4767][bb1fc585-f087-407a-b043-49c06e320521] Generating... 0 ready, 0 failed / 4 total (15s)
2026-09-05T07:38:53.698Z [66072cc2-e3b2-4fd1-9fd6-844767e80f79][bb1fc585-f087-407a-b043-49c06e320521] New project error: locator.waitFor: Timeout 20000ms exceeded.
Call log:
[2m  - waiting for locator('flow-projects-page button').filter({ hasText: /New project|Dự án mới/i }).first() to be visible[22m

2026-09-05T07:38:53.923Z [ef57c7a7-120e-4dc1-92d8-f668dbac82a2][bb1fc585-f087-407a-b043-49c06e320521] Prompt insert attempt 1: editor has 2054 chars (want ~2100) ✓
2026-09-05T07:38:54.503Z [39401a13-cecd-483d-92b2-33d908aa4767][bb1fc585-f087-407a-b043-49c06e320521] Generating... 0 ready, 0 failed / 4 total (18s)
2026-09-05T07:38:55.640Z [66072cc2-e3b2-4fd1-9fd6-844767e80f79][bb1fc585-f087-407a-b043-49c06e320521] dismissPopups: unresolved overlay(s) ["DIV[]|btns=","SPAN[]|btns="]
2026-09-05T07:38:56.035Z [ef57c7a7-120e-4dc1-92d8-f668dbac82a2][bb1fc585-f087-407a-b043-49c06e320521] Baseline: 47 pre-existing media tile(s) of 47 mounted (kinds: image,image,image,image,image,image,image,image,image,image,image,image,image,image,image,image,image,image,image,image,image,image,image,image,image,image,image,image,image,image,image,image,image,image,image,image,image,image,image,image,image,image,image,image,video,video,image).
2026-09-05T07:38:57.516Z [39401a13-cecd-483d-92b2-33d908aa4767][bb1fc585-f087-407a-b043-49c06e320521] Generating... 0 ready, 0 failed / 4 total (21s)
2026-09-05T07:38:57.721Z [ef57c7a7-120e-4dc1-92d8-f668dbac82a2][bb1fc585-f087-407a-b043-49c06e320521] [submit] confirmed (editor "What do you want to ", fresh tile=true).
2026-09-05T07:38:58.490Z [ef57c7a7-120e-4dc1-92d8-f668dbac82a2][bb1fc585-f087-407a-b043-49c06e320521] Current Workspace project URL: https://flow.google.com/project/33ca2cc2-c9ff-4bb6-9048-2a7af1dfcfee?hl=en
2026-09-05T07:38:58.491Z [ef57c7a7-120e-4dc1-92d8-f668dbac82a2][bb1fc585-f087-407a-b043-49c06e320521] Submitted ✓ Detecting batch size...
2026-09-05T07:38:58.506Z [ef57c7a7-120e-4dc1-92d8-f668dbac82a2][bb1fc585-f087-407a-b043-49c06e320521] New tile(s) since submit: 0 → 2 (mounted=47)
2026-09-05T07:38:59.538Z [ef57c7a7-120e-4dc1-92d8-f668dbac82a2][bb1fc585-f087-407a-b043-49c06e320521] New tile(s) since submit: 2 → 1 (mounted=47)
2026-09-05T07:39:00.541Z [39401a13-cecd-483d-92b2-33d908aa4767][bb1fc585-f087-407a-b043-49c06e320521] Generating... 0 ready, 0 failed / 4 total (24s)
2026-09-05T07:39:00.570Z [ef57c7a7-120e-4dc1-92d8-f668dbac82a2][bb1fc585-f087-407a-b043-49c06e320521] New tile(s) since submit: 1 → 0 (mounted=47)
2026-09-05T07:39:02.159Z [38d5b461-7615-4388-bbdf-c58b646e0404][bb1fc585-f087-407a-b043-49c06e320521] Composer never appeared. url=https://flow.google.com/about tiles=0 editors=0
2026-09-05T07:39:02.159Z [38d5b461-7615-4388-bbdf-c58b646e0404][bb1fc585-f087-407a-b043-49c06e320521] Flow attempt 1/1 failed: Google Flow composer (prompt box) did not render — page may not have finished loading.
2026-09-05T07:39:02.160Z [38d5b461-7615-4388-bbdf-c58b646e0404][bb1fc585-f087-407a-b043-49c06e320521] runGeneration ERROR exception: Error: Google Flow composer (prompt box) did not render — page may not have finished loading.
    at runGoogleFlow (C:\snapshot\sidecar\dist\sidecar.cjs:7592:11)
    at async runGeneration (C:\snapshot\sidecar\dist\sidecar.cjs:8392:11)
    at async handleCommand (C:\snapshot\sidecar\dist\sidecar.cjs:6510:7)
    at async C:\snapshot\sidecar\dist\sidecar.cjs:6426:11
2026-09-05T07:39:02.550Z [e2908413-3959-4157-9586-05a032c6db7e][bb1fc585-f087-407a-b043-49c06e320521] runGeneration starting: task_id=e2908413-3959-4157-9586-05a032c6db7e, profile_id=bb1fc585-f087-407a-b043-49c06e320521, target_site=google_flow
2026-09-05T07:39:02.551Z [e2908413-3959-4157-9586-05a032c6db7e][bb1fc585-f087-407a-b043-49c06e320521] Opening Playwright browser with persistent profile cookies...
2026-09-05T07:39:02.552Z [e2908413-3959-4157-9586-05a032c6db7e][bb1fc585-f087-407a-b043-49c06e320521] Browser engine: winhide (C:\Users\Admin\AppData\Roaming\com.tank.winai\winhide\chrome.exe) [hidden off-screen]
2026-09-05T07:39:02.553Z [e2908413-3959-4157-9586-05a032c6db7e][bb1fc585-f087-407a-b043-49c06e320521] Launch mode: STEALTH (raw spawn + connectOverCDP)
2026-09-05T07:39:03.564Z [39401a13-cecd-483d-92b2-33d908aa4767][bb1fc585-f087-407a-b043-49c06e320521] Generating... 0 ready, 0 failed / 4 total (27s)
2026-09-05T07:39:03.950Z [e2908413-3959-4157-9586-05a032c6db7e][bb1fc585-f087-407a-b043-49c06e320521] Exit IP: 115.74.128.9
2026-09-05T07:39:03.951Z [e2908413-3959-4157-9586-05a032c6db7e][bb1fc585-f087-407a-b043-49c06e320521] Navigating browser to Google Flow tools page...
2026-09-05T07:39:03.951Z [e2908413-3959-4157-9586-05a032c6db7e][bb1fc585-f087-407a-b043-49c06e320521] Using existing project URL: https://flow.google.com/project/cae2bf2b-d1b8-40f9-a300-9f2aa6276ea5?hl=en
2026-09-05T07:39:04.843Z [e2908413-3959-4157-9586-05a032c6db7e][bb1fc585-f087-407a-b043-49c06e320521] Waiting for Google Flow...
2026-09-05T07:39:06.579Z [39401a13-cecd-483d-92b2-33d908aa4767][bb1fc585-f087-407a-b043-49c06e320521] Generating... 0 ready, 0 failed / 4 total (30s)
2026-09-05T07:39:06.582Z [e2908413-3959-4157-9586-05a032c6db7e][bb1fc585-f087-407a-b043-49c06e320521] Creating new project...
2026-09-05T07:39:09.603Z [39401a13-cecd-483d-92b2-33d908aa4767][bb1fc585-f087-407a-b043-49c06e320521] Generating... 0 ready, 0 failed / 4 total (33s)
2026-09-05T07:39:12.620Z [39401a13-cecd-483d-92b2-33d908aa4767][bb1fc585-f087-407a-b043-49c06e320521] Generating... 0 ready, 0 failed / 4 total (36s)
2026-09-05T07:39:15.645Z [39401a13-cecd-483d-92b2-33d908aa4767][bb1fc585-f087-407a-b043-49c06e320521] Generating... 0 ready, 0 failed / 4 total (39s)
2026-09-05T07:39:18.664Z [39401a13-cecd-483d-92b2-33d908aa4767][bb1fc585-f087-407a-b043-49c06e320521] Generating... 0 ready, 0 failed / 4 total (42s)
2026-09-05T07:39:20.656Z [66072cc2-e3b2-4fd1-9fd6-844767e80f79][bb1fc585-f087-407a-b043-49c06e320521] Composer never appeared. url=https://flow.google.com/about tiles=0 editors=0
2026-09-05T07:39:20.657Z [66072cc2-e3b2-4fd1-9fd6-844767e80f79][bb1fc585-f087-407a-b043-49c06e320521] Flow attempt 1/1 failed: Google Flow composer (prompt box) did not render — page may not have finished loading.
2026-09-05T07:39:20.657Z [66072cc2-e3b2-4fd1-9fd6-844767e80f79][bb1fc585-f087-407a-b043-49c06e320521] runGeneration ERROR exception: Error: Google Flow composer (prompt box) did not render — page may not have finished loading.
    at runGoogleFlow (C:\snapshot\sidecar\dist\sidecar.cjs:7592:11)
    at async runGeneration (C:\snapshot\sidecar\dist\sidecar.cjs:8392:11)
    at async handleCommand (C:\snapshot\sidecar\dist\sidecar.cjs:6510:7)
    at async C:\snapshot\sidecar\dist\sidecar.cjs:6426:11
2026-09-05T07:39:21.688Z [39401a13-cecd-483d-92b2-33d908aa4767][bb1fc585-f087-407a-b043-49c06e320521] Generating... 0 ready, 0 failed / 4 total (45s)
2026-09-05T07:39:21.852Z [90760ad6-e472-4b03-803d-26a0e0a1cd8f][bb1fc585-f087-407a-b043-49c06e320521] runGeneration starting: task_id=90760ad6-e472-4b03-803d-26a0e0a1cd8f, profile_id=bb1fc585-f087-407a-b043-49c06e320521, target_site=google_flow
2026-09-05T07:39:21.852Z [90760ad6-e472-4b03-803d-26a0e0a1cd8f][bb1fc585-f087-407a-b043-49c06e320521] Opening Playwright browser with persistent profile cookies...
2026-09-05T07:39:21.853Z [90760ad6-e472-4b03-803d-26a0e0a1cd8f][bb1fc585-f087-407a-b043-49c06e320521] Browser engine: winhide (C:\Users\Admin\AppData\Roaming\com.tank.winai\winhide\chrome.exe) [hidden off-screen]
2026-09-05T07:39:21.853Z [90760ad6-e472-4b03-803d-26a0e0a1cd8f][bb1fc585-f087-407a-b043-49c06e320521] Launch mode: STEALTH (raw spawn + connectOverCDP)
2026-09-05T07:39:23.307Z [90760ad6-e472-4b03-803d-26a0e0a1cd8f][bb1fc585-f087-407a-b043-49c06e320521] Exit IP: 115.74.128.9
2026-09-05T07:39:23.307Z [90760ad6-e472-4b03-803d-26a0e0a1cd8f][bb1fc585-f087-407a-b043-49c06e320521] Navigating browser to Google Flow tools page...
2026-09-05T07:39:23.307Z [90760ad6-e472-4b03-803d-26a0e0a1cd8f][bb1fc585-f087-407a-b043-49c06e320521] Using existing project URL: https://flow.google.com/project/c2a607c5-d833-4be1-8108-407b74d4ed85?hl=en
2026-09-05T07:39:24.073Z [90760ad6-e472-4b03-803d-26a0e0a1cd8f][bb1fc585-f087-407a-b043-49c06e320521] Waiting for Google Flow...
2026-09-05T07:39:24.709Z [39401a13-cecd-483d-92b2-33d908aa4767][bb1fc585-f087-407a-b043-49c06e320521] Generating... 0 ready, 0 failed / 4 total (48s)
2026-09-05T07:39:25.800Z [90760ad6-e472-4b03-803d-26a0e0a1cd8f][bb1fc585-f087-407a-b043-49c06e320521] Creating new project...
2026-09-05T07:39:26.593Z [e2908413-3959-4157-9586-05a032c6db7e][bb1fc585-f087-407a-b043-49c06e320521] New project error: locator.waitFor: Timeout 20000ms exceeded.
Call log:
[2m  - waiting for locator('flow-projects-page button').filter({ hasText: /New project|Dự án mới/i }).first() to be visible[22m

2026-09-05T07:39:27.728Z [39401a13-cecd-483d-92b2-33d908aa4767][bb1fc585-f087-407a-b043-49c06e320521] Generating... 0 ready, 0 failed / 4 total (51s)
2026-09-05T07:39:28.081Z [e2908413-3959-4157-9586-05a032c6db7e][bb1fc585-f087-407a-b043-49c06e320521] dismissPopups: unresolved overlay(s) ["DIV[]|btns=","SPAN[]|btns="]
2026-09-05T07:39:28.548Z [ef57c7a7-120e-4dc1-92d8-f668dbac82a2][bb1fc585-f087-407a-b043-49c06e320521] No new tiles detected in 30s — falling back to the configured count 4.
2026-09-05T07:39:28.549Z [ef57c7a7-120e-4dc1-92d8-f668dbac82a2][bb1fc585-f087-407a-b043-49c06e320521] Batch detected: 4 item(s). Generating...
2026-09-05T07:39:28.549Z [ef57c7a7-120e-4dc1-92d8-f668dbac82a2][bb1fc585-f087-407a-b043-49c06e320521] Polling for 4 image item(s) (baseline=47, hasUpload=true)...
2026-09-05T07:39:28.559Z [ef57c7a7-120e-4dc1-92d8-f668dbac82a2][bb1fc585-f087-407a-b043-49c06e320521] Generating... 0 ready, 0 failed / 4 total (0s)
2026-09-05T07:39:30.743Z [39401a13-cecd-483d-92b2-33d908aa4767][bb1fc585-f087-407a-b043-49c06e320521] Generating... 0 ready, 0 failed / 4 total (54s)
2026-09-05T07:39:31.581Z [ef57c7a7-120e-4dc1-92d8-f668dbac82a2][bb1fc585-f087-407a-b043-49c06e320521] Generating... 0 ready, 0 failed / 4 total (3s)
2026-09-05T07:39:33.756Z [39401a13-cecd-483d-92b2-33d908aa4767][bb1fc585-f087-407a-b043-49c06e320521] Generating... 0 ready, 0 failed / 4 total (57s)
2026-09-05T07:39:34.601Z [ef57c7a7-120e-4dc1-92d8-f668dbac82a2][bb1fc585-f087-407a-b043-49c06e320521] Generating... 0 ready, 0 failed / 4 total (6s)
2026-09-05T07:39:36.768Z [39401a13-cecd-483d-92b2-33d908aa4767][bb1fc585-f087-407a-b043-49c06e320521] Generating... 0 ready, 0 failed / 4 total (60s)
2026-09-05T07:39:37.619Z [ef57c7a7-120e-4dc1-92d8-f668dbac82a2][bb1fc585-f087-407a-b043-49c06e320521] Generating... 0 ready, 0 failed / 4 total (9s)
2026-09-05T07:39:39.779Z [39401a13-cecd-483d-92b2-33d908aa4767][bb1fc585-f087-407a-b043-49c06e320521] Generating... 0 ready, 0 failed / 4 total (63s)
2026-09-05T07:39:40.637Z [ef57c7a7-120e-4dc1-92d8-f668dbac82a2][bb1fc585-f087-407a-b043-49c06e320521] Generating... 0 ready, 0 failed / 4 total (12s)
2026-09-05T07:39:42.794Z [39401a13-cecd-483d-92b2-33d908aa4767][bb1fc585-f087-407a-b043-49c06e320521] Generating... 0 ready, 0 failed / 4 total (66s)
2026-09-05T07:39:43.652Z [ef57c7a7-120e-4dc1-92d8-f668dbac82a2][bb1fc585-f087-407a-b043-49c06e320521] Generating... 0 ready, 0 failed / 4 total (15s)
2026-09-05T07:39:45.805Z [39401a13-cecd-483d-92b2-33d908aa4767][bb1fc585-f087-407a-b043-49c06e320521] Generating... 0 ready, 0 failed / 4 total (69s)
2026-09-05T07:39:45.816Z [90760ad6-e472-4b03-803d-26a0e0a1cd8f][bb1fc585-f087-407a-b043-49c06e320521] New project error: locator.waitFor: Timeout 20000ms exceeded.
Call log:
[2m  - waiting for locator('flow-projects-page button').filter({ hasText: /New project|Dự án mới/i }).first() to be visible[22m

2026-09-05T07:39:46.674Z [ef57c7a7-120e-4dc1-92d8-f668dbac82a2][bb1fc585-f087-407a-b043-49c06e320521] Generating... 0 ready, 0 failed / 4 total (18s)
2026-09-05T07:39:47.154Z [90760ad6-e472-4b03-803d-26a0e0a1cd8f][bb1fc585-f087-407a-b043-49c06e320521] dismissPopups: unresolved overlay(s) ["DIV[]|btns=","SPAN[]|btns="]
2026-09-05T07:39:48.822Z [39401a13-cecd-483d-92b2-33d908aa4767][bb1fc585-f087-407a-b043-49c06e320521] Generating... 0 ready, 0 failed / 4 total (72s)
2026-09-05T07:39:49.696Z [ef57c7a7-120e-4dc1-92d8-f668dbac82a2][bb1fc585-f087-407a-b043-49c06e320521] Generating... 0 ready, 0 failed / 4 total (21s)
2026-09-05T07:39:51.837Z [39401a13-cecd-483d-92b2-33d908aa4767][bb1fc585-f087-407a-b043-49c06e320521] Generating... 0 ready, 0 failed / 4 total (75s)
2026-09-05T07:39:52.718Z [ef57c7a7-120e-4dc1-92d8-f668dbac82a2][bb1fc585-f087-407a-b043-49c06e320521] Generating... 0 ready, 0 failed / 4 total (24s)
2026-09-05T07:39:53.104Z [e2908413-3959-4157-9586-05a032c6db7e][bb1fc585-f087-407a-b043-49c06e320521] Composer never appeared. url=https://flow.google.com/about tiles=0 editors=0
2026-09-05T07:39:53.105Z [e2908413-3959-4157-9586-05a032c6db7e][bb1fc585-f087-407a-b043-49c06e320521] Flow attempt 1/1 failed: Google Flow composer (prompt box) did not render — page may not have finished loading.
2026-09-05T07:39:53.105Z [e2908413-3959-4157-9586-05a032c6db7e][bb1fc585-f087-407a-b043-49c06e320521] runGeneration ERROR exception: Error: Google Flow composer (prompt box) did not render — page may not have finished loading.
    at runGoogleFlow (C:\snapshot\sidecar\dist\sidecar.cjs:7592:11)
    at async runGeneration (C:\snapshot\sidecar\dist\sidecar.cjs:8392:11)
    at async handleCommand (C:\snapshot\sidecar\dist\sidecar.cjs:6510:7)
    at async C:\snapshot\sidecar\dist\sidecar.cjs:6426:11
2026-09-05T07:39:53.789Z [1d365113-b84a-4694-b314-1437fe0d45a0][bb1fc585-f087-407a-b043-49c06e320521] runGeneration starting: task_id=1d365113-b84a-4694-b314-1437fe0d45a0, profile_id=bb1fc585-f087-407a-b043-49c06e320521, target_site=google_flow
2026-09-05T07:39:53.790Z [1d365113-b84a-4694-b314-1437fe0d45a0][bb1fc585-f087-407a-b043-49c06e320521] Opening Playwright browser with persistent profile cookies...
2026-09-05T07:39:53.791Z [1d365113-b84a-4694-b314-1437fe0d45a0][bb1fc585-f087-407a-b043-49c06e320521] Browser engine: winhide (C:\Users\Admin\AppData\Roaming\com.tank.winai\winhide\chrome.exe) [hidden off-screen]
2026-09-05T07:39:53.791Z [1d365113-b84a-4694-b314-1437fe0d45a0][bb1fc585-f087-407a-b043-49c06e320521] Launch mode: STEALTH (raw spawn + connectOverCDP)
2026-09-05T07:39:54.856Z [39401a13-cecd-483d-92b2-33d908aa4767][bb1fc585-f087-407a-b043-49c06e320521] Generating... 0 ready, 0 failed / 4 total (78s)
2026-09-05T07:39:55.450Z [1d365113-b84a-4694-b314-1437fe0d45a0][bb1fc585-f087-407a-b043-49c06e320521] Exit IP: 115.74.128.9
2026-09-05T07:39:55.450Z [1d365113-b84a-4694-b314-1437fe0d45a0][bb1fc585-f087-407a-b043-49c06e320521] Navigating browser to Google Flow tools page...
2026-09-05T07:39:55.450Z [1d365113-b84a-4694-b314-1437fe0d45a0][bb1fc585-f087-407a-b043-49c06e320521] Using existing project URL: https://flow.google.com/project/cae2bf2b-d1b8-40f9-a300-9f2aa6276ea5?hl=en
2026-09-05T07:39:55.742Z [ef57c7a7-120e-4dc1-92d8-f668dbac82a2][bb1fc585-f087-407a-b043-49c06e320521] Generating... 0 ready, 0 failed / 4 total (27s)
2026-09-05T07:39:56.219Z [1d365113-b84a-4694-b314-1437fe0d45a0][bb1fc585-f087-407a-b043-49c06e320521] Waiting for Google Flow...
2026-09-05T07:39:57.873Z [39401a13-cecd-483d-92b2-33d908aa4767][bb1fc585-f087-407a-b043-49c06e320521] Generating... 0 ready, 0 failed / 4 total (81s)
2026-09-05T07:39:58.354Z [1d365113-b84a-4694-b314-1437fe0d45a0][bb1fc585-f087-407a-b043-49c06e320521] Creating new project...
2026-09-05T07:39:58.776Z [ef57c7a7-120e-4dc1-92d8-f668dbac82a2][bb1fc585-f087-407a-b043-49c06e320521] Generating... 0 ready, 0 failed / 4 total (30s)
2026-09-05T07:40:00.899Z [39401a13-cecd-483d-92b2-33d908aa4767][bb1fc585-f087-407a-b043-49c06e320521] Generating... 0 ready, 0 failed / 4 total (85s)
2026-09-05T07:40:01.791Z [ef57c7a7-120e-4dc1-92d8-f668dbac82a2][bb1fc585-f087-407a-b043-49c06e320521] Generating... 0 ready, 0 failed / 4 total (33s)
2026-09-05T07:40:03.922Z [39401a13-cecd-483d-92b2-33d908aa4767][bb1fc585-f087-407a-b043-49c06e320521] Generating... 0 ready, 0 failed / 4 total (88s)
2026-09-05T07:40:04.800Z [ef57c7a7-120e-4dc1-92d8-f668dbac82a2][bb1fc585-f087-407a-b043-49c06e320521] Generating... 0 ready, 0 failed / 4 total (36s)
2026-09-05T07:40:06.936Z [39401a13-cecd-483d-92b2-33d908aa4767][bb1fc585-f087-407a-b043-49c06e320521] Generating... 0 ready, 0 failed / 4 total (91s)
2026-09-05T07:40:07.819Z [ef57c7a7-120e-4dc1-92d8-f668dbac82a2][bb1fc585-f087-407a-b043-49c06e320521] Generating... 0 ready, 0 failed / 4 total (39s)
2026-09-05T07:40:09.956Z [39401a13-cecd-483d-92b2-33d908aa4767][bb1fc585-f087-407a-b043-49c06e320521] Generating... 0 ready, 0 failed / 4 total (94s)
2026-09-05T07:40:10.831Z [ef57c7a7-120e-4dc1-92d8-f668dbac82a2][bb1fc585-f087-407a-b043-49c06e320521] Generating... 0 ready, 0 failed / 4 total (42s)
2026-09-05T07:40:12.172Z [90760ad6-e472-4b03-803d-26a0e0a1cd8f][bb1fc585-f087-407a-b043-49c06e320521] Composer never appeared. url=https://flow.google.com/about tiles=0 editors=0
2026-09-05T07:40:12.173Z [90760ad6-e472-4b03-803d-26a0e0a1cd8f][bb1fc585-f087-407a-b043-49c06e320521] Flow attempt 1/1 failed: Google Flow composer (prompt box) did not render — page may not have finished loading.
2026-09-05T07:40:12.173Z [90760ad6-e472-4b03-803d-26a0e0a1cd8f][bb1fc585-f087-407a-b043-49c06e320521] runGeneration ERROR exception: Error: Google Flow composer (prompt box) did not render — page may not have finished loading.
    at runGoogleFlow (C:\snapshot\sidecar\dist\sidecar.cjs:7592:11)
    at async runGeneration (C:\snapshot\sidecar\dist\sidecar.cjs:8392:11)
    at async handleCommand (C:\snapshot\sidecar\dist\sidecar.cjs:6510:7)
    at async C:\snapshot\sidecar\dist\sidecar.cjs:6426:11
2026-09-05T07:40:12.986Z [39401a13-cecd-483d-92b2-33d908aa4767][bb1fc585-f087-407a-b043-49c06e320521] Generating... 0 ready, 0 failed / 4 total (97s)
2026-09-05T07:40:13.067Z [f4d20a9f-021e-4989-b605-1d4a3e167e49][bb1fc585-f087-407a-b043-49c06e320521] runGeneration starting: task_id=f4d20a9f-021e-4989-b605-1d4a3e167e49, profile_id=bb1fc585-f087-407a-b043-49c06e320521, target_site=google_flow
2026-09-05T07:40:13.068Z [f4d20a9f-021e-4989-b605-1d4a3e167e49][bb1fc585-f087-407a-b043-49c06e320521] Opening Playwright browser with persistent profile cookies...
2026-09-05T07:40:13.068Z [f4d20a9f-021e-4989-b605-1d4a3e167e49][bb1fc585-f087-407a-b043-49c06e320521] Browser engine: winhide (C:\Users\Admin\AppData\Roaming\com.tank.winai\winhide\chrome.exe) [hidden off-screen]
2026-09-05T07:40:13.069Z [f4d20a9f-021e-4989-b605-1d4a3e167e49][bb1fc585-f087-407a-b043-49c06e320521] Launch mode: STEALTH (raw spawn + connectOverCDP)
2026-09-05T07:40:13.859Z [ef57c7a7-120e-4dc1-92d8-f668dbac82a2][bb1fc585-f087-407a-b043-49c06e320521] Generating... 0 ready, 0 failed / 4 total (45s)
2026-09-05T07:40:14.494Z [f4d20a9f-021e-4989-b605-1d4a3e167e49][bb1fc585-f087-407a-b043-49c06e320521] Exit IP: 115.74.128.9
2026-09-05T07:40:14.495Z [f4d20a9f-021e-4989-b605-1d4a3e167e49][bb1fc585-f087-407a-b043-49c06e320521] Navigating browser to Google Flow tools page...
2026-09-05T07:40:14.495Z [f4d20a9f-021e-4989-b605-1d4a3e167e49][bb1fc585-f087-407a-b043-49c06e320521] Using existing project URL: https://flow.google.com/project/c2a607c5-d833-4be1-8108-407b74d4ed85?hl=en
2026-09-05T07:40:15.224Z [f4d20a9f-021e-4989-b605-1d4a3e167e49][bb1fc585-f087-407a-b043-49c06e320521] Waiting for Google Flow...
2026-09-05T07:40:16.010Z [39401a13-cecd-483d-92b2-33d908aa4767][bb1fc585-f087-407a-b043-49c06e320521] Generating... 0 ready, 0 failed / 4 total (100s)
2026-09-05T07:40:16.870Z [ef57c7a7-120e-4dc1-92d8-f668dbac82a2][bb1fc585-f087-407a-b043-49c06e320521] Generating... 0 ready, 0 failed / 4 total (48s)
2026-09-05T07:40:17.716Z [f4d20a9f-021e-4989-b605-1d4a3e167e49][bb1fc585-f087-407a-b043-49c06e320521] Creating new project...
2026-09-05T07:40:18.361Z [1d365113-b84a-4694-b314-1437fe0d45a0][bb1fc585-f087-407a-b043-49c06e320521] New project error: locator.waitFor: Timeout 20000ms exceeded.
Call log:
[2m  - waiting for locator('flow-projects-page button').filter({ hasText: /New project|Dự án mới/i }).first() to be visible[22m

2026-09-05T07:40:19.037Z [39401a13-cecd-483d-92b2-33d908aa4767][bb1fc585-f087-407a-b043-49c06e320521] Generating... 0 ready, 0 failed / 4 total (103s)
2026-09-05T07:40:19.886Z [ef57c7a7-120e-4dc1-92d8-f668dbac82a2][bb1fc585-f087-407a-b043-49c06e320521] Generating... 0 ready, 0 failed / 4 total (51s)
2026-09-05T07:40:20.244Z [1d365113-b84a-4694-b314-1437fe0d45a0][bb1fc585-f087-407a-b043-49c06e320521] dismissPopups: unresolved overlay(s) ["DIV[]|btns=","SPAN[]|btns="]
2026-09-05T07:40:22.063Z [39401a13-cecd-483d-92b2-33d908aa4767][bb1fc585-f087-407a-b043-49c06e320521] Generating... 0 ready, 0 failed / 4 total (106s)
2026-09-05T07:40:22.901Z [ef57c7a7-120e-4dc1-92d8-f668dbac82a2][bb1fc585-f087-407a-b043-49c06e320521] Generating... 0 ready, 0 failed / 4 total (54s)
2026-09-05T07:40:25.081Z [39401a13-cecd-483d-92b2-33d908aa4767][bb1fc585-f087-407a-b043-49c06e320521] Generating... 0 ready, 0 failed / 4 total (109s)
2026-09-05T07:40:25.918Z [ef57c7a7-120e-4dc1-92d8-f668dbac82a2][bb1fc585-f087-407a-b043-49c06e320521] Generating... 0 ready, 0 failed / 4 total (57s)
2026-09-05T07:40:28.102Z [39401a13-cecd-483d-92b2-33d908aa4767][bb1fc585-f087-407a-b043-49c06e320521] Generating... 0 ready, 0 failed / 4 total (112s)
2026-09-05T07:40:28.929Z [ef57c7a7-120e-4dc1-92d8-f668dbac82a2][bb1fc585-f087-407a-b043-49c06e320521] Generating... 0 ready, 0 failed / 4 total (60s)
2026-09-05T07:40:31.122Z [39401a13-cecd-483d-92b2-33d908aa4767][bb1fc585-f087-407a-b043-49c06e320521] Generating... 0 ready, 0 failed / 4 total (115s)
2026-09-05T07:40:31.941Z [ef57c7a7-120e-4dc1-92d8-f668dbac82a2][bb1fc585-f087-407a-b043-49c06e320521] Generating... 0 ready, 0 failed / 4 total (63s)
2026-09-05T07:40:34.133Z [39401a13-cecd-483d-92b2-33d908aa4767][bb1fc585-f087-407a-b043-49c06e320521] Generating... 0 ready, 0 failed / 4 total (118s)
2026-09-05T07:40:34.959Z [ef57c7a7-120e-4dc1-92d8-f668dbac82a2][bb1fc585-f087-407a-b043-49c06e320521] Generating... 0 ready, 0 failed / 4 total (66s)
2026-09-05T07:40:37.150Z [39401a13-cecd-483d-92b2-33d908aa4767][bb1fc585-f087-407a-b043-49c06e320521] Generating... 0 ready, 0 failed / 4 total (121s)
2026-09-05T07:40:37.718Z [f4d20a9f-021e-4989-b605-1d4a3e167e49][bb1fc585-f087-407a-b043-49c06e320521] New project error: locator.waitFor: Timeout 20000ms exceeded.
Call log:
[2m  - waiting for locator('flow-projects-page button').filter({ hasText: /New project|Dự án mới/i }).first() to be visible[22m

2026-09-05T07:40:37.974Z [ef57c7a7-120e-4dc1-92d8-f668dbac82a2][bb1fc585-f087-407a-b043-49c06e320521] Generating... 0 ready, 0 failed / 4 total (69s)
2026-09-05T07:40:39.704Z [f4d20a9f-021e-4989-b605-1d4a3e167e49][bb1fc585-f087-407a-b043-49c06e320521] dismissPopups: unresolved overlay(s) ["DIV[]|btns=","SPAN[]|btns="]
2026-09-05T07:40:40.163Z [39401a13-cecd-483d-92b2-33d908aa4767][bb1fc585-f087-407a-b043-49c06e320521] Generating... 0 ready, 0 failed / 4 total (124s)
2026-09-05T07:40:40.995Z [ef57c7a7-120e-4dc1-92d8-f668dbac82a2][bb1fc585-f087-407a-b043-49c06e320521] Generating... 0 ready, 0 failed / 4 total (72s)
2026-09-05T07:40:43.176Z [39401a13-cecd-483d-92b2-33d908aa4767][bb1fc585-f087-407a-b043-49c06e320521] Generating... 0 ready, 0 failed / 4 total (127s)
2026-09-05T07:40:44.013Z [ef57c7a7-120e-4dc1-92d8-f668dbac82a2][bb1fc585-f087-407a-b043-49c06e320521] Generating... 0 ready, 0 failed / 4 total (75s)
2026-09-05T07:40:45.267Z [1d365113-b84a-4694-b314-1437fe0d45a0][bb1fc585-f087-407a-b043-49c06e320521] Composer never appeared. url=https://flow.google.com/about tiles=0 editors=0
2026-09-05T07:40:45.268Z [1d365113-b84a-4694-b314-1437fe0d45a0][bb1fc585-f087-407a-b043-49c06e320521] Flow attempt 1/1 failed: Google Flow composer (prompt box) did not render — page may not have finished loading.
2026-09-05T07:40:45.269Z [1d365113-b84a-4694-b314-1437fe0d45a0][bb1fc585-f087-407a-b043-49c06e320521] runGeneration ERROR exception: Error: Google Flow composer (prompt box) did not render — page may not have finished loading.
    at runGoogleFlow (C:\snapshot\sidecar\dist\sidecar.cjs:7592:11)
    at async runGeneration (C:\snapshot\sidecar\dist\sidecar.cjs:8392:11)
    at async handleCommand (C:\snapshot\sidecar\dist\sidecar.cjs:6510:7)
    at async C:\snapshot\sidecar\dist\sidecar.cjs:6426:11
2026-09-05T07:40:46.189Z [39401a13-cecd-483d-92b2-33d908aa4767][bb1fc585-f087-407a-b043-49c06e320521] Generating... 0 ready, 0 failed / 4 total (130s)
2026-09-05T07:40:46.534Z [807cb826-bc8e-4394-9d15-353ab670e71f][bb1fc585-f087-407a-b043-49c06e320521] runGeneration starting: task_id=807cb826-bc8e-4394-9d15-353ab670e71f, profile_id=bb1fc585-f087-407a-b043-49c06e320521, target_site=google_flow
2026-09-05T07:40:46.535Z [807cb826-bc8e-4394-9d15-353ab670e71f][bb1fc585-f087-407a-b043-49c06e320521] Opening Playwright browser with persistent profile cookies...
2026-09-05T07:40:46.535Z [807cb826-bc8e-4394-9d15-353ab670e71f][bb1fc585-f087-407a-b043-49c06e320521] Browser engine: winhide (C:\Users\Admin\AppData\Roaming\com.tank.winai\winhide\chrome.exe) [hidden off-screen]
2026-09-05T07:40:46.536Z [807cb826-bc8e-4394-9d15-353ab670e71f][bb1fc585-f087-407a-b043-49c06e320521] Launch mode: STEALTH (raw spawn + connectOverCDP)
2026-09-05T07:40:47.031Z [ef57c7a7-120e-4dc1-92d8-f668dbac82a2][bb1fc585-f087-407a-b043-49c06e320521] Generating... 0 ready, 0 failed / 4 total (78s)
2026-09-05T07:40:47.934Z [807cb826-bc8e-4394-9d15-353ab670e71f][bb1fc585-f087-407a-b043-49c06e320521] Exit IP: 115.74.128.9
2026-09-05T07:40:47.934Z [807cb826-bc8e-4394-9d15-353ab670e71f][bb1fc585-f087-407a-b043-49c06e320521] Navigating browser to Google Flow tools page...
2026-09-05T07:40:47.934Z [807cb826-bc8e-4394-9d15-353ab670e71f][bb1fc585-f087-407a-b043-49c06e320521] Using existing project URL: https://flow.google.com/project/cae2bf2b-d1b8-40f9-a300-9f2aa6276ea5?hl=en
2026-09-05T07:40:48.662Z [807cb826-bc8e-4394-9d15-353ab670e71f][bb1fc585-f087-407a-b043-49c06e320521] Waiting for Google Flow...
2026-09-05T07:40:49.207Z [39401a13-cecd-483d-92b2-33d908aa4767][bb1fc585-f087-407a-b043-49c06e320521] Generating... 0 ready, 0 failed / 4 total (133s)
2026-09-05T07:40:50.060Z [ef57c7a7-120e-4dc1-92d8-f668dbac82a2][bb1fc585-f087-407a-b043-49c06e320521] Generating... 0 ready, 0 failed / 4 total (82s)
2026-09-05T07:40:50.394Z [807cb826-bc8e-4394-9d15-353ab670e71f][bb1fc585-f087-407a-b043-49c06e320521] Creating new project...
2026-09-05T07:40:52.234Z [39401a13-cecd-483d-92b2-33d908aa4767][bb1fc585-f087-407a-b043-49c06e320521] Generating... 0 ready, 0 failed / 4 total (136s)
2026-09-05T07:40:53.073Z [ef57c7a7-120e-4dc1-92d8-f668dbac82a2][bb1fc585-f087-407a-b043-49c06e320521] Generating... 0 ready, 0 failed / 4 total (85s)
2026-09-05T07:40:55.253Z [39401a13-cecd-483d-92b2-33d908aa4767][bb1fc585-f087-407a-b043-49c06e320521] Generating... 0 ready, 0 failed / 4 total (139s)
2026-09-05T07:40:56.091Z [ef57c7a7-120e-4dc1-92d8-f668dbac82a2][bb1fc585-f087-407a-b043-49c06e320521] Generating... 0 ready, 0 failed / 4 total (88s)
2026-09-05T07:40:58.275Z [39401a13-cecd-483d-92b2-33d908aa4767][bb1fc585-f087-407a-b043-49c06e320521] Generating... 0 ready, 0 failed / 4 total (142s)
2026-09-05T07:40:59.115Z [ef57c7a7-120e-4dc1-92d8-f668dbac82a2][bb1fc585-f087-407a-b043-49c06e320521] Generating... 0 ready, 0 failed / 4 total (91s)
2026-09-05T07:41:01.299Z [39401a13-cecd-483d-92b2-33d908aa4767][bb1fc585-f087-407a-b043-49c06e320521] Generating... 0 ready, 0 failed / 4 total (145s)
2026-09-05T07:41:02.128Z [ef57c7a7-120e-4dc1-92d8-f668dbac82a2][bb1fc585-f087-407a-b043-49c06e320521] Generating... 0 ready, 0 failed / 4 total (94s)
2026-09-05T07:41:04.321Z [39401a13-cecd-483d-92b2-33d908aa4767][bb1fc585-f087-407a-b043-49c06e320521] Generating... 0 ready, 0 failed / 4 total (148s)
2026-09-05T07:41:04.721Z [f4d20a9f-021e-4989-b605-1d4a3e167e49][bb1fc585-f087-407a-b043-49c06e320521] Composer never appeared. url=https://flow.google.com/about tiles=0 editors=0
2026-09-05T07:41:04.722Z [f4d20a9f-021e-4989-b605-1d4a3e167e49][bb1fc585-f087-407a-b043-49c06e320521] Flow attempt 1/1 failed: Google Flow composer (prompt box) did not render — page may not have finished loading.
2026-09-05T07:41:04.722Z [f4d20a9f-021e-4989-b605-1d4a3e167e49][bb1fc585-f087-407a-b043-49c06e320521] runGeneration ERROR exception: Error: Google Flow composer (prompt box) did not render — page may not have finished loading.
    at runGoogleFlow (C:\snapshot\sidecar\dist\sidecar.cjs:7592:11)
    at async runGeneration (C:\snapshot\sidecar\dist\sidecar.cjs:8392:11)
    at async handleCommand (C:\snapshot\sidecar\dist\sidecar.cjs:6510:7)
    at async C:\snapshot\sidecar\dist\sidecar.cjs:6426:11
2026-09-05T07:41:05.149Z [ef57c7a7-120e-4dc1-92d8-f668dbac82a2][bb1fc585-f087-407a-b043-49c06e320521] Generating... 0 ready, 0 failed / 4 total (97s)
2026-09-05T07:41:07.345Z [39401a13-cecd-483d-92b2-33d908aa4767][bb1fc585-f087-407a-b043-49c06e320521] Generating... 0 ready, 0 failed / 4 total (151s)
2026-09-05T07:41:08.162Z [ef57c7a7-120e-4dc1-92d8-f668dbac82a2][bb1fc585-f087-407a-b043-49c06e320521] Generating... 0 ready, 0 failed / 4 total (100s)
2026-09-05T07:41:10.360Z [39401a13-cecd-483d-92b2-33d908aa4767][bb1fc585-f087-407a-b043-49c06e320521] Generating... 0 ready, 0 failed / 4 total (154s)
2026-09-05T07:41:10.405Z [807cb826-bc8e-4394-9d15-353ab670e71f][bb1fc585-f087-407a-b043-49c06e320521] New project error: locator.waitFor: Timeout 20000ms exceeded.
Call log:
[2m  - waiting for locator('flow-projects-page button').filter({ hasText: /New project|Dự án mới/i }).first() to be visible[22m

2026-09-05T07:41:11.178Z [ef57c7a7-120e-4dc1-92d8-f668dbac82a2][bb1fc585-f087-407a-b043-49c06e320521] Generating... 0 ready, 0 failed / 4 total (103s)
2026-09-05T07:41:11.935Z [807cb826-bc8e-4394-9d15-353ab670e71f][bb1fc585-f087-407a-b043-49c06e320521] dismissPopups: unresolved overlay(s) ["DIV[]|btns=","SPAN[]|btns="]
2026-09-05T07:41:13.373Z [39401a13-cecd-483d-92b2-33d908aa4767][bb1fc585-f087-407a-b043-49c06e320521] Generating... 0 ready, 0 failed / 4 total (157s)
2026-09-05T07:41:14.193Z [ef57c7a7-120e-4dc1-92d8-f668dbac82a2][bb1fc585-f087-407a-b043-49c06e320521] Generating... 0 ready, 0 failed / 4 total (106s)
2026-09-05T07:41:16.397Z [39401a13-cecd-483d-92b2-33d908aa4767][bb1fc585-f087-407a-b043-49c06e320521] Generating... 0 ready, 0 failed / 4 total (160s)
2026-09-05T07:41:17.216Z [ef57c7a7-120e-4dc1-92d8-f668dbac82a2][bb1fc585-f087-407a-b043-49c06e320521] Generating... 0 ready, 0 failed / 4 total (109s)
2026-09-05T07:41:19.412Z [39401a13-cecd-483d-92b2-33d908aa4767][bb1fc585-f087-407a-b043-49c06e320521] Generating... 0 ready, 0 failed / 4 total (163s)
2026-09-05T07:41:20.233Z [ef57c7a7-120e-4dc1-92d8-f668dbac82a2][bb1fc585-f087-407a-b043-49c06e320521] Generating... 0 ready, 0 failed / 4 total (112s)
2026-09-05T07:41:22.433Z [39401a13-cecd-483d-92b2-33d908aa4767][bb1fc585-f087-407a-b043-49c06e320521] Generating... 0 ready, 0 failed / 4 total (166s)
2026-09-05T07:41:23.252Z [ef57c7a7-120e-4dc1-92d8-f668dbac82a2][bb1fc585-f087-407a-b043-49c06e320521] Generating... 0 ready, 0 failed / 4 total (115s)
2026-09-05T07:41:25.445Z [39401a13-cecd-483d-92b2-33d908aa4767][bb1fc585-f087-407a-b043-49c06e320521] Generating... 0 ready, 0 failed / 4 total (169s)
2026-09-05T07:41:26.266Z [ef57c7a7-120e-4dc1-92d8-f668dbac82a2][bb1fc585-f087-407a-b043-49c06e320521] Generating... 0 ready, 0 failed / 4 total (118s)
2026-09-05T07:41:28.465Z [39401a13-cecd-483d-92b2-33d908aa4767][bb1fc585-f087-407a-b043-49c06e320521] Generating... 0 ready, 0 failed / 4 total (172s)
2026-09-05T07:41:29.283Z [ef57c7a7-120e-4dc1-92d8-f668dbac82a2][bb1fc585-f087-407a-b043-49c06e320521] Generating... 0 ready, 0 failed / 4 total (121s)
2026-09-05T07:41:31.482Z [39401a13-cecd-483d-92b2-33d908aa4767][bb1fc585-f087-407a-b043-49c06e320521] Generating... 0 ready, 0 failed / 4 total (175s)
2026-09-05T07:41:32.300Z [ef57c7a7-120e-4dc1-92d8-f668dbac82a2][bb1fc585-f087-407a-b043-49c06e320521] Generating... 0 ready, 0 failed / 4 total (124s)
2026-09-05T07:41:34.506Z [39401a13-cecd-483d-92b2-33d908aa4767][bb1fc585-f087-407a-b043-49c06e320521] Generating... 0 ready, 0 failed / 4 total (178s)
2026-09-05T07:41:35.314Z [ef57c7a7-120e-4dc1-92d8-f668dbac82a2][bb1fc585-f087-407a-b043-49c06e320521] Generating... 0 ready, 0 failed / 4 total (127s)
2026-09-05T07:41:36.967Z [807cb826-bc8e-4394-9d15-353ab670e71f][bb1fc585-f087-407a-b043-49c06e320521] Composer never appeared. url=https://flow.google.com/about tiles=0 editors=0
2026-09-05T07:41:36.967Z [807cb826-bc8e-4394-9d15-353ab670e71f][bb1fc585-f087-407a-b043-49c06e320521] Flow attempt 1/1 failed: Google Flow composer (prompt box) did not render — page may not have finished loading.
2026-09-05T07:41:36.967Z [807cb826-bc8e-4394-9d15-353ab670e71f][bb1fc585-f087-407a-b043-49c06e320521] runGeneration ERROR exception: Error: Google Flow composer (prompt box) did not render — page may not have finished loading.
    at runGoogleFlow (C:\snapshot\sidecar\dist\sidecar.cjs:7592:11)
    at async runGeneration (C:\snapshot\sidecar\dist\sidecar.cjs:8392:11)
    at async handleCommand (C:\snapshot\sidecar\dist\sidecar.cjs:6510:7)
    at async C:\snapshot\sidecar\dist\sidecar.cjs:6426:11
2026-09-05T07:41:37.510Z [39401a13-cecd-483d-92b2-33d908aa4767][bb1fc585-f087-407a-b043-49c06e320521] Flow attempt 1/1 failed: Workspace items did not appear after 181s. Are you logged in?
2026-09-05T07:41:37.510Z [39401a13-cecd-483d-92b2-33d908aa4767][bb1fc585-f087-407a-b043-49c06e320521] runGeneration ERROR exception: Error: Workspace items did not appear after 181s. Are you logged in?
    at runGoogleFlow (C:\snapshot\sidecar\dist\sidecar.cjs:8086:11)
    at async runGeneration (C:\snapshot\sidecar\dist\sidecar.cjs:8392:11)
    at async handleCommand (C:\snapshot\sidecar\dist\sidecar.cjs:6510:7)
    at async C:\snapshot\sidecar\dist\sidecar.cjs:6426:11
2026-09-05T07:41:38.335Z [ef57c7a7-120e-4dc1-92d8-f668dbac82a2][bb1fc585-f087-407a-b043-49c06e320521] Generating... 0 ready, 0 failed / 4 total (130s)
2026-09-05T07:41:41.360Z [ef57c7a7-120e-4dc1-92d8-f668dbac82a2][bb1fc585-f087-407a-b043-49c06e320521] Generating... 0 ready, 0 failed / 4 total (133s)
2026-09-05T07:41:44.374Z [ef57c7a7-120e-4dc1-92d8-f668dbac82a2][bb1fc585-f087-407a-b043-49c06e320521] Generating... 0 ready, 0 failed / 4 total (136s)
2026-09-05T07:41:47.395Z [ef57c7a7-120e-4dc1-92d8-f668dbac82a2][bb1fc585-f087-407a-b043-49c06e320521] Generating... 0 ready, 0 failed / 4 total (139s)
2026-09-05T07:41:50.414Z [ef57c7a7-120e-4dc1-92d8-f668dbac82a2][bb1fc585-f087-407a-b043-49c06e320521] Generating... 0 ready, 0 failed / 4 total (142s)
2026-09-05T07:41:53.438Z [ef57c7a7-120e-4dc1-92d8-f668dbac82a2][bb1fc585-f087-407a-b043-49c06e320521] Generating... 0 ready, 0 failed / 4 total (145s)
2026-09-05T07:41:56.449Z [ef57c7a7-120e-4dc1-92d8-f668dbac82a2][bb1fc585-f087-407a-b043-49c06e320521] Generating... 0 ready, 0 failed / 4 total (148s)
2026-09-05T07:41:59.468Z [ef57c7a7-120e-4dc1-92d8-f668dbac82a2][bb1fc585-f087-407a-b043-49c06e320521] Generating... 0 ready, 0 failed / 4 total (151s)
2026-09-05T07:42:02.490Z [ef57c7a7-120e-4dc1-92d8-f668dbac82a2][bb1fc585-f087-407a-b043-49c06e320521] Generating... 0 ready, 0 failed / 4 total (154s)