=== WINAI TELEMETRY LOG ===
PC: DESKTOP-RBMQ7JR | User: MienTrungComputer
Time: 2026-09-05T22:24:20.105742100+07:00
Reason: batch_finished_image
Lines: 3000
===========================

2026-09-05T13:57:21.597Z [84ab2c27-8798-4931-81af-2f3bda48fc28][fdfbd39c-aa59-4b23-a3ac-5f2ddfb5b1b8] Ref image 3/9: saved 585044 bytes (image/jpeg) as "Arlo Family Inflatable Pool Progress Set.jpeg"
2026-09-05T13:57:21.605Z [84ab2c27-8798-4931-81af-2f3bda48fc28][fdfbd39c-aa59-4b23-a3ac-5f2ddfb5b1b8] Ref image 3/9: attaching reference image...
2026-09-05T13:57:23.973Z [84ab2c27-8798-4931-81af-2f3bda48fc28][fdfbd39c-aa59-4b23-a3ac-5f2ddfb5b1b8] Ref image 3/9: reusing library asset "Arlo Family Inflatable Pool Progress Set.jpeg" (no re-upload).
2026-09-05T13:57:27.356Z [84ab2c27-8798-4931-81af-2f3bda48fc28][fdfbd39c-aa59-4b23-a3ac-5f2ddfb5b1b8] Ref image 3/9: chips 2→3 ✓
2026-09-05T13:57:28.978Z [84ab2c27-8798-4931-81af-2f3bda48fc28][fdfbd39c-aa59-4b23-a3ac-5f2ddfb5b1b8] Ref image 4/9: downloading from URL...
2026-09-05T13:57:29.336Z [84ab2c27-8798-4931-81af-2f3bda48fc28][fdfbd39c-aa59-4b23-a3ac-5f2ddfb5b1b8] Ref image 4/9: saved 673531 bytes (image/jpeg) as "Color Pool Water State Set.jpeg"
2026-09-05T13:57:29.341Z [84ab2c27-8798-4931-81af-2f3bda48fc28][fdfbd39c-aa59-4b23-a3ac-5f2ddfb5b1b8] Ref image 4/9: attaching reference image...
2026-09-05T13:57:31.272Z [84ab2c27-8798-4931-81af-2f3bda48fc28][fdfbd39c-aa59-4b23-a3ac-5f2ddfb5b1b8] Ref image 4/9: reusing library asset "Color Pool Water State Set.jpeg" (no re-upload).
2026-09-05T13:57:34.341Z [84ab2c27-8798-4931-81af-2f3bda48fc28][fdfbd39c-aa59-4b23-a3ac-5f2ddfb5b1b8] Ref image 4/9: chips 3→4 ✓
2026-09-05T13:57:35.341Z [84ab2c27-8798-4931-81af-2f3bda48fc28][fdfbd39c-aa59-4b23-a3ac-5f2ddfb5b1b8] Ref image 5/9: downloading from URL...
2026-09-05T13:57:35.953Z [84ab2c27-8798-4931-81af-2f3bda48fc28][fdfbd39c-aa59-4b23-a3ac-5f2ddfb5b1b8] Ref image 5/9: saved 542888 bytes (image/jpeg) as "Colorful Pool Slide Blue Protective Mat Set.jpeg"
2026-09-05T13:57:35.958Z [84ab2c27-8798-4931-81af-2f3bda48fc28][fdfbd39c-aa59-4b23-a3ac-5f2ddfb5b1b8] Ref image 5/9: attaching reference image...
2026-09-05T13:57:37.956Z [84ab2c27-8798-4931-81af-2f3bda48fc28][fdfbd39c-aa59-4b23-a3ac-5f2ddfb5b1b8] Ref image 5/9: "Colorful Pool Slide Blue Protective Mat Set.jpeg" not in the library yet — uploading it first.
2026-09-05T13:57:42.117Z [84ab2c27-8798-4931-81af-2f3bda48fc28][fdfbd39c-aa59-4b23-a3ac-5f2ddfb5b1b8] Ref image 5/9: uploading "Colorful Pool Slide Blue Protective Mat Set.jpeg" to the project library...
2026-09-05T13:57:43.033Z [84ab2c27-8798-4931-81af-2f3bda48fc28][fdfbd39c-aa59-4b23-a3ac-5f2ddfb5b1b8] Ref image 5/9: upload finished ✓
2026-09-05T13:57:53.810Z [84ab2c27-8798-4931-81af-2f3bda48fc28][fdfbd39c-aa59-4b23-a3ac-5f2ddfb5b1b8] Ref image 5/9: chips 4→5 ✓
2026-09-05T13:57:55.245Z [84ab2c27-8798-4931-81af-2f3bda48fc28][fdfbd39c-aa59-4b23-a3ac-5f2ddfb5b1b8] Ref image 6/9: downloading from URL...
2026-09-05T13:57:55.620Z [84ab2c27-8798-4931-81af-2f3bda48fc28][fdfbd39c-aa59-4b23-a3ac-5f2ddfb5b1b8] Ref image 6/9: saved 525462 bytes (image/jpeg) as "Red White Pool Divider Rope.jpeg"
2026-09-05T13:57:55.633Z [84ab2c27-8798-4931-81af-2f3bda48fc28][fdfbd39c-aa59-4b23-a3ac-5f2ddfb5b1b8] Ref image 6/9: attaching reference image...
2026-09-05T13:57:57.982Z [84ab2c27-8798-4931-81af-2f3bda48fc28][fdfbd39c-aa59-4b23-a3ac-5f2ddfb5b1b8] Ref image 6/9: reusing library asset "Red White Pool Divider Rope.jpeg" (no re-upload).
2026-09-05T13:58:01.962Z [84ab2c27-8798-4931-81af-2f3bda48fc28][fdfbd39c-aa59-4b23-a3ac-5f2ddfb5b1b8] Ref image 6/9: chips 5→6 ✓
2026-09-05T13:58:03.522Z [84ab2c27-8798-4931-81af-2f3bda48fc28][fdfbd39c-aa59-4b23-a3ac-5f2ddfb5b1b8] Ref image 7/9: downloading from URL...
2026-09-05T13:58:03.854Z [84ab2c27-8798-4931-81af-2f3bda48fc28][fdfbd39c-aa59-4b23-a3ac-5f2ddfb5b1b8] Ref image 7/9: saved 417477 bytes (image/jpeg) as "Yellow Duck Pool Float.jpeg"
2026-09-05T13:58:03.862Z [84ab2c27-8798-4931-81af-2f3bda48fc28][fdfbd39c-aa59-4b23-a3ac-5f2ddfb5b1b8] Ref image 7/9: attaching reference image...
2026-09-05T13:58:06.065Z [84ab2c27-8798-4931-81af-2f3bda48fc28][fdfbd39c-aa59-4b23-a3ac-5f2ddfb5b1b8] Ref image 7/9: reusing library asset "Yellow Duck Pool Float.jpeg" (no re-upload).
2026-09-05T13:58:09.669Z [84ab2c27-8798-4931-81af-2f3bda48fc28][fdfbd39c-aa59-4b23-a3ac-5f2ddfb5b1b8] Ref image 7/9: chips 6→7 ✓
2026-09-05T13:58:11.002Z [84ab2c27-8798-4931-81af-2f3bda48fc28][fdfbd39c-aa59-4b23-a3ac-5f2ddfb5b1b8] Ref image 8/9: downloading from URL...
2026-09-05T13:58:11.332Z [84ab2c27-8798-4931-81af-2f3bda48fc28][fdfbd39c-aa59-4b23-a3ac-5f2ddfb5b1b8] Ref image 8/9: saved 329162 bytes (image/jpeg) as "Pink Flamingo Pool Float.jpeg"
2026-09-05T13:58:11.340Z [84ab2c27-8798-4931-81af-2f3bda48fc28][fdfbd39c-aa59-4b23-a3ac-5f2ddfb5b1b8] Ref image 8/9: attaching reference image...
2026-09-05T13:58:13.776Z [84ab2c27-8798-4931-81af-2f3bda48fc28][fdfbd39c-aa59-4b23-a3ac-5f2ddfb5b1b8] Ref image 8/9: reusing library asset "Pink Flamingo Pool Float.jpeg" (no re-upload).
2026-09-05T13:58:17.075Z [84ab2c27-8798-4931-81af-2f3bda48fc28][fdfbd39c-aa59-4b23-a3ac-5f2ddfb5b1b8] Ref image 8/9: chips 7→8 ✓
2026-09-05T13:58:18.789Z [84ab2c27-8798-4931-81af-2f3bda48fc28][fdfbd39c-aa59-4b23-a3ac-5f2ddfb5b1b8] Ref image 9/9: downloading from URL...
2026-09-05T13:58:19.139Z [84ab2c27-8798-4931-81af-2f3bda48fc28][fdfbd39c-aa59-4b23-a3ac-5f2ddfb5b1b8] Ref image 9/9: saved 487812 bytes (image/jpeg) as "Eight Blue Pink Pool Balls Set.jpeg"
2026-09-05T13:58:19.143Z [84ab2c27-8798-4931-81af-2f3bda48fc28][fdfbd39c-aa59-4b23-a3ac-5f2ddfb5b1b8] Ref image 9/9: attaching reference image...
2026-09-05T13:58:21.319Z [84ab2c27-8798-4931-81af-2f3bda48fc28][fdfbd39c-aa59-4b23-a3ac-5f2ddfb5b1b8] Ref image 9/9: reusing library asset "Eight Blue Pink Pool Balls Set.jpeg" (no re-upload).
2026-09-05T13:58:24.954Z [84ab2c27-8798-4931-81af-2f3bda48fc28][fdfbd39c-aa59-4b23-a3ac-5f2ddfb5b1b8] Ref image 9/9: chips 8→9 ✓
2026-09-05T13:58:24.973Z [84ab2c27-8798-4931-81af-2f3bda48fc28][fdfbd39c-aa59-4b23-a3ac-5f2ddfb5b1b8] Entering prompt...
2026-09-05T13:58:27.085Z [84ab2c27-8798-4931-81af-2f3bda48fc28][fdfbd39c-aa59-4b23-a3ac-5f2ddfb5b1b8] Prompt is 2218 chars — typing it in 26 chunk(s).
2026-09-05T13:58:38.410Z [84ab2c27-8798-4931-81af-2f3bda48fc28][fdfbd39c-aa59-4b23-a3ac-5f2ddfb5b1b8] Prompt insert attempt 1: editor has 2085 chars (want ~2212) ✓
2026-09-05T13:58:40.329Z [84ab2c27-8798-4931-81af-2f3bda48fc28][fdfbd39c-aa59-4b23-a3ac-5f2ddfb5b1b8] Baseline: 27 pre-existing media tile(s) of 27 mounted (kinds: image,image,image,image,image,image,image,image,image,image,image,image,image,image,image,image,image,image,image,image,image,image,image,image,image,image,image).
2026-09-05T13:58:42.575Z [84ab2c27-8798-4931-81af-2f3bda48fc28][fdfbd39c-aa59-4b23-a3ac-5f2ddfb5b1b8] [submit] confirmed (editor "What do you want to ", fresh tile=true).
2026-09-05T13:58:43.276Z [84ab2c27-8798-4931-81af-2f3bda48fc28][fdfbd39c-aa59-4b23-a3ac-5f2ddfb5b1b8] Current Workspace project URL: https://flow.google.com/project/390215dc-290f-4b92-a7f0-dd2b6651acfb?hl=en
2026-09-05T13:58:43.278Z [84ab2c27-8798-4931-81af-2f3bda48fc28][fdfbd39c-aa59-4b23-a3ac-5f2ddfb5b1b8] Submitted ✓ Detecting batch size...
2026-09-05T13:58:43.313Z [84ab2c27-8798-4931-81af-2f3bda48fc28][fdfbd39c-aa59-4b23-a3ac-5f2ddfb5b1b8] New tile(s) since submit: 0 → 4 (mounted=27)
2026-09-05T13:58:47.494Z [84ab2c27-8798-4931-81af-2f3bda48fc28][fdfbd39c-aa59-4b23-a3ac-5f2ddfb5b1b8] Batch size stabilised at 4 new tile(s)
2026-09-05T13:58:47.497Z [84ab2c27-8798-4931-81af-2f3bda48fc28][fdfbd39c-aa59-4b23-a3ac-5f2ddfb5b1b8] Batch detected: 4 item(s). Generating...
2026-09-05T13:58:47.499Z [84ab2c27-8798-4931-81af-2f3bda48fc28][fdfbd39c-aa59-4b23-a3ac-5f2ddfb5b1b8] Polling for 4 image item(s) (baseline=27, hasUpload=true)...
2026-09-05T13:58:47.519Z [84ab2c27-8798-4931-81af-2f3bda48fc28][fdfbd39c-aa59-4b23-a3ac-5f2ddfb5b1b8] Generating... 0 ready, 0 failed / 4 total (0s) image 35% [NHÂN VẬT] image 35% [NHÂN VẬT] image 35% [NHÂN VẬT] image 35% [NHÂN VẬT]
2026-09-05T13:58:50.541Z [84ab2c27-8798-4931-81af-2f3bda48fc28][fdfbd39c-aa59-4b23-a3ac-5f2ddfb5b1b8] Generating... 0 ready, 0 failed / 4 total (3s) image 55% [NHÂN VẬT] image 55% [NHÂN VẬT] image 55% [NHÂN VẬT] image 55% [NHÂN VẬT]
2026-09-05T13:58:53.568Z [84ab2c27-8798-4931-81af-2f3bda48fc28][fdfbd39c-aa59-4b23-a3ac-5f2ddfb5b1b8] Generating... 0 ready, 0 failed / 4 total (6s) image 75% [NHÂN VẬT] image 75% [NHÂN VẬT] image 75% [NHÂN VẬT] image 75% [NHÂN VẬT]
2026-09-05T13:58:56.596Z [84ab2c27-8798-4931-81af-2f3bda48fc28][fdfbd39c-aa59-4b23-a3ac-5f2ddfb5b1b8] Generating... 0 ready, 0 failed / 4 total (9s) image 95% [NHÂN VẬT] image 95% [NHÂN VẬT] image 95% [NHÂN VẬT] image 95% [NHÂN VẬT]
2026-09-05T13:58:59.636Z [84ab2c27-8798-4931-81af-2f3bda48fc28][fdfbd39c-aa59-4b23-a3ac-5f2ddfb5b1b8] Generating... 0 ready, 0 failed / 4 total (12s) image 99% [NHÂN VẬT] image 99% [NHÂN VẬT] image 99% [NHÂN VẬT] image 99% [NHÂN VẬT]
2026-09-05T13:59:02.668Z [84ab2c27-8798-4931-81af-2f3bda48fc28][fdfbd39c-aa59-4b23-a3ac-5f2ddfb5b1b8] Generating... 0 ready, 0 failed / 4 total (15s) image 99% [NHÂN VẬT] image 99% [NHÂN VẬT] image 99% [NHÂN VẬT] image 99% [NHÂN VẬT]
2026-09-05T13:59:05.686Z [84ab2c27-8798-4931-81af-2f3bda48fc28][fdfbd39c-aa59-4b23-a3ac-5f2ddfb5b1b8] Generating... 0 ready, 0 failed / 4 total (18s) image 99% [NHÂN VẬT] image 99% [NHÂN VẬT] image 99% [NHÂN VẬT] image 99% [NHÂN VẬT]
2026-09-05T13:59:08.717Z [84ab2c27-8798-4931-81af-2f3bda48fc28][fdfbd39c-aa59-4b23-a3ac-5f2ddfb5b1b8] Generating... 0 ready, 0 failed / 4 total (21s) image 99% [NHÂN VẬT] image 99% [NHÂN VẬT] image 99% [NHÂN VẬT] image 99% [NHÂN VẬT]
2026-09-05T13:59:11.736Z [84ab2c27-8798-4931-81af-2f3bda48fc28][fdfbd39c-aa59-4b23-a3ac-5f2ddfb5b1b8] Generating... 0 ready, 0 failed / 4 total (24s) image 99% [NHÂN VẬT] image 99% [NHÂN VẬT] image 99% [NHÂN VẬT] image 99% [NHÂN VẬT]
2026-09-05T13:59:14.764Z [84ab2c27-8798-4931-81af-2f3bda48fc28][fdfbd39c-aa59-4b23-a3ac-5f2ddfb5b1b8] Generating... 0 ready, 0 failed / 4 total (27s) image 99% [NHÂN VẬT] image 99% [NHÂN VẬT] image 99% [NHÂN VẬT] image 99% [NHÂN VẬT]
2026-09-05T13:59:17.796Z [84ab2c27-8798-4931-81af-2f3bda48fc28][fdfbd39c-aa59-4b23-a3ac-5f2ddfb5b1b8] Generating... 0 ready, 0 failed / 4 total (30s) image 99% [NHÂN VẬT] image 99% [NHÂN VẬT] image 99% [NHÂN VẬT] image 99% [NHÂN VẬT]
2026-09-05T13:59:20.822Z [84ab2c27-8798-4931-81af-2f3bda48fc28][fdfbd39c-aa59-4b23-a3ac-5f2ddfb5b1b8] Generating... 0 ready, 0 failed / 4 total (33s) image 99% [NHÂN VẬT] image 99% [NHÂN VẬT] image 99% [NHÂN VẬT] image 99% [NHÂN VẬT]
2026-09-05T13:59:23.844Z [84ab2c27-8798-4931-81af-2f3bda48fc28][fdfbd39c-aa59-4b23-a3ac-5f2ddfb5b1b8] Generating... 0 ready, 0 failed / 4 total (36s) image 99% [NHÂN VẬT] image 99% [NHÂN VẬT] image 99% [NHÂN VẬT] image 99% [NHÂN VẬT]
2026-09-05T13:59:26.874Z [84ab2c27-8798-4931-81af-2f3bda48fc28][fdfbd39c-aa59-4b23-a3ac-5f2ddfb5b1b8] Generating... 0 ready, 0 failed / 4 total (39s) image 99% [NHÂN VẬT] image 99% [NHÂN VẬT] image 100% [NHÂN VẬT image 99% [NHÂN VẬT]
2026-09-05T13:59:29.911Z [84ab2c27-8798-4931-81af-2f3bda48fc28][fdfbd39c-aa59-4b23-a3ac-5f2ddfb5b1b8] Generating... 1 ready, 0 failed / 4 total (42s) image 100% [NHÂN VẬT image 99% [NHÂN VẬT] image 99% [NHÂN VẬT]
2026-09-05T13:59:32.930Z [84ab2c27-8798-4931-81af-2f3bda48fc28][fdfbd39c-aa59-4b23-a3ac-5f2ddfb5b1b8] Generating... 1 ready, 0 failed / 4 total (45s) [NHÂN VẬT]Arlo, Ness [NHÂN VẬT]Arlo, Ness [NHÂN VẬT]Arlo, Ness
2026-09-05T13:59:35.941Z [84ab2c27-8798-4931-81af-2f3bda48fc28][fdfbd39c-aa59-4b23-a3ac-5f2ddfb5b1b8] Generating... 4 ready, 0 failed / 4 total (48s)
2026-09-05T13:59:35.941Z [84ab2c27-8798-4931-81af-2f3bda48fc28][fdfbd39c-aa59-4b23-a3ac-5f2ddfb5b1b8] Batch done: 4 ready (target 4), 0 failed, scanned 4.
2026-09-05T13:59:35.941Z [84ab2c27-8798-4931-81af-2f3bda48fc28][fdfbd39c-aa59-4b23-a3ac-5f2ddfb5b1b8] 4 item(s) ready! Downloading...
2026-09-05T13:59:35.943Z [84ab2c27-8798-4931-81af-2f3bda48fc28][fdfbd39c-aa59-4b23-a3ac-5f2ddfb5b1b8] Item 1: Downloading from URL https://flow-content.google/image/f3091687-f51e-495c-bbec-73508353826a?Expires=1788638324&KeyName=labs-flow-prod-cdn-key&Signature=x2SY5FUJB1rtcTIaHW8kICdN78Q
2026-09-05T13:59:36.303Z [84ab2c27-8798-4931-81af-2f3bda48fc28][fdfbd39c-aa59-4b23-a3ac-5f2ddfb5b1b8] Downloaded 1/4: winai_2026-09-05T13-59-35_01.jpg
2026-09-05T13:59:36.305Z [84ab2c27-8798-4931-81af-2f3bda48fc28][fdfbd39c-aa59-4b23-a3ac-5f2ddfb5b1b8] Item 2: Downloading from URL https://flow-content.google/image/776944e7-31cc-4e65-b11a-e12392f91e6a?Expires=1788638323&KeyName=labs-flow-prod-cdn-key&Signature=p3sZGT5-b4_2FRILL-7NAahw2dI
2026-09-05T13:59:36.416Z [84ab2c27-8798-4931-81af-2f3bda48fc28][fdfbd39c-aa59-4b23-a3ac-5f2ddfb5b1b8] Downloaded 2/4: winai_2026-09-05T13-59-35_02.jpg
2026-09-05T13:59:36.418Z [84ab2c27-8798-4931-81af-2f3bda48fc28][fdfbd39c-aa59-4b23-a3ac-5f2ddfb5b1b8] Item 3: Downloading from URL https://flow-content.google/image/9e11e482-d8ee-4b21-9e32-aa68b6f90dc9?Expires=1788638322&KeyName=labs-flow-prod-cdn-key&Signature=UmvPNOvchlzKZ14JkFI_pOsyBCY
2026-09-05T13:59:36.522Z [84ab2c27-8798-4931-81af-2f3bda48fc28][fdfbd39c-aa59-4b23-a3ac-5f2ddfb5b1b8] Downloaded 3/4: winai_2026-09-05T13-59-35_03.jpg
2026-09-05T13:59:36.522Z [84ab2c27-8798-4931-81af-2f3bda48fc28][fdfbd39c-aa59-4b23-a3ac-5f2ddfb5b1b8] Item 4: Downloading from URL https://flow-content.google/image/1423458c-fd86-4241-af14-09bd8fd924e1?Expires=1788638321&KeyName=labs-flow-prod-cdn-key&Signature=UXRicxbStBrPDJkTyOoKml9ZCTw
2026-09-05T13:59:36.624Z [84ab2c27-8798-4931-81af-2f3bda48fc28][fdfbd39c-aa59-4b23-a3ac-5f2ddfb5b1b8] Downloaded 4/4: winai_2026-09-05T13-59-35_04.jpg
2026-09-05T13:59:36.625Z [84ab2c27-8798-4931-81af-2f3bda48fc28][fdfbd39c-aa59-4b23-a3ac-5f2ddfb5b1b8] ✅ 4 item(s) saved to Downloads/Win AI Toolkit/
2026-09-05T13:59:36.863Z [0eba9fe3-7f8c-4e8d-9e43-b37eead41152][fdfbd39c-aa59-4b23-a3ac-5f2ddfb5b1b8] runGeneration starting: task_id=0eba9fe3-7f8c-4e8d-9e43-b37eead41152, profile_id=fdfbd39c-aa59-4b23-a3ac-5f2ddfb5b1b8, target_site=google_flow
2026-09-05T13:59:36.864Z [0eba9fe3-7f8c-4e8d-9e43-b37eead41152][fdfbd39c-aa59-4b23-a3ac-5f2ddfb5b1b8] Opening Playwright browser with persistent profile cookies...
2026-09-05T13:59:36.864Z [0eba9fe3-7f8c-4e8d-9e43-b37eead41152][fdfbd39c-aa59-4b23-a3ac-5f2ddfb5b1b8] Browser engine: winhide (C:\Users\MienTrungComputer\AppData\Roaming\com.tank.winai\winhide\chrome.exe) [hidden off-screen]
2026-09-05T13:59:36.865Z [0eba9fe3-7f8c-4e8d-9e43-b37eead41152][fdfbd39c-aa59-4b23-a3ac-5f2ddfb5b1b8] Launch mode: STEALTH (raw spawn + connectOverCDP)
2026-09-05T13:59:37.207Z [84ab2c27-8798-4931-81af-2f3bda48fc28][fdfbd39c-aa59-4b23-a3ac-5f2ddfb5b1b8] Item 4: Uploaded → https://studio.xanhmedia.vn/uploads/2026-09/1788616776210_0e9565_fdfbd39c-aa59-4b23-a3ac-5f2ddfb5b1b8_84a.jpg
2026-09-05T13:59:37.255Z [84ab2c27-8798-4931-81af-2f3bda48fc28][fdfbd39c-aa59-4b23-a3ac-5f2ddfb5b1b8] Item 1: Uploaded → https://studio.xanhmedia.vn/uploads/2026-09/1788616776258_83f44c_fdfbd39c-aa59-4b23-a3ac-5f2ddfb5b1b8_84a.jpg
2026-09-05T13:59:37.290Z [84ab2c27-8798-4931-81af-2f3bda48fc28][fdfbd39c-aa59-4b23-a3ac-5f2ddfb5b1b8] Item 2: Uploaded → https://studio.xanhmedia.vn/uploads/2026-09/1788616776288_2eb316_fdfbd39c-aa59-4b23-a3ac-5f2ddfb5b1b8_84a.jpg
2026-09-05T13:59:37.296Z [84ab2c27-8798-4931-81af-2f3bda48fc28][fdfbd39c-aa59-4b23-a3ac-5f2ddfb5b1b8] Item 3: Uploaded → https://studio.xanhmedia.vn/uploads/2026-09/1788616776285_c12b9c_fdfbd39c-aa59-4b23-a3ac-5f2ddfb5b1b8_84a.jpg
2026-09-05T13:59:37.301Z [84ab2c27-8798-4931-81af-2f3bda48fc28][fdfbd39c-aa59-4b23-a3ac-5f2ddfb5b1b8] All done (including any 1080p upgrades). Closing Playwright browser context.
2026-09-05T13:59:39.442Z [0eba9fe3-7f8c-4e8d-9e43-b37eead41152][fdfbd39c-aa59-4b23-a3ac-5f2ddfb5b1b8] Exit IP: 125.212.158.158
2026-09-05T13:59:39.443Z [0eba9fe3-7f8c-4e8d-9e43-b37eead41152][fdfbd39c-aa59-4b23-a3ac-5f2ddfb5b1b8] Navigating browser to Google Flow tools page...
2026-09-05T13:59:39.443Z [0eba9fe3-7f8c-4e8d-9e43-b37eead41152][fdfbd39c-aa59-4b23-a3ac-5f2ddfb5b1b8] Using existing project URL: https://flow.google.com/project/390215dc-290f-4b92-a7f0-dd2b6651acfb?hl=en
2026-09-05T13:59:40.567Z [0eba9fe3-7f8c-4e8d-9e43-b37eead41152][fdfbd39c-aa59-4b23-a3ac-5f2ddfb5b1b8] Waiting for Google Flow...
2026-09-05T13:59:42.124Z [0eba9fe3-7f8c-4e8d-9e43-b37eead41152][fdfbd39c-aa59-4b23-a3ac-5f2ddfb5b1b8] In existing project ✓
2026-09-05T13:59:43.136Z [0eba9fe3-7f8c-4e8d-9e43-b37eead41152][fdfbd39c-aa59-4b23-a3ac-5f2ddfb5b1b8] dismissPopups: unresolved overlay(s) ["IFRAME[presentation]|btns="]
2026-09-05T13:59:45.835Z [0eba9fe3-7f8c-4e8d-9e43-b37eead41152][fdfbd39c-aa59-4b23-a3ac-5f2ddfb5b1b8] Composer ready ✓ (UI language: en)
2026-09-05T13:59:45.908Z [0eba9fe3-7f8c-4e8d-9e43-b37eead41152][fdfbd39c-aa59-4b23-a3ac-5f2ddfb5b1b8] dismissPopups: clicked "Dismiss credit banner" (overlay)
2026-09-05T13:59:46.438Z [0eba9fe3-7f8c-4e8d-9e43-b37eead41152][fdfbd39c-aa59-4b23-a3ac-5f2ddfb5b1b8] dismissPopups: unresolved overlay(s) ["DIV[]|btns=","DIV[]|btns="]
2026-09-05T13:59:46.460Z [0eba9fe3-7f8c-4e8d-9e43-b37eead41152][fdfbd39c-aa59-4b23-a3ac-5f2ddfb5b1b8] Agent toggle aria-pressed=false
2026-09-05T13:59:46.462Z [0eba9fe3-7f8c-4e8d-9e43-b37eead41152][fdfbd39c-aa59-4b23-a3ac-5f2ddfb5b1b8] Opening settings...
2026-09-05T13:59:48.703Z [0eba9fe3-7f8c-4e8d-9e43-b37eead41152][fdfbd39c-aa59-4b23-a3ac-5f2ddfb5b1b8] Configuring image settings...
2026-09-05T13:59:50.606Z [0eba9fe3-7f8c-4e8d-9e43-b37eead41152][fdfbd39c-aa59-4b23-a3ac-5f2ddfb5b1b8] Mode: selected "image Image" ✓
2026-09-05T13:59:55.206Z [0eba9fe3-7f8c-4e8d-9e43-b37eead41152][fdfbd39c-aa59-4b23-a3ac-5f2ddfb5b1b8] Model: selected "🍌 Nano Banana 2" ✓
2026-09-05T13:59:55.773Z [0eba9fe3-7f8c-4e8d-9e43-b37eead41152][fdfbd39c-aa59-4b23-a3ac-5f2ddfb5b1b8] Aspect ratio: "crop_16_9 16:9" already selected ✓
2026-09-05T13:59:57.567Z [0eba9fe3-7f8c-4e8d-9e43-b37eead41152][fdfbd39c-aa59-4b23-a3ac-5f2ddfb5b1b8] Output count: selected "x4" ✓
2026-09-05T13:59:58.651Z [0eba9fe3-7f8c-4e8d-9e43-b37eead41152][fdfbd39c-aa59-4b23-a3ac-5f2ddfb5b1b8] Ref image 1/7: downloading from URL...
2026-09-05T13:59:58.975Z [0eba9fe3-7f8c-4e8d-9e43-b37eead41152][fdfbd39c-aa59-4b23-a3ac-5f2ddfb5b1b8] Downloader: no-proxy request context ready.
2026-09-05T13:59:59.520Z [0eba9fe3-7f8c-4e8d-9e43-b37eead41152][fdfbd39c-aa59-4b23-a3ac-5f2ddfb5b1b8] Ref image 1/7: saved 566164 bytes (image/jpeg) as "Arlo Vale Color Pool War Swim.jpeg"
2026-09-05T13:59:59.530Z [0eba9fe3-7f8c-4e8d-9e43-b37eead41152][fdfbd39c-aa59-4b23-a3ac-5f2ddfb5b1b8] Ref image 1/7: attaching reference image...
2026-09-05T14:00:02.001Z [0eba9fe3-7f8c-4e8d-9e43-b37eead41152][fdfbd39c-aa59-4b23-a3ac-5f2ddfb5b1b8] Ref image 1/7: reusing library asset "Arlo Vale Color Pool War Swim.jpeg" (no re-upload).
2026-09-05T14:00:05.174Z [0eba9fe3-7f8c-4e8d-9e43-b37eead41152][fdfbd39c-aa59-4b23-a3ac-5f2ddfb5b1b8] Ref image 1/7: chips 0→1 ✓
2026-09-05T14:00:06.604Z [0eba9fe3-7f8c-4e8d-9e43-b37eead41152][fdfbd39c-aa59-4b23-a3ac-5f2ddfb5b1b8] Ref image 2/7: downloading from URL...
2026-09-05T14:00:07.574Z [0eba9fe3-7f8c-4e8d-9e43-b37eead41152][fdfbd39c-aa59-4b23-a3ac-5f2ddfb5b1b8] Ref image 2/7: saved 648250 bytes (image/jpeg) as "Nessa Vale Color Pool War Swim.jpeg"
2026-09-05T14:00:07.578Z [0eba9fe3-7f8c-4e8d-9e43-b37eead41152][fdfbd39c-aa59-4b23-a3ac-5f2ddfb5b1b8] Ref image 2/7: attaching reference image...
2026-09-05T14:00:09.860Z [0eba9fe3-7f8c-4e8d-9e43-b37eead41152][fdfbd39c-aa59-4b23-a3ac-5f2ddfb5b1b8] Ref image 2/7: reusing library asset "Nessa Vale Color Pool War Swim.jpeg" (no re-upload).
2026-09-05T14:00:13.434Z [0eba9fe3-7f8c-4e8d-9e43-b37eead41152][fdfbd39c-aa59-4b23-a3ac-5f2ddfb5b1b8] Ref image 2/7: chips 1→2 ✓
2026-09-05T14:00:15.150Z [0eba9fe3-7f8c-4e8d-9e43-b37eead41152][fdfbd39c-aa59-4b23-a3ac-5f2ddfb5b1b8] Ref image 3/7: downloading from URL...
2026-09-05T14:00:15.520Z [0eba9fe3-7f8c-4e8d-9e43-b37eead41152][fdfbd39c-aa59-4b23-a3ac-5f2ddfb5b1b8] Ref image 3/7: saved 585044 bytes (image/jpeg) as "Arlo Family Inflatable Pool Progress Set.jpeg"
2026-09-05T14:00:15.528Z [0eba9fe3-7f8c-4e8d-9e43-b37eead41152][fdfbd39c-aa59-4b23-a3ac-5f2ddfb5b1b8] Ref image 3/7: attaching reference image...
2026-09-05T14:00:17.355Z [0eba9fe3-7f8c-4e8d-9e43-b37eead41152][fdfbd39c-aa59-4b23-a3ac-5f2ddfb5b1b8] Ref image 3/7: reusing library asset "Arlo Family Inflatable Pool Progress Set.jpeg" (no re-upload).
2026-09-05T14:00:21.065Z [0eba9fe3-7f8c-4e8d-9e43-b37eead41152][fdfbd39c-aa59-4b23-a3ac-5f2ddfb5b1b8] Ref image 3/7: chips 2→3 ✓
2026-09-05T14:00:22.171Z [0eba9fe3-7f8c-4e8d-9e43-b37eead41152][fdfbd39c-aa59-4b23-a3ac-5f2ddfb5b1b8] Ref image 4/7: downloading from URL...
2026-09-05T14:00:23.710Z [0eba9fe3-7f8c-4e8d-9e43-b37eead41152][fdfbd39c-aa59-4b23-a3ac-5f2ddfb5b1b8] Ref image 4/7: saved 673531 bytes (image/jpeg) as "Color Pool Water State Set.jpeg"
2026-09-05T14:00:23.739Z [0eba9fe3-7f8c-4e8d-9e43-b37eead41152][fdfbd39c-aa59-4b23-a3ac-5f2ddfb5b1b8] Ref image 4/7: attaching reference image...
2026-09-05T14:00:25.961Z [0eba9fe3-7f8c-4e8d-9e43-b37eead41152][fdfbd39c-aa59-4b23-a3ac-5f2ddfb5b1b8] Ref image 4/7: reusing library asset "Color Pool Water State Set.jpeg" (no re-upload).
2026-09-05T14:00:29.485Z [0eba9fe3-7f8c-4e8d-9e43-b37eead41152][fdfbd39c-aa59-4b23-a3ac-5f2ddfb5b1b8] Ref image 4/7: chips 3→4 ✓
2026-09-05T14:00:30.500Z [0eba9fe3-7f8c-4e8d-9e43-b37eead41152][fdfbd39c-aa59-4b23-a3ac-5f2ddfb5b1b8] Ref image 5/7: downloading from URL...
2026-09-05T14:00:30.846Z [0eba9fe3-7f8c-4e8d-9e43-b37eead41152][fdfbd39c-aa59-4b23-a3ac-5f2ddfb5b1b8] Ref image 5/7: saved 525462 bytes (image/jpeg) as "Red White Pool Divider Rope.jpeg"
2026-09-05T14:00:30.851Z [0eba9fe3-7f8c-4e8d-9e43-b37eead41152][fdfbd39c-aa59-4b23-a3ac-5f2ddfb5b1b8] Ref image 5/7: attaching reference image...
2026-09-05T14:00:32.904Z [0eba9fe3-7f8c-4e8d-9e43-b37eead41152][fdfbd39c-aa59-4b23-a3ac-5f2ddfb5b1b8] Ref image 5/7: reusing library asset "Red White Pool Divider Rope.jpeg" (no re-upload).
2026-09-05T14:00:36.744Z [0eba9fe3-7f8c-4e8d-9e43-b37eead41152][fdfbd39c-aa59-4b23-a3ac-5f2ddfb5b1b8] Ref image 5/7: chips 4→5 ✓
2026-09-05T14:00:38.124Z [0eba9fe3-7f8c-4e8d-9e43-b37eead41152][fdfbd39c-aa59-4b23-a3ac-5f2ddfb5b1b8] Ref image 6/7: downloading from URL...
2026-09-05T14:00:38.763Z [0eba9fe3-7f8c-4e8d-9e43-b37eead41152][fdfbd39c-aa59-4b23-a3ac-5f2ddfb5b1b8] Ref image 6/7: saved 243977 bytes (image/jpeg) as "Pink Water Gun.jpeg"
2026-09-05T14:00:38.770Z [0eba9fe3-7f8c-4e8d-9e43-b37eead41152][fdfbd39c-aa59-4b23-a3ac-5f2ddfb5b1b8] Ref image 6/7: attaching reference image...
2026-09-05T14:00:41.124Z [0eba9fe3-7f8c-4e8d-9e43-b37eead41152][fdfbd39c-aa59-4b23-a3ac-5f2ddfb5b1b8] Ref image 6/7: "Pink Water Gun.jpeg" not in the library yet — uploading it first.
2026-09-05T14:00:45.205Z [0eba9fe3-7f8c-4e8d-9e43-b37eead41152][fdfbd39c-aa59-4b23-a3ac-5f2ddfb5b1b8] Ref image 6/7: uploading "Pink Water Gun.jpeg" to the project library...
2026-09-05T14:00:46.154Z [0eba9fe3-7f8c-4e8d-9e43-b37eead41152][fdfbd39c-aa59-4b23-a3ac-5f2ddfb5b1b8] Ref image 6/7: upload finished ✓
2026-09-05T14:00:56.137Z [0eba9fe3-7f8c-4e8d-9e43-b37eead41152][fdfbd39c-aa59-4b23-a3ac-5f2ddfb5b1b8] Ref image 6/7: chips 5→6 ✓
2026-09-05T14:00:57.261Z [0eba9fe3-7f8c-4e8d-9e43-b37eead41152][fdfbd39c-aa59-4b23-a3ac-5f2ddfb5b1b8] Ref image 7/7: downloading from URL...
2026-09-05T14:00:57.606Z [0eba9fe3-7f8c-4e8d-9e43-b37eead41152][fdfbd39c-aa59-4b23-a3ac-5f2ddfb5b1b8] Ref image 7/7: saved 329162 bytes (image/jpeg) as "Pink Flamingo Pool Float.jpeg"
2026-09-05T14:00:57.620Z [0eba9fe3-7f8c-4e8d-9e43-b37eead41152][fdfbd39c-aa59-4b23-a3ac-5f2ddfb5b1b8] Ref image 7/7: attaching reference image...
2026-09-05T14:01:00.192Z [0eba9fe3-7f8c-4e8d-9e43-b37eead41152][fdfbd39c-aa59-4b23-a3ac-5f2ddfb5b1b8] Ref image 7/7: reusing library asset "Pink Flamingo Pool Float.jpeg" (no re-upload).
2026-09-05T14:01:03.992Z [0eba9fe3-7f8c-4e8d-9e43-b37eead41152][fdfbd39c-aa59-4b23-a3ac-5f2ddfb5b1b8] Ref image 7/7: chips 6→7 ✓
2026-09-05T14:01:04.011Z [0eba9fe3-7f8c-4e8d-9e43-b37eead41152][fdfbd39c-aa59-4b23-a3ac-5f2ddfb5b1b8] Entering prompt...
2026-09-05T14:01:06.078Z [0eba9fe3-7f8c-4e8d-9e43-b37eead41152][fdfbd39c-aa59-4b23-a3ac-5f2ddfb5b1b8] Prompt is 2116 chars — typing it in 26 chunk(s).
2026-09-05T14:01:18.704Z [0eba9fe3-7f8c-4e8d-9e43-b37eead41152][fdfbd39c-aa59-4b23-a3ac-5f2ddfb5b1b8] Prompt insert attempt 1: editor has 1983 chars (want ~2110) ✓
2026-09-05T14:01:20.780Z [0eba9fe3-7f8c-4e8d-9e43-b37eead41152][fdfbd39c-aa59-4b23-a3ac-5f2ddfb5b1b8] Baseline: 27 pre-existing media tile(s) of 27 mounted (kinds: image,image,image,image,image,image,image,image,image,image,image,image,image,image,image,image,image,image,image,image,image,image,image,image,image,image,image).
2026-09-05T14:01:22.660Z [0eba9fe3-7f8c-4e8d-9e43-b37eead41152][fdfbd39c-aa59-4b23-a3ac-5f2ddfb5b1b8] [submit] confirmed (editor "What do you want to ", fresh tile=true).
2026-09-05T14:01:23.105Z [0eba9fe3-7f8c-4e8d-9e43-b37eead41152][fdfbd39c-aa59-4b23-a3ac-5f2ddfb5b1b8] Current Workspace project URL: https://flow.google.com/project/390215dc-290f-4b92-a7f0-dd2b6651acfb?hl=en
2026-09-05T14:01:23.108Z [0eba9fe3-7f8c-4e8d-9e43-b37eead41152][fdfbd39c-aa59-4b23-a3ac-5f2ddfb5b1b8] Submitted ✓ Detecting batch size...
2026-09-05T14:01:23.140Z [0eba9fe3-7f8c-4e8d-9e43-b37eead41152][fdfbd39c-aa59-4b23-a3ac-5f2ddfb5b1b8] New tile(s) since submit: 0 → 4 (mounted=27)
2026-09-05T14:01:27.526Z [0eba9fe3-7f8c-4e8d-9e43-b37eead41152][fdfbd39c-aa59-4b23-a3ac-5f2ddfb5b1b8] Batch size stabilised at 4 new tile(s)
2026-09-05T14:01:27.526Z [0eba9fe3-7f8c-4e8d-9e43-b37eead41152][fdfbd39c-aa59-4b23-a3ac-5f2ddfb5b1b8] Batch detected: 4 item(s). Generating...
2026-09-05T14:01:27.528Z [0eba9fe3-7f8c-4e8d-9e43-b37eead41152][fdfbd39c-aa59-4b23-a3ac-5f2ddfb5b1b8] Polling for 4 image item(s) (baseline=27, hasUpload=true)...
2026-09-05T14:01:27.557Z [0eba9fe3-7f8c-4e8d-9e43-b37eead41152][fdfbd39c-aa59-4b23-a3ac-5f2ddfb5b1b8] Generating... 0 ready, 0 failed / 4 total (0s) image 34% [NHÂN VẬT] image 34% [NHÂN VẬT] image 34% [NHÂN VẬT] image 34% [NHÂN VẬT]
2026-09-05T14:01:30.580Z [0eba9fe3-7f8c-4e8d-9e43-b37eead41152][fdfbd39c-aa59-4b23-a3ac-5f2ddfb5b1b8] Generating... 0 ready, 0 failed / 4 total (3s) image 54% [NHÂN VẬT] image 54% [NHÂN VẬT] image 54% [NHÂN VẬT] image 54% [NHÂN VẬT]
2026-09-05T14:01:33.602Z [0eba9fe3-7f8c-4e8d-9e43-b37eead41152][fdfbd39c-aa59-4b23-a3ac-5f2ddfb5b1b8] Generating... 0 ready, 0 failed / 4 total (6s) image 75% [NHÂN VẬT] image 75% [NHÂN VẬT] image 75% [NHÂN VẬT] image 75% [NHÂN VẬT]
2026-09-05T14:01:36.622Z [0eba9fe3-7f8c-4e8d-9e43-b37eead41152][fdfbd39c-aa59-4b23-a3ac-5f2ddfb5b1b8] Generating... 0 ready, 0 failed / 4 total (9s) image 95% [NHÂN VẬT] image 95% [NHÂN VẬT] image 95% [NHÂN VẬT] image 95% [NHÂN VẬT]
2026-09-05T14:01:39.650Z [0eba9fe3-7f8c-4e8d-9e43-b37eead41152][fdfbd39c-aa59-4b23-a3ac-5f2ddfb5b1b8] Generating... 0 ready, 0 failed / 4 total (12s) image 99% [NHÂN VẬT] image 99% [NHÂN VẬT] image 99% [NHÂN VẬT] image 99% [NHÂN VẬT]
2026-09-05T14:01:42.672Z [0eba9fe3-7f8c-4e8d-9e43-b37eead41152][fdfbd39c-aa59-4b23-a3ac-5f2ddfb5b1b8] Generating... 0 ready, 0 failed / 4 total (15s) image 99% [NHÂN VẬT] image 99% [NHÂN VẬT] image 99% [NHÂN VẬT] image 99% [NHÂN VẬT]
2026-09-05T14:01:45.702Z [0eba9fe3-7f8c-4e8d-9e43-b37eead41152][fdfbd39c-aa59-4b23-a3ac-5f2ddfb5b1b8] Generating... 0 ready, 0 failed / 4 total (18s) image 99% [NHÂN VẬT] image 99% [NHÂN VẬT] image 99% [NHÂN VẬT] image 99% [NHÂN VẬT]
2026-09-05T14:01:48.733Z [0eba9fe3-7f8c-4e8d-9e43-b37eead41152][fdfbd39c-aa59-4b23-a3ac-5f2ddfb5b1b8] Generating... 0 ready, 0 failed / 4 total (21s) image 99% [NHÂN VẬT] image 99% [NHÂN VẬT] image 99% [NHÂN VẬT] image 99% [NHÂN VẬT]
2026-09-05T14:01:51.751Z [0eba9fe3-7f8c-4e8d-9e43-b37eead41152][fdfbd39c-aa59-4b23-a3ac-5f2ddfb5b1b8] Generating... 0 ready, 0 failed / 4 total (24s) image 99% [NHÂN VẬT] image 99% [NHÂN VẬT] image 99% [NHÂN VẬT] image 99% [NHÂN VẬT]
2026-09-05T14:01:54.781Z [0eba9fe3-7f8c-4e8d-9e43-b37eead41152][fdfbd39c-aa59-4b23-a3ac-5f2ddfb5b1b8] Generating... 0 ready, 0 failed / 4 total (27s) image 99% [NHÂN VẬT] image 99% [NHÂN VẬT] image 99% [NHÂN VẬT] image 99% [NHÂN VẬT]
2026-09-05T14:01:57.808Z [0eba9fe3-7f8c-4e8d-9e43-b37eead41152][fdfbd39c-aa59-4b23-a3ac-5f2ddfb5b1b8] Generating... 0 ready, 0 failed / 4 total (30s) image 99% [NHÂN VẬT] image 99% [NHÂN VẬT] image 99% [NHÂN VẬT] [NHÂN VẬT]Arlo, Ness
2026-09-05T14:02:00.849Z [0eba9fe3-7f8c-4e8d-9e43-b37eead41152][fdfbd39c-aa59-4b23-a3ac-5f2ddfb5b1b8] Generating... 1 ready, 0 failed / 4 total (33s) image 99% [NHÂN VẬT] image 99% [NHÂN VẬT] image 99% [NHÂN VẬT]
2026-09-05T14:02:03.885Z [0eba9fe3-7f8c-4e8d-9e43-b37eead41152][fdfbd39c-aa59-4b23-a3ac-5f2ddfb5b1b8] Generating... 1 ready, 0 failed / 4 total (36s) [NHÂN VẬT]Arlo, Ness image 99% [NHÂN VẬT] image 99% [NHÂN VẬT]
2026-09-05T14:02:06.929Z [0eba9fe3-7f8c-4e8d-9e43-b37eead41152][fdfbd39c-aa59-4b23-a3ac-5f2ddfb5b1b8] Generating... 2 ready, 0 failed / 4 total (39s) image 99% [NHÂN VẬT] image 100% [NHÂN VẬT
2026-09-05T14:02:09.964Z [0eba9fe3-7f8c-4e8d-9e43-b37eead41152][fdfbd39c-aa59-4b23-a3ac-5f2ddfb5b1b8] Generating... 2 ready, 0 failed / 4 total (42s) [NHÂN VẬT]Arlo, Ness [NHÂN VẬT]Arlo, Ness
2026-09-05T14:02:12.994Z [0eba9fe3-7f8c-4e8d-9e43-b37eead41152][fdfbd39c-aa59-4b23-a3ac-5f2ddfb5b1b8] Generating... 4 ready, 0 failed / 4 total (45s)
2026-09-05T14:02:12.994Z [0eba9fe3-7f8c-4e8d-9e43-b37eead41152][fdfbd39c-aa59-4b23-a3ac-5f2ddfb5b1b8] Batch done: 4 ready (target 4), 0 failed, scanned 4.
2026-09-05T14:02:12.995Z [0eba9fe3-7f8c-4e8d-9e43-b37eead41152][fdfbd39c-aa59-4b23-a3ac-5f2ddfb5b1b8] 4 item(s) ready! Downloading...
2026-09-05T14:02:12.996Z [0eba9fe3-7f8c-4e8d-9e43-b37eead41152][fdfbd39c-aa59-4b23-a3ac-5f2ddfb5b1b8] Item 1: Downloading from URL https://flow-content.google/image/a247a8c4-fb89-44a2-918c-50adb1ae0bab?Expires=1788638484&KeyName=labs-flow-prod-cdn-key&Signature=QS6QbsUHkRaQvLWv8b1WY3YagKU
2026-09-05T14:02:13.283Z [0eba9fe3-7f8c-4e8d-9e43-b37eead41152][fdfbd39c-aa59-4b23-a3ac-5f2ddfb5b1b8] Downloaded 1/4: winai_2026-09-05T14-02-12_01.jpg
2026-09-05T14:02:13.284Z [0eba9fe3-7f8c-4e8d-9e43-b37eead41152][fdfbd39c-aa59-4b23-a3ac-5f2ddfb5b1b8] Item 2: Downloading from URL https://flow-content.google/image/91a1c934-6265-463f-9597-fc8f21f92fb7?Expires=1788638483&KeyName=labs-flow-prod-cdn-key&Signature=rGThsa8hgqdIt31mxb7QC7Wr530
2026-09-05T14:02:13.389Z [0eba9fe3-7f8c-4e8d-9e43-b37eead41152][fdfbd39c-aa59-4b23-a3ac-5f2ddfb5b1b8] Downloaded 2/4: winai_2026-09-05T14-02-12_02.jpg
2026-09-05T14:02:13.391Z [0eba9fe3-7f8c-4e8d-9e43-b37eead41152][fdfbd39c-aa59-4b23-a3ac-5f2ddfb5b1b8] Item 3: Downloading from URL https://flow-content.google/image/b3d9d042-30a3-4a9f-a019-5478804b5969?Expires=1788638482&KeyName=labs-flow-prod-cdn-key&Signature=mSx85d4MA3UcLnw2b82CzB3P_r0
2026-09-05T14:02:13.498Z [0eba9fe3-7f8c-4e8d-9e43-b37eead41152][fdfbd39c-aa59-4b23-a3ac-5f2ddfb5b1b8] Downloaded 3/4: winai_2026-09-05T14-02-12_03.jpg
2026-09-05T14:02:13.499Z [0eba9fe3-7f8c-4e8d-9e43-b37eead41152][fdfbd39c-aa59-4b23-a3ac-5f2ddfb5b1b8] Item 4: Downloading from URL https://flow-content.google/image/5f76e89d-6cfa-4a4b-94e5-fe175ea4f733?Expires=1788638481&KeyName=labs-flow-prod-cdn-key&Signature=IPv_AZqnK4ElsEIgEugwj1ET9ho
2026-09-05T14:02:13.627Z [0eba9fe3-7f8c-4e8d-9e43-b37eead41152][fdfbd39c-aa59-4b23-a3ac-5f2ddfb5b1b8] Downloaded 4/4: winai_2026-09-05T14-02-12_04.jpg
2026-09-05T14:02:13.628Z [0eba9fe3-7f8c-4e8d-9e43-b37eead41152][fdfbd39c-aa59-4b23-a3ac-5f2ddfb5b1b8] ✅ 4 item(s) saved to Downloads/Win AI Toolkit/
2026-09-05T14:02:13.837Z [d6e3d64c-20c0-452b-8c58-6a9d4734b8db][fdfbd39c-aa59-4b23-a3ac-5f2ddfb5b1b8] runGeneration starting: task_id=d6e3d64c-20c0-452b-8c58-6a9d4734b8db, profile_id=fdfbd39c-aa59-4b23-a3ac-5f2ddfb5b1b8, target_site=google_flow
2026-09-05T14:02:13.839Z [d6e3d64c-20c0-452b-8c58-6a9d4734b8db][fdfbd39c-aa59-4b23-a3ac-5f2ddfb5b1b8] Opening Playwright browser with persistent profile cookies...
2026-09-05T14:02:13.841Z [d6e3d64c-20c0-452b-8c58-6a9d4734b8db][fdfbd39c-aa59-4b23-a3ac-5f2ddfb5b1b8] Browser engine: winhide (C:\Users\MienTrungComputer\AppData\Roaming\com.tank.winai\winhide\chrome.exe) [hidden off-screen]
2026-09-05T14:02:13.843Z [d6e3d64c-20c0-452b-8c58-6a9d4734b8db][fdfbd39c-aa59-4b23-a3ac-5f2ddfb5b1b8] Launch mode: STEALTH (raw spawn + connectOverCDP)
2026-09-05T14:02:14.166Z [0eba9fe3-7f8c-4e8d-9e43-b37eead41152][fdfbd39c-aa59-4b23-a3ac-5f2ddfb5b1b8] Item 1: Uploaded → https://studio.xanhmedia.vn/uploads/2026-09/1788616933170_519af0_fdfbd39c-aa59-4b23-a3ac-5f2ddfb5b1b8_0eb.jpg
2026-09-05T14:02:14.212Z [0eba9fe3-7f8c-4e8d-9e43-b37eead41152][fdfbd39c-aa59-4b23-a3ac-5f2ddfb5b1b8] Item 3: Uploaded → https://studio.xanhmedia.vn/uploads/2026-09/1788616933209_b2ad1d_fdfbd39c-aa59-4b23-a3ac-5f2ddfb5b1b8_0eb.jpg
2026-09-05T14:02:14.215Z [0eba9fe3-7f8c-4e8d-9e43-b37eead41152][fdfbd39c-aa59-4b23-a3ac-5f2ddfb5b1b8] Item 2: Uploaded → https://studio.xanhmedia.vn/uploads/2026-09/1788616933217_2192e3_fdfbd39c-aa59-4b23-a3ac-5f2ddfb5b1b8_0eb.jpg
2026-09-05T14:02:14.286Z [0eba9fe3-7f8c-4e8d-9e43-b37eead41152][fdfbd39c-aa59-4b23-a3ac-5f2ddfb5b1b8] Item 4: Uploaded → https://studio.xanhmedia.vn/uploads/2026-09/1788616933282_81006c_fdfbd39c-aa59-4b23-a3ac-5f2ddfb5b1b8_0eb.jpg
2026-09-05T14:02:14.292Z [0eba9fe3-7f8c-4e8d-9e43-b37eead41152][fdfbd39c-aa59-4b23-a3ac-5f2ddfb5b1b8] All done (including any 1080p upgrades). Closing Playwright browser context.
2026-09-05T14:02:16.264Z [d6e3d64c-20c0-452b-8c58-6a9d4734b8db][fdfbd39c-aa59-4b23-a3ac-5f2ddfb5b1b8] Exit IP: 125.212.158.158
2026-09-05T14:02:16.265Z [d6e3d64c-20c0-452b-8c58-6a9d4734b8db][fdfbd39c-aa59-4b23-a3ac-5f2ddfb5b1b8] Navigating browser to Google Flow tools page...
2026-09-05T14:02:16.266Z [d6e3d64c-20c0-452b-8c58-6a9d4734b8db][fdfbd39c-aa59-4b23-a3ac-5f2ddfb5b1b8] Using existing project URL: https://flow.google.com/project/390215dc-290f-4b92-a7f0-dd2b6651acfb?hl=en
2026-09-05T14:02:17.305Z [d6e3d64c-20c0-452b-8c58-6a9d4734b8db][fdfbd39c-aa59-4b23-a3ac-5f2ddfb5b1b8] Waiting for Google Flow...
2026-09-05T14:02:19.007Z [d6e3d64c-20c0-452b-8c58-6a9d4734b8db][fdfbd39c-aa59-4b23-a3ac-5f2ddfb5b1b8] In existing project ✓
2026-09-05T14:02:20.219Z [d6e3d64c-20c0-452b-8c58-6a9d4734b8db][fdfbd39c-aa59-4b23-a3ac-5f2ddfb5b1b8] dismissPopups: unresolved overlay(s) ["IFRAME[presentation]|btns="]
2026-09-05T14:02:21.869Z [d6e3d64c-20c0-452b-8c58-6a9d4734b8db][fdfbd39c-aa59-4b23-a3ac-5f2ddfb5b1b8] Composer ready ✓ (UI language: en)
2026-09-05T14:02:21.899Z [d6e3d64c-20c0-452b-8c58-6a9d4734b8db][fdfbd39c-aa59-4b23-a3ac-5f2ddfb5b1b8] dismissPopups: clicked "Dismiss credit banner" (overlay)
2026-09-05T14:02:22.437Z [d6e3d64c-20c0-452b-8c58-6a9d4734b8db][fdfbd39c-aa59-4b23-a3ac-5f2ddfb5b1b8] dismissPopups: unresolved overlay(s) ["DIV[]|btns=","DIV[]|btns="]
2026-09-05T14:02:22.469Z [d6e3d64c-20c0-452b-8c58-6a9d4734b8db][fdfbd39c-aa59-4b23-a3ac-5f2ddfb5b1b8] Agent toggle aria-pressed=false
2026-09-05T14:02:22.469Z [d6e3d64c-20c0-452b-8c58-6a9d4734b8db][fdfbd39c-aa59-4b23-a3ac-5f2ddfb5b1b8] Opening settings...
2026-09-05T14:02:24.661Z [d6e3d64c-20c0-452b-8c58-6a9d4734b8db][fdfbd39c-aa59-4b23-a3ac-5f2ddfb5b1b8] Configuring image settings...
2026-09-05T14:02:26.088Z [d6e3d64c-20c0-452b-8c58-6a9d4734b8db][fdfbd39c-aa59-4b23-a3ac-5f2ddfb5b1b8] Mode: selected "image Image" ✓
2026-09-05T14:02:31.022Z [d6e3d64c-20c0-452b-8c58-6a9d4734b8db][fdfbd39c-aa59-4b23-a3ac-5f2ddfb5b1b8] Model: selected "🍌 Nano Banana 2" ✓
2026-09-05T14:02:31.845Z [d6e3d64c-20c0-452b-8c58-6a9d4734b8db][fdfbd39c-aa59-4b23-a3ac-5f2ddfb5b1b8] Aspect ratio: "crop_16_9 16:9" already selected ✓
2026-09-05T14:02:33.351Z [d6e3d64c-20c0-452b-8c58-6a9d4734b8db][fdfbd39c-aa59-4b23-a3ac-5f2ddfb5b1b8] Output count: selected "x4" ✓
2026-09-05T14:02:34.414Z [d6e3d64c-20c0-452b-8c58-6a9d4734b8db][fdfbd39c-aa59-4b23-a3ac-5f2ddfb5b1b8] Ref image 1/8: downloading from URL...
2026-09-05T14:02:34.753Z [d6e3d64c-20c0-452b-8c58-6a9d4734b8db][fdfbd39c-aa59-4b23-a3ac-5f2ddfb5b1b8] Downloader: no-proxy request context ready.
2026-09-05T14:02:35.612Z [d6e3d64c-20c0-452b-8c58-6a9d4734b8db][fdfbd39c-aa59-4b23-a3ac-5f2ddfb5b1b8] Ref image 1/8: saved 566164 bytes (image/jpeg) as "Arlo Vale Color Pool War Swim.jpeg"
2026-09-05T14:02:35.614Z [d6e3d64c-20c0-452b-8c58-6a9d4734b8db][fdfbd39c-aa59-4b23-a3ac-5f2ddfb5b1b8] Ref image 1/8: attaching reference image...
2026-09-05T14:02:37.773Z [d6e3d64c-20c0-452b-8c58-6a9d4734b8db][fdfbd39c-aa59-4b23-a3ac-5f2ddfb5b1b8] Ref image 1/8: reusing library asset "Arlo Vale Color Pool War Swim.jpeg" (no re-upload).
2026-09-05T14:02:41.338Z [d6e3d64c-20c0-452b-8c58-6a9d4734b8db][fdfbd39c-aa59-4b23-a3ac-5f2ddfb5b1b8] Ref image 1/8: chips 0→1 ✓
2026-09-05T14:02:43.109Z [d6e3d64c-20c0-452b-8c58-6a9d4734b8db][fdfbd39c-aa59-4b23-a3ac-5f2ddfb5b1b8] Ref image 2/8: downloading from URL...
2026-09-05T14:02:43.730Z [d6e3d64c-20c0-452b-8c58-6a9d4734b8db][fdfbd39c-aa59-4b23-a3ac-5f2ddfb5b1b8] Ref image 2/8: saved 648250 bytes (image/jpeg) as "Nessa Vale Color Pool War Swim.jpeg"
2026-09-05T14:02:43.738Z [d6e3d64c-20c0-452b-8c58-6a9d4734b8db][fdfbd39c-aa59-4b23-a3ac-5f2ddfb5b1b8] Ref image 2/8: attaching reference image...
2026-09-05T14:02:46.100Z [d6e3d64c-20c0-452b-8c58-6a9d4734b8db][fdfbd39c-aa59-4b23-a3ac-5f2ddfb5b1b8] Ref image 2/8: reusing library asset "Nessa Vale Color Pool War Swim.jpeg" (no re-upload).
2026-09-05T14:02:49.443Z [d6e3d64c-20c0-452b-8c58-6a9d4734b8db][fdfbd39c-aa59-4b23-a3ac-5f2ddfb5b1b8] Ref image 2/8: chips 1→2 ✓
2026-09-05T14:02:50.707Z [d6e3d64c-20c0-452b-8c58-6a9d4734b8db][fdfbd39c-aa59-4b23-a3ac-5f2ddfb5b1b8] Ref image 3/8: downloading from URL...
2026-09-05T14:02:51.279Z [d6e3d64c-20c0-452b-8c58-6a9d4734b8db][fdfbd39c-aa59-4b23-a3ac-5f2ddfb5b1b8] Ref image 3/8: saved 585044 bytes (image/jpeg) as "Arlo Family Inflatable Pool Progress Set.jpeg"
2026-09-05T14:02:51.288Z [d6e3d64c-20c0-452b-8c58-6a9d4734b8db][fdfbd39c-aa59-4b23-a3ac-5f2ddfb5b1b8] Ref image 3/8: attaching reference image...
2026-09-05T14:02:53.312Z [d6e3d64c-20c0-452b-8c58-6a9d4734b8db][fdfbd39c-aa59-4b23-a3ac-5f2ddfb5b1b8] Ref image 3/8: reusing library asset "Arlo Family Inflatable Pool Progress Set.jpeg" (no re-upload).
2026-09-05T14:02:57.319Z [d6e3d64c-20c0-452b-8c58-6a9d4734b8db][fdfbd39c-aa59-4b23-a3ac-5f2ddfb5b1b8] Ref image 3/8: chips 2→3 ✓
2026-09-05T14:02:59.127Z [d6e3d64c-20c0-452b-8c58-6a9d4734b8db][fdfbd39c-aa59-4b23-a3ac-5f2ddfb5b1b8] Ref image 4/8: downloading from URL...
2026-09-05T14:03:00.054Z [d6e3d64c-20c0-452b-8c58-6a9d4734b8db][fdfbd39c-aa59-4b23-a3ac-5f2ddfb5b1b8] Ref image 4/8: saved 673531 bytes (image/jpeg) as "Color Pool Water State Set.jpeg"
2026-09-05T14:03:00.059Z [d6e3d64c-20c0-452b-8c58-6a9d4734b8db][fdfbd39c-aa59-4b23-a3ac-5f2ddfb5b1b8] Ref image 4/8: attaching reference image...
2026-09-05T14:03:02.575Z [d6e3d64c-20c0-452b-8c58-6a9d4734b8db][fdfbd39c-aa59-4b23-a3ac-5f2ddfb5b1b8] Ref image 4/8: reusing library asset "Color Pool Water State Set.jpeg" (no re-upload).
2026-09-05T14:03:06.313Z [d6e3d64c-20c0-452b-8c58-6a9d4734b8db][fdfbd39c-aa59-4b23-a3ac-5f2ddfb5b1b8] Ref image 4/8: chips 3→4 ✓
2026-09-05T14:03:07.249Z [d6e3d64c-20c0-452b-8c58-6a9d4734b8db][fdfbd39c-aa59-4b23-a3ac-5f2ddfb5b1b8] Ref image 5/8: downloading from URL...
2026-09-05T14:03:07.623Z [d6e3d64c-20c0-452b-8c58-6a9d4734b8db][fdfbd39c-aa59-4b23-a3ac-5f2ddfb5b1b8] Ref image 5/8: saved 525462 bytes (image/jpeg) as "Red White Pool Divider Rope.jpeg"
2026-09-05T14:03:07.630Z [d6e3d64c-20c0-452b-8c58-6a9d4734b8db][fdfbd39c-aa59-4b23-a3ac-5f2ddfb5b1b8] Ref image 5/8: attaching reference image...
2026-09-05T14:03:09.844Z [d6e3d64c-20c0-452b-8c58-6a9d4734b8db][fdfbd39c-aa59-4b23-a3ac-5f2ddfb5b1b8] Ref image 5/8: reusing library asset "Red White Pool Divider Rope.jpeg" (no re-upload).
2026-09-05T14:03:13.120Z [d6e3d64c-20c0-452b-8c58-6a9d4734b8db][fdfbd39c-aa59-4b23-a3ac-5f2ddfb5b1b8] Ref image 5/8: chips 4→5 ✓
2026-09-05T14:03:14.063Z [d6e3d64c-20c0-452b-8c58-6a9d4734b8db][fdfbd39c-aa59-4b23-a3ac-5f2ddfb5b1b8] Ref image 6/8: downloading from URL...
2026-09-05T14:03:14.423Z [d6e3d64c-20c0-452b-8c58-6a9d4734b8db][fdfbd39c-aa59-4b23-a3ac-5f2ddfb5b1b8] Ref image 6/8: saved 353376 bytes (image/jpeg) as "Blue Water Gun.jpeg"
2026-09-05T14:03:14.425Z [d6e3d64c-20c0-452b-8c58-6a9d4734b8db][fdfbd39c-aa59-4b23-a3ac-5f2ddfb5b1b8] Ref image 6/8: attaching reference image...
2026-09-05T14:03:16.505Z [d6e3d64c-20c0-452b-8c58-6a9d4734b8db][fdfbd39c-aa59-4b23-a3ac-5f2ddfb5b1b8] Ref image 6/8: "Blue Water Gun.jpeg" not in the library yet — uploading it first.
2026-09-05T14:03:20.553Z [d6e3d64c-20c0-452b-8c58-6a9d4734b8db][fdfbd39c-aa59-4b23-a3ac-5f2ddfb5b1b8] Ref image 6/8: uploading "Blue Water Gun.jpeg" to the project library...
2026-09-05T14:03:21.944Z [d6e3d64c-20c0-452b-8c58-6a9d4734b8db][fdfbd39c-aa59-4b23-a3ac-5f2ddfb5b1b8] Ref image 6/8: upload finished ✓
2026-09-05T14:03:32.151Z [d6e3d64c-20c0-452b-8c58-6a9d4734b8db][fdfbd39c-aa59-4b23-a3ac-5f2ddfb5b1b8] Ref image 6/8: chips 5→6 ✓
2026-09-05T14:03:33.732Z [d6e3d64c-20c0-452b-8c58-6a9d4734b8db][fdfbd39c-aa59-4b23-a3ac-5f2ddfb5b1b8] Ref image 7/8: downloading from URL...
2026-09-05T14:03:34.071Z [d6e3d64c-20c0-452b-8c58-6a9d4734b8db][fdfbd39c-aa59-4b23-a3ac-5f2ddfb5b1b8] Ref image 7/8: saved 243977 bytes (image/jpeg) as "Pink Water Gun.jpeg"
2026-09-05T14:03:34.079Z [d6e3d64c-20c0-452b-8c58-6a9d4734b8db][fdfbd39c-aa59-4b23-a3ac-5f2ddfb5b1b8] Ref image 7/8: attaching reference image...
2026-09-05T14:03:36.330Z [d6e3d64c-20c0-452b-8c58-6a9d4734b8db][fdfbd39c-aa59-4b23-a3ac-5f2ddfb5b1b8] Ref image 7/8: reusing library asset "Pink Water Gun.jpeg" (no re-upload).
2026-09-05T14:03:39.963Z [d6e3d64c-20c0-452b-8c58-6a9d4734b8db][fdfbd39c-aa59-4b23-a3ac-5f2ddfb5b1b8] Ref image 7/8: chips 6→7 ✓
2026-09-05T14:03:41.406Z [d6e3d64c-20c0-452b-8c58-6a9d4734b8db][fdfbd39c-aa59-4b23-a3ac-5f2ddfb5b1b8] Ref image 8/8: downloading from URL...
2026-09-05T14:03:42.318Z [d6e3d64c-20c0-452b-8c58-6a9d4734b8db][fdfbd39c-aa59-4b23-a3ac-5f2ddfb5b1b8] Ref image 8/8: saved 329162 bytes (image/jpeg) as "Pink Flamingo Pool Float.jpeg"
2026-09-05T14:03:42.343Z [d6e3d64c-20c0-452b-8c58-6a9d4734b8db][fdfbd39c-aa59-4b23-a3ac-5f2ddfb5b1b8] Ref image 8/8: attaching reference image...
2026-09-05T14:03:44.537Z [d6e3d64c-20c0-452b-8c58-6a9d4734b8db][fdfbd39c-aa59-4b23-a3ac-5f2ddfb5b1b8] Ref image 8/8: reusing library asset "Pink Flamingo Pool Float.jpeg" (no re-upload).
2026-09-05T14:03:48.309Z [d6e3d64c-20c0-452b-8c58-6a9d4734b8db][fdfbd39c-aa59-4b23-a3ac-5f2ddfb5b1b8] Ref image 8/8: chips 7→8 ✓
2026-09-05T14:03:48.323Z [d6e3d64c-20c0-452b-8c58-6a9d4734b8db][fdfbd39c-aa59-4b23-a3ac-5f2ddfb5b1b8] Entering prompt...
2026-09-05T14:03:50.107Z [d6e3d64c-20c0-452b-8c58-6a9d4734b8db][fdfbd39c-aa59-4b23-a3ac-5f2ddfb5b1b8] Prompt is 2225 chars — typing it in 25 chunk(s).
2026-09-05T14:04:01.229Z [d6e3d64c-20c0-452b-8c58-6a9d4734b8db][fdfbd39c-aa59-4b23-a3ac-5f2ddfb5b1b8] Prompt insert attempt 1: editor has 2092 chars (want ~2219) ✓
2026-09-05T14:04:02.989Z [d6e3d64c-20c0-452b-8c58-6a9d4734b8db][fdfbd39c-aa59-4b23-a3ac-5f2ddfb5b1b8] Baseline: 27 pre-existing media tile(s) of 27 mounted (kinds: image,image,image,image,image,image,image,image,image,image,image,image,image,image,image,image,image,image,image,image,image,image,image,image,image,image,image).
2026-09-05T14:04:05.002Z [d6e3d64c-20c0-452b-8c58-6a9d4734b8db][fdfbd39c-aa59-4b23-a3ac-5f2ddfb5b1b8] [submit] confirmed (editor "What do you want to ", fresh tile=true).
2026-09-05T14:04:05.526Z [d6e3d64c-20c0-452b-8c58-6a9d4734b8db][fdfbd39c-aa59-4b23-a3ac-5f2ddfb5b1b8] Current Workspace project URL: https://flow.google.com/project/390215dc-290f-4b92-a7f0-dd2b6651acfb?hl=en
2026-09-05T14:04:05.527Z [d6e3d64c-20c0-452b-8c58-6a9d4734b8db][fdfbd39c-aa59-4b23-a3ac-5f2ddfb5b1b8] Submitted ✓ Detecting batch size...
2026-09-05T14:04:05.546Z [d6e3d64c-20c0-452b-8c58-6a9d4734b8db][fdfbd39c-aa59-4b23-a3ac-5f2ddfb5b1b8] New tile(s) since submit: 0 → 4 (mounted=27)
2026-09-05T14:04:09.900Z [d6e3d64c-20c0-452b-8c58-6a9d4734b8db][fdfbd39c-aa59-4b23-a3ac-5f2ddfb5b1b8] Batch size stabilised at 4 new tile(s)
2026-09-05T14:04:09.903Z [d6e3d64c-20c0-452b-8c58-6a9d4734b8db][fdfbd39c-aa59-4b23-a3ac-5f2ddfb5b1b8] Batch detected: 4 item(s). Generating...
2026-09-05T14:04:09.905Z [d6e3d64c-20c0-452b-8c58-6a9d4734b8db][fdfbd39c-aa59-4b23-a3ac-5f2ddfb5b1b8] Polling for 4 image item(s) (baseline=27, hasUpload=true)...
2026-09-05T14:04:09.926Z [d6e3d64c-20c0-452b-8c58-6a9d4734b8db][fdfbd39c-aa59-4b23-a3ac-5f2ddfb5b1b8] Generating... 0 ready, 0 failed / 4 total (0s) image 35% [NHÂN VẬT] image 35% [NHÂN VẬT] image 35% [NHÂN VẬT] image 35% [NHÂN VẬT]
2026-09-05T14:04:12.951Z [d6e3d64c-20c0-452b-8c58-6a9d4734b8db][fdfbd39c-aa59-4b23-a3ac-5f2ddfb5b1b8] Generating... 0 ready, 0 failed / 4 total (3s) image 56% [NHÂN VẬT] image 56% [NHÂN VẬT] image 56% [NHÂN VẬT]
2026-09-05T14:04:15.972Z [d6e3d64c-20c0-452b-8c58-6a9d4734b8db][fdfbd39c-aa59-4b23-a3ac-5f2ddfb5b1b8] Generating... 0 ready, 0 failed / 4 total (6s) image 76% [NHÂN VẬT] image 76% [NHÂN VẬT] image 76% [NHÂN VẬT]
2026-09-05T14:04:19.003Z [d6e3d64c-20c0-452b-8c58-6a9d4734b8db][fdfbd39c-aa59-4b23-a3ac-5f2ddfb5b1b8] Generating... 0 ready, 0 failed / 4 total (9s) image 96% [NHÂN VẬT] image 96% [NHÂN VẬT] image 96% [NHÂN VẬT]
2026-09-05T14:04:22.025Z [d6e3d64c-20c0-452b-8c58-6a9d4734b8db][fdfbd39c-aa59-4b23-a3ac-5f2ddfb5b1b8] Generating... 0 ready, 0 failed / 4 total (12s) image 99% [NHÂN VẬT] image 99% [NHÂN VẬT] image 99% [NHÂN VẬT]
2026-09-05T14:04:25.050Z [d6e3d64c-20c0-452b-8c58-6a9d4734b8db][fdfbd39c-aa59-4b23-a3ac-5f2ddfb5b1b8] Generating... 0 ready, 0 failed / 4 total (15s) image 99% [NHÂN VẬT] image 99% [NHÂN VẬT] image 99% [NHÂN VẬT]
2026-09-05T14:04:28.078Z [d6e3d64c-20c0-452b-8c58-6a9d4734b8db][fdfbd39c-aa59-4b23-a3ac-5f2ddfb5b1b8] Generating... 0 ready, 0 failed / 4 total (18s) image 99% [NHÂN VẬT] image 99% [NHÂN VẬT] image 99% [NHÂN VẬT]
2026-09-05T14:04:31.107Z [d6e3d64c-20c0-452b-8c58-6a9d4734b8db][fdfbd39c-aa59-4b23-a3ac-5f2ddfb5b1b8] Generating... 0 ready, 0 failed / 4 total (21s) image 99% [NHÂN VẬT] image 99% [NHÂN VẬT] image 99% [NHÂN VẬT]
2026-09-05T14:04:34.131Z [d6e3d64c-20c0-452b-8c58-6a9d4734b8db][fdfbd39c-aa59-4b23-a3ac-5f2ddfb5b1b8] Generating... 0 ready, 0 failed / 4 total (24s) image 99% [NHÂN VẬT] image 99% [NHÂN VẬT] image 99% [NHÂN VẬT]
2026-09-05T14:04:37.166Z [d6e3d64c-20c0-452b-8c58-6a9d4734b8db][fdfbd39c-aa59-4b23-a3ac-5f2ddfb5b1b8] Generating... 0 ready, 0 failed / 4 total (27s) image 99% [NHÂN VẬT] image 99% [NHÂN VẬT] image 99% [NHÂN VẬT]
2026-09-05T14:04:40.201Z [d6e3d64c-20c0-452b-8c58-6a9d4734b8db][fdfbd39c-aa59-4b23-a3ac-5f2ddfb5b1b8] Generating... 0 ready, 0 failed / 4 total (30s) image 99% [NHÂN VẬT] image 99% [NHÂN VẬT] image 99% [NHÂN VẬT]
2026-09-05T14:04:43.229Z [d6e3d64c-20c0-452b-8c58-6a9d4734b8db][fdfbd39c-aa59-4b23-a3ac-5f2ddfb5b1b8] Generating... 0 ready, 0 failed / 4 total (33s) image 99% [NHÂN VẬT] image 99% [NHÂN VẬT] image 99% [NHÂN VẬT]
2026-09-05T14:04:46.255Z [d6e3d64c-20c0-452b-8c58-6a9d4734b8db][fdfbd39c-aa59-4b23-a3ac-5f2ddfb5b1b8] Generating... 0 ready, 0 failed / 4 total (36s) image 99% [NHÂN VẬT] image 99% [NHÂN VẬT] image 99% [NHÂN VẬT]
2026-09-05T14:04:49.283Z [d6e3d64c-20c0-452b-8c58-6a9d4734b8db][fdfbd39c-aa59-4b23-a3ac-5f2ddfb5b1b8] Generating... 0 ready, 0 failed / 4 total (39s) image 99% [NHÂN VẬT] image 99% [NHÂN VẬT] image 99% [NHÂN VẬT]
2026-09-05T14:04:52.319Z [d6e3d64c-20c0-452b-8c58-6a9d4734b8db][fdfbd39c-aa59-4b23-a3ac-5f2ddfb5b1b8] Generating... 0 ready, 0 failed / 4 total (42s) image 99% [NHÂN VẬT] image 99% [NHÂN VẬT] image 99% [NHÂN VẬT]
2026-09-05T14:04:55.344Z [d6e3d64c-20c0-452b-8c58-6a9d4734b8db][fdfbd39c-aa59-4b23-a3ac-5f2ddfb5b1b8] Generating... 0 ready, 0 failed / 4 total (45s) image 99% [NHÂN VẬT] [NHÂN VẬT]Arlo, Ness image 99% [NHÂN VẬT]
2026-09-05T14:04:58.379Z [d6e3d64c-20c0-452b-8c58-6a9d4734b8db][fdfbd39c-aa59-4b23-a3ac-5f2ddfb5b1b8] Generating... 1 ready, 0 failed / 4 total (48s) [NHÂN VẬT]Arlo, Ness image 99% [NHÂN VẬT]
2026-09-05T14:05:01.400Z [d6e3d64c-20c0-452b-8c58-6a9d4734b8db][fdfbd39c-aa59-4b23-a3ac-5f2ddfb5b1b8] Generating... 2 ready, 0 failed / 4 total (51s) image 99% [NHÂN VẬT]
2026-09-05T14:05:04.417Z [d6e3d64c-20c0-452b-8c58-6a9d4734b8db][fdfbd39c-aa59-4b23-a3ac-5f2ddfb5b1b8] Generating... 2 ready, 0 failed / 4 total (55s) image 99% [NHÂN VẬT]
2026-09-05T14:05:07.438Z [d6e3d64c-20c0-452b-8c58-6a9d4734b8db][fdfbd39c-aa59-4b23-a3ac-5f2ddfb5b1b8] Generating... 2 ready, 0 failed / 4 total (58s) image 99% [NHÂN VẬT]
2026-09-05T14:05:10.468Z [d6e3d64c-20c0-452b-8c58-6a9d4734b8db][fdfbd39c-aa59-4b23-a3ac-5f2ddfb5b1b8] Generating... 2 ready, 0 failed / 4 total (61s) [NHÂN VẬT]Arlo, Ness
2026-09-05T14:05:13.494Z [d6e3d64c-20c0-452b-8c58-6a9d4734b8db][fdfbd39c-aa59-4b23-a3ac-5f2ddfb5b1b8] Generating... 3 ready, 0 failed / 4 total (64s)
2026-09-05T14:05:16.504Z [d6e3d64c-20c0-452b-8c58-6a9d4734b8db][fdfbd39c-aa59-4b23-a3ac-5f2ddfb5b1b8] Generating... 3 ready, 0 failed / 4 total (67s)
2026-09-05T14:05:19.524Z [d6e3d64c-20c0-452b-8c58-6a9d4734b8db][fdfbd39c-aa59-4b23-a3ac-5f2ddfb5b1b8] Generating... 3 ready, 0 failed / 4 total (70s)
2026-09-05T14:05:22.550Z [d6e3d64c-20c0-452b-8c58-6a9d4734b8db][fdfbd39c-aa59-4b23-a3ac-5f2ddfb5b1b8] Generating... 3 ready, 0 failed / 4 total (73s)
2026-09-05T14:05:25.578Z [d6e3d64c-20c0-452b-8c58-6a9d4734b8db][fdfbd39c-aa59-4b23-a3ac-5f2ddfb5b1b8] Generating... 3 ready, 0 failed / 4 total (76s)
2026-09-05T14:05:28.591Z [d6e3d64c-20c0-452b-8c58-6a9d4734b8db][fdfbd39c-aa59-4b23-a3ac-5f2ddfb5b1b8] Generating... 3 ready, 0 failed / 4 total (79s)
2026-09-05T14:05:31.613Z [d6e3d64c-20c0-452b-8c58-6a9d4734b8db][fdfbd39c-aa59-4b23-a3ac-5f2ddfb5b1b8] Generating... 3 ready, 0 failed / 4 total (82s)
2026-09-05T14:05:34.631Z [d6e3d64c-20c0-452b-8c58-6a9d4734b8db][fdfbd39c-aa59-4b23-a3ac-5f2ddfb5b1b8] Generating... 3 ready, 0 failed / 4 total (85s)
2026-09-05T14:05:37.649Z [d6e3d64c-20c0-452b-8c58-6a9d4734b8db][fdfbd39c-aa59-4b23-a3ac-5f2ddfb5b1b8] Generating... 3 ready, 0 failed / 4 total (88s)
2026-09-05T14:05:40.672Z [d6e3d64c-20c0-452b-8c58-6a9d4734b8db][fdfbd39c-aa59-4b23-a3ac-5f2ddfb5b1b8] Generating... 3 ready, 0 failed / 4 total (91s)
2026-09-05T14:05:43.690Z [d6e3d64c-20c0-452b-8c58-6a9d4734b8db][fdfbd39c-aa59-4b23-a3ac-5f2ddfb5b1b8] Generating... 3 ready, 0 failed / 4 total (94s)
2026-09-05T14:05:46.707Z [d6e3d64c-20c0-452b-8c58-6a9d4734b8db][fdfbd39c-aa59-4b23-a3ac-5f2ddfb5b1b8] Generating... 3 ready, 0 failed / 4 total (97s)
2026-09-05T14:05:49.731Z [d6e3d64c-20c0-452b-8c58-6a9d4734b8db][fdfbd39c-aa59-4b23-a3ac-5f2ddfb5b1b8] Generating... 3 ready, 0 failed / 4 total (100s)
2026-09-05T14:05:52.747Z [d6e3d64c-20c0-452b-8c58-6a9d4734b8db][fdfbd39c-aa59-4b23-a3ac-5f2ddfb5b1b8] Generating... 3 ready, 0 failed / 4 total (103s)
2026-09-05T14:05:55.756Z [d6e3d64c-20c0-452b-8c58-6a9d4734b8db][fdfbd39c-aa59-4b23-a3ac-5f2ddfb5b1b8] Generating... 3 ready, 0 failed / 4 total (106s)
2026-09-05T14:05:58.772Z [d6e3d64c-20c0-452b-8c58-6a9d4734b8db][fdfbd39c-aa59-4b23-a3ac-5f2ddfb5b1b8] Generating... 3 ready, 0 failed / 4 total (109s)
2026-09-05T14:06:01.789Z [d6e3d64c-20c0-452b-8c58-6a9d4734b8db][fdfbd39c-aa59-4b23-a3ac-5f2ddfb5b1b8] Generating... 3 ready, 0 failed / 4 total (112s)
2026-09-05T14:06:04.813Z [d6e3d64c-20c0-452b-8c58-6a9d4734b8db][fdfbd39c-aa59-4b23-a3ac-5f2ddfb5b1b8] Generating... 3 ready, 0 failed / 4 total (115s)
2026-09-05T14:06:07.825Z [d6e3d64c-20c0-452b-8c58-6a9d4734b8db][fdfbd39c-aa59-4b23-a3ac-5f2ddfb5b1b8] Generating... 3 ready, 0 failed / 4 total (118s)
2026-09-05T14:06:10.843Z [d6e3d64c-20c0-452b-8c58-6a9d4734b8db][fdfbd39c-aa59-4b23-a3ac-5f2ddfb5b1b8] Generating... 3 ready, 0 failed / 4 total (121s)
2026-09-05T14:06:13.858Z [d6e3d64c-20c0-452b-8c58-6a9d4734b8db][fdfbd39c-aa59-4b23-a3ac-5f2ddfb5b1b8] Generating... 3 ready, 0 failed / 4 total (124s)
2026-09-05T14:06:16.886Z [d6e3d64c-20c0-452b-8c58-6a9d4734b8db][fdfbd39c-aa59-4b23-a3ac-5f2ddfb5b1b8] Generating... 3 ready, 0 failed / 4 total (127s)
2026-09-05T14:06:19.912Z [d6e3d64c-20c0-452b-8c58-6a9d4734b8db][fdfbd39c-aa59-4b23-a3ac-5f2ddfb5b1b8] Generating... 3 ready, 0 failed / 4 total (130s)
2026-09-05T14:06:22.930Z [d6e3d64c-20c0-452b-8c58-6a9d4734b8db][fdfbd39c-aa59-4b23-a3ac-5f2ddfb5b1b8] Generating... 3 ready, 0 failed / 4 total (133s)
2026-09-05T14:06:25.940Z [d6e3d64c-20c0-452b-8c58-6a9d4734b8db][fdfbd39c-aa59-4b23-a3ac-5f2ddfb5b1b8] Generating... 3 ready, 0 failed / 4 total (136s)
2026-09-05T14:06:28.967Z [d6e3d64c-20c0-452b-8c58-6a9d4734b8db][fdfbd39c-aa59-4b23-a3ac-5f2ddfb5b1b8] Generating... 3 ready, 0 failed / 4 total (139s)
2026-09-05T14:06:31.983Z [d6e3d64c-20c0-452b-8c58-6a9d4734b8db][fdfbd39c-aa59-4b23-a3ac-5f2ddfb5b1b8] Generating... 3 ready, 0 failed / 4 total (142s)
2026-09-05T14:06:34.998Z [d6e3d64c-20c0-452b-8c58-6a9d4734b8db][fdfbd39c-aa59-4b23-a3ac-5f2ddfb5b1b8] Generating... 3 ready, 0 failed / 4 total (145s)
2026-09-05T14:06:38.013Z [d6e3d64c-20c0-452b-8c58-6a9d4734b8db][fdfbd39c-aa59-4b23-a3ac-5f2ddfb5b1b8] Generating... 3 ready, 0 failed / 4 total (148s)
2026-09-05T14:06:41.043Z [d6e3d64c-20c0-452b-8c58-6a9d4734b8db][fdfbd39c-aa59-4b23-a3ac-5f2ddfb5b1b8] Generating... 3 ready, 0 failed / 4 total (151s)
2026-09-05T14:06:44.068Z [d6e3d64c-20c0-452b-8c58-6a9d4734b8db][fdfbd39c-aa59-4b23-a3ac-5f2ddfb5b1b8] Generating... 3 ready, 0 failed / 4 total (154s)
2026-09-05T14:06:47.087Z [d6e3d64c-20c0-452b-8c58-6a9d4734b8db][fdfbd39c-aa59-4b23-a3ac-5f2ddfb5b1b8] Generating... 3 ready, 0 failed / 4 total (157s)
2026-09-05T14:06:50.111Z [d6e3d64c-20c0-452b-8c58-6a9d4734b8db][fdfbd39c-aa59-4b23-a3ac-5f2ddfb5b1b8] Generating... 3 ready, 0 failed / 4 total (160s)
2026-09-05T14:06:53.126Z [d6e3d64c-20c0-452b-8c58-6a9d4734b8db][fdfbd39c-aa59-4b23-a3ac-5f2ddfb5b1b8] Generating... 3 ready, 0 failed / 4 total (163s)
2026-09-05T14:06:56.153Z [d6e3d64c-20c0-452b-8c58-6a9d4734b8db][fdfbd39c-aa59-4b23-a3ac-5f2ddfb5b1b8] Generating... 3 ready, 0 failed / 4 total (166s)
2026-09-05T14:06:59.165Z [d6e3d64c-20c0-452b-8c58-6a9d4734b8db][fdfbd39c-aa59-4b23-a3ac-5f2ddfb5b1b8] Generating... 3 ready, 0 failed / 4 total (169s)
2026-09-05T14:07:02.184Z [d6e3d64c-20c0-452b-8c58-6a9d4734b8db][fdfbd39c-aa59-4b23-a3ac-5f2ddfb5b1b8] Generating... 3 ready, 0 failed / 4 total (172s)
2026-09-05T14:07:05.205Z [d6e3d64c-20c0-452b-8c58-6a9d4734b8db][fdfbd39c-aa59-4b23-a3ac-5f2ddfb5b1b8] Generating... 3 ready, 0 failed / 4 total (175s)
2026-09-05T14:07:08.221Z [d6e3d64c-20c0-452b-8c58-6a9d4734b8db][fdfbd39c-aa59-4b23-a3ac-5f2ddfb5b1b8] Generating... 3 ready, 0 failed / 4 total (178s)
2026-09-05T14:07:11.227Z [d6e3d64c-20c0-452b-8c58-6a9d4734b8db][fdfbd39c-aa59-4b23-a3ac-5f2ddfb5b1b8] Poll ended with 3/4 ready — salvaging the completed item(s).
2026-09-05T14:07:11.227Z [d6e3d64c-20c0-452b-8c58-6a9d4734b8db][fdfbd39c-aa59-4b23-a3ac-5f2ddfb5b1b8] 3 item(s) ready! Downloading...
2026-09-05T14:07:11.230Z [d6e3d64c-20c0-452b-8c58-6a9d4734b8db][fdfbd39c-aa59-4b23-a3ac-5f2ddfb5b1b8] Item 1: Downloading from URL https://flow-content.google/image/15cda1a1-af25-45fa-bd63-cfa9e3392361?Expires=1788638645&KeyName=labs-flow-prod-cdn-key&Signature=kts4-CpxalArT-a006pnA6WNSVs
2026-09-05T14:07:11.645Z [d6e3d64c-20c0-452b-8c58-6a9d4734b8db][fdfbd39c-aa59-4b23-a3ac-5f2ddfb5b1b8] Downloaded 1/3: winai_2026-09-05T14-07-11_01.jpg
2026-09-05T14:07:11.646Z [d6e3d64c-20c0-452b-8c58-6a9d4734b8db][fdfbd39c-aa59-4b23-a3ac-5f2ddfb5b1b8] Item 2: Downloading from URL https://flow-content.google/image/df46e4ad-3bfc-4e10-bdbe-b06264797192?Expires=1788638644&KeyName=labs-flow-prod-cdn-key&Signature=m7NrXHKewyI9-bGB8PhGIfHwbG8
2026-09-05T14:07:11.784Z [d6e3d64c-20c0-452b-8c58-6a9d4734b8db][fdfbd39c-aa59-4b23-a3ac-5f2ddfb5b1b8] Downloaded 2/3: winai_2026-09-05T14-07-11_02.jpg
2026-09-05T14:07:11.785Z [d6e3d64c-20c0-452b-8c58-6a9d4734b8db][fdfbd39c-aa59-4b23-a3ac-5f2ddfb5b1b8] Item 3: Downloading from URL https://flow-content.google/image/0b72c909-8786-4355-b337-6eefd19b8097?Expires=1788638643&KeyName=labs-flow-prod-cdn-key&Signature=Rvm5g2SXYPdq_INrnkRhOya3KG0
2026-09-05T14:07:11.924Z [d6e3d64c-20c0-452b-8c58-6a9d4734b8db][fdfbd39c-aa59-4b23-a3ac-5f2ddfb5b1b8] Downloaded 3/3: winai_2026-09-05T14-07-11_03.jpg
2026-09-05T14:07:11.926Z [d6e3d64c-20c0-452b-8c58-6a9d4734b8db][fdfbd39c-aa59-4b23-a3ac-5f2ddfb5b1b8] ✅ 3 item(s) saved to Downloads/Win AI Toolkit/
2026-09-05T14:07:12.148Z [db7b31d1-f43c-4892-8355-458fe9398a42][fdfbd39c-aa59-4b23-a3ac-5f2ddfb5b1b8] runGeneration starting: task_id=db7b31d1-f43c-4892-8355-458fe9398a42, profile_id=fdfbd39c-aa59-4b23-a3ac-5f2ddfb5b1b8, target_site=google_flow
2026-09-05T14:07:12.153Z [db7b31d1-f43c-4892-8355-458fe9398a42][fdfbd39c-aa59-4b23-a3ac-5f2ddfb5b1b8] Opening Playwright browser with persistent profile cookies...
2026-09-05T14:07:12.155Z [db7b31d1-f43c-4892-8355-458fe9398a42][fdfbd39c-aa59-4b23-a3ac-5f2ddfb5b1b8] Browser engine: winhide (C:\Users\MienTrungComputer\AppData\Roaming\com.tank.winai\winhide\chrome.exe) [hidden off-screen]
2026-09-05T14:07:12.158Z [db7b31d1-f43c-4892-8355-458fe9398a42][fdfbd39c-aa59-4b23-a3ac-5f2ddfb5b1b8] Launch mode: STEALTH (raw spawn + connectOverCDP)
2026-09-05T14:07:12.527Z [d6e3d64c-20c0-452b-8c58-6a9d4734b8db][fdfbd39c-aa59-4b23-a3ac-5f2ddfb5b1b8] Item 2: Uploaded → https://studio.xanhmedia.vn/uploads/2026-09/1788617231528_16ea4b_fdfbd39c-aa59-4b23-a3ac-5f2ddfb5b1b8_d6e.jpg
2026-09-05T14:07:12.542Z [d6e3d64c-20c0-452b-8c58-6a9d4734b8db][fdfbd39c-aa59-4b23-a3ac-5f2ddfb5b1b8] Item 3: Uploaded → https://studio.xanhmedia.vn/uploads/2026-09/1788617231538_5fcad9_fdfbd39c-aa59-4b23-a3ac-5f2ddfb5b1b8_d6e.jpg
2026-09-05T14:07:12.591Z [d6e3d64c-20c0-452b-8c58-6a9d4734b8db][fdfbd39c-aa59-4b23-a3ac-5f2ddfb5b1b8] Item 1: Uploaded → https://studio.xanhmedia.vn/uploads/2026-09/1788617231582_ef121d_fdfbd39c-aa59-4b23-a3ac-5f2ddfb5b1b8_d6e.jpg
2026-09-05T14:07:12.595Z [d6e3d64c-20c0-452b-8c58-6a9d4734b8db][fdfbd39c-aa59-4b23-a3ac-5f2ddfb5b1b8] All done (including any 1080p upgrades). Closing Playwright browser context.
2026-09-05T14:07:14.459Z [db7b31d1-f43c-4892-8355-458fe9398a42][fdfbd39c-aa59-4b23-a3ac-5f2ddfb5b1b8] Exit IP: 125.212.158.158
2026-09-05T14:07:14.459Z [db7b31d1-f43c-4892-8355-458fe9398a42][fdfbd39c-aa59-4b23-a3ac-5f2ddfb5b1b8] Navigating browser to Google Flow tools page...
2026-09-05T14:07:14.460Z [db7b31d1-f43c-4892-8355-458fe9398a42][fdfbd39c-aa59-4b23-a3ac-5f2ddfb5b1b8] Using existing project URL: https://flow.google.com/project/390215dc-290f-4b92-a7f0-dd2b6651acfb?hl=en
2026-09-05T14:07:15.432Z [db7b31d1-f43c-4892-8355-458fe9398a42][fdfbd39c-aa59-4b23-a3ac-5f2ddfb5b1b8] Waiting for Google Flow...
2026-09-05T14:07:17.617Z [db7b31d1-f43c-4892-8355-458fe9398a42][fdfbd39c-aa59-4b23-a3ac-5f2ddfb5b1b8] In existing project ✓
2026-09-05T14:07:18.780Z [db7b31d1-f43c-4892-8355-458fe9398a42][fdfbd39c-aa59-4b23-a3ac-5f2ddfb5b1b8] dismissPopups: unresolved overlay(s) ["IFRAME[presentation]|btns="]
2026-09-05T14:07:20.422Z [db7b31d1-f43c-4892-8355-458fe9398a42][fdfbd39c-aa59-4b23-a3ac-5f2ddfb5b1b8] Composer ready ✓ (UI language: en)
2026-09-05T14:07:20.449Z [db7b31d1-f43c-4892-8355-458fe9398a42][fdfbd39c-aa59-4b23-a3ac-5f2ddfb5b1b8] dismissPopups: clicked "Dismiss credit banner" (overlay)
2026-09-05T14:07:20.967Z [db7b31d1-f43c-4892-8355-458fe9398a42][fdfbd39c-aa59-4b23-a3ac-5f2ddfb5b1b8] dismissPopups: unresolved overlay(s) ["DIV[]|btns=","DIV[]|btns="]
2026-09-05T14:07:20.983Z [db7b31d1-f43c-4892-8355-458fe9398a42][fdfbd39c-aa59-4b23-a3ac-5f2ddfb5b1b8] Agent toggle aria-pressed=false
2026-09-05T14:07:20.985Z [db7b31d1-f43c-4892-8355-458fe9398a42][fdfbd39c-aa59-4b23-a3ac-5f2ddfb5b1b8] Opening settings...
2026-09-05T14:07:22.647Z [db7b31d1-f43c-4892-8355-458fe9398a42][fdfbd39c-aa59-4b23-a3ac-5f2ddfb5b1b8] Configuring image settings...
2026-09-05T14:07:24.456Z [db7b31d1-f43c-4892-8355-458fe9398a42][fdfbd39c-aa59-4b23-a3ac-5f2ddfb5b1b8] Mode: selected "image Image" ✓
2026-09-05T14:07:29.376Z [db7b31d1-f43c-4892-8355-458fe9398a42][fdfbd39c-aa59-4b23-a3ac-5f2ddfb5b1b8] Model: selected "🍌 Nano Banana 2" ✓
2026-09-05T14:07:30.065Z [db7b31d1-f43c-4892-8355-458fe9398a42][fdfbd39c-aa59-4b23-a3ac-5f2ddfb5b1b8] Aspect ratio: "crop_16_9 16:9" already selected ✓
2026-09-05T14:07:32.109Z [db7b31d1-f43c-4892-8355-458fe9398a42][fdfbd39c-aa59-4b23-a3ac-5f2ddfb5b1b8] Output count: selected "x4" ✓
2026-09-05T14:07:33.199Z [db7b31d1-f43c-4892-8355-458fe9398a42][fdfbd39c-aa59-4b23-a3ac-5f2ddfb5b1b8] Ref image 1/7: downloading from URL...
2026-09-05T14:07:33.519Z [db7b31d1-f43c-4892-8355-458fe9398a42][fdfbd39c-aa59-4b23-a3ac-5f2ddfb5b1b8] Downloader: no-proxy request context ready.
2026-09-05T14:07:34.117Z [db7b31d1-f43c-4892-8355-458fe9398a42][fdfbd39c-aa59-4b23-a3ac-5f2ddfb5b1b8] Ref image 1/7: saved 566164 bytes (image/jpeg) as "Arlo Vale Color Pool War Swim.jpeg"
2026-09-05T14:07:34.126Z [db7b31d1-f43c-4892-8355-458fe9398a42][fdfbd39c-aa59-4b23-a3ac-5f2ddfb5b1b8] Ref image 1/7: attaching reference image...
2026-09-05T14:07:36.425Z [db7b31d1-f43c-4892-8355-458fe9398a42][fdfbd39c-aa59-4b23-a3ac-5f2ddfb5b1b8] Ref image 1/7: reusing library asset "Arlo Vale Color Pool War Swim.jpeg" (no re-upload).
2026-09-05T14:07:40.269Z [db7b31d1-f43c-4892-8355-458fe9398a42][fdfbd39c-aa59-4b23-a3ac-5f2ddfb5b1b8] Ref image 1/7: chips 0→1 ✓
2026-09-05T14:07:41.312Z [db7b31d1-f43c-4892-8355-458fe9398a42][fdfbd39c-aa59-4b23-a3ac-5f2ddfb5b1b8] Ref image 2/7: downloading from URL...
2026-09-05T14:07:41.684Z [db7b31d1-f43c-4892-8355-458fe9398a42][fdfbd39c-aa59-4b23-a3ac-5f2ddfb5b1b8] Ref image 2/7: saved 648250 bytes (image/jpeg) as "Nessa Vale Color Pool War Swim.jpeg"
2026-09-05T14:07:41.690Z [db7b31d1-f43c-4892-8355-458fe9398a42][fdfbd39c-aa59-4b23-a3ac-5f2ddfb5b1b8] Ref image 2/7: attaching reference image...
2026-09-05T14:07:43.979Z [db7b31d1-f43c-4892-8355-458fe9398a42][fdfbd39c-aa59-4b23-a3ac-5f2ddfb5b1b8] Ref image 2/7: reusing library asset "Nessa Vale Color Pool War Swim.jpeg" (no re-upload).
2026-09-05T14:07:47.235Z [db7b31d1-f43c-4892-8355-458fe9398a42][fdfbd39c-aa59-4b23-a3ac-5f2ddfb5b1b8] Ref image 2/7: chips 1→2 ✓
2026-09-05T14:07:49.049Z [db7b31d1-f43c-4892-8355-458fe9398a42][fdfbd39c-aa59-4b23-a3ac-5f2ddfb5b1b8] Ref image 3/7: downloading from URL...
2026-09-05T14:07:49.494Z [db7b31d1-f43c-4892-8355-458fe9398a42][fdfbd39c-aa59-4b23-a3ac-5f2ddfb5b1b8] Ref image 3/7: saved 585044 bytes (image/jpeg) as "Arlo Family Inflatable Pool Progress Set.jpeg"
2026-09-05T14:07:49.500Z [db7b31d1-f43c-4892-8355-458fe9398a42][fdfbd39c-aa59-4b23-a3ac-5f2ddfb5b1b8] Ref image 3/7: attaching reference image...
2026-09-05T14:07:51.982Z [db7b31d1-f43c-4892-8355-458fe9398a42][fdfbd39c-aa59-4b23-a3ac-5f2ddfb5b1b8] Ref image 3/7: reusing library asset "Arlo Family Inflatable Pool Progress Set.jpeg" (no re-upload).
2026-09-05T14:07:55.942Z [db7b31d1-f43c-4892-8355-458fe9398a42][fdfbd39c-aa59-4b23-a3ac-5f2ddfb5b1b8] Ref image 3/7: chips 2→3 ✓
2026-09-05T14:07:57.197Z [db7b31d1-f43c-4892-8355-458fe9398a42][fdfbd39c-aa59-4b23-a3ac-5f2ddfb5b1b8] Ref image 4/7: downloading from URL...
2026-09-05T14:07:57.585Z [db7b31d1-f43c-4892-8355-458fe9398a42][fdfbd39c-aa59-4b23-a3ac-5f2ddfb5b1b8] Ref image 4/7: saved 673531 bytes (image/jpeg) as "Color Pool Water State Set.jpeg"
2026-09-05T14:07:57.590Z [db7b31d1-f43c-4892-8355-458fe9398a42][fdfbd39c-aa59-4b23-a3ac-5f2ddfb5b1b8] Ref image 4/7: attaching reference image...
2026-09-05T14:07:59.335Z [db7b31d1-f43c-4892-8355-458fe9398a42][fdfbd39c-aa59-4b23-a3ac-5f2ddfb5b1b8] Ref image 4/7: reusing library asset "Color Pool Water State Set.jpeg" (no re-upload).
2026-09-05T14:08:02.160Z [db7b31d1-f43c-4892-8355-458fe9398a42][fdfbd39c-aa59-4b23-a3ac-5f2ddfb5b1b8] Ref image 4/7: chips 3→4 ✓
2026-09-05T14:08:03.131Z [db7b31d1-f43c-4892-8355-458fe9398a42][fdfbd39c-aa59-4b23-a3ac-5f2ddfb5b1b8] Ref image 5/7: downloading from URL...
2026-09-05T14:08:03.503Z [db7b31d1-f43c-4892-8355-458fe9398a42][fdfbd39c-aa59-4b23-a3ac-5f2ddfb5b1b8] Ref image 5/7: saved 525462 bytes (image/jpeg) as "Red White Pool Divider Rope.jpeg"
2026-09-05T14:08:03.508Z [db7b31d1-f43c-4892-8355-458fe9398a42][fdfbd39c-aa59-4b23-a3ac-5f2ddfb5b1b8] Ref image 5/7: attaching reference image...
2026-09-05T14:08:05.728Z [db7b31d1-f43c-4892-8355-458fe9398a42][fdfbd39c-aa59-4b23-a3ac-5f2ddfb5b1b8] Ref image 5/7: reusing library asset "Red White Pool Divider Rope.jpeg" (no re-upload).
2026-09-05T14:08:09.768Z [db7b31d1-f43c-4892-8355-458fe9398a42][fdfbd39c-aa59-4b23-a3ac-5f2ddfb5b1b8] Ref image 5/7: chips 4→5 ✓
2026-09-05T14:08:10.856Z [db7b31d1-f43c-4892-8355-458fe9398a42][fdfbd39c-aa59-4b23-a3ac-5f2ddfb5b1b8] Ref image 6/7: downloading from URL...
2026-09-05T14:08:11.202Z [db7b31d1-f43c-4892-8355-458fe9398a42][fdfbd39c-aa59-4b23-a3ac-5f2ddfb5b1b8] Ref image 6/7: saved 437505 bytes (image/jpeg) as "Blue Pool Color Bottle.jpeg"
2026-09-05T14:08:11.215Z [db7b31d1-f43c-4892-8355-458fe9398a42][fdfbd39c-aa59-4b23-a3ac-5f2ddfb5b1b8] Ref image 6/7: attaching reference image...
2026-09-05T14:08:13.572Z [db7b31d1-f43c-4892-8355-458fe9398a42][fdfbd39c-aa59-4b23-a3ac-5f2ddfb5b1b8] Ref image 6/7: "Blue Pool Color Bottle.jpeg" not in the library yet — uploading it first.
2026-09-05T14:08:17.868Z [db7b31d1-f43c-4892-8355-458fe9398a42][fdfbd39c-aa59-4b23-a3ac-5f2ddfb5b1b8] Ref image 6/7: uploading "Blue Pool Color Bottle.jpeg" to the project library...
2026-09-05T14:08:19.414Z [db7b31d1-f43c-4892-8355-458fe9398a42][fdfbd39c-aa59-4b23-a3ac-5f2ddfb5b1b8] Ref image 6/7: upload finished ✓
2026-09-05T14:08:33.263Z [db7b31d1-f43c-4892-8355-458fe9398a42][fdfbd39c-aa59-4b23-a3ac-5f2ddfb5b1b8] click(Add to prompt) failed: locator.click: Timeout 8000ms exceeded. — retrying with force
2026-09-05T14:08:49.401Z [db7b31d1-f43c-4892-8355-458fe9398a42][fdfbd39c-aa59-4b23-a3ac-5f2ddfb5b1b8] Ref image 6/7: chips 5→5 ✗ (Add to prompt did not register)
2026-09-05T14:08:51.015Z [db7b31d1-f43c-4892-8355-458fe9398a42][fdfbd39c-aa59-4b23-a3ac-5f2ddfb5b1b8] Ref image 7/7: downloading from URL...
2026-09-05T14:08:51.362Z [db7b31d1-f43c-4892-8355-458fe9398a42][fdfbd39c-aa59-4b23-a3ac-5f2ddfb5b1b8] Ref image 7/7: saved 403771 bytes (image/jpeg) as "Pink Pool Color Bottle.jpeg"
2026-09-05T14:08:51.371Z [db7b31d1-f43c-4892-8355-458fe9398a42][fdfbd39c-aa59-4b23-a3ac-5f2ddfb5b1b8] Ref image 7/7: attaching reference image...
2026-09-05T14:08:53.629Z [db7b31d1-f43c-4892-8355-458fe9398a42][fdfbd39c-aa59-4b23-a3ac-5f2ddfb5b1b8] Ref image 7/7: "Pink Pool Color Bottle.jpeg" not in the library yet — uploading it first.
2026-09-05T14:08:58.082Z [db7b31d1-f43c-4892-8355-458fe9398a42][fdfbd39c-aa59-4b23-a3ac-5f2ddfb5b1b8] Ref image 7/7: uploading "Pink Pool Color Bottle.jpeg" to the project library...
2026-09-05T14:08:59.284Z [db7b31d1-f43c-4892-8355-458fe9398a42][fdfbd39c-aa59-4b23-a3ac-5f2ddfb5b1b8] Ref image 7/7: upload finished ✓
2026-09-05T14:09:12.244Z [db7b31d1-f43c-4892-8355-458fe9398a42][fdfbd39c-aa59-4b23-a3ac-5f2ddfb5b1b8] Ref image 7/7: chips 5→6 ✓
2026-09-05T14:09:12.267Z [db7b31d1-f43c-4892-8355-458fe9398a42][fdfbd39c-aa59-4b23-a3ac-5f2ddfb5b1b8] [WARN] Only 6/7 reference image(s) attached.
2026-09-05T14:09:12.267Z [db7b31d1-f43c-4892-8355-458fe9398a42][fdfbd39c-aa59-4b23-a3ac-5f2ddfb5b1b8] Entering prompt...
2026-09-05T14:09:14.089Z [db7b31d1-f43c-4892-8355-458fe9398a42][fdfbd39c-aa59-4b23-a3ac-5f2ddfb5b1b8] Prompt is 2032 chars — typing it in 23 chunk(s).
2026-09-05T14:09:25.142Z [db7b31d1-f43c-4892-8355-458fe9398a42][fdfbd39c-aa59-4b23-a3ac-5f2ddfb5b1b8] Prompt insert attempt 1: editor has 1899 chars (want ~2026) ✓
2026-09-05T14:09:27.358Z [db7b31d1-f43c-4892-8355-458fe9398a42][fdfbd39c-aa59-4b23-a3ac-5f2ddfb5b1b8] Baseline: 27 pre-existing media tile(s) of 27 mounted (kinds: image,image,image,image,image,image,image,image,image,image,image,image,image,image,image,image,image,image,image,image,image,image,image,image,image,image,image).
2026-09-05T14:09:29.407Z [db7b31d1-f43c-4892-8355-458fe9398a42][fdfbd39c-aa59-4b23-a3ac-5f2ddfb5b1b8] [submit] confirmed (editor "What do you want to ", fresh tile=true).
2026-09-05T14:09:30.138Z [db7b31d1-f43c-4892-8355-458fe9398a42][fdfbd39c-aa59-4b23-a3ac-5f2ddfb5b1b8] Current Workspace project URL: https://flow.google.com/project/390215dc-290f-4b92-a7f0-dd2b6651acfb?hl=en
2026-09-05T14:09:30.141Z [db7b31d1-f43c-4892-8355-458fe9398a42][fdfbd39c-aa59-4b23-a3ac-5f2ddfb5b1b8] Submitted ✓ Detecting batch size...
2026-09-05T14:09:30.176Z [db7b31d1-f43c-4892-8355-458fe9398a42][fdfbd39c-aa59-4b23-a3ac-5f2ddfb5b1b8] New tile(s) since submit: 0 → 4 (mounted=27)
2026-09-05T14:09:34.476Z [db7b31d1-f43c-4892-8355-458fe9398a42][fdfbd39c-aa59-4b23-a3ac-5f2ddfb5b1b8] Batch size stabilised at 4 new tile(s)
2026-09-05T14:09:34.477Z [db7b31d1-f43c-4892-8355-458fe9398a42][fdfbd39c-aa59-4b23-a3ac-5f2ddfb5b1b8] Batch detected: 4 item(s). Generating...
2026-09-05T14:09:34.479Z [db7b31d1-f43c-4892-8355-458fe9398a42][fdfbd39c-aa59-4b23-a3ac-5f2ddfb5b1b8] Polling for 4 image item(s) (baseline=27, hasUpload=true)...
2026-09-05T14:09:34.504Z [db7b31d1-f43c-4892-8355-458fe9398a42][fdfbd39c-aa59-4b23-a3ac-5f2ddfb5b1b8] Generating... 0 ready, 0 failed / 4 total (0s) image 34% [NHÂN VẬT] image 34% [NHÂN VẬT] image 34% [NHÂN VẬT] image 34% [NHÂN VẬT]
2026-09-05T14:09:37.529Z [db7b31d1-f43c-4892-8355-458fe9398a42][fdfbd39c-aa59-4b23-a3ac-5f2ddfb5b1b8] Generating... 0 ready, 0 failed / 4 total (3s) image 54% [NHÂN VẬT] image 54% [NHÂN VẬT] image 54% [NHÂN VẬT] image 54% [NHÂN VẬT]
2026-09-05T14:09:40.551Z [db7b31d1-f43c-4892-8355-458fe9398a42][fdfbd39c-aa59-4b23-a3ac-5f2ddfb5b1b8] Generating... 0 ready, 0 failed / 4 total (6s) image 74% [NHÂN VẬT] image 74% [NHÂN VẬT] image 74% [NHÂN VẬT] image 74% [NHÂN VẬT]
2026-09-05T14:09:43.573Z [db7b31d1-f43c-4892-8355-458fe9398a42][fdfbd39c-aa59-4b23-a3ac-5f2ddfb5b1b8] Generating... 0 ready, 0 failed / 4 total (9s) image 94% [NHÂN VẬT] image 94% [NHÂN VẬT] image 94% [NHÂN VẬT] image 94% [NHÂN VẬT]
2026-09-05T14:09:46.604Z [db7b31d1-f43c-4892-8355-458fe9398a42][fdfbd39c-aa59-4b23-a3ac-5f2ddfb5b1b8] Generating... 0 ready, 0 failed / 4 total (12s) image 99% [NHÂN VẬT] image 99% [NHÂN VẬT] image 99% [NHÂN VẬT] image 99% [NHÂN VẬT]
2026-09-05T14:09:49.631Z [db7b31d1-f43c-4892-8355-458fe9398a42][fdfbd39c-aa59-4b23-a3ac-5f2ddfb5b1b8] Generating... 0 ready, 0 failed / 4 total (15s) image 99% [NHÂN VẬT] image 99% [NHÂN VẬT] image 99% [NHÂN VẬT]
2026-09-05T14:09:52.658Z [db7b31d1-f43c-4892-8355-458fe9398a42][fdfbd39c-aa59-4b23-a3ac-5f2ddfb5b1b8] Generating... 0 ready, 0 failed / 4 total (18s) image 99% [NHÂN VẬT] image 99% [NHÂN VẬT] image 99% [NHÂN VẬT]
2026-09-05T14:09:55.687Z [db7b31d1-f43c-4892-8355-458fe9398a42][fdfbd39c-aa59-4b23-a3ac-5f2ddfb5b1b8] Generating... 0 ready, 0 failed / 4 total (21s) image 99% [NHÂN VẬT] image 99% [NHÂN VẬT] image 99% [NHÂN VẬT]
2026-09-05T14:09:58.707Z [db7b31d1-f43c-4892-8355-458fe9398a42][fdfbd39c-aa59-4b23-a3ac-5f2ddfb5b1b8] Generating... 0 ready, 0 failed / 4 total (24s) image 99% [NHÂN VẬT] image 99% [NHÂN VẬT] image 99% [NHÂN VẬT]
2026-09-05T14:10:01.733Z [db7b31d1-f43c-4892-8355-458fe9398a42][fdfbd39c-aa59-4b23-a3ac-5f2ddfb5b1b8] Generating... 0 ready, 0 failed / 4 total (27s) image 99% [NHÂN VẬT] image 99% [NHÂN VẬT] image 99% [NHÂN VẬT]
2026-09-05T14:10:04.766Z [db7b31d1-f43c-4892-8355-458fe9398a42][fdfbd39c-aa59-4b23-a3ac-5f2ddfb5b1b8] Generating... 0 ready, 0 failed / 4 total (30s) image 99% [NHÂN VẬT] image 99% [NHÂN VẬT] image 99% [NHÂN VẬT]
2026-09-05T14:10:07.798Z [db7b31d1-f43c-4892-8355-458fe9398a42][fdfbd39c-aa59-4b23-a3ac-5f2ddfb5b1b8] Generating... 0 ready, 0 failed / 4 total (33s) [NHÂN VẬT]Arlo, Ness image 99% [NHÂN VẬT] [NHÂN VẬT]Arlo, Ness
2026-09-05T14:10:10.824Z [db7b31d1-f43c-4892-8355-458fe9398a42][fdfbd39c-aa59-4b23-a3ac-5f2ddfb5b1b8] Generating... 2 ready, 0 failed / 4 total (36s) image 99% [NHÂN VẬT]
2026-09-05T14:10:13.855Z [db7b31d1-f43c-4892-8355-458fe9398a42][fdfbd39c-aa59-4b23-a3ac-5f2ddfb5b1b8] Generating... 2 ready, 0 failed / 4 total (39s) [NHÂN VẬT]Arlo, Ness
2026-09-05T14:10:16.876Z [db7b31d1-f43c-4892-8355-458fe9398a42][fdfbd39c-aa59-4b23-a3ac-5f2ddfb5b1b8] Generating... 3 ready, 0 failed / 4 total (42s)
2026-09-05T14:10:19.906Z [db7b31d1-f43c-4892-8355-458fe9398a42][fdfbd39c-aa59-4b23-a3ac-5f2ddfb5b1b8] Generating... 3 ready, 0 failed / 4 total (45s)
2026-09-05T14:10:22.932Z [db7b31d1-f43c-4892-8355-458fe9398a42][fdfbd39c-aa59-4b23-a3ac-5f2ddfb5b1b8] Generating... 3 ready, 0 failed / 4 total (48s)
2026-09-05T14:10:25.940Z [db7b31d1-f43c-4892-8355-458fe9398a42][fdfbd39c-aa59-4b23-a3ac-5f2ddfb5b1b8] Generating... 3 ready, 0 failed / 4 total (51s)
2026-09-05T14:10:28.956Z [db7b31d1-f43c-4892-8355-458fe9398a42][fdfbd39c-aa59-4b23-a3ac-5f2ddfb5b1b8] Generating... 3 ready, 0 failed / 4 total (54s)
2026-09-05T14:10:31.974Z [db7b31d1-f43c-4892-8355-458fe9398a42][fdfbd39c-aa59-4b23-a3ac-5f2ddfb5b1b8] Generating... 3 ready, 0 failed / 4 total (57s)
2026-09-05T14:10:35.001Z [db7b31d1-f43c-4892-8355-458fe9398a42][fdfbd39c-aa59-4b23-a3ac-5f2ddfb5b1b8] Generating... 3 ready, 0 failed / 4 total (61s)
2026-09-05T14:10:38.017Z [db7b31d1-f43c-4892-8355-458fe9398a42][fdfbd39c-aa59-4b23-a3ac-5f2ddfb5b1b8] Generating... 3 ready, 0 failed / 4 total (64s)
2026-09-05T14:10:41.048Z [db7b31d1-f43c-4892-8355-458fe9398a42][fdfbd39c-aa59-4b23-a3ac-5f2ddfb5b1b8] Generating... 3 ready, 0 failed / 4 total (67s)
2026-09-05T14:10:44.073Z [db7b31d1-f43c-4892-8355-458fe9398a42][fdfbd39c-aa59-4b23-a3ac-5f2ddfb5b1b8] Generating... 3 ready, 0 failed / 4 total (70s)
2026-09-05T14:10:47.085Z [db7b31d1-f43c-4892-8355-458fe9398a42][fdfbd39c-aa59-4b23-a3ac-5f2ddfb5b1b8] Generating... 3 ready, 0 failed / 4 total (73s)
2026-09-05T14:10:50.099Z [db7b31d1-f43c-4892-8355-458fe9398a42][fdfbd39c-aa59-4b23-a3ac-5f2ddfb5b1b8] Generating... 3 ready, 0 failed / 4 total (76s)
2026-09-05T14:10:53.115Z [db7b31d1-f43c-4892-8355-458fe9398a42][fdfbd39c-aa59-4b23-a3ac-5f2ddfb5b1b8] Generating... 3 ready, 0 failed / 4 total (79s)
2026-09-05T14:10:56.141Z [db7b31d1-f43c-4892-8355-458fe9398a42][fdfbd39c-aa59-4b23-a3ac-5f2ddfb5b1b8] Generating... 3 ready, 0 failed / 4 total (82s)
2026-09-05T14:10:59.162Z [db7b31d1-f43c-4892-8355-458fe9398a42][fdfbd39c-aa59-4b23-a3ac-5f2ddfb5b1b8] Generating... 3 ready, 0 failed / 4 total (85s)
2026-09-05T14:11:02.186Z [db7b31d1-f43c-4892-8355-458fe9398a42][fdfbd39c-aa59-4b23-a3ac-5f2ddfb5b1b8] Generating... 3 ready, 0 failed / 4 total (88s)
2026-09-05T14:11:05.213Z [db7b31d1-f43c-4892-8355-458fe9398a42][fdfbd39c-aa59-4b23-a3ac-5f2ddfb5b1b8] Generating... 3 ready, 0 failed / 4 total (91s)
2026-09-05T14:11:08.241Z [db7b31d1-f43c-4892-8355-458fe9398a42][fdfbd39c-aa59-4b23-a3ac-5f2ddfb5b1b8] Generating... 3 ready, 0 failed / 4 total (94s)
2026-09-05T14:11:11.256Z [db7b31d1-f43c-4892-8355-458fe9398a42][fdfbd39c-aa59-4b23-a3ac-5f2ddfb5b1b8] Generating... 3 ready, 0 failed / 4 total (97s)
2026-09-05T14:11:14.286Z [db7b31d1-f43c-4892-8355-458fe9398a42][fdfbd39c-aa59-4b23-a3ac-5f2ddfb5b1b8] Generating... 3 ready, 0 failed / 4 total (100s)
2026-09-05T14:11:17.303Z [db7b31d1-f43c-4892-8355-458fe9398a42][fdfbd39c-aa59-4b23-a3ac-5f2ddfb5b1b8] Generating... 3 ready, 0 failed / 4 total (103s)
2026-09-05T14:11:20.329Z [db7b31d1-f43c-4892-8355-458fe9398a42][fdfbd39c-aa59-4b23-a3ac-5f2ddfb5b1b8] Generating... 3 ready, 0 failed / 4 total (106s)
2026-09-05T14:11:23.346Z [db7b31d1-f43c-4892-8355-458fe9398a42][fdfbd39c-aa59-4b23-a3ac-5f2ddfb5b1b8] Generating... 3 ready, 0 failed / 4 total (109s)
2026-09-05T14:11:26.371Z [db7b31d1-f43c-4892-8355-458fe9398a42][fdfbd39c-aa59-4b23-a3ac-5f2ddfb5b1b8] Generating... 3 ready, 0 failed / 4 total (112s)
2026-09-05T14:11:29.386Z [db7b31d1-f43c-4892-8355-458fe9398a42][fdfbd39c-aa59-4b23-a3ac-5f2ddfb5b1b8] Generating... 3 ready, 0 failed / 4 total (115s)
2026-09-05T14:11:32.399Z [db7b31d1-f43c-4892-8355-458fe9398a42][fdfbd39c-aa59-4b23-a3ac-5f2ddfb5b1b8] Generating... 3 ready, 0 failed / 4 total (118s)
2026-09-05T14:11:35.428Z [db7b31d1-f43c-4892-8355-458fe9398a42][fdfbd39c-aa59-4b23-a3ac-5f2ddfb5b1b8] Generating... 3 ready, 0 failed / 4 total (121s)
2026-09-05T14:11:38.442Z [db7b31d1-f43c-4892-8355-458fe9398a42][fdfbd39c-aa59-4b23-a3ac-5f2ddfb5b1b8] Generating... 3 ready, 0 failed / 4 total (124s)
2026-09-05T14:11:41.451Z [db7b31d1-f43c-4892-8355-458fe9398a42][fdfbd39c-aa59-4b23-a3ac-5f2ddfb5b1b8] Generating... 3 ready, 0 failed / 4 total (127s)
2026-09-05T14:11:44.469Z [db7b31d1-f43c-4892-8355-458fe9398a42][fdfbd39c-aa59-4b23-a3ac-5f2ddfb5b1b8] Generating... 3 ready, 0 failed / 4 total (130s)
2026-09-05T14:11:47.484Z [db7b31d1-f43c-4892-8355-458fe9398a42][fdfbd39c-aa59-4b23-a3ac-5f2ddfb5b1b8] Generating... 3 ready, 0 failed / 4 total (133s)
2026-09-05T14:11:50.496Z [db7b31d1-f43c-4892-8355-458fe9398a42][fdfbd39c-aa59-4b23-a3ac-5f2ddfb5b1b8] Generating... 3 ready, 0 failed / 4 total (136s)
2026-09-05T14:11:53.512Z [db7b31d1-f43c-4892-8355-458fe9398a42][fdfbd39c-aa59-4b23-a3ac-5f2ddfb5b1b8] Generating... 3 ready, 0 failed / 4 total (139s)
2026-09-05T14:11:56.538Z [db7b31d1-f43c-4892-8355-458fe9398a42][fdfbd39c-aa59-4b23-a3ac-5f2ddfb5b1b8] Generating... 3 ready, 0 failed / 4 total (142s)
2026-09-05T14:11:59.553Z [db7b31d1-f43c-4892-8355-458fe9398a42][fdfbd39c-aa59-4b23-a3ac-5f2ddfb5b1b8] Generating... 3 ready, 0 failed / 4 total (145s)
2026-09-05T14:12:02.567Z [db7b31d1-f43c-4892-8355-458fe9398a42][fdfbd39c-aa59-4b23-a3ac-5f2ddfb5b1b8] Generating... 3 ready, 0 failed / 4 total (148s)
2026-09-05T14:12:05.592Z [db7b31d1-f43c-4892-8355-458fe9398a42][fdfbd39c-aa59-4b23-a3ac-5f2ddfb5b1b8] Generating... 3 ready, 0 failed / 4 total (151s)
2026-09-05T14:12:08.606Z [db7b31d1-f43c-4892-8355-458fe9398a42][fdfbd39c-aa59-4b23-a3ac-5f2ddfb5b1b8] Generating... 3 ready, 0 failed / 4 total (154s)
2026-09-05T14:12:11.624Z [db7b31d1-f43c-4892-8355-458fe9398a42][fdfbd39c-aa59-4b23-a3ac-5f2ddfb5b1b8] Generating... 3 ready, 0 failed / 4 total (157s)
2026-09-05T14:12:14.649Z [db7b31d1-f43c-4892-8355-458fe9398a42][fdfbd39c-aa59-4b23-a3ac-5f2ddfb5b1b8] Generating... 3 ready, 0 failed / 4 total (160s)
2026-09-05T14:12:17.666Z [db7b31d1-f43c-4892-8355-458fe9398a42][fdfbd39c-aa59-4b23-a3ac-5f2ddfb5b1b8] Generating... 3 ready, 0 failed / 4 total (163s)
2026-09-05T14:12:20.676Z [db7b31d1-f43c-4892-8355-458fe9398a42][fdfbd39c-aa59-4b23-a3ac-5f2ddfb5b1b8] Generating... 3 ready, 0 failed / 4 total (166s)
2026-09-05T14:12:23.691Z [db7b31d1-f43c-4892-8355-458fe9398a42][fdfbd39c-aa59-4b23-a3ac-5f2ddfb5b1b8] Generating... 3 ready, 0 failed / 4 total (169s)
2026-09-05T14:12:26.708Z [db7b31d1-f43c-4892-8355-458fe9398a42][fdfbd39c-aa59-4b23-a3ac-5f2ddfb5b1b8] Generating... 3 ready, 0 failed / 4 total (172s)
2026-09-05T14:12:29.730Z [db7b31d1-f43c-4892-8355-458fe9398a42][fdfbd39c-aa59-4b23-a3ac-5f2ddfb5b1b8] Generating... 3 ready, 0 failed / 4 total (175s)
2026-09-05T14:12:32.746Z [db7b31d1-f43c-4892-8355-458fe9398a42][fdfbd39c-aa59-4b23-a3ac-5f2ddfb5b1b8] Generating... 3 ready, 0 failed / 4 total (178s)
2026-09-05T14:12:35.751Z [db7b31d1-f43c-4892-8355-458fe9398a42][fdfbd39c-aa59-4b23-a3ac-5f2ddfb5b1b8] Poll ended with 3/4 ready — salvaging the completed item(s).
2026-09-05T14:12:35.751Z [db7b31d1-f43c-4892-8355-458fe9398a42][fdfbd39c-aa59-4b23-a3ac-5f2ddfb5b1b8] 3 item(s) ready! Downloading...
2026-09-05T14:12:35.753Z [db7b31d1-f43c-4892-8355-458fe9398a42][fdfbd39c-aa59-4b23-a3ac-5f2ddfb5b1b8] Item 1: Downloading from URL https://flow-content.google/image/f1e83d88-e887-42ff-b4ae-db6666e18f22?Expires=1788638971&KeyName=labs-flow-prod-cdn-key&Signature=gByzI4ogKPNBF6Uge-g9QH36XE8
2026-09-05T14:12:36.104Z [db7b31d1-f43c-4892-8355-458fe9398a42][fdfbd39c-aa59-4b23-a3ac-5f2ddfb5b1b8] Downloaded 1/3: winai_2026-09-05T14-12-35_01.jpg
2026-09-05T14:12:36.106Z [db7b31d1-f43c-4892-8355-458fe9398a42][fdfbd39c-aa59-4b23-a3ac-5f2ddfb5b1b8] Item 2: Downloading from URL https://flow-content.google/image/25a2ec67-6978-4df8-82a3-2669158a112f?Expires=1788638969&KeyName=labs-flow-prod-cdn-key&Signature=FZKxLZOvB7mps4-ru-IuiijyyEk
2026-09-05T14:12:36.215Z [db7b31d1-f43c-4892-8355-458fe9398a42][fdfbd39c-aa59-4b23-a3ac-5f2ddfb5b1b8] Downloaded 2/3: winai_2026-09-05T14-12-35_02.jpg
2026-09-05T14:12:36.216Z [db7b31d1-f43c-4892-8355-458fe9398a42][fdfbd39c-aa59-4b23-a3ac-5f2ddfb5b1b8] Item 3: Downloading from URL https://flow-content.google/image/a6484ee5-5e73-43af-9d4c-a1ab7dde380d?Expires=1788638969&KeyName=labs-flow-prod-cdn-key&Signature=GxDOX-jMlVPOekP67qMFWMQhNCc
2026-09-05T14:12:36.335Z [db7b31d1-f43c-4892-8355-458fe9398a42][fdfbd39c-aa59-4b23-a3ac-5f2ddfb5b1b8] Downloaded 3/3: winai_2026-09-05T14-12-35_03.jpg
2026-09-05T14:12:36.335Z [db7b31d1-f43c-4892-8355-458fe9398a42][fdfbd39c-aa59-4b23-a3ac-5f2ddfb5b1b8] ✅ 3 item(s) saved to Downloads/Win AI Toolkit/
2026-09-05T14:12:36.540Z [1d4e1d58-f934-4c6f-9f69-6e13dbae510f][fdfbd39c-aa59-4b23-a3ac-5f2ddfb5b1b8] runGeneration starting: task_id=1d4e1d58-f934-4c6f-9f69-6e13dbae510f, profile_id=fdfbd39c-aa59-4b23-a3ac-5f2ddfb5b1b8, target_site=google_flow
2026-09-05T14:12:36.543Z [1d4e1d58-f934-4c6f-9f69-6e13dbae510f][fdfbd39c-aa59-4b23-a3ac-5f2ddfb5b1b8] Opening Playwright browser with persistent profile cookies...
2026-09-05T14:12:36.544Z [1d4e1d58-f934-4c6f-9f69-6e13dbae510f][fdfbd39c-aa59-4b23-a3ac-5f2ddfb5b1b8] Browser engine: winhide (C:\Users\MienTrungComputer\AppData\Roaming\com.tank.winai\winhide\chrome.exe) [hidden off-screen]
2026-09-05T14:12:36.546Z [1d4e1d58-f934-4c6f-9f69-6e13dbae510f][fdfbd39c-aa59-4b23-a3ac-5f2ddfb5b1b8] Launch mode: STEALTH (raw spawn + connectOverCDP)
2026-09-05T14:12:36.951Z [db7b31d1-f43c-4892-8355-458fe9398a42][fdfbd39c-aa59-4b23-a3ac-5f2ddfb5b1b8] Item 3: Uploaded → https://studio.xanhmedia.vn/uploads/2026-09/1788617555944_fb574e_fdfbd39c-aa59-4b23-a3ac-5f2ddfb5b1b8_db7.jpg
2026-09-05T14:12:36.963Z [db7b31d1-f43c-4892-8355-458fe9398a42][fdfbd39c-aa59-4b23-a3ac-5f2ddfb5b1b8] Item 2: Uploaded → https://studio.xanhmedia.vn/uploads/2026-09/1788617555950_1b0534_fdfbd39c-aa59-4b23-a3ac-5f2ddfb5b1b8_db7.jpg
2026-09-05T14:12:37.030Z [db7b31d1-f43c-4892-8355-458fe9398a42][fdfbd39c-aa59-4b23-a3ac-5f2ddfb5b1b8] Item 1: Uploaded → https://studio.xanhmedia.vn/uploads/2026-09/1788617556019_21f647_fdfbd39c-aa59-4b23-a3ac-5f2ddfb5b1b8_db7.jpg
2026-09-05T14:12:37.034Z [db7b31d1-f43c-4892-8355-458fe9398a42][fdfbd39c-aa59-4b23-a3ac-5f2ddfb5b1b8] All done (including any 1080p upgrades). Closing Playwright browser context.
2026-09-05T14:12:38.870Z [1d4e1d58-f934-4c6f-9f69-6e13dbae510f][fdfbd39c-aa59-4b23-a3ac-5f2ddfb5b1b8] Exit IP: 125.212.158.158
2026-09-05T14:12:38.871Z [1d4e1d58-f934-4c6f-9f69-6e13dbae510f][fdfbd39c-aa59-4b23-a3ac-5f2ddfb5b1b8] Navigating browser to Google Flow tools page...
2026-09-05T14:12:38.872Z [1d4e1d58-f934-4c6f-9f69-6e13dbae510f][fdfbd39c-aa59-4b23-a3ac-5f2ddfb5b1b8] Using existing project URL: https://flow.google.com/project/390215dc-290f-4b92-a7f0-dd2b6651acfb?hl=en
2026-09-05T14:12:40.004Z [1d4e1d58-f934-4c6f-9f69-6e13dbae510f][fdfbd39c-aa59-4b23-a3ac-5f2ddfb5b1b8] Waiting for Google Flow...
2026-09-05T14:12:41.643Z [1d4e1d58-f934-4c6f-9f69-6e13dbae510f][fdfbd39c-aa59-4b23-a3ac-5f2ddfb5b1b8] In existing project ✓
2026-09-05T14:12:42.937Z [1d4e1d58-f934-4c6f-9f69-6e13dbae510f][fdfbd39c-aa59-4b23-a3ac-5f2ddfb5b1b8] dismissPopups: unresolved overlay(s) ["IFRAME[presentation]|btns="]
2026-09-05T14:12:47.353Z [1d4e1d58-f934-4c6f-9f69-6e13dbae510f][fdfbd39c-aa59-4b23-a3ac-5f2ddfb5b1b8] Composer ready ✓ (UI language: en)
2026-09-05T14:12:47.379Z [1d4e1d58-f934-4c6f-9f69-6e13dbae510f][fdfbd39c-aa59-4b23-a3ac-5f2ddfb5b1b8] dismissPopups: clicked "Dismiss credit banner" (overlay)
2026-09-05T14:12:47.927Z [1d4e1d58-f934-4c6f-9f69-6e13dbae510f][fdfbd39c-aa59-4b23-a3ac-5f2ddfb5b1b8] dismissPopups: unresolved overlay(s) ["DIV[]|btns=","DIV[]|btns="]
2026-09-05T14:12:47.972Z [1d4e1d58-f934-4c6f-9f69-6e13dbae510f][fdfbd39c-aa59-4b23-a3ac-5f2ddfb5b1b8] Agent toggle aria-pressed=false
2026-09-05T14:12:47.975Z [1d4e1d58-f934-4c6f-9f69-6e13dbae510f][fdfbd39c-aa59-4b23-a3ac-5f2ddfb5b1b8] Opening settings...
2026-09-05T14:12:49.897Z [1d4e1d58-f934-4c6f-9f69-6e13dbae510f][fdfbd39c-aa59-4b23-a3ac-5f2ddfb5b1b8] Configuring image settings...
2026-09-05T14:12:51.200Z [1d4e1d58-f934-4c6f-9f69-6e13dbae510f][fdfbd39c-aa59-4b23-a3ac-5f2ddfb5b1b8] Mode: selected "image Image" ✓
2026-09-05T14:12:56.578Z [1d4e1d58-f934-4c6f-9f69-6e13dbae510f][fdfbd39c-aa59-4b23-a3ac-5f2ddfb5b1b8] Model: selected "🍌 Nano Banana 2" ✓
2026-09-05T14:12:57.546Z [1d4e1d58-f934-4c6f-9f69-6e13dbae510f][fdfbd39c-aa59-4b23-a3ac-5f2ddfb5b1b8] Aspect ratio: "crop_16_9 16:9" already selected ✓
2026-09-05T14:12:59.493Z [1d4e1d58-f934-4c6f-9f69-6e13dbae510f][fdfbd39c-aa59-4b23-a3ac-5f2ddfb5b1b8] Output count: selected "x4" ✓
2026-09-05T14:13:00.584Z [1d4e1d58-f934-4c6f-9f69-6e13dbae510f][fdfbd39c-aa59-4b23-a3ac-5f2ddfb5b1b8] Ref image 1/5: downloading from URL...
2026-09-05T14:13:00.893Z [1d4e1d58-f934-4c6f-9f69-6e13dbae510f][fdfbd39c-aa59-4b23-a3ac-5f2ddfb5b1b8] Downloader: no-proxy request context ready.
2026-09-05T14:13:01.430Z [1d4e1d58-f934-4c6f-9f69-6e13dbae510f][fdfbd39c-aa59-4b23-a3ac-5f2ddfb5b1b8] Ref image 1/5: saved 566164 bytes (image/jpeg) as "Arlo Vale Color Pool War Swim.jpeg"
2026-09-05T14:13:01.439Z [1d4e1d58-f934-4c6f-9f69-6e13dbae510f][fdfbd39c-aa59-4b23-a3ac-5f2ddfb5b1b8] Ref image 1/5: attaching reference image...
2026-09-05T14:13:03.811Z [1d4e1d58-f934-4c6f-9f69-6e13dbae510f][fdfbd39c-aa59-4b23-a3ac-5f2ddfb5b1b8] Ref image 1/5: reusing library asset "Arlo Vale Color Pool War Swim.jpeg" (no re-upload).
2026-09-05T14:13:07.301Z [1d4e1d58-f934-4c6f-9f69-6e13dbae510f][fdfbd39c-aa59-4b23-a3ac-5f2ddfb5b1b8] Ref image 1/5: chips 0→1 ✓
2026-09-05T14:13:08.587Z [1d4e1d58-f934-4c6f-9f69-6e13dbae510f][fdfbd39c-aa59-4b23-a3ac-5f2ddfb5b1b8] Ref image 2/5: downloading from URL...
2026-09-05T14:13:09.187Z [1d4e1d58-f934-4c6f-9f69-6e13dbae510f][fdfbd39c-aa59-4b23-a3ac-5f2ddfb5b1b8] Ref image 2/5: saved 648250 bytes (image/jpeg) as "Nessa Vale Color Pool War Swim.jpeg"
2026-09-05T14:13:09.192Z [1d4e1d58-f934-4c6f-9f69-6e13dbae510f][fdfbd39c-aa59-4b23-a3ac-5f2ddfb5b1b8] Ref image 2/5: attaching reference image...
2026-09-05T14:13:11.272Z [1d4e1d58-f934-4c6f-9f69-6e13dbae510f][fdfbd39c-aa59-4b23-a3ac-5f2ddfb5b1b8] Ref image 2/5: reusing library asset "Nessa Vale Color Pool War Swim.jpeg" (no re-upload).
2026-09-05T14:13:14.825Z [1d4e1d58-f934-4c6f-9f69-6e13dbae510f][fdfbd39c-aa59-4b23-a3ac-5f2ddfb5b1b8] Ref image 2/5: chips 1→2 ✓
2026-09-05T14:13:15.839Z [1d4e1d58-f934-4c6f-9f69-6e13dbae510f][fdfbd39c-aa59-4b23-a3ac-5f2ddfb5b1b8] Ref image 3/5: downloading from URL...
2026-09-05T14:13:16.459Z [1d4e1d58-f934-4c6f-9f69-6e13dbae510f][fdfbd39c-aa59-4b23-a3ac-5f2ddfb5b1b8] Ref image 3/5: saved 585044 bytes (image/jpeg) as "Arlo Family Inflatable Pool Progress Set.jpeg"
2026-09-05T14:13:16.468Z [1d4e1d58-f934-4c6f-9f69-6e13dbae510f][fdfbd39c-aa59-4b23-a3ac-5f2ddfb5b1b8] Ref image 3/5: attaching reference image...
2026-09-05T14:13:18.787Z [1d4e1d58-f934-4c6f-9f69-6e13dbae510f][fdfbd39c-aa59-4b23-a3ac-5f2ddfb5b1b8] Ref image 3/5: reusing library asset "Arlo Family Inflatable Pool Progress Set.jpeg" (no re-upload).
2026-09-05T14:13:22.457Z [1d4e1d58-f934-4c6f-9f69-6e13dbae510f][fdfbd39c-aa59-4b23-a3ac-5f2ddfb5b1b8] Ref image 3/5: chips 2→3 ✓
2026-09-05T14:13:23.533Z [1d4e1d58-f934-4c6f-9f69-6e13dbae510f][fdfbd39c-aa59-4b23-a3ac-5f2ddfb5b1b8] Ref image 4/5: downloading from URL...
2026-09-05T14:13:23.893Z [1d4e1d58-f934-4c6f-9f69-6e13dbae510f][fdfbd39c-aa59-4b23-a3ac-5f2ddfb5b1b8] Ref image 4/5: saved 673531 bytes (image/jpeg) as "Color Pool Water State Set.jpeg"
2026-09-05T14:13:23.898Z [1d4e1d58-f934-4c6f-9f69-6e13dbae510f][fdfbd39c-aa59-4b23-a3ac-5f2ddfb5b1b8] Ref image 4/5: attaching reference image...
2026-09-05T14:13:26.292Z [1d4e1d58-f934-4c6f-9f69-6e13dbae510f][fdfbd39c-aa59-4b23-a3ac-5f2ddfb5b1b8] Ref image 4/5: reusing library asset "Color Pool Water State Set.jpeg" (no re-upload).
2026-09-05T14:13:30.226Z [1d4e1d58-f934-4c6f-9f69-6e13dbae510f][fdfbd39c-aa59-4b23-a3ac-5f2ddfb5b1b8] Ref image 4/5: chips 3→4 ✓
2026-09-05T14:13:31.547Z [1d4e1d58-f934-4c6f-9f69-6e13dbae510f][fdfbd39c-aa59-4b23-a3ac-5f2ddfb5b1b8] Ref image 5/5: downloading from URL...
2026-09-05T14:13:32.172Z [1d4e1d58-f934-4c6f-9f69-6e13dbae510f][fdfbd39c-aa59-4b23-a3ac-5f2ddfb5b1b8] Ref image 5/5: saved 525462 bytes (image/jpeg) as "Red White Pool Divider Rope.jpeg"
2026-09-05T14:13:32.176Z [1d4e1d58-f934-4c6f-9f69-6e13dbae510f][fdfbd39c-aa59-4b23-a3ac-5f2ddfb5b1b8] Ref image 5/5: attaching reference image...
2026-09-05T14:13:34.390Z [1d4e1d58-f934-4c6f-9f69-6e13dbae510f][fdfbd39c-aa59-4b23-a3ac-5f2ddfb5b1b8] Ref image 5/5: reusing library asset "Red White Pool Divider Rope.jpeg" (no re-upload).
2026-09-05T14:13:38.664Z [1d4e1d58-f934-4c6f-9f69-6e13dbae510f][fdfbd39c-aa59-4b23-a3ac-5f2ddfb5b1b8] Ref image 5/5: chips 4→5 ✓
2026-09-05T14:13:38.680Z [1d4e1d58-f934-4c6f-9f69-6e13dbae510f][fdfbd39c-aa59-4b23-a3ac-5f2ddfb5b1b8] Entering prompt...
2026-09-05T14:13:40.267Z [1d4e1d58-f934-4c6f-9f69-6e13dbae510f][fdfbd39c-aa59-4b23-a3ac-5f2ddfb5b1b8] Prompt is 2050 chars — typing it in 24 chunk(s).
2026-09-05T14:13:50.864Z [1d4e1d58-f934-4c6f-9f69-6e13dbae510f][fdfbd39c-aa59-4b23-a3ac-5f2ddfb5b1b8] Prompt insert attempt 1: editor has 1917 chars (want ~2044) ✓
2026-09-05T14:13:53.011Z [1d4e1d58-f934-4c6f-9f69-6e13dbae510f][fdfbd39c-aa59-4b23-a3ac-5f2ddfb5b1b8] Baseline: 27 pre-existing media tile(s) of 27 mounted (kinds: image,image,image,image,image,image,image,image,image,image,image,image,image,image,image,image,image,image,image,image,image,image,image,image,image,image,image).
2026-09-05T14:13:55.226Z [1d4e1d58-f934-4c6f-9f69-6e13dbae510f][fdfbd39c-aa59-4b23-a3ac-5f2ddfb5b1b8] [submit] confirmed (editor "What do you want to ", fresh tile=true).
2026-09-05T14:13:55.887Z [1d4e1d58-f934-4c6f-9f69-6e13dbae510f][fdfbd39c-aa59-4b23-a3ac-5f2ddfb5b1b8] Current Workspace project URL: https://flow.google.com/project/390215dc-290f-4b92-a7f0-dd2b6651acfb?hl=en
2026-09-05T14:13:55.890Z [1d4e1d58-f934-4c6f-9f69-6e13dbae510f][fdfbd39c-aa59-4b23-a3ac-5f2ddfb5b1b8] Submitted ✓ Detecting batch size...
2026-09-05T14:13:55.927Z [1d4e1d58-f934-4c6f-9f69-6e13dbae510f][fdfbd39c-aa59-4b23-a3ac-5f2ddfb5b1b8] New tile(s) since submit: 0 → 4 (mounted=27)
2026-09-05T14:14:00.134Z [1d4e1d58-f934-4c6f-9f69-6e13dbae510f][fdfbd39c-aa59-4b23-a3ac-5f2ddfb5b1b8] Batch size stabilised at 4 new tile(s)
2026-09-05T14:14:00.135Z [1d4e1d58-f934-4c6f-9f69-6e13dbae510f][fdfbd39c-aa59-4b23-a3ac-5f2ddfb5b1b8] Batch detected: 4 item(s). Generating...
2026-09-05T14:14:00.136Z [1d4e1d58-f934-4c6f-9f69-6e13dbae510f][fdfbd39c-aa59-4b23-a3ac-5f2ddfb5b1b8] Polling for 4 image item(s) (baseline=27, hasUpload=true)...
2026-09-05T14:14:00.159Z [1d4e1d58-f934-4c6f-9f69-6e13dbae510f][fdfbd39c-aa59-4b23-a3ac-5f2ddfb5b1b8] Generating... 0 ready, 0 failed / 4 total (0s) image 34% [NHÂN VẬT] image 34% [NHÂN VẬT] image 34% [NHÂN VẬT] image 34% [NHÂN VẬT]
2026-09-05T14:14:03.183Z [1d4e1d58-f934-4c6f-9f69-6e13dbae510f][fdfbd39c-aa59-4b23-a3ac-5f2ddfb5b1b8] Generating... 0 ready, 0 failed / 4 total (3s) image 54% [NHÂN VẬT] image 54% [NHÂN VẬT] image 54% [NHÂN VẬT] image 55% [NHÂN VẬT]
2026-09-05T14:14:06.210Z [1d4e1d58-f934-4c6f-9f69-6e13dbae510f][fdfbd39c-aa59-4b23-a3ac-5f2ddfb5b1b8] Generating... 0 ready, 0 failed / 4 total (6s) image 74% [NHÂN VẬT] image 74% [NHÂN VẬT] image 75% [NHÂN VẬT] image 75% [NHÂN VẬT]
2026-09-05T14:14:09.243Z [1d4e1d58-f934-4c6f-9f69-6e13dbae510f][fdfbd39c-aa59-4b23-a3ac-5f2ddfb5b1b8] Generating... 0 ready, 0 failed / 4 total (9s) image 99% [NHÂN VẬT] image 99% [NHÂN VẬT] image 95% [NHÂN VẬT] image 95% [NHÂN VẬT]
2026-09-05T14:14:12.282Z [1d4e1d58-f934-4c6f-9f69-6e13dbae510f][fdfbd39c-aa59-4b23-a3ac-5f2ddfb5b1b8] Generating... 0 ready, 0 failed / 4 total (12s) image 99% [NHÂN VẬT] image 99% [NHÂN VẬT] image 99% [NHÂN VẬT] image 99% [NHÂN VẬT]
2026-09-05T14:14:15.333Z [1d4e1d58-f934-4c6f-9f69-6e13dbae510f][fdfbd39c-aa59-4b23-a3ac-5f2ddfb5b1b8] Generating... 0 ready, 0 failed / 4 total (15s) image 99% [NHÂN VẬT] image 99% [NHÂN VẬT] image 99% [NHÂN VẬT] image 99% [NHÂN VẬT]
2026-09-05T14:14:18.362Z [1d4e1d58-f934-4c6f-9f69-6e13dbae510f][fdfbd39c-aa59-4b23-a3ac-5f2ddfb5b1b8] Generating... 0 ready, 0 failed / 4 total (18s) image 99% [NHÂN VẬT] image 99% [NHÂN VẬT] image 99% [NHÂN VẬT] image 99% [NHÂN VẬT]
2026-09-05T14:14:21.381Z [1d4e1d58-f934-4c6f-9f69-6e13dbae510f][fdfbd39c-aa59-4b23-a3ac-5f2ddfb5b1b8] Generating... 0 ready, 0 failed / 4 total (21s) image 99% [NHÂN VẬT] image 99% [NHÂN VẬT] image 99% [NHÂN VẬT] image 99% [NHÂN VẬT]
2026-09-05T14:14:24.407Z [1d4e1d58-f934-4c6f-9f69-6e13dbae510f][fdfbd39c-aa59-4b23-a3ac-5f2ddfb5b1b8] Generating... 0 ready, 0 failed / 4 total (24s) image 99% [NHÂN VẬT] image 99% [NHÂN VẬT] image 99% [NHÂN VẬT] image 99% [NHÂN VẬT]
2026-09-05T14:14:27.430Z [1d4e1d58-f934-4c6f-9f69-6e13dbae510f][fdfbd39c-aa59-4b23-a3ac-5f2ddfb5b1b8] Generating... 0 ready, 0 failed / 4 total (27s) image 99% [NHÂN VẬT] image 100% [NHÂN VẬT image 99% [NHÂN VẬT] image 99% [NHÂN VẬT]
2026-09-05T14:14:30.462Z [1d4e1d58-f934-4c6f-9f69-6e13dbae510f][fdfbd39c-aa59-4b23-a3ac-5f2ddfb5b1b8] Generating... 1 ready, 0 failed / 4 total (30s) image 99% [NHÂN VẬT] image 99% [NHÂN VẬT] image 99% [NHÂN VẬT]
2026-09-05T14:14:33.492Z [1d4e1d58-f934-4c6f-9f69-6e13dbae510f][fdfbd39c-aa59-4b23-a3ac-5f2ddfb5b1b8] Generating... 1 ready, 0 failed / 4 total (33s) image 99% [NHÂN VẬT] image 99% [NHÂN VẬT] image 99% [NHÂN VẬT]
2026-09-05T14:14:36.519Z [1d4e1d58-f934-4c6f-9f69-6e13dbae510f][fdfbd39c-aa59-4b23-a3ac-5f2ddfb5b1b8] Generating... 1 ready, 0 failed / 4 total (36s) image 99% [NHÂN VẬT] image 99% [NHÂN VẬT] image 99% [NHÂN VẬT]
2026-09-05T14:14:39.559Z [1d4e1d58-f934-4c6f-9f69-6e13dbae510f][fdfbd39c-aa59-4b23-a3ac-5f2ddfb5b1b8] Generating... 1 ready, 0 failed / 4 total (39s) image 100% [NHÂN VẬT image 99% [NHÂN VẬT] image 99% [NHÂN VẬT]
2026-09-05T14:14:42.587Z [1d4e1d58-f934-4c6f-9f69-6e13dbae510f][fdfbd39c-aa59-4b23-a3ac-5f2ddfb5b1b8] Generating... 1 ready, 0 failed / 4 total (42s) [NHÂN VẬT]Arlo, Ness image 99% [NHÂN VẬT] image 99% [NHÂN VẬT]
2026-09-05T14:14:45.613Z [1d4e1d58-f934-4c6f-9f69-6e13dbae510f][fdfbd39c-aa59-4b23-a3ac-5f2ddfb5b1b8] Generating... 2 ready, 0 failed / 4 total (45s) image 99% [NHÂN VẬT] [NHÂN VẬT]Arlo, Ness
2026-09-05T14:14:48.634Z [1d4e1d58-f934-4c6f-9f69-6e13dbae510f][fdfbd39c-aa59-4b23-a3ac-5f2ddfb5b1b8] Generating... 3 ready, 0 failed / 4 total (48s) image 99% [NHÂN VẬT]
2026-09-05T14:14:51.663Z [1d4e1d58-f934-4c6f-9f69-6e13dbae510f][fdfbd39c-aa59-4b23-a3ac-5f2ddfb5b1b8] Generating... 3 ready, 0 failed / 4 total (52s) [NHÂN VẬT]Arlo, Ness
2026-09-05T14:14:54.692Z [1d4e1d58-f934-4c6f-9f69-6e13dbae510f][fdfbd39c-aa59-4b23-a3ac-5f2ddfb5b1b8] Generating... 4 ready, 0 failed / 4 total (55s)
2026-09-05T14:14:54.692Z [1d4e1d58-f934-4c6f-9f69-6e13dbae510f][fdfbd39c-aa59-4b23-a3ac-5f2ddfb5b1b8] Batch done: 4 ready (target 4), 0 failed, scanned 4.
2026-09-05T14:14:54.693Z [1d4e1d58-f934-4c6f-9f69-6e13dbae510f][fdfbd39c-aa59-4b23-a3ac-5f2ddfb5b1b8] 4 item(s) ready! Downloading...
2026-09-05T14:14:54.696Z [1d4e1d58-f934-4c6f-9f69-6e13dbae510f][fdfbd39c-aa59-4b23-a3ac-5f2ddfb5b1b8] Item 1: Downloading from URL https://flow-content.google/image/87bed05e-2033-476a-989d-2f0e186d4e71?Expires=1788639236&KeyName=labs-flow-prod-cdn-key&Signature=JrE99cWPQEls_PjdEpUGBhI_gZ4
2026-09-05T14:14:55.190Z [1d4e1d58-f934-4c6f-9f69-6e13dbae510f][fdfbd39c-aa59-4b23-a3ac-5f2ddfb5b1b8] Downloaded 1/4: winai_2026-09-05T14-14-54_01.jpg
2026-09-05T14:14:55.191Z [1d4e1d58-f934-4c6f-9f69-6e13dbae510f][fdfbd39c-aa59-4b23-a3ac-5f2ddfb5b1b8] Item 2: Downloading from URL https://flow-content.google/image/39df7e26-085c-491b-ad1e-9b1c022a6364?Expires=1788639235&KeyName=labs-flow-prod-cdn-key&Signature=J1FNtx8RfVVew83FdKwp6yB2_DQ
2026-09-05T14:14:55.338Z [1d4e1d58-f934-4c6f-9f69-6e13dbae510f][fdfbd39c-aa59-4b23-a3ac-5f2ddfb5b1b8] Downloaded 2/4: winai_2026-09-05T14-14-54_02.jpg
2026-09-05T14:14:55.339Z [1d4e1d58-f934-4c6f-9f69-6e13dbae510f][fdfbd39c-aa59-4b23-a3ac-5f2ddfb5b1b8] Item 3: Downloading from URL https://flow-content.google/image/260b42b7-34fb-42a3-9baf-a5c7606bfcb5?Expires=1788639234&KeyName=labs-flow-prod-cdn-key&Signature=3sRDke8US5IZK2zUzJFBhhNUti8
2026-09-05T14:14:55.472Z [1d4e1d58-f934-4c6f-9f69-6e13dbae510f][fdfbd39c-aa59-4b23-a3ac-5f2ddfb5b1b8] Downloaded 3/4: winai_2026-09-05T14-14-54_03.jpg
2026-09-05T14:14:55.473Z [1d4e1d58-f934-4c6f-9f69-6e13dbae510f][fdfbd39c-aa59-4b23-a3ac-5f2ddfb5b1b8] Item 4: Downloading from URL https://flow-content.google/image/96ffdd7b-5eb8-4062-a5a0-43f986465e52?Expires=1788639234&KeyName=labs-flow-prod-cdn-key&Signature=jMRPxLjVzm_RU4Tn1xFvvZx2lAI
2026-09-05T14:14:55.606Z [1d4e1d58-f934-4c6f-9f69-6e13dbae510f][fdfbd39c-aa59-4b23-a3ac-5f2ddfb5b1b8] Downloaded 4/4: winai_2026-09-05T14-14-54_04.jpg
2026-09-05T14:14:55.610Z [1d4e1d58-f934-4c6f-9f69-6e13dbae510f][fdfbd39c-aa59-4b23-a3ac-5f2ddfb5b1b8] ✅ 4 item(s) saved to Downloads/Win AI Toolkit/
2026-09-05T14:14:55.862Z [8951df4d-6f1b-4177-9bab-f489de317318][fdfbd39c-aa59-4b23-a3ac-5f2ddfb5b1b8] runGeneration starting: task_id=8951df4d-6f1b-4177-9bab-f489de317318, profile_id=fdfbd39c-aa59-4b23-a3ac-5f2ddfb5b1b8, target_site=google_flow
2026-09-05T14:14:55.862Z [8951df4d-6f1b-4177-9bab-f489de317318][fdfbd39c-aa59-4b23-a3ac-5f2ddfb5b1b8] Opening Playwright browser with persistent profile cookies...
2026-09-05T14:14:55.863Z [8951df4d-6f1b-4177-9bab-f489de317318][fdfbd39c-aa59-4b23-a3ac-5f2ddfb5b1b8] Browser engine: winhide (C:\Users\MienTrungComputer\AppData\Roaming\com.tank.winai\winhide\chrome.exe) [hidden off-screen]
2026-09-05T14:14:55.864Z [8951df4d-6f1b-4177-9bab-f489de317318][fdfbd39c-aa59-4b23-a3ac-5f2ddfb5b1b8] Launch mode: STEALTH (raw spawn + connectOverCDP)
2026-09-05T14:14:56.233Z [1d4e1d58-f934-4c6f-9f69-6e13dbae510f][fdfbd39c-aa59-4b23-a3ac-5f2ddfb5b1b8] Item 1: Uploaded → https://studio.xanhmedia.vn/uploads/2026-09/1788617695227_e3157c_fdfbd39c-aa59-4b23-a3ac-5f2ddfb5b1b8_1d4.jpg
2026-09-05T14:14:56.275Z [1d4e1d58-f934-4c6f-9f69-6e13dbae510f][fdfbd39c-aa59-4b23-a3ac-5f2ddfb5b1b8] Item 3: Uploaded → https://studio.xanhmedia.vn/uploads/2026-09/1788617695265_1b2180_fdfbd39c-aa59-4b23-a3ac-5f2ddfb5b1b8_1d4.jpg
2026-09-05T14:14:56.313Z [1d4e1d58-f934-4c6f-9f69-6e13dbae510f][fdfbd39c-aa59-4b23-a3ac-5f2ddfb5b1b8] Item 2: Uploaded → https://studio.xanhmedia.vn/uploads/2026-09/1788617695297_f9740d_fdfbd39c-aa59-4b23-a3ac-5f2ddfb5b1b8_1d4.jpg
2026-09-05T14:14:56.315Z [1d4e1d58-f934-4c6f-9f69-6e13dbae510f][fdfbd39c-aa59-4b23-a3ac-5f2ddfb5b1b8] Item 4: Uploaded → https://studio.xanhmedia.vn/uploads/2026-09/1788617695299_622ca0_fdfbd39c-aa59-4b23-a3ac-5f2ddfb5b1b8_1d4.jpg
2026-09-05T14:14:56.324Z [1d4e1d58-f934-4c6f-9f69-6e13dbae510f][fdfbd39c-aa59-4b23-a3ac-5f2ddfb5b1b8] All done (including any 1080p upgrades). Closing Playwright browser context.
2026-09-05T14:14:58.527Z [8951df4d-6f1b-4177-9bab-f489de317318][fdfbd39c-aa59-4b23-a3ac-5f2ddfb5b1b8] Exit IP: 125.212.158.158
2026-09-05T14:14:58.528Z [8951df4d-6f1b-4177-9bab-f489de317318][fdfbd39c-aa59-4b23-a3ac-5f2ddfb5b1b8] Navigating browser to Google Flow tools page...
2026-09-05T14:14:58.529Z [8951df4d-6f1b-4177-9bab-f489de317318][fdfbd39c-aa59-4b23-a3ac-5f2ddfb5b1b8] Using existing project URL: https://flow.google.com/project/390215dc-290f-4b92-a7f0-dd2b6651acfb?hl=en
2026-09-05T14:14:59.635Z [8951df4d-6f1b-4177-9bab-f489de317318][fdfbd39c-aa59-4b23-a3ac-5f2ddfb5b1b8] Waiting for Google Flow...
2026-09-05T14:15:02.043Z [8951df4d-6f1b-4177-9bab-f489de317318][fdfbd39c-aa59-4b23-a3ac-5f2ddfb5b1b8] In existing project ✓
2026-09-05T14:15:04.061Z [8951df4d-6f1b-4177-9bab-f489de317318][fdfbd39c-aa59-4b23-a3ac-5f2ddfb5b1b8] dismissPopups: clicked "Dismiss credit banner" (overlay)
2026-09-05T14:15:04.577Z [8951df4d-6f1b-4177-9bab-f489de317318][fdfbd39c-aa59-4b23-a3ac-5f2ddfb5b1b8] dismissPopups: unresolved overlay(s) ["DIV[]|btns=","DIV[]|btns="]
2026-09-05T14:15:04.644Z [8951df4d-6f1b-4177-9bab-f489de317318][fdfbd39c-aa59-4b23-a3ac-5f2ddfb5b1b8] Composer ready ✓ (UI language: en)
2026-09-05T14:15:04.654Z [8951df4d-6f1b-4177-9bab-f489de317318][fdfbd39c-aa59-4b23-a3ac-5f2ddfb5b1b8] dismissPopups: unresolved overlay(s) ["DIV[]|btns=","DIV[]|btns="]
2026-09-05T14:15:04.675Z [8951df4d-6f1b-4177-9bab-f489de317318][fdfbd39c-aa59-4b23-a3ac-5f2ddfb5b1b8] Agent toggle aria-pressed=false
2026-09-05T14:15:04.677Z [8951df4d-6f1b-4177-9bab-f489de317318][fdfbd39c-aa59-4b23-a3ac-5f2ddfb5b1b8] Opening settings...
2026-09-05T14:15:06.986Z [8951df4d-6f1b-4177-9bab-f489de317318][fdfbd39c-aa59-4b23-a3ac-5f2ddfb5b1b8] Configuring image settings...
2026-09-05T14:15:08.815Z [8951df4d-6f1b-4177-9bab-f489de317318][fdfbd39c-aa59-4b23-a3ac-5f2ddfb5b1b8] Mode: selected "image Image" ✓
2026-09-05T14:15:14.221Z [8951df4d-6f1b-4177-9bab-f489de317318][fdfbd39c-aa59-4b23-a3ac-5f2ddfb5b1b8] Model: selected "🍌 Nano Banana 2" ✓
2026-09-05T14:15:14.818Z [8951df4d-6f1b-4177-9bab-f489de317318][fdfbd39c-aa59-4b23-a3ac-5f2ddfb5b1b8] Aspect ratio: "crop_16_9 16:9" already selected ✓
2026-09-05T14:15:16.226Z [8951df4d-6f1b-4177-9bab-f489de317318][fdfbd39c-aa59-4b23-a3ac-5f2ddfb5b1b8] Output count: selected "x4" ✓
2026-09-05T14:15:17.303Z [8951df4d-6f1b-4177-9bab-f489de317318][fdfbd39c-aa59-4b23-a3ac-5f2ddfb5b1b8] Ref image 1/7: downloading from URL...
2026-09-05T14:15:17.633Z [8951df4d-6f1b-4177-9bab-f489de317318][fdfbd39c-aa59-4b23-a3ac-5f2ddfb5b1b8] Downloader: no-proxy request context ready.
2026-09-05T14:15:18.198Z [8951df4d-6f1b-4177-9bab-f489de317318][fdfbd39c-aa59-4b23-a3ac-5f2ddfb5b1b8] Ref image 1/7: saved 566164 bytes (image/jpeg) as "Arlo Vale Color Pool War Swim.jpeg"
2026-09-05T14:15:18.201Z [8951df4d-6f1b-4177-9bab-f489de317318][fdfbd39c-aa59-4b23-a3ac-5f2ddfb5b1b8] Ref image 1/7: attaching reference image...
2026-09-05T14:15:20.286Z [8951df4d-6f1b-4177-9bab-f489de317318][fdfbd39c-aa59-4b23-a3ac-5f2ddfb5b1b8] Ref image 1/7: reusing library asset "Arlo Vale Color Pool War Swim.jpeg" (no re-upload).
2026-09-05T14:15:23.727Z [8951df4d-6f1b-4177-9bab-f489de317318][fdfbd39c-aa59-4b23-a3ac-5f2ddfb5b1b8] Ref image 1/7: chips 0→1 ✓
2026-09-05T14:15:25.445Z [8951df4d-6f1b-4177-9bab-f489de317318][fdfbd39c-aa59-4b23-a3ac-5f2ddfb5b1b8] Ref image 2/7: downloading from URL...
2026-09-05T14:15:26.062Z [8951df4d-6f1b-4177-9bab-f489de317318][fdfbd39c-aa59-4b23-a3ac-5f2ddfb5b1b8] Ref image 2/7: saved 648250 bytes (image/jpeg) as "Nessa Vale Color Pool War Swim.jpeg"
2026-09-05T14:15:26.072Z [8951df4d-6f1b-4177-9bab-f489de317318][fdfbd39c-aa59-4b23-a3ac-5f2ddfb5b1b8] Ref image 2/7: attaching reference image...
2026-09-05T14:15:28.478Z [8951df4d-6f1b-4177-9bab-f489de317318][fdfbd39c-aa59-4b23-a3ac-5f2ddfb5b1b8] Ref image 2/7: reusing library asset "Nessa Vale Color Pool War Swim.jpeg" (no re-upload).
2026-09-05T14:15:32.270Z [8951df4d-6f1b-4177-9bab-f489de317318][fdfbd39c-aa59-4b23-a3ac-5f2ddfb5b1b8] Ref image 2/7: chips 1→2 ✓
2026-09-05T14:15:33.502Z [8951df4d-6f1b-4177-9bab-f489de317318][fdfbd39c-aa59-4b23-a3ac-5f2ddfb5b1b8] Ref image 3/7: downloading from URL...
2026-09-05T14:15:33.865Z [8951df4d-6f1b-4177-9bab-f489de317318][fdfbd39c-aa59-4b23-a3ac-5f2ddfb5b1b8] Ref image 3/7: saved 585044 bytes (image/jpeg) as "Arlo Family Inflatable Pool Progress Set.jpeg"
2026-09-05T14:15:33.870Z [8951df4d-6f1b-4177-9bab-f489de317318][fdfbd39c-aa59-4b23-a3ac-5f2ddfb5b1b8] Ref image 3/7: attaching reference image...
2026-09-05T14:15:36.379Z [8951df4d-6f1b-4177-9bab-f489de317318][fdfbd39c-aa59-4b23-a3ac-5f2ddfb5b1b8] Ref image 3/7: reusing library asset "Arlo Family Inflatable Pool Progress Set.jpeg" (no re-upload).
2026-09-05T14:15:40.038Z [8951df4d-6f1b-4177-9bab-f489de317318][fdfbd39c-aa59-4b23-a3ac-5f2ddfb5b1b8] Ref image 3/7: chips 2→3 ✓
2026-09-05T14:15:41.158Z [8951df4d-6f1b-4177-9bab-f489de317318][fdfbd39c-aa59-4b23-a3ac-5f2ddfb5b1b8] Ref image 4/7: downloading from URL...
2026-09-05T14:15:41.525Z [8951df4d-6f1b-4177-9bab-f489de317318][fdfbd39c-aa59-4b23-a3ac-5f2ddfb5b1b8] Ref image 4/7: saved 673531 bytes (image/jpeg) as "Color Pool Water State Set.jpeg"
2026-09-05T14:15:41.546Z [8951df4d-6f1b-4177-9bab-f489de317318][fdfbd39c-aa59-4b23-a3ac-5f2ddfb5b1b8] Ref image 4/7: attaching reference image...
2026-09-05T14:15:44.167Z [8951df4d-6f1b-4177-9bab-f489de317318][fdfbd39c-aa59-4b23-a3ac-5f2ddfb5b1b8] Ref image 4/7: reusing library asset "Color Pool Water State Set.jpeg" (no re-upload).
2026-09-05T14:15:47.332Z [8951df4d-6f1b-4177-9bab-f489de317318][fdfbd39c-aa59-4b23-a3ac-5f2ddfb5b1b8] Ref image 4/7: chips 3→4 ✓
2026-09-05T14:15:48.974Z [8951df4d-6f1b-4177-9bab-f489de317318][fdfbd39c-aa59-4b23-a3ac-5f2ddfb5b1b8] Ref image 5/7: downloading from URL...
2026-09-05T14:15:49.379Z [8951df4d-6f1b-4177-9bab-f489de317318][fdfbd39c-aa59-4b23-a3ac-5f2ddfb5b1b8] Ref image 5/7: saved 525462 bytes (image/jpeg) as "Red White Pool Divider Rope.jpeg"
2026-09-05T14:15:49.385Z [8951df4d-6f1b-4177-9bab-f489de317318][fdfbd39c-aa59-4b23-a3ac-5f2ddfb5b1b8] Ref image 5/7: attaching reference image...
2026-09-05T14:15:51.556Z [8951df4d-6f1b-4177-9bab-f489de317318][fdfbd39c-aa59-4b23-a3ac-5f2ddfb5b1b8] Ref image 5/7: reusing library asset "Red White Pool Divider Rope.jpeg" (no re-upload).
2026-09-05T14:15:55.242Z [8951df4d-6f1b-4177-9bab-f489de317318][fdfbd39c-aa59-4b23-a3ac-5f2ddfb5b1b8] Ref image 5/7: chips 4→5 ✓
2026-09-05T14:15:56.921Z [8951df4d-6f1b-4177-9bab-f489de317318][fdfbd39c-aa59-4b23-a3ac-5f2ddfb5b1b8] Ref image 6/7: downloading from URL...
2026-09-05T14:15:57.508Z [8951df4d-6f1b-4177-9bab-f489de317318][fdfbd39c-aa59-4b23-a3ac-5f2ddfb5b1b8] Ref image 6/7: saved 437505 bytes (image/jpeg) as "Blue Pool Color Bottle.jpeg"
2026-09-05T14:15:57.516Z [8951df4d-6f1b-4177-9bab-f489de317318][fdfbd39c-aa59-4b23-a3ac-5f2ddfb5b1b8] Ref image 6/7: attaching reference image...
2026-09-05T14:15:59.672Z [8951df4d-6f1b-4177-9bab-f489de317318][fdfbd39c-aa59-4b23-a3ac-5f2ddfb5b1b8] Ref image 6/7: reusing library asset "Blue Pool Color Bottle.jpeg" (no re-upload).
2026-09-05T14:16:02.660Z [8951df4d-6f1b-4177-9bab-f489de317318][fdfbd39c-aa59-4b23-a3ac-5f2ddfb5b1b8] Ref image 6/7: chips 5→6 ✓
2026-09-05T14:16:03.862Z [8951df4d-6f1b-4177-9bab-f489de317318][fdfbd39c-aa59-4b23-a3ac-5f2ddfb5b1b8] Ref image 7/7: downloading from URL...
2026-09-05T14:16:04.188Z [8951df4d-6f1b-4177-9bab-f489de317318][fdfbd39c-aa59-4b23-a3ac-5f2ddfb5b1b8] Ref image 7/7: saved 403771 bytes (image/jpeg) as "Pink Pool Color Bottle.jpeg"
2026-09-05T14:16:04.197Z [8951df4d-6f1b-4177-9bab-f489de317318][fdfbd39c-aa59-4b23-a3ac-5f2ddfb5b1b8] Ref image 7/7: attaching reference image...
2026-09-05T14:16:06.276Z [8951df4d-6f1b-4177-9bab-f489de317318][fdfbd39c-aa59-4b23-a3ac-5f2ddfb5b1b8] Ref image 7/7: reusing library asset "Pink Pool Color Bottle.jpeg" (no re-upload).
2026-09-05T14:16:10.032Z [8951df4d-6f1b-4177-9bab-f489de317318][fdfbd39c-aa59-4b23-a3ac-5f2ddfb5b1b8] Ref image 7/7: chips 6→7 ✓
2026-09-05T14:16:10.050Z [8951df4d-6f1b-4177-9bab-f489de317318][fdfbd39c-aa59-4b23-a3ac-5f2ddfb5b1b8] Entering prompt...
2026-09-05T14:16:12.030Z [8951df4d-6f1b-4177-9bab-f489de317318][fdfbd39c-aa59-4b23-a3ac-5f2ddfb5b1b8] Prompt is 2141 chars — typing it in 25 chunk(s).
2026-09-05T14:16:24.004Z [8951df4d-6f1b-4177-9bab-f489de317318][fdfbd39c-aa59-4b23-a3ac-5f2ddfb5b1b8] Prompt insert attempt 1: editor has 2008 chars (want ~2135) ✓
2026-09-05T14:16:25.737Z [8951df4d-6f1b-4177-9bab-f489de317318][fdfbd39c-aa59-4b23-a3ac-5f2ddfb5b1b8] Baseline: 27 pre-existing media tile(s) of 27 mounted (kinds: image,image,image,image,image,image,image,image,image,image,image,image,image,image,image,image,image,image,image,image,image,image,image,image,image,image,image).
2026-09-05T14:16:27.950Z [8951df4d-6f1b-4177-9bab-f489de317318][fdfbd39c-aa59-4b23-a3ac-5f2ddfb5b1b8] [submit] confirmed (editor "What do you want to ", fresh tile=true).
2026-09-05T14:16:28.398Z [8951df4d-6f1b-4177-9bab-f489de317318][fdfbd39c-aa59-4b23-a3ac-5f2ddfb5b1b8] Current Workspace project URL: https://flow.google.com/project/390215dc-290f-4b92-a7f0-dd2b6651acfb?hl=en
2026-09-05T14:16:28.401Z [8951df4d-6f1b-4177-9bab-f489de317318][fdfbd39c-aa59-4b23-a3ac-5f2ddfb5b1b8] Submitted ✓ Detecting batch size...
2026-09-05T14:16:28.428Z [8951df4d-6f1b-4177-9bab-f489de317318][fdfbd39c-aa59-4b23-a3ac-5f2ddfb5b1b8] New tile(s) since submit: 0 → 4 (mounted=27)
2026-09-05T14:16:32.841Z [8951df4d-6f1b-4177-9bab-f489de317318][fdfbd39c-aa59-4b23-a3ac-5f2ddfb5b1b8] Batch size stabilised at 4 new tile(s)
2026-09-05T14:16:32.842Z [8951df4d-6f1b-4177-9bab-f489de317318][fdfbd39c-aa59-4b23-a3ac-5f2ddfb5b1b8] Batch detected: 4 item(s). Generating...
2026-09-05T14:16:32.843Z [8951df4d-6f1b-4177-9bab-f489de317318][fdfbd39c-aa59-4b23-a3ac-5f2ddfb5b1b8] Polling for 4 image item(s) (baseline=27, hasUpload=true)...
2026-09-05T14:16:32.861Z [8951df4d-6f1b-4177-9bab-f489de317318][fdfbd39c-aa59-4b23-a3ac-5f2ddfb5b1b8] Generating... 0 ready, 0 failed / 4 total (0s) image 35% [NHÂN VẬT] image 35% [NHÂN VẬT] image 35% [NHÂN VẬT] image 35% [NHÂN VẬT]
2026-09-05T14:16:35.885Z [8951df4d-6f1b-4177-9bab-f489de317318][fdfbd39c-aa59-4b23-a3ac-5f2ddfb5b1b8] Generating... 0 ready, 0 failed / 4 total (3s) image 55% [NHÂN VẬT] image 55% [NHÂN VẬT] image 55% [NHÂN VẬT] image 55% [NHÂN VẬT]
2026-09-05T14:16:38.913Z [8951df4d-6f1b-4177-9bab-f489de317318][fdfbd39c-aa59-4b23-a3ac-5f2ddfb5b1b8] Generating... 0 ready, 0 failed / 4 total (6s) image 75% [NHÂN VẬT] image 75% [NHÂN VẬT] image 75% [NHÂN VẬT] image 75% [NHÂN VẬT]
2026-09-05T14:16:41.935Z [8951df4d-6f1b-4177-9bab-f489de317318][fdfbd39c-aa59-4b23-a3ac-5f2ddfb5b1b8] Generating... 0 ready, 0 failed / 4 total (9s) image 95% [NHÂN VẬT] image 95% [NHÂN VẬT] image 95% [NHÂN VẬT] image 95% [NHÂN VẬT]
2026-09-05T14:16:44.968Z [8951df4d-6f1b-4177-9bab-f489de317318][fdfbd39c-aa59-4b23-a3ac-5f2ddfb5b1b8] Generating... 0 ready, 0 failed / 4 total (12s) image 99% [NHÂN VẬT] image 99% [NHÂN VẬT] image 99% [NHÂN VẬT] image 99% [NHÂN VẬT]
2026-09-05T14:16:47.996Z [8951df4d-6f1b-4177-9bab-f489de317318][fdfbd39c-aa59-4b23-a3ac-5f2ddfb5b1b8] Generating... 0 ready, 0 failed / 4 total (15s) image 99% [NHÂN VẬT] image 99% [NHÂN VẬT] image 99% [NHÂN VẬT] image 99% [NHÂN VẬT]
2026-09-05T14:16:51.021Z [8951df4d-6f1b-4177-9bab-f489de317318][fdfbd39c-aa59-4b23-a3ac-5f2ddfb5b1b8] Generating... 0 ready, 0 failed / 4 total (18s) image 99% [NHÂN VẬT] image 99% [NHÂN VẬT] image 99% [NHÂN VẬT] image 99% [NHÂN VẬT]
2026-09-05T14:16:54.049Z [8951df4d-6f1b-4177-9bab-f489de317318][fdfbd39c-aa59-4b23-a3ac-5f2ddfb5b1b8] Generating... 0 ready, 0 failed / 4 total (21s) image 99% [NHÂN VẬT] image 99% [NHÂN VẬT] image 99% [NHÂN VẬT] image 99% [NHÂN VẬT]
2026-09-05T14:16:57.075Z [8951df4d-6f1b-4177-9bab-f489de317318][fdfbd39c-aa59-4b23-a3ac-5f2ddfb5b1b8] Generating... 0 ready, 0 failed / 4 total (24s) image 99% [NHÂN VẬT] image 99% [NHÂN VẬT] image 99% [NHÂN VẬT] image 99% [NHÂN VẬT]
2026-09-05T14:17:00.100Z [8951df4d-6f1b-4177-9bab-f489de317318][fdfbd39c-aa59-4b23-a3ac-5f2ddfb5b1b8] Generating... 0 ready, 0 failed / 4 total (27s) image 99% [NHÂN VẬT] image 99% [NHÂN VẬT] image 99% [NHÂN VẬT] image 99% [NHÂN VẬT]
2026-09-05T14:17:03.137Z [8951df4d-6f1b-4177-9bab-f489de317318][fdfbd39c-aa59-4b23-a3ac-5f2ddfb5b1b8] Generating... 0 ready, 0 failed / 4 total (30s) image 99% [NHÂN VẬT] image 99% [NHÂN VẬT] image 99% [NHÂN VẬT] image 99% [NHÂN VẬT]
2026-09-05T14:17:06.170Z [8951df4d-6f1b-4177-9bab-f489de317318][fdfbd39c-aa59-4b23-a3ac-5f2ddfb5b1b8] Generating... 0 ready, 0 failed / 4 total (33s) image 99% [NHÂN VẬT] image 99% [NHÂN VẬT] image 99% [NHÂN VẬT] image 99% [NHÂN VẬT]
2026-09-05T14:17:09.194Z [8951df4d-6f1b-4177-9bab-f489de317318][fdfbd39c-aa59-4b23-a3ac-5f2ddfb5b1b8] Generating... 0 ready, 0 failed / 4 total (36s) image 99% [NHÂN VẬT] image 99% [NHÂN VẬT] image 99% [NHÂN VẬT] image 99% [NHÂN VẬT]
2026-09-05T14:17:12.244Z [8951df4d-6f1b-4177-9bab-f489de317318][fdfbd39c-aa59-4b23-a3ac-5f2ddfb5b1b8] Generating... 0 ready, 0 failed / 4 total (39s) image 99% [NHÂN VẬT] [NHÂN VẬT]Arlo, Ness image 100% [NHÂN VẬT [NHÂN VẬT]Arlo, Ness
2026-09-05T14:17:15.272Z [8951df4d-6f1b-4177-9bab-f489de317318][fdfbd39c-aa59-4b23-a3ac-5f2ddfb5b1b8] Generating... 3 ready, 0 failed / 4 total (42s) image 99% [NHÂN VẬT]
2026-09-05T14:17:18.306Z [8951df4d-6f1b-4177-9bab-f489de317318][fdfbd39c-aa59-4b23-a3ac-5f2ddfb5b1b8] Generating... 3 ready, 0 failed / 4 total (45s) image 99% [NHÂN VẬT]
2026-09-05T14:17:21.338Z [8951df4d-6f1b-4177-9bab-f489de317318][fdfbd39c-aa59-4b23-a3ac-5f2ddfb5b1b8] Generating... 3 ready, 0 failed / 4 total (48s) image 99% [NHÂN VẬT]
2026-09-05T14:17:24.364Z [8951df4d-6f1b-4177-9bab-f489de317318][fdfbd39c-aa59-4b23-a3ac-5f2ddfb5b1b8] Generating... 3 ready, 0 failed / 4 total (52s) image 99% [NHÂN VẬT]
2026-09-05T14:17:27.402Z [8951df4d-6f1b-4177-9bab-f489de317318][fdfbd39c-aa59-4b23-a3ac-5f2ddfb5b1b8] Generating... 3 ready, 0 failed / 4 total (55s) image 99% [NHÂN VẬT]
2026-09-05T14:17:30.438Z [8951df4d-6f1b-4177-9bab-f489de317318][fdfbd39c-aa59-4b23-a3ac-5f2ddfb5b1b8] Generating... 3 ready, 0 failed / 4 total (58s) image 99% [NHÂN VẬT]
2026-09-05T14:17:33.467Z [8951df4d-6f1b-4177-9bab-f489de317318][fdfbd39c-aa59-4b23-a3ac-5f2ddfb5b1b8] Generating... 3 ready, 0 failed / 4 total (61s) image 99% [NHÂN VẬT]
2026-09-05T14:17:36.486Z [8951df4d-6f1b-4177-9bab-f489de317318][fdfbd39c-aa59-4b23-a3ac-5f2ddfb5b1b8] Generating... 3 ready, 0 failed / 4 total (64s) image 99% [NHÂN VẬT]
2026-09-05T14:17:39.506Z [8951df4d-6f1b-4177-9bab-f489de317318][fdfbd39c-aa59-4b23-a3ac-5f2ddfb5b1b8] Generating... 3 ready, 0 failed / 4 total (67s) [NHÂN VẬT]Arlo, Ness
2026-09-05T14:17:42.523Z [8951df4d-6f1b-4177-9bab-f489de317318][fdfbd39c-aa59-4b23-a3ac-5f2ddfb5b1b8] Generating... 4 ready, 0 failed / 4 total (70s)
2026-09-05T14:17:42.523Z [8951df4d-6f1b-4177-9bab-f489de317318][fdfbd39c-aa59-4b23-a3ac-5f2ddfb5b1b8] Batch done: 4 ready (target 4), 0 failed, scanned 4.
2026-09-05T14:17:42.524Z [8951df4d-6f1b-4177-9bab-f489de317318][fdfbd39c-aa59-4b23-a3ac-5f2ddfb5b1b8] 4 item(s) ready! Downloading...
2026-09-05T14:17:42.525Z [8951df4d-6f1b-4177-9bab-f489de317318][fdfbd39c-aa59-4b23-a3ac-5f2ddfb5b1b8] Item 1: Downloading from URL https://flow-content.google/image/d3cbcf95-8d6b-4ce7-bba0-e90e9b53187f?Expires=1788639389&KeyName=labs-flow-prod-cdn-key&Signature=UYfJHDZDDk7PCp5yTjWYSHykW2s
2026-09-05T14:17:42.838Z [8951df4d-6f1b-4177-9bab-f489de317318][fdfbd39c-aa59-4b23-a3ac-5f2ddfb5b1b8] Downloaded 1/4: winai_2026-09-05T14-17-42_01.jpg
2026-09-05T14:17:42.839Z [8951df4d-6f1b-4177-9bab-f489de317318][fdfbd39c-aa59-4b23-a3ac-5f2ddfb5b1b8] Item 2: Downloading from URL https://flow-content.google/image/7cf9fda3-5f08-449f-baef-b1d6dca7e9c3?Expires=1788639388&KeyName=labs-flow-prod-cdn-key&Signature=_fTNQhAnAu1HZSGKDfqKnva1L-k
2026-09-05T14:17:42.951Z [8951df4d-6f1b-4177-9bab-f489de317318][fdfbd39c-aa59-4b23-a3ac-5f2ddfb5b1b8] Downloaded 2/4: winai_2026-09-05T14-17-42_02.jpg
2026-09-05T14:17:42.952Z [8951df4d-6f1b-4177-9bab-f489de317318][fdfbd39c-aa59-4b23-a3ac-5f2ddfb5b1b8] Item 3: Downloading from URL https://flow-content.google/image/9f2f0fe3-719f-4b44-a644-4cfab897384c?Expires=1788639387&KeyName=labs-flow-prod-cdn-key&Signature=Iz9xUMCnXWLqoP3iAMtBCye91Bc
2026-09-05T14:17:43.082Z [8951df4d-6f1b-4177-9bab-f489de317318][fdfbd39c-aa59-4b23-a3ac-5f2ddfb5b1b8] Downloaded 3/4: winai_2026-09-05T14-17-42_03.jpg
2026-09-05T14:17:43.084Z [8951df4d-6f1b-4177-9bab-f489de317318][fdfbd39c-aa59-4b23-a3ac-5f2ddfb5b1b8] Item 4: Downloading from URL https://flow-content.google/image/766b389a-a8dd-44df-9567-b3168fa7350b?Expires=1788639386&KeyName=labs-flow-prod-cdn-key&Signature=LX5LjF1gv1gqecm7_RHrLIc8Z7o
2026-09-05T14:17:43.209Z [8951df4d-6f1b-4177-9bab-f489de317318][fdfbd39c-aa59-4b23-a3ac-5f2ddfb5b1b8] Downloaded 4/4: winai_2026-09-05T14-17-42_04.jpg
2026-09-05T14:17:43.210Z [8951df4d-6f1b-4177-9bab-f489de317318][fdfbd39c-aa59-4b23-a3ac-5f2ddfb5b1b8] ✅ 4 item(s) saved to Downloads/Win AI Toolkit/
2026-09-05T14:17:43.465Z [8dc282f3-49da-4223-9dbf-6499726a6271][fdfbd39c-aa59-4b23-a3ac-5f2ddfb5b1b8] runGeneration starting: task_id=8dc282f3-49da-4223-9dbf-6499726a6271, profile_id=fdfbd39c-aa59-4b23-a3ac-5f2ddfb5b1b8, target_site=google_flow
2026-09-05T14:17:43.469Z [8dc282f3-49da-4223-9dbf-6499726a6271][fdfbd39c-aa59-4b23-a3ac-5f2ddfb5b1b8] Opening Playwright browser with persistent profile cookies...
2026-09-05T14:17:43.473Z [8dc282f3-49da-4223-9dbf-6499726a6271][fdfbd39c-aa59-4b23-a3ac-5f2ddfb5b1b8] Browser engine: winhide (C:\Users\MienTrungComputer\AppData\Roaming\com.tank.winai\winhide\chrome.exe) [hidden off-screen]
2026-09-05T14:17:43.476Z [8dc282f3-49da-4223-9dbf-6499726a6271][fdfbd39c-aa59-4b23-a3ac-5f2ddfb5b1b8] Launch mode: STEALTH (raw spawn + connectOverCDP)
2026-09-05T14:17:43.843Z [8951df4d-6f1b-4177-9bab-f489de317318][fdfbd39c-aa59-4b23-a3ac-5f2ddfb5b1b8] Item 1: Uploaded → https://studio.xanhmedia.vn/uploads/2026-09/1788617862840_ae94aa_fdfbd39c-aa59-4b23-a3ac-5f2ddfb5b1b8_895.jpg
2026-09-05T14:17:43.850Z [8951df4d-6f1b-4177-9bab-f489de317318][fdfbd39c-aa59-4b23-a3ac-5f2ddfb5b1b8] Item 2: Uploaded → https://studio.xanhmedia.vn/uploads/2026-09/1788617862847_fa3e87_fdfbd39c-aa59-4b23-a3ac-5f2ddfb5b1b8_895.jpg
2026-09-05T14:17:43.875Z [8951df4d-6f1b-4177-9bab-f489de317318][fdfbd39c-aa59-4b23-a3ac-5f2ddfb5b1b8] Item 3: Uploaded → https://studio.xanhmedia.vn/uploads/2026-09/1788617862867_db4ff4_fdfbd39c-aa59-4b23-a3ac-5f2ddfb5b1b8_895.jpg
2026-09-05T14:17:43.882Z [8951df4d-6f1b-4177-9bab-f489de317318][fdfbd39c-aa59-4b23-a3ac-5f2ddfb5b1b8] Item 4: Uploaded → https://studio.xanhmedia.vn/uploads/2026-09/1788617862880_ec75d2_fdfbd39c-aa59-4b23-a3ac-5f2ddfb5b1b8_895.jpg
2026-09-05T14:17:43.888Z [8951df4d-6f1b-4177-9bab-f489de317318][fdfbd39c-aa59-4b23-a3ac-5f2ddfb5b1b8] All done (including any 1080p upgrades). Closing Playwright browser context.
2026-09-05T14:17:46.402Z [8dc282f3-49da-4223-9dbf-6499726a6271][fdfbd39c-aa59-4b23-a3ac-5f2ddfb5b1b8] Exit IP: 125.212.158.158
2026-09-05T14:17:46.403Z [8dc282f3-49da-4223-9dbf-6499726a6271][fdfbd39c-aa59-4b23-a3ac-5f2ddfb5b1b8] Navigating browser to Google Flow tools page...
2026-09-05T14:17:46.405Z [8dc282f3-49da-4223-9dbf-6499726a6271][fdfbd39c-aa59-4b23-a3ac-5f2ddfb5b1b8] Using existing project URL: https://flow.google.com/project/390215dc-290f-4b92-a7f0-dd2b6651acfb?hl=en
2026-09-05T14:17:47.659Z [8dc282f3-49da-4223-9dbf-6499726a6271][fdfbd39c-aa59-4b23-a3ac-5f2ddfb5b1b8] Waiting for Google Flow...
2026-09-05T14:17:49.310Z [8dc282f3-49da-4223-9dbf-6499726a6271][fdfbd39c-aa59-4b23-a3ac-5f2ddfb5b1b8] In existing project ✓
2026-09-05T14:17:50.453Z [8dc282f3-49da-4223-9dbf-6499726a6271][fdfbd39c-aa59-4b23-a3ac-5f2ddfb5b1b8] dismissPopups: unresolved overlay(s) ["IFRAME[presentation]|btns="]
2026-09-05T14:17:52.337Z [8dc282f3-49da-4223-9dbf-6499726a6271][fdfbd39c-aa59-4b23-a3ac-5f2ddfb5b1b8] Composer ready ✓ (UI language: en)
2026-09-05T14:17:52.396Z [8dc282f3-49da-4223-9dbf-6499726a6271][fdfbd39c-aa59-4b23-a3ac-5f2ddfb5b1b8] dismissPopups: clicked "Dismiss credit banner" (overlay)
2026-09-05T14:17:52.937Z [8dc282f3-49da-4223-9dbf-6499726a6271][fdfbd39c-aa59-4b23-a3ac-5f2ddfb5b1b8] dismissPopups: unresolved overlay(s) ["DIV[]|btns=","DIV[]|btns="]
2026-09-05T14:17:52.960Z [8dc282f3-49da-4223-9dbf-6499726a6271][fdfbd39c-aa59-4b23-a3ac-5f2ddfb5b1b8] Agent toggle aria-pressed=false
2026-09-05T14:17:52.962Z [8dc282f3-49da-4223-9dbf-6499726a6271][fdfbd39c-aa59-4b23-a3ac-5f2ddfb5b1b8] Opening settings...
2026-09-05T14:17:54.947Z [8dc282f3-49da-4223-9dbf-6499726a6271][fdfbd39c-aa59-4b23-a3ac-5f2ddfb5b1b8] Configuring image settings...
2026-09-05T14:17:57.020Z [8dc282f3-49da-4223-9dbf-6499726a6271][fdfbd39c-aa59-4b23-a3ac-5f2ddfb5b1b8] Mode: selected "image Image" ✓
2026-09-05T14:18:02.627Z [8dc282f3-49da-4223-9dbf-6499726a6271][fdfbd39c-aa59-4b23-a3ac-5f2ddfb5b1b8] Model: selected "🍌 Nano Banana 2" ✓
2026-09-05T14:18:03.201Z [8dc282f3-49da-4223-9dbf-6499726a6271][fdfbd39c-aa59-4b23-a3ac-5f2ddfb5b1b8] Aspect ratio: "crop_16_9 16:9" already selected ✓
2026-09-05T14:18:04.684Z [8dc282f3-49da-4223-9dbf-6499726a6271][fdfbd39c-aa59-4b23-a3ac-5f2ddfb5b1b8] Output count: selected "x4" ✓
2026-09-05T14:18:05.879Z [8dc282f3-49da-4223-9dbf-6499726a6271][fdfbd39c-aa59-4b23-a3ac-5f2ddfb5b1b8] Ref image 1/5: downloading from URL...
2026-09-05T14:18:06.213Z [8dc282f3-49da-4223-9dbf-6499726a6271][fdfbd39c-aa59-4b23-a3ac-5f2ddfb5b1b8] Downloader: no-proxy request context ready.
2026-09-05T14:18:06.751Z [8dc282f3-49da-4223-9dbf-6499726a6271][fdfbd39c-aa59-4b23-a3ac-5f2ddfb5b1b8] Ref image 1/5: saved 566164 bytes (image/jpeg) as "Arlo Vale Color Pool War Swim.jpeg"
2026-09-05T14:18:06.759Z [8dc282f3-49da-4223-9dbf-6499726a6271][fdfbd39c-aa59-4b23-a3ac-5f2ddfb5b1b8] Ref image 1/5: attaching reference image...
2026-09-05T14:18:09.200Z [8dc282f3-49da-4223-9dbf-6499726a6271][fdfbd39c-aa59-4b23-a3ac-5f2ddfb5b1b8] Ref image 1/5: reusing library asset "Arlo Vale Color Pool War Swim.jpeg" (no re-upload).
2026-09-05T14:18:12.218Z [8dc282f3-49da-4223-9dbf-6499726a6271][fdfbd39c-aa59-4b23-a3ac-5f2ddfb5b1b8] Ref image 1/5: chips 0→1 ✓
2026-09-05T14:18:13.351Z [8dc282f3-49da-4223-9dbf-6499726a6271][fdfbd39c-aa59-4b23-a3ac-5f2ddfb5b1b8] Ref image 2/5: downloading from URL...
2026-09-05T14:18:13.706Z [8dc282f3-49da-4223-9dbf-6499726a6271][fdfbd39c-aa59-4b23-a3ac-5f2ddfb5b1b8] Ref image 2/5: saved 648250 bytes (image/jpeg) as "Nessa Vale Color Pool War Swim.jpeg"
2026-09-05T14:18:13.722Z [8dc282f3-49da-4223-9dbf-6499726a6271][fdfbd39c-aa59-4b23-a3ac-5f2ddfb5b1b8] Ref image 2/5: attaching reference image...
2026-09-05T14:18:15.760Z [8dc282f3-49da-4223-9dbf-6499726a6271][fdfbd39c-aa59-4b23-a3ac-5f2ddfb5b1b8] Ref image 2/5: reusing library asset "Nessa Vale Color Pool War Swim.jpeg" (no re-upload).
2026-09-05T14:18:19.294Z [8dc282f3-49da-4223-9dbf-6499726a6271][fdfbd39c-aa59-4b23-a3ac-5f2ddfb5b1b8] Ref image 2/5: chips 1→2 ✓
2026-09-05T14:18:20.689Z [8dc282f3-49da-4223-9dbf-6499726a6271][fdfbd39c-aa59-4b23-a3ac-5f2ddfb5b1b8] Ref image 3/5: downloading from URL...
2026-09-05T14:18:21.043Z [8dc282f3-49da-4223-9dbf-6499726a6271][fdfbd39c-aa59-4b23-a3ac-5f2ddfb5b1b8] Ref image 3/5: saved 585044 bytes (image/jpeg) as "Arlo Family Inflatable Pool Progress Set.jpeg"
2026-09-05T14:18:21.048Z [8dc282f3-49da-4223-9dbf-6499726a6271][fdfbd39c-aa59-4b23-a3ac-5f2ddfb5b1b8] Ref image 3/5: attaching reference image...
2026-09-05T14:18:22.760Z [8dc282f3-49da-4223-9dbf-6499726a6271][fdfbd39c-aa59-4b23-a3ac-5f2ddfb5b1b8] Ref image 3/5: reusing library asset "Arlo Family Inflatable Pool Progress Set.jpeg" (no re-upload).
2026-09-05T14:18:26.253Z [8dc282f3-49da-4223-9dbf-6499726a6271][fdfbd39c-aa59-4b23-a3ac-5f2ddfb5b1b8] Ref image 3/5: chips 2→3 ✓
2026-09-05T14:18:27.881Z [8dc282f3-49da-4223-9dbf-6499726a6271][fdfbd39c-aa59-4b23-a3ac-5f2ddfb5b1b8] Ref image 4/5: downloading from URL...
2026-09-05T14:18:28.223Z [8dc282f3-49da-4223-9dbf-6499726a6271][fdfbd39c-aa59-4b23-a3ac-5f2ddfb5b1b8] Ref image 4/5: saved 673531 bytes (image/jpeg) as "Color Pool Water State Set.jpeg"
2026-09-05T14:18:28.230Z [8dc282f3-49da-4223-9dbf-6499726a6271][fdfbd39c-aa59-4b23-a3ac-5f2ddfb5b1b8] Ref image 4/5: attaching reference image...
2026-09-05T14:18:30.376Z [8dc282f3-49da-4223-9dbf-6499726a6271][fdfbd39c-aa59-4b23-a3ac-5f2ddfb5b1b8] Ref image 4/5: reusing library asset "Color Pool Water State Set.jpeg" (no re-upload).
2026-09-05T14:18:34.041Z [8dc282f3-49da-4223-9dbf-6499726a6271][fdfbd39c-aa59-4b23-a3ac-5f2ddfb5b1b8] Ref image 4/5: chips 3→4 ✓
2026-09-05T14:18:35.578Z [8dc282f3-49da-4223-9dbf-6499726a6271][fdfbd39c-aa59-4b23-a3ac-5f2ddfb5b1b8] Ref image 5/5: downloading from URL...
2026-09-05T14:18:35.952Z [8dc282f3-49da-4223-9dbf-6499726a6271][fdfbd39c-aa59-4b23-a3ac-5f2ddfb5b1b8] Ref image 5/5: saved 525462 bytes (image/jpeg) as "Red White Pool Divider Rope.jpeg"
2026-09-05T14:18:35.957Z [8dc282f3-49da-4223-9dbf-6499726a6271][fdfbd39c-aa59-4b23-a3ac-5f2ddfb5b1b8] Ref image 5/5: attaching reference image...
2026-09-05T14:18:38.496Z [8dc282f3-49da-4223-9dbf-6499726a6271][fdfbd39c-aa59-4b23-a3ac-5f2ddfb5b1b8] Ref image 5/5: reusing library asset "Red White Pool Divider Rope.jpeg" (no re-upload).
2026-09-05T14:18:42.329Z [8dc282f3-49da-4223-9dbf-6499726a6271][fdfbd39c-aa59-4b23-a3ac-5f2ddfb5b1b8] Ref image 5/5: chips 4→5 ✓
2026-09-05T14:18:42.346Z [8dc282f3-49da-4223-9dbf-6499726a6271][fdfbd39c-aa59-4b23-a3ac-5f2ddfb5b1b8] Entering prompt...
2026-09-05T14:18:44.244Z [8dc282f3-49da-4223-9dbf-6499726a6271][fdfbd39c-aa59-4b23-a3ac-5f2ddfb5b1b8] Prompt is 2141 chars — typing it in 24 chunk(s).
2026-09-05T14:18:54.848Z [8dc282f3-49da-4223-9dbf-6499726a6271][fdfbd39c-aa59-4b23-a3ac-5f2ddfb5b1b8] Prompt insert attempt 1: editor has 2008 chars (want ~2135) ✓
2026-09-05T14:18:56.957Z [8dc282f3-49da-4223-9dbf-6499726a6271][fdfbd39c-aa59-4b23-a3ac-5f2ddfb5b1b8] Baseline: 27 pre-existing media tile(s) of 27 mounted (kinds: image,image,image,image,image,image,image,image,image,image,image,image,image,image,image,image,image,image,image,image,image,image,image,image,image,image,image).
2026-09-05T14:18:59.136Z [8dc282f3-49da-4223-9dbf-6499726a6271][fdfbd39c-aa59-4b23-a3ac-5f2ddfb5b1b8] [submit] confirmed (editor "What do you want to ", fresh tile=true).
2026-09-05T14:18:59.557Z [8dc282f3-49da-4223-9dbf-6499726a6271][fdfbd39c-aa59-4b23-a3ac-5f2ddfb5b1b8] Current Workspace project URL: https://flow.google.com/project/390215dc-290f-4b92-a7f0-dd2b6651acfb?hl=en
2026-09-05T14:18:59.558Z [8dc282f3-49da-4223-9dbf-6499726a6271][fdfbd39c-aa59-4b23-a3ac-5f2ddfb5b1b8] Submitted ✓ Detecting batch size...
2026-09-05T14:18:59.603Z [8dc282f3-49da-4223-9dbf-6499726a6271][fdfbd39c-aa59-4b23-a3ac-5f2ddfb5b1b8] New tile(s) since submit: 0 → 4 (mounted=27)
2026-09-05T14:19:03.871Z [8dc282f3-49da-4223-9dbf-6499726a6271][fdfbd39c-aa59-4b23-a3ac-5f2ddfb5b1b8] Batch size stabilised at 4 new tile(s)
2026-09-05T14:19:03.871Z [8dc282f3-49da-4223-9dbf-6499726a6271][fdfbd39c-aa59-4b23-a3ac-5f2ddfb5b1b8] Batch detected: 4 item(s). Generating...
2026-09-05T14:19:03.872Z [8dc282f3-49da-4223-9dbf-6499726a6271][fdfbd39c-aa59-4b23-a3ac-5f2ddfb5b1b8] Polling for 4 image item(s) (baseline=27, hasUpload=true)...
2026-09-05T14:19:03.909Z [8dc282f3-49da-4223-9dbf-6499726a6271][fdfbd39c-aa59-4b23-a3ac-5f2ddfb5b1b8] Generating... 0 ready, 0 failed / 4 total (0s) image 35% [NHÂN VẬT] image 35% [NHÂN VẬT] image 35% [NHÂN VẬT] image 35% [NHÂN VẬT]
2026-09-05T14:19:06.938Z [8dc282f3-49da-4223-9dbf-6499726a6271][fdfbd39c-aa59-4b23-a3ac-5f2ddfb5b1b8] Generating... 0 ready, 0 failed / 4 total (3s) image 55% [NHÂN VẬT] image 55% [NHÂN VẬT] image 55% [NHÂN VẬT] image 55% [NHÂN VẬT]
2026-09-05T14:19:09.962Z [8dc282f3-49da-4223-9dbf-6499726a6271][fdfbd39c-aa59-4b23-a3ac-5f2ddfb5b1b8] Generating... 0 ready, 0 failed / 4 total (6s) image 75% [NHÂN VẬT] image 75% [NHÂN VẬT] image 75% [NHÂN VẬT] image 75% [NHÂN VẬT]
2026-09-05T14:19:12.981Z [8dc282f3-49da-4223-9dbf-6499726a6271][fdfbd39c-aa59-4b23-a3ac-5f2ddfb5b1b8] Generating... 0 ready, 0 failed / 4 total (9s) image 95% [NHÂN VẬT] image 95% [NHÂN VẬT] image 95% [NHÂN VẬT] image 95% [NHÂN VẬT]
2026-09-05T14:19:16.013Z [8dc282f3-49da-4223-9dbf-6499726a6271][fdfbd39c-aa59-4b23-a3ac-5f2ddfb5b1b8] Generating... 0 ready, 0 failed / 4 total (12s) image 99% [NHÂN VẬT] image 99% [NHÂN VẬT] image 99% [NHÂN VẬT] image 99% [NHÂN VẬT]
2026-09-05T14:19:19.037Z [8dc282f3-49da-4223-9dbf-6499726a6271][fdfbd39c-aa59-4b23-a3ac-5f2ddfb5b1b8] Generating... 0 ready, 0 failed / 4 total (15s) image 99% [NHÂN VẬT] image 99% [NHÂN VẬT] image 99% [NHÂN VẬT] image 99% [NHÂN VẬT]
2026-09-05T14:19:22.061Z [8dc282f3-49da-4223-9dbf-6499726a6271][fdfbd39c-aa59-4b23-a3ac-5f2ddfb5b1b8] Generating... 0 ready, 0 failed / 4 total (18s) image 99% [NHÂN VẬT] image 99% [NHÂN VẬT] image 99% [NHÂN VẬT] image 99% [NHÂN VẬT]
2026-09-05T14:19:25.100Z [8dc282f3-49da-4223-9dbf-6499726a6271][fdfbd39c-aa59-4b23-a3ac-5f2ddfb5b1b8] Generating... 0 ready, 0 failed / 4 total (21s) image 99% [NHÂN VẬT] image 99% [NHÂN VẬT] image 99% [NHÂN VẬT] image 99% [NHÂN VẬT]
2026-09-05T14:19:28.124Z [8dc282f3-49da-4223-9dbf-6499726a6271][fdfbd39c-aa59-4b23-a3ac-5f2ddfb5b1b8] Generating... 0 ready, 0 failed / 4 total (24s) image 99% [NHÂN VẬT] image 99% [NHÂN VẬT] image 99% [NHÂN VẬT] image 99% [NHÂN VẬT]
2026-09-05T14:19:31.149Z [8dc282f3-49da-4223-9dbf-6499726a6271][fdfbd39c-aa59-4b23-a3ac-5f2ddfb5b1b8] Generating... 0 ready, 0 failed / 4 total (27s) image 99% [NHÂN VẬT] image 99% [NHÂN VẬT] image 99% [NHÂN VẬT] image 99% [NHÂN VẬT]
2026-09-05T14:19:34.178Z [8dc282f3-49da-4223-9dbf-6499726a6271][fdfbd39c-aa59-4b23-a3ac-5f2ddfb5b1b8] Generating... 0 ready, 0 failed / 4 total (30s) image 99% [NHÂN VẬT] image 99% [NHÂN VẬT] image 99% [NHÂN VẬT] image 99% [NHÂN VẬT]
2026-09-05T14:19:37.204Z [8dc282f3-49da-4223-9dbf-6499726a6271][fdfbd39c-aa59-4b23-a3ac-5f2ddfb5b1b8] Generating... 0 ready, 0 failed / 4 total (33s) image 99% [NHÂN VẬT] image 99% [NHÂN VẬT] image 99% [NHÂN VẬT] image 99% [NHÂN VẬT]
2026-09-05T14:19:40.233Z [8dc282f3-49da-4223-9dbf-6499726a6271][fdfbd39c-aa59-4b23-a3ac-5f2ddfb5b1b8] Generating... 0 ready, 0 failed / 4 total (36s) image 99% [NHÂN VẬT] image 99% [NHÂN VẬT] image 99% [NHÂN VẬT] [NHÂN VẬT]Arlo, Ness
2026-09-05T14:19:43.270Z [8dc282f3-49da-4223-9dbf-6499726a6271][fdfbd39c-aa59-4b23-a3ac-5f2ddfb5b1b8] Generating... 1 ready, 0 failed / 4 total (39s) [NHÂN VẬT]Arlo, Ness image 99% [NHÂN VẬT] image 99% [NHÂN VẬT]
2026-09-05T14:19:46.304Z [8dc282f3-49da-4223-9dbf-6499726a6271][fdfbd39c-aa59-4b23-a3ac-5f2ddfb5b1b8] Generating... 2 ready, 0 failed / 4 total (42s) image 99% [NHÂN VẬT] [NHÂN VẬT]Arlo, Ness
2026-09-05T14:19:49.367Z [8dc282f3-49da-4223-9dbf-6499726a6271][fdfbd39c-aa59-4b23-a3ac-5f2ddfb5b1b8] Generating... 3 ready, 0 failed / 4 total (45s) image 99% [NHÂN VẬT]
2026-09-05T14:19:52.395Z [8dc282f3-49da-4223-9dbf-6499726a6271][fdfbd39c-aa59-4b23-a3ac-5f2ddfb5b1b8] Generating... 4 ready, 0 failed / 4 total (49s)
2026-09-05T14:19:52.396Z [8dc282f3-49da-4223-9dbf-6499726a6271][fdfbd39c-aa59-4b23-a3ac-5f2ddfb5b1b8] Batch done: 4 ready (target 4), 0 failed, scanned 4.
2026-09-05T14:19:52.398Z [8dc282f3-49da-4223-9dbf-6499726a6271][fdfbd39c-aa59-4b23-a3ac-5f2ddfb5b1b8] 4 item(s) ready! Downloading...
2026-09-05T14:19:52.406Z [8dc282f3-49da-4223-9dbf-6499726a6271][fdfbd39c-aa59-4b23-a3ac-5f2ddfb5b1b8] Item 1: Downloading from URL https://flow-content.google/image/2188e22c-0ba6-40ff-ac46-650ae0d7edfb?Expires=1788639540&KeyName=labs-flow-prod-cdn-key&Signature=CJS1r5tkTLaUTlHVG0YvF-pEp80
2026-09-05T14:19:52.710Z [8dc282f3-49da-4223-9dbf-6499726a6271][fdfbd39c-aa59-4b23-a3ac-5f2ddfb5b1b8] Downloaded 1/4: winai_2026-09-05T14-19-52_01.jpg
2026-09-05T14:19:52.713Z [8dc282f3-49da-4223-9dbf-6499726a6271][fdfbd39c-aa59-4b23-a3ac-5f2ddfb5b1b8] Item 2: Downloading from URL https://flow-content.google/image/1b8e2c2a-344e-4f14-90c2-570a6c8f02df?Expires=1788639539&KeyName=labs-flow-prod-cdn-key&Signature=5o3IX8JiBNJgPY7jcvNtlIUFyyM
2026-09-05T14:19:52.818Z [8dc282f3-49da-4223-9dbf-6499726a6271][fdfbd39c-aa59-4b23-a3ac-5f2ddfb5b1b8] Downloaded 2/4: winai_2026-09-05T14-19-52_02.jpg
2026-09-05T14:19:52.819Z [8dc282f3-49da-4223-9dbf-6499726a6271][fdfbd39c-aa59-4b23-a3ac-5f2ddfb5b1b8] Item 3: Downloading from URL https://flow-content.google/image/32ba1b87-511b-4b19-bb11-ad569ec8d62f?Expires=1788639538&KeyName=labs-flow-prod-cdn-key&Signature=zNxZRKkDSAPbycWBwZiWCxWWnTk
2026-09-05T14:19:52.926Z [8dc282f3-49da-4223-9dbf-6499726a6271][fdfbd39c-aa59-4b23-a3ac-5f2ddfb5b1b8] Downloaded 3/4: winai_2026-09-05T14-19-52_03.jpg
2026-09-05T14:19:52.928Z [8dc282f3-49da-4223-9dbf-6499726a6271][fdfbd39c-aa59-4b23-a3ac-5f2ddfb5b1b8] Item 4: Downloading from URL https://flow-content.google/image/c682c637-08e7-49cc-85ea-a7aed2113fe5?Expires=1788639538&KeyName=labs-flow-prod-cdn-key&Signature=nWtEY7KIgSkgXfH0Tz2m0cv-du4
2026-09-05T14:19:53.048Z [8dc282f3-49da-4223-9dbf-6499726a6271][fdfbd39c-aa59-4b23-a3ac-5f2ddfb5b1b8] Downloaded 4/4: winai_2026-09-05T14-19-52_04.jpg
2026-09-05T14:19:53.050Z [8dc282f3-49da-4223-9dbf-6499726a6271][fdfbd39c-aa59-4b23-a3ac-5f2ddfb5b1b8] ✅ 4 item(s) saved to Downloads/Win AI Toolkit/
2026-09-05T14:19:53.286Z [0219c329-7f62-49cb-be1d-a2a60e244c1a][fdfbd39c-aa59-4b23-a3ac-5f2ddfb5b1b8] runGeneration starting: task_id=0219c329-7f62-49cb-be1d-a2a60e244c1a, profile_id=fdfbd39c-aa59-4b23-a3ac-5f2ddfb5b1b8, target_site=google_flow
2026-09-05T14:19:53.287Z [0219c329-7f62-49cb-be1d-a2a60e244c1a][fdfbd39c-aa59-4b23-a3ac-5f2ddfb5b1b8] Opening Playwright browser with persistent profile cookies...
2026-09-05T14:19:53.287Z [0219c329-7f62-49cb-be1d-a2a60e244c1a][fdfbd39c-aa59-4b23-a3ac-5f2ddfb5b1b8] Browser engine: winhide (C:\Users\MienTrungComputer\AppData\Roaming\com.tank.winai\winhide\chrome.exe) [hidden off-screen]
2026-09-05T14:19:53.288Z [0219c329-7f62-49cb-be1d-a2a60e244c1a][fdfbd39c-aa59-4b23-a3ac-5f2ddfb5b1b8] Launch mode: STEALTH (raw spawn + connectOverCDP)
2026-09-05T14:19:53.678Z [8dc282f3-49da-4223-9dbf-6499726a6271][fdfbd39c-aa59-4b23-a3ac-5f2ddfb5b1b8] Item 1: Uploaded → https://studio.xanhmedia.vn/uploads/2026-09/1788617992674_ac6e9f_fdfbd39c-aa59-4b23-a3ac-5f2ddfb5b1b8_8dc.jpg
2026-09-05T14:19:53.707Z [8dc282f3-49da-4223-9dbf-6499726a6271][fdfbd39c-aa59-4b23-a3ac-5f2ddfb5b1b8] Item 4: Uploaded → https://studio.xanhmedia.vn/uploads/2026-09/1788617992705_9d7603_fdfbd39c-aa59-4b23-a3ac-5f2ddfb5b1b8_8dc.jpg
2026-09-05T14:19:53.751Z [8dc282f3-49da-4223-9dbf-6499726a6271][fdfbd39c-aa59-4b23-a3ac-5f2ddfb5b1b8] Item 3: Uploaded → https://studio.xanhmedia.vn/uploads/2026-09/1788617992729_c2a533_fdfbd39c-aa59-4b23-a3ac-5f2ddfb5b1b8_8dc.jpg
2026-09-05T14:19:53.752Z [8dc282f3-49da-4223-9dbf-6499726a6271][fdfbd39c-aa59-4b23-a3ac-5f2ddfb5b1b8] Item 2: Uploaded → https://studio.xanhmedia.vn/uploads/2026-09/1788617992739_555437_fdfbd39c-aa59-4b23-a3ac-5f2ddfb5b1b8_8dc.jpg
2026-09-05T14:19:53.754Z [8dc282f3-49da-4223-9dbf-6499726a6271][fdfbd39c-aa59-4b23-a3ac-5f2ddfb5b1b8] All done (including any 1080p upgrades). Closing Playwright browser context.
2026-09-05T14:20:01.729Z [0219c329-7f62-49cb-be1d-a2a60e244c1a][fdfbd39c-aa59-4b23-a3ac-5f2ddfb5b1b8] IP check failed: apiRequestContext.get: read ECONNRESET
Call log:
[2m  - → GET https://api.ipify.org/?format=json[22m
[2m    - user-agent: Mozilla/5.0 (Windows NT 10.0; Win64; x64) AppleWebKit/537.36 (KHTML, like Gecko) Chrome/142.0.0.0 Safari/537.36[22m
[2m    - accept: */*[22m
[2m    - accept-encoding: gzip,deflate,br[22m

2026-09-05T14:20:01.730Z [0219c329-7f62-49cb-be1d-a2a60e244c1a][fdfbd39c-aa59-4b23-a3ac-5f2ddfb5b1b8] Navigating browser to Google Flow tools page...
2026-09-05T14:20:01.731Z [0219c329-7f62-49cb-be1d-a2a60e244c1a][fdfbd39c-aa59-4b23-a3ac-5f2ddfb5b1b8] Using existing project URL: https://flow.google.com/project/390215dc-290f-4b92-a7f0-dd2b6651acfb?hl=en
2026-09-05T14:20:03.180Z [0219c329-7f62-49cb-be1d-a2a60e244c1a][fdfbd39c-aa59-4b23-a3ac-5f2ddfb5b1b8] Waiting for Google Flow...
2026-09-05T14:20:05.186Z [0219c329-7f62-49cb-be1d-a2a60e244c1a][fdfbd39c-aa59-4b23-a3ac-5f2ddfb5b1b8] In existing project ✓
2026-09-05T14:20:06.206Z [0219c329-7f62-49cb-be1d-a2a60e244c1a][fdfbd39c-aa59-4b23-a3ac-5f2ddfb5b1b8] dismissPopups: unresolved overlay(s) ["IFRAME[presentation]|btns="]
2026-09-05T14:20:08.053Z [0219c329-7f62-49cb-be1d-a2a60e244c1a][fdfbd39c-aa59-4b23-a3ac-5f2ddfb5b1b8] Composer ready ✓ (UI language: en)
2026-09-05T14:20:08.079Z [0219c329-7f62-49cb-be1d-a2a60e244c1a][fdfbd39c-aa59-4b23-a3ac-5f2ddfb5b1b8] dismissPopups: clicked "Dismiss credit banner" (overlay)
2026-09-05T14:20:08.594Z [0219c329-7f62-49cb-be1d-a2a60e244c1a][fdfbd39c-aa59-4b23-a3ac-5f2ddfb5b1b8] dismissPopups: unresolved overlay(s) ["DIV[]|btns=","DIV[]|btns="]
2026-09-05T14:20:08.621Z [0219c329-7f62-49cb-be1d-a2a60e244c1a][fdfbd39c-aa59-4b23-a3ac-5f2ddfb5b1b8] Agent toggle aria-pressed=false
2026-09-05T14:20:08.623Z [0219c329-7f62-49cb-be1d-a2a60e244c1a][fdfbd39c-aa59-4b23-a3ac-5f2ddfb5b1b8] Opening settings...
2026-09-05T14:20:10.607Z [0219c329-7f62-49cb-be1d-a2a60e244c1a][fdfbd39c-aa59-4b23-a3ac-5f2ddfb5b1b8] Configuring image settings...
2026-09-05T14:20:12.468Z [0219c329-7f62-49cb-be1d-a2a60e244c1a][fdfbd39c-aa59-4b23-a3ac-5f2ddfb5b1b8] Mode: selected "image Image" ✓
2026-09-05T14:20:17.462Z [0219c329-7f62-49cb-be1d-a2a60e244c1a][fdfbd39c-aa59-4b23-a3ac-5f2ddfb5b1b8] Model: selected "🍌 Nano Banana 2" ✓
2026-09-05T14:20:18.150Z [0219c329-7f62-49cb-be1d-a2a60e244c1a][fdfbd39c-aa59-4b23-a3ac-5f2ddfb5b1b8] Aspect ratio: "crop_16_9 16:9" already selected ✓
2026-09-05T14:20:19.432Z [0219c329-7f62-49cb-be1d-a2a60e244c1a][fdfbd39c-aa59-4b23-a3ac-5f2ddfb5b1b8] Output count: selected "x4" ✓
2026-09-05T14:20:20.462Z [0219c329-7f62-49cb-be1d-a2a60e244c1a][fdfbd39c-aa59-4b23-a3ac-5f2ddfb5b1b8] Ref image 1/5: downloading from URL...
2026-09-05T14:20:20.813Z [0219c329-7f62-49cb-be1d-a2a60e244c1a][fdfbd39c-aa59-4b23-a3ac-5f2ddfb5b1b8] Downloader: no-proxy request context ready.
2026-09-05T14:20:21.333Z [0219c329-7f62-49cb-be1d-a2a60e244c1a][fdfbd39c-aa59-4b23-a3ac-5f2ddfb5b1b8] Ref image 1/5: saved 566164 bytes (image/jpeg) as "Arlo Vale Color Pool War Swim.jpeg"
2026-09-05T14:20:21.345Z [0219c329-7f62-49cb-be1d-a2a60e244c1a][fdfbd39c-aa59-4b23-a3ac-5f2ddfb5b1b8] Ref image 1/5: attaching reference image...
2026-09-05T14:20:23.567Z [0219c329-7f62-49cb-be1d-a2a60e244c1a][fdfbd39c-aa59-4b23-a3ac-5f2ddfb5b1b8] Ref image 1/5: reusing library asset "Arlo Vale Color Pool War Swim.jpeg" (no re-upload).
2026-09-05T14:20:26.887Z [0219c329-7f62-49cb-be1d-a2a60e244c1a][fdfbd39c-aa59-4b23-a3ac-5f2ddfb5b1b8] Ref image 1/5: chips 0→1 ✓
2026-09-05T14:20:28.612Z [0219c329-7f62-49cb-be1d-a2a60e244c1a][fdfbd39c-aa59-4b23-a3ac-5f2ddfb5b1b8] Ref image 2/5: downloading from URL...
2026-09-05T14:20:29.217Z [0219c329-7f62-49cb-be1d-a2a60e244c1a][fdfbd39c-aa59-4b23-a3ac-5f2ddfb5b1b8] Ref image 2/5: saved 648250 bytes (image/jpeg) as "Nessa Vale Color Pool War Swim.jpeg"
2026-09-05T14:20:29.234Z [0219c329-7f62-49cb-be1d-a2a60e244c1a][fdfbd39c-aa59-4b23-a3ac-5f2ddfb5b1b8] Ref image 2/5: attaching reference image...
2026-09-05T14:20:31.230Z [0219c329-7f62-49cb-be1d-a2a60e244c1a][fdfbd39c-aa59-4b23-a3ac-5f2ddfb5b1b8] Ref image 2/5: reusing library asset "Nessa Vale Color Pool War Swim.jpeg" (no re-upload).
2026-09-05T14:20:34.665Z [0219c329-7f62-49cb-be1d-a2a60e244c1a][fdfbd39c-aa59-4b23-a3ac-5f2ddfb5b1b8] Ref image 2/5: chips 1→2 ✓
2026-09-05T14:20:35.904Z [0219c329-7f62-49cb-be1d-a2a60e244c1a][fdfbd39c-aa59-4b23-a3ac-5f2ddfb5b1b8] Ref image 3/5: downloading from URL...
2026-09-05T14:20:36.227Z [0219c329-7f62-49cb-be1d-a2a60e244c1a][fdfbd39c-aa59-4b23-a3ac-5f2ddfb5b1b8] Ref image 3/5: saved 585044 bytes (image/jpeg) as "Arlo Family Inflatable Pool Progress Set.jpeg"
2026-09-05T14:20:36.230Z [0219c329-7f62-49cb-be1d-a2a60e244c1a][fdfbd39c-aa59-4b23-a3ac-5f2ddfb5b1b8] Ref image 3/5: attaching reference image...
2026-09-05T14:20:38.567Z [0219c329-7f62-49cb-be1d-a2a60e244c1a][fdfbd39c-aa59-4b23-a3ac-5f2ddfb5b1b8] Ref image 3/5: reusing library asset "Arlo Family Inflatable Pool Progress Set.jpeg" (no re-upload).
2026-09-05T14:20:41.886Z [0219c329-7f62-49cb-be1d-a2a60e244c1a][fdfbd39c-aa59-4b23-a3ac-5f2ddfb5b1b8] Ref image 3/5: chips 2→3 ✓
2026-09-05T14:20:43.414Z [0219c329-7f62-49cb-be1d-a2a60e244c1a][fdfbd39c-aa59-4b23-a3ac-5f2ddfb5b1b8] Ref image 4/5: downloading from URL...
2026-09-05T14:20:43.806Z [0219c329-7f62-49cb-be1d-a2a60e244c1a][fdfbd39c-aa59-4b23-a3ac-5f2ddfb5b1b8] Ref image 4/5: saved 673531 bytes (image/jpeg) as "Color Pool Water State Set.jpeg"
2026-09-05T14:20:43.814Z [0219c329-7f62-49cb-be1d-a2a60e244c1a][fdfbd39c-aa59-4b23-a3ac-5f2ddfb5b1b8] Ref image 4/5: attaching reference image...
2026-09-05T14:20:45.850Z [0219c329-7f62-49cb-be1d-a2a60e244c1a][fdfbd39c-aa59-4b23-a3ac-5f2ddfb5b1b8] Ref image 4/5: reusing library asset "Color Pool Water State Set.jpeg" (no re-upload).
2026-09-05T14:20:49.507Z [0219c329-7f62-49cb-be1d-a2a60e244c1a][fdfbd39c-aa59-4b23-a3ac-5f2ddfb5b1b8] Ref image 4/5: chips 3→4 ✓
2026-09-05T14:20:50.587Z [0219c329-7f62-49cb-be1d-a2a60e244c1a][fdfbd39c-aa59-4b23-a3ac-5f2ddfb5b1b8] Ref image 5/5: downloading from URL...
2026-09-05T14:20:50.924Z [0219c329-7f62-49cb-be1d-a2a60e244c1a][fdfbd39c-aa59-4b23-a3ac-5f2ddfb5b1b8] Ref image 5/5: saved 525462 bytes (image/jpeg) as "Red White Pool Divider Rope.jpeg"
2026-09-05T14:20:50.927Z [0219c329-7f62-49cb-be1d-a2a60e244c1a][fdfbd39c-aa59-4b23-a3ac-5f2ddfb5b1b8] Ref image 5/5: attaching reference image...
2026-09-05T14:20:52.957Z [0219c329-7f62-49cb-be1d-a2a60e244c1a][fdfbd39c-aa59-4b23-a3ac-5f2ddfb5b1b8] Ref image 5/5: reusing library asset "Red White Pool Divider Rope.jpeg" (no re-upload).
2026-09-05T14:20:56.591Z [0219c329-7f62-49cb-be1d-a2a60e244c1a][fdfbd39c-aa59-4b23-a3ac-5f2ddfb5b1b8] Ref image 5/5: chips 4→5 ✓
2026-09-05T14:20:56.608Z [0219c329-7f62-49cb-be1d-a2a60e244c1a][fdfbd39c-aa59-4b23-a3ac-5f2ddfb5b1b8] Entering prompt...
2026-09-05T14:20:58.742Z [0219c329-7f62-49cb-be1d-a2a60e244c1a][fdfbd39c-aa59-4b23-a3ac-5f2ddfb5b1b8] Prompt is 2092 chars — typing it in 25 chunk(s).
2026-09-05T14:21:10.782Z [0219c329-7f62-49cb-be1d-a2a60e244c1a][fdfbd39c-aa59-4b23-a3ac-5f2ddfb5b1b8] Prompt insert attempt 1: editor has 1959 chars (want ~2086) ✓
2026-09-05T14:21:12.963Z [0219c329-7f62-49cb-be1d-a2a60e244c1a][fdfbd39c-aa59-4b23-a3ac-5f2ddfb5b1b8] Baseline: 27 pre-existing media tile(s) of 27 mounted (kinds: image,image,image,image,image,image,image,image,image,image,image,image,image,image,image,image,image,image,image,image,image,image,image,image,image,image,image).
2026-09-05T14:21:15.402Z [0219c329-7f62-49cb-be1d-a2a60e244c1a][fdfbd39c-aa59-4b23-a3ac-5f2ddfb5b1b8] [submit] confirmed (editor "What do you want to ", fresh tile=true).
2026-09-05T14:21:16.128Z [0219c329-7f62-49cb-be1d-a2a60e244c1a][fdfbd39c-aa59-4b23-a3ac-5f2ddfb5b1b8] Current Workspace project URL: https://flow.google.com/project/390215dc-290f-4b92-a7f0-dd2b6651acfb?hl=en
2026-09-05T14:21:16.130Z [0219c329-7f62-49cb-be1d-a2a60e244c1a][fdfbd39c-aa59-4b23-a3ac-5f2ddfb5b1b8] Submitted ✓ Detecting batch size...
2026-09-05T14:21:16.171Z [0219c329-7f62-49cb-be1d-a2a60e244c1a][fdfbd39c-aa59-4b23-a3ac-5f2ddfb5b1b8] New tile(s) since submit: 0 → 4 (mounted=27)
2026-09-05T14:21:20.432Z [0219c329-7f62-49cb-be1d-a2a60e244c1a][fdfbd39c-aa59-4b23-a3ac-5f2ddfb5b1b8] Batch size stabilised at 4 new tile(s)
2026-09-05T14:21:20.434Z [0219c329-7f62-49cb-be1d-a2a60e244c1a][fdfbd39c-aa59-4b23-a3ac-5f2ddfb5b1b8] Batch detected: 4 item(s). Generating...
2026-09-05T14:21:20.438Z [0219c329-7f62-49cb-be1d-a2a60e244c1a][fdfbd39c-aa59-4b23-a3ac-5f2ddfb5b1b8] Polling for 4 image item(s) (baseline=27, hasUpload=true)...
2026-09-05T14:21:20.463Z [0219c329-7f62-49cb-be1d-a2a60e244c1a][fdfbd39c-aa59-4b23-a3ac-5f2ddfb5b1b8] Generating... 0 ready, 0 failed / 4 total (0s) image 41% [NHÂN VẬT] image 41% [NHÂN VẬT] image 41% [NHÂN VẬT] image 41% [NHÂN VẬT]
2026-09-05T14:21:23.491Z [0219c329-7f62-49cb-be1d-a2a60e244c1a][fdfbd39c-aa59-4b23-a3ac-5f2ddfb5b1b8] Generating... 0 ready, 0 failed / 4 total (3s) image 61% [NHÂN VẬT] image 61% [NHÂN VẬT] image 61% [NHÂN VẬT] image 61% [NHÂN VẬT]
2026-09-05T14:21:26.514Z [0219c329-7f62-49cb-be1d-a2a60e244c1a][fdfbd39c-aa59-4b23-a3ac-5f2ddfb5b1b8] Generating... 0 ready, 0 failed / 4 total (6s) image 81% [NHÂN VẬT] image 81% [NHÂN VẬT] image 81% [NHÂN VẬT] image 82% [NHÂN VẬT]
2026-09-05T14:21:29.542Z [0219c329-7f62-49cb-be1d-a2a60e244c1a][fdfbd39c-aa59-4b23-a3ac-5f2ddfb5b1b8] Generating... 0 ready, 0 failed / 4 total (9s) image 99% [NHÂN VẬT] image 99% [NHÂN VẬT] image 99% [NHÂN VẬT] image 99% [NHÂN VẬT]
2026-09-05T14:21:32.567Z [0219c329-7f62-49cb-be1d-a2a60e244c1a][fdfbd39c-aa59-4b23-a3ac-5f2ddfb5b1b8] Generating... 0 ready, 0 failed / 4 total (12s) image 99% [NHÂN VẬT] image 99% [NHÂN VẬT] image 99% [NHÂN VẬT] image 99% [NHÂN VẬT]
2026-09-05T14:21:35.593Z [0219c329-7f62-49cb-be1d-a2a60e244c1a][fdfbd39c-aa59-4b23-a3ac-5f2ddfb5b1b8] Generating... 0 ready, 0 failed / 4 total (15s) image 99% [NHÂN VẬT] image 99% [NHÂN VẬT] image 99% [NHÂN VẬT] image 99% [NHÂN VẬT]
2026-09-05T14:21:38.627Z [0219c329-7f62-49cb-be1d-a2a60e244c1a][fdfbd39c-aa59-4b23-a3ac-5f2ddfb5b1b8] Generating... 0 ready, 0 failed / 4 total (18s) image 99% [NHÂN VẬT] image 99% [NHÂN VẬT] image 99% [NHÂN VẬT] image 99% [NHÂN VẬT]
2026-09-05T14:21:41.654Z [0219c329-7f62-49cb-be1d-a2a60e244c1a][fdfbd39c-aa59-4b23-a3ac-5f2ddfb5b1b8] Generating... 0 ready, 0 failed / 4 total (21s) image 99% [NHÂN VẬT] image 99% [NHÂN VẬT] image 99% [NHÂN VẬT] image 99% [NHÂN VẬT]
2026-09-05T14:21:44.683Z [0219c329-7f62-49cb-be1d-a2a60e244c1a][fdfbd39c-aa59-4b23-a3ac-5f2ddfb5b1b8] Generating... 0 ready, 0 failed / 4 total (24s) image 99% [NHÂN VẬT] image 99% [NHÂN VẬT] image 99% [NHÂN VẬT] image 99% [NHÂN VẬT]
2026-09-05T14:21:47.713Z [0219c329-7f62-49cb-be1d-a2a60e244c1a][fdfbd39c-aa59-4b23-a3ac-5f2ddfb5b1b8] Generating... 0 ready, 0 failed / 4 total (27s) image 99% [NHÂN VẬT] image 99% [NHÂN VẬT] image 99% [NHÂN VẬT] image 99% [NHÂN VẬT]
2026-09-05T14:21:50.737Z [0219c329-7f62-49cb-be1d-a2a60e244c1a][fdfbd39c-aa59-4b23-a3ac-5f2ddfb5b1b8] Generating... 0 ready, 0 failed / 4 total (30s) image 99% [NHÂN VẬT] image 99% [NHÂN VẬT] image 99% [NHÂN VẬT] image 99% [NHÂN VẬT]
2026-09-05T14:21:53.764Z [0219c329-7f62-49cb-be1d-a2a60e244c1a][fdfbd39c-aa59-4b23-a3ac-5f2ddfb5b1b8] Generating... 0 ready, 0 failed / 4 total (33s) image 99% [NHÂN VẬT] image 99% [NHÂN VẬT] image 99% [NHÂN VẬT] image 100% [NHÂN VẬT
2026-09-05T14:21:56.797Z [0219c329-7f62-49cb-be1d-a2a60e244c1a][fdfbd39c-aa59-4b23-a3ac-5f2ddfb5b1b8] Generating... 0 ready, 0 failed / 4 total (36s) image 99% [NHÂN VẬT] image 99% [NHÂN VẬT] image 99% [NHÂN VẬT] [NHÂN VẬT]Arlo, Ness
2026-09-05T14:21:59.859Z [0219c329-7f62-49cb-be1d-a2a60e244c1a][fdfbd39c-aa59-4b23-a3ac-5f2ddfb5b1b8] Generating... 1 ready, 0 failed / 4 total (39s) image 99% [NHÂN VẬT] image 99% [NHÂN VẬT] [NHÂN VẬT]Arlo, Ness
2026-09-05T14:22:02.880Z [0219c329-7f62-49cb-be1d-a2a60e244c1a][fdfbd39c-aa59-4b23-a3ac-5f2ddfb5b1b8] Generating... 2 ready, 0 failed / 4 total (42s) [NHÂN VẬT]Arlo, Ness image 99% [NHÂN VẬT]
2026-09-05T14:22:05.904Z [0219c329-7f62-49cb-be1d-a2a60e244c1a][fdfbd39c-aa59-4b23-a3ac-5f2ddfb5b1b8] Generating... 3 ready, 0 failed / 4 total (45s) image 99% [NHÂN VẬT]
2026-09-05T14:22:08.924Z [0219c329-7f62-49cb-be1d-a2a60e244c1a][fdfbd39c-aa59-4b23-a3ac-5f2ddfb5b1b8] Generating... 3 ready, 0 failed / 4 total (48s) image 99% [NHÂN VẬT]
2026-09-05T14:22:11.955Z [0219c329-7f62-49cb-be1d-a2a60e244c1a][fdfbd39c-aa59-4b23-a3ac-5f2ddfb5b1b8] Generating... 3 ready, 0 failed / 4 total (52s) image 99% [NHÂN VẬT]
2026-09-05T14:22:14.982Z [0219c329-7f62-49cb-be1d-a2a60e244c1a][fdfbd39c-aa59-4b23-a3ac-5f2ddfb5b1b8] Generating... 3 ready, 0 failed / 4 total (55s) [NHÂN VẬT]Arlo, Ness
2026-09-05T14:22:17.998Z [0219c329-7f62-49cb-be1d-a2a60e244c1a][fdfbd39c-aa59-4b23-a3ac-5f2ddfb5b1b8] Generating... 4 ready, 0 failed / 4 total (58s)
2026-09-05T14:22:18.000Z [0219c329-7f62-49cb-be1d-a2a60e244c1a][fdfbd39c-aa59-4b23-a3ac-5f2ddfb5b1b8] Batch done: 4 ready (target 4), 0 failed, scanned 4.
2026-09-05T14:22:18.000Z [0219c329-7f62-49cb-be1d-a2a60e244c1a][fdfbd39c-aa59-4b23-a3ac-5f2ddfb5b1b8] 4 item(s) ready! Downloading...
2026-09-05T14:22:18.002Z [0219c329-7f62-49cb-be1d-a2a60e244c1a][fdfbd39c-aa59-4b23-a3ac-5f2ddfb5b1b8] Item 1: Downloading from URL https://flow-content.google/image/ac0d17d1-64df-4da0-b01e-3d770ba57fb8?Expires=1788639676&KeyName=labs-flow-prod-cdn-key&Signature=YqDaP2s-3rG3ufIhT4gUmYMmVrE
2026-09-05T14:22:18.447Z [0219c329-7f62-49cb-be1d-a2a60e244c1a][fdfbd39c-aa59-4b23-a3ac-5f2ddfb5b1b8] Downloaded 1/4: winai_2026-09-05T14-22-18_01.jpg
2026-09-05T14:22:18.449Z [0219c329-7f62-49cb-be1d-a2a60e244c1a][fdfbd39c-aa59-4b23-a3ac-5f2ddfb5b1b8] Item 2: Downloading from URL https://flow-content.google/image/d7da0279-db7f-40c6-93fa-a6be1922f794?Expires=1788639675&KeyName=labs-flow-prod-cdn-key&Signature=eOdlpdY6-6XsECFk5wcxgzNnWzw
2026-09-05T14:22:18.579Z [0219c329-7f62-49cb-be1d-a2a60e244c1a][fdfbd39c-aa59-4b23-a3ac-5f2ddfb5b1b8] Downloaded 2/4: winai_2026-09-05T14-22-18_02.jpg
2026-09-05T14:22:18.579Z [0219c329-7f62-49cb-be1d-a2a60e244c1a][fdfbd39c-aa59-4b23-a3ac-5f2ddfb5b1b8] Item 3: Downloading from URL https://flow-content.google/image/9ec29e08-5d1d-42de-912c-c17e856392a7?Expires=1788639674&KeyName=labs-flow-prod-cdn-key&Signature=HLuY_ArDjkfc3ny7D4oYtgHT6bk
2026-09-05T14:22:18.713Z [0219c329-7f62-49cb-be1d-a2a60e244c1a][fdfbd39c-aa59-4b23-a3ac-5f2ddfb5b1b8] Downloaded 3/4: winai_2026-09-05T14-22-18_03.jpg
2026-09-05T14:22:18.714Z [0219c329-7f62-49cb-be1d-a2a60e244c1a][fdfbd39c-aa59-4b23-a3ac-5f2ddfb5b1b8] Item 4: Downloading from URL https://flow-content.google/image/42134752-a27c-4f01-84ff-bcd460c1975a?Expires=1788639674&KeyName=labs-flow-prod-cdn-key&Signature=YZuXW2K6ubHWohRV_0iNUq_vRhI
2026-09-05T14:22:18.832Z [0219c329-7f62-49cb-be1d-a2a60e244c1a][fdfbd39c-aa59-4b23-a3ac-5f2ddfb5b1b8] Downloaded 4/4: winai_2026-09-05T14-22-18_04.jpg
2026-09-05T14:22:18.832Z [0219c329-7f62-49cb-be1d-a2a60e244c1a][fdfbd39c-aa59-4b23-a3ac-5f2ddfb5b1b8] ✅ 4 item(s) saved to Downloads/Win AI Toolkit/
2026-09-05T14:22:19.119Z [c65a18a4-da74-43d6-bcca-ce1ab2597d9d][fdfbd39c-aa59-4b23-a3ac-5f2ddfb5b1b8] runGeneration starting: task_id=c65a18a4-da74-43d6-bcca-ce1ab2597d9d, profile_id=fdfbd39c-aa59-4b23-a3ac-5f2ddfb5b1b8, target_site=google_flow
2026-09-05T14:22:19.122Z [c65a18a4-da74-43d6-bcca-ce1ab2597d9d][fdfbd39c-aa59-4b23-a3ac-5f2ddfb5b1b8] Opening Playwright browser with persistent profile cookies...
2026-09-05T14:22:19.123Z [c65a18a4-da74-43d6-bcca-ce1ab2597d9d][fdfbd39c-aa59-4b23-a3ac-5f2ddfb5b1b8] Browser engine: winhide (C:\Users\MienTrungComputer\AppData\Roaming\com.tank.winai\winhide\chrome.exe) [hidden off-screen]
2026-09-05T14:22:19.123Z [c65a18a4-da74-43d6-bcca-ce1ab2597d9d][fdfbd39c-aa59-4b23-a3ac-5f2ddfb5b1b8] Launch mode: STEALTH (raw spawn + connectOverCDP)
2026-09-05T14:22:19.500Z [0219c329-7f62-49cb-be1d-a2a60e244c1a][fdfbd39c-aa59-4b23-a3ac-5f2ddfb5b1b8] Item 1: Uploaded → https://studio.xanhmedia.vn/uploads/2026-09/1788618138494_fbb3e6_fdfbd39c-aa59-4b23-a3ac-5f2ddfb5b1b8_021.jpg
2026-09-05T14:22:19.562Z [0219c329-7f62-49cb-be1d-a2a60e244c1a][fdfbd39c-aa59-4b23-a3ac-5f2ddfb5b1b8] Item 2: Uploaded → https://studio.xanhmedia.vn/uploads/2026-09/1788618138552_5f310a_fdfbd39c-aa59-4b23-a3ac-5f2ddfb5b1b8_021.jpg
2026-09-05T14:22:19.575Z [0219c329-7f62-49cb-be1d-a2a60e244c1a][fdfbd39c-aa59-4b23-a3ac-5f2ddfb5b1b8] Item 4: Uploaded → https://studio.xanhmedia.vn/uploads/2026-09/1788618138558_0931b3_fdfbd39c-aa59-4b23-a3ac-5f2ddfb5b1b8_021.jpg
2026-09-05T14:22:19.584Z [0219c329-7f62-49cb-be1d-a2a60e244c1a][fdfbd39c-aa59-4b23-a3ac-5f2ddfb5b1b8] Item 3: Uploaded → https://studio.xanhmedia.vn/uploads/2026-09/1788618138567_22643b_fdfbd39c-aa59-4b23-a3ac-5f2ddfb5b1b8_021.jpg
2026-09-05T14:22:19.591Z [0219c329-7f62-49cb-be1d-a2a60e244c1a][fdfbd39c-aa59-4b23-a3ac-5f2ddfb5b1b8] All done (including any 1080p upgrades). Closing Playwright browser context.
2026-09-05T14:22:22.026Z [c65a18a4-da74-43d6-bcca-ce1ab2597d9d][fdfbd39c-aa59-4b23-a3ac-5f2ddfb5b1b8] Exit IP: 125.212.158.158
2026-09-05T14:22:22.027Z [c65a18a4-da74-43d6-bcca-ce1ab2597d9d][fdfbd39c-aa59-4b23-a3ac-5f2ddfb5b1b8] Navigating browser to Google Flow tools page...
2026-09-05T14:22:22.027Z [c65a18a4-da74-43d6-bcca-ce1ab2597d9d][fdfbd39c-aa59-4b23-a3ac-5f2ddfb5b1b8] Using existing project URL: https://flow.google.com/project/390215dc-290f-4b92-a7f0-dd2b6651acfb?hl=en
2026-09-05T14:22:22.965Z [c65a18a4-da74-43d6-bcca-ce1ab2597d9d][fdfbd39c-aa59-4b23-a3ac-5f2ddfb5b1b8] Waiting for Google Flow...
2026-09-05T14:22:24.620Z [c65a18a4-da74-43d6-bcca-ce1ab2597d9d][fdfbd39c-aa59-4b23-a3ac-5f2ddfb5b1b8] In existing project ✓
2026-09-05T14:22:25.580Z [c65a18a4-da74-43d6-bcca-ce1ab2597d9d][fdfbd39c-aa59-4b23-a3ac-5f2ddfb5b1b8] dismissPopups: unresolved overlay(s) ["IFRAME[presentation]|btns="]
2026-09-05T14:22:27.615Z [c65a18a4-da74-43d6-bcca-ce1ab2597d9d][fdfbd39c-aa59-4b23-a3ac-5f2ddfb5b1b8] Composer ready ✓ (UI language: en)
2026-09-05T14:22:27.636Z [c65a18a4-da74-43d6-bcca-ce1ab2597d9d][fdfbd39c-aa59-4b23-a3ac-5f2ddfb5b1b8] dismissPopups: clicked "Dismiss credit banner" (overlay)
2026-09-05T14:22:28.157Z [c65a18a4-da74-43d6-bcca-ce1ab2597d9d][fdfbd39c-aa59-4b23-a3ac-5f2ddfb5b1b8] dismissPopups: unresolved overlay(s) ["DIV[]|btns=","DIV[]|btns="]
2026-09-05T14:22:28.184Z [c65a18a4-da74-43d6-bcca-ce1ab2597d9d][fdfbd39c-aa59-4b23-a3ac-5f2ddfb5b1b8] Agent toggle aria-pressed=false
2026-09-05T14:22:28.185Z [c65a18a4-da74-43d6-bcca-ce1ab2597d9d][fdfbd39c-aa59-4b23-a3ac-5f2ddfb5b1b8] Opening settings...
2026-09-05T14:22:30.026Z [c65a18a4-da74-43d6-bcca-ce1ab2597d9d][fdfbd39c-aa59-4b23-a3ac-5f2ddfb5b1b8] Configuring image settings...
2026-09-05T14:22:31.452Z [c65a18a4-da74-43d6-bcca-ce1ab2597d9d][fdfbd39c-aa59-4b23-a3ac-5f2ddfb5b1b8] Mode: selected "image Image" ✓
2026-09-05T14:22:36.206Z [c65a18a4-da74-43d6-bcca-ce1ab2597d9d][fdfbd39c-aa59-4b23-a3ac-5f2ddfb5b1b8] Model: selected "🍌 Nano Banana 2" ✓
2026-09-05T14:22:36.815Z [c65a18a4-da74-43d6-bcca-ce1ab2597d9d][fdfbd39c-aa59-4b23-a3ac-5f2ddfb5b1b8] Aspect ratio: "crop_16_9 16:9" already selected ✓
2026-09-05T14:22:38.385Z [c65a18a4-da74-43d6-bcca-ce1ab2597d9d][fdfbd39c-aa59-4b23-a3ac-5f2ddfb5b1b8] Output count: selected "x4" ✓
2026-09-05T14:22:39.445Z [c65a18a4-da74-43d6-bcca-ce1ab2597d9d][fdfbd39c-aa59-4b23-a3ac-5f2ddfb5b1b8] Ref image 1/5: downloading from URL...
2026-09-05T14:22:39.751Z [c65a18a4-da74-43d6-bcca-ce1ab2597d9d][fdfbd39c-aa59-4b23-a3ac-5f2ddfb5b1b8] Downloader: no-proxy request context ready.
2026-09-05T14:22:40.317Z [c65a18a4-da74-43d6-bcca-ce1ab2597d9d][fdfbd39c-aa59-4b23-a3ac-5f2ddfb5b1b8] Ref image 1/5: saved 566164 bytes (image/jpeg) as "Arlo Vale Color Pool War Swim.jpeg"
2026-09-05T14:22:40.326Z [c65a18a4-da74-43d6-bcca-ce1ab2597d9d][fdfbd39c-aa59-4b23-a3ac-5f2ddfb5b1b8] Ref image 1/5: attaching reference image...
2026-09-05T14:22:42.811Z [c65a18a4-da74-43d6-bcca-ce1ab2597d9d][fdfbd39c-aa59-4b23-a3ac-5f2ddfb5b1b8] Ref image 1/5: reusing library asset "Arlo Vale Color Pool War Swim.jpeg" (no re-upload).
2026-09-05T14:22:46.618Z [c65a18a4-da74-43d6-bcca-ce1ab2597d9d][fdfbd39c-aa59-4b23-a3ac-5f2ddfb5b1b8] Ref image 1/5: chips 0→1 ✓
2026-09-05T14:22:48.433Z [c65a18a4-da74-43d6-bcca-ce1ab2597d9d][fdfbd39c-aa59-4b23-a3ac-5f2ddfb5b1b8] Ref image 2/5: downloading from URL...
2026-09-05T14:22:48.784Z [c65a18a4-da74-43d6-bcca-ce1ab2597d9d][fdfbd39c-aa59-4b23-a3ac-5f2ddfb5b1b8] Ref image 2/5: saved 648250 bytes (image/jpeg) as "Nessa Vale Color Pool War Swim.jpeg"
2026-09-05T14:22:48.788Z [c65a18a4-da74-43d6-bcca-ce1ab2597d9d][fdfbd39c-aa59-4b23-a3ac-5f2ddfb5b1b8] Ref image 2/5: attaching reference image...
2026-09-05T14:22:51.337Z [c65a18a4-da74-43d6-bcca-ce1ab2597d9d][fdfbd39c-aa59-4b23-a3ac-5f2ddfb5b1b8] Ref image 2/5: reusing library asset "Nessa Vale Color Pool War Swim.jpeg" (no re-upload).
2026-09-05T14:22:54.725Z [c65a18a4-da74-43d6-bcca-ce1ab2597d9d][fdfbd39c-aa59-4b23-a3ac-5f2ddfb5b1b8] Ref image 2/5: chips 1→2 ✓
2026-09-05T14:22:55.897Z [c65a18a4-da74-43d6-bcca-ce1ab2597d9d][fdfbd39c-aa59-4b23-a3ac-5f2ddfb5b1b8] Ref image 3/5: downloading from URL...
2026-09-05T14:22:56.255Z [c65a18a4-da74-43d6-bcca-ce1ab2597d9d][fdfbd39c-aa59-4b23-a3ac-5f2ddfb5b1b8] Ref image 3/5: saved 585044 bytes (image/jpeg) as "Arlo Family Inflatable Pool Progress Set.jpeg"
2026-09-05T14:22:56.262Z [c65a18a4-da74-43d6-bcca-ce1ab2597d9d][fdfbd39c-aa59-4b23-a3ac-5f2ddfb5b1b8] Ref image 3/5: attaching reference image...
2026-09-05T14:22:58.506Z [c65a18a4-da74-43d6-bcca-ce1ab2597d9d][fdfbd39c-aa59-4b23-a3ac-5f2ddfb5b1b8] Ref image 3/5: reusing library asset "Arlo Family Inflatable Pool Progress Set.jpeg" (no re-upload).
2026-09-05T14:23:01.952Z [c65a18a4-da74-43d6-bcca-ce1ab2597d9d][fdfbd39c-aa59-4b23-a3ac-5f2ddfb5b1b8] Ref image 3/5: chips 2→3 ✓
2026-09-05T14:23:03.574Z [c65a18a4-da74-43d6-bcca-ce1ab2597d9d][fdfbd39c-aa59-4b23-a3ac-5f2ddfb5b1b8] Ref image 4/5: downloading from URL...
2026-09-05T14:23:03.930Z [c65a18a4-da74-43d6-bcca-ce1ab2597d9d][fdfbd39c-aa59-4b23-a3ac-5f2ddfb5b1b8] Ref image 4/5: saved 673531 bytes (image/jpeg) as "Color Pool Water State Set.jpeg"
2026-09-05T14:23:03.936Z [c65a18a4-da74-43d6-bcca-ce1ab2597d9d][fdfbd39c-aa59-4b23-a3ac-5f2ddfb5b1b8] Ref image 4/5: attaching reference image...
2026-09-05T14:23:06.369Z [c65a18a4-da74-43d6-bcca-ce1ab2597d9d][fdfbd39c-aa59-4b23-a3ac-5f2ddfb5b1b8] Ref image 4/5: reusing library asset "Color Pool Water State Set.jpeg" (no re-upload).
2026-09-05T14:23:09.859Z [c65a18a4-da74-43d6-bcca-ce1ab2597d9d][fdfbd39c-aa59-4b23-a3ac-5f2ddfb5b1b8] Ref image 4/5: chips 3→4 ✓
2026-09-05T14:23:11.126Z [c65a18a4-da74-43d6-bcca-ce1ab2597d9d][fdfbd39c-aa59-4b23-a3ac-5f2ddfb5b1b8] Ref image 5/5: downloading from URL...
2026-09-05T14:23:11.505Z [c65a18a4-da74-43d6-bcca-ce1ab2597d9d][fdfbd39c-aa59-4b23-a3ac-5f2ddfb5b1b8] Ref image 5/5: saved 542888 bytes (image/jpeg) as "Colorful Pool Slide Blue Protective Mat Set.jpeg"
2026-09-05T14:23:11.511Z [c65a18a4-da74-43d6-bcca-ce1ab2597d9d][fdfbd39c-aa59-4b23-a3ac-5f2ddfb5b1b8] Ref image 5/5: attaching reference image...
2026-09-05T14:23:13.561Z [c65a18a4-da74-43d6-bcca-ce1ab2597d9d][fdfbd39c-aa59-4b23-a3ac-5f2ddfb5b1b8] Ref image 5/5: "Colorful Pool Slide Blue Protective Mat Set.jpeg" not in the library yet — uploading it first.
2026-09-05T14:23:17.014Z [c65a18a4-da74-43d6-bcca-ce1ab2597d9d][fdfbd39c-aa59-4b23-a3ac-5f2ddfb5b1b8] Ref image 5/5: uploading "Colorful Pool Slide Blue Protective Mat Set.jpeg" to the project library...
2026-09-05T14:23:17.963Z [c65a18a4-da74-43d6-bcca-ce1ab2597d9d][fdfbd39c-aa59-4b23-a3ac-5f2ddfb5b1b8] Ref image 5/5: upload finished ✓
2026-09-05T14:23:27.743Z [c65a18a4-da74-43d6-bcca-ce1ab2597d9d][fdfbd39c-aa59-4b23-a3ac-5f2ddfb5b1b8] Ref image 5/5: chips 4→5 ✓
2026-09-05T14:23:27.783Z [c65a18a4-da74-43d6-bcca-ce1ab2597d9d][fdfbd39c-aa59-4b23-a3ac-5f2ddfb5b1b8] Entering prompt...
2026-09-05T14:23:29.560Z [c65a18a4-da74-43d6-bcca-ce1ab2597d9d][fdfbd39c-aa59-4b23-a3ac-5f2ddfb5b1b8] Prompt is 2492 chars — typing it in 28 chunk(s).
2026-09-05T14:23:42.381Z [c65a18a4-da74-43d6-bcca-ce1ab2597d9d][fdfbd39c-aa59-4b23-a3ac-5f2ddfb5b1b8] Prompt insert attempt 1: editor has 2259 chars (want ~2486) ✓
2026-09-05T14:23:44.361Z [c65a18a4-da74-43d6-bcca-ce1ab2597d9d][fdfbd39c-aa59-4b23-a3ac-5f2ddfb5b1b8] Baseline: 27 pre-existing media tile(s) of 27 mounted (kinds: image,image,image,image,image,image,image,image,image,image,image,image,image,image,image,image,image,image,image,image,image,image,image,image,image,image,image).
2026-09-05T14:23:46.739Z [c65a18a4-da74-43d6-bcca-ce1ab2597d9d][fdfbd39c-aa59-4b23-a3ac-5f2ddfb5b1b8] [submit] confirmed (editor "What do you want to ", fresh tile=true).
2026-09-05T14:23:47.211Z [c65a18a4-da74-43d6-bcca-ce1ab2597d9d][fdfbd39c-aa59-4b23-a3ac-5f2ddfb5b1b8] Current Workspace project URL: https://flow.google.com/project/390215dc-290f-4b92-a7f0-dd2b6651acfb?hl=en
2026-09-05T14:23:47.213Z [c65a18a4-da74-43d6-bcca-ce1ab2597d9d][fdfbd39c-aa59-4b23-a3ac-5f2ddfb5b1b8] Submitted ✓ Detecting batch size...
2026-09-05T14:23:47.231Z [c65a18a4-da74-43d6-bcca-ce1ab2597d9d][fdfbd39c-aa59-4b23-a3ac-5f2ddfb5b1b8] New tile(s) since submit: 0 → 4 (mounted=27)
2026-09-05T14:23:51.533Z [c65a18a4-da74-43d6-bcca-ce1ab2597d9d][fdfbd39c-aa59-4b23-a3ac-5f2ddfb5b1b8] Batch size stabilised at 4 new tile(s)
2026-09-05T14:23:51.535Z [c65a18a4-da74-43d6-bcca-ce1ab2597d9d][fdfbd39c-aa59-4b23-a3ac-5f2ddfb5b1b8] Batch detected: 4 item(s). Generating...
2026-09-05T14:23:51.537Z [c65a18a4-da74-43d6-bcca-ce1ab2597d9d][fdfbd39c-aa59-4b23-a3ac-5f2ddfb5b1b8] Polling for 4 image item(s) (baseline=27, hasUpload=true)...
2026-09-05T14:23:51.569Z [c65a18a4-da74-43d6-bcca-ce1ab2597d9d][fdfbd39c-aa59-4b23-a3ac-5f2ddfb5b1b8] Generating... 0 ready, 0 failed / 4 total (0s) image 35% [NHÂN VẬT] image 35% [NHÂN VẬT] image 35% [NHÂN VẬT] image 35% [NHÂN VẬT]
2026-09-05T14:23:54.597Z [c65a18a4-da74-43d6-bcca-ce1ab2597d9d][fdfbd39c-aa59-4b23-a3ac-5f2ddfb5b1b8] Generating... 0 ready, 0 failed / 4 total (3s) image 55% [NHÂN VẬT] image 55% [NHÂN VẬT] image 55% [NHÂN VẬT] image 55% [NHÂN VẬT]
2026-09-05T14:23:57.625Z [c65a18a4-da74-43d6-bcca-ce1ab2597d9d][fdfbd39c-aa59-4b23-a3ac-5f2ddfb5b1b8] Generating... 0 ready, 0 failed / 4 total (6s) image 75% [NHÂN VẬT] image 75% [NHÂN VẬT] image 75% [NHÂN VẬT] image 75% [NHÂN VẬT]
2026-09-05T14:24:00.654Z [c65a18a4-da74-43d6-bcca-ce1ab2597d9d][fdfbd39c-aa59-4b23-a3ac-5f2ddfb5b1b8] Generating... 0 ready, 0 failed / 4 total (9s) image 95% [NHÂN VẬT] image 95% [NHÂN VẬT] image 95% [NHÂN VẬT] image 95% [NHÂN VẬT]
2026-09-05T14:24:03.689Z [c65a18a4-da74-43d6-bcca-ce1ab2597d9d][fdfbd39c-aa59-4b23-a3ac-5f2ddfb5b1b8] Generating... 0 ready, 0 failed / 4 total (12s) image 99% [NHÂN VẬT] image 99% [NHÂN VẬT] image 99% [NHÂN VẬT] image 99% [NHÂN VẬT]
2026-09-05T14:24:06.710Z [c65a18a4-da74-43d6-bcca-ce1ab2597d9d][fdfbd39c-aa59-4b23-a3ac-5f2ddfb5b1b8] Generating... 0 ready, 0 failed / 4 total (15s) image 99% [NHÂN VẬT] image 99% [NHÂN VẬT] image 99% [NHÂN VẬT] image 99% [NHÂN VẬT]
2026-09-05T14:24:09.729Z [c65a18a4-da74-43d6-bcca-ce1ab2597d9d][fdfbd39c-aa59-4b23-a3ac-5f2ddfb5b1b8] Generating... 0 ready, 0 failed / 4 total (18s) image 99% [NHÂN VẬT] image 99% [NHÂN VẬT] image 99% [NHÂN VẬT] image 99% [NHÂN VẬT]
2026-09-05T14:24:12.752Z [c65a18a4-da74-43d6-bcca-ce1ab2597d9d][fdfbd39c-aa59-4b23-a3ac-5f2ddfb5b1b8] Generating... 0 ready, 0 failed / 4 total (21s) image 99% [NHÂN VẬT] image 99% [NHÂN VẬT] image 99% [NHÂN VẬT] image 99% [NHÂN VẬT]
2026-09-05T14:24:15.792Z [c65a18a4-da74-43d6-bcca-ce1ab2597d9d][fdfbd39c-aa59-4b23-a3ac-5f2ddfb5b1b8] Generating... 0 ready, 0 failed / 4 total (24s) image 99% [NHÂN VẬT] image 99% [NHÂN VẬT] image 99% [NHÂN VẬT] image 99% [NHÂN VẬT]
2026-09-05T14:24:18.818Z [c65a18a4-da74-43d6-bcca-ce1ab2597d9d][fdfbd39c-aa59-4b23-a3ac-5f2ddfb5b1b8] Generating... 0 ready, 0 failed / 4 total (27s) image 99% [NHÂN VẬT] image 99% [NHÂN VẬT] image 99% [NHÂN VẬT] image 99% [NHÂN VẬT]
2026-09-05T14:24:21.854Z [c65a18a4-da74-43d6-bcca-ce1ab2597d9d][fdfbd39c-aa59-4b23-a3ac-5f2ddfb5b1b8] Generating... 0 ready, 0 failed / 4 total (30s) image 99% [NHÂN VẬT] image 99% [NHÂN VẬT] image 99% [NHÂN VẬT] [NHÂN VẬT]Arlo, Ness
2026-09-05T14:24:24.888Z [c65a18a4-da74-43d6-bcca-ce1ab2597d9d][fdfbd39c-aa59-4b23-a3ac-5f2ddfb5b1b8] Generating... 1 ready, 0 failed / 4 total (33s) image 99% [NHÂN VẬT] image 99% [NHÂN VẬT] image 99% [NHÂN VẬT]
2026-09-05T14:24:27.926Z [c65a18a4-da74-43d6-bcca-ce1ab2597d9d][fdfbd39c-aa59-4b23-a3ac-5f2ddfb5b1b8] Generating... 1 ready, 0 failed / 4 total (36s) image 99% [NHÂN VẬT] image 99% [NHÂN VẬT] image 99% [NHÂN VẬT]
2026-09-05T14:24:30.960Z [c65a18a4-da74-43d6-bcca-ce1ab2597d9d][fdfbd39c-aa59-4b23-a3ac-5f2ddfb5b1b8] Generating... 1 ready, 0 failed / 4 total (39s) image 100% [NHÂN VẬT image 99% [NHÂN VẬT] image 99% [NHÂN VẬT]
2026-09-05T14:24:33.983Z [c65a18a4-da74-43d6-bcca-ce1ab2597d9d][fdfbd39c-aa59-4b23-a3ac-5f2ddfb5b1b8] Generating... 2 ready, 0 failed / 4 total (42s) image 99% [NHÂN VẬT] image 99% [NHÂN VẬT]
2026-09-05T14:24:37.038Z [c65a18a4-da74-43d6-bcca-ce1ab2597d9d][fdfbd39c-aa59-4b23-a3ac-5f2ddfb5b1b8] Generating... 2 ready, 0 failed / 4 total (46s) [NHÂN VẬT]Arlo, Ness image 99% [NHÂN VẬT]
2026-09-05T14:24:40.058Z [c65a18a4-da74-43d6-bcca-ce1ab2597d9d][fdfbd39c-aa59-4b23-a3ac-5f2ddfb5b1b8] Generating... 3 ready, 0 failed / 4 total (49s) image 99% [NHÂN VẬT]
2026-09-05T14:24:43.108Z [c65a18a4-da74-43d6-bcca-ce1ab2597d9d][fdfbd39c-aa59-4b23-a3ac-5f2ddfb5b1b8] Generating... 3 ready, 0 failed / 4 total (52s) image 99% [NHÂN VẬT]
2026-09-05T14:24:46.148Z [c65a18a4-da74-43d6-bcca-ce1ab2597d9d][fdfbd39c-aa59-4b23-a3ac-5f2ddfb5b1b8] Generating... 3 ready, 0 failed / 4 total (55s) image 99% [NHÂN VẬT]
2026-09-05T14:24:49.194Z [c65a18a4-da74-43d6-bcca-ce1ab2597d9d][fdfbd39c-aa59-4b23-a3ac-5f2ddfb5b1b8] Generating... 3 ready, 0 failed / 4 total (58s) image 99% [NHÂN VẬT]
2026-09-05T14:24:52.231Z [c65a18a4-da74-43d6-bcca-ce1ab2597d9d][fdfbd39c-aa59-4b23-a3ac-5f2ddfb5b1b8] Generating... 3 ready, 0 failed / 4 total (61s) [NHÂN VẬT]Arlo, Ness
2026-09-05T14:24:55.246Z [c65a18a4-da74-43d6-bcca-ce1ab2597d9d][fdfbd39c-aa59-4b23-a3ac-5f2ddfb5b1b8] Generating... 4 ready, 0 failed / 4 total (64s)
2026-09-05T14:24:55.247Z [c65a18a4-da74-43d6-bcca-ce1ab2597d9d][fdfbd39c-aa59-4b23-a3ac-5f2ddfb5b1b8] Batch done: 4 ready (target 4), 0 failed, scanned 4.
2026-09-05T14:24:55.250Z [c65a18a4-da74-43d6-bcca-ce1ab2597d9d][fdfbd39c-aa59-4b23-a3ac-5f2ddfb5b1b8] 4 item(s) ready! Downloading...
2026-09-05T14:24:55.253Z [c65a18a4-da74-43d6-bcca-ce1ab2597d9d][fdfbd39c-aa59-4b23-a3ac-5f2ddfb5b1b8] Item 1: Downloading from URL https://flow-content.google/image/4d7cd648-a17a-4f39-ac3a-b2a6deef0a25?Expires=1788639828&KeyName=labs-flow-prod-cdn-key&Signature=yMBTvacI_I7rPasx87i3VJ-eheM
2026-09-05T14:24:55.599Z [c65a18a4-da74-43d6-bcca-ce1ab2597d9d][fdfbd39c-aa59-4b23-a3ac-5f2ddfb5b1b8] Downloaded 1/4: winai_2026-09-05T14-24-55_01.jpg
2026-09-05T14:24:55.603Z [c65a18a4-da74-43d6-bcca-ce1ab2597d9d][fdfbd39c-aa59-4b23-a3ac-5f2ddfb5b1b8] Item 2: Downloading from URL https://flow-content.google/image/d4ecee08-c7af-430a-bb8c-8a9760073cc3?Expires=1788639827&KeyName=labs-flow-prod-cdn-key&Signature=snH76T_ZmtzJmxmUk6b4GC4FZso
2026-09-05T14:24:55.705Z [c65a18a4-da74-43d6-bcca-ce1ab2597d9d][fdfbd39c-aa59-4b23-a3ac-5f2ddfb5b1b8] Downloaded 2/4: winai_2026-09-05T14-24-55_02.jpg
2026-09-05T14:24:55.720Z [c65a18a4-da74-43d6-bcca-ce1ab2597d9d][fdfbd39c-aa59-4b23-a3ac-5f2ddfb5b1b8] Item 3: Downloading from URL https://flow-content.google/image/e0e62ff0-0a6b-4676-8abd-6cece710ec5e?Expires=1788639826&KeyName=labs-flow-prod-cdn-key&Signature=SSbL8f-00zm9rGYGwKwmb36tPfQ
2026-09-05T14:24:55.825Z [c65a18a4-da74-43d6-bcca-ce1ab2597d9d][fdfbd39c-aa59-4b23-a3ac-5f2ddfb5b1b8] Downloaded 3/4: winai_2026-09-05T14-24-55_03.jpg
2026-09-05T14:24:55.826Z [c65a18a4-da74-43d6-bcca-ce1ab2597d9d][fdfbd39c-aa59-4b23-a3ac-5f2ddfb5b1b8] Item 4: Downloading from URL https://flow-content.google/image/c49e370e-6e0c-49e0-930b-9ab95615dfb8?Expires=1788639825&KeyName=labs-flow-prod-cdn-key&Signature=UMUaJNxdZMA0H0GvY473NiDG7BM
2026-09-05T14:24:55.941Z [c65a18a4-da74-43d6-bcca-ce1ab2597d9d][fdfbd39c-aa59-4b23-a3ac-5f2ddfb5b1b8] Downloaded 4/4: winai_2026-09-05T14-24-55_04.jpg
2026-09-05T14:24:55.942Z [c65a18a4-da74-43d6-bcca-ce1ab2597d9d][fdfbd39c-aa59-4b23-a3ac-5f2ddfb5b1b8] ✅ 4 item(s) saved to Downloads/Win AI Toolkit/
2026-09-05T14:24:56.224Z [8a9e6848-d39d-4462-9024-6eb3f3568239][fdfbd39c-aa59-4b23-a3ac-5f2ddfb5b1b8] runGeneration starting: task_id=8a9e6848-d39d-4462-9024-6eb3f3568239, profile_id=fdfbd39c-aa59-4b23-a3ac-5f2ddfb5b1b8, target_site=google_flow
2026-09-05T14:24:56.227Z [8a9e6848-d39d-4462-9024-6eb3f3568239][fdfbd39c-aa59-4b23-a3ac-5f2ddfb5b1b8] Opening Playwright browser with persistent profile cookies...
2026-09-05T14:24:56.230Z [8a9e6848-d39d-4462-9024-6eb3f3568239][fdfbd39c-aa59-4b23-a3ac-5f2ddfb5b1b8] Browser engine: winhide (C:\Users\MienTrungComputer\AppData\Roaming\com.tank.winai\winhide\chrome.exe) [hidden off-screen]
2026-09-05T14:24:56.233Z [8a9e6848-d39d-4462-9024-6eb3f3568239][fdfbd39c-aa59-4b23-a3ac-5f2ddfb5b1b8] Launch mode: STEALTH (raw spawn + connectOverCDP)
2026-09-05T14:24:56.491Z [c65a18a4-da74-43d6-bcca-ce1ab2597d9d][fdfbd39c-aa59-4b23-a3ac-5f2ddfb5b1b8] Item 2: Uploaded → https://studio.xanhmedia.vn/uploads/2026-09/1788618295489_6922e2_fdfbd39c-aa59-4b23-a3ac-5f2ddfb5b1b8_c65.jpg
2026-09-05T14:24:56.586Z [c65a18a4-da74-43d6-bcca-ce1ab2597d9d][fdfbd39c-aa59-4b23-a3ac-5f2ddfb5b1b8] Item 4: Uploaded → https://studio.xanhmedia.vn/uploads/2026-09/1788618295582_2d730a_fdfbd39c-aa59-4b23-a3ac-5f2ddfb5b1b8_c65.jpg
2026-09-05T14:24:56.633Z [c65a18a4-da74-43d6-bcca-ce1ab2597d9d][fdfbd39c-aa59-4b23-a3ac-5f2ddfb5b1b8] Item 3: Uploaded → https://studio.xanhmedia.vn/uploads/2026-09/1788618295611_336a86_fdfbd39c-aa59-4b23-a3ac-5f2ddfb5b1b8_c65.jpg
2026-09-05T14:24:56.635Z [c65a18a4-da74-43d6-bcca-ce1ab2597d9d][fdfbd39c-aa59-4b23-a3ac-5f2ddfb5b1b8] Item 1: Uploaded → https://studio.xanhmedia.vn/uploads/2026-09/1788618295613_34cd7b_fdfbd39c-aa59-4b23-a3ac-5f2ddfb5b1b8_c65.jpg
2026-09-05T14:24:56.639Z [c65a18a4-da74-43d6-bcca-ce1ab2597d9d][fdfbd39c-aa59-4b23-a3ac-5f2ddfb5b1b8] All done (including any 1080p upgrades). Closing Playwright browser context.
2026-09-05T14:24:59.570Z [8a9e6848-d39d-4462-9024-6eb3f3568239][fdfbd39c-aa59-4b23-a3ac-5f2ddfb5b1b8] Exit IP: 125.212.158.158
2026-09-05T14:24:59.571Z [8a9e6848-d39d-4462-9024-6eb3f3568239][fdfbd39c-aa59-4b23-a3ac-5f2ddfb5b1b8] Navigating browser to Google Flow tools page...
2026-09-05T14:24:59.574Z [8a9e6848-d39d-4462-9024-6eb3f3568239][fdfbd39c-aa59-4b23-a3ac-5f2ddfb5b1b8] Using existing project URL: https://flow.google.com/project/390215dc-290f-4b92-a7f0-dd2b6651acfb?hl=en
2026-09-05T14:25:00.565Z [8a9e6848-d39d-4462-9024-6eb3f3568239][fdfbd39c-aa59-4b23-a3ac-5f2ddfb5b1b8] Waiting for Google Flow...
2026-09-05T14:25:02.852Z [8a9e6848-d39d-4462-9024-6eb3f3568239][fdfbd39c-aa59-4b23-a3ac-5f2ddfb5b1b8] In existing project ✓
2026-09-05T14:25:03.848Z [8a9e6848-d39d-4462-9024-6eb3f3568239][fdfbd39c-aa59-4b23-a3ac-5f2ddfb5b1b8] dismissPopups: unresolved overlay(s) ["IFRAME[presentation]|btns="]
2026-09-05T14:25:05.762Z [8a9e6848-d39d-4462-9024-6eb3f3568239][fdfbd39c-aa59-4b23-a3ac-5f2ddfb5b1b8] Composer ready ✓ (UI language: en)
2026-09-05T14:25:05.792Z [8a9e6848-d39d-4462-9024-6eb3f3568239][fdfbd39c-aa59-4b23-a3ac-5f2ddfb5b1b8] dismissPopups: clicked "Dismiss credit banner" (overlay)
2026-09-05T14:25:06.310Z [8a9e6848-d39d-4462-9024-6eb3f3568239][fdfbd39c-aa59-4b23-a3ac-5f2ddfb5b1b8] dismissPopups: unresolved overlay(s) ["DIV[]|btns=","DIV[]|btns="]
2026-09-05T14:25:06.336Z [8a9e6848-d39d-4462-9024-6eb3f3568239][fdfbd39c-aa59-4b23-a3ac-5f2ddfb5b1b8] Agent toggle aria-pressed=false
2026-09-05T14:25:06.336Z [8a9e6848-d39d-4462-9024-6eb3f3568239][fdfbd39c-aa59-4b23-a3ac-5f2ddfb5b1b8] Opening settings...
2026-09-05T14:25:08.576Z [8a9e6848-d39d-4462-9024-6eb3f3568239][fdfbd39c-aa59-4b23-a3ac-5f2ddfb5b1b8] Configuring image settings...
2026-09-05T14:25:10.121Z [8a9e6848-d39d-4462-9024-6eb3f3568239][fdfbd39c-aa59-4b23-a3ac-5f2ddfb5b1b8] Mode: selected "image Image" ✓
2026-09-05T14:25:15.574Z [8a9e6848-d39d-4462-9024-6eb3f3568239][fdfbd39c-aa59-4b23-a3ac-5f2ddfb5b1b8] Model: selected "🍌 Nano Banana 2" ✓
2026-09-05T14:25:16.346Z [8a9e6848-d39d-4462-9024-6eb3f3568239][fdfbd39c-aa59-4b23-a3ac-5f2ddfb5b1b8] Aspect ratio: "crop_16_9 16:9" already selected ✓
2026-09-05T14:25:17.717Z [8a9e6848-d39d-4462-9024-6eb3f3568239][fdfbd39c-aa59-4b23-a3ac-5f2ddfb5b1b8] Output count: selected "x4" ✓
2026-09-05T14:25:18.808Z [8a9e6848-d39d-4462-9024-6eb3f3568239][fdfbd39c-aa59-4b23-a3ac-5f2ddfb5b1b8] Ref image 1/7: downloading from URL...
2026-09-05T14:25:19.159Z [8a9e6848-d39d-4462-9024-6eb3f3568239][fdfbd39c-aa59-4b23-a3ac-5f2ddfb5b1b8] Downloader: no-proxy request context ready.
2026-09-05T14:25:19.813Z [8a9e6848-d39d-4462-9024-6eb3f3568239][fdfbd39c-aa59-4b23-a3ac-5f2ddfb5b1b8] Ref image 1/7: saved 566164 bytes (image/jpeg) as "Arlo Vale Color Pool War Swim.jpeg"
2026-09-05T14:25:19.823Z [8a9e6848-d39d-4462-9024-6eb3f3568239][fdfbd39c-aa59-4b23-a3ac-5f2ddfb5b1b8] Ref image 1/7: attaching reference image...
2026-09-05T14:25:22.114Z [8a9e6848-d39d-4462-9024-6eb3f3568239][fdfbd39c-aa59-4b23-a3ac-5f2ddfb5b1b8] Ref image 1/7: reusing library asset "Arlo Vale Color Pool War Swim.jpeg" (no re-upload).
2026-09-05T14:25:25.482Z [8a9e6848-d39d-4462-9024-6eb3f3568239][fdfbd39c-aa59-4b23-a3ac-5f2ddfb5b1b8] Ref image 1/7: chips 0→1 ✓
2026-09-05T14:25:26.572Z [8a9e6848-d39d-4462-9024-6eb3f3568239][fdfbd39c-aa59-4b23-a3ac-5f2ddfb5b1b8] Ref image 2/7: downloading from URL...
2026-09-05T14:25:26.984Z [8a9e6848-d39d-4462-9024-6eb3f3568239][fdfbd39c-aa59-4b23-a3ac-5f2ddfb5b1b8] Ref image 2/7: saved 648250 bytes (image/jpeg) as "Nessa Vale Color Pool War Swim.jpeg"
2026-09-05T14:25:27.000Z [8a9e6848-d39d-4462-9024-6eb3f3568239][fdfbd39c-aa59-4b23-a3ac-5f2ddfb5b1b8] Ref image 2/7: attaching reference image...
2026-09-05T14:25:29.200Z [8a9e6848-d39d-4462-9024-6eb3f3568239][fdfbd39c-aa59-4b23-a3ac-5f2ddfb5b1b8] Ref image 2/7: reusing library asset "Nessa Vale Color Pool War Swim.jpeg" (no re-upload).
2026-09-05T14:25:33.139Z [8a9e6848-d39d-4462-9024-6eb3f3568239][fdfbd39c-aa59-4b23-a3ac-5f2ddfb5b1b8] Ref image 2/7: chips 1→2 ✓
2026-09-05T14:25:34.436Z [8a9e6848-d39d-4462-9024-6eb3f3568239][fdfbd39c-aa59-4b23-a3ac-5f2ddfb5b1b8] Ref image 3/7: downloading from URL...
2026-09-05T14:25:34.794Z [8a9e6848-d39d-4462-9024-6eb3f3568239][fdfbd39c-aa59-4b23-a3ac-5f2ddfb5b1b8] Ref image 3/7: saved 673040 bytes (image/jpeg) as "Graham Vale Color Pool War Backyard.jpeg"
2026-09-05T14:25:34.799Z [8a9e6848-d39d-4462-9024-6eb3f3568239][fdfbd39c-aa59-4b23-a3ac-5f2ddfb5b1b8] Ref image 3/7: attaching reference image...
2026-09-05T14:25:37.245Z [8a9e6848-d39d-4462-9024-6eb3f3568239][fdfbd39c-aa59-4b23-a3ac-5f2ddfb5b1b8] Ref image 3/7: "Graham Vale Color Pool War Backyard.jpeg" not in the library yet — uploading it first.
2026-09-05T14:25:41.421Z [8a9e6848-d39d-4462-9024-6eb3f3568239][fdfbd39c-aa59-4b23-a3ac-5f2ddfb5b1b8] Ref image 3/7: uploading "Graham Vale Color Pool War Backyard.jpeg" to the project library...
2026-09-05T14:25:42.702Z [8a9e6848-d39d-4462-9024-6eb3f3568239][fdfbd39c-aa59-4b23-a3ac-5f2ddfb5b1b8] Ref image 3/7: upload finished ✓
2026-09-05T14:25:51.674Z [8a9e6848-d39d-4462-9024-6eb3f3568239][fdfbd39c-aa59-4b23-a3ac-5f2ddfb5b1b8] Ref image 3/7: chips 2→3 ✓
2026-09-05T14:25:52.966Z [8a9e6848-d39d-4462-9024-6eb3f3568239][fdfbd39c-aa59-4b23-a3ac-5f2ddfb5b1b8] Ref image 4/7: downloading from URL...
2026-09-05T14:25:53.356Z [8a9e6848-d39d-4462-9024-6eb3f3568239][fdfbd39c-aa59-4b23-a3ac-5f2ddfb5b1b8] Ref image 4/7: saved 585044 bytes (image/jpeg) as "Arlo Family Inflatable Pool Progress Set.jpeg"
2026-09-05T14:25:53.386Z [8a9e6848-d39d-4462-9024-6eb3f3568239][fdfbd39c-aa59-4b23-a3ac-5f2ddfb5b1b8] Ref image 4/7: attaching reference image...
2026-09-05T14:25:55.728Z [8a9e6848-d39d-4462-9024-6eb3f3568239][fdfbd39c-aa59-4b23-a3ac-5f2ddfb5b1b8] Ref image 4/7: reusing library asset "Arlo Family Inflatable Pool Progress Set.jpeg" (no re-upload).
2026-09-05T14:25:59.570Z [8a9e6848-d39d-4462-9024-6eb3f3568239][fdfbd39c-aa59-4b23-a3ac-5f2ddfb5b1b8] Ref image 4/7: chips 3→4 ✓
2026-09-05T14:26:01.226Z [8a9e6848-d39d-4462-9024-6eb3f3568239][fdfbd39c-aa59-4b23-a3ac-5f2ddfb5b1b8] Ref image 5/7: downloading from URL...
2026-09-05T14:26:01.580Z [8a9e6848-d39d-4462-9024-6eb3f3568239][fdfbd39c-aa59-4b23-a3ac-5f2ddfb5b1b8] Ref image 5/7: saved 673531 bytes (image/jpeg) as "Color Pool Water State Set.jpeg"
2026-09-05T14:26:01.589Z [8a9e6848-d39d-4462-9024-6eb3f3568239][fdfbd39c-aa59-4b23-a3ac-5f2ddfb5b1b8] Ref image 5/7: attaching reference image...
2026-09-05T14:26:03.547Z [8a9e6848-d39d-4462-9024-6eb3f3568239][fdfbd39c-aa59-4b23-a3ac-5f2ddfb5b1b8] Ref image 5/7: reusing library asset "Color Pool Water State Set.jpeg" (no re-upload).
2026-09-05T14:26:07.470Z [8a9e6848-d39d-4462-9024-6eb3f3568239][fdfbd39c-aa59-4b23-a3ac-5f2ddfb5b1b8] Ref image 5/7: chips 4→5 ✓
2026-09-05T14:26:09.171Z [8a9e6848-d39d-4462-9024-6eb3f3568239][fdfbd39c-aa59-4b23-a3ac-5f2ddfb5b1b8] Ref image 6/7: downloading from URL...
2026-09-05T14:26:09.598Z [8a9e6848-d39d-4462-9024-6eb3f3568239][fdfbd39c-aa59-4b23-a3ac-5f2ddfb5b1b8] Ref image 6/7: saved 542888 bytes (image/jpeg) as "Colorful Pool Slide Blue Protective Mat Set.jpeg"
2026-09-05T14:26:09.602Z [8a9e6848-d39d-4462-9024-6eb3f3568239][fdfbd39c-aa59-4b23-a3ac-5f2ddfb5b1b8] Ref image 6/7: attaching reference image...
2026-09-05T14:26:11.665Z [8a9e6848-d39d-4462-9024-6eb3f3568239][fdfbd39c-aa59-4b23-a3ac-5f2ddfb5b1b8] Ref image 6/7: reusing library asset "Colorful Pool Slide Blue Protective Mat Set.jpeg" (no re-upload).
2026-09-05T14:26:15.001Z [8a9e6848-d39d-4462-9024-6eb3f3568239][fdfbd39c-aa59-4b23-a3ac-5f2ddfb5b1b8] Ref image 6/7: chips 5→6 ✓
2026-09-05T14:26:16.246Z [8a9e6848-d39d-4462-9024-6eb3f3568239][fdfbd39c-aa59-4b23-a3ac-5f2ddfb5b1b8] Ref image 7/7: downloading from URL...
2026-09-05T14:26:16.602Z [8a9e6848-d39d-4462-9024-6eb3f3568239][fdfbd39c-aa59-4b23-a3ac-5f2ddfb5b1b8] Ref image 7/7: saved 390871 bytes (image/jpeg) as "Patio Table.jpeg"
2026-09-05T14:26:16.606Z [8a9e6848-d39d-4462-9024-6eb3f3568239][fdfbd39c-aa59-4b23-a3ac-5f2ddfb5b1b8] Ref image 7/7: attaching reference image...
2026-09-05T14:26:19.042Z [8a9e6848-d39d-4462-9024-6eb3f3568239][fdfbd39c-aa59-4b23-a3ac-5f2ddfb5b1b8] Ref image 7/7: "Patio Table.jpeg" not in the library yet — uploading it first.
2026-09-05T14:26:23.027Z [8a9e6848-d39d-4462-9024-6eb3f3568239][fdfbd39c-aa59-4b23-a3ac-5f2ddfb5b1b8] Ref image 7/7: uploading "Patio Table.jpeg" to the project library...
2026-09-05T14:26:24.114Z [8a9e6848-d39d-4462-9024-6eb3f3568239][fdfbd39c-aa59-4b23-a3ac-5f2ddfb5b1b8] Ref image 7/7: upload finished ✓
2026-09-05T14:26:33.419Z [8a9e6848-d39d-4462-9024-6eb3f3568239][fdfbd39c-aa59-4b23-a3ac-5f2ddfb5b1b8] Ref image 7/7: chips 6→7 ✓
2026-09-05T14:26:33.453Z [8a9e6848-d39d-4462-9024-6eb3f3568239][fdfbd39c-aa59-4b23-a3ac-5f2ddfb5b1b8] Entering prompt...
2026-09-05T14:26:35.151Z [8a9e6848-d39d-4462-9024-6eb3f3568239][fdfbd39c-aa59-4b23-a3ac-5f2ddfb5b1b8] Prompt is 2477 chars — typing it in 27 chunk(s).
2026-09-05T14:26:47.506Z [8a9e6848-d39d-4462-9024-6eb3f3568239][fdfbd39c-aa59-4b23-a3ac-5f2ddfb5b1b8] Prompt insert attempt 1: editor has 2244 chars (want ~2471) ✓
2026-09-05T14:26:49.573Z [8a9e6848-d39d-4462-9024-6eb3f3568239][fdfbd39c-aa59-4b23-a3ac-5f2ddfb5b1b8] Baseline: 27 pre-existing media tile(s) of 27 mounted (kinds: image,image,image,image,image,image,image,image,image,image,image,image,image,image,image,image,image,image,image,image,image,image,image,image,image,image,image).
2026-09-05T14:26:51.865Z [8a9e6848-d39d-4462-9024-6eb3f3568239][fdfbd39c-aa59-4b23-a3ac-5f2ddfb5b1b8] [submit] confirmed (editor "What do you want to ", fresh tile=true).
2026-09-05T14:26:52.600Z [8a9e6848-d39d-4462-9024-6eb3f3568239][fdfbd39c-aa59-4b23-a3ac-5f2ddfb5b1b8] Current Workspace project URL: https://flow.google.com/project/390215dc-290f-4b92-a7f0-dd2b6651acfb?hl=en
2026-09-05T14:26:52.603Z [8a9e6848-d39d-4462-9024-6eb3f3568239][fdfbd39c-aa59-4b23-a3ac-5f2ddfb5b1b8] Submitted ✓ Detecting batch size...
2026-09-05T14:26:52.638Z [8a9e6848-d39d-4462-9024-6eb3f3568239][fdfbd39c-aa59-4b23-a3ac-5f2ddfb5b1b8] New tile(s) since submit: 0 → 4 (mounted=27)
2026-09-05T14:26:56.941Z [8a9e6848-d39d-4462-9024-6eb3f3568239][fdfbd39c-aa59-4b23-a3ac-5f2ddfb5b1b8] Batch size stabilised at 4 new tile(s)
2026-09-05T14:26:56.942Z [8a9e6848-d39d-4462-9024-6eb3f3568239][fdfbd39c-aa59-4b23-a3ac-5f2ddfb5b1b8] Batch detected: 4 item(s). Generating...
2026-09-05T14:26:56.943Z [8a9e6848-d39d-4462-9024-6eb3f3568239][fdfbd39c-aa59-4b23-a3ac-5f2ddfb5b1b8] Polling for 4 image item(s) (baseline=27, hasUpload=true)...
2026-09-05T14:26:56.975Z [8a9e6848-d39d-4462-9024-6eb3f3568239][fdfbd39c-aa59-4b23-a3ac-5f2ddfb5b1b8] Generating... 0 ready, 0 failed / 4 total (0s) image 34% [NHÂN VẬT] image 34% [NHÂN VẬT] image 34% [NHÂN VẬT] image 34% [NHÂN VẬT]
2026-09-05T14:27:00.019Z [8a9e6848-d39d-4462-9024-6eb3f3568239][fdfbd39c-aa59-4b23-a3ac-5f2ddfb5b1b8] Generating... 0 ready, 0 failed / 4 total (3s) image 54% [NHÂN VẬT] image 54% [NHÂN VẬT] image 54% [NHÂN VẬT] image 54% [NHÂN VẬT]
2026-09-05T14:27:03.054Z [8a9e6848-d39d-4462-9024-6eb3f3568239][fdfbd39c-aa59-4b23-a3ac-5f2ddfb5b1b8] Generating... 0 ready, 0 failed / 4 total (6s) image 74% [NHÂN VẬT] image 74% [NHÂN VẬT] image 74% [NHÂN VẬT] image 74% [NHÂN VẬT]
2026-09-05T14:27:06.079Z [8a9e6848-d39d-4462-9024-6eb3f3568239][fdfbd39c-aa59-4b23-a3ac-5f2ddfb5b1b8] Generating... 0 ready, 0 failed / 4 total (9s) image 94% [NHÂN VẬT] image 94% [NHÂN VẬT] image 94% [NHÂN VẬT] image 94% [NHÂN VẬT]
2026-09-05T14:27:09.125Z [8a9e6848-d39d-4462-9024-6eb3f3568239][fdfbd39c-aa59-4b23-a3ac-5f2ddfb5b1b8] Generating... 0 ready, 0 failed / 4 total (12s) image 99% [NHÂN VẬT] image 99% [NHÂN VẬT] image 99% [NHÂN VẬT] image 99% [NHÂN VẬT]
2026-09-05T14:27:12.144Z [8a9e6848-d39d-4462-9024-6eb3f3568239][fdfbd39c-aa59-4b23-a3ac-5f2ddfb5b1b8] Generating... 0 ready, 0 failed / 4 total (15s) image 99% [NHÂN VẬT] image 99% [NHÂN VẬT] image 99% [NHÂN VẬT] image 99% [NHÂN VẬT]
2026-09-05T14:27:15.163Z [8a9e6848-d39d-4462-9024-6eb3f3568239][fdfbd39c-aa59-4b23-a3ac-5f2ddfb5b1b8] Generating... 0 ready, 0 failed / 4 total (18s) image 99% [NHÂN VẬT] image 99% [NHÂN VẬT] image 99% [NHÂN VẬT] image 99% [NHÂN VẬT]
2026-09-05T14:27:18.186Z [8a9e6848-d39d-4462-9024-6eb3f3568239][fdfbd39c-aa59-4b23-a3ac-5f2ddfb5b1b8] Generating... 0 ready, 0 failed / 4 total (21s) image 99% [NHÂN VẬT] image 99% [NHÂN VẬT] image 99% [NHÂN VẬT] image 99% [NHÂN VẬT]
2026-09-05T14:27:21.209Z [8a9e6848-d39d-4462-9024-6eb3f3568239][fdfbd39c-aa59-4b23-a3ac-5f2ddfb5b1b8] Generating... 0 ready, 0 failed / 4 total (24s) image 99% [NHÂN VẬT] image 99% [NHÂN VẬT] image 99% [NHÂN VẬT] image 99% [NHÂN VẬT]
2026-09-05T14:27:24.235Z [8a9e6848-d39d-4462-9024-6eb3f3568239][fdfbd39c-aa59-4b23-a3ac-5f2ddfb5b1b8] Generating... 0 ready, 0 failed / 4 total (27s) image 99% [NHÂN VẬT] image 99% [NHÂN VẬT] image 99% [NHÂN VẬT] image 99% [NHÂN VẬT]
2026-09-05T14:27:27.259Z [8a9e6848-d39d-4462-9024-6eb3f3568239][fdfbd39c-aa59-4b23-a3ac-5f2ddfb5b1b8] Generating... 0 ready, 0 failed / 4 total (30s) image 99% [NHÂN VẬT] image 99% [NHÂN VẬT] image 99% [NHÂN VẬT] image 99% [NHÂN VẬT]
2026-09-05T14:27:30.279Z [8a9e6848-d39d-4462-9024-6eb3f3568239][fdfbd39c-aa59-4b23-a3ac-5f2ddfb5b1b8] Generating... 0 ready, 0 failed / 4 total (33s) image 99% [NHÂN VẬT] image 99% [NHÂN VẬT] image 99% [NHÂN VẬT] image 99% [NHÂN VẬT]
2026-09-05T14:27:33.303Z [8a9e6848-d39d-4462-9024-6eb3f3568239][fdfbd39c-aa59-4b23-a3ac-5f2ddfb5b1b8] Generating... 0 ready, 0 failed / 4 total (36s) image 99% [NHÂN VẬT] image 99% [NHÂN VẬT] image 99% [NHÂN VẬT] image 99% [NHÂN VẬT]
2026-09-05T14:27:36.329Z [8a9e6848-d39d-4462-9024-6eb3f3568239][fdfbd39c-aa59-4b23-a3ac-5f2ddfb5b1b8] Generating... 0 ready, 0 failed / 4 total (39s) image 99% [NHÂN VẬT] image 99% [NHÂN VẬT] [NHÂN VẬT]Arlo, Ness [NHÂN VẬT]Arlo, Ness
2026-09-05T14:27:39.371Z [8a9e6848-d39d-4462-9024-6eb3f3568239][fdfbd39c-aa59-4b23-a3ac-5f2ddfb5b1b8] Generating... 2 ready, 0 failed / 4 total (42s) [NHÂN VẬT]Arlo, Ness [NHÂN VẬT]Arlo, Ness
2026-09-05T14:27:42.391Z [8a9e6848-d39d-4462-9024-6eb3f3568239][fdfbd39c-aa59-4b23-a3ac-5f2ddfb5b1b8] Generating... 4 ready, 0 failed / 4 total (45s)
2026-09-05T14:27:42.392Z [8a9e6848-d39d-4462-9024-6eb3f3568239][fdfbd39c-aa59-4b23-a3ac-5f2ddfb5b1b8] Batch done: 4 ready (target 4), 0 failed, scanned 4.
2026-09-05T14:27:42.392Z [8a9e6848-d39d-4462-9024-6eb3f3568239][fdfbd39c-aa59-4b23-a3ac-5f2ddfb5b1b8] 4 item(s) ready! Downloading...
2026-09-05T14:27:42.396Z [8a9e6848-d39d-4462-9024-6eb3f3568239][fdfbd39c-aa59-4b23-a3ac-5f2ddfb5b1b8] Item 1: Downloading from URL https://flow-content.google/image/043dded2-5879-44be-b896-bf3a521ffc6e?Expires=1788640013&KeyName=labs-flow-prod-cdn-key&Signature=k088sbvVa2MnR_Pxhxc25sNxYU4
2026-09-05T14:27:42.839Z [8a9e6848-d39d-4462-9024-6eb3f3568239][fdfbd39c-aa59-4b23-a3ac-5f2ddfb5b1b8] Downloaded 1/4: winai_2026-09-05T14-27-42_01.jpg
2026-09-05T14:27:42.841Z [8a9e6848-d39d-4462-9024-6eb3f3568239][fdfbd39c-aa59-4b23-a3ac-5f2ddfb5b1b8] Item 2: Downloading from URL https://flow-content.google/image/edbb28bb-c1d4-4551-8617-4a9aa4aab56a?Expires=1788640012&KeyName=labs-flow-prod-cdn-key&Signature=mW244-d_2M7JGNiRA1SI8pbGwXI
2026-09-05T14:27:42.975Z [8a9e6848-d39d-4462-9024-6eb3f3568239][fdfbd39c-aa59-4b23-a3ac-5f2ddfb5b1b8] Downloaded 2/4: winai_2026-09-05T14-27-42_02.jpg
2026-09-05T14:27:42.976Z [8a9e6848-d39d-4462-9024-6eb3f3568239][fdfbd39c-aa59-4b23-a3ac-5f2ddfb5b1b8] Item 3: Downloading from URL https://flow-content.google/image/e92e8441-28ee-4a68-8307-03a5ecee3cdd?Expires=1788640011&KeyName=labs-flow-prod-cdn-key&Signature=CbiR1Gtznp9BPkrBYgrxyp35CMs
2026-09-05T14:27:43.102Z [8a9e6848-d39d-4462-9024-6eb3f3568239][fdfbd39c-aa59-4b23-a3ac-5f2ddfb5b1b8] Downloaded 3/4: winai_2026-09-05T14-27-42_03.jpg
2026-09-05T14:27:43.103Z [8a9e6848-d39d-4462-9024-6eb3f3568239][fdfbd39c-aa59-4b23-a3ac-5f2ddfb5b1b8] Item 4: Downloading from URL https://flow-content.google/image/bc672e76-c746-4530-8271-166e5d867e9f?Expires=1788640010&KeyName=labs-flow-prod-cdn-key&Signature=zdmOkYg4P0217x5tIijbXjbtYxI
2026-09-05T14:27:43.233Z [8a9e6848-d39d-4462-9024-6eb3f3568239][fdfbd39c-aa59-4b23-a3ac-5f2ddfb5b1b8] Downloaded 4/4: winai_2026-09-05T14-27-42_04.jpg
2026-09-05T14:27:43.234Z [8a9e6848-d39d-4462-9024-6eb3f3568239][fdfbd39c-aa59-4b23-a3ac-5f2ddfb5b1b8] ✅ 4 item(s) saved to Downloads/Win AI Toolkit/
2026-09-05T14:27:43.464Z [4cdf57c2-97bf-4bf8-999a-6be54d1ea07e][fdfbd39c-aa59-4b23-a3ac-5f2ddfb5b1b8] runGeneration starting: task_id=4cdf57c2-97bf-4bf8-999a-6be54d1ea07e, profile_id=fdfbd39c-aa59-4b23-a3ac-5f2ddfb5b1b8, target_site=google_flow
2026-09-05T14:27:43.468Z [4cdf57c2-97bf-4bf8-999a-6be54d1ea07e][fdfbd39c-aa59-4b23-a3ac-5f2ddfb5b1b8] Opening Playwright browser with persistent profile cookies...
2026-09-05T14:27:43.470Z [4cdf57c2-97bf-4bf8-999a-6be54d1ea07e][fdfbd39c-aa59-4b23-a3ac-5f2ddfb5b1b8] Browser engine: winhide (C:\Users\MienTrungComputer\AppData\Roaming\com.tank.winai\winhide\chrome.exe) [hidden off-screen]
2026-09-05T14:27:43.474Z [4cdf57c2-97bf-4bf8-999a-6be54d1ea07e][fdfbd39c-aa59-4b23-a3ac-5f2ddfb5b1b8] Launch mode: STEALTH (raw spawn + connectOverCDP)
2026-09-05T14:27:43.783Z [8a9e6848-d39d-4462-9024-6eb3f3568239][fdfbd39c-aa59-4b23-a3ac-5f2ddfb5b1b8] Item 1: Uploaded → https://studio.xanhmedia.vn/uploads/2026-09/1788618462777_8cc67d_fdfbd39c-aa59-4b23-a3ac-5f2ddfb5b1b8_8a9.jpg
2026-09-05T14:27:43.836Z [8a9e6848-d39d-4462-9024-6eb3f3568239][fdfbd39c-aa59-4b23-a3ac-5f2ddfb5b1b8] Item 3: Uploaded → https://studio.xanhmedia.vn/uploads/2026-09/1788618462831_827d57_fdfbd39c-aa59-4b23-a3ac-5f2ddfb5b1b8_8a9.jpg
2026-09-05T14:27:43.885Z [8a9e6848-d39d-4462-9024-6eb3f3568239][fdfbd39c-aa59-4b23-a3ac-5f2ddfb5b1b8] Item 2: Uploaded → https://studio.xanhmedia.vn/uploads/2026-09/1788618462880_686d85_fdfbd39c-aa59-4b23-a3ac-5f2ddfb5b1b8_8a9.jpg
2026-09-05T14:27:43.918Z [8a9e6848-d39d-4462-9024-6eb3f3568239][fdfbd39c-aa59-4b23-a3ac-5f2ddfb5b1b8] Item 4: Uploaded → https://studio.xanhmedia.vn/uploads/2026-09/1788618462906_59e529_fdfbd39c-aa59-4b23-a3ac-5f2ddfb5b1b8_8a9.jpg
2026-09-05T14:27:43.923Z [8a9e6848-d39d-4462-9024-6eb3f3568239][fdfbd39c-aa59-4b23-a3ac-5f2ddfb5b1b8] All done (including any 1080p upgrades). Closing Playwright browser context.
2026-09-05T14:27:46.337Z [4cdf57c2-97bf-4bf8-999a-6be54d1ea07e][fdfbd39c-aa59-4b23-a3ac-5f2ddfb5b1b8] Exit IP: 125.212.158.158
2026-09-05T14:27:46.337Z [4cdf57c2-97bf-4bf8-999a-6be54d1ea07e][fdfbd39c-aa59-4b23-a3ac-5f2ddfb5b1b8] Navigating browser to Google Flow tools page...
2026-09-05T14:27:46.338Z [4cdf57c2-97bf-4bf8-999a-6be54d1ea07e][fdfbd39c-aa59-4b23-a3ac-5f2ddfb5b1b8] Using existing project URL: https://flow.google.com/project/390215dc-290f-4b92-a7f0-dd2b6651acfb?hl=en
2026-09-05T14:27:47.284Z [4cdf57c2-97bf-4bf8-999a-6be54d1ea07e][fdfbd39c-aa59-4b23-a3ac-5f2ddfb5b1b8] Waiting for Google Flow...
2026-09-05T14:27:49.198Z [4cdf57c2-97bf-4bf8-999a-6be54d1ea07e][fdfbd39c-aa59-4b23-a3ac-5f2ddfb5b1b8] In existing project ✓
2026-09-05T14:27:50.124Z [4cdf57c2-97bf-4bf8-999a-6be54d1ea07e][fdfbd39c-aa59-4b23-a3ac-5f2ddfb5b1b8] dismissPopups: unresolved overlay(s) ["IFRAME[presentation]|btns="]
2026-09-05T14:27:51.847Z [4cdf57c2-97bf-4bf8-999a-6be54d1ea07e][fdfbd39c-aa59-4b23-a3ac-5f2ddfb5b1b8] Composer ready ✓ (UI language: en)
2026-09-05T14:27:51.893Z [4cdf57c2-97bf-4bf8-999a-6be54d1ea07e][fdfbd39c-aa59-4b23-a3ac-5f2ddfb5b1b8] dismissPopups: clicked "Dismiss credit banner" (overlay)
2026-09-05T14:27:52.423Z [4cdf57c2-97bf-4bf8-999a-6be54d1ea07e][fdfbd39c-aa59-4b23-a3ac-5f2ddfb5b1b8] dismissPopups: unresolved overlay(s) ["DIV[]|btns=","DIV[]|btns="]
2026-09-05T14:27:52.449Z [4cdf57c2-97bf-4bf8-999a-6be54d1ea07e][fdfbd39c-aa59-4b23-a3ac-5f2ddfb5b1b8] Agent toggle aria-pressed=false
2026-09-05T14:27:52.452Z [4cdf57c2-97bf-4bf8-999a-6be54d1ea07e][fdfbd39c-aa59-4b23-a3ac-5f2ddfb5b1b8] Opening settings...
2026-09-05T14:27:54.581Z [4cdf57c2-97bf-4bf8-999a-6be54d1ea07e][fdfbd39c-aa59-4b23-a3ac-5f2ddfb5b1b8] Configuring image settings...
2026-09-05T14:27:56.396Z [4cdf57c2-97bf-4bf8-999a-6be54d1ea07e][fdfbd39c-aa59-4b23-a3ac-5f2ddfb5b1b8] Mode: selected "image Image" ✓
2026-09-05T14:28:01.294Z [4cdf57c2-97bf-4bf8-999a-6be54d1ea07e][fdfbd39c-aa59-4b23-a3ac-5f2ddfb5b1b8] Model: selected "🍌 Nano Banana 2" ✓
2026-09-05T14:28:02.250Z [4cdf57c2-97bf-4bf8-999a-6be54d1ea07e][fdfbd39c-aa59-4b23-a3ac-5f2ddfb5b1b8] Aspect ratio: "crop_16_9 16:9" already selected ✓
2026-09-05T14:28:03.689Z [4cdf57c2-97bf-4bf8-999a-6be54d1ea07e][fdfbd39c-aa59-4b23-a3ac-5f2ddfb5b1b8] Output count: selected "x4" ✓
2026-09-05T14:28:04.896Z [4cdf57c2-97bf-4bf8-999a-6be54d1ea07e][fdfbd39c-aa59-4b23-a3ac-5f2ddfb5b1b8] Ref image 1/5: downloading from URL...
2026-09-05T14:28:05.228Z [4cdf57c2-97bf-4bf8-999a-6be54d1ea07e][fdfbd39c-aa59-4b23-a3ac-5f2ddfb5b1b8] Downloader: no-proxy request context ready.
2026-09-05T14:28:06.321Z [4cdf57c2-97bf-4bf8-999a-6be54d1ea07e][fdfbd39c-aa59-4b23-a3ac-5f2ddfb5b1b8] Ref image 1/5: saved 566164 bytes (image/jpeg) as "Arlo Vale Color Pool War Swim.jpeg"
2026-09-05T14:28:06.324Z [4cdf57c2-97bf-4bf8-999a-6be54d1ea07e][fdfbd39c-aa59-4b23-a3ac-5f2ddfb5b1b8] Ref image 1/5: attaching reference image...
2026-09-05T14:28:08.560Z [4cdf57c2-97bf-4bf8-999a-6be54d1ea07e][fdfbd39c-aa59-4b23-a3ac-5f2ddfb5b1b8] Ref image 1/5: reusing library asset "Arlo Vale Color Pool War Swim.jpeg" (no re-upload).
2026-09-05T14:28:12.257Z [4cdf57c2-97bf-4bf8-999a-6be54d1ea07e][fdfbd39c-aa59-4b23-a3ac-5f2ddfb5b1b8] Ref image 1/5: chips 0→1 ✓
2026-09-05T14:28:13.511Z [4cdf57c2-97bf-4bf8-999a-6be54d1ea07e][fdfbd39c-aa59-4b23-a3ac-5f2ddfb5b1b8] Ref image 2/5: downloading from URL...
2026-09-05T14:28:13.899Z [4cdf57c2-97bf-4bf8-999a-6be54d1ea07e][fdfbd39c-aa59-4b23-a3ac-5f2ddfb5b1b8] Ref image 2/5: saved 648250 bytes (image/jpeg) as "Nessa Vale Color Pool War Swim.jpeg"
2026-09-05T14:28:13.902Z [4cdf57c2-97bf-4bf8-999a-6be54d1ea07e][fdfbd39c-aa59-4b23-a3ac-5f2ddfb5b1b8] Ref image 2/5: attaching reference image...
2026-09-05T14:28:16.015Z [4cdf57c2-97bf-4bf8-999a-6be54d1ea07e][fdfbd39c-aa59-4b23-a3ac-5f2ddfb5b1b8] Ref image 2/5: reusing library asset "Nessa Vale Color Pool War Swim.jpeg" (no re-upload).
2026-09-05T14:28:19.521Z [4cdf57c2-97bf-4bf8-999a-6be54d1ea07e][fdfbd39c-aa59-4b23-a3ac-5f2ddfb5b1b8] Ref image 2/5: chips 1→2 ✓
2026-09-05T14:28:20.496Z [4cdf57c2-97bf-4bf8-999a-6be54d1ea07e][fdfbd39c-aa59-4b23-a3ac-5f2ddfb5b1b8] Ref image 3/5: downloading from URL...
2026-09-05T14:28:20.838Z [4cdf57c2-97bf-4bf8-999a-6be54d1ea07e][fdfbd39c-aa59-4b23-a3ac-5f2ddfb5b1b8] Ref image 3/5: saved 585044 bytes (image/jpeg) as "Arlo Family Inflatable Pool Progress Set.jpeg"
2026-09-05T14:28:20.842Z [4cdf57c2-97bf-4bf8-999a-6be54d1ea07e][fdfbd39c-aa59-4b23-a3ac-5f2ddfb5b1b8] Ref image 3/5: attaching reference image...
2026-09-05T14:28:23.165Z [4cdf57c2-97bf-4bf8-999a-6be54d1ea07e][fdfbd39c-aa59-4b23-a3ac-5f2ddfb5b1b8] Ref image 3/5: reusing library asset "Arlo Family Inflatable Pool Progress Set.jpeg" (no re-upload).
2026-09-05T14:28:26.792Z [4cdf57c2-97bf-4bf8-999a-6be54d1ea07e][fdfbd39c-aa59-4b23-a3ac-5f2ddfb5b1b8] Ref image 3/5: chips 2→3 ✓
2026-09-05T14:28:28.198Z [4cdf57c2-97bf-4bf8-999a-6be54d1ea07e][fdfbd39c-aa59-4b23-a3ac-5f2ddfb5b1b8] Ref image 4/5: downloading from URL...
2026-09-05T14:28:28.568Z [4cdf57c2-97bf-4bf8-999a-6be54d1ea07e][fdfbd39c-aa59-4b23-a3ac-5f2ddfb5b1b8] Ref image 4/5: saved 673531 bytes (image/jpeg) as "Color Pool Water State Set.jpeg"
2026-09-05T14:28:28.578Z [4cdf57c2-97bf-4bf8-999a-6be54d1ea07e][fdfbd39c-aa59-4b23-a3ac-5f2ddfb5b1b8] Ref image 4/5: attaching reference image...
2026-09-05T14:28:30.526Z [4cdf57c2-97bf-4bf8-999a-6be54d1ea07e][fdfbd39c-aa59-4b23-a3ac-5f2ddfb5b1b8] Ref image 4/5: reusing library asset "Color Pool Water State Set.jpeg" (no re-upload).
2026-09-05T14:28:34.132Z [4cdf57c2-97bf-4bf8-999a-6be54d1ea07e][fdfbd39c-aa59-4b23-a3ac-5f2ddfb5b1b8] Ref image 4/5: chips 3→4 ✓
2026-09-05T14:28:35.790Z [4cdf57c2-97bf-4bf8-999a-6be54d1ea07e][fdfbd39c-aa59-4b23-a3ac-5f2ddfb5b1b8] Ref image 5/5: downloading from URL...
2026-09-05T14:28:36.164Z [4cdf57c2-97bf-4bf8-999a-6be54d1ea07e][fdfbd39c-aa59-4b23-a3ac-5f2ddfb5b1b8] Ref image 5/5: saved 542888 bytes (image/jpeg) as "Colorful Pool Slide Blue Protective Mat Set.jpeg"
2026-09-05T14:28:36.172Z [4cdf57c2-97bf-4bf8-999a-6be54d1ea07e][fdfbd39c-aa59-4b23-a3ac-5f2ddfb5b1b8] Ref image 5/5: attaching reference image...
2026-09-05T14:28:38.535Z [4cdf57c2-97bf-4bf8-999a-6be54d1ea07e][fdfbd39c-aa59-4b23-a3ac-5f2ddfb5b1b8] Ref image 5/5: reusing library asset "Colorful Pool Slide Blue Protective Mat Set.jpeg" (no re-upload).
2026-09-05T14:28:41.810Z [4cdf57c2-97bf-4bf8-999a-6be54d1ea07e][fdfbd39c-aa59-4b23-a3ac-5f2ddfb5b1b8] Ref image 5/5: chips 4→5 ✓
2026-09-05T14:28:41.824Z [4cdf57c2-97bf-4bf8-999a-6be54d1ea07e][fdfbd39c-aa59-4b23-a3ac-5f2ddfb5b1b8] Entering prompt...
2026-09-05T14:28:43.302Z [4cdf57c2-97bf-4bf8-999a-6be54d1ea07e][fdfbd39c-aa59-4b23-a3ac-5f2ddfb5b1b8] Prompt is 2427 chars — typing it in 26 chunk(s).
2026-09-05T14:28:55.348Z [4cdf57c2-97bf-4bf8-999a-6be54d1ea07e][fdfbd39c-aa59-4b23-a3ac-5f2ddfb5b1b8] Prompt insert attempt 1: editor has 2194 chars (want ~2421) ✓
2026-09-05T14:28:57.253Z [4cdf57c2-97bf-4bf8-999a-6be54d1ea07e][fdfbd39c-aa59-4b23-a3ac-5f2ddfb5b1b8] Baseline: 27 pre-existing media tile(s) of 27 mounted (kinds: image,image,image,image,image,image,image,image,image,image,image,image,image,image,image,image,image,image,image,image,image,image,image,image,image,image,image).
2026-09-05T14:28:59.604Z [4cdf57c2-97bf-4bf8-999a-6be54d1ea07e][fdfbd39c-aa59-4b23-a3ac-5f2ddfb5b1b8] [submit] confirmed (editor "What do you want to ", fresh tile=true).
2026-09-05T14:29:00.010Z [4cdf57c2-97bf-4bf8-999a-6be54d1ea07e][fdfbd39c-aa59-4b23-a3ac-5f2ddfb5b1b8] Current Workspace project URL: https://flow.google.com/project/390215dc-290f-4b92-a7f0-dd2b6651acfb?hl=en
2026-09-05T14:29:00.012Z [4cdf57c2-97bf-4bf8-999a-6be54d1ea07e][fdfbd39c-aa59-4b23-a3ac-5f2ddfb5b1b8] Submitted ✓ Detecting batch size...
2026-09-05T14:29:00.066Z [4cdf57c2-97bf-4bf8-999a-6be54d1ea07e][fdfbd39c-aa59-4b23-a3ac-5f2ddfb5b1b8] New tile(s) since submit: 0 → 4 (mounted=27)
2026-09-05T14:29:04.328Z [4cdf57c2-97bf-4bf8-999a-6be54d1ea07e][fdfbd39c-aa59-4b23-a3ac-5f2ddfb5b1b8] Batch size stabilised at 4 new tile(s)
2026-09-05T14:29:04.332Z [4cdf57c2-97bf-4bf8-999a-6be54d1ea07e][fdfbd39c-aa59-4b23-a3ac-5f2ddfb5b1b8] Batch detected: 4 item(s). Generating...
2026-09-05T14:29:04.335Z [4cdf57c2-97bf-4bf8-999a-6be54d1ea07e][fdfbd39c-aa59-4b23-a3ac-5f2ddfb5b1b8] Polling for 4 image item(s) (baseline=27, hasUpload=true)...
2026-09-05T14:29:04.373Z [4cdf57c2-97bf-4bf8-999a-6be54d1ea07e][fdfbd39c-aa59-4b23-a3ac-5f2ddfb5b1b8] Generating... 0 ready, 0 failed / 4 total (0s) image 35% [NHÂN VẬT] image 35% [NHÂN VẬT] image 35% [NHÂN VẬT] image 35% [NHÂN VẬT]
2026-09-05T14:29:07.384Z [4cdf57c2-97bf-4bf8-999a-6be54d1ea07e][fdfbd39c-aa59-4b23-a3ac-5f2ddfb5b1b8] Generating... 0 ready, 0 failed / 4 total (3s) image 55% [NHÂN VẬT] image 55% [NHÂN VẬT] image 55% [NHÂN VẬT] image 55% [NHÂN VẬT]
2026-09-05T14:29:10.404Z [4cdf57c2-97bf-4bf8-999a-6be54d1ea07e][fdfbd39c-aa59-4b23-a3ac-5f2ddfb5b1b8] Generating... 0 ready, 0 failed / 4 total (6s) image 75% [NHÂN VẬT] image 75% [NHÂN VẬT] image 75% [NHÂN VẬT] image 75% [NHÂN VẬT]
2026-09-05T14:29:13.432Z [4cdf57c2-97bf-4bf8-999a-6be54d1ea07e][fdfbd39c-aa59-4b23-a3ac-5f2ddfb5b1b8] Generating... 0 ready, 0 failed / 4 total (9s) image 95% [NHÂN VẬT] image 95% [NHÂN VẬT] image 95% [NHÂN VẬT] image 95% [NHÂN VẬT]
2026-09-05T14:29:16.458Z [4cdf57c2-97bf-4bf8-999a-6be54d1ea07e][fdfbd39c-aa59-4b23-a3ac-5f2ddfb5b1b8] Generating... 0 ready, 0 failed / 4 total (12s) image 99% [NHÂN VẬT] image 99% [NHÂN VẬT] image 99% [NHÂN VẬT] image 99% [NHÂN VẬT]
2026-09-05T14:29:19.488Z [4cdf57c2-97bf-4bf8-999a-6be54d1ea07e][fdfbd39c-aa59-4b23-a3ac-5f2ddfb5b1b8] Generating... 0 ready, 0 failed / 4 total (15s) image 99% [NHÂN VẬT] image 99% [NHÂN VẬT] image 99% [NHÂN VẬT] image 99% [NHÂN VẬT]
2026-09-05T14:29:22.510Z [4cdf57c2-97bf-4bf8-999a-6be54d1ea07e][fdfbd39c-aa59-4b23-a3ac-5f2ddfb5b1b8] Generating... 0 ready, 0 failed / 4 total (18s) image 99% [NHÂN VẬT] image 99% [NHÂN VẬT] image 99% [NHÂN VẬT] image 99% [NHÂN VẬT]
2026-09-05T14:29:25.527Z [4cdf57c2-97bf-4bf8-999a-6be54d1ea07e][fdfbd39c-aa59-4b23-a3ac-5f2ddfb5b1b8] Generating... 0 ready, 0 failed / 4 total (21s) image 99% [NHÂN VẬT] image 99% [NHÂN VẬT] image 99% [NHÂN VẬT] image 99% [NHÂN VẬT]
2026-09-05T14:29:28.555Z [4cdf57c2-97bf-4bf8-999a-6be54d1ea07e][fdfbd39c-aa59-4b23-a3ac-5f2ddfb5b1b8] Generating... 0 ready, 0 failed / 4 total (24s) image 99% [NHÂN VẬT] image 99% [NHÂN VẬT] image 99% [NHÂN VẬT] image 99% [NHÂN VẬT]
2026-09-05T14:29:31.593Z [4cdf57c2-97bf-4bf8-999a-6be54d1ea07e][fdfbd39c-aa59-4b23-a3ac-5f2ddfb5b1b8] Generating... 0 ready, 0 failed / 4 total (27s) image 99% [NHÂN VẬT] image 99% [NHÂN VẬT] image 99% [NHÂN VẬT] image 99% [NHÂN VẬT]
2026-09-05T14:29:34.627Z [4cdf57c2-97bf-4bf8-999a-6be54d1ea07e][fdfbd39c-aa59-4b23-a3ac-5f2ddfb5b1b8] Generating... 0 ready, 0 failed / 4 total (30s) image 99% [NHÂN VẬT] image 99% [NHÂN VẬT] image 99% [NHÂN VẬT] image 99% [NHÂN VẬT]
2026-09-05T14:29:37.648Z [4cdf57c2-97bf-4bf8-999a-6be54d1ea07e][fdfbd39c-aa59-4b23-a3ac-5f2ddfb5b1b8] Generating... 0 ready, 0 failed / 4 total (33s) image 99% [NHÂN VẬT] image 99% [NHÂN VẬT] image 99% [NHÂN VẬT] image 99% [NHÂN VẬT]
2026-09-05T14:29:40.681Z [4cdf57c2-97bf-4bf8-999a-6be54d1ea07e][fdfbd39c-aa59-4b23-a3ac-5f2ddfb5b1b8] Generating... 0 ready, 0 failed / 4 total (36s) image 99% [NHÂN VẬT] image 99% [NHÂN VẬT] image 99% [NHÂN VẬT] image 99% [NHÂN VẬT]
2026-09-05T14:29:43.709Z [4cdf57c2-97bf-4bf8-999a-6be54d1ea07e][fdfbd39c-aa59-4b23-a3ac-5f2ddfb5b1b8] Generating... 0 ready, 0 failed / 4 total (39s) [NHÂN VẬT]Arlo, Ness image 99% [NHÂN VẬT] image 99% [NHÂN VẬT]
2026-09-05T14:29:46.730Z [4cdf57c2-97bf-4bf8-999a-6be54d1ea07e][fdfbd39c-aa59-4b23-a3ac-5f2ddfb5b1b8] Generating... 1 ready, 0 failed / 4 total (42s) image 99% [NHÂN VẬT] image 99% [NHÂN VẬT]
2026-09-05T14:29:49.756Z [4cdf57c2-97bf-4bf8-999a-6be54d1ea07e][fdfbd39c-aa59-4b23-a3ac-5f2ddfb5b1b8] Generating... 1 ready, 0 failed / 4 total (45s) image 99% [NHÂN VẬT] image 99% [NHÂN VẬT]
2026-09-05T14:29:52.782Z [4cdf57c2-97bf-4bf8-999a-6be54d1ea07e][fdfbd39c-aa59-4b23-a3ac-5f2ddfb5b1b8] Generating... 1 ready, 0 failed / 4 total (48s) image 99% [NHÂN VẬT] image 99% [NHÂN VẬT]
2026-09-05T14:29:55.848Z [4cdf57c2-97bf-4bf8-999a-6be54d1ea07e][fdfbd39c-aa59-4b23-a3ac-5f2ddfb5b1b8] Generating... 1 ready, 0 failed / 4 total (52s) [NHÂN VẬT]Arlo, Ness [NHÂN VẬT]Arlo, Ness
2026-09-05T14:29:58.862Z [4cdf57c2-97bf-4bf8-999a-6be54d1ea07e][fdfbd39c-aa59-4b23-a3ac-5f2ddfb5b1b8] Generating... 3 ready, 0 failed / 4 total (55s)
2026-09-05T14:30:01.879Z [4cdf57c2-97bf-4bf8-999a-6be54d1ea07e][fdfbd39c-aa59-4b23-a3ac-5f2ddfb5b1b8] Generating... 3 ready, 0 failed / 4 total (58s)
2026-09-05T14:30:04.897Z [4cdf57c2-97bf-4bf8-999a-6be54d1ea07e][fdfbd39c-aa59-4b23-a3ac-5f2ddfb5b1b8] Generating... 3 ready, 0 failed / 4 total (61s)
2026-09-05T14:30:07.920Z [4cdf57c2-97bf-4bf8-999a-6be54d1ea07e][fdfbd39c-aa59-4b23-a3ac-5f2ddfb5b1b8] Generating... 3 ready, 0 failed / 4 total (64s)
2026-09-05T14:30:10.937Z [4cdf57c2-97bf-4bf8-999a-6be54d1ea07e][fdfbd39c-aa59-4b23-a3ac-5f2ddfb5b1b8] Generating... 3 ready, 0 failed / 4 total (67s)
2026-09-05T14:30:13.950Z [4cdf57c2-97bf-4bf8-999a-6be54d1ea07e][fdfbd39c-aa59-4b23-a3ac-5f2ddfb5b1b8] Generating... 3 ready, 0 failed / 4 total (70s)
2026-09-05T14:30:16.961Z [4cdf57c2-97bf-4bf8-999a-6be54d1ea07e][fdfbd39c-aa59-4b23-a3ac-5f2ddfb5b1b8] Generating... 3 ready, 0 failed / 4 total (73s)
2026-09-05T14:30:19.979Z [4cdf57c2-97bf-4bf8-999a-6be54d1ea07e][fdfbd39c-aa59-4b23-a3ac-5f2ddfb5b1b8] Generating... 3 ready, 0 failed / 4 total (76s)
2026-09-05T14:30:22.997Z [4cdf57c2-97bf-4bf8-999a-6be54d1ea07e][fdfbd39c-aa59-4b23-a3ac-5f2ddfb5b1b8] Generating... 3 ready, 0 failed / 4 total (79s)
2026-09-05T14:30:26.021Z [4cdf57c2-97bf-4bf8-999a-6be54d1ea07e][fdfbd39c-aa59-4b23-a3ac-5f2ddfb5b1b8] Generating... 3 ready, 0 failed / 4 total (82s)
2026-09-05T14:30:29.047Z [4cdf57c2-97bf-4bf8-999a-6be54d1ea07e][fdfbd39c-aa59-4b23-a3ac-5f2ddfb5b1b8] Generating... 3 ready, 0 failed / 4 total (85s)
2026-09-05T14:30:32.062Z [4cdf57c2-97bf-4bf8-999a-6be54d1ea07e][fdfbd39c-aa59-4b23-a3ac-5f2ddfb5b1b8] Generating... 3 ready, 0 failed / 4 total (88s)
2026-09-05T14:30:35.077Z [4cdf57c2-97bf-4bf8-999a-6be54d1ea07e][fdfbd39c-aa59-4b23-a3ac-5f2ddfb5b1b8] Generating... 3 ready, 0 failed / 4 total (91s)
2026-09-05T14:30:38.087Z [4cdf57c2-97bf-4bf8-999a-6be54d1ea07e][fdfbd39c-aa59-4b23-a3ac-5f2ddfb5b1b8] Generating... 3 ready, 0 failed / 4 total (94s)
2026-09-05T14:30:41.104Z [4cdf57c2-97bf-4bf8-999a-6be54d1ea07e][fdfbd39c-aa59-4b23-a3ac-5f2ddfb5b1b8] Generating... 3 ready, 0 failed / 4 total (97s)
2026-09-05T14:30:44.131Z [4cdf57c2-97bf-4bf8-999a-6be54d1ea07e][fdfbd39c-aa59-4b23-a3ac-5f2ddfb5b1b8] Generating... 3 ready, 0 failed / 4 total (100s)
2026-09-05T14:30:47.147Z [4cdf57c2-97bf-4bf8-999a-6be54d1ea07e][fdfbd39c-aa59-4b23-a3ac-5f2ddfb5b1b8] Generating... 3 ready, 0 failed / 4 total (103s)
2026-09-05T14:30:50.174Z [4cdf57c2-97bf-4bf8-999a-6be54d1ea07e][fdfbd39c-aa59-4b23-a3ac-5f2ddfb5b1b8] Generating... 3 ready, 0 failed / 4 total (106s)
2026-09-05T14:30:53.185Z [4cdf57c2-97bf-4bf8-999a-6be54d1ea07e][fdfbd39c-aa59-4b23-a3ac-5f2ddfb5b1b8] Generating... 3 ready, 0 failed / 4 total (109s)
2026-09-05T14:30:56.198Z [4cdf57c2-97bf-4bf8-999a-6be54d1ea07e][fdfbd39c-aa59-4b23-a3ac-5f2ddfb5b1b8] Generating... 3 ready, 0 failed / 4 total (112s)
2026-09-05T14:30:59.218Z [4cdf57c2-97bf-4bf8-999a-6be54d1ea07e][fdfbd39c-aa59-4b23-a3ac-5f2ddfb5b1b8] Generating... 3 ready, 0 failed / 4 total (115s)
2026-09-05T14:31:02.242Z [4cdf57c2-97bf-4bf8-999a-6be54d1ea07e][fdfbd39c-aa59-4b23-a3ac-5f2ddfb5b1b8] Generating... 3 ready, 0 failed / 4 total (118s)
2026-09-05T14:31:05.259Z [4cdf57c2-97bf-4bf8-999a-6be54d1ea07e][fdfbd39c-aa59-4b23-a3ac-5f2ddfb5b1b8] Generating... 3 ready, 0 failed / 4 total (121s)
2026-09-05T14:31:08.268Z [4cdf57c2-97bf-4bf8-999a-6be54d1ea07e][fdfbd39c-aa59-4b23-a3ac-5f2ddfb5b1b8] Generating... 3 ready, 0 failed / 4 total (124s)
2026-09-05T14:31:11.284Z [4cdf57c2-97bf-4bf8-999a-6be54d1ea07e][fdfbd39c-aa59-4b23-a3ac-5f2ddfb5b1b8] Generating... 3 ready, 0 failed / 4 total (127s)
2026-09-05T14:31:14.315Z [4cdf57c2-97bf-4bf8-999a-6be54d1ea07e][fdfbd39c-aa59-4b23-a3ac-5f2ddfb5b1b8] Generating... 3 ready, 0 failed / 4 total (130s)
2026-09-05T14:31:17.334Z [4cdf57c2-97bf-4bf8-999a-6be54d1ea07e][fdfbd39c-aa59-4b23-a3ac-5f2ddfb5b1b8] Generating... 3 ready, 0 failed / 4 total (133s)
2026-09-05T14:31:20.347Z [4cdf57c2-97bf-4bf8-999a-6be54d1ea07e][fdfbd39c-aa59-4b23-a3ac-5f2ddfb5b1b8] Generating... 3 ready, 0 failed / 4 total (136s)
2026-09-05T14:31:23.366Z [4cdf57c2-97bf-4bf8-999a-6be54d1ea07e][fdfbd39c-aa59-4b23-a3ac-5f2ddfb5b1b8] Generating... 3 ready, 0 failed / 4 total (139s)
2026-09-05T14:31:26.381Z [4cdf57c2-97bf-4bf8-999a-6be54d1ea07e][fdfbd39c-aa59-4b23-a3ac-5f2ddfb5b1b8] Generating... 3 ready, 0 failed / 4 total (142s)
2026-09-05T14:31:29.396Z [4cdf57c2-97bf-4bf8-999a-6be54d1ea07e][fdfbd39c-aa59-4b23-a3ac-5f2ddfb5b1b8] Generating... 3 ready, 0 failed / 4 total (145s)
2026-09-05T14:31:32.410Z [4cdf57c2-97bf-4bf8-999a-6be54d1ea07e][fdfbd39c-aa59-4b23-a3ac-5f2ddfb5b1b8] Generating... 3 ready, 0 failed / 4 total (148s)
2026-09-05T14:31:35.427Z [4cdf57c2-97bf-4bf8-999a-6be54d1ea07e][fdfbd39c-aa59-4b23-a3ac-5f2ddfb5b1b8] Generating... 3 ready, 0 failed / 4 total (151s)
2026-09-05T14:31:38.450Z [4cdf57c2-97bf-4bf8-999a-6be54d1ea07e][fdfbd39c-aa59-4b23-a3ac-5f2ddfb5b1b8] Generating... 3 ready, 0 failed / 4 total (154s)
2026-09-05T14:31:41.461Z [4cdf57c2-97bf-4bf8-999a-6be54d1ea07e][fdfbd39c-aa59-4b23-a3ac-5f2ddfb5b1b8] Generating... 3 ready, 0 failed / 4 total (157s)
2026-09-05T14:31:44.481Z [4cdf57c2-97bf-4bf8-999a-6be54d1ea07e][fdfbd39c-aa59-4b23-a3ac-5f2ddfb5b1b8] Generating... 3 ready, 0 failed / 4 total (160s)
2026-09-05T14:31:47.501Z [4cdf57c2-97bf-4bf8-999a-6be54d1ea07e][fdfbd39c-aa59-4b23-a3ac-5f2ddfb5b1b8] Generating... 3 ready, 0 failed / 4 total (163s)
2026-09-05T14:31:50.526Z [4cdf57c2-97bf-4bf8-999a-6be54d1ea07e][fdfbd39c-aa59-4b23-a3ac-5f2ddfb5b1b8] Generating... 3 ready, 0 failed / 4 total (166s)
2026-09-05T14:31:53.552Z [4cdf57c2-97bf-4bf8-999a-6be54d1ea07e][fdfbd39c-aa59-4b23-a3ac-5f2ddfb5b1b8] Generating... 3 ready, 0 failed / 4 total (169s)
2026-09-05T14:31:56.582Z [4cdf57c2-97bf-4bf8-999a-6be54d1ea07e][fdfbd39c-aa59-4b23-a3ac-5f2ddfb5b1b8] Generating... 3 ready, 0 failed / 4 total (172s)
2026-09-05T14:31:59.611Z [4cdf57c2-97bf-4bf8-999a-6be54d1ea07e][fdfbd39c-aa59-4b23-a3ac-5f2ddfb5b1b8] Generating... 3 ready, 0 failed / 4 total (175s)
2026-09-05T14:32:02.619Z [4cdf57c2-97bf-4bf8-999a-6be54d1ea07e][fdfbd39c-aa59-4b23-a3ac-5f2ddfb5b1b8] Generating... 3 ready, 0 failed / 4 total (178s)
2026-09-05T14:32:05.627Z [4cdf57c2-97bf-4bf8-999a-6be54d1ea07e][fdfbd39c-aa59-4b23-a3ac-5f2ddfb5b1b8] Poll ended with 3/4 ready — salvaging the completed item(s).
2026-09-05T14:32:05.628Z [4cdf57c2-97bf-4bf8-999a-6be54d1ea07e][fdfbd39c-aa59-4b23-a3ac-5f2ddfb5b1b8] 3 item(s) ready! Downloading...
2026-09-05T14:32:05.632Z [4cdf57c2-97bf-4bf8-999a-6be54d1ea07e][fdfbd39c-aa59-4b23-a3ac-5f2ddfb5b1b8] Item 1: Downloading from URL https://flow-content.google/image/e50f05d4-9462-49e2-b8c9-75ba371920ed?Expires=1788640141&KeyName=labs-flow-prod-cdn-key&Signature=trU9ui8hWdLvOCa426h9Tr4O74E
2026-09-05T14:32:06.066Z [4cdf57c2-97bf-4bf8-999a-6be54d1ea07e][fdfbd39c-aa59-4b23-a3ac-5f2ddfb5b1b8] Downloaded 1/3: winai_2026-09-05T14-32-05_01.jpg
2026-09-05T14:32:06.068Z [4cdf57c2-97bf-4bf8-999a-6be54d1ea07e][fdfbd39c-aa59-4b23-a3ac-5f2ddfb5b1b8] Item 2: Downloading from URL https://flow-content.google/image/e1497e1b-ae51-4128-bcf5-a321f5afa43f?Expires=1788640140&KeyName=labs-flow-prod-cdn-key&Signature=bN-uAhlYq81LuY0rgWOrj3nMKbo
2026-09-05T14:32:06.199Z [4cdf57c2-97bf-4bf8-999a-6be54d1ea07e][fdfbd39c-aa59-4b23-a3ac-5f2ddfb5b1b8] Downloaded 2/3: winai_2026-09-05T14-32-05_02.jpg
2026-09-05T14:32:06.201Z [4cdf57c2-97bf-4bf8-999a-6be54d1ea07e][fdfbd39c-aa59-4b23-a3ac-5f2ddfb5b1b8] Item 3: Downloading from URL https://flow-content.google/image/e6d3aa86-1ea3-488d-ad34-6d598a14a38d?Expires=1788640138&KeyName=labs-flow-prod-cdn-key&Signature=JPIphQPvWzKCGqCilartCY9B5OM
2026-09-05T14:32:06.318Z [4cdf57c2-97bf-4bf8-999a-6be54d1ea07e][fdfbd39c-aa59-4b23-a3ac-5f2ddfb5b1b8] Downloaded 3/3: winai_2026-09-05T14-32-05_03.jpg
2026-09-05T14:32:06.318Z [4cdf57c2-97bf-4bf8-999a-6be54d1ea07e][fdfbd39c-aa59-4b23-a3ac-5f2ddfb5b1b8] ✅ 3 item(s) saved to Downloads/Win AI Toolkit/
2026-09-05T14:32:06.556Z [dd7686e3-2f0b-4f25-8a3d-dff19e0c6eed][fdfbd39c-aa59-4b23-a3ac-5f2ddfb5b1b8] runGeneration starting: task_id=dd7686e3-2f0b-4f25-8a3d-dff19e0c6eed, profile_id=fdfbd39c-aa59-4b23-a3ac-5f2ddfb5b1b8, target_site=google_flow
2026-09-05T14:32:06.559Z [dd7686e3-2f0b-4f25-8a3d-dff19e0c6eed][fdfbd39c-aa59-4b23-a3ac-5f2ddfb5b1b8] Opening Playwright browser with persistent profile cookies...
2026-09-05T14:32:06.561Z [dd7686e3-2f0b-4f25-8a3d-dff19e0c6eed][fdfbd39c-aa59-4b23-a3ac-5f2ddfb5b1b8] Browser engine: winhide (C:\Users\MienTrungComputer\AppData\Roaming\com.tank.winai\winhide\chrome.exe) [hidden off-screen]
2026-09-05T14:32:06.564Z [dd7686e3-2f0b-4f25-8a3d-dff19e0c6eed][fdfbd39c-aa59-4b23-a3ac-5f2ddfb5b1b8] Launch mode: STEALTH (raw spawn + connectOverCDP)
2026-09-05T14:32:06.956Z [4cdf57c2-97bf-4bf8-999a-6be54d1ea07e][fdfbd39c-aa59-4b23-a3ac-5f2ddfb5b1b8] Item 3: Uploaded → https://studio.xanhmedia.vn/uploads/2026-09/1788618725949_b9850d_fdfbd39c-aa59-4b23-a3ac-5f2ddfb5b1b8_4cd.jpg
2026-09-05T14:32:06.981Z [4cdf57c2-97bf-4bf8-999a-6be54d1ea07e][fdfbd39c-aa59-4b23-a3ac-5f2ddfb5b1b8] Item 2: Uploaded → https://studio.xanhmedia.vn/uploads/2026-09/1788618725973_c52b89_fdfbd39c-aa59-4b23-a3ac-5f2ddfb5b1b8_4cd.jpg
2026-09-05T14:32:07.021Z [4cdf57c2-97bf-4bf8-999a-6be54d1ea07e][fdfbd39c-aa59-4b23-a3ac-5f2ddfb5b1b8] Item 1: Uploaded → https://studio.xanhmedia.vn/uploads/2026-09/1788618726007_4a4c09_fdfbd39c-aa59-4b23-a3ac-5f2ddfb5b1b8_4cd.jpg
2026-09-05T14:32:07.026Z [4cdf57c2-97bf-4bf8-999a-6be54d1ea07e][fdfbd39c-aa59-4b23-a3ac-5f2ddfb5b1b8] All done (including any 1080p upgrades). Closing Playwright browser context.
2026-09-05T14:32:08.841Z [dd7686e3-2f0b-4f25-8a3d-dff19e0c6eed][fdfbd39c-aa59-4b23-a3ac-5f2ddfb5b1b8] Exit IP: 125.212.158.158
2026-09-05T14:32:08.842Z [dd7686e3-2f0b-4f25-8a3d-dff19e0c6eed][fdfbd39c-aa59-4b23-a3ac-5f2ddfb5b1b8] Navigating browser to Google Flow tools page...
2026-09-05T14:32:08.845Z [dd7686e3-2f0b-4f25-8a3d-dff19e0c6eed][fdfbd39c-aa59-4b23-a3ac-5f2ddfb5b1b8] Using existing project URL: https://flow.google.com/project/390215dc-290f-4b92-a7f0-dd2b6651acfb?hl=en
2026-09-05T14:32:09.819Z [dd7686e3-2f0b-4f25-8a3d-dff19e0c6eed][fdfbd39c-aa59-4b23-a3ac-5f2ddfb5b1b8] Waiting for Google Flow...
2026-09-05T14:32:12.287Z [dd7686e3-2f0b-4f25-8a3d-dff19e0c6eed][fdfbd39c-aa59-4b23-a3ac-5f2ddfb5b1b8] In existing project ✓
2026-09-05T14:32:14.449Z [dd7686e3-2f0b-4f25-8a3d-dff19e0c6eed][fdfbd39c-aa59-4b23-a3ac-5f2ddfb5b1b8] dismissPopups: clicked "Dismiss credit banner" (overlay)
2026-09-05T14:32:14.991Z [dd7686e3-2f0b-4f25-8a3d-dff19e0c6eed][fdfbd39c-aa59-4b23-a3ac-5f2ddfb5b1b8] dismissPopups: unresolved overlay(s) ["DIV[]|btns=","DIV[]|btns="]
2026-09-05T14:32:15.127Z [dd7686e3-2f0b-4f25-8a3d-dff19e0c6eed][fdfbd39c-aa59-4b23-a3ac-5f2ddfb5b1b8] Composer ready ✓ (UI language: en)
2026-09-05T14:32:15.143Z [dd7686e3-2f0b-4f25-8a3d-dff19e0c6eed][fdfbd39c-aa59-4b23-a3ac-5f2ddfb5b1b8] dismissPopups: unresolved overlay(s) ["DIV[]|btns=","DIV[]|btns="]
2026-09-05T14:32:15.159Z [dd7686e3-2f0b-4f25-8a3d-dff19e0c6eed][fdfbd39c-aa59-4b23-a3ac-5f2ddfb5b1b8] Agent toggle aria-pressed=false
2026-09-05T14:32:15.160Z [dd7686e3-2f0b-4f25-8a3d-dff19e0c6eed][fdfbd39c-aa59-4b23-a3ac-5f2ddfb5b1b8] Opening settings...
2026-09-05T14:32:17.405Z [dd7686e3-2f0b-4f25-8a3d-dff19e0c6eed][fdfbd39c-aa59-4b23-a3ac-5f2ddfb5b1b8] Configuring image settings...
2026-09-05T14:32:19.100Z [dd7686e3-2f0b-4f25-8a3d-dff19e0c6eed][fdfbd39c-aa59-4b23-a3ac-5f2ddfb5b1b8] Mode: selected "image Image" ✓
2026-09-05T14:32:23.743Z [dd7686e3-2f0b-4f25-8a3d-dff19e0c6eed][fdfbd39c-aa59-4b23-a3ac-5f2ddfb5b1b8] Model: selected "🍌 Nano Banana 2" ✓
2026-09-05T14:32:24.310Z [dd7686e3-2f0b-4f25-8a3d-dff19e0c6eed][fdfbd39c-aa59-4b23-a3ac-5f2ddfb5b1b8] Aspect ratio: "crop_16_9 16:9" already selected ✓
2026-09-05T14:32:25.830Z [dd7686e3-2f0b-4f25-8a3d-dff19e0c6eed][fdfbd39c-aa59-4b23-a3ac-5f2ddfb5b1b8] Output count: selected "x4" ✓
2026-09-05T14:32:26.890Z [dd7686e3-2f0b-4f25-8a3d-dff19e0c6eed][fdfbd39c-aa59-4b23-a3ac-5f2ddfb5b1b8] Ref image 1/4: downloading from URL...
2026-09-05T14:32:27.226Z [dd7686e3-2f0b-4f25-8a3d-dff19e0c6eed][fdfbd39c-aa59-4b23-a3ac-5f2ddfb5b1b8] Downloader: no-proxy request context ready.
2026-09-05T14:32:27.806Z [dd7686e3-2f0b-4f25-8a3d-dff19e0c6eed][fdfbd39c-aa59-4b23-a3ac-5f2ddfb5b1b8] Ref image 1/4: saved 566164 bytes (image/jpeg) as "Arlo Vale Color Pool War Swim.jpeg"
2026-09-05T14:32:27.814Z [dd7686e3-2f0b-4f25-8a3d-dff19e0c6eed][fdfbd39c-aa59-4b23-a3ac-5f2ddfb5b1b8] Ref image 1/4: attaching reference image...
2026-09-05T14:32:29.659Z [dd7686e3-2f0b-4f25-8a3d-dff19e0c6eed][fdfbd39c-aa59-4b23-a3ac-5f2ddfb5b1b8] Ref image 1/4: reusing library asset "Arlo Vale Color Pool War Swim.jpeg" (no re-upload).
2026-09-05T14:32:32.982Z [dd7686e3-2f0b-4f25-8a3d-dff19e0c6eed][fdfbd39c-aa59-4b23-a3ac-5f2ddfb5b1b8] Ref image 1/4: chips 0→1 ✓
2026-09-05T14:32:34.142Z [dd7686e3-2f0b-4f25-8a3d-dff19e0c6eed][fdfbd39c-aa59-4b23-a3ac-5f2ddfb5b1b8] Ref image 2/4: downloading from URL...
2026-09-05T14:32:34.520Z [dd7686e3-2f0b-4f25-8a3d-dff19e0c6eed][fdfbd39c-aa59-4b23-a3ac-5f2ddfb5b1b8] Ref image 2/4: saved 648250 bytes (image/jpeg) as "Nessa Vale Color Pool War Swim.jpeg"
2026-09-05T14:32:34.526Z [dd7686e3-2f0b-4f25-8a3d-dff19e0c6eed][fdfbd39c-aa59-4b23-a3ac-5f2ddfb5b1b8] Ref image 2/4: attaching reference image...
2026-09-05T14:32:36.682Z [dd7686e3-2f0b-4f25-8a3d-dff19e0c6eed][fdfbd39c-aa59-4b23-a3ac-5f2ddfb5b1b8] Ref image 2/4: reusing library asset "Nessa Vale Color Pool War Swim.jpeg" (no re-upload).
2026-09-05T14:32:40.504Z [dd7686e3-2f0b-4f25-8a3d-dff19e0c6eed][fdfbd39c-aa59-4b23-a3ac-5f2ddfb5b1b8] Ref image 2/4: chips 1→2 ✓
2026-09-05T14:32:41.855Z [dd7686e3-2f0b-4f25-8a3d-dff19e0c6eed][fdfbd39c-aa59-4b23-a3ac-5f2ddfb5b1b8] Ref image 3/4: downloading from URL...
2026-09-05T14:32:42.199Z [dd7686e3-2f0b-4f25-8a3d-dff19e0c6eed][fdfbd39c-aa59-4b23-a3ac-5f2ddfb5b1b8] Ref image 3/4: saved 585044 bytes (image/jpeg) as "Arlo Family Inflatable Pool Progress Set.jpeg"
2026-09-05T14:32:42.204Z [dd7686e3-2f0b-4f25-8a3d-dff19e0c6eed][fdfbd39c-aa59-4b23-a3ac-5f2ddfb5b1b8] Ref image 3/4: attaching reference image...
2026-09-05T14:32:44.057Z [dd7686e3-2f0b-4f25-8a3d-dff19e0c6eed][fdfbd39c-aa59-4b23-a3ac-5f2ddfb5b1b8] Ref image 3/4: reusing library asset "Arlo Family Inflatable Pool Progress Set.jpeg" (no re-upload).
2026-09-05T14:32:47.375Z [dd7686e3-2f0b-4f25-8a3d-dff19e0c6eed][fdfbd39c-aa59-4b23-a3ac-5f2ddfb5b1b8] Ref image 3/4: chips 2→3 ✓
2026-09-05T14:32:49.135Z [dd7686e3-2f0b-4f25-8a3d-dff19e0c6eed][fdfbd39c-aa59-4b23-a3ac-5f2ddfb5b1b8] Ref image 4/4: downloading from URL...
2026-09-05T14:32:49.495Z [dd7686e3-2f0b-4f25-8a3d-dff19e0c6eed][fdfbd39c-aa59-4b23-a3ac-5f2ddfb5b1b8] Ref image 4/4: saved 542888 bytes (image/jpeg) as "Colorful Pool Slide Blue Protective Mat Set.jpeg"
2026-09-05T14:32:49.498Z [dd7686e3-2f0b-4f25-8a3d-dff19e0c6eed][fdfbd39c-aa59-4b23-a3ac-5f2ddfb5b1b8] Ref image 4/4: attaching reference image...
2026-09-05T14:32:51.648Z [dd7686e3-2f0b-4f25-8a3d-dff19e0c6eed][fdfbd39c-aa59-4b23-a3ac-5f2ddfb5b1b8] Ref image 4/4: reusing library asset "Colorful Pool Slide Blue Protective Mat Set.jpeg" (no re-upload).
2026-09-05T14:32:54.702Z [dd7686e3-2f0b-4f25-8a3d-dff19e0c6eed][fdfbd39c-aa59-4b23-a3ac-5f2ddfb5b1b8] Ref image 4/4: chips 3→4 ✓
2026-09-05T14:32:54.717Z [dd7686e3-2f0b-4f25-8a3d-dff19e0c6eed][fdfbd39c-aa59-4b23-a3ac-5f2ddfb5b1b8] Entering prompt...
2026-09-05T14:32:56.513Z [dd7686e3-2f0b-4f25-8a3d-dff19e0c6eed][fdfbd39c-aa59-4b23-a3ac-5f2ddfb5b1b8] Prompt is 2241 chars — typing it in 26 chunk(s).
2026-09-05T14:33:08.314Z [dd7686e3-2f0b-4f25-8a3d-dff19e0c6eed][fdfbd39c-aa59-4b23-a3ac-5f2ddfb5b1b8] Prompt insert attempt 1: editor has 2108 chars (want ~2235) ✓
2026-09-05T14:33:10.463Z [dd7686e3-2f0b-4f25-8a3d-dff19e0c6eed][fdfbd39c-aa59-4b23-a3ac-5f2ddfb5b1b8] Baseline: 27 pre-existing media tile(s) of 27 mounted (kinds: image,image,image,image,image,image,image,image,image,image,image,image,image,image,image,image,image,image,image,image,image,image,image,image,image,image,image).
2026-09-05T14:33:12.621Z [dd7686e3-2f0b-4f25-8a3d-dff19e0c6eed][fdfbd39c-aa59-4b23-a3ac-5f2ddfb5b1b8] [submit] confirmed (editor "What do you want to ", fresh tile=true).
2026-09-05T14:33:13.140Z [dd7686e3-2f0b-4f25-8a3d-dff19e0c6eed][fdfbd39c-aa59-4b23-a3ac-5f2ddfb5b1b8] Current Workspace project URL: https://flow.google.com/project/390215dc-290f-4b92-a7f0-dd2b6651acfb?hl=en
2026-09-05T14:33:13.142Z [dd7686e3-2f0b-4f25-8a3d-dff19e0c6eed][fdfbd39c-aa59-4b23-a3ac-5f2ddfb5b1b8] Submitted ✓ Detecting batch size...
2026-09-05T14:33:13.173Z [dd7686e3-2f0b-4f25-8a3d-dff19e0c6eed][fdfbd39c-aa59-4b23-a3ac-5f2ddfb5b1b8] New tile(s) since submit: 0 → 4 (mounted=27)
2026-09-05T14:33:17.488Z [dd7686e3-2f0b-4f25-8a3d-dff19e0c6eed][fdfbd39c-aa59-4b23-a3ac-5f2ddfb5b1b8] Batch size stabilised at 4 new tile(s)
2026-09-05T14:33:17.492Z [dd7686e3-2f0b-4f25-8a3d-dff19e0c6eed][fdfbd39c-aa59-4b23-a3ac-5f2ddfb5b1b8] Batch detected: 4 item(s). Generating...
2026-09-05T14:33:17.494Z [dd7686e3-2f0b-4f25-8a3d-dff19e0c6eed][fdfbd39c-aa59-4b23-a3ac-5f2ddfb5b1b8] Polling for 4 image item(s) (baseline=27, hasUpload=true)...
2026-09-05T14:33:17.525Z [dd7686e3-2f0b-4f25-8a3d-dff19e0c6eed][fdfbd39c-aa59-4b23-a3ac-5f2ddfb5b1b8] Generating... 0 ready, 0 failed / 4 total (0s) image 35% [NHÂN VẬT] image 35% [NHÂN VẬT] image 35% [NHÂN VẬT] image 35% [NHÂN VẬT]
2026-09-05T14:33:20.544Z [dd7686e3-2f0b-4f25-8a3d-dff19e0c6eed][fdfbd39c-aa59-4b23-a3ac-5f2ddfb5b1b8] Generating... 0 ready, 0 failed / 4 total (3s) image 55% [NHÂN VẬT] image 55% [NHÂN VẬT] image 55% [NHÂN VẬT] image 55% [NHÂN VẬT]
2026-09-05T14:33:23.576Z [dd7686e3-2f0b-4f25-8a3d-dff19e0c6eed][fdfbd39c-aa59-4b23-a3ac-5f2ddfb5b1b8] Generating... 0 ready, 0 failed / 4 total (6s) image 75% [NHÂN VẬT] image 75% [NHÂN VẬT] image 75% [NHÂN VẬT] image 75% [NHÂN VẬT]
2026-09-05T14:33:26.606Z [dd7686e3-2f0b-4f25-8a3d-dff19e0c6eed][fdfbd39c-aa59-4b23-a3ac-5f2ddfb5b1b8] Generating... 0 ready, 0 failed / 4 total (9s) image 95% [NHÂN VẬT] image 95% [NHÂN VẬT] image 95% [NHÂN VẬT] image 95% [NHÂN VẬT]
2026-09-05T14:33:29.647Z [dd7686e3-2f0b-4f25-8a3d-dff19e0c6eed][fdfbd39c-aa59-4b23-a3ac-5f2ddfb5b1b8] Generating... 0 ready, 0 failed / 4 total (12s) image 99% [NHÂN VẬT] image 99% [NHÂN VẬT] image 99% [NHÂN VẬT] image 99% [NHÂN VẬT]
2026-09-05T14:33:32.675Z [dd7686e3-2f0b-4f25-8a3d-dff19e0c6eed][fdfbd39c-aa59-4b23-a3ac-5f2ddfb5b1b8] Generating... 0 ready, 0 failed / 4 total (15s) image 99% [NHÂN VẬT] image 99% [NHÂN VẬT] image 99% [NHÂN VẬT] image 99% [NHÂN VẬT]
2026-09-05T14:33:35.706Z [dd7686e3-2f0b-4f25-8a3d-dff19e0c6eed][fdfbd39c-aa59-4b23-a3ac-5f2ddfb5b1b8] Generating... 0 ready, 0 failed / 4 total (18s) image 99% [NHÂN VẬT] image 99% [NHÂN VẬT] image 99% [NHÂN VẬT] image 99% [NHÂN VẬT]
2026-09-05T14:33:38.731Z [dd7686e3-2f0b-4f25-8a3d-dff19e0c6eed][fdfbd39c-aa59-4b23-a3ac-5f2ddfb5b1b8] Generating... 0 ready, 0 failed / 4 total (21s) image 99% [NHÂN VẬT] image 99% [NHÂN VẬT] image 99% [NHÂN VẬT] image 99% [NHÂN VẬT]
2026-09-05T14:33:41.766Z [dd7686e3-2f0b-4f25-8a3d-dff19e0c6eed][fdfbd39c-aa59-4b23-a3ac-5f2ddfb5b1b8] Generating... 0 ready, 0 failed / 4 total (24s) image 99% [NHÂN VẬT] image 99% [NHÂN VẬT] image 99% [NHÂN VẬT] image 99% [NHÂN VẬT]
2026-09-05T14:33:44.790Z [dd7686e3-2f0b-4f25-8a3d-dff19e0c6eed][fdfbd39c-aa59-4b23-a3ac-5f2ddfb5b1b8] Generating... 0 ready, 0 failed / 4 total (27s) image 99% [NHÂN VẬT] image 99% [NHÂN VẬT] image 99% [NHÂN VẬT] image 99% [NHÂN VẬT]
2026-09-05T14:33:47.809Z [dd7686e3-2f0b-4f25-8a3d-dff19e0c6eed][fdfbd39c-aa59-4b23-a3ac-5f2ddfb5b1b8] Generating... 0 ready, 0 failed / 4 total (30s) image 99% [NHÂN VẬT] image 99% [NHÂN VẬT] image 99% [NHÂN VẬT] image 99% [NHÂN VẬT]
2026-09-05T14:33:50.837Z [dd7686e3-2f0b-4f25-8a3d-dff19e0c6eed][fdfbd39c-aa59-4b23-a3ac-5f2ddfb5b1b8] Generating... 0 ready, 0 failed / 4 total (33s) image 99% [NHÂN VẬT] image 99% [NHÂN VẬT] image 99% [NHÂN VẬT] image 99% [NHÂN VẬT]
2026-09-05T14:33:53.864Z [dd7686e3-2f0b-4f25-8a3d-dff19e0c6eed][fdfbd39c-aa59-4b23-a3ac-5f2ddfb5b1b8] Generating... 0 ready, 0 failed / 4 total (36s) image 99% [NHÂN VẬT] image 99% [NHÂN VẬT] image 99% [NHÂN VẬT] image 99% [NHÂN VẬT]
2026-09-05T14:33:56.911Z [dd7686e3-2f0b-4f25-8a3d-dff19e0c6eed][fdfbd39c-aa59-4b23-a3ac-5f2ddfb5b1b8] Generating... 0 ready, 0 failed / 4 total (39s) [NHÂN VẬT]Arlo, Ness image 99% [NHÂN VẬT] [NHÂN VẬT]Arlo, Ness image 99% [NHÂN VẬT]
2026-09-05T14:33:59.948Z [dd7686e3-2f0b-4f25-8a3d-dff19e0c6eed][fdfbd39c-aa59-4b23-a3ac-5f2ddfb5b1b8] Generating... 2 ready, 0 failed / 4 total (42s) image 99% [NHÂN VẬT] image 99% [NHÂN VẬT]
2026-09-05T14:34:02.992Z [dd7686e3-2f0b-4f25-8a3d-dff19e0c6eed][fdfbd39c-aa59-4b23-a3ac-5f2ddfb5b1b8] Generating... 2 ready, 0 failed / 4 total (45s) image 99% [NHÂN VẬT] image 99% [NHÂN VẬT]
2026-09-05T14:34:06.032Z [dd7686e3-2f0b-4f25-8a3d-dff19e0c6eed][fdfbd39c-aa59-4b23-a3ac-5f2ddfb5b1b8] Generating... 2 ready, 0 failed / 4 total (49s) image 99% [NHÂN VẬT] image 99% [NHÂN VẬT]
2026-09-05T14:34:09.068Z [dd7686e3-2f0b-4f25-8a3d-dff19e0c6eed][fdfbd39c-aa59-4b23-a3ac-5f2ddfb5b1b8] Generating... 2 ready, 0 failed / 4 total (52s) image 99% [NHÂN VẬT] image 99% [NHÂN VẬT]
2026-09-05T14:34:12.109Z [dd7686e3-2f0b-4f25-8a3d-dff19e0c6eed][fdfbd39c-aa59-4b23-a3ac-5f2ddfb5b1b8] Generating... 2 ready, 0 failed / 4 total (55s) image 99% [NHÂN VẬT] image 99% [NHÂN VẬT]
2026-09-05T14:34:15.143Z [dd7686e3-2f0b-4f25-8a3d-dff19e0c6eed][fdfbd39c-aa59-4b23-a3ac-5f2ddfb5b1b8] Generating... 2 ready, 0 failed / 4 total (58s) image 99% [NHÂN VẬT] [NHÂN VẬT]Arlo, Ness
2026-09-05T14:34:18.198Z [dd7686e3-2f0b-4f25-8a3d-dff19e0c6eed][fdfbd39c-aa59-4b23-a3ac-5f2ddfb5b1b8] Generating... 3 ready, 0 failed / 4 total (61s) image 99% [NHÂN VẬT]
2026-09-05T14:34:21.229Z [dd7686e3-2f0b-4f25-8a3d-dff19e0c6eed][fdfbd39c-aa59-4b23-a3ac-5f2ddfb5b1b8] Generating... 3 ready, 0 failed / 4 total (64s) image 99% [NHÂN VẬT]
2026-09-05T14:34:24.266Z [dd7686e3-2f0b-4f25-8a3d-dff19e0c6eed][fdfbd39c-aa59-4b23-a3ac-5f2ddfb5b1b8] Generating... 3 ready, 0 failed / 4 total (67s) [NHÂN VẬT]Arlo, Ness
2026-09-05T14:34:27.291Z [dd7686e3-2f0b-4f25-8a3d-dff19e0c6eed][fdfbd39c-aa59-4b23-a3ac-5f2ddfb5b1b8] Generating... 4 ready, 0 failed / 4 total (70s)
2026-09-05T14:34:27.292Z [dd7686e3-2f0b-4f25-8a3d-dff19e0c6eed][fdfbd39c-aa59-4b23-a3ac-5f2ddfb5b1b8] Batch done: 4 ready (target 4), 0 failed, scanned 4.
2026-09-05T14:34:27.294Z [dd7686e3-2f0b-4f25-8a3d-dff19e0c6eed][fdfbd39c-aa59-4b23-a3ac-5f2ddfb5b1b8] 4 item(s) ready! Downloading...
2026-09-05T14:34:27.297Z [dd7686e3-2f0b-4f25-8a3d-dff19e0c6eed][fdfbd39c-aa59-4b23-a3ac-5f2ddfb5b1b8] Item 1: Downloading from URL https://flow-content.google/image/93abb4d0-b31c-444e-87e1-4b6637822165?Expires=1788640394&KeyName=labs-flow-prod-cdn-key&Signature=Fp-C9UEZWmjtR3CC0p75o4hDYMo
2026-09-05T14:34:27.758Z [dd7686e3-2f0b-4f25-8a3d-dff19e0c6eed][fdfbd39c-aa59-4b23-a3ac-5f2ddfb5b1b8] Downloaded 1/4: winai_2026-09-05T14-34-27_01.jpg
2026-09-05T14:34:27.760Z [dd7686e3-2f0b-4f25-8a3d-dff19e0c6eed][fdfbd39c-aa59-4b23-a3ac-5f2ddfb5b1b8] Item 2: Downloading from URL https://flow-content.google/image/f577bd32-2f43-442c-9a2a-ea96835d6cb0?Expires=1788640393&KeyName=labs-flow-prod-cdn-key&Signature=xQZpJfuk3tH10R33qJNjNpxRXKo
2026-09-05T14:34:27.874Z [dd7686e3-2f0b-4f25-8a3d-dff19e0c6eed][fdfbd39c-aa59-4b23-a3ac-5f2ddfb5b1b8] Downloaded 2/4: winai_2026-09-05T14-34-27_02.jpg
2026-09-05T14:34:27.875Z [dd7686e3-2f0b-4f25-8a3d-dff19e0c6eed][fdfbd39c-aa59-4b23-a3ac-5f2ddfb5b1b8] Item 3: Downloading from URL https://flow-content.google/image/675815f3-9c5a-4bc6-a3b6-03a2e5b27217?Expires=1788640392&KeyName=labs-flow-prod-cdn-key&Signature=Qz_6M_M7CKFv7sVtZYgSO9GkgLQ
2026-09-05T14:34:28.005Z [dd7686e3-2f0b-4f25-8a3d-dff19e0c6eed][fdfbd39c-aa59-4b23-a3ac-5f2ddfb5b1b8] Downloaded 3/4: winai_2026-09-05T14-34-27_03.jpg
2026-09-05T14:34:28.005Z [dd7686e3-2f0b-4f25-8a3d-dff19e0c6eed][fdfbd39c-aa59-4b23-a3ac-5f2ddfb5b1b8] Item 4: Downloading from URL https://flow-content.google/image/786f2425-fc8e-4cd8-83af-b732ae4689e5?Expires=1788640391&KeyName=labs-flow-prod-cdn-key&Signature=wPuRh7swnplN1hqqdTaZGyLqAwk
2026-09-05T14:34:28.140Z [dd7686e3-2f0b-4f25-8a3d-dff19e0c6eed][fdfbd39c-aa59-4b23-a3ac-5f2ddfb5b1b8] Downloaded 4/4: winai_2026-09-05T14-34-27_04.jpg
2026-09-05T14:34:28.141Z [dd7686e3-2f0b-4f25-8a3d-dff19e0c6eed][fdfbd39c-aa59-4b23-a3ac-5f2ddfb5b1b8] ✅ 4 item(s) saved to Downloads/Win AI Toolkit/
2026-09-05T14:34:28.365Z [bdf2d820-40e9-43e5-826c-200fbe741cd3][fdfbd39c-aa59-4b23-a3ac-5f2ddfb5b1b8] runGeneration starting: task_id=bdf2d820-40e9-43e5-826c-200fbe741cd3, profile_id=fdfbd39c-aa59-4b23-a3ac-5f2ddfb5b1b8, target_site=google_flow
2026-09-05T14:34:28.366Z [bdf2d820-40e9-43e5-826c-200fbe741cd3][fdfbd39c-aa59-4b23-a3ac-5f2ddfb5b1b8] Opening Playwright browser with persistent profile cookies...
2026-09-05T14:34:28.366Z [bdf2d820-40e9-43e5-826c-200fbe741cd3][fdfbd39c-aa59-4b23-a3ac-5f2ddfb5b1b8] Browser engine: winhide (C:\Users\MienTrungComputer\AppData\Roaming\com.tank.winai\winhide\chrome.exe) [hidden off-screen]
2026-09-05T14:34:28.367Z [bdf2d820-40e9-43e5-826c-200fbe741cd3][fdfbd39c-aa59-4b23-a3ac-5f2ddfb5b1b8] Launch mode: STEALTH (raw spawn + connectOverCDP)
2026-09-05T14:34:29.504Z [dd7686e3-2f0b-4f25-8a3d-dff19e0c6eed][fdfbd39c-aa59-4b23-a3ac-5f2ddfb5b1b8] Item 2: Uploaded → https://studio.xanhmedia.vn/uploads/2026-09/1788618868496_629ce7_fdfbd39c-aa59-4b23-a3ac-5f2ddfb5b1b8_dd7.jpg
2026-09-05T14:34:29.540Z [dd7686e3-2f0b-4f25-8a3d-dff19e0c6eed][fdfbd39c-aa59-4b23-a3ac-5f2ddfb5b1b8] Item 3: Uploaded → https://studio.xanhmedia.vn/uploads/2026-09/1788618868527_8a97c3_fdfbd39c-aa59-4b23-a3ac-5f2ddfb5b1b8_dd7.jpg
2026-09-05T14:34:29.580Z [dd7686e3-2f0b-4f25-8a3d-dff19e0c6eed][fdfbd39c-aa59-4b23-a3ac-5f2ddfb5b1b8] Item 4: Uploaded → https://studio.xanhmedia.vn/uploads/2026-09/1788618868574_a38535_fdfbd39c-aa59-4b23-a3ac-5f2ddfb5b1b8_dd7.jpg
2026-09-05T14:34:29.614Z [dd7686e3-2f0b-4f25-8a3d-dff19e0c6eed][fdfbd39c-aa59-4b23-a3ac-5f2ddfb5b1b8] Item 1: Uploaded → https://studio.xanhmedia.vn/uploads/2026-09/1788618868601_253499_fdfbd39c-aa59-4b23-a3ac-5f2ddfb5b1b8_dd7.jpg
2026-09-05T14:34:29.625Z [dd7686e3-2f0b-4f25-8a3d-dff19e0c6eed][fdfbd39c-aa59-4b23-a3ac-5f2ddfb5b1b8] All done (including any 1080p upgrades). Closing Playwright browser context.
2026-09-05T14:34:31.152Z [bdf2d820-40e9-43e5-826c-200fbe741cd3][fdfbd39c-aa59-4b23-a3ac-5f2ddfb5b1b8] Exit IP: 125.212.158.158
2026-09-05T14:34:31.153Z [bdf2d820-40e9-43e5-826c-200fbe741cd3][fdfbd39c-aa59-4b23-a3ac-5f2ddfb5b1b8] Navigating browser to Google Flow tools page...
2026-09-05T14:34:31.154Z [bdf2d820-40e9-43e5-826c-200fbe741cd3][fdfbd39c-aa59-4b23-a3ac-5f2ddfb5b1b8] Using existing project URL: https://flow.google.com/project/390215dc-290f-4b92-a7f0-dd2b6651acfb?hl=en
2026-09-05T14:34:32.120Z [bdf2d820-40e9-43e5-826c-200fbe741cd3][fdfbd39c-aa59-4b23-a3ac-5f2ddfb5b1b8] Waiting for Google Flow...
2026-09-05T14:34:33.694Z [bdf2d820-40e9-43e5-826c-200fbe741cd3][fdfbd39c-aa59-4b23-a3ac-5f2ddfb5b1b8] In existing project ✓
2026-09-05T14:34:34.726Z [bdf2d820-40e9-43e5-826c-200fbe741cd3][fdfbd39c-aa59-4b23-a3ac-5f2ddfb5b1b8] dismissPopups: unresolved overlay(s) ["IFRAME[presentation]|btns="]
2026-09-05T14:34:37.177Z [bdf2d820-40e9-43e5-826c-200fbe741cd3][fdfbd39c-aa59-4b23-a3ac-5f2ddfb5b1b8] Composer ready ✓ (UI language: en)
2026-09-05T14:34:37.207Z [bdf2d820-40e9-43e5-826c-200fbe741cd3][fdfbd39c-aa59-4b23-a3ac-5f2ddfb5b1b8] dismissPopups: clicked "Dismiss credit banner" (overlay)
2026-09-05T14:34:37.722Z [bdf2d820-40e9-43e5-826c-200fbe741cd3][fdfbd39c-aa59-4b23-a3ac-5f2ddfb5b1b8] dismissPopups: unresolved overlay(s) ["DIV[]|btns=","DIV[]|btns="]
2026-09-05T14:34:37.747Z [bdf2d820-40e9-43e5-826c-200fbe741cd3][fdfbd39c-aa59-4b23-a3ac-5f2ddfb5b1b8] Agent toggle aria-pressed=false
2026-09-05T14:34:37.748Z [bdf2d820-40e9-43e5-826c-200fbe741cd3][fdfbd39c-aa59-4b23-a3ac-5f2ddfb5b1b8] Opening settings...
2026-09-05T14:34:40.012Z [bdf2d820-40e9-43e5-826c-200fbe741cd3][fdfbd39c-aa59-4b23-a3ac-5f2ddfb5b1b8] Configuring image settings...
2026-09-05T14:34:41.474Z [bdf2d820-40e9-43e5-826c-200fbe741cd3][fdfbd39c-aa59-4b23-a3ac-5f2ddfb5b1b8] Mode: selected "image Image" ✓
2026-09-05T14:34:46.162Z [bdf2d820-40e9-43e5-826c-200fbe741cd3][fdfbd39c-aa59-4b23-a3ac-5f2ddfb5b1b8] Model: selected "🍌 Nano Banana 2" ✓
2026-09-05T14:34:46.921Z [bdf2d820-40e9-43e5-826c-200fbe741cd3][fdfbd39c-aa59-4b23-a3ac-5f2ddfb5b1b8] Aspect ratio: "crop_16_9 16:9" already selected ✓
2026-09-05T14:34:48.631Z [bdf2d820-40e9-43e5-826c-200fbe741cd3][fdfbd39c-aa59-4b23-a3ac-5f2ddfb5b1b8] Output count: selected "x4" ✓
2026-09-05T14:34:49.764Z [bdf2d820-40e9-43e5-826c-200fbe741cd3][fdfbd39c-aa59-4b23-a3ac-5f2ddfb5b1b8] Ref image 1/6: downloading from URL...
2026-09-05T14:34:50.091Z [bdf2d820-40e9-43e5-826c-200fbe741cd3][fdfbd39c-aa59-4b23-a3ac-5f2ddfb5b1b8] Downloader: no-proxy request context ready.
2026-09-05T14:34:50.957Z [bdf2d820-40e9-43e5-826c-200fbe741cd3][fdfbd39c-aa59-4b23-a3ac-5f2ddfb5b1b8] Ref image 1/6: saved 566164 bytes (image/jpeg) as "Arlo Vale Color Pool War Swim.jpeg"
2026-09-05T14:34:50.963Z [bdf2d820-40e9-43e5-826c-200fbe741cd3][fdfbd39c-aa59-4b23-a3ac-5f2ddfb5b1b8] Ref image 1/6: attaching reference image...
2026-09-05T14:34:53.523Z [bdf2d820-40e9-43e5-826c-200fbe741cd3][fdfbd39c-aa59-4b23-a3ac-5f2ddfb5b1b8] Ref image 1/6: reusing library asset "Arlo Vale Color Pool War Swim.jpeg" (no re-upload).
2026-09-05T14:34:57.251Z [bdf2d820-40e9-43e5-826c-200fbe741cd3][fdfbd39c-aa59-4b23-a3ac-5f2ddfb5b1b8] Ref image 1/6: chips 0→1 ✓
2026-09-05T14:34:58.778Z [bdf2d820-40e9-43e5-826c-200fbe741cd3][fdfbd39c-aa59-4b23-a3ac-5f2ddfb5b1b8] Ref image 2/6: downloading from URL...
2026-09-05T14:34:59.153Z [bdf2d820-40e9-43e5-826c-200fbe741cd3][fdfbd39c-aa59-4b23-a3ac-5f2ddfb5b1b8] Ref image 2/6: saved 648250 bytes (image/jpeg) as "Nessa Vale Color Pool War Swim.jpeg"
2026-09-05T14:34:59.159Z [bdf2d820-40e9-43e5-826c-200fbe741cd3][fdfbd39c-aa59-4b23-a3ac-5f2ddfb5b1b8] Ref image 2/6: attaching reference image...
2026-09-05T14:35:01.017Z [bdf2d820-40e9-43e5-826c-200fbe741cd3][fdfbd39c-aa59-4b23-a3ac-5f2ddfb5b1b8] Ref image 2/6: reusing library asset "Nessa Vale Color Pool War Swim.jpeg" (no re-upload).
2026-09-05T14:35:04.546Z [bdf2d820-40e9-43e5-826c-200fbe741cd3][fdfbd39c-aa59-4b23-a3ac-5f2ddfb5b1b8] Ref image 2/6: chips 1→2 ✓
2026-09-05T14:35:05.725Z [bdf2d820-40e9-43e5-826c-200fbe741cd3][fdfbd39c-aa59-4b23-a3ac-5f2ddfb5b1b8] Ref image 3/6: downloading from URL...
2026-09-05T14:35:06.116Z [bdf2d820-40e9-43e5-826c-200fbe741cd3][fdfbd39c-aa59-4b23-a3ac-5f2ddfb5b1b8] Ref image 3/6: saved 673040 bytes (image/jpeg) as "Graham Vale Color Pool War Backyard.jpeg"
2026-09-05T14:35:06.133Z [bdf2d820-40e9-43e5-826c-200fbe741cd3][fdfbd39c-aa59-4b23-a3ac-5f2ddfb5b1b8] Ref image 3/6: attaching reference image...
2026-09-05T14:35:08.544Z [bdf2d820-40e9-43e5-826c-200fbe741cd3][fdfbd39c-aa59-4b23-a3ac-5f2ddfb5b1b8] Ref image 3/6: reusing library asset "Graham Vale Color Pool War Backyard.jpeg" (no re-upload).
2026-09-05T14:35:12.142Z [bdf2d820-40e9-43e5-826c-200fbe741cd3][fdfbd39c-aa59-4b23-a3ac-5f2ddfb5b1b8] Ref image 3/6: chips 2→3 ✓
2026-09-05T14:35:13.790Z [bdf2d820-40e9-43e5-826c-200fbe741cd3][fdfbd39c-aa59-4b23-a3ac-5f2ddfb5b1b8] Ref image 4/6: downloading from URL...
2026-09-05T14:35:14.137Z [bdf2d820-40e9-43e5-826c-200fbe741cd3][fdfbd39c-aa59-4b23-a3ac-5f2ddfb5b1b8] Ref image 4/6: saved 585044 bytes (image/jpeg) as "Arlo Family Inflatable Pool Progress Set.jpeg"
2026-09-05T14:35:14.145Z [bdf2d820-40e9-43e5-826c-200fbe741cd3][fdfbd39c-aa59-4b23-a3ac-5f2ddfb5b1b8] Ref image 4/6: attaching reference image...
2026-09-05T14:35:16.102Z [bdf2d820-40e9-43e5-826c-200fbe741cd3][fdfbd39c-aa59-4b23-a3ac-5f2ddfb5b1b8] Ref image 4/6: reusing library asset "Arlo Family Inflatable Pool Progress Set.jpeg" (no re-upload).
2026-09-05T14:35:19.670Z [bdf2d820-40e9-43e5-826c-200fbe741cd3][fdfbd39c-aa59-4b23-a3ac-5f2ddfb5b1b8] Ref image 4/6: chips 3→4 ✓
2026-09-05T14:35:21.358Z [bdf2d820-40e9-43e5-826c-200fbe741cd3][fdfbd39c-aa59-4b23-a3ac-5f2ddfb5b1b8] Ref image 5/6: downloading from URL...
2026-09-05T14:35:21.717Z [bdf2d820-40e9-43e5-826c-200fbe741cd3][fdfbd39c-aa59-4b23-a3ac-5f2ddfb5b1b8] Ref image 5/6: saved 673531 bytes (image/jpeg) as "Color Pool Water State Set.jpeg"
2026-09-05T14:35:21.722Z [bdf2d820-40e9-43e5-826c-200fbe741cd3][fdfbd39c-aa59-4b23-a3ac-5f2ddfb5b1b8] Ref image 5/6: attaching reference image...
2026-09-05T14:35:23.684Z [bdf2d820-40e9-43e5-826c-200fbe741cd3][fdfbd39c-aa59-4b23-a3ac-5f2ddfb5b1b8] Ref image 5/6: reusing library asset "Color Pool Water State Set.jpeg" (no re-upload).
2026-09-05T14:35:27.091Z [bdf2d820-40e9-43e5-826c-200fbe741cd3][fdfbd39c-aa59-4b23-a3ac-5f2ddfb5b1b8] Ref image 5/6: chips 4→5 ✓
2026-09-05T14:35:28.763Z [bdf2d820-40e9-43e5-826c-200fbe741cd3][fdfbd39c-aa59-4b23-a3ac-5f2ddfb5b1b8] Ref image 6/6: downloading from URL...
2026-09-05T14:35:29.114Z [bdf2d820-40e9-43e5-826c-200fbe741cd3][fdfbd39c-aa59-4b23-a3ac-5f2ddfb5b1b8] Ref image 6/6: saved 542888 bytes (image/jpeg) as "Colorful Pool Slide Blue Protective Mat Set.jpeg"
2026-09-05T14:35:29.120Z [bdf2d820-40e9-43e5-826c-200fbe741cd3][fdfbd39c-aa59-4b23-a3ac-5f2ddfb5b1b8] Ref image 6/6: attaching reference image...
2026-09-05T14:35:31.637Z [bdf2d820-40e9-43e5-826c-200fbe741cd3][fdfbd39c-aa59-4b23-a3ac-5f2ddfb5b1b8] Ref image 6/6: reusing library asset "Colorful Pool Slide Blue Protective Mat Set.jpeg" (no re-upload).
2026-09-05T14:35:35.269Z [bdf2d820-40e9-43e5-826c-200fbe741cd3][fdfbd39c-aa59-4b23-a3ac-5f2ddfb5b1b8] Ref image 6/6: chips 5→6 ✓
2026-09-05T14:35:35.278Z [bdf2d820-40e9-43e5-826c-200fbe741cd3][fdfbd39c-aa59-4b23-a3ac-5f2ddfb5b1b8] Entering prompt...
2026-09-05T14:35:37.242Z [bdf2d820-40e9-43e5-826c-200fbe741cd3][fdfbd39c-aa59-4b23-a3ac-5f2ddfb5b1b8] Prompt is 2262 chars — typing it in 26 chunk(s).
2026-09-05T14:35:48.893Z [bdf2d820-40e9-43e5-826c-200fbe741cd3][fdfbd39c-aa59-4b23-a3ac-5f2ddfb5b1b8] Prompt insert attempt 1: editor has 2129 chars (want ~2256) ✓
2026-09-05T14:35:51.111Z [bdf2d820-40e9-43e5-826c-200fbe741cd3][fdfbd39c-aa59-4b23-a3ac-5f2ddfb5b1b8] Baseline: 27 pre-existing media tile(s) of 27 mounted (kinds: image,image,image,image,image,image,image,image,image,image,image,image,image,image,image,image,image,image,image,image,image,image,image,image,image,image,image).
2026-09-05T14:35:53.387Z [bdf2d820-40e9-43e5-826c-200fbe741cd3][fdfbd39c-aa59-4b23-a3ac-5f2ddfb5b1b8] [submit] confirmed (editor "What do you want to ", fresh tile=true).
2026-09-05T14:35:54.085Z [bdf2d820-40e9-43e5-826c-200fbe741cd3][fdfbd39c-aa59-4b23-a3ac-5f2ddfb5b1b8] Current Workspace project URL: https://flow.google.com/project/390215dc-290f-4b92-a7f0-dd2b6651acfb?hl=en
2026-09-05T14:35:54.088Z [bdf2d820-40e9-43e5-826c-200fbe741cd3][fdfbd39c-aa59-4b23-a3ac-5f2ddfb5b1b8] Submitted ✓ Detecting batch size...
2026-09-05T14:35:54.119Z [bdf2d820-40e9-43e5-826c-200fbe741cd3][fdfbd39c-aa59-4b23-a3ac-5f2ddfb5b1b8] New tile(s) since submit: 0 → 4 (mounted=27)
2026-09-05T14:35:58.318Z [bdf2d820-40e9-43e5-826c-200fbe741cd3][fdfbd39c-aa59-4b23-a3ac-5f2ddfb5b1b8] Batch size stabilised at 4 new tile(s)
2026-09-05T14:35:58.318Z [bdf2d820-40e9-43e5-826c-200fbe741cd3][fdfbd39c-aa59-4b23-a3ac-5f2ddfb5b1b8] Batch detected: 4 item(s). Generating...
2026-09-05T14:35:58.319Z [bdf2d820-40e9-43e5-826c-200fbe741cd3][fdfbd39c-aa59-4b23-a3ac-5f2ddfb5b1b8] Polling for 4 image item(s) (baseline=27, hasUpload=true)...
2026-09-05T14:35:58.351Z [bdf2d820-40e9-43e5-826c-200fbe741cd3][fdfbd39c-aa59-4b23-a3ac-5f2ddfb5b1b8] Generating... 0 ready, 0 failed / 4 total (0s) image 41% [NHÂN VẬT] image 41% [NHÂN VẬT] image 41% [NHÂN VẬT] image 41% [NHÂN VẬT]
2026-09-05T14:36:01.380Z [bdf2d820-40e9-43e5-826c-200fbe741cd3][fdfbd39c-aa59-4b23-a3ac-5f2ddfb5b1b8] Generating... 0 ready, 0 failed / 4 total (3s) image 61% [NHÂN VẬT] image 61% [NHÂN VẬT] image 61% [NHÂN VẬT] image 61% [NHÂN VẬT]
2026-09-05T14:36:04.405Z [bdf2d820-40e9-43e5-826c-200fbe741cd3][fdfbd39c-aa59-4b23-a3ac-5f2ddfb5b1b8] Generating... 0 ready, 0 failed / 4 total (6s) image 81% [NHÂN VẬT] image 81% [NHÂN VẬT] image 81% [NHÂN VẬT] image 81% [NHÂN VẬT]
2026-09-05T14:36:07.428Z [bdf2d820-40e9-43e5-826c-200fbe741cd3][fdfbd39c-aa59-4b23-a3ac-5f2ddfb5b1b8] Generating... 0 ready, 0 failed / 4 total (9s) image 99% [NHÂN VẬT] image 99% [NHÂN VẬT] image 99% [NHÂN VẬT] image 99% [NHÂN VẬT]
2026-09-05T14:36:10.454Z [bdf2d820-40e9-43e5-826c-200fbe741cd3][fdfbd39c-aa59-4b23-a3ac-5f2ddfb5b1b8] Generating... 0 ready, 0 failed / 4 total (12s) image 99% [NHÂN VẬT] image 99% [NHÂN VẬT] image 99% [NHÂN VẬT] image 99% [NHÂN VẬT]
2026-09-05T14:36:13.477Z [bdf2d820-40e9-43e5-826c-200fbe741cd3][fdfbd39c-aa59-4b23-a3ac-5f2ddfb5b1b8] Generating... 0 ready, 0 failed / 4 total (15s) image 99% [NHÂN VẬT] image 99% [NHÂN VẬT] image 99% [NHÂN VẬT] image 99% [NHÂN VẬT]
2026-09-05T14:36:16.499Z [bdf2d820-40e9-43e5-826c-200fbe741cd3][fdfbd39c-aa59-4b23-a3ac-5f2ddfb5b1b8] Generating... 0 ready, 0 failed / 4 total (18s) image 99% [NHÂN VẬT] image 99% [NHÂN VẬT] image 99% [NHÂN VẬT] image 99% [NHÂN VẬT]
2026-09-05T14:36:19.516Z [bdf2d820-40e9-43e5-826c-200fbe741cd3][fdfbd39c-aa59-4b23-a3ac-5f2ddfb5b1b8] Generating... 0 ready, 0 failed / 4 total (21s) image 99% [NHÂN VẬT] image 99% [NHÂN VẬT] image 99% [NHÂN VẬT] image 99% [NHÂN VẬT]
2026-09-05T14:36:22.548Z [bdf2d820-40e9-43e5-826c-200fbe741cd3][fdfbd39c-aa59-4b23-a3ac-5f2ddfb5b1b8] Generating... 0 ready, 0 failed / 4 total (24s) image 99% [NHÂN VẬT] image 99% [NHÂN VẬT] image 99% [NHÂN VẬT] image 99% [NHÂN VẬT]
2026-09-05T14:36:25.591Z [bdf2d820-40e9-43e5-826c-200fbe741cd3][fdfbd39c-aa59-4b23-a3ac-5f2ddfb5b1b8] Generating... 0 ready, 0 failed / 4 total (27s) image 99% [NHÂN VẬT] image 99% [NHÂN VẬT] image 99% [NHÂN VẬT] image 99% [NHÂN VẬT]
2026-09-05T14:36:28.629Z [bdf2d820-40e9-43e5-826c-200fbe741cd3][fdfbd39c-aa59-4b23-a3ac-5f2ddfb5b1b8] Generating... 0 ready, 0 failed / 4 total (30s) image 99% [NHÂN VẬT] image 99% [NHÂN VẬT] image 99% [NHÂN VẬT] image 99% [NHÂN VẬT]
2026-09-05T14:36:31.652Z [bdf2d820-40e9-43e5-826c-200fbe741cd3][fdfbd39c-aa59-4b23-a3ac-5f2ddfb5b1b8] Generating... 0 ready, 0 failed / 4 total (33s) image 99% [NHÂN VẬT] image 99% [NHÂN VẬT] image 99% [NHÂN VẬT] image 99% [NHÂN VẬT]
2026-09-05T14:36:34.673Z [bdf2d820-40e9-43e5-826c-200fbe741cd3][fdfbd39c-aa59-4b23-a3ac-5f2ddfb5b1b8] Generating... 0 ready, 0 failed / 4 total (36s) image 99% [NHÂN VẬT] image 99% [NHÂN VẬT] image 99% [NHÂN VẬT] image 99% [NHÂN VẬT]
2026-09-05T14:36:37.703Z [bdf2d820-40e9-43e5-826c-200fbe741cd3][fdfbd39c-aa59-4b23-a3ac-5f2ddfb5b1b8] Generating... 0 ready, 0 failed / 4 total (39s) image 99% [NHÂN VẬT] image 99% [NHÂN VẬT] image 100% [NHÂN VẬT [NHÂN VẬT]Arlo, Ness
2026-09-05T14:36:40.788Z [bdf2d820-40e9-43e5-826c-200fbe741cd3][fdfbd39c-aa59-4b23-a3ac-5f2ddfb5b1b8] Generating... 1 ready, 0 failed / 4 total (42s) [NHÂN VẬT]Arlo, Ness image 100% [NHÂN VẬT [NHÂN VẬT]Arlo, Ness
2026-09-05T14:36:43.811Z [bdf2d820-40e9-43e5-826c-200fbe741cd3][fdfbd39c-aa59-4b23-a3ac-5f2ddfb5b1b8] Generating... 4 ready, 0 failed / 4 total (45s)
2026-09-05T14:36:43.812Z [bdf2d820-40e9-43e5-826c-200fbe741cd3][fdfbd39c-aa59-4b23-a3ac-5f2ddfb5b1b8] Batch done: 4 ready (target 4), 0 failed, scanned 4.
2026-09-05T14:36:43.812Z [bdf2d820-40e9-43e5-826c-200fbe741cd3][fdfbd39c-aa59-4b23-a3ac-5f2ddfb5b1b8] 4 item(s) ready! Downloading...
2026-09-05T14:36:43.814Z [bdf2d820-40e9-43e5-826c-200fbe741cd3][fdfbd39c-aa59-4b23-a3ac-5f2ddfb5b1b8] Item 1: Downloading from URL https://flow-content.google/image/9d36518c-2432-4916-a26e-1ccbee7335f9?Expires=1788640554&KeyName=labs-flow-prod-cdn-key&Signature=xPS1r5H-9gcUXFZRWDF2gx--1yM
2026-09-05T14:36:44.124Z [bdf2d820-40e9-43e5-826c-200fbe741cd3][fdfbd39c-aa59-4b23-a3ac-5f2ddfb5b1b8] Downloaded 1/4: winai_2026-09-05T14-36-43_01.jpg
2026-09-05T14:36:44.128Z [bdf2d820-40e9-43e5-826c-200fbe741cd3][fdfbd39c-aa59-4b23-a3ac-5f2ddfb5b1b8] Item 2: Downloading from URL https://flow-content.google/image/bf02749d-2978-4959-a20b-7c8536185939?Expires=1788640553&KeyName=labs-flow-prod-cdn-key&Signature=ZhOWNLmHwunDBUEX_4ALv3KBI68
2026-09-05T14:36:44.249Z [bdf2d820-40e9-43e5-826c-200fbe741cd3][fdfbd39c-aa59-4b23-a3ac-5f2ddfb5b1b8] Downloaded 2/4: winai_2026-09-05T14-36-43_02.jpg
2026-09-05T14:36:44.251Z [bdf2d820-40e9-43e5-826c-200fbe741cd3][fdfbd39c-aa59-4b23-a3ac-5f2ddfb5b1b8] Item 3: Downloading from URL https://flow-content.google/image/2d0edaaf-2721-42a9-9ceb-49a32c0933e9?Expires=1788640552&KeyName=labs-flow-prod-cdn-key&Signature=zCqAIRzXxoUstkiu_2er9TD55CI
2026-09-05T14:36:44.373Z [bdf2d820-40e9-43e5-826c-200fbe741cd3][fdfbd39c-aa59-4b23-a3ac-5f2ddfb5b1b8] Downloaded 3/4: winai_2026-09-05T14-36-43_03.jpg
2026-09-05T14:36:44.376Z [bdf2d820-40e9-43e5-826c-200fbe741cd3][fdfbd39c-aa59-4b23-a3ac-5f2ddfb5b1b8] Item 4: Downloading from URL https://flow-content.google/image/c6733660-3182-4147-87cf-09da0e0b668c?Expires=1788640552&KeyName=labs-flow-prod-cdn-key&Signature=Eiuxkkq9pZ_e93tk44M-rZXYnJo
2026-09-05T14:36:44.496Z [bdf2d820-40e9-43e5-826c-200fbe741cd3][fdfbd39c-aa59-4b23-a3ac-5f2ddfb5b1b8] Downloaded 4/4: winai_2026-09-05T14-36-43_04.jpg
2026-09-05T14:36:44.496Z [bdf2d820-40e9-43e5-826c-200fbe741cd3][fdfbd39c-aa59-4b23-a3ac-5f2ddfb5b1b8] ✅ 4 item(s) saved to Downloads/Win AI Toolkit/
2026-09-05T14:36:44.720Z [f00240ec-44ef-42d5-b0f3-00b7b52be0ab][fdfbd39c-aa59-4b23-a3ac-5f2ddfb5b1b8] runGeneration starting: task_id=f00240ec-44ef-42d5-b0f3-00b7b52be0ab, profile_id=fdfbd39c-aa59-4b23-a3ac-5f2ddfb5b1b8, target_site=google_flow
2026-09-05T14:36:44.720Z [f00240ec-44ef-42d5-b0f3-00b7b52be0ab][fdfbd39c-aa59-4b23-a3ac-5f2ddfb5b1b8] Opening Playwright browser with persistent profile cookies...
2026-09-05T14:36:44.721Z [f00240ec-44ef-42d5-b0f3-00b7b52be0ab][fdfbd39c-aa59-4b23-a3ac-5f2ddfb5b1b8] Browser engine: winhide (C:\Users\MienTrungComputer\AppData\Roaming\com.tank.winai\winhide\chrome.exe) [hidden off-screen]
2026-09-05T14:36:44.722Z [f00240ec-44ef-42d5-b0f3-00b7b52be0ab][fdfbd39c-aa59-4b23-a3ac-5f2ddfb5b1b8] Launch mode: STEALTH (raw spawn + connectOverCDP)
2026-09-05T14:36:45.148Z [bdf2d820-40e9-43e5-826c-200fbe741cd3][fdfbd39c-aa59-4b23-a3ac-5f2ddfb5b1b8] Item 1: Uploaded → https://studio.xanhmedia.vn/uploads/2026-09/1788619004129_8f2f76_fdfbd39c-aa59-4b23-a3ac-5f2ddfb5b1b8_bdf.jpg
2026-09-05T14:36:45.185Z [bdf2d820-40e9-43e5-826c-200fbe741cd3][fdfbd39c-aa59-4b23-a3ac-5f2ddfb5b1b8] Item 2: Uploaded → https://studio.xanhmedia.vn/uploads/2026-09/1788619004171_629fac_fdfbd39c-aa59-4b23-a3ac-5f2ddfb5b1b8_bdf.jpg
2026-09-05T14:36:45.190Z [bdf2d820-40e9-43e5-826c-200fbe741cd3][fdfbd39c-aa59-4b23-a3ac-5f2ddfb5b1b8] Item 4: Uploaded → https://studio.xanhmedia.vn/uploads/2026-09/1788619004180_f2fc86_fdfbd39c-aa59-4b23-a3ac-5f2ddfb5b1b8_bdf.jpg
2026-09-05T14:36:45.305Z [bdf2d820-40e9-43e5-826c-200fbe741cd3][fdfbd39c-aa59-4b23-a3ac-5f2ddfb5b1b8] Item 3: Uploaded → https://studio.xanhmedia.vn/uploads/2026-09/1788619004285_0346fe_fdfbd39c-aa59-4b23-a3ac-5f2ddfb5b1b8_bdf.jpg
2026-09-05T14:36:45.314Z [bdf2d820-40e9-43e5-826c-200fbe741cd3][fdfbd39c-aa59-4b23-a3ac-5f2ddfb5b1b8] All done (including any 1080p upgrades). Closing Playwright browser context.
2026-09-05T14:36:47.940Z [f00240ec-44ef-42d5-b0f3-00b7b52be0ab][fdfbd39c-aa59-4b23-a3ac-5f2ddfb5b1b8] Exit IP: 125.212.158.158
2026-09-05T14:36:47.940Z [f00240ec-44ef-42d5-b0f3-00b7b52be0ab][fdfbd39c-aa59-4b23-a3ac-5f2ddfb5b1b8] Navigating browser to Google Flow tools page...
2026-09-05T14:36:47.941Z [f00240ec-44ef-42d5-b0f3-00b7b52be0ab][fdfbd39c-aa59-4b23-a3ac-5f2ddfb5b1b8] Using existing project URL: https://flow.google.com/project/390215dc-290f-4b92-a7f0-dd2b6651acfb?hl=en
2026-09-05T14:36:48.941Z [f00240ec-44ef-42d5-b0f3-00b7b52be0ab][fdfbd39c-aa59-4b23-a3ac-5f2ddfb5b1b8] Waiting for Google Flow...
2026-09-05T14:36:50.752Z [f00240ec-44ef-42d5-b0f3-00b7b52be0ab][fdfbd39c-aa59-4b23-a3ac-5f2ddfb5b1b8] In existing project ✓
2026-09-05T14:36:51.745Z [f00240ec-44ef-42d5-b0f3-00b7b52be0ab][fdfbd39c-aa59-4b23-a3ac-5f2ddfb5b1b8] dismissPopups: unresolved overlay(s) ["IFRAME[presentation]|btns="]
2026-09-05T14:36:54.701Z [f00240ec-44ef-42d5-b0f3-00b7b52be0ab][fdfbd39c-aa59-4b23-a3ac-5f2ddfb5b1b8] Composer ready ✓ (UI language: en)
2026-09-05T14:36:54.743Z [f00240ec-44ef-42d5-b0f3-00b7b52be0ab][fdfbd39c-aa59-4b23-a3ac-5f2ddfb5b1b8] dismissPopups: clicked "Dismiss credit banner" (overlay)
2026-09-05T14:36:55.267Z [f00240ec-44ef-42d5-b0f3-00b7b52be0ab][fdfbd39c-aa59-4b23-a3ac-5f2ddfb5b1b8] dismissPopups: unresolved overlay(s) ["DIV[]|btns=","DIV[]|btns="]
2026-09-05T14:36:55.300Z [f00240ec-44ef-42d5-b0f3-00b7b52be0ab][fdfbd39c-aa59-4b23-a3ac-5f2ddfb5b1b8] Agent toggle aria-pressed=false
2026-09-05T14:36:55.300Z [f00240ec-44ef-42d5-b0f3-00b7b52be0ab][fdfbd39c-aa59-4b23-a3ac-5f2ddfb5b1b8] Opening settings...
2026-09-05T14:36:57.613Z [f00240ec-44ef-42d5-b0f3-00b7b52be0ab][fdfbd39c-aa59-4b23-a3ac-5f2ddfb5b1b8] Configuring image settings...
2026-09-05T14:36:59.069Z [f00240ec-44ef-42d5-b0f3-00b7b52be0ab][fdfbd39c-aa59-4b23-a3ac-5f2ddfb5b1b8] Mode: selected "image Image" ✓
2026-09-05T14:37:04.875Z [f00240ec-44ef-42d5-b0f3-00b7b52be0ab][fdfbd39c-aa59-4b23-a3ac-5f2ddfb5b1b8] Model: selected "🍌 Nano Banana 2" ✓
2026-09-05T14:37:05.593Z [f00240ec-44ef-42d5-b0f3-00b7b52be0ab][fdfbd39c-aa59-4b23-a3ac-5f2ddfb5b1b8] Aspect ratio: "crop_16_9 16:9" already selected ✓
2026-09-05T14:37:07.013Z [f00240ec-44ef-42d5-b0f3-00b7b52be0ab][fdfbd39c-aa59-4b23-a3ac-5f2ddfb5b1b8] Output count: selected "x4" ✓
2026-09-05T14:37:07.829Z [f00240ec-44ef-42d5-b0f3-00b7b52be0ab][fdfbd39c-aa59-4b23-a3ac-5f2ddfb5b1b8] Ref image 1/7: downloading from URL...
2026-09-05T14:37:08.160Z [f00240ec-44ef-42d5-b0f3-00b7b52be0ab][fdfbd39c-aa59-4b23-a3ac-5f2ddfb5b1b8] Downloader: no-proxy request context ready.
2026-09-05T14:37:09.296Z [f00240ec-44ef-42d5-b0f3-00b7b52be0ab][fdfbd39c-aa59-4b23-a3ac-5f2ddfb5b1b8] Ref image 1/7: saved 566164 bytes (image/jpeg) as "Arlo Vale Color Pool War Swim.jpeg"
2026-09-05T14:37:09.303Z [f00240ec-44ef-42d5-b0f3-00b7b52be0ab][fdfbd39c-aa59-4b23-a3ac-5f2ddfb5b1b8] Ref image 1/7: attaching reference image...
2026-09-05T14:37:11.646Z [f00240ec-44ef-42d5-b0f3-00b7b52be0ab][fdfbd39c-aa59-4b23-a3ac-5f2ddfb5b1b8] Ref image 1/7: reusing library asset "Arlo Vale Color Pool War Swim.jpeg" (no re-upload).
2026-09-05T14:37:15.080Z [f00240ec-44ef-42d5-b0f3-00b7b52be0ab][fdfbd39c-aa59-4b23-a3ac-5f2ddfb5b1b8] Ref image 1/7: chips 0→1 ✓
2026-09-05T14:37:16.135Z [f00240ec-44ef-42d5-b0f3-00b7b52be0ab][fdfbd39c-aa59-4b23-a3ac-5f2ddfb5b1b8] Ref image 2/7: downloading from URL...
2026-09-05T14:37:17.670Z [f00240ec-44ef-42d5-b0f3-00b7b52be0ab][fdfbd39c-aa59-4b23-a3ac-5f2ddfb5b1b8] Ref image 2/7: saved 648250 bytes (image/jpeg) as "Nessa Vale Color Pool War Swim.jpeg"
2026-09-05T14:37:17.673Z [f00240ec-44ef-42d5-b0f3-00b7b52be0ab][fdfbd39c-aa59-4b23-a3ac-5f2ddfb5b1b8] Ref image 2/7: attaching reference image...
2026-09-05T14:37:19.488Z [f00240ec-44ef-42d5-b0f3-00b7b52be0ab][fdfbd39c-aa59-4b23-a3ac-5f2ddfb5b1b8] Ref image 2/7: reusing library asset "Nessa Vale Color Pool War Swim.jpeg" (no re-upload).
2026-09-05T14:37:22.827Z [f00240ec-44ef-42d5-b0f3-00b7b52be0ab][fdfbd39c-aa59-4b23-a3ac-5f2ddfb5b1b8] Ref image 2/7: chips 1→2 ✓
2026-09-05T14:37:24.072Z [f00240ec-44ef-42d5-b0f3-00b7b52be0ab][fdfbd39c-aa59-4b23-a3ac-5f2ddfb5b1b8] Ref image 3/7: downloading from URL...
2026-09-05T14:37:27.882Z [f00240ec-44ef-42d5-b0f3-00b7b52be0ab][fdfbd39c-aa59-4b23-a3ac-5f2ddfb5b1b8] Ref image 3/7: saved 673040 bytes (image/jpeg) as "Graham Vale Color Pool War Backyard.jpeg"
2026-09-05T14:37:27.887Z [f00240ec-44ef-42d5-b0f3-00b7b52be0ab][fdfbd39c-aa59-4b23-a3ac-5f2ddfb5b1b8] Ref image 3/7: attaching reference image...
2026-09-05T14:37:29.968Z [f00240ec-44ef-42d5-b0f3-00b7b52be0ab][fdfbd39c-aa59-4b23-a3ac-5f2ddfb5b1b8] Ref image 3/7: reusing library asset "Graham Vale Color Pool War Backyard.jpeg" (no re-upload).
2026-09-05T14:37:33.503Z [f00240ec-44ef-42d5-b0f3-00b7b52be0ab][fdfbd39c-aa59-4b23-a3ac-5f2ddfb5b1b8] Ref image 3/7: chips 2→3 ✓
2026-09-05T14:37:34.998Z [f00240ec-44ef-42d5-b0f3-00b7b52be0ab][fdfbd39c-aa59-4b23-a3ac-5f2ddfb5b1b8] Ref image 4/7: downloading from URL...
2026-09-05T14:37:35.336Z [f00240ec-44ef-42d5-b0f3-00b7b52be0ab][fdfbd39c-aa59-4b23-a3ac-5f2ddfb5b1b8] Ref image 4/7: saved 544392 bytes (image/jpeg) as "Elara Vale Color Pool War Backyard.jpeg"
2026-09-05T14:37:35.340Z [f00240ec-44ef-42d5-b0f3-00b7b52be0ab][fdfbd39c-aa59-4b23-a3ac-5f2ddfb5b1b8] Ref image 4/7: attaching reference image...
2026-09-05T14:37:37.409Z [f00240ec-44ef-42d5-b0f3-00b7b52be0ab][fdfbd39c-aa59-4b23-a3ac-5f2ddfb5b1b8] Ref image 4/7: "Elara Vale Color Pool War Backyard.jpeg" not in the library yet — uploading it first.
2026-09-05T14:37:41.212Z [f00240ec-44ef-42d5-b0f3-00b7b52be0ab][fdfbd39c-aa59-4b23-a3ac-5f2ddfb5b1b8] Ref image 4/7: uploading "Elara Vale Color Pool War Backyard.jpeg" to the project library...
2026-09-05T14:37:42.585Z [f00240ec-44ef-42d5-b0f3-00b7b52be0ab][fdfbd39c-aa59-4b23-a3ac-5f2ddfb5b1b8] Ref image 4/7: upload finished ✓
2026-09-05T14:37:54.476Z [f00240ec-44ef-42d5-b0f3-00b7b52be0ab][fdfbd39c-aa59-4b23-a3ac-5f2ddfb5b1b8] Ref image 4/7: chips 3→4 ✓
2026-09-05T14:37:55.598Z [f00240ec-44ef-42d5-b0f3-00b7b52be0ab][fdfbd39c-aa59-4b23-a3ac-5f2ddfb5b1b8] Ref image 5/7: downloading from URL...
2026-09-05T14:37:55.975Z [f00240ec-44ef-42d5-b0f3-00b7b52be0ab][fdfbd39c-aa59-4b23-a3ac-5f2ddfb5b1b8] Ref image 5/7: saved 585044 bytes (image/jpeg) as "Arlo Family Inflatable Pool Progress Set.jpeg"
2026-09-05T14:37:56.007Z [f00240ec-44ef-42d5-b0f3-00b7b52be0ab][fdfbd39c-aa59-4b23-a3ac-5f2ddfb5b1b8] Ref image 5/7: attaching reference image...
2026-09-05T14:37:58.266Z [f00240ec-44ef-42d5-b0f3-00b7b52be0ab][fdfbd39c-aa59-4b23-a3ac-5f2ddfb5b1b8] Ref image 5/7: reusing library asset "Arlo Family Inflatable Pool Progress Set.jpeg" (no re-upload).
2026-09-05T14:38:02.230Z [f00240ec-44ef-42d5-b0f3-00b7b52be0ab][fdfbd39c-aa59-4b23-a3ac-5f2ddfb5b1b8] Ref image 5/7: chips 4→5 ✓
2026-09-05T14:38:03.987Z [f00240ec-44ef-42d5-b0f3-00b7b52be0ab][fdfbd39c-aa59-4b23-a3ac-5f2ddfb5b1b8] Ref image 6/7: downloading from URL...
2026-09-05T14:38:04.368Z [f00240ec-44ef-42d5-b0f3-00b7b52be0ab][fdfbd39c-aa59-4b23-a3ac-5f2ddfb5b1b8] Ref image 6/7: saved 673531 bytes (image/jpeg) as "Color Pool Water State Set.jpeg"
2026-09-05T14:38:04.377Z [f00240ec-44ef-42d5-b0f3-00b7b52be0ab][fdfbd39c-aa59-4b23-a3ac-5f2ddfb5b1b8] Ref image 6/7: attaching reference image...
2026-09-05T14:38:06.363Z [f00240ec-44ef-42d5-b0f3-00b7b52be0ab][fdfbd39c-aa59-4b23-a3ac-5f2ddfb5b1b8] Ref image 6/7: reusing library asset "Color Pool Water State Set.jpeg" (no re-upload).
2026-09-05T14:38:09.876Z [f00240ec-44ef-42d5-b0f3-00b7b52be0ab][fdfbd39c-aa59-4b23-a3ac-5f2ddfb5b1b8] Ref image 6/7: chips 5→6 ✓
2026-09-05T14:38:10.844Z [f00240ec-44ef-42d5-b0f3-00b7b52be0ab][fdfbd39c-aa59-4b23-a3ac-5f2ddfb5b1b8] Ref image 7/7: downloading from URL...
2026-09-05T14:38:12.337Z [f00240ec-44ef-42d5-b0f3-00b7b52be0ab][fdfbd39c-aa59-4b23-a3ac-5f2ddfb5b1b8] Ref image 7/7: saved 542888 bytes (image/jpeg) as "Colorful Pool Slide Blue Protective Mat Set.jpeg"
2026-09-05T14:38:12.342Z [f00240ec-44ef-42d5-b0f3-00b7b52be0ab][fdfbd39c-aa59-4b23-a3ac-5f2ddfb5b1b8] Ref image 7/7: attaching reference image...
2026-09-05T14:38:14.359Z [f00240ec-44ef-42d5-b0f3-00b7b52be0ab][fdfbd39c-aa59-4b23-a3ac-5f2ddfb5b1b8] Ref image 7/7: reusing library asset "Colorful Pool Slide Blue Protective Mat Set.jpeg" (no re-upload).
2026-09-05T14:38:18.347Z [f00240ec-44ef-42d5-b0f3-00b7b52be0ab][fdfbd39c-aa59-4b23-a3ac-5f2ddfb5b1b8] Ref image 7/7: chips 6→7 ✓
2026-09-05T14:38:18.360Z [f00240ec-44ef-42d5-b0f3-00b7b52be0ab][fdfbd39c-aa59-4b23-a3ac-5f2ddfb5b1b8] Entering prompt...
2026-09-05T14:38:20.020Z [f00240ec-44ef-42d5-b0f3-00b7b52be0ab][fdfbd39c-aa59-4b23-a3ac-5f2ddfb5b1b8] Prompt is 2182 chars — typing it in 25 chunk(s).
2026-09-05T14:38:30.873Z [f00240ec-44ef-42d5-b0f3-00b7b52be0ab][fdfbd39c-aa59-4b23-a3ac-5f2ddfb5b1b8] Prompt insert attempt 1: editor has 2049 chars (want ~2176) ✓
2026-09-05T14:38:32.476Z [f00240ec-44ef-42d5-b0f3-00b7b52be0ab][fdfbd39c-aa59-4b23-a3ac-5f2ddfb5b1b8] Baseline: 27 pre-existing media tile(s) of 27 mounted (kinds: image,image,image,image,image,image,image,image,image,image,image,image,image,image,image,image,image,image,image,image,image,image,image,image,image,image,image).
2026-09-05T14:38:34.624Z [f00240ec-44ef-42d5-b0f3-00b7b52be0ab][fdfbd39c-aa59-4b23-a3ac-5f2ddfb5b1b8] [submit] confirmed (editor "What do you want to ", fresh tile=true).
2026-09-05T14:38:35.180Z [f00240ec-44ef-42d5-b0f3-00b7b52be0ab][fdfbd39c-aa59-4b23-a3ac-5f2ddfb5b1b8] Current Workspace project URL: https://flow.google.com/project/390215dc-290f-4b92-a7f0-dd2b6651acfb?hl=en
2026-09-05T14:38:35.182Z [f00240ec-44ef-42d5-b0f3-00b7b52be0ab][fdfbd39c-aa59-4b23-a3ac-5f2ddfb5b1b8] Submitted ✓ Detecting batch size...
2026-09-05T14:38:35.210Z [f00240ec-44ef-42d5-b0f3-00b7b52be0ab][fdfbd39c-aa59-4b23-a3ac-5f2ddfb5b1b8] New tile(s) since submit: 0 → 4 (mounted=27)
2026-09-05T14:38:39.487Z [f00240ec-44ef-42d5-b0f3-00b7b52be0ab][fdfbd39c-aa59-4b23-a3ac-5f2ddfb5b1b8] Batch size stabilised at 4 new tile(s)
2026-09-05T14:38:39.487Z [f00240ec-44ef-42d5-b0f3-00b7b52be0ab][fdfbd39c-aa59-4b23-a3ac-5f2ddfb5b1b8] Batch detected: 4 item(s). Generating...
2026-09-05T14:38:39.487Z [f00240ec-44ef-42d5-b0f3-00b7b52be0ab][fdfbd39c-aa59-4b23-a3ac-5f2ddfb5b1b8] Polling for 4 image item(s) (baseline=27, hasUpload=true)...
2026-09-05T14:38:39.520Z [f00240ec-44ef-42d5-b0f3-00b7b52be0ab][fdfbd39c-aa59-4b23-a3ac-5f2ddfb5b1b8] Generating... 0 ready, 0 failed / 4 total (0s) image 34% [NHÂN VẬT] image 34% [NHÂN VẬT] image 34% [NHÂN VẬT] image 34% [NHÂN VẬT]
2026-09-05T14:38:42.549Z [f00240ec-44ef-42d5-b0f3-00b7b52be0ab][fdfbd39c-aa59-4b23-a3ac-5f2ddfb5b1b8] Generating... 0 ready, 0 failed / 4 total (3s) image 54% [NHÂN VẬT] image 54% [NHÂN VẬT] image 54% [NHÂN VẬT] image 54% [NHÂN VẬT]
2026-09-05T14:38:45.578Z [f00240ec-44ef-42d5-b0f3-00b7b52be0ab][fdfbd39c-aa59-4b23-a3ac-5f2ddfb5b1b8] Generating... 0 ready, 0 failed / 4 total (6s) image 74% [NHÂN VẬT] image 74% [NHÂN VẬT] image 74% [NHÂN VẬT] image 74% [NHÂN VẬT]
2026-09-05T14:38:48.601Z [f00240ec-44ef-42d5-b0f3-00b7b52be0ab][fdfbd39c-aa59-4b23-a3ac-5f2ddfb5b1b8] Generating... 0 ready, 0 failed / 4 total (9s) image 94% [NHÂN VẬT] image 94% [NHÂN VẬT] image 95% [NHÂN VẬT] image 95% [NHÂN VẬT]
2026-09-05T14:38:51.626Z [f00240ec-44ef-42d5-b0f3-00b7b52be0ab][fdfbd39c-aa59-4b23-a3ac-5f2ddfb5b1b8] Generating... 0 ready, 0 failed / 4 total (12s) image 99% [NHÂN VẬT] image 99% [NHÂN VẬT] image 99% [NHÂN VẬT] image 99% [NHÂN VẬT]
2026-09-05T14:38:54.652Z [f00240ec-44ef-42d5-b0f3-00b7b52be0ab][fdfbd39c-aa59-4b23-a3ac-5f2ddfb5b1b8] Generating... 0 ready, 0 failed / 4 total (15s) image 99% [NHÂN VẬT] image 99% [NHÂN VẬT] image 99% [NHÂN VẬT] image 99% [NHÂN VẬT]
2026-09-05T14:38:57.675Z [f00240ec-44ef-42d5-b0f3-00b7b52be0ab][fdfbd39c-aa59-4b23-a3ac-5f2ddfb5b1b8] Generating... 0 ready, 0 failed / 4 total (18s) image 99% [NHÂN VẬT] image 99% [NHÂN VẬT] image 99% [NHÂN VẬT] image 99% [NHÂN VẬT]
2026-09-05T14:39:00.704Z [f00240ec-44ef-42d5-b0f3-00b7b52be0ab][fdfbd39c-aa59-4b23-a3ac-5f2ddfb5b1b8] Generating... 0 ready, 0 failed / 4 total (21s) image 99% [NHÂN VẬT] image 99% [NHÂN VẬT] image 99% [NHÂN VẬT] image 99% [NHÂN VẬT]
2026-09-05T14:39:03.729Z [f00240ec-44ef-42d5-b0f3-00b7b52be0ab][fdfbd39c-aa59-4b23-a3ac-5f2ddfb5b1b8] Generating... 0 ready, 0 failed / 4 total (24s) image 99% [NHÂN VẬT] image 99% [NHÂN VẬT] image 99% [NHÂN VẬT] image 99% [NHÂN VẬT]
2026-09-05T14:39:06.747Z [f00240ec-44ef-42d5-b0f3-00b7b52be0ab][fdfbd39c-aa59-4b23-a3ac-5f2ddfb5b1b8] Generating... 0 ready, 0 failed / 4 total (27s) image 99% [NHÂN VẬT] image 99% [NHÂN VẬT] image 99% [NHÂN VẬT] image 99% [NHÂN VẬT]
2026-09-05T14:39:09.765Z [f00240ec-44ef-42d5-b0f3-00b7b52be0ab][fdfbd39c-aa59-4b23-a3ac-5f2ddfb5b1b8] Generating... 0 ready, 0 failed / 4 total (30s) image 99% [NHÂN VẬT] image 99% [NHÂN VẬT] image 99% [NHÂN VẬT] image 99% [NHÂN VẬT]
2026-09-05T14:39:12.787Z [f00240ec-44ef-42d5-b0f3-00b7b52be0ab][fdfbd39c-aa59-4b23-a3ac-5f2ddfb5b1b8] Generating... 0 ready, 0 failed / 4 total (33s) image 99% [NHÂN VẬT] image 99% [NHÂN VẬT] image 99% [NHÂN VẬT] image 99% [NHÂN VẬT]
2026-09-05T14:39:15.812Z [f00240ec-44ef-42d5-b0f3-00b7b52be0ab][fdfbd39c-aa59-4b23-a3ac-5f2ddfb5b1b8] Generating... 0 ready, 0 failed / 4 total (36s) image 99% [NHÂN VẬT] [NHÂN VẬT]Arlo, Ness image 99% [NHÂN VẬT] image 99% [NHÂN VẬT]
2026-09-05T14:39:18.837Z [f00240ec-44ef-42d5-b0f3-00b7b52be0ab][fdfbd39c-aa59-4b23-a3ac-5f2ddfb5b1b8] Generating... 1 ready, 0 failed / 4 total (39s) image 99% [NHÂN VẬT] image 99% [NHÂN VẬT] image 99% [NHÂN VẬT]
2026-09-05T14:39:21.868Z [f00240ec-44ef-42d5-b0f3-00b7b52be0ab][fdfbd39c-aa59-4b23-a3ac-5f2ddfb5b1b8] Generating... 1 ready, 0 failed / 4 total (42s) [NHÂN VẬT]Arlo, Ness image 99% [NHÂN VẬT]
2026-09-05T14:39:24.898Z [f00240ec-44ef-42d5-b0f3-00b7b52be0ab][fdfbd39c-aa59-4b23-a3ac-5f2ddfb5b1b8] Generating... 2 ready, 0 failed / 4 total (45s) image 99% [NHÂN VẬT]
2026-09-05T14:39:27.927Z [f00240ec-44ef-42d5-b0f3-00b7b52be0ab][fdfbd39c-aa59-4b23-a3ac-5f2ddfb5b1b8] Generating... 2 ready, 0 failed / 4 total (48s) image 99% [NHÂN VẬT]
2026-09-05T14:39:30.958Z [f00240ec-44ef-42d5-b0f3-00b7b52be0ab][fdfbd39c-aa59-4b23-a3ac-5f2ddfb5b1b8] Generating... 2 ready, 0 failed / 4 total (51s) [NHÂN VẬT]Arlo, Ness
2026-09-05T14:39:33.982Z [f00240ec-44ef-42d5-b0f3-00b7b52be0ab][fdfbd39c-aa59-4b23-a3ac-5f2ddfb5b1b8] Generating... 3 ready, 0 failed / 4 total (54s)
2026-09-05T14:39:37.001Z [f00240ec-44ef-42d5-b0f3-00b7b52be0ab][fdfbd39c-aa59-4b23-a3ac-5f2ddfb5b1b8] Generating... 3 ready, 0 failed / 4 total (58s)
2026-09-05T14:39:40.020Z [f00240ec-44ef-42d5-b0f3-00b7b52be0ab][fdfbd39c-aa59-4b23-a3ac-5f2ddfb5b1b8] Generating... 3 ready, 0 failed / 4 total (61s)
2026-09-05T14:39:43.093Z [f00240ec-44ef-42d5-b0f3-00b7b52be0ab][fdfbd39c-aa59-4b23-a3ac-5f2ddfb5b1b8] Generating... 3 ready, 0 failed / 4 total (64s)
2026-09-05T14:39:46.112Z [f00240ec-44ef-42d5-b0f3-00b7b52be0ab][fdfbd39c-aa59-4b23-a3ac-5f2ddfb5b1b8] Generating... 3 ready, 0 failed / 4 total (67s)
2026-09-05T14:39:49.133Z [f00240ec-44ef-42d5-b0f3-00b7b52be0ab][fdfbd39c-aa59-4b23-a3ac-5f2ddfb5b1b8] Generating... 3 ready, 0 failed / 4 total (70s)
2026-09-05T14:39:52.149Z [f00240ec-44ef-42d5-b0f3-00b7b52be0ab][fdfbd39c-aa59-4b23-a3ac-5f2ddfb5b1b8] Generating... 3 ready, 0 failed / 4 total (73s)
2026-09-05T14:39:55.166Z [f00240ec-44ef-42d5-b0f3-00b7b52be0ab][fdfbd39c-aa59-4b23-a3ac-5f2ddfb5b1b8] Generating... 3 ready, 0 failed / 4 total (76s)
2026-09-05T14:39:58.191Z [f00240ec-44ef-42d5-b0f3-00b7b52be0ab][fdfbd39c-aa59-4b23-a3ac-5f2ddfb5b1b8] Generating... 3 ready, 0 failed / 4 total (79s)
2026-09-05T14:40:01.208Z [f00240ec-44ef-42d5-b0f3-00b7b52be0ab][fdfbd39c-aa59-4b23-a3ac-5f2ddfb5b1b8] Generating... 3 ready, 0 failed / 4 total (82s)
2026-09-05T14:40:04.218Z [f00240ec-44ef-42d5-b0f3-00b7b52be0ab][fdfbd39c-aa59-4b23-a3ac-5f2ddfb5b1b8] Generating... 3 ready, 0 failed / 4 total (85s)
2026-09-05T14:40:07.235Z [f00240ec-44ef-42d5-b0f3-00b7b52be0ab][fdfbd39c-aa59-4b23-a3ac-5f2ddfb5b1b8] Generating... 3 ready, 0 failed / 4 total (88s)
2026-09-05T14:40:10.261Z [f00240ec-44ef-42d5-b0f3-00b7b52be0ab][fdfbd39c-aa59-4b23-a3ac-5f2ddfb5b1b8] Generating... 3 ready, 0 failed / 4 total (91s)
2026-09-05T14:40:13.274Z [f00240ec-44ef-42d5-b0f3-00b7b52be0ab][fdfbd39c-aa59-4b23-a3ac-5f2ddfb5b1b8] Generating... 3 ready, 0 failed / 4 total (94s)
2026-09-05T14:40:16.291Z [f00240ec-44ef-42d5-b0f3-00b7b52be0ab][fdfbd39c-aa59-4b23-a3ac-5f2ddfb5b1b8] Generating... 3 ready, 0 failed / 4 total (97s)
2026-09-05T14:40:19.316Z [f00240ec-44ef-42d5-b0f3-00b7b52be0ab][fdfbd39c-aa59-4b23-a3ac-5f2ddfb5b1b8] Generating... 3 ready, 0 failed / 4 total (100s)
2026-09-05T14:40:22.333Z [f00240ec-44ef-42d5-b0f3-00b7b52be0ab][fdfbd39c-aa59-4b23-a3ac-5f2ddfb5b1b8] Generating... 3 ready, 0 failed / 4 total (103s)
2026-09-05T14:40:25.363Z [f00240ec-44ef-42d5-b0f3-00b7b52be0ab][fdfbd39c-aa59-4b23-a3ac-5f2ddfb5b1b8] Generating... 3 ready, 0 failed / 4 total (106s)
2026-09-05T14:40:28.390Z [f00240ec-44ef-42d5-b0f3-00b7b52be0ab][fdfbd39c-aa59-4b23-a3ac-5f2ddfb5b1b8] Generating... 3 ready, 0 failed / 4 total (109s)
2026-09-05T14:40:31.407Z [f00240ec-44ef-42d5-b0f3-00b7b52be0ab][fdfbd39c-aa59-4b23-a3ac-5f2ddfb5b1b8] Generating... 3 ready, 0 failed / 4 total (112s)
2026-09-05T14:40:34.432Z [f00240ec-44ef-42d5-b0f3-00b7b52be0ab][fdfbd39c-aa59-4b23-a3ac-5f2ddfb5b1b8] Generating... 3 ready, 0 failed / 4 total (115s)
2026-09-05T14:40:37.447Z [f00240ec-44ef-42d5-b0f3-00b7b52be0ab][fdfbd39c-aa59-4b23-a3ac-5f2ddfb5b1b8] Generating... 3 ready, 0 failed / 4 total (118s)
2026-09-05T14:40:40.462Z [f00240ec-44ef-42d5-b0f3-00b7b52be0ab][fdfbd39c-aa59-4b23-a3ac-5f2ddfb5b1b8] Generating... 3 ready, 0 failed / 4 total (121s)
2026-09-05T14:40:43.490Z [f00240ec-44ef-42d5-b0f3-00b7b52be0ab][fdfbd39c-aa59-4b23-a3ac-5f2ddfb5b1b8] Generating... 3 ready, 0 failed / 4 total (124s)
2026-09-05T14:40:46.519Z [f00240ec-44ef-42d5-b0f3-00b7b52be0ab][fdfbd39c-aa59-4b23-a3ac-5f2ddfb5b1b8] Generating... 3 ready, 0 failed / 4 total (127s)
2026-09-05T14:40:49.530Z [f00240ec-44ef-42d5-b0f3-00b7b52be0ab][fdfbd39c-aa59-4b23-a3ac-5f2ddfb5b1b8] Generating... 3 ready, 0 failed / 4 total (130s)
2026-09-05T14:40:52.546Z [f00240ec-44ef-42d5-b0f3-00b7b52be0ab][fdfbd39c-aa59-4b23-a3ac-5f2ddfb5b1b8] Generating... 3 ready, 0 failed / 4 total (133s)
2026-09-05T14:40:55.562Z [f00240ec-44ef-42d5-b0f3-00b7b52be0ab][fdfbd39c-aa59-4b23-a3ac-5f2ddfb5b1b8] Generating... 3 ready, 0 failed / 4 total (136s)
2026-09-05T14:40:58.586Z [f00240ec-44ef-42d5-b0f3-00b7b52be0ab][fdfbd39c-aa59-4b23-a3ac-5f2ddfb5b1b8] Generating... 3 ready, 0 failed / 4 total (139s)
2026-09-05T14:41:01.604Z [f00240ec-44ef-42d5-b0f3-00b7b52be0ab][fdfbd39c-aa59-4b23-a3ac-5f2ddfb5b1b8] Generating... 3 ready, 0 failed / 4 total (142s)
2026-09-05T14:41:04.614Z [f00240ec-44ef-42d5-b0f3-00b7b52be0ab][fdfbd39c-aa59-4b23-a3ac-5f2ddfb5b1b8] Generating... 3 ready, 0 failed / 4 total (145s)
2026-09-05T14:41:07.628Z [f00240ec-44ef-42d5-b0f3-00b7b52be0ab][fdfbd39c-aa59-4b23-a3ac-5f2ddfb5b1b8] Generating... 3 ready, 0 failed / 4 total (148s)
2026-09-05T14:41:10.643Z [f00240ec-44ef-42d5-b0f3-00b7b52be0ab][fdfbd39c-aa59-4b23-a3ac-5f2ddfb5b1b8] Generating... 3 ready, 0 failed / 4 total (151s)
2026-09-05T14:41:13.652Z [f00240ec-44ef-42d5-b0f3-00b7b52be0ab][fdfbd39c-aa59-4b23-a3ac-5f2ddfb5b1b8] Generating... 3 ready, 0 failed / 4 total (154s)
2026-09-05T14:41:16.667Z [f00240ec-44ef-42d5-b0f3-00b7b52be0ab][fdfbd39c-aa59-4b23-a3ac-5f2ddfb5b1b8] Generating... 3 ready, 0 failed / 4 total (157s)
2026-09-05T14:41:19.686Z [f00240ec-44ef-42d5-b0f3-00b7b52be0ab][fdfbd39c-aa59-4b23-a3ac-5f2ddfb5b1b8] Generating... 3 ready, 0 failed / 4 total (160s)
2026-09-05T14:41:22.710Z [f00240ec-44ef-42d5-b0f3-00b7b52be0ab][fdfbd39c-aa59-4b23-a3ac-5f2ddfb5b1b8] Generating... 3 ready, 0 failed / 4 total (163s)
2026-09-05T14:41:25.727Z [f00240ec-44ef-42d5-b0f3-00b7b52be0ab][fdfbd39c-aa59-4b23-a3ac-5f2ddfb5b1b8] Generating... 3 ready, 0 failed / 4 total (166s)
2026-09-05T14:41:28.760Z [f00240ec-44ef-42d5-b0f3-00b7b52be0ab][fdfbd39c-aa59-4b23-a3ac-5f2ddfb5b1b8] Generating... 3 ready, 0 failed / 4 total (169s)
2026-09-05T14:41:31.785Z [f00240ec-44ef-42d5-b0f3-00b7b52be0ab][fdfbd39c-aa59-4b23-a3ac-5f2ddfb5b1b8] Generating... 3 ready, 0 failed / 4 total (172s)
2026-09-05T14:41:34.799Z [f00240ec-44ef-42d5-b0f3-00b7b52be0ab][fdfbd39c-aa59-4b23-a3ac-5f2ddfb5b1b8] Generating... 3 ready, 0 failed / 4 total (175s)
2026-09-05T14:41:37.820Z [f00240ec-44ef-42d5-b0f3-00b7b52be0ab][fdfbd39c-aa59-4b23-a3ac-5f2ddfb5b1b8] Generating... 3 ready, 0 failed / 4 total (178s)
2026-09-05T14:41:40.828Z [f00240ec-44ef-42d5-b0f3-00b7b52be0ab][fdfbd39c-aa59-4b23-a3ac-5f2ddfb5b1b8] Poll ended with 3/4 ready — salvaging the completed item(s).
2026-09-05T14:41:40.829Z [f00240ec-44ef-42d5-b0f3-00b7b52be0ab][fdfbd39c-aa59-4b23-a3ac-5f2ddfb5b1b8] 3 item(s) ready! Downloading...
2026-09-05T14:41:40.833Z [f00240ec-44ef-42d5-b0f3-00b7b52be0ab][fdfbd39c-aa59-4b23-a3ac-5f2ddfb5b1b8] Item 1: Downloading from URL https://flow-content.google/image/39a2f980-a6c4-4aaf-826c-905a4a7ee9f0?Expires=1788640716&KeyName=labs-flow-prod-cdn-key&Signature=Nr22X33eFkDnbPkGnQxc-NSevX8
2026-09-05T14:41:41.283Z [f00240ec-44ef-42d5-b0f3-00b7b52be0ab][fdfbd39c-aa59-4b23-a3ac-5f2ddfb5b1b8] Downloaded 1/3: winai_2026-09-05T14-41-40_01.jpg
2026-09-05T14:41:41.287Z [f00240ec-44ef-42d5-b0f3-00b7b52be0ab][fdfbd39c-aa59-4b23-a3ac-5f2ddfb5b1b8] Item 2: Downloading from URL https://flow-content.google/image/174d39f6-c21d-4f80-9487-ac877c4101b8?Expires=1788640715&KeyName=labs-flow-prod-cdn-key&Signature=saH8z7gL4sy7jd00hOQet42aUxg
2026-09-05T14:41:41.424Z [f00240ec-44ef-42d5-b0f3-00b7b52be0ab][fdfbd39c-aa59-4b23-a3ac-5f2ddfb5b1b8] Downloaded 2/3: winai_2026-09-05T14-41-40_02.jpg
2026-09-05T14:41:41.425Z [f00240ec-44ef-42d5-b0f3-00b7b52be0ab][fdfbd39c-aa59-4b23-a3ac-5f2ddfb5b1b8] Item 3: Downloading from URL https://flow-content.google/image/2a692bf9-3be9-4e2c-b1f7-fc364d757ddb?Expires=1788640713&KeyName=labs-flow-prod-cdn-key&Signature=kgHah_lLHuIuNZc7iEfZWDfN6PI
2026-09-05T14:41:41.561Z [f00240ec-44ef-42d5-b0f3-00b7b52be0ab][fdfbd39c-aa59-4b23-a3ac-5f2ddfb5b1b8] Downloaded 3/3: winai_2026-09-05T14-41-40_03.jpg
2026-09-05T14:41:41.561Z [f00240ec-44ef-42d5-b0f3-00b7b52be0ab][fdfbd39c-aa59-4b23-a3ac-5f2ddfb5b1b8] ✅ 3 item(s) saved to Downloads/Win AI Toolkit/
2026-09-05T14:41:41.796Z [e2656f57-f087-47d8-a7af-7abe0d61a953][fdfbd39c-aa59-4b23-a3ac-5f2ddfb5b1b8] runGeneration starting: task_id=e2656f57-f087-47d8-a7af-7abe0d61a953, profile_id=fdfbd39c-aa59-4b23-a3ac-5f2ddfb5b1b8, target_site=google_flow
2026-09-05T14:41:41.797Z [e2656f57-f087-47d8-a7af-7abe0d61a953][fdfbd39c-aa59-4b23-a3ac-5f2ddfb5b1b8] Opening Playwright browser with persistent profile cookies...
2026-09-05T14:41:41.797Z [e2656f57-f087-47d8-a7af-7abe0d61a953][fdfbd39c-aa59-4b23-a3ac-5f2ddfb5b1b8] Browser engine: winhide (C:\Users\MienTrungComputer\AppData\Roaming\com.tank.winai\winhide\chrome.exe) [hidden off-screen]
2026-09-05T14:41:41.799Z [e2656f57-f087-47d8-a7af-7abe0d61a953][fdfbd39c-aa59-4b23-a3ac-5f2ddfb5b1b8] Launch mode: STEALTH (raw spawn + connectOverCDP)
2026-09-05T14:41:42.171Z [f00240ec-44ef-42d5-b0f3-00b7b52be0ab][fdfbd39c-aa59-4b23-a3ac-5f2ddfb5b1b8] Item 1: Uploaded → https://studio.xanhmedia.vn/uploads/2026-09/1788619301165_453251_fdfbd39c-aa59-4b23-a3ac-5f2ddfb5b1b8_f00.jpg
2026-09-05T14:41:42.193Z [f00240ec-44ef-42d5-b0f3-00b7b52be0ab][fdfbd39c-aa59-4b23-a3ac-5f2ddfb5b1b8] Item 3: Uploaded → https://studio.xanhmedia.vn/uploads/2026-09/1788619301186_035004_fdfbd39c-aa59-4b23-a3ac-5f2ddfb5b1b8_f00.jpg
2026-09-05T14:41:42.216Z [f00240ec-44ef-42d5-b0f3-00b7b52be0ab][fdfbd39c-aa59-4b23-a3ac-5f2ddfb5b1b8] Item 2: Uploaded → https://studio.xanhmedia.vn/uploads/2026-09/1788619301200_ecbd0b_fdfbd39c-aa59-4b23-a3ac-5f2ddfb5b1b8_f00.jpg
2026-09-05T14:41:42.221Z [f00240ec-44ef-42d5-b0f3-00b7b52be0ab][fdfbd39c-aa59-4b23-a3ac-5f2ddfb5b1b8] All done (including any 1080p upgrades). Closing Playwright browser context.
2026-09-05T14:41:44.314Z [e2656f57-f087-47d8-a7af-7abe0d61a953][fdfbd39c-aa59-4b23-a3ac-5f2ddfb5b1b8] Exit IP: 125.212.158.158
2026-09-05T14:41:44.315Z [e2656f57-f087-47d8-a7af-7abe0d61a953][fdfbd39c-aa59-4b23-a3ac-5f2ddfb5b1b8] Navigating browser to Google Flow tools page...
2026-09-05T14:41:44.317Z [e2656f57-f087-47d8-a7af-7abe0d61a953][fdfbd39c-aa59-4b23-a3ac-5f2ddfb5b1b8] Using existing project URL: https://flow.google.com/project/390215dc-290f-4b92-a7f0-dd2b6651acfb?hl=en
2026-09-05T14:41:45.301Z [e2656f57-f087-47d8-a7af-7abe0d61a953][fdfbd39c-aa59-4b23-a3ac-5f2ddfb5b1b8] Waiting for Google Flow...
2026-09-05T14:41:47.504Z [e2656f57-f087-47d8-a7af-7abe0d61a953][fdfbd39c-aa59-4b23-a3ac-5f2ddfb5b1b8] In existing project ✓
2026-09-05T14:41:49.970Z [e2656f57-f087-47d8-a7af-7abe0d61a953][fdfbd39c-aa59-4b23-a3ac-5f2ddfb5b1b8] dismissPopups: clicked "Dismiss credit banner" (overlay)
2026-09-05T14:41:50.498Z [e2656f57-f087-47d8-a7af-7abe0d61a953][fdfbd39c-aa59-4b23-a3ac-5f2ddfb5b1b8] dismissPopups: unresolved overlay(s) ["DIV[]|btns=","DIV[]|btns="]
2026-09-05T14:41:50.591Z [e2656f57-f087-47d8-a7af-7abe0d61a953][fdfbd39c-aa59-4b23-a3ac-5f2ddfb5b1b8] Composer ready ✓ (UI language: en)
2026-09-05T14:41:50.605Z [e2656f57-f087-47d8-a7af-7abe0d61a953][fdfbd39c-aa59-4b23-a3ac-5f2ddfb5b1b8] dismissPopups: unresolved overlay(s) ["DIV[]|btns=","DIV[]|btns="]
2026-09-05T14:41:50.630Z [e2656f57-f087-47d8-a7af-7abe0d61a953][fdfbd39c-aa59-4b23-a3ac-5f2ddfb5b1b8] Agent toggle aria-pressed=false
2026-09-05T14:41:50.633Z [e2656f57-f087-47d8-a7af-7abe0d61a953][fdfbd39c-aa59-4b23-a3ac-5f2ddfb5b1b8] Opening settings...
2026-09-05T14:41:52.962Z [e2656f57-f087-47d8-a7af-7abe0d61a953][fdfbd39c-aa59-4b23-a3ac-5f2ddfb5b1b8] Configuring image settings...
2026-09-05T14:41:54.425Z [e2656f57-f087-47d8-a7af-7abe0d61a953][fdfbd39c-aa59-4b23-a3ac-5f2ddfb5b1b8] Mode: selected "image Image" ✓
2026-09-05T14:42:00.165Z [e2656f57-f087-47d8-a7af-7abe0d61a953][fdfbd39c-aa59-4b23-a3ac-5f2ddfb5b1b8] Model: selected "🍌 Nano Banana 2" ✓
2026-09-05T14:42:01.187Z [e2656f57-f087-47d8-a7af-7abe0d61a953][fdfbd39c-aa59-4b23-a3ac-5f2ddfb5b1b8] Aspect ratio: "crop_16_9 16:9" already selected ✓
2026-09-05T14:42:02.733Z [e2656f57-f087-47d8-a7af-7abe0d61a953][fdfbd39c-aa59-4b23-a3ac-5f2ddfb5b1b8] Output count: selected "x4" ✓
2026-09-05T14:42:03.651Z [e2656f57-f087-47d8-a7af-7abe0d61a953][fdfbd39c-aa59-4b23-a3ac-5f2ddfb5b1b8] Ref image 1/5: downloading from URL...
2026-09-05T14:42:03.973Z [e2656f57-f087-47d8-a7af-7abe0d61a953][fdfbd39c-aa59-4b23-a3ac-5f2ddfb5b1b8] Downloader: no-proxy request context ready.
2026-09-05T14:42:05.555Z [e2656f57-f087-47d8-a7af-7abe0d61a953][fdfbd39c-aa59-4b23-a3ac-5f2ddfb5b1b8] Ref image 1/5: saved 566164 bytes (image/jpeg) as "Arlo Vale Color Pool War Swim.jpeg"
2026-09-05T14:42:05.561Z [e2656f57-f087-47d8-a7af-7abe0d61a953][fdfbd39c-aa59-4b23-a3ac-5f2ddfb5b1b8] Ref image 1/5: attaching reference image...
2026-09-05T14:42:07.509Z [e2656f57-f087-47d8-a7af-7abe0d61a953][fdfbd39c-aa59-4b23-a3ac-5f2ddfb5b1b8] Ref image 1/5: reusing library asset "Arlo Vale Color Pool War Swim.jpeg" (no re-upload).
2026-09-05T14:42:10.727Z [e2656f57-f087-47d8-a7af-7abe0d61a953][fdfbd39c-aa59-4b23-a3ac-5f2ddfb5b1b8] Ref image 1/5: chips 0→1 ✓
2026-09-05T14:42:12.186Z [e2656f57-f087-47d8-a7af-7abe0d61a953][fdfbd39c-aa59-4b23-a3ac-5f2ddfb5b1b8] Ref image 2/5: downloading from URL...
2026-09-05T14:42:12.826Z [e2656f57-f087-47d8-a7af-7abe0d61a953][fdfbd39c-aa59-4b23-a3ac-5f2ddfb5b1b8] Ref image 2/5: saved 648250 bytes (image/jpeg) as "Nessa Vale Color Pool War Swim.jpeg"
2026-09-05T14:42:12.833Z [e2656f57-f087-47d8-a7af-7abe0d61a953][fdfbd39c-aa59-4b23-a3ac-5f2ddfb5b1b8] Ref image 2/5: attaching reference image...
2026-09-05T14:42:14.928Z [e2656f57-f087-47d8-a7af-7abe0d61a953][fdfbd39c-aa59-4b23-a3ac-5f2ddfb5b1b8] Ref image 2/5: reusing library asset "Nessa Vale Color Pool War Swim.jpeg" (no re-upload).
2026-09-05T14:42:18.701Z [e2656f57-f087-47d8-a7af-7abe0d61a953][fdfbd39c-aa59-4b23-a3ac-5f2ddfb5b1b8] Ref image 2/5: chips 1→2 ✓
2026-09-05T14:42:19.634Z [e2656f57-f087-47d8-a7af-7abe0d61a953][fdfbd39c-aa59-4b23-a3ac-5f2ddfb5b1b8] Ref image 3/5: downloading from URL...
2026-09-05T14:42:19.985Z [e2656f57-f087-47d8-a7af-7abe0d61a953][fdfbd39c-aa59-4b23-a3ac-5f2ddfb5b1b8] Ref image 3/5: saved 544392 bytes (image/jpeg) as "Elara Vale Color Pool War Backyard.jpeg"
2026-09-05T14:42:19.988Z [e2656f57-f087-47d8-a7af-7abe0d61a953][fdfbd39c-aa59-4b23-a3ac-5f2ddfb5b1b8] Ref image 3/5: attaching reference image...
2026-09-05T14:42:22.351Z [e2656f57-f087-47d8-a7af-7abe0d61a953][fdfbd39c-aa59-4b23-a3ac-5f2ddfb5b1b8] Ref image 3/5: reusing library asset "Elara Vale Color Pool War Backyard.jpeg" (no re-upload).
2026-09-05T14:42:25.660Z [e2656f57-f087-47d8-a7af-7abe0d61a953][fdfbd39c-aa59-4b23-a3ac-5f2ddfb5b1b8] Ref image 3/5: chips 2→3 ✓
2026-09-05T14:42:27.060Z [e2656f57-f087-47d8-a7af-7abe0d61a953][fdfbd39c-aa59-4b23-a3ac-5f2ddfb5b1b8] Ref image 4/5: downloading from URL...
2026-09-05T14:42:27.699Z [e2656f57-f087-47d8-a7af-7abe0d61a953][fdfbd39c-aa59-4b23-a3ac-5f2ddfb5b1b8] Ref image 4/5: saved 585044 bytes (image/jpeg) as "Arlo Family Inflatable Pool Progress Set.jpeg"
2026-09-05T14:42:27.709Z [e2656f57-f087-47d8-a7af-7abe0d61a953][fdfbd39c-aa59-4b23-a3ac-5f2ddfb5b1b8] Ref image 4/5: attaching reference image...
2026-09-05T14:42:30.147Z [e2656f57-f087-47d8-a7af-7abe0d61a953][fdfbd39c-aa59-4b23-a3ac-5f2ddfb5b1b8] Ref image 4/5: reusing library asset "Arlo Family Inflatable Pool Progress Set.jpeg" (no re-upload).
2026-09-05T14:42:33.887Z [e2656f57-f087-47d8-a7af-7abe0d61a953][fdfbd39c-aa59-4b23-a3ac-5f2ddfb5b1b8] Ref image 4/5: chips 3→4 ✓
2026-09-05T14:42:35.635Z [e2656f57-f087-47d8-a7af-7abe0d61a953][fdfbd39c-aa59-4b23-a3ac-5f2ddfb5b1b8] Ref image 5/5: downloading from URL...
2026-09-05T14:42:36.272Z [e2656f57-f087-47d8-a7af-7abe0d61a953][fdfbd39c-aa59-4b23-a3ac-5f2ddfb5b1b8] Ref image 5/5: saved 673531 bytes (image/jpeg) as "Color Pool Water State Set.jpeg"
2026-09-05T14:42:36.279Z [e2656f57-f087-47d8-a7af-7abe0d61a953][fdfbd39c-aa59-4b23-a3ac-5f2ddfb5b1b8] Ref image 5/5: attaching reference image...
2026-09-05T14:42:38.366Z [e2656f57-f087-47d8-a7af-7abe0d61a953][fdfbd39c-aa59-4b23-a3ac-5f2ddfb5b1b8] Ref image 5/5: reusing library asset "Color Pool Water State Set.jpeg" (no re-upload).
2026-09-05T14:42:42.368Z [e2656f57-f087-47d8-a7af-7abe0d61a953][fdfbd39c-aa59-4b23-a3ac-5f2ddfb5b1b8] Ref image 5/5: chips 4→5 ✓
2026-09-05T14:42:42.381Z [e2656f57-f087-47d8-a7af-7abe0d61a953][fdfbd39c-aa59-4b23-a3ac-5f2ddfb5b1b8] Entering prompt...
2026-09-05T14:42:44.283Z [e2656f57-f087-47d8-a7af-7abe0d61a953][fdfbd39c-aa59-4b23-a3ac-5f2ddfb5b1b8] Prompt is 2194 chars — typing it in 27 chunk(s).
2026-09-05T14:42:57.043Z [e2656f57-f087-47d8-a7af-7abe0d61a953][fdfbd39c-aa59-4b23-a3ac-5f2ddfb5b1b8] Prompt insert attempt 1: editor has 2061 chars (want ~2188) ✓
2026-09-05T14:42:58.631Z [e2656f57-f087-47d8-a7af-7abe0d61a953][fdfbd39c-aa59-4b23-a3ac-5f2ddfb5b1b8] Baseline: 27 pre-existing media tile(s) of 27 mounted (kinds: image,image,image,image,image,image,image,image,image,image,image,image,image,image,image,image,image,image,image,image,image,image,image,image,image,image,image).
2026-09-05T14:43:00.857Z [e2656f57-f087-47d8-a7af-7abe0d61a953][fdfbd39c-aa59-4b23-a3ac-5f2ddfb5b1b8] [submit] confirmed (editor "What do you want to ", fresh tile=true).
2026-09-05T14:43:01.635Z [e2656f57-f087-47d8-a7af-7abe0d61a953][fdfbd39c-aa59-4b23-a3ac-5f2ddfb5b1b8] Current Workspace project URL: https://flow.google.com/project/390215dc-290f-4b92-a7f0-dd2b6651acfb?hl=en
2026-09-05T14:43:01.636Z [e2656f57-f087-47d8-a7af-7abe0d61a953][fdfbd39c-aa59-4b23-a3ac-5f2ddfb5b1b8] Submitted ✓ Detecting batch size...
2026-09-05T14:43:01.660Z [e2656f57-f087-47d8-a7af-7abe0d61a953][fdfbd39c-aa59-4b23-a3ac-5f2ddfb5b1b8] New tile(s) since submit: 0 → 4 (mounted=27)
2026-09-05T14:43:05.845Z [e2656f57-f087-47d8-a7af-7abe0d61a953][fdfbd39c-aa59-4b23-a3ac-5f2ddfb5b1b8] Batch size stabilised at 4 new tile(s)
2026-09-05T14:43:05.845Z [e2656f57-f087-47d8-a7af-7abe0d61a953][fdfbd39c-aa59-4b23-a3ac-5f2ddfb5b1b8] Batch detected: 4 item(s). Generating...
2026-09-05T14:43:05.848Z [e2656f57-f087-47d8-a7af-7abe0d61a953][fdfbd39c-aa59-4b23-a3ac-5f2ddfb5b1b8] Polling for 4 image item(s) (baseline=27, hasUpload=true)...
2026-09-05T14:43:05.884Z [e2656f57-f087-47d8-a7af-7abe0d61a953][fdfbd39c-aa59-4b23-a3ac-5f2ddfb5b1b8] Generating... 0 ready, 0 failed / 4 total (0s) image 34% [NHÂN VẬT] image 34% [NHÂN VẬT] image 34% [NHÂN VẬT] image 34% [NHÂN VẬT]
2026-09-05T14:43:08.906Z [e2656f57-f087-47d8-a7af-7abe0d61a953][fdfbd39c-aa59-4b23-a3ac-5f2ddfb5b1b8] Generating... 0 ready, 0 failed / 4 total (3s) image 61% [NHÂN VẬT] image 61% [NHÂN VẬT] image 61% [NHÂN VẬT] image 61% [NHÂN VẬT]
2026-09-05T14:43:11.925Z [e2656f57-f087-47d8-a7af-7abe0d61a953][fdfbd39c-aa59-4b23-a3ac-5f2ddfb5b1b8] Generating... 0 ready, 0 failed / 4 total (6s) image 81% [NHÂN VẬT] image 81% [NHÂN VẬT] image 81% [NHÂN VẬT] image 81% [NHÂN VẬT]
2026-09-05T14:43:14.952Z [e2656f57-f087-47d8-a7af-7abe0d61a953][fdfbd39c-aa59-4b23-a3ac-5f2ddfb5b1b8] Generating... 0 ready, 0 failed / 4 total (9s) image 99% [NHÂN VẬT] image 99% [NHÂN VẬT] image 99% [NHÂN VẬT] image 99% [NHÂN VẬT]
2026-09-05T14:43:17.980Z [e2656f57-f087-47d8-a7af-7abe0d61a953][fdfbd39c-aa59-4b23-a3ac-5f2ddfb5b1b8] Generating... 0 ready, 0 failed / 4 total (12s) image 99% [NHÂN VẬT] image 99% [NHÂN VẬT] image 99% [NHÂN VẬT] image 99% [NHÂN VẬT]
2026-09-05T14:43:21.001Z [e2656f57-f087-47d8-a7af-7abe0d61a953][fdfbd39c-aa59-4b23-a3ac-5f2ddfb5b1b8] Generating... 0 ready, 0 failed / 4 total (15s) image 99% [NHÂN VẬT] image 99% [NHÂN VẬT] image 99% [NHÂN VẬT] image 99% [NHÂN VẬT]
2026-09-05T14:43:24.027Z [e2656f57-f087-47d8-a7af-7abe0d61a953][fdfbd39c-aa59-4b23-a3ac-5f2ddfb5b1b8] Generating... 0 ready, 0 failed / 4 total (18s) image 99% [NHÂN VẬT] image 99% [NHÂN VẬT] image 99% [NHÂN VẬT] image 99% [NHÂN VẬT]
2026-09-05T14:43:27.059Z [e2656f57-f087-47d8-a7af-7abe0d61a953][fdfbd39c-aa59-4b23-a3ac-5f2ddfb5b1b8] Generating... 0 ready, 0 failed / 4 total (21s) image 99% [NHÂN VẬT] image 99% [NHÂN VẬT] image 99% [NHÂN VẬT] image 99% [NHÂN VẬT]
2026-09-05T14:43:30.077Z [e2656f57-f087-47d8-a7af-7abe0d61a953][fdfbd39c-aa59-4b23-a3ac-5f2ddfb5b1b8] Generating... 0 ready, 0 failed / 4 total (24s) image 99% [NHÂN VẬT] image 99% [NHÂN VẬT] image 99% [NHÂN VẬT] image 99% [NHÂN VẬT]
2026-09-05T14:43:33.103Z [e2656f57-f087-47d8-a7af-7abe0d61a953][fdfbd39c-aa59-4b23-a3ac-5f2ddfb5b1b8] Generating... 0 ready, 0 failed / 4 total (27s) image 99% [NHÂN VẬT] image 99% [NHÂN VẬT] image 99% [NHÂN VẬT] image 99% [NHÂN VẬT]
2026-09-05T14:43:36.126Z [e2656f57-f087-47d8-a7af-7abe0d61a953][fdfbd39c-aa59-4b23-a3ac-5f2ddfb5b1b8] Generating... 0 ready, 0 failed / 4 total (30s) image 99% [NHÂN VẬT] image 99% [NHÂN VẬT] image 99% [NHÂN VẬT] image 99% [NHÂN VẬT]
2026-09-05T14:43:39.150Z [e2656f57-f087-47d8-a7af-7abe0d61a953][fdfbd39c-aa59-4b23-a3ac-5f2ddfb5b1b8] Generating... 0 ready, 0 failed / 4 total (33s) image 99% [NHÂN VẬT] image 99% [NHÂN VẬT] image 99% [NHÂN VẬT] image 99% [NHÂN VẬT]
2026-09-05T14:43:42.186Z [e2656f57-f087-47d8-a7af-7abe0d61a953][fdfbd39c-aa59-4b23-a3ac-5f2ddfb5b1b8] Generating... 0 ready, 0 failed / 4 total (36s) image 99% [NHÂN VẬT] [NHÂN VẬT]Arlo, Ness image 99% [NHÂN VẬT] image 99% [NHÂN VẬT]
2026-09-05T14:43:45.228Z [e2656f57-f087-47d8-a7af-7abe0d61a953][fdfbd39c-aa59-4b23-a3ac-5f2ddfb5b1b8] Generating... 1 ready, 0 failed / 4 total (39s) [NHÂN VẬT]Arlo, Ness image 99% [NHÂN VẬT] image 99% [NHÂN VẬT]
2026-09-05T14:43:48.263Z [e2656f57-f087-47d8-a7af-7abe0d61a953][fdfbd39c-aa59-4b23-a3ac-5f2ddfb5b1b8] Generating... 2 ready, 0 failed / 4 total (42s) image 99% [NHÂN VẬT] image 99% [NHÂN VẬT]
2026-09-05T14:43:51.286Z [e2656f57-f087-47d8-a7af-7abe0d61a953][fdfbd39c-aa59-4b23-a3ac-5f2ddfb5b1b8] Generating... 2 ready, 0 failed / 4 total (45s) image 99% [NHÂN VẬT] image 100% [NHÂN VẬT
2026-09-05T14:43:54.322Z [e2656f57-f087-47d8-a7af-7abe0d61a953][fdfbd39c-aa59-4b23-a3ac-5f2ddfb5b1b8] Generating... 3 ready, 0 failed / 4 total (48s) image 99% [NHÂN VẬT]
2026-09-05T14:43:57.346Z [e2656f57-f087-47d8-a7af-7abe0d61a953][fdfbd39c-aa59-4b23-a3ac-5f2ddfb5b1b8] Generating... 3 ready, 0 failed / 4 total (51s) image 99% [NHÂN VẬT]
2026-09-05T14:44:00.366Z [e2656f57-f087-47d8-a7af-7abe0d61a953][fdfbd39c-aa59-4b23-a3ac-5f2ddfb5b1b8] Generating... 3 ready, 0 failed / 4 total (55s) [NHÂN VẬT]Arlo, Ness
2026-09-05T14:44:03.387Z [e2656f57-f087-47d8-a7af-7abe0d61a953][fdfbd39c-aa59-4b23-a3ac-5f2ddfb5b1b8] Generating... 4 ready, 0 failed / 4 total (58s)
2026-09-05T14:44:03.388Z [e2656f57-f087-47d8-a7af-7abe0d61a953][fdfbd39c-aa59-4b23-a3ac-5f2ddfb5b1b8] Batch done: 4 ready (target 4), 0 failed, scanned 4.
2026-09-05T14:44:03.388Z [e2656f57-f087-47d8-a7af-7abe0d61a953][fdfbd39c-aa59-4b23-a3ac-5f2ddfb5b1b8] 4 item(s) ready! Downloading...
2026-09-05T14:44:03.392Z [e2656f57-f087-47d8-a7af-7abe0d61a953][fdfbd39c-aa59-4b23-a3ac-5f2ddfb5b1b8] Item 1: Downloading from URL https://flow-content.google/image/238d70cd-c29d-48dd-aa1c-f289e9515f1f?Expires=1788640982&KeyName=labs-flow-prod-cdn-key&Signature=f3KRcYj42boAnGi6VJxifRVhaMc
2026-09-05T14:44:04.139Z [e2656f57-f087-47d8-a7af-7abe0d61a953][fdfbd39c-aa59-4b23-a3ac-5f2ddfb5b1b8] Downloaded 1/4: winai_2026-09-05T14-44-03_01.jpg
2026-09-05T14:44:04.142Z [e2656f57-f087-47d8-a7af-7abe0d61a953][fdfbd39c-aa59-4b23-a3ac-5f2ddfb5b1b8] Item 2: Downloading from URL https://flow-content.google/image/7195624e-b364-4089-bab7-7ee703118a59?Expires=1788640981&KeyName=labs-flow-prod-cdn-key&Signature=fCv3Sxo7rjKo0KMt5bKEKwdYSV8
2026-09-05T14:44:04.280Z [e2656f57-f087-47d8-a7af-7abe0d61a953][fdfbd39c-aa59-4b23-a3ac-5f2ddfb5b1b8] Downloaded 2/4: winai_2026-09-05T14-44-03_02.jpg
2026-09-05T14:44:04.280Z [e2656f57-f087-47d8-a7af-7abe0d61a953][fdfbd39c-aa59-4b23-a3ac-5f2ddfb5b1b8] Item 3: Downloading from URL https://flow-content.google/image/b5c4d4f7-e6b4-462b-a319-5de123e0f24d?Expires=1788640980&KeyName=labs-flow-prod-cdn-key&Signature=wstWPARn6_Sxj2DP0j3tCriYAHE
2026-09-05T14:44:04.408Z [e2656f57-f087-47d8-a7af-7abe0d61a953][fdfbd39c-aa59-4b23-a3ac-5f2ddfb5b1b8] Downloaded 3/4: winai_2026-09-05T14-44-03_03.jpg
2026-09-05T14:44:04.409Z [e2656f57-f087-47d8-a7af-7abe0d61a953][fdfbd39c-aa59-4b23-a3ac-5f2ddfb5b1b8] Item 4: Downloading from URL https://flow-content.google/image/ea7c5793-6953-4dc3-926a-fec280318360?Expires=1788640980&KeyName=labs-flow-prod-cdn-key&Signature=gPCM43XlaMdGqLi3o1LsHmB4cgk
2026-09-05T14:44:04.537Z [e2656f57-f087-47d8-a7af-7abe0d61a953][fdfbd39c-aa59-4b23-a3ac-5f2ddfb5b1b8] Downloaded 4/4: winai_2026-09-05T14-44-03_04.jpg
2026-09-05T14:44:04.538Z [e2656f57-f087-47d8-a7af-7abe0d61a953][fdfbd39c-aa59-4b23-a3ac-5f2ddfb5b1b8] ✅ 4 item(s) saved to Downloads/Win AI Toolkit/
2026-09-05T14:44:04.789Z [1bd6aedb-491b-4228-ac1e-af54dcab3568][fdfbd39c-aa59-4b23-a3ac-5f2ddfb5b1b8] runGeneration starting: task_id=1bd6aedb-491b-4228-ac1e-af54dcab3568, profile_id=fdfbd39c-aa59-4b23-a3ac-5f2ddfb5b1b8, target_site=google_flow
2026-09-05T14:44:04.791Z [1bd6aedb-491b-4228-ac1e-af54dcab3568][fdfbd39c-aa59-4b23-a3ac-5f2ddfb5b1b8] Opening Playwright browser with persistent profile cookies...
2026-09-05T14:44:04.794Z [1bd6aedb-491b-4228-ac1e-af54dcab3568][fdfbd39c-aa59-4b23-a3ac-5f2ddfb5b1b8] Browser engine: winhide (C:\Users\MienTrungComputer\AppData\Roaming\com.tank.winai\winhide\chrome.exe) [hidden off-screen]
2026-09-05T14:44:04.799Z [1bd6aedb-491b-4228-ac1e-af54dcab3568][fdfbd39c-aa59-4b23-a3ac-5f2ddfb5b1b8] Launch mode: STEALTH (raw spawn + connectOverCDP)
2026-09-05T14:44:05.206Z [e2656f57-f087-47d8-a7af-7abe0d61a953][fdfbd39c-aa59-4b23-a3ac-5f2ddfb5b1b8] Item 1: Uploaded → https://studio.xanhmedia.vn/uploads/2026-09/1788619444197_d4ebca_fdfbd39c-aa59-4b23-a3ac-5f2ddfb5b1b8_e26.jpg
2026-09-05T14:44:05.218Z [e2656f57-f087-47d8-a7af-7abe0d61a953][fdfbd39c-aa59-4b23-a3ac-5f2ddfb5b1b8] Item 3: Uploaded → https://studio.xanhmedia.vn/uploads/2026-09/1788619444210_713c2b_fdfbd39c-aa59-4b23-a3ac-5f2ddfb5b1b8_e26.jpg
2026-09-05T14:44:05.242Z [e2656f57-f087-47d8-a7af-7abe0d61a953][fdfbd39c-aa59-4b23-a3ac-5f2ddfb5b1b8] Item 2: Uploaded → https://studio.xanhmedia.vn/uploads/2026-09/1788619444226_33b4e6_fdfbd39c-aa59-4b23-a3ac-5f2ddfb5b1b8_e26.jpg
2026-09-05T14:44:06.490Z [e2656f57-f087-47d8-a7af-7abe0d61a953][fdfbd39c-aa59-4b23-a3ac-5f2ddfb5b1b8] Item 4: Uploaded → https://studio.xanhmedia.vn/uploads/2026-09/1788619445475_741290_fdfbd39c-aa59-4b23-a3ac-5f2ddfb5b1b8_e26.jpg
2026-09-05T14:44:06.496Z [e2656f57-f087-47d8-a7af-7abe0d61a953][fdfbd39c-aa59-4b23-a3ac-5f2ddfb5b1b8] All done (including any 1080p upgrades). Closing Playwright browser context.
2026-09-05T14:44:07.395Z [1bd6aedb-491b-4228-ac1e-af54dcab3568][fdfbd39c-aa59-4b23-a3ac-5f2ddfb5b1b8] Exit IP: 125.212.158.158
2026-09-05T14:44:07.395Z [1bd6aedb-491b-4228-ac1e-af54dcab3568][fdfbd39c-aa59-4b23-a3ac-5f2ddfb5b1b8] Navigating browser to Google Flow tools page...
2026-09-05T14:44:07.396Z [1bd6aedb-491b-4228-ac1e-af54dcab3568][fdfbd39c-aa59-4b23-a3ac-5f2ddfb5b1b8] Using existing project URL: https://flow.google.com/project/390215dc-290f-4b92-a7f0-dd2b6651acfb?hl=en
2026-09-05T14:44:08.629Z [1bd6aedb-491b-4228-ac1e-af54dcab3568][fdfbd39c-aa59-4b23-a3ac-5f2ddfb5b1b8] Waiting for Google Flow...
2026-09-05T14:44:10.506Z [1bd6aedb-491b-4228-ac1e-af54dcab3568][fdfbd39c-aa59-4b23-a3ac-5f2ddfb5b1b8] In existing project ✓
2026-09-05T14:44:11.578Z [1bd6aedb-491b-4228-ac1e-af54dcab3568][fdfbd39c-aa59-4b23-a3ac-5f2ddfb5b1b8] dismissPopups: unresolved overlay(s) ["IFRAME[presentation]|btns="]
2026-09-05T14:44:14.952Z [1bd6aedb-491b-4228-ac1e-af54dcab3568][fdfbd39c-aa59-4b23-a3ac-5f2ddfb5b1b8] Composer ready ✓ (UI language: en)
2026-09-05T14:44:14.986Z [1bd6aedb-491b-4228-ac1e-af54dcab3568][fdfbd39c-aa59-4b23-a3ac-5f2ddfb5b1b8] dismissPopups: clicked "Dismiss credit banner" (overlay)
2026-09-05T14:44:15.526Z [1bd6aedb-491b-4228-ac1e-af54dcab3568][fdfbd39c-aa59-4b23-a3ac-5f2ddfb5b1b8] dismissPopups: unresolved overlay(s) ["DIV[]|btns=","DIV[]|btns="]
2026-09-05T14:44:15.561Z [1bd6aedb-491b-4228-ac1e-af54dcab3568][fdfbd39c-aa59-4b23-a3ac-5f2ddfb5b1b8] Agent toggle aria-pressed=false
2026-09-05T14:44:15.562Z [1bd6aedb-491b-4228-ac1e-af54dcab3568][fdfbd39c-aa59-4b23-a3ac-5f2ddfb5b1b8] Opening settings...
2026-09-05T14:44:17.301Z [1bd6aedb-491b-4228-ac1e-af54dcab3568][fdfbd39c-aa59-4b23-a3ac-5f2ddfb5b1b8] Configuring image settings...
2026-09-05T14:44:19.120Z [1bd6aedb-491b-4228-ac1e-af54dcab3568][fdfbd39c-aa59-4b23-a3ac-5f2ddfb5b1b8] Mode: selected "image Image" ✓
2026-09-05T14:44:23.432Z [1bd6aedb-491b-4228-ac1e-af54dcab3568][fdfbd39c-aa59-4b23-a3ac-5f2ddfb5b1b8] Model: selected "🍌 Nano Banana 2" ✓
2026-09-05T14:44:24.028Z [1bd6aedb-491b-4228-ac1e-af54dcab3568][fdfbd39c-aa59-4b23-a3ac-5f2ddfb5b1b8] Aspect ratio: "crop_16_9 16:9" already selected ✓
2026-09-05T14:44:25.343Z [1bd6aedb-491b-4228-ac1e-af54dcab3568][fdfbd39c-aa59-4b23-a3ac-5f2ddfb5b1b8] Output count: selected "x4" ✓
2026-09-05T14:44:26.252Z [1bd6aedb-491b-4228-ac1e-af54dcab3568][fdfbd39c-aa59-4b23-a3ac-5f2ddfb5b1b8] Ref image 1/8: downloading from URL...
2026-09-05T14:44:26.569Z [1bd6aedb-491b-4228-ac1e-af54dcab3568][fdfbd39c-aa59-4b23-a3ac-5f2ddfb5b1b8] Downloader: no-proxy request context ready.
2026-09-05T14:44:27.297Z [1bd6aedb-491b-4228-ac1e-af54dcab3568][fdfbd39c-aa59-4b23-a3ac-5f2ddfb5b1b8] Ref image 1/8: saved 566164 bytes (image/jpeg) as "Arlo Vale Color Pool War Swim.jpeg"
2026-09-05T14:44:27.304Z [1bd6aedb-491b-4228-ac1e-af54dcab3568][fdfbd39c-aa59-4b23-a3ac-5f2ddfb5b1b8] Ref image 1/8: attaching reference image...
2026-09-05T14:44:29.398Z [1bd6aedb-491b-4228-ac1e-af54dcab3568][fdfbd39c-aa59-4b23-a3ac-5f2ddfb5b1b8] Ref image 1/8: reusing library asset "Arlo Vale Color Pool War Swim.jpeg" (no re-upload).
2026-09-05T14:44:32.583Z [1bd6aedb-491b-4228-ac1e-af54dcab3568][fdfbd39c-aa59-4b23-a3ac-5f2ddfb5b1b8] Ref image 1/8: chips 0→1 ✓
2026-09-05T14:44:33.638Z [1bd6aedb-491b-4228-ac1e-af54dcab3568][fdfbd39c-aa59-4b23-a3ac-5f2ddfb5b1b8] Ref image 2/8: downloading from URL...
2026-09-05T14:44:34.037Z [1bd6aedb-491b-4228-ac1e-af54dcab3568][fdfbd39c-aa59-4b23-a3ac-5f2ddfb5b1b8] Ref image 2/8: saved 648250 bytes (image/jpeg) as "Nessa Vale Color Pool War Swim.jpeg"
2026-09-05T14:44:34.050Z [1bd6aedb-491b-4228-ac1e-af54dcab3568][fdfbd39c-aa59-4b23-a3ac-5f2ddfb5b1b8] Ref image 2/8: attaching reference image...
2026-09-05T14:44:36.221Z [1bd6aedb-491b-4228-ac1e-af54dcab3568][fdfbd39c-aa59-4b23-a3ac-5f2ddfb5b1b8] Ref image 2/8: reusing library asset "Nessa Vale Color Pool War Swim.jpeg" (no re-upload).
2026-09-05T14:44:40.066Z [1bd6aedb-491b-4228-ac1e-af54dcab3568][fdfbd39c-aa59-4b23-a3ac-5f2ddfb5b1b8] Ref image 2/8: chips 1→2 ✓
2026-09-05T14:44:41.808Z [1bd6aedb-491b-4228-ac1e-af54dcab3568][fdfbd39c-aa59-4b23-a3ac-5f2ddfb5b1b8] Ref image 3/8: downloading from URL...
2026-09-05T14:44:42.151Z [1bd6aedb-491b-4228-ac1e-af54dcab3568][fdfbd39c-aa59-4b23-a3ac-5f2ddfb5b1b8] Ref image 3/8: saved 585044 bytes (image/jpeg) as "Arlo Family Inflatable Pool Progress Set.jpeg"
2026-09-05T14:44:42.158Z [1bd6aedb-491b-4228-ac1e-af54dcab3568][fdfbd39c-aa59-4b23-a3ac-5f2ddfb5b1b8] Ref image 3/8: attaching reference image...
2026-09-05T14:44:44.097Z [1bd6aedb-491b-4228-ac1e-af54dcab3568][fdfbd39c-aa59-4b23-a3ac-5f2ddfb5b1b8] Ref image 3/8: reusing library asset "Arlo Family Inflatable Pool Progress Set.jpeg" (no re-upload).
2026-09-05T14:44:47.356Z [1bd6aedb-491b-4228-ac1e-af54dcab3568][fdfbd39c-aa59-4b23-a3ac-5f2ddfb5b1b8] Ref image 3/8: chips 2→3 ✓
2026-09-05T14:44:48.466Z [1bd6aedb-491b-4228-ac1e-af54dcab3568][fdfbd39c-aa59-4b23-a3ac-5f2ddfb5b1b8] Ref image 4/8: downloading from URL...
2026-09-05T14:44:48.815Z [1bd6aedb-491b-4228-ac1e-af54dcab3568][fdfbd39c-aa59-4b23-a3ac-5f2ddfb5b1b8] Ref image 4/8: saved 673531 bytes (image/jpeg) as "Color Pool Water State Set.jpeg"
2026-09-05T14:44:48.821Z [1bd6aedb-491b-4228-ac1e-af54dcab3568][fdfbd39c-aa59-4b23-a3ac-5f2ddfb5b1b8] Ref image 4/8: attaching reference image...
2026-09-05T14:44:50.989Z [1bd6aedb-491b-4228-ac1e-af54dcab3568][fdfbd39c-aa59-4b23-a3ac-5f2ddfb5b1b8] Ref image 4/8: reusing library asset "Color Pool Water State Set.jpeg" (no re-upload).
2026-09-05T14:44:54.758Z [1bd6aedb-491b-4228-ac1e-af54dcab3568][fdfbd39c-aa59-4b23-a3ac-5f2ddfb5b1b8] Ref image 4/8: chips 3→4 ✓
2026-09-05T14:44:56.586Z [1bd6aedb-491b-4228-ac1e-af54dcab3568][fdfbd39c-aa59-4b23-a3ac-5f2ddfb5b1b8] Ref image 5/8: downloading from URL...
2026-09-05T14:44:56.970Z [1bd6aedb-491b-4228-ac1e-af54dcab3568][fdfbd39c-aa59-4b23-a3ac-5f2ddfb5b1b8] Ref image 5/8: saved 525462 bytes (image/jpeg) as "Red White Pool Divider Rope.jpeg"
2026-09-05T14:44:56.975Z [1bd6aedb-491b-4228-ac1e-af54dcab3568][fdfbd39c-aa59-4b23-a3ac-5f2ddfb5b1b8] Ref image 5/8: attaching reference image...
2026-09-05T14:44:58.814Z [1bd6aedb-491b-4228-ac1e-af54dcab3568][fdfbd39c-aa59-4b23-a3ac-5f2ddfb5b1b8] Ref image 5/8: "Red White Pool Divider Rope.jpeg" not in the library yet — uploading it first.
2026-09-05T14:45:02.851Z [1bd6aedb-491b-4228-ac1e-af54dcab3568][fdfbd39c-aa59-4b23-a3ac-5f2ddfb5b1b8] Ref image 5/8: uploading "Red White Pool Divider Rope.jpeg" to the project library...
2026-09-05T14:45:04.101Z [1bd6aedb-491b-4228-ac1e-af54dcab3568][fdfbd39c-aa59-4b23-a3ac-5f2ddfb5b1b8] Ref image 5/8: upload finished ✓
2026-09-05T14:45:14.944Z [1bd6aedb-491b-4228-ac1e-af54dcab3568][fdfbd39c-aa59-4b23-a3ac-5f2ddfb5b1b8] Ref image 5/8: chips 4→5 ✓
2026-09-05T14:45:16.412Z [1bd6aedb-491b-4228-ac1e-af54dcab3568][fdfbd39c-aa59-4b23-a3ac-5f2ddfb5b1b8] Ref image 6/8: downloading from URL...
2026-09-05T14:45:16.754Z [1bd6aedb-491b-4228-ac1e-af54dcab3568][fdfbd39c-aa59-4b23-a3ac-5f2ddfb5b1b8] Ref image 6/8: saved 417477 bytes (image/jpeg) as "Yellow Duck Pool Float.jpeg"
2026-09-05T14:45:16.765Z [1bd6aedb-491b-4228-ac1e-af54dcab3568][fdfbd39c-aa59-4b23-a3ac-5f2ddfb5b1b8] Ref image 6/8: attaching reference image...
2026-09-05T14:45:19.142Z [1bd6aedb-491b-4228-ac1e-af54dcab3568][fdfbd39c-aa59-4b23-a3ac-5f2ddfb5b1b8] Ref image 6/8: "Yellow Duck Pool Float.jpeg" not in the library yet — uploading it first.
2026-09-05T14:45:23.068Z [1bd6aedb-491b-4228-ac1e-af54dcab3568][fdfbd39c-aa59-4b23-a3ac-5f2ddfb5b1b8] Ref image 6/8: uploading "Yellow Duck Pool Float.jpeg" to the project library...
2026-09-05T14:45:24.301Z [1bd6aedb-491b-4228-ac1e-af54dcab3568][fdfbd39c-aa59-4b23-a3ac-5f2ddfb5b1b8] Ref image 6/8: upload finished ✓
2026-09-05T14:45:38.086Z [1bd6aedb-491b-4228-ac1e-af54dcab3568][fdfbd39c-aa59-4b23-a3ac-5f2ddfb5b1b8] click(Add to prompt) failed: locator.click: Timeout 8000ms exceeded. — retrying with force
2026-09-05T14:45:54.114Z [1bd6aedb-491b-4228-ac1e-af54dcab3568][fdfbd39c-aa59-4b23-a3ac-5f2ddfb5b1b8] Ref image 6/8: chips 5→5 ✗ (Add to prompt did not register)
2026-09-05T14:45:56.368Z [1bd6aedb-491b-4228-ac1e-af54dcab3568][fdfbd39c-aa59-4b23-a3ac-5f2ddfb5b1b8] Ref image 7/8: downloading from URL...
2026-09-05T14:45:56.725Z [1bd6aedb-491b-4228-ac1e-af54dcab3568][fdfbd39c-aa59-4b23-a3ac-5f2ddfb5b1b8] Ref image 7/8: saved 329162 bytes (image/jpeg) as "Pink Flamingo Pool Float.jpeg"
2026-09-05T14:45:56.731Z [1bd6aedb-491b-4228-ac1e-af54dcab3568][fdfbd39c-aa59-4b23-a3ac-5f2ddfb5b1b8] Ref image 7/8: attaching reference image...
2026-09-05T14:45:59.369Z [1bd6aedb-491b-4228-ac1e-af54dcab3568][fdfbd39c-aa59-4b23-a3ac-5f2ddfb5b1b8] Ref image 7/8: "Pink Flamingo Pool Float.jpeg" not in the library yet — uploading it first.
2026-09-05T14:46:03.203Z [1bd6aedb-491b-4228-ac1e-af54dcab3568][fdfbd39c-aa59-4b23-a3ac-5f2ddfb5b1b8] Ref image 7/8: uploading "Pink Flamingo Pool Float.jpeg" to the project library...
2026-09-05T14:46:04.201Z [1bd6aedb-491b-4228-ac1e-af54dcab3568][fdfbd39c-aa59-4b23-a3ac-5f2ddfb5b1b8] Ref image 7/8: upload finished ✓
2026-09-05T14:46:14.067Z [1bd6aedb-491b-4228-ac1e-af54dcab3568][fdfbd39c-aa59-4b23-a3ac-5f2ddfb5b1b8] Ref image 7/8: chips 5→6 ✓
2026-09-05T14:46:15.254Z [1bd6aedb-491b-4228-ac1e-af54dcab3568][fdfbd39c-aa59-4b23-a3ac-5f2ddfb5b1b8] Ref image 8/8: downloading from URL...
2026-09-05T14:46:15.618Z [1bd6aedb-491b-4228-ac1e-af54dcab3568][fdfbd39c-aa59-4b23-a3ac-5f2ddfb5b1b8] Ref image 8/8: saved 487812 bytes (image/jpeg) as "Eight Blue Pink Pool Balls Set.jpeg"
2026-09-05T14:46:15.634Z [1bd6aedb-491b-4228-ac1e-af54dcab3568][fdfbd39c-aa59-4b23-a3ac-5f2ddfb5b1b8] Ref image 8/8: attaching reference image...
2026-09-05T14:46:17.983Z [1bd6aedb-491b-4228-ac1e-af54dcab3568][fdfbd39c-aa59-4b23-a3ac-5f2ddfb5b1b8] Ref image 8/8: "Eight Blue Pink Pool Balls Set.jpeg" not in the library yet — uploading it first.
2026-09-05T14:46:22.509Z [1bd6aedb-491b-4228-ac1e-af54dcab3568][fdfbd39c-aa59-4b23-a3ac-5f2ddfb5b1b8] Ref image 8/8: uploading "Eight Blue Pink Pool Balls Set.jpeg" to the project library...
2026-09-05T14:46:23.672Z [1bd6aedb-491b-4228-ac1e-af54dcab3568][fdfbd39c-aa59-4b23-a3ac-5f2ddfb5b1b8] Ref image 8/8: upload finished ✓
2026-09-05T14:46:32.885Z [1bd6aedb-491b-4228-ac1e-af54dcab3568][fdfbd39c-aa59-4b23-a3ac-5f2ddfb5b1b8] Ref image 8/8: chips 6→7 ✓
2026-09-05T14:46:32.921Z [1bd6aedb-491b-4228-ac1e-af54dcab3568][fdfbd39c-aa59-4b23-a3ac-5f2ddfb5b1b8] [WARN] Only 7/8 reference image(s) attached.
2026-09-05T14:46:32.925Z [1bd6aedb-491b-4228-ac1e-af54dcab3568][fdfbd39c-aa59-4b23-a3ac-5f2ddfb5b1b8] Entering prompt...
2026-09-05T14:46:34.875Z [1bd6aedb-491b-4228-ac1e-af54dcab3568][fdfbd39c-aa59-4b23-a3ac-5f2ddfb5b1b8] Prompt is 2292 chars — typing it in 25 chunk(s).
2026-09-05T14:46:46.345Z [1bd6aedb-491b-4228-ac1e-af54dcab3568][fdfbd39c-aa59-4b23-a3ac-5f2ddfb5b1b8] Prompt insert attempt 1: editor has 2129 chars (want ~2286) ✓
2026-09-05T14:46:47.883Z [1bd6aedb-491b-4228-ac1e-af54dcab3568][fdfbd39c-aa59-4b23-a3ac-5f2ddfb5b1b8] Baseline: 27 pre-existing media tile(s) of 27 mounted (kinds: image,image,image,image,image,image,image,image,image,image,image,image,image,image,image,image,image,image,image,image,image,image,image,image,image,image,image).
2026-09-05T14:46:50.093Z [1bd6aedb-491b-4228-ac1e-af54dcab3568][fdfbd39c-aa59-4b23-a3ac-5f2ddfb5b1b8] [submit] confirmed (editor "What do you want to ", fresh tile=true).
2026-09-05T14:46:50.815Z [1bd6aedb-491b-4228-ac1e-af54dcab3568][fdfbd39c-aa59-4b23-a3ac-5f2ddfb5b1b8] Current Workspace project URL: https://flow.google.com/project/390215dc-290f-4b92-a7f0-dd2b6651acfb?hl=en
2026-09-05T14:46:50.816Z [1bd6aedb-491b-4228-ac1e-af54dcab3568][fdfbd39c-aa59-4b23-a3ac-5f2ddfb5b1b8] Submitted ✓ Detecting batch size...
2026-09-05T14:46:50.848Z [1bd6aedb-491b-4228-ac1e-af54dcab3568][fdfbd39c-aa59-4b23-a3ac-5f2ddfb5b1b8] New tile(s) since submit: 0 → 4 (mounted=27)
2026-09-05T14:46:55.131Z [1bd6aedb-491b-4228-ac1e-af54dcab3568][fdfbd39c-aa59-4b23-a3ac-5f2ddfb5b1b8] Batch size stabilised at 4 new tile(s)
2026-09-05T14:46:55.132Z [1bd6aedb-491b-4228-ac1e-af54dcab3568][fdfbd39c-aa59-4b23-a3ac-5f2ddfb5b1b8] Batch detected: 4 item(s). Generating...
2026-09-05T14:46:55.134Z [1bd6aedb-491b-4228-ac1e-af54dcab3568][fdfbd39c-aa59-4b23-a3ac-5f2ddfb5b1b8] Polling for 4 image item(s) (baseline=27, hasUpload=true)...
2026-09-05T14:46:55.155Z [1bd6aedb-491b-4228-ac1e-af54dcab3568][fdfbd39c-aa59-4b23-a3ac-5f2ddfb5b1b8] Generating... 0 ready, 0 failed / 4 total (0s) image 34% [NHÂN VẬT] image 34% [NHÂN VẬT] image 34% [NHÂN VẬT] image 34% [NHÂN VẬT]
2026-09-05T14:46:58.184Z [1bd6aedb-491b-4228-ac1e-af54dcab3568][fdfbd39c-aa59-4b23-a3ac-5f2ddfb5b1b8] Generating... 0 ready, 0 failed / 4 total (3s) image 54% [NHÂN VẬT] image 54% [NHÂN VẬT] image 54% [NHÂN VẬT] image 54% [NHÂN VẬT]
2026-09-05T14:47:01.214Z [1bd6aedb-491b-4228-ac1e-af54dcab3568][fdfbd39c-aa59-4b23-a3ac-5f2ddfb5b1b8] Generating... 0 ready, 0 failed / 4 total (6s) image 74% [NHÂN VẬT] image 74% [NHÂN VẬT] image 74% [NHÂN VẬT] image 74% [NHÂN VẬT]
2026-09-05T14:47:04.246Z [1bd6aedb-491b-4228-ac1e-af54dcab3568][fdfbd39c-aa59-4b23-a3ac-5f2ddfb5b1b8] Generating... 0 ready, 0 failed / 4 total (9s) image 95% [NHÂN VẬT] image 95% [NHÂN VẬT] image 95% [NHÂN VẬT] image 95% [NHÂN VẬT]
2026-09-05T14:47:07.266Z [1bd6aedb-491b-4228-ac1e-af54dcab3568][fdfbd39c-aa59-4b23-a3ac-5f2ddfb5b1b8] Generating... 0 ready, 0 failed / 4 total (12s) image 99% [NHÂN VẬT] image 99% [NHÂN VẬT] image 99% [NHÂN VẬT] image 99% [NHÂN VẬT]
2026-09-05T14:47:10.292Z [1bd6aedb-491b-4228-ac1e-af54dcab3568][fdfbd39c-aa59-4b23-a3ac-5f2ddfb5b1b8] Generating... 0 ready, 0 failed / 4 total (15s) image 99% [NHÂN VẬT] image 99% [NHÂN VẬT] image 99% [NHÂN VẬT] image 99% [NHÂN VẬT]
2026-09-05T14:47:13.318Z [1bd6aedb-491b-4228-ac1e-af54dcab3568][fdfbd39c-aa59-4b23-a3ac-5f2ddfb5b1b8] Generating... 0 ready, 0 failed / 4 total (18s) image 99% [NHÂN VẬT] image 99% [NHÂN VẬT] image 99% [NHÂN VẬT] image 99% [NHÂN VẬT]
2026-09-05T14:47:16.341Z [1bd6aedb-491b-4228-ac1e-af54dcab3568][fdfbd39c-aa59-4b23-a3ac-5f2ddfb5b1b8] Generating... 0 ready, 0 failed / 4 total (21s) image 99% [NHÂN VẬT] image 99% [NHÂN VẬT] image 99% [NHÂN VẬT] image 99% [NHÂN VẬT]
2026-09-05T14:47:19.373Z [1bd6aedb-491b-4228-ac1e-af54dcab3568][fdfbd39c-aa59-4b23-a3ac-5f2ddfb5b1b8] Generating... 0 ready, 0 failed / 4 total (24s) image 99% [NHÂN VẬT] image 99% [NHÂN VẬT] image 99% [NHÂN VẬT] image 99% [NHÂN VẬT]
2026-09-05T14:47:22.398Z [1bd6aedb-491b-4228-ac1e-af54dcab3568][fdfbd39c-aa59-4b23-a3ac-5f2ddfb5b1b8] Generating... 0 ready, 0 failed / 4 total (27s) image 99% [NHÂN VẬT] image 99% [NHÂN VẬT] image 99% [NHÂN VẬT] image 99% [NHÂN VẬT]
2026-09-05T14:47:25.421Z [1bd6aedb-491b-4228-ac1e-af54dcab3568][fdfbd39c-aa59-4b23-a3ac-5f2ddfb5b1b8] Generating... 0 ready, 0 failed / 4 total (30s) image 99% [NHÂN VẬT] image 99% [NHÂN VẬT] image 99% [NHÂN VẬT] image 99% [NHÂN VẬT]
2026-09-05T14:47:28.440Z [1bd6aedb-491b-4228-ac1e-af54dcab3568][fdfbd39c-aa59-4b23-a3ac-5f2ddfb5b1b8] Generating... 0 ready, 0 failed / 4 total (33s) image 99% [NHÂN VẬT] image 99% [NHÂN VẬT] image 99% [NHÂN VẬT] image 99% [NHÂN VẬT]
2026-09-05T14:47:31.465Z [1bd6aedb-491b-4228-ac1e-af54dcab3568][fdfbd39c-aa59-4b23-a3ac-5f2ddfb5b1b8] Generating... 0 ready, 0 failed / 4 total (36s) image 99% [NHÂN VẬT] image 99% [NHÂN VẬT] image 99% [NHÂN VẬT] image 99% [NHÂN VẬT]
2026-09-05T14:47:34.488Z [1bd6aedb-491b-4228-ac1e-af54dcab3568][fdfbd39c-aa59-4b23-a3ac-5f2ddfb5b1b8] Generating... 0 ready, 0 failed / 4 total (39s) image 99% [NHÂN VẬT] image 99% [NHÂN VẬT] image 100% [NHÂN VẬT [NHÂN VẬT]Arlo, Ness
2026-09-05T14:47:37.508Z [1bd6aedb-491b-4228-ac1e-af54dcab3568][fdfbd39c-aa59-4b23-a3ac-5f2ddfb5b1b8] Generating... 2 ready, 0 failed / 4 total (42s) [NHÂN VẬT]Arlo, Ness image 99% [NHÂN VẬT]
2026-09-05T14:47:40.536Z [1bd6aedb-491b-4228-ac1e-af54dcab3568][fdfbd39c-aa59-4b23-a3ac-5f2ddfb5b1b8] Generating... 3 ready, 0 failed / 4 total (45s) image 99% [NHÂN VẬT]
2026-09-05T14:47:43.563Z [1bd6aedb-491b-4228-ac1e-af54dcab3568][fdfbd39c-aa59-4b23-a3ac-5f2ddfb5b1b8] Generating... 3 ready, 0 failed / 4 total (48s) [NHÂN VẬT]Arlo, Ness
2026-09-05T14:47:46.582Z [1bd6aedb-491b-4228-ac1e-af54dcab3568][fdfbd39c-aa59-4b23-a3ac-5f2ddfb5b1b8] Generating... 4 ready, 0 failed / 4 total (51s)
2026-09-05T14:47:46.583Z [1bd6aedb-491b-4228-ac1e-af54dcab3568][fdfbd39c-aa59-4b23-a3ac-5f2ddfb5b1b8] Batch done: 4 ready (target 4), 0 failed, scanned 4.
2026-09-05T14:47:46.584Z [1bd6aedb-491b-4228-ac1e-af54dcab3568][fdfbd39c-aa59-4b23-a3ac-5f2ddfb5b1b8] 4 item(s) ready! Downloading...
2026-09-05T14:47:46.587Z [1bd6aedb-491b-4228-ac1e-af54dcab3568][fdfbd39c-aa59-4b23-a3ac-5f2ddfb5b1b8] Item 1: Downloading from URL https://flow-content.google/image/2fe2e4e0-8888-4d34-a026-37c9a9bcd21b?Expires=1788641212&KeyName=labs-flow-prod-cdn-key&Signature=CTKrQdGI37iq0ErEFqocBsIpv1w
2026-09-05T14:47:46.919Z [1bd6aedb-491b-4228-ac1e-af54dcab3568][fdfbd39c-aa59-4b23-a3ac-5f2ddfb5b1b8] Downloaded 1/4: winai_2026-09-05T14-47-46_01.jpg
2026-09-05T14:47:46.922Z [1bd6aedb-491b-4228-ac1e-af54dcab3568][fdfbd39c-aa59-4b23-a3ac-5f2ddfb5b1b8] Item 2: Downloading from URL https://flow-content.google/image/6a482226-3c0c-48b2-b486-839488a53674?Expires=1788641210&KeyName=labs-flow-prod-cdn-key&Signature=sul4Lf3bK5uAD5XTh_aVFKmQsWE
2026-09-05T14:47:47.041Z [1bd6aedb-491b-4228-ac1e-af54dcab3568][fdfbd39c-aa59-4b23-a3ac-5f2ddfb5b1b8] Downloaded 2/4: winai_2026-09-05T14-47-46_02.jpg
2026-09-05T14:47:47.042Z [1bd6aedb-491b-4228-ac1e-af54dcab3568][fdfbd39c-aa59-4b23-a3ac-5f2ddfb5b1b8] Item 3: Downloading from URL https://flow-content.google/image/b65a0007-beb0-4715-beb3-18ea749354d6?Expires=1788641209&KeyName=labs-flow-prod-cdn-key&Signature=kicv_kfads53jaIXyeopm1Oy_rk
2026-09-05T14:47:47.164Z [1bd6aedb-491b-4228-ac1e-af54dcab3568][fdfbd39c-aa59-4b23-a3ac-5f2ddfb5b1b8] Downloaded 3/4: winai_2026-09-05T14-47-46_03.jpg
2026-09-05T14:47:47.165Z [1bd6aedb-491b-4228-ac1e-af54dcab3568][fdfbd39c-aa59-4b23-a3ac-5f2ddfb5b1b8] Item 4: Downloading from URL https://flow-content.google/image/91266ba9-0c53-40f6-b8e7-ee47b78cb1e2?Expires=1788641208&KeyName=labs-flow-prod-cdn-key&Signature=oGu4LPROjqowuWkZEHIxweY4B2A
2026-09-05T14:47:47.289Z [1bd6aedb-491b-4228-ac1e-af54dcab3568][fdfbd39c-aa59-4b23-a3ac-5f2ddfb5b1b8] Downloaded 4/4: winai_2026-09-05T14-47-46_04.jpg
2026-09-05T14:47:47.290Z [1bd6aedb-491b-4228-ac1e-af54dcab3568][fdfbd39c-aa59-4b23-a3ac-5f2ddfb5b1b8] ✅ 4 item(s) saved to Downloads/Win AI Toolkit/
2026-09-05T14:47:47.527Z [bb117a94-df80-4bd4-bb7f-6375b92c3560][fdfbd39c-aa59-4b23-a3ac-5f2ddfb5b1b8] runGeneration starting: task_id=bb117a94-df80-4bd4-bb7f-6375b92c3560, profile_id=fdfbd39c-aa59-4b23-a3ac-5f2ddfb5b1b8, target_site=google_flow
2026-09-05T14:47:47.527Z [bb117a94-df80-4bd4-bb7f-6375b92c3560][fdfbd39c-aa59-4b23-a3ac-5f2ddfb5b1b8] Opening Playwright browser with persistent profile cookies...
2026-09-05T14:47:47.528Z [bb117a94-df80-4bd4-bb7f-6375b92c3560][fdfbd39c-aa59-4b23-a3ac-5f2ddfb5b1b8] Browser engine: winhide (C:\Users\MienTrungComputer\AppData\Roaming\com.tank.winai\winhide\chrome.exe) [hidden off-screen]
2026-09-05T14:47:47.529Z [bb117a94-df80-4bd4-bb7f-6375b92c3560][fdfbd39c-aa59-4b23-a3ac-5f2ddfb5b1b8] Launch mode: STEALTH (raw spawn + connectOverCDP)
2026-09-05T14:47:47.937Z [1bd6aedb-491b-4228-ac1e-af54dcab3568][fdfbd39c-aa59-4b23-a3ac-5f2ddfb5b1b8] Item 1: Uploaded → https://studio.xanhmedia.vn/uploads/2026-09/1788619666925_23252e_fdfbd39c-aa59-4b23-a3ac-5f2ddfb5b1b8_1bd.jpg
2026-09-05T14:47:47.986Z [1bd6aedb-491b-4228-ac1e-af54dcab3568][fdfbd39c-aa59-4b23-a3ac-5f2ddfb5b1b8] Item 3: Uploaded → https://studio.xanhmedia.vn/uploads/2026-09/1788619666968_ba2bd3_fdfbd39c-aa59-4b23-a3ac-5f2ddfb5b1b8_1bd.jpg
2026-09-05T14:47:48.020Z [1bd6aedb-491b-4228-ac1e-af54dcab3568][fdfbd39c-aa59-4b23-a3ac-5f2ddfb5b1b8] Item 4: Uploaded → https://studio.xanhmedia.vn/uploads/2026-09/1788619666991_4dcf4e_fdfbd39c-aa59-4b23-a3ac-5f2ddfb5b1b8_1bd.jpg
2026-09-05T14:47:48.027Z [1bd6aedb-491b-4228-ac1e-af54dcab3568][fdfbd39c-aa59-4b23-a3ac-5f2ddfb5b1b8] Item 2: Uploaded → https://studio.xanhmedia.vn/uploads/2026-09/1788619666999_4ea330_fdfbd39c-aa59-4b23-a3ac-5f2ddfb5b1b8_1bd.jpg
2026-09-05T14:47:48.029Z [1bd6aedb-491b-4228-ac1e-af54dcab3568][fdfbd39c-aa59-4b23-a3ac-5f2ddfb5b1b8] All done (including any 1080p upgrades). Closing Playwright browser context.
2026-09-05T14:47:50.111Z [bb117a94-df80-4bd4-bb7f-6375b92c3560][fdfbd39c-aa59-4b23-a3ac-5f2ddfb5b1b8] Exit IP: 125.212.158.158
2026-09-05T14:47:50.111Z [bb117a94-df80-4bd4-bb7f-6375b92c3560][fdfbd39c-aa59-4b23-a3ac-5f2ddfb5b1b8] Navigating browser to Google Flow tools page...
2026-09-05T14:47:50.113Z [bb117a94-df80-4bd4-bb7f-6375b92c3560][fdfbd39c-aa59-4b23-a3ac-5f2ddfb5b1b8] Using existing project URL: https://flow.google.com/project/390215dc-290f-4b92-a7f0-dd2b6651acfb?hl=en
2026-09-05T14:47:51.234Z [bb117a94-df80-4bd4-bb7f-6375b92c3560][fdfbd39c-aa59-4b23-a3ac-5f2ddfb5b1b8] Waiting for Google Flow...
2026-09-05T14:47:52.834Z [bb117a94-df80-4bd4-bb7f-6375b92c3560][fdfbd39c-aa59-4b23-a3ac-5f2ddfb5b1b8] In existing project ✓
2026-09-05T14:47:53.763Z [bb117a94-df80-4bd4-bb7f-6375b92c3560][fdfbd39c-aa59-4b23-a3ac-5f2ddfb5b1b8] dismissPopups: unresolved overlay(s) ["IFRAME[presentation]|btns="]
2026-09-05T14:47:56.069Z [bb117a94-df80-4bd4-bb7f-6375b92c3560][fdfbd39c-aa59-4b23-a3ac-5f2ddfb5b1b8] Composer ready ✓ (UI language: en)
2026-09-05T14:47:56.082Z [bb117a94-df80-4bd4-bb7f-6375b92c3560][fdfbd39c-aa59-4b23-a3ac-5f2ddfb5b1b8] dismissPopups: clicked "Dismiss credit banner" (overlay)
2026-09-05T14:47:56.600Z [bb117a94-df80-4bd4-bb7f-6375b92c3560][fdfbd39c-aa59-4b23-a3ac-5f2ddfb5b1b8] dismissPopups: unresolved overlay(s) ["DIV[]|btns=","DIV[]|btns="]
2026-09-05T14:47:56.632Z [bb117a94-df80-4bd4-bb7f-6375b92c3560][fdfbd39c-aa59-4b23-a3ac-5f2ddfb5b1b8] Agent toggle aria-pressed=false
2026-09-05T14:47:56.633Z [bb117a94-df80-4bd4-bb7f-6375b92c3560][fdfbd39c-aa59-4b23-a3ac-5f2ddfb5b1b8] Opening settings...
2026-09-05T14:47:58.387Z [bb117a94-df80-4bd4-bb7f-6375b92c3560][fdfbd39c-aa59-4b23-a3ac-5f2ddfb5b1b8] Configuring image settings...
2026-09-05T14:48:00.400Z [bb117a94-df80-4bd4-bb7f-6375b92c3560][fdfbd39c-aa59-4b23-a3ac-5f2ddfb5b1b8] Mode: selected "image Image" ✓
2026-09-05T14:48:05.516Z [bb117a94-df80-4bd4-bb7f-6375b92c3560][fdfbd39c-aa59-4b23-a3ac-5f2ddfb5b1b8] Model: selected "🍌 Nano Banana 2" ✓
2026-09-05T14:48:06.432Z [bb117a94-df80-4bd4-bb7f-6375b92c3560][fdfbd39c-aa59-4b23-a3ac-5f2ddfb5b1b8] Aspect ratio: "crop_16_9 16:9" already selected ✓
2026-09-05T14:48:08.089Z [bb117a94-df80-4bd4-bb7f-6375b92c3560][fdfbd39c-aa59-4b23-a3ac-5f2ddfb5b1b8] Output count: selected "x4" ✓
2026-09-05T14:48:09.263Z [bb117a94-df80-4bd4-bb7f-6375b92c3560][fdfbd39c-aa59-4b23-a3ac-5f2ddfb5b1b8] Ref image 1/5: downloading from URL...
2026-09-05T14:48:09.569Z [bb117a94-df80-4bd4-bb7f-6375b92c3560][fdfbd39c-aa59-4b23-a3ac-5f2ddfb5b1b8] Downloader: no-proxy request context ready.
2026-09-05T14:48:10.102Z [bb117a94-df80-4bd4-bb7f-6375b92c3560][fdfbd39c-aa59-4b23-a3ac-5f2ddfb5b1b8] Ref image 1/5: saved 566164 bytes (image/jpeg) as "Arlo Vale Color Pool War Swim.jpeg"
2026-09-05T14:48:10.112Z [bb117a94-df80-4bd4-bb7f-6375b92c3560][fdfbd39c-aa59-4b23-a3ac-5f2ddfb5b1b8] Ref image 1/5: attaching reference image...
2026-09-05T14:48:12.451Z [bb117a94-df80-4bd4-bb7f-6375b92c3560][fdfbd39c-aa59-4b23-a3ac-5f2ddfb5b1b8] Ref image 1/5: reusing library asset "Arlo Vale Color Pool War Swim.jpeg" (no re-upload).
2026-09-05T14:48:15.638Z [bb117a94-df80-4bd4-bb7f-6375b92c3560][fdfbd39c-aa59-4b23-a3ac-5f2ddfb5b1b8] Ref image 1/5: chips 0→1 ✓
2026-09-05T14:48:16.763Z [bb117a94-df80-4bd4-bb7f-6375b92c3560][fdfbd39c-aa59-4b23-a3ac-5f2ddfb5b1b8] Ref image 2/5: downloading from URL...
2026-09-05T14:48:17.689Z [bb117a94-df80-4bd4-bb7f-6375b92c3560][fdfbd39c-aa59-4b23-a3ac-5f2ddfb5b1b8] Ref image 2/5: saved 648250 bytes (image/jpeg) as "Nessa Vale Color Pool War Swim.jpeg"
2026-09-05T14:48:17.696Z [bb117a94-df80-4bd4-bb7f-6375b92c3560][fdfbd39c-aa59-4b23-a3ac-5f2ddfb5b1b8] Ref image 2/5: attaching reference image...
2026-09-05T14:48:19.577Z [bb117a94-df80-4bd4-bb7f-6375b92c3560][fdfbd39c-aa59-4b23-a3ac-5f2ddfb5b1b8] Ref image 2/5: reusing library asset "Nessa Vale Color Pool War Swim.jpeg" (no re-upload).
2026-09-05T14:48:22.932Z [bb117a94-df80-4bd4-bb7f-6375b92c3560][fdfbd39c-aa59-4b23-a3ac-5f2ddfb5b1b8] Ref image 2/5: chips 1→2 ✓
2026-09-05T14:48:24.590Z [bb117a94-df80-4bd4-bb7f-6375b92c3560][fdfbd39c-aa59-4b23-a3ac-5f2ddfb5b1b8] Ref image 3/5: downloading from URL...
2026-09-05T14:48:24.963Z [bb117a94-df80-4bd4-bb7f-6375b92c3560][fdfbd39c-aa59-4b23-a3ac-5f2ddfb5b1b8] Ref image 3/5: saved 585044 bytes (image/jpeg) as "Arlo Family Inflatable Pool Progress Set.jpeg"
2026-09-05T14:48:24.968Z [bb117a94-df80-4bd4-bb7f-6375b92c3560][fdfbd39c-aa59-4b23-a3ac-5f2ddfb5b1b8] Ref image 3/5: attaching reference image...
2026-09-05T14:48:26.869Z [bb117a94-df80-4bd4-bb7f-6375b92c3560][fdfbd39c-aa59-4b23-a3ac-5f2ddfb5b1b8] Ref image 3/5: reusing library asset "Arlo Family Inflatable Pool Progress Set.jpeg" (no re-upload).
2026-09-05T14:48:30.058Z [bb117a94-df80-4bd4-bb7f-6375b92c3560][fdfbd39c-aa59-4b23-a3ac-5f2ddfb5b1b8] Ref image 3/5: chips 2→3 ✓
2026-09-05T14:48:31.760Z [bb117a94-df80-4bd4-bb7f-6375b92c3560][fdfbd39c-aa59-4b23-a3ac-5f2ddfb5b1b8] Ref image 4/5: downloading from URL...
2026-09-05T14:48:32.128Z [bb117a94-df80-4bd4-bb7f-6375b92c3560][fdfbd39c-aa59-4b23-a3ac-5f2ddfb5b1b8] Ref image 4/5: saved 673531 bytes (image/jpeg) as "Color Pool Water State Set.jpeg"
2026-09-05T14:48:32.137Z [bb117a94-df80-4bd4-bb7f-6375b92c3560][fdfbd39c-aa59-4b23-a3ac-5f2ddfb5b1b8] Ref image 4/5: attaching reference image...
2026-09-05T14:48:34.578Z [bb117a94-df80-4bd4-bb7f-6375b92c3560][fdfbd39c-aa59-4b23-a3ac-5f2ddfb5b1b8] Ref image 4/5: reusing library asset "Color Pool Water State Set.jpeg" (no re-upload).
2026-09-05T14:48:37.475Z [bb117a94-df80-4bd4-bb7f-6375b92c3560][fdfbd39c-aa59-4b23-a3ac-5f2ddfb5b1b8] Ref image 4/5: chips 3→4 ✓
2026-09-05T14:48:39.172Z [bb117a94-df80-4bd4-bb7f-6375b92c3560][fdfbd39c-aa59-4b23-a3ac-5f2ddfb5b1b8] Ref image 5/5: downloading from URL...
2026-09-05T14:48:39.523Z [bb117a94-df80-4bd4-bb7f-6375b92c3560][fdfbd39c-aa59-4b23-a3ac-5f2ddfb5b1b8] Ref image 5/5: saved 542888 bytes (image/jpeg) as "Colorful Pool Slide Blue Protective Mat Set.jpeg"
2026-09-05T14:48:39.530Z [bb117a94-df80-4bd4-bb7f-6375b92c3560][fdfbd39c-aa59-4b23-a3ac-5f2ddfb5b1b8] Ref image 5/5: attaching reference image...
2026-09-05T14:48:41.663Z [bb117a94-df80-4bd4-bb7f-6375b92c3560][fdfbd39c-aa59-4b23-a3ac-5f2ddfb5b1b8] Ref image 5/5: "Colorful Pool Slide Blue Protective Mat Set.jpeg" not in the library yet — uploading it first.
2026-09-05T14:48:45.897Z [bb117a94-df80-4bd4-bb7f-6375b92c3560][fdfbd39c-aa59-4b23-a3ac-5f2ddfb5b1b8] Ref image 5/5: uploading "Colorful Pool Slide Blue Protective Mat Set.jpeg" to the project library...
2026-09-05T14:48:46.732Z [bb117a94-df80-4bd4-bb7f-6375b92c3560][fdfbd39c-aa59-4b23-a3ac-5f2ddfb5b1b8] Ref image 5/5: upload finished ✓
2026-09-05T14:48:56.985Z [bb117a94-df80-4bd4-bb7f-6375b92c3560][fdfbd39c-aa59-4b23-a3ac-5f2ddfb5b1b8] Ref image 5/5: chips 4→5 ✓
2026-09-05T14:48:57.012Z [bb117a94-df80-4bd4-bb7f-6375b92c3560][fdfbd39c-aa59-4b23-a3ac-5f2ddfb5b1b8] Entering prompt...
2026-09-05T14:48:58.858Z [bb117a94-df80-4bd4-bb7f-6375b92c3560][fdfbd39c-aa59-4b23-a3ac-5f2ddfb5b1b8] Prompt is 2278 chars — typing it in 23 chunk(s).
2026-09-05T14:49:08.768Z [bb117a94-df80-4bd4-bb7f-6375b92c3560][fdfbd39c-aa59-4b23-a3ac-5f2ddfb5b1b8] Prompt insert attempt 1: editor has 2115 chars (want ~2272) ✓
2026-09-05T14:49:10.980Z [bb117a94-df80-4bd4-bb7f-6375b92c3560][fdfbd39c-aa59-4b23-a3ac-5f2ddfb5b1b8] Baseline: 27 pre-existing media tile(s) of 27 mounted (kinds: image,image,image,image,image,image,image,image,image,image,image,image,image,image,image,image,image,image,image,image,image,image,image,image,image,image,image).
2026-09-05T14:49:13.016Z [bb117a94-df80-4bd4-bb7f-6375b92c3560][fdfbd39c-aa59-4b23-a3ac-5f2ddfb5b1b8] [submit] confirmed (editor "What do you want to ", fresh tile=true).
2026-09-05T14:49:13.479Z [bb117a94-df80-4bd4-bb7f-6375b92c3560][fdfbd39c-aa59-4b23-a3ac-5f2ddfb5b1b8] Current Workspace project URL: https://flow.google.com/project/390215dc-290f-4b92-a7f0-dd2b6651acfb?hl=en
2026-09-05T14:49:13.480Z [bb117a94-df80-4bd4-bb7f-6375b92c3560][fdfbd39c-aa59-4b23-a3ac-5f2ddfb5b1b8] Submitted ✓ Detecting batch size...
2026-09-05T14:49:13.522Z [bb117a94-df80-4bd4-bb7f-6375b92c3560][fdfbd39c-aa59-4b23-a3ac-5f2ddfb5b1b8] New tile(s) since submit: 0 → 4 (mounted=27)
2026-09-05T14:49:17.718Z [bb117a94-df80-4bd4-bb7f-6375b92c3560][fdfbd39c-aa59-4b23-a3ac-5f2ddfb5b1b8] Batch size stabilised at 4 new tile(s)
2026-09-05T14:49:17.719Z [bb117a94-df80-4bd4-bb7f-6375b92c3560][fdfbd39c-aa59-4b23-a3ac-5f2ddfb5b1b8] Batch detected: 4 item(s). Generating...
2026-09-05T14:49:17.720Z [bb117a94-df80-4bd4-bb7f-6375b92c3560][fdfbd39c-aa59-4b23-a3ac-5f2ddfb5b1b8] Polling for 4 image item(s) (baseline=27, hasUpload=true)...
2026-09-05T14:49:17.749Z [bb117a94-df80-4bd4-bb7f-6375b92c3560][fdfbd39c-aa59-4b23-a3ac-5f2ddfb5b1b8] Generating... 0 ready, 0 failed / 4 total (0s) image 34% [NHÂN VẬT] image 34% [NHÂN VẬT] image 34% [NHÂN VẬT] image 34% [NHÂN VẬT]
2026-09-05T14:49:20.776Z [bb117a94-df80-4bd4-bb7f-6375b92c3560][fdfbd39c-aa59-4b23-a3ac-5f2ddfb5b1b8] Generating... 0 ready, 0 failed / 4 total (3s) image 54% [NHÂN VẬT] image 55% [NHÂN VẬT] image 55% [NHÂN VẬT] image 55% [NHÂN VẬT]
2026-09-05T14:49:23.799Z [bb117a94-df80-4bd4-bb7f-6375b92c3560][fdfbd39c-aa59-4b23-a3ac-5f2ddfb5b1b8] Generating... 0 ready, 0 failed / 4 total (6s) image 75% [NHÂN VẬT] image 75% [NHÂN VẬT] image 75% [NHÂN VẬT] image 75% [NHÂN VẬT]
2026-09-05T14:49:26.840Z [bb117a94-df80-4bd4-bb7f-6375b92c3560][fdfbd39c-aa59-4b23-a3ac-5f2ddfb5b1b8] Generating... 0 ready, 0 failed / 4 total (9s) image 95% [NHÂN VẬT] image 95% [NHÂN VẬT] image 95% [NHÂN VẬT] image 95% [NHÂN VẬT]
2026-09-05T14:49:29.869Z [bb117a94-df80-4bd4-bb7f-6375b92c3560][fdfbd39c-aa59-4b23-a3ac-5f2ddfb5b1b8] Generating... 0 ready, 0 failed / 4 total (12s) image 99% [NHÂN VẬT] image 99% [NHÂN VẬT] image 99% [NHÂN VẬT] image 99% [NHÂN VẬT]
2026-09-05T14:49:32.894Z [bb117a94-df80-4bd4-bb7f-6375b92c3560][fdfbd39c-aa59-4b23-a3ac-5f2ddfb5b1b8] Generating... 0 ready, 0 failed / 4 total (15s) image 99% [NHÂN VẬT] image 99% [NHÂN VẬT] image 99% [NHÂN VẬT] image 99% [NHÂN VẬT]
2026-09-05T14:49:35.934Z [bb117a94-df80-4bd4-bb7f-6375b92c3560][fdfbd39c-aa59-4b23-a3ac-5f2ddfb5b1b8] Generating... 0 ready, 0 failed / 4 total (18s) image 99% [NHÂN VẬT] image 99% [NHÂN VẬT] image 99% [NHÂN VẬT] image 99% [NHÂN VẬT]
2026-09-05T14:49:38.944Z [bb117a94-df80-4bd4-bb7f-6375b92c3560][fdfbd39c-aa59-4b23-a3ac-5f2ddfb5b1b8] Generating... 0 ready, 0 failed / 4 total (21s) image 99% [NHÂN VẬT] image 99% [NHÂN VẬT] image 99% [NHÂN VẬT] image 99% [NHÂN VẬT]
2026-09-05T14:49:41.971Z [bb117a94-df80-4bd4-bb7f-6375b92c3560][fdfbd39c-aa59-4b23-a3ac-5f2ddfb5b1b8] Generating... 0 ready, 0 failed / 4 total (24s) image 99% [NHÂN VẬT] image 99% [NHÂN VẬT] image 99% [NHÂN VẬT] image 99% [NHÂN VẬT]
2026-09-05T14:49:44.991Z [bb117a94-df80-4bd4-bb7f-6375b92c3560][fdfbd39c-aa59-4b23-a3ac-5f2ddfb5b1b8] Generating... 0 ready, 0 failed / 4 total (27s) image 99% [NHÂN VẬT] image 99% [NHÂN VẬT] image 99% [NHÂN VẬT] image 99% [NHÂN VẬT]
2026-09-05T14:49:48.029Z [bb117a94-df80-4bd4-bb7f-6375b92c3560][fdfbd39c-aa59-4b23-a3ac-5f2ddfb5b1b8] Generating... 0 ready, 0 failed / 4 total (30s) image 99% [NHÂN VẬT] image 99% [NHÂN VẬT] image 99% [NHÂN VẬT] image 99% [NHÂN VẬT]
2026-09-05T14:49:51.053Z [bb117a94-df80-4bd4-bb7f-6375b92c3560][fdfbd39c-aa59-4b23-a3ac-5f2ddfb5b1b8] Generating... 0 ready, 0 failed / 4 total (33s) image 99% [NHÂN VẬT] image 99% [NHÂN VẬT] image 99% [NHÂN VẬT] image 99% [NHÂN VẬT]
2026-09-05T14:49:54.075Z [bb117a94-df80-4bd4-bb7f-6375b92c3560][fdfbd39c-aa59-4b23-a3ac-5f2ddfb5b1b8] Generating... 0 ready, 0 failed / 4 total (36s) image 99% [NHÂN VẬT] image 99% [NHÂN VẬT] image 99% [NHÂN VẬT] image 99% [NHÂN VẬT]
2026-09-05T14:49:57.119Z [bb117a94-df80-4bd4-bb7f-6375b92c3560][fdfbd39c-aa59-4b23-a3ac-5f2ddfb5b1b8] Generating... 0 ready, 0 failed / 4 total (39s) image 99% [NHÂN VẬT] image 99% [NHÂN VẬT] [NHÂN VẬT]Arlo, Ness image 99% [NHÂN VẬT]
2026-09-05T14:50:00.157Z [bb117a94-df80-4bd4-bb7f-6375b92c3560][fdfbd39c-aa59-4b23-a3ac-5f2ddfb5b1b8] Generating... 1 ready, 0 failed / 4 total (42s) [NHÂN VẬT]Arlo, Ness image 99% [NHÂN VẬT] image 100% [NHÂN VẬT
2026-09-05T14:50:03.189Z [bb117a94-df80-4bd4-bb7f-6375b92c3560][fdfbd39c-aa59-4b23-a3ac-5f2ddfb5b1b8] Generating... 3 ready, 0 failed / 4 total (45s) image 99% [NHÂN VẬT]
2026-09-05T14:50:06.215Z [bb117a94-df80-4bd4-bb7f-6375b92c3560][fdfbd39c-aa59-4b23-a3ac-5f2ddfb5b1b8] Generating... 3 ready, 0 failed / 4 total (48s) [NHÂN VẬT]Arlo, Ness
2026-09-05T14:50:09.243Z [bb117a94-df80-4bd4-bb7f-6375b92c3560][fdfbd39c-aa59-4b23-a3ac-5f2ddfb5b1b8] Generating... 4 ready, 0 failed / 4 total (52s)
2026-09-05T14:50:09.244Z [bb117a94-df80-4bd4-bb7f-6375b92c3560][fdfbd39c-aa59-4b23-a3ac-5f2ddfb5b1b8] Batch done: 4 ready (target 4), 0 failed, scanned 4.
2026-09-05T14:50:09.246Z [bb117a94-df80-4bd4-bb7f-6375b92c3560][fdfbd39c-aa59-4b23-a3ac-5f2ddfb5b1b8] 4 item(s) ready! Downloading...
2026-09-05T14:50:09.251Z [bb117a94-df80-4bd4-bb7f-6375b92c3560][fdfbd39c-aa59-4b23-a3ac-5f2ddfb5b1b8] Item 1: Downloading from URL https://flow-content.google/image/110e1d3d-5ad6-4e38-b88c-da7ff428cfd8?Expires=1788641354&KeyName=labs-flow-prod-cdn-key&Signature=ymbBRJkB065PFWjRx3b5nIaJ_wk
2026-09-05T14:50:09.582Z [bb117a94-df80-4bd4-bb7f-6375b92c3560][fdfbd39c-aa59-4b23-a3ac-5f2ddfb5b1b8] Downloaded 1/4: winai_2026-09-05T14-50-09_01.jpg
2026-09-05T14:50:09.585Z [bb117a94-df80-4bd4-bb7f-6375b92c3560][fdfbd39c-aa59-4b23-a3ac-5f2ddfb5b1b8] Item 2: Downloading from URL https://flow-content.google/image/d25b1e08-80e7-40a9-83f3-bc63e5f6987c?Expires=1788641353&KeyName=labs-flow-prod-cdn-key&Signature=0aJbC_N-A8WRPdRsOmD8NWbBPSE
2026-09-05T14:50:09.705Z [bb117a94-df80-4bd4-bb7f-6375b92c3560][fdfbd39c-aa59-4b23-a3ac-5f2ddfb5b1b8] Downloaded 2/4: winai_2026-09-05T14-50-09_02.jpg
2026-09-05T14:50:09.706Z [bb117a94-df80-4bd4-bb7f-6375b92c3560][fdfbd39c-aa59-4b23-a3ac-5f2ddfb5b1b8] Item 3: Downloading from URL https://flow-content.google/image/8b08baf7-f1fb-4f5e-97fd-9b184f032a83?Expires=1788641352&KeyName=labs-flow-prod-cdn-key&Signature=1JXeUmXy6oZCJWSLtXKYHNAtPuw
2026-09-05T14:50:09.831Z [bb117a94-df80-4bd4-bb7f-6375b92c3560][fdfbd39c-aa59-4b23-a3ac-5f2ddfb5b1b8] Downloaded 3/4: winai_2026-09-05T14-50-09_03.jpg
2026-09-05T14:50:09.831Z [bb117a94-df80-4bd4-bb7f-6375b92c3560][fdfbd39c-aa59-4b23-a3ac-5f2ddfb5b1b8] Item 4: Downloading from URL https://flow-content.google/image/2114beba-b74a-432e-aaef-6eb60d5b4e29?Expires=1788641353&KeyName=labs-flow-prod-cdn-key&Signature=ac7UNoWnMKl3HHS9TqVzFnYxzjQ
2026-09-05T14:50:09.954Z [bb117a94-df80-4bd4-bb7f-6375b92c3560][fdfbd39c-aa59-4b23-a3ac-5f2ddfb5b1b8] Downloaded 4/4: winai_2026-09-05T14-50-09_04.jpg
2026-09-05T14:50:09.957Z [bb117a94-df80-4bd4-bb7f-6375b92c3560][fdfbd39c-aa59-4b23-a3ac-5f2ddfb5b1b8] ✅ 4 item(s) saved to Downloads/Win AI Toolkit/
2026-09-05T14:50:10.187Z [6470fc57-7193-46ce-a2b2-f3f95bc768c4][fdfbd39c-aa59-4b23-a3ac-5f2ddfb5b1b8] runGeneration starting: task_id=6470fc57-7193-46ce-a2b2-f3f95bc768c4, profile_id=fdfbd39c-aa59-4b23-a3ac-5f2ddfb5b1b8, target_site=google_flow
2026-09-05T14:50:10.189Z [6470fc57-7193-46ce-a2b2-f3f95bc768c4][fdfbd39c-aa59-4b23-a3ac-5f2ddfb5b1b8] Opening Playwright browser with persistent profile cookies...
2026-09-05T14:50:10.189Z [6470fc57-7193-46ce-a2b2-f3f95bc768c4][fdfbd39c-aa59-4b23-a3ac-5f2ddfb5b1b8] Browser engine: winhide (C:\Users\MienTrungComputer\AppData\Roaming\com.tank.winai\winhide\chrome.exe) [hidden off-screen]
2026-09-05T14:50:10.192Z [6470fc57-7193-46ce-a2b2-f3f95bc768c4][fdfbd39c-aa59-4b23-a3ac-5f2ddfb5b1b8] Launch mode: STEALTH (raw spawn + connectOverCDP)
2026-09-05T14:50:10.645Z [bb117a94-df80-4bd4-bb7f-6375b92c3560][fdfbd39c-aa59-4b23-a3ac-5f2ddfb5b1b8] Item 4: Uploaded → https://studio.xanhmedia.vn/uploads/2026-09/1788619809632_ae2b49_fdfbd39c-aa59-4b23-a3ac-5f2ddfb5b1b8_bb1.jpg
2026-09-05T14:50:10.668Z [bb117a94-df80-4bd4-bb7f-6375b92c3560][fdfbd39c-aa59-4b23-a3ac-5f2ddfb5b1b8] Item 1: Uploaded → https://studio.xanhmedia.vn/uploads/2026-09/1788619809646_ded594_fdfbd39c-aa59-4b23-a3ac-5f2ddfb5b1b8_bb1.jpg
2026-09-05T14:50:10.680Z [bb117a94-df80-4bd4-bb7f-6375b92c3560][fdfbd39c-aa59-4b23-a3ac-5f2ddfb5b1b8] Item 2: Uploaded → https://studio.xanhmedia.vn/uploads/2026-09/1788619809653_cf47aa_fdfbd39c-aa59-4b23-a3ac-5f2ddfb5b1b8_bb1.jpg
2026-09-05T14:50:10.683Z [bb117a94-df80-4bd4-bb7f-6375b92c3560][fdfbd39c-aa59-4b23-a3ac-5f2ddfb5b1b8] Item 3: Uploaded → https://studio.xanhmedia.vn/uploads/2026-09/1788619809662_25be4d_fdfbd39c-aa59-4b23-a3ac-5f2ddfb5b1b8_bb1.jpg
2026-09-05T14:50:10.686Z [bb117a94-df80-4bd4-bb7f-6375b92c3560][fdfbd39c-aa59-4b23-a3ac-5f2ddfb5b1b8] All done (including any 1080p upgrades). Closing Playwright browser context.
2026-09-05T14:50:12.502Z [6470fc57-7193-46ce-a2b2-f3f95bc768c4][fdfbd39c-aa59-4b23-a3ac-5f2ddfb5b1b8] Exit IP: 125.212.158.158
2026-09-05T14:50:12.503Z [6470fc57-7193-46ce-a2b2-f3f95bc768c4][fdfbd39c-aa59-4b23-a3ac-5f2ddfb5b1b8] Navigating browser to Google Flow tools page...
2026-09-05T14:50:12.503Z [6470fc57-7193-46ce-a2b2-f3f95bc768c4][fdfbd39c-aa59-4b23-a3ac-5f2ddfb5b1b8] Using existing project URL: https://flow.google.com/project/390215dc-290f-4b92-a7f0-dd2b6651acfb?hl=en
2026-09-05T14:50:13.484Z [6470fc57-7193-46ce-a2b2-f3f95bc768c4][fdfbd39c-aa59-4b23-a3ac-5f2ddfb5b1b8] Waiting for Google Flow...
2026-09-05T14:50:15.759Z [6470fc57-7193-46ce-a2b2-f3f95bc768c4][fdfbd39c-aa59-4b23-a3ac-5f2ddfb5b1b8] In existing project ✓
2026-09-05T14:50:16.882Z [6470fc57-7193-46ce-a2b2-f3f95bc768c4][fdfbd39c-aa59-4b23-a3ac-5f2ddfb5b1b8] dismissPopups: unresolved overlay(s) ["IFRAME[presentation]|btns="]
2026-09-05T14:50:18.998Z [6470fc57-7193-46ce-a2b2-f3f95bc768c4][fdfbd39c-aa59-4b23-a3ac-5f2ddfb5b1b8] Composer ready ✓ (UI language: en)
2026-09-05T14:50:19.048Z [6470fc57-7193-46ce-a2b2-f3f95bc768c4][fdfbd39c-aa59-4b23-a3ac-5f2ddfb5b1b8] dismissPopups: clicked "Dismiss credit banner" (overlay)
2026-09-05T14:50:19.593Z [6470fc57-7193-46ce-a2b2-f3f95bc768c4][fdfbd39c-aa59-4b23-a3ac-5f2ddfb5b1b8] dismissPopups: unresolved overlay(s) ["DIV[]|btns=","DIV[]|btns="]
2026-09-05T14:50:19.628Z [6470fc57-7193-46ce-a2b2-f3f95bc768c4][fdfbd39c-aa59-4b23-a3ac-5f2ddfb5b1b8] Agent toggle aria-pressed=false
2026-09-05T14:50:19.631Z [6470fc57-7193-46ce-a2b2-f3f95bc768c4][fdfbd39c-aa59-4b23-a3ac-5f2ddfb5b1b8] Opening settings...
2026-09-05T14:50:21.749Z [6470fc57-7193-46ce-a2b2-f3f95bc768c4][fdfbd39c-aa59-4b23-a3ac-5f2ddfb5b1b8] Configuring image settings...
2026-09-05T14:50:22.985Z [6470fc57-7193-46ce-a2b2-f3f95bc768c4][fdfbd39c-aa59-4b23-a3ac-5f2ddfb5b1b8] Mode: selected "image Image" ✓
2026-09-05T14:50:28.432Z [6470fc57-7193-46ce-a2b2-f3f95bc768c4][fdfbd39c-aa59-4b23-a3ac-5f2ddfb5b1b8] Model: selected "🍌 Nano Banana 2" ✓
2026-09-05T14:50:29.090Z [6470fc57-7193-46ce-a2b2-f3f95bc768c4][fdfbd39c-aa59-4b23-a3ac-5f2ddfb5b1b8] Aspect ratio: "crop_16_9 16:9" already selected ✓
2026-09-05T14:50:30.597Z [6470fc57-7193-46ce-a2b2-f3f95bc768c4][fdfbd39c-aa59-4b23-a3ac-5f2ddfb5b1b8] Output count: selected "x4" ✓
2026-09-05T14:50:31.551Z [6470fc57-7193-46ce-a2b2-f3f95bc768c4][fdfbd39c-aa59-4b23-a3ac-5f2ddfb5b1b8] Ref image 1/4: downloading from URL...
2026-09-05T14:50:31.857Z [6470fc57-7193-46ce-a2b2-f3f95bc768c4][fdfbd39c-aa59-4b23-a3ac-5f2ddfb5b1b8] Downloader: no-proxy request context ready.
2026-09-05T14:50:32.435Z [6470fc57-7193-46ce-a2b2-f3f95bc768c4][fdfbd39c-aa59-4b23-a3ac-5f2ddfb5b1b8] Ref image 1/4: saved 635164 bytes (image/jpeg) as "Arlo Vale Color Pool War Muddy State.jpeg"
2026-09-05T14:50:32.445Z [6470fc57-7193-46ce-a2b2-f3f95bc768c4][fdfbd39c-aa59-4b23-a3ac-5f2ddfb5b1b8] Ref image 1/4: attaching reference image...
2026-09-05T14:50:34.466Z [6470fc57-7193-46ce-a2b2-f3f95bc768c4][fdfbd39c-aa59-4b23-a3ac-5f2ddfb5b1b8] Ref image 1/4: "Arlo Vale Color Pool War Muddy State.jpeg" not in the library yet — uploading it first.
2026-09-05T14:50:38.929Z [6470fc57-7193-46ce-a2b2-f3f95bc768c4][fdfbd39c-aa59-4b23-a3ac-5f2ddfb5b1b8] Ref image 1/4: uploading "Arlo Vale Color Pool War Muddy State.jpeg" to the project library...
2026-09-05T14:50:39.832Z [6470fc57-7193-46ce-a2b2-f3f95bc768c4][fdfbd39c-aa59-4b23-a3ac-5f2ddfb5b1b8] Ref image 1/4: upload finished ✓
2026-09-05T14:50:53.201Z [6470fc57-7193-46ce-a2b2-f3f95bc768c4][fdfbd39c-aa59-4b23-a3ac-5f2ddfb5b1b8] click(Add to prompt) failed: locator.click: Timeout 8000ms exceeded. — retrying with force
2026-09-05T14:51:09.410Z [6470fc57-7193-46ce-a2b2-f3f95bc768c4][fdfbd39c-aa59-4b23-a3ac-5f2ddfb5b1b8] Ref image 1/4: chips 0→0 ✗ (Add to prompt did not register)
2026-09-05T14:51:11.285Z [6470fc57-7193-46ce-a2b2-f3f95bc768c4][fdfbd39c-aa59-4b23-a3ac-5f2ddfb5b1b8] Ref image 2/4: downloading from URL...
2026-09-05T14:51:11.650Z [6470fc57-7193-46ce-a2b2-f3f95bc768c4][fdfbd39c-aa59-4b23-a3ac-5f2ddfb5b1b8] Ref image 2/4: saved 716596 bytes (image/jpeg) as "Nessa Vale Color Pool War Muddy State.jpeg"
2026-09-05T14:51:11.664Z [6470fc57-7193-46ce-a2b2-f3f95bc768c4][fdfbd39c-aa59-4b23-a3ac-5f2ddfb5b1b8] Ref image 2/4: attaching reference image...
2026-09-05T14:51:13.702Z [6470fc57-7193-46ce-a2b2-f3f95bc768c4][fdfbd39c-aa59-4b23-a3ac-5f2ddfb5b1b8] Ref image 2/4: "Nessa Vale Color Pool War Muddy State.jpeg" not in the library yet — uploading it first.
2026-09-05T14:51:18.302Z [6470fc57-7193-46ce-a2b2-f3f95bc768c4][fdfbd39c-aa59-4b23-a3ac-5f2ddfb5b1b8] Ref image 2/4: uploading "Nessa Vale Color Pool War Muddy State.jpeg" to the project library...
2026-09-05T14:51:19.593Z [6470fc57-7193-46ce-a2b2-f3f95bc768c4][fdfbd39c-aa59-4b23-a3ac-5f2ddfb5b1b8] Ref image 2/4: upload finished ✓
2026-09-05T14:51:31.087Z [6470fc57-7193-46ce-a2b2-f3f95bc768c4][fdfbd39c-aa59-4b23-a3ac-5f2ddfb5b1b8] Ref image 2/4: chips 0→1 ✓
2026-09-05T14:51:32.259Z [6470fc57-7193-46ce-a2b2-f3f95bc768c4][fdfbd39c-aa59-4b23-a3ac-5f2ddfb5b1b8] Ref image 3/4: downloading from URL...
2026-09-05T14:51:35.021Z [6470fc57-7193-46ce-a2b2-f3f95bc768c4][fdfbd39c-aa59-4b23-a3ac-5f2ddfb5b1b8] Ref image 3/4: saved 585044 bytes (image/jpeg) as "Arlo Family Inflatable Pool Progress Set.jpeg"
2026-09-05T14:51:35.032Z [6470fc57-7193-46ce-a2b2-f3f95bc768c4][fdfbd39c-aa59-4b23-a3ac-5f2ddfb5b1b8] Ref image 3/4: attaching reference image...
2026-09-05T14:51:37.274Z [6470fc57-7193-46ce-a2b2-f3f95bc768c4][fdfbd39c-aa59-4b23-a3ac-5f2ddfb5b1b8] Ref image 3/4: reusing library asset "Arlo Family Inflatable Pool Progress Set.jpeg" (no re-upload).
2026-09-05T14:51:40.860Z [6470fc57-7193-46ce-a2b2-f3f95bc768c4][fdfbd39c-aa59-4b23-a3ac-5f2ddfb5b1b8] Ref image 3/4: chips 1→2 ✓
2026-09-05T14:51:42.160Z [6470fc57-7193-46ce-a2b2-f3f95bc768c4][fdfbd39c-aa59-4b23-a3ac-5f2ddfb5b1b8] Ref image 4/4: downloading from URL...
2026-09-05T14:51:46.095Z [6470fc57-7193-46ce-a2b2-f3f95bc768c4][fdfbd39c-aa59-4b23-a3ac-5f2ddfb5b1b8] Ref image 4/4: saved 673531 bytes (image/jpeg) as "Color Pool Water State Set.jpeg"
2026-09-05T14:51:46.102Z [6470fc57-7193-46ce-a2b2-f3f95bc768c4][fdfbd39c-aa59-4b23-a3ac-5f2ddfb5b1b8] Ref image 4/4: attaching reference image...
2026-09-05T14:51:48.069Z [6470fc57-7193-46ce-a2b2-f3f95bc768c4][fdfbd39c-aa59-4b23-a3ac-5f2ddfb5b1b8] Ref image 4/4: reusing library asset "Color Pool Water State Set.jpeg" (no re-upload).
2026-09-05T14:51:51.421Z [6470fc57-7193-46ce-a2b2-f3f95bc768c4][fdfbd39c-aa59-4b23-a3ac-5f2ddfb5b1b8] Ref image 4/4: chips 2→3 ✓
2026-09-05T14:51:51.441Z [6470fc57-7193-46ce-a2b2-f3f95bc768c4][fdfbd39c-aa59-4b23-a3ac-5f2ddfb5b1b8] [WARN] Only 3/4 reference image(s) attached.
2026-09-05T14:51:51.442Z [6470fc57-7193-46ce-a2b2-f3f95bc768c4][fdfbd39c-aa59-4b23-a3ac-5f2ddfb5b1b8] Entering prompt...
2026-09-05T14:51:52.950Z [6470fc57-7193-46ce-a2b2-f3f95bc768c4][fdfbd39c-aa59-4b23-a3ac-5f2ddfb5b1b8] Prompt is 2436 chars — typing it in 28 chunk(s).
2026-09-05T14:52:04.982Z [6470fc57-7193-46ce-a2b2-f3f95bc768c4][fdfbd39c-aa59-4b23-a3ac-5f2ddfb5b1b8] Prompt insert attempt 1: editor has 2303 chars (want ~2430) ✓
2026-09-05T14:52:06.531Z [6470fc57-7193-46ce-a2b2-f3f95bc768c4][fdfbd39c-aa59-4b23-a3ac-5f2ddfb5b1b8] Baseline: 27 pre-existing media tile(s) of 27 mounted (kinds: image,image,image,image,image,image,image,image,image,image,image,image,image,image,image,image,image,image,image,image,image,image,image,image,image,image,image).
2026-09-05T14:52:08.747Z [6470fc57-7193-46ce-a2b2-f3f95bc768c4][fdfbd39c-aa59-4b23-a3ac-5f2ddfb5b1b8] [submit] confirmed (editor "What do you want to ", fresh tile=true).
2026-09-05T14:52:09.520Z [6470fc57-7193-46ce-a2b2-f3f95bc768c4][fdfbd39c-aa59-4b23-a3ac-5f2ddfb5b1b8] Current Workspace project URL: https://flow.google.com/project/390215dc-290f-4b92-a7f0-dd2b6651acfb?hl=en
2026-09-05T14:52:09.521Z [6470fc57-7193-46ce-a2b2-f3f95bc768c4][fdfbd39c-aa59-4b23-a3ac-5f2ddfb5b1b8] Submitted ✓ Detecting batch size...
2026-09-05T14:52:09.568Z [6470fc57-7193-46ce-a2b2-f3f95bc768c4][fdfbd39c-aa59-4b23-a3ac-5f2ddfb5b1b8] New tile(s) since submit: 0 → 4 (mounted=27)
2026-09-05T14:52:13.898Z [6470fc57-7193-46ce-a2b2-f3f95bc768c4][fdfbd39c-aa59-4b23-a3ac-5f2ddfb5b1b8] Batch size stabilised at 4 new tile(s)
2026-09-05T14:52:13.898Z [6470fc57-7193-46ce-a2b2-f3f95bc768c4][fdfbd39c-aa59-4b23-a3ac-5f2ddfb5b1b8] Batch detected: 4 item(s). Generating...
2026-09-05T14:52:13.899Z [6470fc57-7193-46ce-a2b2-f3f95bc768c4][fdfbd39c-aa59-4b23-a3ac-5f2ddfb5b1b8] Polling for 4 image item(s) (baseline=27, hasUpload=true)...
2026-09-05T14:52:13.919Z [6470fc57-7193-46ce-a2b2-f3f95bc768c4][fdfbd39c-aa59-4b23-a3ac-5f2ddfb5b1b8] Generating... 0 ready, 0 failed / 4 total (0s) image 35% [NHÂN VẬT] image 35% [NHÂN VẬT] image 35% [NHÂN VẬT] image 35% [NHÂN VẬT]
2026-09-05T14:52:16.942Z [6470fc57-7193-46ce-a2b2-f3f95bc768c4][fdfbd39c-aa59-4b23-a3ac-5f2ddfb5b1b8] Generating... 0 ready, 0 failed / 4 total (3s) image 55% [NHÂN VẬT] image 55% [NHÂN VẬT] image 55% [NHÂN VẬT] image 55% [NHÂN VẬT]
2026-09-05T14:52:19.973Z [6470fc57-7193-46ce-a2b2-f3f95bc768c4][fdfbd39c-aa59-4b23-a3ac-5f2ddfb5b1b8] Generating... 0 ready, 0 failed / 4 total (6s) image 75% [NHÂN VẬT] image 75% [NHÂN VẬT] image 75% [NHÂN VẬT] image 75% [NHÂN VẬT]
2026-09-05T14:52:22.998Z [6470fc57-7193-46ce-a2b2-f3f95bc768c4][fdfbd39c-aa59-4b23-a3ac-5f2ddfb5b1b8] Generating... 0 ready, 0 failed / 4 total (9s) image 95% [NHÂN VẬT] image 95% [NHÂN VẬT] image 95% [NHÂN VẬT] image 95% [NHÂN VẬT]
2026-09-05T14:52:26.025Z [6470fc57-7193-46ce-a2b2-f3f95bc768c4][fdfbd39c-aa59-4b23-a3ac-5f2ddfb5b1b8] Generating... 0 ready, 0 failed / 4 total (12s) image 99% [NHÂN VẬT] image 99% [NHÂN VẬT] image 99% [NHÂN VẬT] image 99% [NHÂN VẬT]
2026-09-05T14:52:29.051Z [6470fc57-7193-46ce-a2b2-f3f95bc768c4][fdfbd39c-aa59-4b23-a3ac-5f2ddfb5b1b8] Generating... 0 ready, 0 failed / 4 total (15s) image 99% [NHÂN VẬT] image 99% [NHÂN VẬT] image 99% [NHÂN VẬT] image 99% [NHÂN VẬT]
2026-09-05T14:52:32.080Z [6470fc57-7193-46ce-a2b2-f3f95bc768c4][fdfbd39c-aa59-4b23-a3ac-5f2ddfb5b1b8] Generating... 0 ready, 0 failed / 4 total (18s) image 99% [NHÂN VẬT] image 99% [NHÂN VẬT] image 99% [NHÂN VẬT] image 99% [NHÂN VẬT]
2026-09-05T14:52:35.111Z [6470fc57-7193-46ce-a2b2-f3f95bc768c4][fdfbd39c-aa59-4b23-a3ac-5f2ddfb5b1b8] Generating... 0 ready, 0 failed / 4 total (21s) image 99% [NHÂN VẬT] image 99% [NHÂN VẬT] image 99% [NHÂN VẬT] image 99% [NHÂN VẬT]
2026-09-05T14:52:38.134Z [6470fc57-7193-46ce-a2b2-f3f95bc768c4][fdfbd39c-aa59-4b23-a3ac-5f2ddfb5b1b8] Generating... 0 ready, 0 failed / 4 total (24s) image 99% [NHÂN VẬT] image 99% [NHÂN VẬT] image 99% [NHÂN VẬT] [NHÂN VẬT]Arlo, Ness
2026-09-05T14:52:41.152Z [6470fc57-7193-46ce-a2b2-f3f95bc768c4][fdfbd39c-aa59-4b23-a3ac-5f2ddfb5b1b8] Generating... 1 ready, 0 failed / 4 total (27s) image 100% [NHÂN VẬT image 99% [NHÂN VẬT] image 99% [NHÂN VẬT]
2026-09-05T14:52:44.184Z [6470fc57-7193-46ce-a2b2-f3f95bc768c4][fdfbd39c-aa59-4b23-a3ac-5f2ddfb5b1b8] Generating... 2 ready, 0 failed / 4 total (30s) image 100% [NHÂN VẬT image 99% [NHÂN VẬT]
2026-09-05T14:52:47.223Z [6470fc57-7193-46ce-a2b2-f3f95bc768c4][fdfbd39c-aa59-4b23-a3ac-5f2ddfb5b1b8] Generating... 3 ready, 0 failed / 4 total (33s) image 99% [NHÂN VẬT]
2026-09-05T14:52:50.242Z [6470fc57-7193-46ce-a2b2-f3f95bc768c4][fdfbd39c-aa59-4b23-a3ac-5f2ddfb5b1b8] Generating... 3 ready, 0 failed / 4 total (36s) image 99% [NHÂN VẬT]
2026-09-05T14:52:53.288Z [6470fc57-7193-46ce-a2b2-f3f95bc768c4][fdfbd39c-aa59-4b23-a3ac-5f2ddfb5b1b8] Generating... 3 ready, 0 failed / 4 total (39s) image 99% [NHÂN VẬT]
2026-09-05T14:52:56.314Z [6470fc57-7193-46ce-a2b2-f3f95bc768c4][fdfbd39c-aa59-4b23-a3ac-5f2ddfb5b1b8] Generating... 3 ready, 0 failed / 4 total (42s) [NHÂN VẬT]Arlo, Ness
2026-09-05T14:52:59.331Z [6470fc57-7193-46ce-a2b2-f3f95bc768c4][fdfbd39c-aa59-4b23-a3ac-5f2ddfb5b1b8] Generating... 4 ready, 0 failed / 4 total (45s)
2026-09-05T14:52:59.331Z [6470fc57-7193-46ce-a2b2-f3f95bc768c4][fdfbd39c-aa59-4b23-a3ac-5f2ddfb5b1b8] Batch done: 4 ready (target 4), 0 failed, scanned 4.
2026-09-05T14:52:59.331Z [6470fc57-7193-46ce-a2b2-f3f95bc768c4][fdfbd39c-aa59-4b23-a3ac-5f2ddfb5b1b8] 4 item(s) ready! Downloading...
2026-09-05T14:52:59.333Z [6470fc57-7193-46ce-a2b2-f3f95bc768c4][fdfbd39c-aa59-4b23-a3ac-5f2ddfb5b1b8] Item 1: Downloading from URL https://flow-content.google/image/600c5350-a051-4fa0-a298-1da2a8e81e76?Expires=1788641530&KeyName=labs-flow-prod-cdn-key&Signature=kJiNrYzS0I--EKiQuUsYf3zYTzo
2026-09-05T14:52:59.668Z [6470fc57-7193-46ce-a2b2-f3f95bc768c4][fdfbd39c-aa59-4b23-a3ac-5f2ddfb5b1b8] Downloaded 1/4: winai_2026-09-05T14-52-59_01.jpg
2026-09-05T14:52:59.669Z [6470fc57-7193-46ce-a2b2-f3f95bc768c4][fdfbd39c-aa59-4b23-a3ac-5f2ddfb5b1b8] Item 2: Downloading from URL https://flow-content.google/image/6fb18308-bdaa-4bcb-a2ce-fab81bb98b60?Expires=1788641529&KeyName=labs-flow-prod-cdn-key&Signature=nEQc2OFyLGjHW5zkwUcBAT1ul3A
2026-09-05T14:52:59.792Z [6470fc57-7193-46ce-a2b2-f3f95bc768c4][fdfbd39c-aa59-4b23-a3ac-5f2ddfb5b1b8] Downloaded 2/4: winai_2026-09-05T14-52-59_02.jpg
2026-09-05T14:52:59.795Z [6470fc57-7193-46ce-a2b2-f3f95bc768c4][fdfbd39c-aa59-4b23-a3ac-5f2ddfb5b1b8] Item 3: Downloading from URL https://flow-content.google/image/bf802e4f-4dc1-4a94-ae5b-7fd817dda61c?Expires=1788641528&KeyName=labs-flow-prod-cdn-key&Signature=EHuvgyNbqPTn3keK18sVLXFS9h8
2026-09-05T14:52:59.918Z [6470fc57-7193-46ce-a2b2-f3f95bc768c4][fdfbd39c-aa59-4b23-a3ac-5f2ddfb5b1b8] Downloaded 3/4: winai_2026-09-05T14-52-59_03.jpg
2026-09-05T14:52:59.919Z [6470fc57-7193-46ce-a2b2-f3f95bc768c4][fdfbd39c-aa59-4b23-a3ac-5f2ddfb5b1b8] Item 4: Downloading from URL https://flow-content.google/image/7b505a8e-40ed-431d-b285-6e405ccf3d80?Expires=1788641527&KeyName=labs-flow-prod-cdn-key&Signature=aTS3s6iePIDJzgjZWaVEyaOMYkE
2026-09-05T14:53:00.034Z [6470fc57-7193-46ce-a2b2-f3f95bc768c4][fdfbd39c-aa59-4b23-a3ac-5f2ddfb5b1b8] Downloaded 4/4: winai_2026-09-05T14-52-59_04.jpg
2026-09-05T14:53:00.035Z [6470fc57-7193-46ce-a2b2-f3f95bc768c4][fdfbd39c-aa59-4b23-a3ac-5f2ddfb5b1b8] ✅ 4 item(s) saved to Downloads/Win AI Toolkit/
2026-09-05T14:53:00.293Z [4e7879f4-dd12-49dc-b602-5627b5ad2102][fdfbd39c-aa59-4b23-a3ac-5f2ddfb5b1b8] runGeneration starting: task_id=4e7879f4-dd12-49dc-b602-5627b5ad2102, profile_id=fdfbd39c-aa59-4b23-a3ac-5f2ddfb5b1b8, target_site=google_flow
2026-09-05T14:53:00.295Z [4e7879f4-dd12-49dc-b602-5627b5ad2102][fdfbd39c-aa59-4b23-a3ac-5f2ddfb5b1b8] Opening Playwright browser with persistent profile cookies...
2026-09-05T14:53:00.296Z [4e7879f4-dd12-49dc-b602-5627b5ad2102][fdfbd39c-aa59-4b23-a3ac-5f2ddfb5b1b8] Browser engine: winhide (C:\Users\MienTrungComputer\AppData\Roaming\com.tank.winai\winhide\chrome.exe) [hidden off-screen]
2026-09-05T14:53:00.298Z [4e7879f4-dd12-49dc-b602-5627b5ad2102][fdfbd39c-aa59-4b23-a3ac-5f2ddfb5b1b8] Launch mode: STEALTH (raw spawn + connectOverCDP)
2026-09-05T14:53:00.678Z [6470fc57-7193-46ce-a2b2-f3f95bc768c4][fdfbd39c-aa59-4b23-a3ac-5f2ddfb5b1b8] Item 2: Uploaded → https://studio.xanhmedia.vn/uploads/2026-09/1788619979667_987238_fdfbd39c-aa59-4b23-a3ac-5f2ddfb5b1b8_647.jpg
2026-09-05T14:53:00.713Z [6470fc57-7193-46ce-a2b2-f3f95bc768c4][fdfbd39c-aa59-4b23-a3ac-5f2ddfb5b1b8] Item 4: Uploaded → https://studio.xanhmedia.vn/uploads/2026-09/1788619979701_f88c27_fdfbd39c-aa59-4b23-a3ac-5f2ddfb5b1b8_647.jpg
2026-09-05T14:53:00.733Z [6470fc57-7193-46ce-a2b2-f3f95bc768c4][fdfbd39c-aa59-4b23-a3ac-5f2ddfb5b1b8] Item 1: Uploaded → https://studio.xanhmedia.vn/uploads/2026-09/1788619979717_072fb8_fdfbd39c-aa59-4b23-a3ac-5f2ddfb5b1b8_647.jpg
2026-09-05T14:53:00.758Z [6470fc57-7193-46ce-a2b2-f3f95bc768c4][fdfbd39c-aa59-4b23-a3ac-5f2ddfb5b1b8] Item 3: Uploaded → https://studio.xanhmedia.vn/uploads/2026-09/1788619979739_e6de0f_fdfbd39c-aa59-4b23-a3ac-5f2ddfb5b1b8_647.jpg
2026-09-05T14:53:00.764Z [6470fc57-7193-46ce-a2b2-f3f95bc768c4][fdfbd39c-aa59-4b23-a3ac-5f2ddfb5b1b8] All done (including any 1080p upgrades). Closing Playwright browser context.
2026-09-05T14:53:03.367Z [4e7879f4-dd12-49dc-b602-5627b5ad2102][fdfbd39c-aa59-4b23-a3ac-5f2ddfb5b1b8] Exit IP: 125.212.158.158
2026-09-05T14:53:03.368Z [4e7879f4-dd12-49dc-b602-5627b5ad2102][fdfbd39c-aa59-4b23-a3ac-5f2ddfb5b1b8] Navigating browser to Google Flow tools page...
2026-09-05T14:53:03.369Z [4e7879f4-dd12-49dc-b602-5627b5ad2102][fdfbd39c-aa59-4b23-a3ac-5f2ddfb5b1b8] Using existing project URL: https://flow.google.com/project/390215dc-290f-4b92-a7f0-dd2b6651acfb?hl=en
2026-09-05T14:53:04.317Z [4e7879f4-dd12-49dc-b602-5627b5ad2102][fdfbd39c-aa59-4b23-a3ac-5f2ddfb5b1b8] Waiting for Google Flow...
2026-09-05T14:53:06.580Z [4e7879f4-dd12-49dc-b602-5627b5ad2102][fdfbd39c-aa59-4b23-a3ac-5f2ddfb5b1b8] In existing project ✓
2026-09-05T14:53:08.883Z [4e7879f4-dd12-49dc-b602-5627b5ad2102][fdfbd39c-aa59-4b23-a3ac-5f2ddfb5b1b8] dismissPopups: clicked "Dismiss credit banner" (overlay)
2026-09-05T14:53:09.417Z [4e7879f4-dd12-49dc-b602-5627b5ad2102][fdfbd39c-aa59-4b23-a3ac-5f2ddfb5b1b8] dismissPopups: unresolved overlay(s) ["DIV[]|btns=","DIV[]|btns="]
2026-09-05T14:53:09.513Z [4e7879f4-dd12-49dc-b602-5627b5ad2102][fdfbd39c-aa59-4b23-a3ac-5f2ddfb5b1b8] Composer ready ✓ (UI language: en)
2026-09-05T14:53:09.528Z [4e7879f4-dd12-49dc-b602-5627b5ad2102][fdfbd39c-aa59-4b23-a3ac-5f2ddfb5b1b8] dismissPopups: unresolved overlay(s) ["DIV[]|btns=","DIV[]|btns="]
2026-09-05T14:53:09.551Z [4e7879f4-dd12-49dc-b602-5627b5ad2102][fdfbd39c-aa59-4b23-a3ac-5f2ddfb5b1b8] Agent toggle aria-pressed=false
2026-09-05T14:53:09.552Z [4e7879f4-dd12-49dc-b602-5627b5ad2102][fdfbd39c-aa59-4b23-a3ac-5f2ddfb5b1b8] Opening settings...
2026-09-05T14:53:11.200Z [4e7879f4-dd12-49dc-b602-5627b5ad2102][fdfbd39c-aa59-4b23-a3ac-5f2ddfb5b1b8] Configuring image settings...
2026-09-05T14:53:13.139Z [4e7879f4-dd12-49dc-b602-5627b5ad2102][fdfbd39c-aa59-4b23-a3ac-5f2ddfb5b1b8] Mode: selected "image Image" ✓
2026-09-05T14:53:17.940Z [4e7879f4-dd12-49dc-b602-5627b5ad2102][fdfbd39c-aa59-4b23-a3ac-5f2ddfb5b1b8] Model: selected "🍌 Nano Banana 2" ✓
2026-09-05T14:53:18.660Z [4e7879f4-dd12-49dc-b602-5627b5ad2102][fdfbd39c-aa59-4b23-a3ac-5f2ddfb5b1b8] Aspect ratio: "crop_16_9 16:9" already selected ✓
2026-09-05T14:53:20.254Z [4e7879f4-dd12-49dc-b602-5627b5ad2102][fdfbd39c-aa59-4b23-a3ac-5f2ddfb5b1b8] Output count: selected "x4" ✓
2026-09-05T14:53:21.192Z [4e7879f4-dd12-49dc-b602-5627b5ad2102][fdfbd39c-aa59-4b23-a3ac-5f2ddfb5b1b8] Ref image 1/7: downloading from URL...
2026-09-05T14:53:21.525Z [4e7879f4-dd12-49dc-b602-5627b5ad2102][fdfbd39c-aa59-4b23-a3ac-5f2ddfb5b1b8] Downloader: no-proxy request context ready.
2026-09-05T14:53:22.398Z [4e7879f4-dd12-49dc-b602-5627b5ad2102][fdfbd39c-aa59-4b23-a3ac-5f2ddfb5b1b8] Ref image 1/7: saved 635164 bytes (image/jpeg) as "Arlo Vale Color Pool War Muddy State.jpeg"
2026-09-05T14:53:22.401Z [4e7879f4-dd12-49dc-b602-5627b5ad2102][fdfbd39c-aa59-4b23-a3ac-5f2ddfb5b1b8] Ref image 1/7: attaching reference image...
2026-09-05T14:53:24.300Z [4e7879f4-dd12-49dc-b602-5627b5ad2102][fdfbd39c-aa59-4b23-a3ac-5f2ddfb5b1b8] Ref image 1/7: "Arlo Vale Color Pool War Muddy State.jpeg" not in the library yet — uploading it first.
2026-09-05T14:53:28.616Z [4e7879f4-dd12-49dc-b602-5627b5ad2102][fdfbd39c-aa59-4b23-a3ac-5f2ddfb5b1b8] Ref image 1/7: uploading "Arlo Vale Color Pool War Muddy State.jpeg" to the project library...
2026-09-05T14:53:29.408Z [4e7879f4-dd12-49dc-b602-5627b5ad2102][fdfbd39c-aa59-4b23-a3ac-5f2ddfb5b1b8] Ref image 1/7: upload finished ✓
2026-09-05T14:53:40.134Z [4e7879f4-dd12-49dc-b602-5627b5ad2102][fdfbd39c-aa59-4b23-a3ac-5f2ddfb5b1b8] Ref image 1/7: chips 0→1 ✓
2026-09-05T14:53:41.476Z [4e7879f4-dd12-49dc-b602-5627b5ad2102][fdfbd39c-aa59-4b23-a3ac-5f2ddfb5b1b8] Ref image 2/7: downloading from URL...
2026-09-05T14:53:41.890Z [4e7879f4-dd12-49dc-b602-5627b5ad2102][fdfbd39c-aa59-4b23-a3ac-5f2ddfb5b1b8] Ref image 2/7: saved 716596 bytes (image/jpeg) as "Nessa Vale Color Pool War Muddy State.jpeg"
2026-09-05T14:53:41.908Z [4e7879f4-dd12-49dc-b602-5627b5ad2102][fdfbd39c-aa59-4b23-a3ac-5f2ddfb5b1b8] Ref image 2/7: attaching reference image...
2026-09-05T14:53:44.402Z [4e7879f4-dd12-49dc-b602-5627b5ad2102][fdfbd39c-aa59-4b23-a3ac-5f2ddfb5b1b8] Ref image 2/7: reusing library asset "Nessa Vale Color Pool War Muddy State.jpeg" (no re-upload).
2026-09-05T14:53:48.042Z [4e7879f4-dd12-49dc-b602-5627b5ad2102][fdfbd39c-aa59-4b23-a3ac-5f2ddfb5b1b8] Ref image 2/7: chips 1→2 ✓
2026-09-05T14:53:49.712Z [4e7879f4-dd12-49dc-b602-5627b5ad2102][fdfbd39c-aa59-4b23-a3ac-5f2ddfb5b1b8] Ref image 3/7: downloading from URL...
2026-09-05T14:53:50.067Z [4e7879f4-dd12-49dc-b602-5627b5ad2102][fdfbd39c-aa59-4b23-a3ac-5f2ddfb5b1b8] Ref image 3/7: saved 585044 bytes (image/jpeg) as "Arlo Family Inflatable Pool Progress Set.jpeg"
2026-09-05T14:53:50.076Z [4e7879f4-dd12-49dc-b602-5627b5ad2102][fdfbd39c-aa59-4b23-a3ac-5f2ddfb5b1b8] Ref image 3/7: attaching reference image...
2026-09-05T14:53:52.580Z [4e7879f4-dd12-49dc-b602-5627b5ad2102][fdfbd39c-aa59-4b23-a3ac-5f2ddfb5b1b8] Ref image 3/7: reusing library asset "Arlo Family Inflatable Pool Progress Set.jpeg" (no re-upload).
2026-09-05T14:53:55.844Z [4e7879f4-dd12-49dc-b602-5627b5ad2102][fdfbd39c-aa59-4b23-a3ac-5f2ddfb5b1b8] Ref image 3/7: chips 2→3 ✓
2026-09-05T14:53:56.804Z [4e7879f4-dd12-49dc-b602-5627b5ad2102][fdfbd39c-aa59-4b23-a3ac-5f2ddfb5b1b8] Ref image 4/7: downloading from URL...
2026-09-05T14:53:57.142Z [4e7879f4-dd12-49dc-b602-5627b5ad2102][fdfbd39c-aa59-4b23-a3ac-5f2ddfb5b1b8] Ref image 4/7: saved 542888 bytes (image/jpeg) as "Colorful Pool Slide Blue Protective Mat Set.jpeg"
2026-09-05T14:53:57.149Z [4e7879f4-dd12-49dc-b602-5627b5ad2102][fdfbd39c-aa59-4b23-a3ac-5f2ddfb5b1b8] Ref image 4/7: attaching reference image...
2026-09-05T14:53:59.353Z [4e7879f4-dd12-49dc-b602-5627b5ad2102][fdfbd39c-aa59-4b23-a3ac-5f2ddfb5b1b8] Ref image 4/7: reusing library asset "Colorful Pool Slide Blue Protective Mat Set.jpeg" (no re-upload).
2026-09-05T14:54:02.636Z [4e7879f4-dd12-49dc-b602-5627b5ad2102][fdfbd39c-aa59-4b23-a3ac-5f2ddfb5b1b8] Ref image 4/7: chips 3→4 ✓
2026-09-05T14:54:03.649Z [4e7879f4-dd12-49dc-b602-5627b5ad2102][fdfbd39c-aa59-4b23-a3ac-5f2ddfb5b1b8] Ref image 5/7: downloading from URL...
2026-09-05T14:54:04.027Z [4e7879f4-dd12-49dc-b602-5627b5ad2102][fdfbd39c-aa59-4b23-a3ac-5f2ddfb5b1b8] Ref image 5/7: saved 525462 bytes (image/jpeg) as "Red White Pool Divider Rope.jpeg"
2026-09-05T14:54:04.033Z [4e7879f4-dd12-49dc-b602-5627b5ad2102][fdfbd39c-aa59-4b23-a3ac-5f2ddfb5b1b8] Ref image 5/7: attaching reference image...
2026-09-05T14:54:05.937Z [4e7879f4-dd12-49dc-b602-5627b5ad2102][fdfbd39c-aa59-4b23-a3ac-5f2ddfb5b1b8] Ref image 5/7: reusing library asset "Red White Pool Divider Rope.jpeg" (no re-upload).
2026-09-05T14:54:09.307Z [4e7879f4-dd12-49dc-b602-5627b5ad2102][fdfbd39c-aa59-4b23-a3ac-5f2ddfb5b1b8] Ref image 5/7: chips 4→5 ✓
2026-09-05T14:54:10.721Z [4e7879f4-dd12-49dc-b602-5627b5ad2102][fdfbd39c-aa59-4b23-a3ac-5f2ddfb5b1b8] Ref image 6/7: downloading from URL...
2026-09-05T14:54:11.077Z [4e7879f4-dd12-49dc-b602-5627b5ad2102][fdfbd39c-aa59-4b23-a3ac-5f2ddfb5b1b8] Ref image 6/7: saved 417477 bytes (image/jpeg) as "Yellow Duck Pool Float.jpeg"
2026-09-05T14:54:11.080Z [4e7879f4-dd12-49dc-b602-5627b5ad2102][fdfbd39c-aa59-4b23-a3ac-5f2ddfb5b1b8] Ref image 6/7: attaching reference image...
2026-09-05T14:54:13.396Z [4e7879f4-dd12-49dc-b602-5627b5ad2102][fdfbd39c-aa59-4b23-a3ac-5f2ddfb5b1b8] Ref image 6/7: "Yellow Duck Pool Float.jpeg" not in the library yet — uploading it first.
2026-09-05T14:54:17.864Z [4e7879f4-dd12-49dc-b602-5627b5ad2102][fdfbd39c-aa59-4b23-a3ac-5f2ddfb5b1b8] Ref image 6/7: uploading "Yellow Duck Pool Float.jpeg" to the project library...
2026-09-05T14:54:18.869Z [4e7879f4-dd12-49dc-b602-5627b5ad2102][fdfbd39c-aa59-4b23-a3ac-5f2ddfb5b1b8] Ref image 6/7: upload finished ✓
2026-09-05T14:54:28.638Z [4e7879f4-dd12-49dc-b602-5627b5ad2102][fdfbd39c-aa59-4b23-a3ac-5f2ddfb5b1b8] Ref image 6/7: chips 5→6 ✓
2026-09-05T14:54:30.150Z [4e7879f4-dd12-49dc-b602-5627b5ad2102][fdfbd39c-aa59-4b23-a3ac-5f2ddfb5b1b8] Ref image 7/7: downloading from URL...
2026-09-05T14:54:30.515Z [4e7879f4-dd12-49dc-b602-5627b5ad2102][fdfbd39c-aa59-4b23-a3ac-5f2ddfb5b1b8] Ref image 7/7: saved 329162 bytes (image/jpeg) as "Pink Flamingo Pool Float.jpeg"
2026-09-05T14:54:30.530Z [4e7879f4-dd12-49dc-b602-5627b5ad2102][fdfbd39c-aa59-4b23-a3ac-5f2ddfb5b1b8] Ref image 7/7: attaching reference image...
2026-09-05T14:54:32.949Z [4e7879f4-dd12-49dc-b602-5627b5ad2102][fdfbd39c-aa59-4b23-a3ac-5f2ddfb5b1b8] Ref image 7/7: reusing library asset "Pink Flamingo Pool Float.jpeg" (no re-upload).
2026-09-05T14:54:36.471Z [4e7879f4-dd12-49dc-b602-5627b5ad2102][fdfbd39c-aa59-4b23-a3ac-5f2ddfb5b1b8] Ref image 7/7: chips 6→7 ✓
2026-09-05T14:54:36.485Z [4e7879f4-dd12-49dc-b602-5627b5ad2102][fdfbd39c-aa59-4b23-a3ac-5f2ddfb5b1b8] Entering prompt...
2026-09-05T14:54:38.237Z [4e7879f4-dd12-49dc-b602-5627b5ad2102][fdfbd39c-aa59-4b23-a3ac-5f2ddfb5b1b8] Prompt is 2430 chars — typing it in 28 chunk(s).
2026-09-05T14:54:51.514Z [4e7879f4-dd12-49dc-b602-5627b5ad2102][fdfbd39c-aa59-4b23-a3ac-5f2ddfb5b1b8] Prompt insert attempt 1: editor has 2297 chars (want ~2424) ✓
2026-09-05T14:54:53.324Z [4e7879f4-dd12-49dc-b602-5627b5ad2102][fdfbd39c-aa59-4b23-a3ac-5f2ddfb5b1b8] Baseline: 27 pre-existing media tile(s) of 27 mounted (kinds: image,image,image,image,image,image,image,image,image,image,image,image,image,image,image,image,image,image,image,image,image,image,image,image,image,image,image).
2026-09-05T14:54:55.431Z [4e7879f4-dd12-49dc-b602-5627b5ad2102][fdfbd39c-aa59-4b23-a3ac-5f2ddfb5b1b8] [submit] confirmed (editor "What do you want to ", fresh tile=true).
2026-09-05T14:54:55.900Z [4e7879f4-dd12-49dc-b602-5627b5ad2102][fdfbd39c-aa59-4b23-a3ac-5f2ddfb5b1b8] Current Workspace project URL: https://flow.google.com/project/390215dc-290f-4b92-a7f0-dd2b6651acfb?hl=en
2026-09-05T14:54:55.903Z [4e7879f4-dd12-49dc-b602-5627b5ad2102][fdfbd39c-aa59-4b23-a3ac-5f2ddfb5b1b8] Submitted ✓ Detecting batch size...
2026-09-05T14:54:55.939Z [4e7879f4-dd12-49dc-b602-5627b5ad2102][fdfbd39c-aa59-4b23-a3ac-5f2ddfb5b1b8] New tile(s) since submit: 0 → 4 (mounted=27)
2026-09-05T14:55:00.195Z [4e7879f4-dd12-49dc-b602-5627b5ad2102][fdfbd39c-aa59-4b23-a3ac-5f2ddfb5b1b8] Batch size stabilised at 4 new tile(s)
2026-09-05T14:55:00.196Z [4e7879f4-dd12-49dc-b602-5627b5ad2102][fdfbd39c-aa59-4b23-a3ac-5f2ddfb5b1b8] Batch detected: 4 item(s). Generating...
2026-09-05T14:55:00.199Z [4e7879f4-dd12-49dc-b602-5627b5ad2102][fdfbd39c-aa59-4b23-a3ac-5f2ddfb5b1b8] Polling for 4 image item(s) (baseline=27, hasUpload=true)...
2026-09-05T14:55:00.231Z [4e7879f4-dd12-49dc-b602-5627b5ad2102][fdfbd39c-aa59-4b23-a3ac-5f2ddfb5b1b8] Generating... 0 ready, 0 failed / 4 total (0s) image 34% [NHÂN VẬT] image 34% [NHÂN VẬT] image 34% [NHÂN VẬT] image 34% [NHÂN VẬT]
2026-09-05T14:55:03.260Z [4e7879f4-dd12-49dc-b602-5627b5ad2102][fdfbd39c-aa59-4b23-a3ac-5f2ddfb5b1b8] Generating... 0 ready, 0 failed / 4 total (3s) image 54% [NHÂN VẬT] image 54% [NHÂN VẬT] image 54% [NHÂN VẬT] image 54% [NHÂN VẬT]
2026-09-05T14:55:06.287Z [4e7879f4-dd12-49dc-b602-5627b5ad2102][fdfbd39c-aa59-4b23-a3ac-5f2ddfb5b1b8] Generating... 0 ready, 0 failed / 4 total (6s) image 74% [NHÂN VẬT] image 75% [NHÂN VẬT] image 75% [NHÂN VẬT] image 75% [NHÂN VẬT]
2026-09-05T14:55:09.312Z [4e7879f4-dd12-49dc-b602-5627b5ad2102][fdfbd39c-aa59-4b23-a3ac-5f2ddfb5b1b8] Generating... 0 ready, 0 failed / 4 total (9s) image 95% [NHÂN VẬT] image 95% [NHÂN VẬT] image 95% [NHÂN VẬT] image 95% [NHÂN VẬT]
2026-09-05T14:55:12.339Z [4e7879f4-dd12-49dc-b602-5627b5ad2102][fdfbd39c-aa59-4b23-a3ac-5f2ddfb5b1b8] Generating... 0 ready, 0 failed / 4 total (12s) image 99% [NHÂN VẬT] image 99% [NHÂN VẬT] image 99% [NHÂN VẬT] image 99% [NHÂN VẬT]
2026-09-05T14:55:15.367Z [4e7879f4-dd12-49dc-b602-5627b5ad2102][fdfbd39c-aa59-4b23-a3ac-5f2ddfb5b1b8] Generating... 0 ready, 0 failed / 4 total (15s) image 99% [NHÂN VẬT] image 99% [NHÂN VẬT] image 99% [NHÂN VẬT] image 99% [NHÂN VẬT]
2026-09-05T14:55:18.394Z [4e7879f4-dd12-49dc-b602-5627b5ad2102][fdfbd39c-aa59-4b23-a3ac-5f2ddfb5b1b8] Generating... 0 ready, 0 failed / 4 total (18s) image 99% [NHÂN VẬT] image 99% [NHÂN VẬT] image 99% [NHÂN VẬT] image 99% [NHÂN VẬT]
2026-09-05T14:55:21.418Z [4e7879f4-dd12-49dc-b602-5627b5ad2102][fdfbd39c-aa59-4b23-a3ac-5f2ddfb5b1b8] Generating... 0 ready, 0 failed / 4 total (21s) image 99% [NHÂN VẬT] image 99% [NHÂN VẬT] image 99% [NHÂN VẬT] image 99% [NHÂN VẬT]
2026-09-05T14:55:24.442Z [4e7879f4-dd12-49dc-b602-5627b5ad2102][fdfbd39c-aa59-4b23-a3ac-5f2ddfb5b1b8] Generating... 0 ready, 0 failed / 4 total (24s) image 99% [NHÂN VẬT] image 99% [NHÂN VẬT] image 99% [NHÂN VẬT] image 99% [NHÂN VẬT]
2026-09-05T14:55:27.465Z [4e7879f4-dd12-49dc-b602-5627b5ad2102][fdfbd39c-aa59-4b23-a3ac-5f2ddfb5b1b8] Generating... 0 ready, 0 failed / 4 total (27s) image 99% [NHÂN VẬT] image 99% [NHÂN VẬT] image 99% [NHÂN VẬT] image 99% [NHÂN VẬT]
2026-09-05T14:55:30.496Z [4e7879f4-dd12-49dc-b602-5627b5ad2102][fdfbd39c-aa59-4b23-a3ac-5f2ddfb5b1b8] Generating... 0 ready, 0 failed / 4 total (30s) image 99% [NHÂN VẬT] image 99% [NHÂN VẬT] image 99% [NHÂN VẬT] image 99% [NHÂN VẬT]
2026-09-05T14:55:33.528Z [4e7879f4-dd12-49dc-b602-5627b5ad2102][fdfbd39c-aa59-4b23-a3ac-5f2ddfb5b1b8] Generating... 0 ready, 0 failed / 4 total (33s) image 99% [NHÂN VẬT] image 99% [NHÂN VẬT] image 99% [NHÂN VẬT] image 99% [NHÂN VẬT]
2026-09-05T14:55:36.558Z [4e7879f4-dd12-49dc-b602-5627b5ad2102][fdfbd39c-aa59-4b23-a3ac-5f2ddfb5b1b8] Generating... 0 ready, 0 failed / 4 total (36s) image 99% [NHÂN VẬT] image 99% [NHÂN VẬT] image 99% [NHÂN VẬT] [NHÂN VẬT]Arlo, Ness
2026-09-05T14:55:39.583Z [4e7879f4-dd12-49dc-b602-5627b5ad2102][fdfbd39c-aa59-4b23-a3ac-5f2ddfb5b1b8] Generating... 1 ready, 0 failed / 4 total (39s) image 99% [NHÂN VẬT] image 99% [NHÂN VẬT] image 99% [NHÂN VẬT]
2026-09-05T14:55:42.601Z [4e7879f4-dd12-49dc-b602-5627b5ad2102][fdfbd39c-aa59-4b23-a3ac-5f2ddfb5b1b8] Generating... 1 ready, 0 failed / 4 total (42s) [NHÂN VẬT]Arlo, Ness [NHÂN VẬT]Arlo, Ness image 99% [NHÂN VẬT]
2026-09-05T14:55:45.620Z [4e7879f4-dd12-49dc-b602-5627b5ad2102][fdfbd39c-aa59-4b23-a3ac-5f2ddfb5b1b8] Generating... 3 ready, 0 failed / 4 total (45s) image 99% [NHÂN VẬT]
2026-09-05T14:55:48.639Z [4e7879f4-dd12-49dc-b602-5627b5ad2102][fdfbd39c-aa59-4b23-a3ac-5f2ddfb5b1b8] Generating... 3 ready, 0 failed / 4 total (48s) image 99% [NHÂN VẬT]
2026-09-05T14:55:51.668Z [4e7879f4-dd12-49dc-b602-5627b5ad2102][fdfbd39c-aa59-4b23-a3ac-5f2ddfb5b1b8] Generating... 3 ready, 0 failed / 4 total (51s)
2026-09-05T14:55:54.695Z [4e7879f4-dd12-49dc-b602-5627b5ad2102][fdfbd39c-aa59-4b23-a3ac-5f2ddfb5b1b8] Generating... 3 ready, 0 failed / 4 total (54s)
2026-09-05T14:55:57.721Z [4e7879f4-dd12-49dc-b602-5627b5ad2102][fdfbd39c-aa59-4b23-a3ac-5f2ddfb5b1b8] Generating... 3 ready, 0 failed / 4 total (58s)
2026-09-05T14:56:00.732Z [4e7879f4-dd12-49dc-b602-5627b5ad2102][fdfbd39c-aa59-4b23-a3ac-5f2ddfb5b1b8] Generating... 3 ready, 0 failed / 4 total (61s)
2026-09-05T14:56:03.753Z [4e7879f4-dd12-49dc-b602-5627b5ad2102][fdfbd39c-aa59-4b23-a3ac-5f2ddfb5b1b8] Generating... 3 ready, 0 failed / 4 total (64s)
2026-09-05T14:56:06.770Z [4e7879f4-dd12-49dc-b602-5627b5ad2102][fdfbd39c-aa59-4b23-a3ac-5f2ddfb5b1b8] Generating... 3 ready, 0 failed / 4 total (67s)
2026-09-05T14:56:09.790Z [4e7879f4-dd12-49dc-b602-5627b5ad2102][fdfbd39c-aa59-4b23-a3ac-5f2ddfb5b1b8] Generating... 3 ready, 0 failed / 4 total (70s)
2026-09-05T14:56:12.804Z [4e7879f4-dd12-49dc-b602-5627b5ad2102][fdfbd39c-aa59-4b23-a3ac-5f2ddfb5b1b8] Generating... 3 ready, 0 failed / 4 total (73s)
2026-09-05T14:56:15.834Z [4e7879f4-dd12-49dc-b602-5627b5ad2102][fdfbd39c-aa59-4b23-a3ac-5f2ddfb5b1b8] Generating... 3 ready, 0 failed / 4 total (76s)
2026-09-05T14:56:18.858Z [4e7879f4-dd12-49dc-b602-5627b5ad2102][fdfbd39c-aa59-4b23-a3ac-5f2ddfb5b1b8] Generating... 3 ready, 0 failed / 4 total (79s)
2026-09-05T14:56:21.873Z [4e7879f4-dd12-49dc-b602-5627b5ad2102][fdfbd39c-aa59-4b23-a3ac-5f2ddfb5b1b8] Generating... 3 ready, 0 failed / 4 total (82s)
2026-09-05T14:56:24.884Z [4e7879f4-dd12-49dc-b602-5627b5ad2102][fdfbd39c-aa59-4b23-a3ac-5f2ddfb5b1b8] Generating... 3 ready, 0 failed / 4 total (85s)
2026-09-05T14:56:27.905Z [4e7879f4-dd12-49dc-b602-5627b5ad2102][fdfbd39c-aa59-4b23-a3ac-5f2ddfb5b1b8] Generating... 3 ready, 0 failed / 4 total (88s)
2026-09-05T14:56:30.932Z [4e7879f4-dd12-49dc-b602-5627b5ad2102][fdfbd39c-aa59-4b23-a3ac-5f2ddfb5b1b8] Generating... 3 ready, 0 failed / 4 total (91s)
2026-09-05T14:56:33.962Z [4e7879f4-dd12-49dc-b602-5627b5ad2102][fdfbd39c-aa59-4b23-a3ac-5f2ddfb5b1b8] Generating... 3 ready, 0 failed / 4 total (94s)
2026-09-05T14:56:37.004Z [4e7879f4-dd12-49dc-b602-5627b5ad2102][fdfbd39c-aa59-4b23-a3ac-5f2ddfb5b1b8] Generating... 3 ready, 0 failed / 4 total (97s)
2026-09-05T14:56:40.022Z [4e7879f4-dd12-49dc-b602-5627b5ad2102][fdfbd39c-aa59-4b23-a3ac-5f2ddfb5b1b8] Generating... 3 ready, 0 failed / 4 total (100s)
2026-09-05T14:56:43.045Z [4e7879f4-dd12-49dc-b602-5627b5ad2102][fdfbd39c-aa59-4b23-a3ac-5f2ddfb5b1b8] Generating... 3 ready, 0 failed / 4 total (103s)
2026-09-05T14:56:46.059Z [4e7879f4-dd12-49dc-b602-5627b5ad2102][fdfbd39c-aa59-4b23-a3ac-5f2ddfb5b1b8] Generating... 3 ready, 0 failed / 4 total (106s)
2026-09-05T14:56:49.074Z [4e7879f4-dd12-49dc-b602-5627b5ad2102][fdfbd39c-aa59-4b23-a3ac-5f2ddfb5b1b8] Generating... 3 ready, 0 failed / 4 total (109s)
2026-09-05T14:56:52.089Z [4e7879f4-dd12-49dc-b602-5627b5ad2102][fdfbd39c-aa59-4b23-a3ac-5f2ddfb5b1b8] Generating... 3 ready, 0 failed / 4 total (112s)
2026-09-05T14:56:55.121Z [4e7879f4-dd12-49dc-b602-5627b5ad2102][fdfbd39c-aa59-4b23-a3ac-5f2ddfb5b1b8] Generating... 3 ready, 0 failed / 4 total (115s)
2026-09-05T14:56:58.148Z [4e7879f4-dd12-49dc-b602-5627b5ad2102][fdfbd39c-aa59-4b23-a3ac-5f2ddfb5b1b8] Generating... 3 ready, 0 failed / 4 total (118s)
2026-09-05T14:57:01.188Z [4e7879f4-dd12-49dc-b602-5627b5ad2102][fdfbd39c-aa59-4b23-a3ac-5f2ddfb5b1b8] Generating... 3 ready, 0 failed / 4 total (121s)
2026-09-05T14:57:04.204Z [4e7879f4-dd12-49dc-b602-5627b5ad2102][fdfbd39c-aa59-4b23-a3ac-5f2ddfb5b1b8] Generating... 3 ready, 0 failed / 4 total (124s)
2026-09-05T14:57:07.218Z [4e7879f4-dd12-49dc-b602-5627b5ad2102][fdfbd39c-aa59-4b23-a3ac-5f2ddfb5b1b8] Generating... 3 ready, 0 failed / 4 total (127s)
2026-09-05T14:57:10.240Z [4e7879f4-dd12-49dc-b602-5627b5ad2102][fdfbd39c-aa59-4b23-a3ac-5f2ddfb5b1b8] Generating... 3 ready, 0 failed / 4 total (130s)
2026-09-05T14:57:13.263Z [4e7879f4-dd12-49dc-b602-5627b5ad2102][fdfbd39c-aa59-4b23-a3ac-5f2ddfb5b1b8] Generating... 3 ready, 0 failed / 4 total (133s)
2026-09-05T14:57:16.281Z [4e7879f4-dd12-49dc-b602-5627b5ad2102][fdfbd39c-aa59-4b23-a3ac-5f2ddfb5b1b8] Generating... 3 ready, 0 failed / 4 total (136s)
2026-09-05T14:57:19.299Z [4e7879f4-dd12-49dc-b602-5627b5ad2102][fdfbd39c-aa59-4b23-a3ac-5f2ddfb5b1b8] Generating... 3 ready, 0 failed / 4 total (139s)
2026-09-05T14:57:22.327Z [4e7879f4-dd12-49dc-b602-5627b5ad2102][fdfbd39c-aa59-4b23-a3ac-5f2ddfb5b1b8] Generating... 3 ready, 0 failed / 4 total (142s)
2026-09-05T14:57:25.352Z [4e7879f4-dd12-49dc-b602-5627b5ad2102][fdfbd39c-aa59-4b23-a3ac-5f2ddfb5b1b8] Generating... 3 ready, 0 failed / 4 total (145s)
2026-09-05T14:57:28.373Z [4e7879f4-dd12-49dc-b602-5627b5ad2102][fdfbd39c-aa59-4b23-a3ac-5f2ddfb5b1b8] Generating... 3 ready, 0 failed / 4 total (148s)
2026-09-05T14:57:31.391Z [4e7879f4-dd12-49dc-b602-5627b5ad2102][fdfbd39c-aa59-4b23-a3ac-5f2ddfb5b1b8] Generating... 3 ready, 0 failed / 4 total (151s)
2026-09-05T14:57:34.403Z [4e7879f4-dd12-49dc-b602-5627b5ad2102][fdfbd39c-aa59-4b23-a3ac-5f2ddfb5b1b8] Generating... 3 ready, 0 failed / 4 total (154s)
2026-09-05T14:57:37.431Z [4e7879f4-dd12-49dc-b602-5627b5ad2102][fdfbd39c-aa59-4b23-a3ac-5f2ddfb5b1b8] Generating... 3 ready, 0 failed / 4 total (157s)
2026-09-05T14:57:40.447Z [4e7879f4-dd12-49dc-b602-5627b5ad2102][fdfbd39c-aa59-4b23-a3ac-5f2ddfb5b1b8] Generating... 3 ready, 0 failed / 4 total (160s)
2026-09-05T14:57:43.460Z [4e7879f4-dd12-49dc-b602-5627b5ad2102][fdfbd39c-aa59-4b23-a3ac-5f2ddfb5b1b8] Generating... 3 ready, 0 failed / 4 total (163s)
2026-09-05T14:57:46.476Z [4e7879f4-dd12-49dc-b602-5627b5ad2102][fdfbd39c-aa59-4b23-a3ac-5f2ddfb5b1b8] Generating... 3 ready, 0 failed / 4 total (166s)
2026-09-05T14:57:49.495Z [4e7879f4-dd12-49dc-b602-5627b5ad2102][fdfbd39c-aa59-4b23-a3ac-5f2ddfb5b1b8] Generating... 3 ready, 0 failed / 4 total (169s)
2026-09-05T14:57:52.517Z [4e7879f4-dd12-49dc-b602-5627b5ad2102][fdfbd39c-aa59-4b23-a3ac-5f2ddfb5b1b8] Generating... 3 ready, 0 failed / 4 total (172s)
2026-09-05T14:57:55.547Z [4e7879f4-dd12-49dc-b602-5627b5ad2102][fdfbd39c-aa59-4b23-a3ac-5f2ddfb5b1b8] Generating... 3 ready, 0 failed / 4 total (175s)
2026-09-05T14:57:58.569Z [4e7879f4-dd12-49dc-b602-5627b5ad2102][fdfbd39c-aa59-4b23-a3ac-5f2ddfb5b1b8] Generating... 3 ready, 0 failed / 4 total (178s)
2026-09-05T14:58:01.579Z [4e7879f4-dd12-49dc-b602-5627b5ad2102][fdfbd39c-aa59-4b23-a3ac-5f2ddfb5b1b8] Poll ended with 3/4 ready — salvaging the completed item(s).
2026-09-05T14:58:01.580Z [4e7879f4-dd12-49dc-b602-5627b5ad2102][fdfbd39c-aa59-4b23-a3ac-5f2ddfb5b1b8] 3 item(s) ready! Downloading...
2026-09-05T14:58:01.582Z [4e7879f4-dd12-49dc-b602-5627b5ad2102][fdfbd39c-aa59-4b23-a3ac-5f2ddfb5b1b8] Item 1: Downloading from URL https://flow-content.google/image/28dfcefa-8082-4096-b5b1-fd62d60a85a5?Expires=1788641697&KeyName=labs-flow-prod-cdn-key&Signature=YLRKFZBx8OeWVnjH0gXZC3ltY2w
2026-09-05T14:58:02.039Z [4e7879f4-dd12-49dc-b602-5627b5ad2102][fdfbd39c-aa59-4b23-a3ac-5f2ddfb5b1b8] Downloaded 1/3: winai_2026-09-05T14-58-01_01.jpg
2026-09-05T14:58:02.043Z [4e7879f4-dd12-49dc-b602-5627b5ad2102][fdfbd39c-aa59-4b23-a3ac-5f2ddfb5b1b8] Item 2: Downloading from URL https://flow-content.google/image/440428e4-8cfd-4ab5-998e-e267c2fadccb?Expires=1788641695&KeyName=labs-flow-prod-cdn-key&Signature=yY6LFSs5ZPSysIxVV1x_2T0gTNU
2026-09-05T14:58:02.182Z [4e7879f4-dd12-49dc-b602-5627b5ad2102][fdfbd39c-aa59-4b23-a3ac-5f2ddfb5b1b8] Downloaded 2/3: winai_2026-09-05T14-58-01_02.jpg
2026-09-05T14:58:02.184Z [4e7879f4-dd12-49dc-b602-5627b5ad2102][fdfbd39c-aa59-4b23-a3ac-5f2ddfb5b1b8] Item 3: Downloading from URL https://flow-content.google/image/4de52c36-b484-475d-b375-883369b76ca2?Expires=1788641694&KeyName=labs-flow-prod-cdn-key&Signature=h4VemDE6LP6Bg5ezACKDAe4DpJ4
2026-09-05T14:58:02.321Z [4e7879f4-dd12-49dc-b602-5627b5ad2102][fdfbd39c-aa59-4b23-a3ac-5f2ddfb5b1b8] Downloaded 3/3: winai_2026-09-05T14-58-01_03.jpg
2026-09-05T14:58:02.321Z [4e7879f4-dd12-49dc-b602-5627b5ad2102][fdfbd39c-aa59-4b23-a3ac-5f2ddfb5b1b8] ✅ 3 item(s) saved to Downloads/Win AI Toolkit/
2026-09-05T14:58:02.606Z [2f3eb441-638b-4c2a-af15-7d6c7a980b8b][fdfbd39c-aa59-4b23-a3ac-5f2ddfb5b1b8] runGeneration starting: task_id=2f3eb441-638b-4c2a-af15-7d6c7a980b8b, profile_id=fdfbd39c-aa59-4b23-a3ac-5f2ddfb5b1b8, target_site=google_flow
2026-09-05T14:58:02.611Z [2f3eb441-638b-4c2a-af15-7d6c7a980b8b][fdfbd39c-aa59-4b23-a3ac-5f2ddfb5b1b8] Opening Playwright browser with persistent profile cookies...
2026-09-05T14:58:02.612Z [2f3eb441-638b-4c2a-af15-7d6c7a980b8b][fdfbd39c-aa59-4b23-a3ac-5f2ddfb5b1b8] Browser engine: winhide (C:\Users\MienTrungComputer\AppData\Roaming\com.tank.winai\winhide\chrome.exe) [hidden off-screen]
2026-09-05T14:58:02.616Z [2f3eb441-638b-4c2a-af15-7d6c7a980b8b][fdfbd39c-aa59-4b23-a3ac-5f2ddfb5b1b8] Launch mode: STEALTH (raw spawn + connectOverCDP)
2026-09-05T14:58:02.949Z [4e7879f4-dd12-49dc-b602-5627b5ad2102][fdfbd39c-aa59-4b23-a3ac-5f2ddfb5b1b8] Item 1: Uploaded → https://studio.xanhmedia.vn/uploads/2026-09/1788620281934_dad757_fdfbd39c-aa59-4b23-a3ac-5f2ddfb5b1b8_4e7.jpg
2026-09-05T14:58:02.991Z [4e7879f4-dd12-49dc-b602-5627b5ad2102][fdfbd39c-aa59-4b23-a3ac-5f2ddfb5b1b8] Item 2: Uploaded → https://studio.xanhmedia.vn/uploads/2026-09/1788620281972_93ca5b_fdfbd39c-aa59-4b23-a3ac-5f2ddfb5b1b8_4e7.jpg
2026-09-05T14:58:03.035Z [4e7879f4-dd12-49dc-b602-5627b5ad2102][fdfbd39c-aa59-4b23-a3ac-5f2ddfb5b1b8] Item 3: Uploaded → https://studio.xanhmedia.vn/uploads/2026-09/1788620282010_fa8dd5_fdfbd39c-aa59-4b23-a3ac-5f2ddfb5b1b8_4e7.jpg
2026-09-05T14:58:03.039Z [4e7879f4-dd12-49dc-b602-5627b5ad2102][fdfbd39c-aa59-4b23-a3ac-5f2ddfb5b1b8] All done (including any 1080p upgrades). Closing Playwright browser context.
2026-09-05T14:58:05.099Z [2f3eb441-638b-4c2a-af15-7d6c7a980b8b][fdfbd39c-aa59-4b23-a3ac-5f2ddfb5b1b8] Exit IP: 125.212.158.158
2026-09-05T14:58:05.100Z [2f3eb441-638b-4c2a-af15-7d6c7a980b8b][fdfbd39c-aa59-4b23-a3ac-5f2ddfb5b1b8] Navigating browser to Google Flow tools page...
2026-09-05T14:58:05.101Z [2f3eb441-638b-4c2a-af15-7d6c7a980b8b][fdfbd39c-aa59-4b23-a3ac-5f2ddfb5b1b8] Using existing project URL: https://flow.google.com/project/390215dc-290f-4b92-a7f0-dd2b6651acfb?hl=en
2026-09-05T14:58:06.088Z [2f3eb441-638b-4c2a-af15-7d6c7a980b8b][fdfbd39c-aa59-4b23-a3ac-5f2ddfb5b1b8] Waiting for Google Flow...
2026-09-05T14:58:08.222Z [2f3eb441-638b-4c2a-af15-7d6c7a980b8b][fdfbd39c-aa59-4b23-a3ac-5f2ddfb5b1b8] In existing project ✓
2026-09-05T14:58:09.439Z [2f3eb441-638b-4c2a-af15-7d6c7a980b8b][fdfbd39c-aa59-4b23-a3ac-5f2ddfb5b1b8] dismissPopups: unresolved overlay(s) ["IFRAME[presentation]|btns="]
2026-09-05T14:58:12.022Z [2f3eb441-638b-4c2a-af15-7d6c7a980b8b][fdfbd39c-aa59-4b23-a3ac-5f2ddfb5b1b8] Composer ready ✓ (UI language: en)
2026-09-05T14:58:12.048Z [2f3eb441-638b-4c2a-af15-7d6c7a980b8b][fdfbd39c-aa59-4b23-a3ac-5f2ddfb5b1b8] dismissPopups: clicked "Dismiss credit banner" (overlay)
2026-09-05T14:58:12.591Z [2f3eb441-638b-4c2a-af15-7d6c7a980b8b][fdfbd39c-aa59-4b23-a3ac-5f2ddfb5b1b8] dismissPopups: unresolved overlay(s) ["DIV[]|btns=","DIV[]|btns="]
2026-09-05T14:58:12.625Z [2f3eb441-638b-4c2a-af15-7d6c7a980b8b][fdfbd39c-aa59-4b23-a3ac-5f2ddfb5b1b8] Agent toggle aria-pressed=false
2026-09-05T14:58:12.626Z [2f3eb441-638b-4c2a-af15-7d6c7a980b8b][fdfbd39c-aa59-4b23-a3ac-5f2ddfb5b1b8] Opening settings...
2026-09-05T14:58:14.324Z [2f3eb441-638b-4c2a-af15-7d6c7a980b8b][fdfbd39c-aa59-4b23-a3ac-5f2ddfb5b1b8] Configuring image settings...
2026-09-05T14:58:16.121Z [2f3eb441-638b-4c2a-af15-7d6c7a980b8b][fdfbd39c-aa59-4b23-a3ac-5f2ddfb5b1b8] Mode: selected "image Image" ✓
2026-09-05T14:58:21.132Z [2f3eb441-638b-4c2a-af15-7d6c7a980b8b][fdfbd39c-aa59-4b23-a3ac-5f2ddfb5b1b8] Model: selected "🍌 Nano Banana 2" ✓
2026-09-05T14:58:21.814Z [2f3eb441-638b-4c2a-af15-7d6c7a980b8b][fdfbd39c-aa59-4b23-a3ac-5f2ddfb5b1b8] Aspect ratio: "crop_16_9 16:9" already selected ✓
2026-09-05T14:58:23.340Z [2f3eb441-638b-4c2a-af15-7d6c7a980b8b][fdfbd39c-aa59-4b23-a3ac-5f2ddfb5b1b8] Output count: selected "x4" ✓
2026-09-05T14:58:24.455Z [2f3eb441-638b-4c2a-af15-7d6c7a980b8b][fdfbd39c-aa59-4b23-a3ac-5f2ddfb5b1b8] Ref image 1/5: downloading from URL...
2026-09-05T14:58:24.763Z [2f3eb441-638b-4c2a-af15-7d6c7a980b8b][fdfbd39c-aa59-4b23-a3ac-5f2ddfb5b1b8] Downloader: no-proxy request context ready.
2026-09-05T14:58:25.457Z [2f3eb441-638b-4c2a-af15-7d6c7a980b8b][fdfbd39c-aa59-4b23-a3ac-5f2ddfb5b1b8] Ref image 1/5: saved 635164 bytes (image/jpeg) as "Arlo Vale Color Pool War Muddy State.jpeg"
2026-09-05T14:58:25.462Z [2f3eb441-638b-4c2a-af15-7d6c7a980b8b][fdfbd39c-aa59-4b23-a3ac-5f2ddfb5b1b8] Ref image 1/5: attaching reference image...
2026-09-05T14:58:27.807Z [2f3eb441-638b-4c2a-af15-7d6c7a980b8b][fdfbd39c-aa59-4b23-a3ac-5f2ddfb5b1b8] Ref image 1/5: reusing library asset "Arlo Vale Color Pool War Muddy State.jpeg" (no re-upload).
2026-09-05T14:58:31.012Z [2f3eb441-638b-4c2a-af15-7d6c7a980b8b][fdfbd39c-aa59-4b23-a3ac-5f2ddfb5b1b8] Ref image 1/5: chips 0→1 ✓
2026-09-05T14:58:32.209Z [2f3eb441-638b-4c2a-af15-7d6c7a980b8b][fdfbd39c-aa59-4b23-a3ac-5f2ddfb5b1b8] Ref image 2/5: downloading from URL...
2026-09-05T14:58:32.620Z [2f3eb441-638b-4c2a-af15-7d6c7a980b8b][fdfbd39c-aa59-4b23-a3ac-5f2ddfb5b1b8] Ref image 2/5: saved 716596 bytes (image/jpeg) as "Nessa Vale Color Pool War Muddy State.jpeg"
2026-09-05T14:58:32.639Z [2f3eb441-638b-4c2a-af15-7d6c7a980b8b][fdfbd39c-aa59-4b23-a3ac-5f2ddfb5b1b8] Ref image 2/5: attaching reference image...
2026-09-05T14:58:34.902Z [2f3eb441-638b-4c2a-af15-7d6c7a980b8b][fdfbd39c-aa59-4b23-a3ac-5f2ddfb5b1b8] Ref image 2/5: reusing library asset "Nessa Vale Color Pool War Muddy State.jpeg" (no re-upload).
2026-09-05T14:58:38.571Z [2f3eb441-638b-4c2a-af15-7d6c7a980b8b][fdfbd39c-aa59-4b23-a3ac-5f2ddfb5b1b8] Ref image 2/5: chips 1→2 ✓
2026-09-05T14:58:39.769Z [2f3eb441-638b-4c2a-af15-7d6c7a980b8b][fdfbd39c-aa59-4b23-a3ac-5f2ddfb5b1b8] Ref image 3/5: downloading from URL...
2026-09-05T14:58:40.131Z [2f3eb441-638b-4c2a-af15-7d6c7a980b8b][fdfbd39c-aa59-4b23-a3ac-5f2ddfb5b1b8] Ref image 3/5: saved 673040 bytes (image/jpeg) as "Graham Vale Color Pool War Backyard.jpeg"
2026-09-05T14:58:40.138Z [2f3eb441-638b-4c2a-af15-7d6c7a980b8b][fdfbd39c-aa59-4b23-a3ac-5f2ddfb5b1b8] Ref image 3/5: attaching reference image...
2026-09-05T14:58:42.156Z [2f3eb441-638b-4c2a-af15-7d6c7a980b8b][fdfbd39c-aa59-4b23-a3ac-5f2ddfb5b1b8] Ref image 3/5: "Graham Vale Color Pool War Backyard.jpeg" not in the library yet — uploading it first.
2026-09-05T14:58:46.564Z [2f3eb441-638b-4c2a-af15-7d6c7a980b8b][fdfbd39c-aa59-4b23-a3ac-5f2ddfb5b1b8] Ref image 3/5: uploading "Graham Vale Color Pool War Backyard.jpeg" to the project library...
2026-09-05T14:58:47.451Z [2f3eb441-638b-4c2a-af15-7d6c7a980b8b][fdfbd39c-aa59-4b23-a3ac-5f2ddfb5b1b8] Ref image 3/5: upload finished ✓
2026-09-05T14:58:58.193Z [2f3eb441-638b-4c2a-af15-7d6c7a980b8b][fdfbd39c-aa59-4b23-a3ac-5f2ddfb5b1b8] Ref image 3/5: chips 2→3 ✓
2026-09-05T14:58:59.130Z [2f3eb441-638b-4c2a-af15-7d6c7a980b8b][fdfbd39c-aa59-4b23-a3ac-5f2ddfb5b1b8] Ref image 4/5: downloading from URL...
2026-09-05T14:58:59.483Z [2f3eb441-638b-4c2a-af15-7d6c7a980b8b][fdfbd39c-aa59-4b23-a3ac-5f2ddfb5b1b8] Ref image 4/5: saved 544392 bytes (image/jpeg) as "Elara Vale Color Pool War Backyard.jpeg"
2026-09-05T14:58:59.494Z [2f3eb441-638b-4c2a-af15-7d6c7a980b8b][fdfbd39c-aa59-4b23-a3ac-5f2ddfb5b1b8] Ref image 4/5: attaching reference image...
2026-09-05T14:59:02.131Z [2f3eb441-638b-4c2a-af15-7d6c7a980b8b][fdfbd39c-aa59-4b23-a3ac-5f2ddfb5b1b8] Ref image 4/5: "Elara Vale Color Pool War Backyard.jpeg" not in the library yet — uploading it first.
2026-09-05T14:59:06.175Z [2f3eb441-638b-4c2a-af15-7d6c7a980b8b][fdfbd39c-aa59-4b23-a3ac-5f2ddfb5b1b8] Ref image 4/5: uploading "Elara Vale Color Pool War Backyard.jpeg" to the project library...
2026-09-05T14:59:06.938Z [2f3eb441-638b-4c2a-af15-7d6c7a980b8b][fdfbd39c-aa59-4b23-a3ac-5f2ddfb5b1b8] Ref image 4/5: upload finished ✓
2026-09-05T14:59:16.521Z [2f3eb441-638b-4c2a-af15-7d6c7a980b8b][fdfbd39c-aa59-4b23-a3ac-5f2ddfb5b1b8] Ref image 4/5: chips 3→4 ✓
2026-09-05T14:59:17.686Z [2f3eb441-638b-4c2a-af15-7d6c7a980b8b][fdfbd39c-aa59-4b23-a3ac-5f2ddfb5b1b8] Ref image 5/5: downloading from URL...
2026-09-05T14:59:18.053Z [2f3eb441-638b-4c2a-af15-7d6c7a980b8b][fdfbd39c-aa59-4b23-a3ac-5f2ddfb5b1b8] Ref image 5/5: saved 585044 bytes (image/jpeg) as "Arlo Family Inflatable Pool Progress Set.jpeg"
2026-09-05T14:59:18.067Z [2f3eb441-638b-4c2a-af15-7d6c7a980b8b][fdfbd39c-aa59-4b23-a3ac-5f2ddfb5b1b8] Ref image 5/5: attaching reference image...
2026-09-05T14:59:20.446Z [2f3eb441-638b-4c2a-af15-7d6c7a980b8b][fdfbd39c-aa59-4b23-a3ac-5f2ddfb5b1b8] Ref image 5/5: reusing library asset "Arlo Family Inflatable Pool Progress Set.jpeg" (no re-upload).
2026-09-05T14:59:24.271Z [2f3eb441-638b-4c2a-af15-7d6c7a980b8b][fdfbd39c-aa59-4b23-a3ac-5f2ddfb5b1b8] Ref image 5/5: chips 4→5 ✓
2026-09-05T14:59:24.286Z [2f3eb441-638b-4c2a-af15-7d6c7a980b8b][fdfbd39c-aa59-4b23-a3ac-5f2ddfb5b1b8] Entering prompt...
2026-09-05T14:59:26.121Z [2f3eb441-638b-4c2a-af15-7d6c7a980b8b][fdfbd39c-aa59-4b23-a3ac-5f2ddfb5b1b8] Prompt is 2400 chars — typing it in 29 chunk(s).
2026-09-05T14:59:39.040Z [2f3eb441-638b-4c2a-af15-7d6c7a980b8b][fdfbd39c-aa59-4b23-a3ac-5f2ddfb5b1b8] Prompt insert attempt 1: editor has 2267 chars (want ~2394) ✓
2026-09-05T14:59:40.690Z [2f3eb441-638b-4c2a-af15-7d6c7a980b8b][fdfbd39c-aa59-4b23-a3ac-5f2ddfb5b1b8] Baseline: 27 pre-existing media tile(s) of 27 mounted (kinds: image,image,image,image,image,image,image,image,image,image,image,image,image,image,image,image,image,image,image,image,image,image,image,image,image,image,image).
2026-09-05T14:59:43.036Z [2f3eb441-638b-4c2a-af15-7d6c7a980b8b][fdfbd39c-aa59-4b23-a3ac-5f2ddfb5b1b8] [submit] confirmed (editor "What do you want to ", fresh tile=true).
2026-09-05T14:59:43.740Z [2f3eb441-638b-4c2a-af15-7d6c7a980b8b][fdfbd39c-aa59-4b23-a3ac-5f2ddfb5b1b8] Current Workspace project URL: https://flow.google.com/project/390215dc-290f-4b92-a7f0-dd2b6651acfb?hl=en
2026-09-05T14:59:43.745Z [2f3eb441-638b-4c2a-af15-7d6c7a980b8b][fdfbd39c-aa59-4b23-a3ac-5f2ddfb5b1b8] Submitted ✓ Detecting batch size...
2026-09-05T14:59:43.790Z [2f3eb441-638b-4c2a-af15-7d6c7a980b8b][fdfbd39c-aa59-4b23-a3ac-5f2ddfb5b1b8] New tile(s) since submit: 0 → 4 (mounted=27)
2026-09-05T14:59:48.006Z [2f3eb441-638b-4c2a-af15-7d6c7a980b8b][fdfbd39c-aa59-4b23-a3ac-5f2ddfb5b1b8] Batch size stabilised at 4 new tile(s)
2026-09-05T14:59:48.007Z [2f3eb441-638b-4c2a-af15-7d6c7a980b8b][fdfbd39c-aa59-4b23-a3ac-5f2ddfb5b1b8] Batch detected: 4 item(s). Generating...
2026-09-05T14:59:48.007Z [2f3eb441-638b-4c2a-af15-7d6c7a980b8b][fdfbd39c-aa59-4b23-a3ac-5f2ddfb5b1b8] Polling for 4 image item(s) (baseline=27, hasUpload=true)...
2026-09-05T14:59:48.024Z [2f3eb441-638b-4c2a-af15-7d6c7a980b8b][fdfbd39c-aa59-4b23-a3ac-5f2ddfb5b1b8] Generating... 0 ready, 0 failed / 4 total (0s) image 34% [NHÂN VẬT] image 34% [NHÂN VẬT] image 34% [NHÂN VẬT] image 35% [NHÂN VẬT]
2026-09-05T14:59:51.054Z [2f3eb441-638b-4c2a-af15-7d6c7a980b8b][fdfbd39c-aa59-4b23-a3ac-5f2ddfb5b1b8] Generating... 0 ready, 0 failed / 4 total (3s) image 55% [NHÂN VẬT] image 55% [NHÂN VẬT] image 55% [NHÂN VẬT] image 55% [NHÂN VẬT]
2026-09-05T14:59:54.074Z [2f3eb441-638b-4c2a-af15-7d6c7a980b8b][fdfbd39c-aa59-4b23-a3ac-5f2ddfb5b1b8] Generating... 0 ready, 0 failed / 4 total (6s) image 75% [NHÂN VẬT] image 75% [NHÂN VẬT] image 75% [NHÂN VẬT] image 75% [NHÂN VẬT]
2026-09-05T14:59:57.102Z [2f3eb441-638b-4c2a-af15-7d6c7a980b8b][fdfbd39c-aa59-4b23-a3ac-5f2ddfb5b1b8] Generating... 0 ready, 0 failed / 4 total (9s) image 95% [NHÂN VẬT] image 95% [NHÂN VẬT] image 95% [NHÂN VẬT] image 95% [NHÂN VẬT]
2026-09-05T15:00:00.125Z [2f3eb441-638b-4c2a-af15-7d6c7a980b8b][fdfbd39c-aa59-4b23-a3ac-5f2ddfb5b1b8] Generating... 0 ready, 0 failed / 4 total (12s) image 99% [NHÂN VẬT] image 99% [NHÂN VẬT] image 99% [NHÂN VẬT] image 99% [NHÂN VẬT]
2026-09-05T15:00:03.153Z [2f3eb441-638b-4c2a-af15-7d6c7a980b8b][fdfbd39c-aa59-4b23-a3ac-5f2ddfb5b1b8] Generating... 0 ready, 0 failed / 4 total (15s) image 99% [NHÂN VẬT] image 99% [NHÂN VẬT] image 99% [NHÂN VẬT] image 99% [NHÂN VẬT]
2026-09-05T15:00:06.188Z [2f3eb441-638b-4c2a-af15-7d6c7a980b8b][fdfbd39c-aa59-4b23-a3ac-5f2ddfb5b1b8] Generating... 0 ready, 0 failed / 4 total (18s) image 99% [NHÂN VẬT] image 99% [NHÂN VẬT] image 99% [NHÂN VẬT] image 99% [NHÂN VẬT]
2026-09-05T15:00:09.216Z [2f3eb441-638b-4c2a-af15-7d6c7a980b8b][fdfbd39c-aa59-4b23-a3ac-5f2ddfb5b1b8] Generating... 0 ready, 0 failed / 4 total (21s) image 99% [NHÂN VẬT] image 99% [NHÂN VẬT] image 99% [NHÂN VẬT] image 99% [NHÂN VẬT]
2026-09-05T15:00:12.247Z [2f3eb441-638b-4c2a-af15-7d6c7a980b8b][fdfbd39c-aa59-4b23-a3ac-5f2ddfb5b1b8] Generating... 0 ready, 0 failed / 4 total (24s) image 99% [NHÂN VẬT] image 99% [NHÂN VẬT] image 99% [NHÂN VẬT] image 99% [NHÂN VẬT]
2026-09-05T15:00:15.274Z [2f3eb441-638b-4c2a-af15-7d6c7a980b8b][fdfbd39c-aa59-4b23-a3ac-5f2ddfb5b1b8] Generating... 0 ready, 0 failed / 4 total (27s) image 99% [NHÂN VẬT] image 99% [NHÂN VẬT] image 99% [NHÂN VẬT] image 99% [NHÂN VẬT]
2026-09-05T15:00:18.314Z [2f3eb441-638b-4c2a-af15-7d6c7a980b8b][fdfbd39c-aa59-4b23-a3ac-5f2ddfb5b1b8] Generating... 0 ready, 0 failed / 4 total (30s) image 99% [NHÂN VẬT] image 99% [NHÂN VẬT] image 99% [NHÂN VẬT] image 99% [NHÂN VẬT]
2026-09-05T15:00:21.361Z [2f3eb441-638b-4c2a-af15-7d6c7a980b8b][fdfbd39c-aa59-4b23-a3ac-5f2ddfb5b1b8] Generating... 0 ready, 0 failed / 4 total (33s) image 99% [NHÂN VẬT] image 99% [NHÂN VẬT] image 99% [NHÂN VẬT] image 99% [NHÂN VẬT]
2026-09-05T15:00:24.390Z [2f3eb441-638b-4c2a-af15-7d6c7a980b8b][fdfbd39c-aa59-4b23-a3ac-5f2ddfb5b1b8] Generating... 0 ready, 0 failed / 4 total (36s) [NHÂN VẬT]Arlo, Ness image 99% [NHÂN VẬT] [NHÂN VẬT]Arlo, Ness image 100% [NHÂN VẬT
2026-09-05T15:00:27.430Z [2f3eb441-638b-4c2a-af15-7d6c7a980b8b][fdfbd39c-aa59-4b23-a3ac-5f2ddfb5b1b8] Generating... 2 ready, 0 failed / 4 total (39s) [NHÂN VẬT]Arlo, Ness [NHÂN VẬT]Arlo, Ness
2026-09-05T15:00:30.444Z [2f3eb441-638b-4c2a-af15-7d6c7a980b8b][fdfbd39c-aa59-4b23-a3ac-5f2ddfb5b1b8] Generating... 4 ready, 0 failed / 4 total (42s)
2026-09-05T15:00:30.447Z [2f3eb441-638b-4c2a-af15-7d6c7a980b8b][fdfbd39c-aa59-4b23-a3ac-5f2ddfb5b1b8] Batch done: 4 ready (target 4), 0 failed, scanned 4.
2026-09-05T15:00:30.448Z [2f3eb441-638b-4c2a-af15-7d6c7a980b8b][fdfbd39c-aa59-4b23-a3ac-5f2ddfb5b1b8] 4 item(s) ready! Downloading...
2026-09-05T15:00:30.451Z [2f3eb441-638b-4c2a-af15-7d6c7a980b8b][fdfbd39c-aa59-4b23-a3ac-5f2ddfb5b1b8] Item 1: Downloading from URL https://flow-content.google/image/142aae8f-0032-43bf-adde-3d9c9ba09beb?Expires=1788641984&KeyName=labs-flow-prod-cdn-key&Signature=4ykbMt9F9Y9HdujFunROfV5aTQg
2026-09-05T15:00:30.737Z [2f3eb441-638b-4c2a-af15-7d6c7a980b8b][fdfbd39c-aa59-4b23-a3ac-5f2ddfb5b1b8] Downloaded 1/4: winai_2026-09-05T15-00-30_01.jpg
2026-09-05T15:00:30.739Z [2f3eb441-638b-4c2a-af15-7d6c7a980b8b][fdfbd39c-aa59-4b23-a3ac-5f2ddfb5b1b8] Item 2: Downloading from URL https://flow-content.google/image/b5d95f95-9c57-4025-8ea8-c65e30304d77?Expires=1788641983&KeyName=labs-flow-prod-cdn-key&Signature=WYXf79q_0Ec7Zlt1jbWvf2amZzc
2026-09-05T15:00:30.860Z [2f3eb441-638b-4c2a-af15-7d6c7a980b8b][fdfbd39c-aa59-4b23-a3ac-5f2ddfb5b1b8] Downloaded 2/4: winai_2026-09-05T15-00-30_02.jpg
2026-09-05T15:00:30.861Z [2f3eb441-638b-4c2a-af15-7d6c7a980b8b][fdfbd39c-aa59-4b23-a3ac-5f2ddfb5b1b8] Item 3: Downloading from URL https://flow-content.google/image/e9c3becb-0441-4463-aaab-f08ae88da487?Expires=1788641982&KeyName=labs-flow-prod-cdn-key&Signature=AXUvOPA2PE3r3jsRh22t4cpMp5o
2026-09-05T15:00:30.990Z [2f3eb441-638b-4c2a-af15-7d6c7a980b8b][fdfbd39c-aa59-4b23-a3ac-5f2ddfb5b1b8] Downloaded 3/4: winai_2026-09-05T15-00-30_03.jpg
2026-09-05T15:00:30.992Z [2f3eb441-638b-4c2a-af15-7d6c7a980b8b][fdfbd39c-aa59-4b23-a3ac-5f2ddfb5b1b8] Item 4: Downloading from URL https://flow-content.google/image/600e1988-def9-48ca-8dec-67667e4ccc15?Expires=1788641981&KeyName=labs-flow-prod-cdn-key&Signature=ajZ2dMnEgOo6M9MFFiQb4fY3ByQ
2026-09-05T15:00:31.117Z [2f3eb441-638b-4c2a-af15-7d6c7a980b8b][fdfbd39c-aa59-4b23-a3ac-5f2ddfb5b1b8] Downloaded 4/4: winai_2026-09-05T15-00-30_04.jpg
2026-09-05T15:00:31.117Z [2f3eb441-638b-4c2a-af15-7d6c7a980b8b][fdfbd39c-aa59-4b23-a3ac-5f2ddfb5b1b8] ✅ 4 item(s) saved to Downloads/Win AI Toolkit/
2026-09-05T15:00:31.363Z [43414048-8cad-444f-908b-97f11c37f344][fdfbd39c-aa59-4b23-a3ac-5f2ddfb5b1b8] runGeneration starting: task_id=43414048-8cad-444f-908b-97f11c37f344, profile_id=fdfbd39c-aa59-4b23-a3ac-5f2ddfb5b1b8, target_site=google_flow
2026-09-05T15:00:31.364Z [43414048-8cad-444f-908b-97f11c37f344][fdfbd39c-aa59-4b23-a3ac-5f2ddfb5b1b8] Opening Playwright browser with persistent profile cookies...
2026-09-05T15:00:31.367Z [43414048-8cad-444f-908b-97f11c37f344][fdfbd39c-aa59-4b23-a3ac-5f2ddfb5b1b8] Browser engine: winhide (C:\Users\MienTrungComputer\AppData\Roaming\com.tank.winai\winhide\chrome.exe) [hidden off-screen]
2026-09-05T15:00:31.371Z [43414048-8cad-444f-908b-97f11c37f344][fdfbd39c-aa59-4b23-a3ac-5f2ddfb5b1b8] Launch mode: STEALTH (raw spawn + connectOverCDP)
2026-09-05T15:00:31.668Z [2f3eb441-638b-4c2a-af15-7d6c7a980b8b][fdfbd39c-aa59-4b23-a3ac-5f2ddfb5b1b8] Item 1: Uploaded → https://studio.xanhmedia.vn/uploads/2026-09/1788620430652_a4f48c_fdfbd39c-aa59-4b23-a3ac-5f2ddfb5b1b8_2f3.jpg
2026-09-05T15:00:31.817Z [2f3eb441-638b-4c2a-af15-7d6c7a980b8b][fdfbd39c-aa59-4b23-a3ac-5f2ddfb5b1b8] Item 2: Uploaded → https://studio.xanhmedia.vn/uploads/2026-09/1788620430786_a10552_fdfbd39c-aa59-4b23-a3ac-5f2ddfb5b1b8_2f3.jpg
2026-09-05T15:00:31.867Z [2f3eb441-638b-4c2a-af15-7d6c7a980b8b][fdfbd39c-aa59-4b23-a3ac-5f2ddfb5b1b8] Item 3: Uploaded → https://studio.xanhmedia.vn/uploads/2026-09/1788620430813_75e964_fdfbd39c-aa59-4b23-a3ac-5f2ddfb5b1b8_2f3.jpg
2026-09-05T15:00:31.870Z [2f3eb441-638b-4c2a-af15-7d6c7a980b8b][fdfbd39c-aa59-4b23-a3ac-5f2ddfb5b1b8] Item 4: Uploaded → https://studio.xanhmedia.vn/uploads/2026-09/1788620430848_c6db09_fdfbd39c-aa59-4b23-a3ac-5f2ddfb5b1b8_2f3.jpg
2026-09-05T15:00:31.871Z [2f3eb441-638b-4c2a-af15-7d6c7a980b8b][fdfbd39c-aa59-4b23-a3ac-5f2ddfb5b1b8] All done (including any 1080p upgrades). Closing Playwright browser context.
2026-09-05T15:00:33.862Z [43414048-8cad-444f-908b-97f11c37f344][fdfbd39c-aa59-4b23-a3ac-5f2ddfb5b1b8] Exit IP: 125.212.158.158
2026-09-05T15:00:33.862Z [43414048-8cad-444f-908b-97f11c37f344][fdfbd39c-aa59-4b23-a3ac-5f2ddfb5b1b8] Navigating browser to Google Flow tools page...
2026-09-05T15:00:33.863Z [43414048-8cad-444f-908b-97f11c37f344][fdfbd39c-aa59-4b23-a3ac-5f2ddfb5b1b8] Using existing project URL: https://flow.google.com/project/390215dc-290f-4b92-a7f0-dd2b6651acfb?hl=en
2026-09-05T15:00:35.015Z [43414048-8cad-444f-908b-97f11c37f344][fdfbd39c-aa59-4b23-a3ac-5f2ddfb5b1b8] Waiting for Google Flow...
2026-09-05T15:00:36.593Z [43414048-8cad-444f-908b-97f11c37f344][fdfbd39c-aa59-4b23-a3ac-5f2ddfb5b1b8] In existing project ✓
2026-09-05T15:00:37.725Z [43414048-8cad-444f-908b-97f11c37f344][fdfbd39c-aa59-4b23-a3ac-5f2ddfb5b1b8] dismissPopups: unresolved overlay(s) ["IFRAME[presentation]|btns="]
2026-09-05T15:00:40.508Z [43414048-8cad-444f-908b-97f11c37f344][fdfbd39c-aa59-4b23-a3ac-5f2ddfb5b1b8] Composer ready ✓ (UI language: en)
2026-09-05T15:00:40.556Z [43414048-8cad-444f-908b-97f11c37f344][fdfbd39c-aa59-4b23-a3ac-5f2ddfb5b1b8] dismissPopups: clicked "Dismiss credit banner" (overlay)
2026-09-05T15:00:41.072Z [43414048-8cad-444f-908b-97f11c37f344][fdfbd39c-aa59-4b23-a3ac-5f2ddfb5b1b8] dismissPopups: unresolved overlay(s) ["DIV[]|btns=","DIV[]|btns="]
2026-09-05T15:00:41.096Z [43414048-8cad-444f-908b-97f11c37f344][fdfbd39c-aa59-4b23-a3ac-5f2ddfb5b1b8] Agent toggle aria-pressed=false
2026-09-05T15:00:41.098Z [43414048-8cad-444f-908b-97f11c37f344][fdfbd39c-aa59-4b23-a3ac-5f2ddfb5b1b8] Opening settings...
2026-09-05T15:00:43.171Z [43414048-8cad-444f-908b-97f11c37f344][fdfbd39c-aa59-4b23-a3ac-5f2ddfb5b1b8] Configuring image settings...
2026-09-05T15:00:44.766Z [43414048-8cad-444f-908b-97f11c37f344][fdfbd39c-aa59-4b23-a3ac-5f2ddfb5b1b8] Mode: selected "image Image" ✓
2026-09-05T15:00:49.202Z [43414048-8cad-444f-908b-97f11c37f344][fdfbd39c-aa59-4b23-a3ac-5f2ddfb5b1b8] Model: selected "🍌 Nano Banana 2" ✓
2026-09-05T15:00:50.061Z [43414048-8cad-444f-908b-97f11c37f344][fdfbd39c-aa59-4b23-a3ac-5f2ddfb5b1b8] Aspect ratio: "crop_16_9 16:9" already selected ✓
2026-09-05T15:00:51.955Z [43414048-8cad-444f-908b-97f11c37f344][fdfbd39c-aa59-4b23-a3ac-5f2ddfb5b1b8] Output count: selected "x4" ✓
2026-09-05T15:00:53.084Z [43414048-8cad-444f-908b-97f11c37f344][fdfbd39c-aa59-4b23-a3ac-5f2ddfb5b1b8] Ref image 1/4: downloading from URL...
2026-09-05T15:00:53.389Z [43414048-8cad-444f-908b-97f11c37f344][fdfbd39c-aa59-4b23-a3ac-5f2ddfb5b1b8] Downloader: no-proxy request context ready.
2026-09-05T15:00:53.964Z [43414048-8cad-444f-908b-97f11c37f344][fdfbd39c-aa59-4b23-a3ac-5f2ddfb5b1b8] Ref image 1/4: saved 635164 bytes (image/jpeg) as "Arlo Vale Color Pool War Muddy State.jpeg"
2026-09-05T15:00:53.970Z [43414048-8cad-444f-908b-97f11c37f344][fdfbd39c-aa59-4b23-a3ac-5f2ddfb5b1b8] Ref image 1/4: attaching reference image...
2026-09-05T15:00:56.103Z [43414048-8cad-444f-908b-97f11c37f344][fdfbd39c-aa59-4b23-a3ac-5f2ddfb5b1b8] Ref image 1/4: reusing library asset "Arlo Vale Color Pool War Muddy State.jpeg" (no re-upload).
2026-09-05T15:01:00.520Z [43414048-8cad-444f-908b-97f11c37f344][fdfbd39c-aa59-4b23-a3ac-5f2ddfb5b1b8] Ref image 1/4: chips 0→1 ✓
2026-09-05T15:01:02.157Z [43414048-8cad-444f-908b-97f11c37f344][fdfbd39c-aa59-4b23-a3ac-5f2ddfb5b1b8] Ref image 2/4: downloading from URL...
2026-09-05T15:01:02.516Z [43414048-8cad-444f-908b-97f11c37f344][fdfbd39c-aa59-4b23-a3ac-5f2ddfb5b1b8] Ref image 2/4: saved 716596 bytes (image/jpeg) as "Nessa Vale Color Pool War Muddy State.jpeg"
2026-09-05T15:01:02.525Z [43414048-8cad-444f-908b-97f11c37f344][fdfbd39c-aa59-4b23-a3ac-5f2ddfb5b1b8] Ref image 2/4: attaching reference image...
2026-09-05T15:01:04.762Z [43414048-8cad-444f-908b-97f11c37f344][fdfbd39c-aa59-4b23-a3ac-5f2ddfb5b1b8] Ref image 2/4: reusing library asset "Nessa Vale Color Pool War Muddy State.jpeg" (no re-upload).
2026-09-05T15:01:08.625Z [43414048-8cad-444f-908b-97f11c37f344][fdfbd39c-aa59-4b23-a3ac-5f2ddfb5b1b8] Ref image 2/4: chips 1→2 ✓
2026-09-05T15:01:09.605Z [43414048-8cad-444f-908b-97f11c37f344][fdfbd39c-aa59-4b23-a3ac-5f2ddfb5b1b8] Ref image 3/4: downloading from URL...
2026-09-05T15:01:09.946Z [43414048-8cad-444f-908b-97f11c37f344][fdfbd39c-aa59-4b23-a3ac-5f2ddfb5b1b8] Ref image 3/4: saved 673040 bytes (image/jpeg) as "Graham Vale Color Pool War Backyard.jpeg"
2026-09-05T15:01:09.951Z [43414048-8cad-444f-908b-97f11c37f344][fdfbd39c-aa59-4b23-a3ac-5f2ddfb5b1b8] Ref image 3/4: attaching reference image...
2026-09-05T15:01:12.135Z [43414048-8cad-444f-908b-97f11c37f344][fdfbd39c-aa59-4b23-a3ac-5f2ddfb5b1b8] Ref image 3/4: reusing library asset "Graham Vale Color Pool War Backyard.jpeg" (no re-upload).
2026-09-05T15:01:15.568Z [43414048-8cad-444f-908b-97f11c37f344][fdfbd39c-aa59-4b23-a3ac-5f2ddfb5b1b8] Ref image 3/4: chips 2→3 ✓
2026-09-05T15:01:16.648Z [43414048-8cad-444f-908b-97f11c37f344][fdfbd39c-aa59-4b23-a3ac-5f2ddfb5b1b8] Ref image 4/4: downloading from URL...
2026-09-05T15:01:17.003Z [43414048-8cad-444f-908b-97f11c37f344][fdfbd39c-aa59-4b23-a3ac-5f2ddfb5b1b8] Ref image 4/4: saved 585044 bytes (image/jpeg) as "Arlo Family Inflatable Pool Progress Set.jpeg"
2026-09-05T15:01:17.010Z [43414048-8cad-444f-908b-97f11c37f344][fdfbd39c-aa59-4b23-a3ac-5f2ddfb5b1b8] Ref image 4/4: attaching reference image...
2026-09-05T15:01:18.904Z [43414048-8cad-444f-908b-97f11c37f344][fdfbd39c-aa59-4b23-a3ac-5f2ddfb5b1b8] Ref image 4/4: reusing library asset "Arlo Family Inflatable Pool Progress Set.jpeg" (no re-upload).
2026-09-05T15:01:22.545Z [43414048-8cad-444f-908b-97f11c37f344][fdfbd39c-aa59-4b23-a3ac-5f2ddfb5b1b8] Ref image 4/4: chips 3→4 ✓
2026-09-05T15:01:22.562Z [43414048-8cad-444f-908b-97f11c37f344][fdfbd39c-aa59-4b23-a3ac-5f2ddfb5b1b8] Entering prompt...
2026-09-05T15:01:24.114Z [43414048-8cad-444f-908b-97f11c37f344][fdfbd39c-aa59-4b23-a3ac-5f2ddfb5b1b8] Prompt is 2421 chars — typing it in 29 chunk(s).
2026-09-05T15:01:38.669Z [43414048-8cad-444f-908b-97f11c37f344][fdfbd39c-aa59-4b23-a3ac-5f2ddfb5b1b8] Prompt insert attempt 1: editor has 2288 chars (want ~2415) ✓
2026-09-05T15:01:40.626Z [43414048-8cad-444f-908b-97f11c37f344][fdfbd39c-aa59-4b23-a3ac-5f2ddfb5b1b8] Baseline: 27 pre-existing media tile(s) of 27 mounted (kinds: image,image,image,image,image,image,image,image,image,image,image,image,image,image,image,image,image,image,image,image,image,image,image,image,image,image,image).
2026-09-05T15:01:42.885Z [43414048-8cad-444f-908b-97f11c37f344][fdfbd39c-aa59-4b23-a3ac-5f2ddfb5b1b8] [submit] confirmed (editor "What do you want to ", fresh tile=true).
2026-09-05T15:01:43.652Z [43414048-8cad-444f-908b-97f11c37f344][fdfbd39c-aa59-4b23-a3ac-5f2ddfb5b1b8] Current Workspace project URL: https://flow.google.com/project/390215dc-290f-4b92-a7f0-dd2b6651acfb?hl=en
2026-09-05T15:01:43.654Z [43414048-8cad-444f-908b-97f11c37f344][fdfbd39c-aa59-4b23-a3ac-5f2ddfb5b1b8] Submitted ✓ Detecting batch size...
2026-09-05T15:01:43.688Z [43414048-8cad-444f-908b-97f11c37f344][fdfbd39c-aa59-4b23-a3ac-5f2ddfb5b1b8] New tile(s) since submit: 0 → 4 (mounted=27)
2026-09-05T15:01:47.850Z [43414048-8cad-444f-908b-97f11c37f344][fdfbd39c-aa59-4b23-a3ac-5f2ddfb5b1b8] Batch size stabilised at 4 new tile(s)
2026-09-05T15:01:47.852Z [43414048-8cad-444f-908b-97f11c37f344][fdfbd39c-aa59-4b23-a3ac-5f2ddfb5b1b8] Batch detected: 4 item(s). Generating...
2026-09-05T15:01:47.854Z [43414048-8cad-444f-908b-97f11c37f344][fdfbd39c-aa59-4b23-a3ac-5f2ddfb5b1b8] Polling for 4 image item(s) (baseline=27, hasUpload=true)...
2026-09-05T15:01:47.894Z [43414048-8cad-444f-908b-97f11c37f344][fdfbd39c-aa59-4b23-a3ac-5f2ddfb5b1b8] Generating... 0 ready, 0 failed / 4 total (0s) image 41% [NHÂN VẬT] image 41% [NHÂN VẬT] image 41% [NHÂN VẬT] image 41% [NHÂN VẬT]
2026-09-05T15:01:50.920Z [43414048-8cad-444f-908b-97f11c37f344][fdfbd39c-aa59-4b23-a3ac-5f2ddfb5b1b8] Generating... 0 ready, 0 failed / 4 total (3s) image 61% [NHÂN VẬT] image 61% [NHÂN VẬT] image 61% [NHÂN VẬT] image 61% [NHÂN VẬT]
2026-09-05T15:01:53.942Z [43414048-8cad-444f-908b-97f11c37f344][fdfbd39c-aa59-4b23-a3ac-5f2ddfb5b1b8] Generating... 0 ready, 0 failed / 4 total (6s) image 81% [NHÂN VẬT] image 81% [NHÂN VẬT] image 81% [NHÂN VẬT] image 82% [NHÂN VẬT]
2026-09-05T15:01:56.979Z [43414048-8cad-444f-908b-97f11c37f344][fdfbd39c-aa59-4b23-a3ac-5f2ddfb5b1b8] Generating... 0 ready, 0 failed / 4 total (9s) image 99% [NHÂN VẬT] image 99% [NHÂN VẬT] image 99% [NHÂN VẬT] image 99% [NHÂN VẬT]
2026-09-05T15:02:00.025Z [43414048-8cad-444f-908b-97f11c37f344][fdfbd39c-aa59-4b23-a3ac-5f2ddfb5b1b8] Generating... 0 ready, 0 failed / 4 total (12s) image 99% [NHÂN VẬT] image 99% [NHÂN VẬT] image 99% [NHÂN VẬT] image 99% [NHÂN VẬT]
2026-09-05T15:02:03.050Z [43414048-8cad-444f-908b-97f11c37f344][fdfbd39c-aa59-4b23-a3ac-5f2ddfb5b1b8] Generating... 0 ready, 0 failed / 4 total (15s) image 99% [NHÂN VẬT] image 99% [NHÂN VẬT] image 99% [NHÂN VẬT] image 99% [NHÂN VẬT]
2026-09-05T15:02:06.074Z [43414048-8cad-444f-908b-97f11c37f344][fdfbd39c-aa59-4b23-a3ac-5f2ddfb5b1b8] Generating... 0 ready, 0 failed / 4 total (18s) image 99% [NHÂN VẬT] image 99% [NHÂN VẬT] image 99% [NHÂN VẬT] image 99% [NHÂN VẬT]
2026-09-05T15:02:09.098Z [43414048-8cad-444f-908b-97f11c37f344][fdfbd39c-aa59-4b23-a3ac-5f2ddfb5b1b8] Generating... 0 ready, 0 failed / 4 total (21s) image 99% [NHÂN VẬT] image 99% [NHÂN VẬT] image 99% [NHÂN VẬT] image 99% [NHÂN VẬT]
2026-09-05T15:02:12.122Z [43414048-8cad-444f-908b-97f11c37f344][fdfbd39c-aa59-4b23-a3ac-5f2ddfb5b1b8] Generating... 0 ready, 0 failed / 4 total (24s) image 99% [NHÂN VẬT] image 99% [NHÂN VẬT] image 99% [NHÂN VẬT] image 99% [NHÂN VẬT]
2026-09-05T15:02:15.147Z [43414048-8cad-444f-908b-97f11c37f344][fdfbd39c-aa59-4b23-a3ac-5f2ddfb5b1b8] Generating... 0 ready, 0 failed / 4 total (27s) image 99% [NHÂN VẬT] image 99% [NHÂN VẬT] image 99% [NHÂN VẬT] image 99% [NHÂN VẬT]
2026-09-05T15:02:18.175Z [43414048-8cad-444f-908b-97f11c37f344][fdfbd39c-aa59-4b23-a3ac-5f2ddfb5b1b8] Generating... 0 ready, 0 failed / 4 total (30s) image 99% [NHÂN VẬT] image 99% [NHÂN VẬT] image 99% [NHÂN VẬT] image 99% [NHÂN VẬT]
2026-09-05T15:02:21.213Z [43414048-8cad-444f-908b-97f11c37f344][fdfbd39c-aa59-4b23-a3ac-5f2ddfb5b1b8] Generating... 0 ready, 0 failed / 4 total (33s) image 99% [NHÂN VẬT] image 99% [NHÂN VẬT] image 99% [NHÂN VẬT] image 99% [NHÂN VẬT]
2026-09-05T15:02:24.243Z [43414048-8cad-444f-908b-97f11c37f344][fdfbd39c-aa59-4b23-a3ac-5f2ddfb5b1b8] Generating... 0 ready, 0 failed / 4 total (36s) image 99% [NHÂN VẬT] [NHÂN VẬT]Arlo, Ness image 100% [NHÂN VẬT image 99% [NHÂN VẬT]
2026-09-05T15:02:27.286Z [43414048-8cad-444f-908b-97f11c37f344][fdfbd39c-aa59-4b23-a3ac-5f2ddfb5b1b8] Generating... 1 ready, 0 failed / 4 total (39s) image 99% [NHÂN VẬT] [NHÂN VẬT]Arlo, Ness [NHÂN VẬT]Arlo, Ness
2026-09-05T15:02:30.317Z [43414048-8cad-444f-908b-97f11c37f344][fdfbd39c-aa59-4b23-a3ac-5f2ddfb5b1b8] Generating... 3 ready, 0 failed / 4 total (42s) [NHÂN VẬT]Arlo, Ness
2026-09-05T15:02:33.346Z [43414048-8cad-444f-908b-97f11c37f344][fdfbd39c-aa59-4b23-a3ac-5f2ddfb5b1b8] Generating... 4 ready, 0 failed / 4 total (45s)
2026-09-05T15:02:33.347Z [43414048-8cad-444f-908b-97f11c37f344][fdfbd39c-aa59-4b23-a3ac-5f2ddfb5b1b8] Batch done: 4 ready (target 4), 0 failed, scanned 4.
2026-09-05T15:02:33.347Z [43414048-8cad-444f-908b-97f11c37f344][fdfbd39c-aa59-4b23-a3ac-5f2ddfb5b1b8] 4 item(s) ready! Downloading...
2026-09-05T15:02:33.348Z [43414048-8cad-444f-908b-97f11c37f344][fdfbd39c-aa59-4b23-a3ac-5f2ddfb5b1b8] Item 1: Downloading from URL https://flow-content.google/image/34ace102-c7c1-4b72-b586-3d70a8cb0f33?Expires=1788642104&KeyName=labs-flow-prod-cdn-key&Signature=-cU8GKIDoiva5gqwgCYVVP4VSrU
2026-09-05T15:02:33.828Z [43414048-8cad-444f-908b-97f11c37f344][fdfbd39c-aa59-4b23-a3ac-5f2ddfb5b1b8] Downloaded 1/4: winai_2026-09-05T15-02-33_01.jpg
2026-09-05T15:02:33.830Z [43414048-8cad-444f-908b-97f11c37f344][fdfbd39c-aa59-4b23-a3ac-5f2ddfb5b1b8] Item 2: Downloading from URL https://flow-content.google/image/9a5264ae-5d8c-4a2f-937f-7ccc4c5894cf?Expires=1788642103&KeyName=labs-flow-prod-cdn-key&Signature=GrMjMvrE8gc4nCBR7ik7o1U9O3c
2026-09-05T15:02:33.963Z [43414048-8cad-444f-908b-97f11c37f344][fdfbd39c-aa59-4b23-a3ac-5f2ddfb5b1b8] Downloaded 2/4: winai_2026-09-05T15-02-33_02.jpg
2026-09-05T15:02:33.963Z [43414048-8cad-444f-908b-97f11c37f344][fdfbd39c-aa59-4b23-a3ac-5f2ddfb5b1b8] Item 3: Downloading from URL https://flow-content.google/image/523858e2-fdc7-4f95-a0f5-7b463f08764d?Expires=1788642102&KeyName=labs-flow-prod-cdn-key&Signature=cKZAK_A05E8wBevGnArfUCh7DNo
2026-09-05T15:02:34.091Z [43414048-8cad-444f-908b-97f11c37f344][fdfbd39c-aa59-4b23-a3ac-5f2ddfb5b1b8] Downloaded 3/4: winai_2026-09-05T15-02-33_03.jpg
2026-09-05T15:02:34.092Z [43414048-8cad-444f-908b-97f11c37f344][fdfbd39c-aa59-4b23-a3ac-5f2ddfb5b1b8] Item 4: Downloading from URL https://flow-content.google/image/670c5db3-20b9-4934-bdcc-b2dedd316a51?Expires=1788642101&KeyName=labs-flow-prod-cdn-key&Signature=XilZLfNhK_ReCq3A8Qt0Pr20-dU
2026-09-05T15:02:34.224Z [43414048-8cad-444f-908b-97f11c37f344][fdfbd39c-aa59-4b23-a3ac-5f2ddfb5b1b8] Downloaded 4/4: winai_2026-09-05T15-02-33_04.jpg
2026-09-05T15:02:34.226Z [43414048-8cad-444f-908b-97f11c37f344][fdfbd39c-aa59-4b23-a3ac-5f2ddfb5b1b8] ✅ 4 item(s) saved to Downloads/Win AI Toolkit/
2026-09-05T15:02:34.514Z [f3bb4350-1991-4f63-a153-c1f0c25de627][fdfbd39c-aa59-4b23-a3ac-5f2ddfb5b1b8] runGeneration starting: task_id=f3bb4350-1991-4f63-a153-c1f0c25de627, profile_id=fdfbd39c-aa59-4b23-a3ac-5f2ddfb5b1b8, target_site=google_flow
2026-09-05T15:02:34.517Z [f3bb4350-1991-4f63-a153-c1f0c25de627][fdfbd39c-aa59-4b23-a3ac-5f2ddfb5b1b8] Opening Playwright browser with persistent profile cookies...
2026-09-05T15:02:34.518Z [f3bb4350-1991-4f63-a153-c1f0c25de627][fdfbd39c-aa59-4b23-a3ac-5f2ddfb5b1b8] Browser engine: winhide (C:\Users\MienTrungComputer\AppData\Roaming\com.tank.winai\winhide\chrome.exe) [hidden off-screen]
2026-09-05T15:02:34.520Z [f3bb4350-1991-4f63-a153-c1f0c25de627][fdfbd39c-aa59-4b23-a3ac-5f2ddfb5b1b8] Launch mode: STEALTH (raw spawn + connectOverCDP)
2026-09-05T15:02:34.899Z [43414048-8cad-444f-908b-97f11c37f344][fdfbd39c-aa59-4b23-a3ac-5f2ddfb5b1b8] Item 1: Uploaded → https://studio.xanhmedia.vn/uploads/2026-09/1788620553896_f07415_fdfbd39c-aa59-4b23-a3ac-5f2ddfb5b1b8_434.jpg
2026-09-05T15:02:34.926Z [43414048-8cad-444f-908b-97f11c37f344][fdfbd39c-aa59-4b23-a3ac-5f2ddfb5b1b8] Item 3: Uploaded → https://studio.xanhmedia.vn/uploads/2026-09/1788620553923_6cbcaf_fdfbd39c-aa59-4b23-a3ac-5f2ddfb5b1b8_434.jpg
2026-09-05T15:02:34.957Z [43414048-8cad-444f-908b-97f11c37f344][fdfbd39c-aa59-4b23-a3ac-5f2ddfb5b1b8] Item 4: Uploaded → https://studio.xanhmedia.vn/uploads/2026-09/1788620553941_46efff_fdfbd39c-aa59-4b23-a3ac-5f2ddfb5b1b8_434.jpg
2026-09-05T15:02:34.963Z [43414048-8cad-444f-908b-97f11c37f344][fdfbd39c-aa59-4b23-a3ac-5f2ddfb5b1b8] Item 2: Uploaded → https://studio.xanhmedia.vn/uploads/2026-09/1788620553949_7d7a4e_fdfbd39c-aa59-4b23-a3ac-5f2ddfb5b1b8_434.jpg
2026-09-05T15:02:34.966Z [43414048-8cad-444f-908b-97f11c37f344][fdfbd39c-aa59-4b23-a3ac-5f2ddfb5b1b8] All done (including any 1080p upgrades). Closing Playwright browser context.
2026-09-05T15:02:36.952Z [f3bb4350-1991-4f63-a153-c1f0c25de627][fdfbd39c-aa59-4b23-a3ac-5f2ddfb5b1b8] Exit IP: 125.212.158.158
2026-09-05T15:02:36.954Z [f3bb4350-1991-4f63-a153-c1f0c25de627][fdfbd39c-aa59-4b23-a3ac-5f2ddfb5b1b8] Navigating browser to Google Flow tools page...
2026-09-05T15:02:36.955Z [f3bb4350-1991-4f63-a153-c1f0c25de627][fdfbd39c-aa59-4b23-a3ac-5f2ddfb5b1b8] Using existing project URL: https://flow.google.com/project/390215dc-290f-4b92-a7f0-dd2b6651acfb?hl=en
2026-09-05T15:02:37.983Z [f3bb4350-1991-4f63-a153-c1f0c25de627][fdfbd39c-aa59-4b23-a3ac-5f2ddfb5b1b8] Waiting for Google Flow...
2026-09-05T15:02:40.253Z [f3bb4350-1991-4f63-a153-c1f0c25de627][fdfbd39c-aa59-4b23-a3ac-5f2ddfb5b1b8] In existing project ✓
2026-09-05T15:02:42.851Z [f3bb4350-1991-4f63-a153-c1f0c25de627][fdfbd39c-aa59-4b23-a3ac-5f2ddfb5b1b8] dismissPopups: clicked "Dismiss credit banner" (overlay)
2026-09-05T15:02:43.385Z [f3bb4350-1991-4f63-a153-c1f0c25de627][fdfbd39c-aa59-4b23-a3ac-5f2ddfb5b1b8] dismissPopups: unresolved overlay(s) ["DIV[]|btns=","DIV[]|btns="]
2026-09-05T15:02:43.472Z [f3bb4350-1991-4f63-a153-c1f0c25de627][fdfbd39c-aa59-4b23-a3ac-5f2ddfb5b1b8] Composer ready ✓ (UI language: en)
2026-09-05T15:02:43.489Z [f3bb4350-1991-4f63-a153-c1f0c25de627][fdfbd39c-aa59-4b23-a3ac-5f2ddfb5b1b8] dismissPopups: unresolved overlay(s) ["DIV[]|btns=","DIV[]|btns="]
2026-09-05T15:02:43.507Z [f3bb4350-1991-4f63-a153-c1f0c25de627][fdfbd39c-aa59-4b23-a3ac-5f2ddfb5b1b8] Agent toggle aria-pressed=false
2026-09-05T15:02:43.508Z [f3bb4350-1991-4f63-a153-c1f0c25de627][fdfbd39c-aa59-4b23-a3ac-5f2ddfb5b1b8] Opening settings...
2026-09-05T15:02:45.310Z [f3bb4350-1991-4f63-a153-c1f0c25de627][fdfbd39c-aa59-4b23-a3ac-5f2ddfb5b1b8] Configuring image settings...
2026-09-05T15:02:47.038Z [f3bb4350-1991-4f63-a153-c1f0c25de627][fdfbd39c-aa59-4b23-a3ac-5f2ddfb5b1b8] Mode: selected "image Image" ✓
2026-09-05T15:02:52.596Z [f3bb4350-1991-4f63-a153-c1f0c25de627][fdfbd39c-aa59-4b23-a3ac-5f2ddfb5b1b8] Model: selected "🍌 Nano Banana 2" ✓
2026-09-05T15:02:53.303Z [f3bb4350-1991-4f63-a153-c1f0c25de627][fdfbd39c-aa59-4b23-a3ac-5f2ddfb5b1b8] Aspect ratio: "crop_16_9 16:9" already selected ✓
2026-09-05T15:02:54.928Z [f3bb4350-1991-4f63-a153-c1f0c25de627][fdfbd39c-aa59-4b23-a3ac-5f2ddfb5b1b8] Output count: selected "x4" ✓
2026-09-05T15:02:55.793Z [f3bb4350-1991-4f63-a153-c1f0c25de627][fdfbd39c-aa59-4b23-a3ac-5f2ddfb5b1b8] Ref image 1/3: downloading from URL...
2026-09-05T15:02:56.134Z [f3bb4350-1991-4f63-a153-c1f0c25de627][fdfbd39c-aa59-4b23-a3ac-5f2ddfb5b1b8] Downloader: no-proxy request context ready.
2026-09-05T15:02:56.765Z [f3bb4350-1991-4f63-a153-c1f0c25de627][fdfbd39c-aa59-4b23-a3ac-5f2ddfb5b1b8] Ref image 1/3: saved 635164 bytes (image/jpeg) as "Arlo Vale Color Pool War Muddy State.jpeg"
2026-09-05T15:02:56.774Z [f3bb4350-1991-4f63-a153-c1f0c25de627][fdfbd39c-aa59-4b23-a3ac-5f2ddfb5b1b8] Ref image 1/3: attaching reference image...
2026-09-05T15:02:58.964Z [f3bb4350-1991-4f63-a153-c1f0c25de627][fdfbd39c-aa59-4b23-a3ac-5f2ddfb5b1b8] Ref image 1/3: reusing library asset "Arlo Vale Color Pool War Muddy State.jpeg" (no re-upload).
2026-09-05T15:03:02.542Z [f3bb4350-1991-4f63-a153-c1f0c25de627][fdfbd39c-aa59-4b23-a3ac-5f2ddfb5b1b8] Ref image 1/3: chips 0→1 ✓
2026-09-05T15:03:03.632Z [f3bb4350-1991-4f63-a153-c1f0c25de627][fdfbd39c-aa59-4b23-a3ac-5f2ddfb5b1b8] Ref image 2/3: downloading from URL...
2026-09-05T15:03:04.009Z [f3bb4350-1991-4f63-a153-c1f0c25de627][fdfbd39c-aa59-4b23-a3ac-5f2ddfb5b1b8] Ref image 2/3: saved 716596 bytes (image/jpeg) as "Nessa Vale Color Pool War Muddy State.jpeg"
2026-09-05T15:03:04.031Z [f3bb4350-1991-4f63-a153-c1f0c25de627][fdfbd39c-aa59-4b23-a3ac-5f2ddfb5b1b8] Ref image 2/3: attaching reference image...
2026-09-05T15:03:06.586Z [f3bb4350-1991-4f63-a153-c1f0c25de627][fdfbd39c-aa59-4b23-a3ac-5f2ddfb5b1b8] Ref image 2/3: reusing library asset "Nessa Vale Color Pool War Muddy State.jpeg" (no re-upload).
2026-09-05T15:03:09.390Z [f3bb4350-1991-4f63-a153-c1f0c25de627][fdfbd39c-aa59-4b23-a3ac-5f2ddfb5b1b8] Ref image 2/3: chips 1→2 ✓
2026-09-05T15:03:10.601Z [f3bb4350-1991-4f63-a153-c1f0c25de627][fdfbd39c-aa59-4b23-a3ac-5f2ddfb5b1b8] Ref image 3/3: downloading from URL...
2026-09-05T15:03:10.971Z [f3bb4350-1991-4f63-a153-c1f0c25de627][fdfbd39c-aa59-4b23-a3ac-5f2ddfb5b1b8] Ref image 3/3: saved 585044 bytes (image/jpeg) as "Arlo Family Inflatable Pool Progress Set.jpeg"
2026-09-05T15:03:10.977Z [f3bb4350-1991-4f63-a153-c1f0c25de627][fdfbd39c-aa59-4b23-a3ac-5f2ddfb5b1b8] Ref image 3/3: attaching reference image...
2026-09-05T15:03:13.591Z [f3bb4350-1991-4f63-a153-c1f0c25de627][fdfbd39c-aa59-4b23-a3ac-5f2ddfb5b1b8] Ref image 3/3: reusing library asset "Arlo Family Inflatable Pool Progress Set.jpeg" (no re-upload).
2026-09-05T15:03:17.114Z [f3bb4350-1991-4f63-a153-c1f0c25de627][fdfbd39c-aa59-4b23-a3ac-5f2ddfb5b1b8] Ref image 3/3: chips 2→3 ✓
2026-09-05T15:03:17.127Z [f3bb4350-1991-4f63-a153-c1f0c25de627][fdfbd39c-aa59-4b23-a3ac-5f2ddfb5b1b8] Entering prompt...
2026-09-05T15:03:19.152Z [f3bb4350-1991-4f63-a153-c1f0c25de627][fdfbd39c-aa59-4b23-a3ac-5f2ddfb5b1b8] Prompt is 2431 chars — typing it in 29 chunk(s).
2026-09-05T15:03:32.143Z [f3bb4350-1991-4f63-a153-c1f0c25de627][fdfbd39c-aa59-4b23-a3ac-5f2ddfb5b1b8] Prompt insert attempt 1: editor has 2298 chars (want ~2425) ✓
2026-09-05T15:03:34.080Z [f3bb4350-1991-4f63-a153-c1f0c25de627][fdfbd39c-aa59-4b23-a3ac-5f2ddfb5b1b8] Baseline: 27 pre-existing media tile(s) of 27 mounted (kinds: image,image,image,image,image,image,image,image,image,image,image,image,image,image,image,image,image,image,image,image,image,image,image,image,image,image,image).
2026-09-05T15:03:36.663Z [f3bb4350-1991-4f63-a153-c1f0c25de627][fdfbd39c-aa59-4b23-a3ac-5f2ddfb5b1b8] [submit] confirmed (editor "What do you want to ", fresh tile=true).
2026-09-05T15:03:37.228Z [f3bb4350-1991-4f63-a153-c1f0c25de627][fdfbd39c-aa59-4b23-a3ac-5f2ddfb5b1b8] Current Workspace project URL: https://flow.google.com/project/390215dc-290f-4b92-a7f0-dd2b6651acfb?hl=en
2026-09-05T15:03:37.229Z [f3bb4350-1991-4f63-a153-c1f0c25de627][fdfbd39c-aa59-4b23-a3ac-5f2ddfb5b1b8] Submitted ✓ Detecting batch size...
2026-09-05T15:03:37.261Z [f3bb4350-1991-4f63-a153-c1f0c25de627][fdfbd39c-aa59-4b23-a3ac-5f2ddfb5b1b8] New tile(s) since submit: 0 → 4 (mounted=27)
2026-09-05T15:03:41.482Z [f3bb4350-1991-4f63-a153-c1f0c25de627][fdfbd39c-aa59-4b23-a3ac-5f2ddfb5b1b8] Batch size stabilised at 4 new tile(s)
2026-09-05T15:03:41.483Z [f3bb4350-1991-4f63-a153-c1f0c25de627][fdfbd39c-aa59-4b23-a3ac-5f2ddfb5b1b8] Batch detected: 4 item(s). Generating...
2026-09-05T15:03:41.483Z [f3bb4350-1991-4f63-a153-c1f0c25de627][fdfbd39c-aa59-4b23-a3ac-5f2ddfb5b1b8] Polling for 4 image item(s) (baseline=27, hasUpload=true)...
2026-09-05T15:03:41.504Z [f3bb4350-1991-4f63-a153-c1f0c25de627][fdfbd39c-aa59-4b23-a3ac-5f2ddfb5b1b8] Generating... 0 ready, 0 failed / 4 total (0s) image 34% [NHÂN VẬT] image 34% [NHÂN VẬT] image 34% [NHÂN VẬT] image 34% [NHÂN VẬT]
2026-09-05T15:03:44.525Z [f3bb4350-1991-4f63-a153-c1f0c25de627][fdfbd39c-aa59-4b23-a3ac-5f2ddfb5b1b8] Generating... 0 ready, 0 failed / 4 total (3s) image 54% [NHÂN VẬT] image 54% [NHÂN VẬT] image 54% [NHÂN VẬT] image 54% [NHÂN VẬT]
2026-09-05T15:03:47.543Z [f3bb4350-1991-4f63-a153-c1f0c25de627][fdfbd39c-aa59-4b23-a3ac-5f2ddfb5b1b8] Generating... 0 ready, 0 failed / 4 total (6s) image 74% [NHÂN VẬT] image 74% [NHÂN VẬT] image 74% [NHÂN VẬT] image 74% [NHÂN VẬT]
2026-09-05T15:03:50.570Z [f3bb4350-1991-4f63-a153-c1f0c25de627][fdfbd39c-aa59-4b23-a3ac-5f2ddfb5b1b8] Generating... 0 ready, 0 failed / 4 total (9s) image 94% [NHÂN VẬT] image 94% [NHÂN VẬT] image 94% [NHÂN VẬT] image 94% [NHÂN VẬT]
2026-09-05T15:03:53.611Z [f3bb4350-1991-4f63-a153-c1f0c25de627][fdfbd39c-aa59-4b23-a3ac-5f2ddfb5b1b8] Generating... 0 ready, 0 failed / 4 total (12s) image 99% [NHÂN VẬT] image 99% [NHÂN VẬT] image 99% [NHÂN VẬT] image 99% [NHÂN VẬT]
2026-09-05T15:03:56.634Z [f3bb4350-1991-4f63-a153-c1f0c25de627][fdfbd39c-aa59-4b23-a3ac-5f2ddfb5b1b8] Generating... 0 ready, 0 failed / 4 total (15s) image 99% [NHÂN VẬT] image 99% [NHÂN VẬT] image 99% [NHÂN VẬT] image 99% [NHÂN VẬT]
2026-09-05T15:03:59.659Z [f3bb4350-1991-4f63-a153-c1f0c25de627][fdfbd39c-aa59-4b23-a3ac-5f2ddfb5b1b8] Generating... 0 ready, 0 failed / 4 total (18s) image 99% [NHÂN VẬT] image 99% [NHÂN VẬT] image 99% [NHÂN VẬT] image 99% [NHÂN VẬT]
2026-09-05T15:04:02.684Z [f3bb4350-1991-4f63-a153-c1f0c25de627][fdfbd39c-aa59-4b23-a3ac-5f2ddfb5b1b8] Generating... 0 ready, 0 failed / 4 total (21s) image 99% [NHÂN VẬT] image 99% [NHÂN VẬT] image 99% [NHÂN VẬT] image 99% [NHÂN VẬT]
2026-09-05T15:04:05.701Z [f3bb4350-1991-4f63-a153-c1f0c25de627][fdfbd39c-aa59-4b23-a3ac-5f2ddfb5b1b8] Generating... 0 ready, 0 failed / 4 total (24s) image 99% [NHÂN VẬT] image 99% [NHÂN VẬT] image 99% [NHÂN VẬT] image 99% [NHÂN VẬT]
2026-09-05T15:04:08.741Z [f3bb4350-1991-4f63-a153-c1f0c25de627][fdfbd39c-aa59-4b23-a3ac-5f2ddfb5b1b8] Generating... 0 ready, 0 failed / 4 total (27s) image 99% [NHÂN VẬT] image 99% [NHÂN VẬT] [NHÂN VẬT]Arlo, Ness image 99% [NHÂN VẬT]
2026-09-05T15:04:11.795Z [f3bb4350-1991-4f63-a153-c1f0c25de627][fdfbd39c-aa59-4b23-a3ac-5f2ddfb5b1b8] Generating... 1 ready, 0 failed / 4 total (30s) image 99% [NHÂN VẬT] [NHÂN VẬT]Arlo, Ness [NHÂN VẬT]Arlo, Ness
2026-09-05T15:04:14.832Z [f3bb4350-1991-4f63-a153-c1f0c25de627][fdfbd39c-aa59-4b23-a3ac-5f2ddfb5b1b8] Generating... 3 ready, 0 failed / 4 total (33s) image 99% [NHÂN VẬT]
2026-09-05T15:04:17.867Z [f3bb4350-1991-4f63-a153-c1f0c25de627][fdfbd39c-aa59-4b23-a3ac-5f2ddfb5b1b8] Generating... 3 ready, 0 failed / 4 total (36s) image 99% [NHÂN VẬT]
2026-09-05T15:04:20.902Z [f3bb4350-1991-4f63-a153-c1f0c25de627][fdfbd39c-aa59-4b23-a3ac-5f2ddfb5b1b8] Generating... 3 ready, 0 failed / 4 total (39s) image 99% [NHÂN VẬT]
2026-09-05T15:04:23.930Z [f3bb4350-1991-4f63-a153-c1f0c25de627][fdfbd39c-aa59-4b23-a3ac-5f2ddfb5b1b8] Generating... 3 ready, 0 failed / 4 total (42s) image 99% [NHÂN VẬT]
2026-09-05T15:04:26.955Z [f3bb4350-1991-4f63-a153-c1f0c25de627][fdfbd39c-aa59-4b23-a3ac-5f2ddfb5b1b8] Generating... 3 ready, 0 failed / 4 total (45s) image 99% [NHÂN VẬT]
2026-09-05T15:04:29.997Z [f3bb4350-1991-4f63-a153-c1f0c25de627][fdfbd39c-aa59-4b23-a3ac-5f2ddfb5b1b8] Generating... 3 ready, 0 failed / 4 total (49s) image 99% [NHÂN VẬT]
2026-09-05T15:04:33.022Z [f3bb4350-1991-4f63-a153-c1f0c25de627][fdfbd39c-aa59-4b23-a3ac-5f2ddfb5b1b8] Generating... 3 ready, 0 failed / 4 total (52s) [NHÂN VẬT]Arlo, Ness
2026-09-05T15:04:36.048Z [f3bb4350-1991-4f63-a153-c1f0c25de627][fdfbd39c-aa59-4b23-a3ac-5f2ddfb5b1b8] Generating... 4 ready, 0 failed / 4 total (55s)
2026-09-05T15:04:36.048Z [f3bb4350-1991-4f63-a153-c1f0c25de627][fdfbd39c-aa59-4b23-a3ac-5f2ddfb5b1b8] Batch done: 4 ready (target 4), 0 failed, scanned 4.
2026-09-05T15:04:36.051Z [f3bb4350-1991-4f63-a153-c1f0c25de627][fdfbd39c-aa59-4b23-a3ac-5f2ddfb5b1b8] 4 item(s) ready! Downloading...
2026-09-05T15:04:36.057Z [f3bb4350-1991-4f63-a153-c1f0c25de627][fdfbd39c-aa59-4b23-a3ac-5f2ddfb5b1b8] Item 1: Downloading from URL https://flow-content.google/image/2c7c212f-383a-4550-a017-9d4f12915314?Expires=1788642218&KeyName=labs-flow-prod-cdn-key&Signature=m-CgTeBaGAKOFD1gN9N9gn6vS4w
2026-09-05T15:04:36.391Z [f3bb4350-1991-4f63-a153-c1f0c25de627][fdfbd39c-aa59-4b23-a3ac-5f2ddfb5b1b8] Downloaded 1/4: winai_2026-09-05T15-04-36_01.jpg
2026-09-05T15:04:36.392Z [f3bb4350-1991-4f63-a153-c1f0c25de627][fdfbd39c-aa59-4b23-a3ac-5f2ddfb5b1b8] Item 2: Downloading from URL https://flow-content.google/image/e5902d0f-b92a-4c0d-a5a7-d19313a887de?Expires=1788642217&KeyName=labs-flow-prod-cdn-key&Signature=STCIdLFtKRgLNgBFL-zBfLMkqoo
2026-09-05T15:04:36.527Z [f3bb4350-1991-4f63-a153-c1f0c25de627][fdfbd39c-aa59-4b23-a3ac-5f2ddfb5b1b8] Downloaded 2/4: winai_2026-09-05T15-04-36_02.jpg
2026-09-05T15:04:36.528Z [f3bb4350-1991-4f63-a153-c1f0c25de627][fdfbd39c-aa59-4b23-a3ac-5f2ddfb5b1b8] Item 3: Downloading from URL https://flow-content.google/image/8f767dce-de6e-4613-940e-141f8d375525?Expires=1788642216&KeyName=labs-flow-prod-cdn-key&Signature=9_zxOtrb9pxGF5edrg8fSycYTKo
2026-09-05T15:04:36.641Z [f3bb4350-1991-4f63-a153-c1f0c25de627][fdfbd39c-aa59-4b23-a3ac-5f2ddfb5b1b8] Downloaded 3/4: winai_2026-09-05T15-04-36_03.jpg
2026-09-05T15:04:36.642Z [f3bb4350-1991-4f63-a153-c1f0c25de627][fdfbd39c-aa59-4b23-a3ac-5f2ddfb5b1b8] Item 4: Downloading from URL https://flow-content.google/image/b6bd0f75-1029-4377-9da1-d65a1dc28bb3?Expires=1788642215&KeyName=labs-flow-prod-cdn-key&Signature=lsICoElWdtN5q6UMOglfZ8G705Y
2026-09-05T15:04:36.756Z [f3bb4350-1991-4f63-a153-c1f0c25de627][fdfbd39c-aa59-4b23-a3ac-5f2ddfb5b1b8] Downloaded 4/4: winai_2026-09-05T15-04-36_04.jpg
2026-09-05T15:04:36.756Z [f3bb4350-1991-4f63-a153-c1f0c25de627][fdfbd39c-aa59-4b23-a3ac-5f2ddfb5b1b8] ✅ 4 item(s) saved to Downloads/Win AI Toolkit/
2026-09-05T15:04:36.997Z [bd8df854-0eeb-4577-84b1-ce7a4529e0a4][fdfbd39c-aa59-4b23-a3ac-5f2ddfb5b1b8] runGeneration starting: task_id=bd8df854-0eeb-4577-84b1-ce7a4529e0a4, profile_id=fdfbd39c-aa59-4b23-a3ac-5f2ddfb5b1b8, target_site=google_flow
2026-09-05T15:04:37.000Z [bd8df854-0eeb-4577-84b1-ce7a4529e0a4][fdfbd39c-aa59-4b23-a3ac-5f2ddfb5b1b8] Opening Playwright browser with persistent profile cookies...
2026-09-05T15:04:37.001Z [bd8df854-0eeb-4577-84b1-ce7a4529e0a4][fdfbd39c-aa59-4b23-a3ac-5f2ddfb5b1b8] Browser engine: winhide (C:\Users\MienTrungComputer\AppData\Roaming\com.tank.winai\winhide\chrome.exe) [hidden off-screen]
2026-09-05T15:04:37.004Z [bd8df854-0eeb-4577-84b1-ce7a4529e0a4][fdfbd39c-aa59-4b23-a3ac-5f2ddfb5b1b8] Launch mode: STEALTH (raw spawn + connectOverCDP)
2026-09-05T15:04:37.399Z [f3bb4350-1991-4f63-a153-c1f0c25de627][fdfbd39c-aa59-4b23-a3ac-5f2ddfb5b1b8] Item 2: Uploaded → https://studio.xanhmedia.vn/uploads/2026-09/1788620676382_0b3856_fdfbd39c-aa59-4b23-a3ac-5f2ddfb5b1b8_f3b.jpg
2026-09-05T15:04:37.408Z [f3bb4350-1991-4f63-a153-c1f0c25de627][fdfbd39c-aa59-4b23-a3ac-5f2ddfb5b1b8] Item 3: Uploaded → https://studio.xanhmedia.vn/uploads/2026-09/1788620676391_6aa997_fdfbd39c-aa59-4b23-a3ac-5f2ddfb5b1b8_f3b.jpg
2026-09-05T15:04:37.493Z [f3bb4350-1991-4f63-a153-c1f0c25de627][fdfbd39c-aa59-4b23-a3ac-5f2ddfb5b1b8] Item 1: Uploaded → https://studio.xanhmedia.vn/uploads/2026-09/1788620676467_aa6813_fdfbd39c-aa59-4b23-a3ac-5f2ddfb5b1b8_f3b.jpg
2026-09-05T15:04:37.524Z [f3bb4350-1991-4f63-a153-c1f0c25de627][fdfbd39c-aa59-4b23-a3ac-5f2ddfb5b1b8] Item 4: Uploaded → https://studio.xanhmedia.vn/uploads/2026-09/1788620676497_965c89_fdfbd39c-aa59-4b23-a3ac-5f2ddfb5b1b8_f3b.jpg
2026-09-05T15:04:37.529Z [f3bb4350-1991-4f63-a153-c1f0c25de627][fdfbd39c-aa59-4b23-a3ac-5f2ddfb5b1b8] All done (including any 1080p upgrades). Closing Playwright browser context.
2026-09-05T15:04:39.497Z [bd8df854-0eeb-4577-84b1-ce7a4529e0a4][fdfbd39c-aa59-4b23-a3ac-5f2ddfb5b1b8] Exit IP: 125.212.158.158
2026-09-05T15:04:39.497Z [bd8df854-0eeb-4577-84b1-ce7a4529e0a4][fdfbd39c-aa59-4b23-a3ac-5f2ddfb5b1b8] Navigating browser to Google Flow tools page...
2026-09-05T15:04:39.498Z [bd8df854-0eeb-4577-84b1-ce7a4529e0a4][fdfbd39c-aa59-4b23-a3ac-5f2ddfb5b1b8] Using existing project URL: https://flow.google.com/project/390215dc-290f-4b92-a7f0-dd2b6651acfb?hl=en
2026-09-05T15:04:40.886Z [bd8df854-0eeb-4577-84b1-ce7a4529e0a4][fdfbd39c-aa59-4b23-a3ac-5f2ddfb5b1b8] Waiting for Google Flow...
2026-09-05T15:04:42.966Z [bd8df854-0eeb-4577-84b1-ce7a4529e0a4][fdfbd39c-aa59-4b23-a3ac-5f2ddfb5b1b8] In existing project ✓
2026-09-05T15:04:43.833Z [bd8df854-0eeb-4577-84b1-ce7a4529e0a4][fdfbd39c-aa59-4b23-a3ac-5f2ddfb5b1b8] dismissPopups: unresolved overlay(s) ["IFRAME[presentation]|btns="]
2026-09-05T15:04:46.389Z [bd8df854-0eeb-4577-84b1-ce7a4529e0a4][fdfbd39c-aa59-4b23-a3ac-5f2ddfb5b1b8] Composer ready ✓ (UI language: en)
2026-09-05T15:04:46.441Z [bd8df854-0eeb-4577-84b1-ce7a4529e0a4][fdfbd39c-aa59-4b23-a3ac-5f2ddfb5b1b8] dismissPopups: clicked "Dismiss credit banner" (overlay)
2026-09-05T15:04:46.970Z [bd8df854-0eeb-4577-84b1-ce7a4529e0a4][fdfbd39c-aa59-4b23-a3ac-5f2ddfb5b1b8] dismissPopups: unresolved overlay(s) ["DIV[]|btns=","DIV[]|btns="]
2026-09-05T15:04:46.988Z [bd8df854-0eeb-4577-84b1-ce7a4529e0a4][fdfbd39c-aa59-4b23-a3ac-5f2ddfb5b1b8] Agent toggle aria-pressed=false
2026-09-05T15:04:46.989Z [bd8df854-0eeb-4577-84b1-ce7a4529e0a4][fdfbd39c-aa59-4b23-a3ac-5f2ddfb5b1b8] Opening settings...
2026-09-05T15:04:49.216Z [bd8df854-0eeb-4577-84b1-ce7a4529e0a4][fdfbd39c-aa59-4b23-a3ac-5f2ddfb5b1b8] Configuring image settings...
2026-09-05T15:04:50.998Z [bd8df854-0eeb-4577-84b1-ce7a4529e0a4][fdfbd39c-aa59-4b23-a3ac-5f2ddfb5b1b8] Mode: selected "image Image" ✓
2026-09-05T15:04:55.711Z [bd8df854-0eeb-4577-84b1-ce7a4529e0a4][fdfbd39c-aa59-4b23-a3ac-5f2ddfb5b1b8] Model: selected "🍌 Nano Banana 2" ✓
2026-09-05T15:04:56.495Z [bd8df854-0eeb-4577-84b1-ce7a4529e0a4][fdfbd39c-aa59-4b23-a3ac-5f2ddfb5b1b8] Aspect ratio: "crop_16_9 16:9" already selected ✓
2026-09-05T15:04:58.380Z [bd8df854-0eeb-4577-84b1-ce7a4529e0a4][fdfbd39c-aa59-4b23-a3ac-5f2ddfb5b1b8] Output count: selected "x4" ✓
2026-09-05T15:04:59.624Z [bd8df854-0eeb-4577-84b1-ce7a4529e0a4][fdfbd39c-aa59-4b23-a3ac-5f2ddfb5b1b8] Ref image 1/4: downloading from URL...
2026-09-05T15:04:59.933Z [bd8df854-0eeb-4577-84b1-ce7a4529e0a4][fdfbd39c-aa59-4b23-a3ac-5f2ddfb5b1b8] Downloader: no-proxy request context ready.
2026-09-05T15:05:00.473Z [bd8df854-0eeb-4577-84b1-ce7a4529e0a4][fdfbd39c-aa59-4b23-a3ac-5f2ddfb5b1b8] Ref image 1/4: saved 635164 bytes (image/jpeg) as "Arlo Vale Color Pool War Muddy State.jpeg"
2026-09-05T15:05:00.483Z [bd8df854-0eeb-4577-84b1-ce7a4529e0a4][fdfbd39c-aa59-4b23-a3ac-5f2ddfb5b1b8] Ref image 1/4: attaching reference image...
2026-09-05T15:05:02.599Z [bd8df854-0eeb-4577-84b1-ce7a4529e0a4][fdfbd39c-aa59-4b23-a3ac-5f2ddfb5b1b8] Ref image 1/4: reusing library asset "Arlo Vale Color Pool War Muddy State.jpeg" (no re-upload).
2026-09-05T15:05:06.316Z [bd8df854-0eeb-4577-84b1-ce7a4529e0a4][fdfbd39c-aa59-4b23-a3ac-5f2ddfb5b1b8] Ref image 1/4: chips 0→1 ✓
2026-09-05T15:05:07.279Z [bd8df854-0eeb-4577-84b1-ce7a4529e0a4][fdfbd39c-aa59-4b23-a3ac-5f2ddfb5b1b8] Ref image 2/4: downloading from URL...
2026-09-05T15:05:07.638Z [bd8df854-0eeb-4577-84b1-ce7a4529e0a4][fdfbd39c-aa59-4b23-a3ac-5f2ddfb5b1b8] Ref image 2/4: saved 716596 bytes (image/jpeg) as "Nessa Vale Color Pool War Muddy State.jpeg"
2026-09-05T15:05:07.643Z [bd8df854-0eeb-4577-84b1-ce7a4529e0a4][fdfbd39c-aa59-4b23-a3ac-5f2ddfb5b1b8] Ref image 2/4: attaching reference image...
2026-09-05T15:05:09.596Z [bd8df854-0eeb-4577-84b1-ce7a4529e0a4][fdfbd39c-aa59-4b23-a3ac-5f2ddfb5b1b8] Ref image 2/4: reusing library asset "Nessa Vale Color Pool War Muddy State.jpeg" (no re-upload).
2026-09-05T15:05:13.065Z [bd8df854-0eeb-4577-84b1-ce7a4529e0a4][fdfbd39c-aa59-4b23-a3ac-5f2ddfb5b1b8] Ref image 2/4: chips 1→2 ✓
2026-09-05T15:05:14.216Z [bd8df854-0eeb-4577-84b1-ce7a4529e0a4][fdfbd39c-aa59-4b23-a3ac-5f2ddfb5b1b8] Ref image 3/4: downloading from URL...
2026-09-05T15:05:14.584Z [bd8df854-0eeb-4577-84b1-ce7a4529e0a4][fdfbd39c-aa59-4b23-a3ac-5f2ddfb5b1b8] Ref image 3/4: saved 585044 bytes (image/jpeg) as "Arlo Family Inflatable Pool Progress Set.jpeg"
2026-09-05T15:05:14.592Z [bd8df854-0eeb-4577-84b1-ce7a4529e0a4][fdfbd39c-aa59-4b23-a3ac-5f2ddfb5b1b8] Ref image 3/4: attaching reference image...
2026-09-05T15:05:16.517Z [bd8df854-0eeb-4577-84b1-ce7a4529e0a4][fdfbd39c-aa59-4b23-a3ac-5f2ddfb5b1b8] Ref image 3/4: reusing library asset "Arlo Family Inflatable Pool Progress Set.jpeg" (no re-upload).
2026-09-05T15:05:20.606Z [bd8df854-0eeb-4577-84b1-ce7a4529e0a4][fdfbd39c-aa59-4b23-a3ac-5f2ddfb5b1b8] Ref image 3/4: chips 2→3 ✓
2026-09-05T15:05:21.609Z [bd8df854-0eeb-4577-84b1-ce7a4529e0a4][fdfbd39c-aa59-4b23-a3ac-5f2ddfb5b1b8] Ref image 4/4: downloading from URL...
2026-09-05T15:05:22.062Z [bd8df854-0eeb-4577-84b1-ce7a4529e0a4][fdfbd39c-aa59-4b23-a3ac-5f2ddfb5b1b8] Ref image 4/4: saved 525462 bytes (image/jpeg) as "Red White Pool Divider Rope.jpeg"
2026-09-05T15:05:22.069Z [bd8df854-0eeb-4577-84b1-ce7a4529e0a4][fdfbd39c-aa59-4b23-a3ac-5f2ddfb5b1b8] Ref image 4/4: attaching reference image...
2026-09-05T15:05:24.441Z [bd8df854-0eeb-4577-84b1-ce7a4529e0a4][fdfbd39c-aa59-4b23-a3ac-5f2ddfb5b1b8] Ref image 4/4: "Red White Pool Divider Rope.jpeg" not in the library yet — uploading it first.
2026-09-05T15:05:28.802Z [bd8df854-0eeb-4577-84b1-ce7a4529e0a4][fdfbd39c-aa59-4b23-a3ac-5f2ddfb5b1b8] Ref image 4/4: uploading "Red White Pool Divider Rope.jpeg" to the project library...
2026-09-05T15:05:30.006Z [bd8df854-0eeb-4577-84b1-ce7a4529e0a4][fdfbd39c-aa59-4b23-a3ac-5f2ddfb5b1b8] Ref image 4/4: upload finished ✓
2026-09-05T15:05:40.020Z [bd8df854-0eeb-4577-84b1-ce7a4529e0a4][fdfbd39c-aa59-4b23-a3ac-5f2ddfb5b1b8] Ref image 4/4: chips 3→4 ✓
2026-09-05T15:05:40.052Z [bd8df854-0eeb-4577-84b1-ce7a4529e0a4][fdfbd39c-aa59-4b23-a3ac-5f2ddfb5b1b8] Entering prompt...
2026-09-05T15:05:42.210Z [bd8df854-0eeb-4577-84b1-ce7a4529e0a4][fdfbd39c-aa59-4b23-a3ac-5f2ddfb5b1b8] Prompt is 2410 chars — typing it in 29 chunk(s).
2026-09-05T15:05:56.202Z [bd8df854-0eeb-4577-84b1-ce7a4529e0a4][fdfbd39c-aa59-4b23-a3ac-5f2ddfb5b1b8] Prompt insert attempt 1: editor has 2277 chars (want ~2404) ✓
2026-09-05T15:05:57.854Z [bd8df854-0eeb-4577-84b1-ce7a4529e0a4][fdfbd39c-aa59-4b23-a3ac-5f2ddfb5b1b8] Baseline: 27 pre-existing media tile(s) of 27 mounted (kinds: image,image,image,image,image,image,image,image,image,image,image,image,image,image,image,image,image,image,image,image,image,image,image,image,image,image,image).
2026-09-05T15:05:59.797Z [bd8df854-0eeb-4577-84b1-ce7a4529e0a4][fdfbd39c-aa59-4b23-a3ac-5f2ddfb5b1b8] [submit] confirmed (editor "What do you want to ", fresh tile=true).
2026-09-05T15:06:00.243Z [bd8df854-0eeb-4577-84b1-ce7a4529e0a4][fdfbd39c-aa59-4b23-a3ac-5f2ddfb5b1b8] Current Workspace project URL: https://flow.google.com/project/390215dc-290f-4b92-a7f0-dd2b6651acfb?hl=en
2026-09-05T15:06:00.245Z [bd8df854-0eeb-4577-84b1-ce7a4529e0a4][fdfbd39c-aa59-4b23-a3ac-5f2ddfb5b1b8] Submitted ✓ Detecting batch size...
2026-09-05T15:06:00.279Z [bd8df854-0eeb-4577-84b1-ce7a4529e0a4][fdfbd39c-aa59-4b23-a3ac-5f2ddfb5b1b8] New tile(s) since submit: 0 → 4 (mounted=27)
2026-09-05T15:06:04.521Z [bd8df854-0eeb-4577-84b1-ce7a4529e0a4][fdfbd39c-aa59-4b23-a3ac-5f2ddfb5b1b8] Batch size stabilised at 4 new tile(s)
2026-09-05T15:06:04.522Z [bd8df854-0eeb-4577-84b1-ce7a4529e0a4][fdfbd39c-aa59-4b23-a3ac-5f2ddfb5b1b8] Batch detected: 4 item(s). Generating...
2026-09-05T15:06:04.523Z [bd8df854-0eeb-4577-84b1-ce7a4529e0a4][fdfbd39c-aa59-4b23-a3ac-5f2ddfb5b1b8] Polling for 4 image item(s) (baseline=27, hasUpload=true)...
2026-09-05T15:06:04.551Z [bd8df854-0eeb-4577-84b1-ce7a4529e0a4][fdfbd39c-aa59-4b23-a3ac-5f2ddfb5b1b8] Generating... 0 ready, 0 failed / 4 total (0s) image 34% [NHÂN VẬT] image 34% [NHÂN VẬT] image 34% [NHÂN VẬT] image 34% [NHÂN VẬT]
2026-09-05T15:06:07.571Z [bd8df854-0eeb-4577-84b1-ce7a4529e0a4][fdfbd39c-aa59-4b23-a3ac-5f2ddfb5b1b8] Generating... 0 ready, 0 failed / 4 total (3s) image 54% [NHÂN VẬT] image 54% [NHÂN VẬT] image 54% [NHÂN VẬT] image 54% [NHÂN VẬT]
2026-09-05T15:06:10.594Z [bd8df854-0eeb-4577-84b1-ce7a4529e0a4][fdfbd39c-aa59-4b23-a3ac-5f2ddfb5b1b8] Generating... 0 ready, 0 failed / 4 total (6s) image 74% [NHÂN VẬT] image 74% [NHÂN VẬT] image 74% [NHÂN VẬT] image 74% [NHÂN VẬT]
2026-09-05T15:06:13.631Z [bd8df854-0eeb-4577-84b1-ce7a4529e0a4][fdfbd39c-aa59-4b23-a3ac-5f2ddfb5b1b8] Generating... 0 ready, 0 failed / 4 total (9s) image 94% [NHÂN VẬT] image 94% [NHÂN VẬT] image 94% [NHÂN VẬT] image 94% [NHÂN VẬT]
2026-09-05T15:06:16.648Z [bd8df854-0eeb-4577-84b1-ce7a4529e0a4][fdfbd39c-aa59-4b23-a3ac-5f2ddfb5b1b8] Generating... 0 ready, 0 failed / 4 total (12s) image 99% [NHÂN VẬT] image 99% [NHÂN VẬT] image 99% [NHÂN VẬT] image 99% [NHÂN VẬT]
2026-09-05T15:06:19.674Z [bd8df854-0eeb-4577-84b1-ce7a4529e0a4][fdfbd39c-aa59-4b23-a3ac-5f2ddfb5b1b8] Generating... 0 ready, 0 failed / 4 total (15s) image 99% [NHÂN VẬT] image 99% [NHÂN VẬT] image 99% [NHÂN VẬT] image 99% [NHÂN VẬT]
2026-09-05T15:06:22.703Z [bd8df854-0eeb-4577-84b1-ce7a4529e0a4][fdfbd39c-aa59-4b23-a3ac-5f2ddfb5b1b8] Generating... 0 ready, 0 failed / 4 total (18s) image 99% [NHÂN VẬT] image 99% [NHÂN VẬT] image 99% [NHÂN VẬT] image 99% [NHÂN VẬT]
2026-09-05T15:06:25.726Z [bd8df854-0eeb-4577-84b1-ce7a4529e0a4][fdfbd39c-aa59-4b23-a3ac-5f2ddfb5b1b8] Generating... 0 ready, 0 failed / 4 total (21s) image 99% [NHÂN VẬT] image 99% [NHÂN VẬT] image 99% [NHÂN VẬT] image 99% [NHÂN VẬT]
2026-09-05T15:06:28.753Z [bd8df854-0eeb-4577-84b1-ce7a4529e0a4][fdfbd39c-aa59-4b23-a3ac-5f2ddfb5b1b8] Generating... 0 ready, 0 failed / 4 total (24s) image 99% [NHÂN VẬT] image 99% [NHÂN VẬT] image 99% [NHÂN VẬT] image 99% [NHÂN VẬT]
2026-09-05T15:06:31.773Z [bd8df854-0eeb-4577-84b1-ce7a4529e0a4][fdfbd39c-aa59-4b23-a3ac-5f2ddfb5b1b8] Generating... 0 ready, 0 failed / 4 total (27s) image 99% [NHÂN VẬT] image 99% [NHÂN VẬT] image 99% [NHÂN VẬT] image 99% [NHÂN VẬT]
2026-09-05T15:06:34.803Z [bd8df854-0eeb-4577-84b1-ce7a4529e0a4][fdfbd39c-aa59-4b23-a3ac-5f2ddfb5b1b8] Generating... 0 ready, 0 failed / 4 total (30s) image 99% [NHÂN VẬT] image 99% [NHÂN VẬT] image 99% [NHÂN VẬT] [NHÂN VẬT]Arlo, Ness
2026-09-05T15:06:37.828Z [bd8df854-0eeb-4577-84b1-ce7a4529e0a4][fdfbd39c-aa59-4b23-a3ac-5f2ddfb5b1b8] Generating... 1 ready, 0 failed / 4 total (33s) image 99% [NHÂN VẬT] image 99% [NHÂN VẬT] image 99% [NHÂN VẬT]
2026-09-05T15:06:40.867Z [bd8df854-0eeb-4577-84b1-ce7a4529e0a4][fdfbd39c-aa59-4b23-a3ac-5f2ddfb5b1b8] Generating... 1 ready, 0 failed / 4 total (36s) [NHÂN VẬT]Arlo, Ness image 99% [NHÂN VẬT] image 99% [NHÂN VẬT]
2026-09-05T15:06:43.905Z [bd8df854-0eeb-4577-84b1-ce7a4529e0a4][fdfbd39c-aa59-4b23-a3ac-5f2ddfb5b1b8] Generating... 2 ready, 0 failed / 4 total (39s) image 99% [NHÂN VẬT] image 99% [NHÂN VẬT]
2026-09-05T15:06:46.931Z [bd8df854-0eeb-4577-84b1-ce7a4529e0a4][fdfbd39c-aa59-4b23-a3ac-5f2ddfb5b1b8] Generating... 2 ready, 0 failed / 4 total (42s) image 99% [NHÂN VẬT] image 99% [NHÂN VẬT]
2026-09-05T15:06:49.965Z [bd8df854-0eeb-4577-84b1-ce7a4529e0a4][fdfbd39c-aa59-4b23-a3ac-5f2ddfb5b1b8] Generating... 2 ready, 0 failed / 4 total (45s) image 99% [NHÂN VẬT] image 100% [NHÂN VẬT
2026-09-05T15:06:52.998Z [bd8df854-0eeb-4577-84b1-ce7a4529e0a4][fdfbd39c-aa59-4b23-a3ac-5f2ddfb5b1b8] Generating... 2 ready, 0 failed / 4 total (48s) image 99% [NHÂN VẬT] [NHÂN VẬT]Arlo, Ness
2026-09-05T15:06:56.023Z [bd8df854-0eeb-4577-84b1-ce7a4529e0a4][fdfbd39c-aa59-4b23-a3ac-5f2ddfb5b1b8] Generating... 3 ready, 0 failed / 4 total (52s) [NHÂN VẬT]Arlo, Ness
2026-09-05T15:06:59.047Z [bd8df854-0eeb-4577-84b1-ce7a4529e0a4][fdfbd39c-aa59-4b23-a3ac-5f2ddfb5b1b8] Generating... 4 ready, 0 failed / 4 total (55s)
2026-09-05T15:06:59.049Z [bd8df854-0eeb-4577-84b1-ce7a4529e0a4][fdfbd39c-aa59-4b23-a3ac-5f2ddfb5b1b8] Batch done: 4 ready (target 4), 0 failed, scanned 4.
2026-09-05T15:06:59.050Z [bd8df854-0eeb-4577-84b1-ce7a4529e0a4][fdfbd39c-aa59-4b23-a3ac-5f2ddfb5b1b8] 4 item(s) ready! Downloading...
2026-09-05T15:06:59.053Z [bd8df854-0eeb-4577-84b1-ce7a4529e0a4][fdfbd39c-aa59-4b23-a3ac-5f2ddfb5b1b8] Item 1: Downloading from URL https://flow-content.google/image/fdb96e1e-e28f-4561-ac47-1f43b2b522aa?Expires=1788642361&KeyName=labs-flow-prod-cdn-key&Signature=QKprNrPZyCRDQa2KZoDDrIrHwXM
2026-09-05T15:06:59.608Z [bd8df854-0eeb-4577-84b1-ce7a4529e0a4][fdfbd39c-aa59-4b23-a3ac-5f2ddfb5b1b8] Downloaded 1/4: winai_2026-09-05T15-06-59_01.jpg
2026-09-05T15:06:59.609Z [bd8df854-0eeb-4577-84b1-ce7a4529e0a4][fdfbd39c-aa59-4b23-a3ac-5f2ddfb5b1b8] Item 2: Downloading from URL https://flow-content.google/image/8cdac905-03a9-4fce-a867-8d94126044a2?Expires=1788642360&KeyName=labs-flow-prod-cdn-key&Signature=QyxQ1EHeF9v4v0QTU9cUPDKQAYw
2026-09-05T15:06:59.756Z [bd8df854-0eeb-4577-84b1-ce7a4529e0a4][fdfbd39c-aa59-4b23-a3ac-5f2ddfb5b1b8] Downloaded 2/4: winai_2026-09-05T15-06-59_02.jpg
2026-09-05T15:06:59.756Z [bd8df854-0eeb-4577-84b1-ce7a4529e0a4][fdfbd39c-aa59-4b23-a3ac-5f2ddfb5b1b8] Item 3: Downloading from URL https://flow-content.google/image/2e97eccd-b8ff-4573-a5da-bfa529899bba?Expires=1788642359&KeyName=labs-flow-prod-cdn-key&Signature=-vKFwv24pz6lYlruGBlXKazj0Hg
2026-09-05T15:06:59.900Z [bd8df854-0eeb-4577-84b1-ce7a4529e0a4][fdfbd39c-aa59-4b23-a3ac-5f2ddfb5b1b8] Downloaded 3/4: winai_2026-09-05T15-06-59_03.jpg
2026-09-05T15:06:59.901Z [bd8df854-0eeb-4577-84b1-ce7a4529e0a4][fdfbd39c-aa59-4b23-a3ac-5f2ddfb5b1b8] Item 4: Downloading from URL https://flow-content.google/image/250e4f2b-3009-4f1f-bdac-5cf23e0929b9?Expires=1788642358&KeyName=labs-flow-prod-cdn-key&Signature=5VcuyP8A03hpg2Lh0lw0jfZ4VTs
2026-09-05T15:07:00.042Z [bd8df854-0eeb-4577-84b1-ce7a4529e0a4][fdfbd39c-aa59-4b23-a3ac-5f2ddfb5b1b8] Downloaded 4/4: winai_2026-09-05T15-06-59_04.jpg
2026-09-05T15:07:00.043Z [bd8df854-0eeb-4577-84b1-ce7a4529e0a4][fdfbd39c-aa59-4b23-a3ac-5f2ddfb5b1b8] ✅ 4 item(s) saved to Downloads/Win AI Toolkit/
2026-09-05T15:07:00.270Z [f0291e01-d156-414a-ab4f-a7973b5ec85e][fdfbd39c-aa59-4b23-a3ac-5f2ddfb5b1b8] runGeneration starting: task_id=f0291e01-d156-414a-ab4f-a7973b5ec85e, profile_id=fdfbd39c-aa59-4b23-a3ac-5f2ddfb5b1b8, target_site=google_flow
2026-09-05T15:07:00.275Z [f0291e01-d156-414a-ab4f-a7973b5ec85e][fdfbd39c-aa59-4b23-a3ac-5f2ddfb5b1b8] Opening Playwright browser with persistent profile cookies...
2026-09-05T15:07:00.278Z [f0291e01-d156-414a-ab4f-a7973b5ec85e][fdfbd39c-aa59-4b23-a3ac-5f2ddfb5b1b8] Browser engine: winhide (C:\Users\MienTrungComputer\AppData\Roaming\com.tank.winai\winhide\chrome.exe) [hidden off-screen]
2026-09-05T15:07:00.283Z [f0291e01-d156-414a-ab4f-a7973b5ec85e][fdfbd39c-aa59-4b23-a3ac-5f2ddfb5b1b8] Launch mode: STEALTH (raw spawn + connectOverCDP)
2026-09-05T15:07:00.832Z [bd8df854-0eeb-4577-84b1-ce7a4529e0a4][fdfbd39c-aa59-4b23-a3ac-5f2ddfb5b1b8] Item 2: Uploaded → https://studio.xanhmedia.vn/uploads/2026-09/1788620819766_c0abff_fdfbd39c-aa59-4b23-a3ac-5f2ddfb5b1b8_bd8.jpg
2026-09-05T15:07:00.851Z [bd8df854-0eeb-4577-84b1-ce7a4529e0a4][fdfbd39c-aa59-4b23-a3ac-5f2ddfb5b1b8] Item 3: Uploaded → https://studio.xanhmedia.vn/uploads/2026-09/1788620819776_781dae_fdfbd39c-aa59-4b23-a3ac-5f2ddfb5b1b8_bd8.jpg
2026-09-05T15:07:00.856Z [bd8df854-0eeb-4577-84b1-ce7a4529e0a4][fdfbd39c-aa59-4b23-a3ac-5f2ddfb5b1b8] Item 1: Uploaded → https://studio.xanhmedia.vn/uploads/2026-09/1788620819807_c2dd52_fdfbd39c-aa59-4b23-a3ac-5f2ddfb5b1b8_bd8.jpg
2026-09-05T15:07:00.861Z [bd8df854-0eeb-4577-84b1-ce7a4529e0a4][fdfbd39c-aa59-4b23-a3ac-5f2ddfb5b1b8] Item 4: Uploaded → https://studio.xanhmedia.vn/uploads/2026-09/1788620819821_e8ee04_fdfbd39c-aa59-4b23-a3ac-5f2ddfb5b1b8_bd8.jpg
2026-09-05T15:07:00.867Z [bd8df854-0eeb-4577-84b1-ce7a4529e0a4][fdfbd39c-aa59-4b23-a3ac-5f2ddfb5b1b8] All done (including any 1080p upgrades). Closing Playwright browser context.
2026-09-05T15:07:03.559Z [f0291e01-d156-414a-ab4f-a7973b5ec85e][fdfbd39c-aa59-4b23-a3ac-5f2ddfb5b1b8] Exit IP: 125.212.158.158
2026-09-05T15:07:03.560Z [f0291e01-d156-414a-ab4f-a7973b5ec85e][fdfbd39c-aa59-4b23-a3ac-5f2ddfb5b1b8] Navigating browser to Google Flow tools page...
2026-09-05T15:07:03.561Z [f0291e01-d156-414a-ab4f-a7973b5ec85e][fdfbd39c-aa59-4b23-a3ac-5f2ddfb5b1b8] Using existing project URL: https://flow.google.com/project/390215dc-290f-4b92-a7f0-dd2b6651acfb?hl=en
2026-09-05T15:07:04.581Z [f0291e01-d156-414a-ab4f-a7973b5ec85e][fdfbd39c-aa59-4b23-a3ac-5f2ddfb5b1b8] Waiting for Google Flow...
2026-09-05T15:07:06.793Z [f0291e01-d156-414a-ab4f-a7973b5ec85e][fdfbd39c-aa59-4b23-a3ac-5f2ddfb5b1b8] In existing project ✓
2026-09-05T15:07:07.923Z [f0291e01-d156-414a-ab4f-a7973b5ec85e][fdfbd39c-aa59-4b23-a3ac-5f2ddfb5b1b8] dismissPopups: unresolved overlay(s) ["IFRAME[presentation]|btns="]
2026-09-05T15:07:10.800Z [f0291e01-d156-414a-ab4f-a7973b5ec85e][fdfbd39c-aa59-4b23-a3ac-5f2ddfb5b1b8] Composer ready ✓ (UI language: en)
2026-09-05T15:07:10.834Z [f0291e01-d156-414a-ab4f-a7973b5ec85e][fdfbd39c-aa59-4b23-a3ac-5f2ddfb5b1b8] dismissPopups: clicked "Dismiss credit banner" (overlay)
2026-09-05T15:07:11.366Z [f0291e01-d156-414a-ab4f-a7973b5ec85e][fdfbd39c-aa59-4b23-a3ac-5f2ddfb5b1b8] dismissPopups: unresolved overlay(s) ["DIV[]|btns=","DIV[]|btns="]
2026-09-05T15:07:11.383Z [f0291e01-d156-414a-ab4f-a7973b5ec85e][fdfbd39c-aa59-4b23-a3ac-5f2ddfb5b1b8] Agent toggle aria-pressed=false
2026-09-05T15:07:11.384Z [f0291e01-d156-414a-ab4f-a7973b5ec85e][fdfbd39c-aa59-4b23-a3ac-5f2ddfb5b1b8] Opening settings...
2026-09-05T15:07:13.314Z [f0291e01-d156-414a-ab4f-a7973b5ec85e][fdfbd39c-aa59-4b23-a3ac-5f2ddfb5b1b8] Configuring image settings...
2026-09-05T15:07:14.826Z [f0291e01-d156-414a-ab4f-a7973b5ec85e][fdfbd39c-aa59-4b23-a3ac-5f2ddfb5b1b8] Mode: selected "image Image" ✓
2026-09-05T15:07:19.920Z [f0291e01-d156-414a-ab4f-a7973b5ec85e][fdfbd39c-aa59-4b23-a3ac-5f2ddfb5b1b8] Model: selected "🍌 Nano Banana 2" ✓
2026-09-05T15:07:20.467Z [f0291e01-d156-414a-ab4f-a7973b5ec85e][fdfbd39c-aa59-4b23-a3ac-5f2ddfb5b1b8] Aspect ratio: "crop_16_9 16:9" already selected ✓
2026-09-05T15:07:22.137Z [f0291e01-d156-414a-ab4f-a7973b5ec85e][fdfbd39c-aa59-4b23-a3ac-5f2ddfb5b1b8] Output count: selected "x4" ✓
2026-09-05T15:07:23.306Z [f0291e01-d156-414a-ab4f-a7973b5ec85e][fdfbd39c-aa59-4b23-a3ac-5f2ddfb5b1b8] Ref image 1/5: downloading from URL...
2026-09-05T15:07:23.622Z [f0291e01-d156-414a-ab4f-a7973b5ec85e][fdfbd39c-aa59-4b23-a3ac-5f2ddfb5b1b8] Downloader: no-proxy request context ready.
2026-09-05T15:07:24.275Z [f0291e01-d156-414a-ab4f-a7973b5ec85e][fdfbd39c-aa59-4b23-a3ac-5f2ddfb5b1b8] Ref image 1/5: saved 635164 bytes (image/jpeg) as "Arlo Vale Color Pool War Muddy State.jpeg"
2026-09-05T15:07:24.279Z [f0291e01-d156-414a-ab4f-a7973b5ec85e][fdfbd39c-aa59-4b23-a3ac-5f2ddfb5b1b8] Ref image 1/5: attaching reference image...
2026-09-05T15:07:26.458Z [f0291e01-d156-414a-ab4f-a7973b5ec85e][fdfbd39c-aa59-4b23-a3ac-5f2ddfb5b1b8] Ref image 1/5: reusing library asset "Arlo Vale Color Pool War Muddy State.jpeg" (no re-upload).
2026-09-05T15:07:30.523Z [f0291e01-d156-414a-ab4f-a7973b5ec85e][fdfbd39c-aa59-4b23-a3ac-5f2ddfb5b1b8] Ref image 1/5: chips 0→1 ✓
2026-09-05T15:07:31.513Z [f0291e01-d156-414a-ab4f-a7973b5ec85e][fdfbd39c-aa59-4b23-a3ac-5f2ddfb5b1b8] Ref image 2/5: downloading from URL...
2026-09-05T15:07:31.901Z [f0291e01-d156-414a-ab4f-a7973b5ec85e][fdfbd39c-aa59-4b23-a3ac-5f2ddfb5b1b8] Ref image 2/5: saved 716596 bytes (image/jpeg) as "Nessa Vale Color Pool War Muddy State.jpeg"
2026-09-05T15:07:31.904Z [f0291e01-d156-414a-ab4f-a7973b5ec85e][fdfbd39c-aa59-4b23-a3ac-5f2ddfb5b1b8] Ref image 2/5: attaching reference image...
2026-09-05T15:07:34.112Z [f0291e01-d156-414a-ab4f-a7973b5ec85e][fdfbd39c-aa59-4b23-a3ac-5f2ddfb5b1b8] Ref image 2/5: reusing library asset "Nessa Vale Color Pool War Muddy State.jpeg" (no re-upload).
2026-09-05T15:07:37.655Z [f0291e01-d156-414a-ab4f-a7973b5ec85e][fdfbd39c-aa59-4b23-a3ac-5f2ddfb5b1b8] Ref image 2/5: chips 1→2 ✓
2026-09-05T15:07:38.912Z [f0291e01-d156-414a-ab4f-a7973b5ec85e][fdfbd39c-aa59-4b23-a3ac-5f2ddfb5b1b8] Ref image 3/5: downloading from URL...
2026-09-05T15:07:39.275Z [f0291e01-d156-414a-ab4f-a7973b5ec85e][fdfbd39c-aa59-4b23-a3ac-5f2ddfb5b1b8] Ref image 3/5: saved 673040 bytes (image/jpeg) as "Graham Vale Color Pool War Backyard.jpeg"
2026-09-05T15:07:39.278Z [f0291e01-d156-414a-ab4f-a7973b5ec85e][fdfbd39c-aa59-4b23-a3ac-5f2ddfb5b1b8] Ref image 3/5: attaching reference image...
2026-09-05T15:07:41.591Z [f0291e01-d156-414a-ab4f-a7973b5ec85e][fdfbd39c-aa59-4b23-a3ac-5f2ddfb5b1b8] Ref image 3/5: reusing library asset "Graham Vale Color Pool War Backyard.jpeg" (no re-upload).
2026-09-05T15:07:45.218Z [f0291e01-d156-414a-ab4f-a7973b5ec85e][fdfbd39c-aa59-4b23-a3ac-5f2ddfb5b1b8] Ref image 3/5: chips 2→3 ✓
2026-09-05T15:07:46.656Z [f0291e01-d156-414a-ab4f-a7973b5ec85e][fdfbd39c-aa59-4b23-a3ac-5f2ddfb5b1b8] Ref image 4/5: downloading from URL...
2026-09-05T15:07:47.024Z [f0291e01-d156-414a-ab4f-a7973b5ec85e][fdfbd39c-aa59-4b23-a3ac-5f2ddfb5b1b8] Ref image 4/5: saved 544392 bytes (image/jpeg) as "Elara Vale Color Pool War Backyard.jpeg"
2026-09-05T15:07:47.031Z [f0291e01-d156-414a-ab4f-a7973b5ec85e][fdfbd39c-aa59-4b23-a3ac-5f2ddfb5b1b8] Ref image 4/5: attaching reference image...
2026-09-05T15:07:48.986Z [f0291e01-d156-414a-ab4f-a7973b5ec85e][fdfbd39c-aa59-4b23-a3ac-5f2ddfb5b1b8] Ref image 4/5: "Elara Vale Color Pool War Backyard.jpeg" not in the library yet — uploading it first.
2026-09-05T15:07:53.511Z [f0291e01-d156-414a-ab4f-a7973b5ec85e][fdfbd39c-aa59-4b23-a3ac-5f2ddfb5b1b8] Ref image 4/5: uploading "Elara Vale Color Pool War Backyard.jpeg" to the project library...
2026-09-05T15:07:54.857Z [f0291e01-d156-414a-ab4f-a7973b5ec85e][fdfbd39c-aa59-4b23-a3ac-5f2ddfb5b1b8] Ref image 4/5: upload finished ✓
2026-09-05T15:08:05.462Z [f0291e01-d156-414a-ab4f-a7973b5ec85e][fdfbd39c-aa59-4b23-a3ac-5f2ddfb5b1b8] Ref image 4/5: chips 3→4 ✓
2026-09-05T15:08:07.228Z [f0291e01-d156-414a-ab4f-a7973b5ec85e][fdfbd39c-aa59-4b23-a3ac-5f2ddfb5b1b8] Ref image 5/5: downloading from URL...
2026-09-05T15:08:07.733Z [f0291e01-d156-414a-ab4f-a7973b5ec85e][fdfbd39c-aa59-4b23-a3ac-5f2ddfb5b1b8] Ref image 5/5: saved 585044 bytes (image/jpeg) as "Arlo Family Inflatable Pool Progress Set.jpeg"
2026-09-05T15:08:07.749Z [f0291e01-d156-414a-ab4f-a7973b5ec85e][fdfbd39c-aa59-4b23-a3ac-5f2ddfb5b1b8] Ref image 5/5: attaching reference image...
2026-09-05T15:08:10.467Z [f0291e01-d156-414a-ab4f-a7973b5ec85e][fdfbd39c-aa59-4b23-a3ac-5f2ddfb5b1b8] Ref image 5/5: reusing library asset "Arlo Family Inflatable Pool Progress Set.jpeg" (no re-upload).
2026-09-05T15:08:13.939Z [f0291e01-d156-414a-ab4f-a7973b5ec85e][fdfbd39c-aa59-4b23-a3ac-5f2ddfb5b1b8] Ref image 5/5: chips 4→5 ✓
2026-09-05T15:08:13.950Z [f0291e01-d156-414a-ab4f-a7973b5ec85e][fdfbd39c-aa59-4b23-a3ac-5f2ddfb5b1b8] Entering prompt...
2026-09-05T15:08:15.738Z [f0291e01-d156-414a-ab4f-a7973b5ec85e][fdfbd39c-aa59-4b23-a3ac-5f2ddfb5b1b8] Prompt is 2475 chars — typing it in 28 chunk(s).
2026-09-05T15:08:28.935Z [f0291e01-d156-414a-ab4f-a7973b5ec85e][fdfbd39c-aa59-4b23-a3ac-5f2ddfb5b1b8] Prompt insert attempt 1: editor has 2342 chars (want ~2469) ✓
2026-09-05T15:08:30.666Z [f0291e01-d156-414a-ab4f-a7973b5ec85e][fdfbd39c-aa59-4b23-a3ac-5f2ddfb5b1b8] Baseline: 27 pre-existing media tile(s) of 27 mounted (kinds: image,image,image,image,image,image,image,image,image,image,image,image,image,image,image,image,image,image,image,image,image,image,image,image,image,image,image).
2026-09-05T15:08:32.593Z [f0291e01-d156-414a-ab4f-a7973b5ec85e][fdfbd39c-aa59-4b23-a3ac-5f2ddfb5b1b8] [submit] confirmed (editor "What do you want to ", fresh tile=true).
2026-09-05T15:08:32.998Z [f0291e01-d156-414a-ab4f-a7973b5ec85e][fdfbd39c-aa59-4b23-a3ac-5f2ddfb5b1b8] Current Workspace project URL: https://flow.google.com/project/390215dc-290f-4b92-a7f0-dd2b6651acfb?hl=en
2026-09-05T15:08:33.001Z [f0291e01-d156-414a-ab4f-a7973b5ec85e][fdfbd39c-aa59-4b23-a3ac-5f2ddfb5b1b8] Submitted ✓ Detecting batch size...
2026-09-05T15:08:33.037Z [f0291e01-d156-414a-ab4f-a7973b5ec85e][fdfbd39c-aa59-4b23-a3ac-5f2ddfb5b1b8] New tile(s) since submit: 0 → 4 (mounted=27)
2026-09-05T15:08:37.341Z [f0291e01-d156-414a-ab4f-a7973b5ec85e][fdfbd39c-aa59-4b23-a3ac-5f2ddfb5b1b8] Batch size stabilised at 4 new tile(s)
2026-09-05T15:08:37.343Z [f0291e01-d156-414a-ab4f-a7973b5ec85e][fdfbd39c-aa59-4b23-a3ac-5f2ddfb5b1b8] Batch detected: 4 item(s). Generating...
2026-09-05T15:08:37.345Z [f0291e01-d156-414a-ab4f-a7973b5ec85e][fdfbd39c-aa59-4b23-a3ac-5f2ddfb5b1b8] Polling for 4 image item(s) (baseline=27, hasUpload=true)...
2026-09-05T15:08:37.364Z [f0291e01-d156-414a-ab4f-a7973b5ec85e][fdfbd39c-aa59-4b23-a3ac-5f2ddfb5b1b8] Generating... 0 ready, 0 failed / 4 total (0s) image 34% [NHÂN VẬT] image 34% [NHÂN VẬT] image 34% [NHÂN VẬT] image 34% [NHÂN VẬT]
2026-09-05T15:08:40.396Z [f0291e01-d156-414a-ab4f-a7973b5ec85e][fdfbd39c-aa59-4b23-a3ac-5f2ddfb5b1b8] Generating... 0 ready, 0 failed / 4 total (3s) image 54% [NHÂN VẬT] image 54% [NHÂN VẬT] image 54% [NHÂN VẬT] image 54% [NHÂN VẬT]
2026-09-05T15:08:43.418Z [f0291e01-d156-414a-ab4f-a7973b5ec85e][fdfbd39c-aa59-4b23-a3ac-5f2ddfb5b1b8] Generating... 0 ready, 0 failed / 4 total (6s) image 74% [NHÂN VẬT] image 74% [NHÂN VẬT] image 74% [NHÂN VẬT] image 74% [NHÂN VẬT]
2026-09-05T15:08:46.445Z [f0291e01-d156-414a-ab4f-a7973b5ec85e][fdfbd39c-aa59-4b23-a3ac-5f2ddfb5b1b8] Generating... 0 ready, 0 failed / 4 total (9s) image 94% [NHÂN VẬT] image 94% [NHÂN VẬT] image 94% [NHÂN VẬT] image 94% [NHÂN VẬT]
2026-09-05T15:08:49.473Z [f0291e01-d156-414a-ab4f-a7973b5ec85e][fdfbd39c-aa59-4b23-a3ac-5f2ddfb5b1b8] Generating... 0 ready, 0 failed / 4 total (12s) image 99% [NHÂN VẬT] image 99% [NHÂN VẬT] image 99% [NHÂN VẬT] image 99% [NHÂN VẬT]
2026-09-05T15:08:52.501Z [f0291e01-d156-414a-ab4f-a7973b5ec85e][fdfbd39c-aa59-4b23-a3ac-5f2ddfb5b1b8] Generating... 0 ready, 0 failed / 4 total (15s) image 99% [NHÂN VẬT] image 99% [NHÂN VẬT] image 99% [NHÂN VẬT] image 99% [NHÂN VẬT]
2026-09-05T15:08:55.549Z [f0291e01-d156-414a-ab4f-a7973b5ec85e][fdfbd39c-aa59-4b23-a3ac-5f2ddfb5b1b8] Generating... 0 ready, 0 failed / 4 total (18s) image 99% [NHÂN VẬT] image 99% [NHÂN VẬT] image 99% [NHÂN VẬT] image 99% [NHÂN VẬT]
2026-09-05T15:08:58.573Z [f0291e01-d156-414a-ab4f-a7973b5ec85e][fdfbd39c-aa59-4b23-a3ac-5f2ddfb5b1b8] Generating... 0 ready, 0 failed / 4 total (21s) image 99% [NHÂN VẬT] image 99% [NHÂN VẬT] image 99% [NHÂN VẬT] image 99% [NHÂN VẬT]
2026-09-05T15:09:01.605Z [f0291e01-d156-414a-ab4f-a7973b5ec85e][fdfbd39c-aa59-4b23-a3ac-5f2ddfb5b1b8] Generating... 0 ready, 0 failed / 4 total (24s) image 99% [NHÂN VẬT] image 99% [NHÂN VẬT] image 99% [NHÂN VẬT] image 99% [NHÂN VẬT]
2026-09-05T15:09:04.625Z [f0291e01-d156-414a-ab4f-a7973b5ec85e][fdfbd39c-aa59-4b23-a3ac-5f2ddfb5b1b8] Generating... 0 ready, 0 failed / 4 total (27s) image 99% [NHÂN VẬT] image 99% [NHÂN VẬT] image 99% [NHÂN VẬT] image 99% [NHÂN VẬT]
2026-09-05T15:09:07.670Z [f0291e01-d156-414a-ab4f-a7973b5ec85e][fdfbd39c-aa59-4b23-a3ac-5f2ddfb5b1b8] Generating... 0 ready, 0 failed / 4 total (30s) image 99% [NHÂN VẬT] image 99% [NHÂN VẬT] image 99% [NHÂN VẬT] image 99% [NHÂN VẬT]
2026-09-05T15:09:10.697Z [f0291e01-d156-414a-ab4f-a7973b5ec85e][fdfbd39c-aa59-4b23-a3ac-5f2ddfb5b1b8] Generating... 0 ready, 0 failed / 4 total (33s) image 99% [NHÂN VẬT] image 99% [NHÂN VẬT] image 99% [NHÂN VẬT] image 100% [NHÂN VẬT
2026-09-05T15:09:13.724Z [f0291e01-d156-414a-ab4f-a7973b5ec85e][fdfbd39c-aa59-4b23-a3ac-5f2ddfb5b1b8] Generating... 1 ready, 0 failed / 4 total (36s) image 99% [NHÂN VẬT] [NHÂN VẬT]Arlo, Ness image 99% [NHÂN VẬT]
2026-09-05T15:09:16.755Z [f0291e01-d156-414a-ab4f-a7973b5ec85e][fdfbd39c-aa59-4b23-a3ac-5f2ddfb5b1b8] Generating... 2 ready, 0 failed / 4 total (39s) image 99% [NHÂN VẬT] image 99% [NHÂN VẬT]
2026-09-05T15:09:19.797Z [f0291e01-d156-414a-ab4f-a7973b5ec85e][fdfbd39c-aa59-4b23-a3ac-5f2ddfb5b1b8] Generating... 2 ready, 0 failed / 4 total (42s) image 99% [NHÂN VẬT] image 99% [NHÂN VẬT]
2026-09-05T15:09:22.829Z [f0291e01-d156-414a-ab4f-a7973b5ec85e][fdfbd39c-aa59-4b23-a3ac-5f2ddfb5b1b8] Generating... 2 ready, 0 failed / 4 total (45s) image 99% [NHÂN VẬT] image 99% [NHÂN VẬT]
2026-09-05T15:09:25.868Z [f0291e01-d156-414a-ab4f-a7973b5ec85e][fdfbd39c-aa59-4b23-a3ac-5f2ddfb5b1b8] Generating... 2 ready, 0 failed / 4 total (49s) image 99% [NHÂN VẬT] image 99% [NHÂN VẬT]
2026-09-05T15:09:28.908Z [f0291e01-d156-414a-ab4f-a7973b5ec85e][fdfbd39c-aa59-4b23-a3ac-5f2ddfb5b1b8] Generating... 2 ready, 0 failed / 4 total (52s) image 99% [NHÂN VẬT] [NHÂN VẬT]Arlo, Ness
2026-09-05T15:09:31.942Z [f0291e01-d156-414a-ab4f-a7973b5ec85e][fdfbd39c-aa59-4b23-a3ac-5f2ddfb5b1b8] Generating... 3 ready, 0 failed / 4 total (55s) [NHÂN VẬT]Arlo, Ness
2026-09-05T15:09:34.963Z [f0291e01-d156-414a-ab4f-a7973b5ec85e][fdfbd39c-aa59-4b23-a3ac-5f2ddfb5b1b8] Generating... 4 ready, 0 failed / 4 total (58s)
2026-09-05T15:09:34.963Z [f0291e01-d156-414a-ab4f-a7973b5ec85e][fdfbd39c-aa59-4b23-a3ac-5f2ddfb5b1b8] Batch done: 4 ready (target 4), 0 failed, scanned 4.
2026-09-05T15:09:34.964Z [f0291e01-d156-414a-ab4f-a7973b5ec85e][fdfbd39c-aa59-4b23-a3ac-5f2ddfb5b1b8] 4 item(s) ready! Downloading...
2026-09-05T15:09:34.965Z [f0291e01-d156-414a-ab4f-a7973b5ec85e][fdfbd39c-aa59-4b23-a3ac-5f2ddfb5b1b8] Item 1: Downloading from URL https://flow-content.google/image/a5fcbc87-a808-4e0c-a1fc-f06b1d2f06ed?Expires=1788642514&KeyName=labs-flow-prod-cdn-key&Signature=dK1_9NZgCoTTIUGSx6QrruRPxrA
2026-09-05T15:09:35.342Z [f0291e01-d156-414a-ab4f-a7973b5ec85e][fdfbd39c-aa59-4b23-a3ac-5f2ddfb5b1b8] Downloaded 1/4: winai_2026-09-05T15-09-34_01.jpg
2026-09-05T15:09:35.346Z [f0291e01-d156-414a-ab4f-a7973b5ec85e][fdfbd39c-aa59-4b23-a3ac-5f2ddfb5b1b8] Item 2: Downloading from URL https://flow-content.google/image/e7ff477a-ce88-43e3-bcdd-9f8dcc33094d?Expires=1788642513&KeyName=labs-flow-prod-cdn-key&Signature=48EfvCQgdYxheeT5dOlRl_yokPc
2026-09-05T15:09:35.479Z [f0291e01-d156-414a-ab4f-a7973b5ec85e][fdfbd39c-aa59-4b23-a3ac-5f2ddfb5b1b8] Downloaded 2/4: winai_2026-09-05T15-09-34_02.jpg
2026-09-05T15:09:35.480Z [f0291e01-d156-414a-ab4f-a7973b5ec85e][fdfbd39c-aa59-4b23-a3ac-5f2ddfb5b1b8] Item 3: Downloading from URL https://flow-content.google/image/41cbd67c-3aa4-40b0-9050-521f0b081013?Expires=1788642512&KeyName=labs-flow-prod-cdn-key&Signature=iLzwP9kGIP9nBMYXusHHX0T66a4
2026-09-05T15:09:35.616Z [f0291e01-d156-414a-ab4f-a7973b5ec85e][fdfbd39c-aa59-4b23-a3ac-5f2ddfb5b1b8] Downloaded 3/4: winai_2026-09-05T15-09-34_03.jpg
2026-09-05T15:09:35.617Z [f0291e01-d156-414a-ab4f-a7973b5ec85e][fdfbd39c-aa59-4b23-a3ac-5f2ddfb5b1b8] Item 4: Downloading from URL https://flow-content.google/image/c4ab5994-57d2-4f57-8820-6a510c463f28?Expires=1788642511&KeyName=labs-flow-prod-cdn-key&Signature=L1XBgWfstAn5zdxAcK7bzUsdZhU
2026-09-05T15:09:35.745Z [f0291e01-d156-414a-ab4f-a7973b5ec85e][fdfbd39c-aa59-4b23-a3ac-5f2ddfb5b1b8] Downloaded 4/4: winai_2026-09-05T15-09-34_04.jpg
2026-09-05T15:09:35.748Z [f0291e01-d156-414a-ab4f-a7973b5ec85e][fdfbd39c-aa59-4b23-a3ac-5f2ddfb5b1b8] ✅ 4 item(s) saved to Downloads/Win AI Toolkit/
2026-09-05T15:09:35.987Z [ec5e437c-16c2-470a-a94f-f12eb7a8510b][fdfbd39c-aa59-4b23-a3ac-5f2ddfb5b1b8] runGeneration starting: task_id=ec5e437c-16c2-470a-a94f-f12eb7a8510b, profile_id=fdfbd39c-aa59-4b23-a3ac-5f2ddfb5b1b8, target_site=google_flow
2026-09-05T15:09:35.992Z [ec5e437c-16c2-470a-a94f-f12eb7a8510b][fdfbd39c-aa59-4b23-a3ac-5f2ddfb5b1b8] Opening Playwright browser with persistent profile cookies...
2026-09-05T15:09:35.993Z [ec5e437c-16c2-470a-a94f-f12eb7a8510b][fdfbd39c-aa59-4b23-a3ac-5f2ddfb5b1b8] Browser engine: winhide (C:\Users\MienTrungComputer\AppData\Roaming\com.tank.winai\winhide\chrome.exe) [hidden off-screen]
2026-09-05T15:09:35.996Z [ec5e437c-16c2-470a-a94f-f12eb7a8510b][fdfbd39c-aa59-4b23-a3ac-5f2ddfb5b1b8] Launch mode: STEALTH (raw spawn + connectOverCDP)
2026-09-05T15:09:36.416Z [f0291e01-d156-414a-ab4f-a7973b5ec85e][fdfbd39c-aa59-4b23-a3ac-5f2ddfb5b1b8] Item 2: Uploaded → https://studio.xanhmedia.vn/uploads/2026-09/1788620975402_d6964d_fdfbd39c-aa59-4b23-a3ac-5f2ddfb5b1b8_f02.jpg
2026-09-05T15:09:36.433Z [f0291e01-d156-414a-ab4f-a7973b5ec85e][fdfbd39c-aa59-4b23-a3ac-5f2ddfb5b1b8] Item 1: Uploaded → https://studio.xanhmedia.vn/uploads/2026-09/1788620975413_3647bf_fdfbd39c-aa59-4b23-a3ac-5f2ddfb5b1b8_f02.jpg
2026-09-05T15:09:36.438Z [f0291e01-d156-414a-ab4f-a7973b5ec85e][fdfbd39c-aa59-4b23-a3ac-5f2ddfb5b1b8] Item 4: Uploaded → https://studio.xanhmedia.vn/uploads/2026-09/1788620975420_8779a0_fdfbd39c-aa59-4b23-a3ac-5f2ddfb5b1b8_f02.jpg
2026-09-05T15:09:36.463Z [f0291e01-d156-414a-ab4f-a7973b5ec85e][fdfbd39c-aa59-4b23-a3ac-5f2ddfb5b1b8] Item 3: Uploaded → https://studio.xanhmedia.vn/uploads/2026-09/1788620975441_cecbe6_fdfbd39c-aa59-4b23-a3ac-5f2ddfb5b1b8_f02.jpg
2026-09-05T15:09:36.465Z [f0291e01-d156-414a-ab4f-a7973b5ec85e][fdfbd39c-aa59-4b23-a3ac-5f2ddfb5b1b8] All done (including any 1080p upgrades). Closing Playwright browser context.
2026-09-05T15:09:39.603Z [ec5e437c-16c2-470a-a94f-f12eb7a8510b][fdfbd39c-aa59-4b23-a3ac-5f2ddfb5b1b8] Exit IP: 125.212.158.158
2026-09-05T15:09:39.603Z [ec5e437c-16c2-470a-a94f-f12eb7a8510b][fdfbd39c-aa59-4b23-a3ac-5f2ddfb5b1b8] Navigating browser to Google Flow tools page...
2026-09-05T15:09:39.604Z [ec5e437c-16c2-470a-a94f-f12eb7a8510b][fdfbd39c-aa59-4b23-a3ac-5f2ddfb5b1b8] Using existing project URL: https://flow.google.com/project/390215dc-290f-4b92-a7f0-dd2b6651acfb?hl=en
2026-09-05T15:09:40.743Z [ec5e437c-16c2-470a-a94f-f12eb7a8510b][fdfbd39c-aa59-4b23-a3ac-5f2ddfb5b1b8] Waiting for Google Flow...
2026-09-05T15:09:42.416Z [ec5e437c-16c2-470a-a94f-f12eb7a8510b][fdfbd39c-aa59-4b23-a3ac-5f2ddfb5b1b8] In existing project ✓
2026-09-05T15:09:43.423Z [ec5e437c-16c2-470a-a94f-f12eb7a8510b][fdfbd39c-aa59-4b23-a3ac-5f2ddfb5b1b8] dismissPopups: unresolved overlay(s) ["IFRAME[presentation]|btns="]
2026-09-05T15:09:46.208Z [ec5e437c-16c2-470a-a94f-f12eb7a8510b][fdfbd39c-aa59-4b23-a3ac-5f2ddfb5b1b8] Composer ready ✓ (UI language: en)
2026-09-05T15:09:46.247Z [ec5e437c-16c2-470a-a94f-f12eb7a8510b][fdfbd39c-aa59-4b23-a3ac-5f2ddfb5b1b8] dismissPopups: clicked "Dismiss credit banner" (overlay)
2026-09-05T15:09:46.779Z [ec5e437c-16c2-470a-a94f-f12eb7a8510b][fdfbd39c-aa59-4b23-a3ac-5f2ddfb5b1b8] dismissPopups: unresolved overlay(s) ["DIV[]|btns=","DIV[]|btns="]
2026-09-05T15:09:46.815Z [ec5e437c-16c2-470a-a94f-f12eb7a8510b][fdfbd39c-aa59-4b23-a3ac-5f2ddfb5b1b8] Agent toggle aria-pressed=false
2026-09-05T15:09:46.818Z [ec5e437c-16c2-470a-a94f-f12eb7a8510b][fdfbd39c-aa59-4b23-a3ac-5f2ddfb5b1b8] Opening settings...
2026-09-05T15:09:48.778Z [ec5e437c-16c2-470a-a94f-f12eb7a8510b][fdfbd39c-aa59-4b23-a3ac-5f2ddfb5b1b8] Configuring image settings...
2026-09-05T15:09:50.596Z [ec5e437c-16c2-470a-a94f-f12eb7a8510b][fdfbd39c-aa59-4b23-a3ac-5f2ddfb5b1b8] Mode: selected "image Image" ✓
2026-09-05T15:09:55.145Z [ec5e437c-16c2-470a-a94f-f12eb7a8510b][fdfbd39c-aa59-4b23-a3ac-5f2ddfb5b1b8] Model: selected "🍌 Nano Banana 2" ✓
2026-09-05T15:09:55.740Z [ec5e437c-16c2-470a-a94f-f12eb7a8510b][fdfbd39c-aa59-4b23-a3ac-5f2ddfb5b1b8] Aspect ratio: "crop_16_9 16:9" already selected ✓
2026-09-05T15:09:57.383Z [ec5e437c-16c2-470a-a94f-f12eb7a8510b][fdfbd39c-aa59-4b23-a3ac-5f2ddfb5b1b8] Output count: selected "x4" ✓
2026-09-05T15:09:58.599Z [ec5e437c-16c2-470a-a94f-f12eb7a8510b][fdfbd39c-aa59-4b23-a3ac-5f2ddfb5b1b8] Ref image 1/5: downloading from URL...
2026-09-05T15:09:58.931Z [ec5e437c-16c2-470a-a94f-f12eb7a8510b][fdfbd39c-aa59-4b23-a3ac-5f2ddfb5b1b8] Downloader: no-proxy request context ready.
2026-09-05T15:09:59.587Z [ec5e437c-16c2-470a-a94f-f12eb7a8510b][fdfbd39c-aa59-4b23-a3ac-5f2ddfb5b1b8] Ref image 1/5: saved 635164 bytes (image/jpeg) as "Arlo Vale Color Pool War Muddy State.jpeg"
2026-09-05T15:09:59.590Z [ec5e437c-16c2-470a-a94f-f12eb7a8510b][fdfbd39c-aa59-4b23-a3ac-5f2ddfb5b1b8] Ref image 1/5: attaching reference image...
2026-09-05T15:10:01.756Z [ec5e437c-16c2-470a-a94f-f12eb7a8510b][fdfbd39c-aa59-4b23-a3ac-5f2ddfb5b1b8] Ref image 1/5: reusing library asset "Arlo Vale Color Pool War Muddy State.jpeg" (no re-upload).
2026-09-05T15:10:05.461Z [ec5e437c-16c2-470a-a94f-f12eb7a8510b][fdfbd39c-aa59-4b23-a3ac-5f2ddfb5b1b8] Ref image 1/5: chips 0→1 ✓
2026-09-05T15:10:07.149Z [ec5e437c-16c2-470a-a94f-f12eb7a8510b][fdfbd39c-aa59-4b23-a3ac-5f2ddfb5b1b8] Ref image 2/5: downloading from URL...
2026-09-05T15:10:07.568Z [ec5e437c-16c2-470a-a94f-f12eb7a8510b][fdfbd39c-aa59-4b23-a3ac-5f2ddfb5b1b8] Ref image 2/5: saved 716596 bytes (image/jpeg) as "Nessa Vale Color Pool War Muddy State.jpeg"
2026-09-05T15:10:07.584Z [ec5e437c-16c2-470a-a94f-f12eb7a8510b][fdfbd39c-aa59-4b23-a3ac-5f2ddfb5b1b8] Ref image 2/5: attaching reference image...
2026-09-05T15:10:09.835Z [ec5e437c-16c2-470a-a94f-f12eb7a8510b][fdfbd39c-aa59-4b23-a3ac-5f2ddfb5b1b8] Ref image 2/5: reusing library asset "Nessa Vale Color Pool War Muddy State.jpeg" (no re-upload).
2026-09-05T15:10:13.557Z [ec5e437c-16c2-470a-a94f-f12eb7a8510b][fdfbd39c-aa59-4b23-a3ac-5f2ddfb5b1b8] Ref image 2/5: chips 1→2 ✓
2026-09-05T15:10:14.902Z [ec5e437c-16c2-470a-a94f-f12eb7a8510b][fdfbd39c-aa59-4b23-a3ac-5f2ddfb5b1b8] Ref image 3/5: downloading from URL...
2026-09-05T15:10:15.272Z [ec5e437c-16c2-470a-a94f-f12eb7a8510b][fdfbd39c-aa59-4b23-a3ac-5f2ddfb5b1b8] Ref image 3/5: saved 673040 bytes (image/jpeg) as "Graham Vale Color Pool War Backyard.jpeg"
2026-09-05T15:10:15.275Z [ec5e437c-16c2-470a-a94f-f12eb7a8510b][fdfbd39c-aa59-4b23-a3ac-5f2ddfb5b1b8] Ref image 3/5: attaching reference image...
2026-09-05T15:10:17.257Z [ec5e437c-16c2-470a-a94f-f12eb7a8510b][fdfbd39c-aa59-4b23-a3ac-5f2ddfb5b1b8] Ref image 3/5: reusing library asset "Graham Vale Color Pool War Backyard.jpeg" (no re-upload).
2026-09-05T15:10:20.665Z [ec5e437c-16c2-470a-a94f-f12eb7a8510b][fdfbd39c-aa59-4b23-a3ac-5f2ddfb5b1b8] Ref image 3/5: chips 2→3 ✓
2026-09-05T15:10:22.118Z [ec5e437c-16c2-470a-a94f-f12eb7a8510b][fdfbd39c-aa59-4b23-a3ac-5f2ddfb5b1b8] Ref image 4/5: downloading from URL...
2026-09-05T15:10:22.484Z [ec5e437c-16c2-470a-a94f-f12eb7a8510b][fdfbd39c-aa59-4b23-a3ac-5f2ddfb5b1b8] Ref image 4/5: saved 544392 bytes (image/jpeg) as "Elara Vale Color Pool War Backyard.jpeg"
2026-09-05T15:10:22.492Z [ec5e437c-16c2-470a-a94f-f12eb7a8510b][fdfbd39c-aa59-4b23-a3ac-5f2ddfb5b1b8] Ref image 4/5: attaching reference image...
2026-09-05T15:10:24.221Z [ec5e437c-16c2-470a-a94f-f12eb7a8510b][fdfbd39c-aa59-4b23-a3ac-5f2ddfb5b1b8] Ref image 4/5: reusing library asset "Elara Vale Color Pool War Backyard.jpeg" (no re-upload).
2026-09-05T15:10:27.868Z [ec5e437c-16c2-470a-a94f-f12eb7a8510b][fdfbd39c-aa59-4b23-a3ac-5f2ddfb5b1b8] Ref image 4/5: chips 3→4 ✓
2026-09-05T15:10:28.985Z [ec5e437c-16c2-470a-a94f-f12eb7a8510b][fdfbd39c-aa59-4b23-a3ac-5f2ddfb5b1b8] Ref image 5/5: downloading from URL...
2026-09-05T15:10:29.332Z [ec5e437c-16c2-470a-a94f-f12eb7a8510b][fdfbd39c-aa59-4b23-a3ac-5f2ddfb5b1b8] Ref image 5/5: saved 485987 bytes (image/jpeg) as "Backyard Pool Towel Set.jpeg"
2026-09-05T15:10:29.339Z [ec5e437c-16c2-470a-a94f-f12eb7a8510b][fdfbd39c-aa59-4b23-a3ac-5f2ddfb5b1b8] Ref image 5/5: attaching reference image...
2026-09-05T15:10:31.671Z [ec5e437c-16c2-470a-a94f-f12eb7a8510b][fdfbd39c-aa59-4b23-a3ac-5f2ddfb5b1b8] Ref image 5/5: "Backyard Pool Towel Set.jpeg" not in the library yet — uploading it first.
2026-09-05T15:10:35.822Z [ec5e437c-16c2-470a-a94f-f12eb7a8510b][fdfbd39c-aa59-4b23-a3ac-5f2ddfb5b1b8] Ref image 5/5: uploading "Backyard Pool Towel Set.jpeg" to the project library...
2026-09-05T15:10:36.745Z [ec5e437c-16c2-470a-a94f-f12eb7a8510b][fdfbd39c-aa59-4b23-a3ac-5f2ddfb5b1b8] Ref image 5/5: upload finished ✓
2026-09-05T15:10:48.260Z [ec5e437c-16c2-470a-a94f-f12eb7a8510b][fdfbd39c-aa59-4b23-a3ac-5f2ddfb5b1b8] Ref image 5/5: chips 4→5 ✓
2026-09-05T15:10:48.293Z [ec5e437c-16c2-470a-a94f-f12eb7a8510b][fdfbd39c-aa59-4b23-a3ac-5f2ddfb5b1b8] Entering prompt...
2026-09-05T15:10:50.052Z [ec5e437c-16c2-470a-a94f-f12eb7a8510b][fdfbd39c-aa59-4b23-a3ac-5f2ddfb5b1b8] Prompt is 2444 chars — typing it in 28 chunk(s).
2026-09-05T15:11:03.193Z [ec5e437c-16c2-470a-a94f-f12eb7a8510b][fdfbd39c-aa59-4b23-a3ac-5f2ddfb5b1b8] Prompt insert attempt 1: editor has 2311 chars (want ~2438) ✓
2026-09-05T15:11:04.861Z [ec5e437c-16c2-470a-a94f-f12eb7a8510b][fdfbd39c-aa59-4b23-a3ac-5f2ddfb5b1b8] Baseline: 27 pre-existing media tile(s) of 27 mounted (kinds: image,image,image,image,image,image,image,image,image,image,image,image,image,image,image,image,image,image,image,image,image,image,image,image,image,image,image).
2026-09-05T15:11:06.929Z [ec5e437c-16c2-470a-a94f-f12eb7a8510b][fdfbd39c-aa59-4b23-a3ac-5f2ddfb5b1b8] [submit] confirmed (editor "What do you want to ", fresh tile=true).
2026-09-05T15:11:07.646Z [ec5e437c-16c2-470a-a94f-f12eb7a8510b][fdfbd39c-aa59-4b23-a3ac-5f2ddfb5b1b8] Current Workspace project URL: https://flow.google.com/project/390215dc-290f-4b92-a7f0-dd2b6651acfb?hl=en
2026-09-05T15:11:07.647Z [ec5e437c-16c2-470a-a94f-f12eb7a8510b][fdfbd39c-aa59-4b23-a3ac-5f2ddfb5b1b8] Submitted ✓ Detecting batch size...
2026-09-05T15:11:07.680Z [ec5e437c-16c2-470a-a94f-f12eb7a8510b][fdfbd39c-aa59-4b23-a3ac-5f2ddfb5b1b8] New tile(s) since submit: 0 → 4 (mounted=27)
2026-09-05T15:11:11.907Z [ec5e437c-16c2-470a-a94f-f12eb7a8510b][fdfbd39c-aa59-4b23-a3ac-5f2ddfb5b1b8] Batch size stabilised at 4 new tile(s)
2026-09-05T15:11:11.909Z [ec5e437c-16c2-470a-a94f-f12eb7a8510b][fdfbd39c-aa59-4b23-a3ac-5f2ddfb5b1b8] Batch detected: 4 item(s). Generating...
2026-09-05T15:11:11.911Z [ec5e437c-16c2-470a-a94f-f12eb7a8510b][fdfbd39c-aa59-4b23-a3ac-5f2ddfb5b1b8] Polling for 4 image item(s) (baseline=27, hasUpload=true)...
2026-09-05T15:11:11.942Z [ec5e437c-16c2-470a-a94f-f12eb7a8510b][fdfbd39c-aa59-4b23-a3ac-5f2ddfb5b1b8] Generating... 0 ready, 0 failed / 4 total (0s) image 34% [NHÂN VẬT] image 34% [NHÂN VẬT] image 34% [NHÂN VẬT] image 34% [NHÂN VẬT]
2026-09-05T15:11:14.962Z [ec5e437c-16c2-470a-a94f-f12eb7a8510b][fdfbd39c-aa59-4b23-a3ac-5f2ddfb5b1b8] Generating... 0 ready, 0 failed / 4 total (3s) image 54% [NHÂN VẬT] image 54% [NHÂN VẬT] image 54% [NHÂN VẬT] image 55% [NHÂN VẬT]
2026-09-05T15:11:18.000Z [ec5e437c-16c2-470a-a94f-f12eb7a8510b][fdfbd39c-aa59-4b23-a3ac-5f2ddfb5b1b8] Generating... 0 ready, 0 failed / 4 total (6s) image 74% [NHÂN VẬT] image 74% [NHÂN VẬT] image 74% [NHÂN VẬT] image 75% [NHÂN VẬT]
2026-09-05T15:11:21.034Z [ec5e437c-16c2-470a-a94f-f12eb7a8510b][fdfbd39c-aa59-4b23-a3ac-5f2ddfb5b1b8] Generating... 0 ready, 0 failed / 4 total (9s) image 95% [NHÂN VẬT] image 95% [NHÂN VẬT] image 95% [NHÂN VẬT] image 95% [NHÂN VẬT]
2026-09-05T15:11:24.056Z [ec5e437c-16c2-470a-a94f-f12eb7a8510b][fdfbd39c-aa59-4b23-a3ac-5f2ddfb5b1b8] Generating... 0 ready, 0 failed / 4 total (12s) image 99% [NHÂN VẬT] image 99% [NHÂN VẬT] image 99% [NHÂN VẬT] image 99% [NHÂN VẬT]
2026-09-05T15:11:27.072Z [ec5e437c-16c2-470a-a94f-f12eb7a8510b][fdfbd39c-aa59-4b23-a3ac-5f2ddfb5b1b8] Generating... 0 ready, 0 failed / 4 total (15s) image 99% [NHÂN VẬT] image 99% [NHÂN VẬT] image 99% [NHÂN VẬT] image 99% [NHÂN VẬT]
2026-09-05T15:11:30.092Z [ec5e437c-16c2-470a-a94f-f12eb7a8510b][fdfbd39c-aa59-4b23-a3ac-5f2ddfb5b1b8] Generating... 0 ready, 0 failed / 4 total (18s) image 99% [NHÂN VẬT] image 99% [NHÂN VẬT] image 99% [NHÂN VẬT] image 99% [NHÂN VẬT]
2026-09-05T15:11:33.126Z [ec5e437c-16c2-470a-a94f-f12eb7a8510b][fdfbd39c-aa59-4b23-a3ac-5f2ddfb5b1b8] Generating... 0 ready, 0 failed / 4 total (21s) image 99% [NHÂN VẬT] image 99% [NHÂN VẬT] image 99% [NHÂN VẬT] image 99% [NHÂN VẬT]
2026-09-05T15:11:36.145Z [ec5e437c-16c2-470a-a94f-f12eb7a8510b][fdfbd39c-aa59-4b23-a3ac-5f2ddfb5b1b8] Generating... 0 ready, 0 failed / 4 total (24s) image 99% [NHÂN VẬT] image 99% [NHÂN VẬT] image 99% [NHÂN VẬT] image 99% [NHÂN VẬT]
2026-09-05T15:11:39.188Z [ec5e437c-16c2-470a-a94f-f12eb7a8510b][fdfbd39c-aa59-4b23-a3ac-5f2ddfb5b1b8] Generating... 0 ready, 0 failed / 4 total (27s) image 99% [NHÂN VẬT] image 99% [NHÂN VẬT] image 99% [NHÂN VẬT] image 99% [NHÂN VẬT]
2026-09-05T15:11:42.230Z [ec5e437c-16c2-470a-a94f-f12eb7a8510b][fdfbd39c-aa59-4b23-a3ac-5f2ddfb5b1b8] Generating... 0 ready, 0 failed / 4 total (30s) image 99% [NHÂN VẬT] image 99% [NHÂN VẬT] image 99% [NHÂN VẬT] image 99% [NHÂN VẬT]
2026-09-05T15:11:45.244Z [ec5e437c-16c2-470a-a94f-f12eb7a8510b][fdfbd39c-aa59-4b23-a3ac-5f2ddfb5b1b8] Generating... 0 ready, 0 failed / 4 total (33s) image 99% [NHÂN VẬT] image 100% [NHÂN VẬT image 99% [NHÂN VẬT] [NHÂN VẬT]Arlo, Ness
2026-09-05T15:11:48.280Z [ec5e437c-16c2-470a-a94f-f12eb7a8510b][fdfbd39c-aa59-4b23-a3ac-5f2ddfb5b1b8] Generating... 1 ready, 0 failed / 4 total (36s) image 99% [NHÂN VẬT] [NHÂN VẬT]Arlo, Ness [NHÂN VẬT]Arlo, Ness
2026-09-05T15:11:51.317Z [ec5e437c-16c2-470a-a94f-f12eb7a8510b][fdfbd39c-aa59-4b23-a3ac-5f2ddfb5b1b8] Generating... 3 ready, 0 failed / 4 total (39s) [NHÂN VẬT]Arlo, Ness
2026-09-05T15:11:54.338Z [ec5e437c-16c2-470a-a94f-f12eb7a8510b][fdfbd39c-aa59-4b23-a3ac-5f2ddfb5b1b8] Generating... 4 ready, 0 failed / 4 total (42s)
2026-09-05T15:11:54.339Z [ec5e437c-16c2-470a-a94f-f12eb7a8510b][fdfbd39c-aa59-4b23-a3ac-5f2ddfb5b1b8] Batch done: 4 ready (target 4), 0 failed, scanned 4.
2026-09-05T15:11:54.341Z [ec5e437c-16c2-470a-a94f-f12eb7a8510b][fdfbd39c-aa59-4b23-a3ac-5f2ddfb5b1b8] 4 item(s) ready! Downloading...
2026-09-05T15:11:54.345Z [ec5e437c-16c2-470a-a94f-f12eb7a8510b][fdfbd39c-aa59-4b23-a3ac-5f2ddfb5b1b8] Item 1: Downloading from URL https://flow-content.google/image/c2ab60b1-7e64-450b-9478-c415441cd4e0?Expires=1788642668&KeyName=labs-flow-prod-cdn-key&Signature=v5AbkImHK9a1eqdQhf5ye4sRS7c
2026-09-05T15:11:54.670Z [ec5e437c-16c2-470a-a94f-f12eb7a8510b][fdfbd39c-aa59-4b23-a3ac-5f2ddfb5b1b8] Downloaded 1/4: winai_2026-09-05T15-11-54_01.jpg
2026-09-05T15:11:54.671Z [ec5e437c-16c2-470a-a94f-f12eb7a8510b][fdfbd39c-aa59-4b23-a3ac-5f2ddfb5b1b8] Item 2: Downloading from URL https://flow-content.google/image/2dc9c3b0-1bab-4f13-b45b-d4760876cbc2?Expires=1788642667&KeyName=labs-flow-prod-cdn-key&Signature=IcNvy7ISJi_FXXZSuy7bqD-0i6M
2026-09-05T15:11:54.800Z [ec5e437c-16c2-470a-a94f-f12eb7a8510b][fdfbd39c-aa59-4b23-a3ac-5f2ddfb5b1b8] Downloaded 2/4: winai_2026-09-05T15-11-54_02.jpg
2026-09-05T15:11:54.800Z [ec5e437c-16c2-470a-a94f-f12eb7a8510b][fdfbd39c-aa59-4b23-a3ac-5f2ddfb5b1b8] Item 3: Downloading from URL https://flow-content.google/image/e6279126-0d5c-4dfd-ba4c-1d185df636e8?Expires=1788642666&KeyName=labs-flow-prod-cdn-key&Signature=FniCGZY5bvGAEO7t9Hplwg5G6J4
2026-09-05T15:11:54.920Z [ec5e437c-16c2-470a-a94f-f12eb7a8510b][fdfbd39c-aa59-4b23-a3ac-5f2ddfb5b1b8] Downloaded 3/4: winai_2026-09-05T15-11-54_03.jpg
2026-09-05T15:11:54.920Z [ec5e437c-16c2-470a-a94f-f12eb7a8510b][fdfbd39c-aa59-4b23-a3ac-5f2ddfb5b1b8] Item 4: Downloading from URL https://flow-content.google/image/0ef76cfb-1f99-4a5b-bfe4-38509cb74ad6?Expires=1788642665&KeyName=labs-flow-prod-cdn-key&Signature=rNpqQGQQua1sEGfy26LP9fvnStE
2026-09-05T15:11:55.032Z [ec5e437c-16c2-470a-a94f-f12eb7a8510b][fdfbd39c-aa59-4b23-a3ac-5f2ddfb5b1b8] Downloaded 4/4: winai_2026-09-05T15-11-54_04.jpg
2026-09-05T15:11:55.032Z [ec5e437c-16c2-470a-a94f-f12eb7a8510b][fdfbd39c-aa59-4b23-a3ac-5f2ddfb5b1b8] ✅ 4 item(s) saved to Downloads/Win AI Toolkit/
2026-09-05T15:11:55.273Z [6db302d2-fe17-44ed-a552-e6b321fae055][fdfbd39c-aa59-4b23-a3ac-5f2ddfb5b1b8] runGeneration starting: task_id=6db302d2-fe17-44ed-a552-e6b321fae055, profile_id=fdfbd39c-aa59-4b23-a3ac-5f2ddfb5b1b8, target_site=google_flow
2026-09-05T15:11:55.275Z [6db302d2-fe17-44ed-a552-e6b321fae055][fdfbd39c-aa59-4b23-a3ac-5f2ddfb5b1b8] Opening Playwright browser with persistent profile cookies...
2026-09-05T15:11:55.277Z [6db302d2-fe17-44ed-a552-e6b321fae055][fdfbd39c-aa59-4b23-a3ac-5f2ddfb5b1b8] Browser engine: winhide (C:\Users\MienTrungComputer\AppData\Roaming\com.tank.winai\winhide\chrome.exe) [hidden off-screen]
2026-09-05T15:11:55.279Z [6db302d2-fe17-44ed-a552-e6b321fae055][fdfbd39c-aa59-4b23-a3ac-5f2ddfb5b1b8] Launch mode: STEALTH (raw spawn + connectOverCDP)
2026-09-05T15:11:55.671Z [ec5e437c-16c2-470a-a94f-f12eb7a8510b][fdfbd39c-aa59-4b23-a3ac-5f2ddfb5b1b8] Item 3: Uploaded → https://studio.xanhmedia.vn/uploads/2026-09/1788621114655_64f4ee_fdfbd39c-aa59-4b23-a3ac-5f2ddfb5b1b8_ec5.jpg
2026-09-05T15:11:55.743Z [ec5e437c-16c2-470a-a94f-f12eb7a8510b][fdfbd39c-aa59-4b23-a3ac-5f2ddfb5b1b8] Item 1: Uploaded → https://studio.xanhmedia.vn/uploads/2026-09/1788621114718_454186_fdfbd39c-aa59-4b23-a3ac-5f2ddfb5b1b8_ec5.jpg
2026-09-05T15:11:55.772Z [ec5e437c-16c2-470a-a94f-f12eb7a8510b][fdfbd39c-aa59-4b23-a3ac-5f2ddfb5b1b8] Item 2: Uploaded → https://studio.xanhmedia.vn/uploads/2026-09/1788621114743_3d9168_fdfbd39c-aa59-4b23-a3ac-5f2ddfb5b1b8_ec5.jpg
2026-09-05T15:11:55.777Z [ec5e437c-16c2-470a-a94f-f12eb7a8510b][fdfbd39c-aa59-4b23-a3ac-5f2ddfb5b1b8] Item 4: Uploaded → https://studio.xanhmedia.vn/uploads/2026-09/1788621114751_d13b45_fdfbd39c-aa59-4b23-a3ac-5f2ddfb5b1b8_ec5.jpg
2026-09-05T15:11:55.783Z [ec5e437c-16c2-470a-a94f-f12eb7a8510b][fdfbd39c-aa59-4b23-a3ac-5f2ddfb5b1b8] All done (including any 1080p upgrades). Closing Playwright browser context.
2026-09-05T15:11:57.753Z [6db302d2-fe17-44ed-a552-e6b321fae055][fdfbd39c-aa59-4b23-a3ac-5f2ddfb5b1b8] Exit IP: 125.212.158.158
2026-09-05T15:11:57.756Z [6db302d2-fe17-44ed-a552-e6b321fae055][fdfbd39c-aa59-4b23-a3ac-5f2ddfb5b1b8] Navigating browser to Google Flow tools page...
2026-09-05T15:11:57.757Z [6db302d2-fe17-44ed-a552-e6b321fae055][fdfbd39c-aa59-4b23-a3ac-5f2ddfb5b1b8] Using existing project URL: https://flow.google.com/project/390215dc-290f-4b92-a7f0-dd2b6651acfb?hl=en
2026-09-05T15:11:59.027Z [6db302d2-fe17-44ed-a552-e6b321fae055][fdfbd39c-aa59-4b23-a3ac-5f2ddfb5b1b8] Waiting for Google Flow...
2026-09-05T15:12:01.184Z [6db302d2-fe17-44ed-a552-e6b321fae055][fdfbd39c-aa59-4b23-a3ac-5f2ddfb5b1b8] In existing project ✓
2026-09-05T15:12:02.048Z [6db302d2-fe17-44ed-a552-e6b321fae055][fdfbd39c-aa59-4b23-a3ac-5f2ddfb5b1b8] dismissPopups: unresolved overlay(s) ["IFRAME[presentation]|btns="]
2026-09-05T15:12:05.197Z [6db302d2-fe17-44ed-a552-e6b321fae055][fdfbd39c-aa59-4b23-a3ac-5f2ddfb5b1b8] Composer ready ✓ (UI language: en)
2026-09-05T15:12:05.271Z [6db302d2-fe17-44ed-a552-e6b321fae055][fdfbd39c-aa59-4b23-a3ac-5f2ddfb5b1b8] dismissPopups: clicked "Dismiss credit banner" (overlay)
2026-09-05T15:12:05.794Z [6db302d2-fe17-44ed-a552-e6b321fae055][fdfbd39c-aa59-4b23-a3ac-5f2ddfb5b1b8] dismissPopups: unresolved overlay(s) ["DIV[]|btns=","DIV[]|btns="]
2026-09-05T15:12:05.830Z [6db302d2-fe17-44ed-a552-e6b321fae055][fdfbd39c-aa59-4b23-a3ac-5f2ddfb5b1b8] Agent toggle aria-pressed=false
2026-09-05T15:12:05.832Z [6db302d2-fe17-44ed-a552-e6b321fae055][fdfbd39c-aa59-4b23-a3ac-5f2ddfb5b1b8] Opening settings...
2026-09-05T15:12:07.935Z [6db302d2-fe17-44ed-a552-e6b321fae055][fdfbd39c-aa59-4b23-a3ac-5f2ddfb5b1b8] Configuring image settings...
2026-09-05T15:12:09.830Z [6db302d2-fe17-44ed-a552-e6b321fae055][fdfbd39c-aa59-4b23-a3ac-5f2ddfb5b1b8] Mode: selected "image Image" ✓
2026-09-05T15:12:14.951Z [6db302d2-fe17-44ed-a552-e6b321fae055][fdfbd39c-aa59-4b23-a3ac-5f2ddfb5b1b8] Model: selected "🍌 Nano Banana 2" ✓
2026-09-05T15:12:15.888Z [6db302d2-fe17-44ed-a552-e6b321fae055][fdfbd39c-aa59-4b23-a3ac-5f2ddfb5b1b8] Aspect ratio: "crop_16_9 16:9" already selected ✓
2026-09-05T15:12:17.581Z [6db302d2-fe17-44ed-a552-e6b321fae055][fdfbd39c-aa59-4b23-a3ac-5f2ddfb5b1b8] Output count: selected "x4" ✓
2026-09-05T15:12:18.678Z [6db302d2-fe17-44ed-a552-e6b321fae055][fdfbd39c-aa59-4b23-a3ac-5f2ddfb5b1b8] Ref image 1/7: downloading from URL...
2026-09-05T15:12:18.991Z [6db302d2-fe17-44ed-a552-e6b321fae055][fdfbd39c-aa59-4b23-a3ac-5f2ddfb5b1b8] Downloader: no-proxy request context ready.
2026-09-05T15:12:20.094Z [6db302d2-fe17-44ed-a552-e6b321fae055][fdfbd39c-aa59-4b23-a3ac-5f2ddfb5b1b8] Ref image 1/7: saved 635164 bytes (image/jpeg) as "Arlo Vale Color Pool War Muddy State.jpeg"
2026-09-05T15:12:20.097Z [6db302d2-fe17-44ed-a552-e6b321fae055][fdfbd39c-aa59-4b23-a3ac-5f2ddfb5b1b8] Ref image 1/7: attaching reference image...
2026-09-05T15:12:22.301Z [6db302d2-fe17-44ed-a552-e6b321fae055][fdfbd39c-aa59-4b23-a3ac-5f2ddfb5b1b8] Ref image 1/7: reusing library asset "Arlo Vale Color Pool War Muddy State.jpeg" (no re-upload).
2026-09-05T15:12:25.885Z [6db302d2-fe17-44ed-a552-e6b321fae055][fdfbd39c-aa59-4b23-a3ac-5f2ddfb5b1b8] Ref image 1/7: chips 0→1 ✓
2026-09-05T15:12:27.073Z [6db302d2-fe17-44ed-a552-e6b321fae055][fdfbd39c-aa59-4b23-a3ac-5f2ddfb5b1b8] Ref image 2/7: downloading from URL...
2026-09-05T15:12:27.470Z [6db302d2-fe17-44ed-a552-e6b321fae055][fdfbd39c-aa59-4b23-a3ac-5f2ddfb5b1b8] Ref image 2/7: saved 716596 bytes (image/jpeg) as "Nessa Vale Color Pool War Muddy State.jpeg"
2026-09-05T15:12:27.473Z [6db302d2-fe17-44ed-a552-e6b321fae055][fdfbd39c-aa59-4b23-a3ac-5f2ddfb5b1b8] Ref image 2/7: attaching reference image...
2026-09-05T15:12:29.498Z [6db302d2-fe17-44ed-a552-e6b321fae055][fdfbd39c-aa59-4b23-a3ac-5f2ddfb5b1b8] Ref image 2/7: reusing library asset "Nessa Vale Color Pool War Muddy State.jpeg" (no re-upload).
2026-09-05T15:12:33.125Z [6db302d2-fe17-44ed-a552-e6b321fae055][fdfbd39c-aa59-4b23-a3ac-5f2ddfb5b1b8] Ref image 2/7: chips 1→2 ✓
2026-09-05T15:12:34.164Z [6db302d2-fe17-44ed-a552-e6b321fae055][fdfbd39c-aa59-4b23-a3ac-5f2ddfb5b1b8] Ref image 3/7: downloading from URL...
2026-09-05T15:12:34.534Z [6db302d2-fe17-44ed-a552-e6b321fae055][fdfbd39c-aa59-4b23-a3ac-5f2ddfb5b1b8] Ref image 3/7: saved 673040 bytes (image/jpeg) as "Graham Vale Color Pool War Backyard.jpeg"
2026-09-05T15:12:34.542Z [6db302d2-fe17-44ed-a552-e6b321fae055][fdfbd39c-aa59-4b23-a3ac-5f2ddfb5b1b8] Ref image 3/7: attaching reference image...
2026-09-05T15:12:37.050Z [6db302d2-fe17-44ed-a552-e6b321fae055][fdfbd39c-aa59-4b23-a3ac-5f2ddfb5b1b8] Ref image 3/7: reusing library asset "Graham Vale Color Pool War Backyard.jpeg" (no re-upload).
2026-09-05T15:12:40.468Z [6db302d2-fe17-44ed-a552-e6b321fae055][fdfbd39c-aa59-4b23-a3ac-5f2ddfb5b1b8] Ref image 3/7: chips 2→3 ✓
2026-09-05T15:12:42.107Z [6db302d2-fe17-44ed-a552-e6b321fae055][fdfbd39c-aa59-4b23-a3ac-5f2ddfb5b1b8] Ref image 4/7: downloading from URL...
2026-09-05T15:12:42.470Z [6db302d2-fe17-44ed-a552-e6b321fae055][fdfbd39c-aa59-4b23-a3ac-5f2ddfb5b1b8] Ref image 4/7: saved 544392 bytes (image/jpeg) as "Elara Vale Color Pool War Backyard.jpeg"
2026-09-05T15:12:42.475Z [6db302d2-fe17-44ed-a552-e6b321fae055][fdfbd39c-aa59-4b23-a3ac-5f2ddfb5b1b8] Ref image 4/7: attaching reference image...
2026-09-05T15:12:44.504Z [6db302d2-fe17-44ed-a552-e6b321fae055][fdfbd39c-aa59-4b23-a3ac-5f2ddfb5b1b8] Ref image 4/7: reusing library asset "Elara Vale Color Pool War Backyard.jpeg" (no re-upload).
2026-09-05T15:12:47.860Z [6db302d2-fe17-44ed-a552-e6b321fae055][fdfbd39c-aa59-4b23-a3ac-5f2ddfb5b1b8] Ref image 4/7: chips 3→4 ✓
2026-09-05T15:12:49.643Z [6db302d2-fe17-44ed-a552-e6b321fae055][fdfbd39c-aa59-4b23-a3ac-5f2ddfb5b1b8] Ref image 5/7: downloading from URL...
2026-09-05T15:12:50.008Z [6db302d2-fe17-44ed-a552-e6b321fae055][fdfbd39c-aa59-4b23-a3ac-5f2ddfb5b1b8] Ref image 5/7: saved 585044 bytes (image/jpeg) as "Arlo Family Inflatable Pool Progress Set.jpeg"
2026-09-05T15:12:50.012Z [6db302d2-fe17-44ed-a552-e6b321fae055][fdfbd39c-aa59-4b23-a3ac-5f2ddfb5b1b8] Ref image 5/7: attaching reference image...
2026-09-05T15:12:52.046Z [6db302d2-fe17-44ed-a552-e6b321fae055][fdfbd39c-aa59-4b23-a3ac-5f2ddfb5b1b8] Ref image 5/7: reusing library asset "Arlo Family Inflatable Pool Progress Set.jpeg" (no re-upload).
2026-09-05T15:12:55.572Z [6db302d2-fe17-44ed-a552-e6b321fae055][fdfbd39c-aa59-4b23-a3ac-5f2ddfb5b1b8] Ref image 5/7: chips 4→5 ✓
2026-09-05T15:12:56.826Z [6db302d2-fe17-44ed-a552-e6b321fae055][fdfbd39c-aa59-4b23-a3ac-5f2ddfb5b1b8] Ref image 6/7: downloading from URL...
2026-09-05T15:12:57.165Z [6db302d2-fe17-44ed-a552-e6b321fae055][fdfbd39c-aa59-4b23-a3ac-5f2ddfb5b1b8] Ref image 6/7: saved 437505 bytes (image/jpeg) as "Blue Pool Color Bottle.jpeg"
2026-09-05T15:12:57.170Z [6db302d2-fe17-44ed-a552-e6b321fae055][fdfbd39c-aa59-4b23-a3ac-5f2ddfb5b1b8] Ref image 6/7: attaching reference image...
2026-09-05T15:12:59.157Z [6db302d2-fe17-44ed-a552-e6b321fae055][fdfbd39c-aa59-4b23-a3ac-5f2ddfb5b1b8] Ref image 6/7: "Blue Pool Color Bottle.jpeg" not in the library yet — uploading it first.
2026-09-05T15:13:04.048Z [6db302d2-fe17-44ed-a552-e6b321fae055][fdfbd39c-aa59-4b23-a3ac-5f2ddfb5b1b8] Ref image 6/7: uploading "Blue Pool Color Bottle.jpeg" to the project library...
2026-09-05T15:13:05.329Z [6db302d2-fe17-44ed-a552-e6b321fae055][fdfbd39c-aa59-4b23-a3ac-5f2ddfb5b1b8] Ref image 6/7: upload finished ✓
2026-09-05T15:13:15.922Z [6db302d2-fe17-44ed-a552-e6b321fae055][fdfbd39c-aa59-4b23-a3ac-5f2ddfb5b1b8] Ref image 6/7: chips 5→6 ✓
2026-09-05T15:13:16.999Z [6db302d2-fe17-44ed-a552-e6b321fae055][fdfbd39c-aa59-4b23-a3ac-5f2ddfb5b1b8] Ref image 7/7: downloading from URL...
2026-09-05T15:13:17.357Z [6db302d2-fe17-44ed-a552-e6b321fae055][fdfbd39c-aa59-4b23-a3ac-5f2ddfb5b1b8] Ref image 7/7: saved 403771 bytes (image/jpeg) as "Pink Pool Color Bottle.jpeg"
2026-09-05T15:13:17.362Z [6db302d2-fe17-44ed-a552-e6b321fae055][fdfbd39c-aa59-4b23-a3ac-5f2ddfb5b1b8] Ref image 7/7: attaching reference image...
2026-09-05T15:13:19.287Z [6db302d2-fe17-44ed-a552-e6b321fae055][fdfbd39c-aa59-4b23-a3ac-5f2ddfb5b1b8] Ref image 7/7: "Pink Pool Color Bottle.jpeg" not in the library yet — uploading it first.
2026-09-05T15:13:23.280Z [6db302d2-fe17-44ed-a552-e6b321fae055][fdfbd39c-aa59-4b23-a3ac-5f2ddfb5b1b8] Ref image 7/7: uploading "Pink Pool Color Bottle.jpeg" to the project library...
2026-09-05T15:13:24.266Z [6db302d2-fe17-44ed-a552-e6b321fae055][fdfbd39c-aa59-4b23-a3ac-5f2ddfb5b1b8] Ref image 7/7: upload finished ✓
2026-09-05T15:13:34.311Z [6db302d2-fe17-44ed-a552-e6b321fae055][fdfbd39c-aa59-4b23-a3ac-5f2ddfb5b1b8] Ref image 7/7: chips 6→7 ✓
2026-09-05T15:13:34.343Z [6db302d2-fe17-44ed-a552-e6b321fae055][fdfbd39c-aa59-4b23-a3ac-5f2ddfb5b1b8] Entering prompt...
2026-09-05T15:13:36.234Z [6db302d2-fe17-44ed-a552-e6b321fae055][fdfbd39c-aa59-4b23-a3ac-5f2ddfb5b1b8] Prompt is 2416 chars — typing it in 30 chunk(s).
2026-09-05T15:13:50.618Z [6db302d2-fe17-44ed-a552-e6b321fae055][fdfbd39c-aa59-4b23-a3ac-5f2ddfb5b1b8] Prompt insert attempt 1: editor has 2283 chars (want ~2410) ✓
2026-09-05T15:13:52.207Z [6db302d2-fe17-44ed-a552-e6b321fae055][fdfbd39c-aa59-4b23-a3ac-5f2ddfb5b1b8] Baseline: 27 pre-existing media tile(s) of 27 mounted (kinds: image,image,image,image,image,image,image,image,image,image,image,image,image,image,image,image,image,image,image,image,image,image,image,image,image,image,image).
2026-09-05T15:13:54.259Z [6db302d2-fe17-44ed-a552-e6b321fae055][fdfbd39c-aa59-4b23-a3ac-5f2ddfb5b1b8] [submit] confirmed (editor "What do you want to ", fresh tile=true).
2026-09-05T15:13:54.870Z [6db302d2-fe17-44ed-a552-e6b321fae055][fdfbd39c-aa59-4b23-a3ac-5f2ddfb5b1b8] Current Workspace project URL: https://flow.google.com/project/390215dc-290f-4b92-a7f0-dd2b6651acfb?hl=en
2026-09-05T15:13:54.872Z [6db302d2-fe17-44ed-a552-e6b321fae055][fdfbd39c-aa59-4b23-a3ac-5f2ddfb5b1b8] Submitted ✓ Detecting batch size...
2026-09-05T15:13:54.908Z [6db302d2-fe17-44ed-a552-e6b321fae055][fdfbd39c-aa59-4b23-a3ac-5f2ddfb5b1b8] New tile(s) since submit: 0 → 4 (mounted=27)
2026-09-05T15:13:59.174Z [6db302d2-fe17-44ed-a552-e6b321fae055][fdfbd39c-aa59-4b23-a3ac-5f2ddfb5b1b8] Batch size stabilised at 4 new tile(s)
2026-09-05T15:13:59.175Z [6db302d2-fe17-44ed-a552-e6b321fae055][fdfbd39c-aa59-4b23-a3ac-5f2ddfb5b1b8] Batch detected: 4 item(s). Generating...
2026-09-05T15:13:59.176Z [6db302d2-fe17-44ed-a552-e6b321fae055][fdfbd39c-aa59-4b23-a3ac-5f2ddfb5b1b8] Polling for 4 image item(s) (baseline=27, hasUpload=true)...
2026-09-05T15:13:59.199Z [6db302d2-fe17-44ed-a552-e6b321fae055][fdfbd39c-aa59-4b23-a3ac-5f2ddfb5b1b8] Generating... 0 ready, 0 failed / 4 total (0s) image 34% [NHÂN VẬT] image 34% [NHÂN VẬT] image 34% [NHÂN VẬT] image 34% [NHÂN VẬT]
2026-09-05T15:14:02.231Z [6db302d2-fe17-44ed-a552-e6b321fae055][fdfbd39c-aa59-4b23-a3ac-5f2ddfb5b1b8] Generating... 0 ready, 0 failed / 4 total (3s) image 54% [NHÂN VẬT] image 54% [NHÂN VẬT] image 54% [NHÂN VẬT] image 55% [NHÂN VẬT]
2026-09-05T15:14:05.260Z [6db302d2-fe17-44ed-a552-e6b321fae055][fdfbd39c-aa59-4b23-a3ac-5f2ddfb5b1b8] Generating... 0 ready, 0 failed / 4 total (6s) image 74% [NHÂN VẬT] image 75% [NHÂN VẬT] image 75% [NHÂN VẬT] image 75% [NHÂN VẬT]
2026-09-05T15:14:08.298Z [6db302d2-fe17-44ed-a552-e6b321fae055][fdfbd39c-aa59-4b23-a3ac-5f2ddfb5b1b8] Generating... 0 ready, 0 failed / 4 total (9s) image 95% [NHÂN VẬT] image 95% [NHÂN VẬT] image 95% [NHÂN VẬT] image 95% [NHÂN VẬT]
2026-09-05T15:14:11.326Z [6db302d2-fe17-44ed-a552-e6b321fae055][fdfbd39c-aa59-4b23-a3ac-5f2ddfb5b1b8] Generating... 0 ready, 0 failed / 4 total (12s) image 99% [NHÂN VẬT] image 99% [NHÂN VẬT] image 99% [NHÂN VẬT] image 99% [NHÂN VẬT]
2026-09-05T15:14:14.353Z [6db302d2-fe17-44ed-a552-e6b321fae055][fdfbd39c-aa59-4b23-a3ac-5f2ddfb5b1b8] Generating... 0 ready, 0 failed / 4 total (15s) image 99% [NHÂN VẬT] image 99% [NHÂN VẬT] image 99% [NHÂN VẬT] image 99% [NHÂN VẬT]
2026-09-05T15:14:17.380Z [6db302d2-fe17-44ed-a552-e6b321fae055][fdfbd39c-aa59-4b23-a3ac-5f2ddfb5b1b8] Generating... 0 ready, 0 failed / 4 total (18s) image 99% [NHÂN VẬT] image 99% [NHÂN VẬT] image 99% [NHÂN VẬT] image 99% [NHÂN VẬT]
2026-09-05T15:14:20.401Z [6db302d2-fe17-44ed-a552-e6b321fae055][fdfbd39c-aa59-4b23-a3ac-5f2ddfb5b1b8] Generating... 0 ready, 0 failed / 4 total (21s) image 99% [NHÂN VẬT] image 99% [NHÂN VẬT] image 99% [NHÂN VẬT] image 99% [NHÂN VẬT]
2026-09-05T15:14:23.421Z [6db302d2-fe17-44ed-a552-e6b321fae055][fdfbd39c-aa59-4b23-a3ac-5f2ddfb5b1b8] Generating... 0 ready, 0 failed / 4 total (24s) image 99% [NHÂN VẬT] image 99% [NHÂN VẬT] image 99% [NHÂN VẬT] image 99% [NHÂN VẬT]
2026-09-05T15:14:26.446Z [6db302d2-fe17-44ed-a552-e6b321fae055][fdfbd39c-aa59-4b23-a3ac-5f2ddfb5b1b8] Generating... 0 ready, 0 failed / 4 total (27s) image 99% [NHÂN VẬT] image 99% [NHÂN VẬT] image 99% [NHÂN VẬT] image 99% [NHÂN VẬT]
2026-09-05T15:14:29.477Z [6db302d2-fe17-44ed-a552-e6b321fae055][fdfbd39c-aa59-4b23-a3ac-5f2ddfb5b1b8] Generating... 0 ready, 0 failed / 4 total (30s) image 99% [NHÂN VẬT] image 99% [NHÂN VẬT] image 99% [NHÂN VẬT] image 99% [NHÂN VẬT]
2026-09-05T15:14:32.493Z [6db302d2-fe17-44ed-a552-e6b321fae055][fdfbd39c-aa59-4b23-a3ac-5f2ddfb5b1b8] Generating... 0 ready, 0 failed / 4 total (33s) image 99% [NHÂN VẬT] image 99% [NHÂN VẬT] image 99% [NHÂN VẬT] image 99% [NHÂN VẬT]
2026-09-05T15:14:35.521Z [6db302d2-fe17-44ed-a552-e6b321fae055][fdfbd39c-aa59-4b23-a3ac-5f2ddfb5b1b8] Generating... 0 ready, 0 failed / 4 total (36s) image 99% [NHÂN VẬT] [NHÂN VẬT]Arlo, Ness image 99% [NHÂN VẬT] image 99% [NHÂN VẬT]
2026-09-05T15:14:38.556Z [6db302d2-fe17-44ed-a552-e6b321fae055][fdfbd39c-aa59-4b23-a3ac-5f2ddfb5b1b8] Generating... 1 ready, 0 failed / 4 total (39s) image 99% [NHÂN VẬT] image 99% [NHÂN VẬT] image 100% [NHÂN VẬT
2026-09-05T15:14:41.583Z [6db302d2-fe17-44ed-a552-e6b321fae055][fdfbd39c-aa59-4b23-a3ac-5f2ddfb5b1b8] Generating... 2 ready, 0 failed / 4 total (42s) [NHÂN VẬT]Arlo, Ness image 99% [NHÂN VẬT]
2026-09-05T15:14:44.606Z [6db302d2-fe17-44ed-a552-e6b321fae055][fdfbd39c-aa59-4b23-a3ac-5f2ddfb5b1b8] Generating... 3 ready, 0 failed / 4 total (45s) image 100% [NHÂN VẬT
2026-09-05T15:14:47.626Z [6db302d2-fe17-44ed-a552-e6b321fae055][fdfbd39c-aa59-4b23-a3ac-5f2ddfb5b1b8] Generating... 3 ready, 0 failed / 4 total (48s) [NHÂN VẬT]Arlo, Ness
2026-09-05T15:14:50.645Z [6db302d2-fe17-44ed-a552-e6b321fae055][fdfbd39c-aa59-4b23-a3ac-5f2ddfb5b1b8] Generating... 4 ready, 0 failed / 4 total (51s)
2026-09-05T15:14:50.646Z [6db302d2-fe17-44ed-a552-e6b321fae055][fdfbd39c-aa59-4b23-a3ac-5f2ddfb5b1b8] Batch done: 4 ready (target 4), 0 failed, scanned 4.
2026-09-05T15:14:50.646Z [6db302d2-fe17-44ed-a552-e6b321fae055][fdfbd39c-aa59-4b23-a3ac-5f2ddfb5b1b8] 4 item(s) ready! Downloading...
2026-09-05T15:14:50.647Z [6db302d2-fe17-44ed-a552-e6b321fae055][fdfbd39c-aa59-4b23-a3ac-5f2ddfb5b1b8] Item 1: Downloading from URL https://flow-content.google/image/ac85ec0f-5b01-409f-990e-187ff5594ec9?Expires=1788642836&KeyName=labs-flow-prod-cdn-key&Signature=GPujymyQEn2viE6VyG4CgYldtS8
2026-09-05T15:14:50.971Z [6db302d2-fe17-44ed-a552-e6b321fae055][fdfbd39c-aa59-4b23-a3ac-5f2ddfb5b1b8] Downloaded 1/4: winai_2026-09-05T15-14-50_01.jpg
2026-09-05T15:14:50.975Z [6db302d2-fe17-44ed-a552-e6b321fae055][fdfbd39c-aa59-4b23-a3ac-5f2ddfb5b1b8] Item 2: Downloading from URL https://flow-content.google/image/b1582591-4642-4fff-aaa1-9bec8f37b107?Expires=1788642834&KeyName=labs-flow-prod-cdn-key&Signature=xSg8dQTQ6HpQzVIprNOPHLmqF-s
2026-09-05T15:14:51.110Z [6db302d2-fe17-44ed-a552-e6b321fae055][fdfbd39c-aa59-4b23-a3ac-5f2ddfb5b1b8] Downloaded 2/4: winai_2026-09-05T15-14-50_02.jpg
2026-09-05T15:14:51.111Z [6db302d2-fe17-44ed-a552-e6b321fae055][fdfbd39c-aa59-4b23-a3ac-5f2ddfb5b1b8] Item 3: Downloading from URL https://flow-content.google/image/8805e40c-0cac-4259-9b3c-55276316b53a?Expires=1788642833&KeyName=labs-flow-prod-cdn-key&Signature=yU1BoYnCI0zY3wpAhQngai1PxXM
2026-09-05T15:14:51.224Z [6db302d2-fe17-44ed-a552-e6b321fae055][fdfbd39c-aa59-4b23-a3ac-5f2ddfb5b1b8] Downloaded 3/4: winai_2026-09-05T15-14-50_03.jpg
2026-09-05T15:14:51.224Z [6db302d2-fe17-44ed-a552-e6b321fae055][fdfbd39c-aa59-4b23-a3ac-5f2ddfb5b1b8] Item 4: Downloading from URL https://flow-content.google/image/b30e38b0-6586-450e-8284-c3e4423cd4e6?Expires=1788642833&KeyName=labs-flow-prod-cdn-key&Signature=n1s1Bs0nD-umm0L5z4tMp9iI-Ns
2026-09-05T15:14:51.342Z [6db302d2-fe17-44ed-a552-e6b321fae055][fdfbd39c-aa59-4b23-a3ac-5f2ddfb5b1b8] Downloaded 4/4: winai_2026-09-05T15-14-50_04.jpg
2026-09-05T15:14:51.343Z [6db302d2-fe17-44ed-a552-e6b321fae055][fdfbd39c-aa59-4b23-a3ac-5f2ddfb5b1b8] ✅ 4 item(s) saved to Downloads/Win AI Toolkit/
2026-09-05T15:14:51.580Z [bb4fbb36-f940-485e-9d58-9633f9670665][fdfbd39c-aa59-4b23-a3ac-5f2ddfb5b1b8] runGeneration starting: task_id=bb4fbb36-f940-485e-9d58-9633f9670665, profile_id=fdfbd39c-aa59-4b23-a3ac-5f2ddfb5b1b8, target_site=google_flow
2026-09-05T15:14:51.582Z [bb4fbb36-f940-485e-9d58-9633f9670665][fdfbd39c-aa59-4b23-a3ac-5f2ddfb5b1b8] Opening Playwright browser with persistent profile cookies...
2026-09-05T15:14:51.584Z [bb4fbb36-f940-485e-9d58-9633f9670665][fdfbd39c-aa59-4b23-a3ac-5f2ddfb5b1b8] Browser engine: winhide (C:\Users\MienTrungComputer\AppData\Roaming\com.tank.winai\winhide\chrome.exe) [hidden off-screen]
2026-09-05T15:14:51.587Z [bb4fbb36-f940-485e-9d58-9633f9670665][fdfbd39c-aa59-4b23-a3ac-5f2ddfb5b1b8] Launch mode: STEALTH (raw spawn + connectOverCDP)
2026-09-05T15:14:51.996Z [6db302d2-fe17-44ed-a552-e6b321fae055][fdfbd39c-aa59-4b23-a3ac-5f2ddfb5b1b8] Item 3: Uploaded → https://studio.xanhmedia.vn/uploads/2026-09/1788621290979_fc086d_fdfbd39c-aa59-4b23-a3ac-5f2ddfb5b1b8_6db.jpg
2026-09-05T15:14:52.085Z [6db302d2-fe17-44ed-a552-e6b321fae055][fdfbd39c-aa59-4b23-a3ac-5f2ddfb5b1b8] Item 1: Uploaded → https://studio.xanhmedia.vn/uploads/2026-09/1788621291050_98e6f7_fdfbd39c-aa59-4b23-a3ac-5f2ddfb5b1b8_6db.jpg
2026-09-05T15:14:52.095Z [6db302d2-fe17-44ed-a552-e6b321fae055][fdfbd39c-aa59-4b23-a3ac-5f2ddfb5b1b8] Item 4: Uploaded → https://studio.xanhmedia.vn/uploads/2026-09/1788621291061_dc718a_fdfbd39c-aa59-4b23-a3ac-5f2ddfb5b1b8_6db.jpg
2026-09-05T15:14:52.097Z [6db302d2-fe17-44ed-a552-e6b321fae055][fdfbd39c-aa59-4b23-a3ac-5f2ddfb5b1b8] Item 2: Uploaded → https://studio.xanhmedia.vn/uploads/2026-09/1788621291066_287e3f_fdfbd39c-aa59-4b23-a3ac-5f2ddfb5b1b8_6db.jpg
2026-09-05T15:14:52.103Z [6db302d2-fe17-44ed-a552-e6b321fae055][fdfbd39c-aa59-4b23-a3ac-5f2ddfb5b1b8] All done (including any 1080p upgrades). Closing Playwright browser context.
2026-09-05T15:14:53.809Z [bb4fbb36-f940-485e-9d58-9633f9670665][fdfbd39c-aa59-4b23-a3ac-5f2ddfb5b1b8] Exit IP: 125.212.158.158
2026-09-05T15:14:53.810Z [bb4fbb36-f940-485e-9d58-9633f9670665][fdfbd39c-aa59-4b23-a3ac-5f2ddfb5b1b8] Navigating browser to Google Flow tools page...
2026-09-05T15:14:53.813Z [bb4fbb36-f940-485e-9d58-9633f9670665][fdfbd39c-aa59-4b23-a3ac-5f2ddfb5b1b8] Using existing project URL: https://flow.google.com/project/390215dc-290f-4b92-a7f0-dd2b6651acfb?hl=en
2026-09-05T15:14:56.884Z [bb4fbb36-f940-485e-9d58-9633f9670665][fdfbd39c-aa59-4b23-a3ac-5f2ddfb5b1b8] Waiting for Google Flow...
2026-09-05T15:14:58.882Z [bb4fbb36-f940-485e-9d58-9633f9670665][fdfbd39c-aa59-4b23-a3ac-5f2ddfb5b1b8] In existing project ✓
2026-09-05T15:14:59.807Z [bb4fbb36-f940-485e-9d58-9633f9670665][fdfbd39c-aa59-4b23-a3ac-5f2ddfb5b1b8] dismissPopups: unresolved overlay(s) ["IFRAME[presentation]|btns="]
2026-09-05T15:15:02.198Z [bb4fbb36-f940-485e-9d58-9633f9670665][fdfbd39c-aa59-4b23-a3ac-5f2ddfb5b1b8] Composer ready ✓ (UI language: en)
2026-09-05T15:15:02.232Z [bb4fbb36-f940-485e-9d58-9633f9670665][fdfbd39c-aa59-4b23-a3ac-5f2ddfb5b1b8] dismissPopups: clicked "Dismiss credit banner" (overlay)
2026-09-05T15:15:02.753Z [bb4fbb36-f940-485e-9d58-9633f9670665][fdfbd39c-aa59-4b23-a3ac-5f2ddfb5b1b8] dismissPopups: unresolved overlay(s) ["DIV[]|btns=","DIV[]|btns="]
2026-09-05T15:15:02.769Z [bb4fbb36-f940-485e-9d58-9633f9670665][fdfbd39c-aa59-4b23-a3ac-5f2ddfb5b1b8] Agent toggle aria-pressed=false
2026-09-05T15:15:02.769Z [bb4fbb36-f940-485e-9d58-9633f9670665][fdfbd39c-aa59-4b23-a3ac-5f2ddfb5b1b8] Opening settings...
2026-09-05T15:15:05.040Z [bb4fbb36-f940-485e-9d58-9633f9670665][fdfbd39c-aa59-4b23-a3ac-5f2ddfb5b1b8] Configuring image settings...
2026-09-05T15:15:06.812Z [bb4fbb36-f940-485e-9d58-9633f9670665][fdfbd39c-aa59-4b23-a3ac-5f2ddfb5b1b8] Mode: selected "image Image" ✓
2026-09-05T15:15:12.096Z [bb4fbb36-f940-485e-9d58-9633f9670665][fdfbd39c-aa59-4b23-a3ac-5f2ddfb5b1b8] Model: selected "🍌 Nano Banana 2" ✓
2026-09-05T15:15:13.014Z [bb4fbb36-f940-485e-9d58-9633f9670665][fdfbd39c-aa59-4b23-a3ac-5f2ddfb5b1b8] Aspect ratio: "crop_16_9 16:9" already selected ✓
2026-09-05T15:15:14.994Z [bb4fbb36-f940-485e-9d58-9633f9670665][fdfbd39c-aa59-4b23-a3ac-5f2ddfb5b1b8] Output count: selected "x4" ✓
2026-09-05T15:15:15.944Z [bb4fbb36-f940-485e-9d58-9633f9670665][fdfbd39c-aa59-4b23-a3ac-5f2ddfb5b1b8] Ref image 1/3: downloading from URL...
2026-09-05T15:15:16.268Z [bb4fbb36-f940-485e-9d58-9633f9670665][fdfbd39c-aa59-4b23-a3ac-5f2ddfb5b1b8] Downloader: no-proxy request context ready.
2026-09-05T15:15:17.147Z [bb4fbb36-f940-485e-9d58-9633f9670665][fdfbd39c-aa59-4b23-a3ac-5f2ddfb5b1b8] Ref image 1/3: saved 673040 bytes (image/jpeg) as "Graham Vale Color Pool War Backyard.jpeg"
2026-09-05T15:15:17.155Z [bb4fbb36-f940-485e-9d58-9633f9670665][fdfbd39c-aa59-4b23-a3ac-5f2ddfb5b1b8] Ref image 1/3: attaching reference image...
2026-09-05T15:15:19.509Z [bb4fbb36-f940-485e-9d58-9633f9670665][fdfbd39c-aa59-4b23-a3ac-5f2ddfb5b1b8] Ref image 1/3: reusing library asset "Graham Vale Color Pool War Backyard.jpeg" (no re-upload).
2026-09-05T15:15:22.790Z [bb4fbb36-f940-485e-9d58-9633f9670665][fdfbd39c-aa59-4b23-a3ac-5f2ddfb5b1b8] Ref image 1/3: chips 0→1 ✓
2026-09-05T15:15:24.343Z [bb4fbb36-f940-485e-9d58-9633f9670665][fdfbd39c-aa59-4b23-a3ac-5f2ddfb5b1b8] Ref image 2/3: downloading from URL...
2026-09-05T15:15:24.700Z [bb4fbb36-f940-485e-9d58-9633f9670665][fdfbd39c-aa59-4b23-a3ac-5f2ddfb5b1b8] Ref image 2/3: saved 585044 bytes (image/jpeg) as "Arlo Family Inflatable Pool Progress Set.jpeg"
2026-09-05T15:15:24.705Z [bb4fbb36-f940-485e-9d58-9633f9670665][fdfbd39c-aa59-4b23-a3ac-5f2ddfb5b1b8] Ref image 2/3: attaching reference image...
2026-09-05T15:15:27.087Z [bb4fbb36-f940-485e-9d58-9633f9670665][fdfbd39c-aa59-4b23-a3ac-5f2ddfb5b1b8] Ref image 2/3: reusing library asset "Arlo Family Inflatable Pool Progress Set.jpeg" (no re-upload).
2026-09-05T15:15:30.912Z [bb4fbb36-f940-485e-9d58-9633f9670665][fdfbd39c-aa59-4b23-a3ac-5f2ddfb5b1b8] Ref image 2/3: chips 1→2 ✓
2026-09-05T15:15:32.034Z [bb4fbb36-f940-485e-9d58-9633f9670665][fdfbd39c-aa59-4b23-a3ac-5f2ddfb5b1b8] Ref image 3/3: downloading from URL...
2026-09-05T15:15:32.402Z [bb4fbb36-f940-485e-9d58-9633f9670665][fdfbd39c-aa59-4b23-a3ac-5f2ddfb5b1b8] Ref image 3/3: saved 543496 bytes (image/jpeg) as "Pool Repair Patch Set.jpeg"
2026-09-05T15:15:32.411Z [bb4fbb36-f940-485e-9d58-9633f9670665][fdfbd39c-aa59-4b23-a3ac-5f2ddfb5b1b8] Ref image 3/3: attaching reference image...
2026-09-05T15:15:34.448Z [bb4fbb36-f940-485e-9d58-9633f9670665][fdfbd39c-aa59-4b23-a3ac-5f2ddfb5b1b8] Ref image 3/3: "Pool Repair Patch Set.jpeg" not in the library yet — uploading it first.
2026-09-05T15:15:38.161Z [bb4fbb36-f940-485e-9d58-9633f9670665][fdfbd39c-aa59-4b23-a3ac-5f2ddfb5b1b8] Ref image 3/3: uploading "Pool Repair Patch Set.jpeg" to the project library...
2026-09-05T15:15:39.474Z [bb4fbb36-f940-485e-9d58-9633f9670665][fdfbd39c-aa59-4b23-a3ac-5f2ddfb5b1b8] Ref image 3/3: upload finished ✓
2026-09-05T15:15:49.414Z [bb4fbb36-f940-485e-9d58-9633f9670665][fdfbd39c-aa59-4b23-a3ac-5f2ddfb5b1b8] Ref image 3/3: chips 2→3 ✓
2026-09-05T15:15:49.446Z [bb4fbb36-f940-485e-9d58-9633f9670665][fdfbd39c-aa59-4b23-a3ac-5f2ddfb5b1b8] Entering prompt...
2026-09-05T15:15:51.541Z [bb4fbb36-f940-485e-9d58-9633f9670665][fdfbd39c-aa59-4b23-a3ac-5f2ddfb5b1b8] Prompt is 2101 chars — typing it in 24 chunk(s).
2026-09-05T15:16:02.956Z [bb4fbb36-f940-485e-9d58-9633f9670665][fdfbd39c-aa59-4b23-a3ac-5f2ddfb5b1b8] Prompt insert attempt 1: editor has 1968 chars (want ~2095) ✓
2026-09-05T15:16:04.943Z [bb4fbb36-f940-485e-9d58-9633f9670665][fdfbd39c-aa59-4b23-a3ac-5f2ddfb5b1b8] Baseline: 27 pre-existing media tile(s) of 27 mounted (kinds: image,image,image,image,image,image,image,image,image,image,image,image,image,image,image,image,image,image,image,image,image,image,image,image,image,image,image).
2026-09-05T15:16:06.763Z [bb4fbb36-f940-485e-9d58-9633f9670665][fdfbd39c-aa59-4b23-a3ac-5f2ddfb5b1b8] [submit] confirmed (editor "What do you want to ", fresh tile=true).
2026-09-05T15:16:07.234Z [bb4fbb36-f940-485e-9d58-9633f9670665][fdfbd39c-aa59-4b23-a3ac-5f2ddfb5b1b8] Current Workspace project URL: https://flow.google.com/project/390215dc-290f-4b92-a7f0-dd2b6651acfb?hl=en
2026-09-05T15:16:07.235Z [bb4fbb36-f940-485e-9d58-9633f9670665][fdfbd39c-aa59-4b23-a3ac-5f2ddfb5b1b8] Submitted ✓ Detecting batch size...
2026-09-05T15:16:07.255Z [bb4fbb36-f940-485e-9d58-9633f9670665][fdfbd39c-aa59-4b23-a3ac-5f2ddfb5b1b8] New tile(s) since submit: 0 → 4 (mounted=27)
2026-09-05T15:16:11.490Z [bb4fbb36-f940-485e-9d58-9633f9670665][fdfbd39c-aa59-4b23-a3ac-5f2ddfb5b1b8] Batch size stabilised at 4 new tile(s)
2026-09-05T15:16:11.491Z [bb4fbb36-f940-485e-9d58-9633f9670665][fdfbd39c-aa59-4b23-a3ac-5f2ddfb5b1b8] Batch detected: 4 item(s). Generating...
2026-09-05T15:16:11.493Z [bb4fbb36-f940-485e-9d58-9633f9670665][fdfbd39c-aa59-4b23-a3ac-5f2ddfb5b1b8] Polling for 4 image item(s) (baseline=27, hasUpload=true)...
2026-09-05T15:16:11.520Z [bb4fbb36-f940-485e-9d58-9633f9670665][fdfbd39c-aa59-4b23-a3ac-5f2ddfb5b1b8] Generating... 0 ready, 0 failed / 4 total (0s) image 35% [NHÂN VẬT] image 35% [NHÂN VẬT] image 35% [NHÂN VẬT] image 35% [NHÂN VẬT]
2026-09-05T15:16:14.543Z [bb4fbb36-f940-485e-9d58-9633f9670665][fdfbd39c-aa59-4b23-a3ac-5f2ddfb5b1b8] Generating... 0 ready, 0 failed / 4 total (3s) image 55% [NHÂN VẬT] image 55% [NHÂN VẬT] image 55% [NHÂN VẬT] image 55% [NHÂN VẬT]
2026-09-05T15:16:17.572Z [bb4fbb36-f940-485e-9d58-9633f9670665][fdfbd39c-aa59-4b23-a3ac-5f2ddfb5b1b8] Generating... 0 ready, 0 failed / 4 total (6s) image 75% [NHÂN VẬT] image 75% [NHÂN VẬT] image 75% [NHÂN VẬT] image 75% [NHÂN VẬT]
2026-09-05T15:16:20.597Z [bb4fbb36-f940-485e-9d58-9633f9670665][fdfbd39c-aa59-4b23-a3ac-5f2ddfb5b1b8] Generating... 0 ready, 0 failed / 4 total (9s) image 95% [NHÂN VẬT] image 95% [NHÂN VẬT] image 95% [NHÂN VẬT] image 95% [NHÂN VẬT]
2026-09-05T15:16:23.627Z [bb4fbb36-f940-485e-9d58-9633f9670665][fdfbd39c-aa59-4b23-a3ac-5f2ddfb5b1b8] Generating... 0 ready, 0 failed / 4 total (12s) image 99% [NHÂN VẬT] image 99% [NHÂN VẬT] image 99% [NHÂN VẬT] image 99% [NHÂN VẬT]
2026-09-05T15:16:26.656Z [bb4fbb36-f940-485e-9d58-9633f9670665][fdfbd39c-aa59-4b23-a3ac-5f2ddfb5b1b8] Generating... 0 ready, 0 failed / 4 total (15s) image 99% [NHÂN VẬT] image 99% [NHÂN VẬT] image 99% [NHÂN VẬT] image 99% [NHÂN VẬT]
2026-09-05T15:16:29.682Z [bb4fbb36-f940-485e-9d58-9633f9670665][fdfbd39c-aa59-4b23-a3ac-5f2ddfb5b1b8] Generating... 0 ready, 0 failed / 4 total (18s) image 99% [NHÂN VẬT] image 99% [NHÂN VẬT] image 99% [NHÂN VẬT] image 99% [NHÂN VẬT]
2026-09-05T15:16:32.712Z [bb4fbb36-f940-485e-9d58-9633f9670665][fdfbd39c-aa59-4b23-a3ac-5f2ddfb5b1b8] Generating... 0 ready, 0 failed / 4 total (21s) image 99% [NHÂN VẬT] image 99% [NHÂN VẬT] image 99% [NHÂN VẬT] image 99% [NHÂN VẬT]
2026-09-05T15:16:35.726Z [bb4fbb36-f940-485e-9d58-9633f9670665][fdfbd39c-aa59-4b23-a3ac-5f2ddfb5b1b8] Generating... 0 ready, 0 failed / 4 total (24s) image 99% [NHÂN VẬT] image 99% [NHÂN VẬT] image 99% [NHÂN VẬT] image 99% [NHÂN VẬT]
2026-09-05T15:16:38.762Z [bb4fbb36-f940-485e-9d58-9633f9670665][fdfbd39c-aa59-4b23-a3ac-5f2ddfb5b1b8] Generating... 0 ready, 0 failed / 4 total (27s) image 99% [NHÂN VẬT] image 99% [NHÂN VẬT] image 99% [NHÂN VẬT] image 99% [NHÂN VẬT]
2026-09-05T15:16:41.793Z [bb4fbb36-f940-485e-9d58-9633f9670665][fdfbd39c-aa59-4b23-a3ac-5f2ddfb5b1b8] Generating... 0 ready, 0 failed / 4 total (30s) image 99% [NHÂN VẬT] image 99% [NHÂN VẬT] image 99% [NHÂN VẬT] image 99% [NHÂN VẬT]
2026-09-05T15:16:44.832Z [bb4fbb36-f940-485e-9d58-9633f9670665][fdfbd39c-aa59-4b23-a3ac-5f2ddfb5b1b8] Generating... 0 ready, 0 failed / 4 total (33s) image 99% [NHÂN VẬT] image 99% [NHÂN VẬT] image 100% [NHÂN VẬT image 99% [NHÂN VẬT]
2026-09-05T15:16:47.866Z [bb4fbb36-f940-485e-9d58-9633f9670665][fdfbd39c-aa59-4b23-a3ac-5f2ddfb5b1b8] Generating... 1 ready, 0 failed / 4 total (36s) image 99% [NHÂN VẬT] image 99% [NHÂN VẬT] image 99% [NHÂN VẬT]
2026-09-05T15:16:50.905Z [bb4fbb36-f940-485e-9d58-9633f9670665][fdfbd39c-aa59-4b23-a3ac-5f2ddfb5b1b8] Generating... 1 ready, 0 failed / 4 total (39s) [NHÂN VẬT]Graham, El image 99% [NHÂN VẬT] image 99% [NHÂN VẬT]
2026-09-05T15:16:53.941Z [bb4fbb36-f940-485e-9d58-9633f9670665][fdfbd39c-aa59-4b23-a3ac-5f2ddfb5b1b8] Generating... 2 ready, 0 failed / 4 total (42s) image 99% [NHÂN VẬT] image 99% [NHÂN VẬT]
2026-09-05T15:16:56.980Z [bb4fbb36-f940-485e-9d58-9633f9670665][fdfbd39c-aa59-4b23-a3ac-5f2ddfb5b1b8] Generating... 2 ready, 0 failed / 4 total (45s) image 99% [NHÂN VẬT] [NHÂN VẬT]Graham, El
2026-09-05T15:17:00.005Z [bb4fbb36-f940-485e-9d58-9633f9670665][fdfbd39c-aa59-4b23-a3ac-5f2ddfb5b1b8] Generating... 3 ready, 0 failed / 4 total (49s) image 99% [NHÂN VẬT]
2026-09-05T15:17:03.075Z [bb4fbb36-f940-485e-9d58-9633f9670665][fdfbd39c-aa59-4b23-a3ac-5f2ddfb5b1b8] Generating... 3 ready, 0 failed / 4 total (52s) image 99% [NHÂN VẬT]
2026-09-05T15:17:06.097Z [bb4fbb36-f940-485e-9d58-9633f9670665][fdfbd39c-aa59-4b23-a3ac-5f2ddfb5b1b8] Generating... 3 ready, 0 failed / 4 total (55s) [NHÂN VẬT]Graham, El
2026-09-05T15:17:09.126Z [bb4fbb36-f940-485e-9d58-9633f9670665][fdfbd39c-aa59-4b23-a3ac-5f2ddfb5b1b8] Generating... 4 ready, 0 failed / 4 total (58s)
2026-09-05T15:17:09.127Z [bb4fbb36-f940-485e-9d58-9633f9670665][fdfbd39c-aa59-4b23-a3ac-5f2ddfb5b1b8] Batch done: 4 ready (target 4), 0 failed, scanned 4.
2026-09-05T15:17:09.129Z [bb4fbb36-f940-485e-9d58-9633f9670665][fdfbd39c-aa59-4b23-a3ac-5f2ddfb5b1b8] 4 item(s) ready! Downloading...
2026-09-05T15:17:09.132Z [bb4fbb36-f940-485e-9d58-9633f9670665][fdfbd39c-aa59-4b23-a3ac-5f2ddfb5b1b8] Item 1: Downloading from URL https://flow-content.google/image/b305a883-2c39-47d3-975d-f67322b64a45?Expires=1788642968&KeyName=labs-flow-prod-cdn-key&Signature=ULZx1_vGtb0XeOiwVgOqdq3Fk2Q
2026-09-05T15:17:09.446Z [bb4fbb36-f940-485e-9d58-9633f9670665][fdfbd39c-aa59-4b23-a3ac-5f2ddfb5b1b8] Downloaded 1/4: winai_2026-09-05T15-17-09_01.jpg
2026-09-05T15:17:09.448Z [bb4fbb36-f940-485e-9d58-9633f9670665][fdfbd39c-aa59-4b23-a3ac-5f2ddfb5b1b8] Item 2: Downloading from URL https://flow-content.google/image/9e70c2c0-312f-449d-a34c-315217ed50bb?Expires=1788642967&KeyName=labs-flow-prod-cdn-key&Signature=-hkM1Zx-iV84s_7vA2SbkV7RybM
2026-09-05T15:17:09.567Z [bb4fbb36-f940-485e-9d58-9633f9670665][fdfbd39c-aa59-4b23-a3ac-5f2ddfb5b1b8] Downloaded 2/4: winai_2026-09-05T15-17-09_02.jpg
2026-09-05T15:17:09.568Z [bb4fbb36-f940-485e-9d58-9633f9670665][fdfbd39c-aa59-4b23-a3ac-5f2ddfb5b1b8] Item 3: Downloading from URL https://flow-content.google/image/222fdecd-8ea0-4283-94b9-00f473f7f987?Expires=1788642966&KeyName=labs-flow-prod-cdn-key&Signature=fdZg3axaOwYX7SMEpp6xWQgr4xY
2026-09-05T15:17:09.684Z [bb4fbb36-f940-485e-9d58-9633f9670665][fdfbd39c-aa59-4b23-a3ac-5f2ddfb5b1b8] Downloaded 3/4: winai_2026-09-05T15-17-09_03.jpg
2026-09-05T15:17:09.685Z [bb4fbb36-f940-485e-9d58-9633f9670665][fdfbd39c-aa59-4b23-a3ac-5f2ddfb5b1b8] Item 4: Downloading from URL https://flow-content.google/image/739d8fcb-1c94-43cf-a385-805238f3deaf?Expires=1788642965&KeyName=labs-flow-prod-cdn-key&Signature=kKt2XJaSDDzE7H6BKQXfM2xWY_0
2026-09-05T15:17:09.806Z [bb4fbb36-f940-485e-9d58-9633f9670665][fdfbd39c-aa59-4b23-a3ac-5f2ddfb5b1b8] Downloaded 4/4: winai_2026-09-05T15-17-09_04.jpg
2026-09-05T15:17:09.810Z [bb4fbb36-f940-485e-9d58-9633f9670665][fdfbd39c-aa59-4b23-a3ac-5f2ddfb5b1b8] ✅ 4 item(s) saved to Downloads/Win AI Toolkit/
2026-09-05T15:17:10.034Z [4ee2e0f1-7a4a-4d27-9f68-a87dd3fc6843][fdfbd39c-aa59-4b23-a3ac-5f2ddfb5b1b8] runGeneration starting: task_id=4ee2e0f1-7a4a-4d27-9f68-a87dd3fc6843, profile_id=fdfbd39c-aa59-4b23-a3ac-5f2ddfb5b1b8, target_site=google_flow
2026-09-05T15:17:10.038Z [4ee2e0f1-7a4a-4d27-9f68-a87dd3fc6843][fdfbd39c-aa59-4b23-a3ac-5f2ddfb5b1b8] Opening Playwright browser with persistent profile cookies...
2026-09-05T15:17:10.039Z [4ee2e0f1-7a4a-4d27-9f68-a87dd3fc6843][fdfbd39c-aa59-4b23-a3ac-5f2ddfb5b1b8] Browser engine: winhide (C:\Users\MienTrungComputer\AppData\Roaming\com.tank.winai\winhide\chrome.exe) [hidden off-screen]
2026-09-05T15:17:10.054Z [4ee2e0f1-7a4a-4d27-9f68-a87dd3fc6843][fdfbd39c-aa59-4b23-a3ac-5f2ddfb5b1b8] Launch mode: STEALTH (raw spawn + connectOverCDP)
2026-09-05T15:17:10.407Z [bb4fbb36-f940-485e-9d58-9633f9670665][fdfbd39c-aa59-4b23-a3ac-5f2ddfb5b1b8] Item 1: Uploaded → https://studio.xanhmedia.vn/uploads/2026-09/1788621429382_22a354_fdfbd39c-aa59-4b23-a3ac-5f2ddfb5b1b8_bb4.jpg
2026-09-05T15:17:10.510Z [bb4fbb36-f940-485e-9d58-9633f9670665][fdfbd39c-aa59-4b23-a3ac-5f2ddfb5b1b8] Item 3: Uploaded → https://studio.xanhmedia.vn/uploads/2026-09/1788621429484_7a8e8f_fdfbd39c-aa59-4b23-a3ac-5f2ddfb5b1b8_bb4.jpg
2026-09-05T15:17:10.526Z [bb4fbb36-f940-485e-9d58-9633f9670665][fdfbd39c-aa59-4b23-a3ac-5f2ddfb5b1b8] Item 2: Uploaded → https://studio.xanhmedia.vn/uploads/2026-09/1788621429499_6af7b7_fdfbd39c-aa59-4b23-a3ac-5f2ddfb5b1b8_bb4.jpg
2026-09-05T15:17:10.550Z [bb4fbb36-f940-485e-9d58-9633f9670665][fdfbd39c-aa59-4b23-a3ac-5f2ddfb5b1b8] Item 4: Uploaded → https://studio.xanhmedia.vn/uploads/2026-09/1788621429522_4a07e4_fdfbd39c-aa59-4b23-a3ac-5f2ddfb5b1b8_bb4.jpg
2026-09-05T15:17:10.552Z [bb4fbb36-f940-485e-9d58-9633f9670665][fdfbd39c-aa59-4b23-a3ac-5f2ddfb5b1b8] All done (including any 1080p upgrades). Closing Playwright browser context.
2026-09-05T15:17:12.477Z [4ee2e0f1-7a4a-4d27-9f68-a87dd3fc6843][fdfbd39c-aa59-4b23-a3ac-5f2ddfb5b1b8] Exit IP: 125.212.158.158
2026-09-05T15:17:12.478Z [4ee2e0f1-7a4a-4d27-9f68-a87dd3fc6843][fdfbd39c-aa59-4b23-a3ac-5f2ddfb5b1b8] Navigating browser to Google Flow tools page...
2026-09-05T15:17:12.479Z [4ee2e0f1-7a4a-4d27-9f68-a87dd3fc6843][fdfbd39c-aa59-4b23-a3ac-5f2ddfb5b1b8] Using existing project URL: https://flow.google.com/project/390215dc-290f-4b92-a7f0-dd2b6651acfb?hl=en
2026-09-05T15:17:13.452Z [4ee2e0f1-7a4a-4d27-9f68-a87dd3fc6843][fdfbd39c-aa59-4b23-a3ac-5f2ddfb5b1b8] Waiting for Google Flow...
2026-09-05T15:17:15.428Z [4ee2e0f1-7a4a-4d27-9f68-a87dd3fc6843][fdfbd39c-aa59-4b23-a3ac-5f2ddfb5b1b8] In existing project ✓
2026-09-05T15:17:16.559Z [4ee2e0f1-7a4a-4d27-9f68-a87dd3fc6843][fdfbd39c-aa59-4b23-a3ac-5f2ddfb5b1b8] dismissPopups: unresolved overlay(s) ["IFRAME[presentation]|btns="]
2026-09-05T15:17:19.415Z [4ee2e0f1-7a4a-4d27-9f68-a87dd3fc6843][fdfbd39c-aa59-4b23-a3ac-5f2ddfb5b1b8] Composer ready ✓ (UI language: en)
2026-09-05T15:17:19.448Z [4ee2e0f1-7a4a-4d27-9f68-a87dd3fc6843][fdfbd39c-aa59-4b23-a3ac-5f2ddfb5b1b8] dismissPopups: clicked "Dismiss credit banner" (overlay)
2026-09-05T15:17:19.973Z [4ee2e0f1-7a4a-4d27-9f68-a87dd3fc6843][fdfbd39c-aa59-4b23-a3ac-5f2ddfb5b1b8] dismissPopups: unresolved overlay(s) ["DIV[]|btns=","DIV[]|btns="]
2026-09-05T15:17:20.002Z [4ee2e0f1-7a4a-4d27-9f68-a87dd3fc6843][fdfbd39c-aa59-4b23-a3ac-5f2ddfb5b1b8] Agent toggle aria-pressed=false
2026-09-05T15:17:20.003Z [4ee2e0f1-7a4a-4d27-9f68-a87dd3fc6843][fdfbd39c-aa59-4b23-a3ac-5f2ddfb5b1b8] Opening settings...
2026-09-05T15:17:22.177Z [4ee2e0f1-7a4a-4d27-9f68-a87dd3fc6843][fdfbd39c-aa59-4b23-a3ac-5f2ddfb5b1b8] Configuring image settings...
2026-09-05T15:17:24.248Z [4ee2e0f1-7a4a-4d27-9f68-a87dd3fc6843][fdfbd39c-aa59-4b23-a3ac-5f2ddfb5b1b8] Mode: selected "image Image" ✓
2026-09-05T15:17:29.352Z [4ee2e0f1-7a4a-4d27-9f68-a87dd3fc6843][fdfbd39c-aa59-4b23-a3ac-5f2ddfb5b1b8] Model: selected "🍌 Nano Banana 2" ✓
2026-09-05T15:17:30.003Z [4ee2e0f1-7a4a-4d27-9f68-a87dd3fc6843][fdfbd39c-aa59-4b23-a3ac-5f2ddfb5b1b8] Aspect ratio: "crop_16_9 16:9" already selected ✓
2026-09-05T15:17:31.572Z [4ee2e0f1-7a4a-4d27-9f68-a87dd3fc6843][fdfbd39c-aa59-4b23-a3ac-5f2ddfb5b1b8] Output count: selected "x4" ✓
2026-09-05T15:17:32.646Z [4ee2e0f1-7a4a-4d27-9f68-a87dd3fc6843][fdfbd39c-aa59-4b23-a3ac-5f2ddfb5b1b8] Ref image 1/5: downloading from URL...
2026-09-05T15:17:32.952Z [4ee2e0f1-7a4a-4d27-9f68-a87dd3fc6843][fdfbd39c-aa59-4b23-a3ac-5f2ddfb5b1b8] Downloader: no-proxy request context ready.
2026-09-05T15:17:33.790Z [4ee2e0f1-7a4a-4d27-9f68-a87dd3fc6843][fdfbd39c-aa59-4b23-a3ac-5f2ddfb5b1b8] Ref image 1/5: saved 566164 bytes (image/jpeg) as "Arlo Vale Color Pool War Swim.jpeg"
2026-09-05T15:17:33.800Z [4ee2e0f1-7a4a-4d27-9f68-a87dd3fc6843][fdfbd39c-aa59-4b23-a3ac-5f2ddfb5b1b8] Ref image 1/5: attaching reference image...
2026-09-05T15:17:36.326Z [4ee2e0f1-7a4a-4d27-9f68-a87dd3fc6843][fdfbd39c-aa59-4b23-a3ac-5f2ddfb5b1b8] Ref image 1/5: "Arlo Vale Color Pool War Swim.jpeg" not in the library yet — uploading it first.
2026-09-05T15:17:40.914Z [4ee2e0f1-7a4a-4d27-9f68-a87dd3fc6843][fdfbd39c-aa59-4b23-a3ac-5f2ddfb5b1b8] Ref image 1/5: uploading "Arlo Vale Color Pool War Swim.jpeg" to the project library...
2026-09-05T15:17:42.177Z [4ee2e0f1-7a4a-4d27-9f68-a87dd3fc6843][fdfbd39c-aa59-4b23-a3ac-5f2ddfb5b1b8] Ref image 1/5: upload finished ✓
2026-09-05T15:17:52.902Z [4ee2e0f1-7a4a-4d27-9f68-a87dd3fc6843][fdfbd39c-aa59-4b23-a3ac-5f2ddfb5b1b8] Ref image 1/5: chips 0→1 ✓
2026-09-05T15:17:53.862Z [4ee2e0f1-7a4a-4d27-9f68-a87dd3fc6843][fdfbd39c-aa59-4b23-a3ac-5f2ddfb5b1b8] Ref image 2/5: downloading from URL...
2026-09-05T15:17:54.225Z [4ee2e0f1-7a4a-4d27-9f68-a87dd3fc6843][fdfbd39c-aa59-4b23-a3ac-5f2ddfb5b1b8] Ref image 2/5: saved 648250 bytes (image/jpeg) as "Nessa Vale Color Pool War Swim.jpeg"
2026-09-05T15:17:54.228Z [4ee2e0f1-7a4a-4d27-9f68-a87dd3fc6843][fdfbd39c-aa59-4b23-a3ac-5f2ddfb5b1b8] Ref image 2/5: attaching reference image...
2026-09-05T15:17:56.735Z [4ee2e0f1-7a4a-4d27-9f68-a87dd3fc6843][fdfbd39c-aa59-4b23-a3ac-5f2ddfb5b1b8] Ref image 2/5: "Nessa Vale Color Pool War Swim.jpeg" not in the library yet — uploading it first.
2026-09-05T15:18:00.529Z [4ee2e0f1-7a4a-4d27-9f68-a87dd3fc6843][fdfbd39c-aa59-4b23-a3ac-5f2ddfb5b1b8] Ref image 2/5: uploading "Nessa Vale Color Pool War Swim.jpeg" to the project library...
2026-09-05T15:18:01.572Z [4ee2e0f1-7a4a-4d27-9f68-a87dd3fc6843][fdfbd39c-aa59-4b23-a3ac-5f2ddfb5b1b8] Ref image 2/5: upload finished ✓
2026-09-05T15:18:12.119Z [4ee2e0f1-7a4a-4d27-9f68-a87dd3fc6843][fdfbd39c-aa59-4b23-a3ac-5f2ddfb5b1b8] Ref image 2/5: chips 1→2 ✓
2026-09-05T15:18:13.313Z [4ee2e0f1-7a4a-4d27-9f68-a87dd3fc6843][fdfbd39c-aa59-4b23-a3ac-5f2ddfb5b1b8] Ref image 3/5: downloading from URL...
2026-09-05T15:18:13.678Z [4ee2e0f1-7a4a-4d27-9f68-a87dd3fc6843][fdfbd39c-aa59-4b23-a3ac-5f2ddfb5b1b8] Ref image 3/5: saved 585044 bytes (image/jpeg) as "Arlo Family Inflatable Pool Progress Set.jpeg"
2026-09-05T15:18:13.691Z [4ee2e0f1-7a4a-4d27-9f68-a87dd3fc6843][fdfbd39c-aa59-4b23-a3ac-5f2ddfb5b1b8] Ref image 3/5: attaching reference image...
2026-09-05T15:18:15.790Z [4ee2e0f1-7a4a-4d27-9f68-a87dd3fc6843][fdfbd39c-aa59-4b23-a3ac-5f2ddfb5b1b8] Ref image 3/5: reusing library asset "Arlo Family Inflatable Pool Progress Set.jpeg" (no re-upload).
2026-09-05T15:18:18.775Z [4ee2e0f1-7a4a-4d27-9f68-a87dd3fc6843][fdfbd39c-aa59-4b23-a3ac-5f2ddfb5b1b8] Ref image 3/5: chips 2→3 ✓
2026-09-05T15:18:20.384Z [4ee2e0f1-7a4a-4d27-9f68-a87dd3fc6843][fdfbd39c-aa59-4b23-a3ac-5f2ddfb5b1b8] Ref image 4/5: downloading from URL...
2026-09-05T15:18:20.730Z [4ee2e0f1-7a4a-4d27-9f68-a87dd3fc6843][fdfbd39c-aa59-4b23-a3ac-5f2ddfb5b1b8] Ref image 4/5: saved 543496 bytes (image/jpeg) as "Pool Repair Patch Set.jpeg"
2026-09-05T15:18:20.733Z [4ee2e0f1-7a4a-4d27-9f68-a87dd3fc6843][fdfbd39c-aa59-4b23-a3ac-5f2ddfb5b1b8] Ref image 4/5: attaching reference image...
2026-09-05T15:18:22.766Z [4ee2e0f1-7a4a-4d27-9f68-a87dd3fc6843][fdfbd39c-aa59-4b23-a3ac-5f2ddfb5b1b8] Ref image 4/5: reusing library asset "Pool Repair Patch Set.jpeg" (no re-upload).
2026-09-05T15:18:26.138Z [4ee2e0f1-7a4a-4d27-9f68-a87dd3fc6843][fdfbd39c-aa59-4b23-a3ac-5f2ddfb5b1b8] Ref image 4/5: chips 3→4 ✓
2026-09-05T15:18:27.961Z [4ee2e0f1-7a4a-4d27-9f68-a87dd3fc6843][fdfbd39c-aa59-4b23-a3ac-5f2ddfb5b1b8] Ref image 5/5: downloading from URL...
2026-09-05T15:18:28.317Z [4ee2e0f1-7a4a-4d27-9f68-a87dd3fc6843][fdfbd39c-aa59-4b23-a3ac-5f2ddfb5b1b8] Ref image 5/5: saved 542888 bytes (image/jpeg) as "Colorful Pool Slide Blue Protective Mat Set.jpeg"
2026-09-05T15:18:28.320Z [4ee2e0f1-7a4a-4d27-9f68-a87dd3fc6843][fdfbd39c-aa59-4b23-a3ac-5f2ddfb5b1b8] Ref image 5/5: attaching reference image...
2026-09-05T15:18:30.138Z [4ee2e0f1-7a4a-4d27-9f68-a87dd3fc6843][fdfbd39c-aa59-4b23-a3ac-5f2ddfb5b1b8] Ref image 5/5: "Colorful Pool Slide Blue Protective Mat Set.jpeg" not in the library yet — uploading it first.
2026-09-05T15:18:33.859Z [4ee2e0f1-7a4a-4d27-9f68-a87dd3fc6843][fdfbd39c-aa59-4b23-a3ac-5f2ddfb5b1b8] Ref image 5/5: uploading "Colorful Pool Slide Blue Protective Mat Set.jpeg" to the project library...
2026-09-05T15:18:34.900Z [4ee2e0f1-7a4a-4d27-9f68-a87dd3fc6843][fdfbd39c-aa59-4b23-a3ac-5f2ddfb5b1b8] Ref image 5/5: upload finished ✓
2026-09-05T15:18:45.051Z [4ee2e0f1-7a4a-4d27-9f68-a87dd3fc6843][fdfbd39c-aa59-4b23-a3ac-5f2ddfb5b1b8] Ref image 5/5: chips 4→5 ✓
2026-09-05T15:18:45.090Z [4ee2e0f1-7a4a-4d27-9f68-a87dd3fc6843][fdfbd39c-aa59-4b23-a3ac-5f2ddfb5b1b8] Entering prompt...
2026-09-05T15:18:46.968Z [4ee2e0f1-7a4a-4d27-9f68-a87dd3fc6843][fdfbd39c-aa59-4b23-a3ac-5f2ddfb5b1b8] Prompt is 2350 chars — typing it in 27 chunk(s).
2026-09-05T15:19:00.253Z [4ee2e0f1-7a4a-4d27-9f68-a87dd3fc6843][fdfbd39c-aa59-4b23-a3ac-5f2ddfb5b1b8] Prompt insert attempt 1: editor has 2217 chars (want ~2344) ✓
2026-09-05T15:19:01.998Z [4ee2e0f1-7a4a-4d27-9f68-a87dd3fc6843][fdfbd39c-aa59-4b23-a3ac-5f2ddfb5b1b8] Baseline: 27 pre-existing media tile(s) of 27 mounted (kinds: image,image,image,image,image,image,image,image,image,image,image,image,image,image,image,image,image,image,image,image,image,image,image,image,image,image,image).
2026-09-05T15:19:03.996Z [4ee2e0f1-7a4a-4d27-9f68-a87dd3fc6843][fdfbd39c-aa59-4b23-a3ac-5f2ddfb5b1b8] [submit] confirmed (editor "What do you want to ", fresh tile=true).
2026-09-05T15:19:04.533Z [4ee2e0f1-7a4a-4d27-9f68-a87dd3fc6843][fdfbd39c-aa59-4b23-a3ac-5f2ddfb5b1b8] Current Workspace project URL: https://flow.google.com/project/390215dc-290f-4b92-a7f0-dd2b6651acfb?hl=en
2026-09-05T15:19:04.535Z [4ee2e0f1-7a4a-4d27-9f68-a87dd3fc6843][fdfbd39c-aa59-4b23-a3ac-5f2ddfb5b1b8] Submitted ✓ Detecting batch size...
2026-09-05T15:19:04.562Z [4ee2e0f1-7a4a-4d27-9f68-a87dd3fc6843][fdfbd39c-aa59-4b23-a3ac-5f2ddfb5b1b8] New tile(s) since submit: 0 → 4 (mounted=27)
2026-09-05T15:19:08.773Z [4ee2e0f1-7a4a-4d27-9f68-a87dd3fc6843][fdfbd39c-aa59-4b23-a3ac-5f2ddfb5b1b8] Batch size stabilised at 4 new tile(s)
2026-09-05T15:19:08.775Z [4ee2e0f1-7a4a-4d27-9f68-a87dd3fc6843][fdfbd39c-aa59-4b23-a3ac-5f2ddfb5b1b8] Batch detected: 4 item(s). Generating...
2026-09-05T15:19:08.776Z [4ee2e0f1-7a4a-4d27-9f68-a87dd3fc6843][fdfbd39c-aa59-4b23-a3ac-5f2ddfb5b1b8] Polling for 4 image item(s) (baseline=27, hasUpload=true)...
2026-09-05T15:19:08.805Z [4ee2e0f1-7a4a-4d27-9f68-a87dd3fc6843][fdfbd39c-aa59-4b23-a3ac-5f2ddfb5b1b8] Generating... 0 ready, 0 failed / 4 total (0s) image 34% [NHÂN VẬT] image 34% [NHÂN VẬT] image 34% [NHÂN VẬT] image 34% [NHÂN VẬT]
2026-09-05T15:19:11.822Z [4ee2e0f1-7a4a-4d27-9f68-a87dd3fc6843][fdfbd39c-aa59-4b23-a3ac-5f2ddfb5b1b8] Generating... 0 ready, 0 failed / 4 total (3s) image 55% [NHÂN VẬT] image 55% [NHÂN VẬT] image 55% [NHÂN VẬT] image 55% [NHÂN VẬT]
2026-09-05T15:19:14.854Z [4ee2e0f1-7a4a-4d27-9f68-a87dd3fc6843][fdfbd39c-aa59-4b23-a3ac-5f2ddfb5b1b8] Generating... 0 ready, 0 failed / 4 total (6s) image 75% [NHÂN VẬT] image 75% [NHÂN VẬT] image 75% [NHÂN VẬT] image 75% [NHÂN VẬT]
2026-09-05T15:19:17.878Z [4ee2e0f1-7a4a-4d27-9f68-a87dd3fc6843][fdfbd39c-aa59-4b23-a3ac-5f2ddfb5b1b8] Generating... 0 ready, 0 failed / 4 total (9s) image 95% [NHÂN VẬT] image 95% [NHÂN VẬT] image 95% [NHÂN VẬT] image 95% [NHÂN VẬT]
2026-09-05T15:19:20.899Z [4ee2e0f1-7a4a-4d27-9f68-a87dd3fc6843][fdfbd39c-aa59-4b23-a3ac-5f2ddfb5b1b8] Generating... 0 ready, 0 failed / 4 total (12s) image 99% [NHÂN VẬT] image 99% [NHÂN VẬT] image 99% [NHÂN VẬT] image 99% [NHÂN VẬT]
2026-09-05T15:19:23.926Z [4ee2e0f1-7a4a-4d27-9f68-a87dd3fc6843][fdfbd39c-aa59-4b23-a3ac-5f2ddfb5b1b8] Generating... 0 ready, 0 failed / 4 total (15s) image 99% [NHÂN VẬT] image 99% [NHÂN VẬT] image 99% [NHÂN VẬT] image 99% [NHÂN VẬT]
2026-09-05T15:19:26.954Z [4ee2e0f1-7a4a-4d27-9f68-a87dd3fc6843][fdfbd39c-aa59-4b23-a3ac-5f2ddfb5b1b8] Generating... 0 ready, 0 failed / 4 total (18s) image 99% [NHÂN VẬT] image 99% [NHÂN VẬT] image 99% [NHÂN VẬT] image 99% [NHÂN VẬT]
2026-09-05T15:19:29.974Z [4ee2e0f1-7a4a-4d27-9f68-a87dd3fc6843][fdfbd39c-aa59-4b23-a3ac-5f2ddfb5b1b8] Generating... 0 ready, 0 failed / 4 total (21s) image 99% [NHÂN VẬT] image 99% [NHÂN VẬT] image 99% [NHÂN VẬT] image 99% [NHÂN VẬT]
2026-09-05T15:19:32.992Z [4ee2e0f1-7a4a-4d27-9f68-a87dd3fc6843][fdfbd39c-aa59-4b23-a3ac-5f2ddfb5b1b8] Generating... 0 ready, 0 failed / 4 total (24s) image 99% [NHÂN VẬT] image 99% [NHÂN VẬT] image 99% [NHÂN VẬT] image 99% [NHÂN VẬT]
2026-09-05T15:19:36.025Z [4ee2e0f1-7a4a-4d27-9f68-a87dd3fc6843][fdfbd39c-aa59-4b23-a3ac-5f2ddfb5b1b8] Generating... 0 ready, 0 failed / 4 total (27s) image 99% [NHÂN VẬT] image 99% [NHÂN VẬT] image 99% [NHÂN VẬT]
2026-09-05T15:19:39.047Z [4ee2e0f1-7a4a-4d27-9f68-a87dd3fc6843][fdfbd39c-aa59-4b23-a3ac-5f2ddfb5b1b8] Generating... 0 ready, 0 failed / 4 total (30s) image 99% [NHÂN VẬT] image 99% [NHÂN VẬT] image 99% [NHÂN VẬT]
2026-09-05T15:19:42.087Z [4ee2e0f1-7a4a-4d27-9f68-a87dd3fc6843][fdfbd39c-aa59-4b23-a3ac-5f2ddfb5b1b8] Generating... 0 ready, 0 failed / 4 total (33s) image 99% [NHÂN VẬT] image 99% [NHÂN VẬT] [NHÂN VẬT]Arlo, Ness
2026-09-05T15:19:45.119Z [4ee2e0f1-7a4a-4d27-9f68-a87dd3fc6843][fdfbd39c-aa59-4b23-a3ac-5f2ddfb5b1b8] Generating... 1 ready, 0 failed / 4 total (36s) image 99% [NHÂN VẬT] image 99% [NHÂN VẬT]
2026-09-05T15:19:48.154Z [4ee2e0f1-7a4a-4d27-9f68-a87dd3fc6843][fdfbd39c-aa59-4b23-a3ac-5f2ddfb5b1b8] Generating... 1 ready, 0 failed / 4 total (39s) image 99% [NHÂN VẬT] [NHÂN VẬT]Arlo, Ness
2026-09-05T15:19:51.183Z [4ee2e0f1-7a4a-4d27-9f68-a87dd3fc6843][fdfbd39c-aa59-4b23-a3ac-5f2ddfb5b1b8] Generating... 2 ready, 0 failed / 4 total (42s) image 100% [NHÂN VẬT
2026-09-05T15:19:54.236Z [4ee2e0f1-7a4a-4d27-9f68-a87dd3fc6843][fdfbd39c-aa59-4b23-a3ac-5f2ddfb5b1b8] Generating... 3 ready, 0 failed / 4 total (45s)
2026-09-05T15:19:57.266Z [4ee2e0f1-7a4a-4d27-9f68-a87dd3fc6843][fdfbd39c-aa59-4b23-a3ac-5f2ddfb5b1b8] Generating... 3 ready, 0 failed / 4 total (48s)
2026-09-05T15:20:00.291Z [4ee2e0f1-7a4a-4d27-9f68-a87dd3fc6843][fdfbd39c-aa59-4b23-a3ac-5f2ddfb5b1b8] Generating... 3 ready, 0 failed / 4 total (52s)
2026-09-05T15:20:03.304Z [4ee2e0f1-7a4a-4d27-9f68-a87dd3fc6843][fdfbd39c-aa59-4b23-a3ac-5f2ddfb5b1b8] Generating... 3 ready, 0 failed / 4 total (55s)
2026-09-05T15:20:06.327Z [4ee2e0f1-7a4a-4d27-9f68-a87dd3fc6843][fdfbd39c-aa59-4b23-a3ac-5f2ddfb5b1b8] Generating... 3 ready, 0 failed / 4 total (58s)
2026-09-05T15:20:09.349Z [4ee2e0f1-7a4a-4d27-9f68-a87dd3fc6843][fdfbd39c-aa59-4b23-a3ac-5f2ddfb5b1b8] Generating... 3 ready, 0 failed / 4 total (61s)
2026-09-05T15:20:12.364Z [4ee2e0f1-7a4a-4d27-9f68-a87dd3fc6843][fdfbd39c-aa59-4b23-a3ac-5f2ddfb5b1b8] Generating... 3 ready, 0 failed / 4 total (64s)
2026-09-05T15:20:15.391Z [4ee2e0f1-7a4a-4d27-9f68-a87dd3fc6843][fdfbd39c-aa59-4b23-a3ac-5f2ddfb5b1b8] Generating... 3 ready, 0 failed / 4 total (67s)
2026-09-05T15:20:18.421Z [4ee2e0f1-7a4a-4d27-9f68-a87dd3fc6843][fdfbd39c-aa59-4b23-a3ac-5f2ddfb5b1b8] Generating... 3 ready, 0 failed / 4 total (70s)
2026-09-05T15:20:21.440Z [4ee2e0f1-7a4a-4d27-9f68-a87dd3fc6843][fdfbd39c-aa59-4b23-a3ac-5f2ddfb5b1b8] Generating... 3 ready, 0 failed / 4 total (73s)
2026-09-05T15:20:24.459Z [4ee2e0f1-7a4a-4d27-9f68-a87dd3fc6843][fdfbd39c-aa59-4b23-a3ac-5f2ddfb5b1b8] Generating... 3 ready, 0 failed / 4 total (76s)
2026-09-05T15:20:27.480Z [4ee2e0f1-7a4a-4d27-9f68-a87dd3fc6843][fdfbd39c-aa59-4b23-a3ac-5f2ddfb5b1b8] Generating... 3 ready, 0 failed / 4 total (79s)
2026-09-05T15:20:30.501Z [4ee2e0f1-7a4a-4d27-9f68-a87dd3fc6843][fdfbd39c-aa59-4b23-a3ac-5f2ddfb5b1b8] Generating... 3 ready, 0 failed / 4 total (82s)
2026-09-05T15:20:33.512Z [4ee2e0f1-7a4a-4d27-9f68-a87dd3fc6843][fdfbd39c-aa59-4b23-a3ac-5f2ddfb5b1b8] Generating... 3 ready, 0 failed / 4 total (85s)
2026-09-05T15:20:36.528Z [4ee2e0f1-7a4a-4d27-9f68-a87dd3fc6843][fdfbd39c-aa59-4b23-a3ac-5f2ddfb5b1b8] Generating... 3 ready, 0 failed / 4 total (88s)
2026-09-05T15:20:39.542Z [4ee2e0f1-7a4a-4d27-9f68-a87dd3fc6843][fdfbd39c-aa59-4b23-a3ac-5f2ddfb5b1b8] Generating... 3 ready, 0 failed / 4 total (91s)
2026-09-05T15:20:42.560Z [4ee2e0f1-7a4a-4d27-9f68-a87dd3fc6843][fdfbd39c-aa59-4b23-a3ac-5f2ddfb5b1b8] Generating... 3 ready, 0 failed / 4 total (94s)
2026-09-05T15:20:45.567Z [4ee2e0f1-7a4a-4d27-9f68-a87dd3fc6843][fdfbd39c-aa59-4b23-a3ac-5f2ddfb5b1b8] Generating... 3 ready, 0 failed / 4 total (97s)
2026-09-05T15:20:48.591Z [4ee2e0f1-7a4a-4d27-9f68-a87dd3fc6843][fdfbd39c-aa59-4b23-a3ac-5f2ddfb5b1b8] Generating... 3 ready, 0 failed / 4 total (100s)
2026-09-05T15:20:51.617Z [4ee2e0f1-7a4a-4d27-9f68-a87dd3fc6843][fdfbd39c-aa59-4b23-a3ac-5f2ddfb5b1b8] Generating... 3 ready, 0 failed / 4 total (103s)
2026-09-05T15:20:54.644Z [4ee2e0f1-7a4a-4d27-9f68-a87dd3fc6843][fdfbd39c-aa59-4b23-a3ac-5f2ddfb5b1b8] Generating... 3 ready, 0 failed / 4 total (106s)
2026-09-05T15:20:57.658Z [4ee2e0f1-7a4a-4d27-9f68-a87dd3fc6843][fdfbd39c-aa59-4b23-a3ac-5f2ddfb5b1b8] Generating... 3 ready, 0 failed / 4 total (109s)
2026-09-05T15:21:00.669Z [4ee2e0f1-7a4a-4d27-9f68-a87dd3fc6843][fdfbd39c-aa59-4b23-a3ac-5f2ddfb5b1b8] Generating... 3 ready, 0 failed / 4 total (112s)
2026-09-05T15:21:03.690Z [4ee2e0f1-7a4a-4d27-9f68-a87dd3fc6843][fdfbd39c-aa59-4b23-a3ac-5f2ddfb5b1b8] Generating... 3 ready, 0 failed / 4 total (115s)
2026-09-05T15:21:06.716Z [4ee2e0f1-7a4a-4d27-9f68-a87dd3fc6843][fdfbd39c-aa59-4b23-a3ac-5f2ddfb5b1b8] Generating... 3 ready, 0 failed / 4 total (118s)
2026-09-05T15:21:09.739Z [4ee2e0f1-7a4a-4d27-9f68-a87dd3fc6843][fdfbd39c-aa59-4b23-a3ac-5f2ddfb5b1b8] Generating... 3 ready, 0 failed / 4 total (121s)
2026-09-05T15:21:12.752Z [4ee2e0f1-7a4a-4d27-9f68-a87dd3fc6843][fdfbd39c-aa59-4b23-a3ac-5f2ddfb5b1b8] Generating... 3 ready, 0 failed / 4 total (124s)
2026-09-05T15:21:15.777Z [4ee2e0f1-7a4a-4d27-9f68-a87dd3fc6843][fdfbd39c-aa59-4b23-a3ac-5f2ddfb5b1b8] Generating... 3 ready, 0 failed / 4 total (127s)
2026-09-05T15:21:18.797Z [4ee2e0f1-7a4a-4d27-9f68-a87dd3fc6843][fdfbd39c-aa59-4b23-a3ac-5f2ddfb5b1b8] Generating... 3 ready, 0 failed / 4 total (130s)
2026-09-05T15:21:21.815Z [4ee2e0f1-7a4a-4d27-9f68-a87dd3fc6843][fdfbd39c-aa59-4b23-a3ac-5f2ddfb5b1b8] Generating... 3 ready, 0 failed / 4 total (133s)
2026-09-05T15:21:24.841Z [4ee2e0f1-7a4a-4d27-9f68-a87dd3fc6843][fdfbd39c-aa59-4b23-a3ac-5f2ddfb5b1b8] Generating... 3 ready, 0 failed / 4 total (136s)
2026-09-05T15:21:27.858Z [4ee2e0f1-7a4a-4d27-9f68-a87dd3fc6843][fdfbd39c-aa59-4b23-a3ac-5f2ddfb5b1b8] Generating... 3 ready, 0 failed / 4 total (139s)
2026-09-05T15:21:30.887Z [4ee2e0f1-7a4a-4d27-9f68-a87dd3fc6843][fdfbd39c-aa59-4b23-a3ac-5f2ddfb5b1b8] Generating... 3 ready, 0 failed / 4 total (142s)
2026-09-05T15:21:33.915Z [4ee2e0f1-7a4a-4d27-9f68-a87dd3fc6843][fdfbd39c-aa59-4b23-a3ac-5f2ddfb5b1b8] Generating... 3 ready, 0 failed / 4 total (145s)
2026-09-05T15:21:36.939Z [4ee2e0f1-7a4a-4d27-9f68-a87dd3fc6843][fdfbd39c-aa59-4b23-a3ac-5f2ddfb5b1b8] Generating... 3 ready, 0 failed / 4 total (148s)
2026-09-05T15:21:39.953Z [4ee2e0f1-7a4a-4d27-9f68-a87dd3fc6843][fdfbd39c-aa59-4b23-a3ac-5f2ddfb5b1b8] Generating... 3 ready, 0 failed / 4 total (151s)
2026-09-05T15:21:42.964Z [4ee2e0f1-7a4a-4d27-9f68-a87dd3fc6843][fdfbd39c-aa59-4b23-a3ac-5f2ddfb5b1b8] Generating... 3 ready, 0 failed / 4 total (154s)
2026-09-05T15:21:45.980Z [4ee2e0f1-7a4a-4d27-9f68-a87dd3fc6843][fdfbd39c-aa59-4b23-a3ac-5f2ddfb5b1b8] Generating... 3 ready, 0 failed / 4 total (157s)
2026-09-05T15:21:48.993Z [4ee2e0f1-7a4a-4d27-9f68-a87dd3fc6843][fdfbd39c-aa59-4b23-a3ac-5f2ddfb5b1b8] Generating... 3 ready, 0 failed / 4 total (160s)
2026-09-05T15:21:52.013Z [4ee2e0f1-7a4a-4d27-9f68-a87dd3fc6843][fdfbd39c-aa59-4b23-a3ac-5f2ddfb5b1b8] Generating... 3 ready, 0 failed / 4 total (163s)
2026-09-05T15:21:55.035Z [4ee2e0f1-7a4a-4d27-9f68-a87dd3fc6843][fdfbd39c-aa59-4b23-a3ac-5f2ddfb5b1b8] Generating... 3 ready, 0 failed / 4 total (166s)
2026-09-05T15:21:58.051Z [4ee2e0f1-7a4a-4d27-9f68-a87dd3fc6843][fdfbd39c-aa59-4b23-a3ac-5f2ddfb5b1b8] Generating... 3 ready, 0 failed / 4 total (169s)
2026-09-05T15:22:01.066Z [4ee2e0f1-7a4a-4d27-9f68-a87dd3fc6843][fdfbd39c-aa59-4b23-a3ac-5f2ddfb5b1b8] Generating... 3 ready, 0 failed / 4 total (172s)
2026-09-05T15:22:04.079Z [4ee2e0f1-7a4a-4d27-9f68-a87dd3fc6843][fdfbd39c-aa59-4b23-a3ac-5f2ddfb5b1b8] Generating... 3 ready, 0 failed / 4 total (175s)
2026-09-05T15:22:07.095Z [4ee2e0f1-7a4a-4d27-9f68-a87dd3fc6843][fdfbd39c-aa59-4b23-a3ac-5f2ddfb5b1b8] Generating... 3 ready, 0 failed / 4 total (178s)
2026-09-05T15:22:10.097Z [4ee2e0f1-7a4a-4d27-9f68-a87dd3fc6843][fdfbd39c-aa59-4b23-a3ac-5f2ddfb5b1b8] Poll ended with 3/4 ready — salvaging the completed item(s).
2026-09-05T15:22:10.098Z [4ee2e0f1-7a4a-4d27-9f68-a87dd3fc6843][fdfbd39c-aa59-4b23-a3ac-5f2ddfb5b1b8] 3 item(s) ready! Downloading...
2026-09-05T15:22:10.099Z [4ee2e0f1-7a4a-4d27-9f68-a87dd3fc6843][fdfbd39c-aa59-4b23-a3ac-5f2ddfb5b1b8] Item 1: Downloading from URL https://flow-content.google/image/0ef0d0b0-56fa-48de-80ef-8c938a69b4b5?Expires=1788643145&KeyName=labs-flow-prod-cdn-key&Signature=gPXqqWa8hi2oUhla-ousS0GUEzQ
2026-09-05T15:22:10.519Z [4ee2e0f1-7a4a-4d27-9f68-a87dd3fc6843][fdfbd39c-aa59-4b23-a3ac-5f2ddfb5b1b8] Downloaded 1/3: winai_2026-09-05T15-22-10_01.jpg
2026-09-05T15:22:10.522Z [4ee2e0f1-7a4a-4d27-9f68-a87dd3fc6843][fdfbd39c-aa59-4b23-a3ac-5f2ddfb5b1b8] Item 2: Downloading from URL https://flow-content.google/image/4e2190ce-4334-43ac-9059-6c71c363329c?Expires=1788643143&KeyName=labs-flow-prod-cdn-key&Signature=0X9U8MjNFlAD3dR7PiBkUOo0_mQ
2026-09-05T15:22:10.645Z [4ee2e0f1-7a4a-4d27-9f68-a87dd3fc6843][fdfbd39c-aa59-4b23-a3ac-5f2ddfb5b1b8] Downloaded 2/3: winai_2026-09-05T15-22-10_02.jpg
2026-09-05T15:22:10.646Z [4ee2e0f1-7a4a-4d27-9f68-a87dd3fc6843][fdfbd39c-aa59-4b23-a3ac-5f2ddfb5b1b8] Item 3: Downloading from URL https://flow-content.google/image/cf05e5bc-c88c-4463-a5ba-4bef93c4cc52?Expires=1788643143&KeyName=labs-flow-prod-cdn-key&Signature=X6p7XulDZZdOopSKlv_K3b1XSHo
2026-09-05T15:22:10.763Z [4ee2e0f1-7a4a-4d27-9f68-a87dd3fc6843][fdfbd39c-aa59-4b23-a3ac-5f2ddfb5b1b8] Downloaded 3/3: winai_2026-09-05T15-22-10_03.jpg
2026-09-05T15:22:10.763Z [4ee2e0f1-7a4a-4d27-9f68-a87dd3fc6843][fdfbd39c-aa59-4b23-a3ac-5f2ddfb5b1b8] ✅ 3 item(s) saved to Downloads/Win AI Toolkit/
2026-09-05T15:22:10.972Z [a1d82a3d-1fdd-4371-a2c5-a96633f16d65][fdfbd39c-aa59-4b23-a3ac-5f2ddfb5b1b8] runGeneration starting: task_id=a1d82a3d-1fdd-4371-a2c5-a96633f16d65, profile_id=fdfbd39c-aa59-4b23-a3ac-5f2ddfb5b1b8, target_site=google_flow
2026-09-05T15:22:10.976Z [a1d82a3d-1fdd-4371-a2c5-a96633f16d65][fdfbd39c-aa59-4b23-a3ac-5f2ddfb5b1b8] Opening Playwright browser with persistent profile cookies...
2026-09-05T15:22:10.977Z [a1d82a3d-1fdd-4371-a2c5-a96633f16d65][fdfbd39c-aa59-4b23-a3ac-5f2ddfb5b1b8] Browser engine: winhide (C:\Users\MienTrungComputer\AppData\Roaming\com.tank.winai\winhide\chrome.exe) [hidden off-screen]
2026-09-05T15:22:10.978Z [a1d82a3d-1fdd-4371-a2c5-a96633f16d65][fdfbd39c-aa59-4b23-a3ac-5f2ddfb5b1b8] Launch mode: STEALTH (raw spawn + connectOverCDP)
2026-09-05T15:22:11.417Z [4ee2e0f1-7a4a-4d27-9f68-a87dd3fc6843][fdfbd39c-aa59-4b23-a3ac-5f2ddfb5b1b8] Item 3: Uploaded → https://studio.xanhmedia.vn/uploads/2026-09/1788621730386_124b7e_fdfbd39c-aa59-4b23-a3ac-5f2ddfb5b1b8_4ee.jpg
2026-09-05T15:22:11.420Z [4ee2e0f1-7a4a-4d27-9f68-a87dd3fc6843][fdfbd39c-aa59-4b23-a3ac-5f2ddfb5b1b8] Item 2: Uploaded → https://studio.xanhmedia.vn/uploads/2026-09/1788621730389_553060_fdfbd39c-aa59-4b23-a3ac-5f2ddfb5b1b8_4ee.jpg
2026-09-05T15:22:11.422Z [4ee2e0f1-7a4a-4d27-9f68-a87dd3fc6843][fdfbd39c-aa59-4b23-a3ac-5f2ddfb5b1b8] Item 1: Uploaded → https://studio.xanhmedia.vn/uploads/2026-09/1788621730392_5630f6_fdfbd39c-aa59-4b23-a3ac-5f2ddfb5b1b8_4ee.jpg
2026-09-05T15:22:11.429Z [4ee2e0f1-7a4a-4d27-9f68-a87dd3fc6843][fdfbd39c-aa59-4b23-a3ac-5f2ddfb5b1b8] All done (including any 1080p upgrades). Closing Playwright browser context.
2026-09-05T15:22:13.349Z [a1d82a3d-1fdd-4371-a2c5-a96633f16d65][fdfbd39c-aa59-4b23-a3ac-5f2ddfb5b1b8] Exit IP: 125.212.158.158
2026-09-05T15:22:13.352Z [a1d82a3d-1fdd-4371-a2c5-a96633f16d65][fdfbd39c-aa59-4b23-a3ac-5f2ddfb5b1b8] Navigating browser to Google Flow tools page...
2026-09-05T15:22:13.353Z [a1d82a3d-1fdd-4371-a2c5-a96633f16d65][fdfbd39c-aa59-4b23-a3ac-5f2ddfb5b1b8] Using existing project URL: https://flow.google.com/project/390215dc-290f-4b92-a7f0-dd2b6651acfb?hl=en
2026-09-05T15:22:14.291Z [a1d82a3d-1fdd-4371-a2c5-a96633f16d65][fdfbd39c-aa59-4b23-a3ac-5f2ddfb5b1b8] Waiting for Google Flow...
2026-09-05T15:22:15.886Z [a1d82a3d-1fdd-4371-a2c5-a96633f16d65][fdfbd39c-aa59-4b23-a3ac-5f2ddfb5b1b8] In existing project ✓
2026-09-05T15:22:17.155Z [a1d82a3d-1fdd-4371-a2c5-a96633f16d65][fdfbd39c-aa59-4b23-a3ac-5f2ddfb5b1b8] dismissPopups: unresolved overlay(s) ["IFRAME[presentation]|btns="]
2026-09-05T15:22:19.192Z [a1d82a3d-1fdd-4371-a2c5-a96633f16d65][fdfbd39c-aa59-4b23-a3ac-5f2ddfb5b1b8] Composer ready ✓ (UI language: en)
2026-09-05T15:22:19.240Z [a1d82a3d-1fdd-4371-a2c5-a96633f16d65][fdfbd39c-aa59-4b23-a3ac-5f2ddfb5b1b8] dismissPopups: clicked "Dismiss credit banner" (overlay)
2026-09-05T15:22:19.761Z [a1d82a3d-1fdd-4371-a2c5-a96633f16d65][fdfbd39c-aa59-4b23-a3ac-5f2ddfb5b1b8] dismissPopups: unresolved overlay(s) ["DIV[]|btns=","DIV[]|btns="]
2026-09-05T15:22:19.783Z [a1d82a3d-1fdd-4371-a2c5-a96633f16d65][fdfbd39c-aa59-4b23-a3ac-5f2ddfb5b1b8] Agent toggle aria-pressed=false
2026-09-05T15:22:19.783Z [a1d82a3d-1fdd-4371-a2c5-a96633f16d65][fdfbd39c-aa59-4b23-a3ac-5f2ddfb5b1b8] Opening settings...
2026-09-05T15:22:21.722Z [a1d82a3d-1fdd-4371-a2c5-a96633f16d65][fdfbd39c-aa59-4b23-a3ac-5f2ddfb5b1b8] Configuring image settings...
2026-09-05T15:22:23.653Z [a1d82a3d-1fdd-4371-a2c5-a96633f16d65][fdfbd39c-aa59-4b23-a3ac-5f2ddfb5b1b8] Mode: selected "image Image" ✓
2026-09-05T15:22:28.278Z [a1d82a3d-1fdd-4371-a2c5-a96633f16d65][fdfbd39c-aa59-4b23-a3ac-5f2ddfb5b1b8] Model: selected "🍌 Nano Banana 2" ✓
2026-09-05T15:22:28.968Z [a1d82a3d-1fdd-4371-a2c5-a96633f16d65][fdfbd39c-aa59-4b23-a3ac-5f2ddfb5b1b8] Aspect ratio: "crop_16_9 16:9" already selected ✓
2026-09-05T15:22:30.701Z [a1d82a3d-1fdd-4371-a2c5-a96633f16d65][fdfbd39c-aa59-4b23-a3ac-5f2ddfb5b1b8] Output count: selected "x4" ✓
2026-09-05T15:22:31.975Z [a1d82a3d-1fdd-4371-a2c5-a96633f16d65][fdfbd39c-aa59-4b23-a3ac-5f2ddfb5b1b8] Ref image 1/4: downloading from URL...
2026-09-05T15:22:32.284Z [a1d82a3d-1fdd-4371-a2c5-a96633f16d65][fdfbd39c-aa59-4b23-a3ac-5f2ddfb5b1b8] Downloader: no-proxy request context ready.
2026-09-05T15:22:32.868Z [a1d82a3d-1fdd-4371-a2c5-a96633f16d65][fdfbd39c-aa59-4b23-a3ac-5f2ddfb5b1b8] Ref image 1/4: saved 566164 bytes (image/jpeg) as "Arlo Vale Color Pool War Swim.jpeg"
2026-09-05T15:22:32.870Z [a1d82a3d-1fdd-4371-a2c5-a96633f16d65][fdfbd39c-aa59-4b23-a3ac-5f2ddfb5b1b8] Ref image 1/4: attaching reference image...
2026-09-05T15:22:35.193Z [a1d82a3d-1fdd-4371-a2c5-a96633f16d65][fdfbd39c-aa59-4b23-a3ac-5f2ddfb5b1b8] Ref image 1/4: reusing library asset "Arlo Vale Color Pool War Swim.jpeg" (no re-upload).
2026-09-05T15:22:38.901Z [a1d82a3d-1fdd-4371-a2c5-a96633f16d65][fdfbd39c-aa59-4b23-a3ac-5f2ddfb5b1b8] Ref image 1/4: chips 0→1 ✓
2026-09-05T15:22:39.827Z [a1d82a3d-1fdd-4371-a2c5-a96633f16d65][fdfbd39c-aa59-4b23-a3ac-5f2ddfb5b1b8] Ref image 2/4: downloading from URL...
2026-09-05T15:22:40.193Z [a1d82a3d-1fdd-4371-a2c5-a96633f16d65][fdfbd39c-aa59-4b23-a3ac-5f2ddfb5b1b8] Ref image 2/4: saved 648250 bytes (image/jpeg) as "Nessa Vale Color Pool War Swim.jpeg"
2026-09-05T15:22:40.197Z [a1d82a3d-1fdd-4371-a2c5-a96633f16d65][fdfbd39c-aa59-4b23-a3ac-5f2ddfb5b1b8] Ref image 2/4: attaching reference image...
2026-09-05T15:22:42.390Z [a1d82a3d-1fdd-4371-a2c5-a96633f16d65][fdfbd39c-aa59-4b23-a3ac-5f2ddfb5b1b8] Ref image 2/4: reusing library asset "Nessa Vale Color Pool War Swim.jpeg" (no re-upload).
2026-09-05T15:22:46.544Z [a1d82a3d-1fdd-4371-a2c5-a96633f16d65][fdfbd39c-aa59-4b23-a3ac-5f2ddfb5b1b8] Ref image 2/4: chips 1→2 ✓
2026-09-05T15:22:48.020Z [a1d82a3d-1fdd-4371-a2c5-a96633f16d65][fdfbd39c-aa59-4b23-a3ac-5f2ddfb5b1b8] Ref image 3/4: downloading from URL...
2026-09-05T15:22:48.399Z [a1d82a3d-1fdd-4371-a2c5-a96633f16d65][fdfbd39c-aa59-4b23-a3ac-5f2ddfb5b1b8] Ref image 3/4: saved 585044 bytes (image/jpeg) as "Arlo Family Inflatable Pool Progress Set.jpeg"
2026-09-05T15:22:48.406Z [a1d82a3d-1fdd-4371-a2c5-a96633f16d65][fdfbd39c-aa59-4b23-a3ac-5f2ddfb5b1b8] Ref image 3/4: attaching reference image...
2026-09-05T15:22:50.763Z [a1d82a3d-1fdd-4371-a2c5-a96633f16d65][fdfbd39c-aa59-4b23-a3ac-5f2ddfb5b1b8] Ref image 3/4: reusing library asset "Arlo Family Inflatable Pool Progress Set.jpeg" (no re-upload).
2026-09-05T15:22:54.259Z [a1d82a3d-1fdd-4371-a2c5-a96633f16d65][fdfbd39c-aa59-4b23-a3ac-5f2ddfb5b1b8] Ref image 3/4: chips 2→3 ✓
2026-09-05T15:22:55.333Z [a1d82a3d-1fdd-4371-a2c5-a96633f16d65][fdfbd39c-aa59-4b23-a3ac-5f2ddfb5b1b8] Ref image 4/4: downloading from URL...
2026-09-05T15:22:55.704Z [a1d82a3d-1fdd-4371-a2c5-a96633f16d65][fdfbd39c-aa59-4b23-a3ac-5f2ddfb5b1b8] Ref image 4/4: saved 542888 bytes (image/jpeg) as "Colorful Pool Slide Blue Protective Mat Set.jpeg"
2026-09-05T15:22:55.711Z [a1d82a3d-1fdd-4371-a2c5-a96633f16d65][fdfbd39c-aa59-4b23-a3ac-5f2ddfb5b1b8] Ref image 4/4: attaching reference image...
2026-09-05T15:22:58.377Z [a1d82a3d-1fdd-4371-a2c5-a96633f16d65][fdfbd39c-aa59-4b23-a3ac-5f2ddfb5b1b8] Ref image 4/4: reusing library asset "Colorful Pool Slide Blue Protective Mat Set.jpeg" (no re-upload).
2026-09-05T15:23:01.466Z [a1d82a3d-1fdd-4371-a2c5-a96633f16d65][fdfbd39c-aa59-4b23-a3ac-5f2ddfb5b1b8] Ref image 4/4: chips 3→4 ✓
2026-09-05T15:23:01.481Z [a1d82a3d-1fdd-4371-a2c5-a96633f16d65][fdfbd39c-aa59-4b23-a3ac-5f2ddfb5b1b8] Entering prompt...
2026-09-05T15:23:03.250Z [a1d82a3d-1fdd-4371-a2c5-a96633f16d65][fdfbd39c-aa59-4b23-a3ac-5f2ddfb5b1b8] Prompt is 2294 chars — typing it in 26 chunk(s).
2026-09-05T15:23:15.079Z [a1d82a3d-1fdd-4371-a2c5-a96633f16d65][fdfbd39c-aa59-4b23-a3ac-5f2ddfb5b1b8] Prompt insert attempt 1: editor has 2161 chars (want ~2288) ✓
2026-09-05T15:23:16.889Z [a1d82a3d-1fdd-4371-a2c5-a96633f16d65][fdfbd39c-aa59-4b23-a3ac-5f2ddfb5b1b8] Baseline: 27 pre-existing media tile(s) of 27 mounted (kinds: image,image,image,image,image,image,image,image,image,image,image,image,image,image,image,image,image,image,image,image,image,image,image,image,image,image,image).
2026-09-05T15:23:19.283Z [a1d82a3d-1fdd-4371-a2c5-a96633f16d65][fdfbd39c-aa59-4b23-a3ac-5f2ddfb5b1b8] [submit] confirmed (editor "What do you want to ", fresh tile=true).
2026-09-05T15:23:19.723Z [a1d82a3d-1fdd-4371-a2c5-a96633f16d65][fdfbd39c-aa59-4b23-a3ac-5f2ddfb5b1b8] Current Workspace project URL: https://flow.google.com/project/390215dc-290f-4b92-a7f0-dd2b6651acfb?hl=en
2026-09-05T15:23:19.726Z [a1d82a3d-1fdd-4371-a2c5-a96633f16d65][fdfbd39c-aa59-4b23-a3ac-5f2ddfb5b1b8] Submitted ✓ Detecting batch size...
2026-09-05T15:23:19.766Z [a1d82a3d-1fdd-4371-a2c5-a96633f16d65][fdfbd39c-aa59-4b23-a3ac-5f2ddfb5b1b8] New tile(s) since submit: 0 → 4 (mounted=27)
2026-09-05T15:23:24.121Z [a1d82a3d-1fdd-4371-a2c5-a96633f16d65][fdfbd39c-aa59-4b23-a3ac-5f2ddfb5b1b8] Batch size stabilised at 4 new tile(s)
2026-09-05T15:23:24.122Z [a1d82a3d-1fdd-4371-a2c5-a96633f16d65][fdfbd39c-aa59-4b23-a3ac-5f2ddfb5b1b8] Batch detected: 4 item(s). Generating...
2026-09-05T15:23:24.123Z [a1d82a3d-1fdd-4371-a2c5-a96633f16d65][fdfbd39c-aa59-4b23-a3ac-5f2ddfb5b1b8] Polling for 4 image item(s) (baseline=27, hasUpload=true)...
2026-09-05T15:23:24.147Z [a1d82a3d-1fdd-4371-a2c5-a96633f16d65][fdfbd39c-aa59-4b23-a3ac-5f2ddfb5b1b8] Generating... 0 ready, 0 failed / 4 total (0s) image 34% [NHÂN VẬT] image 34% [NHÂN VẬT] image 34% [NHÂN VẬT] image 34% [NHÂN VẬT]
2026-09-05T15:23:27.160Z [a1d82a3d-1fdd-4371-a2c5-a96633f16d65][fdfbd39c-aa59-4b23-a3ac-5f2ddfb5b1b8] Generating... 0 ready, 0 failed / 4 total (3s) image 54% [NHÂN VẬT] image 54% [NHÂN VẬT] image 54% [NHÂN VẬT] image 54% [NHÂN VẬT]
2026-09-05T15:23:30.190Z [a1d82a3d-1fdd-4371-a2c5-a96633f16d65][fdfbd39c-aa59-4b23-a3ac-5f2ddfb5b1b8] Generating... 0 ready, 0 failed / 4 total (6s) image 74% [NHÂN VẬT] image 74% [NHÂN VẬT] image 74% [NHÂN VẬT] image 74% [NHÂN VẬT]
2026-09-05T15:23:33.207Z [a1d82a3d-1fdd-4371-a2c5-a96633f16d65][fdfbd39c-aa59-4b23-a3ac-5f2ddfb5b1b8] Generating... 0 ready, 0 failed / 4 total (9s) image 95% [NHÂN VẬT] image 95% [NHÂN VẬT] image 95% [NHÂN VẬT] image 95% [NHÂN VẬT]
2026-09-05T15:23:36.233Z [a1d82a3d-1fdd-4371-a2c5-a96633f16d65][fdfbd39c-aa59-4b23-a3ac-5f2ddfb5b1b8] Generating... 0 ready, 0 failed / 4 total (12s) image 99% [NHÂN VẬT] image 99% [NHÂN VẬT] image 99% [NHÂN VẬT] image 99% [NHÂN VẬT]
2026-09-05T15:23:39.256Z [a1d82a3d-1fdd-4371-a2c5-a96633f16d65][fdfbd39c-aa59-4b23-a3ac-5f2ddfb5b1b8] Generating... 0 ready, 0 failed / 4 total (15s) image 99% [NHÂN VẬT] image 99% [NHÂN VẬT] image 99% [NHÂN VẬT] image 99% [NHÂN VẬT]
2026-09-05T15:23:42.286Z [a1d82a3d-1fdd-4371-a2c5-a96633f16d65][fdfbd39c-aa59-4b23-a3ac-5f2ddfb5b1b8] Generating... 0 ready, 0 failed / 4 total (18s) image 99% [NHÂN VẬT] image 99% [NHÂN VẬT] image 99% [NHÂN VẬT] image 99% [NHÂN VẬT]
2026-09-05T15:23:45.321Z [a1d82a3d-1fdd-4371-a2c5-a96633f16d65][fdfbd39c-aa59-4b23-a3ac-5f2ddfb5b1b8] Generating... 0 ready, 0 failed / 4 total (21s) image 99% [NHÂN VẬT] image 99% [NHÂN VẬT] image 99% [NHÂN VẬT] image 99% [NHÂN VẬT]
2026-09-05T15:23:48.367Z [a1d82a3d-1fdd-4371-a2c5-a96633f16d65][fdfbd39c-aa59-4b23-a3ac-5f2ddfb5b1b8] Generating... 0 ready, 0 failed / 4 total (24s) image 99% [NHÂN VẬT] image 99% [NHÂN VẬT] image 99% [NHÂN VẬT] image 99% [NHÂN VẬT]
2026-09-05T15:23:51.388Z [a1d82a3d-1fdd-4371-a2c5-a96633f16d65][fdfbd39c-aa59-4b23-a3ac-5f2ddfb5b1b8] Generating... 0 ready, 0 failed / 4 total (27s) image 99% [NHÂN VẬT] image 99% [NHÂN VẬT] image 99% [NHÂN VẬT] [NHÂN VẬT]Arlo, Ness
2026-09-05T15:23:54.427Z [a1d82a3d-1fdd-4371-a2c5-a96633f16d65][fdfbd39c-aa59-4b23-a3ac-5f2ddfb5b1b8] Generating... 1 ready, 0 failed / 4 total (30s) [NHÂN VẬT]Arlo, Ness image 99% [NHÂN VẬT] image 99% [NHÂN VẬT]
2026-09-05T15:23:57.442Z [a1d82a3d-1fdd-4371-a2c5-a96633f16d65][fdfbd39c-aa59-4b23-a3ac-5f2ddfb5b1b8] Generating... 2 ready, 0 failed / 4 total (33s) image 99% [NHÂN VẬT] image 99% [NHÂN VẬT]
2026-09-05T15:24:00.476Z [a1d82a3d-1fdd-4371-a2c5-a96633f16d65][fdfbd39c-aa59-4b23-a3ac-5f2ddfb5b1b8] Generating... 2 ready, 0 failed / 4 total (36s) [NHÂN VẬT]Arlo, Ness image 99% [NHÂN VẬT]
2026-09-05T15:24:03.506Z [a1d82a3d-1fdd-4371-a2c5-a96633f16d65][fdfbd39c-aa59-4b23-a3ac-5f2ddfb5b1b8] Generating... 3 ready, 0 failed / 4 total (39s) image 99% [NHÂN VẬT]
2026-09-05T15:24:06.562Z [a1d82a3d-1fdd-4371-a2c5-a96633f16d65][fdfbd39c-aa59-4b23-a3ac-5f2ddfb5b1b8] Generating... 3 ready, 0 failed / 4 total (42s) image 99% [NHÂN VẬT]
2026-09-05T15:24:09.595Z [a1d82a3d-1fdd-4371-a2c5-a96633f16d65][fdfbd39c-aa59-4b23-a3ac-5f2ddfb5b1b8] Generating... 3 ready, 0 failed / 4 total (45s) image 100% [NHÂN VẬT
2026-09-05T15:24:12.640Z [a1d82a3d-1fdd-4371-a2c5-a96633f16d65][fdfbd39c-aa59-4b23-a3ac-5f2ddfb5b1b8] Generating... 3 ready, 0 failed / 4 total (49s) [NHÂN VẬT]Arlo, Ness
2026-09-05T15:24:15.666Z [a1d82a3d-1fdd-4371-a2c5-a96633f16d65][fdfbd39c-aa59-4b23-a3ac-5f2ddfb5b1b8] Generating... 4 ready, 0 failed / 4 total (52s)
2026-09-05T15:24:15.666Z [a1d82a3d-1fdd-4371-a2c5-a96633f16d65][fdfbd39c-aa59-4b23-a3ac-5f2ddfb5b1b8] Batch done: 4 ready (target 4), 0 failed, scanned 4.
2026-09-05T15:24:15.667Z [a1d82a3d-1fdd-4371-a2c5-a96633f16d65][fdfbd39c-aa59-4b23-a3ac-5f2ddfb5b1b8] 4 item(s) ready! Downloading...
2026-09-05T15:24:15.670Z [a1d82a3d-1fdd-4371-a2c5-a96633f16d65][fdfbd39c-aa59-4b23-a3ac-5f2ddfb5b1b8] Item 1: Downloading from URL https://flow-content.google/image/4ca92940-3c5f-423f-826b-f7736b8fcd67?Expires=1788643400&KeyName=labs-flow-prod-cdn-key&Signature=19rlJ95F0-UdPEgnUDu0iDqxhAw
2026-09-05T15:24:15.973Z [a1d82a3d-1fdd-4371-a2c5-a96633f16d65][fdfbd39c-aa59-4b23-a3ac-5f2ddfb5b1b8] Downloaded 1/4: winai_2026-09-05T15-24-15_01.jpg
2026-09-05T15:24:15.985Z [a1d82a3d-1fdd-4371-a2c5-a96633f16d65][fdfbd39c-aa59-4b23-a3ac-5f2ddfb5b1b8] Item 2: Downloading from URL https://flow-content.google/image/b35901a8-d0e2-44be-bf64-f01dcd659aff?Expires=1788643399&KeyName=labs-flow-prod-cdn-key&Signature=R-kiaIHGk0HF8ejU-dXGbH1af64
2026-09-05T15:24:16.092Z [a1d82a3d-1fdd-4371-a2c5-a96633f16d65][fdfbd39c-aa59-4b23-a3ac-5f2ddfb5b1b8] Downloaded 2/4: winai_2026-09-05T15-24-15_02.jpg
2026-09-05T15:24:16.092Z [a1d82a3d-1fdd-4371-a2c5-a96633f16d65][fdfbd39c-aa59-4b23-a3ac-5f2ddfb5b1b8] Item 3: Downloading from URL https://flow-content.google/image/921a5332-33bc-4316-869e-f52d8238881d?Expires=1788643398&KeyName=labs-flow-prod-cdn-key&Signature=AjRpsDV1J-ibD5QeBJAsWlOnzOo
2026-09-05T15:24:16.206Z [a1d82a3d-1fdd-4371-a2c5-a96633f16d65][fdfbd39c-aa59-4b23-a3ac-5f2ddfb5b1b8] Downloaded 3/4: winai_2026-09-05T15-24-15_03.jpg
2026-09-05T15:24:16.207Z [a1d82a3d-1fdd-4371-a2c5-a96633f16d65][fdfbd39c-aa59-4b23-a3ac-5f2ddfb5b1b8] Item 4: Downloading from URL https://flow-content.google/image/2477f879-530a-4715-a14b-4741f4eabb6f?Expires=1788643398&KeyName=labs-flow-prod-cdn-key&Signature=ABkPJaTc4u39EEqbIgVt2dIb2Hg
2026-09-05T15:24:16.325Z [a1d82a3d-1fdd-4371-a2c5-a96633f16d65][fdfbd39c-aa59-4b23-a3ac-5f2ddfb5b1b8] Downloaded 4/4: winai_2026-09-05T15-24-15_04.jpg
2026-09-05T15:24:16.326Z [a1d82a3d-1fdd-4371-a2c5-a96633f16d65][fdfbd39c-aa59-4b23-a3ac-5f2ddfb5b1b8] ✅ 4 item(s) saved to Downloads/Win AI Toolkit/
2026-09-05T15:24:16.848Z [a1d82a3d-1fdd-4371-a2c5-a96633f16d65][fdfbd39c-aa59-4b23-a3ac-5f2ddfb5b1b8] Item 2: Uploaded → https://studio.xanhmedia.vn/uploads/2026-09/1788621855829_5c96a0_fdfbd39c-aa59-4b23-a3ac-5f2ddfb5b1b8_a1d.jpg
2026-09-05T15:24:16.939Z [a1d82a3d-1fdd-4371-a2c5-a96633f16d65][fdfbd39c-aa59-4b23-a3ac-5f2ddfb5b1b8] Item 3: Uploaded → https://studio.xanhmedia.vn/uploads/2026-09/1788621855921_a12297_fdfbd39c-aa59-4b23-a3ac-5f2ddfb5b1b8_a1d.jpg
2026-09-05T15:24:16.956Z [a1d82a3d-1fdd-4371-a2c5-a96633f16d65][fdfbd39c-aa59-4b23-a3ac-5f2ddfb5b1b8] Item 4: Uploaded → https://studio.xanhmedia.vn/uploads/2026-09/1788621855937_8d18db_fdfbd39c-aa59-4b23-a3ac-5f2ddfb5b1b8_a1d.jpg
2026-09-05T15:24:17.009Z [a1d82a3d-1fdd-4371-a2c5-a96633f16d65][fdfbd39c-aa59-4b23-a3ac-5f2ddfb5b1b8] Item 1: Uploaded → https://studio.xanhmedia.vn/uploads/2026-09/1788621855984_e44a0e_fdfbd39c-aa59-4b23-a3ac-5f2ddfb5b1b8_a1d.jpg
2026-09-05T15:24:17.011Z [a1d82a3d-1fdd-4371-a2c5-a96633f16d65][fdfbd39c-aa59-4b23-a3ac-5f2ddfb5b1b8] All done (including any 1080p upgrades). Closing Playwright browser context.