=== WINAI TELEMETRY LOG ===
PC: DESKTOP-8ID1E1D | User: Admin
Time: 2026-09-04T19:24:23.470054400+07:00
Reason: manual_button
Lines: 1686
===========================

2026-09-04T11:34:41.411Z [e3a16a5b-b20a-4be9-a10b-6617a1c9fcd5][6f7bf0a6-8323-4acd-b50e-b2715aa5dfaa] DIAG settings-dialog controls: []
2026-09-04T11:34:41.411Z [e3a16a5b-b20a-4be9-a10b-6617a1c9fcd5][6f7bf0a6-8323-4acd-b50e-b2715aa5dfaa] Frames tab not visible within 8s — attempting force-click anyway
2026-09-04T11:34:42.090Z [7ffb7ff4-1d40-410a-a277-a1493d4b531d][6f7bf0a6-8323-4acd-b50e-b2715aa5dfaa] DIAG settings-dialog controls: []
2026-09-04T11:34:42.091Z [7ffb7ff4-1d40-410a-a277-a1493d4b531d][6f7bf0a6-8323-4acd-b50e-b2715aa5dfaa] Frames tab not visible within 8s — attempting force-click anyway
2026-09-04T11:34:45.467Z [b476bdff-4847-4781-91f3-22ef0bba8c4b][6f7bf0a6-8323-4acd-b50e-b2715aa5dfaa] DIAG settings-dialog controls: []
2026-09-04T11:34:45.468Z [b476bdff-4847-4781-91f3-22ef0bba8c4b][6f7bf0a6-8323-4acd-b50e-b2715aa5dfaa] Frames tab not visible within 8s — attempting force-click anyway
2026-09-04T11:34:46.418Z [e3a16a5b-b20a-4be9-a10b-6617a1c9fcd5][6f7bf0a6-8323-4acd-b50e-b2715aa5dfaa] Frames tab click failed (locator.click: Timeout 5000ms exceeded.
Call log:
[2m  - waiting for locator('button:has-text("Khung hình"), [role="tab"]:has-text("Khung hình"), button:has-text("Frames"), [role="tab"]:has-text("Frames")').first()[22m
) — continuing
2026-09-04T11:34:46.971Z [7077d8b3-3ec5-4a97-8231-6c244c233b7b][6f7bf0a6-8323-4acd-b50e-b2715aa5dfaa] DIAG settings-dialog controls: []
2026-09-04T11:34:46.971Z [7077d8b3-3ec5-4a97-8231-6c244c233b7b][6f7bf0a6-8323-4acd-b50e-b2715aa5dfaa] Frames tab not visible within 8s — attempting force-click anyway
2026-09-04T11:34:47.077Z [e3a16a5b-b20a-4be9-a10b-6617a1c9fcd5][6f7bf0a6-8323-4acd-b50e-b2715aa5dfaa] Selecting aspect ratio: 16:9
2026-09-04T11:34:47.081Z [e3a16a5b-b20a-4be9-a10b-6617a1c9fcd5][6f7bf0a6-8323-4acd-b50e-b2715aa5dfaa] Aspect ratio "16:9" not found in dialog. Trying page-wide.
2026-09-04T11:34:47.098Z [7ffb7ff4-1d40-410a-a277-a1493d4b531d][6f7bf0a6-8323-4acd-b50e-b2715aa5dfaa] Frames tab click failed (locator.click: Timeout 5000ms exceeded.
Call log:
[2m  - waiting for locator('button:has-text("Khung hình"), [role="tab"]:has-text("Khung hình"), button:has-text("Frames"), [role="tab"]:has-text("Frames")').first()[22m
) — continuing
2026-09-04T11:34:47.797Z [7ffb7ff4-1d40-410a-a277-a1493d4b531d][6f7bf0a6-8323-4acd-b50e-b2715aa5dfaa] Selecting aspect ratio: 16:9
2026-09-04T11:34:47.802Z [7ffb7ff4-1d40-410a-a277-a1493d4b531d][6f7bf0a6-8323-4acd-b50e-b2715aa5dfaa] Aspect ratio "16:9" not found in dialog. Trying page-wide.
2026-09-04T11:34:50.474Z [b476bdff-4847-4781-91f3-22ef0bba8c4b][6f7bf0a6-8323-4acd-b50e-b2715aa5dfaa] Frames tab click failed (locator.click: Timeout 5000ms exceeded.
Call log:
[2m  - waiting for locator('button:has-text("Khung hình"), [role="tab"]:has-text("Khung hình"), button:has-text("Frames"), [role="tab"]:has-text("Frames")').first()[22m
) — continuing
2026-09-04T11:34:50.967Z [b476bdff-4847-4781-91f3-22ef0bba8c4b][6f7bf0a6-8323-4acd-b50e-b2715aa5dfaa] Selecting aspect ratio: 16:9
2026-09-04T11:34:50.971Z [b476bdff-4847-4781-91f3-22ef0bba8c4b][6f7bf0a6-8323-4acd-b50e-b2715aa5dfaa] Aspect ratio "16:9" not found in dialog. Trying page-wide.
2026-09-04T11:34:51.617Z [e3a16a5b-b20a-4be9-a10b-6617a1c9fcd5][6f7bf0a6-8323-4acd-b50e-b2715aa5dfaa] Selecting number of videos: x2
2026-09-04T11:34:51.670Z [e3a16a5b-b20a-4be9-a10b-6617a1c9fcd5][6f7bf0a6-8323-4acd-b50e-b2715aa5dfaa] Clicked video count (page/substring) variant "x2".
2026-09-04T11:34:51.988Z [7077d8b3-3ec5-4a97-8231-6c244c233b7b][6f7bf0a6-8323-4acd-b50e-b2715aa5dfaa] Frames tab click failed (locator.click: Timeout 5000ms exceeded.
Call log:
[2m  - waiting for locator('button:has-text("Khung hình"), [role="tab"]:has-text("Khung hình"), button:has-text("Frames"), [role="tab"]:has-text("Frames")').first()[22m
) — continuing
2026-09-04T11:34:52.397Z [7ffb7ff4-1d40-410a-a277-a1493d4b531d][6f7bf0a6-8323-4acd-b50e-b2715aa5dfaa] Selecting number of videos: x2
2026-09-04T11:34:52.453Z [7ffb7ff4-1d40-410a-a277-a1493d4b531d][6f7bf0a6-8323-4acd-b50e-b2715aa5dfaa] Clicked video count (page/substring) variant "x2".
2026-09-04T11:34:52.617Z [7077d8b3-3ec5-4a97-8231-6c244c233b7b][6f7bf0a6-8323-4acd-b50e-b2715aa5dfaa] Selecting aspect ratio: 16:9
2026-09-04T11:34:52.621Z [7077d8b3-3ec5-4a97-8231-6c244c233b7b][6f7bf0a6-8323-4acd-b50e-b2715aa5dfaa] Aspect ratio "16:9" not found in dialog. Trying page-wide.
2026-09-04T11:34:53.627Z [e3a16a5b-b20a-4be9-a10b-6617a1c9fcd5][6f7bf0a6-8323-4acd-b50e-b2715aa5dfaa] Selecting duration: 8s
2026-09-04T11:34:53.684Z [e3a16a5b-b20a-4be9-a10b-6617a1c9fcd5][6f7bf0a6-8323-4acd-b50e-b2715aa5dfaa] Clicked duration (page/exact) variant "8 giây".
2026-09-04T11:34:54.087Z [7ffb7ff4-1d40-410a-a277-a1493d4b531d][6f7bf0a6-8323-4acd-b50e-b2715aa5dfaa] Selecting duration: 8s
2026-09-04T11:34:54.133Z [7ffb7ff4-1d40-410a-a277-a1493d4b531d][6f7bf0a6-8323-4acd-b50e-b2715aa5dfaa] Clicked duration (page/exact) variant "8 giây".
2026-09-04T11:34:54.187Z [e3a16a5b-b20a-4be9-a10b-6617a1c9fcd5][6f7bf0a6-8323-4acd-b50e-b2715aa5dfaa] Configuring model dropdown for suffix: "Lite [Lower Priority]" (regex /Lite\s+\[Lower\s+Priority\]\s*$/i)
2026-09-04T11:34:54.187Z [e3a16a5b-b20a-4be9-a10b-6617a1c9fcd5][6f7bf0a6-8323-4acd-b50e-b2715aa5dfaa] Trying absolute XPath for model dropdown: /html/body/div[3]/div/button
2026-09-04T11:34:54.637Z [7ffb7ff4-1d40-410a-a277-a1493d4b531d][6f7bf0a6-8323-4acd-b50e-b2715aa5dfaa] Configuring model dropdown for suffix: "Lite [Lower Priority]" (regex /Lite\s+\[Lower\s+Priority\]\s*$/i)
2026-09-04T11:34:54.637Z [7ffb7ff4-1d40-410a-a277-a1493d4b531d][6f7bf0a6-8323-4acd-b50e-b2715aa5dfaa] Trying absolute XPath for model dropdown: /html/body/div[3]/div/button
2026-09-04T11:34:55.287Z [b476bdff-4847-4781-91f3-22ef0bba8c4b][6f7bf0a6-8323-4acd-b50e-b2715aa5dfaa] Selecting number of videos: x2
2026-09-04T11:34:55.336Z [b476bdff-4847-4781-91f3-22ef0bba8c4b][6f7bf0a6-8323-4acd-b50e-b2715aa5dfaa] Clicked video count (page/substring) variant "x2".
2026-09-04T11:34:57.147Z [7077d8b3-3ec5-4a97-8231-6c244c233b7b][6f7bf0a6-8323-4acd-b50e-b2715aa5dfaa] Selecting number of videos: x2
2026-09-04T11:34:57.183Z [7077d8b3-3ec5-4a97-8231-6c244c233b7b][6f7bf0a6-8323-4acd-b50e-b2715aa5dfaa] Clicked video count (page/substring) variant "x2".
2026-09-04T11:34:57.193Z [e3a16a5b-b20a-4be9-a10b-6617a1c9fcd5][6f7bf0a6-8323-4acd-b50e-b2715aa5dfaa] Trying robust fallback inside dialog for model dropdown...
2026-09-04T11:34:57.201Z [e3a16a5b-b20a-4be9-a10b-6617a1c9fcd5][6f7bf0a6-8323-4acd-b50e-b2715aa5dfaa] Video options applied ✓
2026-09-04T11:34:57.201Z [e3a16a5b-b20a-4be9-a10b-6617a1c9fcd5][6f7bf0a6-8323-4acd-b50e-b2715aa5dfaa] Closing settings dialog...
2026-09-04T11:34:57.204Z [e3a16a5b-b20a-4be9-a10b-6617a1c9fcd5][6f7bf0a6-8323-4acd-b50e-b2715aa5dfaa] Close settings absolute XPath failed: Not visible. Trying fallbacks...
2026-09-04T11:34:57.267Z [e3a16a5b-b20a-4be9-a10b-6617a1c9fcd5][6f7bf0a6-8323-4acd-b50e-b2715aa5dfaa] Toggling settings button to close: "button[aria-label*="Cài đặt" i]"
2026-09-04T11:34:57.323Z [e3a16a5b-b20a-4be9-a10b-6617a1c9fcd5][6f7bf0a6-8323-4acd-b50e-b2715aa5dfaa] Start keyframe: downloading from URL...
2026-09-04T11:34:57.324Z [e3a16a5b-b20a-4be9-a10b-6617a1c9fcd5][6f7bf0a6-8323-4acd-b50e-b2715aa5dfaa] Start keyframe: downloading https://studio.xanhmedia.vn/uploads/2026-09/1788435732994_712085_60f7c834-1526-409d-b017-21db20795e19_594.png
2026-09-04T11:34:57.455Z [e3a16a5b-b20a-4be9-a10b-6617a1c9fcd5][6f7bf0a6-8323-4acd-b50e-b2715aa5dfaa] Downloader: no-proxy request context ready.
2026-09-04T11:34:57.640Z [7ffb7ff4-1d40-410a-a277-a1493d4b531d][6f7bf0a6-8323-4acd-b50e-b2715aa5dfaa] Trying robust fallback inside dialog for model dropdown...
2026-09-04T11:34:57.647Z [7ffb7ff4-1d40-410a-a277-a1493d4b531d][6f7bf0a6-8323-4acd-b50e-b2715aa5dfaa] Video options applied ✓
2026-09-04T11:34:57.647Z [7ffb7ff4-1d40-410a-a277-a1493d4b531d][6f7bf0a6-8323-4acd-b50e-b2715aa5dfaa] Closing settings dialog...
2026-09-04T11:34:57.649Z [7ffb7ff4-1d40-410a-a277-a1493d4b531d][6f7bf0a6-8323-4acd-b50e-b2715aa5dfaa] Close settings absolute XPath failed: Not visible. Trying fallbacks...
2026-09-04T11:34:57.703Z [7ffb7ff4-1d40-410a-a277-a1493d4b531d][6f7bf0a6-8323-4acd-b50e-b2715aa5dfaa] Toggling settings button to close: "button[aria-label*="Cài đặt" i]"
2026-09-04T11:34:57.774Z [b476bdff-4847-4781-91f3-22ef0bba8c4b][6f7bf0a6-8323-4acd-b50e-b2715aa5dfaa] Selecting duration: 8s
2026-09-04T11:34:57.776Z [7ffb7ff4-1d40-410a-a277-a1493d4b531d][6f7bf0a6-8323-4acd-b50e-b2715aa5dfaa] Start keyframe: downloading from URL...
2026-09-04T11:34:57.777Z [7ffb7ff4-1d40-410a-a277-a1493d4b531d][6f7bf0a6-8323-4acd-b50e-b2715aa5dfaa] Start keyframe: downloading https://studio.xanhmedia.vn/uploads/2026-09/1788435785424_ba81c1_60f7c834-1526-409d-b017-21db20795e19_ec3.png
2026-09-04T11:34:57.794Z [e3a16a5b-b20a-4be9-a10b-6617a1c9fcd5][6f7bf0a6-8323-4acd-b50e-b2715aa5dfaa] Start keyframe: saved 141052 bytes (image/png) as "1788435732994_712085_60f7c834-1526-409d-b017-21db20795e19_594.png" → C:\Users\Admin\AppData\Roaming\com.tank.winai\winai_dl_Rsda3D\1788435732994_712085_60f7c834-1526-409d-b017-21db20795e19_594.png
2026-09-04T11:34:57.795Z [e3a16a5b-b20a-4be9-a10b-6617a1c9fcd5][6f7bf0a6-8323-4acd-b50e-b2715aa5dfaa] Start keyframe: opening From-image panel...
2026-09-04T11:34:57.795Z [e3a16a5b-b20a-4be9-a10b-6617a1c9fcd5][6f7bf0a6-8323-4acd-b50e-b2715aa5dfaa] Start keyframe step1: click /html/body/div[1]/div[1]/div[5]/div/div/div/div/div[1]/div[1]
2026-09-04T11:34:57.795Z [e3a16a5b-b20a-4be9-a10b-6617a1c9fcd5][6f7bf0a6-8323-4acd-b50e-b2715aa5dfaa] xClick: waiting visible xpath=/html/body/div[1]/div[1]/div[5]/div/div/div/div/div[1]/div[1]
2026-09-04T11:34:57.854Z [b476bdff-4847-4781-91f3-22ef0bba8c4b][6f7bf0a6-8323-4acd-b50e-b2715aa5dfaa] Clicked duration (page/exact) variant "8 giây".
2026-09-04T11:34:57.947Z [7ffb7ff4-1d40-410a-a277-a1493d4b531d][6f7bf0a6-8323-4acd-b50e-b2715aa5dfaa] Downloader: no-proxy request context ready.
2026-09-04T11:34:58.219Z [7ffb7ff4-1d40-410a-a277-a1493d4b531d][6f7bf0a6-8323-4acd-b50e-b2715aa5dfaa] Start keyframe: saved 160553 bytes (image/png) as "1788435785424_ba81c1_60f7c834-1526-409d-b017-21db20795e19_ec3.png" → C:\Users\Admin\AppData\Roaming\com.tank.winai\winai_dl_RBw2xe\1788435785424_ba81c1_60f7c834-1526-409d-b017-21db20795e19_ec3.png
2026-09-04T11:34:58.219Z [7ffb7ff4-1d40-410a-a277-a1493d4b531d][6f7bf0a6-8323-4acd-b50e-b2715aa5dfaa] Start keyframe: opening From-image panel...
2026-09-04T11:34:58.219Z [7ffb7ff4-1d40-410a-a277-a1493d4b531d][6f7bf0a6-8323-4acd-b50e-b2715aa5dfaa] Start keyframe step1: click /html/body/div[1]/div[1]/div[5]/div/div/div/div/div[1]/div[1]
2026-09-04T11:34:58.220Z [7ffb7ff4-1d40-410a-a277-a1493d4b531d][6f7bf0a6-8323-4acd-b50e-b2715aa5dfaa] xClick: waiting visible xpath=/html/body/div[1]/div[1]/div[5]/div/div/div/div/div[1]/div[1]
2026-09-04T11:34:58.290Z [b476bdff-4847-4781-91f3-22ef0bba8c4b][6f7bf0a6-8323-4acd-b50e-b2715aa5dfaa] Configuring model dropdown for suffix: "Lite [Lower Priority]" (regex /Lite\s+\[Lower\s+Priority\]\s*$/i)
2026-09-04T11:34:58.290Z [b476bdff-4847-4781-91f3-22ef0bba8c4b][6f7bf0a6-8323-4acd-b50e-b2715aa5dfaa] Trying absolute XPath for model dropdown: /html/body/div[3]/div/button
2026-09-04T11:34:59.257Z [7077d8b3-3ec5-4a97-8231-6c244c233b7b][6f7bf0a6-8323-4acd-b50e-b2715aa5dfaa] Selecting duration: 8s
2026-09-04T11:34:59.318Z [7077d8b3-3ec5-4a97-8231-6c244c233b7b][6f7bf0a6-8323-4acd-b50e-b2715aa5dfaa] Clicked duration (page/exact) variant "8 giây".
2026-09-04T11:34:59.917Z [7077d8b3-3ec5-4a97-8231-6c244c233b7b][6f7bf0a6-8323-4acd-b50e-b2715aa5dfaa] Configuring model dropdown for suffix: "Lite [Lower Priority]" (regex /Lite\s+\[Lower\s+Priority\]\s*$/i)
2026-09-04T11:34:59.918Z [7077d8b3-3ec5-4a97-8231-6c244c233b7b][6f7bf0a6-8323-4acd-b50e-b2715aa5dfaa] Trying absolute XPath for model dropdown: /html/body/div[3]/div/button
2026-09-04T11:35:01.299Z [b476bdff-4847-4781-91f3-22ef0bba8c4b][6f7bf0a6-8323-4acd-b50e-b2715aa5dfaa] Trying robust fallback inside dialog for model dropdown...
2026-09-04T11:35:01.305Z [b476bdff-4847-4781-91f3-22ef0bba8c4b][6f7bf0a6-8323-4acd-b50e-b2715aa5dfaa] Video options applied ✓
2026-09-04T11:35:01.306Z [b476bdff-4847-4781-91f3-22ef0bba8c4b][6f7bf0a6-8323-4acd-b50e-b2715aa5dfaa] Closing settings dialog...
2026-09-04T11:35:01.308Z [b476bdff-4847-4781-91f3-22ef0bba8c4b][6f7bf0a6-8323-4acd-b50e-b2715aa5dfaa] Close settings absolute XPath failed: Not visible. Trying fallbacks...
2026-09-04T11:35:01.363Z [b476bdff-4847-4781-91f3-22ef0bba8c4b][6f7bf0a6-8323-4acd-b50e-b2715aa5dfaa] Toggling settings button to close: "button[aria-label*="Cài đặt" i]"
2026-09-04T11:35:01.415Z [b476bdff-4847-4781-91f3-22ef0bba8c4b][6f7bf0a6-8323-4acd-b50e-b2715aa5dfaa] Start keyframe: downloading from URL...
2026-09-04T11:35:01.415Z [b476bdff-4847-4781-91f3-22ef0bba8c4b][6f7bf0a6-8323-4acd-b50e-b2715aa5dfaa] Start keyframe: downloading https://studio.xanhmedia.vn/uploads/2026-09/1788435790693_1eabb5_60f7c834-1526-409d-b017-21db20795e19_923.png
2026-09-04T11:35:01.570Z [b476bdff-4847-4781-91f3-22ef0bba8c4b][6f7bf0a6-8323-4acd-b50e-b2715aa5dfaa] Downloader: no-proxy request context ready.
2026-09-04T11:35:01.806Z [b476bdff-4847-4781-91f3-22ef0bba8c4b][6f7bf0a6-8323-4acd-b50e-b2715aa5dfaa] Start keyframe: saved 92367 bytes (image/png) as "1788435790693_1eabb5_60f7c834-1526-409d-b017-21db20795e19_923.png" → C:\Users\Admin\AppData\Roaming\com.tank.winai\winai_dl_tJNloN\1788435790693_1eabb5_60f7c834-1526-409d-b017-21db20795e19_923.png
2026-09-04T11:35:01.807Z [b476bdff-4847-4781-91f3-22ef0bba8c4b][6f7bf0a6-8323-4acd-b50e-b2715aa5dfaa] Start keyframe: opening From-image panel...
2026-09-04T11:35:01.807Z [b476bdff-4847-4781-91f3-22ef0bba8c4b][6f7bf0a6-8323-4acd-b50e-b2715aa5dfaa] Start keyframe step1: click /html/body/div[1]/div[1]/div[5]/div/div/div/div/div[1]/div[1]
2026-09-04T11:35:01.807Z [b476bdff-4847-4781-91f3-22ef0bba8c4b][6f7bf0a6-8323-4acd-b50e-b2715aa5dfaa] xClick: waiting visible xpath=/html/body/div[1]/div[1]/div[5]/div/div/div/div/div[1]/div[1]
2026-09-04T11:35:01.808Z [e3a16a5b-b20a-4be9-a10b-6617a1c9fcd5][6f7bf0a6-8323-4acd-b50e-b2715aa5dfaa] Start keyframe step1: primary open FAILED: page.waitForSelector: Timeout 4000ms exceeded.
Call log:
[2m  - waiting for locator('xpath=/html/body/div[1]/div[1]/div[5]/div/div/div/div/div[1]/div[1]') to be visible[22m

2026-09-04T11:35:01.814Z [e3a16a5b-b20a-4be9-a10b-6617a1c9fcd5][6f7bf0a6-8323-4acd-b50e-b2715aa5dfaa] Start keyframe DIAG composer(panel-not-open): {"rootFound":false,"win":"2560x1280","dpr":1.5,"count":4,"els":[{"tag":"BUTTON","al":"Thêm thành phần vào ô nhập","txt":"add","icon":"","box":"999,1257 32x32"},{"tag":"BUTTON","al":"","txt":"Tác nhân","icon":"","box":"1041,1259 79x28"},{"tag":"BUTTON","al":"Điều kiện kích hoạt cài đặ","txt":"Video · 720p · 8 g","icon":"","box":"1376,1257 167x32"},{"tag":"BUTTON","al":"Bắt đầu tạo","txt":"arrow_forward","icon":"","box":"1547,1257 32x32"}],"fileInputs":[]}
2026-09-04T11:35:01.816Z [e3a16a5b-b20a-4be9-a10b-6617a1c9fcd5][6f7bf0a6-8323-4acd-b50e-b2715aa5dfaa] Start keyframe step1 add-btn: no add_2/(+) button found
2026-09-04T11:35:01.822Z [e3a16a5b-b20a-4be9-a10b-6617a1c9fcd5][6f7bf0a6-8323-4acd-b50e-b2715aa5dfaa] Start keyframe step1 direct: no <input type=file> present — using scan fallback
2026-09-04T11:35:01.822Z [e3a16a5b-b20a-4be9-a10b-6617a1c9fcd5][6f7bf0a6-8323-4acd-b50e-b2715aa5dfaa] Start keyframe step1: trying composer-scan fallback...
2026-09-04T11:35:01.826Z [e3a16a5b-b20a-4be9-a10b-6617a1c9fcd5][6f7bf0a6-8323-4acd-b50e-b2715aa5dfaa] Start keyframe step1 fallback: clicking scanned button xpath=/html[1]/body[1]/aisandbox-root[1]/main[1]/flow-project-shell[1]/flow-project-page[1]/flow-prompt-box[1]/flow-prompt-box-instruction-card-wrapper[1]/div[1]/div[1]/flow-base-prompt-box[1]/div[1]/div[2]/flow-add-menu[1]/div[1]/button[1]
2026-09-04T11:35:01.827Z [e3a16a5b-b20a-4be9-a10b-6617a1c9fcd5][6f7bf0a6-8323-4acd-b50e-b2715aa5dfaa] xClick: waiting visible xpath=/html[1]/body[1]/aisandbox-root[1]/main[1]/flow-project-shell[1]/flow-project-page[1]/flow-prompt-box[1]/flow-prompt-box-instruction-card-wrapper[1]/div[1]/div[1]/flow-base-prompt-box[1]/div[1]/div[2]/flow-add-menu[1]/div[1]/button[1]
2026-09-04T11:35:01.833Z [e3a16a5b-b20a-4be9-a10b-6617a1c9fcd5][6f7bf0a6-8323-4acd-b50e-b2715aa5dfaa] xClick: target tag=BUTTON aria="Thêm thành phần vào ô nhập câu lệnh" txt="add" box=999,1257 32x32
2026-09-04T11:35:02.067Z [e3a16a5b-b20a-4be9-a10b-6617a1c9fcd5][6f7bf0a6-8323-4acd-b50e-b2715aa5dfaa] xClick: click xpath=/html[1]/body[1]/aisandbox-root[1]/main[1]/flow-project-shell[1]/flow-project-page[1]/flow-prompt-box[1]/flow-prompt-box-instruction-card-wrapper[1]/div[1]/div[1]/flow-base-prompt-box[1]/div[1]/div[2]/flow-add-menu[1]/div[1]/button[1]
2026-09-04T11:35:02.223Z [7ffb7ff4-1d40-410a-a277-a1493d4b531d][6f7bf0a6-8323-4acd-b50e-b2715aa5dfaa] Start keyframe step1: primary open FAILED: page.waitForSelector: Timeout 4000ms exceeded.
Call log:
[2m  - waiting for locator('xpath=/html/body/div[1]/div[1]/div[5]/div/div/div/div/div[1]/div[1]') to be visible[22m

2026-09-04T11:35:02.231Z [7ffb7ff4-1d40-410a-a277-a1493d4b531d][6f7bf0a6-8323-4acd-b50e-b2715aa5dfaa] Start keyframe DIAG composer(panel-not-open): {"rootFound":false,"win":"2560x1280","dpr":1.5,"count":4,"els":[{"tag":"BUTTON","al":"Thêm thành phần vào ô nhập","txt":"add","icon":"","box":"999,1257 32x32"},{"tag":"BUTTON","al":"","txt":"Tác nhân","icon":"","box":"1041,1259 79x28"},{"tag":"BUTTON","al":"Điều kiện kích hoạt cài đặ","txt":"Video · 720p · 8 g","icon":"","box":"1376,1257 167x32"},{"tag":"BUTTON","al":"Bắt đầu tạo","txt":"arrow_forward","icon":"","box":"1547,1257 32x32"}],"fileInputs":[]}
2026-09-04T11:35:02.235Z [7ffb7ff4-1d40-410a-a277-a1493d4b531d][6f7bf0a6-8323-4acd-b50e-b2715aa5dfaa] Start keyframe step1 add-btn: no add_2/(+) button found
2026-09-04T11:35:02.244Z [7ffb7ff4-1d40-410a-a277-a1493d4b531d][6f7bf0a6-8323-4acd-b50e-b2715aa5dfaa] Start keyframe step1 direct: no <input type=file> present — using scan fallback
2026-09-04T11:35:02.245Z [7ffb7ff4-1d40-410a-a277-a1493d4b531d][6f7bf0a6-8323-4acd-b50e-b2715aa5dfaa] Start keyframe step1: trying composer-scan fallback...
2026-09-04T11:35:02.253Z [7ffb7ff4-1d40-410a-a277-a1493d4b531d][6f7bf0a6-8323-4acd-b50e-b2715aa5dfaa] Start keyframe step1 fallback: clicking scanned button xpath=/html[1]/body[1]/aisandbox-root[1]/main[1]/flow-project-shell[1]/flow-project-page[1]/flow-prompt-box[1]/flow-prompt-box-instruction-card-wrapper[1]/div[1]/div[1]/flow-base-prompt-box[1]/div[1]/div[2]/flow-add-menu[1]/div[1]/button[1]
2026-09-04T11:35:02.253Z [7ffb7ff4-1d40-410a-a277-a1493d4b531d][6f7bf0a6-8323-4acd-b50e-b2715aa5dfaa] xClick: waiting visible xpath=/html[1]/body[1]/aisandbox-root[1]/main[1]/flow-project-shell[1]/flow-project-page[1]/flow-prompt-box[1]/flow-prompt-box-instruction-card-wrapper[1]/div[1]/div[1]/flow-base-prompt-box[1]/div[1]/div[2]/flow-add-menu[1]/div[1]/button[1]
2026-09-04T11:35:02.266Z [7ffb7ff4-1d40-410a-a277-a1493d4b531d][6f7bf0a6-8323-4acd-b50e-b2715aa5dfaa] xClick: target tag=BUTTON aria="Thêm thành phần vào ô nhập câu lệnh" txt="add" box=999,1257 32x32
2026-09-04T11:35:02.637Z [7ffb7ff4-1d40-410a-a277-a1493d4b531d][6f7bf0a6-8323-4acd-b50e-b2715aa5dfaa] xClick: click xpath=/html[1]/body[1]/aisandbox-root[1]/main[1]/flow-project-shell[1]/flow-project-page[1]/flow-prompt-box[1]/flow-prompt-box-instruction-card-wrapper[1]/div[1]/div[1]/flow-base-prompt-box[1]/div[1]/div[2]/flow-add-menu[1]/div[1]/button[1]
2026-09-04T11:35:02.924Z [7077d8b3-3ec5-4a97-8231-6c244c233b7b][6f7bf0a6-8323-4acd-b50e-b2715aa5dfaa] Trying robust fallback inside dialog for model dropdown...
2026-09-04T11:35:02.932Z [7077d8b3-3ec5-4a97-8231-6c244c233b7b][6f7bf0a6-8323-4acd-b50e-b2715aa5dfaa] Video options applied ✓
2026-09-04T11:35:02.932Z [7077d8b3-3ec5-4a97-8231-6c244c233b7b][6f7bf0a6-8323-4acd-b50e-b2715aa5dfaa] Closing settings dialog...
2026-09-04T11:35:02.934Z [7077d8b3-3ec5-4a97-8231-6c244c233b7b][6f7bf0a6-8323-4acd-b50e-b2715aa5dfaa] Close settings absolute XPath failed: Not visible. Trying fallbacks...
2026-09-04T11:35:03.011Z [7077d8b3-3ec5-4a97-8231-6c244c233b7b][6f7bf0a6-8323-4acd-b50e-b2715aa5dfaa] Toggling settings button to close: "button[aria-label*="Cài đặt" i]"
2026-09-04T11:35:03.082Z [7077d8b3-3ec5-4a97-8231-6c244c233b7b][6f7bf0a6-8323-4acd-b50e-b2715aa5dfaa] Start keyframe: downloading from URL...
2026-09-04T11:35:03.083Z [7077d8b3-3ec5-4a97-8231-6c244c233b7b][6f7bf0a6-8323-4acd-b50e-b2715aa5dfaa] Start keyframe: downloading https://studio.xanhmedia.vn/uploads/2026-09/1788436022482_ecc242_winai_2026-09-03T11-45-15_01.png
2026-09-04T11:35:03.263Z [7077d8b3-3ec5-4a97-8231-6c244c233b7b][6f7bf0a6-8323-4acd-b50e-b2715aa5dfaa] Downloader: no-proxy request context ready.
2026-09-04T11:35:03.352Z [e3a16a5b-b20a-4be9-a10b-6617a1c9fcd5][6f7bf0a6-8323-4acd-b50e-b2715aa5dfaa] Start keyframe step1 fallback: panel visible = false
2026-09-04T11:35:03.364Z [e3a16a5b-b20a-4be9-a10b-6617a1c9fcd5][6f7bf0a6-8323-4acd-b50e-b2715aa5dfaa] Start keyframe DIAG composer(final-before-throw): {"rootFound":false,"win":"2560x1280","dpr":1.5,"count":23,"els":[{"tag":"BUTTON","al":"Thêm thành phần vào ô nhập","txt":"close","icon":"","box":"999,1257 32x32"},{"tag":"BUTTON","al":"","txt":"Tác nhân","icon":"","box":"1041,1259 79x28"},{"tag":"BUTTON","al":"Điều kiện kích hoạt cài đặ","txt":"Video · 720p · 8 g","icon":"","box":"1376,1257 167x32"},{"tag":"BUTTON","al":"Bắt đầu tạo","txt":"arrow_forward","icon":"","box":"1547,1257 32x32"},{"tag":"BUTTON","al":"","txt":"upload\nTải nội dun","icon":"","box":"910,1146 120x34"},{"tag":"BUTTON","al":"","txt":"Arlo nods to Graha","icon":"","box":"1036,665 232x48"},{"tag":"BUTTON","al":"","txt":"1788090404443_6227","icon":"","box":"1036,713 232x48"},{"tag":"BUTTON","al":"","txt":"Elara speaking to ","icon":"","box":"1036,761 232x48"},{"tag":"BUTTON","al":"","txt":"1788158514690_02a6","icon":"","box":"1036,809 232x48"},{"tag":"BUTTON","al":"","txt":"Arlo confesses to ","icon":"","box":"1036,857 232x48"},{"tag":"BUTTON","al":"","txt":"1788158347047_18ea","icon":"","box":"1036,905 232x48"},{"tag":"BUTTON","al":"","txt":"Arlo confesses to ","icon":"","box":"1036,953 232x48"},{"tag":"BUTTON","al":"","txt":"Elara checks Arlo ","icon":"","box":"1036,1001 232x48"},{"tag":"BUTTON","al":"","txt":"1788091616960_edc5","icon":"","box":"1036,1049 232x48"},{"tag":"BUTTON","al":"","txt":"Elara checks Arlo ","icon":"","box":"1036,1097 232x48"},{"tag":"BUTTON","al":"","txt":"Băng nứt tách thàn","icon":"","box":"1036,1145 232x48"},{"tag":"BUTTON","al":"","txt":"1788091550279_4337","icon":"","box":"1036,1193 232x48"},{"tag":"BUTTON","al":"","txt":"Băng vỡ thành năm ","icon":"","box":"1036,1241 232x48"},{"tag":"BUTTON","al":"","txt":"Family watching fl","icon":"","box":"1036,1289 232x48"},{"tag":"BUTTON","al":"","txt":"1788091418196_1144","icon":"","box":"1036,1337 232x48"},{"tag":"BUTTON","al":"Phát","txt":"play_arrow","icon":"","box":"1452,997 34x34"},{"tag":"BUTTON","al":"Bật tiếng","txt":"no_sound","icon":"","box":"1579,997 34x34"},{"tag":"BUTTON","al":"","txt":"Thêm vào câu lệnh","icon":"","box":"1290,1138 368x34"}],"fileInputs":[]}
2026-09-04T11:35:03.365Z [e3a16a5b-b20a-4be9-a10b-6617a1c9fcd5][6f7bf0a6-8323-4acd-b50e-b2715aa5dfaa] Start keyframe step2: panel still not visible — waiting last 8s...
2026-09-04T11:35:03.494Z [7077d8b3-3ec5-4a97-8231-6c244c233b7b][6f7bf0a6-8323-4acd-b50e-b2715aa5dfaa] Start keyframe: saved 160990 bytes (image/png) as "1788436022482_ecc242_winai_2026-09-03T11-45-15_01.png" → C:\Users\Admin\AppData\Roaming\com.tank.winai\winai_dl_1xmJFr\1788436022482_ecc242_winai_2026-09-03T11-45-15_01.png
2026-09-04T11:35:03.494Z [7077d8b3-3ec5-4a97-8231-6c244c233b7b][6f7bf0a6-8323-4acd-b50e-b2715aa5dfaa] Start keyframe: opening From-image panel...
2026-09-04T11:35:03.494Z [7077d8b3-3ec5-4a97-8231-6c244c233b7b][6f7bf0a6-8323-4acd-b50e-b2715aa5dfaa] Start keyframe step1: click /html/body/div[1]/div[1]/div[5]/div/div/div/div/div[1]/div[1]
2026-09-04T11:35:03.495Z [7077d8b3-3ec5-4a97-8231-6c244c233b7b][6f7bf0a6-8323-4acd-b50e-b2715aa5dfaa] xClick: waiting visible xpath=/html/body/div[1]/div[1]/div[5]/div/div/div/div/div[1]/div[1]
2026-09-04T11:35:03.880Z [7ffb7ff4-1d40-410a-a277-a1493d4b531d][6f7bf0a6-8323-4acd-b50e-b2715aa5dfaa] Start keyframe step1 fallback: panel visible = false
2026-09-04T11:35:03.889Z [7ffb7ff4-1d40-410a-a277-a1493d4b531d][6f7bf0a6-8323-4acd-b50e-b2715aa5dfaa] Start keyframe DIAG composer(final-before-throw): {"rootFound":false,"win":"2560x1280","dpr":1.5,"count":23,"els":[{"tag":"BUTTON","al":"Thêm thành phần vào ô nhập","txt":"close","icon":"","box":"999,1257 32x32"},{"tag":"BUTTON","al":"","txt":"Tác nhân","icon":"","box":"1041,1259 79x28"},{"tag":"BUTTON","al":"Điều kiện kích hoạt cài đặ","txt":"Video · 720p · 8 g","icon":"","box":"1376,1257 167x32"},{"tag":"BUTTON","al":"Bắt đầu tạo","txt":"arrow_forward","icon":"","box":"1547,1257 32x32"},{"tag":"BUTTON","al":"","txt":"upload\nTải nội dun","icon":"","box":"910,1146 120x34"},{"tag":"BUTTON","al":"","txt":"Family leaving par","icon":"","box":"1036,665 232x48"},{"tag":"BUTTON","al":"","txt":"1788158601790_62a3","icon":"","box":"1036,713 232x48"},{"tag":"BUTTON","al":"","txt":"Family leaving par","icon":"","box":"1036,761 232x48"},{"tag":"BUTTON","al":"","txt":"Nessa comforting A","icon":"","box":"1036,809 232x48"},{"tag":"BUTTON","al":"","txt":"1788158323338_b683","icon":"","box":"1036,857 232x48"},{"tag":"BUTTON","al":"","txt":"Nessa comforting A","icon":"","box":"1036,905 232x48"},{"tag":"BUTTON","al":"","txt":"Graham talks to Ar","icon":"","box":"1036,953 232x48"},{"tag":"BUTTON","al":"","txt":"1788091598142_0572","icon":"","box":"1036,1001 232x48"},{"tag":"BUTTON","al":"","txt":"Graham warns Arlo ","icon":"","box":"1036,1049 232x48"},{"tag":"BUTTON","al":"","txt":"Băng nứt trên sông","icon":"","box":"1036,1097 232x48"},{"tag":"BUTTON","al":"","txt":"1788091477963_9000","icon":"","box":"1036,1145 232x48"},{"tag":"BUTTON","al":"","txt":"Camera films crack","icon":"","box":"1036,1193 232x48"},{"tag":"BUTTON","al":"","txt":"Graham pulls Arlo ","icon":"","box":"1036,1241 232x48"},{"tag":"BUTTON","al":"","txt":"1788091400568_204c","icon":"","box":"1036,1289 232x48"},{"tag":"BUTTON","al":"","txt":"videocam\nGraham re","icon":"","box":"1036,1337 232x48"},{"tag":"BUTTON","al":"Phát","txt":"play_arrow","icon":"","box":"1452,997 34x34"},{"tag":"BUTTON","al":"Bật tiếng","txt":"no_sound","icon":"","box":"1579,997 34x34"},{"tag":"BUTTON","al":"","txt":"Thêm vào câu lệnh","icon":"","box":"1290,1138 368x34"}],"fileInputs":[]}
2026-09-04T11:35:03.890Z [7ffb7ff4-1d40-410a-a277-a1493d4b531d][6f7bf0a6-8323-4acd-b50e-b2715aa5dfaa] Start keyframe step2: panel still not visible — waiting last 8s...
2026-09-04T11:35:05.817Z [b476bdff-4847-4781-91f3-22ef0bba8c4b][6f7bf0a6-8323-4acd-b50e-b2715aa5dfaa] Start keyframe step1: primary open FAILED: page.waitForSelector: Timeout 4000ms exceeded.
Call log:
[2m  - waiting for locator('xpath=/html/body/div[1]/div[1]/div[5]/div/div/div/div/div[1]/div[1]') to be visible[22m

2026-09-04T11:35:05.824Z [b476bdff-4847-4781-91f3-22ef0bba8c4b][6f7bf0a6-8323-4acd-b50e-b2715aa5dfaa] Start keyframe DIAG composer(panel-not-open): {"rootFound":false,"win":"2560x1280","dpr":1.5,"count":4,"els":[{"tag":"BUTTON","al":"Thêm thành phần vào ô nhập","txt":"add","icon":"","box":"999,1257 32x32"},{"tag":"BUTTON","al":"","txt":"Tác nhân","icon":"","box":"1041,1259 79x28"},{"tag":"BUTTON","al":"Điều kiện kích hoạt cài đặ","txt":"Video · 720p · 8 g","icon":"","box":"1376,1257 167x32"},{"tag":"BUTTON","al":"Bắt đầu tạo","txt":"arrow_forward","icon":"","box":"1547,1257 32x32"}],"fileInputs":[]}
2026-09-04T11:35:05.828Z [b476bdff-4847-4781-91f3-22ef0bba8c4b][6f7bf0a6-8323-4acd-b50e-b2715aa5dfaa] Start keyframe step1 add-btn: no add_2/(+) button found
2026-09-04T11:35:05.837Z [b476bdff-4847-4781-91f3-22ef0bba8c4b][6f7bf0a6-8323-4acd-b50e-b2715aa5dfaa] Start keyframe step1 direct: no <input type=file> present — using scan fallback
2026-09-04T11:35:05.837Z [b476bdff-4847-4781-91f3-22ef0bba8c4b][6f7bf0a6-8323-4acd-b50e-b2715aa5dfaa] Start keyframe step1: trying composer-scan fallback...
2026-09-04T11:35:05.844Z [b476bdff-4847-4781-91f3-22ef0bba8c4b][6f7bf0a6-8323-4acd-b50e-b2715aa5dfaa] Start keyframe step1 fallback: clicking scanned button xpath=/html[1]/body[1]/aisandbox-root[1]/main[1]/flow-project-shell[1]/flow-project-page[1]/flow-prompt-box[1]/flow-prompt-box-instruction-card-wrapper[1]/div[1]/div[1]/flow-base-prompt-box[1]/div[1]/div[2]/flow-add-menu[1]/div[1]/button[1]
2026-09-04T11:35:05.845Z [b476bdff-4847-4781-91f3-22ef0bba8c4b][6f7bf0a6-8323-4acd-b50e-b2715aa5dfaa] xClick: waiting visible xpath=/html[1]/body[1]/aisandbox-root[1]/main[1]/flow-project-shell[1]/flow-project-page[1]/flow-prompt-box[1]/flow-prompt-box-instruction-card-wrapper[1]/div[1]/div[1]/flow-base-prompt-box[1]/div[1]/div[2]/flow-add-menu[1]/div[1]/button[1]
2026-09-04T11:35:05.858Z [b476bdff-4847-4781-91f3-22ef0bba8c4b][6f7bf0a6-8323-4acd-b50e-b2715aa5dfaa] xClick: target tag=BUTTON aria="Thêm thành phần vào ô nhập câu lệnh" txt="add" box=999,1257 32x32
2026-09-04T11:35:06.123Z [b476bdff-4847-4781-91f3-22ef0bba8c4b][6f7bf0a6-8323-4acd-b50e-b2715aa5dfaa] xClick: click xpath=/html[1]/body[1]/aisandbox-root[1]/main[1]/flow-project-shell[1]/flow-project-page[1]/flow-prompt-box[1]/flow-prompt-box-instruction-card-wrapper[1]/div[1]/div[1]/flow-base-prompt-box[1]/div[1]/div[2]/flow-add-menu[1]/div[1]/button[1]
2026-09-04T11:35:07.292Z [b476bdff-4847-4781-91f3-22ef0bba8c4b][6f7bf0a6-8323-4acd-b50e-b2715aa5dfaa] Start keyframe step1 fallback: panel visible = false
2026-09-04T11:35:07.307Z [b476bdff-4847-4781-91f3-22ef0bba8c4b][6f7bf0a6-8323-4acd-b50e-b2715aa5dfaa] Start keyframe DIAG composer(final-before-throw): {"rootFound":false,"win":"2560x1280","dpr":1.5,"count":21,"els":[{"tag":"BUTTON","al":"Thêm thành phần vào ô nhập","txt":"close","icon":"","box":"999,1257 32x32"},{"tag":"BUTTON","al":"","txt":"Tác nhân","icon":"","box":"1041,1259 79x28"},{"tag":"BUTTON","al":"Điều kiện kích hoạt cài đặ","txt":"Video · 720p · 8 g","icon":"","box":"1376,1257 167x32"},{"tag":"BUTTON","al":"Bắt đầu tạo","txt":"arrow_forward","icon":"","box":"1547,1257 32x32"},{"tag":"BUTTON","al":"","txt":"upload\nTải nội dun","icon":"","box":"910,1146 120x34"},{"tag":"BUTTON","al":"","txt":"1788090404443_6227","icon":"","box":"1036,665 232x48"},{"tag":"BUTTON","al":"","txt":"Arlo admitting he ","icon":"","box":"1036,713 232x48"},{"tag":"BUTTON","al":"","txt":"1788158480055_1caa","icon":"","box":"1036,761 232x48"},{"tag":"BUTTON","al":"","txt":"Arlo admits he was","icon":"","box":"1036,809 232x48"},{"tag":"BUTTON","al":"","txt":"Nessa questioning ","icon":"","box":"1036,857 232x48"},{"tag":"BUTTON","al":"","txt":"1788158326284_d27d","icon":"","box":"1036,905 232x48"},{"tag":"BUTTON","al":"","txt":"Nessa questioning ","icon":"","box":"1036,953 232x48"},{"tag":"BUTTON","al":"","txt":"videocam\nIce slabs","icon":"","box":"1036,1001 232x48"},{"tag":"BUTTON","al":"","txt":"1788091531457_8429","icon":"","box":"1036,1049 232x48"},{"tag":"BUTTON","al":"","txt":"Ice slabs drifting","icon":"","box":"1036,1097 232x48"},{"tag":"BUTTON","al":"","txt":"Ice floe drifting ","icon":"","box":"1036,1145 232x48"},{"tag":"BUTTON","al":"","txt":"1788091353389_4c49","icon":"","box":"1036,1193 232x48"},{"tag":"BUTTON","al":"","txt":"Ice floating towar","icon":"","box":"1036,1241 232x48"},{"tag":"BUTTON","al":"","txt":"videocam\nArlo resc","icon":"","box":"1036,1289 232x48"},{"tag":"BUTTON","al":"","txt":"1788091230589_2e5c","icon":"","box":"1036,1337 232x48"},{"tag":"BUTTON","al":"","txt":"Thêm vào câu lệnh","icon":"","box":"1290,1138 368x34"}],"fileInputs":[]}
2026-09-04T11:35:07.308Z [b476bdff-4847-4781-91f3-22ef0bba8c4b][6f7bf0a6-8323-4acd-b50e-b2715aa5dfaa] Start keyframe step2: panel still not visible — waiting last 8s...
2026-09-04T11:35:07.497Z [7077d8b3-3ec5-4a97-8231-6c244c233b7b][6f7bf0a6-8323-4acd-b50e-b2715aa5dfaa] Start keyframe step1: primary open FAILED: page.waitForSelector: Timeout 4000ms exceeded.
Call log:
[2m  - waiting for locator('xpath=/html/body/div[1]/div[1]/div[5]/div/div/div/div/div[1]/div[1]') to be visible[22m

2026-09-04T11:35:07.503Z [7077d8b3-3ec5-4a97-8231-6c244c233b7b][6f7bf0a6-8323-4acd-b50e-b2715aa5dfaa] Start keyframe DIAG composer(panel-not-open): {"rootFound":false,"win":"2560x1280","dpr":1.5,"count":4,"els":[{"tag":"BUTTON","al":"Thêm thành phần vào ô nhập","txt":"add","icon":"","box":"999,1257 32x32"},{"tag":"BUTTON","al":"","txt":"Tác nhân","icon":"","box":"1041,1259 79x28"},{"tag":"BUTTON","al":"Điều kiện kích hoạt cài đặ","txt":"Video · 720p · 8 g","icon":"","box":"1376,1257 167x32"},{"tag":"BUTTON","al":"Bắt đầu tạo","txt":"arrow_forward","icon":"","box":"1547,1257 32x32"}],"fileInputs":[]}
2026-09-04T11:35:07.506Z [7077d8b3-3ec5-4a97-8231-6c244c233b7b][6f7bf0a6-8323-4acd-b50e-b2715aa5dfaa] Start keyframe step1 add-btn: no add_2/(+) button found
2026-09-04T11:35:07.513Z [7077d8b3-3ec5-4a97-8231-6c244c233b7b][6f7bf0a6-8323-4acd-b50e-b2715aa5dfaa] Start keyframe step1 direct: no <input type=file> present — using scan fallback
2026-09-04T11:35:07.513Z [7077d8b3-3ec5-4a97-8231-6c244c233b7b][6f7bf0a6-8323-4acd-b50e-b2715aa5dfaa] Start keyframe step1: trying composer-scan fallback...
2026-09-04T11:35:07.518Z [7077d8b3-3ec5-4a97-8231-6c244c233b7b][6f7bf0a6-8323-4acd-b50e-b2715aa5dfaa] Start keyframe step1 fallback: clicking scanned button xpath=/html[1]/body[1]/aisandbox-root[1]/main[1]/flow-project-shell[1]/flow-project-page[1]/flow-prompt-box[1]/flow-prompt-box-instruction-card-wrapper[1]/div[1]/div[1]/flow-base-prompt-box[1]/div[1]/div[2]/flow-add-menu[1]/div[1]/button[1]
2026-09-04T11:35:07.518Z [7077d8b3-3ec5-4a97-8231-6c244c233b7b][6f7bf0a6-8323-4acd-b50e-b2715aa5dfaa] xClick: waiting visible xpath=/html[1]/body[1]/aisandbox-root[1]/main[1]/flow-project-shell[1]/flow-project-page[1]/flow-prompt-box[1]/flow-prompt-box-instruction-card-wrapper[1]/div[1]/div[1]/flow-base-prompt-box[1]/div[1]/div[2]/flow-add-menu[1]/div[1]/button[1]
2026-09-04T11:35:07.526Z [7077d8b3-3ec5-4a97-8231-6c244c233b7b][6f7bf0a6-8323-4acd-b50e-b2715aa5dfaa] xClick: target tag=BUTTON aria="Thêm thành phần vào ô nhập câu lệnh" txt="add" box=999,1257 32x32
2026-09-04T11:35:07.917Z [7077d8b3-3ec5-4a97-8231-6c244c233b7b][6f7bf0a6-8323-4acd-b50e-b2715aa5dfaa] xClick: click xpath=/html[1]/body[1]/aisandbox-root[1]/main[1]/flow-project-shell[1]/flow-project-page[1]/flow-prompt-box[1]/flow-prompt-box-instruction-card-wrapper[1]/div[1]/div[1]/flow-base-prompt-box[1]/div[1]/div[2]/flow-add-menu[1]/div[1]/button[1]
2026-09-04T11:35:09.175Z [7077d8b3-3ec5-4a97-8231-6c244c233b7b][6f7bf0a6-8323-4acd-b50e-b2715aa5dfaa] Start keyframe step1 fallback: panel visible = false
2026-09-04T11:35:09.186Z [7077d8b3-3ec5-4a97-8231-6c244c233b7b][6f7bf0a6-8323-4acd-b50e-b2715aa5dfaa] Start keyframe DIAG composer(final-before-throw): {"rootFound":false,"win":"2560x1280","dpr":1.5,"count":23,"els":[{"tag":"BUTTON","al":"Thêm thành phần vào ô nhập","txt":"close","icon":"","box":"999,1257 32x32"},{"tag":"BUTTON","al":"","txt":"Tác nhân","icon":"","box":"1041,1259 79x28"},{"tag":"BUTTON","al":"Điều kiện kích hoạt cài đặ","txt":"Video · 720p · 8 g","icon":"","box":"1376,1257 167x32"},{"tag":"BUTTON","al":"Bắt đầu tạo","txt":"arrow_forward","icon":"","box":"1547,1257 32x32"},{"tag":"BUTTON","al":"","txt":"upload\nTải nội dun","icon":"","box":"910,1146 120x34"},{"tag":"BUTTON","al":"","txt":"Nessa holding Arlo","icon":"","box":"1036,665 232x48"},{"tag":"BUTTON","al":"","txt":"1788158449211_79b2","icon":"","box":"1036,713 232x48"},{"tag":"BUTTON","al":"","txt":"videocam\nGirl hold","icon":"","box":"1036,761 232x48"},{"tag":"BUTTON","al":"","txt":"videocam\nGraham co","icon":"","box":"1036,809 232x48"},{"tag":"BUTTON","al":"","txt":"1788158379819_c3b7","icon":"","box":"1036,857 232x48"},{"tag":"BUTTON","al":"","txt":"videocam\nArlo look","icon":"","box":"1036,905 232x48"},{"tag":"BUTTON","al":"","txt":"1788091539011_055b","icon":"","box":"1036,953 232x48"},{"tag":"BUTTON","al":"","txt":"videocam\nIceberg c","icon":"","box":"1036,1001 232x48"},{"tag":"BUTTON","al":"","txt":"1788091350195_60da","icon":"","box":"1036,1049 232x48"},{"tag":"BUTTON","al":"","txt":"videocam\nIceberg c","icon":"","box":"1036,1097 232x48"},{"tag":"BUTTON","al":"","txt":"Graham rescuing Ar","icon":"","box":"1036,1145 232x48"},{"tag":"BUTTON","al":"","txt":"1788091310668_2b46","icon":"","box":"1036,1193 232x48"},{"tag":"BUTTON","al":"","txt":"Graham rescuing Ar","icon":"","box":"1036,1241 232x48"},{"tag":"BUTTON","al":"","txt":"Arlo and Graham wa","icon":"","box":"1036,1289 232x48"},{"tag":"BUTTON","al":"","txt":"1788091089350_1133","icon":"","box":"1036,1337 232x48"},{"tag":"BUTTON","al":"Phát","txt":"play_arrow","icon":"","box":"1452,997 34x34"},{"tag":"BUTTON","al":"Bật tiếng","txt":"no_sound","icon":"","box":"1579,997 34x34"},{"tag":"BUTTON","al":"","txt":"Thêm vào câu lệnh","icon":"","box":"1290,1138 368x34"}],"fileInputs":[]}
2026-09-04T11:35:09.186Z [7077d8b3-3ec5-4a97-8231-6c244c233b7b][6f7bf0a6-8323-4acd-b50e-b2715aa5dfaa] Start keyframe step2: panel still not visible — waiting last 8s...
2026-09-04T11:35:11.374Z [e3a16a5b-b20a-4be9-a10b-6617a1c9fcd5][6f7bf0a6-8323-4acd-b50e-b2715aa5dfaa] Start keyframe upload failed: page.waitForSelector: Timeout 8000ms exceeded.
Call log:
[2m  - waiting for locator('xpath=/html/body/div[1]/div[2]/div') to be visible[22m

2026-09-04T11:35:11.375Z [e3a16a5b-b20a-4be9-a10b-6617a1c9fcd5][6f7bf0a6-8323-4acd-b50e-b2715aa5dfaa] ⚠ Start keyframe NOT applied: page.waitForSelector: Timeout 8000ms exceeded.
Call log:
[2m  - waiting for locator('xpath=/html/body/div[1]/div[2]/div') to be visible[22m

2026-09-04T11:35:11.388Z [e3a16a5b-b20a-4be9-a10b-6617a1c9fcd5][6f7bf0a6-8323-4acd-b50e-b2715aa5dfaa] DIAG: input[type=file] count=0; visible buttons=["Nút quay lại để quay về trang trước","Các lựa chọn khác cho dự án","Tìm kiếm","Các lựa chọn lọc và sắp xếp","Trình đơn thêm nội dung nghe nhìn","Trợ giúp về sản phẩm","Cài đặt lưới ô","Lựa chọn khác","Thêm thành phần vào ô nhập câu lệnh","Tác nhân","Điều kiện kích hoạt cài đặt","Bắt đầu tạo","uploadTải nội dung nghe nhìn lên","Arlo nods to GrahamVideo","1788090404443_62275d_winai_2026-08-30T11","Elara speaking to familyVideo","1788158514690_02a615_winai_2026-08-31T06","Arlo confesses to NessaVideo","1788158347047_18ea6f_winai_2026-08-31T06","Arlo confesses to NessaVideo","Elara checks Arlo for injuriesVideo","1788091616960_edc5b6_winai_2026-08-30T12","Elara checks Arlo for injuriesVideo","Băng nứt tách thành mảngVideo","1788091550279_4337e1_winai_2026-08-30T12","Băng vỡ thành năm mảngVideo","Family watching floating icebergVideo","1788091418196_114420_winai_2026-08-30T12","Phát","Bật tiếng","Thêm vào câu lệnh"]
2026-09-04T11:35:11.390Z [e3a16a5b-b20a-4be9-a10b-6617a1c9fcd5][6f7bf0a6-8323-4acd-b50e-b2715aa5dfaa] Flow attempt 1/1 failed: Start keyframe/ingredient provided but could not be attached — aborting before submit to avoid detecting/downloading pre-existing project videos.
2026-09-04T11:35:11.390Z [e3a16a5b-b20a-4be9-a10b-6617a1c9fcd5][6f7bf0a6-8323-4acd-b50e-b2715aa5dfaa] runGeneration ERROR exception: Error: Start keyframe/ingredient provided but could not be attached — aborting before submit to avoid detecting/downloading pre-existing project videos.
    at runGoogleFlow (C:\snapshot\sidecar\dist\sidecar.cjs:9144:11)
    at async runGeneration (C:\snapshot\sidecar\dist\sidecar.cjs:10021:11)
    at async handleCommand (C:\snapshot\sidecar\dist\sidecar.cjs:6510:7)
    at async C:\snapshot\sidecar\dist\sidecar.cjs:6426:11
2026-09-04T11:35:11.711Z [c9e5b8d8-7bd1-49bd-b628-c71eb3aa0b2b][6f7bf0a6-8323-4acd-b50e-b2715aa5dfaa] runGeneration starting: task_id=c9e5b8d8-7bd1-49bd-b628-c71eb3aa0b2b, profile_id=6f7bf0a6-8323-4acd-b50e-b2715aa5dfaa, target_site=google_flow
2026-09-04T11:35:11.712Z [c9e5b8d8-7bd1-49bd-b628-c71eb3aa0b2b][6f7bf0a6-8323-4acd-b50e-b2715aa5dfaa] Opening Playwright browser with persistent profile cookies...
2026-09-04T11:35:11.712Z [c9e5b8d8-7bd1-49bd-b628-c71eb3aa0b2b][6f7bf0a6-8323-4acd-b50e-b2715aa5dfaa] Browser engine: winhide (C:\Users\Admin\AppData\Roaming\com.tank.winai\winhide\chrome.exe) [hidden off-screen]
2026-09-04T11:35:11.713Z [c9e5b8d8-7bd1-49bd-b628-c71eb3aa0b2b][6f7bf0a6-8323-4acd-b50e-b2715aa5dfaa] Launch mode: STEALTH (raw spawn + connectOverCDP)
2026-09-04T11:35:11.897Z [7ffb7ff4-1d40-410a-a277-a1493d4b531d][6f7bf0a6-8323-4acd-b50e-b2715aa5dfaa] Start keyframe upload failed: page.waitForSelector: Timeout 8000ms exceeded.
Call log:
[2m  - waiting for locator('xpath=/html/body/div[1]/div[2]/div') to be visible[22m

2026-09-04T11:35:11.898Z [7ffb7ff4-1d40-410a-a277-a1493d4b531d][6f7bf0a6-8323-4acd-b50e-b2715aa5dfaa] ⚠ Start keyframe NOT applied: page.waitForSelector: Timeout 8000ms exceeded.
Call log:
[2m  - waiting for locator('xpath=/html/body/div[1]/div[2]/div') to be visible[22m

2026-09-04T11:35:11.912Z [7ffb7ff4-1d40-410a-a277-a1493d4b531d][6f7bf0a6-8323-4acd-b50e-b2715aa5dfaa] DIAG: input[type=file] count=0; visible buttons=["Nút quay lại để quay về trang trước","Các lựa chọn khác cho dự án","Tìm kiếm","Các lựa chọn lọc và sắp xếp","Trình đơn thêm nội dung nghe nhìn","Trợ giúp về sản phẩm","Cài đặt lưới ô","Lựa chọn khác","Thêm thành phần vào ô nhập câu lệnh","Tác nhân","Điều kiện kích hoạt cài đặt","Bắt đầu tạo","uploadTải nội dung nghe nhìn lên","Family leaving park together safelyVideo","1788158601790_62a305_winai_2026-08-31T06","Family leaving park safelyVideo","Nessa comforting Arlo by riverVideo","1788158323338_b683ed_winai_2026-08-31T06","Nessa comforting Arlo by riverVideo","Graham talks to Arlo by river…Video","1788091598142_057200_winai_2026-08-30T12","Graham warns Arlo by riverVideo","Băng nứt trên sôngVideo","1788091477963_9000cc_winai_2026-08-30T12","Camera films cracking ice blockVideo","Graham pulls Arlo to safetyVideo","1788091400568_204cda_winai_2026-08-30T12","Graham rescues Arlo from iceVideo","Phát","Bật tiếng","Thêm vào câu lệnh"]
2026-09-04T11:35:11.914Z [7ffb7ff4-1d40-410a-a277-a1493d4b531d][6f7bf0a6-8323-4acd-b50e-b2715aa5dfaa] Flow attempt 1/1 failed: Start keyframe/ingredient provided but could not be attached — aborting before submit to avoid detecting/downloading pre-existing project videos.
2026-09-04T11:35:11.914Z [7ffb7ff4-1d40-410a-a277-a1493d4b531d][6f7bf0a6-8323-4acd-b50e-b2715aa5dfaa] runGeneration ERROR exception: Error: Start keyframe/ingredient provided but could not be attached — aborting before submit to avoid detecting/downloading pre-existing project videos.
    at runGoogleFlow (C:\snapshot\sidecar\dist\sidecar.cjs:9144:11)
    at async runGeneration (C:\snapshot\sidecar\dist\sidecar.cjs:10021:11)
    at async handleCommand (C:\snapshot\sidecar\dist\sidecar.cjs:6510:7)
    at async C:\snapshot\sidecar\dist\sidecar.cjs:6426:11
2026-09-04T11:35:13.003Z [c9e5b8d8-7bd1-49bd-b628-c71eb3aa0b2b][6f7bf0a6-8323-4acd-b50e-b2715aa5dfaa] Exit IP: 115.74.128.9
2026-09-04T11:35:13.003Z [c9e5b8d8-7bd1-49bd-b628-c71eb3aa0b2b][6f7bf0a6-8323-4acd-b50e-b2715aa5dfaa] Navigating browser to Google Flow tools page...
2026-09-04T11:35:13.004Z [c9e5b8d8-7bd1-49bd-b628-c71eb3aa0b2b][6f7bf0a6-8323-4acd-b50e-b2715aa5dfaa] Using existing project URL: https://flow.google.com/project/33ca2cc2-c9ff-4bb6-9048-2a7af1dfcfee
2026-09-04T11:35:13.270Z [69488bbb-0ad2-40d9-957b-cf6202cb22e6][6f7bf0a6-8323-4acd-b50e-b2715aa5dfaa] runGeneration starting: task_id=69488bbb-0ad2-40d9-957b-cf6202cb22e6, profile_id=6f7bf0a6-8323-4acd-b50e-b2715aa5dfaa, target_site=google_flow
2026-09-04T11:35:13.270Z [69488bbb-0ad2-40d9-957b-cf6202cb22e6][6f7bf0a6-8323-4acd-b50e-b2715aa5dfaa] Opening Playwright browser with persistent profile cookies...
2026-09-04T11:35:13.271Z [69488bbb-0ad2-40d9-957b-cf6202cb22e6][6f7bf0a6-8323-4acd-b50e-b2715aa5dfaa] Browser engine: winhide (C:\Users\Admin\AppData\Roaming\com.tank.winai\winhide\chrome.exe) [hidden off-screen]
2026-09-04T11:35:13.271Z [69488bbb-0ad2-40d9-957b-cf6202cb22e6][6f7bf0a6-8323-4acd-b50e-b2715aa5dfaa] Launch mode: STEALTH (raw spawn + connectOverCDP)
2026-09-04T11:35:13.981Z [c9e5b8d8-7bd1-49bd-b628-c71eb3aa0b2b][6f7bf0a6-8323-4acd-b50e-b2715aa5dfaa] Waiting for Google Flow...
2026-09-04T11:35:14.645Z [69488bbb-0ad2-40d9-957b-cf6202cb22e6][6f7bf0a6-8323-4acd-b50e-b2715aa5dfaa] Exit IP: 115.74.128.9
2026-09-04T11:35:14.645Z [69488bbb-0ad2-40d9-957b-cf6202cb22e6][6f7bf0a6-8323-4acd-b50e-b2715aa5dfaa] Navigating browser to Google Flow tools page...
2026-09-04T11:35:14.645Z [69488bbb-0ad2-40d9-957b-cf6202cb22e6][6f7bf0a6-8323-4acd-b50e-b2715aa5dfaa] Using existing project URL: https://flow.google.com/project/c2a607c5-d833-4be1-8108-407b74d4ed85
2026-09-04T11:35:15.313Z [b476bdff-4847-4781-91f3-22ef0bba8c4b][6f7bf0a6-8323-4acd-b50e-b2715aa5dfaa] Start keyframe upload failed: page.waitForSelector: Timeout 8000ms exceeded.
Call log:
[2m  - waiting for locator('xpath=/html/body/div[1]/div[2]/div') to be visible[22m

2026-09-04T11:35:15.313Z [b476bdff-4847-4781-91f3-22ef0bba8c4b][6f7bf0a6-8323-4acd-b50e-b2715aa5dfaa] ⚠ Start keyframe NOT applied: page.waitForSelector: Timeout 8000ms exceeded.
Call log:
[2m  - waiting for locator('xpath=/html/body/div[1]/div[2]/div') to be visible[22m

2026-09-04T11:35:15.325Z [b476bdff-4847-4781-91f3-22ef0bba8c4b][6f7bf0a6-8323-4acd-b50e-b2715aa5dfaa] DIAG: input[type=file] count=0; visible buttons=["Nút quay lại để quay về trang trước","Các lựa chọn khác cho dự án","Tìm kiếm","Các lựa chọn lọc và sắp xếp","Trình đơn thêm nội dung nghe nhìn","Trợ giúp về sản phẩm","Cài đặt lưới ô","Lựa chọn khác","Thêm thành phần vào ô nhập câu lệnh","Tác nhân","Điều kiện kích hoạt cài đặt","Bắt đầu tạo","uploadTải nội dung nghe nhìn lên","1788090404443_62275d_winai_2026-08-30T11","Arlo admitting he was scaredVideo","1788158480055_1caa94_winai_2026-08-31T06","Arlo admits he was scaredVideo","Nessa questioning Arlo by riverVideo","1788158326284_d27d93_winai_2026-08-31T06","Nessa questioning ArloVideo","Ice slabs floating down riverVideo","1788091531457_842940_winai_2026-08-30T12","Ice slabs drifting down riverVideo","Ice floe drifting toward rocksVideo","1788091353389_4c49f2_winai_2026-08-30T12","Ice floating toward rocksVideo","Arlo rescue operation on iceVideo","1788091230589_2e5c07_winai_2026-08-30T11","Thêm vào câu lệnh"]
2026-09-04T11:35:15.327Z [b476bdff-4847-4781-91f3-22ef0bba8c4b][6f7bf0a6-8323-4acd-b50e-b2715aa5dfaa] Flow attempt 1/1 failed: Start keyframe/ingredient provided but could not be attached — aborting before submit to avoid detecting/downloading pre-existing project videos.
2026-09-04T11:35:15.327Z [b476bdff-4847-4781-91f3-22ef0bba8c4b][6f7bf0a6-8323-4acd-b50e-b2715aa5dfaa] runGeneration ERROR exception: Error: Start keyframe/ingredient provided but could not be attached — aborting before submit to avoid detecting/downloading pre-existing project videos.
    at runGoogleFlow (C:\snapshot\sidecar\dist\sidecar.cjs:9144:11)
    at async runGeneration (C:\snapshot\sidecar\dist\sidecar.cjs:10021:11)
    at async handleCommand (C:\snapshot\sidecar\dist\sidecar.cjs:6510:7)
    at async C:\snapshot\sidecar\dist\sidecar.cjs:6426:11
2026-09-04T11:35:15.579Z [69488bbb-0ad2-40d9-957b-cf6202cb22e6][6f7bf0a6-8323-4acd-b50e-b2715aa5dfaa] Waiting for Google Flow...
2026-09-04T11:35:16.186Z [c9e5b8d8-7bd1-49bd-b628-c71eb3aa0b2b][6f7bf0a6-8323-4acd-b50e-b2715aa5dfaa] In existing project ✓
2026-09-04T11:35:16.282Z [ba381bcd-3847-4e6b-9d97-5b7f7864d0f3][6f7bf0a6-8323-4acd-b50e-b2715aa5dfaa] runGeneration starting: task_id=ba381bcd-3847-4e6b-9d97-5b7f7864d0f3, profile_id=6f7bf0a6-8323-4acd-b50e-b2715aa5dfaa, target_site=google_flow
2026-09-04T11:35:16.283Z [ba381bcd-3847-4e6b-9d97-5b7f7864d0f3][6f7bf0a6-8323-4acd-b50e-b2715aa5dfaa] Opening Playwright browser with persistent profile cookies...
2026-09-04T11:35:16.283Z [ba381bcd-3847-4e6b-9d97-5b7f7864d0f3][6f7bf0a6-8323-4acd-b50e-b2715aa5dfaa] Browser engine: winhide (C:\Users\Admin\AppData\Roaming\com.tank.winai\winhide\chrome.exe) [hidden off-screen]
2026-09-04T11:35:16.284Z [ba381bcd-3847-4e6b-9d97-5b7f7864d0f3][6f7bf0a6-8323-4acd-b50e-b2715aa5dfaa] Launch mode: STEALTH (raw spawn + connectOverCDP)
2026-09-04T11:35:17.191Z [7077d8b3-3ec5-4a97-8231-6c244c233b7b][6f7bf0a6-8323-4acd-b50e-b2715aa5dfaa] Start keyframe upload failed: page.waitForSelector: Timeout 8000ms exceeded.
Call log:
[2m  - waiting for locator('xpath=/html/body/div[1]/div[2]/div') to be visible[22m

2026-09-04T11:35:17.191Z [7077d8b3-3ec5-4a97-8231-6c244c233b7b][6f7bf0a6-8323-4acd-b50e-b2715aa5dfaa] ⚠ Start keyframe NOT applied: page.waitForSelector: Timeout 8000ms exceeded.
Call log:
[2m  - waiting for locator('xpath=/html/body/div[1]/div[2]/div') to be visible[22m

2026-09-04T11:35:17.216Z [7077d8b3-3ec5-4a97-8231-6c244c233b7b][6f7bf0a6-8323-4acd-b50e-b2715aa5dfaa] DIAG: input[type=file] count=0; visible buttons=["Nút quay lại để quay về trang trước","Các lựa chọn khác cho dự án","Tìm kiếm","Các lựa chọn lọc và sắp xếp","Trình đơn thêm nội dung nghe nhìn","Trợ giúp về sản phẩm","Cài đặt lưới ô","Lựa chọn khác","Thêm thành phần vào ô nhập câu lệnh","Tác nhân","Điều kiện kích hoạt cài đặt","Bắt đầu tạo","uploadTải nội dung nghe nhìn lên","Nessa holding Arlo handVideo","1788158449211_79b2eb_winai_2026-08-31T06","Girl holding brother's handVideo","Graham comforts Arlo with wisdomVideo","1788158379819_c3b7b4_winai_2026-08-31T06","Arlo looking at dark waterVideo","1788091539011_055b3c_winai_2026-08-30T12","Iceberg colliding with rockVideo","1788091350195_60da54_winai_2026-08-30T12","Iceberg colliding with rockVideo","Graham rescuing Arlo from riverVideo","1788091310668_2b4631_winai_2026-08-30T11","Graham rescuing Arlo from riverVideo","Arlo and Graham water rescueVideo","1788091089350_1133dc_winai_2026-08-30T11","Phát","Bật tiếng","Thêm vào câu lệnh"]
2026-09-04T11:35:17.218Z [7077d8b3-3ec5-4a97-8231-6c244c233b7b][6f7bf0a6-8323-4acd-b50e-b2715aa5dfaa] Flow attempt 1/1 failed: Start keyframe/ingredient provided but could not be attached — aborting before submit to avoid detecting/downloading pre-existing project videos.
2026-09-04T11:35:17.218Z [7077d8b3-3ec5-4a97-8231-6c244c233b7b][6f7bf0a6-8323-4acd-b50e-b2715aa5dfaa] runGeneration ERROR exception: Error: Start keyframe/ingredient provided but could not be attached — aborting before submit to avoid detecting/downloading pre-existing project videos.
    at runGoogleFlow (C:\snapshot\sidecar\dist\sidecar.cjs:9144:11)
    at async runGeneration (C:\snapshot\sidecar\dist\sidecar.cjs:10021:11)
    at async handleCommand (C:\snapshot\sidecar\dist\sidecar.cjs:6510:7)
    at async C:\snapshot\sidecar\dist\sidecar.cjs:6426:11
2026-09-04T11:35:17.293Z [c9e5b8d8-7bd1-49bd-b628-c71eb3aa0b2b][6f7bf0a6-8323-4acd-b50e-b2715aa5dfaa] dismissPopups: unresolved overlay(s) ["IFRAME[presentation]|btns="]
2026-09-04T11:35:17.448Z [69488bbb-0ad2-40d9-957b-cf6202cb22e6][6f7bf0a6-8323-4acd-b50e-b2715aa5dfaa] In existing project ✓
2026-09-04T11:35:17.764Z [ba381bcd-3847-4e6b-9d97-5b7f7864d0f3][6f7bf0a6-8323-4acd-b50e-b2715aa5dfaa] Exit IP: 115.74.128.9
2026-09-04T11:35:17.765Z [ba381bcd-3847-4e6b-9d97-5b7f7864d0f3][6f7bf0a6-8323-4acd-b50e-b2715aa5dfaa] Navigating browser to Google Flow tools page...
2026-09-04T11:35:17.765Z [ba381bcd-3847-4e6b-9d97-5b7f7864d0f3][6f7bf0a6-8323-4acd-b50e-b2715aa5dfaa] Using existing project URL: https://flow.google.com/project/cae2bf2b-d1b8-40f9-a300-9f2aa6276ea5
2026-09-04T11:35:17.832Z [da9807f3-55fd-42e9-9391-cfa809de4f29][6f7bf0a6-8323-4acd-b50e-b2715aa5dfaa] runGeneration starting: task_id=da9807f3-55fd-42e9-9391-cfa809de4f29, profile_id=6f7bf0a6-8323-4acd-b50e-b2715aa5dfaa, target_site=google_flow
2026-09-04T11:35:17.833Z [da9807f3-55fd-42e9-9391-cfa809de4f29][6f7bf0a6-8323-4acd-b50e-b2715aa5dfaa] Opening Playwright browser with persistent profile cookies...
2026-09-04T11:35:17.833Z [da9807f3-55fd-42e9-9391-cfa809de4f29][6f7bf0a6-8323-4acd-b50e-b2715aa5dfaa] Browser engine: winhide (C:\Users\Admin\AppData\Roaming\com.tank.winai\winhide\chrome.exe) [hidden off-screen]
2026-09-04T11:35:17.834Z [da9807f3-55fd-42e9-9391-cfa809de4f29][6f7bf0a6-8323-4acd-b50e-b2715aa5dfaa] Launch mode: STEALTH (raw spawn + connectOverCDP)
2026-09-04T11:35:18.322Z [69488bbb-0ad2-40d9-957b-cf6202cb22e6][6f7bf0a6-8323-4acd-b50e-b2715aa5dfaa] dismissPopups: unresolved overlay(s) ["IFRAME[presentation]|btns="]
2026-09-04T11:35:18.763Z [ba381bcd-3847-4e6b-9d97-5b7f7864d0f3][6f7bf0a6-8323-4acd-b50e-b2715aa5dfaa] Waiting for Google Flow...
2026-09-04T11:35:19.286Z [da9807f3-55fd-42e9-9391-cfa809de4f29][6f7bf0a6-8323-4acd-b50e-b2715aa5dfaa] Exit IP: 115.74.128.9
2026-09-04T11:35:19.287Z [da9807f3-55fd-42e9-9391-cfa809de4f29][6f7bf0a6-8323-4acd-b50e-b2715aa5dfaa] Navigating browser to Google Flow tools page...
2026-09-04T11:35:19.287Z [da9807f3-55fd-42e9-9391-cfa809de4f29][6f7bf0a6-8323-4acd-b50e-b2715aa5dfaa] Using existing project URL: https://flow.google.com/project/cd81a7d3-c989-419e-891a-f8694174cb85
2026-09-04T11:35:20.413Z [da9807f3-55fd-42e9-9391-cfa809de4f29][6f7bf0a6-8323-4acd-b50e-b2715aa5dfaa] Waiting for Google Flow...
2026-09-04T11:35:21.049Z [ba381bcd-3847-4e6b-9d97-5b7f7864d0f3][6f7bf0a6-8323-4acd-b50e-b2715aa5dfaa] In existing project ✓
2026-09-04T11:35:21.952Z [da9807f3-55fd-42e9-9391-cfa809de4f29][6f7bf0a6-8323-4acd-b50e-b2715aa5dfaa] In existing project ✓
2026-09-04T11:35:22.067Z [ba381bcd-3847-4e6b-9d97-5b7f7864d0f3][6f7bf0a6-8323-4acd-b50e-b2715aa5dfaa] dismissPopups: unresolved overlay(s) ["IFRAME[presentation]|btns="]
2026-09-04T11:35:22.905Z [da9807f3-55fd-42e9-9391-cfa809de4f29][6f7bf0a6-8323-4acd-b50e-b2715aa5dfaa] dismissPopups: unresolved overlay(s) ["IFRAME[presentation]|btns="]
2026-09-04T11:35:47.334Z [c9e5b8d8-7bd1-49bd-b628-c71eb3aa0b2b][6f7bf0a6-8323-4acd-b50e-b2715aa5dfaa] Composer readiness wait timed out — diagnosing...
2026-09-04T11:35:47.338Z [c9e5b8d8-7bd1-49bd-b628-c71eb3aa0b2b][6f7bf0a6-8323-4acd-b50e-b2715aa5dfaa] READINESS-DIAG: {"url":"https://flow.google.com/project/33ca2cc2-c9ff-4bb6-9048-2a7af1dfcfee","vh":1280,"ceCount":1,"ce":["DIV@1217"],"btnCount":30,"btns":["arrow_back@18","more_vert@18","search@21","filter_list@18","add@18","help@18","settings_2@18","more_vert@18","@88","@88","@88","@88","@88","@88","@88","@88","@88","@88","@88","@88","@88","@88","@355","@355","@355","@355","@355","@355","@355","@355"]}
2026-09-04T11:35:48.350Z [69488bbb-0ad2-40d9-957b-cf6202cb22e6][6f7bf0a6-8323-4acd-b50e-b2715aa5dfaa] Composer readiness wait timed out — diagnosing...
2026-09-04T11:35:48.355Z [69488bbb-0ad2-40d9-957b-cf6202cb22e6][6f7bf0a6-8323-4acd-b50e-b2715aa5dfaa] READINESS-DIAG: {"url":"https://flow.google.com/project/c2a607c5-d833-4be1-8108-407b74d4ed85","vh":1280,"ceCount":1,"ce":["DIV@1217"],"btnCount":30,"btns":["arrow_back@18","more_vert@18","search@21","filter_list@18","add@18","help@18","settings_2@18","more_vert@18","@88","@88","@88","@88","@88","@88","@88","@88","@88","@88","@88","@88","@88","@88","@355","@355","@355","@355","@355","@355","@355","@355"]}
2026-09-04T11:35:49.363Z [c9e5b8d8-7bd1-49bd-b628-c71eb3aa0b2b][6f7bf0a6-8323-4acd-b50e-b2715aa5dfaa] Agent toggle aria-pressed=false
2026-09-04T11:35:49.363Z [c9e5b8d8-7bd1-49bd-b628-c71eb3aa0b2b][6f7bf0a6-8323-4acd-b50e-b2715aa5dfaa] Already in normal mode (or Agent toggle absent) — no switch needed.
2026-09-04T11:35:49.373Z [c9e5b8d8-7bd1-49bd-b628-c71eb3aa0b2b][6f7bf0a6-8323-4acd-b50e-b2715aa5dfaa] dismissPopups: removed 145 overlay(s) ["DIV.header-backdrop|","DIV.pre-hover-overlay|play_circle","DIV.hover-overlay-has-progress-bar|"]
2026-09-04T11:35:49.778Z [c9e5b8d8-7bd1-49bd-b628-c71eb3aa0b2b][6f7bf0a6-8323-4acd-b50e-b2715aa5dfaa] dismissPopups: unresolved overlay(s) ["IFRAME[presentation]|btns="]
2026-09-04T11:35:49.784Z [c9e5b8d8-7bd1-49bd-b628-c71eb3aa0b2b][6f7bf0a6-8323-4acd-b50e-b2715aa5dfaa] Opening settings...
2026-09-04T11:35:49.785Z [c9e5b8d8-7bd1-49bd-b628-c71eb3aa0b2b][6f7bf0a6-8323-4acd-b50e-b2715aa5dfaa] Trying absolute XPath for settings button...
2026-09-04T11:35:49.788Z [c9e5b8d8-7bd1-49bd-b628-c71eb3aa0b2b][6f7bf0a6-8323-4acd-b50e-b2715aa5dfaa] Trying composer config-chip (crop_ glyph)...
2026-09-04T11:35:50.398Z [69488bbb-0ad2-40d9-957b-cf6202cb22e6][6f7bf0a6-8323-4acd-b50e-b2715aa5dfaa] Agent toggle aria-pressed=false
2026-09-04T11:35:50.398Z [69488bbb-0ad2-40d9-957b-cf6202cb22e6][6f7bf0a6-8323-4acd-b50e-b2715aa5dfaa] Already in normal mode (or Agent toggle absent) — no switch needed.
2026-09-04T11:35:50.413Z [69488bbb-0ad2-40d9-957b-cf6202cb22e6][6f7bf0a6-8323-4acd-b50e-b2715aa5dfaa] dismissPopups: removed 148 overlay(s) ["DIV.header-backdrop|","DIV.pre-hover-overlay|play_circle","DIV.hover-overlay-has-progress-bar|"]
2026-09-04T11:35:50.821Z [69488bbb-0ad2-40d9-957b-cf6202cb22e6][6f7bf0a6-8323-4acd-b50e-b2715aa5dfaa] dismissPopups: unresolved overlay(s) ["IFRAME[presentation]|btns="]
2026-09-04T11:35:50.829Z [69488bbb-0ad2-40d9-957b-cf6202cb22e6][6f7bf0a6-8323-4acd-b50e-b2715aa5dfaa] Opening settings...
2026-09-04T11:35:50.829Z [69488bbb-0ad2-40d9-957b-cf6202cb22e6][6f7bf0a6-8323-4acd-b50e-b2715aa5dfaa] Trying absolute XPath for settings button...
2026-09-04T11:35:50.832Z [69488bbb-0ad2-40d9-957b-cf6202cb22e6][6f7bf0a6-8323-4acd-b50e-b2715aa5dfaa] Trying composer config-chip (crop_ glyph)...
2026-09-04T11:35:52.088Z [ba381bcd-3847-4e6b-9d97-5b7f7864d0f3][6f7bf0a6-8323-4acd-b50e-b2715aa5dfaa] Composer readiness wait timed out — diagnosing...
2026-09-04T11:35:52.094Z [ba381bcd-3847-4e6b-9d97-5b7f7864d0f3][6f7bf0a6-8323-4acd-b50e-b2715aa5dfaa] READINESS-DIAG: {"url":"https://flow.google.com/project/cae2bf2b-d1b8-40f9-a300-9f2aa6276ea5","vh":1280,"ceCount":1,"ce":["DIV@1217"],"btnCount":30,"btns":["arrow_back@18","more_vert@18","search@21","filter_list@18","add@18","help@18","settings_2@18","more_vert@18","@88","@88","@88","@88","@88","@88","@88","@88","@88","@88","@88","@88","@88","@354","@354","@354","@354","@354","@354","@354","@354","@354"]}
2026-09-04T11:35:52.923Z [da9807f3-55fd-42e9-9391-cfa809de4f29][6f7bf0a6-8323-4acd-b50e-b2715aa5dfaa] Composer readiness wait timed out — diagnosing...
2026-09-04T11:35:52.928Z [da9807f3-55fd-42e9-9391-cfa809de4f29][6f7bf0a6-8323-4acd-b50e-b2715aa5dfaa] READINESS-DIAG: {"url":"https://flow.google.com/project/cd81a7d3-c989-419e-891a-f8694174cb85","vh":1280,"ceCount":1,"ce":["DIV@1217"],"btnCount":30,"btns":["arrow_back@18","more_vert@18","search@21","filter_list@18","add@18","help@18","settings_2@18","more_vert@18","@88","@88","@88","@88","@88","@88","@88","@88","@88","@88","@88","@88","@88","@354","@354","@354","@354","@354","@354","@354","@354","@354"]}
2026-09-04T11:35:54.119Z [ba381bcd-3847-4e6b-9d97-5b7f7864d0f3][6f7bf0a6-8323-4acd-b50e-b2715aa5dfaa] Agent toggle aria-pressed=false
2026-09-04T11:35:54.120Z [ba381bcd-3847-4e6b-9d97-5b7f7864d0f3][6f7bf0a6-8323-4acd-b50e-b2715aa5dfaa] Already in normal mode (or Agent toggle absent) — no switch needed.
2026-09-04T11:35:54.131Z [ba381bcd-3847-4e6b-9d97-5b7f7864d0f3][6f7bf0a6-8323-4acd-b50e-b2715aa5dfaa] dismissPopups: removed 142 overlay(s) ["DIV.header-backdrop|","DIV.pre-hover-overlay|","DIV.hover-overlay|"]
2026-09-04T11:35:54.542Z [ba381bcd-3847-4e6b-9d97-5b7f7864d0f3][6f7bf0a6-8323-4acd-b50e-b2715aa5dfaa] dismissPopups: unresolved overlay(s) ["IFRAME[presentation]|btns="]
2026-09-04T11:35:54.548Z [ba381bcd-3847-4e6b-9d97-5b7f7864d0f3][6f7bf0a6-8323-4acd-b50e-b2715aa5dfaa] Opening settings...
2026-09-04T11:35:54.548Z [ba381bcd-3847-4e6b-9d97-5b7f7864d0f3][6f7bf0a6-8323-4acd-b50e-b2715aa5dfaa] Trying absolute XPath for settings button...
2026-09-04T11:35:54.552Z [ba381bcd-3847-4e6b-9d97-5b7f7864d0f3][6f7bf0a6-8323-4acd-b50e-b2715aa5dfaa] Trying composer config-chip (crop_ glyph)...
2026-09-04T11:35:54.668Z [c9e5b8d8-7bd1-49bd-b628-c71eb3aa0b2b][6f7bf0a6-8323-4acd-b50e-b2715aa5dfaa] Trying robust fallbacks for settings button...
2026-09-04T11:35:54.736Z [c9e5b8d8-7bd1-49bd-b628-c71eb3aa0b2b][6f7bf0a6-8323-4acd-b50e-b2715aa5dfaa] Found settings button using robust selector: "button[aria-label*="Cài đặt" i]"
2026-09-04T11:35:54.959Z [da9807f3-55fd-42e9-9391-cfa809de4f29][6f7bf0a6-8323-4acd-b50e-b2715aa5dfaa] Agent toggle aria-pressed=false
2026-09-04T11:35:54.959Z [da9807f3-55fd-42e9-9391-cfa809de4f29][6f7bf0a6-8323-4acd-b50e-b2715aa5dfaa] Already in normal mode (or Agent toggle absent) — no switch needed.
2026-09-04T11:35:54.972Z [da9807f3-55fd-42e9-9391-cfa809de4f29][6f7bf0a6-8323-4acd-b50e-b2715aa5dfaa] dismissPopups: removed 145 overlay(s) ["DIV.header-backdrop|","DIV.pre-hover-overlay|play_circle","DIV.hover-overlay-has-progress-bar|"]
2026-09-04T11:35:55.381Z [da9807f3-55fd-42e9-9391-cfa809de4f29][6f7bf0a6-8323-4acd-b50e-b2715aa5dfaa] dismissPopups: unresolved overlay(s) ["IFRAME[presentation]|btns="]
2026-09-04T11:35:55.386Z [da9807f3-55fd-42e9-9391-cfa809de4f29][6f7bf0a6-8323-4acd-b50e-b2715aa5dfaa] Opening settings...
2026-09-04T11:35:55.386Z [da9807f3-55fd-42e9-9391-cfa809de4f29][6f7bf0a6-8323-4acd-b50e-b2715aa5dfaa] Trying absolute XPath for settings button...
2026-09-04T11:35:55.390Z [da9807f3-55fd-42e9-9391-cfa809de4f29][6f7bf0a6-8323-4acd-b50e-b2715aa5dfaa] Trying composer config-chip (crop_ glyph)...
2026-09-04T11:35:55.718Z [69488bbb-0ad2-40d9-957b-cf6202cb22e6][6f7bf0a6-8323-4acd-b50e-b2715aa5dfaa] Trying robust fallbacks for settings button...
2026-09-04T11:35:55.792Z [69488bbb-0ad2-40d9-957b-cf6202cb22e6][6f7bf0a6-8323-4acd-b50e-b2715aa5dfaa] Found settings button using robust selector: "button[aria-label*="Cài đặt" i]"
2026-09-04T11:35:55.883Z [c9e5b8d8-7bd1-49bd-b628-c71eb3aa0b2b][6f7bf0a6-8323-4acd-b50e-b2715aa5dfaa] Configuring video settings...
2026-09-04T11:35:55.884Z [c9e5b8d8-7bd1-49bd-b628-c71eb3aa0b2b][6f7bf0a6-8323-4acd-b50e-b2715aa5dfaa] Locating Video tab button...
2026-09-04T11:35:55.884Z [c9e5b8d8-7bd1-49bd-b628-c71eb3aa0b2b][6f7bf0a6-8323-4acd-b50e-b2715aa5dfaa] Trying absolute XPath for Video tab: /html/body/div[3]/div/div[1]/div/button[2]
2026-09-04T11:35:55.885Z [c9e5b8d8-7bd1-49bd-b628-c71eb3aa0b2b][6f7bf0a6-8323-4acd-b50e-b2715aa5dfaa] xClick: waiting visible xpath=/html/body/div[3]/div/div[1]/div/button[2]
2026-09-04T11:35:56.758Z [69488bbb-0ad2-40d9-957b-cf6202cb22e6][6f7bf0a6-8323-4acd-b50e-b2715aa5dfaa] Configuring video settings...
2026-09-04T11:35:56.758Z [69488bbb-0ad2-40d9-957b-cf6202cb22e6][6f7bf0a6-8323-4acd-b50e-b2715aa5dfaa] Locating Video tab button...
2026-09-04T11:35:56.758Z [69488bbb-0ad2-40d9-957b-cf6202cb22e6][6f7bf0a6-8323-4acd-b50e-b2715aa5dfaa] Trying absolute XPath for Video tab: /html/body/div[3]/div/div[1]/div/button[2]
2026-09-04T11:35:56.759Z [69488bbb-0ad2-40d9-957b-cf6202cb22e6][6f7bf0a6-8323-4acd-b50e-b2715aa5dfaa] xClick: waiting visible xpath=/html/body/div[3]/div/div[1]/div/button[2]
2026-09-04T11:35:58.888Z [c9e5b8d8-7bd1-49bd-b628-c71eb3aa0b2b][6f7bf0a6-8323-4acd-b50e-b2715aa5dfaa] Absolute XPath for Video tab failed: page.waitForSelector: Timeout 3000ms exceeded.
Call log:
[2m  - waiting for locator('xpath=/html/body/div[3]/div/div[1]/div/button[2]') to be visible[22m
. Trying robust fallbacks...
2026-09-04T11:35:59.428Z [ba381bcd-3847-4e6b-9d97-5b7f7864d0f3][6f7bf0a6-8323-4acd-b50e-b2715aa5dfaa] Trying robust fallbacks for settings button...
2026-09-04T11:35:59.501Z [ba381bcd-3847-4e6b-9d97-5b7f7864d0f3][6f7bf0a6-8323-4acd-b50e-b2715aa5dfaa] Found settings button using robust selector: "button[aria-label*="Cài đặt" i]"
2026-09-04T11:35:59.768Z [69488bbb-0ad2-40d9-957b-cf6202cb22e6][6f7bf0a6-8323-4acd-b50e-b2715aa5dfaa] Absolute XPath for Video tab failed: page.waitForSelector: Timeout 3000ms exceeded.
Call log:
[2m  - waiting for locator('xpath=/html/body/div[3]/div/div[1]/div/button[2]') to be visible[22m
. Trying robust fallbacks...
2026-09-04T11:35:59.815Z [c9e5b8d8-7bd1-49bd-b628-c71eb3aa0b2b][6f7bf0a6-8323-4acd-b50e-b2715aa5dfaa] Selecting Video Mode: Frames
2026-09-04T11:36:00.267Z [da9807f3-55fd-42e9-9391-cfa809de4f29][6f7bf0a6-8323-4acd-b50e-b2715aa5dfaa] Trying robust fallbacks for settings button...
2026-09-04T11:36:00.337Z [da9807f3-55fd-42e9-9391-cfa809de4f29][6f7bf0a6-8323-4acd-b50e-b2715aa5dfaa] Found settings button using robust selector: "button[aria-label*="Cài đặt" i]"
2026-09-04T11:36:00.603Z [69488bbb-0ad2-40d9-957b-cf6202cb22e6][6f7bf0a6-8323-4acd-b50e-b2715aa5dfaa] Selecting Video Mode: Frames
2026-09-04T11:36:00.603Z [ba381bcd-3847-4e6b-9d97-5b7f7864d0f3][6f7bf0a6-8323-4acd-b50e-b2715aa5dfaa] Configuring video settings...
2026-09-04T11:36:00.604Z [ba381bcd-3847-4e6b-9d97-5b7f7864d0f3][6f7bf0a6-8323-4acd-b50e-b2715aa5dfaa] Locating Video tab button...
2026-09-04T11:36:00.604Z [ba381bcd-3847-4e6b-9d97-5b7f7864d0f3][6f7bf0a6-8323-4acd-b50e-b2715aa5dfaa] Trying absolute XPath for Video tab: /html/body/div[3]/div/div[1]/div/button[2]
2026-09-04T11:36:00.604Z [ba381bcd-3847-4e6b-9d97-5b7f7864d0f3][6f7bf0a6-8323-4acd-b50e-b2715aa5dfaa] xClick: waiting visible xpath=/html/body/div[3]/div/div[1]/div/button[2]
2026-09-04T11:36:01.257Z [da9807f3-55fd-42e9-9391-cfa809de4f29][6f7bf0a6-8323-4acd-b50e-b2715aa5dfaa] Configuring video settings...
2026-09-04T11:36:01.257Z [da9807f3-55fd-42e9-9391-cfa809de4f29][6f7bf0a6-8323-4acd-b50e-b2715aa5dfaa] Locating Video tab button...
2026-09-04T11:36:01.257Z [da9807f3-55fd-42e9-9391-cfa809de4f29][6f7bf0a6-8323-4acd-b50e-b2715aa5dfaa] Trying absolute XPath for Video tab: /html/body/div[3]/div/div[1]/div/button[2]
2026-09-04T11:36:01.258Z [da9807f3-55fd-42e9-9391-cfa809de4f29][6f7bf0a6-8323-4acd-b50e-b2715aa5dfaa] xClick: waiting visible xpath=/html/body/div[3]/div/div[1]/div/button[2]
2026-09-04T11:36:03.609Z [ba381bcd-3847-4e6b-9d97-5b7f7864d0f3][6f7bf0a6-8323-4acd-b50e-b2715aa5dfaa] Absolute XPath for Video tab failed: page.waitForSelector: Timeout 3000ms exceeded.
Call log:
[2m  - waiting for locator('xpath=/html/body/div[3]/div/div[1]/div/button[2]') to be visible[22m
. Trying robust fallbacks...
2026-09-04T11:36:04.268Z [da9807f3-55fd-42e9-9391-cfa809de4f29][6f7bf0a6-8323-4acd-b50e-b2715aa5dfaa] Absolute XPath for Video tab failed: page.waitForSelector: Timeout 3000ms exceeded.
Call log:
[2m  - waiting for locator('xpath=/html/body/div[3]/div/div[1]/div/button[2]') to be visible[22m
. Trying robust fallbacks...
2026-09-04T11:36:04.418Z [ba381bcd-3847-4e6b-9d97-5b7f7864d0f3][6f7bf0a6-8323-4acd-b50e-b2715aa5dfaa] Selecting Video Mode: Frames
2026-09-04T11:36:05.127Z [da9807f3-55fd-42e9-9391-cfa809de4f29][6f7bf0a6-8323-4acd-b50e-b2715aa5dfaa] Selecting Video Mode: Frames
2026-09-04T11:36:07.820Z [c9e5b8d8-7bd1-49bd-b628-c71eb3aa0b2b][6f7bf0a6-8323-4acd-b50e-b2715aa5dfaa] DIAG settings-dialog controls: []
2026-09-04T11:36:07.821Z [c9e5b8d8-7bd1-49bd-b628-c71eb3aa0b2b][6f7bf0a6-8323-4acd-b50e-b2715aa5dfaa] Frames tab not visible within 8s — attempting force-click anyway
2026-09-04T11:36:08.610Z [69488bbb-0ad2-40d9-957b-cf6202cb22e6][6f7bf0a6-8323-4acd-b50e-b2715aa5dfaa] DIAG settings-dialog controls: []
2026-09-04T11:36:08.611Z [69488bbb-0ad2-40d9-957b-cf6202cb22e6][6f7bf0a6-8323-4acd-b50e-b2715aa5dfaa] Frames tab not visible within 8s — attempting force-click anyway
2026-09-04T11:36:12.420Z [ba381bcd-3847-4e6b-9d97-5b7f7864d0f3][6f7bf0a6-8323-4acd-b50e-b2715aa5dfaa] DIAG settings-dialog controls: []
2026-09-04T11:36:12.421Z [ba381bcd-3847-4e6b-9d97-5b7f7864d0f3][6f7bf0a6-8323-4acd-b50e-b2715aa5dfaa] Frames tab not visible within 8s — attempting force-click anyway
2026-09-04T11:36:12.828Z [c9e5b8d8-7bd1-49bd-b628-c71eb3aa0b2b][6f7bf0a6-8323-4acd-b50e-b2715aa5dfaa] Frames tab click failed (locator.click: Timeout 5000ms exceeded.
Call log:
[2m  - waiting for locator('button:has-text("Khung hình"), [role="tab"]:has-text("Khung hình"), button:has-text("Frames"), [role="tab"]:has-text("Frames")').first()[22m
) — continuing
2026-09-04T11:36:13.130Z [da9807f3-55fd-42e9-9391-cfa809de4f29][6f7bf0a6-8323-4acd-b50e-b2715aa5dfaa] DIAG settings-dialog controls: []
2026-09-04T11:36:13.130Z [da9807f3-55fd-42e9-9391-cfa809de4f29][6f7bf0a6-8323-4acd-b50e-b2715aa5dfaa] Frames tab not visible within 8s — attempting force-click anyway
2026-09-04T11:36:13.407Z [c9e5b8d8-7bd1-49bd-b628-c71eb3aa0b2b][6f7bf0a6-8323-4acd-b50e-b2715aa5dfaa] Selecting aspect ratio: 16:9
2026-09-04T11:36:13.412Z [c9e5b8d8-7bd1-49bd-b628-c71eb3aa0b2b][6f7bf0a6-8323-4acd-b50e-b2715aa5dfaa] Aspect ratio "16:9" not found in dialog. Trying page-wide.
2026-09-04T11:36:13.617Z [69488bbb-0ad2-40d9-957b-cf6202cb22e6][6f7bf0a6-8323-4acd-b50e-b2715aa5dfaa] Frames tab click failed (locator.click: Timeout 5000ms exceeded.
Call log:
[2m  - waiting for locator('button:has-text("Khung hình"), [role="tab"]:has-text("Khung hình"), button:has-text("Frames"), [role="tab"]:has-text("Frames")').first()[22m
) — continuing
2026-09-04T11:36:14.227Z [69488bbb-0ad2-40d9-957b-cf6202cb22e6][6f7bf0a6-8323-4acd-b50e-b2715aa5dfaa] Selecting aspect ratio: 16:9
2026-09-04T11:36:14.231Z [69488bbb-0ad2-40d9-957b-cf6202cb22e6][6f7bf0a6-8323-4acd-b50e-b2715aa5dfaa] Aspect ratio "16:9" not found in dialog. Trying page-wide.
2026-09-04T11:36:17.428Z [ba381bcd-3847-4e6b-9d97-5b7f7864d0f3][6f7bf0a6-8323-4acd-b50e-b2715aa5dfaa] Frames tab click failed (locator.click: Timeout 5000ms exceeded.
Call log:
[2m  - waiting for locator('button:has-text("Khung hình"), [role="tab"]:has-text("Khung hình"), button:has-text("Frames"), [role="tab"]:has-text("Frames")').first()[22m
) — continuing
2026-09-04T11:36:17.847Z [ba381bcd-3847-4e6b-9d97-5b7f7864d0f3][6f7bf0a6-8323-4acd-b50e-b2715aa5dfaa] Selecting aspect ratio: 16:9
2026-09-04T11:36:17.852Z [ba381bcd-3847-4e6b-9d97-5b7f7864d0f3][6f7bf0a6-8323-4acd-b50e-b2715aa5dfaa] Aspect ratio "16:9" not found in dialog. Trying page-wide.
2026-09-04T11:36:17.957Z [c9e5b8d8-7bd1-49bd-b628-c71eb3aa0b2b][6f7bf0a6-8323-4acd-b50e-b2715aa5dfaa] Selecting number of videos: x2
2026-09-04T11:36:17.999Z [c9e5b8d8-7bd1-49bd-b628-c71eb3aa0b2b][6f7bf0a6-8323-4acd-b50e-b2715aa5dfaa] Clicked video count (page/substring) variant "x2".
2026-09-04T11:36:18.139Z [da9807f3-55fd-42e9-9391-cfa809de4f29][6f7bf0a6-8323-4acd-b50e-b2715aa5dfaa] Frames tab click failed (locator.click: Timeout 5000ms exceeded.
Call log:
[2m  - waiting for locator('button:has-text("Khung hình"), [role="tab"]:has-text("Khung hình"), button:has-text("Frames"), [role="tab"]:has-text("Frames")').first()[22m
) — continuing
2026-09-04T11:36:18.667Z [69488bbb-0ad2-40d9-957b-cf6202cb22e6][6f7bf0a6-8323-4acd-b50e-b2715aa5dfaa] Selecting number of videos: x2
2026-09-04T11:36:18.698Z [da9807f3-55fd-42e9-9391-cfa809de4f29][6f7bf0a6-8323-4acd-b50e-b2715aa5dfaa] Selecting aspect ratio: 16:9
2026-09-04T11:36:18.702Z [da9807f3-55fd-42e9-9391-cfa809de4f29][6f7bf0a6-8323-4acd-b50e-b2715aa5dfaa] Aspect ratio "16:9" not found in dialog. Trying page-wide.
2026-09-04T11:36:18.717Z [69488bbb-0ad2-40d9-957b-cf6202cb22e6][6f7bf0a6-8323-4acd-b50e-b2715aa5dfaa] Clicked video count (page/substring) variant "x2".
2026-09-04T11:36:20.282Z [c9e5b8d8-7bd1-49bd-b628-c71eb3aa0b2b][6f7bf0a6-8323-4acd-b50e-b2715aa5dfaa] Selecting duration: 8s
2026-09-04T11:36:20.370Z [c9e5b8d8-7bd1-49bd-b628-c71eb3aa0b2b][6f7bf0a6-8323-4acd-b50e-b2715aa5dfaa] Clicked duration (page/exact) variant "8 giây".
2026-09-04T11:36:20.947Z [c9e5b8d8-7bd1-49bd-b628-c71eb3aa0b2b][6f7bf0a6-8323-4acd-b50e-b2715aa5dfaa] Configuring model dropdown for suffix: "Lite [Lower Priority]" (regex /Lite\s+\[Lower\s+Priority\]\s*$/i)
2026-09-04T11:36:20.947Z [c9e5b8d8-7bd1-49bd-b628-c71eb3aa0b2b][6f7bf0a6-8323-4acd-b50e-b2715aa5dfaa] Trying absolute XPath for model dropdown: /html/body/div[3]/div/button
2026-09-04T11:36:20.978Z [69488bbb-0ad2-40d9-957b-cf6202cb22e6][6f7bf0a6-8323-4acd-b50e-b2715aa5dfaa] Selecting duration: 8s
2026-09-04T11:36:21.033Z [69488bbb-0ad2-40d9-957b-cf6202cb22e6][6f7bf0a6-8323-4acd-b50e-b2715aa5dfaa] Clicked duration (page/exact) variant "8 giây".
2026-09-04T11:36:21.367Z [69488bbb-0ad2-40d9-957b-cf6202cb22e6][6f7bf0a6-8323-4acd-b50e-b2715aa5dfaa] Configuring model dropdown for suffix: "Lite [Lower Priority]" (regex /Lite\s+\[Lower\s+Priority\]\s*$/i)
2026-09-04T11:36:21.367Z [69488bbb-0ad2-40d9-957b-cf6202cb22e6][6f7bf0a6-8323-4acd-b50e-b2715aa5dfaa] Trying absolute XPath for model dropdown: /html/body/div[3]/div/button
2026-09-04T11:36:22.367Z [ba381bcd-3847-4e6b-9d97-5b7f7864d0f3][6f7bf0a6-8323-4acd-b50e-b2715aa5dfaa] Selecting number of videos: x2
2026-09-04T11:36:22.417Z [ba381bcd-3847-4e6b-9d97-5b7f7864d0f3][6f7bf0a6-8323-4acd-b50e-b2715aa5dfaa] Clicked video count (page/substring) variant "x2".
2026-09-04T11:36:23.108Z [da9807f3-55fd-42e9-9391-cfa809de4f29][6f7bf0a6-8323-4acd-b50e-b2715aa5dfaa] Selecting number of videos: x2
2026-09-04T11:36:23.154Z [da9807f3-55fd-42e9-9391-cfa809de4f29][6f7bf0a6-8323-4acd-b50e-b2715aa5dfaa] Clicked video count (page/substring) variant "x2".
2026-09-04T11:36:23.959Z [c9e5b8d8-7bd1-49bd-b628-c71eb3aa0b2b][6f7bf0a6-8323-4acd-b50e-b2715aa5dfaa] Trying robust fallback inside dialog for model dropdown...
2026-09-04T11:36:23.965Z [c9e5b8d8-7bd1-49bd-b628-c71eb3aa0b2b][6f7bf0a6-8323-4acd-b50e-b2715aa5dfaa] Video options applied ✓
2026-09-04T11:36:23.965Z [c9e5b8d8-7bd1-49bd-b628-c71eb3aa0b2b][6f7bf0a6-8323-4acd-b50e-b2715aa5dfaa] Closing settings dialog...
2026-09-04T11:36:23.968Z [c9e5b8d8-7bd1-49bd-b628-c71eb3aa0b2b][6f7bf0a6-8323-4acd-b50e-b2715aa5dfaa] Close settings absolute XPath failed: Not visible. Trying fallbacks...
2026-09-04T11:36:24.031Z [c9e5b8d8-7bd1-49bd-b628-c71eb3aa0b2b][6f7bf0a6-8323-4acd-b50e-b2715aa5dfaa] Toggling settings button to close: "button[aria-label*="Cài đặt" i]"
2026-09-04T11:36:24.087Z [c9e5b8d8-7bd1-49bd-b628-c71eb3aa0b2b][6f7bf0a6-8323-4acd-b50e-b2715aa5dfaa] Start keyframe: downloading from URL...
2026-09-04T11:36:24.088Z [c9e5b8d8-7bd1-49bd-b628-c71eb3aa0b2b][6f7bf0a6-8323-4acd-b50e-b2715aa5dfaa] Start keyframe: downloading https://studio.xanhmedia.vn/uploads/2026-09/1788439615009_40c2da_60f7c834-1526-409d-b017-21db20795e19_0f7.png
2026-09-04T11:36:24.265Z [c9e5b8d8-7bd1-49bd-b628-c71eb3aa0b2b][6f7bf0a6-8323-4acd-b50e-b2715aa5dfaa] Downloader: no-proxy request context ready.
2026-09-04T11:36:24.379Z [69488bbb-0ad2-40d9-957b-cf6202cb22e6][6f7bf0a6-8323-4acd-b50e-b2715aa5dfaa] Trying robust fallback inside dialog for model dropdown...
2026-09-04T11:36:24.386Z [69488bbb-0ad2-40d9-957b-cf6202cb22e6][6f7bf0a6-8323-4acd-b50e-b2715aa5dfaa] Video options applied ✓
2026-09-04T11:36:24.386Z [69488bbb-0ad2-40d9-957b-cf6202cb22e6][6f7bf0a6-8323-4acd-b50e-b2715aa5dfaa] Closing settings dialog...
2026-09-04T11:36:24.389Z [69488bbb-0ad2-40d9-957b-cf6202cb22e6][6f7bf0a6-8323-4acd-b50e-b2715aa5dfaa] Close settings absolute XPath failed: Not visible. Trying fallbacks...
2026-09-04T11:36:24.454Z [69488bbb-0ad2-40d9-957b-cf6202cb22e6][6f7bf0a6-8323-4acd-b50e-b2715aa5dfaa] Toggling settings button to close: "button[aria-label*="Cài đặt" i]"
2026-09-04T11:36:24.494Z [c9e5b8d8-7bd1-49bd-b628-c71eb3aa0b2b][6f7bf0a6-8323-4acd-b50e-b2715aa5dfaa] Start keyframe: saved 138484 bytes (image/png) as "1788439615009_40c2da_60f7c834-1526-409d-b017-21db20795e19_0f7.png" → C:\Users\Admin\AppData\Roaming\com.tank.winai\winai_dl_RbF0uL\1788439615009_40c2da_60f7c834-1526-409d-b017-21db20795e19_0f7.png
2026-09-04T11:36:24.494Z [c9e5b8d8-7bd1-49bd-b628-c71eb3aa0b2b][6f7bf0a6-8323-4acd-b50e-b2715aa5dfaa] Start keyframe: opening From-image panel...
2026-09-04T11:36:24.495Z [c9e5b8d8-7bd1-49bd-b628-c71eb3aa0b2b][6f7bf0a6-8323-4acd-b50e-b2715aa5dfaa] Start keyframe step1: click /html/body/div[1]/div[1]/div[5]/div/div/div/div/div[1]/div[1]
2026-09-04T11:36:24.495Z [c9e5b8d8-7bd1-49bd-b628-c71eb3aa0b2b][6f7bf0a6-8323-4acd-b50e-b2715aa5dfaa] xClick: waiting visible xpath=/html/body/div[1]/div[1]/div[5]/div/div/div/div/div[1]/div[1]
2026-09-04T11:36:24.533Z [69488bbb-0ad2-40d9-957b-cf6202cb22e6][6f7bf0a6-8323-4acd-b50e-b2715aa5dfaa] Start keyframe: downloading from URL...
2026-09-04T11:36:24.533Z [69488bbb-0ad2-40d9-957b-cf6202cb22e6][6f7bf0a6-8323-4acd-b50e-b2715aa5dfaa] Start keyframe: downloading https://studio.xanhmedia.vn/uploads/2026-09/1788435952063_47cee9_60f7c834-1526-409d-b017-21db20795e19_b9c.png
2026-09-04T11:36:24.673Z [ba381bcd-3847-4e6b-9d97-5b7f7864d0f3][6f7bf0a6-8323-4acd-b50e-b2715aa5dfaa] Selecting duration: 8s
2026-09-04T11:36:24.717Z [69488bbb-0ad2-40d9-957b-cf6202cb22e6][6f7bf0a6-8323-4acd-b50e-b2715aa5dfaa] Downloader: no-proxy request context ready.
2026-09-04T11:36:24.778Z [ba381bcd-3847-4e6b-9d97-5b7f7864d0f3][6f7bf0a6-8323-4acd-b50e-b2715aa5dfaa] Clicked duration (page/exact) variant "8 giây".
2026-09-04T11:36:25.029Z [69488bbb-0ad2-40d9-957b-cf6202cb22e6][6f7bf0a6-8323-4acd-b50e-b2715aa5dfaa] Start keyframe: saved 160951 bytes (image/png) as "1788435952063_47cee9_60f7c834-1526-409d-b017-21db20795e19_b9c.png" → C:\Users\Admin\AppData\Roaming\com.tank.winai\winai_dl_8r41jE\1788435952063_47cee9_60f7c834-1526-409d-b017-21db20795e19_b9c.png
2026-09-04T11:36:25.029Z [69488bbb-0ad2-40d9-957b-cf6202cb22e6][6f7bf0a6-8323-4acd-b50e-b2715aa5dfaa] Start keyframe: opening From-image panel...
2026-09-04T11:36:25.029Z [69488bbb-0ad2-40d9-957b-cf6202cb22e6][6f7bf0a6-8323-4acd-b50e-b2715aa5dfaa] Start keyframe step1: click /html/body/div[1]/div[1]/div[5]/div/div/div/div/div[1]/div[1]
2026-09-04T11:36:25.029Z [69488bbb-0ad2-40d9-957b-cf6202cb22e6][6f7bf0a6-8323-4acd-b50e-b2715aa5dfaa] xClick: waiting visible xpath=/html/body/div[1]/div[1]/div[5]/div/div/div/div/div[1]/div[1]
2026-09-04T11:36:25.377Z [ba381bcd-3847-4e6b-9d97-5b7f7864d0f3][6f7bf0a6-8323-4acd-b50e-b2715aa5dfaa] Configuring model dropdown for suffix: "Lite [Lower Priority]" (regex /Lite\s+\[Lower\s+Priority\]\s*$/i)
2026-09-04T11:36:25.377Z [ba381bcd-3847-4e6b-9d97-5b7f7864d0f3][6f7bf0a6-8323-4acd-b50e-b2715aa5dfaa] Trying absolute XPath for model dropdown: /html/body/div[3]/div/button
2026-09-04T11:36:25.388Z [da9807f3-55fd-42e9-9391-cfa809de4f29][6f7bf0a6-8323-4acd-b50e-b2715aa5dfaa] Selecting duration: 8s
2026-09-04T11:36:25.452Z [da9807f3-55fd-42e9-9391-cfa809de4f29][6f7bf0a6-8323-4acd-b50e-b2715aa5dfaa] Clicked duration (page/exact) variant "8 giây".
2026-09-04T11:36:26.048Z [da9807f3-55fd-42e9-9391-cfa809de4f29][6f7bf0a6-8323-4acd-b50e-b2715aa5dfaa] Configuring model dropdown for suffix: "Lite [Lower Priority]" (regex /Lite\s+\[Lower\s+Priority\]\s*$/i)
2026-09-04T11:36:26.048Z [da9807f3-55fd-42e9-9391-cfa809de4f29][6f7bf0a6-8323-4acd-b50e-b2715aa5dfaa] Trying absolute XPath for model dropdown: /html/body/div[3]/div/button
2026-09-04T11:36:28.390Z [ba381bcd-3847-4e6b-9d97-5b7f7864d0f3][6f7bf0a6-8323-4acd-b50e-b2715aa5dfaa] Trying robust fallback inside dialog for model dropdown...
2026-09-04T11:36:28.397Z [ba381bcd-3847-4e6b-9d97-5b7f7864d0f3][6f7bf0a6-8323-4acd-b50e-b2715aa5dfaa] Video options applied ✓
2026-09-04T11:36:28.397Z [ba381bcd-3847-4e6b-9d97-5b7f7864d0f3][6f7bf0a6-8323-4acd-b50e-b2715aa5dfaa] Closing settings dialog...
2026-09-04T11:36:28.399Z [ba381bcd-3847-4e6b-9d97-5b7f7864d0f3][6f7bf0a6-8323-4acd-b50e-b2715aa5dfaa] Close settings absolute XPath failed: Not visible. Trying fallbacks...
2026-09-04T11:36:28.461Z [ba381bcd-3847-4e6b-9d97-5b7f7864d0f3][6f7bf0a6-8323-4acd-b50e-b2715aa5dfaa] Toggling settings button to close: "button[aria-label*="Cài đặt" i]"
2026-09-04T11:36:28.499Z [c9e5b8d8-7bd1-49bd-b628-c71eb3aa0b2b][6f7bf0a6-8323-4acd-b50e-b2715aa5dfaa] Start keyframe step1: primary open FAILED: page.waitForSelector: Timeout 4000ms exceeded.
Call log:
[2m  - waiting for locator('xpath=/html/body/div[1]/div[1]/div[5]/div/div/div/div/div[1]/div[1]') to be visible[22m

2026-09-04T11:36:28.506Z [c9e5b8d8-7bd1-49bd-b628-c71eb3aa0b2b][6f7bf0a6-8323-4acd-b50e-b2715aa5dfaa] Start keyframe DIAG composer(panel-not-open): {"rootFound":false,"win":"2560x1280","dpr":1.5,"count":4,"els":[{"tag":"BUTTON","al":"Thêm thành phần vào ô nhập","txt":"add","icon":"","box":"999,1257 32x32"},{"tag":"BUTTON","al":"","txt":"Tác nhân","icon":"","box":"1041,1259 79x28"},{"tag":"BUTTON","al":"Điều kiện kích hoạt cài đặ","txt":"Video · 720p · 8 g","icon":"","box":"1376,1257 167x32"},{"tag":"BUTTON","al":"Bắt đầu tạo","txt":"arrow_forward","icon":"","box":"1547,1257 32x32"}],"fileInputs":[]}
2026-09-04T11:36:28.511Z [c9e5b8d8-7bd1-49bd-b628-c71eb3aa0b2b][6f7bf0a6-8323-4acd-b50e-b2715aa5dfaa] Start keyframe step1 add-btn: no add_2/(+) button found
2026-09-04T11:36:28.519Z [c9e5b8d8-7bd1-49bd-b628-c71eb3aa0b2b][6f7bf0a6-8323-4acd-b50e-b2715aa5dfaa] Start keyframe step1 direct: no <input type=file> present — using scan fallback
2026-09-04T11:36:28.520Z [c9e5b8d8-7bd1-49bd-b628-c71eb3aa0b2b][6f7bf0a6-8323-4acd-b50e-b2715aa5dfaa] Start keyframe step1: trying composer-scan fallback...
2026-09-04T11:36:28.527Z [c9e5b8d8-7bd1-49bd-b628-c71eb3aa0b2b][6f7bf0a6-8323-4acd-b50e-b2715aa5dfaa] Start keyframe step1 fallback: clicking scanned button xpath=/html[1]/body[1]/aisandbox-root[1]/main[1]/flow-project-shell[1]/flow-project-page[1]/flow-prompt-box[1]/flow-prompt-box-instruction-card-wrapper[1]/div[1]/div[1]/flow-base-prompt-box[1]/div[1]/div[2]/flow-add-menu[1]/div[1]/button[1]
2026-09-04T11:36:28.527Z [c9e5b8d8-7bd1-49bd-b628-c71eb3aa0b2b][6f7bf0a6-8323-4acd-b50e-b2715aa5dfaa] xClick: waiting visible xpath=/html[1]/body[1]/aisandbox-root[1]/main[1]/flow-project-shell[1]/flow-project-page[1]/flow-prompt-box[1]/flow-prompt-box-instruction-card-wrapper[1]/div[1]/div[1]/flow-base-prompt-box[1]/div[1]/div[2]/flow-add-menu[1]/div[1]/button[1]
2026-09-04T11:36:28.533Z [ba381bcd-3847-4e6b-9d97-5b7f7864d0f3][6f7bf0a6-8323-4acd-b50e-b2715aa5dfaa] Start keyframe: downloading from URL...
2026-09-04T11:36:28.533Z [ba381bcd-3847-4e6b-9d97-5b7f7864d0f3][6f7bf0a6-8323-4acd-b50e-b2715aa5dfaa] Start keyframe: downloading https://studio.xanhmedia.vn/uploads/2026-09/1788435961539_7519d8_60f7c834-1526-409d-b017-21db20795e19_f73.png
2026-09-04T11:36:28.535Z [c9e5b8d8-7bd1-49bd-b628-c71eb3aa0b2b][6f7bf0a6-8323-4acd-b50e-b2715aa5dfaa] xClick: target tag=BUTTON aria="Thêm thành phần vào ô nhập câu lệnh" txt="add" box=999,1257 32x32
2026-09-04T11:36:28.680Z [ba381bcd-3847-4e6b-9d97-5b7f7864d0f3][6f7bf0a6-8323-4acd-b50e-b2715aa5dfaa] Downloader: no-proxy request context ready.
2026-09-04T11:36:28.801Z [c9e5b8d8-7bd1-49bd-b628-c71eb3aa0b2b][6f7bf0a6-8323-4acd-b50e-b2715aa5dfaa] xClick: click xpath=/html[1]/body[1]/aisandbox-root[1]/main[1]/flow-project-shell[1]/flow-project-page[1]/flow-prompt-box[1]/flow-prompt-box-instruction-card-wrapper[1]/div[1]/div[1]/flow-base-prompt-box[1]/div[1]/div[2]/flow-add-menu[1]/div[1]/button[1]
2026-09-04T11:36:28.906Z [ba381bcd-3847-4e6b-9d97-5b7f7864d0f3][6f7bf0a6-8323-4acd-b50e-b2715aa5dfaa] Start keyframe: saved 112979 bytes (image/png) as "1788435961539_7519d8_60f7c834-1526-409d-b017-21db20795e19_f73.png" → C:\Users\Admin\AppData\Roaming\com.tank.winai\winai_dl_neU1sy\1788435961539_7519d8_60f7c834-1526-409d-b017-21db20795e19_f73.png
2026-09-04T11:36:28.907Z [ba381bcd-3847-4e6b-9d97-5b7f7864d0f3][6f7bf0a6-8323-4acd-b50e-b2715aa5dfaa] Start keyframe: opening From-image panel...
2026-09-04T11:36:28.907Z [ba381bcd-3847-4e6b-9d97-5b7f7864d0f3][6f7bf0a6-8323-4acd-b50e-b2715aa5dfaa] Start keyframe step1: click /html/body/div[1]/div[1]/div[5]/div/div/div/div/div[1]/div[1]
2026-09-04T11:36:28.907Z [ba381bcd-3847-4e6b-9d97-5b7f7864d0f3][6f7bf0a6-8323-4acd-b50e-b2715aa5dfaa] xClick: waiting visible xpath=/html/body/div[1]/div[1]/div[5]/div/div/div/div/div[1]/div[1]
2026-09-04T11:36:29.038Z [69488bbb-0ad2-40d9-957b-cf6202cb22e6][6f7bf0a6-8323-4acd-b50e-b2715aa5dfaa] Start keyframe step1: primary open FAILED: page.waitForSelector: Timeout 4000ms exceeded.
Call log:
[2m  - waiting for locator('xpath=/html/body/div[1]/div[1]/div[5]/div/div/div/div/div[1]/div[1]') to be visible[22m

2026-09-04T11:36:29.047Z [69488bbb-0ad2-40d9-957b-cf6202cb22e6][6f7bf0a6-8323-4acd-b50e-b2715aa5dfaa] Start keyframe DIAG composer(panel-not-open): {"rootFound":false,"win":"2560x1280","dpr":1.5,"count":4,"els":[{"tag":"BUTTON","al":"Thêm thành phần vào ô nhập","txt":"add","icon":"","box":"999,1257 32x32"},{"tag":"BUTTON","al":"","txt":"Tác nhân","icon":"","box":"1041,1259 79x28"},{"tag":"BUTTON","al":"Điều kiện kích hoạt cài đặ","txt":"Video · 720p · 8 g","icon":"","box":"1376,1257 167x32"},{"tag":"BUTTON","al":"Bắt đầu tạo","txt":"arrow_forward","icon":"","box":"1547,1257 32x32"}],"fileInputs":[]}
2026-09-04T11:36:29.051Z [69488bbb-0ad2-40d9-957b-cf6202cb22e6][6f7bf0a6-8323-4acd-b50e-b2715aa5dfaa] Start keyframe step1 add-btn: no add_2/(+) button found
2026-09-04T11:36:29.059Z [69488bbb-0ad2-40d9-957b-cf6202cb22e6][6f7bf0a6-8323-4acd-b50e-b2715aa5dfaa] Start keyframe step1 direct: no <input type=file> present — using scan fallback
2026-09-04T11:36:29.059Z [69488bbb-0ad2-40d9-957b-cf6202cb22e6][6f7bf0a6-8323-4acd-b50e-b2715aa5dfaa] Start keyframe step1: trying composer-scan fallback...
2026-09-04T11:36:29.060Z [da9807f3-55fd-42e9-9391-cfa809de4f29][6f7bf0a6-8323-4acd-b50e-b2715aa5dfaa] Trying robust fallback inside dialog for model dropdown...
2026-09-04T11:36:29.065Z [69488bbb-0ad2-40d9-957b-cf6202cb22e6][6f7bf0a6-8323-4acd-b50e-b2715aa5dfaa] Start keyframe step1 fallback: clicking scanned button xpath=/html[1]/body[1]/aisandbox-root[1]/main[1]/flow-project-shell[1]/flow-project-page[1]/flow-prompt-box[1]/flow-prompt-box-instruction-card-wrapper[1]/div[1]/div[1]/flow-base-prompt-box[1]/div[1]/div[2]/flow-add-menu[1]/div[1]/button[1]
2026-09-04T11:36:29.065Z [69488bbb-0ad2-40d9-957b-cf6202cb22e6][6f7bf0a6-8323-4acd-b50e-b2715aa5dfaa] xClick: waiting visible xpath=/html[1]/body[1]/aisandbox-root[1]/main[1]/flow-project-shell[1]/flow-project-page[1]/flow-prompt-box[1]/flow-prompt-box-instruction-card-wrapper[1]/div[1]/div[1]/flow-base-prompt-box[1]/div[1]/div[2]/flow-add-menu[1]/div[1]/button[1]
2026-09-04T11:36:29.067Z [da9807f3-55fd-42e9-9391-cfa809de4f29][6f7bf0a6-8323-4acd-b50e-b2715aa5dfaa] Video options applied ✓
2026-09-04T11:36:29.068Z [da9807f3-55fd-42e9-9391-cfa809de4f29][6f7bf0a6-8323-4acd-b50e-b2715aa5dfaa] Closing settings dialog...
2026-09-04T11:36:29.070Z [da9807f3-55fd-42e9-9391-cfa809de4f29][6f7bf0a6-8323-4acd-b50e-b2715aa5dfaa] Close settings absolute XPath failed: Not visible. Trying fallbacks...
2026-09-04T11:36:29.077Z [69488bbb-0ad2-40d9-957b-cf6202cb22e6][6f7bf0a6-8323-4acd-b50e-b2715aa5dfaa] xClick: target tag=BUTTON aria="Thêm thành phần vào ô nhập câu lệnh" txt="add" box=999,1257 32x32
2026-09-04T11:36:29.135Z [da9807f3-55fd-42e9-9391-cfa809de4f29][6f7bf0a6-8323-4acd-b50e-b2715aa5dfaa] Toggling settings button to close: "button[aria-label*="Cài đặt" i]"
2026-09-04T11:36:29.211Z [da9807f3-55fd-42e9-9391-cfa809de4f29][6f7bf0a6-8323-4acd-b50e-b2715aa5dfaa] Start keyframe: downloading from URL...
2026-09-04T11:36:29.211Z [da9807f3-55fd-42e9-9391-cfa809de4f29][6f7bf0a6-8323-4acd-b50e-b2715aa5dfaa] Start keyframe: downloading https://studio.xanhmedia.vn/uploads/2026-09/1788436133263_1aa206_winai_2026-09-03T11-47-53_03.png
2026-09-04T11:36:29.318Z [69488bbb-0ad2-40d9-957b-cf6202cb22e6][6f7bf0a6-8323-4acd-b50e-b2715aa5dfaa] xClick: click xpath=/html[1]/body[1]/aisandbox-root[1]/main[1]/flow-project-shell[1]/flow-project-page[1]/flow-prompt-box[1]/flow-prompt-box-instruction-card-wrapper[1]/div[1]/div[1]/flow-base-prompt-box[1]/div[1]/div[2]/flow-add-menu[1]/div[1]/button[1]
2026-09-04T11:36:29.411Z [da9807f3-55fd-42e9-9391-cfa809de4f29][6f7bf0a6-8323-4acd-b50e-b2715aa5dfaa] Downloader: no-proxy request context ready.
2026-09-04T11:36:29.643Z [da9807f3-55fd-42e9-9391-cfa809de4f29][6f7bf0a6-8323-4acd-b50e-b2715aa5dfaa] Start keyframe: saved 119422 bytes (image/png) as "1788436133263_1aa206_winai_2026-09-03T11-47-53_03.png" → C:\Users\Admin\AppData\Roaming\com.tank.winai\winai_dl_oi31Lb\1788436133263_1aa206_winai_2026-09-03T11-47-53_03.png
2026-09-04T11:36:29.644Z [da9807f3-55fd-42e9-9391-cfa809de4f29][6f7bf0a6-8323-4acd-b50e-b2715aa5dfaa] Start keyframe: opening From-image panel...
2026-09-04T11:36:29.644Z [da9807f3-55fd-42e9-9391-cfa809de4f29][6f7bf0a6-8323-4acd-b50e-b2715aa5dfaa] Start keyframe step1: click /html/body/div[1]/div[1]/div[5]/div/div/div/div/div[1]/div[1]
2026-09-04T11:36:29.644Z [da9807f3-55fd-42e9-9391-cfa809de4f29][6f7bf0a6-8323-4acd-b50e-b2715aa5dfaa] xClick: waiting visible xpath=/html/body/div[1]/div[1]/div[5]/div/div/div/div/div[1]/div[1]
2026-09-04T11:36:30.080Z [c9e5b8d8-7bd1-49bd-b628-c71eb3aa0b2b][6f7bf0a6-8323-4acd-b50e-b2715aa5dfaa] Start keyframe step1 fallback: panel visible = false
2026-09-04T11:36:30.086Z [c9e5b8d8-7bd1-49bd-b628-c71eb3aa0b2b][6f7bf0a6-8323-4acd-b50e-b2715aa5dfaa] Start keyframe DIAG composer(final-before-throw): {"rootFound":false,"win":"2560x1280","dpr":1.5,"count":23,"els":[{"tag":"BUTTON","al":"Thêm thành phần vào ô nhập","txt":"close","icon":"","box":"999,1257 32x32"},{"tag":"BUTTON","al":"","txt":"Tác nhân","icon":"","box":"1041,1259 79x28"},{"tag":"BUTTON","al":"Điều kiện kích hoạt cài đặ","txt":"Video · 720p · 8 g","icon":"","box":"1376,1257 167x32"},{"tag":"BUTTON","al":"Bắt đầu tạo","txt":"arrow_forward","icon":"","box":"1547,1257 32x32"},{"tag":"BUTTON","al":"","txt":"upload\nTải nội dun","icon":"","box":"910,1146 120x34"},{"tag":"BUTTON","al":"","txt":"Arlo nods to Graha","icon":"","box":"1036,665 232x48"},{"tag":"BUTTON","al":"","txt":"1788090404443_6227","icon":"","box":"1036,713 232x48"},{"tag":"BUTTON","al":"","txt":"Elara speaking to ","icon":"","box":"1036,761 232x48"},{"tag":"BUTTON","al":"","txt":"1788158514690_02a6","icon":"","box":"1036,809 232x48"},{"tag":"BUTTON","al":"","txt":"Arlo confesses to ","icon":"","box":"1036,857 232x48"},{"tag":"BUTTON","al":"","txt":"1788158347047_18ea","icon":"","box":"1036,905 232x48"},{"tag":"BUTTON","al":"","txt":"Arlo confesses to ","icon":"","box":"1036,953 232x48"},{"tag":"BUTTON","al":"","txt":"Elara checks Arlo ","icon":"","box":"1036,1001 232x48"},{"tag":"BUTTON","al":"","txt":"1788091616960_edc5","icon":"","box":"1036,1049 232x48"},{"tag":"BUTTON","al":"","txt":"Elara checks Arlo ","icon":"","box":"1036,1097 232x48"},{"tag":"BUTTON","al":"","txt":"Băng nứt tách thàn","icon":"","box":"1036,1145 232x48"},{"tag":"BUTTON","al":"","txt":"1788091550279_4337","icon":"","box":"1036,1193 232x48"},{"tag":"BUTTON","al":"","txt":"Băng vỡ thành năm ","icon":"","box":"1036,1241 232x48"},{"tag":"BUTTON","al":"","txt":"Family watching fl","icon":"","box":"1036,1289 232x48"},{"tag":"BUTTON","al":"","txt":"1788091418196_1144","icon":"","box":"1036,1337 232x48"},{"tag":"BUTTON","al":"Phát","txt":"play_arrow","icon":"","box":"1452,997 34x34"},{"tag":"BUTTON","al":"Bật tiếng","txt":"no_sound","icon":"","box":"1579,997 34x34"},{"tag":"BUTTON","al":"","txt":"Thêm vào câu lệnh","icon":"","box":"1290,1138 368x34"}],"fileInputs":[]}
2026-09-04T11:36:30.087Z [c9e5b8d8-7bd1-49bd-b628-c71eb3aa0b2b][6f7bf0a6-8323-4acd-b50e-b2715aa5dfaa] Start keyframe step2: panel still not visible — waiting last 8s...
2026-09-04T11:36:30.670Z [69488bbb-0ad2-40d9-957b-cf6202cb22e6][6f7bf0a6-8323-4acd-b50e-b2715aa5dfaa] Start keyframe step1 fallback: panel visible = false
2026-09-04T11:36:30.692Z [69488bbb-0ad2-40d9-957b-cf6202cb22e6][6f7bf0a6-8323-4acd-b50e-b2715aa5dfaa] Start keyframe DIAG composer(final-before-throw): {"rootFound":false,"win":"2560x1280","dpr":1.5,"count":23,"els":[{"tag":"BUTTON","al":"Thêm thành phần vào ô nhập","txt":"close","icon":"","box":"999,1257 32x32"},{"tag":"BUTTON","al":"","txt":"Tác nhân","icon":"","box":"1041,1259 79x28"},{"tag":"BUTTON","al":"Điều kiện kích hoạt cài đặ","txt":"Video · 720p · 8 g","icon":"","box":"1376,1257 167x32"},{"tag":"BUTTON","al":"Bắt đầu tạo","txt":"arrow_forward","icon":"","box":"1547,1257 32x32"},{"tag":"BUTTON","al":"","txt":"upload\nTải nội dun","icon":"","box":"910,1146 120x34"},{"tag":"BUTTON","al":"","txt":"Family leaving par","icon":"","box":"1036,665 232x48"},{"tag":"BUTTON","al":"","txt":"1788158601790_62a3","icon":"","box":"1036,713 232x48"},{"tag":"BUTTON","al":"","txt":"Family leaving par","icon":"","box":"1036,761 232x48"},{"tag":"BUTTON","al":"","txt":"Nessa comforting A","icon":"","box":"1036,809 232x48"},{"tag":"BUTTON","al":"","txt":"1788158323338_b683","icon":"","box":"1036,857 232x48"},{"tag":"BUTTON","al":"","txt":"Nessa comforting A","icon":"","box":"1036,905 232x48"},{"tag":"BUTTON","al":"","txt":"Graham talks to Ar","icon":"","box":"1036,953 232x48"},{"tag":"BUTTON","al":"","txt":"1788091598142_0572","icon":"","box":"1036,1001 232x48"},{"tag":"BUTTON","al":"","txt":"Graham warns Arlo ","icon":"","box":"1036,1049 232x48"},{"tag":"BUTTON","al":"","txt":"Băng nứt trên sông","icon":"","box":"1036,1097 232x48"},{"tag":"BUTTON","al":"","txt":"1788091477963_9000","icon":"","box":"1036,1145 232x48"},{"tag":"BUTTON","al":"","txt":"Camera films crack","icon":"","box":"1036,1193 232x48"},{"tag":"BUTTON","al":"","txt":"Graham pulls Arlo ","icon":"","box":"1036,1241 232x48"},{"tag":"BUTTON","al":"","txt":"1788091400568_204c","icon":"","box":"1036,1289 232x48"},{"tag":"BUTTON","al":"","txt":"videocam\nGraham re","icon":"","box":"1036,1337 232x48"},{"tag":"BUTTON","al":"Phát","txt":"play_arrow","icon":"","box":"1452,997 34x34"},{"tag":"BUTTON","al":"Bật tiếng","txt":"no_sound","icon":"","box":"1579,997 34x34"},{"tag":"BUTTON","al":"","txt":"Thêm vào câu lệnh","icon":"","box":"1290,1138 368x34"}],"fileInputs":[]}
2026-09-04T11:36:30.693Z [69488bbb-0ad2-40d9-957b-cf6202cb22e6][6f7bf0a6-8323-4acd-b50e-b2715aa5dfaa] Start keyframe step2: panel still not visible — waiting last 8s...
2026-09-04T11:36:32.908Z [ba381bcd-3847-4e6b-9d97-5b7f7864d0f3][6f7bf0a6-8323-4acd-b50e-b2715aa5dfaa] Start keyframe step1: primary open FAILED: page.waitForSelector: Timeout 4000ms exceeded.
Call log:
[2m  - waiting for locator('xpath=/html/body/div[1]/div[1]/div[5]/div/div/div/div/div[1]/div[1]') to be visible[22m

2026-09-04T11:36:32.914Z [ba381bcd-3847-4e6b-9d97-5b7f7864d0f3][6f7bf0a6-8323-4acd-b50e-b2715aa5dfaa] Start keyframe DIAG composer(panel-not-open): {"rootFound":false,"win":"2560x1280","dpr":1.5,"count":4,"els":[{"tag":"BUTTON","al":"Thêm thành phần vào ô nhập","txt":"add","icon":"","box":"999,1257 32x32"},{"tag":"BUTTON","al":"","txt":"Tác nhân","icon":"","box":"1041,1259 79x28"},{"tag":"BUTTON","al":"Điều kiện kích hoạt cài đặ","txt":"Video · 720p · 8 g","icon":"","box":"1376,1257 167x32"},{"tag":"BUTTON","al":"Bắt đầu tạo","txt":"arrow_forward","icon":"","box":"1547,1257 32x32"}],"fileInputs":[]}
2026-09-04T11:36:32.917Z [ba381bcd-3847-4e6b-9d97-5b7f7864d0f3][6f7bf0a6-8323-4acd-b50e-b2715aa5dfaa] Start keyframe step1 add-btn: no add_2/(+) button found
2026-09-04T11:36:32.924Z [ba381bcd-3847-4e6b-9d97-5b7f7864d0f3][6f7bf0a6-8323-4acd-b50e-b2715aa5dfaa] Start keyframe step1 direct: no <input type=file> present — using scan fallback
2026-09-04T11:36:32.924Z [ba381bcd-3847-4e6b-9d97-5b7f7864d0f3][6f7bf0a6-8323-4acd-b50e-b2715aa5dfaa] Start keyframe step1: trying composer-scan fallback...
2026-09-04T11:36:32.930Z [ba381bcd-3847-4e6b-9d97-5b7f7864d0f3][6f7bf0a6-8323-4acd-b50e-b2715aa5dfaa] Start keyframe step1 fallback: clicking scanned button xpath=/html[1]/body[1]/aisandbox-root[1]/main[1]/flow-project-shell[1]/flow-project-page[1]/flow-prompt-box[1]/flow-prompt-box-instruction-card-wrapper[1]/div[1]/div[1]/flow-base-prompt-box[1]/div[1]/div[2]/flow-add-menu[1]/div[1]/button[1]
2026-09-04T11:36:32.930Z [ba381bcd-3847-4e6b-9d97-5b7f7864d0f3][6f7bf0a6-8323-4acd-b50e-b2715aa5dfaa] xClick: waiting visible xpath=/html[1]/body[1]/aisandbox-root[1]/main[1]/flow-project-shell[1]/flow-project-page[1]/flow-prompt-box[1]/flow-prompt-box-instruction-card-wrapper[1]/div[1]/div[1]/flow-base-prompt-box[1]/div[1]/div[2]/flow-add-menu[1]/div[1]/button[1]
2026-09-04T11:36:32.939Z [ba381bcd-3847-4e6b-9d97-5b7f7864d0f3][6f7bf0a6-8323-4acd-b50e-b2715aa5dfaa] xClick: target tag=BUTTON aria="Thêm thành phần vào ô nhập câu lệnh" txt="add" box=999,1257 32x32
2026-09-04T11:36:33.217Z [ba381bcd-3847-4e6b-9d97-5b7f7864d0f3][6f7bf0a6-8323-4acd-b50e-b2715aa5dfaa] xClick: click xpath=/html[1]/body[1]/aisandbox-root[1]/main[1]/flow-project-shell[1]/flow-project-page[1]/flow-prompt-box[1]/flow-prompt-box-instruction-card-wrapper[1]/div[1]/div[1]/flow-base-prompt-box[1]/div[1]/div[2]/flow-add-menu[1]/div[1]/button[1]
2026-09-04T11:36:33.649Z [da9807f3-55fd-42e9-9391-cfa809de4f29][6f7bf0a6-8323-4acd-b50e-b2715aa5dfaa] Start keyframe step1: primary open FAILED: page.waitForSelector: Timeout 4000ms exceeded.
Call log:
[2m  - waiting for locator('xpath=/html/body/div[1]/div[1]/div[5]/div/div/div/div/div[1]/div[1]') to be visible[22m

2026-09-04T11:36:33.654Z [da9807f3-55fd-42e9-9391-cfa809de4f29][6f7bf0a6-8323-4acd-b50e-b2715aa5dfaa] Start keyframe DIAG composer(panel-not-open): {"rootFound":false,"win":"2560x1280","dpr":1.5,"count":4,"els":[{"tag":"BUTTON","al":"Thêm thành phần vào ô nhập","txt":"add","icon":"","box":"999,1257 32x32"},{"tag":"BUTTON","al":"","txt":"Tác nhân","icon":"","box":"1041,1259 79x28"},{"tag":"BUTTON","al":"Điều kiện kích hoạt cài đặ","txt":"Video · 720p · 8 g","icon":"","box":"1376,1257 167x32"},{"tag":"BUTTON","al":"Bắt đầu tạo","txt":"arrow_forward","icon":"","box":"1547,1257 32x32"}],"fileInputs":[]}
2026-09-04T11:36:33.657Z [da9807f3-55fd-42e9-9391-cfa809de4f29][6f7bf0a6-8323-4acd-b50e-b2715aa5dfaa] Start keyframe step1 add-btn: no add_2/(+) button found
2026-09-04T11:36:33.666Z [da9807f3-55fd-42e9-9391-cfa809de4f29][6f7bf0a6-8323-4acd-b50e-b2715aa5dfaa] Start keyframe step1 direct: no <input type=file> present — using scan fallback
2026-09-04T11:36:33.666Z [da9807f3-55fd-42e9-9391-cfa809de4f29][6f7bf0a6-8323-4acd-b50e-b2715aa5dfaa] Start keyframe step1: trying composer-scan fallback...
2026-09-04T11:36:33.672Z [da9807f3-55fd-42e9-9391-cfa809de4f29][6f7bf0a6-8323-4acd-b50e-b2715aa5dfaa] Start keyframe step1 fallback: clicking scanned button xpath=/html[1]/body[1]/aisandbox-root[1]/main[1]/flow-project-shell[1]/flow-project-page[1]/flow-prompt-box[1]/flow-prompt-box-instruction-card-wrapper[1]/div[1]/div[1]/flow-base-prompt-box[1]/div[1]/div[2]/flow-add-menu[1]/div[1]/button[1]
2026-09-04T11:36:33.672Z [da9807f3-55fd-42e9-9391-cfa809de4f29][6f7bf0a6-8323-4acd-b50e-b2715aa5dfaa] xClick: waiting visible xpath=/html[1]/body[1]/aisandbox-root[1]/main[1]/flow-project-shell[1]/flow-project-page[1]/flow-prompt-box[1]/flow-prompt-box-instruction-card-wrapper[1]/div[1]/div[1]/flow-base-prompt-box[1]/div[1]/div[2]/flow-add-menu[1]/div[1]/button[1]
2026-09-04T11:36:33.681Z [da9807f3-55fd-42e9-9391-cfa809de4f29][6f7bf0a6-8323-4acd-b50e-b2715aa5dfaa] xClick: target tag=BUTTON aria="Thêm thành phần vào ô nhập câu lệnh" txt="add" box=999,1257 32x32
2026-09-04T11:36:34.118Z [da9807f3-55fd-42e9-9391-cfa809de4f29][6f7bf0a6-8323-4acd-b50e-b2715aa5dfaa] xClick: click xpath=/html[1]/body[1]/aisandbox-root[1]/main[1]/flow-project-shell[1]/flow-project-page[1]/flow-prompt-box[1]/flow-prompt-box-instruction-card-wrapper[1]/div[1]/div[1]/flow-base-prompt-box[1]/div[1]/div[2]/flow-add-menu[1]/div[1]/button[1]
2026-09-04T11:36:34.426Z [ba381bcd-3847-4e6b-9d97-5b7f7864d0f3][6f7bf0a6-8323-4acd-b50e-b2715aa5dfaa] Start keyframe step1 fallback: panel visible = false
2026-09-04T11:36:34.439Z [ba381bcd-3847-4e6b-9d97-5b7f7864d0f3][6f7bf0a6-8323-4acd-b50e-b2715aa5dfaa] Start keyframe DIAG composer(final-before-throw): {"rootFound":false,"win":"2560x1280","dpr":1.5,"count":21,"els":[{"tag":"BUTTON","al":"Thêm thành phần vào ô nhập","txt":"close","icon":"","box":"999,1257 32x32"},{"tag":"BUTTON","al":"","txt":"Tác nhân","icon":"","box":"1041,1259 79x28"},{"tag":"BUTTON","al":"Điều kiện kích hoạt cài đặ","txt":"Video · 720p · 8 g","icon":"","box":"1376,1257 167x32"},{"tag":"BUTTON","al":"Bắt đầu tạo","txt":"arrow_forward","icon":"","box":"1547,1257 32x32"},{"tag":"BUTTON","al":"","txt":"upload\nTải nội dun","icon":"","box":"910,1146 120x34"},{"tag":"BUTTON","al":"","txt":"1788090404443_6227","icon":"","box":"1036,665 232x48"},{"tag":"BUTTON","al":"","txt":"Arlo admitting he ","icon":"","box":"1036,713 232x48"},{"tag":"BUTTON","al":"","txt":"1788158480055_1caa","icon":"","box":"1036,761 232x48"},{"tag":"BUTTON","al":"","txt":"Arlo admits he was","icon":"","box":"1036,809 232x48"},{"tag":"BUTTON","al":"","txt":"Nessa questioning ","icon":"","box":"1036,857 232x48"},{"tag":"BUTTON","al":"","txt":"1788158326284_d27d","icon":"","box":"1036,905 232x48"},{"tag":"BUTTON","al":"","txt":"Nessa questioning ","icon":"","box":"1036,953 232x48"},{"tag":"BUTTON","al":"","txt":"Ice slabs floating","icon":"","box":"1036,1001 232x48"},{"tag":"BUTTON","al":"","txt":"1788091531457_8429","icon":"","box":"1036,1049 232x48"},{"tag":"BUTTON","al":"","txt":"Ice slabs drifting","icon":"","box":"1036,1097 232x48"},{"tag":"BUTTON","al":"","txt":"Ice floe drifting ","icon":"","box":"1036,1145 232x48"},{"tag":"BUTTON","al":"","txt":"1788091353389_4c49","icon":"","box":"1036,1193 232x48"},{"tag":"BUTTON","al":"","txt":"Ice floating towar","icon":"","box":"1036,1241 232x48"},{"tag":"BUTTON","al":"","txt":"videocam\nArlo resc","icon":"","box":"1036,1289 232x48"},{"tag":"BUTTON","al":"","txt":"1788091230589_2e5c","icon":"","box":"1036,1337 232x48"},{"tag":"BUTTON","al":"","txt":"Thêm vào câu lệnh","icon":"","box":"1290,1138 368x34"}],"fileInputs":[]}
2026-09-04T11:36:34.440Z [ba381bcd-3847-4e6b-9d97-5b7f7864d0f3][6f7bf0a6-8323-4acd-b50e-b2715aa5dfaa] Start keyframe step2: panel still not visible — waiting last 8s...
2026-09-04T11:36:35.345Z [da9807f3-55fd-42e9-9391-cfa809de4f29][6f7bf0a6-8323-4acd-b50e-b2715aa5dfaa] Start keyframe step1 fallback: panel visible = false
2026-09-04T11:36:35.355Z [da9807f3-55fd-42e9-9391-cfa809de4f29][6f7bf0a6-8323-4acd-b50e-b2715aa5dfaa] Start keyframe DIAG composer(final-before-throw): {"rootFound":false,"win":"2560x1280","dpr":1.5,"count":23,"els":[{"tag":"BUTTON","al":"Thêm thành phần vào ô nhập","txt":"close","icon":"","box":"999,1257 32x32"},{"tag":"BUTTON","al":"","txt":"Tác nhân","icon":"","box":"1041,1259 79x28"},{"tag":"BUTTON","al":"Điều kiện kích hoạt cài đặ","txt":"Video · 720p · 8 g","icon":"","box":"1376,1257 167x32"},{"tag":"BUTTON","al":"Bắt đầu tạo","txt":"arrow_forward","icon":"","box":"1547,1257 32x32"},{"tag":"BUTTON","al":"","txt":"upload\nTải nội dun","icon":"","box":"910,1146 120x34"},{"tag":"BUTTON","al":"","txt":"Nessa holding Arlo","icon":"","box":"1036,665 232x48"},{"tag":"BUTTON","al":"","txt":"1788158449211_79b2","icon":"","box":"1036,713 232x48"},{"tag":"BUTTON","al":"","txt":"Girl holding broth","icon":"","box":"1036,761 232x48"},{"tag":"BUTTON","al":"","txt":"Graham comforts Ar","icon":"","box":"1036,809 232x48"},{"tag":"BUTTON","al":"","txt":"1788158379819_c3b7","icon":"","box":"1036,857 232x48"},{"tag":"BUTTON","al":"","txt":"Arlo looking at da","icon":"","box":"1036,905 232x48"},{"tag":"BUTTON","al":"","txt":"1788091539011_055b","icon":"","box":"1036,953 232x48"},{"tag":"BUTTON","al":"","txt":"Iceberg colliding ","icon":"","box":"1036,1001 232x48"},{"tag":"BUTTON","al":"","txt":"1788091350195_60da","icon":"","box":"1036,1049 232x48"},{"tag":"BUTTON","al":"","txt":"Iceberg colliding ","icon":"","box":"1036,1097 232x48"},{"tag":"BUTTON","al":"","txt":"Graham rescuing Ar","icon":"","box":"1036,1145 232x48"},{"tag":"BUTTON","al":"","txt":"1788091310668_2b46","icon":"","box":"1036,1193 232x48"},{"tag":"BUTTON","al":"","txt":"Graham rescuing Ar","icon":"","box":"1036,1241 232x48"},{"tag":"BUTTON","al":"","txt":"Arlo and Graham wa","icon":"","box":"1036,1289 232x48"},{"tag":"BUTTON","al":"","txt":"1788091089350_1133","icon":"","box":"1036,1337 232x48"},{"tag":"BUTTON","al":"Phát","txt":"play_arrow","icon":"","box":"1452,997 34x34"},{"tag":"BUTTON","al":"Bật tiếng","txt":"no_sound","icon":"","box":"1579,997 34x34"},{"tag":"BUTTON","al":"","txt":"Thêm vào câu lệnh","icon":"","box":"1290,1138 368x34"}],"fileInputs":[]}
2026-09-04T11:36:35.355Z [da9807f3-55fd-42e9-9391-cfa809de4f29][6f7bf0a6-8323-4acd-b50e-b2715aa5dfaa] Start keyframe step2: panel still not visible — waiting last 8s...
2026-09-04T11:36:38.093Z [c9e5b8d8-7bd1-49bd-b628-c71eb3aa0b2b][6f7bf0a6-8323-4acd-b50e-b2715aa5dfaa] Start keyframe upload failed: page.waitForSelector: Timeout 8000ms exceeded.
Call log:
[2m  - waiting for locator('xpath=/html/body/div[1]/div[2]/div') to be visible[22m

2026-09-04T11:36:38.093Z [c9e5b8d8-7bd1-49bd-b628-c71eb3aa0b2b][6f7bf0a6-8323-4acd-b50e-b2715aa5dfaa] ⚠ Start keyframe NOT applied: page.waitForSelector: Timeout 8000ms exceeded.
Call log:
[2m  - waiting for locator('xpath=/html/body/div[1]/div[2]/div') to be visible[22m

2026-09-04T11:36:38.103Z [c9e5b8d8-7bd1-49bd-b628-c71eb3aa0b2b][6f7bf0a6-8323-4acd-b50e-b2715aa5dfaa] DIAG: input[type=file] count=0; visible buttons=["Nút quay lại để quay về trang trước","Các lựa chọn khác cho dự án","Tìm kiếm","Các lựa chọn lọc và sắp xếp","Trình đơn thêm nội dung nghe nhìn","Trợ giúp về sản phẩm","Cài đặt lưới ô","Lựa chọn khác","Thêm thành phần vào ô nhập câu lệnh","Tác nhân","Điều kiện kích hoạt cài đặt","Bắt đầu tạo","uploadTải nội dung nghe nhìn lên","Arlo nods to GrahamVideo","1788090404443_62275d_winai_2026-08-30T11","Elara speaking to familyVideo","1788158514690_02a615_winai_2026-08-31T06","Arlo confesses to NessaVideo","1788158347047_18ea6f_winai_2026-08-31T06","Arlo confesses to NessaVideo","Elara checks Arlo for injuriesVideo","1788091616960_edc5b6_winai_2026-08-30T12","Elara checks Arlo for injuriesVideo","Băng nứt tách thành mảngVideo","1788091550279_4337e1_winai_2026-08-30T12","Băng vỡ thành năm mảngVideo","Family watching floating icebergVideo","1788091418196_114420_winai_2026-08-30T12","Phát","Bật tiếng","Thêm vào câu lệnh"]
2026-09-04T11:36:38.105Z [c9e5b8d8-7bd1-49bd-b628-c71eb3aa0b2b][6f7bf0a6-8323-4acd-b50e-b2715aa5dfaa] Flow attempt 1/1 failed: Start keyframe/ingredient provided but could not be attached — aborting before submit to avoid detecting/downloading pre-existing project videos.
2026-09-04T11:36:38.105Z [c9e5b8d8-7bd1-49bd-b628-c71eb3aa0b2b][6f7bf0a6-8323-4acd-b50e-b2715aa5dfaa] runGeneration ERROR exception: Error: Start keyframe/ingredient provided but could not be attached — aborting before submit to avoid detecting/downloading pre-existing project videos.
    at runGoogleFlow (C:\snapshot\sidecar\dist\sidecar.cjs:9144:11)
    at async runGeneration (C:\snapshot\sidecar\dist\sidecar.cjs:10021:11)
    at async handleCommand (C:\snapshot\sidecar\dist\sidecar.cjs:6510:7)
    at async C:\snapshot\sidecar\dist\sidecar.cjs:6426:11
2026-09-04T11:36:38.698Z [69488bbb-0ad2-40d9-957b-cf6202cb22e6][6f7bf0a6-8323-4acd-b50e-b2715aa5dfaa] Start keyframe upload failed: page.waitForSelector: Timeout 8000ms exceeded.
Call log:
[2m  - waiting for locator('xpath=/html/body/div[1]/div[2]/div') to be visible[22m

2026-09-04T11:36:38.698Z [69488bbb-0ad2-40d9-957b-cf6202cb22e6][6f7bf0a6-8323-4acd-b50e-b2715aa5dfaa] ⚠ Start keyframe NOT applied: page.waitForSelector: Timeout 8000ms exceeded.
Call log:
[2m  - waiting for locator('xpath=/html/body/div[1]/div[2]/div') to be visible[22m

2026-09-04T11:36:38.710Z [69488bbb-0ad2-40d9-957b-cf6202cb22e6][6f7bf0a6-8323-4acd-b50e-b2715aa5dfaa] DIAG: input[type=file] count=0; visible buttons=["Nút quay lại để quay về trang trước","Các lựa chọn khác cho dự án","Tìm kiếm","Các lựa chọn lọc và sắp xếp","Trình đơn thêm nội dung nghe nhìn","Trợ giúp về sản phẩm","Cài đặt lưới ô","Lựa chọn khác","Thêm thành phần vào ô nhập câu lệnh","Tác nhân","Điều kiện kích hoạt cài đặt","Bắt đầu tạo","uploadTải nội dung nghe nhìn lên","Family leaving park together safelyVideo","1788158601790_62a305_winai_2026-08-31T06","Family leaving park safelyVideo","Nessa comforting Arlo by riverVideo","1788158323338_b683ed_winai_2026-08-31T06","Nessa comforting Arlo by riverVideo","Graham talks to Arlo by river…Video","1788091598142_057200_winai_2026-08-30T12","Graham warns Arlo by riverVideo","Băng nứt trên sôngVideo","1788091477963_9000cc_winai_2026-08-30T12","Camera films cracking ice blockVideo","Graham pulls Arlo to safetyVideo","1788091400568_204cda_winai_2026-08-30T12","Graham rescues Arlo from iceVideo","Phát","Bật tiếng","Thêm vào câu lệnh"]
2026-09-04T11:36:38.711Z [69488bbb-0ad2-40d9-957b-cf6202cb22e6][6f7bf0a6-8323-4acd-b50e-b2715aa5dfaa] Flow attempt 1/1 failed: Start keyframe/ingredient provided but could not be attached — aborting before submit to avoid detecting/downloading pre-existing project videos.
2026-09-04T11:36:38.711Z [69488bbb-0ad2-40d9-957b-cf6202cb22e6][6f7bf0a6-8323-4acd-b50e-b2715aa5dfaa] runGeneration ERROR exception: Error: Start keyframe/ingredient provided but could not be attached — aborting before submit to avoid detecting/downloading pre-existing project videos.
    at runGoogleFlow (C:\snapshot\sidecar\dist\sidecar.cjs:9144:11)
    at async runGeneration (C:\snapshot\sidecar\dist\sidecar.cjs:10021:11)
    at async handleCommand (C:\snapshot\sidecar\dist\sidecar.cjs:6510:7)
    at async C:\snapshot\sidecar\dist\sidecar.cjs:6426:11
2026-09-04T11:36:39.100Z [a804bb49-84c8-4d30-b4d2-2f275006a5a1][6f7bf0a6-8323-4acd-b50e-b2715aa5dfaa] runGeneration starting: task_id=a804bb49-84c8-4d30-b4d2-2f275006a5a1, profile_id=6f7bf0a6-8323-4acd-b50e-b2715aa5dfaa, target_site=google_flow
2026-09-04T11:36:39.101Z [a804bb49-84c8-4d30-b4d2-2f275006a5a1][6f7bf0a6-8323-4acd-b50e-b2715aa5dfaa] Opening Playwright browser with persistent profile cookies...
2026-09-04T11:36:39.101Z [a804bb49-84c8-4d30-b4d2-2f275006a5a1][6f7bf0a6-8323-4acd-b50e-b2715aa5dfaa] Browser engine: winhide (C:\Users\Admin\AppData\Roaming\com.tank.winai\winhide\chrome.exe) [hidden off-screen]
2026-09-04T11:36:39.101Z [a804bb49-84c8-4d30-b4d2-2f275006a5a1][6f7bf0a6-8323-4acd-b50e-b2715aa5dfaa] Launch mode: STEALTH (raw spawn + connectOverCDP)
2026-09-04T11:36:39.157Z [18b5b978-2138-4939-9c31-e19d90dcd0c4][6f7bf0a6-8323-4acd-b50e-b2715aa5dfaa] runGeneration starting: task_id=18b5b978-2138-4939-9c31-e19d90dcd0c4, profile_id=6f7bf0a6-8323-4acd-b50e-b2715aa5dfaa, target_site=google_flow
2026-09-04T11:36:39.158Z [18b5b978-2138-4939-9c31-e19d90dcd0c4][6f7bf0a6-8323-4acd-b50e-b2715aa5dfaa] Opening Playwright browser with persistent profile cookies...
2026-09-04T11:36:39.159Z [18b5b978-2138-4939-9c31-e19d90dcd0c4][6f7bf0a6-8323-4acd-b50e-b2715aa5dfaa] Browser engine: winhide (C:\Users\Admin\AppData\Roaming\com.tank.winai\winhide\chrome.exe) [hidden off-screen]
2026-09-04T11:36:39.159Z [18b5b978-2138-4939-9c31-e19d90dcd0c4][6f7bf0a6-8323-4acd-b50e-b2715aa5dfaa] Launch mode: STEALTH (raw spawn + connectOverCDP)
2026-09-04T11:36:40.719Z [a804bb49-84c8-4d30-b4d2-2f275006a5a1][6f7bf0a6-8323-4acd-b50e-b2715aa5dfaa] Exit IP: 115.74.128.9
2026-09-04T11:36:40.717Z [18b5b978-2138-4939-9c31-e19d90dcd0c4][6f7bf0a6-8323-4acd-b50e-b2715aa5dfaa] Exit IP: 115.74.128.9
2026-09-04T11:36:40.720Z [a804bb49-84c8-4d30-b4d2-2f275006a5a1][6f7bf0a6-8323-4acd-b50e-b2715aa5dfaa] Navigating browser to Google Flow tools page...
2026-09-04T11:36:40.718Z [18b5b978-2138-4939-9c31-e19d90dcd0c4][6f7bf0a6-8323-4acd-b50e-b2715aa5dfaa] Navigating browser to Google Flow tools page...
2026-09-04T11:36:40.720Z [a804bb49-84c8-4d30-b4d2-2f275006a5a1][6f7bf0a6-8323-4acd-b50e-b2715aa5dfaa] Using existing project URL: https://flow.google.com/project/33ca2cc2-c9ff-4bb6-9048-2a7af1dfcfee
2026-09-04T11:36:40.718Z [18b5b978-2138-4939-9c31-e19d90dcd0c4][6f7bf0a6-8323-4acd-b50e-b2715aa5dfaa] Using existing project URL: https://flow.google.com/project/c2a607c5-d833-4be1-8108-407b74d4ed85
2026-09-04T11:36:41.502Z [a804bb49-84c8-4d30-b4d2-2f275006a5a1][6f7bf0a6-8323-4acd-b50e-b2715aa5dfaa] Waiting for Google Flow...
2026-09-04T11:36:41.654Z [18b5b978-2138-4939-9c31-e19d90dcd0c4][6f7bf0a6-8323-4acd-b50e-b2715aa5dfaa] Waiting for Google Flow...
2026-09-04T11:36:42.445Z [ba381bcd-3847-4e6b-9d97-5b7f7864d0f3][6f7bf0a6-8323-4acd-b50e-b2715aa5dfaa] Start keyframe upload failed: page.waitForSelector: Timeout 8000ms exceeded.
Call log:
[2m  - waiting for locator('xpath=/html/body/div[1]/div[2]/div') to be visible[22m

2026-09-04T11:36:42.446Z [ba381bcd-3847-4e6b-9d97-5b7f7864d0f3][6f7bf0a6-8323-4acd-b50e-b2715aa5dfaa] ⚠ Start keyframe NOT applied: page.waitForSelector: Timeout 8000ms exceeded.
Call log:
[2m  - waiting for locator('xpath=/html/body/div[1]/div[2]/div') to be visible[22m

2026-09-04T11:36:42.465Z [ba381bcd-3847-4e6b-9d97-5b7f7864d0f3][6f7bf0a6-8323-4acd-b50e-b2715aa5dfaa] DIAG: input[type=file] count=0; visible buttons=["Nút quay lại để quay về trang trước","Các lựa chọn khác cho dự án","Tìm kiếm","Các lựa chọn lọc và sắp xếp","Trình đơn thêm nội dung nghe nhìn","Trợ giúp về sản phẩm","Cài đặt lưới ô","Lựa chọn khác","Thêm thành phần vào ô nhập câu lệnh","Tác nhân","Điều kiện kích hoạt cài đặt","Bắt đầu tạo","uploadTải nội dung nghe nhìn lên","1788090404443_62275d_winai_2026-08-30T11","Arlo admitting he was scaredVideo","1788158480055_1caa94_winai_2026-08-31T06","Arlo admits he was scaredVideo","Nessa questioning Arlo by riverVideo","1788158326284_d27d93_winai_2026-08-31T06","Nessa questioning ArloVideo","Ice slabs floating down riverVideo","1788091531457_842940_winai_2026-08-30T12","Ice slabs drifting down riverVideo","Ice floe drifting toward rocksVideo","1788091353389_4c49f2_winai_2026-08-30T12","Ice floating toward rocksVideo","Arlo rescue operation on iceVideo","1788091230589_2e5c07_winai_2026-08-30T11","Thêm vào câu lệnh"]
2026-09-04T11:36:42.466Z [ba381bcd-3847-4e6b-9d97-5b7f7864d0f3][6f7bf0a6-8323-4acd-b50e-b2715aa5dfaa] Flow attempt 1/1 failed: Start keyframe/ingredient provided but could not be attached — aborting before submit to avoid detecting/downloading pre-existing project videos.
2026-09-04T11:36:42.467Z [ba381bcd-3847-4e6b-9d97-5b7f7864d0f3][6f7bf0a6-8323-4acd-b50e-b2715aa5dfaa] runGeneration ERROR exception: Error: Start keyframe/ingredient provided but could not be attached — aborting before submit to avoid detecting/downloading pre-existing project videos.
    at runGoogleFlow (C:\snapshot\sidecar\dist\sidecar.cjs:9144:11)
    at async runGeneration (C:\snapshot\sidecar\dist\sidecar.cjs:10021:11)
    at async handleCommand (C:\snapshot\sidecar\dist\sidecar.cjs:6510:7)
    at async C:\snapshot\sidecar\dist\sidecar.cjs:6426:11
2026-09-04T11:36:43.359Z [da9807f3-55fd-42e9-9391-cfa809de4f29][6f7bf0a6-8323-4acd-b50e-b2715aa5dfaa] Start keyframe upload failed: page.waitForSelector: Timeout 8000ms exceeded.
Call log:
[2m  - waiting for locator('xpath=/html/body/div[1]/div[2]/div') to be visible[22m

2026-09-04T11:36:43.359Z [da9807f3-55fd-42e9-9391-cfa809de4f29][6f7bf0a6-8323-4acd-b50e-b2715aa5dfaa] ⚠ Start keyframe NOT applied: page.waitForSelector: Timeout 8000ms exceeded.
Call log:
[2m  - waiting for locator('xpath=/html/body/div[1]/div[2]/div') to be visible[22m

2026-09-04T11:36:43.383Z [da9807f3-55fd-42e9-9391-cfa809de4f29][6f7bf0a6-8323-4acd-b50e-b2715aa5dfaa] DIAG: input[type=file] count=0; visible buttons=["Nút quay lại để quay về trang trước","Các lựa chọn khác cho dự án","Tìm kiếm","Các lựa chọn lọc và sắp xếp","Trình đơn thêm nội dung nghe nhìn","Trợ giúp về sản phẩm","Cài đặt lưới ô","Lựa chọn khác","Thêm thành phần vào ô nhập câu lệnh","Tác nhân","Điều kiện kích hoạt cài đặt","Bắt đầu tạo","uploadTải nội dung nghe nhìn lên","Nessa holding Arlo handVideo","1788158449211_79b2eb_winai_2026-08-31T06","Girl holding brother's handVideo","Graham comforts Arlo with wisdomVideo","1788158379819_c3b7b4_winai_2026-08-31T06","Arlo looking at dark waterVideo","1788091539011_055b3c_winai_2026-08-30T12","Iceberg colliding with rockVideo","1788091350195_60da54_winai_2026-08-30T12","Iceberg colliding with rockVideo","Graham rescuing Arlo from riverVideo","1788091310668_2b4631_winai_2026-08-30T11","Graham rescuing Arlo from riverVideo","Arlo and Graham water rescueVideo","1788091089350_1133dc_winai_2026-08-30T11","Phát","Bật tiếng","Thêm vào câu lệnh"]
2026-09-04T11:36:43.385Z [da9807f3-55fd-42e9-9391-cfa809de4f29][6f7bf0a6-8323-4acd-b50e-b2715aa5dfaa] Flow attempt 1/1 failed: Start keyframe/ingredient provided but could not be attached — aborting before submit to avoid detecting/downloading pre-existing project videos.
2026-09-04T11:36:43.385Z [da9807f3-55fd-42e9-9391-cfa809de4f29][6f7bf0a6-8323-4acd-b50e-b2715aa5dfaa] runGeneration ERROR exception: Error: Start keyframe/ingredient provided but could not be attached — aborting before submit to avoid detecting/downloading pre-existing project videos.
    at runGoogleFlow (C:\snapshot\sidecar\dist\sidecar.cjs:9144:11)
    at async runGeneration (C:\snapshot\sidecar\dist\sidecar.cjs:10021:11)
    at async handleCommand (C:\snapshot\sidecar\dist\sidecar.cjs:6510:7)
    at async C:\snapshot\sidecar\dist\sidecar.cjs:6426:11
2026-09-04T11:36:43.699Z [a804bb49-84c8-4d30-b4d2-2f275006a5a1][6f7bf0a6-8323-4acd-b50e-b2715aa5dfaa] In existing project ✓
2026-09-04T11:36:43.708Z [da67a6f1-a761-4433-9aa8-31dae9d7fae6][6f7bf0a6-8323-4acd-b50e-b2715aa5dfaa] runGeneration starting: task_id=da67a6f1-a761-4433-9aa8-31dae9d7fae6, profile_id=6f7bf0a6-8323-4acd-b50e-b2715aa5dfaa, target_site=google_flow
2026-09-04T11:36:43.710Z [da67a6f1-a761-4433-9aa8-31dae9d7fae6][6f7bf0a6-8323-4acd-b50e-b2715aa5dfaa] Opening Playwright browser with persistent profile cookies...
2026-09-04T11:36:43.710Z [da67a6f1-a761-4433-9aa8-31dae9d7fae6][6f7bf0a6-8323-4acd-b50e-b2715aa5dfaa] Browser engine: winhide (C:\Users\Admin\AppData\Roaming\com.tank.winai\winhide\chrome.exe) [hidden off-screen]
2026-09-04T11:36:43.711Z [da67a6f1-a761-4433-9aa8-31dae9d7fae6][6f7bf0a6-8323-4acd-b50e-b2715aa5dfaa] Launch mode: STEALTH (raw spawn + connectOverCDP)
2026-09-04T11:36:43.711Z [18b5b978-2138-4939-9c31-e19d90dcd0c4][6f7bf0a6-8323-4acd-b50e-b2715aa5dfaa] In existing project ✓
2026-09-04T11:36:43.842Z [09cf519a-89f5-487b-82b1-2cee56d09a69][6f7bf0a6-8323-4acd-b50e-b2715aa5dfaa] runGeneration starting: task_id=09cf519a-89f5-487b-82b1-2cee56d09a69, profile_id=6f7bf0a6-8323-4acd-b50e-b2715aa5dfaa, target_site=google_flow
2026-09-04T11:36:43.843Z [09cf519a-89f5-487b-82b1-2cee56d09a69][6f7bf0a6-8323-4acd-b50e-b2715aa5dfaa] Opening Playwright browser with persistent profile cookies...
2026-09-04T11:36:43.843Z [09cf519a-89f5-487b-82b1-2cee56d09a69][6f7bf0a6-8323-4acd-b50e-b2715aa5dfaa] Browser engine: winhide (C:\Users\Admin\AppData\Roaming\com.tank.winai\winhide\chrome.exe) [hidden off-screen]
2026-09-04T11:36:43.844Z [09cf519a-89f5-487b-82b1-2cee56d09a69][6f7bf0a6-8323-4acd-b50e-b2715aa5dfaa] Launch mode: STEALTH (raw spawn + connectOverCDP)
2026-09-04T11:36:44.791Z [a804bb49-84c8-4d30-b4d2-2f275006a5a1][6f7bf0a6-8323-4acd-b50e-b2715aa5dfaa] dismissPopups: unresolved overlay(s) ["IFRAME[presentation]|btns="]
2026-09-04T11:36:44.830Z [18b5b978-2138-4939-9c31-e19d90dcd0c4][6f7bf0a6-8323-4acd-b50e-b2715aa5dfaa] dismissPopups: unresolved overlay(s) ["IFRAME[presentation]|btns="]
2026-09-04T11:36:45.520Z [da67a6f1-a761-4433-9aa8-31dae9d7fae6][6f7bf0a6-8323-4acd-b50e-b2715aa5dfaa] Exit IP: 115.74.128.9
2026-09-04T11:36:45.520Z [da67a6f1-a761-4433-9aa8-31dae9d7fae6][6f7bf0a6-8323-4acd-b50e-b2715aa5dfaa] Navigating browser to Google Flow tools page...
2026-09-04T11:36:45.521Z [da67a6f1-a761-4433-9aa8-31dae9d7fae6][6f7bf0a6-8323-4acd-b50e-b2715aa5dfaa] Using existing project URL: https://flow.google.com/project/cd81a7d3-c989-419e-891a-f8694174cb85
2026-09-04T11:36:45.582Z [09cf519a-89f5-487b-82b1-2cee56d09a69][6f7bf0a6-8323-4acd-b50e-b2715aa5dfaa] Exit IP: 115.74.128.9
2026-09-04T11:36:45.583Z [09cf519a-89f5-487b-82b1-2cee56d09a69][6f7bf0a6-8323-4acd-b50e-b2715aa5dfaa] Navigating browser to Google Flow tools page...
2026-09-04T11:36:45.583Z [09cf519a-89f5-487b-82b1-2cee56d09a69][6f7bf0a6-8323-4acd-b50e-b2715aa5dfaa] Using existing project URL: https://flow.google.com/project/cae2bf2b-d1b8-40f9-a300-9f2aa6276ea5
2026-09-04T11:36:46.627Z [da67a6f1-a761-4433-9aa8-31dae9d7fae6][6f7bf0a6-8323-4acd-b50e-b2715aa5dfaa] Waiting for Google Flow...
2026-09-04T11:36:47.020Z [09cf519a-89f5-487b-82b1-2cee56d09a69][6f7bf0a6-8323-4acd-b50e-b2715aa5dfaa] Waiting for Google Flow...
2026-09-04T11:36:48.920Z [da67a6f1-a761-4433-9aa8-31dae9d7fae6][6f7bf0a6-8323-4acd-b50e-b2715aa5dfaa] In existing project ✓
2026-09-04T11:36:49.102Z [09cf519a-89f5-487b-82b1-2cee56d09a69][6f7bf0a6-8323-4acd-b50e-b2715aa5dfaa] In existing project ✓
2026-09-04T11:36:49.986Z [da67a6f1-a761-4433-9aa8-31dae9d7fae6][6f7bf0a6-8323-4acd-b50e-b2715aa5dfaa] dismissPopups: unresolved overlay(s) ["IFRAME[presentation]|btns="]
2026-09-04T11:36:50.230Z [09cf519a-89f5-487b-82b1-2cee56d09a69][6f7bf0a6-8323-4acd-b50e-b2715aa5dfaa] dismissPopups: unresolved overlay(s) ["IFRAME[presentation]|btns="]
2026-09-04T12:10:26.585Z [4e5c85f7-b020-438c-89c6-b442c4450a26][6f7bf0a6-8323-4acd-b50e-b2715aa5dfaa] runGeneration starting: task_id=4e5c85f7-b020-438c-89c6-b442c4450a26, profile_id=6f7bf0a6-8323-4acd-b50e-b2715aa5dfaa, target_site=google_flow
2026-09-04T12:10:26.585Z [3891e899-ce73-4f9f-bf3c-91f6b065075e][6f7bf0a6-8323-4acd-b50e-b2715aa5dfaa] runGeneration starting: task_id=3891e899-ce73-4f9f-bf3c-91f6b065075e, profile_id=6f7bf0a6-8323-4acd-b50e-b2715aa5dfaa, target_site=google_flow
2026-09-04T12:10:26.586Z [4e5c85f7-b020-438c-89c6-b442c4450a26][6f7bf0a6-8323-4acd-b50e-b2715aa5dfaa] Opening Playwright browser with persistent profile cookies...
2026-09-04T12:10:26.587Z [4e5c85f7-b020-438c-89c6-b442c4450a26][6f7bf0a6-8323-4acd-b50e-b2715aa5dfaa] Browser engine: winhide (C:\Users\Admin\AppData\Roaming\com.tank.winai\winhide\chrome.exe) [hidden off-screen]
2026-09-04T12:10:26.586Z [3891e899-ce73-4f9f-bf3c-91f6b065075e][6f7bf0a6-8323-4acd-b50e-b2715aa5dfaa] Opening Playwright browser with persistent profile cookies...
2026-09-04T12:10:26.587Z [3891e899-ce73-4f9f-bf3c-91f6b065075e][6f7bf0a6-8323-4acd-b50e-b2715aa5dfaa] Browser engine: winhide (C:\Users\Admin\AppData\Roaming\com.tank.winai\winhide\chrome.exe) [hidden off-screen]
2026-09-04T12:10:26.587Z [4e5c85f7-b020-438c-89c6-b442c4450a26][6f7bf0a6-8323-4acd-b50e-b2715aa5dfaa] Launch mode: STEALTH (raw spawn + connectOverCDP)
2026-09-04T12:10:26.588Z [3891e899-ce73-4f9f-bf3c-91f6b065075e][6f7bf0a6-8323-4acd-b50e-b2715aa5dfaa] Launch mode: STEALTH (raw spawn + connectOverCDP)
2026-09-04T12:10:26.594Z [ed9e51a4-cb87-46d7-abe5-3edbc2abcc0b][6f7bf0a6-8323-4acd-b50e-b2715aa5dfaa] runGeneration starting: task_id=ed9e51a4-cb87-46d7-abe5-3edbc2abcc0b, profile_id=6f7bf0a6-8323-4acd-b50e-b2715aa5dfaa, target_site=google_flow
2026-09-04T12:10:26.595Z [ed9e51a4-cb87-46d7-abe5-3edbc2abcc0b][6f7bf0a6-8323-4acd-b50e-b2715aa5dfaa] Opening Playwright browser with persistent profile cookies...
2026-09-04T12:10:26.596Z [ed9e51a4-cb87-46d7-abe5-3edbc2abcc0b][6f7bf0a6-8323-4acd-b50e-b2715aa5dfaa] Browser engine: winhide (C:\Users\Admin\AppData\Roaming\com.tank.winai\winhide\chrome.exe) [hidden off-screen]
2026-09-04T12:10:26.597Z [ed9e51a4-cb87-46d7-abe5-3edbc2abcc0b][6f7bf0a6-8323-4acd-b50e-b2715aa5dfaa] Launch mode: STEALTH (raw spawn + connectOverCDP)
2026-09-04T12:10:26.599Z [590303e8-e252-4026-b91c-7eecac47bd16][6f7bf0a6-8323-4acd-b50e-b2715aa5dfaa] runGeneration starting: task_id=590303e8-e252-4026-b91c-7eecac47bd16, profile_id=6f7bf0a6-8323-4acd-b50e-b2715aa5dfaa, target_site=google_flow
2026-09-04T12:10:26.600Z [590303e8-e252-4026-b91c-7eecac47bd16][6f7bf0a6-8323-4acd-b50e-b2715aa5dfaa] Opening Playwright browser with persistent profile cookies...
2026-09-04T12:10:26.601Z [590303e8-e252-4026-b91c-7eecac47bd16][6f7bf0a6-8323-4acd-b50e-b2715aa5dfaa] Browser engine: winhide (C:\Users\Admin\AppData\Roaming\com.tank.winai\winhide\chrome.exe) [hidden off-screen]
2026-09-04T12:10:26.602Z [590303e8-e252-4026-b91c-7eecac47bd16][6f7bf0a6-8323-4acd-b50e-b2715aa5dfaa] Launch mode: STEALTH (raw spawn + connectOverCDP)
2026-09-04T12:10:29.321Z [3891e899-ce73-4f9f-bf3c-91f6b065075e][6f7bf0a6-8323-4acd-b50e-b2715aa5dfaa] Exit IP: 115.74.128.9
2026-09-04T12:10:29.322Z [3891e899-ce73-4f9f-bf3c-91f6b065075e][6f7bf0a6-8323-4acd-b50e-b2715aa5dfaa] Navigating browser to Google Flow tools page...
2026-09-04T12:10:29.322Z [3891e899-ce73-4f9f-bf3c-91f6b065075e][6f7bf0a6-8323-4acd-b50e-b2715aa5dfaa] Using existing project URL: https://flow.google.com/project/cd81a7d3-c989-419e-891a-f8694174cb85
2026-09-04T12:10:29.442Z [590303e8-e252-4026-b91c-7eecac47bd16][6f7bf0a6-8323-4acd-b50e-b2715aa5dfaa] Exit IP: 115.74.128.9
2026-09-04T12:10:29.442Z [590303e8-e252-4026-b91c-7eecac47bd16][6f7bf0a6-8323-4acd-b50e-b2715aa5dfaa] Navigating browser to Google Flow tools page...
2026-09-04T12:10:29.443Z [590303e8-e252-4026-b91c-7eecac47bd16][6f7bf0a6-8323-4acd-b50e-b2715aa5dfaa] Using existing project URL: https://flow.google.com/project/cae2bf2b-d1b8-40f9-a300-9f2aa6276ea5
2026-09-04T12:10:29.507Z [4e5c85f7-b020-438c-89c6-b442c4450a26][6f7bf0a6-8323-4acd-b50e-b2715aa5dfaa] Exit IP: 115.74.128.9
2026-09-04T12:10:29.507Z [4e5c85f7-b020-438c-89c6-b442c4450a26][6f7bf0a6-8323-4acd-b50e-b2715aa5dfaa] Navigating browser to Google Flow tools page...
2026-09-04T12:10:29.508Z [4e5c85f7-b020-438c-89c6-b442c4450a26][6f7bf0a6-8323-4acd-b50e-b2715aa5dfaa] Using existing project URL: https://flow.google.com/project/c2a607c5-d833-4be1-8108-407b74d4ed85
2026-09-04T12:10:29.510Z [ed9e51a4-cb87-46d7-abe5-3edbc2abcc0b][6f7bf0a6-8323-4acd-b50e-b2715aa5dfaa] Exit IP: 115.74.128.9
2026-09-04T12:10:29.511Z [ed9e51a4-cb87-46d7-abe5-3edbc2abcc0b][6f7bf0a6-8323-4acd-b50e-b2715aa5dfaa] Navigating browser to Google Flow tools page...
2026-09-04T12:10:29.511Z [ed9e51a4-cb87-46d7-abe5-3edbc2abcc0b][6f7bf0a6-8323-4acd-b50e-b2715aa5dfaa] Using existing project URL: https://flow.google.com/project/33ca2cc2-c9ff-4bb6-9048-2a7af1dfcfee
2026-09-04T12:10:30.449Z [3891e899-ce73-4f9f-bf3c-91f6b065075e][6f7bf0a6-8323-4acd-b50e-b2715aa5dfaa] Waiting for Google Flow...
2026-09-04T12:10:30.555Z [590303e8-e252-4026-b91c-7eecac47bd16][6f7bf0a6-8323-4acd-b50e-b2715aa5dfaa] Waiting for Google Flow...
2026-09-04T12:10:30.641Z [ed9e51a4-cb87-46d7-abe5-3edbc2abcc0b][6f7bf0a6-8323-4acd-b50e-b2715aa5dfaa] Waiting for Google Flow...
2026-09-04T12:10:30.769Z [4e5c85f7-b020-438c-89c6-b442c4450a26][6f7bf0a6-8323-4acd-b50e-b2715aa5dfaa] Waiting for Google Flow...
2026-09-04T12:10:32.121Z [3891e899-ce73-4f9f-bf3c-91f6b065075e][6f7bf0a6-8323-4acd-b50e-b2715aa5dfaa] In existing project ✓
2026-09-04T12:10:32.222Z [590303e8-e252-4026-b91c-7eecac47bd16][6f7bf0a6-8323-4acd-b50e-b2715aa5dfaa] In existing project ✓
2026-09-04T12:10:32.501Z [ed9e51a4-cb87-46d7-abe5-3edbc2abcc0b][6f7bf0a6-8323-4acd-b50e-b2715aa5dfaa] In existing project ✓
2026-09-04T12:10:32.756Z [4e5c85f7-b020-438c-89c6-b442c4450a26][6f7bf0a6-8323-4acd-b50e-b2715aa5dfaa] In existing project ✓
2026-09-04T12:10:33.097Z [3891e899-ce73-4f9f-bf3c-91f6b065075e][6f7bf0a6-8323-4acd-b50e-b2715aa5dfaa] dismissPopups: unresolved overlay(s) ["IFRAME[presentation]|btns="]
2026-09-04T12:10:33.243Z [590303e8-e252-4026-b91c-7eecac47bd16][6f7bf0a6-8323-4acd-b50e-b2715aa5dfaa] dismissPopups: unresolved overlay(s) ["IFRAME[presentation]|btns="]
2026-09-04T12:10:33.590Z [ed9e51a4-cb87-46d7-abe5-3edbc2abcc0b][6f7bf0a6-8323-4acd-b50e-b2715aa5dfaa] dismissPopups: unresolved overlay(s) ["IFRAME[presentation]|btns="]
2026-09-04T12:10:33.695Z [4e5c85f7-b020-438c-89c6-b442c4450a26][6f7bf0a6-8323-4acd-b50e-b2715aa5dfaa] dismissPopups: unresolved overlay(s) ["IFRAME[presentation]|btns="]
2026-09-04T12:11:03.155Z [3891e899-ce73-4f9f-bf3c-91f6b065075e][6f7bf0a6-8323-4acd-b50e-b2715aa5dfaa] Composer readiness wait timed out — diagnosing...
2026-09-04T12:11:03.158Z [3891e899-ce73-4f9f-bf3c-91f6b065075e][6f7bf0a6-8323-4acd-b50e-b2715aa5dfaa] READINESS-DIAG: {"url":"https://flow.google.com/project/cd81a7d3-c989-419e-891a-f8694174cb85","vh":1280,"ceCount":0,"ce":[],"btnCount":0,"btns":[]}
2026-09-04T12:11:03.262Z [590303e8-e252-4026-b91c-7eecac47bd16][6f7bf0a6-8323-4acd-b50e-b2715aa5dfaa] Composer readiness wait timed out — diagnosing...
2026-09-04T12:11:03.269Z [590303e8-e252-4026-b91c-7eecac47bd16][6f7bf0a6-8323-4acd-b50e-b2715aa5dfaa] READINESS-DIAG: {"url":"https://flow.google.com/project/cae2bf2b-d1b8-40f9-a300-9f2aa6276ea5","vh":1280,"ceCount":1,"ce":["DIV@1217"],"btnCount":30,"btns":["arrow_back@18","more_vert@18","search@21","filter_list@18","add@18","help@18","settings_2@18","more_vert@18","@88","@88","keyboard_retur@280","@88","@88","@88","keyboard_retur@280","@88","@88","@88","keyboard_retur@280","@88","@88","keyboard_retur@280","@88","@88","@88","keyboard_retur@280","@354","@354","@354","keyboard_retur@547"]}
2026-09-04T12:11:03.606Z [ed9e51a4-cb87-46d7-abe5-3edbc2abcc0b][6f7bf0a6-8323-4acd-b50e-b2715aa5dfaa] Composer readiness wait timed out — diagnosing...
2026-09-04T12:11:03.612Z [ed9e51a4-cb87-46d7-abe5-3edbc2abcc0b][6f7bf0a6-8323-4acd-b50e-b2715aa5dfaa] READINESS-DIAG: {"url":"https://flow.google.com/project/33ca2cc2-c9ff-4bb6-9048-2a7af1dfcfee","vh":1280,"ceCount":1,"ce":["DIV@1217"],"btnCount":30,"btns":["arrow_back@18","more_vert@18","search@21","filter_list@18","add@18","help@18","settings_2@18","more_vert@18","@88","@88","@88","keyboard_retur@281","@88","@88","@88","keyboard_retur@281","@88","@88","keyboard_retur@281","@88","@88","@88","keyboard_retur@281","@88","@88","@88","keyboard_retur@281","@355","@355","keyboard_retur@547"]}
2026-09-04T12:11:03.720Z [4e5c85f7-b020-438c-89c6-b442c4450a26][6f7bf0a6-8323-4acd-b50e-b2715aa5dfaa] Composer readiness wait timed out — diagnosing...
2026-09-04T12:11:03.724Z [4e5c85f7-b020-438c-89c6-b442c4450a26][6f7bf0a6-8323-4acd-b50e-b2715aa5dfaa] READINESS-DIAG: {"url":"https://flow.google.com/project/c2a607c5-d833-4be1-8108-407b74d4ed85","vh":1280,"ceCount":1,"ce":["DIV@1217"],"btnCount":30,"btns":["arrow_back@18","more_vert@18","search@21","filter_list@18","add@18","help@18","settings_2@18","more_vert@18","@88","@88","@88","keyboard_retur@281","@88","@88","@88","keyboard_retur@281","@88","@88","keyboard_retur@281","@88","@88","@88","keyboard_retur@281","@88","@88","@88","keyboard_retur@281","@355","@355","keyboard_retur@547"]}
2026-09-04T12:11:05.176Z [3891e899-ce73-4f9f-bf3c-91f6b065075e][6f7bf0a6-8323-4acd-b50e-b2715aa5dfaa] Agent toggle aria-pressed=null
2026-09-04T12:11:05.176Z [3891e899-ce73-4f9f-bf3c-91f6b065075e][6f7bf0a6-8323-4acd-b50e-b2715aa5dfaa] Already in normal mode (or Agent toggle absent) — no switch needed.
2026-09-04T12:11:05.179Z [3891e899-ce73-4f9f-bf3c-91f6b065075e][6f7bf0a6-8323-4acd-b50e-b2715aa5dfaa] dismissPopups: unresolved overlay(s) ["IFRAME[presentation]|btns="]
2026-09-04T12:11:05.183Z [3891e899-ce73-4f9f-bf3c-91f6b065075e][6f7bf0a6-8323-4acd-b50e-b2715aa5dfaa] Opening settings...
2026-09-04T12:11:05.184Z [3891e899-ce73-4f9f-bf3c-91f6b065075e][6f7bf0a6-8323-4acd-b50e-b2715aa5dfaa] Trying absolute XPath for settings button...
2026-09-04T12:11:05.187Z [3891e899-ce73-4f9f-bf3c-91f6b065075e][6f7bf0a6-8323-4acd-b50e-b2715aa5dfaa] Trying composer config-chip (crop_ glyph)...
2026-09-04T12:11:05.300Z [590303e8-e252-4026-b91c-7eecac47bd16][6f7bf0a6-8323-4acd-b50e-b2715aa5dfaa] Agent toggle aria-pressed=false
2026-09-04T12:11:05.300Z [590303e8-e252-4026-b91c-7eecac47bd16][6f7bf0a6-8323-4acd-b50e-b2715aa5dfaa] Already in normal mode (or Agent toggle absent) — no switch needed.
2026-09-04T12:11:05.314Z [590303e8-e252-4026-b91c-7eecac47bd16][6f7bf0a6-8323-4acd-b50e-b2715aa5dfaa] dismissPopups: removed 142 overlay(s) ["DIV.header-backdrop|","DIV.pre-hover-overlay|","DIV.hover-overlay|"]
2026-09-04T12:11:05.661Z [ed9e51a4-cb87-46d7-abe5-3edbc2abcc0b][6f7bf0a6-8323-4acd-b50e-b2715aa5dfaa] Agent toggle aria-pressed=false
2026-09-04T12:11:05.661Z [ed9e51a4-cb87-46d7-abe5-3edbc2abcc0b][6f7bf0a6-8323-4acd-b50e-b2715aa5dfaa] Already in normal mode (or Agent toggle absent) — no switch needed.
2026-09-04T12:11:05.672Z [ed9e51a4-cb87-46d7-abe5-3edbc2abcc0b][6f7bf0a6-8323-4acd-b50e-b2715aa5dfaa] dismissPopups: removed 145 overlay(s) ["DIV.header-backdrop|","DIV.pre-hover-overlay|play_circle","DIV.hover-overlay-has-progress-bar|"]
2026-09-04T12:11:05.721Z [590303e8-e252-4026-b91c-7eecac47bd16][6f7bf0a6-8323-4acd-b50e-b2715aa5dfaa] dismissPopups: unresolved overlay(s) ["IFRAME[presentation]|btns="]
2026-09-04T12:11:05.730Z [590303e8-e252-4026-b91c-7eecac47bd16][6f7bf0a6-8323-4acd-b50e-b2715aa5dfaa] Opening settings...
2026-09-04T12:11:05.731Z [590303e8-e252-4026-b91c-7eecac47bd16][6f7bf0a6-8323-4acd-b50e-b2715aa5dfaa] Trying absolute XPath for settings button...
2026-09-04T12:11:05.734Z [590303e8-e252-4026-b91c-7eecac47bd16][6f7bf0a6-8323-4acd-b50e-b2715aa5dfaa] Trying composer config-chip (crop_ glyph)...
2026-09-04T12:11:05.759Z [4e5c85f7-b020-438c-89c6-b442c4450a26][6f7bf0a6-8323-4acd-b50e-b2715aa5dfaa] Agent toggle aria-pressed=false
2026-09-04T12:11:05.759Z [4e5c85f7-b020-438c-89c6-b442c4450a26][6f7bf0a6-8323-4acd-b50e-b2715aa5dfaa] Already in normal mode (or Agent toggle absent) — no switch needed.
2026-09-04T12:11:05.774Z [4e5c85f7-b020-438c-89c6-b442c4450a26][6f7bf0a6-8323-4acd-b50e-b2715aa5dfaa] dismissPopups: removed 148 overlay(s) ["DIV.header-backdrop|","DIV.pre-hover-overlay|play_circle","DIV.hover-overlay-has-progress-bar|"]
2026-09-04T12:11:06.083Z [ed9e51a4-cb87-46d7-abe5-3edbc2abcc0b][6f7bf0a6-8323-4acd-b50e-b2715aa5dfaa] dismissPopups: unresolved overlay(s) ["IFRAME[presentation]|btns="]
2026-09-04T12:11:06.091Z [ed9e51a4-cb87-46d7-abe5-3edbc2abcc0b][6f7bf0a6-8323-4acd-b50e-b2715aa5dfaa] Opening settings...
2026-09-04T12:11:06.092Z [ed9e51a4-cb87-46d7-abe5-3edbc2abcc0b][6f7bf0a6-8323-4acd-b50e-b2715aa5dfaa] Trying absolute XPath for settings button...
2026-09-04T12:11:06.095Z [ed9e51a4-cb87-46d7-abe5-3edbc2abcc0b][6f7bf0a6-8323-4acd-b50e-b2715aa5dfaa] Trying composer config-chip (crop_ glyph)...
2026-09-04T12:11:06.194Z [4e5c85f7-b020-438c-89c6-b442c4450a26][6f7bf0a6-8323-4acd-b50e-b2715aa5dfaa] dismissPopups: unresolved overlay(s) ["IFRAME[presentation]|btns="]
2026-09-04T12:11:06.199Z [4e5c85f7-b020-438c-89c6-b442c4450a26][6f7bf0a6-8323-4acd-b50e-b2715aa5dfaa] Opening settings...
2026-09-04T12:11:06.200Z [4e5c85f7-b020-438c-89c6-b442c4450a26][6f7bf0a6-8323-4acd-b50e-b2715aa5dfaa] Trying absolute XPath for settings button...
2026-09-04T12:11:06.203Z [4e5c85f7-b020-438c-89c6-b442c4450a26][6f7bf0a6-8323-4acd-b50e-b2715aa5dfaa] Trying composer config-chip (crop_ glyph)...
2026-09-04T12:11:10.080Z [3891e899-ce73-4f9f-bf3c-91f6b065075e][6f7bf0a6-8323-4acd-b50e-b2715aa5dfaa] Trying robust fallbacks for settings button...
2026-09-04T12:11:10.110Z [3891e899-ce73-4f9f-bf3c-91f6b065075e][6f7bf0a6-8323-4acd-b50e-b2715aa5dfaa] Ultimate fallback: searching bottom-composer buttons...
2026-09-04T12:11:10.114Z [3891e899-ce73-4f9f-bf3c-91f6b065075e][6f7bf0a6-8323-4acd-b50e-b2715aa5dfaa] Flow attempt 1/1 failed: Could not find or click the Settings button in Google Flow.
2026-09-04T12:11:10.115Z [3891e899-ce73-4f9f-bf3c-91f6b065075e][6f7bf0a6-8323-4acd-b50e-b2715aa5dfaa] runGeneration ERROR exception: Error: Could not find or click the Settings button in Google Flow.
    at runGoogleFlow (C:\snapshot\sidecar\dist\sidecar.cjs:7869:11)
    at async runGeneration (C:\snapshot\sidecar\dist\sidecar.cjs:10021:11)
    at async handleCommand (C:\snapshot\sidecar\dist\sidecar.cjs:6510:7)
    at async C:\snapshot\sidecar\dist\sidecar.cjs:6426:11
2026-09-04T12:11:10.462Z [791c7128-662a-429e-a5b5-74dd2ba44043][6f7bf0a6-8323-4acd-b50e-b2715aa5dfaa] runGeneration starting: task_id=791c7128-662a-429e-a5b5-74dd2ba44043, profile_id=6f7bf0a6-8323-4acd-b50e-b2715aa5dfaa, target_site=google_flow
2026-09-04T12:11:10.462Z [791c7128-662a-429e-a5b5-74dd2ba44043][6f7bf0a6-8323-4acd-b50e-b2715aa5dfaa] Opening Playwright browser with persistent profile cookies...
2026-09-04T12:11:10.463Z [791c7128-662a-429e-a5b5-74dd2ba44043][6f7bf0a6-8323-4acd-b50e-b2715aa5dfaa] Browser engine: winhide (C:\Users\Admin\AppData\Roaming\com.tank.winai\winhide\chrome.exe) [hidden off-screen]
2026-09-04T12:11:10.463Z [791c7128-662a-429e-a5b5-74dd2ba44043][6f7bf0a6-8323-4acd-b50e-b2715aa5dfaa] Launch mode: STEALTH (raw spawn + connectOverCDP)
2026-09-04T12:11:10.595Z [590303e8-e252-4026-b91c-7eecac47bd16][6f7bf0a6-8323-4acd-b50e-b2715aa5dfaa] Trying robust fallbacks for settings button...
2026-09-04T12:11:10.676Z [590303e8-e252-4026-b91c-7eecac47bd16][6f7bf0a6-8323-4acd-b50e-b2715aa5dfaa] Found settings button using robust selector: "button[aria-label*="Cài đặt" i]"
2026-09-04T12:11:10.950Z [ed9e51a4-cb87-46d7-abe5-3edbc2abcc0b][6f7bf0a6-8323-4acd-b50e-b2715aa5dfaa] Trying robust fallbacks for settings button...
2026-09-04T12:11:11.077Z [4e5c85f7-b020-438c-89c6-b442c4450a26][6f7bf0a6-8323-4acd-b50e-b2715aa5dfaa] Trying robust fallbacks for settings button...
2026-09-04T12:11:11.103Z [ed9e51a4-cb87-46d7-abe5-3edbc2abcc0b][6f7bf0a6-8323-4acd-b50e-b2715aa5dfaa] Found settings button using robust selector: "button[aria-label*="Cài đặt" i]"
2026-09-04T12:11:11.269Z [4e5c85f7-b020-438c-89c6-b442c4450a26][6f7bf0a6-8323-4acd-b50e-b2715aa5dfaa] Found settings button using robust selector: "button[aria-label*="Cài đặt" i]"
2026-09-04T12:11:11.825Z [590303e8-e252-4026-b91c-7eecac47bd16][6f7bf0a6-8323-4acd-b50e-b2715aa5dfaa] Configuring video settings...
2026-09-04T12:11:11.825Z [590303e8-e252-4026-b91c-7eecac47bd16][6f7bf0a6-8323-4acd-b50e-b2715aa5dfaa] Locating Video tab button...
2026-09-04T12:11:11.825Z [590303e8-e252-4026-b91c-7eecac47bd16][6f7bf0a6-8323-4acd-b50e-b2715aa5dfaa] Trying absolute XPath for Video tab: /html/body/div[3]/div/div[1]/div/button[2]
2026-09-04T12:11:11.826Z [590303e8-e252-4026-b91c-7eecac47bd16][6f7bf0a6-8323-4acd-b50e-b2715aa5dfaa] xClick: waiting visible xpath=/html/body/div[3]/div/div[1]/div/button[2]
2026-09-04T12:11:12.156Z [ed9e51a4-cb87-46d7-abe5-3edbc2abcc0b][6f7bf0a6-8323-4acd-b50e-b2715aa5dfaa] Configuring video settings...
2026-09-04T12:11:12.156Z [ed9e51a4-cb87-46d7-abe5-3edbc2abcc0b][6f7bf0a6-8323-4acd-b50e-b2715aa5dfaa] Locating Video tab button...
2026-09-04T12:11:12.156Z [ed9e51a4-cb87-46d7-abe5-3edbc2abcc0b][6f7bf0a6-8323-4acd-b50e-b2715aa5dfaa] Trying absolute XPath for Video tab: /html/body/div[3]/div/div[1]/div/button[2]
2026-09-04T12:11:12.157Z [ed9e51a4-cb87-46d7-abe5-3edbc2abcc0b][6f7bf0a6-8323-4acd-b50e-b2715aa5dfaa] xClick: waiting visible xpath=/html/body/div[3]/div/div[1]/div/button[2]
2026-09-04T12:11:12.166Z [791c7128-662a-429e-a5b5-74dd2ba44043][6f7bf0a6-8323-4acd-b50e-b2715aa5dfaa] Exit IP: 115.74.128.9
2026-09-04T12:11:12.167Z [791c7128-662a-429e-a5b5-74dd2ba44043][6f7bf0a6-8323-4acd-b50e-b2715aa5dfaa] Navigating browser to Google Flow tools page...
2026-09-04T12:11:12.168Z [791c7128-662a-429e-a5b5-74dd2ba44043][6f7bf0a6-8323-4acd-b50e-b2715aa5dfaa] Using existing project URL: https://flow.google.com/project/cd81a7d3-c989-419e-891a-f8694174cb85
2026-09-04T12:11:12.610Z [4e5c85f7-b020-438c-89c6-b442c4450a26][6f7bf0a6-8323-4acd-b50e-b2715aa5dfaa] Configuring video settings...
2026-09-04T12:11:12.611Z [4e5c85f7-b020-438c-89c6-b442c4450a26][6f7bf0a6-8323-4acd-b50e-b2715aa5dfaa] Locating Video tab button...
2026-09-04T12:11:12.611Z [4e5c85f7-b020-438c-89c6-b442c4450a26][6f7bf0a6-8323-4acd-b50e-b2715aa5dfaa] Trying absolute XPath for Video tab: /html/body/div[3]/div/div[1]/div/button[2]
2026-09-04T12:11:12.612Z [4e5c85f7-b020-438c-89c6-b442c4450a26][6f7bf0a6-8323-4acd-b50e-b2715aa5dfaa] xClick: waiting visible xpath=/html/body/div[3]/div/div[1]/div/button[2]
2026-09-04T12:11:13.162Z [791c7128-662a-429e-a5b5-74dd2ba44043][6f7bf0a6-8323-4acd-b50e-b2715aa5dfaa] Waiting for Google Flow...
2026-09-04T12:11:14.744Z [791c7128-662a-429e-a5b5-74dd2ba44043][6f7bf0a6-8323-4acd-b50e-b2715aa5dfaa] In existing project ✓
2026-09-04T12:11:14.840Z [590303e8-e252-4026-b91c-7eecac47bd16][6f7bf0a6-8323-4acd-b50e-b2715aa5dfaa] Absolute XPath for Video tab failed: page.waitForSelector: Timeout 3000ms exceeded.
Call log:
[2m  - waiting for locator('xpath=/html/body/div[3]/div/div[1]/div/button[2]') to be visible[22m
. Trying robust fallbacks...
2026-09-04T12:11:15.159Z [ed9e51a4-cb87-46d7-abe5-3edbc2abcc0b][6f7bf0a6-8323-4acd-b50e-b2715aa5dfaa] Absolute XPath for Video tab failed: page.waitForSelector: Timeout 3000ms exceeded.
Call log:
[2m  - waiting for locator('xpath=/html/body/div[3]/div/div[1]/div/button[2]') to be visible[22m
. Trying robust fallbacks...
2026-09-04T12:11:15.620Z [4e5c85f7-b020-438c-89c6-b442c4450a26][6f7bf0a6-8323-4acd-b50e-b2715aa5dfaa] Absolute XPath for Video tab failed: page.waitForSelector: Timeout 3000ms exceeded.
Call log:
[2m  - waiting for locator('xpath=/html/body/div[3]/div/div[1]/div/button[2]') to be visible[22m
. Trying robust fallbacks...
2026-09-04T12:11:15.690Z [590303e8-e252-4026-b91c-7eecac47bd16][6f7bf0a6-8323-4acd-b50e-b2715aa5dfaa] Selecting Video Mode: Frames
2026-09-04T12:11:15.899Z [ed9e51a4-cb87-46d7-abe5-3edbc2abcc0b][6f7bf0a6-8323-4acd-b50e-b2715aa5dfaa] Selecting Video Mode: Frames
2026-09-04T12:11:15.901Z [791c7128-662a-429e-a5b5-74dd2ba44043][6f7bf0a6-8323-4acd-b50e-b2715aa5dfaa] dismissPopups: unresolved overlay(s) ["IFRAME[presentation]|btns="]
2026-09-04T12:11:16.399Z [4e5c85f7-b020-438c-89c6-b442c4450a26][6f7bf0a6-8323-4acd-b50e-b2715aa5dfaa] Selecting Video Mode: Frames
2026-09-04T12:11:23.694Z [590303e8-e252-4026-b91c-7eecac47bd16][6f7bf0a6-8323-4acd-b50e-b2715aa5dfaa] DIAG settings-dialog controls: []
2026-09-04T12:11:23.694Z [590303e8-e252-4026-b91c-7eecac47bd16][6f7bf0a6-8323-4acd-b50e-b2715aa5dfaa] Frames tab not visible within 8s — attempting force-click anyway
2026-09-04T12:11:23.905Z [ed9e51a4-cb87-46d7-abe5-3edbc2abcc0b][6f7bf0a6-8323-4acd-b50e-b2715aa5dfaa] DIAG settings-dialog controls: []
2026-09-04T12:11:23.905Z [ed9e51a4-cb87-46d7-abe5-3edbc2abcc0b][6f7bf0a6-8323-4acd-b50e-b2715aa5dfaa] Frames tab not visible within 8s — attempting force-click anyway
2026-09-04T12:11:24.412Z [4e5c85f7-b020-438c-89c6-b442c4450a26][6f7bf0a6-8323-4acd-b50e-b2715aa5dfaa] DIAG settings-dialog controls: []
2026-09-04T12:11:24.412Z [4e5c85f7-b020-438c-89c6-b442c4450a26][6f7bf0a6-8323-4acd-b50e-b2715aa5dfaa] Frames tab not visible within 8s — attempting force-click anyway
2026-09-04T12:11:28.696Z [590303e8-e252-4026-b91c-7eecac47bd16][6f7bf0a6-8323-4acd-b50e-b2715aa5dfaa] Frames tab click failed (locator.click: Timeout 5000ms exceeded.
Call log:
[2m  - waiting for locator('button:has-text("Khung hình"), [role="tab"]:has-text("Khung hình"), button:has-text("Frames"), [role="tab"]:has-text("Frames")').first()[22m
) — continuing
2026-09-04T12:11:28.911Z [ed9e51a4-cb87-46d7-abe5-3edbc2abcc0b][6f7bf0a6-8323-4acd-b50e-b2715aa5dfaa] Frames tab click failed (locator.click: Timeout 5000ms exceeded.
Call log:
[2m  - waiting for locator('button:has-text("Khung hình"), [role="tab"]:has-text("Khung hình"), button:has-text("Frames"), [role="tab"]:has-text("Frames")').first()[22m
) — continuing
2026-09-04T12:11:29.254Z [590303e8-e252-4026-b91c-7eecac47bd16][6f7bf0a6-8323-4acd-b50e-b2715aa5dfaa] Selecting aspect ratio: 16:9
2026-09-04T12:11:29.258Z [590303e8-e252-4026-b91c-7eecac47bd16][6f7bf0a6-8323-4acd-b50e-b2715aa5dfaa] Aspect ratio "16:9" not found in dialog. Trying page-wide.
2026-09-04T12:11:29.396Z [ed9e51a4-cb87-46d7-abe5-3edbc2abcc0b][6f7bf0a6-8323-4acd-b50e-b2715aa5dfaa] Selecting aspect ratio: 16:9
2026-09-04T12:11:29.400Z [ed9e51a4-cb87-46d7-abe5-3edbc2abcc0b][6f7bf0a6-8323-4acd-b50e-b2715aa5dfaa] Aspect ratio "16:9" not found in dialog. Trying page-wide.
2026-09-04T12:11:29.415Z [4e5c85f7-b020-438c-89c6-b442c4450a26][6f7bf0a6-8323-4acd-b50e-b2715aa5dfaa] Frames tab click failed (locator.click: Timeout 5000ms exceeded.
Call log:
[2m  - waiting for locator('button:has-text("Khung hình"), [role="tab"]:has-text("Khung hình"), button:has-text("Frames"), [role="tab"]:has-text("Frames")').first()[22m
) — continuing
2026-09-04T12:11:30.009Z [4e5c85f7-b020-438c-89c6-b442c4450a26][6f7bf0a6-8323-4acd-b50e-b2715aa5dfaa] Selecting aspect ratio: 16:9
2026-09-04T12:11:30.013Z [4e5c85f7-b020-438c-89c6-b442c4450a26][6f7bf0a6-8323-4acd-b50e-b2715aa5dfaa] Aspect ratio "16:9" not found in dialog. Trying page-wide.
2026-09-04T12:11:33.783Z [590303e8-e252-4026-b91c-7eecac47bd16][6f7bf0a6-8323-4acd-b50e-b2715aa5dfaa] Selecting number of videos: x2
2026-09-04T12:11:33.795Z [ed9e51a4-cb87-46d7-abe5-3edbc2abcc0b][6f7bf0a6-8323-4acd-b50e-b2715aa5dfaa] Selecting number of videos: x2
2026-09-04T12:11:33.847Z [590303e8-e252-4026-b91c-7eecac47bd16][6f7bf0a6-8323-4acd-b50e-b2715aa5dfaa] Clicked video count (page/substring) variant "x2".
2026-09-04T12:11:33.878Z [ed9e51a4-cb87-46d7-abe5-3edbc2abcc0b][6f7bf0a6-8323-4acd-b50e-b2715aa5dfaa] Clicked video count (page/substring) variant "x2".
2026-09-04T12:11:34.532Z [4e5c85f7-b020-438c-89c6-b442c4450a26][6f7bf0a6-8323-4acd-b50e-b2715aa5dfaa] Selecting number of videos: x2
2026-09-04T12:11:34.598Z [4e5c85f7-b020-438c-89c6-b442c4450a26][6f7bf0a6-8323-4acd-b50e-b2715aa5dfaa] Clicked video count (page/substring) variant "x2".
2026-09-04T12:11:35.380Z [590303e8-e252-4026-b91c-7eecac47bd16][6f7bf0a6-8323-4acd-b50e-b2715aa5dfaa] Selecting duration: 8s
2026-09-04T12:11:35.463Z [590303e8-e252-4026-b91c-7eecac47bd16][6f7bf0a6-8323-4acd-b50e-b2715aa5dfaa] Clicked duration (page/exact) variant "8 giây".
2026-09-04T12:11:35.693Z [ed9e51a4-cb87-46d7-abe5-3edbc2abcc0b][6f7bf0a6-8323-4acd-b50e-b2715aa5dfaa] Selecting duration: 8s
2026-09-04T12:11:35.779Z [ed9e51a4-cb87-46d7-abe5-3edbc2abcc0b][6f7bf0a6-8323-4acd-b50e-b2715aa5dfaa] Clicked duration (page/exact) variant "8 giây".
2026-09-04T12:11:35.985Z [590303e8-e252-4026-b91c-7eecac47bd16][6f7bf0a6-8323-4acd-b50e-b2715aa5dfaa] Configuring model dropdown for suffix: "Lite [Lower Priority]" (regex /Lite\s+\[Lower\s+Priority\]\s*$/i)
2026-09-04T12:11:35.986Z [590303e8-e252-4026-b91c-7eecac47bd16][6f7bf0a6-8323-4acd-b50e-b2715aa5dfaa] Trying absolute XPath for model dropdown: /html/body/div[3]/div/button
2026-09-04T12:11:36.180Z [ed9e51a4-cb87-46d7-abe5-3edbc2abcc0b][6f7bf0a6-8323-4acd-b50e-b2715aa5dfaa] Configuring model dropdown for suffix: "Lite [Lower Priority]" (regex /Lite\s+\[Lower\s+Priority\]\s*$/i)
2026-09-04T12:11:36.180Z [ed9e51a4-cb87-46d7-abe5-3edbc2abcc0b][6f7bf0a6-8323-4acd-b50e-b2715aa5dfaa] Trying absolute XPath for model dropdown: /html/body/div[3]/div/button
2026-09-04T12:11:36.674Z [4e5c85f7-b020-438c-89c6-b442c4450a26][6f7bf0a6-8323-4acd-b50e-b2715aa5dfaa] Selecting duration: 8s
2026-09-04T12:11:36.747Z [4e5c85f7-b020-438c-89c6-b442c4450a26][6f7bf0a6-8323-4acd-b50e-b2715aa5dfaa] Clicked duration (page/exact) variant "8 giây".
2026-09-04T12:11:37.170Z [4e5c85f7-b020-438c-89c6-b442c4450a26][6f7bf0a6-8323-4acd-b50e-b2715aa5dfaa] Configuring model dropdown for suffix: "Lite [Lower Priority]" (regex /Lite\s+\[Lower\s+Priority\]\s*$/i)
2026-09-04T12:11:37.170Z [4e5c85f7-b020-438c-89c6-b442c4450a26][6f7bf0a6-8323-4acd-b50e-b2715aa5dfaa] Trying absolute XPath for model dropdown: /html/body/div[3]/div/button
2026-09-04T12:11:38.991Z [590303e8-e252-4026-b91c-7eecac47bd16][6f7bf0a6-8323-4acd-b50e-b2715aa5dfaa] Trying robust fallback inside dialog for model dropdown...
2026-09-04T12:11:38.999Z [590303e8-e252-4026-b91c-7eecac47bd16][6f7bf0a6-8323-4acd-b50e-b2715aa5dfaa] Video options applied ✓
2026-09-04T12:11:38.999Z [590303e8-e252-4026-b91c-7eecac47bd16][6f7bf0a6-8323-4acd-b50e-b2715aa5dfaa] Closing settings dialog...
2026-09-04T12:11:39.002Z [590303e8-e252-4026-b91c-7eecac47bd16][6f7bf0a6-8323-4acd-b50e-b2715aa5dfaa] Close settings absolute XPath failed: Not visible. Trying fallbacks...
2026-09-04T12:11:39.072Z [590303e8-e252-4026-b91c-7eecac47bd16][6f7bf0a6-8323-4acd-b50e-b2715aa5dfaa] Toggling settings button to close: "button[aria-label*="Cài đặt" i]"
2026-09-04T12:11:39.148Z [590303e8-e252-4026-b91c-7eecac47bd16][6f7bf0a6-8323-4acd-b50e-b2715aa5dfaa] Start keyframe: downloading from URL...
2026-09-04T12:11:39.148Z [590303e8-e252-4026-b91c-7eecac47bd16][6f7bf0a6-8323-4acd-b50e-b2715aa5dfaa] Start keyframe: downloading https://studio.xanhmedia.vn/uploads/2026-09/1788435637715_45f3f5_winai_2026-09-03T11-39-40_03.png
2026-09-04T12:11:39.184Z [ed9e51a4-cb87-46d7-abe5-3edbc2abcc0b][6f7bf0a6-8323-4acd-b50e-b2715aa5dfaa] Trying robust fallback inside dialog for model dropdown...
2026-09-04T12:11:39.202Z [ed9e51a4-cb87-46d7-abe5-3edbc2abcc0b][6f7bf0a6-8323-4acd-b50e-b2715aa5dfaa] Video options applied ✓
2026-09-04T12:11:39.202Z [ed9e51a4-cb87-46d7-abe5-3edbc2abcc0b][6f7bf0a6-8323-4acd-b50e-b2715aa5dfaa] Closing settings dialog...
2026-09-04T12:11:39.209Z [ed9e51a4-cb87-46d7-abe5-3edbc2abcc0b][6f7bf0a6-8323-4acd-b50e-b2715aa5dfaa] Close settings absolute XPath failed: Not visible. Trying fallbacks...
2026-09-04T12:11:39.301Z [ed9e51a4-cb87-46d7-abe5-3edbc2abcc0b][6f7bf0a6-8323-4acd-b50e-b2715aa5dfaa] Toggling settings button to close: "button[aria-label*="Cài đặt" i]"
2026-09-04T12:11:39.349Z [590303e8-e252-4026-b91c-7eecac47bd16][6f7bf0a6-8323-4acd-b50e-b2715aa5dfaa] Downloader: no-proxy request context ready.
2026-09-04T12:11:39.441Z [ed9e51a4-cb87-46d7-abe5-3edbc2abcc0b][6f7bf0a6-8323-4acd-b50e-b2715aa5dfaa] Start keyframe: downloading from URL...
2026-09-04T12:11:39.442Z [ed9e51a4-cb87-46d7-abe5-3edbc2abcc0b][6f7bf0a6-8323-4acd-b50e-b2715aa5dfaa] Start keyframe: downloading https://studio.xanhmedia.vn/uploads/2026-09/1788435742557_f5a089_60f7c834-1526-409d-b017-21db20795e19_3ab.png
2026-09-04T12:11:39.609Z [590303e8-e252-4026-b91c-7eecac47bd16][6f7bf0a6-8323-4acd-b50e-b2715aa5dfaa] Start keyframe: saved 87453 bytes (image/png) as "1788435637715_45f3f5_winai_2026-09-03T11-39-40_03.png" → C:\Users\Admin\AppData\Roaming\com.tank.winai\winai_dl_VBRQ2a\1788435637715_45f3f5_winai_2026-09-03T11-39-40_03.png
2026-09-04T12:11:39.610Z [590303e8-e252-4026-b91c-7eecac47bd16][6f7bf0a6-8323-4acd-b50e-b2715aa5dfaa] Start keyframe: opening From-image panel...
2026-09-04T12:11:39.610Z [590303e8-e252-4026-b91c-7eecac47bd16][6f7bf0a6-8323-4acd-b50e-b2715aa5dfaa] Start keyframe step1: click /html/body/div[1]/div[1]/div[5]/div/div/div/div/div[1]/div[1]
2026-09-04T12:11:39.610Z [590303e8-e252-4026-b91c-7eecac47bd16][6f7bf0a6-8323-4acd-b50e-b2715aa5dfaa] xClick: waiting visible xpath=/html/body/div[1]/div[1]/div[5]/div/div/div/div/div[1]/div[1]
2026-09-04T12:11:39.633Z [ed9e51a4-cb87-46d7-abe5-3edbc2abcc0b][6f7bf0a6-8323-4acd-b50e-b2715aa5dfaa] Downloader: no-proxy request context ready.
2026-09-04T12:11:39.913Z [ed9e51a4-cb87-46d7-abe5-3edbc2abcc0b][6f7bf0a6-8323-4acd-b50e-b2715aa5dfaa] Start keyframe: saved 219997 bytes (image/png) as "1788435742557_f5a089_60f7c834-1526-409d-b017-21db20795e19_3ab.png" → C:\Users\Admin\AppData\Roaming\com.tank.winai\winai_dl_Synr29\1788435742557_f5a089_60f7c834-1526-409d-b017-21db20795e19_3ab.png
2026-09-04T12:11:39.914Z [ed9e51a4-cb87-46d7-abe5-3edbc2abcc0b][6f7bf0a6-8323-4acd-b50e-b2715aa5dfaa] Start keyframe: opening From-image panel...
2026-09-04T12:11:39.914Z [ed9e51a4-cb87-46d7-abe5-3edbc2abcc0b][6f7bf0a6-8323-4acd-b50e-b2715aa5dfaa] Start keyframe step1: click /html/body/div[1]/div[1]/div[5]/div/div/div/div/div[1]/div[1]
2026-09-04T12:11:39.914Z [ed9e51a4-cb87-46d7-abe5-3edbc2abcc0b][6f7bf0a6-8323-4acd-b50e-b2715aa5dfaa] xClick: waiting visible xpath=/html/body/div[1]/div[1]/div[5]/div/div/div/div/div[1]/div[1]
2026-09-04T12:11:40.181Z [4e5c85f7-b020-438c-89c6-b442c4450a26][6f7bf0a6-8323-4acd-b50e-b2715aa5dfaa] Trying robust fallback inside dialog for model dropdown...
2026-09-04T12:11:40.191Z [4e5c85f7-b020-438c-89c6-b442c4450a26][6f7bf0a6-8323-4acd-b50e-b2715aa5dfaa] Video options applied ✓
2026-09-04T12:11:40.191Z [4e5c85f7-b020-438c-89c6-b442c4450a26][6f7bf0a6-8323-4acd-b50e-b2715aa5dfaa] Closing settings dialog...
2026-09-04T12:11:40.194Z [4e5c85f7-b020-438c-89c6-b442c4450a26][6f7bf0a6-8323-4acd-b50e-b2715aa5dfaa] Close settings absolute XPath failed: Not visible. Trying fallbacks...
2026-09-04T12:11:40.262Z [4e5c85f7-b020-438c-89c6-b442c4450a26][6f7bf0a6-8323-4acd-b50e-b2715aa5dfaa] Toggling settings button to close: "button[aria-label*="Cài đặt" i]"
2026-09-04T12:11:40.347Z [4e5c85f7-b020-438c-89c6-b442c4450a26][6f7bf0a6-8323-4acd-b50e-b2715aa5dfaa] Start keyframe: downloading from URL...
2026-09-04T12:11:40.348Z [4e5c85f7-b020-438c-89c6-b442c4450a26][6f7bf0a6-8323-4acd-b50e-b2715aa5dfaa] Start keyframe: downloading https://studio.xanhmedia.vn/uploads/2026-09/1788435678121_caea25_winai_2026-09-03T11-39-56_02.png
2026-09-04T12:11:40.525Z [4e5c85f7-b020-438c-89c6-b442c4450a26][6f7bf0a6-8323-4acd-b50e-b2715aa5dfaa] Downloader: no-proxy request context ready.
2026-09-04T12:11:40.783Z [4e5c85f7-b020-438c-89c6-b442c4450a26][6f7bf0a6-8323-4acd-b50e-b2715aa5dfaa] Start keyframe: saved 166334 bytes (image/png) as "1788435678121_caea25_winai_2026-09-03T11-39-56_02.png" → C:\Users\Admin\AppData\Roaming\com.tank.winai\winai_dl_AIBFxl\1788435678121_caea25_winai_2026-09-03T11-39-56_02.png
2026-09-04T12:11:40.784Z [4e5c85f7-b020-438c-89c6-b442c4450a26][6f7bf0a6-8323-4acd-b50e-b2715aa5dfaa] Start keyframe: opening From-image panel...
2026-09-04T12:11:40.784Z [4e5c85f7-b020-438c-89c6-b442c4450a26][6f7bf0a6-8323-4acd-b50e-b2715aa5dfaa] Start keyframe step1: click /html/body/div[1]/div[1]/div[5]/div/div/div/div/div[1]/div[1]
2026-09-04T12:11:40.784Z [4e5c85f7-b020-438c-89c6-b442c4450a26][6f7bf0a6-8323-4acd-b50e-b2715aa5dfaa] xClick: waiting visible xpath=/html/body/div[1]/div[1]/div[5]/div/div/div/div/div[1]/div[1]
2026-09-04T12:11:43.610Z [590303e8-e252-4026-b91c-7eecac47bd16][6f7bf0a6-8323-4acd-b50e-b2715aa5dfaa] Start keyframe step1: primary open FAILED: page.waitForSelector: Timeout 4000ms exceeded.
Call log:
[2m  - waiting for locator('xpath=/html/body/div[1]/div[1]/div[5]/div/div/div/div/div[1]/div[1]') to be visible[22m

2026-09-04T12:11:43.618Z [590303e8-e252-4026-b91c-7eecac47bd16][6f7bf0a6-8323-4acd-b50e-b2715aa5dfaa] Start keyframe DIAG composer(panel-not-open): {"rootFound":false,"win":"2560x1280","dpr":1.5,"count":20,"els":[{"tag":"BUTTON","al":"Sử dụng lại câu lệnh","txt":"keyboard_return","icon":"","box":"1575,813 34x34"},{"tag":"BUTTON","al":"Sử dụng lại câu lệnh","txt":"keyboard_return","icon":"","box":"650,1080 34x34"},{"tag":"BUTTON","al":"Sử dụng lại câu lệnh","txt":"keyboard_return","icon":"","box":"1111,1613 34x34"},{"tag":"BUTTON","al":"Sử dụng lại câu lệnh","txt":"keyboard_return","icon":"","box":"1572,1613 34x34"},{"tag":"BUTTON","al":"Sử dụng lại câu lệnh","txt":"keyboard_return","icon":"","box":"2498,1613 34x34"},{"tag":"BUTTON","al":"Sử dụng lại câu lệnh","txt":"keyboard_return","icon":"","box":"2498,1879 34x34"},{"tag":"BUTTON","al":"Sử dụng lại câu lệnh","txt":"keyboard_return","icon":"","box":"1340,2210 34x34"},{"tag":"BUTTON","al":"Sử dụng lại câu lệnh","txt":"keyboard_return","icon":"","box":"1919,2210 34x34"},{"tag":"BUTTON","al":"Sử dụng lại câu lệnh","txt":"keyboard_return","icon":"","box":"2498,2210 34x34"},{"tag":"BUTTON","al":"Sử dụng lại câu lệnh","txt":"keyboard_return","icon":"","box":"1340,2540 34x34"},{"tag":"BUTTON","al":"Sử dụng lại câu lệnh","txt":"keyboard_return","icon":"","box":"1919,2540 34x34"},{"tag":"BUTTON","al":"Sử dụng lại câu lệnh","txt":"keyboard_return","icon":"","box":"2498,2540 34x34"},{"tag":"BUTTON","al":"Sử dụng lại câu lệnh","txt":"keyboard_return","icon":"","box":"765,2870 34x34"},{"tag":"BUTTON","al":"Sử dụng lại câu lệnh","txt":"keyboard_return","icon":"","box":"1344,2870 34x34"},{"tag":"BUTTON","al":"Sử dụng lại câu lệnh","txt":"keyboard_return","icon":"","box":"1923,2870 34x34"},{"tag":"BUTTON","al":"Sử dụng lại câu lệnh","txt":"keyboard_return","icon":"","box":"2498,2870 34x34"},{"tag":"BUTTON","al":"Thêm thành phần vào ô nhập","txt":"add","icon":"","box":"999,1257 32x32"},{"tag":"BUTTON","al":"","txt":"Tác nhân","icon":"","box":"1041,1259 79x28"},{"tag":"BUTTON","al":"Điều kiện kích hoạt cài đặ","txt":"Video · 720p · 8 g","icon":"","box":"1376,1257 167x32"},{"tag":"BUTTON","al":"Bắt đầu tạo","txt":"arrow_forward","icon":"","box":"1547,1257 32x32"}],"fileInputs":[]}
2026-09-04T12:11:43.623Z [590303e8-e252-4026-b91c-7eecac47bd16][6f7bf0a6-8323-4acd-b50e-b2715aa5dfaa] Start keyframe step1 add-btn: no add_2/(+) button found
2026-09-04T12:11:43.630Z [590303e8-e252-4026-b91c-7eecac47bd16][6f7bf0a6-8323-4acd-b50e-b2715aa5dfaa] Start keyframe step1 direct: no <input type=file> present — using scan fallback
2026-09-04T12:11:43.630Z [590303e8-e252-4026-b91c-7eecac47bd16][6f7bf0a6-8323-4acd-b50e-b2715aa5dfaa] Start keyframe step1: trying composer-scan fallback...
2026-09-04T12:11:43.636Z [590303e8-e252-4026-b91c-7eecac47bd16][6f7bf0a6-8323-4acd-b50e-b2715aa5dfaa] Start keyframe step1 fallback: clicking scanned button xpath=/html[1]/body[1]/aisandbox-root[1]/main[1]/flow-project-shell[1]/flow-project-page[1]/div[1]/flow-project-sidenav-container[1]/mat-sidenav-container[1]/mat-sidenav-content[1]/div[1]/div[1]/cdk-virtual-scroll-viewport[1]/div[1]/div[1]/div[3]/flow-grid-tile-container[3]/flow-tile-container[1]/div[1]/flow-image-tile[1]/div[1]/flow-pending-tile[1]/div[1]/div[1]/div[1]
2026-09-04T12:11:43.636Z [590303e8-e252-4026-b91c-7eecac47bd16][6f7bf0a6-8323-4acd-b50e-b2715aa5dfaa] xClick: waiting visible xpath=/html[1]/body[1]/aisandbox-root[1]/main[1]/flow-project-shell[1]/flow-project-page[1]/div[1]/flow-project-sidenav-container[1]/mat-sidenav-container[1]/mat-sidenav-content[1]/div[1]/div[1]/cdk-virtual-scroll-viewport[1]/div[1]/div[1]/div[3]/flow-grid-tile-container[3]/flow-tile-container[1]/div[1]/flow-image-tile[1]/div[1]/flow-pending-tile[1]/div[1]/div[1]/div[1]
2026-09-04T12:11:43.643Z [590303e8-e252-4026-b91c-7eecac47bd16][6f7bf0a6-8323-4acd-b50e-b2715aa5dfaa] xClick: target tag=DIV aria="" txt="image" box=1183,621 24x24
2026-09-04T12:11:43.927Z [590303e8-e252-4026-b91c-7eecac47bd16][6f7bf0a6-8323-4acd-b50e-b2715aa5dfaa] xClick: click xpath=/html[1]/body[1]/aisandbox-root[1]/main[1]/flow-project-shell[1]/flow-project-page[1]/div[1]/flow-project-sidenav-container[1]/mat-sidenav-container[1]/mat-sidenav-content[1]/div[1]/div[1]/cdk-virtual-scroll-viewport[1]/div[1]/div[1]/div[3]/flow-grid-tile-container[3]/flow-tile-container[1]/div[1]/flow-image-tile[1]/div[1]/flow-pending-tile[1]/div[1]/div[1]/div[1]
2026-09-04T12:11:43.928Z [ed9e51a4-cb87-46d7-abe5-3edbc2abcc0b][6f7bf0a6-8323-4acd-b50e-b2715aa5dfaa] Start keyframe step1: primary open FAILED: page.waitForSelector: Timeout 4000ms exceeded.
Call log:
[2m  - waiting for locator('xpath=/html/body/div[1]/div[1]/div[5]/div/div/div/div/div[1]/div[1]') to be visible[22m

2026-09-04T12:11:43.937Z [ed9e51a4-cb87-46d7-abe5-3edbc2abcc0b][6f7bf0a6-8323-4acd-b50e-b2715aa5dfaa] Start keyframe DIAG composer(panel-not-open): {"rootFound":false,"win":"2560x1280","dpr":1.5,"count":19,"els":[{"tag":"BUTTON","al":"Sử dụng lại câu lệnh","txt":"keyboard_return","icon":"","box":"1572,1613 34x34"},{"tag":"BUTTON","al":"Sử dụng lại câu lệnh","txt":"keyboard_return","icon":"","box":"2498,1613 34x34"},{"tag":"BUTTON","al":"Sử dụng lại câu lệnh","txt":"keyboard_return","icon":"","box":"2036,1879 34x34"},{"tag":"BUTTON","al":"Sử dụng lại câu lệnh","txt":"keyboard_return","icon":"","box":"1340,2210 34x34"},{"tag":"BUTTON","al":"Sử dụng lại câu lệnh","txt":"keyboard_return","icon":"","box":"1919,2210 34x34"},{"tag":"BUTTON","al":"Sử dụng lại câu lệnh","txt":"keyboard_return","icon":"","box":"2498,2210 34x34"},{"tag":"BUTTON","al":"Sử dụng lại câu lệnh","txt":"keyboard_return","icon":"","box":"764,2539 34x34"},{"tag":"BUTTON","al":"Sử dụng lại câu lệnh","txt":"keyboard_return","icon":"","box":"1342,2539 34x34"},{"tag":"BUTTON","al":"Sử dụng lại câu lệnh","txt":"keyboard_return","icon":"","box":"1920,2539 34x34"},{"tag":"BUTTON","al":"Sử dụng lại câu lệnh","txt":"keyboard_return","icon":"","box":"2498,2539 34x34"},{"tag":"BUTTON","al":"Sử dụng lại câu lệnh","txt":"keyboard_return","icon":"","box":"650,2806 34x34"},{"tag":"BUTTON","al":"Sử dụng lại câu lệnh","txt":"keyboard_return","icon":"","box":"1115,2806 34x34"},{"tag":"BUTTON","al":"Sử dụng lại câu lệnh","txt":"keyboard_return","icon":"","box":"1576,2806 34x34"},{"tag":"BUTTON","al":"Sử dụng lại câu lệnh","txt":"keyboard_return","icon":"","box":"2037,2806 34x34"},{"tag":"BUTTON","al":"Sử dụng lại câu lệnh","txt":"keyboard_return","icon":"","box":"2498,2806 34x34"},{"tag":"BUTTON","al":"Thêm thành phần vào ô nhập","txt":"add","icon":"","box":"999,1257 32x32"},{"tag":"BUTTON","al":"","txt":"Tác nhân","icon":"","box":"1041,1259 79x28"},{"tag":"BUTTON","al":"Điều kiện kích hoạt cài đặ","txt":"Video · 720p · 8 g","icon":"","box":"1376,1257 167x32"},{"tag":"BUTTON","al":"Bắt đầu tạo","txt":"arrow_forward","icon":"","box":"1547,1257 32x32"}],"fileInputs":[]}
2026-09-04T12:11:43.940Z [ed9e51a4-cb87-46d7-abe5-3edbc2abcc0b][6f7bf0a6-8323-4acd-b50e-b2715aa5dfaa] Start keyframe step1 add-btn: no add_2/(+) button found
2026-09-04T12:11:43.947Z [ed9e51a4-cb87-46d7-abe5-3edbc2abcc0b][6f7bf0a6-8323-4acd-b50e-b2715aa5dfaa] Start keyframe step1 direct: no <input type=file> present — using scan fallback
2026-09-04T12:11:43.947Z [ed9e51a4-cb87-46d7-abe5-3edbc2abcc0b][6f7bf0a6-8323-4acd-b50e-b2715aa5dfaa] Start keyframe step1: trying composer-scan fallback...
2026-09-04T12:11:43.954Z [ed9e51a4-cb87-46d7-abe5-3edbc2abcc0b][6f7bf0a6-8323-4acd-b50e-b2715aa5dfaa] Start keyframe step1 fallback: clicking scanned button xpath=/html[1]/body[1]/aisandbox-root[1]/main[1]/flow-project-shell[1]/flow-project-page[1]/div[1]/flow-project-sidenav-container[1]/mat-sidenav-container[1]/mat-sidenav-content[1]/div[1]/div[1]/cdk-virtual-scroll-viewport[1]/div[1]/div[1]/div[6]/flow-grid-tile-container[3]/flow-tile-container[1]/div[1]/flow-image-tile[1]/div[1]/flow-pending-tile[1]/div[1]/div[1]/div[1]
2026-09-04T12:11:43.955Z [ed9e51a4-cb87-46d7-abe5-3edbc2abcc0b][6f7bf0a6-8323-4acd-b50e-b2715aa5dfaa] xClick: waiting visible xpath=/html[1]/body[1]/aisandbox-root[1]/main[1]/flow-project-shell[1]/flow-project-page[1]/div[1]/flow-project-sidenav-container[1]/mat-sidenav-container[1]/mat-sidenav-content[1]/div[1]/div[1]/cdk-virtual-scroll-viewport[1]/div[1]/div[1]/div[6]/flow-grid-tile-container[3]/flow-tile-container[1]/div[1]/flow-image-tile[1]/div[1]/flow-pending-tile[1]/div[1]/div[1]/div[1]
2026-09-04T12:11:43.963Z [ed9e51a4-cb87-46d7-abe5-3edbc2abcc0b][6f7bf0a6-8323-4acd-b50e-b2715aa5dfaa] xClick: target tag=DIV aria="" txt="image" box=1182,1420 24x24
2026-09-04T12:11:44.412Z [ed9e51a4-cb87-46d7-abe5-3edbc2abcc0b][6f7bf0a6-8323-4acd-b50e-b2715aa5dfaa] xClick: click xpath=/html[1]/body[1]/aisandbox-root[1]/main[1]/flow-project-shell[1]/flow-project-page[1]/div[1]/flow-project-sidenav-container[1]/mat-sidenav-container[1]/mat-sidenav-content[1]/div[1]/div[1]/cdk-virtual-scroll-viewport[1]/div[1]/div[1]/div[6]/flow-grid-tile-container[3]/flow-tile-container[1]/div[1]/flow-image-tile[1]/div[1]/flow-pending-tile[1]/div[1]/div[1]/div[1]
2026-09-04T12:11:44.793Z [4e5c85f7-b020-438c-89c6-b442c4450a26][6f7bf0a6-8323-4acd-b50e-b2715aa5dfaa] Start keyframe step1: primary open FAILED: page.waitForSelector: Timeout 4000ms exceeded.
Call log:
[2m  - waiting for locator('xpath=/html/body/div[1]/div[1]/div[5]/div/div/div/div/div[1]/div[1]') to be visible[22m

2026-09-04T12:11:44.805Z [4e5c85f7-b020-438c-89c6-b442c4450a26][6f7bf0a6-8323-4acd-b50e-b2715aa5dfaa] Start keyframe DIAG composer(panel-not-open): {"rootFound":false,"win":"2560x1280","dpr":1.5,"count":40,"els":[{"tag":"BUTTON","al":"Sử dụng lại câu lệnh","txt":"keyboard_return","icon":"","box":"647,813 34x34"},{"tag":"BUTTON","al":"Sử dụng lại câu lệnh","txt":"keyboard_return","icon":"","box":"1111,813 34x34"},{"tag":"BUTTON","al":"Sử dụng lại câu lệnh","txt":"keyboard_return","icon":"","box":"1572,813 34x34"},{"tag":"BUTTON","al":"Sử dụng lại câu lệnh","txt":"keyboard_return","icon":"","box":"2033,813 34x34"},{"tag":"BUTTON","al":"Sử dụng lại câu lệnh","txt":"keyboard_return","icon":"","box":"2498,813 34x34"},{"tag":"BUTTON","al":"Sử dụng lại câu lệnh","txt":"keyboard_return","icon":"","box":"647,1080 34x34"},{"tag":"BUTTON","al":"Sử dụng lại câu lệnh","txt":"keyboard_return","icon":"","box":"1111,1080 34x34"},{"tag":"BUTTON","al":"Sử dụng lại câu lệnh","txt":"keyboard_return","icon":"","box":"1572,1080 34x34"},{"tag":"BUTTON","al":"Sử dụng lại câu lệnh","txt":"keyboard_return","icon":"","box":"2037,1080 34x34"},{"tag":"BUTTON","al":"Sử dụng lại câu lệnh","txt":"keyboard_return","icon":"","box":"2498,1080 34x34"},{"tag":"BUTTON","al":"Sử dụng lại câu lệnh","txt":"keyboard_return","icon":"","box":"648,1346 34x34"},{"tag":"BUTTON","al":"Sử dụng lại câu lệnh","txt":"keyboard_return","icon":"","box":"1113,1346 34x34"},{"tag":"BUTTON","al":"Sử dụng lại câu lệnh","txt":"keyboard_return","icon":"","box":"1575,1346 34x34"},{"tag":"BUTTON","al":"Sử dụng lại câu lệnh","txt":"keyboard_return","icon":"","box":"2036,1346 34x34"},{"tag":"BUTTON","al":"Sử dụng lại câu lệnh","txt":"keyboard_return","icon":"","box":"2498,1346 34x34"},{"tag":"BUTTON","al":"Sử dụng lại câu lệnh","txt":"keyboard_return","icon":"","box":"648,1613 34x34"},{"tag":"BUTTON","al":"Sử dụng lại câu lệnh","txt":"keyboard_return","icon":"","box":"1109,1613 34x34"},{"tag":"BUTTON","al":"Sử dụng lại câu lệnh","txt":"keyboard_return","icon":"","box":"1571,1613 34x34"},{"tag":"BUTTON","al":"Sử dụng lại câu lệnh","txt":"keyboard_return","icon":"","box":"2033,1613 34x34"},{"tag":"BUTTON","al":"Sử dụng lại câu lệnh","txt":"keyboard_return","icon":"","box":"2498,1613 34x34"},{"tag":"BUTTON","al":"Sử dụng lại câu lệnh","txt":"keyboard_return","icon":"","box":"648,1880 34x34"},{"tag":"BUTTON","al":"Sử dụng lại câu lệnh","txt":"keyboard_return","icon":"","box":"1109,1880 34x34"},{"tag":"BUTTON","al":"Sử dụng lại câu lệnh","txt":"keyboard_return","icon":"","box":"1575,1880 34x34"},{"tag":"BUTTON","al":"Sử dụng lại câu lệnh","txt":"keyboard_return","icon":"","box":"2036,1880 34x34"},{"tag":"BUTTON","al":"Sử dụng lại câu lệnh","txt":"keyboard_return","icon":"","box":"2498,1880 34x34"},{"tag":"BUTTON","al":"Sử dụng lại câu lệnh","txt":"keyboard_return","icon":"","box":"764,2209 34x34"},{"tag":"BUTTON","al":"Sử dụng lại câu lệnh","txt":"keyboard_return","icon":"","box":"1342,2209 34x34"},{"tag":"BUTTON","al":"Sử dụng lại câu lệnh","txt":"keyboard_return","icon":"","box":"1920,2209 34x34"},{"tag":"BUTTON","al":"Sử dụng lại câu lệnh","txt":"keyboard_return","icon":"","box":"2498,2209 34x34"},{"tag":"BUTTON","al":"Sử dụng lại câu lệnh","txt":"keyboard_return","icon":"","box":"647,2476 34x34"},{"tag":"BUTTON","al":"Sử dụng lại câu lệnh","txt":"keyboard_return","icon":"","box":"1108,2476 34x34"},{"tag":"BUTTON","al":"Sử dụng lại câu lệnh","txt":"keyboard_return","icon":"","box":"1572,2476 34x34"},{"tag":"BUTTON","al":"Sử dụng lại câu lệnh","txt":"keyboard_return","icon":"","box":"2037,2476 34x34"},{"tag":"BUTTON","al":"Sử dụng lại câu lệnh","txt":"keyboard_return","icon":"","box":"2498,2476 34x34"},{"tag":"BUTTON","al":"Sử dụng lại câu lệnh","txt":"keyboard_return","icon":"","box":"648,2743 34x34"},{"tag":"BUTTON","al":"Sử dụng lại câu lệnh","txt":"keyboard_return","icon":"","box":"1111,2743 34x34"},{"tag":"BUTTON","al":"Sử dụng lại câu lệnh","txt":"keyboard_return","icon":"","box":"1573,2743 34x34"},{"tag":"BUTTON","al":"Sử dụng lại câu lệnh","txt":"keyboard_return","icon":"","box":"2036,2743 34x34"},{"tag":"BUTTON","al":"Sử dụng lại câu lệnh","txt":"keyboard_return","icon":"","box":"2498,2743 34x34"},{"tag":"BUTTON","al":"Thêm thành phần vào ô nhập","txt":"add","icon":"","box":"999,1257 32x32"}],"fileInputs":[]}
2026-09-04T12:11:44.808Z [4e5c85f7-b020-438c-89c6-b442c4450a26][6f7bf0a6-8323-4acd-b50e-b2715aa5dfaa] Start keyframe step1 add-btn: no add_2/(+) button found
2026-09-04T12:11:44.815Z [4e5c85f7-b020-438c-89c6-b442c4450a26][6f7bf0a6-8323-4acd-b50e-b2715aa5dfaa] Start keyframe step1 direct: no <input type=file> present — using scan fallback
2026-09-04T12:11:44.815Z [4e5c85f7-b020-438c-89c6-b442c4450a26][6f7bf0a6-8323-4acd-b50e-b2715aa5dfaa] Start keyframe step1: trying composer-scan fallback...
2026-09-04T12:11:44.823Z [4e5c85f7-b020-438c-89c6-b442c4450a26][6f7bf0a6-8323-4acd-b50e-b2715aa5dfaa] Start keyframe step1 fallback: clicking scanned button xpath=/html[1]/body[1]/aisandbox-root[1]/main[1]/flow-project-shell[1]/flow-project-page[1]/div[1]/flow-project-sidenav-container[1]/mat-sidenav-container[1]/mat-sidenav-content[1]/div[1]/div[1]/cdk-virtual-scroll-viewport[1]/div[1]/div[1]/div[3]/flow-grid-tile-container[2]/flow-tile-container[1]/div[1]/flow-image-tile[1]/div[1]/flow-pending-tile[1]/div[1]/div[1]/div[1]
2026-09-04T12:11:44.823Z [4e5c85f7-b020-438c-89c6-b442c4450a26][6f7bf0a6-8323-4acd-b50e-b2715aa5dfaa] xClick: waiting visible xpath=/html[1]/body[1]/aisandbox-root[1]/main[1]/flow-project-shell[1]/flow-project-page[1]/div[1]/flow-project-sidenav-container[1]/mat-sidenav-container[1]/mat-sidenav-content[1]/div[1]/div[1]/cdk-virtual-scroll-viewport[1]/div[1]/div[1]/div[3]/flow-grid-tile-container[2]/flow-tile-container[1]/div[1]/flow-image-tile[1]/div[1]/flow-pending-tile[1]/div[1]/div[1]/div[1]
2026-09-04T12:11:44.831Z [4e5c85f7-b020-438c-89c6-b442c4450a26][6f7bf0a6-8323-4acd-b50e-b2715aa5dfaa] xClick: target tag=DIV aria="" txt="image" box=721,621 24x24
2026-09-04T12:11:45.066Z [590303e8-e252-4026-b91c-7eecac47bd16][6f7bf0a6-8323-4acd-b50e-b2715aa5dfaa] Start keyframe step1 fallback: panel visible = false
2026-09-04T12:11:45.073Z [590303e8-e252-4026-b91c-7eecac47bd16][6f7bf0a6-8323-4acd-b50e-b2715aa5dfaa] Start keyframe DIAG composer(final-before-throw): {"rootFound":false,"win":"2560x1280","dpr":1.5,"count":19,"els":[{"tag":"BUTTON","al":"Sử dụng lại câu lệnh","txt":"keyboard_return","icon":"","box":"1575,813 34x34"},{"tag":"BUTTON","al":"Sử dụng lại câu lệnh","txt":"keyboard_return","icon":"","box":"650,1080 34x34"},{"tag":"BUTTON","al":"Sử dụng lại câu lệnh","txt":"keyboard_return","icon":"","box":"1111,1613 34x34"},{"tag":"BUTTON","al":"Sử dụng lại câu lệnh","txt":"keyboard_return","icon":"","box":"2498,1613 34x34"},{"tag":"BUTTON","al":"Sử dụng lại câu lệnh","txt":"keyboard_return","icon":"","box":"2498,1879 34x34"},{"tag":"BUTTON","al":"Sử dụng lại câu lệnh","txt":"keyboard_return","icon":"","box":"1340,2210 34x34"},{"tag":"BUTTON","al":"Sử dụng lại câu lệnh","txt":"keyboard_return","icon":"","box":"1919,2210 34x34"},{"tag":"BUTTON","al":"Sử dụng lại câu lệnh","txt":"keyboard_return","icon":"","box":"2498,2210 34x34"},{"tag":"BUTTON","al":"Sử dụng lại câu lệnh","txt":"keyboard_return","icon":"","box":"1340,2540 34x34"},{"tag":"BUTTON","al":"Sử dụng lại câu lệnh","txt":"keyboard_return","icon":"","box":"1919,2540 34x34"},{"tag":"BUTTON","al":"Sử dụng lại câu lệnh","txt":"keyboard_return","icon":"","box":"2498,2540 34x34"},{"tag":"BUTTON","al":"Sử dụng lại câu lệnh","txt":"keyboard_return","icon":"","box":"765,2870 34x34"},{"tag":"BUTTON","al":"Sử dụng lại câu lệnh","txt":"keyboard_return","icon":"","box":"1344,2870 34x34"},{"tag":"BUTTON","al":"Sử dụng lại câu lệnh","txt":"keyboard_return","icon":"","box":"1923,2870 34x34"},{"tag":"BUTTON","al":"Sử dụng lại câu lệnh","txt":"keyboard_return","icon":"","box":"2498,2870 34x34"},{"tag":"BUTTON","al":"Thêm thành phần vào ô nhập","txt":"add","icon":"","box":"999,1257 32x32"},{"tag":"BUTTON","al":"","txt":"Tác nhân","icon":"","box":"1041,1259 79x28"},{"tag":"BUTTON","al":"Điều kiện kích hoạt cài đặ","txt":"Video · 720p · 8 g","icon":"","box":"1376,1257 167x32"},{"tag":"BUTTON","al":"Bắt đầu tạo","txt":"arrow_forward","icon":"","box":"1547,1257 32x32"}],"fileInputs":[]}
2026-09-04T12:11:45.074Z [590303e8-e252-4026-b91c-7eecac47bd16][6f7bf0a6-8323-4acd-b50e-b2715aa5dfaa] Start keyframe step2: panel still not visible — waiting last 8s...
2026-09-04T12:11:45.252Z [4e5c85f7-b020-438c-89c6-b442c4450a26][6f7bf0a6-8323-4acd-b50e-b2715aa5dfaa] xClick: click xpath=/html[1]/body[1]/aisandbox-root[1]/main[1]/flow-project-shell[1]/flow-project-page[1]/div[1]/flow-project-sidenav-container[1]/mat-sidenav-container[1]/mat-sidenav-content[1]/div[1]/div[1]/cdk-virtual-scroll-viewport[1]/div[1]/div[1]/div[3]/flow-grid-tile-container[2]/flow-tile-container[1]/div[1]/flow-image-tile[1]/div[1]/flow-pending-tile[1]/div[1]/div[1]/div[1]
2026-09-04T12:11:45.616Z [ed9e51a4-cb87-46d7-abe5-3edbc2abcc0b][6f7bf0a6-8323-4acd-b50e-b2715aa5dfaa] Start keyframe step1 fallback: panel visible = false
2026-09-04T12:11:45.637Z [ed9e51a4-cb87-46d7-abe5-3edbc2abcc0b][6f7bf0a6-8323-4acd-b50e-b2715aa5dfaa] Start keyframe DIAG composer(final-before-throw): {"rootFound":false,"win":"2560x1280","dpr":1.5,"count":40,"els":[{"tag":"BUTTON","al":"Sử dụng lại câu lệnh","txt":"keyboard_return","icon":"","box":"1572,845 34x34"},{"tag":"BUTTON","al":"Sử dụng lại câu lệnh","txt":"keyboard_return","icon":"","box":"2498,845 34x34"},{"tag":"BUTTON","al":"Sử dụng lại câu lệnh","txt":"keyboard_return","icon":"","box":"2036,1111 34x34"},{"tag":"BUTTON","al":"Sử dụng lại câu lệnh","txt":"keyboard_return","icon":"","box":"1340,1442 34x34"},{"tag":"BUTTON","al":"Sử dụng lại câu lệnh","txt":"keyboard_return","icon":"","box":"1919,1442 34x34"},{"tag":"BUTTON","al":"Sử dụng lại câu lệnh","txt":"keyboard_return","icon":"","box":"2498,1442 34x34"},{"tag":"BUTTON","al":"Sử dụng lại câu lệnh","txt":"keyboard_return","icon":"","box":"764,1771 34x34"},{"tag":"BUTTON","al":"Sử dụng lại câu lệnh","txt":"keyboard_return","icon":"","box":"1342,1771 34x34"},{"tag":"BUTTON","al":"Sử dụng lại câu lệnh","txt":"keyboard_return","icon":"","box":"1920,1771 34x34"},{"tag":"BUTTON","al":"Sử dụng lại câu lệnh","txt":"keyboard_return","icon":"","box":"2498,1771 34x34"},{"tag":"BUTTON","al":"Sử dụng lại câu lệnh","txt":"keyboard_return","icon":"","box":"650,2038 34x34"},{"tag":"BUTTON","al":"Sử dụng lại câu lệnh","txt":"keyboard_return","icon":"","box":"1115,2038 34x34"},{"tag":"BUTTON","al":"Sử dụng lại câu lệnh","txt":"keyboard_return","icon":"","box":"1576,2038 34x34"},{"tag":"BUTTON","al":"Sử dụng lại câu lệnh","txt":"keyboard_return","icon":"","box":"2037,2038 34x34"},{"tag":"BUTTON","al":"Sử dụng lại câu lệnh","txt":"keyboard_return","icon":"","box":"2498,2038 34x34"},{"tag":"BUTTON","al":"Yêu thích","txt":"favorite","icon":"","box":"594,2112 28x28"},{"tag":"BUTTON","al":"Sử dụng lại câu lệnh","txt":"redo","icon":"","box":"624,2112 28x28"},{"tag":"BUTTON","al":"Tuỳ chọn khác","txt":"more_vert","icon":"","box":"654,2112 28x28"},{"tag":"DIV","al":"","txt":"imageChildren outs","icon":"","box":"260,2321 167x18"},{"tag":"BUTTON","al":"Sử dụng lại câu lệnh","txt":"keyboard_return","icon":"","box":"648,2305 34x34"},{"tag":"BUTTON","al":"Yêu thích","txt":"favorite","icon":"","box":"1057,2112 28x28"},{"tag":"BUTTON","al":"Sử dụng lại câu lệnh","txt":"redo","icon":"","box":"1087,2112 28x28"},{"tag":"BUTTON","al":"Tuỳ chọn khác","txt":"more_vert","icon":"","box":"1117,2112 28x28"},{"tag":"DIV","al":"","txt":"imageSecurity offi","icon":"","box":"722,2321 206x18"},{"tag":"BUTTON","al":"Sử dụng lại câu lệnh","txt":"keyboard_return","icon":"","box":"1111,2305 34x34"},{"tag":"BUTTON","al":"Yêu thích","txt":"favorite","icon":"","box":"1519,2112 28x28"},{"tag":"BUTTON","al":"Sử dụng lại câu lệnh","txt":"redo","icon":"","box":"1549,2112 28x28"},{"tag":"BUTTON","al":"Tuỳ chọn khác","txt":"more_vert","icon":"","box":"1579,2112 28x28"},{"tag":"DIV","al":"","txt":"imageSecurity offi","icon":"","box":"1185,2321 196x18"},{"tag":"BUTTON","al":"Sử dụng lại câu lệnh","txt":"keyboard_return","icon":"","box":"1573,2305 34x34"},{"tag":"BUTTON","al":"Yêu thích","txt":"favorite","icon":"","box":"1982,2112 28x28"},{"tag":"BUTTON","al":"Sử dụng lại câu lệnh","txt":"redo","icon":"","box":"2012,2112 28x28"},{"tag":"BUTTON","al":"Tuỳ chọn khác","txt":"more_vert","icon":"","box":"2042,2112 28x28"},{"tag":"DIV","al":"","txt":"imageSecurity offi","icon":"","box":"1647,2321 196x18"},{"tag":"BUTTON","al":"Sử dụng lại câu lệnh","txt":"keyboard_return","icon":"","box":"2036,2305 34x34"},{"tag":"BUTTON","al":"Yêu thích","txt":"favorite","icon":"","box":"2444,2112 28x28"},{"tag":"BUTTON","al":"Sử dụng lại câu lệnh","txt":"redo","icon":"","box":"2474,2112 28x28"},{"tag":"BUTTON","al":"Tuỳ chọn khác","txt":"more_vert","icon":"","box":"2504,2112 28x28"},{"tag":"DIV","al":"","txt":"imageSecurity offi","icon":"","box":"2110,2321 196x18"},{"tag":"BUTTON","al":"Sử dụng lại câu lệnh","txt":"keyboard_return","icon":"","box":"2498,2305 34x34"}],"fileInputs":[]}
2026-09-04T12:11:45.638Z [ed9e51a4-cb87-46d7-abe5-3edbc2abcc0b][6f7bf0a6-8323-4acd-b50e-b2715aa5dfaa] Start keyframe step2: panel still not visible — waiting last 8s...
2026-09-04T12:11:45.920Z [791c7128-662a-429e-a5b5-74dd2ba44043][6f7bf0a6-8323-4acd-b50e-b2715aa5dfaa] Composer readiness wait timed out — diagnosing...
2026-09-04T12:11:45.925Z [791c7128-662a-429e-a5b5-74dd2ba44043][6f7bf0a6-8323-4acd-b50e-b2715aa5dfaa] READINESS-DIAG: {"url":"https://flow.google.com/project/cd81a7d3-c989-419e-891a-f8694174cb85","vh":1280,"ceCount":0,"ce":[],"btnCount":0,"btns":[]}
2026-09-04T12:11:46.367Z [4e5c85f7-b020-438c-89c6-b442c4450a26][6f7bf0a6-8323-4acd-b50e-b2715aa5dfaa] Start keyframe step1 fallback: panel visible = false
2026-09-04T12:11:46.380Z [4e5c85f7-b020-438c-89c6-b442c4450a26][6f7bf0a6-8323-4acd-b50e-b2715aa5dfaa] Start keyframe DIAG composer(final-before-throw): {"rootFound":false,"win":"2560x1280","dpr":1.5,"count":40,"els":[{"tag":"BUTTON","al":"Sử dụng lại câu lệnh","txt":"keyboard_return","icon":"","box":"647,813 34x34"},{"tag":"BUTTON","al":"Sử dụng lại câu lệnh","txt":"keyboard_return","icon":"","box":"1111,813 34x34"},{"tag":"BUTTON","al":"Sử dụng lại câu lệnh","txt":"keyboard_return","icon":"","box":"1572,813 34x34"},{"tag":"BUTTON","al":"Sử dụng lại câu lệnh","txt":"keyboard_return","icon":"","box":"2033,813 34x34"},{"tag":"BUTTON","al":"Sử dụng lại câu lệnh","txt":"keyboard_return","icon":"","box":"2498,813 34x34"},{"tag":"BUTTON","al":"Sử dụng lại câu lệnh","txt":"keyboard_return","icon":"","box":"647,1080 34x34"},{"tag":"BUTTON","al":"Sử dụng lại câu lệnh","txt":"keyboard_return","icon":"","box":"1111,1080 34x34"},{"tag":"BUTTON","al":"Sử dụng lại câu lệnh","txt":"keyboard_return","icon":"","box":"1572,1080 34x34"},{"tag":"BUTTON","al":"Sử dụng lại câu lệnh","txt":"keyboard_return","icon":"","box":"2037,1080 34x34"},{"tag":"BUTTON","al":"Sử dụng lại câu lệnh","txt":"keyboard_return","icon":"","box":"2498,1080 34x34"},{"tag":"BUTTON","al":"Sử dụng lại câu lệnh","txt":"keyboard_return","icon":"","box":"648,1346 34x34"},{"tag":"BUTTON","al":"Sử dụng lại câu lệnh","txt":"keyboard_return","icon":"","box":"1113,1346 34x34"},{"tag":"BUTTON","al":"Sử dụng lại câu lệnh","txt":"keyboard_return","icon":"","box":"1575,1346 34x34"},{"tag":"BUTTON","al":"Sử dụng lại câu lệnh","txt":"keyboard_return","icon":"","box":"2036,1346 34x34"},{"tag":"BUTTON","al":"Sử dụng lại câu lệnh","txt":"keyboard_return","icon":"","box":"2498,1346 34x34"},{"tag":"BUTTON","al":"Sử dụng lại câu lệnh","txt":"keyboard_return","icon":"","box":"648,1613 34x34"},{"tag":"BUTTON","al":"Sử dụng lại câu lệnh","txt":"keyboard_return","icon":"","box":"1109,1613 34x34"},{"tag":"BUTTON","al":"Sử dụng lại câu lệnh","txt":"keyboard_return","icon":"","box":"1571,1613 34x34"},{"tag":"BUTTON","al":"Sử dụng lại câu lệnh","txt":"keyboard_return","icon":"","box":"2033,1613 34x34"},{"tag":"BUTTON","al":"Sử dụng lại câu lệnh","txt":"keyboard_return","icon":"","box":"2498,1613 34x34"},{"tag":"BUTTON","al":"Sử dụng lại câu lệnh","txt":"keyboard_return","icon":"","box":"648,1880 34x34"},{"tag":"BUTTON","al":"Sử dụng lại câu lệnh","txt":"keyboard_return","icon":"","box":"1109,1880 34x34"},{"tag":"BUTTON","al":"Sử dụng lại câu lệnh","txt":"keyboard_return","icon":"","box":"1575,1880 34x34"},{"tag":"BUTTON","al":"Sử dụng lại câu lệnh","txt":"keyboard_return","icon":"","box":"2036,1880 34x34"},{"tag":"BUTTON","al":"Sử dụng lại câu lệnh","txt":"keyboard_return","icon":"","box":"2498,1880 34x34"},{"tag":"BUTTON","al":"Sử dụng lại câu lệnh","txt":"keyboard_return","icon":"","box":"764,2209 34x34"},{"tag":"BUTTON","al":"Sử dụng lại câu lệnh","txt":"keyboard_return","icon":"","box":"1342,2209 34x34"},{"tag":"BUTTON","al":"Sử dụng lại câu lệnh","txt":"keyboard_return","icon":"","box":"1920,2209 34x34"},{"tag":"BUTTON","al":"Sử dụng lại câu lệnh","txt":"keyboard_return","icon":"","box":"2498,2209 34x34"},{"tag":"BUTTON","al":"Sử dụng lại câu lệnh","txt":"keyboard_return","icon":"","box":"647,2476 34x34"},{"tag":"BUTTON","al":"Sử dụng lại câu lệnh","txt":"keyboard_return","icon":"","box":"1108,2476 34x34"},{"tag":"BUTTON","al":"Sử dụng lại câu lệnh","txt":"keyboard_return","icon":"","box":"1572,2476 34x34"},{"tag":"BUTTON","al":"Sử dụng lại câu lệnh","txt":"keyboard_return","icon":"","box":"2037,2476 34x34"},{"tag":"BUTTON","al":"Sử dụng lại câu lệnh","txt":"keyboard_return","icon":"","box":"2498,2476 34x34"},{"tag":"BUTTON","al":"Sử dụng lại câu lệnh","txt":"keyboard_return","icon":"","box":"648,2743 34x34"},{"tag":"BUTTON","al":"Sử dụng lại câu lệnh","txt":"keyboard_return","icon":"","box":"1111,2743 34x34"},{"tag":"BUTTON","al":"Sử dụng lại câu lệnh","txt":"keyboard_return","icon":"","box":"1573,2743 34x34"},{"tag":"BUTTON","al":"Sử dụng lại câu lệnh","txt":"keyboard_return","icon":"","box":"2036,2743 34x34"},{"tag":"BUTTON","al":"Sử dụng lại câu lệnh","txt":"keyboard_return","icon":"","box":"2498,2743 34x34"},{"tag":"BUTTON","al":"Thêm thành phần vào ô nhập","txt":"add","icon":"","box":"999,1257 32x32"}],"fileInputs":[]}
2026-09-04T12:11:46.380Z [4e5c85f7-b020-438c-89c6-b442c4450a26][6f7bf0a6-8323-4acd-b50e-b2715aa5dfaa] Start keyframe step2: panel still not visible — waiting last 8s...
2026-09-04T12:11:47.941Z [791c7128-662a-429e-a5b5-74dd2ba44043][6f7bf0a6-8323-4acd-b50e-b2715aa5dfaa] Agent toggle aria-pressed=null
2026-09-04T12:11:47.941Z [791c7128-662a-429e-a5b5-74dd2ba44043][6f7bf0a6-8323-4acd-b50e-b2715aa5dfaa] Already in normal mode (or Agent toggle absent) — no switch needed.
2026-09-04T12:11:47.945Z [791c7128-662a-429e-a5b5-74dd2ba44043][6f7bf0a6-8323-4acd-b50e-b2715aa5dfaa] dismissPopups: unresolved overlay(s) ["IFRAME[presentation]|btns="]
2026-09-04T12:11:47.952Z [791c7128-662a-429e-a5b5-74dd2ba44043][6f7bf0a6-8323-4acd-b50e-b2715aa5dfaa] Opening settings...
2026-09-04T12:11:47.953Z [791c7128-662a-429e-a5b5-74dd2ba44043][6f7bf0a6-8323-4acd-b50e-b2715aa5dfaa] Trying absolute XPath for settings button...
2026-09-04T12:11:47.958Z [791c7128-662a-429e-a5b5-74dd2ba44043][6f7bf0a6-8323-4acd-b50e-b2715aa5dfaa] Trying composer config-chip (crop_ glyph)...
2026-09-04T12:11:52.815Z [791c7128-662a-429e-a5b5-74dd2ba44043][6f7bf0a6-8323-4acd-b50e-b2715aa5dfaa] Trying robust fallbacks for settings button...
2026-09-04T12:11:52.847Z [791c7128-662a-429e-a5b5-74dd2ba44043][6f7bf0a6-8323-4acd-b50e-b2715aa5dfaa] Ultimate fallback: searching bottom-composer buttons...
2026-09-04T12:11:52.851Z [791c7128-662a-429e-a5b5-74dd2ba44043][6f7bf0a6-8323-4acd-b50e-b2715aa5dfaa] Flow attempt 1/1 failed: Could not find or click the Settings button in Google Flow.
2026-09-04T12:11:52.852Z [791c7128-662a-429e-a5b5-74dd2ba44043][6f7bf0a6-8323-4acd-b50e-b2715aa5dfaa] runGeneration ERROR exception: Error: Could not find or click the Settings button in Google Flow.
    at runGoogleFlow (C:\snapshot\sidecar\dist\sidecar.cjs:7869:11)
    at async runGeneration (C:\snapshot\sidecar\dist\sidecar.cjs:10021:11)
    at async handleCommand (C:\snapshot\sidecar\dist\sidecar.cjs:6510:7)
    at async C:\snapshot\sidecar\dist\sidecar.cjs:6426:11
2026-09-04T12:11:53.084Z [590303e8-e252-4026-b91c-7eecac47bd16][6f7bf0a6-8323-4acd-b50e-b2715aa5dfaa] Start keyframe upload failed: page.waitForSelector: Timeout 8000ms exceeded.
Call log:
[2m  - waiting for locator('xpath=/html/body/div[1]/div[2]/div') to be visible[22m

2026-09-04T12:11:53.084Z [590303e8-e252-4026-b91c-7eecac47bd16][6f7bf0a6-8323-4acd-b50e-b2715aa5dfaa] ⚠ Start keyframe NOT applied: page.waitForSelector: Timeout 8000ms exceeded.
Call log:
[2m  - waiting for locator('xpath=/html/body/div[1]/div[2]/div') to be visible[22m

2026-09-04T12:11:53.094Z [590303e8-e252-4026-b91c-7eecac47bd16][6f7bf0a6-8323-4acd-b50e-b2715aa5dfaa] DIAG: input[type=file] count=0; visible buttons=["Nút quay lại để quay về trang trước","Các lựa chọn khác cho dự án","Tìm kiếm","Các lựa chọn lọc và sắp xếp","Trình đơn thêm nội dung nghe nhìn","Trợ giúp về sản phẩm","Cài đặt lưới ô","Lựa chọn khác","Sử dụng lại câu lệnh","Sử dụng lại câu lệnh","Sử dụng lại câu lệnh","Sử dụng lại câu lệnh","Sử dụng lại câu lệnh","Sử dụng lại câu lệnh","Sử dụng lại câu lệnh","Sử dụng lại câu lệnh","Sử dụng lại câu lệnh","Sử dụng lại câu lệnh","Sử dụng lại câu lệnh","Thêm thành phần vào ô nhập câu lệnh","Tác nhân","Điều kiện kích hoạt cài đặt","Bắt đầu tạo"]
2026-09-04T12:11:53.095Z [590303e8-e252-4026-b91c-7eecac47bd16][6f7bf0a6-8323-4acd-b50e-b2715aa5dfaa] Flow attempt 1/1 failed: Start keyframe/ingredient provided but could not be attached — aborting before submit to avoid detecting/downloading pre-existing project videos.
2026-09-04T12:11:53.095Z [590303e8-e252-4026-b91c-7eecac47bd16][6f7bf0a6-8323-4acd-b50e-b2715aa5dfaa] runGeneration ERROR exception: Error: Start keyframe/ingredient provided but could not be attached — aborting before submit to avoid detecting/downloading pre-existing project videos.
    at runGoogleFlow (C:\snapshot\sidecar\dist\sidecar.cjs:9144:11)
    at async runGeneration (C:\snapshot\sidecar\dist\sidecar.cjs:10021:11)
    at async handleCommand (C:\snapshot\sidecar\dist\sidecar.cjs:6510:7)
    at async C:\snapshot\sidecar\dist\sidecar.cjs:6426:11
2026-09-04T12:11:53.640Z [ed9e51a4-cb87-46d7-abe5-3edbc2abcc0b][6f7bf0a6-8323-4acd-b50e-b2715aa5dfaa] Start keyframe upload failed: page.waitForSelector: Timeout 8000ms exceeded.
Call log:
[2m  - waiting for locator('xpath=/html/body/div[1]/div[2]/div') to be visible[22m

2026-09-04T12:11:53.641Z [ed9e51a4-cb87-46d7-abe5-3edbc2abcc0b][6f7bf0a6-8323-4acd-b50e-b2715aa5dfaa] ⚠ Start keyframe NOT applied: page.waitForSelector: Timeout 8000ms exceeded.
Call log:
[2m  - waiting for locator('xpath=/html/body/div[1]/div[2]/div') to be visible[22m

2026-09-04T12:11:53.653Z [ed9e51a4-cb87-46d7-abe5-3edbc2abcc0b][6f7bf0a6-8323-4acd-b50e-b2715aa5dfaa] DIAG: input[type=file] count=0; visible buttons=["Sử dụng lại câu lệnh","Sử dụng lại câu lệnh","Sử dụng lại câu lệnh","Sử dụng lại câu lệnh","Sử dụng lại câu lệnh","Sử dụng lại câu lệnh","Sử dụng lại câu lệnh","Sử dụng lại câu lệnh","Sử dụng lại câu lệnh","Sử dụng lại câu lệnh","Sử dụng lại câu lệnh","Sử dụng lại câu lệnh","Sử dụng lại câu lệnh","Sử dụng lại câu lệnh","Sử dụng lại câu lệnh","Thêm thành phần vào ô nhập câu lệnh","Tác nhân","Điều kiện kích hoạt cài đặt","Bắt đầu tạo"]
2026-09-04T12:11:53.655Z [ed9e51a4-cb87-46d7-abe5-3edbc2abcc0b][6f7bf0a6-8323-4acd-b50e-b2715aa5dfaa] Flow attempt 1/1 failed: Start keyframe/ingredient provided but could not be attached — aborting before submit to avoid detecting/downloading pre-existing project videos.
2026-09-04T12:11:53.655Z [ed9e51a4-cb87-46d7-abe5-3edbc2abcc0b][6f7bf0a6-8323-4acd-b50e-b2715aa5dfaa] runGeneration ERROR exception: Error: Start keyframe/ingredient provided but could not be attached — aborting before submit to avoid detecting/downloading pre-existing project videos.
    at runGoogleFlow (C:\snapshot\sidecar\dist\sidecar.cjs:9144:11)
    at async runGeneration (C:\snapshot\sidecar\dist\sidecar.cjs:10021:11)
    at async handleCommand (C:\snapshot\sidecar\dist\sidecar.cjs:6510:7)
    at async C:\snapshot\sidecar\dist\sidecar.cjs:6426:11
2026-09-04T12:11:54.037Z [bcb357d7-69de-4d05-9b8f-5781e8b9c513][6f7bf0a6-8323-4acd-b50e-b2715aa5dfaa] runGeneration starting: task_id=bcb357d7-69de-4d05-9b8f-5781e8b9c513, profile_id=6f7bf0a6-8323-4acd-b50e-b2715aa5dfaa, target_site=google_flow
2026-09-04T12:11:54.038Z [bcb357d7-69de-4d05-9b8f-5781e8b9c513][6f7bf0a6-8323-4acd-b50e-b2715aa5dfaa] Opening Playwright browser with persistent profile cookies...
2026-09-04T12:11:54.038Z [bcb357d7-69de-4d05-9b8f-5781e8b9c513][6f7bf0a6-8323-4acd-b50e-b2715aa5dfaa] Browser engine: winhide (C:\Users\Admin\AppData\Roaming\com.tank.winai\winhide\chrome.exe) [hidden off-screen]
2026-09-04T12:11:54.038Z [bcb357d7-69de-4d05-9b8f-5781e8b9c513][6f7bf0a6-8323-4acd-b50e-b2715aa5dfaa] Launch mode: STEALTH (raw spawn + connectOverCDP)
2026-09-04T12:11:54.045Z [ef9fd864-c103-4967-b9be-869b8604123e][6f7bf0a6-8323-4acd-b50e-b2715aa5dfaa] runGeneration starting: task_id=ef9fd864-c103-4967-b9be-869b8604123e, profile_id=6f7bf0a6-8323-4acd-b50e-b2715aa5dfaa, target_site=google_flow
2026-09-04T12:11:54.046Z [ef9fd864-c103-4967-b9be-869b8604123e][6f7bf0a6-8323-4acd-b50e-b2715aa5dfaa] Opening Playwright browser with persistent profile cookies...
2026-09-04T12:11:54.046Z [ef9fd864-c103-4967-b9be-869b8604123e][6f7bf0a6-8323-4acd-b50e-b2715aa5dfaa] Browser engine: winhide (C:\Users\Admin\AppData\Roaming\com.tank.winai\winhide\chrome.exe) [hidden off-screen]
2026-09-04T12:11:54.047Z [ef9fd864-c103-4967-b9be-869b8604123e][6f7bf0a6-8323-4acd-b50e-b2715aa5dfaa] Launch mode: STEALTH (raw spawn + connectOverCDP)
2026-09-04T12:11:54.169Z [603411b8-26ac-421d-9a00-7e0953976582][6f7bf0a6-8323-4acd-b50e-b2715aa5dfaa] runGeneration starting: task_id=603411b8-26ac-421d-9a00-7e0953976582, profile_id=6f7bf0a6-8323-4acd-b50e-b2715aa5dfaa, target_site=google_flow
2026-09-04T12:11:54.170Z [603411b8-26ac-421d-9a00-7e0953976582][6f7bf0a6-8323-4acd-b50e-b2715aa5dfaa] Opening Playwright browser with persistent profile cookies...
2026-09-04T12:11:54.170Z [603411b8-26ac-421d-9a00-7e0953976582][6f7bf0a6-8323-4acd-b50e-b2715aa5dfaa] Browser engine: winhide (C:\Users\Admin\AppData\Roaming\com.tank.winai\winhide\chrome.exe) [hidden off-screen]
2026-09-04T12:11:54.171Z [603411b8-26ac-421d-9a00-7e0953976582][6f7bf0a6-8323-4acd-b50e-b2715aa5dfaa] Launch mode: STEALTH (raw spawn + connectOverCDP)
2026-09-04T12:11:54.395Z [4e5c85f7-b020-438c-89c6-b442c4450a26][6f7bf0a6-8323-4acd-b50e-b2715aa5dfaa] Start keyframe upload failed: page.waitForSelector: Timeout 8000ms exceeded.
Call log:
[2m  - waiting for locator('xpath=/html/body/div[1]/div[2]/div') to be visible[22m

2026-09-04T12:11:54.396Z [4e5c85f7-b020-438c-89c6-b442c4450a26][6f7bf0a6-8323-4acd-b50e-b2715aa5dfaa] ⚠ Start keyframe NOT applied: page.waitForSelector: Timeout 8000ms exceeded.
Call log:
[2m  - waiting for locator('xpath=/html/body/div[1]/div[2]/div') to be visible[22m

2026-09-04T12:11:54.412Z [4e5c85f7-b020-438c-89c6-b442c4450a26][6f7bf0a6-8323-4acd-b50e-b2715aa5dfaa] DIAG: input[type=file] count=0; visible buttons=["Nút quay lại để quay về trang trước","Các lựa chọn khác cho dự án","Tìm kiếm","Các lựa chọn lọc và sắp xếp","Trình đơn thêm nội dung nghe nhìn","Trợ giúp về sản phẩm","Cài đặt lưới ô","Lựa chọn khác","Sử dụng lại câu lệnh","Sử dụng lại câu lệnh","Sử dụng lại câu lệnh","Sử dụng lại câu lệnh","Sử dụng lại câu lệnh","Sử dụng lại câu lệnh","Sử dụng lại câu lệnh","Sử dụng lại câu lệnh","Sử dụng lại câu lệnh","Sử dụng lại câu lệnh","Sử dụng lại câu lệnh","Sử dụng lại câu lệnh","Sử dụng lại câu lệnh","Sử dụng lại câu lệnh","Sử dụng lại câu lệnh","Sử dụng lại câu lệnh","Sử dụng lại câu lệnh","Sử dụng lại câu lệnh","Sử dụng lại câu lệnh","Sử dụng lại câu lệnh","Sử dụng lại câu lệnh","Sử dụng lại câu lệnh","Sử dụng lại câu lệnh","Sử dụng lại câu lệnh","Sử dụng lại câu lệnh","Sử dụng lại câu lệnh","Sử dụng lại câu lệnh","Sử dụng lại câu lệnh","Sử dụng lại câu lệnh","Sử dụng lại câu lệnh","Sử dụng lại câu lệnh","Sử dụng lại câu lệnh","Sử dụng lại câu lệnh","Sử dụng lại câu lệnh","Sử dụng lại câu lệnh","Sử dụng lại câu lệnh","Sử dụng lại câu lệnh","Sử dụng lại câu lệnh","Sử dụng lại câu lệnh","Sử dụng lại câu lệnh","Sử dụng lại câu lệnh","Sử dụng lại câu lệnh"]
2026-09-04T12:11:54.414Z [4e5c85f7-b020-438c-89c6-b442c4450a26][6f7bf0a6-8323-4acd-b50e-b2715aa5dfaa] Flow attempt 1/1 failed: Start keyframe/ingredient provided but could not be attached — aborting before submit to avoid detecting/downloading pre-existing project videos.
2026-09-04T12:11:54.415Z [4e5c85f7-b020-438c-89c6-b442c4450a26][6f7bf0a6-8323-4acd-b50e-b2715aa5dfaa] runGeneration ERROR exception: Error: Start keyframe/ingredient provided but could not be attached — aborting before submit to avoid detecting/downloading pre-existing project videos.
    at runGoogleFlow (C:\snapshot\sidecar\dist\sidecar.cjs:9144:11)
    at async runGeneration (C:\snapshot\sidecar\dist\sidecar.cjs:10021:11)
    at async handleCommand (C:\snapshot\sidecar\dist\sidecar.cjs:6510:7)
    at async C:\snapshot\sidecar\dist\sidecar.cjs:6426:11
2026-09-04T12:11:55.868Z [dfc4920b-b9aa-4256-9a69-a59fb9dc12ab][6f7bf0a6-8323-4acd-b50e-b2715aa5dfaa] runGeneration starting: task_id=dfc4920b-b9aa-4256-9a69-a59fb9dc12ab, profile_id=6f7bf0a6-8323-4acd-b50e-b2715aa5dfaa, target_site=google_flow
2026-09-04T12:11:55.870Z [dfc4920b-b9aa-4256-9a69-a59fb9dc12ab][6f7bf0a6-8323-4acd-b50e-b2715aa5dfaa] Opening Playwright browser with persistent profile cookies...
2026-09-04T12:11:55.870Z [dfc4920b-b9aa-4256-9a69-a59fb9dc12ab][6f7bf0a6-8323-4acd-b50e-b2715aa5dfaa] Browser engine: winhide (C:\Users\Admin\AppData\Roaming\com.tank.winai\winhide\chrome.exe) [hidden off-screen]
2026-09-04T12:11:55.871Z [dfc4920b-b9aa-4256-9a69-a59fb9dc12ab][6f7bf0a6-8323-4acd-b50e-b2715aa5dfaa] Launch mode: STEALTH (raw spawn + connectOverCDP)
2026-09-04T12:11:56.073Z [bcb357d7-69de-4d05-9b8f-5781e8b9c513][6f7bf0a6-8323-4acd-b50e-b2715aa5dfaa] Exit IP: 115.74.128.9
2026-09-04T12:11:56.074Z [bcb357d7-69de-4d05-9b8f-5781e8b9c513][6f7bf0a6-8323-4acd-b50e-b2715aa5dfaa] Navigating browser to Google Flow tools page...
2026-09-04T12:11:56.074Z [bcb357d7-69de-4d05-9b8f-5781e8b9c513][6f7bf0a6-8323-4acd-b50e-b2715aa5dfaa] Using existing project URL: https://flow.google.com/project/cae2bf2b-d1b8-40f9-a300-9f2aa6276ea5
2026-09-04T12:11:56.413Z [603411b8-26ac-421d-9a00-7e0953976582][6f7bf0a6-8323-4acd-b50e-b2715aa5dfaa] Exit IP: 115.74.128.9
2026-09-04T12:11:56.414Z [603411b8-26ac-421d-9a00-7e0953976582][6f7bf0a6-8323-4acd-b50e-b2715aa5dfaa] Navigating browser to Google Flow tools page...
2026-09-04T12:11:56.414Z [603411b8-26ac-421d-9a00-7e0953976582][6f7bf0a6-8323-4acd-b50e-b2715aa5dfaa] Using existing project URL: https://flow.google.com/project/cd81a7d3-c989-419e-891a-f8694174cb85
2026-09-04T12:11:56.517Z [ef9fd864-c103-4967-b9be-869b8604123e][6f7bf0a6-8323-4acd-b50e-b2715aa5dfaa] Exit IP: 115.74.128.9
2026-09-04T12:11:56.518Z [ef9fd864-c103-4967-b9be-869b8604123e][6f7bf0a6-8323-4acd-b50e-b2715aa5dfaa] Navigating browser to Google Flow tools page...
2026-09-04T12:11:56.518Z [ef9fd864-c103-4967-b9be-869b8604123e][6f7bf0a6-8323-4acd-b50e-b2715aa5dfaa] Using existing project URL: https://flow.google.com/project/33ca2cc2-c9ff-4bb6-9048-2a7af1dfcfee
2026-09-04T12:11:57.351Z [bcb357d7-69de-4d05-9b8f-5781e8b9c513][6f7bf0a6-8323-4acd-b50e-b2715aa5dfaa] Waiting for Google Flow...
2026-09-04T12:11:57.706Z [603411b8-26ac-421d-9a00-7e0953976582][6f7bf0a6-8323-4acd-b50e-b2715aa5dfaa] Waiting for Google Flow...
2026-09-04T12:11:57.894Z [ef9fd864-c103-4967-b9be-869b8604123e][6f7bf0a6-8323-4acd-b50e-b2715aa5dfaa] Waiting for Google Flow...
2026-09-04T12:11:58.098Z [dfc4920b-b9aa-4256-9a69-a59fb9dc12ab][6f7bf0a6-8323-4acd-b50e-b2715aa5dfaa] Exit IP: 115.74.128.9
2026-09-04T12:11:58.098Z [dfc4920b-b9aa-4256-9a69-a59fb9dc12ab][6f7bf0a6-8323-4acd-b50e-b2715aa5dfaa] Navigating browser to Google Flow tools page...
2026-09-04T12:11:58.098Z [dfc4920b-b9aa-4256-9a69-a59fb9dc12ab][6f7bf0a6-8323-4acd-b50e-b2715aa5dfaa] Using existing project URL: https://flow.google.com/project/c2a607c5-d833-4be1-8108-407b74d4ed85
2026-09-04T12:11:59.248Z [603411b8-26ac-421d-9a00-7e0953976582][6f7bf0a6-8323-4acd-b50e-b2715aa5dfaa] In existing project ✓
2026-09-04T12:11:59.263Z [bcb357d7-69de-4d05-9b8f-5781e8b9c513][6f7bf0a6-8323-4acd-b50e-b2715aa5dfaa] In existing project ✓
2026-09-04T12:11:59.294Z [dfc4920b-b9aa-4256-9a69-a59fb9dc12ab][6f7bf0a6-8323-4acd-b50e-b2715aa5dfaa] Waiting for Google Flow...
2026-09-04T12:11:59.977Z [ef9fd864-c103-4967-b9be-869b8604123e][6f7bf0a6-8323-4acd-b50e-b2715aa5dfaa] In existing project ✓
2026-09-04T12:12:00.409Z [603411b8-26ac-421d-9a00-7e0953976582][6f7bf0a6-8323-4acd-b50e-b2715aa5dfaa] dismissPopups: unresolved overlay(s) ["IFRAME[presentation]|btns="]
2026-09-04T12:12:00.459Z [bcb357d7-69de-4d05-9b8f-5781e8b9c513][6f7bf0a6-8323-4acd-b50e-b2715aa5dfaa] dismissPopups: unresolved overlay(s) ["IFRAME[presentation]|btns="]
2026-09-04T12:12:01.048Z [ef9fd864-c103-4967-b9be-869b8604123e][6f7bf0a6-8323-4acd-b50e-b2715aa5dfaa] dismissPopups: unresolved overlay(s) ["IFRAME[presentation]|btns="]
2026-09-04T12:12:01.065Z [dfc4920b-b9aa-4256-9a69-a59fb9dc12ab][6f7bf0a6-8323-4acd-b50e-b2715aa5dfaa] In existing project ✓
2026-09-04T12:12:01.975Z [dfc4920b-b9aa-4256-9a69-a59fb9dc12ab][6f7bf0a6-8323-4acd-b50e-b2715aa5dfaa] dismissPopups: unresolved overlay(s) ["IFRAME[presentation]|btns="]
2026-09-04T12:12:30.428Z [603411b8-26ac-421d-9a00-7e0953976582][6f7bf0a6-8323-4acd-b50e-b2715aa5dfaa] Composer readiness wait timed out — diagnosing...
2026-09-04T12:12:30.435Z [603411b8-26ac-421d-9a00-7e0953976582][6f7bf0a6-8323-4acd-b50e-b2715aa5dfaa] READINESS-DIAG: {"url":"https://flow.google.com/project/cd81a7d3-c989-419e-891a-f8694174cb85","vh":1280,"ceCount":1,"ce":["DIV@1217"],"btnCount":30,"btns":["arrow_back@18","more_vert@18","search@21","filter_list@18","add@18","help@18","settings_2@18","more_vert@18","@88","@88","@88","keyboard_retur@280","@88","@88","@88","keyboard_retur@280","@88","@88","keyboard_retur@280","@88","@88","@88","keyboard_retur@280","@88","@88","keyboard_retur@280","@354","@354","@354","keyboard_retur@547"]}
2026-09-04T12:12:30.482Z [bcb357d7-69de-4d05-9b8f-5781e8b9c513][6f7bf0a6-8323-4acd-b50e-b2715aa5dfaa] Composer readiness wait timed out — diagnosing...
2026-09-04T12:12:30.487Z [bcb357d7-69de-4d05-9b8f-5781e8b9c513][6f7bf0a6-8323-4acd-b50e-b2715aa5dfaa] READINESS-DIAG: {"url":"https://flow.google.com/project/cae2bf2b-d1b8-40f9-a300-9f2aa6276ea5","vh":1280,"ceCount":1,"ce":["DIV@1217"],"btnCount":30,"btns":["arrow_back@18","more_vert@18","search@21","filter_list@18","add@18","help@18","settings_2@18","more_vert@18","@88","@88","keyboard_retur@280","@88","@88","@88","keyboard_retur@280","@88","@88","@88","keyboard_retur@280","@88","@88","keyboard_retur@280","@88","@88","@88","keyboard_retur@280","@354","@354","@354","keyboard_retur@547"]}
2026-09-04T12:12:31.063Z [ef9fd864-c103-4967-b9be-869b8604123e][6f7bf0a6-8323-4acd-b50e-b2715aa5dfaa] Composer readiness wait timed out — diagnosing...
2026-09-04T12:12:31.068Z [ef9fd864-c103-4967-b9be-869b8604123e][6f7bf0a6-8323-4acd-b50e-b2715aa5dfaa] READINESS-DIAG: {"url":"https://flow.google.com/project/33ca2cc2-c9ff-4bb6-9048-2a7af1dfcfee","vh":1280,"ceCount":1,"ce":["DIV@1217"],"btnCount":30,"btns":["arrow_back@18","more_vert@18","search@21","filter_list@18","add@18","help@18","settings_2@18","more_vert@18","@88","@88","@88","@88","@88","@88","keyboard_retur@281","@88","@88","keyboard_retur@281","@88","@88","@88","keyboard_retur@281","@88","@88","@88","keyboard_retur@281","@355","@355","keyboard_retur@547","@355"]}
2026-09-04T12:12:32.003Z [dfc4920b-b9aa-4256-9a69-a59fb9dc12ab][6f7bf0a6-8323-4acd-b50e-b2715aa5dfaa] Composer readiness wait timed out — diagnosing...
2026-09-04T12:12:32.009Z [dfc4920b-b9aa-4256-9a69-a59fb9dc12ab][6f7bf0a6-8323-4acd-b50e-b2715aa5dfaa] READINESS-DIAG: {"url":"https://flow.google.com/project/c2a607c5-d833-4be1-8108-407b74d4ed85","vh":1280,"ceCount":0,"ce":[],"btnCount":0,"btns":[]}
2026-09-04T12:12:32.463Z [603411b8-26ac-421d-9a00-7e0953976582][6f7bf0a6-8323-4acd-b50e-b2715aa5dfaa] Agent toggle aria-pressed=false
2026-09-04T12:12:32.464Z [603411b8-26ac-421d-9a00-7e0953976582][6f7bf0a6-8323-4acd-b50e-b2715aa5dfaa] Already in normal mode (or Agent toggle absent) — no switch needed.
2026-09-04T12:12:32.475Z [603411b8-26ac-421d-9a00-7e0953976582][6f7bf0a6-8323-4acd-b50e-b2715aa5dfaa] dismissPopups: removed 145 overlay(s) ["DIV.header-backdrop|","DIV.pre-hover-overlay|play_circle","DIV.hover-overlay-has-progress-bar|"]
2026-09-04T12:12:32.532Z [bcb357d7-69de-4d05-9b8f-5781e8b9c513][6f7bf0a6-8323-4acd-b50e-b2715aa5dfaa] Agent toggle aria-pressed=false
2026-09-04T12:12:32.533Z [bcb357d7-69de-4d05-9b8f-5781e8b9c513][6f7bf0a6-8323-4acd-b50e-b2715aa5dfaa] Already in normal mode (or Agent toggle absent) — no switch needed.
2026-09-04T12:12:32.544Z [bcb357d7-69de-4d05-9b8f-5781e8b9c513][6f7bf0a6-8323-4acd-b50e-b2715aa5dfaa] dismissPopups: removed 142 overlay(s) ["DIV.header-backdrop|","DIV.pre-hover-overlay|","DIV.hover-overlay|"]
2026-09-04T12:12:32.886Z [603411b8-26ac-421d-9a00-7e0953976582][6f7bf0a6-8323-4acd-b50e-b2715aa5dfaa] dismissPopups: unresolved overlay(s) ["IFRAME[presentation]|btns="]
2026-09-04T12:12:32.891Z [603411b8-26ac-421d-9a00-7e0953976582][6f7bf0a6-8323-4acd-b50e-b2715aa5dfaa] Opening settings...
2026-09-04T12:12:32.891Z [603411b8-26ac-421d-9a00-7e0953976582][6f7bf0a6-8323-4acd-b50e-b2715aa5dfaa] Trying absolute XPath for settings button...
2026-09-04T12:12:32.894Z [603411b8-26ac-421d-9a00-7e0953976582][6f7bf0a6-8323-4acd-b50e-b2715aa5dfaa] Trying composer config-chip (crop_ glyph)...
2026-09-04T12:12:32.958Z [bcb357d7-69de-4d05-9b8f-5781e8b9c513][6f7bf0a6-8323-4acd-b50e-b2715aa5dfaa] dismissPopups: unresolved overlay(s) ["IFRAME[presentation]|btns="]
2026-09-04T12:12:32.964Z [bcb357d7-69de-4d05-9b8f-5781e8b9c513][6f7bf0a6-8323-4acd-b50e-b2715aa5dfaa] Opening settings...
2026-09-04T12:12:32.965Z [bcb357d7-69de-4d05-9b8f-5781e8b9c513][6f7bf0a6-8323-4acd-b50e-b2715aa5dfaa] Trying absolute XPath for settings button...
2026-09-04T12:12:32.968Z [bcb357d7-69de-4d05-9b8f-5781e8b9c513][6f7bf0a6-8323-4acd-b50e-b2715aa5dfaa] Trying composer config-chip (crop_ glyph)...
2026-09-04T12:12:33.096Z [ef9fd864-c103-4967-b9be-869b8604123e][6f7bf0a6-8323-4acd-b50e-b2715aa5dfaa] Agent toggle aria-pressed=false
2026-09-04T12:12:33.096Z [ef9fd864-c103-4967-b9be-869b8604123e][6f7bf0a6-8323-4acd-b50e-b2715aa5dfaa] Already in normal mode (or Agent toggle absent) — no switch needed.
2026-09-04T12:12:33.108Z [ef9fd864-c103-4967-b9be-869b8604123e][6f7bf0a6-8323-4acd-b50e-b2715aa5dfaa] dismissPopups: removed 145 overlay(s) ["DIV.header-backdrop|","DIV.pre-hover-overlay|play_circle","DIV.hover-overlay-has-progress-bar|"]
2026-09-04T12:12:33.518Z [ef9fd864-c103-4967-b9be-869b8604123e][6f7bf0a6-8323-4acd-b50e-b2715aa5dfaa] dismissPopups: unresolved overlay(s) ["IFRAME[presentation]|btns="]
2026-09-04T12:12:33.524Z [ef9fd864-c103-4967-b9be-869b8604123e][6f7bf0a6-8323-4acd-b50e-b2715aa5dfaa] Opening settings...
2026-09-04T12:12:33.525Z [ef9fd864-c103-4967-b9be-869b8604123e][6f7bf0a6-8323-4acd-b50e-b2715aa5dfaa] Trying absolute XPath for settings button...
2026-09-04T12:12:33.527Z [ef9fd864-c103-4967-b9be-869b8604123e][6f7bf0a6-8323-4acd-b50e-b2715aa5dfaa] Trying composer config-chip (crop_ glyph)...
2026-09-04T12:12:34.017Z [dfc4920b-b9aa-4256-9a69-a59fb9dc12ab][6f7bf0a6-8323-4acd-b50e-b2715aa5dfaa] Agent toggle aria-pressed=null
2026-09-04T12:12:34.018Z [dfc4920b-b9aa-4256-9a69-a59fb9dc12ab][6f7bf0a6-8323-4acd-b50e-b2715aa5dfaa] Already in normal mode (or Agent toggle absent) — no switch needed.
2026-09-04T12:12:34.021Z [dfc4920b-b9aa-4256-9a69-a59fb9dc12ab][6f7bf0a6-8323-4acd-b50e-b2715aa5dfaa] dismissPopups: unresolved overlay(s) ["IFRAME[presentation]|btns="]
2026-09-04T12:12:34.034Z [dfc4920b-b9aa-4256-9a69-a59fb9dc12ab][6f7bf0a6-8323-4acd-b50e-b2715aa5dfaa] Opening settings...
2026-09-04T12:12:34.035Z [dfc4920b-b9aa-4256-9a69-a59fb9dc12ab][6f7bf0a6-8323-4acd-b50e-b2715aa5dfaa] Trying absolute XPath for settings button...
2026-09-04T12:12:34.038Z [dfc4920b-b9aa-4256-9a69-a59fb9dc12ab][6f7bf0a6-8323-4acd-b50e-b2715aa5dfaa] Trying composer config-chip (crop_ glyph)...
2026-09-04T12:12:37.774Z [603411b8-26ac-421d-9a00-7e0953976582][6f7bf0a6-8323-4acd-b50e-b2715aa5dfaa] Trying robust fallbacks for settings button...
2026-09-04T12:12:37.848Z [bcb357d7-69de-4d05-9b8f-5781e8b9c513][6f7bf0a6-8323-4acd-b50e-b2715aa5dfaa] Trying robust fallbacks for settings button...
2026-09-04T12:12:37.852Z [603411b8-26ac-421d-9a00-7e0953976582][6f7bf0a6-8323-4acd-b50e-b2715aa5dfaa] Found settings button using robust selector: "button[aria-label*="Cài đặt" i]"
2026-09-04T12:12:37.933Z [bcb357d7-69de-4d05-9b8f-5781e8b9c513][6f7bf0a6-8323-4acd-b50e-b2715aa5dfaa] Found settings button using robust selector: "button[aria-label*="Cài đặt" i]"
2026-09-04T12:12:38.384Z [ef9fd864-c103-4967-b9be-869b8604123e][6f7bf0a6-8323-4acd-b50e-b2715aa5dfaa] Trying robust fallbacks for settings button...
2026-09-04T12:12:38.492Z [ef9fd864-c103-4967-b9be-869b8604123e][6f7bf0a6-8323-4acd-b50e-b2715aa5dfaa] Found settings button using robust selector: "button[aria-label*="Cài đặt" i]"
2026-09-04T12:12:38.839Z [603411b8-26ac-421d-9a00-7e0953976582][6f7bf0a6-8323-4acd-b50e-b2715aa5dfaa] Configuring video settings...
2026-09-04T12:12:38.839Z [bcb357d7-69de-4d05-9b8f-5781e8b9c513][6f7bf0a6-8323-4acd-b50e-b2715aa5dfaa] Configuring video settings...
2026-09-04T12:12:38.840Z [603411b8-26ac-421d-9a00-7e0953976582][6f7bf0a6-8323-4acd-b50e-b2715aa5dfaa] Locating Video tab button...
2026-09-04T12:12:38.840Z [bcb357d7-69de-4d05-9b8f-5781e8b9c513][6f7bf0a6-8323-4acd-b50e-b2715aa5dfaa] Locating Video tab button...
2026-09-04T12:12:38.840Z [603411b8-26ac-421d-9a00-7e0953976582][6f7bf0a6-8323-4acd-b50e-b2715aa5dfaa] Trying absolute XPath for Video tab: /html/body/div[3]/div/div[1]/div/button[2]
2026-09-04T12:12:38.840Z [bcb357d7-69de-4d05-9b8f-5781e8b9c513][6f7bf0a6-8323-4acd-b50e-b2715aa5dfaa] Trying absolute XPath for Video tab: /html/body/div[3]/div/div[1]/div/button[2]
2026-09-04T12:12:38.841Z [603411b8-26ac-421d-9a00-7e0953976582][6f7bf0a6-8323-4acd-b50e-b2715aa5dfaa] xClick: waiting visible xpath=/html/body/div[3]/div/div[1]/div/button[2]
2026-09-04T12:12:38.841Z [bcb357d7-69de-4d05-9b8f-5781e8b9c513][6f7bf0a6-8323-4acd-b50e-b2715aa5dfaa] xClick: waiting visible xpath=/html/body/div[3]/div/div[1]/div/button[2]
2026-09-04T12:12:39.006Z [dfc4920b-b9aa-4256-9a69-a59fb9dc12ab][6f7bf0a6-8323-4acd-b50e-b2715aa5dfaa] Trying robust fallbacks for settings button...
2026-09-04T12:12:39.100Z [dfc4920b-b9aa-4256-9a69-a59fb9dc12ab][6f7bf0a6-8323-4acd-b50e-b2715aa5dfaa] Found settings button using robust selector: "button[aria-label*="Cài đặt" i]"
2026-09-04T12:12:39.489Z [ef9fd864-c103-4967-b9be-869b8604123e][6f7bf0a6-8323-4acd-b50e-b2715aa5dfaa] Configuring video settings...
2026-09-04T12:12:39.489Z [ef9fd864-c103-4967-b9be-869b8604123e][6f7bf0a6-8323-4acd-b50e-b2715aa5dfaa] Locating Video tab button...
2026-09-04T12:12:39.490Z [ef9fd864-c103-4967-b9be-869b8604123e][6f7bf0a6-8323-4acd-b50e-b2715aa5dfaa] Trying absolute XPath for Video tab: /html/body/div[3]/div/div[1]/div/button[2]
2026-09-04T12:12:39.490Z [ef9fd864-c103-4967-b9be-869b8604123e][6f7bf0a6-8323-4acd-b50e-b2715aa5dfaa] xClick: waiting visible xpath=/html/body/div[3]/div/div[1]/div/button[2]
2026-09-04T12:12:39.960Z [dfc4920b-b9aa-4256-9a69-a59fb9dc12ab][6f7bf0a6-8323-4acd-b50e-b2715aa5dfaa] Configuring video settings...
2026-09-04T12:12:39.960Z [dfc4920b-b9aa-4256-9a69-a59fb9dc12ab][6f7bf0a6-8323-4acd-b50e-b2715aa5dfaa] Locating Video tab button...
2026-09-04T12:12:39.961Z [dfc4920b-b9aa-4256-9a69-a59fb9dc12ab][6f7bf0a6-8323-4acd-b50e-b2715aa5dfaa] Trying absolute XPath for Video tab: /html/body/div[3]/div/div[1]/div/button[2]
2026-09-04T12:12:39.961Z [dfc4920b-b9aa-4256-9a69-a59fb9dc12ab][6f7bf0a6-8323-4acd-b50e-b2715aa5dfaa] xClick: waiting visible xpath=/html/body/div[3]/div/div[1]/div/button[2]
2026-09-04T12:12:41.848Z [603411b8-26ac-421d-9a00-7e0953976582][6f7bf0a6-8323-4acd-b50e-b2715aa5dfaa] Absolute XPath for Video tab failed: page.waitForSelector: Timeout 3000ms exceeded.
Call log:
[2m  - waiting for locator('xpath=/html/body/div[3]/div/div[1]/div/button[2]') to be visible[22m
. Trying robust fallbacks...
2026-09-04T12:12:41.848Z [bcb357d7-69de-4d05-9b8f-5781e8b9c513][6f7bf0a6-8323-4acd-b50e-b2715aa5dfaa] Absolute XPath for Video tab failed: page.waitForSelector: Timeout 3000ms exceeded.
Call log:
[2m  - waiting for locator('xpath=/html/body/div[3]/div/div[1]/div/button[2]') to be visible[22m
. Trying robust fallbacks...
2026-09-04T12:12:42.482Z [bcb357d7-69de-4d05-9b8f-5781e8b9c513][6f7bf0a6-8323-4acd-b50e-b2715aa5dfaa] Selecting Video Mode: Frames
2026-09-04T12:12:42.493Z [ef9fd864-c103-4967-b9be-869b8604123e][6f7bf0a6-8323-4acd-b50e-b2715aa5dfaa] Absolute XPath for Video tab failed: page.waitForSelector: Timeout 3000ms exceeded.
Call log:
[2m  - waiting for locator('xpath=/html/body/div[3]/div/div[1]/div/button[2]') to be visible[22m
. Trying robust fallbacks...
2026-09-04T12:12:42.788Z [603411b8-26ac-421d-9a00-7e0953976582][6f7bf0a6-8323-4acd-b50e-b2715aa5dfaa] Selecting Video Mode: Frames
2026-09-04T12:12:42.965Z [dfc4920b-b9aa-4256-9a69-a59fb9dc12ab][6f7bf0a6-8323-4acd-b50e-b2715aa5dfaa] Absolute XPath for Video tab failed: page.waitForSelector: Timeout 3000ms exceeded.
Call log:
[2m  - waiting for locator('xpath=/html/body/div[3]/div/div[1]/div/button[2]') to be visible[22m
. Trying robust fallbacks...
2026-09-04T12:12:43.375Z [ef9fd864-c103-4967-b9be-869b8604123e][6f7bf0a6-8323-4acd-b50e-b2715aa5dfaa] Selecting Video Mode: Frames
2026-09-04T12:12:43.670Z [dfc4920b-b9aa-4256-9a69-a59fb9dc12ab][6f7bf0a6-8323-4acd-b50e-b2715aa5dfaa] Selecting Video Mode: Frames
2026-09-04T12:12:50.497Z [bcb357d7-69de-4d05-9b8f-5781e8b9c513][6f7bf0a6-8323-4acd-b50e-b2715aa5dfaa] DIAG settings-dialog controls: []
2026-09-04T12:12:50.498Z [bcb357d7-69de-4d05-9b8f-5781e8b9c513][6f7bf0a6-8323-4acd-b50e-b2715aa5dfaa] Frames tab not visible within 8s — attempting force-click anyway
2026-09-04T12:12:50.806Z [603411b8-26ac-421d-9a00-7e0953976582][6f7bf0a6-8323-4acd-b50e-b2715aa5dfaa] DIAG settings-dialog controls: []
2026-09-04T12:12:50.807Z [603411b8-26ac-421d-9a00-7e0953976582][6f7bf0a6-8323-4acd-b50e-b2715aa5dfaa] Frames tab not visible within 8s — attempting force-click anyway
2026-09-04T12:12:51.380Z [ef9fd864-c103-4967-b9be-869b8604123e][6f7bf0a6-8323-4acd-b50e-b2715aa5dfaa] DIAG settings-dialog controls: []
2026-09-04T12:12:51.380Z [ef9fd864-c103-4967-b9be-869b8604123e][6f7bf0a6-8323-4acd-b50e-b2715aa5dfaa] Frames tab not visible within 8s — attempting force-click anyway
2026-09-04T12:12:51.673Z [dfc4920b-b9aa-4256-9a69-a59fb9dc12ab][6f7bf0a6-8323-4acd-b50e-b2715aa5dfaa] DIAG settings-dialog controls: []
2026-09-04T12:12:51.673Z [dfc4920b-b9aa-4256-9a69-a59fb9dc12ab][6f7bf0a6-8323-4acd-b50e-b2715aa5dfaa] Frames tab not visible within 8s — attempting force-click anyway
2026-09-04T12:12:55.512Z [bcb357d7-69de-4d05-9b8f-5781e8b9c513][6f7bf0a6-8323-4acd-b50e-b2715aa5dfaa] Frames tab click failed (locator.click: Timeout 5000ms exceeded.
Call log:
[2m  - waiting for locator('button:has-text("Khung hình"), [role="tab"]:has-text("Khung hình"), button:has-text("Frames"), [role="tab"]:has-text("Frames")').first()[22m
) — continuing
2026-09-04T12:12:55.810Z [603411b8-26ac-421d-9a00-7e0953976582][6f7bf0a6-8323-4acd-b50e-b2715aa5dfaa] Frames tab click failed (locator.click: Timeout 5000ms exceeded.
Call log:
[2m  - waiting for locator('button:has-text("Khung hình"), [role="tab"]:has-text("Khung hình"), button:has-text("Frames"), [role="tab"]:has-text("Frames")').first()[22m
) — continuing
2026-09-04T12:12:56.020Z [bcb357d7-69de-4d05-9b8f-5781e8b9c513][6f7bf0a6-8323-4acd-b50e-b2715aa5dfaa] Selecting aspect ratio: 16:9
2026-09-04T12:12:56.024Z [bcb357d7-69de-4d05-9b8f-5781e8b9c513][6f7bf0a6-8323-4acd-b50e-b2715aa5dfaa] Aspect ratio "16:9" not found in dialog. Trying page-wide.
2026-09-04T12:12:56.380Z [ef9fd864-c103-4967-b9be-869b8604123e][6f7bf0a6-8323-4acd-b50e-b2715aa5dfaa] Frames tab click failed (locator.click: Timeout 5000ms exceeded.
Call log:
[2m  - waiting for locator('button:has-text("Khung hình"), [role="tab"]:has-text("Khung hình"), button:has-text("Frames"), [role="tab"]:has-text("Frames")').first()[22m
) — continuing
2026-09-04T12:12:56.440Z [603411b8-26ac-421d-9a00-7e0953976582][6f7bf0a6-8323-4acd-b50e-b2715aa5dfaa] Selecting aspect ratio: 16:9
2026-09-04T12:12:56.444Z [603411b8-26ac-421d-9a00-7e0953976582][6f7bf0a6-8323-4acd-b50e-b2715aa5dfaa] Aspect ratio "16:9" not found in dialog. Trying page-wide.
2026-09-04T12:12:56.680Z [dfc4920b-b9aa-4256-9a69-a59fb9dc12ab][6f7bf0a6-8323-4acd-b50e-b2715aa5dfaa] Frames tab click failed (locator.click: Timeout 5000ms exceeded.
Call log:
[2m  - waiting for locator('button:has-text("Khung hình"), [role="tab"]:has-text("Khung hình"), button:has-text("Frames"), [role="tab"]:has-text("Frames")').first()[22m
) — continuing
2026-09-04T12:12:57.089Z [ef9fd864-c103-4967-b9be-869b8604123e][6f7bf0a6-8323-4acd-b50e-b2715aa5dfaa] Selecting aspect ratio: 16:9
2026-09-04T12:12:57.093Z [ef9fd864-c103-4967-b9be-869b8604123e][6f7bf0a6-8323-4acd-b50e-b2715aa5dfaa] Aspect ratio "16:9" not found in dialog. Trying page-wide.
2026-09-04T12:12:57.360Z [dfc4920b-b9aa-4256-9a69-a59fb9dc12ab][6f7bf0a6-8323-4acd-b50e-b2715aa5dfaa] Selecting aspect ratio: 16:9
2026-09-04T12:12:57.367Z [dfc4920b-b9aa-4256-9a69-a59fb9dc12ab][6f7bf0a6-8323-4acd-b50e-b2715aa5dfaa] Aspect ratio "16:9" not found in dialog. Trying page-wide.
2026-09-04T12:13:00.563Z [bcb357d7-69de-4d05-9b8f-5781e8b9c513][6f7bf0a6-8323-4acd-b50e-b2715aa5dfaa] Selecting number of videos: x2
2026-09-04T12:13:00.609Z [bcb357d7-69de-4d05-9b8f-5781e8b9c513][6f7bf0a6-8323-4acd-b50e-b2715aa5dfaa] Clicked video count (page/substring) variant "x2".
2026-09-04T12:13:00.789Z [603411b8-26ac-421d-9a00-7e0953976582][6f7bf0a6-8323-4acd-b50e-b2715aa5dfaa] Selecting number of videos: x2
2026-09-04T12:13:00.842Z [603411b8-26ac-421d-9a00-7e0953976582][6f7bf0a6-8323-4acd-b50e-b2715aa5dfaa] Clicked video count (page/substring) variant "x2".
2026-09-04T12:13:01.559Z [ef9fd864-c103-4967-b9be-869b8604123e][6f7bf0a6-8323-4acd-b50e-b2715aa5dfaa] Selecting number of videos: x2
2026-09-04T12:13:01.624Z [ef9fd864-c103-4967-b9be-869b8604123e][6f7bf0a6-8323-4acd-b50e-b2715aa5dfaa] Clicked video count (page/substring) variant "x2".
2026-09-04T12:13:01.770Z [dfc4920b-b9aa-4256-9a69-a59fb9dc12ab][6f7bf0a6-8323-4acd-b50e-b2715aa5dfaa] Selecting number of videos: x2
2026-09-04T12:13:01.861Z [dfc4920b-b9aa-4256-9a69-a59fb9dc12ab][6f7bf0a6-8323-4acd-b50e-b2715aa5dfaa] Clicked video count (page/substring) variant "x2".
2026-09-04T12:13:02.540Z [bcb357d7-69de-4d05-9b8f-5781e8b9c513][6f7bf0a6-8323-4acd-b50e-b2715aa5dfaa] Selecting duration: 8s
2026-09-04T12:13:02.611Z [bcb357d7-69de-4d05-9b8f-5781e8b9c513][6f7bf0a6-8323-4acd-b50e-b2715aa5dfaa] Clicked duration (page/exact) variant "8 giây".
2026-09-04T12:13:03.061Z [bcb357d7-69de-4d05-9b8f-5781e8b9c513][6f7bf0a6-8323-4acd-b50e-b2715aa5dfaa] Configuring model dropdown for suffix: "Lite [Lower Priority]" (regex /Lite\s+\[Lower\s+Priority\]\s*$/i)
2026-09-04T12:13:03.061Z [bcb357d7-69de-4d05-9b8f-5781e8b9c513][6f7bf0a6-8323-4acd-b50e-b2715aa5dfaa] Trying absolute XPath for model dropdown: /html/body/div[3]/div/button
2026-09-04T12:13:03.079Z [603411b8-26ac-421d-9a00-7e0953976582][6f7bf0a6-8323-4acd-b50e-b2715aa5dfaa] Selecting duration: 8s
2026-09-04T12:13:03.141Z [603411b8-26ac-421d-9a00-7e0953976582][6f7bf0a6-8323-4acd-b50e-b2715aa5dfaa] Clicked duration (page/exact) variant "8 giây".
2026-09-04T12:13:03.459Z [603411b8-26ac-421d-9a00-7e0953976582][6f7bf0a6-8323-4acd-b50e-b2715aa5dfaa] Configuring model dropdown for suffix: "Lite [Lower Priority]" (regex /Lite\s+\[Lower\s+Priority\]\s*$/i)
2026-09-04T12:13:03.460Z [603411b8-26ac-421d-9a00-7e0953976582][6f7bf0a6-8323-4acd-b50e-b2715aa5dfaa] Trying absolute XPath for model dropdown: /html/body/div[3]/div/button
2026-09-04T12:13:03.527Z [dfc4920b-b9aa-4256-9a69-a59fb9dc12ab][6f7bf0a6-8323-4acd-b50e-b2715aa5dfaa] Selecting duration: 8s
2026-09-04T12:13:03.593Z [dfc4920b-b9aa-4256-9a69-a59fb9dc12ab][6f7bf0a6-8323-4acd-b50e-b2715aa5dfaa] Clicked duration (page/exact) variant "8 giây".
2026-09-04T12:13:03.719Z [ef9fd864-c103-4967-b9be-869b8604123e][6f7bf0a6-8323-4acd-b50e-b2715aa5dfaa] Selecting duration: 8s
2026-09-04T12:13:03.792Z [ef9fd864-c103-4967-b9be-869b8604123e][6f7bf0a6-8323-4acd-b50e-b2715aa5dfaa] Clicked duration (page/exact) variant "8 giây".
2026-09-04T12:13:04.135Z [dfc4920b-b9aa-4256-9a69-a59fb9dc12ab][6f7bf0a6-8323-4acd-b50e-b2715aa5dfaa] Configuring model dropdown for suffix: "Lite [Lower Priority]" (regex /Lite\s+\[Lower\s+Priority\]\s*$/i)
2026-09-04T12:13:04.135Z [dfc4920b-b9aa-4256-9a69-a59fb9dc12ab][6f7bf0a6-8323-4acd-b50e-b2715aa5dfaa] Trying absolute XPath for model dropdown: /html/body/div[3]/div/button
2026-09-04T12:13:04.264Z [ef9fd864-c103-4967-b9be-869b8604123e][6f7bf0a6-8323-4acd-b50e-b2715aa5dfaa] Configuring model dropdown for suffix: "Lite [Lower Priority]" (regex /Lite\s+\[Lower\s+Priority\]\s*$/i)
2026-09-04T12:13:04.264Z [ef9fd864-c103-4967-b9be-869b8604123e][6f7bf0a6-8323-4acd-b50e-b2715aa5dfaa] Trying absolute XPath for model dropdown: /html/body/div[3]/div/button
2026-09-04T12:13:06.072Z [bcb357d7-69de-4d05-9b8f-5781e8b9c513][6f7bf0a6-8323-4acd-b50e-b2715aa5dfaa] Trying robust fallback inside dialog for model dropdown...
2026-09-04T12:13:06.082Z [bcb357d7-69de-4d05-9b8f-5781e8b9c513][6f7bf0a6-8323-4acd-b50e-b2715aa5dfaa] Video options applied ✓
2026-09-04T12:13:06.082Z [bcb357d7-69de-4d05-9b8f-5781e8b9c513][6f7bf0a6-8323-4acd-b50e-b2715aa5dfaa] Closing settings dialog...
2026-09-04T12:13:06.085Z [bcb357d7-69de-4d05-9b8f-5781e8b9c513][6f7bf0a6-8323-4acd-b50e-b2715aa5dfaa] Close settings absolute XPath failed: Not visible. Trying fallbacks...
2026-09-04T12:13:06.143Z [bcb357d7-69de-4d05-9b8f-5781e8b9c513][6f7bf0a6-8323-4acd-b50e-b2715aa5dfaa] Toggling settings button to close: "button[aria-label*="Cài đặt" i]"
2026-09-04T12:13:06.223Z [bcb357d7-69de-4d05-9b8f-5781e8b9c513][6f7bf0a6-8323-4acd-b50e-b2715aa5dfaa] Start keyframe: downloading from URL...
2026-09-04T12:13:06.224Z [bcb357d7-69de-4d05-9b8f-5781e8b9c513][6f7bf0a6-8323-4acd-b50e-b2715aa5dfaa] Start keyframe: downloading https://studio.xanhmedia.vn/uploads/2026-09/1788435785424_ba81c1_60f7c834-1526-409d-b017-21db20795e19_ec3.png
2026-09-04T12:13:06.389Z [bcb357d7-69de-4d05-9b8f-5781e8b9c513][6f7bf0a6-8323-4acd-b50e-b2715aa5dfaa] Downloader: no-proxy request context ready.
2026-09-04T12:13:06.477Z [603411b8-26ac-421d-9a00-7e0953976582][6f7bf0a6-8323-4acd-b50e-b2715aa5dfaa] Trying robust fallback inside dialog for model dropdown...
2026-09-04T12:13:06.487Z [603411b8-26ac-421d-9a00-7e0953976582][6f7bf0a6-8323-4acd-b50e-b2715aa5dfaa] Video options applied ✓
2026-09-04T12:13:06.487Z [603411b8-26ac-421d-9a00-7e0953976582][6f7bf0a6-8323-4acd-b50e-b2715aa5dfaa] Closing settings dialog...
2026-09-04T12:13:06.489Z [603411b8-26ac-421d-9a00-7e0953976582][6f7bf0a6-8323-4acd-b50e-b2715aa5dfaa] Close settings absolute XPath failed: Not visible. Trying fallbacks...
2026-09-04T12:13:06.570Z [603411b8-26ac-421d-9a00-7e0953976582][6f7bf0a6-8323-4acd-b50e-b2715aa5dfaa] Toggling settings button to close: "button[aria-label*="Cài đặt" i]"
2026-09-04T12:13:06.615Z [bcb357d7-69de-4d05-9b8f-5781e8b9c513][6f7bf0a6-8323-4acd-b50e-b2715aa5dfaa] Start keyframe: saved 160553 bytes (image/png) as "1788435785424_ba81c1_60f7c834-1526-409d-b017-21db20795e19_ec3.png" → C:\Users\Admin\AppData\Roaming\com.tank.winai\winai_dl_R0gbxn\1788435785424_ba81c1_60f7c834-1526-409d-b017-21db20795e19_ec3.png
2026-09-04T12:13:06.615Z [bcb357d7-69de-4d05-9b8f-5781e8b9c513][6f7bf0a6-8323-4acd-b50e-b2715aa5dfaa] Start keyframe: opening From-image panel...
2026-09-04T12:13:06.615Z [bcb357d7-69de-4d05-9b8f-5781e8b9c513][6f7bf0a6-8323-4acd-b50e-b2715aa5dfaa] Start keyframe step1: click /html/body/div[1]/div[1]/div[5]/div/div/div/div/div[1]/div[1]
2026-09-04T12:13:06.615Z [bcb357d7-69de-4d05-9b8f-5781e8b9c513][6f7bf0a6-8323-4acd-b50e-b2715aa5dfaa] xClick: waiting visible xpath=/html/body/div[1]/div[1]/div[5]/div/div/div/div/div[1]/div[1]
2026-09-04T12:13:06.650Z [603411b8-26ac-421d-9a00-7e0953976582][6f7bf0a6-8323-4acd-b50e-b2715aa5dfaa] Start keyframe: downloading from URL...
2026-09-04T12:13:06.650Z [603411b8-26ac-421d-9a00-7e0953976582][6f7bf0a6-8323-4acd-b50e-b2715aa5dfaa] Start keyframe: downloading https://studio.xanhmedia.vn/uploads/2026-09/1788436022482_ecc242_winai_2026-09-03T11-45-15_01.png
2026-09-04T12:13:06.814Z [603411b8-26ac-421d-9a00-7e0953976582][6f7bf0a6-8323-4acd-b50e-b2715aa5dfaa] Downloader: no-proxy request context ready.
2026-09-04T12:13:07.093Z [603411b8-26ac-421d-9a00-7e0953976582][6f7bf0a6-8323-4acd-b50e-b2715aa5dfaa] Start keyframe: saved 160990 bytes (image/png) as "1788436022482_ecc242_winai_2026-09-03T11-45-15_01.png" → C:\Users\Admin\AppData\Roaming\com.tank.winai\winai_dl_LvDd7V\1788436022482_ecc242_winai_2026-09-03T11-45-15_01.png
2026-09-04T12:13:07.093Z [603411b8-26ac-421d-9a00-7e0953976582][6f7bf0a6-8323-4acd-b50e-b2715aa5dfaa] Start keyframe: opening From-image panel...
2026-09-04T12:13:07.093Z [603411b8-26ac-421d-9a00-7e0953976582][6f7bf0a6-8323-4acd-b50e-b2715aa5dfaa] Start keyframe step1: click /html/body/div[1]/div[1]/div[5]/div/div/div/div/div[1]/div[1]
2026-09-04T12:13:07.093Z [603411b8-26ac-421d-9a00-7e0953976582][6f7bf0a6-8323-4acd-b50e-b2715aa5dfaa] xClick: waiting visible xpath=/html/body/div[1]/div[1]/div[5]/div/div/div/div/div[1]/div[1]
2026-09-04T12:13:07.147Z [dfc4920b-b9aa-4256-9a69-a59fb9dc12ab][6f7bf0a6-8323-4acd-b50e-b2715aa5dfaa] Trying robust fallback inside dialog for model dropdown...
2026-09-04T12:13:07.171Z [dfc4920b-b9aa-4256-9a69-a59fb9dc12ab][6f7bf0a6-8323-4acd-b50e-b2715aa5dfaa] Video options applied ✓
2026-09-04T12:13:07.172Z [dfc4920b-b9aa-4256-9a69-a59fb9dc12ab][6f7bf0a6-8323-4acd-b50e-b2715aa5dfaa] Closing settings dialog...
2026-09-04T12:13:07.174Z [dfc4920b-b9aa-4256-9a69-a59fb9dc12ab][6f7bf0a6-8323-4acd-b50e-b2715aa5dfaa] Close settings absolute XPath failed: Not visible. Trying fallbacks...
2026-09-04T12:13:07.245Z [dfc4920b-b9aa-4256-9a69-a59fb9dc12ab][6f7bf0a6-8323-4acd-b50e-b2715aa5dfaa] Toggling settings button to close: "button[aria-label*="Cài đặt" i]"
2026-09-04T12:13:07.269Z [ef9fd864-c103-4967-b9be-869b8604123e][6f7bf0a6-8323-4acd-b50e-b2715aa5dfaa] Trying robust fallback inside dialog for model dropdown...
2026-09-04T12:13:07.277Z [ef9fd864-c103-4967-b9be-869b8604123e][6f7bf0a6-8323-4acd-b50e-b2715aa5dfaa] Video options applied ✓
2026-09-04T12:13:07.277Z [ef9fd864-c103-4967-b9be-869b8604123e][6f7bf0a6-8323-4acd-b50e-b2715aa5dfaa] Closing settings dialog...
2026-09-04T12:13:07.279Z [ef9fd864-c103-4967-b9be-869b8604123e][6f7bf0a6-8323-4acd-b50e-b2715aa5dfaa] Close settings absolute XPath failed: Not visible. Trying fallbacks...
2026-09-04T12:13:07.341Z [ef9fd864-c103-4967-b9be-869b8604123e][6f7bf0a6-8323-4acd-b50e-b2715aa5dfaa] Toggling settings button to close: "button[aria-label*="Cài đặt" i]"
2026-09-04T12:13:07.343Z [dfc4920b-b9aa-4256-9a69-a59fb9dc12ab][6f7bf0a6-8323-4acd-b50e-b2715aa5dfaa] Start keyframe: downloading from URL...
2026-09-04T12:13:07.344Z [dfc4920b-b9aa-4256-9a69-a59fb9dc12ab][6f7bf0a6-8323-4acd-b50e-b2715aa5dfaa] Start keyframe: downloading https://studio.xanhmedia.vn/uploads/2026-09/1788439615009_40c2da_60f7c834-1526-409d-b017-21db20795e19_0f7.png
2026-09-04T12:13:07.443Z [ef9fd864-c103-4967-b9be-869b8604123e][6f7bf0a6-8323-4acd-b50e-b2715aa5dfaa] Start keyframe: downloading from URL...
2026-09-04T12:13:07.444Z [ef9fd864-c103-4967-b9be-869b8604123e][6f7bf0a6-8323-4acd-b50e-b2715aa5dfaa] Start keyframe: downloading https://studio.xanhmedia.vn/uploads/2026-09/1788435790693_1eabb5_60f7c834-1526-409d-b017-21db20795e19_923.png
2026-09-04T12:13:07.544Z [dfc4920b-b9aa-4256-9a69-a59fb9dc12ab][6f7bf0a6-8323-4acd-b50e-b2715aa5dfaa] Downloader: no-proxy request context ready.
2026-09-04T12:13:07.631Z [ef9fd864-c103-4967-b9be-869b8604123e][6f7bf0a6-8323-4acd-b50e-b2715aa5dfaa] Downloader: no-proxy request context ready.
2026-09-04T12:13:07.799Z [dfc4920b-b9aa-4256-9a69-a59fb9dc12ab][6f7bf0a6-8323-4acd-b50e-b2715aa5dfaa] Start keyframe: saved 138484 bytes (image/png) as "1788439615009_40c2da_60f7c834-1526-409d-b017-21db20795e19_0f7.png" → C:\Users\Admin\AppData\Roaming\com.tank.winai\winai_dl_85Pq9a\1788439615009_40c2da_60f7c834-1526-409d-b017-21db20795e19_0f7.png
2026-09-04T12:13:07.799Z [dfc4920b-b9aa-4256-9a69-a59fb9dc12ab][6f7bf0a6-8323-4acd-b50e-b2715aa5dfaa] Start keyframe: opening From-image panel...
2026-09-04T12:13:07.800Z [dfc4920b-b9aa-4256-9a69-a59fb9dc12ab][6f7bf0a6-8323-4acd-b50e-b2715aa5dfaa] Start keyframe step1: click /html/body/div[1]/div[1]/div[5]/div/div/div/div/div[1]/div[1]
2026-09-04T12:13:07.800Z [dfc4920b-b9aa-4256-9a69-a59fb9dc12ab][6f7bf0a6-8323-4acd-b50e-b2715aa5dfaa] xClick: waiting visible xpath=/html/body/div[1]/div[1]/div[5]/div/div/div/div/div[1]/div[1]
2026-09-04T12:13:07.865Z [ef9fd864-c103-4967-b9be-869b8604123e][6f7bf0a6-8323-4acd-b50e-b2715aa5dfaa] Start keyframe: saved 92367 bytes (image/png) as "1788435790693_1eabb5_60f7c834-1526-409d-b017-21db20795e19_923.png" → C:\Users\Admin\AppData\Roaming\com.tank.winai\winai_dl_88fHce\1788435790693_1eabb5_60f7c834-1526-409d-b017-21db20795e19_923.png
2026-09-04T12:13:07.865Z [ef9fd864-c103-4967-b9be-869b8604123e][6f7bf0a6-8323-4acd-b50e-b2715aa5dfaa] Start keyframe: opening From-image panel...
2026-09-04T12:13:07.865Z [ef9fd864-c103-4967-b9be-869b8604123e][6f7bf0a6-8323-4acd-b50e-b2715aa5dfaa] Start keyframe step1: click /html/body/div[1]/div[1]/div[5]/div/div/div/div/div[1]/div[1]
2026-09-04T12:13:07.865Z [ef9fd864-c103-4967-b9be-869b8604123e][6f7bf0a6-8323-4acd-b50e-b2715aa5dfaa] xClick: waiting visible xpath=/html/body/div[1]/div[1]/div[5]/div/div/div/div/div[1]/div[1]
2026-09-04T12:13:10.629Z [bcb357d7-69de-4d05-9b8f-5781e8b9c513][6f7bf0a6-8323-4acd-b50e-b2715aa5dfaa] Start keyframe step1: primary open FAILED: page.waitForSelector: Timeout 4000ms exceeded.
Call log:
[2m  - waiting for locator('xpath=/html/body/div[1]/div[1]/div[5]/div/div/div/div/div[1]/div[1]') to be visible[22m

2026-09-04T12:13:10.640Z [bcb357d7-69de-4d05-9b8f-5781e8b9c513][6f7bf0a6-8323-4acd-b50e-b2715aa5dfaa] Start keyframe DIAG composer(panel-not-open): {"rootFound":false,"win":"2560x1280","dpr":1.5,"count":40,"els":[{"tag":"BUTTON","al":"Sử dụng lại câu lệnh","txt":"keyboard_return","icon":"","box":"648,813 34x34"},{"tag":"BUTTON","al":"Sử dụng lại câu lệnh","txt":"keyboard_return","icon":"","box":"1109,813 34x34"},{"tag":"BUTTON","al":"Sử dụng lại câu lệnh","txt":"keyboard_return","icon":"","box":"1575,813 34x34"},{"tag":"BUTTON","al":"Sử dụng lại câu lệnh","txt":"keyboard_return","icon":"","box":"2036,813 34x34"},{"tag":"BUTTON","al":"Sử dụng lại câu lệnh","txt":"keyboard_return","icon":"","box":"2498,813 34x34"},{"tag":"BUTTON","al":"Sử dụng lại câu lệnh","txt":"keyboard_return","icon":"","box":"650,1080 34x34"},{"tag":"BUTTON","al":"Sử dụng lại câu lệnh","txt":"keyboard_return","icon":"","box":"1111,1080 34x34"},{"tag":"BUTTON","al":"Sử dụng lại câu lệnh","txt":"keyboard_return","icon":"","box":"1572,1080 34x34"},{"tag":"BUTTON","al":"Sử dụng lại câu lệnh","txt":"keyboard_return","icon":"","box":"2037,1080 34x34"},{"tag":"BUTTON","al":"Sử dụng lại câu lệnh","txt":"keyboard_return","icon":"","box":"2498,1080 34x34"},{"tag":"BUTTON","al":"Sử dụng lại câu lệnh","txt":"keyboard_return","icon":"","box":"648,1346 34x34"},{"tag":"BUTTON","al":"Sử dụng lại câu lệnh","txt":"keyboard_return","icon":"","box":"1109,1346 34x34"},{"tag":"BUTTON","al":"Sử dụng lại câu lệnh","txt":"keyboard_return","icon":"","box":"1571,1346 34x34"},{"tag":"BUTTON","al":"Sử dụng lại câu lệnh","txt":"keyboard_return","icon":"","box":"2036,1346 34x34"},{"tag":"BUTTON","al":"Sử dụng lại câu lệnh","txt":"keyboard_return","icon":"","box":"2498,1346 34x34"},{"tag":"BUTTON","al":"Sử dụng lại câu lệnh","txt":"keyboard_return","icon":"","box":"647,1613 34x34"},{"tag":"BUTTON","al":"Sử dụng lại câu lệnh","txt":"keyboard_return","icon":"","box":"1111,1613 34x34"},{"tag":"BUTTON","al":"Sử dụng lại câu lệnh","txt":"keyboard_return","icon":"","box":"1572,1613 34x34"},{"tag":"BUTTON","al":"Sử dụng lại câu lệnh","txt":"keyboard_return","icon":"","box":"2033,1613 34x34"},{"tag":"BUTTON","al":"Sử dụng lại câu lệnh","txt":"keyboard_return","icon":"","box":"2498,1613 34x34"},{"tag":"BUTTON","al":"Sử dụng lại câu lệnh","txt":"keyboard_return","icon":"","box":"648,1879 34x34"},{"tag":"BUTTON","al":"Sử dụng lại câu lệnh","txt":"keyboard_return","icon":"","box":"1109,1879 34x34"},{"tag":"BUTTON","al":"Sử dụng lại câu lệnh","txt":"keyboard_return","icon":"","box":"1571,1879 34x34"},{"tag":"BUTTON","al":"Sử dụng lại câu lệnh","txt":"keyboard_return","icon":"","box":"2033,1879 34x34"},{"tag":"BUTTON","al":"Sử dụng lại câu lệnh","txt":"keyboard_return","icon":"","box":"2498,1879 34x34"},{"tag":"BUTTON","al":"Sử dụng lại câu lệnh","txt":"keyboard_return","icon":"","box":"761,2210 34x34"},{"tag":"BUTTON","al":"Sử dụng lại câu lệnh","txt":"keyboard_return","icon":"","box":"1340,2210 34x34"},{"tag":"BUTTON","al":"Sử dụng lại câu lệnh","txt":"keyboard_return","icon":"","box":"1919,2210 34x34"},{"tag":"BUTTON","al":"Sử dụng lại câu lệnh","txt":"keyboard_return","icon":"","box":"2498,2210 34x34"},{"tag":"BUTTON","al":"Sử dụng lại câu lệnh","txt":"keyboard_return","icon":"","box":"761,2540 34x34"},{"tag":"BUTTON","al":"Sử dụng lại câu lệnh","txt":"keyboard_return","icon":"","box":"1340,2540 34x34"},{"tag":"BUTTON","al":"Sử dụng lại câu lệnh","txt":"keyboard_return","icon":"","box":"1919,2540 34x34"},{"tag":"BUTTON","al":"Sử dụng lại câu lệnh","txt":"keyboard_return","icon":"","box":"2498,2540 34x34"},{"tag":"BUTTON","al":"Sử dụng lại câu lệnh","txt":"keyboard_return","icon":"","box":"765,2870 34x34"},{"tag":"BUTTON","al":"Sử dụng lại câu lệnh","txt":"keyboard_return","icon":"","box":"1344,2870 34x34"},{"tag":"BUTTON","al":"Sử dụng lại câu lệnh","txt":"keyboard_return","icon":"","box":"1923,2870 34x34"},{"tag":"BUTTON","al":"Sử dụng lại câu lệnh","txt":"keyboard_return","icon":"","box":"2498,2870 34x34"},{"tag":"BUTTON","al":"Thêm thành phần vào ô nhập","txt":"add","icon":"","box":"999,1257 32x32"},{"tag":"BUTTON","al":"","txt":"Tác nhân","icon":"","box":"1041,1259 79x28"},{"tag":"BUTTON","al":"Điều kiện kích hoạt cài đặ","txt":"Video · 720p · 8 g","icon":"","box":"1376,1257 167x32"}],"fileInputs":[]}
2026-09-04T12:13:10.644Z [bcb357d7-69de-4d05-9b8f-5781e8b9c513][6f7bf0a6-8323-4acd-b50e-b2715aa5dfaa] Start keyframe step1 add-btn: no add_2/(+) button found
2026-09-04T12:13:10.651Z [bcb357d7-69de-4d05-9b8f-5781e8b9c513][6f7bf0a6-8323-4acd-b50e-b2715aa5dfaa] Start keyframe step1 direct: no <input type=file> present — using scan fallback
2026-09-04T12:13:10.652Z [bcb357d7-69de-4d05-9b8f-5781e8b9c513][6f7bf0a6-8323-4acd-b50e-b2715aa5dfaa] Start keyframe step1: trying composer-scan fallback...
2026-09-04T12:13:10.658Z [bcb357d7-69de-4d05-9b8f-5781e8b9c513][6f7bf0a6-8323-4acd-b50e-b2715aa5dfaa] Start keyframe step1 fallback: clicking scanned button xpath=/html[1]/body[1]/aisandbox-root[1]/main[1]/flow-project-shell[1]/flow-project-page[1]/div[1]/flow-project-sidenav-container[1]/mat-sidenav-container[1]/mat-sidenav-content[1]/div[1]/div[1]/cdk-virtual-scroll-viewport[1]/div[1]/div[1]/div[3]/flow-grid-tile-container[3]/flow-tile-container[1]/div[1]/flow-image-tile[1]/div[1]/flow-pending-tile[1]/div[1]/div[1]/div[1]
2026-09-04T12:13:10.659Z [bcb357d7-69de-4d05-9b8f-5781e8b9c513][6f7bf0a6-8323-4acd-b50e-b2715aa5dfaa] xClick: waiting visible xpath=/html[1]/body[1]/aisandbox-root[1]/main[1]/flow-project-shell[1]/flow-project-page[1]/div[1]/flow-project-sidenav-container[1]/mat-sidenav-container[1]/mat-sidenav-content[1]/div[1]/div[1]/cdk-virtual-scroll-viewport[1]/div[1]/div[1]/div[3]/flow-grid-tile-container[3]/flow-tile-container[1]/div[1]/flow-image-tile[1]/div[1]/flow-pending-tile[1]/div[1]/div[1]/div[1]
2026-09-04T12:13:10.666Z [bcb357d7-69de-4d05-9b8f-5781e8b9c513][6f7bf0a6-8323-4acd-b50e-b2715aa5dfaa] xClick: target tag=DIV aria="" txt="image" box=1183,621 24x24
2026-09-04T12:13:11.040Z [bcb357d7-69de-4d05-9b8f-5781e8b9c513][6f7bf0a6-8323-4acd-b50e-b2715aa5dfaa] xClick: click xpath=/html[1]/body[1]/aisandbox-root[1]/main[1]/flow-project-shell[1]/flow-project-page[1]/div[1]/flow-project-sidenav-container[1]/mat-sidenav-container[1]/mat-sidenav-content[1]/div[1]/div[1]/cdk-virtual-scroll-viewport[1]/div[1]/div[1]/div[3]/flow-grid-tile-container[3]/flow-tile-container[1]/div[1]/flow-image-tile[1]/div[1]/flow-pending-tile[1]/div[1]/div[1]/div[1]
2026-09-04T12:13:11.101Z [603411b8-26ac-421d-9a00-7e0953976582][6f7bf0a6-8323-4acd-b50e-b2715aa5dfaa] Start keyframe step1: primary open FAILED: page.waitForSelector: Timeout 4000ms exceeded.
Call log:
[2m  - waiting for locator('xpath=/html/body/div[1]/div[1]/div[5]/div/div/div/div/div[1]/div[1]') to be visible[22m

2026-09-04T12:13:11.115Z [603411b8-26ac-421d-9a00-7e0953976582][6f7bf0a6-8323-4acd-b50e-b2715aa5dfaa] Start keyframe DIAG composer(panel-not-open): {"rootFound":false,"win":"2560x1280","dpr":1.5,"count":40,"els":[{"tag":"BUTTON","al":"Sử dụng lại câu lệnh","txt":"keyboard_return","icon":"","box":"648,813 34x34"},{"tag":"BUTTON","al":"Sử dụng lại câu lệnh","txt":"keyboard_return","icon":"","box":"1109,813 34x34"},{"tag":"BUTTON","al":"Sử dụng lại câu lệnh","txt":"keyboard_return","icon":"","box":"1575,813 34x34"},{"tag":"BUTTON","al":"Sử dụng lại câu lệnh","txt":"keyboard_return","icon":"","box":"2036,813 34x34"},{"tag":"BUTTON","al":"Sử dụng lại câu lệnh","txt":"keyboard_return","icon":"","box":"2498,813 34x34"},{"tag":"BUTTON","al":"Sử dụng lại câu lệnh","txt":"keyboard_return","icon":"","box":"650,1080 34x34"},{"tag":"BUTTON","al":"Sử dụng lại câu lệnh","txt":"keyboard_return","icon":"","box":"1111,1080 34x34"},{"tag":"BUTTON","al":"Sử dụng lại câu lệnh","txt":"keyboard_return","icon":"","box":"1572,1080 34x34"},{"tag":"BUTTON","al":"Sử dụng lại câu lệnh","txt":"keyboard_return","icon":"","box":"2037,1080 34x34"},{"tag":"BUTTON","al":"Sử dụng lại câu lệnh","txt":"keyboard_return","icon":"","box":"2498,1080 34x34"},{"tag":"BUTTON","al":"Sử dụng lại câu lệnh","txt":"keyboard_return","icon":"","box":"647,1346 34x34"},{"tag":"BUTTON","al":"Sử dụng lại câu lệnh","txt":"keyboard_return","icon":"","box":"1111,1346 34x34"},{"tag":"BUTTON","al":"Sử dụng lại câu lệnh","txt":"keyboard_return","icon":"","box":"1572,1346 34x34"},{"tag":"BUTTON","al":"Sử dụng lại câu lệnh","txt":"keyboard_return","icon":"","box":"2037,1346 34x34"},{"tag":"BUTTON","al":"Sử dụng lại câu lệnh","txt":"keyboard_return","icon":"","box":"2498,1346 34x34"},{"tag":"BUTTON","al":"Sử dụng lại câu lệnh","txt":"keyboard_return","icon":"","box":"647,1612 34x34"},{"tag":"BUTTON","al":"Sử dụng lại câu lệnh","txt":"keyboard_return","icon":"","box":"1111,1612 34x34"},{"tag":"BUTTON","al":"Sử dụng lại câu lệnh","txt":"keyboard_return","icon":"","box":"1576,1612 34x34"},{"tag":"BUTTON","al":"Sử dụng lại câu lệnh","txt":"keyboard_return","icon":"","box":"2037,1612 34x34"},{"tag":"BUTTON","al":"Sử dụng lại câu lệnh","txt":"keyboard_return","icon":"","box":"2498,1612 34x34"},{"tag":"BUTTON","al":"Sử dụng lại câu lệnh","txt":"keyboard_return","icon":"","box":"647,1879 34x34"},{"tag":"BUTTON","al":"Sử dụng lại câu lệnh","txt":"keyboard_return","icon":"","box":"1111,1879 34x34"},{"tag":"BUTTON","al":"Sử dụng lại câu lệnh","txt":"keyboard_return","icon":"","box":"1572,1879 34x34"},{"tag":"BUTTON","al":"Sử dụng lại câu lệnh","txt":"keyboard_return","icon":"","box":"2033,1879 34x34"},{"tag":"BUTTON","al":"Sử dụng lại câu lệnh","txt":"keyboard_return","icon":"","box":"2498,1879 34x34"},{"tag":"BUTTON","al":"Sử dụng lại câu lệnh","txt":"keyboard_return","icon":"","box":"765,2209 34x34"},{"tag":"BUTTON","al":"Sử dụng lại câu lệnh","txt":"keyboard_return","icon":"","box":"1344,2209 34x34"},{"tag":"BUTTON","al":"Sử dụng lại câu lệnh","txt":"keyboard_return","icon":"","box":"1923,2209 34x34"},{"tag":"BUTTON","al":"Sử dụng lại câu lệnh","txt":"keyboard_return","icon":"","box":"2498,2209 34x34"},{"tag":"BUTTON","al":"Sử dụng lại câu lệnh","txt":"keyboard_return","icon":"","box":"764,2539 34x34"},{"tag":"BUTTON","al":"Sử dụng lại câu lệnh","txt":"keyboard_return","icon":"","box":"1342,2539 34x34"},{"tag":"BUTTON","al":"Sử dụng lại câu lệnh","txt":"keyboard_return","icon":"","box":"1920,2539 34x34"},{"tag":"BUTTON","al":"Sử dụng lại câu lệnh","txt":"keyboard_return","icon":"","box":"2498,2539 34x34"},{"tag":"BUTTON","al":"Sử dụng lại câu lệnh","txt":"keyboard_return","icon":"","box":"648,2805 34x34"},{"tag":"BUTTON","al":"Sử dụng lại câu lệnh","txt":"keyboard_return","icon":"","box":"1109,2805 34x34"},{"tag":"BUTTON","al":"Sử dụng lại câu lệnh","txt":"keyboard_return","icon":"","box":"1571,2805 34x34"},{"tag":"BUTTON","al":"Sử dụng lại câu lệnh","txt":"keyboard_return","icon":"","box":"2033,2805 34x34"},{"tag":"BUTTON","al":"Sử dụng lại câu lệnh","txt":"keyboard_return","icon":"","box":"2498,2805 34x34"},{"tag":"BUTTON","al":"Thêm thành phần vào ô nhập","txt":"add","icon":"","box":"999,1257 32x32"},{"tag":"BUTTON","al":"","txt":"Tác nhân","icon":"","box":"1041,1259 79x28"}],"fileInputs":[]}
2026-09-04T12:13:11.119Z [603411b8-26ac-421d-9a00-7e0953976582][6f7bf0a6-8323-4acd-b50e-b2715aa5dfaa] Start keyframe step1 add-btn: no add_2/(+) button found
2026-09-04T12:13:11.128Z [603411b8-26ac-421d-9a00-7e0953976582][6f7bf0a6-8323-4acd-b50e-b2715aa5dfaa] Start keyframe step1 direct: no <input type=file> present — using scan fallback
2026-09-04T12:13:11.128Z [603411b8-26ac-421d-9a00-7e0953976582][6f7bf0a6-8323-4acd-b50e-b2715aa5dfaa] Start keyframe step1: trying composer-scan fallback...
2026-09-04T12:13:11.137Z [603411b8-26ac-421d-9a00-7e0953976582][6f7bf0a6-8323-4acd-b50e-b2715aa5dfaa] Start keyframe step1 fallback: clicking scanned button xpath=/html[1]/body[1]/aisandbox-root[1]/main[1]/flow-project-shell[1]/flow-project-page[1]/div[1]/flow-project-sidenav-container[1]/mat-sidenav-container[1]/mat-sidenav-content[1]/div[1]/div[1]/cdk-virtual-scroll-viewport[1]/div[1]/div[1]/div[3]/flow-grid-tile-container[3]/flow-tile-container[1]/div[1]/flow-image-tile[1]/div[1]/flow-pending-tile[1]/div[1]/div[1]/div[1]
2026-09-04T12:13:11.137Z [603411b8-26ac-421d-9a00-7e0953976582][6f7bf0a6-8323-4acd-b50e-b2715aa5dfaa] xClick: waiting visible xpath=/html[1]/body[1]/aisandbox-root[1]/main[1]/flow-project-shell[1]/flow-project-page[1]/div[1]/flow-project-sidenav-container[1]/mat-sidenav-container[1]/mat-sidenav-content[1]/div[1]/div[1]/cdk-virtual-scroll-viewport[1]/div[1]/div[1]/div[3]/flow-grid-tile-container[3]/flow-tile-container[1]/div[1]/flow-image-tile[1]/div[1]/flow-pending-tile[1]/div[1]/div[1]/div[1]
2026-09-04T12:13:11.147Z [603411b8-26ac-421d-9a00-7e0953976582][6f7bf0a6-8323-4acd-b50e-b2715aa5dfaa] xClick: target tag=DIV aria="" txt="image" box=1183,621 24x24
2026-09-04T12:13:11.526Z [603411b8-26ac-421d-9a00-7e0953976582][6f7bf0a6-8323-4acd-b50e-b2715aa5dfaa] xClick: click xpath=/html[1]/body[1]/aisandbox-root[1]/main[1]/flow-project-shell[1]/flow-project-page[1]/div[1]/flow-project-sidenav-container[1]/mat-sidenav-container[1]/mat-sidenav-content[1]/div[1]/div[1]/cdk-virtual-scroll-viewport[1]/div[1]/div[1]/div[3]/flow-grid-tile-container[3]/flow-tile-container[1]/div[1]/flow-image-tile[1]/div[1]/flow-pending-tile[1]/div[1]/div[1]/div[1]
2026-09-04T12:13:11.807Z [dfc4920b-b9aa-4256-9a69-a59fb9dc12ab][6f7bf0a6-8323-4acd-b50e-b2715aa5dfaa] Start keyframe step1: primary open FAILED: page.waitForSelector: Timeout 4000ms exceeded.
Call log:
[2m  - waiting for locator('xpath=/html/body/div[1]/div[1]/div[5]/div/div/div/div/div[1]/div[1]') to be visible[22m

2026-09-04T12:13:11.822Z [dfc4920b-b9aa-4256-9a69-a59fb9dc12ab][6f7bf0a6-8323-4acd-b50e-b2715aa5dfaa] Start keyframe DIAG composer(panel-not-open): {"rootFound":false,"win":"2560x1280","dpr":1.5,"count":40,"els":[{"tag":"BUTTON","al":"Yêu thích","txt":"favorite","icon":"","box":"593,621 28x28"},{"tag":"BUTTON","al":"Sử dụng lại câu lệnh","txt":"redo","icon":"","box":"623,621 28x28"},{"tag":"BUTTON","al":"Tuỳ chọn khác","txt":"more_vert","icon":"","box":"653,621 28x28"},{"tag":"DIV","al":"","txt":"play_circleCamera ","icon":"","box":"260,829 201x18"},{"tag":"BUTTON","al":"Sử dụng lại câu lệnh","txt":"keyboard_return","icon":"","box":"647,813 34x34"},{"tag":"BUTTON","al":"Yêu thích","txt":"favorite","icon":"","box":"1087,621 28x28"},{"tag":"BUTTON","al":"Tuỳ chọn khác","txt":"more_vert","icon":"","box":"1117,621 28x28"},{"tag":"DIV","al":"","txt":"image1788091477963","icon":"","box":"721,829 368x18"},{"tag":"BUTTON","al":"Sử dụng lại câu lệnh","txt":"keyboard_return","icon":"","box":"1111,813 34x34"},{"tag":"BUTTON","al":"Yêu thích","txt":"favorite","icon":"","box":"1518,621 28x28"},{"tag":"BUTTON","al":"Sử dụng lại câu lệnh","txt":"redo","icon":"","box":"1548,621 28x28"},{"tag":"BUTTON","al":"Tuỳ chọn khác","txt":"more_vert","icon":"","box":"1578,621 28x28"},{"tag":"DIV","al":"","txt":"play_circleGraham ","icon":"","box":"1185,829 175x18"},{"tag":"BUTTON","al":"Sử dụng lại câu lệnh","txt":"keyboard_return","icon":"","box":"1572,813 34x34"},{"tag":"BUTTON","al":"Yêu thích","txt":"favorite","icon":"","box":"1979,621 28x28"},{"tag":"BUTTON","al":"Sử dụng lại câu lệnh","txt":"redo","icon":"","box":"2009,621 28x28"},{"tag":"BUTTON","al":"Tuỳ chọn khác","txt":"more_vert","icon":"","box":"2039,621 28x28"},{"tag":"DIV","al":"","txt":"play_circleGraham ","icon":"","box":"1646,829 189x18"},{"tag":"BUTTON","al":"Sử dụng lại câu lệnh","txt":"keyboard_return","icon":"","box":"2033,813 34x34"},{"tag":"BUTTON","al":"Yêu thích","txt":"favorite","icon":"","box":"2474,621 28x28"},{"tag":"BUTTON","al":"Tuỳ chọn khác","txt":"more_vert","icon":"","box":"2504,621 28x28"},{"tag":"DIV","al":"","txt":"image1788091400568","icon":"","box":"2107,829 369x18"},{"tag":"BUTTON","al":"Sử dụng lại câu lệnh","txt":"keyboard_return","icon":"","box":"2498,813 34x34"},{"tag":"BUTTON","al":"Yêu thích","txt":"favorite","icon":"","box":"593,887 28x28"},{"tag":"BUTTON","al":"Sử dụng lại câu lệnh","txt":"redo","icon":"","box":"623,887 28x28"},{"tag":"BUTTON","al":"Tuỳ chọn khác","txt":"more_vert","icon":"","box":"653,887 28x28"},{"tag":"DIV","al":"","txt":"play_circleArlo ho","icon":"","box":"260,1096 159x18"},{"tag":"BUTTON","al":"Sử dụng lại câu lệnh","txt":"keyboard_return","icon":"","box":"647,1080 34x34"},{"tag":"BUTTON","al":"Yêu thích","txt":"favorite","icon":"","box":"1087,887 28x28"},{"tag":"BUTTON","al":"Tuỳ chọn khác","txt":"more_vert","icon":"","box":"1117,887 28x28"},{"tag":"DIV","al":"","txt":"image1788091233593","icon":"","box":"721,1096 361x18"},{"tag":"BUTTON","al":"Sử dụng lại câu lệnh","txt":"keyboard_return","icon":"","box":"1111,1080 34x34"},{"tag":"BUTTON","al":"Yêu thích","txt":"favorite","icon":"","box":"1518,887 28x28"},{"tag":"BUTTON","al":"Sử dụng lại câu lệnh","txt":"redo","icon":"","box":"1548,887 28x28"},{"tag":"BUTTON","al":"Tuỳ chọn khác","txt":"more_vert","icon":"","box":"1578,887 28x28"},{"tag":"DIV","al":"","txt":"play_circleArlo cr","icon":"","box":"1185,1096 173x18"},{"tag":"BUTTON","al":"Sử dụng lại câu lệnh","txt":"keyboard_return","icon":"","box":"1572,1080 34x34"},{"tag":"BUTTON","al":"Yêu thích","txt":"favorite","icon":"","box":"2013,887 28x28"},{"tag":"BUTTON","al":"Tuỳ chọn khác","txt":"more_vert","icon":"","box":"2043,887 28x28"},{"tag":"DIV","al":"","txt":"image1788091142197","icon":"","box":"1646,1096 361x18"}],"fileInputs":[]}
2026-09-04T12:13:11.826Z [dfc4920b-b9aa-4256-9a69-a59fb9dc12ab][6f7bf0a6-8323-4acd-b50e-b2715aa5dfaa] Start keyframe step1 add-btn: no add_2/(+) button found
2026-09-04T12:13:11.834Z [dfc4920b-b9aa-4256-9a69-a59fb9dc12ab][6f7bf0a6-8323-4acd-b50e-b2715aa5dfaa] Start keyframe step1 direct: no <input type=file> present — using scan fallback
2026-09-04T12:13:11.834Z [dfc4920b-b9aa-4256-9a69-a59fb9dc12ab][6f7bf0a6-8323-4acd-b50e-b2715aa5dfaa] Start keyframe step1: trying composer-scan fallback...
2026-09-04T12:13:11.844Z [dfc4920b-b9aa-4256-9a69-a59fb9dc12ab][6f7bf0a6-8323-4acd-b50e-b2715aa5dfaa] Start keyframe step1 fallback: clicking scanned button xpath=/html[1]/body[1]/aisandbox-root[1]/main[1]/flow-project-shell[1]/flow-project-page[1]/div[1]/flow-project-sidenav-container[1]/mat-sidenav-container[1]/mat-sidenav-content[1]/div[1]/div[1]/cdk-virtual-scroll-viewport[1]/div[1]/div[1]/div[3]/flow-grid-tile-container[2]/flow-tile-container[1]/div[1]/flow-image-tile[1]/div[1]/div[3]/flow-tile-hover-footer[1]/div[1]
2026-09-04T12:13:11.845Z [dfc4920b-b9aa-4256-9a69-a59fb9dc12ab][6f7bf0a6-8323-4acd-b50e-b2715aa5dfaa] xClick: waiting visible xpath=/html[1]/body[1]/aisandbox-root[1]/main[1]/flow-project-shell[1]/flow-project-page[1]/div[1]/flow-project-sidenav-container[1]/mat-sidenav-container[1]/mat-sidenav-content[1]/div[1]/div[1]/cdk-virtual-scroll-viewport[1]/div[1]/div[1]/div[3]/flow-grid-tile-container[2]/flow-tile-container[1]/div[1]/flow-image-tile[1]/div[1]/div[3]/flow-tile-hover-footer[1]/div[1]
2026-09-04T12:13:11.867Z [ef9fd864-c103-4967-b9be-869b8604123e][6f7bf0a6-8323-4acd-b50e-b2715aa5dfaa] Start keyframe step1: primary open FAILED: page.waitForSelector: Timeout 4000ms exceeded.
Call log:
[2m  - waiting for locator('xpath=/html/body/div[1]/div[1]/div[5]/div/div/div/div/div[1]/div[1]') to be visible[22m

2026-09-04T12:13:11.878Z [ef9fd864-c103-4967-b9be-869b8604123e][6f7bf0a6-8323-4acd-b50e-b2715aa5dfaa] Start keyframe DIAG composer(panel-not-open): {"rootFound":false,"win":"2560x1280","dpr":1.5,"count":36,"els":[{"tag":"BUTTON","al":"Sử dụng lại câu lệnh","txt":"keyboard_return","icon":"","box":"1111,813 34x34"},{"tag":"BUTTON","al":"Sử dụng lại câu lệnh","txt":"keyboard_return","icon":"","box":"2498,813 34x34"},{"tag":"BUTTON","al":"Sử dụng lại câu lệnh","txt":"keyboard_return","icon":"","box":"1575,1080 34x34"},{"tag":"BUTTON","al":"Sử dụng lại câu lệnh","txt":"keyboard_return","icon":"","box":"2036,1080 34x34"},{"tag":"BUTTON","al":"Sử dụng lại câu lệnh","txt":"keyboard_return","icon":"","box":"2498,1080 34x34"},{"tag":"BUTTON","al":"Sử dụng lại câu lệnh","txt":"keyboard_return","icon":"","box":"650,1346 34x34"},{"tag":"BUTTON","al":"Sử dụng lại câu lệnh","txt":"keyboard_return","icon":"","box":"1111,1346 34x34"},{"tag":"BUTTON","al":"Sử dụng lại câu lệnh","txt":"keyboard_return","icon":"","box":"1572,1346 34x34"},{"tag":"BUTTON","al":"Sử dụng lại câu lệnh","txt":"keyboard_return","icon":"","box":"2037,1346 34x34"},{"tag":"BUTTON","al":"Sử dụng lại câu lệnh","txt":"keyboard_return","icon":"","box":"647,1613 34x34"},{"tag":"BUTTON","al":"Sử dụng lại câu lệnh","txt":"keyboard_return","icon":"","box":"1108,1613 34x34"},{"tag":"BUTTON","al":"Sử dụng lại câu lệnh","txt":"keyboard_return","icon":"","box":"1572,1613 34x34"},{"tag":"BUTTON","al":"Sử dụng lại câu lệnh","txt":"keyboard_return","icon":"","box":"2033,1613 34x34"},{"tag":"BUTTON","al":"Sử dụng lại câu lệnh","txt":"keyboard_return","icon":"","box":"2498,1613 34x34"},{"tag":"BUTTON","al":"Sử dụng lại câu lệnh","txt":"keyboard_return","icon":"","box":"648,1879 34x34"},{"tag":"BUTTON","al":"Sử dụng lại câu lệnh","txt":"keyboard_return","icon":"","box":"1109,1879 34x34"},{"tag":"BUTTON","al":"Sử dụng lại câu lệnh","txt":"keyboard_return","icon":"","box":"1571,1879 34x34"},{"tag":"BUTTON","al":"Sử dụng lại câu lệnh","txt":"keyboard_return","icon":"","box":"2036,1879 34x34"},{"tag":"BUTTON","al":"Sử dụng lại câu lệnh","txt":"keyboard_return","icon":"","box":"2498,1879 34x34"},{"tag":"BUTTON","al":"Sử dụng lại câu lệnh","txt":"keyboard_return","icon":"","box":"761,2210 34x34"},{"tag":"BUTTON","al":"Sử dụng lại câu lệnh","txt":"keyboard_return","icon":"","box":"1340,2210 34x34"},{"tag":"BUTTON","al":"Sử dụng lại câu lệnh","txt":"keyboard_return","icon":"","box":"1919,2210 34x34"},{"tag":"BUTTON","al":"Sử dụng lại câu lệnh","txt":"keyboard_return","icon":"","box":"2498,2210 34x34"},{"tag":"BUTTON","al":"Sử dụng lại câu lệnh","txt":"keyboard_return","icon":"","box":"764,2539 34x34"},{"tag":"BUTTON","al":"Sử dụng lại câu lệnh","txt":"keyboard_return","icon":"","box":"1342,2539 34x34"},{"tag":"BUTTON","al":"Sử dụng lại câu lệnh","txt":"keyboard_return","icon":"","box":"1920,2539 34x34"},{"tag":"BUTTON","al":"Sử dụng lại câu lệnh","txt":"keyboard_return","icon":"","box":"2498,2539 34x34"},{"tag":"BUTTON","al":"Sử dụng lại câu lệnh","txt":"keyboard_return","icon":"","box":"650,2806 34x34"},{"tag":"BUTTON","al":"Sử dụng lại câu lệnh","txt":"keyboard_return","icon":"","box":"1115,2806 34x34"},{"tag":"BUTTON","al":"Sử dụng lại câu lệnh","txt":"keyboard_return","icon":"","box":"1576,2806 34x34"},{"tag":"BUTTON","al":"Sử dụng lại câu lệnh","txt":"keyboard_return","icon":"","box":"2037,2806 34x34"},{"tag":"BUTTON","al":"Sử dụng lại câu lệnh","txt":"keyboard_return","icon":"","box":"2498,2806 34x34"},{"tag":"BUTTON","al":"Thêm thành phần vào ô nhập","txt":"add","icon":"","box":"999,1257 32x32"},{"tag":"BUTTON","al":"","txt":"Tác nhân","icon":"","box":"1041,1259 79x28"},{"tag":"BUTTON","al":"Điều kiện kích hoạt cài đặ","txt":"Video · 720p · 8 g","icon":"","box":"1376,1257 167x32"},{"tag":"BUTTON","al":"Bắt đầu tạo","txt":"arrow_forward","icon":"","box":"1547,1257 32x32"}],"fileInputs":[]}
2026-09-04T12:13:11.882Z [ef9fd864-c103-4967-b9be-869b8604123e][6f7bf0a6-8323-4acd-b50e-b2715aa5dfaa] Start keyframe step1 add-btn: no add_2/(+) button found
2026-09-04T12:13:11.888Z [ef9fd864-c103-4967-b9be-869b8604123e][6f7bf0a6-8323-4acd-b50e-b2715aa5dfaa] Start keyframe step1 direct: no <input type=file> present — using scan fallback
2026-09-04T12:13:11.889Z [ef9fd864-c103-4967-b9be-869b8604123e][6f7bf0a6-8323-4acd-b50e-b2715aa5dfaa] Start keyframe step1: trying composer-scan fallback...
2026-09-04T12:13:11.895Z [ef9fd864-c103-4967-b9be-869b8604123e][6f7bf0a6-8323-4acd-b50e-b2715aa5dfaa] Start keyframe step1 fallback: clicking scanned button xpath=/html[1]/body[1]/aisandbox-root[1]/main[1]/flow-project-shell[1]/flow-project-page[1]/div[1]/flow-project-sidenav-container[1]/mat-sidenav-container[1]/mat-sidenav-content[1]/div[1]/div[1]/cdk-virtual-scroll-viewport[1]/div[1]/div[1]/div[3]/flow-grid-tile-container[2]/flow-tile-container[1]/div[1]/flow-image-tile[1]/div[1]/flow-pending-tile[1]/div[1]/div[1]/div[1]
2026-09-04T12:13:11.896Z [ef9fd864-c103-4967-b9be-869b8604123e][6f7bf0a6-8323-4acd-b50e-b2715aa5dfaa] xClick: waiting visible xpath=/html[1]/body[1]/aisandbox-root[1]/main[1]/flow-project-shell[1]/flow-project-page[1]/div[1]/flow-project-sidenav-container[1]/mat-sidenav-container[1]/mat-sidenav-content[1]/div[1]/div[1]/cdk-virtual-scroll-viewport[1]/div[1]/div[1]/div[3]/flow-grid-tile-container[2]/flow-tile-container[1]/div[1]/flow-image-tile[1]/div[1]/flow-pending-tile[1]/div[1]/div[1]/div[1]
2026-09-04T12:13:11.903Z [ef9fd864-c103-4967-b9be-869b8604123e][6f7bf0a6-8323-4acd-b50e-b2715aa5dfaa] xClick: target tag=DIV aria="" txt="image" box=721,621 24x24
2026-09-04T12:13:12.141Z [bcb357d7-69de-4d05-9b8f-5781e8b9c513][6f7bf0a6-8323-4acd-b50e-b2715aa5dfaa] Start keyframe step1 fallback: panel visible = false
2026-09-04T12:13:12.151Z [bcb357d7-69de-4d05-9b8f-5781e8b9c513][6f7bf0a6-8323-4acd-b50e-b2715aa5dfaa] Start keyframe DIAG composer(final-before-throw): {"rootFound":false,"win":"2560x1280","dpr":1.5,"count":40,"els":[{"tag":"BUTTON","al":"Sử dụng lại câu lệnh","txt":"keyboard_return","icon":"","box":"648,813 34x34"},{"tag":"BUTTON","al":"Sử dụng lại câu lệnh","txt":"keyboard_return","icon":"","box":"1109,813 34x34"},{"tag":"BUTTON","al":"Sử dụng lại câu lệnh","txt":"keyboard_return","icon":"","box":"1575,813 34x34"},{"tag":"BUTTON","al":"Sử dụng lại câu lệnh","txt":"keyboard_return","icon":"","box":"2036,813 34x34"},{"tag":"BUTTON","al":"Sử dụng lại câu lệnh","txt":"keyboard_return","icon":"","box":"2498,813 34x34"},{"tag":"BUTTON","al":"Sử dụng lại câu lệnh","txt":"keyboard_return","icon":"","box":"650,1080 34x34"},{"tag":"BUTTON","al":"Sử dụng lại câu lệnh","txt":"keyboard_return","icon":"","box":"1111,1080 34x34"},{"tag":"BUTTON","al":"Sử dụng lại câu lệnh","txt":"keyboard_return","icon":"","box":"1572,1080 34x34"},{"tag":"BUTTON","al":"Sử dụng lại câu lệnh","txt":"keyboard_return","icon":"","box":"2037,1080 34x34"},{"tag":"BUTTON","al":"Sử dụng lại câu lệnh","txt":"keyboard_return","icon":"","box":"2498,1080 34x34"},{"tag":"BUTTON","al":"Sử dụng lại câu lệnh","txt":"keyboard_return","icon":"","box":"648,1346 34x34"},{"tag":"BUTTON","al":"Sử dụng lại câu lệnh","txt":"keyboard_return","icon":"","box":"1109,1346 34x34"},{"tag":"BUTTON","al":"Sử dụng lại câu lệnh","txt":"keyboard_return","icon":"","box":"1571,1346 34x34"},{"tag":"BUTTON","al":"Sử dụng lại câu lệnh","txt":"keyboard_return","icon":"","box":"2036,1346 34x34"},{"tag":"BUTTON","al":"Sử dụng lại câu lệnh","txt":"keyboard_return","icon":"","box":"2498,1346 34x34"},{"tag":"BUTTON","al":"Sử dụng lại câu lệnh","txt":"keyboard_return","icon":"","box":"647,1613 34x34"},{"tag":"BUTTON","al":"Sử dụng lại câu lệnh","txt":"keyboard_return","icon":"","box":"1111,1613 34x34"},{"tag":"BUTTON","al":"Sử dụng lại câu lệnh","txt":"keyboard_return","icon":"","box":"1572,1613 34x34"},{"tag":"BUTTON","al":"Sử dụng lại câu lệnh","txt":"keyboard_return","icon":"","box":"2033,1613 34x34"},{"tag":"BUTTON","al":"Sử dụng lại câu lệnh","txt":"keyboard_return","icon":"","box":"2498,1613 34x34"},{"tag":"BUTTON","al":"Sử dụng lại câu lệnh","txt":"keyboard_return","icon":"","box":"648,1879 34x34"},{"tag":"BUTTON","al":"Sử dụng lại câu lệnh","txt":"keyboard_return","icon":"","box":"1109,1879 34x34"},{"tag":"BUTTON","al":"Sử dụng lại câu lệnh","txt":"keyboard_return","icon":"","box":"1571,1879 34x34"},{"tag":"BUTTON","al":"Sử dụng lại câu lệnh","txt":"keyboard_return","icon":"","box":"2033,1879 34x34"},{"tag":"BUTTON","al":"Sử dụng lại câu lệnh","txt":"keyboard_return","icon":"","box":"2498,1879 34x34"},{"tag":"BUTTON","al":"Sử dụng lại câu lệnh","txt":"keyboard_return","icon":"","box":"761,2210 34x34"},{"tag":"BUTTON","al":"Sử dụng lại câu lệnh","txt":"keyboard_return","icon":"","box":"1340,2210 34x34"},{"tag":"BUTTON","al":"Sử dụng lại câu lệnh","txt":"keyboard_return","icon":"","box":"1919,2210 34x34"},{"tag":"BUTTON","al":"Sử dụng lại câu lệnh","txt":"keyboard_return","icon":"","box":"2498,2210 34x34"},{"tag":"BUTTON","al":"Sử dụng lại câu lệnh","txt":"keyboard_return","icon":"","box":"761,2540 34x34"},{"tag":"BUTTON","al":"Sử dụng lại câu lệnh","txt":"keyboard_return","icon":"","box":"1340,2540 34x34"},{"tag":"BUTTON","al":"Sử dụng lại câu lệnh","txt":"keyboard_return","icon":"","box":"1919,2540 34x34"},{"tag":"BUTTON","al":"Sử dụng lại câu lệnh","txt":"keyboard_return","icon":"","box":"2498,2540 34x34"},{"tag":"BUTTON","al":"Sử dụng lại câu lệnh","txt":"keyboard_return","icon":"","box":"765,2870 34x34"},{"tag":"BUTTON","al":"Sử dụng lại câu lệnh","txt":"keyboard_return","icon":"","box":"1344,2870 34x34"},{"tag":"BUTTON","al":"Sử dụng lại câu lệnh","txt":"keyboard_return","icon":"","box":"1923,2870 34x34"},{"tag":"BUTTON","al":"Sử dụng lại câu lệnh","txt":"keyboard_return","icon":"","box":"2498,2870 34x34"},{"tag":"BUTTON","al":"Thêm thành phần vào ô nhập","txt":"add","icon":"","box":"999,1257 32x32"},{"tag":"BUTTON","al":"","txt":"Tác nhân","icon":"","box":"1041,1259 79x28"},{"tag":"BUTTON","al":"Điều kiện kích hoạt cài đặ","txt":"Video · 720p · 8 g","icon":"","box":"1376,1257 167x32"}],"fileInputs":[]}
2026-09-04T12:13:12.152Z [bcb357d7-69de-4d05-9b8f-5781e8b9c513][6f7bf0a6-8323-4acd-b50e-b2715aa5dfaa] Start keyframe step2: panel still not visible — waiting last 8s...
2026-09-04T12:13:12.407Z [ef9fd864-c103-4967-b9be-869b8604123e][6f7bf0a6-8323-4acd-b50e-b2715aa5dfaa] xClick: click xpath=/html[1]/body[1]/aisandbox-root[1]/main[1]/flow-project-shell[1]/flow-project-page[1]/div[1]/flow-project-sidenav-container[1]/mat-sidenav-container[1]/mat-sidenav-content[1]/div[1]/div[1]/cdk-virtual-scroll-viewport[1]/div[1]/div[1]/div[3]/flow-grid-tile-container[2]/flow-tile-container[1]/div[1]/flow-image-tile[1]/div[1]/flow-pending-tile[1]/div[1]/div[1]/div[1]
2026-09-04T12:13:12.778Z [603411b8-26ac-421d-9a00-7e0953976582][6f7bf0a6-8323-4acd-b50e-b2715aa5dfaa] Start keyframe step1 fallback: panel visible = false
2026-09-04T12:13:12.787Z [603411b8-26ac-421d-9a00-7e0953976582][6f7bf0a6-8323-4acd-b50e-b2715aa5dfaa] Start keyframe DIAG composer(final-before-throw): {"rootFound":false,"win":"2560x1280","dpr":1.5,"count":40,"els":[{"tag":"BUTTON","al":"Sử dụng lại câu lệnh","txt":"keyboard_return","icon":"","box":"648,813 34x34"},{"tag":"BUTTON","al":"Sử dụng lại câu lệnh","txt":"keyboard_return","icon":"","box":"1109,813 34x34"},{"tag":"BUTTON","al":"Sử dụng lại câu lệnh","txt":"keyboard_return","icon":"","box":"1575,813 34x34"},{"tag":"BUTTON","al":"Sử dụng lại câu lệnh","txt":"keyboard_return","icon":"","box":"2036,813 34x34"},{"tag":"BUTTON","al":"Sử dụng lại câu lệnh","txt":"keyboard_return","icon":"","box":"2498,813 34x34"},{"tag":"BUTTON","al":"Sử dụng lại câu lệnh","txt":"keyboard_return","icon":"","box":"650,1080 34x34"},{"tag":"BUTTON","al":"Sử dụng lại câu lệnh","txt":"keyboard_return","icon":"","box":"1111,1080 34x34"},{"tag":"BUTTON","al":"Sử dụng lại câu lệnh","txt":"keyboard_return","icon":"","box":"1572,1080 34x34"},{"tag":"BUTTON","al":"Sử dụng lại câu lệnh","txt":"keyboard_return","icon":"","box":"2037,1080 34x34"},{"tag":"BUTTON","al":"Sử dụng lại câu lệnh","txt":"keyboard_return","icon":"","box":"2498,1080 34x34"},{"tag":"BUTTON","al":"Sử dụng lại câu lệnh","txt":"keyboard_return","icon":"","box":"647,1346 34x34"},{"tag":"BUTTON","al":"Sử dụng lại câu lệnh","txt":"keyboard_return","icon":"","box":"1111,1346 34x34"},{"tag":"BUTTON","al":"Sử dụng lại câu lệnh","txt":"keyboard_return","icon":"","box":"1572,1346 34x34"},{"tag":"BUTTON","al":"Sử dụng lại câu lệnh","txt":"keyboard_return","icon":"","box":"2037,1346 34x34"},{"tag":"BUTTON","al":"Sử dụng lại câu lệnh","txt":"keyboard_return","icon":"","box":"2498,1346 34x34"},{"tag":"BUTTON","al":"Sử dụng lại câu lệnh","txt":"keyboard_return","icon":"","box":"647,1612 34x34"},{"tag":"BUTTON","al":"Sử dụng lại câu lệnh","txt":"keyboard_return","icon":"","box":"1111,1612 34x34"},{"tag":"BUTTON","al":"Sử dụng lại câu lệnh","txt":"keyboard_return","icon":"","box":"1576,1612 34x34"},{"tag":"BUTTON","al":"Sử dụng lại câu lệnh","txt":"keyboard_return","icon":"","box":"2037,1612 34x34"},{"tag":"BUTTON","al":"Sử dụng lại câu lệnh","txt":"keyboard_return","icon":"","box":"2498,1612 34x34"},{"tag":"BUTTON","al":"Sử dụng lại câu lệnh","txt":"keyboard_return","icon":"","box":"647,1879 34x34"},{"tag":"BUTTON","al":"Sử dụng lại câu lệnh","txt":"keyboard_return","icon":"","box":"1111,1879 34x34"},{"tag":"BUTTON","al":"Sử dụng lại câu lệnh","txt":"keyboard_return","icon":"","box":"1572,1879 34x34"},{"tag":"BUTTON","al":"Sử dụng lại câu lệnh","txt":"keyboard_return","icon":"","box":"2033,1879 34x34"},{"tag":"BUTTON","al":"Sử dụng lại câu lệnh","txt":"keyboard_return","icon":"","box":"2498,1879 34x34"},{"tag":"BUTTON","al":"Sử dụng lại câu lệnh","txt":"keyboard_return","icon":"","box":"765,2209 34x34"},{"tag":"BUTTON","al":"Sử dụng lại câu lệnh","txt":"keyboard_return","icon":"","box":"1344,2209 34x34"},{"tag":"BUTTON","al":"Sử dụng lại câu lệnh","txt":"keyboard_return","icon":"","box":"1923,2209 34x34"},{"tag":"BUTTON","al":"Sử dụng lại câu lệnh","txt":"keyboard_return","icon":"","box":"2498,2209 34x34"},{"tag":"BUTTON","al":"Sử dụng lại câu lệnh","txt":"keyboard_return","icon":"","box":"764,2539 34x34"},{"tag":"BUTTON","al":"Sử dụng lại câu lệnh","txt":"keyboard_return","icon":"","box":"1342,2539 34x34"},{"tag":"BUTTON","al":"Sử dụng lại câu lệnh","txt":"keyboard_return","icon":"","box":"1920,2539 34x34"},{"tag":"BUTTON","al":"Sử dụng lại câu lệnh","txt":"keyboard_return","icon":"","box":"2498,2539 34x34"},{"tag":"BUTTON","al":"Sử dụng lại câu lệnh","txt":"keyboard_return","icon":"","box":"648,2805 34x34"},{"tag":"BUTTON","al":"Sử dụng lại câu lệnh","txt":"keyboard_return","icon":"","box":"1109,2805 34x34"},{"tag":"BUTTON","al":"Sử dụng lại câu lệnh","txt":"keyboard_return","icon":"","box":"1571,2805 34x34"},{"tag":"BUTTON","al":"Sử dụng lại câu lệnh","txt":"keyboard_return","icon":"","box":"2033,2805 34x34"},{"tag":"BUTTON","al":"Sử dụng lại câu lệnh","txt":"keyboard_return","icon":"","box":"2498,2805 34x34"},{"tag":"BUTTON","al":"Thêm thành phần vào ô nhập","txt":"add","icon":"","box":"999,1257 32x32"},{"tag":"BUTTON","al":"","txt":"Tác nhân","icon":"","box":"1041,1259 79x28"}],"fileInputs":[]}
2026-09-04T12:13:12.788Z [603411b8-26ac-421d-9a00-7e0953976582][6f7bf0a6-8323-4acd-b50e-b2715aa5dfaa] Start keyframe step2: panel still not visible — waiting last 8s...
2026-09-04T12:13:13.636Z [ef9fd864-c103-4967-b9be-869b8604123e][6f7bf0a6-8323-4acd-b50e-b2715aa5dfaa] Start keyframe step1 fallback: panel visible = false
2026-09-04T12:13:13.644Z [ef9fd864-c103-4967-b9be-869b8604123e][6f7bf0a6-8323-4acd-b50e-b2715aa5dfaa] Start keyframe DIAG composer(final-before-throw): {"rootFound":false,"win":"2560x1280","dpr":1.5,"count":34,"els":[{"tag":"BUTTON","al":"Sử dụng lại câu lệnh","txt":"keyboard_return","icon":"","box":"1111,813 34x34"},{"tag":"BUTTON","al":"Sử dụng lại câu lệnh","txt":"keyboard_return","icon":"","box":"2498,813 34x34"},{"tag":"BUTTON","al":"Sử dụng lại câu lệnh","txt":"keyboard_return","icon":"","box":"1575,1080 34x34"},{"tag":"BUTTON","al":"Sử dụng lại câu lệnh","txt":"keyboard_return","icon":"","box":"2036,1080 34x34"},{"tag":"BUTTON","al":"Sử dụng lại câu lệnh","txt":"keyboard_return","icon":"","box":"650,1346 34x34"},{"tag":"BUTTON","al":"Sử dụng lại câu lệnh","txt":"keyboard_return","icon":"","box":"1111,1346 34x34"},{"tag":"BUTTON","al":"Sử dụng lại câu lệnh","txt":"keyboard_return","icon":"","box":"1572,1346 34x34"},{"tag":"BUTTON","al":"Sử dụng lại câu lệnh","txt":"keyboard_return","icon":"","box":"2037,1346 34x34"},{"tag":"BUTTON","al":"Sử dụng lại câu lệnh","txt":"keyboard_return","icon":"","box":"647,1613 34x34"},{"tag":"BUTTON","al":"Sử dụng lại câu lệnh","txt":"keyboard_return","icon":"","box":"1108,1613 34x34"},{"tag":"BUTTON","al":"Sử dụng lại câu lệnh","txt":"keyboard_return","icon":"","box":"1572,1613 34x34"},{"tag":"BUTTON","al":"Sử dụng lại câu lệnh","txt":"keyboard_return","icon":"","box":"2033,1613 34x34"},{"tag":"BUTTON","al":"Sử dụng lại câu lệnh","txt":"keyboard_return","icon":"","box":"2498,1613 34x34"},{"tag":"BUTTON","al":"Sử dụng lại câu lệnh","txt":"keyboard_return","icon":"","box":"1109,1879 34x34"},{"tag":"BUTTON","al":"Sử dụng lại câu lệnh","txt":"keyboard_return","icon":"","box":"1571,1879 34x34"},{"tag":"BUTTON","al":"Sử dụng lại câu lệnh","txt":"keyboard_return","icon":"","box":"2036,1879 34x34"},{"tag":"BUTTON","al":"Sử dụng lại câu lệnh","txt":"keyboard_return","icon":"","box":"2498,1879 34x34"},{"tag":"BUTTON","al":"Sử dụng lại câu lệnh","txt":"keyboard_return","icon":"","box":"761,2210 34x34"},{"tag":"BUTTON","al":"Sử dụng lại câu lệnh","txt":"keyboard_return","icon":"","box":"1340,2210 34x34"},{"tag":"BUTTON","al":"Sử dụng lại câu lệnh","txt":"keyboard_return","icon":"","box":"1919,2210 34x34"},{"tag":"BUTTON","al":"Sử dụng lại câu lệnh","txt":"keyboard_return","icon":"","box":"2498,2210 34x34"},{"tag":"BUTTON","al":"Sử dụng lại câu lệnh","txt":"keyboard_return","icon":"","box":"764,2539 34x34"},{"tag":"BUTTON","al":"Sử dụng lại câu lệnh","txt":"keyboard_return","icon":"","box":"1342,2539 34x34"},{"tag":"BUTTON","al":"Sử dụng lại câu lệnh","txt":"keyboard_return","icon":"","box":"1920,2539 34x34"},{"tag":"BUTTON","al":"Sử dụng lại câu lệnh","txt":"keyboard_return","icon":"","box":"2498,2539 34x34"},{"tag":"BUTTON","al":"Sử dụng lại câu lệnh","txt":"keyboard_return","icon":"","box":"650,2806 34x34"},{"tag":"BUTTON","al":"Sử dụng lại câu lệnh","txt":"keyboard_return","icon":"","box":"1115,2806 34x34"},{"tag":"BUTTON","al":"Sử dụng lại câu lệnh","txt":"keyboard_return","icon":"","box":"1576,2806 34x34"},{"tag":"BUTTON","al":"Sử dụng lại câu lệnh","txt":"keyboard_return","icon":"","box":"2037,2806 34x34"},{"tag":"BUTTON","al":"Sử dụng lại câu lệnh","txt":"keyboard_return","icon":"","box":"2498,2806 34x34"},{"tag":"BUTTON","al":"Thêm thành phần vào ô nhập","txt":"add","icon":"","box":"999,1257 32x32"},{"tag":"BUTTON","al":"","txt":"Tác nhân","icon":"","box":"1041,1259 79x28"},{"tag":"BUTTON","al":"Điều kiện kích hoạt cài đặ","txt":"Video · 720p · 8 g","icon":"","box":"1376,1257 167x32"},{"tag":"BUTTON","al":"Bắt đầu tạo","txt":"arrow_forward","icon":"","box":"1547,1257 32x32"}],"fileInputs":[]}
2026-09-04T12:13:13.645Z [ef9fd864-c103-4967-b9be-869b8604123e][6f7bf0a6-8323-4acd-b50e-b2715aa5dfaa] Start keyframe step2: panel still not visible — waiting last 8s...
2026-09-04T12:13:16.850Z [dfc4920b-b9aa-4256-9a69-a59fb9dc12ab][6f7bf0a6-8323-4acd-b50e-b2715aa5dfaa] Start keyframe step1 fallback FAILED: page.waitForSelector: Timeout 5000ms exceeded.
Call log:
[2m  - waiting for locator('xpath=/html[1]/body[1]/aisandbox-root[1]/main[1]/flow-project-shell[1]/flow-project-page[1]/div[1]/flow-project-sidenav-container[1]/mat-sidenav-container[1]/mat-sidenav-content[1]/div[1]/div[1]/cdk-virtual-scroll-viewport[1]/div[1]/div[1]/div[3]/flow-grid-tile-container[2]/flow-tile-container[1]/div[1]/flow-image-tile[1]/div[1]/div[3]/flow-tile-hover-footer[1]/div[1]') to be visible[22m
[2m    15 × locator resolved to hidden <div tabindex="0" role="button" cdkoverlayorigin="" class="footer-left" _ngcontent-ng-c1610439531="">…</div>[22m

2026-09-04T12:13:16.865Z [dfc4920b-b9aa-4256-9a69-a59fb9dc12ab][6f7bf0a6-8323-4acd-b50e-b2715aa5dfaa] Start keyframe DIAG composer(final-before-throw): {"rootFound":false,"win":"2560x1280","dpr":1.5,"count":40,"els":[{"tag":"BUTTON","al":"Yêu thích","txt":"favorite","icon":"","box":"593,621 28x28"},{"tag":"BUTTON","al":"Sử dụng lại câu lệnh","txt":"redo","icon":"","box":"623,621 28x28"},{"tag":"BUTTON","al":"Tuỳ chọn khác","txt":"more_vert","icon":"","box":"653,621 28x28"},{"tag":"DIV","al":"","txt":"play_circleCamera ","icon":"","box":"260,829 201x18"},{"tag":"BUTTON","al":"Sử dụng lại câu lệnh","txt":"keyboard_return","icon":"","box":"647,813 34x34"},{"tag":"BUTTON","al":"Yêu thích","txt":"favorite","icon":"","box":"1087,621 28x28"},{"tag":"BUTTON","al":"Tuỳ chọn khác","txt":"more_vert","icon":"","box":"1117,621 28x28"},{"tag":"DIV","al":"","txt":"image1788091477963","icon":"","box":"721,829 368x18"},{"tag":"BUTTON","al":"Sử dụng lại câu lệnh","txt":"keyboard_return","icon":"","box":"1111,813 34x34"},{"tag":"BUTTON","al":"Yêu thích","txt":"favorite","icon":"","box":"1518,621 28x28"},{"tag":"BUTTON","al":"Sử dụng lại câu lệnh","txt":"redo","icon":"","box":"1548,621 28x28"},{"tag":"BUTTON","al":"Tuỳ chọn khác","txt":"more_vert","icon":"","box":"1578,621 28x28"},{"tag":"DIV","al":"","txt":"play_circleGraham ","icon":"","box":"1185,829 175x18"},{"tag":"BUTTON","al":"Sử dụng lại câu lệnh","txt":"keyboard_return","icon":"","box":"1572,813 34x34"},{"tag":"BUTTON","al":"Yêu thích","txt":"favorite","icon":"","box":"1979,621 28x28"},{"tag":"BUTTON","al":"Sử dụng lại câu lệnh","txt":"redo","icon":"","box":"2009,621 28x28"},{"tag":"BUTTON","al":"Tuỳ chọn khác","txt":"more_vert","icon":"","box":"2039,621 28x28"},{"tag":"DIV","al":"","txt":"play_circleGraham ","icon":"","box":"1646,829 189x18"},{"tag":"BUTTON","al":"Sử dụng lại câu lệnh","txt":"keyboard_return","icon":"","box":"2033,813 34x34"},{"tag":"BUTTON","al":"Yêu thích","txt":"favorite","icon":"","box":"2474,621 28x28"},{"tag":"BUTTON","al":"Tuỳ chọn khác","txt":"more_vert","icon":"","box":"2504,621 28x28"},{"tag":"DIV","al":"","txt":"image1788091400568","icon":"","box":"2107,829 369x18"},{"tag":"BUTTON","al":"Sử dụng lại câu lệnh","txt":"keyboard_return","icon":"","box":"2498,813 34x34"},{"tag":"BUTTON","al":"Yêu thích","txt":"favorite","icon":"","box":"593,887 28x28"},{"tag":"BUTTON","al":"Sử dụng lại câu lệnh","txt":"redo","icon":"","box":"623,887 28x28"},{"tag":"BUTTON","al":"Tuỳ chọn khác","txt":"more_vert","icon":"","box":"653,887 28x28"},{"tag":"DIV","al":"","txt":"play_circleArlo ho","icon":"","box":"260,1096 159x18"},{"tag":"BUTTON","al":"Sử dụng lại câu lệnh","txt":"keyboard_return","icon":"","box":"647,1080 34x34"},{"tag":"BUTTON","al":"Yêu thích","txt":"favorite","icon":"","box":"1087,887 28x28"},{"tag":"BUTTON","al":"Tuỳ chọn khác","txt":"more_vert","icon":"","box":"1117,887 28x28"},{"tag":"DIV","al":"","txt":"image1788091233593","icon":"","box":"721,1096 361x18"},{"tag":"BUTTON","al":"Sử dụng lại câu lệnh","txt":"keyboard_return","icon":"","box":"1111,1080 34x34"},{"tag":"BUTTON","al":"Yêu thích","txt":"favorite","icon":"","box":"1518,887 28x28"},{"tag":"BUTTON","al":"Sử dụng lại câu lệnh","txt":"redo","icon":"","box":"1548,887 28x28"},{"tag":"BUTTON","al":"Tuỳ chọn khác","txt":"more_vert","icon":"","box":"1578,887 28x28"},{"tag":"DIV","al":"","txt":"play_circleArlo cr","icon":"","box":"1185,1096 173x18"},{"tag":"BUTTON","al":"Sử dụng lại câu lệnh","txt":"keyboard_return","icon":"","box":"1572,1080 34x34"},{"tag":"BUTTON","al":"Yêu thích","txt":"favorite","icon":"","box":"2013,887 28x28"},{"tag":"BUTTON","al":"Tuỳ chọn khác","txt":"more_vert","icon":"","box":"2043,887 28x28"},{"tag":"DIV","al":"","txt":"image1788091142197","icon":"","box":"1646,1096 361x18"}],"fileInputs":[]}
2026-09-04T12:13:16.866Z [dfc4920b-b9aa-4256-9a69-a59fb9dc12ab][6f7bf0a6-8323-4acd-b50e-b2715aa5dfaa] Start keyframe step2: panel still not visible — waiting last 8s...
2026-09-04T12:13:20.156Z [bcb357d7-69de-4d05-9b8f-5781e8b9c513][6f7bf0a6-8323-4acd-b50e-b2715aa5dfaa] Start keyframe upload failed: page.waitForSelector: Timeout 8000ms exceeded.
Call log:
[2m  - waiting for locator('xpath=/html/body/div[1]/div[2]/div') to be visible[22m

2026-09-04T12:13:20.156Z [bcb357d7-69de-4d05-9b8f-5781e8b9c513][6f7bf0a6-8323-4acd-b50e-b2715aa5dfaa] ⚠ Start keyframe NOT applied: page.waitForSelector: Timeout 8000ms exceeded.
Call log:
[2m  - waiting for locator('xpath=/html/body/div[1]/div[2]/div') to be visible[22m

2026-09-04T12:13:20.166Z [bcb357d7-69de-4d05-9b8f-5781e8b9c513][6f7bf0a6-8323-4acd-b50e-b2715aa5dfaa] DIAG: input[type=file] count=0; visible buttons=["Nút quay lại để quay về trang trước","Các lựa chọn khác cho dự án","Tìm kiếm","Các lựa chọn lọc và sắp xếp","Trình đơn thêm nội dung nghe nhìn","Trợ giúp về sản phẩm","Cài đặt lưới ô","Lựa chọn khác","Sử dụng lại câu lệnh","Sử dụng lại câu lệnh","Sử dụng lại câu lệnh","Sử dụng lại câu lệnh","Sử dụng lại câu lệnh","Sử dụng lại câu lệnh","Sử dụng lại câu lệnh","Sử dụng lại câu lệnh","Sử dụng lại câu lệnh","Sử dụng lại câu lệnh","Sử dụng lại câu lệnh","Sử dụng lại câu lệnh","Sử dụng lại câu lệnh","Sử dụng lại câu lệnh","Sử dụng lại câu lệnh","Sử dụng lại câu lệnh","Sử dụng lại câu lệnh","Sử dụng lại câu lệnh","Sử dụng lại câu lệnh","Sử dụng lại câu lệnh","Sử dụng lại câu lệnh","Sử dụng lại câu lệnh","Sử dụng lại câu lệnh","Sử dụng lại câu lệnh","Sử dụng lại câu lệnh","Sử dụng lại câu lệnh","Sử dụng lại câu lệnh","Sử dụng lại câu lệnh","Sử dụng lại câu lệnh","Sử dụng lại câu lệnh","Sử dụng lại câu lệnh","Sử dụng lại câu lệnh","Sử dụng lại câu lệnh","Sử dụng lại câu lệnh","Sử dụng lại câu lệnh","Sử dụng lại câu lệnh","Sử dụng lại câu lệnh","Sử dụng lại câu lệnh","Sử dụng lại câu lệnh","Sử dụng lại câu lệnh","Sử dụng lại câu lệnh","Sử dụng lại câu lệnh"]
2026-09-04T12:13:20.168Z [bcb357d7-69de-4d05-9b8f-5781e8b9c513][6f7bf0a6-8323-4acd-b50e-b2715aa5dfaa] Flow attempt 1/1 failed: Start keyframe/ingredient provided but could not be attached — aborting before submit to avoid detecting/downloading pre-existing project videos.
2026-09-04T12:13:20.168Z [bcb357d7-69de-4d05-9b8f-5781e8b9c513][6f7bf0a6-8323-4acd-b50e-b2715aa5dfaa] runGeneration ERROR exception: Error: Start keyframe/ingredient provided but could not be attached — aborting before submit to avoid detecting/downloading pre-existing project videos.
    at runGoogleFlow (C:\snapshot\sidecar\dist\sidecar.cjs:9144:11)
    at async runGeneration (C:\snapshot\sidecar\dist\sidecar.cjs:10021:11)
    at async handleCommand (C:\snapshot\sidecar\dist\sidecar.cjs:6510:7)
    at async C:\snapshot\sidecar\dist\sidecar.cjs:6426:11
2026-09-04T12:13:20.790Z [603411b8-26ac-421d-9a00-7e0953976582][6f7bf0a6-8323-4acd-b50e-b2715aa5dfaa] Start keyframe upload failed: page.waitForSelector: Timeout 8000ms exceeded.
Call log:
[2m  - waiting for locator('xpath=/html/body/div[1]/div[2]/div') to be visible[22m

2026-09-04T12:13:20.790Z [603411b8-26ac-421d-9a00-7e0953976582][6f7bf0a6-8323-4acd-b50e-b2715aa5dfaa] ⚠ Start keyframe NOT applied: page.waitForSelector: Timeout 8000ms exceeded.
Call log:
[2m  - waiting for locator('xpath=/html/body/div[1]/div[2]/div') to be visible[22m

2026-09-04T12:13:20.804Z [603411b8-26ac-421d-9a00-7e0953976582][6f7bf0a6-8323-4acd-b50e-b2715aa5dfaa] DIAG: input[type=file] count=0; visible buttons=["Nút quay lại để quay về trang trước","Các lựa chọn khác cho dự án","Tìm kiếm","Các lựa chọn lọc và sắp xếp","Trình đơn thêm nội dung nghe nhìn","Trợ giúp về sản phẩm","Cài đặt lưới ô","Lựa chọn khác","Sử dụng lại câu lệnh","Sử dụng lại câu lệnh","Sử dụng lại câu lệnh","Sử dụng lại câu lệnh","Sử dụng lại câu lệnh","Sử dụng lại câu lệnh","Sử dụng lại câu lệnh","Sử dụng lại câu lệnh","Sử dụng lại câu lệnh","Sử dụng lại câu lệnh","Sử dụng lại câu lệnh","Sử dụng lại câu lệnh","Sử dụng lại câu lệnh","Sử dụng lại câu lệnh","Sử dụng lại câu lệnh","Sử dụng lại câu lệnh","Sử dụng lại câu lệnh","Sử dụng lại câu lệnh","Sử dụng lại câu lệnh","Sử dụng lại câu lệnh","Sử dụng lại câu lệnh","Sử dụng lại câu lệnh","Sử dụng lại câu lệnh","Sử dụng lại câu lệnh","Sử dụng lại câu lệnh","Sử dụng lại câu lệnh","Sử dụng lại câu lệnh","Sử dụng lại câu lệnh","Sử dụng lại câu lệnh","Sử dụng lại câu lệnh","Sử dụng lại câu lệnh","Sử dụng lại câu lệnh","Sử dụng lại câu lệnh","Sử dụng lại câu lệnh","Sử dụng lại câu lệnh","Sử dụng lại câu lệnh","Sử dụng lại câu lệnh","Sử dụng lại câu lệnh","Sử dụng lại câu lệnh","Sử dụng lại câu lệnh","Sử dụng lại câu lệnh","Sử dụng lại câu lệnh"]
2026-09-04T12:13:20.806Z [603411b8-26ac-421d-9a00-7e0953976582][6f7bf0a6-8323-4acd-b50e-b2715aa5dfaa] Flow attempt 1/1 failed: Start keyframe/ingredient provided but could not be attached — aborting before submit to avoid detecting/downloading pre-existing project videos.
2026-09-04T12:13:20.806Z [603411b8-26ac-421d-9a00-7e0953976582][6f7bf0a6-8323-4acd-b50e-b2715aa5dfaa] runGeneration ERROR exception: Error: Start keyframe/ingredient provided but could not be attached — aborting before submit to avoid detecting/downloading pre-existing project videos.
    at runGoogleFlow (C:\snapshot\sidecar\dist\sidecar.cjs:9144:11)
    at async runGeneration (C:\snapshot\sidecar\dist\sidecar.cjs:10021:11)
    at async handleCommand (C:\snapshot\sidecar\dist\sidecar.cjs:6510:7)
    at async C:\snapshot\sidecar\dist\sidecar.cjs:6426:11
2026-09-04T12:13:21.552Z [162f36db-8ad4-4be5-aaf6-ed6016770289][6f7bf0a6-8323-4acd-b50e-b2715aa5dfaa] runGeneration starting: task_id=162f36db-8ad4-4be5-aaf6-ed6016770289, profile_id=6f7bf0a6-8323-4acd-b50e-b2715aa5dfaa, target_site=google_flow
2026-09-04T12:13:21.553Z [162f36db-8ad4-4be5-aaf6-ed6016770289][6f7bf0a6-8323-4acd-b50e-b2715aa5dfaa] Opening Playwright browser with persistent profile cookies...
2026-09-04T12:13:21.553Z [162f36db-8ad4-4be5-aaf6-ed6016770289][6f7bf0a6-8323-4acd-b50e-b2715aa5dfaa] Browser engine: winhide (C:\Users\Admin\AppData\Roaming\com.tank.winai\winhide\chrome.exe) [hidden off-screen]
2026-09-04T12:13:21.553Z [162f36db-8ad4-4be5-aaf6-ed6016770289][6f7bf0a6-8323-4acd-b50e-b2715aa5dfaa] Launch mode: STEALTH (raw spawn + connectOverCDP)
2026-09-04T12:13:21.652Z [ef9fd864-c103-4967-b9be-869b8604123e][6f7bf0a6-8323-4acd-b50e-b2715aa5dfaa] Start keyframe upload failed: page.waitForSelector: Timeout 8000ms exceeded.
Call log:
[2m  - waiting for locator('xpath=/html/body/div[1]/div[2]/div') to be visible[22m

2026-09-04T12:13:21.652Z [ef9fd864-c103-4967-b9be-869b8604123e][6f7bf0a6-8323-4acd-b50e-b2715aa5dfaa] ⚠ Start keyframe NOT applied: page.waitForSelector: Timeout 8000ms exceeded.
Call log:
[2m  - waiting for locator('xpath=/html/body/div[1]/div[2]/div') to be visible[22m

2026-09-04T12:13:21.666Z [ef9fd864-c103-4967-b9be-869b8604123e][6f7bf0a6-8323-4acd-b50e-b2715aa5dfaa] DIAG: input[type=file] count=0; visible buttons=["Nút quay lại để quay về trang trước","Các lựa chọn khác cho dự án","Tìm kiếm","Các lựa chọn lọc và sắp xếp","Trình đơn thêm nội dung nghe nhìn","Trợ giúp về sản phẩm","Cài đặt lưới ô","Lựa chọn khác","Sử dụng lại câu lệnh","Sử dụng lại câu lệnh","Sử dụng lại câu lệnh","Sử dụng lại câu lệnh","Sử dụng lại câu lệnh","Sử dụng lại câu lệnh","Sử dụng lại câu lệnh","Sử dụng lại câu lệnh","Sử dụng lại câu lệnh","Sử dụng lại câu lệnh","Sử dụng lại câu lệnh","Sử dụng lại câu lệnh","Sử dụng lại câu lệnh","Sử dụng lại câu lệnh","Sử dụng lại câu lệnh","Sử dụng lại câu lệnh","Sử dụng lại câu lệnh","Sử dụng lại câu lệnh","Sử dụng lại câu lệnh","Sử dụng lại câu lệnh","Sử dụng lại câu lệnh","Sử dụng lại câu lệnh","Thêm thành phần vào ô nhập câu lệnh","Tác nhân","Điều kiện kích hoạt cài đặt","Bắt đầu tạo"]
2026-09-04T12:13:21.668Z [ef9fd864-c103-4967-b9be-869b8604123e][6f7bf0a6-8323-4acd-b50e-b2715aa5dfaa] Flow attempt 1/1 failed: Start keyframe/ingredient provided but could not be attached — aborting before submit to avoid detecting/downloading pre-existing project videos.
2026-09-04T12:13:21.668Z [ef9fd864-c103-4967-b9be-869b8604123e][6f7bf0a6-8323-4acd-b50e-b2715aa5dfaa] runGeneration ERROR exception: Error: Start keyframe/ingredient provided but could not be attached — aborting before submit to avoid detecting/downloading pre-existing project videos.
    at runGoogleFlow (C:\snapshot\sidecar\dist\sidecar.cjs:9144:11)
    at async runGeneration (C:\snapshot\sidecar\dist\sidecar.cjs:10021:11)
    at async handleCommand (C:\snapshot\sidecar\dist\sidecar.cjs:6510:7)
    at async C:\snapshot\sidecar\dist\sidecar.cjs:6426:11
2026-09-04T12:13:21.725Z [2c949ac7-57d5-4926-8819-2ca07bd9f333][6f7bf0a6-8323-4acd-b50e-b2715aa5dfaa] runGeneration starting: task_id=2c949ac7-57d5-4926-8819-2ca07bd9f333, profile_id=6f7bf0a6-8323-4acd-b50e-b2715aa5dfaa, target_site=google_flow
2026-09-04T12:13:21.726Z [2c949ac7-57d5-4926-8819-2ca07bd9f333][6f7bf0a6-8323-4acd-b50e-b2715aa5dfaa] Opening Playwright browser with persistent profile cookies...
2026-09-04T12:13:21.726Z [2c949ac7-57d5-4926-8819-2ca07bd9f333][6f7bf0a6-8323-4acd-b50e-b2715aa5dfaa] Browser engine: winhide (C:\Users\Admin\AppData\Roaming\com.tank.winai\winhide\chrome.exe) [hidden off-screen]
2026-09-04T12:13:21.727Z [2c949ac7-57d5-4926-8819-2ca07bd9f333][6f7bf0a6-8323-4acd-b50e-b2715aa5dfaa] Launch mode: STEALTH (raw spawn + connectOverCDP)
2026-09-04T12:13:23.006Z [162f36db-8ad4-4be5-aaf6-ed6016770289][6f7bf0a6-8323-4acd-b50e-b2715aa5dfaa] Exit IP: 115.74.128.9
2026-09-04T12:13:23.007Z [162f36db-8ad4-4be5-aaf6-ed6016770289][6f7bf0a6-8323-4acd-b50e-b2715aa5dfaa] Navigating browser to Google Flow tools page...
2026-09-04T12:13:23.007Z [162f36db-8ad4-4be5-aaf6-ed6016770289][6f7bf0a6-8323-4acd-b50e-b2715aa5dfaa] Using existing project URL: https://flow.google.com/project/cd81a7d3-c989-419e-891a-f8694174cb85
2026-09-04T12:13:23.115Z [f537e182-0c08-4ace-a635-8c93c69477e7][6f7bf0a6-8323-4acd-b50e-b2715aa5dfaa] runGeneration starting: task_id=f537e182-0c08-4ace-a635-8c93c69477e7, profile_id=6f7bf0a6-8323-4acd-b50e-b2715aa5dfaa, target_site=google_flow
2026-09-04T12:13:23.116Z [f537e182-0c08-4ace-a635-8c93c69477e7][6f7bf0a6-8323-4acd-b50e-b2715aa5dfaa] Opening Playwright browser with persistent profile cookies...
2026-09-04T12:13:23.117Z [f537e182-0c08-4ace-a635-8c93c69477e7][6f7bf0a6-8323-4acd-b50e-b2715aa5dfaa] Browser engine: winhide (C:\Users\Admin\AppData\Roaming\com.tank.winai\winhide\chrome.exe) [hidden off-screen]
2026-09-04T12:13:23.118Z [f537e182-0c08-4ace-a635-8c93c69477e7][6f7bf0a6-8323-4acd-b50e-b2715aa5dfaa] Launch mode: STEALTH (raw spawn + connectOverCDP)
2026-09-04T12:13:23.283Z [2c949ac7-57d5-4926-8819-2ca07bd9f333][6f7bf0a6-8323-4acd-b50e-b2715aa5dfaa] Exit IP: 115.74.128.9
2026-09-04T12:13:23.284Z [2c949ac7-57d5-4926-8819-2ca07bd9f333][6f7bf0a6-8323-4acd-b50e-b2715aa5dfaa] Navigating browser to Google Flow tools page...
2026-09-04T12:13:23.284Z [2c949ac7-57d5-4926-8819-2ca07bd9f333][6f7bf0a6-8323-4acd-b50e-b2715aa5dfaa] Using existing project URL: https://flow.google.com/project/cae2bf2b-d1b8-40f9-a300-9f2aa6276ea5
2026-09-04T12:13:24.100Z [162f36db-8ad4-4be5-aaf6-ed6016770289][6f7bf0a6-8323-4acd-b50e-b2715aa5dfaa] Waiting for Google Flow...
2026-09-04T12:13:24.470Z [2c949ac7-57d5-4926-8819-2ca07bd9f333][6f7bf0a6-8323-4acd-b50e-b2715aa5dfaa] Waiting for Google Flow...
2026-09-04T12:13:24.711Z [f537e182-0c08-4ace-a635-8c93c69477e7][6f7bf0a6-8323-4acd-b50e-b2715aa5dfaa] Exit IP: 115.74.128.9
2026-09-04T12:13:24.712Z [f537e182-0c08-4ace-a635-8c93c69477e7][6f7bf0a6-8323-4acd-b50e-b2715aa5dfaa] Navigating browser to Google Flow tools page...
2026-09-04T12:13:24.712Z [f537e182-0c08-4ace-a635-8c93c69477e7][6f7bf0a6-8323-4acd-b50e-b2715aa5dfaa] Using existing project URL: https://flow.google.com/project/33ca2cc2-c9ff-4bb6-9048-2a7af1dfcfee
2026-09-04T12:13:24.874Z [dfc4920b-b9aa-4256-9a69-a59fb9dc12ab][6f7bf0a6-8323-4acd-b50e-b2715aa5dfaa] Start keyframe upload failed: page.waitForSelector: Timeout 8000ms exceeded.
Call log:
[2m  - waiting for locator('xpath=/html/body/div[1]/div[2]/div') to be visible[22m

2026-09-04T12:13:24.875Z [dfc4920b-b9aa-4256-9a69-a59fb9dc12ab][6f7bf0a6-8323-4acd-b50e-b2715aa5dfaa] ⚠ Start keyframe NOT applied: page.waitForSelector: Timeout 8000ms exceeded.
Call log:
[2m  - waiting for locator('xpath=/html/body/div[1]/div[2]/div') to be visible[22m

2026-09-04T12:13:24.898Z [dfc4920b-b9aa-4256-9a69-a59fb9dc12ab][6f7bf0a6-8323-4acd-b50e-b2715aa5dfaa] DIAG: input[type=file] count=0; visible buttons=["Nút quay lại để quay về trang trước","Các lựa chọn khác cho dự án","Tìm kiếm","Các lựa chọn lọc và sắp xếp","Trình đơn thêm nội dung nghe nhìn","Trợ giúp về sản phẩm","Cài đặt lưới ô","Lựa chọn khác","Sử dụng lại câu lệnh","Sử dụng lại câu lệnh","Sử dụng lại câu lệnh","Sử dụng lại câu lệnh","Sử dụng lại câu lệnh","Sử dụng lại câu lệnh","Sử dụng lại câu lệnh","Sử dụng lại câu lệnh","Sử dụng lại câu lệnh","Sử dụng lại câu lệnh","Sử dụng lại câu lệnh","Sử dụng lại câu lệnh","Sử dụng lại câu lệnh","Sử dụng lại câu lệnh","Sử dụng lại câu lệnh","Sử dụng lại câu lệnh","Sử dụng lại câu lệnh","Sử dụng lại câu lệnh","Sử dụng lại câu lệnh","Sử dụng lại câu lệnh","Sử dụng lại câu lệnh","Sử dụng lại câu lệnh","Sử dụng lại câu lệnh","Sử dụng lại câu lệnh","Sử dụng lại câu lệnh","Sử dụng lại câu lệnh","Sử dụng lại câu lệnh","Sử dụng lại câu lệnh","Sử dụng lại câu lệnh","Sử dụng lại câu lệnh","Sử dụng lại câu lệnh","Sử dụng lại câu lệnh","Sử dụng lại câu lệnh","Sử dụng lại câu lệnh","Sử dụng lại câu lệnh","Sử dụng lại câu lệnh","Sử dụng lại câu lệnh","Sử dụng lại câu lệnh","Sử dụng lại câu lệnh","Sử dụng lại câu lệnh","Sử dụng lại câu lệnh","Sử dụng lại câu lệnh"]
2026-09-04T12:13:24.899Z [dfc4920b-b9aa-4256-9a69-a59fb9dc12ab][6f7bf0a6-8323-4acd-b50e-b2715aa5dfaa] Flow attempt 1/1 failed: Start keyframe/ingredient provided but could not be attached — aborting before submit to avoid detecting/downloading pre-existing project videos.
2026-09-04T12:13:24.900Z [dfc4920b-b9aa-4256-9a69-a59fb9dc12ab][6f7bf0a6-8323-4acd-b50e-b2715aa5dfaa] runGeneration ERROR exception: Error: Start keyframe/ingredient provided but could not be attached — aborting before submit to avoid detecting/downloading pre-existing project videos.
    at runGoogleFlow (C:\snapshot\sidecar\dist\sidecar.cjs:9144:11)
    at async runGeneration (C:\snapshot\sidecar\dist\sidecar.cjs:10021:11)
    at async handleCommand (C:\snapshot\sidecar\dist\sidecar.cjs:6510:7)
    at async C:\snapshot\sidecar\dist\sidecar.cjs:6426:11
2026-09-04T12:13:25.566Z [f537e182-0c08-4ace-a635-8c93c69477e7][6f7bf0a6-8323-4acd-b50e-b2715aa5dfaa] Waiting for Google Flow...
2026-09-04T12:13:25.917Z [162f36db-8ad4-4be5-aaf6-ed6016770289][6f7bf0a6-8323-4acd-b50e-b2715aa5dfaa] In existing project ✓
2026-09-04T12:13:26.240Z [c142cbc4-d229-4734-858b-f964cdbb0d0f][6f7bf0a6-8323-4acd-b50e-b2715aa5dfaa] runGeneration starting: task_id=c142cbc4-d229-4734-858b-f964cdbb0d0f, profile_id=6f7bf0a6-8323-4acd-b50e-b2715aa5dfaa, target_site=google_flow
2026-09-04T12:13:26.241Z [c142cbc4-d229-4734-858b-f964cdbb0d0f][6f7bf0a6-8323-4acd-b50e-b2715aa5dfaa] Opening Playwright browser with persistent profile cookies...
2026-09-04T12:13:26.242Z [c142cbc4-d229-4734-858b-f964cdbb0d0f][6f7bf0a6-8323-4acd-b50e-b2715aa5dfaa] Browser engine: winhide (C:\Users\Admin\AppData\Roaming\com.tank.winai\winhide\chrome.exe) [hidden off-screen]
2026-09-04T12:13:26.242Z [c142cbc4-d229-4734-858b-f964cdbb0d0f][6f7bf0a6-8323-4acd-b50e-b2715aa5dfaa] Launch mode: STEALTH (raw spawn + connectOverCDP)
2026-09-04T12:13:26.644Z [2c949ac7-57d5-4926-8819-2ca07bd9f333][6f7bf0a6-8323-4acd-b50e-b2715aa5dfaa] In existing project ✓
2026-09-04T12:13:26.888Z [162f36db-8ad4-4be5-aaf6-ed6016770289][6f7bf0a6-8323-4acd-b50e-b2715aa5dfaa] dismissPopups: unresolved overlay(s) ["IFRAME[presentation]|btns="]
2026-09-04T12:13:27.877Z [f537e182-0c08-4ace-a635-8c93c69477e7][6f7bf0a6-8323-4acd-b50e-b2715aa5dfaa] In existing project ✓
2026-09-04T12:13:28.037Z [c142cbc4-d229-4734-858b-f964cdbb0d0f][6f7bf0a6-8323-4acd-b50e-b2715aa5dfaa] Exit IP: 115.74.128.9
2026-09-04T12:13:28.037Z [c142cbc4-d229-4734-858b-f964cdbb0d0f][6f7bf0a6-8323-4acd-b50e-b2715aa5dfaa] Navigating browser to Google Flow tools page...
2026-09-04T12:13:28.038Z [c142cbc4-d229-4734-858b-f964cdbb0d0f][6f7bf0a6-8323-4acd-b50e-b2715aa5dfaa] Using existing project URL: https://flow.google.com/project/c2a607c5-d833-4be1-8108-407b74d4ed85
2026-09-04T12:13:28.993Z [c142cbc4-d229-4734-858b-f964cdbb0d0f][6f7bf0a6-8323-4acd-b50e-b2715aa5dfaa] Waiting for Google Flow...
2026-09-04T12:13:29.068Z [f537e182-0c08-4ace-a635-8c93c69477e7][6f7bf0a6-8323-4acd-b50e-b2715aa5dfaa] dismissPopups: unresolved overlay(s) ["IFRAME[presentation]|btns="]
2026-09-04T12:13:30.926Z [c142cbc4-d229-4734-858b-f964cdbb0d0f][6f7bf0a6-8323-4acd-b50e-b2715aa5dfaa] In existing project ✓
2026-09-04T12:13:31.800Z [c142cbc4-d229-4734-858b-f964cdbb0d0f][6f7bf0a6-8323-4acd-b50e-b2715aa5dfaa] dismissPopups: unresolved overlay(s) ["IFRAME[presentation]|btns="]
2026-09-04T12:22:44.790Z [81786005-e060-476a-88e4-96bfa715d158][036a6086-e2e4-4cc3-a726-3a3da88e9c0a] runGeneration starting: task_id=81786005-e060-476a-88e4-96bfa715d158, profile_id=036a6086-e2e4-4cc3-a726-3a3da88e9c0a, target_site=google_flow
2026-09-04T12:22:44.791Z [81786005-e060-476a-88e4-96bfa715d158][036a6086-e2e4-4cc3-a726-3a3da88e9c0a] Opening Playwright browser with persistent profile cookies...
2026-09-04T12:22:44.791Z [81786005-e060-476a-88e4-96bfa715d158][036a6086-e2e4-4cc3-a726-3a3da88e9c0a] Browser engine: winhide (C:\Users\Admin\AppData\Roaming\com.tank.winai\winhide\chrome.exe) [hidden off-screen]
2026-09-04T12:22:44.792Z [81786005-e060-476a-88e4-96bfa715d158][036a6086-e2e4-4cc3-a726-3a3da88e9c0a] Launch mode: STEALTH (raw spawn + connectOverCDP)
2026-09-04T12:22:44.795Z [907cd4fa-f0cf-4889-8d51-578168cb0f30][036a6086-e2e4-4cc3-a726-3a3da88e9c0a] runGeneration starting: task_id=907cd4fa-f0cf-4889-8d51-578168cb0f30, profile_id=036a6086-e2e4-4cc3-a726-3a3da88e9c0a, target_site=google_flow
2026-09-04T12:22:44.796Z [907cd4fa-f0cf-4889-8d51-578168cb0f30][036a6086-e2e4-4cc3-a726-3a3da88e9c0a] Opening Playwright browser with persistent profile cookies...
2026-09-04T12:22:44.797Z [907cd4fa-f0cf-4889-8d51-578168cb0f30][036a6086-e2e4-4cc3-a726-3a3da88e9c0a] Browser engine: winhide (C:\Users\Admin\AppData\Roaming\com.tank.winai\winhide\chrome.exe) [hidden off-screen]
2026-09-04T12:22:44.797Z [907cd4fa-f0cf-4889-8d51-578168cb0f30][036a6086-e2e4-4cc3-a726-3a3da88e9c0a] Launch mode: STEALTH (raw spawn + connectOverCDP)
2026-09-04T12:22:44.805Z [4dc91f7a-6a56-419d-ba5e-24d8806798b1][036a6086-e2e4-4cc3-a726-3a3da88e9c0a] runGeneration starting: task_id=4dc91f7a-6a56-419d-ba5e-24d8806798b1, profile_id=036a6086-e2e4-4cc3-a726-3a3da88e9c0a, target_site=google_flow
2026-09-04T12:22:44.806Z [4dc91f7a-6a56-419d-ba5e-24d8806798b1][036a6086-e2e4-4cc3-a726-3a3da88e9c0a] Opening Playwright browser with persistent profile cookies...
2026-09-04T12:22:44.806Z [4dc91f7a-6a56-419d-ba5e-24d8806798b1][036a6086-e2e4-4cc3-a726-3a3da88e9c0a] Browser engine: winhide (C:\Users\Admin\AppData\Roaming\com.tank.winai\winhide\chrome.exe) [hidden off-screen]
2026-09-04T12:22:44.807Z [4dc91f7a-6a56-419d-ba5e-24d8806798b1][036a6086-e2e4-4cc3-a726-3a3da88e9c0a] Launch mode: STEALTH (raw spawn + connectOverCDP)
2026-09-04T12:22:44.805Z [bf1eca05-9764-4d5a-89c2-a75892b8f19b][036a6086-e2e4-4cc3-a726-3a3da88e9c0a] runGeneration starting: task_id=bf1eca05-9764-4d5a-89c2-a75892b8f19b, profile_id=036a6086-e2e4-4cc3-a726-3a3da88e9c0a, target_site=google_flow
2026-09-04T12:22:44.806Z [bf1eca05-9764-4d5a-89c2-a75892b8f19b][036a6086-e2e4-4cc3-a726-3a3da88e9c0a] Opening Playwright browser with persistent profile cookies...
2026-09-04T12:22:44.806Z [bf1eca05-9764-4d5a-89c2-a75892b8f19b][036a6086-e2e4-4cc3-a726-3a3da88e9c0a] Browser engine: winhide (C:\Users\Admin\AppData\Roaming\com.tank.winai\winhide\chrome.exe) [hidden off-screen]
2026-09-04T12:22:44.807Z [bf1eca05-9764-4d5a-89c2-a75892b8f19b][036a6086-e2e4-4cc3-a726-3a3da88e9c0a] Launch mode: STEALTH (raw spawn + connectOverCDP)
2026-09-04T12:22:47.446Z [bf1eca05-9764-4d5a-89c2-a75892b8f19b][036a6086-e2e4-4cc3-a726-3a3da88e9c0a] Exit IP: 115.74.128.9
2026-09-04T12:22:47.447Z [bf1eca05-9764-4d5a-89c2-a75892b8f19b][036a6086-e2e4-4cc3-a726-3a3da88e9c0a] Navigating browser to Google Flow tools page...
2026-09-04T12:22:47.448Z [bf1eca05-9764-4d5a-89c2-a75892b8f19b][036a6086-e2e4-4cc3-a726-3a3da88e9c0a] Using existing project URL: https://flow.google.com/project/cd81a7d3-c989-419e-891a-f8694174cb85
2026-09-04T12:22:47.516Z [4dc91f7a-6a56-419d-ba5e-24d8806798b1][036a6086-e2e4-4cc3-a726-3a3da88e9c0a] Exit IP: 115.74.128.9
2026-09-04T12:22:47.516Z [4dc91f7a-6a56-419d-ba5e-24d8806798b1][036a6086-e2e4-4cc3-a726-3a3da88e9c0a] Navigating browser to Google Flow tools page...
2026-09-04T12:22:47.517Z [4dc91f7a-6a56-419d-ba5e-24d8806798b1][036a6086-e2e4-4cc3-a726-3a3da88e9c0a] Using existing project URL: https://flow.google.com/project/cae2bf2b-d1b8-40f9-a300-9f2aa6276ea5
2026-09-04T12:22:47.588Z [907cd4fa-f0cf-4889-8d51-578168cb0f30][036a6086-e2e4-4cc3-a726-3a3da88e9c0a] Exit IP: 115.74.128.9
2026-09-04T12:22:47.589Z [907cd4fa-f0cf-4889-8d51-578168cb0f30][036a6086-e2e4-4cc3-a726-3a3da88e9c0a] Navigating browser to Google Flow tools page...
2026-09-04T12:22:47.589Z [907cd4fa-f0cf-4889-8d51-578168cb0f30][036a6086-e2e4-4cc3-a726-3a3da88e9c0a] Using existing project URL: https://flow.google.com/project/c2a607c5-d833-4be1-8108-407b74d4ed85
2026-09-04T12:22:47.864Z [81786005-e060-476a-88e4-96bfa715d158][036a6086-e2e4-4cc3-a726-3a3da88e9c0a] Exit IP: 115.74.128.9
2026-09-04T12:22:47.865Z [81786005-e060-476a-88e4-96bfa715d158][036a6086-e2e4-4cc3-a726-3a3da88e9c0a] Navigating browser to Google Flow tools page...
2026-09-04T12:22:47.865Z [81786005-e060-476a-88e4-96bfa715d158][036a6086-e2e4-4cc3-a726-3a3da88e9c0a] Using existing project URL: https://flow.google.com/project/33ca2cc2-c9ff-4bb6-9048-2a7af1dfcfee
2026-09-04T12:22:48.421Z [bf1eca05-9764-4d5a-89c2-a75892b8f19b][036a6086-e2e4-4cc3-a726-3a3da88e9c0a] Waiting for Google Flow...
2026-09-04T12:22:48.686Z [907cd4fa-f0cf-4889-8d51-578168cb0f30][036a6086-e2e4-4cc3-a726-3a3da88e9c0a] Waiting for Google Flow...
2026-09-04T12:22:48.712Z [4dc91f7a-6a56-419d-ba5e-24d8806798b1][036a6086-e2e4-4cc3-a726-3a3da88e9c0a] Waiting for Google Flow...
2026-09-04T12:22:48.950Z [81786005-e060-476a-88e4-96bfa715d158][036a6086-e2e4-4cc3-a726-3a3da88e9c0a] Waiting for Google Flow...
2026-09-04T12:22:50.301Z [907cd4fa-f0cf-4889-8d51-578168cb0f30][036a6086-e2e4-4cc3-a726-3a3da88e9c0a] In existing project ✓
2026-09-04T12:22:50.438Z [4dc91f7a-6a56-419d-ba5e-24d8806798b1][036a6086-e2e4-4cc3-a726-3a3da88e9c0a] In existing project ✓
2026-09-04T12:22:50.466Z [bf1eca05-9764-4d5a-89c2-a75892b8f19b][036a6086-e2e4-4cc3-a726-3a3da88e9c0a] In existing project ✓
2026-09-04T12:22:51.104Z [81786005-e060-476a-88e4-96bfa715d158][036a6086-e2e4-4cc3-a726-3a3da88e9c0a] In existing project ✓
2026-09-04T12:22:51.456Z [907cd4fa-f0cf-4889-8d51-578168cb0f30][036a6086-e2e4-4cc3-a726-3a3da88e9c0a] dismissPopups: unresolved overlay(s) ["IFRAME[presentation]|btns="]
2026-09-04T12:22:51.522Z [4dc91f7a-6a56-419d-ba5e-24d8806798b1][036a6086-e2e4-4cc3-a726-3a3da88e9c0a] dismissPopups: unresolved overlay(s) ["IFRAME[presentation]|btns="]
2026-09-04T12:22:51.621Z [bf1eca05-9764-4d5a-89c2-a75892b8f19b][036a6086-e2e4-4cc3-a726-3a3da88e9c0a] dismissPopups: unresolved overlay(s) ["IFRAME[presentation]|btns="]
2026-09-04T12:22:51.978Z [81786005-e060-476a-88e4-96bfa715d158][036a6086-e2e4-4cc3-a726-3a3da88e9c0a] dismissPopups: unresolved overlay(s) ["IFRAME[presentation]|btns="]
2026-09-04T12:23:21.480Z [907cd4fa-f0cf-4889-8d51-578168cb0f30][036a6086-e2e4-4cc3-a726-3a3da88e9c0a] Composer readiness wait timed out — diagnosing...
2026-09-04T12:23:21.486Z [907cd4fa-f0cf-4889-8d51-578168cb0f30][036a6086-e2e4-4cc3-a726-3a3da88e9c0a] READINESS-DIAG: {"url":"https://flow.google.com/project/c2a607c5-d833-4be1-8108-407b74d4ed85","vh":1280,"ceCount":1,"ce":["DIV@1217"],"btnCount":30,"btns":["arrow_back@18","more_vert@18","search@21","filter_list@18","add@18","help@18","settings_2@18","more_vert@18","@88","@88","@88","@88","@88","@88","@88","@88","@88","@88","@88","@88","@88","@88","@355","@355","@355","@355","@355","@355","@355","@355"]}
2026-09-04T12:23:21.540Z [4dc91f7a-6a56-419d-ba5e-24d8806798b1][036a6086-e2e4-4cc3-a726-3a3da88e9c0a] Composer readiness wait timed out — diagnosing...
2026-09-04T12:23:21.548Z [4dc91f7a-6a56-419d-ba5e-24d8806798b1][036a6086-e2e4-4cc3-a726-3a3da88e9c0a] READINESS-DIAG: {"url":"https://flow.google.com/project/cae2bf2b-d1b8-40f9-a300-9f2aa6276ea5","vh":1280,"ceCount":1,"ce":["DIV@1217"],"btnCount":30,"btns":["arrow_back@18","more_vert@18","search@21","filter_list@18","add@18","help@18","settings_2@18","more_vert@18","@88","@88","@88","@88","@88","@88","@88","@88","@88","@88","@88","@88","@88","@354","@354","@354","@354","@354","@354","@354","@354","@354"]}
2026-09-04T12:23:21.645Z [bf1eca05-9764-4d5a-89c2-a75892b8f19b][036a6086-e2e4-4cc3-a726-3a3da88e9c0a] Composer readiness wait timed out — diagnosing...
2026-09-04T12:23:21.650Z [bf1eca05-9764-4d5a-89c2-a75892b8f19b][036a6086-e2e4-4cc3-a726-3a3da88e9c0a] READINESS-DIAG: {"url":"https://flow.google.com/project/cd81a7d3-c989-419e-891a-f8694174cb85","vh":1280,"ceCount":1,"ce":["DIV@1217"],"btnCount":30,"btns":["arrow_back@18","more_vert@18","search@21","filter_list@18","add@18","help@18","settings_2@18","more_vert@18","@88","@88","@88","@88","@88","@88","@88","@88","@88","@88","@88","@88","@88","@354","@354","@354","@354","@354","@354","@354","@354","@354"]}
2026-09-04T12:23:21.991Z [81786005-e060-476a-88e4-96bfa715d158][036a6086-e2e4-4cc3-a726-3a3da88e9c0a] Composer readiness wait timed out — diagnosing...
2026-09-04T12:23:21.996Z [81786005-e060-476a-88e4-96bfa715d158][036a6086-e2e4-4cc3-a726-3a3da88e9c0a] READINESS-DIAG: {"url":"https://flow.google.com/project/33ca2cc2-c9ff-4bb6-9048-2a7af1dfcfee","vh":1280,"ceCount":1,"ce":["DIV@1217"],"btnCount":30,"btns":["arrow_back@18","more_vert@18","search@21","filter_list@18","add@18","help@18","settings_2@18","more_vert@18","@88","@88","@88","@88","@88","@88","@88","@88","@88","@88","@88","@88","@88","@88","@355","@355","@355","@355","@355","@355","@355","@355"]}
2026-09-04T12:23:23.509Z [907cd4fa-f0cf-4889-8d51-578168cb0f30][036a6086-e2e4-4cc3-a726-3a3da88e9c0a] Agent toggle aria-pressed=false
2026-09-04T12:23:23.510Z [907cd4fa-f0cf-4889-8d51-578168cb0f30][036a6086-e2e4-4cc3-a726-3a3da88e9c0a] Already in normal mode (or Agent toggle absent) — no switch needed.
2026-09-04T12:23:23.520Z [907cd4fa-f0cf-4889-8d51-578168cb0f30][036a6086-e2e4-4cc3-a726-3a3da88e9c0a] dismissPopups: removed 148 overlay(s) ["DIV.header-backdrop|","DIV.pre-hover-overlay|play_circle","DIV.hover-overlay-has-progress-bar|"]
2026-09-04T12:23:23.578Z [4dc91f7a-6a56-419d-ba5e-24d8806798b1][036a6086-e2e4-4cc3-a726-3a3da88e9c0a] Agent toggle aria-pressed=false
2026-09-04T12:23:23.579Z [4dc91f7a-6a56-419d-ba5e-24d8806798b1][036a6086-e2e4-4cc3-a726-3a3da88e9c0a] Already in normal mode (or Agent toggle absent) — no switch needed.
2026-09-04T12:23:23.589Z [4dc91f7a-6a56-419d-ba5e-24d8806798b1][036a6086-e2e4-4cc3-a726-3a3da88e9c0a] dismissPopups: removed 142 overlay(s) ["DIV.header-backdrop|","DIV.pre-hover-overlay|","DIV.hover-overlay|"]
2026-09-04T12:23:23.672Z [bf1eca05-9764-4d5a-89c2-a75892b8f19b][036a6086-e2e4-4cc3-a726-3a3da88e9c0a] Agent toggle aria-pressed=false
2026-09-04T12:23:23.672Z [bf1eca05-9764-4d5a-89c2-a75892b8f19b][036a6086-e2e4-4cc3-a726-3a3da88e9c0a] Already in normal mode (or Agent toggle absent) — no switch needed.
2026-09-04T12:23:23.683Z [bf1eca05-9764-4d5a-89c2-a75892b8f19b][036a6086-e2e4-4cc3-a726-3a3da88e9c0a] dismissPopups: removed 145 overlay(s) ["DIV.header-backdrop|","DIV.pre-hover-overlay|play_circle","DIV.hover-overlay-has-progress-bar|"]
2026-09-04T12:23:23.935Z [907cd4fa-f0cf-4889-8d51-578168cb0f30][036a6086-e2e4-4cc3-a726-3a3da88e9c0a] dismissPopups: unresolved overlay(s) ["IFRAME[presentation]|btns="]
2026-09-04T12:23:23.940Z [907cd4fa-f0cf-4889-8d51-578168cb0f30][036a6086-e2e4-4cc3-a726-3a3da88e9c0a] Opening settings...
2026-09-04T12:23:23.941Z [907cd4fa-f0cf-4889-8d51-578168cb0f30][036a6086-e2e4-4cc3-a726-3a3da88e9c0a] Trying absolute XPath for settings button...
2026-09-04T12:23:23.943Z [907cd4fa-f0cf-4889-8d51-578168cb0f30][036a6086-e2e4-4cc3-a726-3a3da88e9c0a] Trying composer config-chip (crop_ glyph)...
2026-09-04T12:23:23.995Z [4dc91f7a-6a56-419d-ba5e-24d8806798b1][036a6086-e2e4-4cc3-a726-3a3da88e9c0a] dismissPopups: unresolved overlay(s) ["IFRAME[presentation]|btns="]
2026-09-04T12:23:24.002Z [4dc91f7a-6a56-419d-ba5e-24d8806798b1][036a6086-e2e4-4cc3-a726-3a3da88e9c0a] Opening settings...
2026-09-04T12:23:24.003Z [4dc91f7a-6a56-419d-ba5e-24d8806798b1][036a6086-e2e4-4cc3-a726-3a3da88e9c0a] Trying absolute XPath for settings button...
2026-09-04T12:23:24.006Z [4dc91f7a-6a56-419d-ba5e-24d8806798b1][036a6086-e2e4-4cc3-a726-3a3da88e9c0a] Trying composer config-chip (crop_ glyph)...
2026-09-04T12:23:24.023Z [81786005-e060-476a-88e4-96bfa715d158][036a6086-e2e4-4cc3-a726-3a3da88e9c0a] Agent toggle aria-pressed=false
2026-09-04T12:23:24.024Z [81786005-e060-476a-88e4-96bfa715d158][036a6086-e2e4-4cc3-a726-3a3da88e9c0a] Already in normal mode (or Agent toggle absent) — no switch needed.
2026-09-04T12:23:24.034Z [81786005-e060-476a-88e4-96bfa715d158][036a6086-e2e4-4cc3-a726-3a3da88e9c0a] dismissPopups: removed 145 overlay(s) ["DIV.header-backdrop|","DIV.pre-hover-overlay|play_circle","DIV.hover-overlay-has-progress-bar|"]
2026-09-04T12:23:24.104Z [bf1eca05-9764-4d5a-89c2-a75892b8f19b][036a6086-e2e4-4cc3-a726-3a3da88e9c0a] dismissPopups: unresolved overlay(s) ["IFRAME[presentation]|btns="]
2026-09-04T12:23:24.110Z [bf1eca05-9764-4d5a-89c2-a75892b8f19b][036a6086-e2e4-4cc3-a726-3a3da88e9c0a] Opening settings...
2026-09-04T12:23:24.110Z [bf1eca05-9764-4d5a-89c2-a75892b8f19b][036a6086-e2e4-4cc3-a726-3a3da88e9c0a] Trying absolute XPath for settings button...
2026-09-04T12:23:24.113Z [bf1eca05-9764-4d5a-89c2-a75892b8f19b][036a6086-e2e4-4cc3-a726-3a3da88e9c0a] Trying composer config-chip (crop_ glyph)...
2026-09-04T12:23:24.443Z [81786005-e060-476a-88e4-96bfa715d158][036a6086-e2e4-4cc3-a726-3a3da88e9c0a] dismissPopups: unresolved overlay(s) ["IFRAME[presentation]|btns="]
2026-09-04T12:23:24.450Z [81786005-e060-476a-88e4-96bfa715d158][036a6086-e2e4-4cc3-a726-3a3da88e9c0a] Opening settings...
2026-09-04T12:23:24.450Z [81786005-e060-476a-88e4-96bfa715d158][036a6086-e2e4-4cc3-a726-3a3da88e9c0a] Trying absolute XPath for settings button...
2026-09-04T12:23:24.454Z [81786005-e060-476a-88e4-96bfa715d158][036a6086-e2e4-4cc3-a726-3a3da88e9c0a] Trying composer config-chip (crop_ glyph)...
2026-09-04T12:23:28.820Z [907cd4fa-f0cf-4889-8d51-578168cb0f30][036a6086-e2e4-4cc3-a726-3a3da88e9c0a] Trying robust fallbacks for settings button...
2026-09-04T12:23:28.885Z [907cd4fa-f0cf-4889-8d51-578168cb0f30][036a6086-e2e4-4cc3-a726-3a3da88e9c0a] Found settings button using robust selector: "button[aria-label*="Cài đặt" i]"
2026-09-04T12:23:28.890Z [4dc91f7a-6a56-419d-ba5e-24d8806798b1][036a6086-e2e4-4cc3-a726-3a3da88e9c0a] Trying robust fallbacks for settings button...
2026-09-04T12:23:28.969Z [4dc91f7a-6a56-419d-ba5e-24d8806798b1][036a6086-e2e4-4cc3-a726-3a3da88e9c0a] Found settings button using robust selector: "button[aria-label*="Cài đặt" i]"
2026-09-04T12:23:28.992Z [bf1eca05-9764-4d5a-89c2-a75892b8f19b][036a6086-e2e4-4cc3-a726-3a3da88e9c0a] Trying robust fallbacks for settings button...
2026-09-04T12:23:29.085Z [bf1eca05-9764-4d5a-89c2-a75892b8f19b][036a6086-e2e4-4cc3-a726-3a3da88e9c0a] Found settings button using robust selector: "button[aria-label*="Cài đặt" i]"
2026-09-04T12:23:29.328Z [81786005-e060-476a-88e4-96bfa715d158][036a6086-e2e4-4cc3-a726-3a3da88e9c0a] Trying robust fallbacks for settings button...
2026-09-04T12:23:29.417Z [81786005-e060-476a-88e4-96bfa715d158][036a6086-e2e4-4cc3-a726-3a3da88e9c0a] Found settings button using robust selector: "button[aria-label*="Cài đặt" i]"
2026-09-04T12:23:29.840Z [907cd4fa-f0cf-4889-8d51-578168cb0f30][036a6086-e2e4-4cc3-a726-3a3da88e9c0a] Configuring video settings...
2026-09-04T12:23:29.840Z [907cd4fa-f0cf-4889-8d51-578168cb0f30][036a6086-e2e4-4cc3-a726-3a3da88e9c0a] Locating Video tab button...
2026-09-04T12:23:29.840Z [907cd4fa-f0cf-4889-8d51-578168cb0f30][036a6086-e2e4-4cc3-a726-3a3da88e9c0a] Trying absolute XPath for Video tab: /html/body/div[3]/div/div[1]/div/button[2]
2026-09-04T12:23:29.841Z [907cd4fa-f0cf-4889-8d51-578168cb0f30][036a6086-e2e4-4cc3-a726-3a3da88e9c0a] xClick: waiting visible xpath=/html/body/div[3]/div/div[1]/div/button[2]
2026-09-04T12:23:29.968Z [bf1eca05-9764-4d5a-89c2-a75892b8f19b][036a6086-e2e4-4cc3-a726-3a3da88e9c0a] Configuring video settings...
2026-09-04T12:23:29.968Z [bf1eca05-9764-4d5a-89c2-a75892b8f19b][036a6086-e2e4-4cc3-a726-3a3da88e9c0a] Locating Video tab button...
2026-09-04T12:23:29.969Z [bf1eca05-9764-4d5a-89c2-a75892b8f19b][036a6086-e2e4-4cc3-a726-3a3da88e9c0a] Trying absolute XPath for Video tab: /html/body/div[3]/div/div[1]/div/button[2]
2026-09-04T12:23:29.969Z [bf1eca05-9764-4d5a-89c2-a75892b8f19b][036a6086-e2e4-4cc3-a726-3a3da88e9c0a] xClick: waiting visible xpath=/html/body/div[3]/div/div[1]/div/button[2]
2026-09-04T12:23:29.989Z [4dc91f7a-6a56-419d-ba5e-24d8806798b1][036a6086-e2e4-4cc3-a726-3a3da88e9c0a] Configuring video settings...
2026-09-04T12:23:29.989Z [4dc91f7a-6a56-419d-ba5e-24d8806798b1][036a6086-e2e4-4cc3-a726-3a3da88e9c0a] Locating Video tab button...
2026-09-04T12:23:29.990Z [4dc91f7a-6a56-419d-ba5e-24d8806798b1][036a6086-e2e4-4cc3-a726-3a3da88e9c0a] Trying absolute XPath for Video tab: /html/body/div[3]/div/div[1]/div/button[2]
2026-09-04T12:23:29.991Z [4dc91f7a-6a56-419d-ba5e-24d8806798b1][036a6086-e2e4-4cc3-a726-3a3da88e9c0a] xClick: waiting visible xpath=/html/body/div[3]/div/div[1]/div/button[2]
2026-09-04T12:23:30.309Z [81786005-e060-476a-88e4-96bfa715d158][036a6086-e2e4-4cc3-a726-3a3da88e9c0a] Configuring video settings...
2026-09-04T12:23:30.309Z [81786005-e060-476a-88e4-96bfa715d158][036a6086-e2e4-4cc3-a726-3a3da88e9c0a] Locating Video tab button...
2026-09-04T12:23:30.310Z [81786005-e060-476a-88e4-96bfa715d158][036a6086-e2e4-4cc3-a726-3a3da88e9c0a] Trying absolute XPath for Video tab: /html/body/div[3]/div/div[1]/div/button[2]
2026-09-04T12:23:30.310Z [81786005-e060-476a-88e4-96bfa715d158][036a6086-e2e4-4cc3-a726-3a3da88e9c0a] xClick: waiting visible xpath=/html/body/div[3]/div/div[1]/div/button[2]
2026-09-04T12:23:32.850Z [907cd4fa-f0cf-4889-8d51-578168cb0f30][036a6086-e2e4-4cc3-a726-3a3da88e9c0a] Absolute XPath for Video tab failed: page.waitForSelector: Timeout 3000ms exceeded.
Call log:
[2m  - waiting for locator('xpath=/html/body/div[3]/div/div[1]/div/button[2]') to be visible[22m
. Trying robust fallbacks...
2026-09-04T12:23:32.975Z [bf1eca05-9764-4d5a-89c2-a75892b8f19b][036a6086-e2e4-4cc3-a726-3a3da88e9c0a] Absolute XPath for Video tab failed: page.waitForSelector: Timeout 3000ms exceeded.
Call log:
[2m  - waiting for locator('xpath=/html/body/div[3]/div/div[1]/div/button[2]') to be visible[22m
. Trying robust fallbacks...
2026-09-04T12:23:32.999Z [4dc91f7a-6a56-419d-ba5e-24d8806798b1][036a6086-e2e4-4cc3-a726-3a3da88e9c0a] Absolute XPath for Video tab failed: page.waitForSelector: Timeout 3000ms exceeded.
Call log:
[2m  - waiting for locator('xpath=/html/body/div[3]/div/div[1]/div/button[2]') to be visible[22m
. Trying robust fallbacks...
2026-09-04T12:23:33.321Z [81786005-e060-476a-88e4-96bfa715d158][036a6086-e2e4-4cc3-a726-3a3da88e9c0a] Absolute XPath for Video tab failed: page.waitForSelector: Timeout 3000ms exceeded.
Call log:
[2m  - waiting for locator('xpath=/html/body/div[3]/div/div[1]/div/button[2]') to be visible[22m
. Trying robust fallbacks...
2026-09-04T12:23:33.509Z [907cd4fa-f0cf-4889-8d51-578168cb0f30][036a6086-e2e4-4cc3-a726-3a3da88e9c0a] Selecting Video Mode: Frames
2026-09-04T12:23:33.657Z [bf1eca05-9764-4d5a-89c2-a75892b8f19b][036a6086-e2e4-4cc3-a726-3a3da88e9c0a] Selecting Video Mode: Frames
2026-09-04T12:23:33.775Z [4dc91f7a-6a56-419d-ba5e-24d8806798b1][036a6086-e2e4-4cc3-a726-3a3da88e9c0a] Selecting Video Mode: Frames
2026-09-04T12:23:33.939Z [81786005-e060-476a-88e4-96bfa715d158][036a6086-e2e4-4cc3-a726-3a3da88e9c0a] Selecting Video Mode: Frames
2026-09-04T12:23:41.513Z [907cd4fa-f0cf-4889-8d51-578168cb0f30][036a6086-e2e4-4cc3-a726-3a3da88e9c0a] DIAG settings-dialog controls: []
2026-09-04T12:23:41.513Z [907cd4fa-f0cf-4889-8d51-578168cb0f30][036a6086-e2e4-4cc3-a726-3a3da88e9c0a] Frames tab not visible within 8s — attempting force-click anyway
2026-09-04T12:23:41.662Z [bf1eca05-9764-4d5a-89c2-a75892b8f19b][036a6086-e2e4-4cc3-a726-3a3da88e9c0a] DIAG settings-dialog controls: []
2026-09-04T12:23:41.662Z [bf1eca05-9764-4d5a-89c2-a75892b8f19b][036a6086-e2e4-4cc3-a726-3a3da88e9c0a] Frames tab not visible within 8s — attempting force-click anyway
2026-09-04T12:23:41.783Z [4dc91f7a-6a56-419d-ba5e-24d8806798b1][036a6086-e2e4-4cc3-a726-3a3da88e9c0a] DIAG settings-dialog controls: []
2026-09-04T12:23:41.784Z [4dc91f7a-6a56-419d-ba5e-24d8806798b1][036a6086-e2e4-4cc3-a726-3a3da88e9c0a] Frames tab not visible within 8s — attempting force-click anyway
2026-09-04T12:23:41.941Z [81786005-e060-476a-88e4-96bfa715d158][036a6086-e2e4-4cc3-a726-3a3da88e9c0a] DIAG settings-dialog controls: []
2026-09-04T12:23:41.942Z [81786005-e060-476a-88e4-96bfa715d158][036a6086-e2e4-4cc3-a726-3a3da88e9c0a] Frames tab not visible within 8s — attempting force-click anyway
2026-09-04T12:23:46.520Z [907cd4fa-f0cf-4889-8d51-578168cb0f30][036a6086-e2e4-4cc3-a726-3a3da88e9c0a] Frames tab click failed (locator.click: Timeout 5000ms exceeded.
Call log:
[2m  - waiting for locator('button:has-text("Khung hình"), [role="tab"]:has-text("Khung hình"), button:has-text("Frames"), [role="tab"]:has-text("Frames")').first()[22m
) — continuing
2026-09-04T12:23:46.670Z [bf1eca05-9764-4d5a-89c2-a75892b8f19b][036a6086-e2e4-4cc3-a726-3a3da88e9c0a] Frames tab click failed (locator.click: Timeout 5000ms exceeded.
Call log:
[2m  - waiting for locator('button:has-text("Khung hình"), [role="tab"]:has-text("Khung hình"), button:has-text("Frames"), [role="tab"]:has-text("Frames")').first()[22m
) — continuing
2026-09-04T12:23:46.790Z [4dc91f7a-6a56-419d-ba5e-24d8806798b1][036a6086-e2e4-4cc3-a726-3a3da88e9c0a] Frames tab click failed (locator.click: Timeout 5000ms exceeded.
Call log:
[2m  - waiting for locator('button:has-text("Khung hình"), [role="tab"]:has-text("Khung hình"), button:has-text("Frames"), [role="tab"]:has-text("Frames")').first()[22m
) — continuing
2026-09-04T12:23:46.950Z [81786005-e060-476a-88e4-96bfa715d158][036a6086-e2e4-4cc3-a726-3a3da88e9c0a] Frames tab click failed (locator.click: Timeout 5000ms exceeded.
Call log:
[2m  - waiting for locator('button:has-text("Khung hình"), [role="tab"]:has-text("Khung hình"), button:has-text("Frames"), [role="tab"]:has-text("Frames")').first()[22m
) — continuing
2026-09-04T12:23:47.060Z [907cd4fa-f0cf-4889-8d51-578168cb0f30][036a6086-e2e4-4cc3-a726-3a3da88e9c0a] Selecting aspect ratio: 16:9
2026-09-04T12:23:47.064Z [907cd4fa-f0cf-4889-8d51-578168cb0f30][036a6086-e2e4-4cc3-a726-3a3da88e9c0a] Aspect ratio "16:9" not found in dialog. Trying page-wide.
2026-09-04T12:23:47.160Z [bf1eca05-9764-4d5a-89c2-a75892b8f19b][036a6086-e2e4-4cc3-a726-3a3da88e9c0a] Selecting aspect ratio: 16:9
2026-09-04T12:23:47.165Z [bf1eca05-9764-4d5a-89c2-a75892b8f19b][036a6086-e2e4-4cc3-a726-3a3da88e9c0a] Aspect ratio "16:9" not found in dialog. Trying page-wide.
2026-09-04T12:23:47.299Z [4dc91f7a-6a56-419d-ba5e-24d8806798b1][036a6086-e2e4-4cc3-a726-3a3da88e9c0a] Selecting aspect ratio: 16:9
2026-09-04T12:23:47.303Z [4dc91f7a-6a56-419d-ba5e-24d8806798b1][036a6086-e2e4-4cc3-a726-3a3da88e9c0a] Aspect ratio "16:9" not found in dialog. Trying page-wide.
2026-09-04T12:23:47.580Z [81786005-e060-476a-88e4-96bfa715d158][036a6086-e2e4-4cc3-a726-3a3da88e9c0a] Selecting aspect ratio: 16:9
2026-09-04T12:23:47.584Z [81786005-e060-476a-88e4-96bfa715d158][036a6086-e2e4-4cc3-a726-3a3da88e9c0a] Aspect ratio "16:9" not found in dialog. Trying page-wide.
2026-09-04T12:23:51.500Z [bf1eca05-9764-4d5a-89c2-a75892b8f19b][036a6086-e2e4-4cc3-a726-3a3da88e9c0a] Selecting number of videos: x2
2026-09-04T12:23:51.542Z [907cd4fa-f0cf-4889-8d51-578168cb0f30][036a6086-e2e4-4cc3-a726-3a3da88e9c0a] Selecting number of videos: x2
2026-09-04T12:23:51.555Z [bf1eca05-9764-4d5a-89c2-a75892b8f19b][036a6086-e2e4-4cc3-a726-3a3da88e9c0a] Clicked video count (page/substring) variant "x2".
2026-09-04T12:23:51.587Z [907cd4fa-f0cf-4889-8d51-578168cb0f30][036a6086-e2e4-4cc3-a726-3a3da88e9c0a] Clicked video count (page/substring) variant "x2".
2026-09-04T12:23:51.813Z [4dc91f7a-6a56-419d-ba5e-24d8806798b1][036a6086-e2e4-4cc3-a726-3a3da88e9c0a] Selecting number of videos: x2
2026-09-04T12:23:51.872Z [4dc91f7a-6a56-419d-ba5e-24d8806798b1][036a6086-e2e4-4cc3-a726-3a3da88e9c0a] Clicked video count (page/substring) variant "x2".
2026-09-04T12:23:52.190Z [81786005-e060-476a-88e4-96bfa715d158][036a6086-e2e4-4cc3-a726-3a3da88e9c0a] Selecting number of videos: x2
2026-09-04T12:23:52.237Z [81786005-e060-476a-88e4-96bfa715d158][036a6086-e2e4-4cc3-a726-3a3da88e9c0a] Clicked video count (page/substring) variant "x2".
2026-09-04T12:23:53.270Z [bf1eca05-9764-4d5a-89c2-a75892b8f19b][036a6086-e2e4-4cc3-a726-3a3da88e9c0a] Selecting duration: 8s
2026-09-04T12:23:53.337Z [bf1eca05-9764-4d5a-89c2-a75892b8f19b][036a6086-e2e4-4cc3-a726-3a3da88e9c0a] Clicked duration (page/exact) variant "8 giây".
2026-09-04T12:23:53.880Z [81786005-e060-476a-88e4-96bfa715d158][036a6086-e2e4-4cc3-a726-3a3da88e9c0a] Selecting duration: 8s
2026-09-04T12:23:53.909Z [bf1eca05-9764-4d5a-89c2-a75892b8f19b][036a6086-e2e4-4cc3-a726-3a3da88e9c0a] Configuring model dropdown for suffix: "Lite [Lower Priority]" (regex /Lite\s+\[Lower\s+Priority\]\s*$/i)
2026-09-04T12:23:53.909Z [bf1eca05-9764-4d5a-89c2-a75892b8f19b][036a6086-e2e4-4cc3-a726-3a3da88e9c0a] Trying absolute XPath for model dropdown: /html/body/div[3]/div/button
2026-09-04T12:23:53.936Z [81786005-e060-476a-88e4-96bfa715d158][036a6086-e2e4-4cc3-a726-3a3da88e9c0a] Clicked duration (page/exact) variant "8 giây".
2026-09-04T12:23:53.990Z [907cd4fa-f0cf-4889-8d51-578168cb0f30][036a6086-e2e4-4cc3-a726-3a3da88e9c0a] Selecting duration: 8s
2026-09-04T12:23:54.068Z [907cd4fa-f0cf-4889-8d51-578168cb0f30][036a6086-e2e4-4cc3-a726-3a3da88e9c0a] Clicked duration (page/exact) variant "8 giây".
2026-09-04T12:23:54.219Z [4dc91f7a-6a56-419d-ba5e-24d8806798b1][036a6086-e2e4-4cc3-a726-3a3da88e9c0a] Selecting duration: 8s
2026-09-04T12:23:54.287Z [4dc91f7a-6a56-419d-ba5e-24d8806798b1][036a6086-e2e4-4cc3-a726-3a3da88e9c0a] Clicked duration (page/exact) variant "8 giây".
2026-09-04T12:23:54.540Z [81786005-e060-476a-88e4-96bfa715d158][036a6086-e2e4-4cc3-a726-3a3da88e9c0a] Configuring model dropdown for suffix: "Lite [Lower Priority]" (regex /Lite\s+\[Lower\s+Priority\]\s*$/i)
2026-09-04T12:23:54.540Z [81786005-e060-476a-88e4-96bfa715d158][036a6086-e2e4-4cc3-a726-3a3da88e9c0a] Trying absolute XPath for model dropdown: /html/body/div[3]/div/button
2026-09-04T12:23:54.608Z [907cd4fa-f0cf-4889-8d51-578168cb0f30][036a6086-e2e4-4cc3-a726-3a3da88e9c0a] Configuring model dropdown for suffix: "Lite [Lower Priority]" (regex /Lite\s+\[Lower\s+Priority\]\s*$/i)
2026-09-04T12:23:54.609Z [907cd4fa-f0cf-4889-8d51-578168cb0f30][036a6086-e2e4-4cc3-a726-3a3da88e9c0a] Trying absolute XPath for model dropdown: /html/body/div[3]/div/button
2026-09-04T12:23:54.730Z [4dc91f7a-6a56-419d-ba5e-24d8806798b1][036a6086-e2e4-4cc3-a726-3a3da88e9c0a] Configuring model dropdown for suffix: "Lite [Lower Priority]" (regex /Lite\s+\[Lower\s+Priority\]\s*$/i)
2026-09-04T12:23:54.730Z [4dc91f7a-6a56-419d-ba5e-24d8806798b1][036a6086-e2e4-4cc3-a726-3a3da88e9c0a] Trying absolute XPath for model dropdown: /html/body/div[3]/div/button
2026-09-04T12:23:56.913Z [bf1eca05-9764-4d5a-89c2-a75892b8f19b][036a6086-e2e4-4cc3-a726-3a3da88e9c0a] Trying robust fallback inside dialog for model dropdown...
2026-09-04T12:23:56.921Z [bf1eca05-9764-4d5a-89c2-a75892b8f19b][036a6086-e2e4-4cc3-a726-3a3da88e9c0a] Video options applied ✓
2026-09-04T12:23:56.922Z [bf1eca05-9764-4d5a-89c2-a75892b8f19b][036a6086-e2e4-4cc3-a726-3a3da88e9c0a] Closing settings dialog...
2026-09-04T12:23:56.923Z [bf1eca05-9764-4d5a-89c2-a75892b8f19b][036a6086-e2e4-4cc3-a726-3a3da88e9c0a] Close settings absolute XPath failed: Not visible. Trying fallbacks...
2026-09-04T12:23:56.986Z [bf1eca05-9764-4d5a-89c2-a75892b8f19b][036a6086-e2e4-4cc3-a726-3a3da88e9c0a] Toggling settings button to close: "button[aria-label*="Cài đặt" i]"
2026-09-04T12:23:57.053Z [bf1eca05-9764-4d5a-89c2-a75892b8f19b][036a6086-e2e4-4cc3-a726-3a3da88e9c0a] Start keyframe: downloading from URL...
2026-09-04T12:23:57.054Z [bf1eca05-9764-4d5a-89c2-a75892b8f19b][036a6086-e2e4-4cc3-a726-3a3da88e9c0a] Start keyframe: downloading https://studio.xanhmedia.vn/uploads/2026-09/1788439580543_01fef4_60f7c834-1526-409d-b017-21db20795e19_414.png
2026-09-04T12:23:57.227Z [bf1eca05-9764-4d5a-89c2-a75892b8f19b][036a6086-e2e4-4cc3-a726-3a3da88e9c0a] Downloader: no-proxy request context ready.
2026-09-04T12:23:57.542Z [81786005-e060-476a-88e4-96bfa715d158][036a6086-e2e4-4cc3-a726-3a3da88e9c0a] Trying robust fallback inside dialog for model dropdown...
2026-09-04T12:23:57.550Z [81786005-e060-476a-88e4-96bfa715d158][036a6086-e2e4-4cc3-a726-3a3da88e9c0a] Video options applied ✓
2026-09-04T12:23:57.550Z [81786005-e060-476a-88e4-96bfa715d158][036a6086-e2e4-4cc3-a726-3a3da88e9c0a] Closing settings dialog...
2026-09-04T12:23:57.552Z [81786005-e060-476a-88e4-96bfa715d158][036a6086-e2e4-4cc3-a726-3a3da88e9c0a] Close settings absolute XPath failed: Not visible. Trying fallbacks...
2026-09-04T12:23:57.570Z [bf1eca05-9764-4d5a-89c2-a75892b8f19b][036a6086-e2e4-4cc3-a726-3a3da88e9c0a] Start keyframe: saved 127013 bytes (image/png) as "1788439580543_01fef4_60f7c834-1526-409d-b017-21db20795e19_414.png" → C:\Users\Admin\AppData\Roaming\com.tank.winai\winai_dl_Mn7eAG\1788439580543_01fef4_60f7c834-1526-409d-b017-21db20795e19_414.png
2026-09-04T12:23:57.570Z [bf1eca05-9764-4d5a-89c2-a75892b8f19b][036a6086-e2e4-4cc3-a726-3a3da88e9c0a] Start keyframe: opening From-image panel...
2026-09-04T12:23:57.570Z [bf1eca05-9764-4d5a-89c2-a75892b8f19b][036a6086-e2e4-4cc3-a726-3a3da88e9c0a] Start keyframe step1: click /html/body/div[1]/div[1]/div[5]/div/div/div/div/div[1]/div[1]
2026-09-04T12:23:57.570Z [bf1eca05-9764-4d5a-89c2-a75892b8f19b][036a6086-e2e4-4cc3-a726-3a3da88e9c0a] xClick: waiting visible xpath=/html/body/div[1]/div[1]/div[5]/div/div/div/div/div[1]/div[1]
2026-09-04T12:23:57.619Z [81786005-e060-476a-88e4-96bfa715d158][036a6086-e2e4-4cc3-a726-3a3da88e9c0a] Toggling settings button to close: "button[aria-label*="Cài đặt" i]"
2026-09-04T12:23:57.622Z [907cd4fa-f0cf-4889-8d51-578168cb0f30][036a6086-e2e4-4cc3-a726-3a3da88e9c0a] Trying robust fallback inside dialog for model dropdown...
2026-09-04T12:23:57.628Z [907cd4fa-f0cf-4889-8d51-578168cb0f30][036a6086-e2e4-4cc3-a726-3a3da88e9c0a] Video options applied ✓
2026-09-04T12:23:57.629Z [907cd4fa-f0cf-4889-8d51-578168cb0f30][036a6086-e2e4-4cc3-a726-3a3da88e9c0a] Closing settings dialog...
2026-09-04T12:23:57.631Z [907cd4fa-f0cf-4889-8d51-578168cb0f30][036a6086-e2e4-4cc3-a726-3a3da88e9c0a] Close settings absolute XPath failed: Not visible. Trying fallbacks...
2026-09-04T12:23:57.700Z [907cd4fa-f0cf-4889-8d51-578168cb0f30][036a6086-e2e4-4cc3-a726-3a3da88e9c0a] Toggling settings button to close: "button[aria-label*="Cài đặt" i]"
2026-09-04T12:23:57.701Z [81786005-e060-476a-88e4-96bfa715d158][036a6086-e2e4-4cc3-a726-3a3da88e9c0a] Start keyframe: downloading from URL...
2026-09-04T12:23:57.702Z [81786005-e060-476a-88e4-96bfa715d158][036a6086-e2e4-4cc3-a726-3a3da88e9c0a] Start keyframe: downloading https://studio.xanhmedia.vn/uploads/2026-09/1788435742557_f5a089_60f7c834-1526-409d-b017-21db20795e19_3ab.png
2026-09-04T12:23:57.739Z [4dc91f7a-6a56-419d-ba5e-24d8806798b1][036a6086-e2e4-4cc3-a726-3a3da88e9c0a] Trying robust fallback inside dialog for model dropdown...
2026-09-04T12:23:57.753Z [4dc91f7a-6a56-419d-ba5e-24d8806798b1][036a6086-e2e4-4cc3-a726-3a3da88e9c0a] Video options applied ✓
2026-09-04T12:23:57.754Z [4dc91f7a-6a56-419d-ba5e-24d8806798b1][036a6086-e2e4-4cc3-a726-3a3da88e9c0a] Closing settings dialog...
2026-09-04T12:23:57.757Z [4dc91f7a-6a56-419d-ba5e-24d8806798b1][036a6086-e2e4-4cc3-a726-3a3da88e9c0a] Close settings absolute XPath failed: Not visible. Trying fallbacks...
2026-09-04T12:23:57.803Z [907cd4fa-f0cf-4889-8d51-578168cb0f30][036a6086-e2e4-4cc3-a726-3a3da88e9c0a] Start keyframe: downloading from URL...
2026-09-04T12:23:57.803Z [907cd4fa-f0cf-4889-8d51-578168cb0f30][036a6086-e2e4-4cc3-a726-3a3da88e9c0a] Start keyframe: downloading https://studio.xanhmedia.vn/uploads/2026-09/1788435678121_caea25_winai_2026-09-03T11-39-56_02.png
2026-09-04T12:23:57.873Z [4dc91f7a-6a56-419d-ba5e-24d8806798b1][036a6086-e2e4-4cc3-a726-3a3da88e9c0a] Toggling settings button to close: "button[aria-label*="Cài đặt" i]"
2026-09-04T12:23:57.944Z [81786005-e060-476a-88e4-96bfa715d158][036a6086-e2e4-4cc3-a726-3a3da88e9c0a] Downloader: no-proxy request context ready.
2026-09-04T12:23:58.006Z [4dc91f7a-6a56-419d-ba5e-24d8806798b1][036a6086-e2e4-4cc3-a726-3a3da88e9c0a] Start keyframe: downloading from URL...
2026-09-04T12:23:58.007Z [4dc91f7a-6a56-419d-ba5e-24d8806798b1][036a6086-e2e4-4cc3-a726-3a3da88e9c0a] Start keyframe: downloading https://studio.xanhmedia.vn/uploads/2026-09/1788435637715_45f3f5_winai_2026-09-03T11-39-40_03.png
2026-09-04T12:23:58.044Z [907cd4fa-f0cf-4889-8d51-578168cb0f30][036a6086-e2e4-4cc3-a726-3a3da88e9c0a] Downloader: no-proxy request context ready.
2026-09-04T12:23:58.222Z [4dc91f7a-6a56-419d-ba5e-24d8806798b1][036a6086-e2e4-4cc3-a726-3a3da88e9c0a] Downloader: no-proxy request context ready.
2026-09-04T12:23:58.292Z [907cd4fa-f0cf-4889-8d51-578168cb0f30][036a6086-e2e4-4cc3-a726-3a3da88e9c0a] Start keyframe: saved 166334 bytes (image/png) as "1788435678121_caea25_winai_2026-09-03T11-39-56_02.png" → C:\Users\Admin\AppData\Roaming\com.tank.winai\winai_dl_U3f2LG\1788435678121_caea25_winai_2026-09-03T11-39-56_02.png
2026-09-04T12:23:58.292Z [907cd4fa-f0cf-4889-8d51-578168cb0f30][036a6086-e2e4-4cc3-a726-3a3da88e9c0a] Start keyframe: opening From-image panel...
2026-09-04T12:23:58.292Z [907cd4fa-f0cf-4889-8d51-578168cb0f30][036a6086-e2e4-4cc3-a726-3a3da88e9c0a] Start keyframe step1: click /html/body/div[1]/div[1]/div[5]/div/div/div/div/div[1]/div[1]
2026-09-04T12:23:58.292Z [907cd4fa-f0cf-4889-8d51-578168cb0f30][036a6086-e2e4-4cc3-a726-3a3da88e9c0a] xClick: waiting visible xpath=/html/body/div[1]/div[1]/div[5]/div/div/div/div/div[1]/div[1]
2026-09-04T12:23:58.302Z [81786005-e060-476a-88e4-96bfa715d158][036a6086-e2e4-4cc3-a726-3a3da88e9c0a] Start keyframe: saved 219997 bytes (image/png) as "1788435742557_f5a089_60f7c834-1526-409d-b017-21db20795e19_3ab.png" → C:\Users\Admin\AppData\Roaming\com.tank.winai\winai_dl_wXOOHP\1788435742557_f5a089_60f7c834-1526-409d-b017-21db20795e19_3ab.png
2026-09-04T12:23:58.302Z [81786005-e060-476a-88e4-96bfa715d158][036a6086-e2e4-4cc3-a726-3a3da88e9c0a] Start keyframe: opening From-image panel...
2026-09-04T12:23:58.302Z [81786005-e060-476a-88e4-96bfa715d158][036a6086-e2e4-4cc3-a726-3a3da88e9c0a] Start keyframe step1: click /html/body/div[1]/div[1]/div[5]/div/div/div/div/div[1]/div[1]
2026-09-04T12:23:58.302Z [81786005-e060-476a-88e4-96bfa715d158][036a6086-e2e4-4cc3-a726-3a3da88e9c0a] xClick: waiting visible xpath=/html/body/div[1]/div[1]/div[5]/div/div/div/div/div[1]/div[1]
2026-09-04T12:23:58.474Z [4dc91f7a-6a56-419d-ba5e-24d8806798b1][036a6086-e2e4-4cc3-a726-3a3da88e9c0a] Start keyframe: saved 87453 bytes (image/png) as "1788435637715_45f3f5_winai_2026-09-03T11-39-40_03.png" → C:\Users\Admin\AppData\Roaming\com.tank.winai\winai_dl_c8U9BL\1788435637715_45f3f5_winai_2026-09-03T11-39-40_03.png
2026-09-04T12:23:58.474Z [4dc91f7a-6a56-419d-ba5e-24d8806798b1][036a6086-e2e4-4cc3-a726-3a3da88e9c0a] Start keyframe: opening From-image panel...
2026-09-04T12:23:58.475Z [4dc91f7a-6a56-419d-ba5e-24d8806798b1][036a6086-e2e4-4cc3-a726-3a3da88e9c0a] Start keyframe step1: click /html/body/div[1]/div[1]/div[5]/div/div/div/div/div[1]/div[1]
2026-09-04T12:23:58.475Z [4dc91f7a-6a56-419d-ba5e-24d8806798b1][036a6086-e2e4-4cc3-a726-3a3da88e9c0a] xClick: waiting visible xpath=/html/body/div[1]/div[1]/div[5]/div/div/div/div/div[1]/div[1]
2026-09-04T12:24:01.580Z [bf1eca05-9764-4d5a-89c2-a75892b8f19b][036a6086-e2e4-4cc3-a726-3a3da88e9c0a] Start keyframe step1: primary open FAILED: page.waitForSelector: Timeout 4000ms exceeded.
Call log:
[2m  - waiting for locator('xpath=/html/body/div[1]/div[1]/div[5]/div/div/div/div/div[1]/div[1]') to be visible[22m

2026-09-04T12:24:01.586Z [bf1eca05-9764-4d5a-89c2-a75892b8f19b][036a6086-e2e4-4cc3-a726-3a3da88e9c0a] Start keyframe DIAG composer(panel-not-open): {"rootFound":false,"win":"2560x1280","dpr":1.5,"count":4,"els":[{"tag":"BUTTON","al":"Thêm thành phần vào ô nhập","txt":"add","icon":"","box":"999,1257 32x32"},{"tag":"BUTTON","al":"","txt":"Tác nhân","icon":"","box":"1041,1259 79x28"},{"tag":"BUTTON","al":"Điều kiện kích hoạt cài đặ","txt":"Video · 720p · 8 g","icon":"","box":"1376,1257 167x32"},{"tag":"BUTTON","al":"Bắt đầu tạo","txt":"arrow_forward","icon":"","box":"1547,1257 32x32"}],"fileInputs":[]}
2026-09-04T12:24:01.589Z [bf1eca05-9764-4d5a-89c2-a75892b8f19b][036a6086-e2e4-4cc3-a726-3a3da88e9c0a] Start keyframe step1 add-btn: no add_2/(+) button found
2026-09-04T12:24:01.597Z [bf1eca05-9764-4d5a-89c2-a75892b8f19b][036a6086-e2e4-4cc3-a726-3a3da88e9c0a] Start keyframe step1 direct: no <input type=file> present — using scan fallback
2026-09-04T12:24:01.597Z [bf1eca05-9764-4d5a-89c2-a75892b8f19b][036a6086-e2e4-4cc3-a726-3a3da88e9c0a] Start keyframe step1: trying composer-scan fallback...
2026-09-04T12:24:01.602Z [bf1eca05-9764-4d5a-89c2-a75892b8f19b][036a6086-e2e4-4cc3-a726-3a3da88e9c0a] Start keyframe step1 fallback: clicking scanned button xpath=/html[1]/body[1]/aisandbox-root[1]/main[1]/flow-project-shell[1]/flow-project-page[1]/flow-prompt-box[1]/flow-prompt-box-instruction-card-wrapper[1]/div[1]/div[1]/flow-base-prompt-box[1]/div[1]/div[2]/flow-add-menu[1]/div[1]/button[1]
2026-09-04T12:24:01.603Z [bf1eca05-9764-4d5a-89c2-a75892b8f19b][036a6086-e2e4-4cc3-a726-3a3da88e9c0a] xClick: waiting visible xpath=/html[1]/body[1]/aisandbox-root[1]/main[1]/flow-project-shell[1]/flow-project-page[1]/flow-prompt-box[1]/flow-prompt-box-instruction-card-wrapper[1]/div[1]/div[1]/flow-base-prompt-box[1]/div[1]/div[2]/flow-add-menu[1]/div[1]/button[1]
2026-09-04T12:24:01.612Z [bf1eca05-9764-4d5a-89c2-a75892b8f19b][036a6086-e2e4-4cc3-a726-3a3da88e9c0a] xClick: target tag=BUTTON aria="Thêm thành phần vào ô nhập câu lệnh" txt="add" box=999,1257 32x32
2026-09-04T12:24:01.890Z [bf1eca05-9764-4d5a-89c2-a75892b8f19b][036a6086-e2e4-4cc3-a726-3a3da88e9c0a] xClick: click xpath=/html[1]/body[1]/aisandbox-root[1]/main[1]/flow-project-shell[1]/flow-project-page[1]/flow-prompt-box[1]/flow-prompt-box-instruction-card-wrapper[1]/div[1]/div[1]/flow-base-prompt-box[1]/div[1]/div[2]/flow-add-menu[1]/div[1]/button[1]
2026-09-04T12:24:02.300Z [907cd4fa-f0cf-4889-8d51-578168cb0f30][036a6086-e2e4-4cc3-a726-3a3da88e9c0a] Start keyframe step1: primary open FAILED: page.waitForSelector: Timeout 4000ms exceeded.
Call log:
[2m  - waiting for locator('xpath=/html/body/div[1]/div[1]/div[5]/div/div/div/div/div[1]/div[1]') to be visible[22m

2026-09-04T12:24:02.305Z [907cd4fa-f0cf-4889-8d51-578168cb0f30][036a6086-e2e4-4cc3-a726-3a3da88e9c0a] Start keyframe DIAG composer(panel-not-open): {"rootFound":false,"win":"2560x1280","dpr":1.5,"count":4,"els":[{"tag":"BUTTON","al":"Thêm thành phần vào ô nhập","txt":"add","icon":"","box":"999,1257 32x32"},{"tag":"BUTTON","al":"","txt":"Tác nhân","icon":"","box":"1041,1259 79x28"},{"tag":"BUTTON","al":"Điều kiện kích hoạt cài đặ","txt":"Video · 720p · 8 g","icon":"","box":"1376,1257 167x32"},{"tag":"BUTTON","al":"Bắt đầu tạo","txt":"arrow_forward","icon":"","box":"1547,1257 32x32"}],"fileInputs":[]}
2026-09-04T12:24:02.308Z [907cd4fa-f0cf-4889-8d51-578168cb0f30][036a6086-e2e4-4cc3-a726-3a3da88e9c0a] Start keyframe step1 add-btn: no add_2/(+) button found
2026-09-04T12:24:02.311Z [81786005-e060-476a-88e4-96bfa715d158][036a6086-e2e4-4cc3-a726-3a3da88e9c0a] Start keyframe step1: primary open FAILED: page.waitForSelector: Timeout 4000ms exceeded.
Call log:
[2m  - waiting for locator('xpath=/html/body/div[1]/div[1]/div[5]/div/div/div/div/div[1]/div[1]') to be visible[22m

2026-09-04T12:24:02.316Z [907cd4fa-f0cf-4889-8d51-578168cb0f30][036a6086-e2e4-4cc3-a726-3a3da88e9c0a] Start keyframe step1 direct: no <input type=file> present — using scan fallback
2026-09-04T12:24:02.317Z [907cd4fa-f0cf-4889-8d51-578168cb0f30][036a6086-e2e4-4cc3-a726-3a3da88e9c0a] Start keyframe step1: trying composer-scan fallback...
2026-09-04T12:24:02.318Z [81786005-e060-476a-88e4-96bfa715d158][036a6086-e2e4-4cc3-a726-3a3da88e9c0a] Start keyframe DIAG composer(panel-not-open): {"rootFound":false,"win":"2560x1280","dpr":1.5,"count":4,"els":[{"tag":"BUTTON","al":"Thêm thành phần vào ô nhập","txt":"add","icon":"","box":"999,1257 32x32"},{"tag":"BUTTON","al":"","txt":"Tác nhân","icon":"","box":"1041,1259 79x28"},{"tag":"BUTTON","al":"Điều kiện kích hoạt cài đặ","txt":"Video · 720p · 8 g","icon":"","box":"1376,1257 167x32"},{"tag":"BUTTON","al":"Bắt đầu tạo","txt":"arrow_forward","icon":"","box":"1547,1257 32x32"}],"fileInputs":[]}
2026-09-04T12:24:02.321Z [81786005-e060-476a-88e4-96bfa715d158][036a6086-e2e4-4cc3-a726-3a3da88e9c0a] Start keyframe step1 add-btn: no add_2/(+) button found
2026-09-04T12:24:02.322Z [907cd4fa-f0cf-4889-8d51-578168cb0f30][036a6086-e2e4-4cc3-a726-3a3da88e9c0a] Start keyframe step1 fallback: clicking scanned button xpath=/html[1]/body[1]/aisandbox-root[1]/main[1]/flow-project-shell[1]/flow-project-page[1]/flow-prompt-box[1]/flow-prompt-box-instruction-card-wrapper[1]/div[1]/div[1]/flow-base-prompt-box[1]/div[1]/div[2]/flow-add-menu[1]/div[1]/button[1]
2026-09-04T12:24:02.322Z [907cd4fa-f0cf-4889-8d51-578168cb0f30][036a6086-e2e4-4cc3-a726-3a3da88e9c0a] xClick: waiting visible xpath=/html[1]/body[1]/aisandbox-root[1]/main[1]/flow-project-shell[1]/flow-project-page[1]/flow-prompt-box[1]/flow-prompt-box-instruction-card-wrapper[1]/div[1]/div[1]/flow-base-prompt-box[1]/div[1]/div[2]/flow-add-menu[1]/div[1]/button[1]
2026-09-04T12:24:02.331Z [81786005-e060-476a-88e4-96bfa715d158][036a6086-e2e4-4cc3-a726-3a3da88e9c0a] Start keyframe step1 direct: no <input type=file> present — using scan fallback
2026-09-04T12:24:02.331Z [81786005-e060-476a-88e4-96bfa715d158][036a6086-e2e4-4cc3-a726-3a3da88e9c0a] Start keyframe step1: trying composer-scan fallback...
2026-09-04T12:24:02.336Z [907cd4fa-f0cf-4889-8d51-578168cb0f30][036a6086-e2e4-4cc3-a726-3a3da88e9c0a] xClick: target tag=BUTTON aria="Thêm thành phần vào ô nhập câu lệnh" txt="add" box=999,1257 32x32
2026-09-04T12:24:02.338Z [81786005-e060-476a-88e4-96bfa715d158][036a6086-e2e4-4cc3-a726-3a3da88e9c0a] Start keyframe step1 fallback: clicking scanned button xpath=/html[1]/body[1]/aisandbox-root[1]/main[1]/flow-project-shell[1]/flow-project-page[1]/flow-prompt-box[1]/flow-prompt-box-instruction-card-wrapper[1]/div[1]/div[1]/flow-base-prompt-box[1]/div[1]/div[2]/flow-add-menu[1]/div[1]/button[1]
2026-09-04T12:24:02.338Z [81786005-e060-476a-88e4-96bfa715d158][036a6086-e2e4-4cc3-a726-3a3da88e9c0a] xClick: waiting visible xpath=/html[1]/body[1]/aisandbox-root[1]/main[1]/flow-project-shell[1]/flow-project-page[1]/flow-prompt-box[1]/flow-prompt-box-instruction-card-wrapper[1]/div[1]/div[1]/flow-base-prompt-box[1]/div[1]/div[2]/flow-add-menu[1]/div[1]/button[1]
2026-09-04T12:24:02.350Z [81786005-e060-476a-88e4-96bfa715d158][036a6086-e2e4-4cc3-a726-3a3da88e9c0a] xClick: target tag=BUTTON aria="Thêm thành phần vào ô nhập câu lệnh" txt="add" box=999,1257 32x32
2026-09-04T12:24:02.478Z [4dc91f7a-6a56-419d-ba5e-24d8806798b1][036a6086-e2e4-4cc3-a726-3a3da88e9c0a] Start keyframe step1: primary open FAILED: page.waitForSelector: Timeout 4000ms exceeded.
Call log:
[2m  - waiting for locator('xpath=/html/body/div[1]/div[1]/div[5]/div/div/div/div/div[1]/div[1]') to be visible[22m

2026-09-04T12:24:02.484Z [4dc91f7a-6a56-419d-ba5e-24d8806798b1][036a6086-e2e4-4cc3-a726-3a3da88e9c0a] Start keyframe DIAG composer(panel-not-open): {"rootFound":false,"win":"2560x1280","dpr":1.5,"count":4,"els":[{"tag":"BUTTON","al":"Thêm thành phần vào ô nhập","txt":"add","icon":"","box":"999,1257 32x32"},{"tag":"BUTTON","al":"","txt":"Tác nhân","icon":"","box":"1041,1259 79x28"},{"tag":"BUTTON","al":"Điều kiện kích hoạt cài đặ","txt":"Video · 720p · 8 g","icon":"","box":"1376,1257 167x32"},{"tag":"BUTTON","al":"Bắt đầu tạo","txt":"arrow_forward","icon":"","box":"1547,1257 32x32"}],"fileInputs":[]}
2026-09-04T12:24:02.487Z [4dc91f7a-6a56-419d-ba5e-24d8806798b1][036a6086-e2e4-4cc3-a726-3a3da88e9c0a] Start keyframe step1 add-btn: no add_2/(+) button found
2026-09-04T12:24:02.495Z [4dc91f7a-6a56-419d-ba5e-24d8806798b1][036a6086-e2e4-4cc3-a726-3a3da88e9c0a] Start keyframe step1 direct: no <input type=file> present — using scan fallback
2026-09-04T12:24:02.495Z [4dc91f7a-6a56-419d-ba5e-24d8806798b1][036a6086-e2e4-4cc3-a726-3a3da88e9c0a] Start keyframe step1: trying composer-scan fallback...
2026-09-04T12:24:02.501Z [4dc91f7a-6a56-419d-ba5e-24d8806798b1][036a6086-e2e4-4cc3-a726-3a3da88e9c0a] Start keyframe step1 fallback: clicking scanned button xpath=/html[1]/body[1]/aisandbox-root[1]/main[1]/flow-project-shell[1]/flow-project-page[1]/flow-prompt-box[1]/flow-prompt-box-instruction-card-wrapper[1]/div[1]/div[1]/flow-base-prompt-box[1]/div[1]/div[2]/flow-add-menu[1]/div[1]/button[1]
2026-09-04T12:24:02.501Z [4dc91f7a-6a56-419d-ba5e-24d8806798b1][036a6086-e2e4-4cc3-a726-3a3da88e9c0a] xClick: waiting visible xpath=/html[1]/body[1]/aisandbox-root[1]/main[1]/flow-project-shell[1]/flow-project-page[1]/flow-prompt-box[1]/flow-prompt-box-instruction-card-wrapper[1]/div[1]/div[1]/flow-base-prompt-box[1]/div[1]/div[2]/flow-add-menu[1]/div[1]/button[1]
2026-09-04T12:24:02.510Z [4dc91f7a-6a56-419d-ba5e-24d8806798b1][036a6086-e2e4-4cc3-a726-3a3da88e9c0a] xClick: target tag=BUTTON aria="Thêm thành phần vào ô nhập câu lệnh" txt="add" box=999,1257 32x32
2026-09-04T12:24:02.610Z [907cd4fa-f0cf-4889-8d51-578168cb0f30][036a6086-e2e4-4cc3-a726-3a3da88e9c0a] xClick: click xpath=/html[1]/body[1]/aisandbox-root[1]/main[1]/flow-project-shell[1]/flow-project-page[1]/flow-prompt-box[1]/flow-prompt-box-instruction-card-wrapper[1]/div[1]/div[1]/flow-base-prompt-box[1]/div[1]/div[2]/flow-add-menu[1]/div[1]/button[1]
2026-09-04T12:24:02.657Z [81786005-e060-476a-88e4-96bfa715d158][036a6086-e2e4-4cc3-a726-3a3da88e9c0a] xClick: click xpath=/html[1]/body[1]/aisandbox-root[1]/main[1]/flow-project-shell[1]/flow-project-page[1]/flow-prompt-box[1]/flow-prompt-box-instruction-card-wrapper[1]/div[1]/div[1]/flow-base-prompt-box[1]/div[1]/div[2]/flow-add-menu[1]/div[1]/button[1]
2026-09-04T12:24:03.019Z [4dc91f7a-6a56-419d-ba5e-24d8806798b1][036a6086-e2e4-4cc3-a726-3a3da88e9c0a] xClick: click xpath=/html[1]/body[1]/aisandbox-root[1]/main[1]/flow-project-shell[1]/flow-project-page[1]/flow-prompt-box[1]/flow-prompt-box-instruction-card-wrapper[1]/div[1]/div[1]/flow-base-prompt-box[1]/div[1]/div[2]/flow-add-menu[1]/div[1]/button[1]
2026-09-04T12:24:03.222Z [bf1eca05-9764-4d5a-89c2-a75892b8f19b][036a6086-e2e4-4cc3-a726-3a3da88e9c0a] Start keyframe step1 fallback: panel visible = false
2026-09-04T12:24:03.306Z [bf1eca05-9764-4d5a-89c2-a75892b8f19b][036a6086-e2e4-4cc3-a726-3a3da88e9c0a] Start keyframe DIAG composer(final-before-throw): {"rootFound":false,"win":"2560x1280","dpr":1.5,"count":23,"els":[{"tag":"BUTTON","al":"Thêm thành phần vào ô nhập","txt":"close","icon":"","box":"999,1257 32x32"},{"tag":"BUTTON","al":"","txt":"Tác nhân","icon":"","box":"1041,1259 79x28"},{"tag":"BUTTON","al":"Điều kiện kích hoạt cài đặ","txt":"Video · 720p · 8 g","icon":"","box":"1376,1257 167x32"},{"tag":"BUTTON","al":"Bắt đầu tạo","txt":"arrow_forward","icon":"","box":"1547,1257 32x32"},{"tag":"BUTTON","al":"","txt":"upload\nTải nội dun","icon":"","box":"910,1146 120x34"},{"tag":"BUTTON","al":"","txt":"Nessa holding Arlo","icon":"","box":"1036,665 232x48"},{"tag":"BUTTON","al":"","txt":"1788158449211_79b2","icon":"","box":"1036,713 232x48"},{"tag":"BUTTON","al":"","txt":"Girl holding broth","icon":"","box":"1036,761 232x48"},{"tag":"BUTTON","al":"","txt":"Graham comforts Ar","icon":"","box":"1036,809 232x48"},{"tag":"BUTTON","al":"","txt":"1788158379819_c3b7","icon":"","box":"1036,857 232x48"},{"tag":"BUTTON","al":"","txt":"Arlo looking at da","icon":"","box":"1036,905 232x48"},{"tag":"BUTTON","al":"","txt":"1788091539011_055b","icon":"","box":"1036,953 232x48"},{"tag":"BUTTON","al":"","txt":"Iceberg colliding ","icon":"","box":"1036,1001 232x48"},{"tag":"BUTTON","al":"","txt":"1788091350195_60da","icon":"","box":"1036,1049 232x48"},{"tag":"BUTTON","al":"","txt":"Iceberg colliding ","icon":"","box":"1036,1097 232x48"},{"tag":"BUTTON","al":"","txt":"Graham rescuing Ar","icon":"","box":"1036,1145 232x48"},{"tag":"BUTTON","al":"","txt":"1788091310668_2b46","icon":"","box":"1036,1193 232x48"},{"tag":"BUTTON","al":"","txt":"Graham rescuing Ar","icon":"","box":"1036,1241 232x48"},{"tag":"BUTTON","al":"","txt":"Arlo and Graham wa","icon":"","box":"1036,1289 232x48"},{"tag":"BUTTON","al":"","txt":"1788091089350_1133","icon":"","box":"1036,1337 232x48"},{"tag":"BUTTON","al":"Phát","txt":"play_arrow","icon":"","box":"1452,997 34x34"},{"tag":"BUTTON","al":"Bật tiếng","txt":"no_sound","icon":"","box":"1579,997 34x34"},{"tag":"BUTTON","al":"","txt":"Thêm vào câu lệnh","icon":"","box":"1290,1138 368x34"}],"fileInputs":[]}
2026-09-04T12:24:03.307Z [bf1eca05-9764-4d5a-89c2-a75892b8f19b][036a6086-e2e4-4cc3-a726-3a3da88e9c0a] Start keyframe step2: panel still not visible — waiting last 8s...
2026-09-04T12:24:03.895Z [907cd4fa-f0cf-4889-8d51-578168cb0f30][036a6086-e2e4-4cc3-a726-3a3da88e9c0a] Start keyframe step1 fallback: panel visible = false
2026-09-04T12:24:03.933Z [907cd4fa-f0cf-4889-8d51-578168cb0f30][036a6086-e2e4-4cc3-a726-3a3da88e9c0a] Start keyframe DIAG composer(final-before-throw): {"rootFound":false,"win":"2560x1280","dpr":1.5,"count":23,"els":[{"tag":"BUTTON","al":"Thêm thành phần vào ô nhập","txt":"close","icon":"","box":"999,1257 32x32"},{"tag":"BUTTON","al":"","txt":"Tác nhân","icon":"","box":"1041,1259 79x28"},{"tag":"BUTTON","al":"Điều kiện kích hoạt cài đặ","txt":"Video · 720p · 8 g","icon":"","box":"1376,1257 167x32"},{"tag":"BUTTON","al":"Bắt đầu tạo","txt":"arrow_forward","icon":"","box":"1547,1257 32x32"},{"tag":"BUTTON","al":"","txt":"upload\nTải nội dun","icon":"","box":"910,1146 120x34"},{"tag":"BUTTON","al":"","txt":"Family leaving par","icon":"","box":"1036,665 232x48"},{"tag":"BUTTON","al":"","txt":"1788158601790_62a3","icon":"","box":"1036,713 232x48"},{"tag":"BUTTON","al":"","txt":"Family leaving par","icon":"","box":"1036,761 232x48"},{"tag":"BUTTON","al":"","txt":"Nessa comforting A","icon":"","box":"1036,809 232x48"},{"tag":"BUTTON","al":"","txt":"1788158323338_b683","icon":"","box":"1036,857 232x48"},{"tag":"BUTTON","al":"","txt":"Nessa comforting A","icon":"","box":"1036,905 232x48"},{"tag":"BUTTON","al":"","txt":"Graham talks to Ar","icon":"","box":"1036,953 232x48"},{"tag":"BUTTON","al":"","txt":"1788091598142_0572","icon":"","box":"1036,1001 232x48"},{"tag":"BUTTON","al":"","txt":"Graham warns Arlo ","icon":"","box":"1036,1049 232x48"},{"tag":"BUTTON","al":"","txt":"Băng nứt trên sông","icon":"","box":"1036,1097 232x48"},{"tag":"BUTTON","al":"","txt":"1788091477963_9000","icon":"","box":"1036,1145 232x48"},{"tag":"BUTTON","al":"","txt":"Camera films crack","icon":"","box":"1036,1193 232x48"},{"tag":"BUTTON","al":"","txt":"Graham pulls Arlo ","icon":"","box":"1036,1241 232x48"},{"tag":"BUTTON","al":"","txt":"1788091400568_204c","icon":"","box":"1036,1289 232x48"},{"tag":"BUTTON","al":"","txt":"videocam\nGraham re","icon":"","box":"1036,1337 232x48"},{"tag":"BUTTON","al":"Phát","txt":"play_arrow","icon":"","box":"1452,997 34x34"},{"tag":"BUTTON","al":"Bật tiếng","txt":"no_sound","icon":"","box":"1579,997 34x34"},{"tag":"BUTTON","al":"","txt":"Thêm vào câu lệnh","icon":"","box":"1290,1138 368x34"}],"fileInputs":[]}
2026-09-04T12:24:03.934Z [907cd4fa-f0cf-4889-8d51-578168cb0f30][036a6086-e2e4-4cc3-a726-3a3da88e9c0a] Start keyframe step2: panel still not visible — waiting last 8s...
2026-09-04T12:24:03.973Z [81786005-e060-476a-88e4-96bfa715d158][036a6086-e2e4-4cc3-a726-3a3da88e9c0a] Start keyframe step1 fallback: panel visible = false
2026-09-04T12:24:04.011Z [81786005-e060-476a-88e4-96bfa715d158][036a6086-e2e4-4cc3-a726-3a3da88e9c0a] Start keyframe DIAG composer(final-before-throw): {"rootFound":false,"win":"2560x1280","dpr":1.5,"count":23,"els":[{"tag":"BUTTON","al":"Thêm thành phần vào ô nhập","txt":"close","icon":"","box":"999,1257 32x32"},{"tag":"BUTTON","al":"","txt":"Tác nhân","icon":"","box":"1041,1259 79x28"},{"tag":"BUTTON","al":"Điều kiện kích hoạt cài đặ","txt":"Video · 720p · 8 g","icon":"","box":"1376,1257 167x32"},{"tag":"BUTTON","al":"Bắt đầu tạo","txt":"arrow_forward","icon":"","box":"1547,1257 32x32"},{"tag":"BUTTON","al":"","txt":"upload\nTải nội dun","icon":"","box":"910,1146 120x34"},{"tag":"BUTTON","al":"","txt":"Arlo nods to Graha","icon":"","box":"1036,665 232x48"},{"tag":"BUTTON","al":"","txt":"1788090404443_6227","icon":"","box":"1036,713 232x48"},{"tag":"BUTTON","al":"","txt":"Elara speaking to ","icon":"","box":"1036,761 232x48"},{"tag":"BUTTON","al":"","txt":"1788158514690_02a6","icon":"","box":"1036,809 232x48"},{"tag":"BUTTON","al":"","txt":"Arlo confesses to ","icon":"","box":"1036,857 232x48"},{"tag":"BUTTON","al":"","txt":"1788158347047_18ea","icon":"","box":"1036,905 232x48"},{"tag":"BUTTON","al":"","txt":"Arlo confesses to ","icon":"","box":"1036,953 232x48"},{"tag":"BUTTON","al":"","txt":"Elara checks Arlo ","icon":"","box":"1036,1001 232x48"},{"tag":"BUTTON","al":"","txt":"1788091616960_edc5","icon":"","box":"1036,1049 232x48"},{"tag":"BUTTON","al":"","txt":"Elara checks Arlo ","icon":"","box":"1036,1097 232x48"},{"tag":"BUTTON","al":"","txt":"Băng nứt tách thàn","icon":"","box":"1036,1145 232x48"},{"tag":"BUTTON","al":"","txt":"1788091550279_4337","icon":"","box":"1036,1193 232x48"},{"tag":"BUTTON","al":"","txt":"Băng vỡ thành năm ","icon":"","box":"1036,1241 232x48"},{"tag":"BUTTON","al":"","txt":"Family watching fl","icon":"","box":"1036,1289 232x48"},{"tag":"BUTTON","al":"","txt":"1788091418196_1144","icon":"","box":"1036,1337 232x48"},{"tag":"BUTTON","al":"Phát","txt":"play_arrow","icon":"","box":"1452,997 34x34"},{"tag":"BUTTON","al":"Bật tiếng","txt":"no_sound","icon":"","box":"1579,997 34x34"},{"tag":"BUTTON","al":"","txt":"Thêm vào câu lệnh","icon":"","box":"1290,1138 368x34"}],"fileInputs":[]}
2026-09-04T12:24:04.013Z [81786005-e060-476a-88e4-96bfa715d158][036a6086-e2e4-4cc3-a726-3a3da88e9c0a] Start keyframe step2: panel still not visible — waiting last 8s...
2026-09-04T12:24:04.393Z [4dc91f7a-6a56-419d-ba5e-24d8806798b1][036a6086-e2e4-4cc3-a726-3a3da88e9c0a] Start keyframe step1 fallback: panel visible = false
2026-09-04T12:24:04.416Z [4dc91f7a-6a56-419d-ba5e-24d8806798b1][036a6086-e2e4-4cc3-a726-3a3da88e9c0a] Start keyframe DIAG composer(final-before-throw): {"rootFound":false,"win":"2560x1280","dpr":1.5,"count":21,"els":[{"tag":"BUTTON","al":"Thêm thành phần vào ô nhập","txt":"close","icon":"","box":"999,1257 32x32"},{"tag":"BUTTON","al":"","txt":"Tác nhân","icon":"","box":"1041,1259 79x28"},{"tag":"BUTTON","al":"Điều kiện kích hoạt cài đặ","txt":"Video · 720p · 8 g","icon":"","box":"1376,1257 167x32"},{"tag":"BUTTON","al":"Bắt đầu tạo","txt":"arrow_forward","icon":"","box":"1547,1257 32x32"},{"tag":"BUTTON","al":"","txt":"upload\nTải nội dun","icon":"","box":"910,1146 120x34"},{"tag":"BUTTON","al":"","txt":"1788090404443_6227","icon":"","box":"1036,665 232x48"},{"tag":"BUTTON","al":"","txt":"Arlo admitting he ","icon":"","box":"1036,713 232x48"},{"tag":"BUTTON","al":"","txt":"1788158480055_1caa","icon":"","box":"1036,761 232x48"},{"tag":"BUTTON","al":"","txt":"Arlo admits he was","icon":"","box":"1036,809 232x48"},{"tag":"BUTTON","al":"","txt":"Nessa questioning ","icon":"","box":"1036,857 232x48"},{"tag":"BUTTON","al":"","txt":"1788158326284_d27d","icon":"","box":"1036,905 232x48"},{"tag":"BUTTON","al":"","txt":"Nessa questioning ","icon":"","box":"1036,953 232x48"},{"tag":"BUTTON","al":"","txt":"Ice slabs floating","icon":"","box":"1036,1001 232x48"},{"tag":"BUTTON","al":"","txt":"1788091531457_8429","icon":"","box":"1036,1049 232x48"},{"tag":"BUTTON","al":"","txt":"Ice slabs drifting","icon":"","box":"1036,1097 232x48"},{"tag":"BUTTON","al":"","txt":"Ice floe drifting ","icon":"","box":"1036,1145 232x48"},{"tag":"BUTTON","al":"","txt":"1788091353389_4c49","icon":"","box":"1036,1193 232x48"},{"tag":"BUTTON","al":"","txt":"Ice floating towar","icon":"","box":"1036,1241 232x48"},{"tag":"BUTTON","al":"","txt":"videocam\nArlo resc","icon":"","box":"1036,1289 232x48"},{"tag":"BUTTON","al":"","txt":"1788091230589_2e5c","icon":"","box":"1036,1337 232x48"},{"tag":"BUTTON","al":"","txt":"Thêm vào câu lệnh","icon":"","box":"1290,1138 368x34"}],"fileInputs":[]}
2026-09-04T12:24:04.416Z [4dc91f7a-6a56-419d-ba5e-24d8806798b1][036a6086-e2e4-4cc3-a726-3a3da88e9c0a] Start keyframe step2: panel still not visible — waiting last 8s...
2026-09-04T12:24:11.321Z [bf1eca05-9764-4d5a-89c2-a75892b8f19b][036a6086-e2e4-4cc3-a726-3a3da88e9c0a] Start keyframe upload failed: page.waitForSelector: Timeout 8000ms exceeded.
Call log:
[2m  - waiting for locator('xpath=/html/body/div[1]/div[2]/div') to be visible[22m

2026-09-04T12:24:11.322Z [bf1eca05-9764-4d5a-89c2-a75892b8f19b][036a6086-e2e4-4cc3-a726-3a3da88e9c0a] ⚠ Start keyframe NOT applied: page.waitForSelector: Timeout 8000ms exceeded.
Call log:
[2m  - waiting for locator('xpath=/html/body/div[1]/div[2]/div') to be visible[22m

2026-09-04T12:24:11.333Z [bf1eca05-9764-4d5a-89c2-a75892b8f19b][036a6086-e2e4-4cc3-a726-3a3da88e9c0a] DIAG: input[type=file] count=0; visible buttons=["Nút quay lại để quay về trang trước","Các lựa chọn khác cho dự án","Tìm kiếm","Các lựa chọn lọc và sắp xếp","Trình đơn thêm nội dung nghe nhìn","Trợ giúp về sản phẩm","Cài đặt lưới ô","Lựa chọn khác","Thêm thành phần vào ô nhập câu lệnh","Tác nhân","Điều kiện kích hoạt cài đặt","Bắt đầu tạo","uploadTải nội dung nghe nhìn lên","Nessa holding Arlo handVideo","1788158449211_79b2eb_winai_2026-08-31T06","Girl holding brother's handVideo","Graham comforts Arlo with wisdomVideo","1788158379819_c3b7b4_winai_2026-08-31T06","Arlo looking at dark waterVideo","1788091539011_055b3c_winai_2026-08-30T12","Iceberg colliding with rockVideo","1788091350195_60da54_winai_2026-08-30T12","Iceberg colliding with rockVideo","Graham rescuing Arlo from riverVideo","1788091310668_2b4631_winai_2026-08-30T11","Graham rescuing Arlo from riverVideo","Arlo and Graham water rescueVideo","1788091089350_1133dc_winai_2026-08-30T11","Phát","Bật tiếng","Thêm vào câu lệnh"]
2026-09-04T12:24:11.335Z [bf1eca05-9764-4d5a-89c2-a75892b8f19b][036a6086-e2e4-4cc3-a726-3a3da88e9c0a] Flow attempt 1/1 failed: Start keyframe/ingredient provided but could not be attached — aborting before submit to avoid detecting/downloading pre-existing project videos.
2026-09-04T12:24:11.335Z [bf1eca05-9764-4d5a-89c2-a75892b8f19b][036a6086-e2e4-4cc3-a726-3a3da88e9c0a] runGeneration ERROR exception: Error: Start keyframe/ingredient provided but could not be attached — aborting before submit to avoid detecting/downloading pre-existing project videos.
    at runGoogleFlow (C:\snapshot\sidecar\dist\sidecar.cjs:9144:11)
    at async runGeneration (C:\snapshot\sidecar\dist\sidecar.cjs:10021:11)
    at async handleCommand (C:\snapshot\sidecar\dist\sidecar.cjs:6510:7)
    at async C:\snapshot\sidecar\dist\sidecar.cjs:6426:11
2026-09-04T12:24:11.941Z [907cd4fa-f0cf-4889-8d51-578168cb0f30][036a6086-e2e4-4cc3-a726-3a3da88e9c0a] Start keyframe upload failed: page.waitForSelector: Timeout 8000ms exceeded.
Call log:
[2m  - waiting for locator('xpath=/html/body/div[1]/div[2]/div') to be visible[22m

2026-09-04T12:24:11.941Z [907cd4fa-f0cf-4889-8d51-578168cb0f30][036a6086-e2e4-4cc3-a726-3a3da88e9c0a] ⚠ Start keyframe NOT applied: page.waitForSelector: Timeout 8000ms exceeded.
Call log:
[2m  - waiting for locator('xpath=/html/body/div[1]/div[2]/div') to be visible[22m

2026-09-04T12:24:11.954Z [907cd4fa-f0cf-4889-8d51-578168cb0f30][036a6086-e2e4-4cc3-a726-3a3da88e9c0a] DIAG: input[type=file] count=0; visible buttons=["Nút quay lại để quay về trang trước","Các lựa chọn khác cho dự án","Tìm kiếm","Các lựa chọn lọc và sắp xếp","Trình đơn thêm nội dung nghe nhìn","Trợ giúp về sản phẩm","Cài đặt lưới ô","Lựa chọn khác","Thêm thành phần vào ô nhập câu lệnh","Tác nhân","Điều kiện kích hoạt cài đặt","Bắt đầu tạo","uploadTải nội dung nghe nhìn lên","Family leaving park together safelyVideo","1788158601790_62a305_winai_2026-08-31T06","Family leaving park safelyVideo","Nessa comforting Arlo by riverVideo","1788158323338_b683ed_winai_2026-08-31T06","Nessa comforting Arlo by riverVideo","Graham talks to Arlo by river…Video","1788091598142_057200_winai_2026-08-30T12","Graham warns Arlo by riverVideo","Băng nứt trên sôngVideo","1788091477963_9000cc_winai_2026-08-30T12","Camera films cracking ice blockVideo","Graham pulls Arlo to safetyVideo","1788091400568_204cda_winai_2026-08-30T12","Graham rescues Arlo from iceVideo","Phát","Bật tiếng","Thêm vào câu lệnh"]
2026-09-04T12:24:11.955Z [907cd4fa-f0cf-4889-8d51-578168cb0f30][036a6086-e2e4-4cc3-a726-3a3da88e9c0a] Flow attempt 1/1 failed: Start keyframe/ingredient provided but could not be attached — aborting before submit to avoid detecting/downloading pre-existing project videos.
2026-09-04T12:24:11.956Z [907cd4fa-f0cf-4889-8d51-578168cb0f30][036a6086-e2e4-4cc3-a726-3a3da88e9c0a] runGeneration ERROR exception: Error: Start keyframe/ingredient provided but could not be attached — aborting before submit to avoid detecting/downloading pre-existing project videos.
    at runGoogleFlow (C:\snapshot\sidecar\dist\sidecar.cjs:9144:11)
    at async runGeneration (C:\snapshot\sidecar\dist\sidecar.cjs:10021:11)
    at async handleCommand (C:\snapshot\sidecar\dist\sidecar.cjs:6510:7)
    at async C:\snapshot\sidecar\dist\sidecar.cjs:6426:11
2026-09-04T12:24:12.031Z [81786005-e060-476a-88e4-96bfa715d158][036a6086-e2e4-4cc3-a726-3a3da88e9c0a] Start keyframe upload failed: page.waitForSelector: Timeout 8000ms exceeded.
Call log:
[2m  - waiting for locator('xpath=/html/body/div[1]/div[2]/div') to be visible[22m

2026-09-04T12:24:12.031Z [81786005-e060-476a-88e4-96bfa715d158][036a6086-e2e4-4cc3-a726-3a3da88e9c0a] ⚠ Start keyframe NOT applied: page.waitForSelector: Timeout 8000ms exceeded.
Call log:
[2m  - waiting for locator('xpath=/html/body/div[1]/div[2]/div') to be visible[22m

2026-09-04T12:24:12.042Z [81786005-e060-476a-88e4-96bfa715d158][036a6086-e2e4-4cc3-a726-3a3da88e9c0a] DIAG: input[type=file] count=0; visible buttons=["Nút quay lại để quay về trang trước","Các lựa chọn khác cho dự án","Tìm kiếm","Các lựa chọn lọc và sắp xếp","Trình đơn thêm nội dung nghe nhìn","Trợ giúp về sản phẩm","Cài đặt lưới ô","Lựa chọn khác","Thêm thành phần vào ô nhập câu lệnh","Tác nhân","Điều kiện kích hoạt cài đặt","Bắt đầu tạo","uploadTải nội dung nghe nhìn lên","Arlo nods to GrahamVideo","1788090404443_62275d_winai_2026-08-30T11","Elara speaking to familyVideo","1788158514690_02a615_winai_2026-08-31T06","Arlo confesses to NessaVideo","1788158347047_18ea6f_winai_2026-08-31T06","Arlo confesses to NessaVideo","Elara checks Arlo for injuriesVideo","1788091616960_edc5b6_winai_2026-08-30T12","Elara checks Arlo for injuriesVideo","Băng nứt tách thành mảngVideo","1788091550279_4337e1_winai_2026-08-30T12","Băng vỡ thành năm mảngVideo","Family watching floating icebergVideo","1788091418196_114420_winai_2026-08-30T12","Phát","Bật tiếng","Thêm vào câu lệnh"]
2026-09-04T12:24:12.044Z [81786005-e060-476a-88e4-96bfa715d158][036a6086-e2e4-4cc3-a726-3a3da88e9c0a] Flow attempt 1/1 failed: Start keyframe/ingredient provided but could not be attached — aborting before submit to avoid detecting/downloading pre-existing project videos.
2026-09-04T12:24:12.044Z [81786005-e060-476a-88e4-96bfa715d158][036a6086-e2e4-4cc3-a726-3a3da88e9c0a] runGeneration ERROR exception: Error: Start keyframe/ingredient provided but could not be attached — aborting before submit to avoid detecting/downloading pre-existing project videos.
    at runGoogleFlow (C:\snapshot\sidecar\dist\sidecar.cjs:9144:11)
    at async runGeneration (C:\snapshot\sidecar\dist\sidecar.cjs:10021:11)
    at async handleCommand (C:\snapshot\sidecar\dist\sidecar.cjs:6510:7)
    at async C:\snapshot\sidecar\dist\sidecar.cjs:6426:11
2026-09-04T12:24:12.231Z [c8703b99-3d5a-4372-b030-54f6c822cbae][036a6086-e2e4-4cc3-a726-3a3da88e9c0a] runGeneration starting: task_id=c8703b99-3d5a-4372-b030-54f6c822cbae, profile_id=036a6086-e2e4-4cc3-a726-3a3da88e9c0a, target_site=google_flow
2026-09-04T12:24:12.232Z [c8703b99-3d5a-4372-b030-54f6c822cbae][036a6086-e2e4-4cc3-a726-3a3da88e9c0a] Opening Playwright browser with persistent profile cookies...
2026-09-04T12:24:12.232Z [c8703b99-3d5a-4372-b030-54f6c822cbae][036a6086-e2e4-4cc3-a726-3a3da88e9c0a] Browser engine: winhide (C:\Users\Admin\AppData\Roaming\com.tank.winai\winhide\chrome.exe) [hidden off-screen]
2026-09-04T12:24:12.233Z [c8703b99-3d5a-4372-b030-54f6c822cbae][036a6086-e2e4-4cc3-a726-3a3da88e9c0a] Launch mode: STEALTH (raw spawn + connectOverCDP)
2026-09-04T12:24:12.231Z [43949f84-ae77-4195-a8f9-af1c000f23e1][036a6086-e2e4-4cc3-a726-3a3da88e9c0a] runGeneration starting: task_id=43949f84-ae77-4195-a8f9-af1c000f23e1, profile_id=036a6086-e2e4-4cc3-a726-3a3da88e9c0a, target_site=google_flow
2026-09-04T12:24:12.231Z [e69db888-a0e1-40ef-849e-41582a97861b][036a6086-e2e4-4cc3-a726-3a3da88e9c0a] runGeneration starting: task_id=e69db888-a0e1-40ef-849e-41582a97861b, profile_id=036a6086-e2e4-4cc3-a726-3a3da88e9c0a, target_site=google_flow
2026-09-04T12:24:12.232Z [43949f84-ae77-4195-a8f9-af1c000f23e1][036a6086-e2e4-4cc3-a726-3a3da88e9c0a] Opening Playwright browser with persistent profile cookies...
2026-09-04T12:24:12.232Z [e69db888-a0e1-40ef-849e-41582a97861b][036a6086-e2e4-4cc3-a726-3a3da88e9c0a] Opening Playwright browser with persistent profile cookies...
2026-09-04T12:24:12.232Z [43949f84-ae77-4195-a8f9-af1c000f23e1][036a6086-e2e4-4cc3-a726-3a3da88e9c0a] Browser engine: winhide (C:\Users\Admin\AppData\Roaming\com.tank.winai\winhide\chrome.exe) [hidden off-screen]
2026-09-04T12:24:12.233Z [e69db888-a0e1-40ef-849e-41582a97861b][036a6086-e2e4-4cc3-a726-3a3da88e9c0a] Browser engine: winhide (C:\Users\Admin\AppData\Roaming\com.tank.winai\winhide\chrome.exe) [hidden off-screen]
2026-09-04T12:24:12.233Z [43949f84-ae77-4195-a8f9-af1c000f23e1][036a6086-e2e4-4cc3-a726-3a3da88e9c0a] Launch mode: STEALTH (raw spawn + connectOverCDP)
2026-09-04T12:24:12.233Z [e69db888-a0e1-40ef-849e-41582a97861b][036a6086-e2e4-4cc3-a726-3a3da88e9c0a] Launch mode: STEALTH (raw spawn + connectOverCDP)
2026-09-04T12:24:12.420Z [4dc91f7a-6a56-419d-ba5e-24d8806798b1][036a6086-e2e4-4cc3-a726-3a3da88e9c0a] Start keyframe upload failed: page.waitForSelector: Timeout 8000ms exceeded.
Call log:
[2m  - waiting for locator('xpath=/html/body/div[1]/div[2]/div') to be visible[22m

2026-09-04T12:24:12.421Z [4dc91f7a-6a56-419d-ba5e-24d8806798b1][036a6086-e2e4-4cc3-a726-3a3da88e9c0a] ⚠ Start keyframe NOT applied: page.waitForSelector: Timeout 8000ms exceeded.
Call log:
[2m  - waiting for locator('xpath=/html/body/div[1]/div[2]/div') to be visible[22m

2026-09-04T12:24:12.439Z [4dc91f7a-6a56-419d-ba5e-24d8806798b1][036a6086-e2e4-4cc3-a726-3a3da88e9c0a] DIAG: input[type=file] count=0; visible buttons=["Nút quay lại để quay về trang trước","Các lựa chọn khác cho dự án","Tìm kiếm","Các lựa chọn lọc và sắp xếp","Trình đơn thêm nội dung nghe nhìn","Trợ giúp về sản phẩm","Cài đặt lưới ô","Lựa chọn khác","Thêm thành phần vào ô nhập câu lệnh","Tác nhân","Điều kiện kích hoạt cài đặt","Bắt đầu tạo","uploadTải nội dung nghe nhìn lên","1788090404443_62275d_winai_2026-08-30T11","Arlo admitting he was scaredVideo","1788158480055_1caa94_winai_2026-08-31T06","Arlo admits he was scaredVideo","Nessa questioning Arlo by riverVideo","1788158326284_d27d93_winai_2026-08-31T06","Nessa questioning ArloVideo","Ice slabs floating down riverVideo","1788091531457_842940_winai_2026-08-30T12","Ice slabs drifting down riverVideo","Ice floe drifting toward rocksVideo","1788091353389_4c49f2_winai_2026-08-30T12","Ice floating toward rocksVideo","Arlo rescue operation on iceVideo","1788091230589_2e5c07_winai_2026-08-30T11","Thêm vào câu lệnh"]
2026-09-04T12:24:12.441Z [4dc91f7a-6a56-419d-ba5e-24d8806798b1][036a6086-e2e4-4cc3-a726-3a3da88e9c0a] Flow attempt 1/1 failed: Start keyframe/ingredient provided but could not be attached — aborting before submit to avoid detecting/downloading pre-existing project videos.
2026-09-04T12:24:12.442Z [4dc91f7a-6a56-419d-ba5e-24d8806798b1][036a6086-e2e4-4cc3-a726-3a3da88e9c0a] runGeneration ERROR exception: Error: Start keyframe/ingredient provided but could not be attached — aborting before submit to avoid detecting/downloading pre-existing project videos.
    at runGoogleFlow (C:\snapshot\sidecar\dist\sidecar.cjs:9144:11)
    at async runGeneration (C:\snapshot\sidecar\dist\sidecar.cjs:10021:11)
    at async handleCommand (C:\snapshot\sidecar\dist\sidecar.cjs:6510:7)
    at async C:\snapshot\sidecar\dist\sidecar.cjs:6426:11
2026-09-04T12:24:13.925Z [853a4b93-874c-48f3-912e-d93a96131b36][036a6086-e2e4-4cc3-a726-3a3da88e9c0a] runGeneration starting: task_id=853a4b93-874c-48f3-912e-d93a96131b36, profile_id=036a6086-e2e4-4cc3-a726-3a3da88e9c0a, target_site=google_flow
2026-09-04T12:24:13.970Z [853a4b93-874c-48f3-912e-d93a96131b36][036a6086-e2e4-4cc3-a726-3a3da88e9c0a] Opening Playwright browser with persistent profile cookies...
2026-09-04T12:24:13.997Z [853a4b93-874c-48f3-912e-d93a96131b36][036a6086-e2e4-4cc3-a726-3a3da88e9c0a] Browser engine: winhide (C:\Users\Admin\AppData\Roaming\com.tank.winai\winhide\chrome.exe) [hidden off-screen]
2026-09-04T12:24:14.008Z [853a4b93-874c-48f3-912e-d93a96131b36][036a6086-e2e4-4cc3-a726-3a3da88e9c0a] Launch mode: STEALTH (raw spawn + connectOverCDP)
2026-09-04T12:24:14.560Z [c8703b99-3d5a-4372-b030-54f6c822cbae][036a6086-e2e4-4cc3-a726-3a3da88e9c0a] Exit IP: 115.74.128.9
2026-09-04T12:24:14.561Z [c8703b99-3d5a-4372-b030-54f6c822cbae][036a6086-e2e4-4cc3-a726-3a3da88e9c0a] Navigating browser to Google Flow tools page...
2026-09-04T12:24:14.561Z [c8703b99-3d5a-4372-b030-54f6c822cbae][036a6086-e2e4-4cc3-a726-3a3da88e9c0a] Using existing project URL: https://flow.google.com/project/c2a607c5-d833-4be1-8108-407b74d4ed85
2026-09-04T12:24:14.567Z [e69db888-a0e1-40ef-849e-41582a97861b][036a6086-e2e4-4cc3-a726-3a3da88e9c0a] Exit IP: 115.74.128.9
2026-09-04T12:24:14.568Z [e69db888-a0e1-40ef-849e-41582a97861b][036a6086-e2e4-4cc3-a726-3a3da88e9c0a] Navigating browser to Google Flow tools page...
2026-09-04T12:24:14.568Z [e69db888-a0e1-40ef-849e-41582a97861b][036a6086-e2e4-4cc3-a726-3a3da88e9c0a] Using existing project URL: https://flow.google.com/project/33ca2cc2-c9ff-4bb6-9048-2a7af1dfcfee
2026-09-04T12:24:14.699Z [43949f84-ae77-4195-a8f9-af1c000f23e1][036a6086-e2e4-4cc3-a726-3a3da88e9c0a] Exit IP: 115.74.128.9
2026-09-04T12:24:14.699Z [43949f84-ae77-4195-a8f9-af1c000f23e1][036a6086-e2e4-4cc3-a726-3a3da88e9c0a] Navigating browser to Google Flow tools page...
2026-09-04T12:24:14.700Z [43949f84-ae77-4195-a8f9-af1c000f23e1][036a6086-e2e4-4cc3-a726-3a3da88e9c0a] Using existing project URL: https://flow.google.com/project/cd81a7d3-c989-419e-891a-f8694174cb85
2026-09-04T12:24:15.749Z [c8703b99-3d5a-4372-b030-54f6c822cbae][036a6086-e2e4-4cc3-a726-3a3da88e9c0a] Waiting for Google Flow...
2026-09-04T12:24:15.859Z [e69db888-a0e1-40ef-849e-41582a97861b][036a6086-e2e4-4cc3-a726-3a3da88e9c0a] Waiting for Google Flow...
2026-09-04T12:24:16.219Z [853a4b93-874c-48f3-912e-d93a96131b36][036a6086-e2e4-4cc3-a726-3a3da88e9c0a] Exit IP: 115.74.128.9
2026-09-04T12:24:16.219Z [853a4b93-874c-48f3-912e-d93a96131b36][036a6086-e2e4-4cc3-a726-3a3da88e9c0a] Navigating browser to Google Flow tools page...
2026-09-04T12:24:16.220Z [853a4b93-874c-48f3-912e-d93a96131b36][036a6086-e2e4-4cc3-a726-3a3da88e9c0a] Using existing project URL: https://flow.google.com/project/cae2bf2b-d1b8-40f9-a300-9f2aa6276ea5
2026-09-04T12:24:16.786Z [43949f84-ae77-4195-a8f9-af1c000f23e1][036a6086-e2e4-4cc3-a726-3a3da88e9c0a] Waiting for Google Flow...
2026-09-04T12:24:17.557Z [e69db888-a0e1-40ef-849e-41582a97861b][036a6086-e2e4-4cc3-a726-3a3da88e9c0a] In existing project ✓
2026-09-04T12:24:17.697Z [853a4b93-874c-48f3-912e-d93a96131b36][036a6086-e2e4-4cc3-a726-3a3da88e9c0a] Waiting for Google Flow...
2026-09-04T12:24:17.747Z [c8703b99-3d5a-4372-b030-54f6c822cbae][036a6086-e2e4-4cc3-a726-3a3da88e9c0a] In existing project ✓
2026-09-04T12:24:18.647Z [e69db888-a0e1-40ef-849e-41582a97861b][036a6086-e2e4-4cc3-a726-3a3da88e9c0a] dismissPopups: unresolved overlay(s) ["IFRAME[presentation]|btns="]
2026-09-04T12:24:18.711Z [c8703b99-3d5a-4372-b030-54f6c822cbae][036a6086-e2e4-4cc3-a726-3a3da88e9c0a] dismissPopups: unresolved overlay(s) ["IFRAME[presentation]|btns="]
2026-09-04T12:24:19.090Z [43949f84-ae77-4195-a8f9-af1c000f23e1][036a6086-e2e4-4cc3-a726-3a3da88e9c0a] In existing project ✓
2026-09-04T12:24:19.237Z [853a4b93-874c-48f3-912e-d93a96131b36][036a6086-e2e4-4cc3-a726-3a3da88e9c0a] In existing project ✓
2026-09-04T12:24:20.214Z [43949f84-ae77-4195-a8f9-af1c000f23e1][036a6086-e2e4-4cc3-a726-3a3da88e9c0a] dismissPopups: unresolved overlay(s) ["IFRAME[presentation]|btns="]
2026-09-04T12:24:20.504Z [853a4b93-874c-48f3-912e-d93a96131b36][036a6086-e2e4-4cc3-a726-3a3da88e9c0a] dismissPopups: unresolved overlay(s) ["IFRAME[presentation]|btns="]