=== WINAI TELEMETRY LOG ===
PC: DESKTOP-RBMQ7JR | User: MienTrungComputer
Time: 2026-09-06T17:19:34.222108800+07:00
Reason: batch_finished_image
Lines: 3000
===========================

2026-09-06T09:34:19.766Z [a3ddab74-0271-48d9-bd68-de071aed356c][fdfbd39c-aa59-4b23-a3ac-5f2ddfb5b1b8] Item 3: Uploaded → https://studio.xanhmedia.vn/uploads/2026-09/1788687259702_d60464_fdfbd39c-aa59-4b23-a3ac-5f2ddfb5b1b8_a3d.jpg
2026-09-06T09:34:19.788Z [a3ddab74-0271-48d9-bd68-de071aed356c][fdfbd39c-aa59-4b23-a3ac-5f2ddfb5b1b8] Item 4: Uploaded → https://studio.xanhmedia.vn/uploads/2026-09/1788687259727_fd412e_fdfbd39c-aa59-4b23-a3ac-5f2ddfb5b1b8_a3d.jpg
2026-09-06T09:34:19.817Z [a3ddab74-0271-48d9-bd68-de071aed356c][fdfbd39c-aa59-4b23-a3ac-5f2ddfb5b1b8] All done (including any 1080p upgrades). Closing Playwright browser context.
2026-09-06T09:34:20.371Z [65a4046a-97b4-4a3a-b7d4-d86d4f87b89a][fdfbd39c-aa59-4b23-a3ac-5f2ddfb5b1b8] runGeneration starting: task_id=65a4046a-97b4-4a3a-b7d4-d86d4f87b89a, profile_id=fdfbd39c-aa59-4b23-a3ac-5f2ddfb5b1b8, target_site=google_flow
2026-09-06T09:34:20.372Z [65a4046a-97b4-4a3a-b7d4-d86d4f87b89a][fdfbd39c-aa59-4b23-a3ac-5f2ddfb5b1b8] Opening Playwright browser with persistent profile cookies...
2026-09-06T09:34:20.372Z [65a4046a-97b4-4a3a-b7d4-d86d4f87b89a][fdfbd39c-aa59-4b23-a3ac-5f2ddfb5b1b8] Browser engine: winhide (C:\Users\MienTrungComputer\AppData\Roaming\com.tank.winai\winhide\chrome.exe)
2026-09-06T09:34:20.373Z [65a4046a-97b4-4a3a-b7d4-d86d4f87b89a][fdfbd39c-aa59-4b23-a3ac-5f2ddfb5b1b8] Launch mode: STEALTH (raw spawn + connectOverCDP)
2026-09-06T09:34:22.063Z [0e1f644c-7f5a-4efd-85fd-79a2938c39e9][fdfbd39c-aa59-4b23-a3ac-5f2ddfb5b1b8] Generating... 3 ready, 0 failed / 4 total (106s)
2026-09-06T09:34:22.873Z [65a4046a-97b4-4a3a-b7d4-d86d4f87b89a][fdfbd39c-aa59-4b23-a3ac-5f2ddfb5b1b8] Exit IP: 171.229.14.52
2026-09-06T09:34:22.873Z [65a4046a-97b4-4a3a-b7d4-d86d4f87b89a][fdfbd39c-aa59-4b23-a3ac-5f2ddfb5b1b8] Navigating browser to Google Flow tools page...
2026-09-06T09:34:22.874Z [65a4046a-97b4-4a3a-b7d4-d86d4f87b89a][fdfbd39c-aa59-4b23-a3ac-5f2ddfb5b1b8] Using existing project URL: https://flow.google.com/project/390215dc-290f-4b92-a7f0-dd2b6651acfb?hl=en
2026-09-06T09:34:23.944Z [65a4046a-97b4-4a3a-b7d4-d86d4f87b89a][fdfbd39c-aa59-4b23-a3ac-5f2ddfb5b1b8] Waiting for Google Flow...
2026-09-06T09:34:25.133Z [0e1f644c-7f5a-4efd-85fd-79a2938c39e9][fdfbd39c-aa59-4b23-a3ac-5f2ddfb5b1b8] Generating... 3 ready, 0 failed / 4 total (109s)
2026-09-06T09:34:25.863Z [65a4046a-97b4-4a3a-b7d4-d86d4f87b89a][fdfbd39c-aa59-4b23-a3ac-5f2ddfb5b1b8] In existing project ✓
2026-09-06T09:34:26.942Z [65a4046a-97b4-4a3a-b7d4-d86d4f87b89a][fdfbd39c-aa59-4b23-a3ac-5f2ddfb5b1b8] dismissPopups: unresolved overlay(s) ["IFRAME[presentation]|btns="]
2026-09-06T09:34:28.149Z [0e1f644c-7f5a-4efd-85fd-79a2938c39e9][fdfbd39c-aa59-4b23-a3ac-5f2ddfb5b1b8] Generating... 3 ready, 0 failed / 4 total (112s)
2026-09-06T09:34:29.512Z [65a4046a-97b4-4a3a-b7d4-d86d4f87b89a][fdfbd39c-aa59-4b23-a3ac-5f2ddfb5b1b8] Composer ready ✓ (UI language: en)
2026-09-06T09:34:29.609Z [65a4046a-97b4-4a3a-b7d4-d86d4f87b89a][fdfbd39c-aa59-4b23-a3ac-5f2ddfb5b1b8] dismissPopups: clicked "Dismiss credit banner" (overlay)
2026-09-06T09:34:30.149Z [65a4046a-97b4-4a3a-b7d4-d86d4f87b89a][fdfbd39c-aa59-4b23-a3ac-5f2ddfb5b1b8] dismissPopups: unresolved overlay(s) ["DIV[]|btns=","DIV[]|btns="]
2026-09-06T09:34:30.187Z [65a4046a-97b4-4a3a-b7d4-d86d4f87b89a][fdfbd39c-aa59-4b23-a3ac-5f2ddfb5b1b8] Agent toggle aria-pressed=false
2026-09-06T09:34:30.189Z [65a4046a-97b4-4a3a-b7d4-d86d4f87b89a][fdfbd39c-aa59-4b23-a3ac-5f2ddfb5b1b8] Opening settings...
2026-09-06T09:34:31.179Z [0e1f644c-7f5a-4efd-85fd-79a2938c39e9][fdfbd39c-aa59-4b23-a3ac-5f2ddfb5b1b8] Generating... 3 ready, 0 failed / 4 total (115s)
2026-09-06T09:34:32.547Z [65a4046a-97b4-4a3a-b7d4-d86d4f87b89a][fdfbd39c-aa59-4b23-a3ac-5f2ddfb5b1b8] Configuring image settings...
2026-09-06T09:34:34.199Z [0e1f644c-7f5a-4efd-85fd-79a2938c39e9][fdfbd39c-aa59-4b23-a3ac-5f2ddfb5b1b8] Generating... 3 ready, 0 failed / 4 total (118s)
2026-09-06T09:34:34.504Z [65a4046a-97b4-4a3a-b7d4-d86d4f87b89a][fdfbd39c-aa59-4b23-a3ac-5f2ddfb5b1b8] Mode: selected "image Image" ✓
2026-09-06T09:34:37.209Z [0e1f644c-7f5a-4efd-85fd-79a2938c39e9][fdfbd39c-aa59-4b23-a3ac-5f2ddfb5b1b8] Generating... 3 ready, 0 failed / 4 total (121s)
2026-09-06T09:34:38.910Z [65a4046a-97b4-4a3a-b7d4-d86d4f87b89a][fdfbd39c-aa59-4b23-a3ac-5f2ddfb5b1b8] Model: selected "🍌 Nano Banana 2" ✓
2026-09-06T09:34:39.508Z [65a4046a-97b4-4a3a-b7d4-d86d4f87b89a][fdfbd39c-aa59-4b23-a3ac-5f2ddfb5b1b8] Aspect ratio: "crop_16_9 16:9" already selected ✓
2026-09-06T09:34:40.232Z [0e1f644c-7f5a-4efd-85fd-79a2938c39e9][fdfbd39c-aa59-4b23-a3ac-5f2ddfb5b1b8] Generating... 3 ready, 0 failed / 4 total (124s)
2026-09-06T09:34:41.053Z [65a4046a-97b4-4a3a-b7d4-d86d4f87b89a][fdfbd39c-aa59-4b23-a3ac-5f2ddfb5b1b8] Output count: selected "x4" ✓
2026-09-06T09:34:42.005Z [65a4046a-97b4-4a3a-b7d4-d86d4f87b89a][fdfbd39c-aa59-4b23-a3ac-5f2ddfb5b1b8] Ref image 1/4: downloading from URL...
2026-09-06T09:34:42.354Z [65a4046a-97b4-4a3a-b7d4-d86d4f87b89a][fdfbd39c-aa59-4b23-a3ac-5f2ddfb5b1b8] Downloader: no-proxy request context ready.
2026-09-06T09:34:42.895Z [65a4046a-97b4-4a3a-b7d4-d86d4f87b89a][fdfbd39c-aa59-4b23-a3ac-5f2ddfb5b1b8] Ref image 1/4: saved 643624 bytes (image/jpeg) as "Nessa School Day.jpeg"
2026-09-06T09:34:42.906Z [65a4046a-97b4-4a3a-b7d4-d86d4f87b89a][fdfbd39c-aa59-4b23-a3ac-5f2ddfb5b1b8] Ref image 1/4: attaching reference image...
2026-09-06T09:34:43.258Z [0e1f644c-7f5a-4efd-85fd-79a2938c39e9][fdfbd39c-aa59-4b23-a3ac-5f2ddfb5b1b8] Generating... 3 ready, 0 failed / 4 total (127s)
2026-09-06T09:34:45.429Z [65a4046a-97b4-4a3a-b7d4-d86d4f87b89a][fdfbd39c-aa59-4b23-a3ac-5f2ddfb5b1b8] Ref image 1/4: reusing library asset "Nessa School Day.jpeg" (no re-upload).
2026-09-06T09:34:46.275Z [0e1f644c-7f5a-4efd-85fd-79a2938c39e9][fdfbd39c-aa59-4b23-a3ac-5f2ddfb5b1b8] Generating... 3 ready, 0 failed / 4 total (130s)
2026-09-06T09:34:48.998Z [65a4046a-97b4-4a3a-b7d4-d86d4f87b89a][fdfbd39c-aa59-4b23-a3ac-5f2ddfb5b1b8] Ref image 1/4: chips 0→1 ✓
2026-09-06T09:34:49.299Z [0e1f644c-7f5a-4efd-85fd-79a2938c39e9][fdfbd39c-aa59-4b23-a3ac-5f2ddfb5b1b8] Generating... 3 ready, 0 failed / 4 total (133s)
2026-09-06T09:34:49.972Z [65a4046a-97b4-4a3a-b7d4-d86d4f87b89a][fdfbd39c-aa59-4b23-a3ac-5f2ddfb5b1b8] Ref image 2/4: downloading from URL...
2026-09-06T09:34:50.339Z [65a4046a-97b4-4a3a-b7d4-d86d4f87b89a][fdfbd39c-aa59-4b23-a3ac-5f2ddfb5b1b8] Ref image 2/4: saved 527475 bytes (image/jpeg) as "Arlo School Day.jpeg"
2026-09-06T09:34:50.348Z [65a4046a-97b4-4a3a-b7d4-d86d4f87b89a][fdfbd39c-aa59-4b23-a3ac-5f2ddfb5b1b8] Ref image 2/4: attaching reference image...
2026-09-06T09:34:52.313Z [0e1f644c-7f5a-4efd-85fd-79a2938c39e9][fdfbd39c-aa59-4b23-a3ac-5f2ddfb5b1b8] Generating... 3 ready, 0 failed / 4 total (136s)
2026-09-06T09:34:52.336Z [65a4046a-97b4-4a3a-b7d4-d86d4f87b89a][fdfbd39c-aa59-4b23-a3ac-5f2ddfb5b1b8] Ref image 2/4: reusing library asset "Arlo School Day.jpeg" (no re-upload).
2026-09-06T09:34:55.339Z [0e1f644c-7f5a-4efd-85fd-79a2938c39e9][fdfbd39c-aa59-4b23-a3ac-5f2ddfb5b1b8] Generating... 3 ready, 0 failed / 4 total (139s)
2026-09-06T09:34:55.822Z [65a4046a-97b4-4a3a-b7d4-d86d4f87b89a][fdfbd39c-aa59-4b23-a3ac-5f2ddfb5b1b8] Ref image 2/4: chips 1→2 ✓
2026-09-06T09:34:56.809Z [65a4046a-97b4-4a3a-b7d4-d86d4f87b89a][fdfbd39c-aa59-4b23-a3ac-5f2ddfb5b1b8] Ref image 3/4: downloading from URL...
2026-09-06T09:34:57.142Z [65a4046a-97b4-4a3a-b7d4-d86d4f87b89a][fdfbd39c-aa59-4b23-a3ac-5f2ddfb5b1b8] Ref image 3/4: saved 509101 bytes (image/jpeg) as "Chili School Day.jpeg"
2026-09-06T09:34:57.149Z [65a4046a-97b4-4a3a-b7d4-d86d4f87b89a][fdfbd39c-aa59-4b23-a3ac-5f2ddfb5b1b8] Ref image 3/4: attaching reference image...
2026-09-06T09:34:58.361Z [0e1f644c-7f5a-4efd-85fd-79a2938c39e9][fdfbd39c-aa59-4b23-a3ac-5f2ddfb5b1b8] Generating... 3 ready, 0 failed / 4 total (142s)
2026-09-06T09:34:59.643Z [65a4046a-97b4-4a3a-b7d4-d86d4f87b89a][fdfbd39c-aa59-4b23-a3ac-5f2ddfb5b1b8] Ref image 3/4: reusing library asset "Chili School Day.jpeg" (no re-upload).
2026-09-06T09:35:01.380Z [0e1f644c-7f5a-4efd-85fd-79a2938c39e9][fdfbd39c-aa59-4b23-a3ac-5f2ddfb5b1b8] Generating... 3 ready, 0 failed / 4 total (145s)
2026-09-06T09:35:02.927Z [65a4046a-97b4-4a3a-b7d4-d86d4f87b89a][fdfbd39c-aa59-4b23-a3ac-5f2ddfb5b1b8] Ref image 3/4: chips 2→3 ✓
2026-09-06T09:35:04.275Z [65a4046a-97b4-4a3a-b7d4-d86d4f87b89a][fdfbd39c-aa59-4b23-a3ac-5f2ddfb5b1b8] Ref image 4/4: downloading from URL...
2026-09-06T09:35:04.395Z [0e1f644c-7f5a-4efd-85fd-79a2938c39e9][fdfbd39c-aa59-4b23-a3ac-5f2ddfb5b1b8] Generating... 3 ready, 0 failed / 4 total (148s)
2026-09-06T09:35:04.629Z [65a4046a-97b4-4a3a-b7d4-d86d4f87b89a][fdfbd39c-aa59-4b23-a3ac-5f2ddfb5b1b8] Ref image 4/4: saved 703417 bytes (image/jpeg) as "Verdant School Bus Interior Master.jpeg"
2026-09-06T09:35:04.634Z [65a4046a-97b4-4a3a-b7d4-d86d4f87b89a][fdfbd39c-aa59-4b23-a3ac-5f2ddfb5b1b8] Ref image 4/4: attaching reference image...
2026-09-06T09:35:06.603Z [65a4046a-97b4-4a3a-b7d4-d86d4f87b89a][fdfbd39c-aa59-4b23-a3ac-5f2ddfb5b1b8] Ref image 4/4: reusing library asset "Verdant School Bus Interior Master.jpeg" (no re-upload).
2026-09-06T09:35:07.428Z [0e1f644c-7f5a-4efd-85fd-79a2938c39e9][fdfbd39c-aa59-4b23-a3ac-5f2ddfb5b1b8] Generating... 3 ready, 0 failed / 4 total (151s)
2026-09-06T09:35:09.572Z [65a4046a-97b4-4a3a-b7d4-d86d4f87b89a][fdfbd39c-aa59-4b23-a3ac-5f2ddfb5b1b8] Ref image 4/4: chips 3→4 ✓
2026-09-06T09:35:09.590Z [65a4046a-97b4-4a3a-b7d4-d86d4f87b89a][fdfbd39c-aa59-4b23-a3ac-5f2ddfb5b1b8] Entering prompt...
2026-09-06T09:35:10.438Z [0e1f644c-7f5a-4efd-85fd-79a2938c39e9][fdfbd39c-aa59-4b23-a3ac-5f2ddfb5b1b8] Generating... 3 ready, 0 failed / 4 total (154s)
2026-09-06T09:35:11.433Z [65a4046a-97b4-4a3a-b7d4-d86d4f87b89a][fdfbd39c-aa59-4b23-a3ac-5f2ddfb5b1b8] Prompt is 1798 chars — typing it in 26 chunk(s).
2026-09-06T09:35:13.455Z [0e1f644c-7f5a-4efd-85fd-79a2938c39e9][fdfbd39c-aa59-4b23-a3ac-5f2ddfb5b1b8] Generating... 3 ready, 0 failed / 4 total (157s)
2026-09-06T09:35:16.469Z [0e1f644c-7f5a-4efd-85fd-79a2938c39e9][fdfbd39c-aa59-4b23-a3ac-5f2ddfb5b1b8] Generating... 3 ready, 0 failed / 4 total (161s)
2026-09-06T09:35:19.492Z [0e1f644c-7f5a-4efd-85fd-79a2938c39e9][fdfbd39c-aa59-4b23-a3ac-5f2ddfb5b1b8] Generating... 3 ready, 0 failed / 4 total (164s)
2026-09-06T09:35:22.514Z [0e1f644c-7f5a-4efd-85fd-79a2938c39e9][fdfbd39c-aa59-4b23-a3ac-5f2ddfb5b1b8] Generating... 3 ready, 0 failed / 4 total (167s)
2026-09-06T09:35:23.552Z [65a4046a-97b4-4a3a-b7d4-d86d4f87b89a][fdfbd39c-aa59-4b23-a3ac-5f2ddfb5b1b8] Prompt insert attempt 1: editor has 1753 chars (want ~1790) ✓
2026-09-06T09:35:25.531Z [0e1f644c-7f5a-4efd-85fd-79a2938c39e9][fdfbd39c-aa59-4b23-a3ac-5f2ddfb5b1b8] Generating... 3 ready, 0 failed / 4 total (170s)
2026-09-06T09:35:25.642Z [65a4046a-97b4-4a3a-b7d4-d86d4f87b89a][fdfbd39c-aa59-4b23-a3ac-5f2ddfb5b1b8] Baseline: 27 pre-existing media tile(s) of 27 mounted (kinds: image,image,image,image,image,image,image,image,image,image,image,image,image,image,image,image,image,image,image,image,image,image,image,image,image,image,image).
2026-09-06T09:35:27.750Z [65a4046a-97b4-4a3a-b7d4-d86d4f87b89a][fdfbd39c-aa59-4b23-a3ac-5f2ddfb5b1b8] [submit] confirmed (editor "What do you want to ", fresh tile=true).
2026-09-06T09:35:28.181Z [65a4046a-97b4-4a3a-b7d4-d86d4f87b89a][fdfbd39c-aa59-4b23-a3ac-5f2ddfb5b1b8] Current Workspace project URL: https://flow.google.com/project/390215dc-290f-4b92-a7f0-dd2b6651acfb?hl=en
2026-09-06T09:35:28.182Z [65a4046a-97b4-4a3a-b7d4-d86d4f87b89a][fdfbd39c-aa59-4b23-a3ac-5f2ddfb5b1b8] Submitted ✓ Detecting batch size...
2026-09-06T09:35:28.217Z [65a4046a-97b4-4a3a-b7d4-d86d4f87b89a][fdfbd39c-aa59-4b23-a3ac-5f2ddfb5b1b8] New tile(s) since submit: 0 → 4 (mounted=27)
2026-09-06T09:35:28.577Z [0e1f644c-7f5a-4efd-85fd-79a2938c39e9][fdfbd39c-aa59-4b23-a3ac-5f2ddfb5b1b8] Generating... 3 ready, 0 failed / 4 total (173s)
2026-09-06T09:35:31.604Z [0e1f644c-7f5a-4efd-85fd-79a2938c39e9][fdfbd39c-aa59-4b23-a3ac-5f2ddfb5b1b8] Generating... 3 ready, 0 failed / 4 total (176s)
2026-09-06T09:35:32.520Z [65a4046a-97b4-4a3a-b7d4-d86d4f87b89a][fdfbd39c-aa59-4b23-a3ac-5f2ddfb5b1b8] Batch size stabilised at 4 new tile(s)
2026-09-06T09:35:32.522Z [65a4046a-97b4-4a3a-b7d4-d86d4f87b89a][fdfbd39c-aa59-4b23-a3ac-5f2ddfb5b1b8] Batch detected: 4 item(s). Generating...
2026-09-06T09:35:32.523Z [65a4046a-97b4-4a3a-b7d4-d86d4f87b89a][fdfbd39c-aa59-4b23-a3ac-5f2ddfb5b1b8] Polling for 4 image item(s) (baseline=27, hasUpload=true)...
2026-09-06T09:35:32.558Z [65a4046a-97b4-4a3a-b7d4-d86d4f87b89a][fdfbd39c-aa59-4b23-a3ac-5f2ddfb5b1b8] Generating... 0 ready, 0 failed / 4 total (0s) image 35% [THAM CHIẾ image 35% [THAM CHIẾ image 35% [THAM CHIẾ image 35% [THAM CHIẾ
2026-09-06T09:35:34.637Z [0e1f644c-7f5a-4efd-85fd-79a2938c39e9][fdfbd39c-aa59-4b23-a3ac-5f2ddfb5b1b8] Generating... 3 ready, 0 failed / 4 total (179s)
2026-09-06T09:35:35.583Z [65a4046a-97b4-4a3a-b7d4-d86d4f87b89a][fdfbd39c-aa59-4b23-a3ac-5f2ddfb5b1b8] Generating... 0 ready, 0 failed / 4 total (3s) image 55% [THAM CHIẾ image 55% [THAM CHIẾ image 55% [THAM CHIẾ image 55% [THAM CHIẾ
2026-09-06T09:35:37.642Z [0e1f644c-7f5a-4efd-85fd-79a2938c39e9][fdfbd39c-aa59-4b23-a3ac-5f2ddfb5b1b8] Poll ended with 3/4 ready — salvaging the completed item(s).
2026-09-06T09:35:37.642Z [0e1f644c-7f5a-4efd-85fd-79a2938c39e9][fdfbd39c-aa59-4b23-a3ac-5f2ddfb5b1b8] 3 item(s) ready! Downloading...
2026-09-06T09:35:37.645Z [0e1f644c-7f5a-4efd-85fd-79a2938c39e9][fdfbd39c-aa59-4b23-a3ac-5f2ddfb5b1b8] Item 1: Downloading from URL https://flow-content.google/image/1d69bf2b-e572-46b5-a880-061cf823f52a?Expires=1788708753&KeyName=labs-flow-prod-cdn-key&Signature=tDTZLYZy3g9j1ZeMni0T0vLLcOY
2026-09-06T09:35:38.014Z [0e1f644c-7f5a-4efd-85fd-79a2938c39e9][fdfbd39c-aa59-4b23-a3ac-5f2ddfb5b1b8] Downloaded 1/3: winai_2026-09-06T09-35-37_01.jpg
2026-09-06T09:35:38.018Z [0e1f644c-7f5a-4efd-85fd-79a2938c39e9][fdfbd39c-aa59-4b23-a3ac-5f2ddfb5b1b8] Item 2: Downloading from URL https://flow-content.google/image/f39c5edf-8b2a-4d77-997f-805cc3ee90b3?Expires=1788708752&KeyName=labs-flow-prod-cdn-key&Signature=TJCZXd4lkNWBKK7EBAsnC-YAgTE
2026-09-06T09:35:38.132Z [0e1f644c-7f5a-4efd-85fd-79a2938c39e9][fdfbd39c-aa59-4b23-a3ac-5f2ddfb5b1b8] Downloaded 2/3: winai_2026-09-06T09-35-37_02.jpg
2026-09-06T09:35:38.132Z [0e1f644c-7f5a-4efd-85fd-79a2938c39e9][fdfbd39c-aa59-4b23-a3ac-5f2ddfb5b1b8] Item 3: Downloading from URL https://flow-content.google/image/ac556ad0-dfc7-4009-8732-452bb2ec16e6?Expires=1788708751&KeyName=labs-flow-prod-cdn-key&Signature=kD0o4_wa-5GkDXEXMymaEt7xCco
2026-09-06T09:35:38.249Z [0e1f644c-7f5a-4efd-85fd-79a2938c39e9][fdfbd39c-aa59-4b23-a3ac-5f2ddfb5b1b8] Downloaded 3/3: winai_2026-09-06T09-35-37_03.jpg
2026-09-06T09:35:38.254Z [0e1f644c-7f5a-4efd-85fd-79a2938c39e9][fdfbd39c-aa59-4b23-a3ac-5f2ddfb5b1b8] ✅ 3 item(s) saved to Downloads/Win AI Toolkit/
2026-09-06T09:35:38.695Z [65a4046a-97b4-4a3a-b7d4-d86d4f87b89a][fdfbd39c-aa59-4b23-a3ac-5f2ddfb5b1b8] Generating... 0 ready, 0 failed / 4 total (6s) image 75% [THAM CHIẾ image 75% [THAM CHIẾ image 75% [THAM CHIẾ image 75% [THAM CHIẾ
2026-09-06T09:35:38.876Z [0e1f644c-7f5a-4efd-85fd-79a2938c39e9][fdfbd39c-aa59-4b23-a3ac-5f2ddfb5b1b8] Item 1: Uploaded → https://studio.xanhmedia.vn/uploads/2026-09/1788687338808_04b849_fdfbd39c-aa59-4b23-a3ac-5f2ddfb5b1b8_0e1.jpg
2026-09-06T09:35:38.934Z [0e1f644c-7f5a-4efd-85fd-79a2938c39e9][fdfbd39c-aa59-4b23-a3ac-5f2ddfb5b1b8] Item 3: Uploaded → https://studio.xanhmedia.vn/uploads/2026-09/1788687338859_c94629_fdfbd39c-aa59-4b23-a3ac-5f2ddfb5b1b8_0e1.jpg
2026-09-06T09:35:38.941Z [0e1f644c-7f5a-4efd-85fd-79a2938c39e9][fdfbd39c-aa59-4b23-a3ac-5f2ddfb5b1b8] Item 2: Uploaded → https://studio.xanhmedia.vn/uploads/2026-09/1788687338861_7acbdb_fdfbd39c-aa59-4b23-a3ac-5f2ddfb5b1b8_0e1.jpg
2026-09-06T09:35:38.999Z [0e1f644c-7f5a-4efd-85fd-79a2938c39e9][fdfbd39c-aa59-4b23-a3ac-5f2ddfb5b1b8] All done (including any 1080p upgrades). Closing Playwright browser context.
2026-09-06T09:35:39.082Z [752b437d-df32-4d14-b98e-5b1e241292b7][fdfbd39c-aa59-4b23-a3ac-5f2ddfb5b1b8] runGeneration starting: task_id=752b437d-df32-4d14-b98e-5b1e241292b7, profile_id=fdfbd39c-aa59-4b23-a3ac-5f2ddfb5b1b8, target_site=google_flow
2026-09-06T09:35:39.083Z [752b437d-df32-4d14-b98e-5b1e241292b7][fdfbd39c-aa59-4b23-a3ac-5f2ddfb5b1b8] Opening Playwright browser with persistent profile cookies...
2026-09-06T09:35:39.085Z [752b437d-df32-4d14-b98e-5b1e241292b7][fdfbd39c-aa59-4b23-a3ac-5f2ddfb5b1b8] Browser engine: winhide (C:\Users\MienTrungComputer\AppData\Roaming\com.tank.winai\winhide\chrome.exe)
2026-09-06T09:35:39.090Z [752b437d-df32-4d14-b98e-5b1e241292b7][fdfbd39c-aa59-4b23-a3ac-5f2ddfb5b1b8] Launch mode: STEALTH (raw spawn + connectOverCDP)
2026-09-06T09:35:41.855Z [65a4046a-97b4-4a3a-b7d4-d86d4f87b89a][fdfbd39c-aa59-4b23-a3ac-5f2ddfb5b1b8] Generating... 0 ready, 0 failed / 4 total (9s) image 99% [THAM CHIẾ image 95% [THAM CHIẾ image 95% [THAM CHIẾ image 95% [THAM CHIẾ
2026-09-06T09:35:42.969Z [752b437d-df32-4d14-b98e-5b1e241292b7][fdfbd39c-aa59-4b23-a3ac-5f2ddfb5b1b8] Exit IP: 171.229.14.52
2026-09-06T09:35:42.970Z [752b437d-df32-4d14-b98e-5b1e241292b7][fdfbd39c-aa59-4b23-a3ac-5f2ddfb5b1b8] Navigating browser to Google Flow tools page...
2026-09-06T09:35:42.972Z [752b437d-df32-4d14-b98e-5b1e241292b7][fdfbd39c-aa59-4b23-a3ac-5f2ddfb5b1b8] Using existing project URL: https://flow.google.com/project/f4a8359f-f480-4865-9eef-7927ee95f030?hl=en
2026-09-06T09:35:44.520Z [752b437d-df32-4d14-b98e-5b1e241292b7][fdfbd39c-aa59-4b23-a3ac-5f2ddfb5b1b8] Waiting for Google Flow...
2026-09-06T09:35:44.981Z [65a4046a-97b4-4a3a-b7d4-d86d4f87b89a][fdfbd39c-aa59-4b23-a3ac-5f2ddfb5b1b8] Generating... 0 ready, 0 failed / 4 total (12s) image 99% [THAM CHIẾ image 99% [THAM CHIẾ image 99% [THAM CHIẾ image 99% [THAM CHIẾ
2026-09-06T09:35:46.225Z [752b437d-df32-4d14-b98e-5b1e241292b7][fdfbd39c-aa59-4b23-a3ac-5f2ddfb5b1b8] In existing project ✓
2026-09-06T09:35:47.877Z [752b437d-df32-4d14-b98e-5b1e241292b7][fdfbd39c-aa59-4b23-a3ac-5f2ddfb5b1b8] dismissPopups: unresolved overlay(s) ["IFRAME[presentation]|btns="]
2026-09-06T09:35:48.034Z [65a4046a-97b4-4a3a-b7d4-d86d4f87b89a][fdfbd39c-aa59-4b23-a3ac-5f2ddfb5b1b8] Generating... 0 ready, 0 failed / 4 total (16s) image 99% [THAM CHIẾ image 99% [THAM CHIẾ image 99% [THAM CHIẾ image 99% [THAM CHIẾ
2026-09-06T09:35:51.125Z [65a4046a-97b4-4a3a-b7d4-d86d4f87b89a][fdfbd39c-aa59-4b23-a3ac-5f2ddfb5b1b8] Generating... 0 ready, 0 failed / 4 total (19s) image 99% [THAM CHIẾ image 99% [THAM CHIẾ image 99% [THAM CHIẾ image 99% [THAM CHIẾ
2026-09-06T09:35:53.448Z [752b437d-df32-4d14-b98e-5b1e241292b7][fdfbd39c-aa59-4b23-a3ac-5f2ddfb5b1b8] Composer ready ✓ (UI language: en)
2026-09-06T09:35:53.543Z [752b437d-df32-4d14-b98e-5b1e241292b7][fdfbd39c-aa59-4b23-a3ac-5f2ddfb5b1b8] dismissPopups: clicked "Dismiss credit banner" (overlay)
2026-09-06T09:35:54.077Z [752b437d-df32-4d14-b98e-5b1e241292b7][fdfbd39c-aa59-4b23-a3ac-5f2ddfb5b1b8] dismissPopups: unresolved overlay(s) ["DIV[]|btns=","DIV[]|btns="]
2026-09-06T09:35:54.138Z [752b437d-df32-4d14-b98e-5b1e241292b7][fdfbd39c-aa59-4b23-a3ac-5f2ddfb5b1b8] Agent toggle aria-pressed=false
2026-09-06T09:35:54.144Z [752b437d-df32-4d14-b98e-5b1e241292b7][fdfbd39c-aa59-4b23-a3ac-5f2ddfb5b1b8] Opening settings...
2026-09-06T09:35:54.200Z [65a4046a-97b4-4a3a-b7d4-d86d4f87b89a][fdfbd39c-aa59-4b23-a3ac-5f2ddfb5b1b8] Generating... 0 ready, 0 failed / 4 total (22s) image 99% [THAM CHIẾ image 99% [THAM CHIẾ image 99% [THAM CHIẾ image 99% [THAM CHIẾ
2026-09-06T09:35:56.483Z [752b437d-df32-4d14-b98e-5b1e241292b7][fdfbd39c-aa59-4b23-a3ac-5f2ddfb5b1b8] Configuring image settings...
2026-09-06T09:35:57.235Z [65a4046a-97b4-4a3a-b7d4-d86d4f87b89a][fdfbd39c-aa59-4b23-a3ac-5f2ddfb5b1b8] Generating... 0 ready, 0 failed / 4 total (25s) image 99% [THAM CHIẾ image 99% [THAM CHIẾ image 99% [THAM CHIẾ image 99% [THAM CHIẾ
2026-09-06T09:35:57.822Z [752b437d-df32-4d14-b98e-5b1e241292b7][fdfbd39c-aa59-4b23-a3ac-5f2ddfb5b1b8] Mode: selected "image Image" ✓
2026-09-06T09:36:00.315Z [65a4046a-97b4-4a3a-b7d4-d86d4f87b89a][fdfbd39c-aa59-4b23-a3ac-5f2ddfb5b1b8] Generating... 0 ready, 0 failed / 4 total (28s) image 99% [THAM CHIẾ image 99% [THAM CHIẾ image 100% [THAM CHI image 99% [THAM CHIẾ
2026-09-06T09:36:03.349Z [65a4046a-97b4-4a3a-b7d4-d86d4f87b89a][fdfbd39c-aa59-4b23-a3ac-5f2ddfb5b1b8] Generating... 0 ready, 0 failed / 4 total (31s) image 99% [THAM CHIẾ image 99% [THAM CHIẾ [THAM CHIẾU]Nessa Sc image 99% [THAM CHIẾ
2026-09-06T09:36:03.481Z [752b437d-df32-4d14-b98e-5b1e241292b7][fdfbd39c-aa59-4b23-a3ac-5f2ddfb5b1b8] Model: selected "🍌 Nano Banana 2" ✓
2026-09-06T09:36:04.311Z [752b437d-df32-4d14-b98e-5b1e241292b7][fdfbd39c-aa59-4b23-a3ac-5f2ddfb5b1b8] Aspect ratio: "crop_16_9 16:9" already selected ✓
2026-09-06T09:36:06.018Z [752b437d-df32-4d14-b98e-5b1e241292b7][fdfbd39c-aa59-4b23-a3ac-5f2ddfb5b1b8] Output count: selected "x4" ✓
2026-09-06T09:36:06.379Z [65a4046a-97b4-4a3a-b7d4-d86d4f87b89a][fdfbd39c-aa59-4b23-a3ac-5f2ddfb5b1b8] Generating... 1 ready, 0 failed / 4 total (34s) image 99% [THAM CHIẾ image 99% [THAM CHIẾ [THAM CHIẾU]Nessa Sc
2026-09-06T09:36:07.126Z [752b437d-df32-4d14-b98e-5b1e241292b7][fdfbd39c-aa59-4b23-a3ac-5f2ddfb5b1b8] Ref image 1/5: downloading from URL...
2026-09-06T09:36:07.791Z [752b437d-df32-4d14-b98e-5b1e241292b7][fdfbd39c-aa59-4b23-a3ac-5f2ddfb5b1b8] Downloader: no-proxy request context ready.
2026-09-06T09:36:08.366Z [752b437d-df32-4d14-b98e-5b1e241292b7][fdfbd39c-aa59-4b23-a3ac-5f2ddfb5b1b8] Ref image 1/5: saved 527475 bytes (image/jpeg) as "Arlo School Day.jpeg"
2026-09-06T09:36:08.383Z [752b437d-df32-4d14-b98e-5b1e241292b7][fdfbd39c-aa59-4b23-a3ac-5f2ddfb5b1b8] Ref image 1/5: attaching reference image...
2026-09-06T09:36:09.407Z [65a4046a-97b4-4a3a-b7d4-d86d4f87b89a][fdfbd39c-aa59-4b23-a3ac-5f2ddfb5b1b8] Generating... 2 ready, 0 failed / 4 total (37s) image 100% [THAM CHI image 100% [THAM CHI
2026-09-06T09:36:10.885Z [752b437d-df32-4d14-b98e-5b1e241292b7][fdfbd39c-aa59-4b23-a3ac-5f2ddfb5b1b8] Ref image 1/5: reusing library asset "Arlo School Day.jpeg" (no re-upload).
2026-09-06T09:36:12.438Z [65a4046a-97b4-4a3a-b7d4-d86d4f87b89a][fdfbd39c-aa59-4b23-a3ac-5f2ddfb5b1b8] Generating... 3 ready, 0 failed / 4 total (40s) [THAM CHIẾU]Nessa Sc
2026-09-06T09:36:14.335Z [752b437d-df32-4d14-b98e-5b1e241292b7][fdfbd39c-aa59-4b23-a3ac-5f2ddfb5b1b8] Ref image 1/5: chips 0→1 ✓
2026-09-06T09:36:15.452Z [65a4046a-97b4-4a3a-b7d4-d86d4f87b89a][fdfbd39c-aa59-4b23-a3ac-5f2ddfb5b1b8] Generating... 4 ready, 0 failed / 4 total (43s)
2026-09-06T09:36:15.454Z [65a4046a-97b4-4a3a-b7d4-d86d4f87b89a][fdfbd39c-aa59-4b23-a3ac-5f2ddfb5b1b8] Batch done: 4 ready (target 4), 0 failed, scanned 4.
2026-09-06T09:36:15.456Z [65a4046a-97b4-4a3a-b7d4-d86d4f87b89a][fdfbd39c-aa59-4b23-a3ac-5f2ddfb5b1b8] 4 item(s) ready! Downloading...
2026-09-06T09:36:15.461Z [65a4046a-97b4-4a3a-b7d4-d86d4f87b89a][fdfbd39c-aa59-4b23-a3ac-5f2ddfb5b1b8] Item 1: Downloading from URL https://flow-content.google/image/e49e407a-3bfc-4840-b728-8ea4a542a665?Expires=1788708930&KeyName=labs-flow-prod-cdn-key&Signature=7F_8RmzGvcavpcPgFJQTDWjugvw
2026-09-06T09:36:15.836Z [65a4046a-97b4-4a3a-b7d4-d86d4f87b89a][fdfbd39c-aa59-4b23-a3ac-5f2ddfb5b1b8] Downloaded 1/4: winai_2026-09-06T09-36-15_01.jpg
2026-09-06T09:36:15.839Z [65a4046a-97b4-4a3a-b7d4-d86d4f87b89a][fdfbd39c-aa59-4b23-a3ac-5f2ddfb5b1b8] Item 2: Downloading from URL https://flow-content.google/image/5d68946b-f83c-4218-8aac-610715bad6ab?Expires=1788708929&KeyName=labs-flow-prod-cdn-key&Signature=CB_zGJcILvRYP5MvzxkcCL5l-Zs
2026-09-06T09:36:15.956Z [65a4046a-97b4-4a3a-b7d4-d86d4f87b89a][fdfbd39c-aa59-4b23-a3ac-5f2ddfb5b1b8] Downloaded 2/4: winai_2026-09-06T09-36-15_02.jpg
2026-09-06T09:36:15.958Z [65a4046a-97b4-4a3a-b7d4-d86d4f87b89a][fdfbd39c-aa59-4b23-a3ac-5f2ddfb5b1b8] Item 3: Downloading from URL https://flow-content.google/image/963008cd-af18-45fa-8928-d7ff2863dff5?Expires=1788708928&KeyName=labs-flow-prod-cdn-key&Signature=Oa7yn88hZM5C7FKD93m9cBmOGp8
2026-09-06T09:36:15.984Z [752b437d-df32-4d14-b98e-5b1e241292b7][fdfbd39c-aa59-4b23-a3ac-5f2ddfb5b1b8] Ref image 2/5: downloading from URL...
2026-09-06T09:36:16.061Z [65a4046a-97b4-4a3a-b7d4-d86d4f87b89a][fdfbd39c-aa59-4b23-a3ac-5f2ddfb5b1b8] Downloaded 3/4: winai_2026-09-06T09-36-15_03.jpg
2026-09-06T09:36:16.061Z [65a4046a-97b4-4a3a-b7d4-d86d4f87b89a][fdfbd39c-aa59-4b23-a3ac-5f2ddfb5b1b8] Item 4: Downloading from URL https://flow-content.google/image/7c547e20-c01a-48fe-8704-a4e1570d3186?Expires=1788708927&KeyName=labs-flow-prod-cdn-key&Signature=ujB6uFc3AmH83Pg_WZRlS1fvRhk
2026-09-06T09:36:16.175Z [65a4046a-97b4-4a3a-b7d4-d86d4f87b89a][fdfbd39c-aa59-4b23-a3ac-5f2ddfb5b1b8] Downloaded 4/4: winai_2026-09-06T09-36-15_04.jpg
2026-09-06T09:36:16.176Z [65a4046a-97b4-4a3a-b7d4-d86d4f87b89a][fdfbd39c-aa59-4b23-a3ac-5f2ddfb5b1b8] ✅ 4 item(s) saved to Downloads/Win AI Toolkit/
2026-09-06T09:36:16.339Z [752b437d-df32-4d14-b98e-5b1e241292b7][fdfbd39c-aa59-4b23-a3ac-5f2ddfb5b1b8] Ref image 2/5: saved 559623 bytes (image/jpeg) as "Fake Driver Driver Disguise State.jpeg"
2026-09-06T09:36:16.367Z [752b437d-df32-4d14-b98e-5b1e241292b7][fdfbd39c-aa59-4b23-a3ac-5f2ddfb5b1b8] Ref image 2/5: attaching reference image...
2026-09-06T09:36:16.702Z [65a4046a-97b4-4a3a-b7d4-d86d4f87b89a][fdfbd39c-aa59-4b23-a3ac-5f2ddfb5b1b8] Item 1: Uploaded → https://studio.xanhmedia.vn/uploads/2026-09/1788687376647_a841da_fdfbd39c-aa59-4b23-a3ac-5f2ddfb5b1b8_65a.jpg
2026-09-06T09:36:16.737Z [65a4046a-97b4-4a3a-b7d4-d86d4f87b89a][fdfbd39c-aa59-4b23-a3ac-5f2ddfb5b1b8] Item 3: Uploaded → https://studio.xanhmedia.vn/uploads/2026-09/1788687376681_e0e184_fdfbd39c-aa59-4b23-a3ac-5f2ddfb5b1b8_65a.jpg
2026-09-06T09:36:16.758Z [65a4046a-97b4-4a3a-b7d4-d86d4f87b89a][fdfbd39c-aa59-4b23-a3ac-5f2ddfb5b1b8] Item 4: Uploaded → https://studio.xanhmedia.vn/uploads/2026-09/1788687376702_4f4772_fdfbd39c-aa59-4b23-a3ac-5f2ddfb5b1b8_65a.jpg
2026-09-06T09:36:16.828Z [65a4046a-97b4-4a3a-b7d4-d86d4f87b89a][fdfbd39c-aa59-4b23-a3ac-5f2ddfb5b1b8] Item 2: Uploaded → https://studio.xanhmedia.vn/uploads/2026-09/1788687376766_4dac58_fdfbd39c-aa59-4b23-a3ac-5f2ddfb5b1b8_65a.jpg
2026-09-06T09:36:16.848Z [65a4046a-97b4-4a3a-b7d4-d86d4f87b89a][fdfbd39c-aa59-4b23-a3ac-5f2ddfb5b1b8] All done (including any 1080p upgrades). Closing Playwright browser context.
2026-09-06T09:36:17.930Z [14f60c9e-90b4-4c89-962f-2e20e3c9888f][fdfbd39c-aa59-4b23-a3ac-5f2ddfb5b1b8] runGeneration starting: task_id=14f60c9e-90b4-4c89-962f-2e20e3c9888f, profile_id=fdfbd39c-aa59-4b23-a3ac-5f2ddfb5b1b8, target_site=google_flow
2026-09-06T09:36:17.933Z [14f60c9e-90b4-4c89-962f-2e20e3c9888f][fdfbd39c-aa59-4b23-a3ac-5f2ddfb5b1b8] Opening Playwright browser with persistent profile cookies...
2026-09-06T09:36:17.933Z [14f60c9e-90b4-4c89-962f-2e20e3c9888f][fdfbd39c-aa59-4b23-a3ac-5f2ddfb5b1b8] Browser engine: winhide (C:\Users\MienTrungComputer\AppData\Roaming\com.tank.winai\winhide\chrome.exe)
2026-09-06T09:36:17.935Z [14f60c9e-90b4-4c89-962f-2e20e3c9888f][fdfbd39c-aa59-4b23-a3ac-5f2ddfb5b1b8] Launch mode: STEALTH (raw spawn + connectOverCDP)
2026-09-06T09:36:18.366Z [752b437d-df32-4d14-b98e-5b1e241292b7][fdfbd39c-aa59-4b23-a3ac-5f2ddfb5b1b8] Ref image 2/5: reusing library asset "Fake Driver Driver Disguise State.jpeg" (no re-upload).
2026-09-06T09:36:20.712Z [14f60c9e-90b4-4c89-962f-2e20e3c9888f][fdfbd39c-aa59-4b23-a3ac-5f2ddfb5b1b8] Exit IP: 171.229.14.52
2026-09-06T09:36:20.714Z [14f60c9e-90b4-4c89-962f-2e20e3c9888f][fdfbd39c-aa59-4b23-a3ac-5f2ddfb5b1b8] Navigating browser to Google Flow tools page...
2026-09-06T09:36:20.715Z [14f60c9e-90b4-4c89-962f-2e20e3c9888f][fdfbd39c-aa59-4b23-a3ac-5f2ddfb5b1b8] Using existing project URL: https://flow.google.com/project/390215dc-290f-4b92-a7f0-dd2b6651acfb?hl=en
2026-09-06T09:36:22.002Z [14f60c9e-90b4-4c89-962f-2e20e3c9888f][fdfbd39c-aa59-4b23-a3ac-5f2ddfb5b1b8] Waiting for Google Flow...
2026-09-06T09:36:22.256Z [752b437d-df32-4d14-b98e-5b1e241292b7][fdfbd39c-aa59-4b23-a3ac-5f2ddfb5b1b8] Ref image 2/5: chips 1→2 ✓
2026-09-06T09:36:23.439Z [752b437d-df32-4d14-b98e-5b1e241292b7][fdfbd39c-aa59-4b23-a3ac-5f2ddfb5b1b8] Ref image 3/5: downloading from URL...
2026-09-06T09:36:23.880Z [752b437d-df32-4d14-b98e-5b1e241292b7][fdfbd39c-aa59-4b23-a3ac-5f2ddfb5b1b8] Ref image 3/5: saved 643624 bytes (image/jpeg) as "Nessa School Day.jpeg"
2026-09-06T09:36:23.892Z [14f60c9e-90b4-4c89-962f-2e20e3c9888f][fdfbd39c-aa59-4b23-a3ac-5f2ddfb5b1b8] In existing project ✓
2026-09-06T09:36:23.899Z [752b437d-df32-4d14-b98e-5b1e241292b7][fdfbd39c-aa59-4b23-a3ac-5f2ddfb5b1b8] Ref image 3/5: attaching reference image...
2026-09-06T09:36:24.877Z [14f60c9e-90b4-4c89-962f-2e20e3c9888f][fdfbd39c-aa59-4b23-a3ac-5f2ddfb5b1b8] dismissPopups: unresolved overlay(s) ["IFRAME[presentation]|btns="]
2026-09-06T09:36:26.706Z [752b437d-df32-4d14-b98e-5b1e241292b7][fdfbd39c-aa59-4b23-a3ac-5f2ddfb5b1b8] Ref image 3/5: reusing library asset "Nessa School Day.jpeg" (no re-upload).
2026-09-06T09:36:27.883Z [14f60c9e-90b4-4c89-962f-2e20e3c9888f][fdfbd39c-aa59-4b23-a3ac-5f2ddfb5b1b8] Composer ready ✓ (UI language: en)
2026-09-06T09:36:27.904Z [14f60c9e-90b4-4c89-962f-2e20e3c9888f][fdfbd39c-aa59-4b23-a3ac-5f2ddfb5b1b8] dismissPopups: clicked "Dismiss credit banner" (overlay)
2026-09-06T09:36:28.433Z [14f60c9e-90b4-4c89-962f-2e20e3c9888f][fdfbd39c-aa59-4b23-a3ac-5f2ddfb5b1b8] dismissPopups: unresolved overlay(s) ["DIV[]|btns=","DIV[]|btns="]
2026-09-06T09:36:28.466Z [14f60c9e-90b4-4c89-962f-2e20e3c9888f][fdfbd39c-aa59-4b23-a3ac-5f2ddfb5b1b8] Agent toggle aria-pressed=false
2026-09-06T09:36:28.468Z [14f60c9e-90b4-4c89-962f-2e20e3c9888f][fdfbd39c-aa59-4b23-a3ac-5f2ddfb5b1b8] Opening settings...
2026-09-06T09:36:30.456Z [752b437d-df32-4d14-b98e-5b1e241292b7][fdfbd39c-aa59-4b23-a3ac-5f2ddfb5b1b8] Ref image 3/5: chips 2→3 ✓
2026-09-06T09:36:30.548Z [14f60c9e-90b4-4c89-962f-2e20e3c9888f][fdfbd39c-aa59-4b23-a3ac-5f2ddfb5b1b8] Configuring image settings...
2026-09-06T09:36:32.141Z [14f60c9e-90b4-4c89-962f-2e20e3c9888f][fdfbd39c-aa59-4b23-a3ac-5f2ddfb5b1b8] Mode: selected "image Image" ✓
2026-09-06T09:36:32.256Z [752b437d-df32-4d14-b98e-5b1e241292b7][fdfbd39c-aa59-4b23-a3ac-5f2ddfb5b1b8] Ref image 4/5: downloading from URL...
2026-09-06T09:36:32.612Z [752b437d-df32-4d14-b98e-5b1e241292b7][fdfbd39c-aa59-4b23-a3ac-5f2ddfb5b1b8] Ref image 4/5: saved 509101 bytes (image/jpeg) as "Chili School Day.jpeg"
2026-09-06T09:36:32.620Z [752b437d-df32-4d14-b98e-5b1e241292b7][fdfbd39c-aa59-4b23-a3ac-5f2ddfb5b1b8] Ref image 4/5: attaching reference image...
2026-09-06T09:36:34.465Z [752b437d-df32-4d14-b98e-5b1e241292b7][fdfbd39c-aa59-4b23-a3ac-5f2ddfb5b1b8] Ref image 4/5: reusing library asset "Chili School Day.jpeg" (no re-upload).
2026-09-06T09:36:36.941Z [14f60c9e-90b4-4c89-962f-2e20e3c9888f][fdfbd39c-aa59-4b23-a3ac-5f2ddfb5b1b8] Model: selected "🍌 Nano Banana 2" ✓
2026-09-06T09:36:37.740Z [14f60c9e-90b4-4c89-962f-2e20e3c9888f][fdfbd39c-aa59-4b23-a3ac-5f2ddfb5b1b8] Aspect ratio: "crop_16_9 16:9" already selected ✓
2026-09-06T09:36:38.060Z [752b437d-df32-4d14-b98e-5b1e241292b7][fdfbd39c-aa59-4b23-a3ac-5f2ddfb5b1b8] Ref image 4/5: chips 3→4 ✓
2026-09-06T09:36:39.209Z [14f60c9e-90b4-4c89-962f-2e20e3c9888f][fdfbd39c-aa59-4b23-a3ac-5f2ddfb5b1b8] Output count: selected "x4" ✓
2026-09-06T09:36:39.296Z [752b437d-df32-4d14-b98e-5b1e241292b7][fdfbd39c-aa59-4b23-a3ac-5f2ddfb5b1b8] Ref image 5/5: downloading from URL...
2026-09-06T09:36:39.657Z [752b437d-df32-4d14-b98e-5b1e241292b7][fdfbd39c-aa59-4b23-a3ac-5f2ddfb5b1b8] Ref image 5/5: saved 703417 bytes (image/jpeg) as "Verdant School Bus Interior Master.jpeg"
2026-09-06T09:36:39.661Z [752b437d-df32-4d14-b98e-5b1e241292b7][fdfbd39c-aa59-4b23-a3ac-5f2ddfb5b1b8] Ref image 5/5: attaching reference image...
2026-09-06T09:36:40.060Z [14f60c9e-90b4-4c89-962f-2e20e3c9888f][fdfbd39c-aa59-4b23-a3ac-5f2ddfb5b1b8] Ref image 1/5: downloading from URL...
2026-09-06T09:36:40.562Z [14f60c9e-90b4-4c89-962f-2e20e3c9888f][fdfbd39c-aa59-4b23-a3ac-5f2ddfb5b1b8] Downloader: no-proxy request context ready.
2026-09-06T09:36:41.096Z [14f60c9e-90b4-4c89-962f-2e20e3c9888f][fdfbd39c-aa59-4b23-a3ac-5f2ddfb5b1b8] Ref image 1/5: saved 559623 bytes (image/jpeg) as "Fake Driver Driver Disguise State.jpeg"
2026-09-06T09:36:41.110Z [14f60c9e-90b4-4c89-962f-2e20e3c9888f][fdfbd39c-aa59-4b23-a3ac-5f2ddfb5b1b8] Ref image 1/5: attaching reference image...
2026-09-06T09:36:42.314Z [752b437d-df32-4d14-b98e-5b1e241292b7][fdfbd39c-aa59-4b23-a3ac-5f2ddfb5b1b8] Ref image 5/5: reusing library asset "Verdant School Bus Interior Master.jpeg" (no re-upload).
2026-09-06T09:36:43.493Z [14f60c9e-90b4-4c89-962f-2e20e3c9888f][fdfbd39c-aa59-4b23-a3ac-5f2ddfb5b1b8] Ref image 1/5: reusing library asset "Fake Driver Driver Disguise State.jpeg" (no re-upload).
2026-09-06T09:36:46.499Z [752b437d-df32-4d14-b98e-5b1e241292b7][fdfbd39c-aa59-4b23-a3ac-5f2ddfb5b1b8] Ref image 5/5: chips 4→5 ✓
2026-09-06T09:36:46.549Z [752b437d-df32-4d14-b98e-5b1e241292b7][fdfbd39c-aa59-4b23-a3ac-5f2ddfb5b1b8] Entering prompt...
2026-09-06T09:36:47.052Z [14f60c9e-90b4-4c89-962f-2e20e3c9888f][fdfbd39c-aa59-4b23-a3ac-5f2ddfb5b1b8] Ref image 1/5: chips 0→1 ✓
2026-09-06T09:36:48.215Z [14f60c9e-90b4-4c89-962f-2e20e3c9888f][fdfbd39c-aa59-4b23-a3ac-5f2ddfb5b1b8] Ref image 2/5: downloading from URL...
2026-09-06T09:36:48.303Z [752b437d-df32-4d14-b98e-5b1e241292b7][fdfbd39c-aa59-4b23-a3ac-5f2ddfb5b1b8] Prompt is 1794 chars — typing it in 27 chunk(s).
2026-09-06T09:36:48.574Z [14f60c9e-90b4-4c89-962f-2e20e3c9888f][fdfbd39c-aa59-4b23-a3ac-5f2ddfb5b1b8] Ref image 2/5: saved 527475 bytes (image/jpeg) as "Arlo School Day.jpeg"
2026-09-06T09:36:48.585Z [14f60c9e-90b4-4c89-962f-2e20e3c9888f][fdfbd39c-aa59-4b23-a3ac-5f2ddfb5b1b8] Ref image 2/5: attaching reference image...
2026-09-06T09:36:50.898Z [14f60c9e-90b4-4c89-962f-2e20e3c9888f][fdfbd39c-aa59-4b23-a3ac-5f2ddfb5b1b8] Ref image 2/5: reusing library asset "Arlo School Day.jpeg" (no re-upload).
2026-09-06T09:36:54.358Z [14f60c9e-90b4-4c89-962f-2e20e3c9888f][fdfbd39c-aa59-4b23-a3ac-5f2ddfb5b1b8] Ref image 2/5: chips 1→2 ✓
2026-09-06T09:36:55.593Z [14f60c9e-90b4-4c89-962f-2e20e3c9888f][fdfbd39c-aa59-4b23-a3ac-5f2ddfb5b1b8] Ref image 3/5: downloading from URL...
2026-09-06T09:36:55.943Z [14f60c9e-90b4-4c89-962f-2e20e3c9888f][fdfbd39c-aa59-4b23-a3ac-5f2ddfb5b1b8] Ref image 3/5: saved 643624 bytes (image/jpeg) as "Nessa School Day.jpeg"
2026-09-06T09:36:55.950Z [14f60c9e-90b4-4c89-962f-2e20e3c9888f][fdfbd39c-aa59-4b23-a3ac-5f2ddfb5b1b8] Ref image 3/5: attaching reference image...
2026-09-06T09:36:58.194Z [14f60c9e-90b4-4c89-962f-2e20e3c9888f][fdfbd39c-aa59-4b23-a3ac-5f2ddfb5b1b8] Ref image 3/5: reusing library asset "Nessa School Day.jpeg" (no re-upload).
2026-09-06T09:37:00.557Z [752b437d-df32-4d14-b98e-5b1e241292b7][fdfbd39c-aa59-4b23-a3ac-5f2ddfb5b1b8] Prompt insert attempt 1: editor has 1748 chars (want ~1786) ✓
2026-09-06T09:37:01.463Z [14f60c9e-90b4-4c89-962f-2e20e3c9888f][fdfbd39c-aa59-4b23-a3ac-5f2ddfb5b1b8] Ref image 3/5: chips 2→3 ✓
2026-09-06T09:37:02.719Z [14f60c9e-90b4-4c89-962f-2e20e3c9888f][fdfbd39c-aa59-4b23-a3ac-5f2ddfb5b1b8] Ref image 4/5: downloading from URL...
2026-09-06T09:37:02.752Z [752b437d-df32-4d14-b98e-5b1e241292b7][fdfbd39c-aa59-4b23-a3ac-5f2ddfb5b1b8] Baseline: 27 pre-existing media tile(s) of 27 mounted (kinds: image,image,image,image,image,image,image,image,image,image,image,image,image,image,image,image,image,image,image,image,image,image,image,image,image,image,image).
2026-09-06T09:37:03.055Z [14f60c9e-90b4-4c89-962f-2e20e3c9888f][fdfbd39c-aa59-4b23-a3ac-5f2ddfb5b1b8] Ref image 4/5: saved 509101 bytes (image/jpeg) as "Chili School Day.jpeg"
2026-09-06T09:37:03.062Z [14f60c9e-90b4-4c89-962f-2e20e3c9888f][fdfbd39c-aa59-4b23-a3ac-5f2ddfb5b1b8] Ref image 4/5: attaching reference image...
2026-09-06T09:37:05.482Z [752b437d-df32-4d14-b98e-5b1e241292b7][fdfbd39c-aa59-4b23-a3ac-5f2ddfb5b1b8] [submit] confirmed (editor "What do you want to ", fresh tile=true).
2026-09-06T09:37:05.751Z [14f60c9e-90b4-4c89-962f-2e20e3c9888f][fdfbd39c-aa59-4b23-a3ac-5f2ddfb5b1b8] Ref image 4/5: reusing library asset "Chili School Day.jpeg" (no re-upload).
2026-09-06T09:37:06.132Z [752b437d-df32-4d14-b98e-5b1e241292b7][fdfbd39c-aa59-4b23-a3ac-5f2ddfb5b1b8] Current Workspace project URL: https://flow.google.com/project/f4a8359f-f480-4865-9eef-7927ee95f030?hl=en
2026-09-06T09:37:06.136Z [752b437d-df32-4d14-b98e-5b1e241292b7][fdfbd39c-aa59-4b23-a3ac-5f2ddfb5b1b8] Submitted ✓ Detecting batch size...
2026-09-06T09:37:06.255Z [752b437d-df32-4d14-b98e-5b1e241292b7][fdfbd39c-aa59-4b23-a3ac-5f2ddfb5b1b8] New tile(s) since submit: 0 → 4 (mounted=27)
2026-09-06T09:37:08.953Z [14f60c9e-90b4-4c89-962f-2e20e3c9888f][fdfbd39c-aa59-4b23-a3ac-5f2ddfb5b1b8] Ref image 4/5: chips 3→4 ✓
2026-09-06T09:37:10.565Z [752b437d-df32-4d14-b98e-5b1e241292b7][fdfbd39c-aa59-4b23-a3ac-5f2ddfb5b1b8] Batch size stabilised at 4 new tile(s)
2026-09-06T09:37:10.567Z [752b437d-df32-4d14-b98e-5b1e241292b7][fdfbd39c-aa59-4b23-a3ac-5f2ddfb5b1b8] Batch detected: 4 item(s). Generating...
2026-09-06T09:37:10.569Z [752b437d-df32-4d14-b98e-5b1e241292b7][fdfbd39c-aa59-4b23-a3ac-5f2ddfb5b1b8] Polling for 4 image item(s) (baseline=27, hasUpload=true)...
2026-09-06T09:37:10.601Z [752b437d-df32-4d14-b98e-5b1e241292b7][fdfbd39c-aa59-4b23-a3ac-5f2ddfb5b1b8] Generating... 0 ready, 0 failed / 4 total (0s) image 42% [THAM CHIẾ image 42% [THAM CHIẾ image 42% [THAM CHIẾ image 42% [THAM CHIẾ
2026-09-06T09:37:10.751Z [14f60c9e-90b4-4c89-962f-2e20e3c9888f][fdfbd39c-aa59-4b23-a3ac-5f2ddfb5b1b8] Ref image 5/5: downloading from URL...
2026-09-06T09:37:11.110Z [14f60c9e-90b4-4c89-962f-2e20e3c9888f][fdfbd39c-aa59-4b23-a3ac-5f2ddfb5b1b8] Ref image 5/5: saved 703417 bytes (image/jpeg) as "Verdant School Bus Interior Master.jpeg"
2026-09-06T09:37:11.119Z [14f60c9e-90b4-4c89-962f-2e20e3c9888f][fdfbd39c-aa59-4b23-a3ac-5f2ddfb5b1b8] Ref image 5/5: attaching reference image...
2026-09-06T09:37:13.506Z [14f60c9e-90b4-4c89-962f-2e20e3c9888f][fdfbd39c-aa59-4b23-a3ac-5f2ddfb5b1b8] Ref image 5/5: reusing library asset "Verdant School Bus Interior Master.jpeg" (no re-upload).
2026-09-06T09:37:13.635Z [752b437d-df32-4d14-b98e-5b1e241292b7][fdfbd39c-aa59-4b23-a3ac-5f2ddfb5b1b8] Generating... 0 ready, 0 failed / 4 total (3s) image 62% [THAM CHIẾ image 62% [THAM CHIẾ image 62% [THAM CHIẾ image 62% [THAM CHIẾ
2026-09-06T09:37:16.661Z [752b437d-df32-4d14-b98e-5b1e241292b7][fdfbd39c-aa59-4b23-a3ac-5f2ddfb5b1b8] Generating... 0 ready, 0 failed / 4 total (6s) image 83% [THAM CHIẾ image 83% [THAM CHIẾ image 83% [THAM CHIẾ image 83% [THAM CHIẾ
2026-09-06T09:37:17.227Z [14f60c9e-90b4-4c89-962f-2e20e3c9888f][fdfbd39c-aa59-4b23-a3ac-5f2ddfb5b1b8] Ref image 5/5: chips 4→5 ✓
2026-09-06T09:37:17.251Z [14f60c9e-90b4-4c89-962f-2e20e3c9888f][fdfbd39c-aa59-4b23-a3ac-5f2ddfb5b1b8] Entering prompt...
2026-09-06T09:37:19.555Z [14f60c9e-90b4-4c89-962f-2e20e3c9888f][fdfbd39c-aa59-4b23-a3ac-5f2ddfb5b1b8] Prompt is 1772 chars — typing it in 27 chunk(s).
2026-09-06T09:37:19.709Z [752b437d-df32-4d14-b98e-5b1e241292b7][fdfbd39c-aa59-4b23-a3ac-5f2ddfb5b1b8] Generating... 0 ready, 0 failed / 4 total (9s) image 99% [THAM CHIẾ image 99% [THAM CHIẾ image 99% [THAM CHIẾ image 99% [THAM CHIẾ
2026-09-06T09:37:22.734Z [752b437d-df32-4d14-b98e-5b1e241292b7][fdfbd39c-aa59-4b23-a3ac-5f2ddfb5b1b8] Generating... 0 ready, 0 failed / 4 total (12s) image 99% [THAM CHIẾ image 99% [THAM CHIẾ image 99% [THAM CHIẾ image 99% [THAM CHIẾ
2026-09-06T09:37:25.764Z [752b437d-df32-4d14-b98e-5b1e241292b7][fdfbd39c-aa59-4b23-a3ac-5f2ddfb5b1b8] Generating... 0 ready, 0 failed / 4 total (15s) image 99% [THAM CHIẾ image 99% [THAM CHIẾ image 99% [THAM CHIẾ image 99% [THAM CHIẾ
2026-09-06T09:37:28.790Z [752b437d-df32-4d14-b98e-5b1e241292b7][fdfbd39c-aa59-4b23-a3ac-5f2ddfb5b1b8] Generating... 0 ready, 0 failed / 4 total (18s) image 99% [THAM CHIẾ image 99% [THAM CHIẾ image 99% [THAM CHIẾ image 99% [THAM CHIẾ
2026-09-06T09:37:31.816Z [752b437d-df32-4d14-b98e-5b1e241292b7][fdfbd39c-aa59-4b23-a3ac-5f2ddfb5b1b8] Generating... 0 ready, 0 failed / 4 total (21s) image 99% [THAM CHIẾ image 99% [THAM CHIẾ image 99% [THAM CHIẾ image 99% [THAM CHIẾ
2026-09-06T09:37:32.369Z [14f60c9e-90b4-4c89-962f-2e20e3c9888f][fdfbd39c-aa59-4b23-a3ac-5f2ddfb5b1b8] Prompt insert attempt 1: editor has 1726 chars (want ~1764) ✓
2026-09-06T09:37:34.247Z [14f60c9e-90b4-4c89-962f-2e20e3c9888f][fdfbd39c-aa59-4b23-a3ac-5f2ddfb5b1b8] Baseline: 27 pre-existing media tile(s) of 27 mounted (kinds: image,image,image,image,image,image,image,image,image,image,image,image,image,image,image,image,image,image,image,image,image,image,image,image,image,image,image).
2026-09-06T09:37:34.848Z [752b437d-df32-4d14-b98e-5b1e241292b7][fdfbd39c-aa59-4b23-a3ac-5f2ddfb5b1b8] Generating... 0 ready, 0 failed / 4 total (24s) image 99% [THAM CHIẾ image 99% [THAM CHIẾ image 99% [THAM CHIẾ image 99% [THAM CHIẾ
2026-09-06T09:37:37.879Z [752b437d-df32-4d14-b98e-5b1e241292b7][fdfbd39c-aa59-4b23-a3ac-5f2ddfb5b1b8] Generating... 0 ready, 0 failed / 4 total (27s) image 99% [THAM CHIẾ image 99% [THAM CHIẾ image 99% [THAM CHIẾ image 99% [THAM CHIẾ
2026-09-06T09:37:37.982Z [14f60c9e-90b4-4c89-962f-2e20e3c9888f][fdfbd39c-aa59-4b23-a3ac-5f2ddfb5b1b8] [submit] confirmed (editor "What do you want to ", fresh tile=true).
2026-09-06T09:37:38.778Z [14f60c9e-90b4-4c89-962f-2e20e3c9888f][fdfbd39c-aa59-4b23-a3ac-5f2ddfb5b1b8] Current Workspace project URL: https://flow.google.com/project/390215dc-290f-4b92-a7f0-dd2b6651acfb?hl=en
2026-09-06T09:37:38.781Z [14f60c9e-90b4-4c89-962f-2e20e3c9888f][fdfbd39c-aa59-4b23-a3ac-5f2ddfb5b1b8] Submitted ✓ Detecting batch size...
2026-09-06T09:37:38.865Z [14f60c9e-90b4-4c89-962f-2e20e3c9888f][fdfbd39c-aa59-4b23-a3ac-5f2ddfb5b1b8] New tile(s) since submit: 0 → 4 (mounted=27)
2026-09-06T09:37:40.908Z [752b437d-df32-4d14-b98e-5b1e241292b7][fdfbd39c-aa59-4b23-a3ac-5f2ddfb5b1b8] Generating... 0 ready, 0 failed / 4 total (30s) image 99% [THAM CHIẾ image 99% [THAM CHIẾ image 99% [THAM CHIẾ image 99% [THAM CHIẾ
2026-09-06T09:37:43.033Z [14f60c9e-90b4-4c89-962f-2e20e3c9888f][fdfbd39c-aa59-4b23-a3ac-5f2ddfb5b1b8] Batch size stabilised at 4 new tile(s)
2026-09-06T09:37:43.034Z [14f60c9e-90b4-4c89-962f-2e20e3c9888f][fdfbd39c-aa59-4b23-a3ac-5f2ddfb5b1b8] Batch detected: 4 item(s). Generating...
2026-09-06T09:37:43.036Z [14f60c9e-90b4-4c89-962f-2e20e3c9888f][fdfbd39c-aa59-4b23-a3ac-5f2ddfb5b1b8] Polling for 4 image item(s) (baseline=27, hasUpload=true)...
2026-09-06T09:37:43.058Z [14f60c9e-90b4-4c89-962f-2e20e3c9888f][fdfbd39c-aa59-4b23-a3ac-5f2ddfb5b1b8] Generating... 0 ready, 0 failed / 4 total (0s) image 45% [THAM CHIẾ image 45% [THAM CHIẾ image 45% [THAM CHIẾ image 48% [THAM CHIẾ
2026-09-06T09:37:43.930Z [752b437d-df32-4d14-b98e-5b1e241292b7][fdfbd39c-aa59-4b23-a3ac-5f2ddfb5b1b8] Generating... 0 ready, 0 failed / 4 total (33s) image 99% [THAM CHIẾ image 99% [THAM CHIẾ image 99% [THAM CHIẾ image 99% [THAM CHIẾ
2026-09-06T09:37:46.075Z [14f60c9e-90b4-4c89-962f-2e20e3c9888f][fdfbd39c-aa59-4b23-a3ac-5f2ddfb5b1b8] Generating... 0 ready, 0 failed / 4 total (3s) image 65% [THAM CHIẾ image 65% [THAM CHIẾ image 65% [THAM CHIẾ image 68% [THAM CHIẾ
2026-09-06T09:37:46.959Z [752b437d-df32-4d14-b98e-5b1e241292b7][fdfbd39c-aa59-4b23-a3ac-5f2ddfb5b1b8] Generating... 0 ready, 0 failed / 4 total (36s) image 99% [THAM CHIẾ image 99% [THAM CHIẾ image 99% [THAM CHIẾ image 99% [THAM CHIẾ
2026-09-06T09:37:49.104Z [14f60c9e-90b4-4c89-962f-2e20e3c9888f][fdfbd39c-aa59-4b23-a3ac-5f2ddfb5b1b8] Generating... 0 ready, 0 failed / 4 total (6s) image 86% [THAM CHIẾ image 86% [THAM CHIẾ image 86% [THAM CHIẾ image 88% [THAM CHIẾ
2026-09-06T09:37:49.980Z [752b437d-df32-4d14-b98e-5b1e241292b7][fdfbd39c-aa59-4b23-a3ac-5f2ddfb5b1b8] Generating... 0 ready, 0 failed / 4 total (39s) image 99% [THAM CHIẾ image 99% [THAM CHIẾ image 99% [THAM CHIẾ image 99% [THAM CHIẾ
2026-09-06T09:37:52.117Z [14f60c9e-90b4-4c89-962f-2e20e3c9888f][fdfbd39c-aa59-4b23-a3ac-5f2ddfb5b1b8] Generating... 0 ready, 0 failed / 4 total (9s) image 99% [THAM CHIẾ image 99% [THAM CHIẾ image 99% [THAM CHIẾ image 99% [THAM CHIẾ
2026-09-06T09:37:53.007Z [752b437d-df32-4d14-b98e-5b1e241292b7][fdfbd39c-aa59-4b23-a3ac-5f2ddfb5b1b8] Generating... 0 ready, 0 failed / 4 total (42s) image 99% [THAM CHIẾ image 99% [THAM CHIẾ image 99% [THAM CHIẾ image 99% [THAM CHIẾ
2026-09-06T09:37:55.148Z [14f60c9e-90b4-4c89-962f-2e20e3c9888f][fdfbd39c-aa59-4b23-a3ac-5f2ddfb5b1b8] Generating... 0 ready, 0 failed / 4 total (12s) image 99% [THAM CHIẾ image 99% [THAM CHIẾ image 99% [THAM CHIẾ image 99% [THAM CHIẾ
2026-09-06T09:37:56.025Z [752b437d-df32-4d14-b98e-5b1e241292b7][fdfbd39c-aa59-4b23-a3ac-5f2ddfb5b1b8] Generating... 0 ready, 0 failed / 4 total (45s) image 99% [THAM CHIẾ image 99% [THAM CHIẾ image 99% [THAM CHIẾ image 99% [THAM CHIẾ
2026-09-06T09:37:58.182Z [14f60c9e-90b4-4c89-962f-2e20e3c9888f][fdfbd39c-aa59-4b23-a3ac-5f2ddfb5b1b8] Generating... 0 ready, 0 failed / 4 total (15s) image 99% [THAM CHIẾ image 99% [THAM CHIẾ image 99% [THAM CHIẾ image 99% [THAM CHIẾ
2026-09-06T09:37:59.060Z [752b437d-df32-4d14-b98e-5b1e241292b7][fdfbd39c-aa59-4b23-a3ac-5f2ddfb5b1b8] Generating... 0 ready, 0 failed / 4 total (48s) image 99% [THAM CHIẾ image 99% [THAM CHIẾ image 99% [THAM CHIẾ [THAM CHIẾU]Arlo Sch
2026-09-06T09:38:01.228Z [14f60c9e-90b4-4c89-962f-2e20e3c9888f][fdfbd39c-aa59-4b23-a3ac-5f2ddfb5b1b8] Generating... 0 ready, 0 failed / 4 total (18s) image 99% [THAM CHIẾ image 99% [THAM CHIẾ image 99% [THAM CHIẾ image 99% [THAM CHIẾ
2026-09-06T09:38:02.120Z [752b437d-df32-4d14-b98e-5b1e241292b7][fdfbd39c-aa59-4b23-a3ac-5f2ddfb5b1b8] Generating... 1 ready, 0 failed / 4 total (52s) image 99% [THAM CHIẾ image 99% [THAM CHIẾ image 100% [THAM CHI
2026-09-06T09:38:04.255Z [14f60c9e-90b4-4c89-962f-2e20e3c9888f][fdfbd39c-aa59-4b23-a3ac-5f2ddfb5b1b8] Generating... 0 ready, 0 failed / 4 total (21s) image 99% [THAM CHIẾ image 99% [THAM CHIẾ image 99% [THAM CHIẾ image 99% [THAM CHIẾ
2026-09-06T09:38:05.143Z [752b437d-df32-4d14-b98e-5b1e241292b7][fdfbd39c-aa59-4b23-a3ac-5f2ddfb5b1b8] Generating... 2 ready, 0 failed / 4 total (55s) image 99% [THAM CHIẾ image 99% [THAM CHIẾ
2026-09-06T09:38:07.279Z [14f60c9e-90b4-4c89-962f-2e20e3c9888f][fdfbd39c-aa59-4b23-a3ac-5f2ddfb5b1b8] Generating... 0 ready, 0 failed / 4 total (24s) image 99% [THAM CHIẾ image 99% [THAM CHIẾ image 99% [THAM CHIẾ image 99% [THAM CHIẾ
2026-09-06T09:38:08.165Z [752b437d-df32-4d14-b98e-5b1e241292b7][fdfbd39c-aa59-4b23-a3ac-5f2ddfb5b1b8] Generating... 2 ready, 0 failed / 4 total (58s) image 99% [THAM CHIẾ image 99% [THAM CHIẾ
2026-09-06T09:38:10.291Z [14f60c9e-90b4-4c89-962f-2e20e3c9888f][fdfbd39c-aa59-4b23-a3ac-5f2ddfb5b1b8] Generating... 0 ready, 0 failed / 4 total (27s) image 99% [THAM CHIẾ image 99% [THAM CHIẾ image 99% [THAM CHIẾ image 99% [THAM CHIẾ
2026-09-06T09:38:11.194Z [752b437d-df32-4d14-b98e-5b1e241292b7][fdfbd39c-aa59-4b23-a3ac-5f2ddfb5b1b8] Generating... 2 ready, 0 failed / 4 total (61s) [THAM CHIẾU]Arlo Sch image 99% [THAM CHIẾ
2026-09-06T09:38:13.325Z [14f60c9e-90b4-4c89-962f-2e20e3c9888f][fdfbd39c-aa59-4b23-a3ac-5f2ddfb5b1b8] Generating... 0 ready, 0 failed / 4 total (30s) image 99% [THAM CHIẾ image 99% [THAM CHIẾ image 99% [THAM CHIẾ image 99% [THAM CHIẾ
2026-09-06T09:38:14.233Z [752b437d-df32-4d14-b98e-5b1e241292b7][fdfbd39c-aa59-4b23-a3ac-5f2ddfb5b1b8] Generating... 3 ready, 0 failed / 4 total (64s) image 99% [THAM CHIẾ
2026-09-06T09:38:16.366Z [14f60c9e-90b4-4c89-962f-2e20e3c9888f][fdfbd39c-aa59-4b23-a3ac-5f2ddfb5b1b8] Generating... 0 ready, 0 failed / 4 total (33s) image 99% [THAM CHIẾ image 99% [THAM CHIẾ image 99% [THAM CHIẾ image 99% [THAM CHIẾ
2026-09-06T09:38:17.255Z [752b437d-df32-4d14-b98e-5b1e241292b7][fdfbd39c-aa59-4b23-a3ac-5f2ddfb5b1b8] Generating... 3 ready, 0 failed / 4 total (67s) image 99% [THAM CHIẾ
2026-09-06T09:38:19.415Z [14f60c9e-90b4-4c89-962f-2e20e3c9888f][fdfbd39c-aa59-4b23-a3ac-5f2ddfb5b1b8] Generating... 0 ready, 0 failed / 4 total (36s) [THAM CHIẾU]Fake Dri image 99% [THAM CHIẾ image 99% [THAM CHIẾ image 99% [THAM CHIẾ
2026-09-06T09:38:20.279Z [752b437d-df32-4d14-b98e-5b1e241292b7][fdfbd39c-aa59-4b23-a3ac-5f2ddfb5b1b8] Generating... 3 ready, 0 failed / 4 total (70s) [THAM CHIẾU]Arlo Sch
2026-09-06T09:38:22.482Z [14f60c9e-90b4-4c89-962f-2e20e3c9888f][fdfbd39c-aa59-4b23-a3ac-5f2ddfb5b1b8] Generating... 1 ready, 0 failed / 4 total (39s) image 99% [THAM CHIẾ image 99% [THAM CHIẾ image 99% [THAM CHIẾ
2026-09-06T09:38:23.310Z [752b437d-df32-4d14-b98e-5b1e241292b7][fdfbd39c-aa59-4b23-a3ac-5f2ddfb5b1b8] Generating... 4 ready, 0 failed / 4 total (73s)
2026-09-06T09:38:23.311Z [752b437d-df32-4d14-b98e-5b1e241292b7][fdfbd39c-aa59-4b23-a3ac-5f2ddfb5b1b8] Batch done: 4 ready (target 4), 0 failed, scanned 4.
2026-09-06T09:38:23.312Z [752b437d-df32-4d14-b98e-5b1e241292b7][fdfbd39c-aa59-4b23-a3ac-5f2ddfb5b1b8] 4 item(s) ready! Downloading...
2026-09-06T09:38:23.322Z [752b437d-df32-4d14-b98e-5b1e241292b7][fdfbd39c-aa59-4b23-a3ac-5f2ddfb5b1b8] Item 1: Downloading from URL https://flow-content.google/image/22848fa6-0b6f-4549-a444-87fd749be09d?Expires=1788709027&KeyName=labs-flow-prod-cdn-key&Signature=WOZRoSHCytolgYNp9wOmblAZVEw
2026-09-06T09:38:23.726Z [752b437d-df32-4d14-b98e-5b1e241292b7][fdfbd39c-aa59-4b23-a3ac-5f2ddfb5b1b8] Downloaded 1/4: winai_2026-09-06T09-38-23_01.jpg
2026-09-06T09:38:23.728Z [752b437d-df32-4d14-b98e-5b1e241292b7][fdfbd39c-aa59-4b23-a3ac-5f2ddfb5b1b8] Item 2: Downloading from URL https://flow-content.google/image/68eccab1-be29-442f-a55c-7bb917b2ec4a?Expires=1788709026&KeyName=labs-flow-prod-cdn-key&Signature=Rtjt8X9hBAh2YrGCTLXdqHrX1nM
2026-09-06T09:38:23.842Z [752b437d-df32-4d14-b98e-5b1e241292b7][fdfbd39c-aa59-4b23-a3ac-5f2ddfb5b1b8] Downloaded 2/4: winai_2026-09-06T09-38-23_02.jpg
2026-09-06T09:38:23.845Z [752b437d-df32-4d14-b98e-5b1e241292b7][fdfbd39c-aa59-4b23-a3ac-5f2ddfb5b1b8] Item 3: Downloading from URL https://flow-content.google/image/c395af9b-93a2-4121-88bf-e1a7ca70d7c4?Expires=1788709025&KeyName=labs-flow-prod-cdn-key&Signature=VgBqsctCGmqOmuX2COZtdX03oK8
2026-09-06T09:38:23.957Z [752b437d-df32-4d14-b98e-5b1e241292b7][fdfbd39c-aa59-4b23-a3ac-5f2ddfb5b1b8] Downloaded 3/4: winai_2026-09-06T09-38-23_03.jpg
2026-09-06T09:38:23.958Z [752b437d-df32-4d14-b98e-5b1e241292b7][fdfbd39c-aa59-4b23-a3ac-5f2ddfb5b1b8] Item 4: Downloading from URL https://flow-content.google/image/4b578825-7262-4d9e-a789-0c723e937c1c?Expires=1788709025&KeyName=labs-flow-prod-cdn-key&Signature=gP-8SAsuW938LL10I35_sUxwGTQ
2026-09-06T09:38:24.073Z [752b437d-df32-4d14-b98e-5b1e241292b7][fdfbd39c-aa59-4b23-a3ac-5f2ddfb5b1b8] Downloaded 4/4: winai_2026-09-06T09-38-23_04.jpg
2026-09-06T09:38:24.075Z [752b437d-df32-4d14-b98e-5b1e241292b7][fdfbd39c-aa59-4b23-a3ac-5f2ddfb5b1b8] ✅ 4 item(s) saved to Downloads/Win AI Toolkit/
2026-09-06T09:38:24.709Z [752b437d-df32-4d14-b98e-5b1e241292b7][fdfbd39c-aa59-4b23-a3ac-5f2ddfb5b1b8] Item 1: Uploaded → https://studio.xanhmedia.vn/uploads/2026-09/1788687504641_2b06ac_fdfbd39c-aa59-4b23-a3ac-5f2ddfb5b1b8_752.jpg
2026-09-06T09:38:24.727Z [eab33e15-7cbe-452e-8ea6-870811461fb3][fdfbd39c-aa59-4b23-a3ac-5f2ddfb5b1b8] runGeneration starting: task_id=eab33e15-7cbe-452e-8ea6-870811461fb3, profile_id=fdfbd39c-aa59-4b23-a3ac-5f2ddfb5b1b8, target_site=google_flow
2026-09-06T09:38:24.736Z [eab33e15-7cbe-452e-8ea6-870811461fb3][fdfbd39c-aa59-4b23-a3ac-5f2ddfb5b1b8] Opening Playwright browser with persistent profile cookies...
2026-09-06T09:38:24.736Z [752b437d-df32-4d14-b98e-5b1e241292b7][fdfbd39c-aa59-4b23-a3ac-5f2ddfb5b1b8] Item 3: Uploaded → https://studio.xanhmedia.vn/uploads/2026-09/1788687504667_08f5e9_fdfbd39c-aa59-4b23-a3ac-5f2ddfb5b1b8_752.jpg
2026-09-06T09:38:24.741Z [eab33e15-7cbe-452e-8ea6-870811461fb3][fdfbd39c-aa59-4b23-a3ac-5f2ddfb5b1b8] Browser engine: winhide (C:\Users\MienTrungComputer\AppData\Roaming\com.tank.winai\winhide\chrome.exe)
2026-09-06T09:38:24.746Z [eab33e15-7cbe-452e-8ea6-870811461fb3][fdfbd39c-aa59-4b23-a3ac-5f2ddfb5b1b8] Launch mode: STEALTH (raw spawn + connectOverCDP)
2026-09-06T09:38:24.783Z [752b437d-df32-4d14-b98e-5b1e241292b7][fdfbd39c-aa59-4b23-a3ac-5f2ddfb5b1b8] Item 4: Uploaded → https://studio.xanhmedia.vn/uploads/2026-09/1788687504717_1c8e62_fdfbd39c-aa59-4b23-a3ac-5f2ddfb5b1b8_752.jpg
2026-09-06T09:38:24.854Z [752b437d-df32-4d14-b98e-5b1e241292b7][fdfbd39c-aa59-4b23-a3ac-5f2ddfb5b1b8] Item 2: Uploaded → https://studio.xanhmedia.vn/uploads/2026-09/1788687504775_1a416f_fdfbd39c-aa59-4b23-a3ac-5f2ddfb5b1b8_752.jpg
2026-09-06T09:38:24.928Z [752b437d-df32-4d14-b98e-5b1e241292b7][fdfbd39c-aa59-4b23-a3ac-5f2ddfb5b1b8] All done (including any 1080p upgrades). Closing Playwright browser context.
2026-09-06T09:38:25.523Z [14f60c9e-90b4-4c89-962f-2e20e3c9888f][fdfbd39c-aa59-4b23-a3ac-5f2ddfb5b1b8] Generating... 1 ready, 0 failed / 4 total (42s) image 99% [THAM CHIẾ image 99% [THAM CHIẾ image 99% [THAM CHIẾ
2026-09-06T09:38:28.580Z [14f60c9e-90b4-4c89-962f-2e20e3c9888f][fdfbd39c-aa59-4b23-a3ac-5f2ddfb5b1b8] Generating... 1 ready, 0 failed / 4 total (46s) image 99% [THAM CHIẾ image 99% [THAM CHIẾ image 99% [THAM CHIẾ
2026-09-06T09:38:28.890Z [eab33e15-7cbe-452e-8ea6-870811461fb3][fdfbd39c-aa59-4b23-a3ac-5f2ddfb5b1b8] Exit IP: 171.229.14.52
2026-09-06T09:38:28.891Z [eab33e15-7cbe-452e-8ea6-870811461fb3][fdfbd39c-aa59-4b23-a3ac-5f2ddfb5b1b8] Navigating browser to Google Flow tools page...
2026-09-06T09:38:28.893Z [eab33e15-7cbe-452e-8ea6-870811461fb3][fdfbd39c-aa59-4b23-a3ac-5f2ddfb5b1b8] Using existing project URL: https://flow.google.com/project/f4a8359f-f480-4865-9eef-7927ee95f030?hl=en
2026-09-06T09:38:30.512Z [eab33e15-7cbe-452e-8ea6-870811461fb3][fdfbd39c-aa59-4b23-a3ac-5f2ddfb5b1b8] Waiting for Google Flow...
2026-09-06T09:38:31.673Z [14f60c9e-90b4-4c89-962f-2e20e3c9888f][fdfbd39c-aa59-4b23-a3ac-5f2ddfb5b1b8] Generating... 1 ready, 0 failed / 4 total (49s) image 99% [THAM CHIẾ image 100% [THAM CHI image 99% [THAM CHIẾ
2026-09-06T09:38:32.974Z [eab33e15-7cbe-452e-8ea6-870811461fb3][fdfbd39c-aa59-4b23-a3ac-5f2ddfb5b1b8] In existing project ✓
2026-09-06T09:38:34.190Z [eab33e15-7cbe-452e-8ea6-870811461fb3][fdfbd39c-aa59-4b23-a3ac-5f2ddfb5b1b8] dismissPopups: unresolved overlay(s) ["IFRAME[presentation]|btns="]
2026-09-06T09:38:34.751Z [14f60c9e-90b4-4c89-962f-2e20e3c9888f][fdfbd39c-aa59-4b23-a3ac-5f2ddfb5b1b8] Generating... 2 ready, 0 failed / 4 total (52s) image 99% [THAM CHIẾ image 99% [THAM CHIẾ
2026-09-06T09:38:37.874Z [14f60c9e-90b4-4c89-962f-2e20e3c9888f][fdfbd39c-aa59-4b23-a3ac-5f2ddfb5b1b8] Generating... 2 ready, 0 failed / 4 total (55s) image 99% [THAM CHIẾ image 99% [THAM CHIẾ
2026-09-06T09:38:39.997Z [eab33e15-7cbe-452e-8ea6-870811461fb3][fdfbd39c-aa59-4b23-a3ac-5f2ddfb5b1b8] Composer ready ✓ (UI language: en)
2026-09-06T09:38:40.100Z [eab33e15-7cbe-452e-8ea6-870811461fb3][fdfbd39c-aa59-4b23-a3ac-5f2ddfb5b1b8] dismissPopups: clicked "Dismiss credit banner" (overlay)
2026-09-06T09:38:40.649Z [eab33e15-7cbe-452e-8ea6-870811461fb3][fdfbd39c-aa59-4b23-a3ac-5f2ddfb5b1b8] dismissPopups: unresolved overlay(s) ["DIV[]|btns=","DIV[]|btns="]
2026-09-06T09:38:40.721Z [eab33e15-7cbe-452e-8ea6-870811461fb3][fdfbd39c-aa59-4b23-a3ac-5f2ddfb5b1b8] Agent toggle aria-pressed=false
2026-09-06T09:38:40.725Z [eab33e15-7cbe-452e-8ea6-870811461fb3][fdfbd39c-aa59-4b23-a3ac-5f2ddfb5b1b8] Opening settings...
2026-09-06T09:38:41.087Z [14f60c9e-90b4-4c89-962f-2e20e3c9888f][fdfbd39c-aa59-4b23-a3ac-5f2ddfb5b1b8] Generating... 2 ready, 0 failed / 4 total (58s) image 99% [THAM CHIẾ [THAM CHIẾU]Fake Dri
2026-09-06T09:38:43.782Z [eab33e15-7cbe-452e-8ea6-870811461fb3][fdfbd39c-aa59-4b23-a3ac-5f2ddfb5b1b8] Configuring image settings...
2026-09-06T09:38:44.128Z [14f60c9e-90b4-4c89-962f-2e20e3c9888f][fdfbd39c-aa59-4b23-a3ac-5f2ddfb5b1b8] Generating... 3 ready, 0 failed / 4 total (61s) image 99% [THAM CHIẾ
2026-09-06T09:38:45.195Z [eab33e15-7cbe-452e-8ea6-870811461fb3][fdfbd39c-aa59-4b23-a3ac-5f2ddfb5b1b8] Mode: selected "image Image" ✓
2026-09-06T09:38:47.168Z [14f60c9e-90b4-4c89-962f-2e20e3c9888f][fdfbd39c-aa59-4b23-a3ac-5f2ddfb5b1b8] Generating... 3 ready, 0 failed / 4 total (64s) image 99% [THAM CHIẾ
2026-09-06T09:38:50.196Z [eab33e15-7cbe-452e-8ea6-870811461fb3][fdfbd39c-aa59-4b23-a3ac-5f2ddfb5b1b8] Model: selected "🍌 Nano Banana 2" ✓
2026-09-06T09:38:50.199Z [14f60c9e-90b4-4c89-962f-2e20e3c9888f][fdfbd39c-aa59-4b23-a3ac-5f2ddfb5b1b8] Generating... 3 ready, 0 failed / 4 total (67s) image 99% [THAM CHIẾ
2026-09-06T09:38:50.920Z [eab33e15-7cbe-452e-8ea6-870811461fb3][fdfbd39c-aa59-4b23-a3ac-5f2ddfb5b1b8] Aspect ratio: "crop_16_9 16:9" already selected ✓
2026-09-06T09:38:52.631Z [eab33e15-7cbe-452e-8ea6-870811461fb3][fdfbd39c-aa59-4b23-a3ac-5f2ddfb5b1b8] Output count: selected "x4" ✓
2026-09-06T09:38:53.227Z [14f60c9e-90b4-4c89-962f-2e20e3c9888f][fdfbd39c-aa59-4b23-a3ac-5f2ddfb5b1b8] Generating... 3 ready, 0 failed / 4 total (70s) image 99% [THAM CHIẾ
2026-09-06T09:38:53.784Z [eab33e15-7cbe-452e-8ea6-870811461fb3][fdfbd39c-aa59-4b23-a3ac-5f2ddfb5b1b8] Ref image 1/2: downloading from URL...
2026-09-06T09:38:54.453Z [eab33e15-7cbe-452e-8ea6-870811461fb3][fdfbd39c-aa59-4b23-a3ac-5f2ddfb5b1b8] Downloader: no-proxy request context ready.
2026-09-06T09:38:55.024Z [eab33e15-7cbe-452e-8ea6-870811461fb3][fdfbd39c-aa59-4b23-a3ac-5f2ddfb5b1b8] Ref image 1/2: saved 559623 bytes (image/jpeg) as "Fake Driver Driver Disguise State.jpeg"
2026-09-06T09:38:55.031Z [eab33e15-7cbe-452e-8ea6-870811461fb3][fdfbd39c-aa59-4b23-a3ac-5f2ddfb5b1b8] Ref image 1/2: attaching reference image...
2026-09-06T09:38:56.271Z [14f60c9e-90b4-4c89-962f-2e20e3c9888f][fdfbd39c-aa59-4b23-a3ac-5f2ddfb5b1b8] Generating... 3 ready, 0 failed / 4 total (73s) image 99% [THAM CHIẾ
2026-09-06T09:38:57.881Z [eab33e15-7cbe-452e-8ea6-870811461fb3][fdfbd39c-aa59-4b23-a3ac-5f2ddfb5b1b8] Ref image 1/2: reusing library asset "Fake Driver Driver Disguise State.jpeg" (no re-upload).
2026-09-06T09:38:59.317Z [14f60c9e-90b4-4c89-962f-2e20e3c9888f][fdfbd39c-aa59-4b23-a3ac-5f2ddfb5b1b8] Generating... 3 ready, 0 failed / 4 total (76s) image 99% [THAM CHIẾ
2026-09-06T09:39:01.513Z [eab33e15-7cbe-452e-8ea6-870811461fb3][fdfbd39c-aa59-4b23-a3ac-5f2ddfb5b1b8] Ref image 1/2: chips 0→1 ✓
2026-09-06T09:39:02.350Z [14f60c9e-90b4-4c89-962f-2e20e3c9888f][fdfbd39c-aa59-4b23-a3ac-5f2ddfb5b1b8] Generating... 3 ready, 0 failed / 4 total (79s) image 99% [THAM CHIẾ
2026-09-06T09:39:03.126Z [eab33e15-7cbe-452e-8ea6-870811461fb3][fdfbd39c-aa59-4b23-a3ac-5f2ddfb5b1b8] Ref image 2/2: downloading from URL...
2026-09-06T09:39:03.512Z [eab33e15-7cbe-452e-8ea6-870811461fb3][fdfbd39c-aa59-4b23-a3ac-5f2ddfb5b1b8] Ref image 2/2: saved 703417 bytes (image/jpeg) as "Verdant School Bus Interior Master.jpeg"
2026-09-06T09:39:03.544Z [eab33e15-7cbe-452e-8ea6-870811461fb3][fdfbd39c-aa59-4b23-a3ac-5f2ddfb5b1b8] Ref image 2/2: attaching reference image...
2026-09-06T09:39:05.385Z [14f60c9e-90b4-4c89-962f-2e20e3c9888f][fdfbd39c-aa59-4b23-a3ac-5f2ddfb5b1b8] Generating... 3 ready, 0 failed / 4 total (82s) [THAM CHIẾU]Fake Dri
2026-09-06T09:39:05.976Z [eab33e15-7cbe-452e-8ea6-870811461fb3][fdfbd39c-aa59-4b23-a3ac-5f2ddfb5b1b8] Ref image 2/2: reusing library asset "Verdant School Bus Interior Master.jpeg" (no re-upload).
2026-09-06T09:39:08.407Z [14f60c9e-90b4-4c89-962f-2e20e3c9888f][fdfbd39c-aa59-4b23-a3ac-5f2ddfb5b1b8] Generating... 4 ready, 0 failed / 4 total (85s)
2026-09-06T09:39:08.408Z [14f60c9e-90b4-4c89-962f-2e20e3c9888f][fdfbd39c-aa59-4b23-a3ac-5f2ddfb5b1b8] Batch done: 4 ready (target 4), 0 failed, scanned 4.
2026-09-06T09:39:08.410Z [14f60c9e-90b4-4c89-962f-2e20e3c9888f][fdfbd39c-aa59-4b23-a3ac-5f2ddfb5b1b8] 4 item(s) ready! Downloading...
2026-09-06T09:39:08.413Z [14f60c9e-90b4-4c89-962f-2e20e3c9888f][fdfbd39c-aa59-4b23-a3ac-5f2ddfb5b1b8] Item 1: Downloading from URL https://flow-content.google/image/3baa0f93-132e-4dbe-a864-31c7956b59e2?Expires=1788709059&KeyName=labs-flow-prod-cdn-key&Signature=xPMwnCFUxnoVGF5-kBznb3Fsz1g
2026-09-06T09:39:08.713Z [14f60c9e-90b4-4c89-962f-2e20e3c9888f][fdfbd39c-aa59-4b23-a3ac-5f2ddfb5b1b8] Downloaded 1/4: winai_2026-09-06T09-39-08_01.jpg
2026-09-06T09:39:08.714Z [14f60c9e-90b4-4c89-962f-2e20e3c9888f][fdfbd39c-aa59-4b23-a3ac-5f2ddfb5b1b8] Item 2: Downloading from URL https://flow-content.google/image/4a2e8cfa-4b15-4194-a626-54604fd2c010?Expires=1788709059&KeyName=labs-flow-prod-cdn-key&Signature=jJSdl4fuVL_FHH3_7kd6CuKVIBs
2026-09-06T09:39:08.811Z [14f60c9e-90b4-4c89-962f-2e20e3c9888f][fdfbd39c-aa59-4b23-a3ac-5f2ddfb5b1b8] Downloaded 2/4: winai_2026-09-06T09-39-08_02.jpg
2026-09-06T09:39:08.814Z [14f60c9e-90b4-4c89-962f-2e20e3c9888f][fdfbd39c-aa59-4b23-a3ac-5f2ddfb5b1b8] Item 3: Downloading from URL https://flow-content.google/image/6d93ed88-8b94-46db-a5d3-ff0eb28715ec?Expires=1788709058&KeyName=labs-flow-prod-cdn-key&Signature=I5O6a7LlzxEdHyd9wOf9PWAHPlw
2026-09-06T09:39:08.918Z [14f60c9e-90b4-4c89-962f-2e20e3c9888f][fdfbd39c-aa59-4b23-a3ac-5f2ddfb5b1b8] Downloaded 3/4: winai_2026-09-06T09-39-08_03.jpg
2026-09-06T09:39:08.920Z [14f60c9e-90b4-4c89-962f-2e20e3c9888f][fdfbd39c-aa59-4b23-a3ac-5f2ddfb5b1b8] Item 4: Downloading from URL https://flow-content.google/image/bcea300e-ae09-4f7f-8645-c85d48093a91?Expires=1788709058&KeyName=labs-flow-prod-cdn-key&Signature=cSjSoaz1DaMGmcsvZ7qW_IEYy_w
2026-09-06T09:39:09.019Z [14f60c9e-90b4-4c89-962f-2e20e3c9888f][fdfbd39c-aa59-4b23-a3ac-5f2ddfb5b1b8] Downloaded 4/4: winai_2026-09-06T09-39-08_04.jpg
2026-09-06T09:39:09.020Z [14f60c9e-90b4-4c89-962f-2e20e3c9888f][fdfbd39c-aa59-4b23-a3ac-5f2ddfb5b1b8] ✅ 4 item(s) saved to Downloads/Win AI Toolkit/
2026-09-06T09:39:09.550Z [14f60c9e-90b4-4c89-962f-2e20e3c9888f][fdfbd39c-aa59-4b23-a3ac-5f2ddfb5b1b8] Item 1: Uploaded → https://studio.xanhmedia.vn/uploads/2026-09/1788687549484_bfccd5_fdfbd39c-aa59-4b23-a3ac-5f2ddfb5b1b8_14f.jpg
2026-09-06T09:39:09.580Z [14f60c9e-90b4-4c89-962f-2e20e3c9888f][fdfbd39c-aa59-4b23-a3ac-5f2ddfb5b1b8] Item 4: Uploaded → https://studio.xanhmedia.vn/uploads/2026-09/1788687549509_40b0be_fdfbd39c-aa59-4b23-a3ac-5f2ddfb5b1b8_14f.jpg
2026-09-06T09:39:09.616Z [14f60c9e-90b4-4c89-962f-2e20e3c9888f][fdfbd39c-aa59-4b23-a3ac-5f2ddfb5b1b8] Item 2: Uploaded → https://studio.xanhmedia.vn/uploads/2026-09/1788687549544_539ef1_fdfbd39c-aa59-4b23-a3ac-5f2ddfb5b1b8_14f.jpg
2026-09-06T09:39:09.611Z [9319ba57-d53e-412e-8e40-ec4556b3291f][fdfbd39c-aa59-4b23-a3ac-5f2ddfb5b1b8] runGeneration starting: task_id=9319ba57-d53e-412e-8e40-ec4556b3291f, profile_id=fdfbd39c-aa59-4b23-a3ac-5f2ddfb5b1b8, target_site=google_flow
2026-09-06T09:39:09.615Z [9319ba57-d53e-412e-8e40-ec4556b3291f][fdfbd39c-aa59-4b23-a3ac-5f2ddfb5b1b8] Opening Playwright browser with persistent profile cookies...
2026-09-06T09:39:09.617Z [9319ba57-d53e-412e-8e40-ec4556b3291f][fdfbd39c-aa59-4b23-a3ac-5f2ddfb5b1b8] Browser engine: winhide (C:\Users\MienTrungComputer\AppData\Roaming\com.tank.winai\winhide\chrome.exe)
2026-09-06T09:39:09.619Z [9319ba57-d53e-412e-8e40-ec4556b3291f][fdfbd39c-aa59-4b23-a3ac-5f2ddfb5b1b8] Launch mode: STEALTH (raw spawn + connectOverCDP)
2026-09-06T09:39:09.637Z [14f60c9e-90b4-4c89-962f-2e20e3c9888f][fdfbd39c-aa59-4b23-a3ac-5f2ddfb5b1b8] Item 3: Uploaded → https://studio.xanhmedia.vn/uploads/2026-09/1788687549564_623928_fdfbd39c-aa59-4b23-a3ac-5f2ddfb5b1b8_14f.jpg
2026-09-06T09:39:09.666Z [14f60c9e-90b4-4c89-962f-2e20e3c9888f][fdfbd39c-aa59-4b23-a3ac-5f2ddfb5b1b8] All done (including any 1080p upgrades). Closing Playwright browser context.
2026-09-06T09:39:09.802Z [eab33e15-7cbe-452e-8ea6-870811461fb3][fdfbd39c-aa59-4b23-a3ac-5f2ddfb5b1b8] Ref image 2/2: chips 1→2 ✓
2026-09-06T09:39:09.827Z [eab33e15-7cbe-452e-8ea6-870811461fb3][fdfbd39c-aa59-4b23-a3ac-5f2ddfb5b1b8] Entering prompt...
2026-09-06T09:39:11.331Z [eab33e15-7cbe-452e-8ea6-870811461fb3][fdfbd39c-aa59-4b23-a3ac-5f2ddfb5b1b8] Prompt is 1520 chars — typing it in 23 chunk(s).
2026-09-06T09:39:12.264Z [9319ba57-d53e-412e-8e40-ec4556b3291f][fdfbd39c-aa59-4b23-a3ac-5f2ddfb5b1b8] Exit IP: 171.229.14.52
2026-09-06T09:39:12.264Z [9319ba57-d53e-412e-8e40-ec4556b3291f][fdfbd39c-aa59-4b23-a3ac-5f2ddfb5b1b8] Navigating browser to Google Flow tools page...
2026-09-06T09:39:12.265Z [9319ba57-d53e-412e-8e40-ec4556b3291f][fdfbd39c-aa59-4b23-a3ac-5f2ddfb5b1b8] Using existing project URL: https://flow.google.com/project/390215dc-290f-4b92-a7f0-dd2b6651acfb?hl=en
2026-09-06T09:39:13.322Z [9319ba57-d53e-412e-8e40-ec4556b3291f][fdfbd39c-aa59-4b23-a3ac-5f2ddfb5b1b8] Waiting for Google Flow...
2026-09-06T09:39:15.350Z [9319ba57-d53e-412e-8e40-ec4556b3291f][fdfbd39c-aa59-4b23-a3ac-5f2ddfb5b1b8] In existing project ✓
2026-09-06T09:39:16.189Z [9319ba57-d53e-412e-8e40-ec4556b3291f][fdfbd39c-aa59-4b23-a3ac-5f2ddfb5b1b8] dismissPopups: unresolved overlay(s) ["IFRAME[presentation]|btns="]
2026-09-06T09:39:18.929Z [9319ba57-d53e-412e-8e40-ec4556b3291f][fdfbd39c-aa59-4b23-a3ac-5f2ddfb5b1b8] Composer ready ✓ (UI language: en)
2026-09-06T09:39:18.975Z [9319ba57-d53e-412e-8e40-ec4556b3291f][fdfbd39c-aa59-4b23-a3ac-5f2ddfb5b1b8] dismissPopups: clicked "Dismiss credit banner" (overlay)
2026-09-06T09:39:19.493Z [9319ba57-d53e-412e-8e40-ec4556b3291f][fdfbd39c-aa59-4b23-a3ac-5f2ddfb5b1b8] dismissPopups: unresolved overlay(s) ["DIV[]|btns=","DIV[]|btns="]
2026-09-06T09:39:19.513Z [9319ba57-d53e-412e-8e40-ec4556b3291f][fdfbd39c-aa59-4b23-a3ac-5f2ddfb5b1b8] Agent toggle aria-pressed=false
2026-09-06T09:39:19.514Z [9319ba57-d53e-412e-8e40-ec4556b3291f][fdfbd39c-aa59-4b23-a3ac-5f2ddfb5b1b8] Opening settings...
2026-09-06T09:39:21.749Z [9319ba57-d53e-412e-8e40-ec4556b3291f][fdfbd39c-aa59-4b23-a3ac-5f2ddfb5b1b8] Configuring image settings...
2026-09-06T09:39:21.822Z [eab33e15-7cbe-452e-8ea6-870811461fb3][fdfbd39c-aa59-4b23-a3ac-5f2ddfb5b1b8] Prompt insert attempt 1: editor has 1478 chars (want ~1512) ✓
2026-09-06T09:39:23.467Z [9319ba57-d53e-412e-8e40-ec4556b3291f][fdfbd39c-aa59-4b23-a3ac-5f2ddfb5b1b8] Mode: selected "image Image" ✓
2026-09-06T09:39:23.879Z [eab33e15-7cbe-452e-8ea6-870811461fb3][fdfbd39c-aa59-4b23-a3ac-5f2ddfb5b1b8] Baseline: 27 pre-existing media tile(s) of 27 mounted (kinds: image,image,image,image,image,image,image,image,image,image,image,image,image,image,image,image,image,image,image,image,image,image,image,image,image,image,image).
2026-09-06T09:39:26.423Z [eab33e15-7cbe-452e-8ea6-870811461fb3][fdfbd39c-aa59-4b23-a3ac-5f2ddfb5b1b8] [submit] confirmed (editor "What do you want to ", fresh tile=true).
2026-09-06T09:39:26.923Z [eab33e15-7cbe-452e-8ea6-870811461fb3][fdfbd39c-aa59-4b23-a3ac-5f2ddfb5b1b8] Current Workspace project URL: https://flow.google.com/project/f4a8359f-f480-4865-9eef-7927ee95f030?hl=en
2026-09-06T09:39:26.927Z [eab33e15-7cbe-452e-8ea6-870811461fb3][fdfbd39c-aa59-4b23-a3ac-5f2ddfb5b1b8] Submitted ✓ Detecting batch size...
2026-09-06T09:39:27.079Z [eab33e15-7cbe-452e-8ea6-870811461fb3][fdfbd39c-aa59-4b23-a3ac-5f2ddfb5b1b8] New tile(s) since submit: 0 → 4 (mounted=27)
2026-09-06T09:39:28.960Z [9319ba57-d53e-412e-8e40-ec4556b3291f][fdfbd39c-aa59-4b23-a3ac-5f2ddfb5b1b8] Model: selected "🍌 Nano Banana 2" ✓
2026-09-06T09:39:29.688Z [9319ba57-d53e-412e-8e40-ec4556b3291f][fdfbd39c-aa59-4b23-a3ac-5f2ddfb5b1b8] Aspect ratio: "crop_16_9 16:9" already selected ✓
2026-09-06T09:39:31.145Z [9319ba57-d53e-412e-8e40-ec4556b3291f][fdfbd39c-aa59-4b23-a3ac-5f2ddfb5b1b8] Output count: selected "x4" ✓
2026-09-06T09:39:31.340Z [eab33e15-7cbe-452e-8ea6-870811461fb3][fdfbd39c-aa59-4b23-a3ac-5f2ddfb5b1b8] Batch size stabilised at 4 new tile(s)
2026-09-06T09:39:31.341Z [eab33e15-7cbe-452e-8ea6-870811461fb3][fdfbd39c-aa59-4b23-a3ac-5f2ddfb5b1b8] Batch detected: 4 item(s). Generating...
2026-09-06T09:39:31.343Z [eab33e15-7cbe-452e-8ea6-870811461fb3][fdfbd39c-aa59-4b23-a3ac-5f2ddfb5b1b8] Polling for 4 image item(s) (baseline=27, hasUpload=true)...
2026-09-06T09:39:31.401Z [eab33e15-7cbe-452e-8ea6-870811461fb3][fdfbd39c-aa59-4b23-a3ac-5f2ddfb5b1b8] Generating... 0 ready, 0 failed / 4 total (0s) image 42% [THAM CHIẾ image 42% [THAM CHIẾ image 42% [THAM CHIẾ image 42% [THAM CHIẾ
2026-09-06T09:39:32.085Z [9319ba57-d53e-412e-8e40-ec4556b3291f][fdfbd39c-aa59-4b23-a3ac-5f2ddfb5b1b8] Ref image 1/4: downloading from URL...
2026-09-06T09:39:32.687Z [9319ba57-d53e-412e-8e40-ec4556b3291f][fdfbd39c-aa59-4b23-a3ac-5f2ddfb5b1b8] Downloader: no-proxy request context ready.
2026-09-06T09:39:33.250Z [9319ba57-d53e-412e-8e40-ec4556b3291f][fdfbd39c-aa59-4b23-a3ac-5f2ddfb5b1b8] Ref image 1/4: saved 527475 bytes (image/jpeg) as "Arlo School Day.jpeg"
2026-09-06T09:39:33.267Z [9319ba57-d53e-412e-8e40-ec4556b3291f][fdfbd39c-aa59-4b23-a3ac-5f2ddfb5b1b8] Ref image 1/4: attaching reference image...
2026-09-06T09:39:34.446Z [eab33e15-7cbe-452e-8ea6-870811461fb3][fdfbd39c-aa59-4b23-a3ac-5f2ddfb5b1b8] Generating... 0 ready, 0 failed / 4 total (3s) image 62% [THAM CHIẾ image 62% [THAM CHIẾ image 62% [THAM CHIẾ image 62% [THAM CHIẾ
2026-09-06T09:39:35.943Z [9319ba57-d53e-412e-8e40-ec4556b3291f][fdfbd39c-aa59-4b23-a3ac-5f2ddfb5b1b8] Ref image 1/4: reusing library asset "Arlo School Day.jpeg" (no re-upload).
2026-09-06T09:39:37.471Z [eab33e15-7cbe-452e-8ea6-870811461fb3][fdfbd39c-aa59-4b23-a3ac-5f2ddfb5b1b8] Generating... 0 ready, 0 failed / 4 total (6s) image 82% [THAM CHIẾ image 82% [THAM CHIẾ image 82% [THAM CHIẾ image 82% [THAM CHIẾ
2026-09-06T09:39:39.439Z [9319ba57-d53e-412e-8e40-ec4556b3291f][fdfbd39c-aa59-4b23-a3ac-5f2ddfb5b1b8] Ref image 1/4: chips 0→1 ✓
2026-09-06T09:39:40.516Z [eab33e15-7cbe-452e-8ea6-870811461fb3][fdfbd39c-aa59-4b23-a3ac-5f2ddfb5b1b8] Generating... 0 ready, 0 failed / 4 total (9s) image 99% [THAM CHIẾ image 99% [THAM CHIẾ image 99% [THAM CHIẾ image 99% [THAM CHIẾ
2026-09-06T09:39:40.641Z [9319ba57-d53e-412e-8e40-ec4556b3291f][fdfbd39c-aa59-4b23-a3ac-5f2ddfb5b1b8] Ref image 2/4: downloading from URL...
2026-09-06T09:39:41.067Z [9319ba57-d53e-412e-8e40-ec4556b3291f][fdfbd39c-aa59-4b23-a3ac-5f2ddfb5b1b8] Ref image 2/4: saved 643624 bytes (image/jpeg) as "Nessa School Day.jpeg"
2026-09-06T09:39:41.082Z [9319ba57-d53e-412e-8e40-ec4556b3291f][fdfbd39c-aa59-4b23-a3ac-5f2ddfb5b1b8] Ref image 2/4: attaching reference image...
2026-09-06T09:39:43.247Z [9319ba57-d53e-412e-8e40-ec4556b3291f][fdfbd39c-aa59-4b23-a3ac-5f2ddfb5b1b8] Ref image 2/4: reusing library asset "Nessa School Day.jpeg" (no re-upload).
2026-09-06T09:39:43.535Z [eab33e15-7cbe-452e-8ea6-870811461fb3][fdfbd39c-aa59-4b23-a3ac-5f2ddfb5b1b8] Generating... 0 ready, 0 failed / 4 total (12s) image 99% [THAM CHIẾ image 99% [THAM CHIẾ image 99% [THAM CHIẾ image 99% [THAM CHIẾ
2026-09-06T09:39:46.568Z [eab33e15-7cbe-452e-8ea6-870811461fb3][fdfbd39c-aa59-4b23-a3ac-5f2ddfb5b1b8] Generating... 0 ready, 0 failed / 4 total (15s) image 99% [THAM CHIẾ image 99% [THAM CHIẾ image 99% [THAM CHIẾ image 99% [THAM CHIẾ
2026-09-06T09:39:47.349Z [9319ba57-d53e-412e-8e40-ec4556b3291f][fdfbd39c-aa59-4b23-a3ac-5f2ddfb5b1b8] Ref image 2/4: chips 1→2 ✓
2026-09-06T09:39:48.331Z [9319ba57-d53e-412e-8e40-ec4556b3291f][fdfbd39c-aa59-4b23-a3ac-5f2ddfb5b1b8] Ref image 3/4: downloading from URL...
2026-09-06T09:39:48.685Z [9319ba57-d53e-412e-8e40-ec4556b3291f][fdfbd39c-aa59-4b23-a3ac-5f2ddfb5b1b8] Ref image 3/4: saved 509101 bytes (image/jpeg) as "Chili School Day.jpeg"
2026-09-06T09:39:48.695Z [9319ba57-d53e-412e-8e40-ec4556b3291f][fdfbd39c-aa59-4b23-a3ac-5f2ddfb5b1b8] Ref image 3/4: attaching reference image...
2026-09-06T09:39:49.610Z [eab33e15-7cbe-452e-8ea6-870811461fb3][fdfbd39c-aa59-4b23-a3ac-5f2ddfb5b1b8] Generating... 0 ready, 0 failed / 4 total (18s) image 99% [THAM CHIẾ image 99% [THAM CHIẾ image 99% [THAM CHIẾ image 99% [THAM CHIẾ
2026-09-06T09:39:51.093Z [9319ba57-d53e-412e-8e40-ec4556b3291f][fdfbd39c-aa59-4b23-a3ac-5f2ddfb5b1b8] Ref image 3/4: reusing library asset "Chili School Day.jpeg" (no re-upload).
2026-09-06T09:39:52.634Z [eab33e15-7cbe-452e-8ea6-870811461fb3][fdfbd39c-aa59-4b23-a3ac-5f2ddfb5b1b8] Generating... 0 ready, 0 failed / 4 total (21s) image 99% [THAM CHIẾ image 99% [THAM CHIẾ image 99% [THAM CHIẾ image 99% [THAM CHIẾ
2026-09-06T09:39:54.812Z [9319ba57-d53e-412e-8e40-ec4556b3291f][fdfbd39c-aa59-4b23-a3ac-5f2ddfb5b1b8] Ref image 3/4: chips 2→3 ✓
2026-09-06T09:39:55.659Z [eab33e15-7cbe-452e-8ea6-870811461fb3][fdfbd39c-aa59-4b23-a3ac-5f2ddfb5b1b8] Generating... 0 ready, 0 failed / 4 total (24s) image 99% [THAM CHIẾ image 99% [THAM CHIẾ image 99% [THAM CHIẾ image 99% [THAM CHIẾ
2026-09-06T09:39:56.470Z [9319ba57-d53e-412e-8e40-ec4556b3291f][fdfbd39c-aa59-4b23-a3ac-5f2ddfb5b1b8] Ref image 4/4: downloading from URL...
2026-09-06T09:39:56.829Z [9319ba57-d53e-412e-8e40-ec4556b3291f][fdfbd39c-aa59-4b23-a3ac-5f2ddfb5b1b8] Ref image 4/4: saved 703417 bytes (image/jpeg) as "Verdant School Bus Interior Master.jpeg"
2026-09-06T09:39:56.862Z [9319ba57-d53e-412e-8e40-ec4556b3291f][fdfbd39c-aa59-4b23-a3ac-5f2ddfb5b1b8] Ref image 4/4: attaching reference image...
2026-09-06T09:39:58.727Z [eab33e15-7cbe-452e-8ea6-870811461fb3][fdfbd39c-aa59-4b23-a3ac-5f2ddfb5b1b8] Generating... 0 ready, 0 failed / 4 total (27s) [THAM CHIẾU]Fake Dri image 99% [THAM CHIẾ image 99% [THAM CHIẾ image 99% [THAM CHIẾ
2026-09-06T09:39:59.198Z [9319ba57-d53e-412e-8e40-ec4556b3291f][fdfbd39c-aa59-4b23-a3ac-5f2ddfb5b1b8] Ref image 4/4: reusing library asset "Verdant School Bus Interior Master.jpeg" (no re-upload).
2026-09-06T09:40:01.750Z [eab33e15-7cbe-452e-8ea6-870811461fb3][fdfbd39c-aa59-4b23-a3ac-5f2ddfb5b1b8] Generating... 1 ready, 0 failed / 4 total (30s) image 99% [THAM CHIẾ image 99% [THAM CHIẾ image 99% [THAM CHIẾ
2026-09-06T09:40:03.264Z [9319ba57-d53e-412e-8e40-ec4556b3291f][fdfbd39c-aa59-4b23-a3ac-5f2ddfb5b1b8] Ref image 4/4: chips 3→4 ✓
2026-09-06T09:40:03.302Z [9319ba57-d53e-412e-8e40-ec4556b3291f][fdfbd39c-aa59-4b23-a3ac-5f2ddfb5b1b8] Entering prompt...
2026-09-06T09:40:04.769Z [eab33e15-7cbe-452e-8ea6-870811461fb3][fdfbd39c-aa59-4b23-a3ac-5f2ddfb5b1b8] Generating... 1 ready, 0 failed / 4 total (33s) image 99% [THAM CHIẾ image 99% [THAM CHIẾ image 99% [THAM CHIẾ
2026-09-06T09:40:05.411Z [9319ba57-d53e-412e-8e40-ec4556b3291f][fdfbd39c-aa59-4b23-a3ac-5f2ddfb5b1b8] Prompt is 1773 chars — typing it in 26 chunk(s).
2026-09-06T09:40:07.802Z [eab33e15-7cbe-452e-8ea6-870811461fb3][fdfbd39c-aa59-4b23-a3ac-5f2ddfb5b1b8] Generating... 1 ready, 0 failed / 4 total (36s) image 99% [THAM CHIẾ image 99% [THAM CHIẾ image 99% [THAM CHIẾ
2026-09-06T09:40:10.837Z [eab33e15-7cbe-452e-8ea6-870811461fb3][fdfbd39c-aa59-4b23-a3ac-5f2ddfb5b1b8] Generating... 1 ready, 0 failed / 4 total (39s) [THAM CHIẾU]Fake Dri image 99% [THAM CHIẾ image 99% [THAM CHIẾ
2026-09-06T09:40:13.860Z [eab33e15-7cbe-452e-8ea6-870811461fb3][fdfbd39c-aa59-4b23-a3ac-5f2ddfb5b1b8] Generating... 2 ready, 0 failed / 4 total (43s) image 99% [THAM CHIẾ image 99% [THAM CHIẾ
2026-09-06T09:40:16.902Z [eab33e15-7cbe-452e-8ea6-870811461fb3][fdfbd39c-aa59-4b23-a3ac-5f2ddfb5b1b8] Generating... 2 ready, 0 failed / 4 total (46s) image 100% [THAM CHI image 99% [THAM CHIẾ
2026-09-06T09:40:17.166Z [9319ba57-d53e-412e-8e40-ec4556b3291f][fdfbd39c-aa59-4b23-a3ac-5f2ddfb5b1b8] Prompt insert attempt 1: editor has 1728 chars (want ~1765) ✓
2026-09-06T09:40:18.911Z [9319ba57-d53e-412e-8e40-ec4556b3291f][fdfbd39c-aa59-4b23-a3ac-5f2ddfb5b1b8] Baseline: 27 pre-existing media tile(s) of 27 mounted (kinds: image,image,image,image,image,image,image,image,image,image,image,image,image,image,image,image,image,image,image,image,image,image,image,image,image,image,image).
2026-09-06T09:40:19.947Z [eab33e15-7cbe-452e-8ea6-870811461fb3][fdfbd39c-aa59-4b23-a3ac-5f2ddfb5b1b8] Generating... 2 ready, 0 failed / 4 total (49s) [THAM CHIẾU]Fake Dri image 99% [THAM CHIẾ
2026-09-06T09:40:22.786Z [9319ba57-d53e-412e-8e40-ec4556b3291f][fdfbd39c-aa59-4b23-a3ac-5f2ddfb5b1b8] [submit] confirmed (editor "What do you want to ", fresh tile=true).
2026-09-06T09:40:22.987Z [eab33e15-7cbe-452e-8ea6-870811461fb3][fdfbd39c-aa59-4b23-a3ac-5f2ddfb5b1b8] Generating... 3 ready, 0 failed / 4 total (52s) [THAM CHIẾU]Fake Dri
2026-09-06T09:40:23.250Z [9319ba57-d53e-412e-8e40-ec4556b3291f][fdfbd39c-aa59-4b23-a3ac-5f2ddfb5b1b8] Current Workspace project URL: https://flow.google.com/project/390215dc-290f-4b92-a7f0-dd2b6651acfb?hl=en
2026-09-06T09:40:23.253Z [9319ba57-d53e-412e-8e40-ec4556b3291f][fdfbd39c-aa59-4b23-a3ac-5f2ddfb5b1b8] Submitted ✓ Detecting batch size...
2026-09-06T09:40:23.384Z [9319ba57-d53e-412e-8e40-ec4556b3291f][fdfbd39c-aa59-4b23-a3ac-5f2ddfb5b1b8] New tile(s) since submit: 0 → 4 (mounted=27)
2026-09-06T09:40:26.020Z [eab33e15-7cbe-452e-8ea6-870811461fb3][fdfbd39c-aa59-4b23-a3ac-5f2ddfb5b1b8] Generating... 4 ready, 0 failed / 4 total (55s)
2026-09-06T09:40:26.021Z [eab33e15-7cbe-452e-8ea6-870811461fb3][fdfbd39c-aa59-4b23-a3ac-5f2ddfb5b1b8] Batch done: 4 ready (target 4), 0 failed, scanned 4.
2026-09-06T09:40:26.026Z [eab33e15-7cbe-452e-8ea6-870811461fb3][fdfbd39c-aa59-4b23-a3ac-5f2ddfb5b1b8] 4 item(s) ready! Downloading...
2026-09-06T09:40:26.033Z [eab33e15-7cbe-452e-8ea6-870811461fb3][fdfbd39c-aa59-4b23-a3ac-5f2ddfb5b1b8] Item 1: Downloading from URL https://flow-content.google/image/0c3ef1c8-dce3-47ec-9aaf-90ec9c3c16de?Expires=1788709168&KeyName=labs-flow-prod-cdn-key&Signature=IfJFddAw9c7IqqcGsx3H54sm0AM
2026-09-06T09:40:26.403Z [eab33e15-7cbe-452e-8ea6-870811461fb3][fdfbd39c-aa59-4b23-a3ac-5f2ddfb5b1b8] Downloaded 1/4: winai_2026-09-06T09-40-26_01.jpg
2026-09-06T09:40:26.407Z [eab33e15-7cbe-452e-8ea6-870811461fb3][fdfbd39c-aa59-4b23-a3ac-5f2ddfb5b1b8] Item 2: Downloading from URL https://flow-content.google/image/178c43b7-fc05-4a63-ad48-078069623a6c?Expires=1788709167&KeyName=labs-flow-prod-cdn-key&Signature=baOgagZjttiLJA0TBCCIx3Ht-I0
2026-09-06T09:40:26.532Z [eab33e15-7cbe-452e-8ea6-870811461fb3][fdfbd39c-aa59-4b23-a3ac-5f2ddfb5b1b8] Downloaded 2/4: winai_2026-09-06T09-40-26_02.jpg
2026-09-06T09:40:26.535Z [eab33e15-7cbe-452e-8ea6-870811461fb3][fdfbd39c-aa59-4b23-a3ac-5f2ddfb5b1b8] Item 3: Downloading from URL https://flow-content.google/image/301eb3ed-cdd9-4d81-a96c-c29409d202ce?Expires=1788709166&KeyName=labs-flow-prod-cdn-key&Signature=LlDI3KuvIJYoe2Xkwwb79tFvHKM
2026-09-06T09:40:26.650Z [eab33e15-7cbe-452e-8ea6-870811461fb3][fdfbd39c-aa59-4b23-a3ac-5f2ddfb5b1b8] Downloaded 3/4: winai_2026-09-06T09-40-26_03.jpg
2026-09-06T09:40:26.653Z [eab33e15-7cbe-452e-8ea6-870811461fb3][fdfbd39c-aa59-4b23-a3ac-5f2ddfb5b1b8] Item 4: Downloading from URL https://flow-content.google/image/ac6433a2-1ca7-4c93-9b2e-2f1c32e812ac?Expires=1788709166&KeyName=labs-flow-prod-cdn-key&Signature=fUTXo8zco4_IaSFkhRAzJxBU3Ho
2026-09-06T09:40:26.766Z [eab33e15-7cbe-452e-8ea6-870811461fb3][fdfbd39c-aa59-4b23-a3ac-5f2ddfb5b1b8] Downloaded 4/4: winai_2026-09-06T09-40-26_04.jpg
2026-09-06T09:40:26.769Z [eab33e15-7cbe-452e-8ea6-870811461fb3][fdfbd39c-aa59-4b23-a3ac-5f2ddfb5b1b8] ✅ 4 item(s) saved to Downloads/Win AI Toolkit/
2026-09-06T09:40:27.384Z [eab33e15-7cbe-452e-8ea6-870811461fb3][fdfbd39c-aa59-4b23-a3ac-5f2ddfb5b1b8] Item 1: Uploaded → https://studio.xanhmedia.vn/uploads/2026-09/1788687627316_98fb94_fdfbd39c-aa59-4b23-a3ac-5f2ddfb5b1b8_eab.jpg
2026-09-06T09:40:27.425Z [eab33e15-7cbe-452e-8ea6-870811461fb3][fdfbd39c-aa59-4b23-a3ac-5f2ddfb5b1b8] Item 2: Uploaded → https://studio.xanhmedia.vn/uploads/2026-09/1788687627358_887d6d_fdfbd39c-aa59-4b23-a3ac-5f2ddfb5b1b8_eab.jpg
2026-09-06T09:40:27.446Z [eab33e15-7cbe-452e-8ea6-870811461fb3][fdfbd39c-aa59-4b23-a3ac-5f2ddfb5b1b8] Item 3: Uploaded → https://studio.xanhmedia.vn/uploads/2026-09/1788687627375_9c68ce_fdfbd39c-aa59-4b23-a3ac-5f2ddfb5b1b8_eab.jpg
2026-09-06T09:40:27.468Z [eab33e15-7cbe-452e-8ea6-870811461fb3][fdfbd39c-aa59-4b23-a3ac-5f2ddfb5b1b8] Item 4: Uploaded → https://studio.xanhmedia.vn/uploads/2026-09/1788687627395_997e1c_fdfbd39c-aa59-4b23-a3ac-5f2ddfb5b1b8_eab.jpg
2026-09-06T09:40:27.512Z [eab33e15-7cbe-452e-8ea6-870811461fb3][fdfbd39c-aa59-4b23-a3ac-5f2ddfb5b1b8] All done (including any 1080p upgrades). Closing Playwright browser context.
2026-09-06T09:40:27.700Z [9319ba57-d53e-412e-8e40-ec4556b3291f][fdfbd39c-aa59-4b23-a3ac-5f2ddfb5b1b8] Batch size stabilised at 4 new tile(s)
2026-09-06T09:40:27.704Z [9319ba57-d53e-412e-8e40-ec4556b3291f][fdfbd39c-aa59-4b23-a3ac-5f2ddfb5b1b8] Batch detected: 4 item(s). Generating...
2026-09-06T09:40:27.707Z [9319ba57-d53e-412e-8e40-ec4556b3291f][fdfbd39c-aa59-4b23-a3ac-5f2ddfb5b1b8] Polling for 4 image item(s) (baseline=27, hasUpload=true)...
2026-09-06T09:40:27.780Z [9319ba57-d53e-412e-8e40-ec4556b3291f][fdfbd39c-aa59-4b23-a3ac-5f2ddfb5b1b8] Generating... 0 ready, 0 failed / 4 total (0s) image 47% [THAM CHIẾ image 47% [THAM CHIẾ image 47% [THAM CHIẾ image 47% [THAM CHIẾ
2026-09-06T09:40:28.130Z [1ab7ea0f-ba5e-4be1-a8dc-e92161f85aa6][fdfbd39c-aa59-4b23-a3ac-5f2ddfb5b1b8] runGeneration starting: task_id=1ab7ea0f-ba5e-4be1-a8dc-e92161f85aa6, profile_id=fdfbd39c-aa59-4b23-a3ac-5f2ddfb5b1b8, target_site=google_flow
2026-09-06T09:40:28.134Z [1ab7ea0f-ba5e-4be1-a8dc-e92161f85aa6][fdfbd39c-aa59-4b23-a3ac-5f2ddfb5b1b8] Opening Playwright browser with persistent profile cookies...
2026-09-06T09:40:28.136Z [1ab7ea0f-ba5e-4be1-a8dc-e92161f85aa6][fdfbd39c-aa59-4b23-a3ac-5f2ddfb5b1b8] Browser engine: winhide (C:\Users\MienTrungComputer\AppData\Roaming\com.tank.winai\winhide\chrome.exe)
2026-09-06T09:40:28.140Z [1ab7ea0f-ba5e-4be1-a8dc-e92161f85aa6][fdfbd39c-aa59-4b23-a3ac-5f2ddfb5b1b8] Launch mode: STEALTH (raw spawn + connectOverCDP)
2026-09-06T09:40:30.878Z [9319ba57-d53e-412e-8e40-ec4556b3291f][fdfbd39c-aa59-4b23-a3ac-5f2ddfb5b1b8] Generating... 0 ready, 0 failed / 4 total (3s) image 67% [THAM CHIẾ image 67% [THAM CHIẾ image 67% [THAM CHIẾ image 67% [THAM CHIẾ
2026-09-06T09:40:32.009Z [1ab7ea0f-ba5e-4be1-a8dc-e92161f85aa6][fdfbd39c-aa59-4b23-a3ac-5f2ddfb5b1b8] Exit IP: 171.229.14.52
2026-09-06T09:40:32.010Z [1ab7ea0f-ba5e-4be1-a8dc-e92161f85aa6][fdfbd39c-aa59-4b23-a3ac-5f2ddfb5b1b8] Navigating browser to Google Flow tools page...
2026-09-06T09:40:32.013Z [1ab7ea0f-ba5e-4be1-a8dc-e92161f85aa6][fdfbd39c-aa59-4b23-a3ac-5f2ddfb5b1b8] Using existing project URL: https://flow.google.com/project/f4a8359f-f480-4865-9eef-7927ee95f030?hl=en
2026-09-06T09:40:33.814Z [1ab7ea0f-ba5e-4be1-a8dc-e92161f85aa6][fdfbd39c-aa59-4b23-a3ac-5f2ddfb5b1b8] Waiting for Google Flow...
2026-09-06T09:40:33.976Z [9319ba57-d53e-412e-8e40-ec4556b3291f][fdfbd39c-aa59-4b23-a3ac-5f2ddfb5b1b8] Generating... 0 ready, 0 failed / 4 total (6s) image 87% [THAM CHIẾ image 87% [THAM CHIẾ image 88% [THAM CHIẾ image 88% [THAM CHIẾ
2026-09-06T09:40:35.718Z [1ab7ea0f-ba5e-4be1-a8dc-e92161f85aa6][fdfbd39c-aa59-4b23-a3ac-5f2ddfb5b1b8] In existing project ✓
2026-09-06T09:40:37.074Z [9319ba57-d53e-412e-8e40-ec4556b3291f][fdfbd39c-aa59-4b23-a3ac-5f2ddfb5b1b8] Generating... 0 ready, 0 failed / 4 total (9s) image 99% [THAM CHIẾ image 99% [THAM CHIẾ image 99% [THAM CHIẾ image 99% [THAM CHIẾ
2026-09-06T09:40:37.084Z [1ab7ea0f-ba5e-4be1-a8dc-e92161f85aa6][fdfbd39c-aa59-4b23-a3ac-5f2ddfb5b1b8] dismissPopups: unresolved overlay(s) ["IFRAME[presentation]|btns="]
2026-09-06T09:40:40.350Z [9319ba57-d53e-412e-8e40-ec4556b3291f][fdfbd39c-aa59-4b23-a3ac-5f2ddfb5b1b8] Generating... 0 ready, 0 failed / 4 total (13s) image 99% [THAM CHIẾ image 99% [THAM CHIẾ image 99% [THAM CHIẾ image 99% [THAM CHIẾ
2026-09-06T09:40:43.324Z [1ab7ea0f-ba5e-4be1-a8dc-e92161f85aa6][fdfbd39c-aa59-4b23-a3ac-5f2ddfb5b1b8] Composer ready ✓ (UI language: en)
2026-09-06T09:40:43.426Z [9319ba57-d53e-412e-8e40-ec4556b3291f][fdfbd39c-aa59-4b23-a3ac-5f2ddfb5b1b8] Generating... 0 ready, 0 failed / 4 total (16s) image 99% [THAM CHIẾ image 99% [THAM CHIẾ image 99% [THAM CHIẾ image 99% [THAM CHIẾ
2026-09-06T09:40:43.447Z [1ab7ea0f-ba5e-4be1-a8dc-e92161f85aa6][fdfbd39c-aa59-4b23-a3ac-5f2ddfb5b1b8] dismissPopups: clicked "Dismiss credit banner" (overlay)
2026-09-06T09:40:43.999Z [1ab7ea0f-ba5e-4be1-a8dc-e92161f85aa6][fdfbd39c-aa59-4b23-a3ac-5f2ddfb5b1b8] dismissPopups: unresolved overlay(s) ["DIV[]|btns=","DIV[]|btns="]
2026-09-06T09:40:44.061Z [1ab7ea0f-ba5e-4be1-a8dc-e92161f85aa6][fdfbd39c-aa59-4b23-a3ac-5f2ddfb5b1b8] Agent toggle aria-pressed=false
2026-09-06T09:40:44.064Z [1ab7ea0f-ba5e-4be1-a8dc-e92161f85aa6][fdfbd39c-aa59-4b23-a3ac-5f2ddfb5b1b8] Opening settings...
2026-09-06T09:40:46.449Z [9319ba57-d53e-412e-8e40-ec4556b3291f][fdfbd39c-aa59-4b23-a3ac-5f2ddfb5b1b8] Generating... 0 ready, 0 failed / 4 total (19s) image 99% [THAM CHIẾ image 99% [THAM CHIẾ image 99% [THAM CHIẾ image 99% [THAM CHIẾ
2026-09-06T09:40:46.532Z [1ab7ea0f-ba5e-4be1-a8dc-e92161f85aa6][fdfbd39c-aa59-4b23-a3ac-5f2ddfb5b1b8] Configuring image settings...
2026-09-06T09:40:48.179Z [1ab7ea0f-ba5e-4be1-a8dc-e92161f85aa6][fdfbd39c-aa59-4b23-a3ac-5f2ddfb5b1b8] Mode: selected "image Image" ✓
2026-09-06T09:40:49.472Z [9319ba57-d53e-412e-8e40-ec4556b3291f][fdfbd39c-aa59-4b23-a3ac-5f2ddfb5b1b8] Generating... 0 ready, 0 failed / 4 total (22s) image 99% [THAM CHIẾ image 99% [THAM CHIẾ image 99% [THAM CHIẾ image 99% [THAM CHIẾ
2026-09-06T09:40:52.511Z [9319ba57-d53e-412e-8e40-ec4556b3291f][fdfbd39c-aa59-4b23-a3ac-5f2ddfb5b1b8] Generating... 0 ready, 0 failed / 4 total (25s) image 99% [THAM CHIẾ image 99% [THAM CHIẾ image 99% [THAM CHIẾ image 99% [THAM CHIẾ
2026-09-06T09:40:53.178Z [1ab7ea0f-ba5e-4be1-a8dc-e92161f85aa6][fdfbd39c-aa59-4b23-a3ac-5f2ddfb5b1b8] Model: selected "🍌 Nano Banana 2" ✓
2026-09-06T09:40:53.881Z [1ab7ea0f-ba5e-4be1-a8dc-e92161f85aa6][fdfbd39c-aa59-4b23-a3ac-5f2ddfb5b1b8] Aspect ratio: "crop_16_9 16:9" already selected ✓
2026-09-06T09:40:55.529Z [1ab7ea0f-ba5e-4be1-a8dc-e92161f85aa6][fdfbd39c-aa59-4b23-a3ac-5f2ddfb5b1b8] Output count: selected "x4" ✓
2026-09-06T09:40:55.539Z [9319ba57-d53e-412e-8e40-ec4556b3291f][fdfbd39c-aa59-4b23-a3ac-5f2ddfb5b1b8] Generating... 0 ready, 0 failed / 4 total (28s) image 99% [THAM CHIẾ image 99% [THAM CHIẾ image 99% [THAM CHIẾ image 99% [THAM CHIẾ
2026-09-06T09:40:56.506Z [1ab7ea0f-ba5e-4be1-a8dc-e92161f85aa6][fdfbd39c-aa59-4b23-a3ac-5f2ddfb5b1b8] Ref image 1/5: downloading from URL...
2026-09-06T09:40:57.116Z [1ab7ea0f-ba5e-4be1-a8dc-e92161f85aa6][fdfbd39c-aa59-4b23-a3ac-5f2ddfb5b1b8] Downloader: no-proxy request context ready.
2026-09-06T09:40:57.759Z [1ab7ea0f-ba5e-4be1-a8dc-e92161f85aa6][fdfbd39c-aa59-4b23-a3ac-5f2ddfb5b1b8] Ref image 1/5: saved 559623 bytes (image/jpeg) as "Fake Driver Driver Disguise State.jpeg"
2026-09-06T09:40:57.769Z [1ab7ea0f-ba5e-4be1-a8dc-e92161f85aa6][fdfbd39c-aa59-4b23-a3ac-5f2ddfb5b1b8] Ref image 1/5: attaching reference image...
2026-09-06T09:40:58.576Z [9319ba57-d53e-412e-8e40-ec4556b3291f][fdfbd39c-aa59-4b23-a3ac-5f2ddfb5b1b8] Generating... 0 ready, 0 failed / 4 total (31s) image 99% [THAM CHIẾ image 99% [THAM CHIẾ image 99% [THAM CHIẾ image 99% [THAM CHIẾ
2026-09-06T09:41:00.713Z [1ab7ea0f-ba5e-4be1-a8dc-e92161f85aa6][fdfbd39c-aa59-4b23-a3ac-5f2ddfb5b1b8] Ref image 1/5: reusing library asset "Fake Driver Driver Disguise State.jpeg" (no re-upload).
2026-09-06T09:41:01.612Z [9319ba57-d53e-412e-8e40-ec4556b3291f][fdfbd39c-aa59-4b23-a3ac-5f2ddfb5b1b8] Generating... 0 ready, 0 failed / 4 total (34s) image 99% [THAM CHIẾ image 99% [THAM CHIẾ image 99% [THAM CHIẾ image 99% [THAM CHIẾ
2026-09-06T09:41:04.632Z [9319ba57-d53e-412e-8e40-ec4556b3291f][fdfbd39c-aa59-4b23-a3ac-5f2ddfb5b1b8] Generating... 0 ready, 0 failed / 4 total (37s) image 99% [THAM CHIẾ image 99% [THAM CHIẾ [THAM CHIẾU]Arlo Sch image 99% [THAM CHIẾ
2026-09-06T09:41:04.852Z [1ab7ea0f-ba5e-4be1-a8dc-e92161f85aa6][fdfbd39c-aa59-4b23-a3ac-5f2ddfb5b1b8] Ref image 1/5: chips 0→1 ✓
2026-09-06T09:41:06.073Z [1ab7ea0f-ba5e-4be1-a8dc-e92161f85aa6][fdfbd39c-aa59-4b23-a3ac-5f2ddfb5b1b8] Ref image 2/5: downloading from URL...
2026-09-06T09:41:06.459Z [1ab7ea0f-ba5e-4be1-a8dc-e92161f85aa6][fdfbd39c-aa59-4b23-a3ac-5f2ddfb5b1b8] Ref image 2/5: saved 527475 bytes (image/jpeg) as "Arlo School Day.jpeg"
2026-09-06T09:41:06.462Z [1ab7ea0f-ba5e-4be1-a8dc-e92161f85aa6][fdfbd39c-aa59-4b23-a3ac-5f2ddfb5b1b8] Ref image 2/5: attaching reference image...
2026-09-06T09:41:07.678Z [9319ba57-d53e-412e-8e40-ec4556b3291f][fdfbd39c-aa59-4b23-a3ac-5f2ddfb5b1b8] Generating... 1 ready, 0 failed / 4 total (40s) [THAM CHIẾU]Arlo Sch image 99% [THAM CHIẾ image 99% [THAM CHIẾ
2026-09-06T09:41:09.083Z [1ab7ea0f-ba5e-4be1-a8dc-e92161f85aa6][fdfbd39c-aa59-4b23-a3ac-5f2ddfb5b1b8] Ref image 2/5: reusing library asset "Arlo School Day.jpeg" (no re-upload).
2026-09-06T09:41:10.714Z [9319ba57-d53e-412e-8e40-ec4556b3291f][fdfbd39c-aa59-4b23-a3ac-5f2ddfb5b1b8] Generating... 2 ready, 0 failed / 4 total (43s) image 99% [THAM CHIẾ image 99% [THAM CHIẾ
2026-09-06T09:41:12.964Z [1ab7ea0f-ba5e-4be1-a8dc-e92161f85aa6][fdfbd39c-aa59-4b23-a3ac-5f2ddfb5b1b8] Ref image 2/5: chips 1→2 ✓
2026-09-06T09:41:13.747Z [9319ba57-d53e-412e-8e40-ec4556b3291f][fdfbd39c-aa59-4b23-a3ac-5f2ddfb5b1b8] Generating... 2 ready, 0 failed / 4 total (46s) image 99% [THAM CHIẾ image 99% [THAM CHIẾ
2026-09-06T09:41:14.157Z [1ab7ea0f-ba5e-4be1-a8dc-e92161f85aa6][fdfbd39c-aa59-4b23-a3ac-5f2ddfb5b1b8] Ref image 3/5: downloading from URL...
2026-09-06T09:41:14.533Z [1ab7ea0f-ba5e-4be1-a8dc-e92161f85aa6][fdfbd39c-aa59-4b23-a3ac-5f2ddfb5b1b8] Ref image 3/5: saved 643624 bytes (image/jpeg) as "Nessa School Day.jpeg"
2026-09-06T09:41:14.557Z [1ab7ea0f-ba5e-4be1-a8dc-e92161f85aa6][fdfbd39c-aa59-4b23-a3ac-5f2ddfb5b1b8] Ref image 3/5: attaching reference image...
2026-09-06T09:41:16.775Z [9319ba57-d53e-412e-8e40-ec4556b3291f][fdfbd39c-aa59-4b23-a3ac-5f2ddfb5b1b8] Generating... 2 ready, 0 failed / 4 total (49s) [THAM CHIẾU]Arlo Sch image 99% [THAM CHIẾ
2026-09-06T09:41:17.293Z [1ab7ea0f-ba5e-4be1-a8dc-e92161f85aa6][fdfbd39c-aa59-4b23-a3ac-5f2ddfb5b1b8] Ref image 3/5: reusing library asset "Nessa School Day.jpeg" (no re-upload).
2026-09-06T09:41:19.818Z [9319ba57-d53e-412e-8e40-ec4556b3291f][fdfbd39c-aa59-4b23-a3ac-5f2ddfb5b1b8] Generating... 3 ready, 0 failed / 4 total (52s) [THAM CHIẾU]Arlo Sch
2026-09-06T09:41:21.013Z [1ab7ea0f-ba5e-4be1-a8dc-e92161f85aa6][fdfbd39c-aa59-4b23-a3ac-5f2ddfb5b1b8] Ref image 3/5: chips 2→3 ✓
2026-09-06T09:41:22.144Z [1ab7ea0f-ba5e-4be1-a8dc-e92161f85aa6][fdfbd39c-aa59-4b23-a3ac-5f2ddfb5b1b8] Ref image 4/5: downloading from URL...
2026-09-06T09:41:22.509Z [1ab7ea0f-ba5e-4be1-a8dc-e92161f85aa6][fdfbd39c-aa59-4b23-a3ac-5f2ddfb5b1b8] Ref image 4/5: saved 509101 bytes (image/jpeg) as "Chili School Day.jpeg"
2026-09-06T09:41:22.512Z [1ab7ea0f-ba5e-4be1-a8dc-e92161f85aa6][fdfbd39c-aa59-4b23-a3ac-5f2ddfb5b1b8] Ref image 4/5: attaching reference image...
2026-09-06T09:41:22.845Z [9319ba57-d53e-412e-8e40-ec4556b3291f][fdfbd39c-aa59-4b23-a3ac-5f2ddfb5b1b8] Generating... 4 ready, 0 failed / 4 total (55s)
2026-09-06T09:41:22.845Z [9319ba57-d53e-412e-8e40-ec4556b3291f][fdfbd39c-aa59-4b23-a3ac-5f2ddfb5b1b8] Batch done: 4 ready (target 4), 0 failed, scanned 4.
2026-09-06T09:41:22.847Z [9319ba57-d53e-412e-8e40-ec4556b3291f][fdfbd39c-aa59-4b23-a3ac-5f2ddfb5b1b8] 4 item(s) ready! Downloading...
2026-09-06T09:41:22.851Z [9319ba57-d53e-412e-8e40-ec4556b3291f][fdfbd39c-aa59-4b23-a3ac-5f2ddfb5b1b8] Item 1: Downloading from URL https://flow-content.google/image/1c053360-3536-4f84-af69-abbf7bd78ac7?Expires=1788709224&KeyName=labs-flow-prod-cdn-key&Signature=RPYRO9EAx4-Syfs10P82Oda4ayc
2026-09-06T09:41:23.152Z [9319ba57-d53e-412e-8e40-ec4556b3291f][fdfbd39c-aa59-4b23-a3ac-5f2ddfb5b1b8] Downloaded 1/4: winai_2026-09-06T09-41-22_01.jpg
2026-09-06T09:41:23.157Z [9319ba57-d53e-412e-8e40-ec4556b3291f][fdfbd39c-aa59-4b23-a3ac-5f2ddfb5b1b8] Item 2: Downloading from URL https://flow-content.google/image/81775282-4165-4b6a-9eca-6263d56fef70?Expires=1788709224&KeyName=labs-flow-prod-cdn-key&Signature=KsUa6-Ow76uPBM-orokHt2p22x4
2026-09-06T09:41:23.271Z [9319ba57-d53e-412e-8e40-ec4556b3291f][fdfbd39c-aa59-4b23-a3ac-5f2ddfb5b1b8] Downloaded 2/4: winai_2026-09-06T09-41-22_02.jpg
2026-09-06T09:41:23.273Z [9319ba57-d53e-412e-8e40-ec4556b3291f][fdfbd39c-aa59-4b23-a3ac-5f2ddfb5b1b8] Item 3: Downloading from URL https://flow-content.google/image/15236b9b-8541-4cca-98d9-8df0da7863fd?Expires=1788709223&KeyName=labs-flow-prod-cdn-key&Signature=l4S8rgRpvjtLx-KEsOgh3ASloTQ
2026-09-06T09:41:23.377Z [9319ba57-d53e-412e-8e40-ec4556b3291f][fdfbd39c-aa59-4b23-a3ac-5f2ddfb5b1b8] Downloaded 3/4: winai_2026-09-06T09-41-22_03.jpg
2026-09-06T09:41:23.379Z [9319ba57-d53e-412e-8e40-ec4556b3291f][fdfbd39c-aa59-4b23-a3ac-5f2ddfb5b1b8] Item 4: Downloading from URL https://flow-content.google/image/3a7ff091-fad3-4c7c-8137-edd046eae2d3?Expires=1788709222&KeyName=labs-flow-prod-cdn-key&Signature=oM72T36YpoISnStvCwOXCHa3hfw
2026-09-06T09:41:23.488Z [9319ba57-d53e-412e-8e40-ec4556b3291f][fdfbd39c-aa59-4b23-a3ac-5f2ddfb5b1b8] Downloaded 4/4: winai_2026-09-06T09-41-22_04.jpg
2026-09-06T09:41:23.489Z [9319ba57-d53e-412e-8e40-ec4556b3291f][fdfbd39c-aa59-4b23-a3ac-5f2ddfb5b1b8] ✅ 4 item(s) saved to Downloads/Win AI Toolkit/
2026-09-06T09:41:24.105Z [9319ba57-d53e-412e-8e40-ec4556b3291f][fdfbd39c-aa59-4b23-a3ac-5f2ddfb5b1b8] Item 2: Uploaded → https://studio.xanhmedia.vn/uploads/2026-09/1788687684038_b661f8_fdfbd39c-aa59-4b23-a3ac-5f2ddfb5b1b8_931.jpg
2026-09-06T09:41:24.129Z [9319ba57-d53e-412e-8e40-ec4556b3291f][fdfbd39c-aa59-4b23-a3ac-5f2ddfb5b1b8] Item 1: Uploaded → https://studio.xanhmedia.vn/uploads/2026-09/1788687684066_849a36_fdfbd39c-aa59-4b23-a3ac-5f2ddfb5b1b8_931.jpg
2026-09-06T09:41:24.159Z [9319ba57-d53e-412e-8e40-ec4556b3291f][fdfbd39c-aa59-4b23-a3ac-5f2ddfb5b1b8] Item 3: Uploaded → https://studio.xanhmedia.vn/uploads/2026-09/1788687684096_d9d11c_fdfbd39c-aa59-4b23-a3ac-5f2ddfb5b1b8_931.jpg
2026-09-06T09:41:24.205Z [9319ba57-d53e-412e-8e40-ec4556b3291f][fdfbd39c-aa59-4b23-a3ac-5f2ddfb5b1b8] Item 4: Uploaded → https://studio.xanhmedia.vn/uploads/2026-09/1788687684132_9b1ff7_fdfbd39c-aa59-4b23-a3ac-5f2ddfb5b1b8_931.jpg
2026-09-06T09:41:24.231Z [9319ba57-d53e-412e-8e40-ec4556b3291f][fdfbd39c-aa59-4b23-a3ac-5f2ddfb5b1b8] All done (including any 1080p upgrades). Closing Playwright browser context.
2026-09-06T09:41:24.510Z [1ab7ea0f-ba5e-4be1-a8dc-e92161f85aa6][fdfbd39c-aa59-4b23-a3ac-5f2ddfb5b1b8] Ref image 4/5: reusing library asset "Chili School Day.jpeg" (no re-upload).
2026-09-06T09:41:24.950Z [2ac9999a-649c-435c-ba4c-636a842f9879][fdfbd39c-aa59-4b23-a3ac-5f2ddfb5b1b8] runGeneration starting: task_id=2ac9999a-649c-435c-ba4c-636a842f9879, profile_id=fdfbd39c-aa59-4b23-a3ac-5f2ddfb5b1b8, target_site=google_flow
2026-09-06T09:41:24.952Z [2ac9999a-649c-435c-ba4c-636a842f9879][fdfbd39c-aa59-4b23-a3ac-5f2ddfb5b1b8] Opening Playwright browser with persistent profile cookies...
2026-09-06T09:41:24.952Z [2ac9999a-649c-435c-ba4c-636a842f9879][fdfbd39c-aa59-4b23-a3ac-5f2ddfb5b1b8] Browser engine: winhide (C:\Users\MienTrungComputer\AppData\Roaming\com.tank.winai\winhide\chrome.exe)
2026-09-06T09:41:24.955Z [2ac9999a-649c-435c-ba4c-636a842f9879][fdfbd39c-aa59-4b23-a3ac-5f2ddfb5b1b8] Launch mode: STEALTH (raw spawn + connectOverCDP)
2026-09-06T09:41:27.352Z [2ac9999a-649c-435c-ba4c-636a842f9879][fdfbd39c-aa59-4b23-a3ac-5f2ddfb5b1b8] Exit IP: 171.229.14.52
2026-09-06T09:41:27.355Z [2ac9999a-649c-435c-ba4c-636a842f9879][fdfbd39c-aa59-4b23-a3ac-5f2ddfb5b1b8] Navigating browser to Google Flow tools page...
2026-09-06T09:41:27.356Z [2ac9999a-649c-435c-ba4c-636a842f9879][fdfbd39c-aa59-4b23-a3ac-5f2ddfb5b1b8] Using existing project URL: https://flow.google.com/project/390215dc-290f-4b92-a7f0-dd2b6651acfb?hl=en
2026-09-06T09:41:28.050Z [1ab7ea0f-ba5e-4be1-a8dc-e92161f85aa6][fdfbd39c-aa59-4b23-a3ac-5f2ddfb5b1b8] Ref image 4/5: chips 3→4 ✓
2026-09-06T09:41:28.608Z [2ac9999a-649c-435c-ba4c-636a842f9879][fdfbd39c-aa59-4b23-a3ac-5f2ddfb5b1b8] Waiting for Google Flow...
2026-09-06T09:41:29.160Z [1ab7ea0f-ba5e-4be1-a8dc-e92161f85aa6][fdfbd39c-aa59-4b23-a3ac-5f2ddfb5b1b8] Ref image 5/5: downloading from URL...
2026-09-06T09:41:29.551Z [1ab7ea0f-ba5e-4be1-a8dc-e92161f85aa6][fdfbd39c-aa59-4b23-a3ac-5f2ddfb5b1b8] Ref image 5/5: saved 771798 bytes (image/jpeg) as "Verdant School Bus Exterior Master.jpeg"
2026-09-06T09:41:29.572Z [1ab7ea0f-ba5e-4be1-a8dc-e92161f85aa6][fdfbd39c-aa59-4b23-a3ac-5f2ddfb5b1b8] Ref image 5/5: attaching reference image...
2026-09-06T09:41:30.428Z [2ac9999a-649c-435c-ba4c-636a842f9879][fdfbd39c-aa59-4b23-a3ac-5f2ddfb5b1b8] In existing project ✓
2026-09-06T09:41:31.703Z [2ac9999a-649c-435c-ba4c-636a842f9879][fdfbd39c-aa59-4b23-a3ac-5f2ddfb5b1b8] dismissPopups: unresolved overlay(s) ["IFRAME[presentation]|btns="]
2026-09-06T09:41:32.435Z [1ab7ea0f-ba5e-4be1-a8dc-e92161f85aa6][fdfbd39c-aa59-4b23-a3ac-5f2ddfb5b1b8] Ref image 5/5: "Verdant School Bus Exterior Master.jpeg" not in the library yet — uploading it first.
2026-09-06T09:41:35.103Z [2ac9999a-649c-435c-ba4c-636a842f9879][fdfbd39c-aa59-4b23-a3ac-5f2ddfb5b1b8] Composer ready ✓ (UI language: en)
2026-09-06T09:41:35.176Z [2ac9999a-649c-435c-ba4c-636a842f9879][fdfbd39c-aa59-4b23-a3ac-5f2ddfb5b1b8] dismissPopups: clicked "Dismiss credit banner" (overlay)
2026-09-06T09:41:35.698Z [2ac9999a-649c-435c-ba4c-636a842f9879][fdfbd39c-aa59-4b23-a3ac-5f2ddfb5b1b8] dismissPopups: unresolved overlay(s) ["DIV[]|btns=","DIV[]|btns="]
2026-09-06T09:41:35.726Z [2ac9999a-649c-435c-ba4c-636a842f9879][fdfbd39c-aa59-4b23-a3ac-5f2ddfb5b1b8] Agent toggle aria-pressed=false
2026-09-06T09:41:35.728Z [2ac9999a-649c-435c-ba4c-636a842f9879][fdfbd39c-aa59-4b23-a3ac-5f2ddfb5b1b8] Opening settings...
2026-09-06T09:41:37.241Z [1ab7ea0f-ba5e-4be1-a8dc-e92161f85aa6][fdfbd39c-aa59-4b23-a3ac-5f2ddfb5b1b8] Ref image 5/5: uploading "Verdant School Bus Exterior Master.jpeg" to the project library...
2026-09-06T09:41:38.071Z [2ac9999a-649c-435c-ba4c-636a842f9879][fdfbd39c-aa59-4b23-a3ac-5f2ddfb5b1b8] Configuring image settings...
2026-09-06T09:41:38.206Z [1ab7ea0f-ba5e-4be1-a8dc-e92161f85aa6][fdfbd39c-aa59-4b23-a3ac-5f2ddfb5b1b8] Ref image 5/5: upload finished ✓
2026-09-06T09:41:39.806Z [2ac9999a-649c-435c-ba4c-636a842f9879][fdfbd39c-aa59-4b23-a3ac-5f2ddfb5b1b8] Mode: selected "image Image" ✓
2026-09-06T09:41:44.903Z [2ac9999a-649c-435c-ba4c-636a842f9879][fdfbd39c-aa59-4b23-a3ac-5f2ddfb5b1b8] Model: selected "🍌 Nano Banana 2" ✓
2026-09-06T09:41:45.673Z [2ac9999a-649c-435c-ba4c-636a842f9879][fdfbd39c-aa59-4b23-a3ac-5f2ddfb5b1b8] Aspect ratio: "crop_16_9 16:9" already selected ✓
2026-09-06T09:41:47.345Z [2ac9999a-649c-435c-ba4c-636a842f9879][fdfbd39c-aa59-4b23-a3ac-5f2ddfb5b1b8] Output count: selected "x4" ✓
2026-09-06T09:41:48.373Z [2ac9999a-649c-435c-ba4c-636a842f9879][fdfbd39c-aa59-4b23-a3ac-5f2ddfb5b1b8] Ref image 1/5: downloading from URL...
2026-09-06T09:41:49.081Z [2ac9999a-649c-435c-ba4c-636a842f9879][fdfbd39c-aa59-4b23-a3ac-5f2ddfb5b1b8] Downloader: no-proxy request context ready.
2026-09-06T09:41:49.517Z [1ab7ea0f-ba5e-4be1-a8dc-e92161f85aa6][fdfbd39c-aa59-4b23-a3ac-5f2ddfb5b1b8] Ref image 5/5: chips 4→5 ✓
2026-09-06T09:41:49.566Z [1ab7ea0f-ba5e-4be1-a8dc-e92161f85aa6][fdfbd39c-aa59-4b23-a3ac-5f2ddfb5b1b8] Entering prompt...
2026-09-06T09:41:49.718Z [2ac9999a-649c-435c-ba4c-636a842f9879][fdfbd39c-aa59-4b23-a3ac-5f2ddfb5b1b8] Ref image 1/5: saved 509101 bytes (image/jpeg) as "Chili School Day.jpeg"
2026-09-06T09:41:49.742Z [2ac9999a-649c-435c-ba4c-636a842f9879][fdfbd39c-aa59-4b23-a3ac-5f2ddfb5b1b8] Ref image 1/5: attaching reference image...
2026-09-06T09:41:51.451Z [1ab7ea0f-ba5e-4be1-a8dc-e92161f85aa6][fdfbd39c-aa59-4b23-a3ac-5f2ddfb5b1b8] Prompt is 1610 chars — typing it in 26 chunk(s).
2026-09-06T09:41:52.555Z [2ac9999a-649c-435c-ba4c-636a842f9879][fdfbd39c-aa59-4b23-a3ac-5f2ddfb5b1b8] Ref image 1/5: reusing library asset "Chili School Day.jpeg" (no re-upload).
2026-09-06T09:41:56.785Z [2ac9999a-649c-435c-ba4c-636a842f9879][fdfbd39c-aa59-4b23-a3ac-5f2ddfb5b1b8] Ref image 1/5: chips 0→1 ✓
2026-09-06T09:41:58.527Z [2ac9999a-649c-435c-ba4c-636a842f9879][fdfbd39c-aa59-4b23-a3ac-5f2ddfb5b1b8] Ref image 2/5: downloading from URL...
2026-09-06T09:41:58.905Z [2ac9999a-649c-435c-ba4c-636a842f9879][fdfbd39c-aa59-4b23-a3ac-5f2ddfb5b1b8] Ref image 2/5: saved 559623 bytes (image/jpeg) as "Fake Driver Driver Disguise State.jpeg"
2026-09-06T09:41:58.914Z [2ac9999a-649c-435c-ba4c-636a842f9879][fdfbd39c-aa59-4b23-a3ac-5f2ddfb5b1b8] Ref image 2/5: attaching reference image...
2026-09-06T09:42:01.192Z [2ac9999a-649c-435c-ba4c-636a842f9879][fdfbd39c-aa59-4b23-a3ac-5f2ddfb5b1b8] Ref image 2/5: reusing library asset "Fake Driver Driver Disguise State.jpeg" (no re-upload).
2026-09-06T09:42:03.260Z [1ab7ea0f-ba5e-4be1-a8dc-e92161f85aa6][fdfbd39c-aa59-4b23-a3ac-5f2ddfb5b1b8] Prompt insert attempt 1: editor has 1590 chars (want ~1602) ✓
2026-09-06T09:42:04.431Z [2ac9999a-649c-435c-ba4c-636a842f9879][fdfbd39c-aa59-4b23-a3ac-5f2ddfb5b1b8] Ref image 2/5: chips 1→2 ✓
2026-09-06T09:42:05.000Z [1ab7ea0f-ba5e-4be1-a8dc-e92161f85aa6][fdfbd39c-aa59-4b23-a3ac-5f2ddfb5b1b8] Baseline: 27 pre-existing media tile(s) of 27 mounted (kinds: image,image,image,image,image,image,image,image,image,image,image,image,image,image,image,image,image,image,image,image,image,image,image,image,image,image,image).
2026-09-06T09:42:05.728Z [2ac9999a-649c-435c-ba4c-636a842f9879][fdfbd39c-aa59-4b23-a3ac-5f2ddfb5b1b8] Ref image 3/5: downloading from URL...
2026-09-06T09:42:06.099Z [2ac9999a-649c-435c-ba4c-636a842f9879][fdfbd39c-aa59-4b23-a3ac-5f2ddfb5b1b8] Ref image 3/5: saved 527475 bytes (image/jpeg) as "Arlo School Day.jpeg"
2026-09-06T09:42:06.105Z [2ac9999a-649c-435c-ba4c-636a842f9879][fdfbd39c-aa59-4b23-a3ac-5f2ddfb5b1b8] Ref image 3/5: attaching reference image...
2026-09-06T09:42:07.176Z [1ab7ea0f-ba5e-4be1-a8dc-e92161f85aa6][fdfbd39c-aa59-4b23-a3ac-5f2ddfb5b1b8] [submit] confirmed (editor "What do you want to ", fresh tile=true).
2026-09-06T09:42:07.629Z [1ab7ea0f-ba5e-4be1-a8dc-e92161f85aa6][fdfbd39c-aa59-4b23-a3ac-5f2ddfb5b1b8] Current Workspace project URL: https://flow.google.com/project/f4a8359f-f480-4865-9eef-7927ee95f030?hl=en
2026-09-06T09:42:07.631Z [1ab7ea0f-ba5e-4be1-a8dc-e92161f85aa6][fdfbd39c-aa59-4b23-a3ac-5f2ddfb5b1b8] Submitted ✓ Detecting batch size...
2026-09-06T09:42:07.775Z [1ab7ea0f-ba5e-4be1-a8dc-e92161f85aa6][fdfbd39c-aa59-4b23-a3ac-5f2ddfb5b1b8] New tile(s) since submit: 0 → 4 (mounted=27)
2026-09-06T09:42:08.572Z [2ac9999a-649c-435c-ba4c-636a842f9879][fdfbd39c-aa59-4b23-a3ac-5f2ddfb5b1b8] Ref image 3/5: reusing library asset "Arlo School Day.jpeg" (no re-upload).
2026-09-06T09:42:12.077Z [2ac9999a-649c-435c-ba4c-636a842f9879][fdfbd39c-aa59-4b23-a3ac-5f2ddfb5b1b8] Ref image 3/5: chips 2→3 ✓
2026-09-06T09:42:12.132Z [1ab7ea0f-ba5e-4be1-a8dc-e92161f85aa6][fdfbd39c-aa59-4b23-a3ac-5f2ddfb5b1b8] Batch size stabilised at 4 new tile(s)
2026-09-06T09:42:12.133Z [1ab7ea0f-ba5e-4be1-a8dc-e92161f85aa6][fdfbd39c-aa59-4b23-a3ac-5f2ddfb5b1b8] Batch detected: 4 item(s). Generating...
2026-09-06T09:42:12.136Z [1ab7ea0f-ba5e-4be1-a8dc-e92161f85aa6][fdfbd39c-aa59-4b23-a3ac-5f2ddfb5b1b8] Polling for 4 image item(s) (baseline=27, hasUpload=true)...
2026-09-06T09:42:12.167Z [1ab7ea0f-ba5e-4be1-a8dc-e92161f85aa6][fdfbd39c-aa59-4b23-a3ac-5f2ddfb5b1b8] Generating... 0 ready, 0 failed / 4 total (0s) image 35% [THAM CHIẾ image 35% [THAM CHIẾ image 35% [THAM CHIẾ image 35% [THAM CHIẾ
2026-09-06T09:42:13.718Z [2ac9999a-649c-435c-ba4c-636a842f9879][fdfbd39c-aa59-4b23-a3ac-5f2ddfb5b1b8] Ref image 4/5: downloading from URL...
2026-09-06T09:42:14.100Z [2ac9999a-649c-435c-ba4c-636a842f9879][fdfbd39c-aa59-4b23-a3ac-5f2ddfb5b1b8] Ref image 4/5: saved 643624 bytes (image/jpeg) as "Nessa School Day.jpeg"
2026-09-06T09:42:14.140Z [2ac9999a-649c-435c-ba4c-636a842f9879][fdfbd39c-aa59-4b23-a3ac-5f2ddfb5b1b8] Ref image 4/5: attaching reference image...
2026-09-06T09:42:15.198Z [1ab7ea0f-ba5e-4be1-a8dc-e92161f85aa6][fdfbd39c-aa59-4b23-a3ac-5f2ddfb5b1b8] Generating... 0 ready, 0 failed / 4 total (3s) image 55% [THAM CHIẾ image 55% [THAM CHIẾ image 56% [THAM CHIẾ image 56% [THAM CHIẾ
2026-09-06T09:42:16.658Z [2ac9999a-649c-435c-ba4c-636a842f9879][fdfbd39c-aa59-4b23-a3ac-5f2ddfb5b1b8] Ref image 4/5: reusing library asset "Nessa School Day.jpeg" (no re-upload).
2026-09-06T09:42:18.223Z [1ab7ea0f-ba5e-4be1-a8dc-e92161f85aa6][fdfbd39c-aa59-4b23-a3ac-5f2ddfb5b1b8] Generating... 0 ready, 0 failed / 4 total (6s) image 76% [THAM CHIẾ image 76% [THAM CHIẾ image 76% [THAM CHIẾ image 76% [THAM CHIẾ
2026-09-06T09:42:20.530Z [2ac9999a-649c-435c-ba4c-636a842f9879][fdfbd39c-aa59-4b23-a3ac-5f2ddfb5b1b8] Ref image 4/5: chips 3→4 ✓
2026-09-06T09:42:21.250Z [1ab7ea0f-ba5e-4be1-a8dc-e92161f85aa6][fdfbd39c-aa59-4b23-a3ac-5f2ddfb5b1b8] Generating... 0 ready, 0 failed / 4 total (9s) image 96% [THAM CHIẾ image 96% [THAM CHIẾ image 96% [THAM CHIẾ image 96% [THAM CHIẾ
2026-09-06T09:42:22.351Z [2ac9999a-649c-435c-ba4c-636a842f9879][fdfbd39c-aa59-4b23-a3ac-5f2ddfb5b1b8] Ref image 5/5: downloading from URL...
2026-09-06T09:42:22.741Z [2ac9999a-649c-435c-ba4c-636a842f9879][fdfbd39c-aa59-4b23-a3ac-5f2ddfb5b1b8] Ref image 5/5: saved 703417 bytes (image/jpeg) as "Verdant School Bus Interior Master.jpeg"
2026-09-06T09:42:22.749Z [2ac9999a-649c-435c-ba4c-636a842f9879][fdfbd39c-aa59-4b23-a3ac-5f2ddfb5b1b8] Ref image 5/5: attaching reference image...
2026-09-06T09:42:24.272Z [1ab7ea0f-ba5e-4be1-a8dc-e92161f85aa6][fdfbd39c-aa59-4b23-a3ac-5f2ddfb5b1b8] Generating... 0 ready, 0 failed / 4 total (12s) image 99% [THAM CHIẾ image 99% [THAM CHIẾ image 99% [THAM CHIẾ image 99% [THAM CHIẾ
2026-09-06T09:42:25.074Z [2ac9999a-649c-435c-ba4c-636a842f9879][fdfbd39c-aa59-4b23-a3ac-5f2ddfb5b1b8] Ref image 5/5: reusing library asset "Verdant School Bus Interior Master.jpeg" (no re-upload).
2026-09-06T09:42:27.298Z [1ab7ea0f-ba5e-4be1-a8dc-e92161f85aa6][fdfbd39c-aa59-4b23-a3ac-5f2ddfb5b1b8] Generating... 0 ready, 0 failed / 4 total (15s) image 99% [THAM CHIẾ image 99% [THAM CHIẾ image 99% [THAM CHIẾ image 99% [THAM CHIẾ
2026-09-06T09:42:28.763Z [2ac9999a-649c-435c-ba4c-636a842f9879][fdfbd39c-aa59-4b23-a3ac-5f2ddfb5b1b8] Ref image 5/5: chips 4→5 ✓
2026-09-06T09:42:28.784Z [2ac9999a-649c-435c-ba4c-636a842f9879][fdfbd39c-aa59-4b23-a3ac-5f2ddfb5b1b8] Entering prompt...
2026-09-06T09:42:30.345Z [1ab7ea0f-ba5e-4be1-a8dc-e92161f85aa6][fdfbd39c-aa59-4b23-a3ac-5f2ddfb5b1b8] Generating... 0 ready, 0 failed / 4 total (18s) image 99% [THAM CHIẾ image 99% [THAM CHIẾ image 99% [THAM CHIẾ image 99% [THAM CHIẾ
2026-09-06T09:42:30.795Z [2ac9999a-649c-435c-ba4c-636a842f9879][fdfbd39c-aa59-4b23-a3ac-5f2ddfb5b1b8] Prompt is 1659 chars — typing it in 25 chunk(s).
2026-09-06T09:42:33.364Z [1ab7ea0f-ba5e-4be1-a8dc-e92161f85aa6][fdfbd39c-aa59-4b23-a3ac-5f2ddfb5b1b8] Generating... 0 ready, 0 failed / 4 total (21s) image 99% [THAM CHIẾ image 99% [THAM CHIẾ image 99% [THAM CHIẾ image 99% [THAM CHIẾ
2026-09-06T09:42:36.382Z [1ab7ea0f-ba5e-4be1-a8dc-e92161f85aa6][fdfbd39c-aa59-4b23-a3ac-5f2ddfb5b1b8] Generating... 0 ready, 0 failed / 4 total (24s) image 99% [THAM CHIẾ image 99% [THAM CHIẾ image 99% [THAM CHIẾ image 99% [THAM CHIẾ
2026-09-06T09:42:39.414Z [1ab7ea0f-ba5e-4be1-a8dc-e92161f85aa6][fdfbd39c-aa59-4b23-a3ac-5f2ddfb5b1b8] Generating... 0 ready, 0 failed / 4 total (27s) image 99% [THAM CHIẾ image 99% [THAM CHIẾ image 99% [THAM CHIẾ image 99% [THAM CHIẾ
2026-09-06T09:42:42.436Z [1ab7ea0f-ba5e-4be1-a8dc-e92161f85aa6][fdfbd39c-aa59-4b23-a3ac-5f2ddfb5b1b8] Generating... 0 ready, 0 failed / 4 total (30s) image 99% [THAM CHIẾ image 99% [THAM CHIẾ image 99% [THAM CHIẾ image 99% [THAM CHIẾ
2026-09-06T09:42:43.212Z [2ac9999a-649c-435c-ba4c-636a842f9879][fdfbd39c-aa59-4b23-a3ac-5f2ddfb5b1b8] Prompt insert attempt 1: editor has 1617 chars (want ~1651) ✓
2026-09-06T09:42:45.382Z [2ac9999a-649c-435c-ba4c-636a842f9879][fdfbd39c-aa59-4b23-a3ac-5f2ddfb5b1b8] Baseline: 27 pre-existing media tile(s) of 27 mounted (kinds: image,image,image,image,image,image,image,image,image,image,image,image,image,image,image,image,image,image,image,image,image,image,image,image,image,image,image).
2026-09-06T09:42:45.464Z [1ab7ea0f-ba5e-4be1-a8dc-e92161f85aa6][fdfbd39c-aa59-4b23-a3ac-5f2ddfb5b1b8] Generating... 0 ready, 0 failed / 4 total (33s) image 99% [THAM CHIẾ image 99% [THAM CHIẾ image 99% [THAM CHIẾ image 99% [THAM CHIẾ
2026-09-06T09:42:48.548Z [1ab7ea0f-ba5e-4be1-a8dc-e92161f85aa6][fdfbd39c-aa59-4b23-a3ac-5f2ddfb5b1b8] Generating... 0 ready, 0 failed / 4 total (36s) [THAM CHIẾU]Fake Dri image 99% [THAM CHIẾ [THAM CHIẾU]Fake Dri image 99% [THAM CHIẾ
2026-09-06T09:42:49.349Z [2ac9999a-649c-435c-ba4c-636a842f9879][fdfbd39c-aa59-4b23-a3ac-5f2ddfb5b1b8] [submit] confirmed (editor "What do you want to ", fresh tile=true).
2026-09-06T09:42:49.940Z [2ac9999a-649c-435c-ba4c-636a842f9879][fdfbd39c-aa59-4b23-a3ac-5f2ddfb5b1b8] Current Workspace project URL: https://flow.google.com/project/390215dc-290f-4b92-a7f0-dd2b6651acfb?hl=en
2026-09-06T09:42:49.945Z [2ac9999a-649c-435c-ba4c-636a842f9879][fdfbd39c-aa59-4b23-a3ac-5f2ddfb5b1b8] Submitted ✓ Detecting batch size...
2026-09-06T09:42:50.000Z [2ac9999a-649c-435c-ba4c-636a842f9879][fdfbd39c-aa59-4b23-a3ac-5f2ddfb5b1b8] New tile(s) since submit: 0 → 4 (mounted=27)
2026-09-06T09:42:51.603Z [1ab7ea0f-ba5e-4be1-a8dc-e92161f85aa6][fdfbd39c-aa59-4b23-a3ac-5f2ddfb5b1b8] Generating... 2 ready, 0 failed / 4 total (39s) image 99% [THAM CHIẾ image 99% [THAM CHIẾ
2026-09-06T09:42:54.326Z [2ac9999a-649c-435c-ba4c-636a842f9879][fdfbd39c-aa59-4b23-a3ac-5f2ddfb5b1b8] Batch size stabilised at 4 new tile(s)
2026-09-06T09:42:54.327Z [2ac9999a-649c-435c-ba4c-636a842f9879][fdfbd39c-aa59-4b23-a3ac-5f2ddfb5b1b8] Batch detected: 4 item(s). Generating...
2026-09-06T09:42:54.328Z [2ac9999a-649c-435c-ba4c-636a842f9879][fdfbd39c-aa59-4b23-a3ac-5f2ddfb5b1b8] Polling for 4 image item(s) (baseline=27, hasUpload=true)...
2026-09-06T09:42:54.369Z [2ac9999a-649c-435c-ba4c-636a842f9879][fdfbd39c-aa59-4b23-a3ac-5f2ddfb5b1b8] Generating... 0 ready, 0 failed / 4 total (0s) image 49% [THAM CHIẾ image 49% [THAM CHIẾ image 49% [THAM CHIẾ image 49% [THAM CHIẾ
2026-09-06T09:42:54.630Z [1ab7ea0f-ba5e-4be1-a8dc-e92161f85aa6][fdfbd39c-aa59-4b23-a3ac-5f2ddfb5b1b8] Generating... 2 ready, 0 failed / 4 total (42s) image 99% [THAM CHIẾ image 99% [THAM CHIẾ
2026-09-06T09:42:57.396Z [2ac9999a-649c-435c-ba4c-636a842f9879][fdfbd39c-aa59-4b23-a3ac-5f2ddfb5b1b8] Generating... 0 ready, 0 failed / 4 total (3s) image 69% [THAM CHIẾ image 69% [THAM CHIẾ image 69% [THAM CHIẾ image 69% [THAM CHIẾ
2026-09-06T09:42:57.648Z [1ab7ea0f-ba5e-4be1-a8dc-e92161f85aa6][fdfbd39c-aa59-4b23-a3ac-5f2ddfb5b1b8] Generating... 2 ready, 0 failed / 4 total (46s) image 99% [THAM CHIẾ image 99% [THAM CHIẾ
2026-09-06T09:43:00.411Z [2ac9999a-649c-435c-ba4c-636a842f9879][fdfbd39c-aa59-4b23-a3ac-5f2ddfb5b1b8] Generating... 0 ready, 0 failed / 4 total (6s) image 89% [THAM CHIẾ image 89% [THAM CHIẾ image 90% [THAM CHIẾ image 90% [THAM CHIẾ
2026-09-06T09:43:00.667Z [1ab7ea0f-ba5e-4be1-a8dc-e92161f85aa6][fdfbd39c-aa59-4b23-a3ac-5f2ddfb5b1b8] Generating... 2 ready, 0 failed / 4 total (49s) [THAM CHIẾU]Fake Dri image 99% [THAM CHIẾ
2026-09-06T09:43:03.426Z [2ac9999a-649c-435c-ba4c-636a842f9879][fdfbd39c-aa59-4b23-a3ac-5f2ddfb5b1b8] Generating... 0 ready, 0 failed / 4 total (9s) image 99% [THAM CHIẾ image 99% [THAM CHIẾ image 99% [THAM CHIẾ image 99% [THAM CHIẾ
2026-09-06T09:43:03.682Z [1ab7ea0f-ba5e-4be1-a8dc-e92161f85aa6][fdfbd39c-aa59-4b23-a3ac-5f2ddfb5b1b8] Generating... 3 ready, 0 failed / 4 total (52s) image 99% [THAM CHIẾ
2026-09-06T09:43:06.451Z [2ac9999a-649c-435c-ba4c-636a842f9879][fdfbd39c-aa59-4b23-a3ac-5f2ddfb5b1b8] Generating... 0 ready, 0 failed / 4 total (12s) image 99% [THAM CHIẾ image 99% [THAM CHIẾ image 99% [THAM CHIẾ image 99% [THAM CHIẾ
2026-09-06T09:43:06.709Z [1ab7ea0f-ba5e-4be1-a8dc-e92161f85aa6][fdfbd39c-aa59-4b23-a3ac-5f2ddfb5b1b8] Generating... 3 ready, 0 failed / 4 total (55s) image 99% [THAM CHIẾ
2026-09-06T09:43:09.477Z [2ac9999a-649c-435c-ba4c-636a842f9879][fdfbd39c-aa59-4b23-a3ac-5f2ddfb5b1b8] Generating... 0 ready, 0 failed / 4 total (15s) image 99% [THAM CHIẾ image 99% [THAM CHIẾ image 99% [THAM CHIẾ image 99% [THAM CHIẾ
2026-09-06T09:43:09.742Z [1ab7ea0f-ba5e-4be1-a8dc-e92161f85aa6][fdfbd39c-aa59-4b23-a3ac-5f2ddfb5b1b8] Generating... 3 ready, 0 failed / 4 total (58s) [THAM CHIẾU]Fake Dri
2026-09-06T09:43:12.502Z [2ac9999a-649c-435c-ba4c-636a842f9879][fdfbd39c-aa59-4b23-a3ac-5f2ddfb5b1b8] Generating... 0 ready, 0 failed / 4 total (18s) image 99% [THAM CHIẾ image 99% [THAM CHIẾ image 99% [THAM CHIẾ image 99% [THAM CHIẾ
2026-09-06T09:43:12.754Z [1ab7ea0f-ba5e-4be1-a8dc-e92161f85aa6][fdfbd39c-aa59-4b23-a3ac-5f2ddfb5b1b8] Generating... 4 ready, 0 failed / 4 total (61s)
2026-09-06T09:43:12.754Z [1ab7ea0f-ba5e-4be1-a8dc-e92161f85aa6][fdfbd39c-aa59-4b23-a3ac-5f2ddfb5b1b8] Batch done: 4 ready (target 4), 0 failed, scanned 4.
2026-09-06T09:43:12.755Z [1ab7ea0f-ba5e-4be1-a8dc-e92161f85aa6][fdfbd39c-aa59-4b23-a3ac-5f2ddfb5b1b8] 4 item(s) ready! Downloading...
2026-09-06T09:43:12.761Z [1ab7ea0f-ba5e-4be1-a8dc-e92161f85aa6][fdfbd39c-aa59-4b23-a3ac-5f2ddfb5b1b8] Item 1: Downloading from URL https://flow-content.google/image/96a53219-3ba0-4816-abf2-8eaa30e52d5a?Expires=1788709329&KeyName=labs-flow-prod-cdn-key&Signature=WMZOpYPYI3uVAi0suAm1Eczyjlo
2026-09-06T09:43:15.528Z [2ac9999a-649c-435c-ba4c-636a842f9879][fdfbd39c-aa59-4b23-a3ac-5f2ddfb5b1b8] Generating... 0 ready, 0 failed / 4 total (21s) image 99% [THAM CHIẾ image 99% [THAM CHIẾ image 99% [THAM CHIẾ image 99% [THAM CHIẾ
2026-09-06T09:43:18.547Z [2ac9999a-649c-435c-ba4c-636a842f9879][fdfbd39c-aa59-4b23-a3ac-5f2ddfb5b1b8] Generating... 0 ready, 0 failed / 4 total (24s) image 99% [THAM CHIẾ image 99% [THAM CHIẾ image 99% [THAM CHIẾ image 99% [THAM CHIẾ
2026-09-06T09:43:19.655Z [1ab7ea0f-ba5e-4be1-a8dc-e92161f85aa6][fdfbd39c-aa59-4b23-a3ac-5f2ddfb5b1b8] Downloaded 1/4: winai_2026-09-06T09-43-12_01.jpg
2026-09-06T09:43:19.657Z [1ab7ea0f-ba5e-4be1-a8dc-e92161f85aa6][fdfbd39c-aa59-4b23-a3ac-5f2ddfb5b1b8] Item 2: Downloading from URL https://flow-content.google/image/a23d2f19-d37b-4838-9df7-5ac2571e25e1?Expires=1788709328&KeyName=labs-flow-prod-cdn-key&Signature=urTX2ANU-pzqWL2fnmAZpmMSFXc
2026-09-06T09:43:21.292Z [1ab7ea0f-ba5e-4be1-a8dc-e92161f85aa6][fdfbd39c-aa59-4b23-a3ac-5f2ddfb5b1b8] Downloaded 2/4: winai_2026-09-06T09-43-12_02.jpg
2026-09-06T09:43:21.294Z [1ab7ea0f-ba5e-4be1-a8dc-e92161f85aa6][fdfbd39c-aa59-4b23-a3ac-5f2ddfb5b1b8] Item 3: Downloading from URL https://flow-content.google/image/d10d46eb-6b9a-4291-9286-f33a55f6fc9a?Expires=1788709328&KeyName=labs-flow-prod-cdn-key&Signature=WuzDnQPqumdxHJA5brFPl4OGg3Q
2026-09-06T09:43:21.523Z [1ab7ea0f-ba5e-4be1-a8dc-e92161f85aa6][fdfbd39c-aa59-4b23-a3ac-5f2ddfb5b1b8] Downloaded 3/4: winai_2026-09-06T09-43-12_03.jpg
2026-09-06T09:43:21.526Z [1ab7ea0f-ba5e-4be1-a8dc-e92161f85aa6][fdfbd39c-aa59-4b23-a3ac-5f2ddfb5b1b8] Item 4: Downloading from URL https://flow-content.google/image/3a047cd1-7bdf-4dd4-80cf-afec9d52c2e9?Expires=1788709327&KeyName=labs-flow-prod-cdn-key&Signature=8uc1CIfSGJUWvHI3YYkY2Kw5Coc
2026-09-06T09:43:21.588Z [2ac9999a-649c-435c-ba4c-636a842f9879][fdfbd39c-aa59-4b23-a3ac-5f2ddfb5b1b8] Generating... 0 ready, 0 failed / 4 total (27s) image 99% [THAM CHIẾ image 99% [THAM CHIẾ image 99% [THAM CHIẾ image 99% [THAM CHIẾ
2026-09-06T09:43:21.699Z [1ab7ea0f-ba5e-4be1-a8dc-e92161f85aa6][fdfbd39c-aa59-4b23-a3ac-5f2ddfb5b1b8] Downloaded 4/4: winai_2026-09-06T09-43-12_04.jpg
2026-09-06T09:43:21.701Z [1ab7ea0f-ba5e-4be1-a8dc-e92161f85aa6][fdfbd39c-aa59-4b23-a3ac-5f2ddfb5b1b8] ✅ 4 item(s) saved to Downloads/Win AI Toolkit/
2026-09-06T09:43:22.332Z [1ab7ea0f-ba5e-4be1-a8dc-e92161f85aa6][fdfbd39c-aa59-4b23-a3ac-5f2ddfb5b1b8] Item 1: Uploaded → https://studio.xanhmedia.vn/uploads/2026-09/1788687802259_511e47_fdfbd39c-aa59-4b23-a3ac-5f2ddfb5b1b8_1ab.jpg
2026-09-06T09:43:22.402Z [1ab7ea0f-ba5e-4be1-a8dc-e92161f85aa6][fdfbd39c-aa59-4b23-a3ac-5f2ddfb5b1b8] Item 3: Uploaded → https://studio.xanhmedia.vn/uploads/2026-09/1788687802325_a915ff_fdfbd39c-aa59-4b23-a3ac-5f2ddfb5b1b8_1ab.jpg
2026-09-06T09:43:22.422Z [1ab7ea0f-ba5e-4be1-a8dc-e92161f85aa6][fdfbd39c-aa59-4b23-a3ac-5f2ddfb5b1b8] Item 2: Uploaded → https://studio.xanhmedia.vn/uploads/2026-09/1788687802350_301313_fdfbd39c-aa59-4b23-a3ac-5f2ddfb5b1b8_1ab.jpg
2026-09-06T09:43:22.440Z [1ab7ea0f-ba5e-4be1-a8dc-e92161f85aa6][fdfbd39c-aa59-4b23-a3ac-5f2ddfb5b1b8] Item 4: Uploaded → https://studio.xanhmedia.vn/uploads/2026-09/1788687802368_287c60_fdfbd39c-aa59-4b23-a3ac-5f2ddfb5b1b8_1ab.jpg
2026-09-06T09:43:22.528Z [1ab7ea0f-ba5e-4be1-a8dc-e92161f85aa6][fdfbd39c-aa59-4b23-a3ac-5f2ddfb5b1b8] All done (including any 1080p upgrades). Closing Playwright browser context.
2026-09-06T09:43:22.810Z [9687e68c-2006-4ed8-a4d0-e76a796b75e0][fdfbd39c-aa59-4b23-a3ac-5f2ddfb5b1b8] runGeneration starting: task_id=9687e68c-2006-4ed8-a4d0-e76a796b75e0, profile_id=fdfbd39c-aa59-4b23-a3ac-5f2ddfb5b1b8, target_site=google_flow
2026-09-06T09:43:22.815Z [9687e68c-2006-4ed8-a4d0-e76a796b75e0][fdfbd39c-aa59-4b23-a3ac-5f2ddfb5b1b8] Opening Playwright browser with persistent profile cookies...
2026-09-06T09:43:22.817Z [9687e68c-2006-4ed8-a4d0-e76a796b75e0][fdfbd39c-aa59-4b23-a3ac-5f2ddfb5b1b8] Browser engine: winhide (C:\Users\MienTrungComputer\AppData\Roaming\com.tank.winai\winhide\chrome.exe)
2026-09-06T09:43:22.822Z [9687e68c-2006-4ed8-a4d0-e76a796b75e0][fdfbd39c-aa59-4b23-a3ac-5f2ddfb5b1b8] Launch mode: STEALTH (raw spawn + connectOverCDP)
2026-09-06T09:43:24.765Z [2ac9999a-649c-435c-ba4c-636a842f9879][fdfbd39c-aa59-4b23-a3ac-5f2ddfb5b1b8] Generating... 0 ready, 0 failed / 4 total (30s) image 99% [THAM CHIẾ image 99% [THAM CHIẾ image 99% [THAM CHIẾ image 99% [THAM CHIẾ
2026-09-06T09:43:26.948Z [9687e68c-2006-4ed8-a4d0-e76a796b75e0][fdfbd39c-aa59-4b23-a3ac-5f2ddfb5b1b8] Exit IP: 171.229.14.52
2026-09-06T09:43:26.951Z [9687e68c-2006-4ed8-a4d0-e76a796b75e0][fdfbd39c-aa59-4b23-a3ac-5f2ddfb5b1b8] Navigating browser to Google Flow tools page...
2026-09-06T09:43:26.955Z [9687e68c-2006-4ed8-a4d0-e76a796b75e0][fdfbd39c-aa59-4b23-a3ac-5f2ddfb5b1b8] Using existing project URL: https://flow.google.com/project/f4a8359f-f480-4865-9eef-7927ee95f030?hl=en
2026-09-06T09:43:28.109Z [2ac9999a-649c-435c-ba4c-636a842f9879][fdfbd39c-aa59-4b23-a3ac-5f2ddfb5b1b8] Generating... 0 ready, 0 failed / 4 total (34s) image 99% [THAM CHIẾ image 99% [THAM CHIẾ [THAM CHIẾU]Chili Sc image 99% [THAM CHIẾ
2026-09-06T09:43:28.779Z [9687e68c-2006-4ed8-a4d0-e76a796b75e0][fdfbd39c-aa59-4b23-a3ac-5f2ddfb5b1b8] Waiting for Google Flow...
2026-09-06T09:43:30.392Z [9687e68c-2006-4ed8-a4d0-e76a796b75e0][fdfbd39c-aa59-4b23-a3ac-5f2ddfb5b1b8] In existing project ✓
2026-09-06T09:43:31.180Z [2ac9999a-649c-435c-ba4c-636a842f9879][fdfbd39c-aa59-4b23-a3ac-5f2ddfb5b1b8] Generating... 1 ready, 0 failed / 4 total (37s) image 99% [THAM CHIẾ image 99% [THAM CHIẾ image 99% [THAM CHIẾ
2026-09-06T09:43:31.336Z [9687e68c-2006-4ed8-a4d0-e76a796b75e0][fdfbd39c-aa59-4b23-a3ac-5f2ddfb5b1b8] dismissPopups: unresolved overlay(s) ["IFRAME[presentation]|btns="]
2026-09-06T09:43:34.534Z [2ac9999a-649c-435c-ba4c-636a842f9879][fdfbd39c-aa59-4b23-a3ac-5f2ddfb5b1b8] Generating... 1 ready, 0 failed / 4 total (40s) image 99% [THAM CHIẾ image 99% [THAM CHIẾ image 99% [THAM CHIẾ
2026-09-06T09:43:37.303Z [9687e68c-2006-4ed8-a4d0-e76a796b75e0][fdfbd39c-aa59-4b23-a3ac-5f2ddfb5b1b8] Composer ready ✓ (UI language: en)
2026-09-06T09:43:37.417Z [9687e68c-2006-4ed8-a4d0-e76a796b75e0][fdfbd39c-aa59-4b23-a3ac-5f2ddfb5b1b8] dismissPopups: clicked "Dismiss credit banner" (overlay)
2026-09-06T09:43:37.582Z [2ac9999a-649c-435c-ba4c-636a842f9879][fdfbd39c-aa59-4b23-a3ac-5f2ddfb5b1b8] Generating... 1 ready, 0 failed / 4 total (43s) image 99% [THAM CHIẾ image 99% [THAM CHIẾ image 99% [THAM CHIẾ
2026-09-06T09:43:38.006Z [9687e68c-2006-4ed8-a4d0-e76a796b75e0][fdfbd39c-aa59-4b23-a3ac-5f2ddfb5b1b8] dismissPopups: unresolved overlay(s) ["DIV[]|btns=","DIV[]|btns="]
2026-09-06T09:43:38.083Z [9687e68c-2006-4ed8-a4d0-e76a796b75e0][fdfbd39c-aa59-4b23-a3ac-5f2ddfb5b1b8] Agent toggle aria-pressed=false
2026-09-06T09:43:38.086Z [9687e68c-2006-4ed8-a4d0-e76a796b75e0][fdfbd39c-aa59-4b23-a3ac-5f2ddfb5b1b8] Opening settings...
2026-09-06T09:43:40.411Z [9687e68c-2006-4ed8-a4d0-e76a796b75e0][fdfbd39c-aa59-4b23-a3ac-5f2ddfb5b1b8] Configuring image settings...
2026-09-06T09:43:40.613Z [2ac9999a-649c-435c-ba4c-636a842f9879][fdfbd39c-aa59-4b23-a3ac-5f2ddfb5b1b8] Generating... 1 ready, 0 failed / 4 total (46s) image 99% [THAM CHIẾ [THAM CHIẾU]Chili Sc image 99% [THAM CHIẾ
2026-09-06T09:43:42.163Z [9687e68c-2006-4ed8-a4d0-e76a796b75e0][fdfbd39c-aa59-4b23-a3ac-5f2ddfb5b1b8] Mode: selected "image Image" ✓
2026-09-06T09:43:43.638Z [2ac9999a-649c-435c-ba4c-636a842f9879][fdfbd39c-aa59-4b23-a3ac-5f2ddfb5b1b8] Generating... 2 ready, 0 failed / 4 total (49s) image 99% [THAM CHIẾ [THAM CHIẾU]Chili Sc
2026-09-06T09:43:46.665Z [2ac9999a-649c-435c-ba4c-636a842f9879][fdfbd39c-aa59-4b23-a3ac-5f2ddfb5b1b8] Generating... 3 ready, 0 failed / 4 total (52s) [THAM CHIẾU]Chili Sc
2026-09-06T09:43:47.325Z [9687e68c-2006-4ed8-a4d0-e76a796b75e0][fdfbd39c-aa59-4b23-a3ac-5f2ddfb5b1b8] Model: selected "🍌 Nano Banana 2" ✓
2026-09-06T09:43:48.356Z [9687e68c-2006-4ed8-a4d0-e76a796b75e0][fdfbd39c-aa59-4b23-a3ac-5f2ddfb5b1b8] Aspect ratio: "crop_16_9 16:9" already selected ✓
2026-09-06T09:43:49.682Z [2ac9999a-649c-435c-ba4c-636a842f9879][fdfbd39c-aa59-4b23-a3ac-5f2ddfb5b1b8] Generating... 4 ready, 0 failed / 4 total (55s)
2026-09-06T09:43:49.682Z [2ac9999a-649c-435c-ba4c-636a842f9879][fdfbd39c-aa59-4b23-a3ac-5f2ddfb5b1b8] Batch done: 4 ready (target 4), 0 failed, scanned 4.
2026-09-06T09:43:49.684Z [2ac9999a-649c-435c-ba4c-636a842f9879][fdfbd39c-aa59-4b23-a3ac-5f2ddfb5b1b8] 4 item(s) ready! Downloading...
2026-09-06T09:43:49.686Z [2ac9999a-649c-435c-ba4c-636a842f9879][fdfbd39c-aa59-4b23-a3ac-5f2ddfb5b1b8] Item 1: Downloading from URL https://flow-content.google/image/6a92bf9e-db26-4dde-a172-33afcc8c050a?Expires=1788709371&KeyName=labs-flow-prod-cdn-key&Signature=countqExvUpPm4J8sybYRV8E_C8
2026-09-06T09:43:49.988Z [2ac9999a-649c-435c-ba4c-636a842f9879][fdfbd39c-aa59-4b23-a3ac-5f2ddfb5b1b8] Downloaded 1/4: winai_2026-09-06T09-43-49_01.jpg
2026-09-06T09:43:49.989Z [2ac9999a-649c-435c-ba4c-636a842f9879][fdfbd39c-aa59-4b23-a3ac-5f2ddfb5b1b8] Item 2: Downloading from URL https://flow-content.google/image/9fc52a03-38b8-4add-99fc-0cffd5d67493?Expires=1788709370&KeyName=labs-flow-prod-cdn-key&Signature=QMLFZA56CNPH6sm8AjynmHdPRgc
2026-09-06T09:43:50.094Z [2ac9999a-649c-435c-ba4c-636a842f9879][fdfbd39c-aa59-4b23-a3ac-5f2ddfb5b1b8] Downloaded 2/4: winai_2026-09-06T09-43-49_02.jpg
2026-09-06T09:43:50.096Z [2ac9999a-649c-435c-ba4c-636a842f9879][fdfbd39c-aa59-4b23-a3ac-5f2ddfb5b1b8] Item 3: Downloading from URL https://flow-content.google/image/894f519e-c1d1-4ce8-bdbc-54f3254d22d9?Expires=1788709370&KeyName=labs-flow-prod-cdn-key&Signature=Ap-FgsHvHMwBYVW2mPib7p3FxiI
2026-09-06T09:43:50.201Z [2ac9999a-649c-435c-ba4c-636a842f9879][fdfbd39c-aa59-4b23-a3ac-5f2ddfb5b1b8] Downloaded 3/4: winai_2026-09-06T09-43-49_03.jpg
2026-09-06T09:43:50.201Z [2ac9999a-649c-435c-ba4c-636a842f9879][fdfbd39c-aa59-4b23-a3ac-5f2ddfb5b1b8] Item 4: Downloading from URL https://flow-content.google/image/9b4507a5-e028-4de6-bfb7-1901029e10e5?Expires=1788709369&KeyName=labs-flow-prod-cdn-key&Signature=vG395-4_jyloZ-BHO3bFw7WSEs0
2026-09-06T09:43:50.302Z [2ac9999a-649c-435c-ba4c-636a842f9879][fdfbd39c-aa59-4b23-a3ac-5f2ddfb5b1b8] Downloaded 4/4: winai_2026-09-06T09-43-49_04.jpg
2026-09-06T09:43:50.302Z [2ac9999a-649c-435c-ba4c-636a842f9879][fdfbd39c-aa59-4b23-a3ac-5f2ddfb5b1b8] ✅ 4 item(s) saved to Downloads/Win AI Toolkit/
2026-09-06T09:43:50.306Z [9687e68c-2006-4ed8-a4d0-e76a796b75e0][fdfbd39c-aa59-4b23-a3ac-5f2ddfb5b1b8] Output count: selected "x4" ✓
2026-09-06T09:43:50.793Z [fb1d9bfc-3bb6-469e-9641-b9a4ee710d57][fdfbd39c-aa59-4b23-a3ac-5f2ddfb5b1b8] runGeneration starting: task_id=fb1d9bfc-3bb6-469e-9641-b9a4ee710d57, profile_id=fdfbd39c-aa59-4b23-a3ac-5f2ddfb5b1b8, target_site=google_flow
2026-09-06T09:43:50.796Z [fb1d9bfc-3bb6-469e-9641-b9a4ee710d57][fdfbd39c-aa59-4b23-a3ac-5f2ddfb5b1b8] Opening Playwright browser with persistent profile cookies...
2026-09-06T09:43:50.796Z [fb1d9bfc-3bb6-469e-9641-b9a4ee710d57][fdfbd39c-aa59-4b23-a3ac-5f2ddfb5b1b8] Browser engine: winhide (C:\Users\MienTrungComputer\AppData\Roaming\com.tank.winai\winhide\chrome.exe)
2026-09-06T09:43:50.801Z [fb1d9bfc-3bb6-469e-9641-b9a4ee710d57][fdfbd39c-aa59-4b23-a3ac-5f2ddfb5b1b8] Launch mode: STEALTH (raw spawn + connectOverCDP)
2026-09-06T09:43:51.580Z [9687e68c-2006-4ed8-a4d0-e76a796b75e0][fdfbd39c-aa59-4b23-a3ac-5f2ddfb5b1b8] Ref image 1/3: downloading from URL...
2026-09-06T09:43:52.264Z [9687e68c-2006-4ed8-a4d0-e76a796b75e0][fdfbd39c-aa59-4b23-a3ac-5f2ddfb5b1b8] Downloader: no-proxy request context ready.
2026-09-06T09:43:52.892Z [9687e68c-2006-4ed8-a4d0-e76a796b75e0][fdfbd39c-aa59-4b23-a3ac-5f2ddfb5b1b8] Ref image 1/3: saved 559623 bytes (image/jpeg) as "Fake Driver Driver Disguise State.jpeg"
2026-09-06T09:43:52.958Z [9687e68c-2006-4ed8-a4d0-e76a796b75e0][fdfbd39c-aa59-4b23-a3ac-5f2ddfb5b1b8] Ref image 1/3: attaching reference image...
2026-09-06T09:43:53.144Z [2ac9999a-649c-435c-ba4c-636a842f9879][fdfbd39c-aa59-4b23-a3ac-5f2ddfb5b1b8] Item 1: Uploaded → https://studio.xanhmedia.vn/uploads/2026-09/1788687833080_8f364f_fdfbd39c-aa59-4b23-a3ac-5f2ddfb5b1b8_2ac.jpg
2026-09-06T09:43:53.192Z [2ac9999a-649c-435c-ba4c-636a842f9879][fdfbd39c-aa59-4b23-a3ac-5f2ddfb5b1b8] Item 3: Uploaded → https://studio.xanhmedia.vn/uploads/2026-09/1788687833108_cd428b_fdfbd39c-aa59-4b23-a3ac-5f2ddfb5b1b8_2ac.jpg
2026-09-06T09:43:53.259Z [2ac9999a-649c-435c-ba4c-636a842f9879][fdfbd39c-aa59-4b23-a3ac-5f2ddfb5b1b8] Item 4: Uploaded → https://studio.xanhmedia.vn/uploads/2026-09/1788687833179_75b33d_fdfbd39c-aa59-4b23-a3ac-5f2ddfb5b1b8_2ac.jpg
2026-09-06T09:43:53.260Z [2ac9999a-649c-435c-ba4c-636a842f9879][fdfbd39c-aa59-4b23-a3ac-5f2ddfb5b1b8] Item 2: Uploaded → https://studio.xanhmedia.vn/uploads/2026-09/1788687833190_486551_fdfbd39c-aa59-4b23-a3ac-5f2ddfb5b1b8_2ac.jpg
2026-09-06T09:43:53.314Z [2ac9999a-649c-435c-ba4c-636a842f9879][fdfbd39c-aa59-4b23-a3ac-5f2ddfb5b1b8] All done (including any 1080p upgrades). Closing Playwright browser context.
2026-09-06T09:43:53.876Z [fb1d9bfc-3bb6-469e-9641-b9a4ee710d57][fdfbd39c-aa59-4b23-a3ac-5f2ddfb5b1b8] Exit IP: 171.229.14.52
2026-09-06T09:43:53.877Z [fb1d9bfc-3bb6-469e-9641-b9a4ee710d57][fdfbd39c-aa59-4b23-a3ac-5f2ddfb5b1b8] Navigating browser to Google Flow tools page...
2026-09-06T09:43:53.877Z [fb1d9bfc-3bb6-469e-9641-b9a4ee710d57][fdfbd39c-aa59-4b23-a3ac-5f2ddfb5b1b8] Using existing project URL: https://flow.google.com/project/390215dc-290f-4b92-a7f0-dd2b6651acfb?hl=en
2026-09-06T09:43:55.471Z [fb1d9bfc-3bb6-469e-9641-b9a4ee710d57][fdfbd39c-aa59-4b23-a3ac-5f2ddfb5b1b8] Waiting for Google Flow...
2026-09-06T09:43:56.113Z [9687e68c-2006-4ed8-a4d0-e76a796b75e0][fdfbd39c-aa59-4b23-a3ac-5f2ddfb5b1b8] Ref image 1/3: reusing library asset "Fake Driver Driver Disguise State.jpeg" (no re-upload).
2026-09-06T09:43:57.636Z [fb1d9bfc-3bb6-469e-9641-b9a4ee710d57][fdfbd39c-aa59-4b23-a3ac-5f2ddfb5b1b8] In existing project ✓
2026-09-06T09:43:58.585Z [fb1d9bfc-3bb6-469e-9641-b9a4ee710d57][fdfbd39c-aa59-4b23-a3ac-5f2ddfb5b1b8] dismissPopups: unresolved overlay(s) ["IFRAME[presentation]|btns="]
2026-09-06T09:44:00.102Z [9687e68c-2006-4ed8-a4d0-e76a796b75e0][fdfbd39c-aa59-4b23-a3ac-5f2ddfb5b1b8] Ref image 1/3: chips 0→1 ✓
2026-09-06T09:44:01.669Z [9687e68c-2006-4ed8-a4d0-e76a796b75e0][fdfbd39c-aa59-4b23-a3ac-5f2ddfb5b1b8] Ref image 2/3: downloading from URL...
2026-09-06T09:44:01.868Z [fb1d9bfc-3bb6-469e-9641-b9a4ee710d57][fdfbd39c-aa59-4b23-a3ac-5f2ddfb5b1b8] Composer ready ✓ (UI language: en)
2026-09-06T09:44:01.888Z [fb1d9bfc-3bb6-469e-9641-b9a4ee710d57][fdfbd39c-aa59-4b23-a3ac-5f2ddfb5b1b8] dismissPopups: clicked "Dismiss credit banner" (overlay)
2026-09-06T09:44:02.081Z [9687e68c-2006-4ed8-a4d0-e76a796b75e0][fdfbd39c-aa59-4b23-a3ac-5f2ddfb5b1b8] Ref image 2/3: saved 703417 bytes (image/jpeg) as "Verdant School Bus Interior Master.jpeg"
2026-09-06T09:44:02.144Z [9687e68c-2006-4ed8-a4d0-e76a796b75e0][fdfbd39c-aa59-4b23-a3ac-5f2ddfb5b1b8] Ref image 2/3: attaching reference image...
2026-09-06T09:44:02.413Z [fb1d9bfc-3bb6-469e-9641-b9a4ee710d57][fdfbd39c-aa59-4b23-a3ac-5f2ddfb5b1b8] dismissPopups: unresolved overlay(s) ["DIV[]|btns=","DIV[]|btns="]
2026-09-06T09:44:02.437Z [fb1d9bfc-3bb6-469e-9641-b9a4ee710d57][fdfbd39c-aa59-4b23-a3ac-5f2ddfb5b1b8] Agent toggle aria-pressed=false
2026-09-06T09:44:02.437Z [fb1d9bfc-3bb6-469e-9641-b9a4ee710d57][fdfbd39c-aa59-4b23-a3ac-5f2ddfb5b1b8] Opening settings...
2026-09-06T09:44:04.305Z [9687e68c-2006-4ed8-a4d0-e76a796b75e0][fdfbd39c-aa59-4b23-a3ac-5f2ddfb5b1b8] Ref image 2/3: reusing library asset "Verdant School Bus Interior Master.jpeg" (no re-upload).
2026-09-06T09:44:04.452Z [fb1d9bfc-3bb6-469e-9641-b9a4ee710d57][fdfbd39c-aa59-4b23-a3ac-5f2ddfb5b1b8] Configuring image settings...
2026-09-06T09:44:06.060Z [fb1d9bfc-3bb6-469e-9641-b9a4ee710d57][fdfbd39c-aa59-4b23-a3ac-5f2ddfb5b1b8] Mode: selected "image Image" ✓
2026-09-06T09:44:08.057Z [9687e68c-2006-4ed8-a4d0-e76a796b75e0][fdfbd39c-aa59-4b23-a3ac-5f2ddfb5b1b8] Ref image 2/3: chips 1→2 ✓
2026-09-06T09:44:09.612Z [9687e68c-2006-4ed8-a4d0-e76a796b75e0][fdfbd39c-aa59-4b23-a3ac-5f2ddfb5b1b8] Ref image 3/3: downloading from URL...
2026-09-06T09:44:09.961Z [9687e68c-2006-4ed8-a4d0-e76a796b75e0][fdfbd39c-aa59-4b23-a3ac-5f2ddfb5b1b8] Ref image 3/3: saved 449213 bytes (image/jpeg) as "Verdant Police Patrol Car.jpeg"
2026-09-06T09:44:09.973Z [9687e68c-2006-4ed8-a4d0-e76a796b75e0][fdfbd39c-aa59-4b23-a3ac-5f2ddfb5b1b8] Ref image 3/3: attaching reference image...
2026-09-06T09:44:11.457Z [fb1d9bfc-3bb6-469e-9641-b9a4ee710d57][fdfbd39c-aa59-4b23-a3ac-5f2ddfb5b1b8] Model: selected "🍌 Nano Banana 2" ✓
2026-09-06T09:44:12.112Z [fb1d9bfc-3bb6-469e-9641-b9a4ee710d57][fdfbd39c-aa59-4b23-a3ac-5f2ddfb5b1b8] Aspect ratio: "crop_16_9 16:9" already selected ✓
2026-09-06T09:44:12.151Z [9687e68c-2006-4ed8-a4d0-e76a796b75e0][fdfbd39c-aa59-4b23-a3ac-5f2ddfb5b1b8] Ref image 3/3: "Verdant Police Patrol Car.jpeg" not in the library yet — uploading it first.
2026-09-06T09:44:13.570Z [fb1d9bfc-3bb6-469e-9641-b9a4ee710d57][fdfbd39c-aa59-4b23-a3ac-5f2ddfb5b1b8] Output count: selected "x4" ✓
2026-09-06T09:44:14.633Z [fb1d9bfc-3bb6-469e-9641-b9a4ee710d57][fdfbd39c-aa59-4b23-a3ac-5f2ddfb5b1b8] Ref image 1/5: downloading from URL...
2026-09-06T09:44:14.981Z [fb1d9bfc-3bb6-469e-9641-b9a4ee710d57][fdfbd39c-aa59-4b23-a3ac-5f2ddfb5b1b8] Downloader: no-proxy request context ready.
2026-09-06T09:44:15.542Z [fb1d9bfc-3bb6-469e-9641-b9a4ee710d57][fdfbd39c-aa59-4b23-a3ac-5f2ddfb5b1b8] Ref image 1/5: saved 559623 bytes (image/jpeg) as "Fake Driver Driver Disguise State.jpeg"
2026-09-06T09:44:15.552Z [fb1d9bfc-3bb6-469e-9641-b9a4ee710d57][fdfbd39c-aa59-4b23-a3ac-5f2ddfb5b1b8] Ref image 1/5: attaching reference image...
2026-09-06T09:44:17.398Z [fb1d9bfc-3bb6-469e-9641-b9a4ee710d57][fdfbd39c-aa59-4b23-a3ac-5f2ddfb5b1b8] Ref image 1/5: reusing library asset "Fake Driver Driver Disguise State.jpeg" (no re-upload).
2026-09-06T09:44:17.512Z [9687e68c-2006-4ed8-a4d0-e76a796b75e0][fdfbd39c-aa59-4b23-a3ac-5f2ddfb5b1b8] Ref image 3/3: uploading "Verdant Police Patrol Car.jpeg" to the project library...
2026-09-06T09:44:18.753Z [9687e68c-2006-4ed8-a4d0-e76a796b75e0][fdfbd39c-aa59-4b23-a3ac-5f2ddfb5b1b8] Ref image 3/3: upload finished ✓
2026-09-06T09:44:20.787Z [fb1d9bfc-3bb6-469e-9641-b9a4ee710d57][fdfbd39c-aa59-4b23-a3ac-5f2ddfb5b1b8] Ref image 1/5: chips 0→1 ✓
2026-09-06T09:44:22.505Z [fb1d9bfc-3bb6-469e-9641-b9a4ee710d57][fdfbd39c-aa59-4b23-a3ac-5f2ddfb5b1b8] Ref image 2/5: downloading from URL...
2026-09-06T09:44:23.152Z [fb1d9bfc-3bb6-469e-9641-b9a4ee710d57][fdfbd39c-aa59-4b23-a3ac-5f2ddfb5b1b8] Ref image 2/5: saved 527475 bytes (image/jpeg) as "Arlo School Day.jpeg"
2026-09-06T09:44:23.161Z [fb1d9bfc-3bb6-469e-9641-b9a4ee710d57][fdfbd39c-aa59-4b23-a3ac-5f2ddfb5b1b8] Ref image 2/5: attaching reference image...
2026-09-06T09:44:25.595Z [fb1d9bfc-3bb6-469e-9641-b9a4ee710d57][fdfbd39c-aa59-4b23-a3ac-5f2ddfb5b1b8] Ref image 2/5: reusing library asset "Arlo School Day.jpeg" (no re-upload).
2026-09-06T09:44:29.005Z [9687e68c-2006-4ed8-a4d0-e76a796b75e0][fdfbd39c-aa59-4b23-a3ac-5f2ddfb5b1b8] Ref image 3/3: chips 2→3 ✓
2026-09-06T09:44:29.047Z [9687e68c-2006-4ed8-a4d0-e76a796b75e0][fdfbd39c-aa59-4b23-a3ac-5f2ddfb5b1b8] Entering prompt...
2026-09-06T09:44:29.269Z [fb1d9bfc-3bb6-469e-9641-b9a4ee710d57][fdfbd39c-aa59-4b23-a3ac-5f2ddfb5b1b8] Ref image 2/5: chips 1→2 ✓
2026-09-06T09:44:30.767Z [fb1d9bfc-3bb6-469e-9641-b9a4ee710d57][fdfbd39c-aa59-4b23-a3ac-5f2ddfb5b1b8] Ref image 3/5: downloading from URL...
2026-09-06T09:44:31.146Z [9687e68c-2006-4ed8-a4d0-e76a796b75e0][fdfbd39c-aa59-4b23-a3ac-5f2ddfb5b1b8] Prompt is 1629 chars — typing it in 23 chunk(s).
2026-09-06T09:44:31.151Z [fb1d9bfc-3bb6-469e-9641-b9a4ee710d57][fdfbd39c-aa59-4b23-a3ac-5f2ddfb5b1b8] Ref image 3/5: saved 643624 bytes (image/jpeg) as "Nessa School Day.jpeg"
2026-09-06T09:44:31.172Z [fb1d9bfc-3bb6-469e-9641-b9a4ee710d57][fdfbd39c-aa59-4b23-a3ac-5f2ddfb5b1b8] Ref image 3/5: attaching reference image...
2026-09-06T09:44:33.501Z [fb1d9bfc-3bb6-469e-9641-b9a4ee710d57][fdfbd39c-aa59-4b23-a3ac-5f2ddfb5b1b8] Ref image 3/5: reusing library asset "Nessa School Day.jpeg" (no re-upload).
2026-09-06T09:44:36.691Z [fb1d9bfc-3bb6-469e-9641-b9a4ee710d57][fdfbd39c-aa59-4b23-a3ac-5f2ddfb5b1b8] Ref image 3/5: chips 2→3 ✓
2026-09-06T09:44:38.180Z [fb1d9bfc-3bb6-469e-9641-b9a4ee710d57][fdfbd39c-aa59-4b23-a3ac-5f2ddfb5b1b8] Ref image 4/5: downloading from URL...
2026-09-06T09:44:38.537Z [fb1d9bfc-3bb6-469e-9641-b9a4ee710d57][fdfbd39c-aa59-4b23-a3ac-5f2ddfb5b1b8] Ref image 4/5: saved 509101 bytes (image/jpeg) as "Chili School Day.jpeg"
2026-09-06T09:44:38.555Z [fb1d9bfc-3bb6-469e-9641-b9a4ee710d57][fdfbd39c-aa59-4b23-a3ac-5f2ddfb5b1b8] Ref image 4/5: attaching reference image...
2026-09-06T09:44:40.999Z [fb1d9bfc-3bb6-469e-9641-b9a4ee710d57][fdfbd39c-aa59-4b23-a3ac-5f2ddfb5b1b8] Ref image 4/5: reusing library asset "Chili School Day.jpeg" (no re-upload).
2026-09-06T09:44:41.821Z [9687e68c-2006-4ed8-a4d0-e76a796b75e0][fdfbd39c-aa59-4b23-a3ac-5f2ddfb5b1b8] Prompt insert attempt 1: editor has 1589 chars (want ~1621) ✓
2026-09-06T09:44:43.790Z [9687e68c-2006-4ed8-a4d0-e76a796b75e0][fdfbd39c-aa59-4b23-a3ac-5f2ddfb5b1b8] Baseline: 27 pre-existing media tile(s) of 27 mounted (kinds: image,image,image,image,image,image,image,image,image,image,image,image,image,image,image,image,image,image,image,image,image,image,image,image,image,image,image).
2026-09-06T09:44:44.560Z [fb1d9bfc-3bb6-469e-9641-b9a4ee710d57][fdfbd39c-aa59-4b23-a3ac-5f2ddfb5b1b8] Ref image 4/5: chips 3→4 ✓
2026-09-06T09:44:45.853Z [fb1d9bfc-3bb6-469e-9641-b9a4ee710d57][fdfbd39c-aa59-4b23-a3ac-5f2ddfb5b1b8] Ref image 5/5: downloading from URL...
2026-09-06T09:44:46.130Z [9687e68c-2006-4ed8-a4d0-e76a796b75e0][fdfbd39c-aa59-4b23-a3ac-5f2ddfb5b1b8] [submit] confirmed (editor "What do you want to ", fresh tile=true).
2026-09-06T09:44:46.239Z [fb1d9bfc-3bb6-469e-9641-b9a4ee710d57][fdfbd39c-aa59-4b23-a3ac-5f2ddfb5b1b8] Ref image 5/5: saved 703417 bytes (image/jpeg) as "Verdant School Bus Interior Master.jpeg"
2026-09-06T09:44:46.256Z [fb1d9bfc-3bb6-469e-9641-b9a4ee710d57][fdfbd39c-aa59-4b23-a3ac-5f2ddfb5b1b8] Ref image 5/5: attaching reference image...
2026-09-06T09:44:46.710Z [9687e68c-2006-4ed8-a4d0-e76a796b75e0][fdfbd39c-aa59-4b23-a3ac-5f2ddfb5b1b8] Current Workspace project URL: https://flow.google.com/project/f4a8359f-f480-4865-9eef-7927ee95f030?hl=en
2026-09-06T09:44:46.711Z [9687e68c-2006-4ed8-a4d0-e76a796b75e0][fdfbd39c-aa59-4b23-a3ac-5f2ddfb5b1b8] Submitted ✓ Detecting batch size...
2026-09-06T09:44:46.765Z [9687e68c-2006-4ed8-a4d0-e76a796b75e0][fdfbd39c-aa59-4b23-a3ac-5f2ddfb5b1b8] New tile(s) since submit: 0 → 4 (mounted=27)
2026-09-06T09:44:48.503Z [fb1d9bfc-3bb6-469e-9641-b9a4ee710d57][fdfbd39c-aa59-4b23-a3ac-5f2ddfb5b1b8] Ref image 5/5: reusing library asset "Verdant School Bus Interior Master.jpeg" (no re-upload).
2026-09-06T09:44:51.026Z [9687e68c-2006-4ed8-a4d0-e76a796b75e0][fdfbd39c-aa59-4b23-a3ac-5f2ddfb5b1b8] Batch size stabilised at 4 new tile(s)
2026-09-06T09:44:51.028Z [9687e68c-2006-4ed8-a4d0-e76a796b75e0][fdfbd39c-aa59-4b23-a3ac-5f2ddfb5b1b8] Batch detected: 4 item(s). Generating...
2026-09-06T09:44:51.030Z [9687e68c-2006-4ed8-a4d0-e76a796b75e0][fdfbd39c-aa59-4b23-a3ac-5f2ddfb5b1b8] Polling for 4 image item(s) (baseline=27, hasUpload=true)...
2026-09-06T09:44:51.098Z [9687e68c-2006-4ed8-a4d0-e76a796b75e0][fdfbd39c-aa59-4b23-a3ac-5f2ddfb5b1b8] Generating... 0 ready, 0 failed / 4 total (0s) image 35% [THAM CHIẾ image 35% [THAM CHIẾ image 35% [THAM CHIẾ image 35% [THAM CHIẾ
2026-09-06T09:44:51.795Z [fb1d9bfc-3bb6-469e-9641-b9a4ee710d57][fdfbd39c-aa59-4b23-a3ac-5f2ddfb5b1b8] Ref image 5/5: chips 4→5 ✓
2026-09-06T09:44:51.830Z [fb1d9bfc-3bb6-469e-9641-b9a4ee710d57][fdfbd39c-aa59-4b23-a3ac-5f2ddfb5b1b8] Entering prompt...
2026-09-06T09:44:53.596Z [fb1d9bfc-3bb6-469e-9641-b9a4ee710d57][fdfbd39c-aa59-4b23-a3ac-5f2ddfb5b1b8] Prompt is 1727 chars — typing it in 26 chunk(s).
2026-09-06T09:44:54.125Z [9687e68c-2006-4ed8-a4d0-e76a796b75e0][fdfbd39c-aa59-4b23-a3ac-5f2ddfb5b1b8] Generating... 0 ready, 0 failed / 4 total (3s) image 55% [THAM CHIẾ image 55% [THAM CHIẾ image 55% [THAM CHIẾ image 55% [THAM CHIẾ
2026-09-06T09:44:57.152Z [9687e68c-2006-4ed8-a4d0-e76a796b75e0][fdfbd39c-aa59-4b23-a3ac-5f2ddfb5b1b8] Generating... 0 ready, 0 failed / 4 total (6s) image 82% [THAM CHIẾ image 75% [THAM CHIẾ image 75% [THAM CHIẾ image 75% [THAM CHIẾ
2026-09-06T09:45:00.191Z [9687e68c-2006-4ed8-a4d0-e76a796b75e0][fdfbd39c-aa59-4b23-a3ac-5f2ddfb5b1b8] Generating... 0 ready, 0 failed / 4 total (9s) image 99% [THAM CHIẾ image 99% [THAM CHIẾ image 99% [THAM CHIẾ image 95% [THAM CHIẾ
2026-09-06T09:45:03.225Z [9687e68c-2006-4ed8-a4d0-e76a796b75e0][fdfbd39c-aa59-4b23-a3ac-5f2ddfb5b1b8] Generating... 0 ready, 0 failed / 4 total (12s) image 99% [THAM CHIẾ image 99% [THAM CHIẾ image 99% [THAM CHIẾ image 99% [THAM CHIẾ
2026-09-06T09:45:05.920Z [fb1d9bfc-3bb6-469e-9641-b9a4ee710d57][fdfbd39c-aa59-4b23-a3ac-5f2ddfb5b1b8] Prompt insert attempt 1: editor has 1685 chars (want ~1719) ✓
2026-09-06T09:45:06.259Z [9687e68c-2006-4ed8-a4d0-e76a796b75e0][fdfbd39c-aa59-4b23-a3ac-5f2ddfb5b1b8] Generating... 0 ready, 0 failed / 4 total (15s) image 99% [THAM CHIẾ image 99% [THAM CHIẾ image 99% [THAM CHIẾ image 99% [THAM CHIẾ
2026-09-06T09:45:07.935Z [fb1d9bfc-3bb6-469e-9641-b9a4ee710d57][fdfbd39c-aa59-4b23-a3ac-5f2ddfb5b1b8] Baseline: 27 pre-existing media tile(s) of 27 mounted (kinds: image,image,image,image,image,image,image,image,image,image,image,image,image,image,image,image,image,image,image,image,image,image,image,image,image,image,image).
2026-09-06T09:45:09.295Z [9687e68c-2006-4ed8-a4d0-e76a796b75e0][fdfbd39c-aa59-4b23-a3ac-5f2ddfb5b1b8] Generating... 0 ready, 0 failed / 4 total (18s) image 99% [THAM CHIẾ image 99% [THAM CHIẾ image 99% [THAM CHIẾ image 99% [THAM CHIẾ
2026-09-06T09:45:11.367Z [fb1d9bfc-3bb6-469e-9641-b9a4ee710d57][fdfbd39c-aa59-4b23-a3ac-5f2ddfb5b1b8] [submit] confirmed (editor "What do you want to ", fresh tile=true).
2026-09-06T09:45:11.995Z [fb1d9bfc-3bb6-469e-9641-b9a4ee710d57][fdfbd39c-aa59-4b23-a3ac-5f2ddfb5b1b8] Current Workspace project URL: https://flow.google.com/project/390215dc-290f-4b92-a7f0-dd2b6651acfb?hl=en
2026-09-06T09:45:11.998Z [fb1d9bfc-3bb6-469e-9641-b9a4ee710d57][fdfbd39c-aa59-4b23-a3ac-5f2ddfb5b1b8] Submitted ✓ Detecting batch size...
2026-09-06T09:45:12.018Z [fb1d9bfc-3bb6-469e-9641-b9a4ee710d57][fdfbd39c-aa59-4b23-a3ac-5f2ddfb5b1b8] New tile(s) since submit: 0 → 4 (mounted=27)
2026-09-06T09:45:12.314Z [9687e68c-2006-4ed8-a4d0-e76a796b75e0][fdfbd39c-aa59-4b23-a3ac-5f2ddfb5b1b8] Generating... 0 ready, 0 failed / 4 total (21s) image 99% [THAM CHIẾ image 99% [THAM CHIẾ image 99% [THAM CHIẾ image 99% [THAM CHIẾ
2026-09-06T09:45:15.331Z [9687e68c-2006-4ed8-a4d0-e76a796b75e0][fdfbd39c-aa59-4b23-a3ac-5f2ddfb5b1b8] Generating... 0 ready, 0 failed / 4 total (24s) image 99% [THAM CHIẾ image 99% [THAM CHIẾ image 99% [THAM CHIẾ image 99% [THAM CHIẾ
2026-09-06T09:45:16.254Z [fb1d9bfc-3bb6-469e-9641-b9a4ee710d57][fdfbd39c-aa59-4b23-a3ac-5f2ddfb5b1b8] Batch size stabilised at 4 new tile(s)
2026-09-06T09:45:16.255Z [fb1d9bfc-3bb6-469e-9641-b9a4ee710d57][fdfbd39c-aa59-4b23-a3ac-5f2ddfb5b1b8] Batch detected: 4 item(s). Generating...
2026-09-06T09:45:16.255Z [fb1d9bfc-3bb6-469e-9641-b9a4ee710d57][fdfbd39c-aa59-4b23-a3ac-5f2ddfb5b1b8] Polling for 4 image item(s) (baseline=27, hasUpload=true)...
2026-09-06T09:45:16.285Z [fb1d9bfc-3bb6-469e-9641-b9a4ee710d57][fdfbd39c-aa59-4b23-a3ac-5f2ddfb5b1b8] Generating... 0 ready, 0 failed / 4 total (0s) image 46% [THAM CHIẾ image 46% [THAM CHIẾ image 46% [THAM CHIẾ image 46% [THAM CHIẾ
2026-09-06T09:45:18.346Z [9687e68c-2006-4ed8-a4d0-e76a796b75e0][fdfbd39c-aa59-4b23-a3ac-5f2ddfb5b1b8] Generating... 0 ready, 0 failed / 4 total (27s) image 99% [THAM CHIẾ image 99% [THAM CHIẾ image 99% [THAM CHIẾ image 99% [THAM CHIẾ
2026-09-06T09:45:19.305Z [fb1d9bfc-3bb6-469e-9641-b9a4ee710d57][fdfbd39c-aa59-4b23-a3ac-5f2ddfb5b1b8] Generating... 0 ready, 0 failed / 4 total (3s) image 66% [THAM CHIẾ image 66% [THAM CHIẾ image 66% [THAM CHIẾ image 66% [THAM CHIẾ
2026-09-06T09:45:21.366Z [9687e68c-2006-4ed8-a4d0-e76a796b75e0][fdfbd39c-aa59-4b23-a3ac-5f2ddfb5b1b8] Generating... 0 ready, 0 failed / 4 total (30s) image 99% [THAM CHIẾ image 99% [THAM CHIẾ image 99% [THAM CHIẾ image 99% [THAM CHIẾ
2026-09-06T09:45:22.328Z [fb1d9bfc-3bb6-469e-9641-b9a4ee710d57][fdfbd39c-aa59-4b23-a3ac-5f2ddfb5b1b8] Generating... 0 ready, 0 failed / 4 total (6s) image 86% [THAM CHIẾ image 86% [THAM CHIẾ image 86% [THAM CHIẾ image 86% [THAM CHIẾ
2026-09-06T09:45:24.399Z [9687e68c-2006-4ed8-a4d0-e76a796b75e0][fdfbd39c-aa59-4b23-a3ac-5f2ddfb5b1b8] Generating... 0 ready, 0 failed / 4 total (33s) image 99% [THAM CHIẾ image 99% [THAM CHIẾ image 99% [THAM CHIẾ image 99% [THAM CHIẾ
2026-09-06T09:45:25.346Z [fb1d9bfc-3bb6-469e-9641-b9a4ee710d57][fdfbd39c-aa59-4b23-a3ac-5f2ddfb5b1b8] Generating... 0 ready, 0 failed / 4 total (9s) image 99% [THAM CHIẾ image 99% [THAM CHIẾ image 99% [THAM CHIẾ image 99% [THAM CHIẾ
2026-09-06T09:45:27.429Z [9687e68c-2006-4ed8-a4d0-e76a796b75e0][fdfbd39c-aa59-4b23-a3ac-5f2ddfb5b1b8] Generating... 0 ready, 0 failed / 4 total (36s) image 99% [THAM CHIẾ image 99% [THAM CHIẾ image 99% [THAM CHIẾ [THAM CHIẾU]Fake Dri
2026-09-06T09:45:28.371Z [fb1d9bfc-3bb6-469e-9641-b9a4ee710d57][fdfbd39c-aa59-4b23-a3ac-5f2ddfb5b1b8] Generating... 0 ready, 0 failed / 4 total (12s) image 99% [THAM CHIẾ image 99% [THAM CHIẾ image 99% [THAM CHIẾ image 99% [THAM CHIẾ
2026-09-06T09:45:30.457Z [9687e68c-2006-4ed8-a4d0-e76a796b75e0][fdfbd39c-aa59-4b23-a3ac-5f2ddfb5b1b8] Generating... 1 ready, 0 failed / 4 total (39s) image 99% [THAM CHIẾ image 99% [THAM CHIẾ image 99% [THAM CHIẾ
2026-09-06T09:45:31.392Z [fb1d9bfc-3bb6-469e-9641-b9a4ee710d57][fdfbd39c-aa59-4b23-a3ac-5f2ddfb5b1b8] Generating... 0 ready, 0 failed / 4 total (15s) image 99% [THAM CHIẾ image 99% [THAM CHIẾ image 99% [THAM CHIẾ image 99% [THAM CHIẾ
2026-09-06T09:45:33.482Z [9687e68c-2006-4ed8-a4d0-e76a796b75e0][fdfbd39c-aa59-4b23-a3ac-5f2ddfb5b1b8] Generating... 1 ready, 0 failed / 4 total (42s) image 99% [THAM CHIẾ image 99% [THAM CHIẾ image 99% [THAM CHIẾ
2026-09-06T09:45:34.412Z [fb1d9bfc-3bb6-469e-9641-b9a4ee710d57][fdfbd39c-aa59-4b23-a3ac-5f2ddfb5b1b8] Generating... 0 ready, 0 failed / 4 total (18s) image 99% [THAM CHIẾ image 99% [THAM CHIẾ image 99% [THAM CHIẾ image 99% [THAM CHIẾ
2026-09-06T09:45:36.520Z [9687e68c-2006-4ed8-a4d0-e76a796b75e0][fdfbd39c-aa59-4b23-a3ac-5f2ddfb5b1b8] Generating... 1 ready, 0 failed / 4 total (45s) [THAM CHIẾU]Fake Dri image 99% [THAM CHIẾ [THAM CHIẾU]Fake Dri
2026-09-06T09:45:37.436Z [fb1d9bfc-3bb6-469e-9641-b9a4ee710d57][fdfbd39c-aa59-4b23-a3ac-5f2ddfb5b1b8] Generating... 0 ready, 0 failed / 4 total (21s) image 99% [THAM CHIẾ image 99% [THAM CHIẾ image 99% [THAM CHIẾ image 99% [THAM CHIẾ
2026-09-06T09:45:39.548Z [9687e68c-2006-4ed8-a4d0-e76a796b75e0][fdfbd39c-aa59-4b23-a3ac-5f2ddfb5b1b8] Generating... 3 ready, 0 failed / 4 total (49s) image 99% [THAM CHIẾ
2026-09-06T09:45:40.450Z [fb1d9bfc-3bb6-469e-9641-b9a4ee710d57][fdfbd39c-aa59-4b23-a3ac-5f2ddfb5b1b8] Generating... 0 ready, 0 failed / 4 total (24s) image 99% [THAM CHIẾ image 99% [THAM CHIẾ image 99% [THAM CHIẾ image 99% [THAM CHIẾ
2026-09-06T09:45:42.577Z [9687e68c-2006-4ed8-a4d0-e76a796b75e0][fdfbd39c-aa59-4b23-a3ac-5f2ddfb5b1b8] Generating... 3 ready, 0 failed / 4 total (52s) [THAM CHIẾU]Fake Dri
2026-09-06T09:45:43.483Z [fb1d9bfc-3bb6-469e-9641-b9a4ee710d57][fdfbd39c-aa59-4b23-a3ac-5f2ddfb5b1b8] Generating... 0 ready, 0 failed / 4 total (27s) image 99% [THAM CHIẾ image 99% [THAM CHIẾ image 99% [THAM CHIẾ image 99% [THAM CHIẾ
2026-09-06T09:45:45.598Z [9687e68c-2006-4ed8-a4d0-e76a796b75e0][fdfbd39c-aa59-4b23-a3ac-5f2ddfb5b1b8] Generating... 4 ready, 0 failed / 4 total (55s)
2026-09-06T09:45:45.599Z [9687e68c-2006-4ed8-a4d0-e76a796b75e0][fdfbd39c-aa59-4b23-a3ac-5f2ddfb5b1b8] Batch done: 4 ready (target 4), 0 failed, scanned 4.
2026-09-06T09:45:45.600Z [9687e68c-2006-4ed8-a4d0-e76a796b75e0][fdfbd39c-aa59-4b23-a3ac-5f2ddfb5b1b8] 4 item(s) ready! Downloading...
2026-09-06T09:45:45.604Z [9687e68c-2006-4ed8-a4d0-e76a796b75e0][fdfbd39c-aa59-4b23-a3ac-5f2ddfb5b1b8] Item 1: Downloading from URL https://flow-content.google/image/896522a1-5db4-4f95-9195-3081d6ec6e13?Expires=1788709488&KeyName=labs-flow-prod-cdn-key&Signature=uwGDVMsfB7DlEfZzxaAemEHhhwY
2026-09-06T09:45:45.900Z [9687e68c-2006-4ed8-a4d0-e76a796b75e0][fdfbd39c-aa59-4b23-a3ac-5f2ddfb5b1b8] Downloaded 1/4: winai_2026-09-06T09-45-45_01.jpg
2026-09-06T09:45:45.903Z [9687e68c-2006-4ed8-a4d0-e76a796b75e0][fdfbd39c-aa59-4b23-a3ac-5f2ddfb5b1b8] Item 2: Downloading from URL https://flow-content.google/image/e0bdc9c8-4c64-4ec9-93d4-8bbfb7cd9960?Expires=1788709487&KeyName=labs-flow-prod-cdn-key&Signature=metFYli0wqQqrnLJGtdZiJMP5D4
2026-09-06T09:45:45.998Z [9687e68c-2006-4ed8-a4d0-e76a796b75e0][fdfbd39c-aa59-4b23-a3ac-5f2ddfb5b1b8] Downloaded 2/4: winai_2026-09-06T09-45-45_02.jpg
2026-09-06T09:45:45.999Z [9687e68c-2006-4ed8-a4d0-e76a796b75e0][fdfbd39c-aa59-4b23-a3ac-5f2ddfb5b1b8] Item 3: Downloading from URL https://flow-content.google/image/38ab7907-d2bb-4fc6-9577-bf7a5a93a4ca?Expires=1788709486&KeyName=labs-flow-prod-cdn-key&Signature=91d5A5M_pMcp85Q6bwk4jO6vlzI
2026-09-06T09:45:46.103Z [9687e68c-2006-4ed8-a4d0-e76a796b75e0][fdfbd39c-aa59-4b23-a3ac-5f2ddfb5b1b8] Downloaded 3/4: winai_2026-09-06T09-45-45_03.jpg
2026-09-06T09:45:46.105Z [9687e68c-2006-4ed8-a4d0-e76a796b75e0][fdfbd39c-aa59-4b23-a3ac-5f2ddfb5b1b8] Item 4: Downloading from URL https://flow-content.google/image/bc27b505-2db8-4ba8-b747-856f2efa0692?Expires=1788709486&KeyName=labs-flow-prod-cdn-key&Signature=wf7yFJ10lcvz9siJq80d_J0clvU
2026-09-06T09:45:46.204Z [9687e68c-2006-4ed8-a4d0-e76a796b75e0][fdfbd39c-aa59-4b23-a3ac-5f2ddfb5b1b8] Downloaded 4/4: winai_2026-09-06T09-45-45_04.jpg
2026-09-06T09:45:46.206Z [9687e68c-2006-4ed8-a4d0-e76a796b75e0][fdfbd39c-aa59-4b23-a3ac-5f2ddfb5b1b8] ✅ 4 item(s) saved to Downloads/Win AI Toolkit/
2026-09-06T09:45:46.513Z [fb1d9bfc-3bb6-469e-9641-b9a4ee710d57][fdfbd39c-aa59-4b23-a3ac-5f2ddfb5b1b8] Generating... 0 ready, 0 failed / 4 total (30s) image 99% [THAM CHIẾ image 99% [THAM CHIẾ image 99% [THAM CHIẾ image 99% [THAM CHIẾ
2026-09-06T09:45:47.096Z [6a6d2aa2-8233-48a3-be03-a86844e05071][fdfbd39c-aa59-4b23-a3ac-5f2ddfb5b1b8] runGeneration starting: task_id=6a6d2aa2-8233-48a3-be03-a86844e05071, profile_id=fdfbd39c-aa59-4b23-a3ac-5f2ddfb5b1b8, target_site=google_flow
2026-09-06T09:45:47.099Z [6a6d2aa2-8233-48a3-be03-a86844e05071][fdfbd39c-aa59-4b23-a3ac-5f2ddfb5b1b8] Opening Playwright browser with persistent profile cookies...
2026-09-06T09:45:47.102Z [6a6d2aa2-8233-48a3-be03-a86844e05071][fdfbd39c-aa59-4b23-a3ac-5f2ddfb5b1b8] Browser engine: winhide (C:\Users\MienTrungComputer\AppData\Roaming\com.tank.winai\winhide\chrome.exe)
2026-09-06T09:45:47.107Z [6a6d2aa2-8233-48a3-be03-a86844e05071][fdfbd39c-aa59-4b23-a3ac-5f2ddfb5b1b8] Launch mode: STEALTH (raw spawn + connectOverCDP)
2026-09-06T09:45:47.157Z [9687e68c-2006-4ed8-a4d0-e76a796b75e0][fdfbd39c-aa59-4b23-a3ac-5f2ddfb5b1b8] Item 2: Uploaded → https://studio.xanhmedia.vn/uploads/2026-09/1788687947061_e4abee_fdfbd39c-aa59-4b23-a3ac-5f2ddfb5b1b8_968.jpg
2026-09-06T09:45:47.181Z [9687e68c-2006-4ed8-a4d0-e76a796b75e0][fdfbd39c-aa59-4b23-a3ac-5f2ddfb5b1b8] Item 3: Uploaded → https://studio.xanhmedia.vn/uploads/2026-09/1788687947090_26f6cd_fdfbd39c-aa59-4b23-a3ac-5f2ddfb5b1b8_968.jpg
2026-09-06T09:45:47.193Z [9687e68c-2006-4ed8-a4d0-e76a796b75e0][fdfbd39c-aa59-4b23-a3ac-5f2ddfb5b1b8] Item 1: Uploaded → https://studio.xanhmedia.vn/uploads/2026-09/1788687947094_3af70c_fdfbd39c-aa59-4b23-a3ac-5f2ddfb5b1b8_968.jpg
2026-09-06T09:45:47.198Z [9687e68c-2006-4ed8-a4d0-e76a796b75e0][fdfbd39c-aa59-4b23-a3ac-5f2ddfb5b1b8] Item 4: Uploaded → https://studio.xanhmedia.vn/uploads/2026-09/1788687947070_340e41_fdfbd39c-aa59-4b23-a3ac-5f2ddfb5b1b8_968.jpg
2026-09-06T09:45:47.272Z [9687e68c-2006-4ed8-a4d0-e76a796b75e0][fdfbd39c-aa59-4b23-a3ac-5f2ddfb5b1b8] All done (including any 1080p upgrades). Closing Playwright browser context.
2026-09-06T09:45:49.613Z [fb1d9bfc-3bb6-469e-9641-b9a4ee710d57][fdfbd39c-aa59-4b23-a3ac-5f2ddfb5b1b8] Generating... 0 ready, 0 failed / 4 total (33s) image 99% [THAM CHIẾ image 99% [THAM CHIẾ image 99% [THAM CHIẾ [THAM CHIẾU]Fake Dri
2026-09-06T09:45:51.011Z [6a6d2aa2-8233-48a3-be03-a86844e05071][fdfbd39c-aa59-4b23-a3ac-5f2ddfb5b1b8] Exit IP: 171.229.14.52
2026-09-06T09:45:51.013Z [6a6d2aa2-8233-48a3-be03-a86844e05071][fdfbd39c-aa59-4b23-a3ac-5f2ddfb5b1b8] Navigating browser to Google Flow tools page...
2026-09-06T09:45:51.016Z [6a6d2aa2-8233-48a3-be03-a86844e05071][fdfbd39c-aa59-4b23-a3ac-5f2ddfb5b1b8] Using existing project URL: https://flow.google.com/project/f4a8359f-f480-4865-9eef-7927ee95f030?hl=en
2026-09-06T09:45:52.671Z [fb1d9bfc-3bb6-469e-9641-b9a4ee710d57][fdfbd39c-aa59-4b23-a3ac-5f2ddfb5b1b8] Generating... 1 ready, 0 failed / 4 total (36s) image 99% [THAM CHIẾ image 99% [THAM CHIẾ image 99% [THAM CHIẾ
2026-09-06T09:45:52.875Z [6a6d2aa2-8233-48a3-be03-a86844e05071][fdfbd39c-aa59-4b23-a3ac-5f2ddfb5b1b8] Waiting for Google Flow...
2026-09-06T09:45:55.104Z [6a6d2aa2-8233-48a3-be03-a86844e05071][fdfbd39c-aa59-4b23-a3ac-5f2ddfb5b1b8] In existing project ✓
2026-09-06T09:45:55.695Z [fb1d9bfc-3bb6-469e-9641-b9a4ee710d57][fdfbd39c-aa59-4b23-a3ac-5f2ddfb5b1b8] Generating... 1 ready, 0 failed / 4 total (39s) image 99% [THAM CHIẾ image 99% [THAM CHIẾ image 99% [THAM CHIẾ
2026-09-06T09:45:56.350Z [6a6d2aa2-8233-48a3-be03-a86844e05071][fdfbd39c-aa59-4b23-a3ac-5f2ddfb5b1b8] dismissPopups: unresolved overlay(s) ["IFRAME[presentation]|btns="]
2026-09-06T09:45:58.723Z [fb1d9bfc-3bb6-469e-9641-b9a4ee710d57][fdfbd39c-aa59-4b23-a3ac-5f2ddfb5b1b8] Generating... 1 ready, 0 failed / 4 total (42s) image 99% [THAM CHIẾ image 99% [THAM CHIẾ image 99% [THAM CHIẾ
2026-09-06T09:46:01.770Z [6a6d2aa2-8233-48a3-be03-a86844e05071][fdfbd39c-aa59-4b23-a3ac-5f2ddfb5b1b8] Composer ready ✓ (UI language: en)
2026-09-06T09:46:01.818Z [fb1d9bfc-3bb6-469e-9641-b9a4ee710d57][fdfbd39c-aa59-4b23-a3ac-5f2ddfb5b1b8] Generating... 1 ready, 0 failed / 4 total (46s) image 99% [THAM CHIẾ [THAM CHIẾU]Fake Dri image 99% [THAM CHIẾ
2026-09-06T09:46:01.906Z [6a6d2aa2-8233-48a3-be03-a86844e05071][fdfbd39c-aa59-4b23-a3ac-5f2ddfb5b1b8] dismissPopups: clicked "Dismiss credit banner" (overlay)
2026-09-06T09:46:03.029Z [6a6d2aa2-8233-48a3-be03-a86844e05071][fdfbd39c-aa59-4b23-a3ac-5f2ddfb5b1b8] dismissPopups: unresolved overlay(s) ["DIV[]|btns=","DIV[]|btns="]
2026-09-06T09:46:03.170Z [6a6d2aa2-8233-48a3-be03-a86844e05071][fdfbd39c-aa59-4b23-a3ac-5f2ddfb5b1b8] Agent toggle aria-pressed=false
2026-09-06T09:46:03.171Z [6a6d2aa2-8233-48a3-be03-a86844e05071][fdfbd39c-aa59-4b23-a3ac-5f2ddfb5b1b8] Opening settings...
2026-09-06T09:46:04.854Z [fb1d9bfc-3bb6-469e-9641-b9a4ee710d57][fdfbd39c-aa59-4b23-a3ac-5f2ddfb5b1b8] Generating... 2 ready, 0 failed / 4 total (49s) [THAM CHIẾU]Fake Dri image 99% [THAM CHIẾ
2026-09-06T09:46:05.794Z [6a6d2aa2-8233-48a3-be03-a86844e05071][fdfbd39c-aa59-4b23-a3ac-5f2ddfb5b1b8] Configuring image settings...
2026-09-06T09:46:07.377Z [6a6d2aa2-8233-48a3-be03-a86844e05071][fdfbd39c-aa59-4b23-a3ac-5f2ddfb5b1b8] Mode: selected "image Image" ✓
2026-09-06T09:46:07.890Z [fb1d9bfc-3bb6-469e-9641-b9a4ee710d57][fdfbd39c-aa59-4b23-a3ac-5f2ddfb5b1b8] Generating... 3 ready, 0 failed / 4 total (52s) image 99% [THAM CHIẾ
2026-09-06T09:46:10.941Z [fb1d9bfc-3bb6-469e-9641-b9a4ee710d57][fdfbd39c-aa59-4b23-a3ac-5f2ddfb5b1b8] Generating... 3 ready, 0 failed / 4 total (55s) [THAM CHIẾU]Fake Dri
2026-09-06T09:46:12.186Z [6a6d2aa2-8233-48a3-be03-a86844e05071][fdfbd39c-aa59-4b23-a3ac-5f2ddfb5b1b8] Model: selected "🍌 Nano Banana 2" ✓
2026-09-06T09:46:12.838Z [6a6d2aa2-8233-48a3-be03-a86844e05071][fdfbd39c-aa59-4b23-a3ac-5f2ddfb5b1b8] Aspect ratio: "crop_16_9 16:9" already selected ✓
2026-09-06T09:46:13.961Z [fb1d9bfc-3bb6-469e-9641-b9a4ee710d57][fdfbd39c-aa59-4b23-a3ac-5f2ddfb5b1b8] Generating... 4 ready, 0 failed / 4 total (58s)
2026-09-06T09:46:13.962Z [fb1d9bfc-3bb6-469e-9641-b9a4ee710d57][fdfbd39c-aa59-4b23-a3ac-5f2ddfb5b1b8] Batch done: 4 ready (target 4), 0 failed, scanned 4.
2026-09-06T09:46:13.964Z [fb1d9bfc-3bb6-469e-9641-b9a4ee710d57][fdfbd39c-aa59-4b23-a3ac-5f2ddfb5b1b8] 4 item(s) ready! Downloading...
2026-09-06T09:46:13.966Z [fb1d9bfc-3bb6-469e-9641-b9a4ee710d57][fdfbd39c-aa59-4b23-a3ac-5f2ddfb5b1b8] Item 1: Downloading from URL https://flow-content.google/image/d305d006-f8ed-4454-90c9-fb98bae1775c?Expires=1788709513&KeyName=labs-flow-prod-cdn-key&Signature=6ssBfvVRXuBX2OUe-xMc393bNo4
2026-09-06T09:46:14.244Z [fb1d9bfc-3bb6-469e-9641-b9a4ee710d57][fdfbd39c-aa59-4b23-a3ac-5f2ddfb5b1b8] Downloaded 1/4: winai_2026-09-06T09-46-13_01.jpg
2026-09-06T09:46:14.247Z [fb1d9bfc-3bb6-469e-9641-b9a4ee710d57][fdfbd39c-aa59-4b23-a3ac-5f2ddfb5b1b8] Item 2: Downloading from URL https://flow-content.google/image/b4da0ca9-6fe4-46f8-b7f8-fdb2083260ca?Expires=1788709512&KeyName=labs-flow-prod-cdn-key&Signature=YDPYBZiUXEQIlEzG-0DjaDvhtd4
2026-09-06T09:46:14.349Z [fb1d9bfc-3bb6-469e-9641-b9a4ee710d57][fdfbd39c-aa59-4b23-a3ac-5f2ddfb5b1b8] Downloaded 2/4: winai_2026-09-06T09-46-13_02.jpg
2026-09-06T09:46:14.350Z [fb1d9bfc-3bb6-469e-9641-b9a4ee710d57][fdfbd39c-aa59-4b23-a3ac-5f2ddfb5b1b8] Item 3: Downloading from URL https://flow-content.google/image/eff6b774-3f9c-43fd-83f6-c02eb08300a0?Expires=1788709512&KeyName=labs-flow-prod-cdn-key&Signature=PRguWBxvfFKDCyOfbEs3uW4YooI
2026-09-06T09:46:14.445Z [fb1d9bfc-3bb6-469e-9641-b9a4ee710d57][fdfbd39c-aa59-4b23-a3ac-5f2ddfb5b1b8] Downloaded 3/4: winai_2026-09-06T09-46-13_03.jpg
2026-09-06T09:46:14.446Z [fb1d9bfc-3bb6-469e-9641-b9a4ee710d57][fdfbd39c-aa59-4b23-a3ac-5f2ddfb5b1b8] Item 4: Downloading from URL https://flow-content.google/image/d509e5c3-204e-4441-ba10-bdb845bad661?Expires=1788709511&KeyName=labs-flow-prod-cdn-key&Signature=8PLicEEJjhpR-0-okiLjmzPVzs0
2026-09-06T09:46:14.502Z [6a6d2aa2-8233-48a3-be03-a86844e05071][fdfbd39c-aa59-4b23-a3ac-5f2ddfb5b1b8] Output count: selected "x4" ✓
2026-09-06T09:46:14.547Z [fb1d9bfc-3bb6-469e-9641-b9a4ee710d57][fdfbd39c-aa59-4b23-a3ac-5f2ddfb5b1b8] Downloaded 4/4: winai_2026-09-06T09-46-13_04.jpg
2026-09-06T09:46:14.549Z [fb1d9bfc-3bb6-469e-9641-b9a4ee710d57][fdfbd39c-aa59-4b23-a3ac-5f2ddfb5b1b8] ✅ 4 item(s) saved to Downloads/Win AI Toolkit/
2026-09-06T09:46:15.092Z [fb1d9bfc-3bb6-469e-9641-b9a4ee710d57][fdfbd39c-aa59-4b23-a3ac-5f2ddfb5b1b8] Item 2: Uploaded → https://studio.xanhmedia.vn/uploads/2026-09/1788687975023_dd5c32_fdfbd39c-aa59-4b23-a3ac-5f2ddfb5b1b8_fb1.jpg
2026-09-06T09:46:15.125Z [fb1d9bfc-3bb6-469e-9641-b9a4ee710d57][fdfbd39c-aa59-4b23-a3ac-5f2ddfb5b1b8] Item 4: Uploaded → https://studio.xanhmedia.vn/uploads/2026-09/1788687975056_ed7b0c_fdfbd39c-aa59-4b23-a3ac-5f2ddfb5b1b8_fb1.jpg
2026-09-06T09:46:15.151Z [fb1d9bfc-3bb6-469e-9641-b9a4ee710d57][fdfbd39c-aa59-4b23-a3ac-5f2ddfb5b1b8] Item 3: Uploaded → https://studio.xanhmedia.vn/uploads/2026-09/1788687975082_e03b29_fdfbd39c-aa59-4b23-a3ac-5f2ddfb5b1b8_fb1.jpg
2026-09-06T09:46:15.164Z [95a8d46a-f430-4986-96eb-f4eecbd8f40b][fdfbd39c-aa59-4b23-a3ac-5f2ddfb5b1b8] runGeneration starting: task_id=95a8d46a-f430-4986-96eb-f4eecbd8f40b, profile_id=fdfbd39c-aa59-4b23-a3ac-5f2ddfb5b1b8, target_site=google_flow
2026-09-06T09:46:15.165Z [95a8d46a-f430-4986-96eb-f4eecbd8f40b][fdfbd39c-aa59-4b23-a3ac-5f2ddfb5b1b8] Opening Playwright browser with persistent profile cookies...
2026-09-06T09:46:15.166Z [95a8d46a-f430-4986-96eb-f4eecbd8f40b][fdfbd39c-aa59-4b23-a3ac-5f2ddfb5b1b8] Browser engine: winhide (C:\Users\MienTrungComputer\AppData\Roaming\com.tank.winai\winhide\chrome.exe)
2026-09-06T09:46:15.168Z [95a8d46a-f430-4986-96eb-f4eecbd8f40b][fdfbd39c-aa59-4b23-a3ac-5f2ddfb5b1b8] Launch mode: STEALTH (raw spawn + connectOverCDP)
2026-09-06T09:46:15.181Z [fb1d9bfc-3bb6-469e-9641-b9a4ee710d57][fdfbd39c-aa59-4b23-a3ac-5f2ddfb5b1b8] Item 1: Uploaded → https://studio.xanhmedia.vn/uploads/2026-09/1788687975107_1ae582_fdfbd39c-aa59-4b23-a3ac-5f2ddfb5b1b8_fb1.jpg
2026-09-06T09:46:15.208Z [fb1d9bfc-3bb6-469e-9641-b9a4ee710d57][fdfbd39c-aa59-4b23-a3ac-5f2ddfb5b1b8] All done (including any 1080p upgrades). Closing Playwright browser context.
2026-09-06T09:46:15.538Z [6a6d2aa2-8233-48a3-be03-a86844e05071][fdfbd39c-aa59-4b23-a3ac-5f2ddfb5b1b8] Ref image 1/5: downloading from URL...
2026-09-06T09:46:16.078Z [6a6d2aa2-8233-48a3-be03-a86844e05071][fdfbd39c-aa59-4b23-a3ac-5f2ddfb5b1b8] Downloader: no-proxy request context ready.
2026-09-06T09:46:16.663Z [6a6d2aa2-8233-48a3-be03-a86844e05071][fdfbd39c-aa59-4b23-a3ac-5f2ddfb5b1b8] Ref image 1/5: saved 527475 bytes (image/jpeg) as "Arlo School Day.jpeg"
2026-09-06T09:46:16.713Z [6a6d2aa2-8233-48a3-be03-a86844e05071][fdfbd39c-aa59-4b23-a3ac-5f2ddfb5b1b8] Ref image 1/5: attaching reference image...
2026-09-06T09:46:18.424Z [95a8d46a-f430-4986-96eb-f4eecbd8f40b][fdfbd39c-aa59-4b23-a3ac-5f2ddfb5b1b8] Exit IP: 171.229.14.52
2026-09-06T09:46:18.426Z [95a8d46a-f430-4986-96eb-f4eecbd8f40b][fdfbd39c-aa59-4b23-a3ac-5f2ddfb5b1b8] Navigating browser to Google Flow tools page...
2026-09-06T09:46:18.430Z [95a8d46a-f430-4986-96eb-f4eecbd8f40b][fdfbd39c-aa59-4b23-a3ac-5f2ddfb5b1b8] Using existing project URL: https://flow.google.com/project/390215dc-290f-4b92-a7f0-dd2b6651acfb?hl=en
2026-09-06T09:46:19.443Z [6a6d2aa2-8233-48a3-be03-a86844e05071][fdfbd39c-aa59-4b23-a3ac-5f2ddfb5b1b8] Ref image 1/5: reusing library asset "Arlo School Day.jpeg" (no re-upload).
2026-09-06T09:46:19.784Z [95a8d46a-f430-4986-96eb-f4eecbd8f40b][fdfbd39c-aa59-4b23-a3ac-5f2ddfb5b1b8] Waiting for Google Flow...
2026-09-06T09:46:21.294Z [95a8d46a-f430-4986-96eb-f4eecbd8f40b][fdfbd39c-aa59-4b23-a3ac-5f2ddfb5b1b8] In existing project ✓
2026-09-06T09:46:22.722Z [95a8d46a-f430-4986-96eb-f4eecbd8f40b][fdfbd39c-aa59-4b23-a3ac-5f2ddfb5b1b8] dismissPopups: unresolved overlay(s) ["IFRAME[presentation]|btns="]
2026-09-06T09:46:23.618Z [6a6d2aa2-8233-48a3-be03-a86844e05071][fdfbd39c-aa59-4b23-a3ac-5f2ddfb5b1b8] Ref image 1/5: chips 0→1 ✓
2026-09-06T09:46:25.112Z [6a6d2aa2-8233-48a3-be03-a86844e05071][fdfbd39c-aa59-4b23-a3ac-5f2ddfb5b1b8] Ref image 2/5: downloading from URL...
2026-09-06T09:46:25.527Z [6a6d2aa2-8233-48a3-be03-a86844e05071][fdfbd39c-aa59-4b23-a3ac-5f2ddfb5b1b8] Ref image 2/5: saved 643624 bytes (image/jpeg) as "Nessa School Day.jpeg"
2026-09-06T09:46:25.559Z [6a6d2aa2-8233-48a3-be03-a86844e05071][fdfbd39c-aa59-4b23-a3ac-5f2ddfb5b1b8] Ref image 2/5: attaching reference image...
2026-09-06T09:46:25.913Z [95a8d46a-f430-4986-96eb-f4eecbd8f40b][fdfbd39c-aa59-4b23-a3ac-5f2ddfb5b1b8] Composer ready ✓ (UI language: en)
2026-09-06T09:46:25.998Z [95a8d46a-f430-4986-96eb-f4eecbd8f40b][fdfbd39c-aa59-4b23-a3ac-5f2ddfb5b1b8] dismissPopups: clicked "Dismiss credit banner" (overlay)
2026-09-06T09:46:26.558Z [95a8d46a-f430-4986-96eb-f4eecbd8f40b][fdfbd39c-aa59-4b23-a3ac-5f2ddfb5b1b8] dismissPopups: unresolved overlay(s) ["DIV[]|btns=","DIV[]|btns="]
2026-09-06T09:46:26.670Z [95a8d46a-f430-4986-96eb-f4eecbd8f40b][fdfbd39c-aa59-4b23-a3ac-5f2ddfb5b1b8] Agent toggle aria-pressed=false
2026-09-06T09:46:26.673Z [95a8d46a-f430-4986-96eb-f4eecbd8f40b][fdfbd39c-aa59-4b23-a3ac-5f2ddfb5b1b8] Opening settings...
2026-09-06T09:46:28.135Z [6a6d2aa2-8233-48a3-be03-a86844e05071][fdfbd39c-aa59-4b23-a3ac-5f2ddfb5b1b8] Ref image 2/5: reusing library asset "Nessa School Day.jpeg" (no re-upload).
2026-09-06T09:46:28.878Z [95a8d46a-f430-4986-96eb-f4eecbd8f40b][fdfbd39c-aa59-4b23-a3ac-5f2ddfb5b1b8] Configuring image settings...
2026-09-06T09:46:30.815Z [95a8d46a-f430-4986-96eb-f4eecbd8f40b][fdfbd39c-aa59-4b23-a3ac-5f2ddfb5b1b8] Mode: selected "image Image" ✓
2026-09-06T09:46:32.284Z [6a6d2aa2-8233-48a3-be03-a86844e05071][fdfbd39c-aa59-4b23-a3ac-5f2ddfb5b1b8] Ref image 2/5: chips 1→2 ✓
2026-09-06T09:46:33.963Z [6a6d2aa2-8233-48a3-be03-a86844e05071][fdfbd39c-aa59-4b23-a3ac-5f2ddfb5b1b8] Ref image 3/5: downloading from URL...
2026-09-06T09:46:34.309Z [6a6d2aa2-8233-48a3-be03-a86844e05071][fdfbd39c-aa59-4b23-a3ac-5f2ddfb5b1b8] Ref image 3/5: saved 509101 bytes (image/jpeg) as "Chili School Day.jpeg"
2026-09-06T09:46:34.316Z [6a6d2aa2-8233-48a3-be03-a86844e05071][fdfbd39c-aa59-4b23-a3ac-5f2ddfb5b1b8] Ref image 3/5: attaching reference image...
2026-09-06T09:46:35.421Z [95a8d46a-f430-4986-96eb-f4eecbd8f40b][fdfbd39c-aa59-4b23-a3ac-5f2ddfb5b1b8] Model: selected "🍌 Nano Banana 2" ✓
2026-09-06T09:46:35.969Z [95a8d46a-f430-4986-96eb-f4eecbd8f40b][fdfbd39c-aa59-4b23-a3ac-5f2ddfb5b1b8] Aspect ratio: "crop_16_9 16:9" already selected ✓
2026-09-06T09:46:36.546Z [6a6d2aa2-8233-48a3-be03-a86844e05071][fdfbd39c-aa59-4b23-a3ac-5f2ddfb5b1b8] Ref image 3/5: reusing library asset "Chili School Day.jpeg" (no re-upload).
2026-09-06T09:46:37.448Z [95a8d46a-f430-4986-96eb-f4eecbd8f40b][fdfbd39c-aa59-4b23-a3ac-5f2ddfb5b1b8] Output count: selected "x4" ✓
2026-09-06T09:46:38.681Z [95a8d46a-f430-4986-96eb-f4eecbd8f40b][fdfbd39c-aa59-4b23-a3ac-5f2ddfb5b1b8] Ref image 1/5: downloading from URL...
2026-09-06T09:46:39.077Z [95a8d46a-f430-4986-96eb-f4eecbd8f40b][fdfbd39c-aa59-4b23-a3ac-5f2ddfb5b1b8] Downloader: no-proxy request context ready.
2026-09-06T09:46:39.630Z [95a8d46a-f430-4986-96eb-f4eecbd8f40b][fdfbd39c-aa59-4b23-a3ac-5f2ddfb5b1b8] Ref image 1/5: saved 527475 bytes (image/jpeg) as "Arlo School Day.jpeg"
2026-09-06T09:46:39.643Z [95a8d46a-f430-4986-96eb-f4eecbd8f40b][fdfbd39c-aa59-4b23-a3ac-5f2ddfb5b1b8] Ref image 1/5: attaching reference image...
2026-09-06T09:46:40.006Z [6a6d2aa2-8233-48a3-be03-a86844e05071][fdfbd39c-aa59-4b23-a3ac-5f2ddfb5b1b8] Ref image 3/5: chips 2→3 ✓
2026-09-06T09:46:41.316Z [6a6d2aa2-8233-48a3-be03-a86844e05071][fdfbd39c-aa59-4b23-a3ac-5f2ddfb5b1b8] Ref image 4/5: downloading from URL...
2026-09-06T09:46:41.664Z [6a6d2aa2-8233-48a3-be03-a86844e05071][fdfbd39c-aa59-4b23-a3ac-5f2ddfb5b1b8] Ref image 4/5: saved 477937 bytes (image/jpeg) as "Chili School Backpack Set.jpeg"
2026-09-06T09:46:41.676Z [6a6d2aa2-8233-48a3-be03-a86844e05071][fdfbd39c-aa59-4b23-a3ac-5f2ddfb5b1b8] Ref image 4/5: attaching reference image...
2026-09-06T09:46:41.696Z [95a8d46a-f430-4986-96eb-f4eecbd8f40b][fdfbd39c-aa59-4b23-a3ac-5f2ddfb5b1b8] Ref image 1/5: reusing library asset "Arlo School Day.jpeg" (no re-upload).
2026-09-06T09:46:44.010Z [6a6d2aa2-8233-48a3-be03-a86844e05071][fdfbd39c-aa59-4b23-a3ac-5f2ddfb5b1b8] Ref image 4/5: "Chili School Backpack Set.jpeg" not in the library yet — uploading it first.
2026-09-06T09:46:45.467Z [95a8d46a-f430-4986-96eb-f4eecbd8f40b][fdfbd39c-aa59-4b23-a3ac-5f2ddfb5b1b8] Ref image 1/5: chips 0→1 ✓
2026-09-06T09:46:47.022Z [95a8d46a-f430-4986-96eb-f4eecbd8f40b][fdfbd39c-aa59-4b23-a3ac-5f2ddfb5b1b8] Ref image 2/5: downloading from URL...
2026-09-06T09:46:47.397Z [95a8d46a-f430-4986-96eb-f4eecbd8f40b][fdfbd39c-aa59-4b23-a3ac-5f2ddfb5b1b8] Ref image 2/5: saved 643624 bytes (image/jpeg) as "Nessa School Day.jpeg"
2026-09-06T09:46:47.409Z [95a8d46a-f430-4986-96eb-f4eecbd8f40b][fdfbd39c-aa59-4b23-a3ac-5f2ddfb5b1b8] Ref image 2/5: attaching reference image...
2026-09-06T09:46:48.020Z [6a6d2aa2-8233-48a3-be03-a86844e05071][fdfbd39c-aa59-4b23-a3ac-5f2ddfb5b1b8] Ref image 4/5: uploading "Chili School Backpack Set.jpeg" to the project library...
2026-09-06T09:46:49.203Z [6a6d2aa2-8233-48a3-be03-a86844e05071][fdfbd39c-aa59-4b23-a3ac-5f2ddfb5b1b8] Ref image 4/5: upload finished ✓
2026-09-06T09:46:49.850Z [95a8d46a-f430-4986-96eb-f4eecbd8f40b][fdfbd39c-aa59-4b23-a3ac-5f2ddfb5b1b8] Ref image 2/5: reusing library asset "Nessa School Day.jpeg" (no re-upload).
2026-09-06T09:46:53.619Z [95a8d46a-f430-4986-96eb-f4eecbd8f40b][fdfbd39c-aa59-4b23-a3ac-5f2ddfb5b1b8] Ref image 2/5: chips 1→2 ✓
2026-09-06T09:46:54.895Z [95a8d46a-f430-4986-96eb-f4eecbd8f40b][fdfbd39c-aa59-4b23-a3ac-5f2ddfb5b1b8] Ref image 3/5: downloading from URL...
2026-09-06T09:46:55.248Z [95a8d46a-f430-4986-96eb-f4eecbd8f40b][fdfbd39c-aa59-4b23-a3ac-5f2ddfb5b1b8] Ref image 3/5: saved 509101 bytes (image/jpeg) as "Chili School Day.jpeg"
2026-09-06T09:46:55.269Z [95a8d46a-f430-4986-96eb-f4eecbd8f40b][fdfbd39c-aa59-4b23-a3ac-5f2ddfb5b1b8] Ref image 3/5: attaching reference image...
2026-09-06T09:46:58.088Z [95a8d46a-f430-4986-96eb-f4eecbd8f40b][fdfbd39c-aa59-4b23-a3ac-5f2ddfb5b1b8] Ref image 3/5: reusing library asset "Chili School Day.jpeg" (no re-upload).
2026-09-06T09:46:59.842Z [6a6d2aa2-8233-48a3-be03-a86844e05071][fdfbd39c-aa59-4b23-a3ac-5f2ddfb5b1b8] Ref image 4/5: chips 3→4 ✓
2026-09-06T09:47:01.413Z [6a6d2aa2-8233-48a3-be03-a86844e05071][fdfbd39c-aa59-4b23-a3ac-5f2ddfb5b1b8] Ref image 5/5: downloading from URL...
2026-09-06T09:47:01.792Z [6a6d2aa2-8233-48a3-be03-a86844e05071][fdfbd39c-aa59-4b23-a3ac-5f2ddfb5b1b8] Ref image 5/5: saved 703417 bytes (image/jpeg) as "Verdant School Bus Interior Master.jpeg"
2026-09-06T09:47:01.827Z [6a6d2aa2-8233-48a3-be03-a86844e05071][fdfbd39c-aa59-4b23-a3ac-5f2ddfb5b1b8] Ref image 5/5: attaching reference image...
2026-09-06T09:47:02.041Z [95a8d46a-f430-4986-96eb-f4eecbd8f40b][fdfbd39c-aa59-4b23-a3ac-5f2ddfb5b1b8] Ref image 3/5: chips 2→3 ✓
2026-09-06T09:47:03.399Z [95a8d46a-f430-4986-96eb-f4eecbd8f40b][fdfbd39c-aa59-4b23-a3ac-5f2ddfb5b1b8] Ref image 4/5: downloading from URL...
2026-09-06T09:47:03.802Z [95a8d46a-f430-4986-96eb-f4eecbd8f40b][fdfbd39c-aa59-4b23-a3ac-5f2ddfb5b1b8] Ref image 4/5: saved 703417 bytes (image/jpeg) as "Verdant School Bus Interior Master.jpeg"
2026-09-06T09:47:03.817Z [95a8d46a-f430-4986-96eb-f4eecbd8f40b][fdfbd39c-aa59-4b23-a3ac-5f2ddfb5b1b8] Ref image 4/5: attaching reference image...
2026-09-06T09:47:04.016Z [6a6d2aa2-8233-48a3-be03-a86844e05071][fdfbd39c-aa59-4b23-a3ac-5f2ddfb5b1b8] Ref image 5/5: reusing library asset "Verdant School Bus Interior Master.jpeg" (no re-upload).
2026-09-06T09:47:06.197Z [95a8d46a-f430-4986-96eb-f4eecbd8f40b][fdfbd39c-aa59-4b23-a3ac-5f2ddfb5b1b8] Ref image 4/5: reusing library asset "Verdant School Bus Interior Master.jpeg" (no re-upload).
2026-09-06T09:47:08.573Z [6a6d2aa2-8233-48a3-be03-a86844e05071][fdfbd39c-aa59-4b23-a3ac-5f2ddfb5b1b8] Ref image 5/5: chips 4→5 ✓
2026-09-06T09:47:08.594Z [6a6d2aa2-8233-48a3-be03-a86844e05071][fdfbd39c-aa59-4b23-a3ac-5f2ddfb5b1b8] Entering prompt...
2026-09-06T09:47:09.610Z [95a8d46a-f430-4986-96eb-f4eecbd8f40b][fdfbd39c-aa59-4b23-a3ac-5f2ddfb5b1b8] Ref image 4/5: chips 3→4 ✓
2026-09-06T09:47:10.492Z [6a6d2aa2-8233-48a3-be03-a86844e05071][fdfbd39c-aa59-4b23-a3ac-5f2ddfb5b1b8] Prompt is 1460 chars — typing it in 24 chunk(s).
2026-09-06T09:47:10.821Z [95a8d46a-f430-4986-96eb-f4eecbd8f40b][fdfbd39c-aa59-4b23-a3ac-5f2ddfb5b1b8] Ref image 5/5: downloading from URL...
2026-09-06T09:47:11.151Z [95a8d46a-f430-4986-96eb-f4eecbd8f40b][fdfbd39c-aa59-4b23-a3ac-5f2ddfb5b1b8] Ref image 5/5: saved 477937 bytes (image/jpeg) as "Chili School Backpack Set.jpeg"
2026-09-06T09:47:11.165Z [95a8d46a-f430-4986-96eb-f4eecbd8f40b][fdfbd39c-aa59-4b23-a3ac-5f2ddfb5b1b8] Ref image 5/5: attaching reference image...
2026-09-06T09:47:13.412Z [95a8d46a-f430-4986-96eb-f4eecbd8f40b][fdfbd39c-aa59-4b23-a3ac-5f2ddfb5b1b8] Ref image 5/5: "Chili School Backpack Set.jpeg" not in the library yet — uploading it first.
2026-09-06T09:47:17.379Z [95a8d46a-f430-4986-96eb-f4eecbd8f40b][fdfbd39c-aa59-4b23-a3ac-5f2ddfb5b1b8] Ref image 5/5: uploading "Chili School Backpack Set.jpeg" to the project library...
2026-09-06T09:47:18.262Z [95a8d46a-f430-4986-96eb-f4eecbd8f40b][fdfbd39c-aa59-4b23-a3ac-5f2ddfb5b1b8] Ref image 5/5: upload finished ✓
2026-09-06T09:47:22.230Z [6a6d2aa2-8233-48a3-be03-a86844e05071][fdfbd39c-aa59-4b23-a3ac-5f2ddfb5b1b8] Prompt insert attempt 1: editor has 1438 chars (want ~1452) ✓
2026-09-06T09:47:24.093Z [6a6d2aa2-8233-48a3-be03-a86844e05071][fdfbd39c-aa59-4b23-a3ac-5f2ddfb5b1b8] Baseline: 27 pre-existing media tile(s) of 27 mounted (kinds: image,image,image,image,image,image,image,image,image,image,image,image,image,image,image,image,image,image,image,image,image,image,image,image,image,image,image).
2026-09-06T09:47:28.613Z [6a6d2aa2-8233-48a3-be03-a86844e05071][fdfbd39c-aa59-4b23-a3ac-5f2ddfb5b1b8] [submit] confirmed (editor "What do you want to ", fresh tile=true).
2026-09-06T09:47:28.992Z [95a8d46a-f430-4986-96eb-f4eecbd8f40b][fdfbd39c-aa59-4b23-a3ac-5f2ddfb5b1b8] Ref image 5/5: chips 4→5 ✓
2026-09-06T09:47:29.080Z [95a8d46a-f430-4986-96eb-f4eecbd8f40b][fdfbd39c-aa59-4b23-a3ac-5f2ddfb5b1b8] Entering prompt...
2026-09-06T09:47:29.166Z [6a6d2aa2-8233-48a3-be03-a86844e05071][fdfbd39c-aa59-4b23-a3ac-5f2ddfb5b1b8] Current Workspace project URL: https://flow.google.com/project/f4a8359f-f480-4865-9eef-7927ee95f030?hl=en
2026-09-06T09:47:29.169Z [6a6d2aa2-8233-48a3-be03-a86844e05071][fdfbd39c-aa59-4b23-a3ac-5f2ddfb5b1b8] Submitted ✓ Detecting batch size...
2026-09-06T09:47:29.277Z [6a6d2aa2-8233-48a3-be03-a86844e05071][fdfbd39c-aa59-4b23-a3ac-5f2ddfb5b1b8] New tile(s) since submit: 0 → 4 (mounted=27)
2026-09-06T09:47:31.270Z [95a8d46a-f430-4986-96eb-f4eecbd8f40b][fdfbd39c-aa59-4b23-a3ac-5f2ddfb5b1b8] Prompt is 1470 chars — typing it in 24 chunk(s).
2026-09-06T09:47:33.516Z [6a6d2aa2-8233-48a3-be03-a86844e05071][fdfbd39c-aa59-4b23-a3ac-5f2ddfb5b1b8] Batch size stabilised at 4 new tile(s)
2026-09-06T09:47:33.518Z [6a6d2aa2-8233-48a3-be03-a86844e05071][fdfbd39c-aa59-4b23-a3ac-5f2ddfb5b1b8] Batch detected: 4 item(s). Generating...
2026-09-06T09:47:33.520Z [6a6d2aa2-8233-48a3-be03-a86844e05071][fdfbd39c-aa59-4b23-a3ac-5f2ddfb5b1b8] Polling for 4 image item(s) (baseline=27, hasUpload=true)...
2026-09-06T09:47:33.559Z [6a6d2aa2-8233-48a3-be03-a86844e05071][fdfbd39c-aa59-4b23-a3ac-5f2ddfb5b1b8] Generating... 0 ready, 0 failed / 4 total (0s) image 51% [THAM CHIẾ image 51% [THAM CHIẾ image 51% [THAM CHIẾ image 51% [THAM CHIẾ
2026-09-06T09:47:36.583Z [6a6d2aa2-8233-48a3-be03-a86844e05071][fdfbd39c-aa59-4b23-a3ac-5f2ddfb5b1b8] Generating... 0 ready, 0 failed / 4 total (3s) image 71% [THAM CHIẾ image 71% [THAM CHIẾ image 71% [THAM CHIẾ image 71% [THAM CHIẾ
2026-09-06T09:47:39.616Z [6a6d2aa2-8233-48a3-be03-a86844e05071][fdfbd39c-aa59-4b23-a3ac-5f2ddfb5b1b8] Generating... 0 ready, 0 failed / 4 total (6s) image 91% [THAM CHIẾ image 91% [THAM CHIẾ image 91% [THAM CHIẾ image 91% [THAM CHIẾ
2026-09-06T09:47:42.411Z [95a8d46a-f430-4986-96eb-f4eecbd8f40b][fdfbd39c-aa59-4b23-a3ac-5f2ddfb5b1b8] Prompt insert attempt 1: editor has 1448 chars (want ~1462) ✓
2026-09-06T09:47:42.653Z [6a6d2aa2-8233-48a3-be03-a86844e05071][fdfbd39c-aa59-4b23-a3ac-5f2ddfb5b1b8] Generating... 0 ready, 0 failed / 4 total (9s) image 99% [THAM CHIẾ image 99% [THAM CHIẾ image 99% [THAM CHIẾ image 99% [THAM CHIẾ
2026-09-06T09:47:44.172Z [95a8d46a-f430-4986-96eb-f4eecbd8f40b][fdfbd39c-aa59-4b23-a3ac-5f2ddfb5b1b8] Baseline: 27 pre-existing media tile(s) of 27 mounted (kinds: image,image,image,image,image,image,image,image,image,image,image,image,image,image,image,image,image,image,image,image,image,image,image,image,image,image,image).
2026-09-06T09:47:45.676Z [6a6d2aa2-8233-48a3-be03-a86844e05071][fdfbd39c-aa59-4b23-a3ac-5f2ddfb5b1b8] Generating... 0 ready, 0 failed / 4 total (12s) image 99% [THAM CHIẾ image 99% [THAM CHIẾ image 99% [THAM CHIẾ image 99% [THAM CHIẾ
2026-09-06T09:47:47.292Z [95a8d46a-f430-4986-96eb-f4eecbd8f40b][fdfbd39c-aa59-4b23-a3ac-5f2ddfb5b1b8] [submit] confirmed (editor "What do you want to ", fresh tile=true).
2026-09-06T09:47:48.054Z [95a8d46a-f430-4986-96eb-f4eecbd8f40b][fdfbd39c-aa59-4b23-a3ac-5f2ddfb5b1b8] Current Workspace project URL: https://flow.google.com/project/390215dc-290f-4b92-a7f0-dd2b6651acfb?hl=en
2026-09-06T09:47:48.056Z [95a8d46a-f430-4986-96eb-f4eecbd8f40b][fdfbd39c-aa59-4b23-a3ac-5f2ddfb5b1b8] Submitted ✓ Detecting batch size...
2026-09-06T09:47:48.132Z [95a8d46a-f430-4986-96eb-f4eecbd8f40b][fdfbd39c-aa59-4b23-a3ac-5f2ddfb5b1b8] New tile(s) since submit: 0 → 4 (mounted=27)
2026-09-06T09:47:48.703Z [6a6d2aa2-8233-48a3-be03-a86844e05071][fdfbd39c-aa59-4b23-a3ac-5f2ddfb5b1b8] Generating... 0 ready, 0 failed / 4 total (15s) image 99% [THAM CHIẾ image 99% [THAM CHIẾ image 99% [THAM CHIẾ image 99% [THAM CHIẾ
2026-09-06T09:47:51.722Z [6a6d2aa2-8233-48a3-be03-a86844e05071][fdfbd39c-aa59-4b23-a3ac-5f2ddfb5b1b8] Generating... 0 ready, 0 failed / 4 total (18s) image 99% [THAM CHIẾ image 99% [THAM CHIẾ image 99% [THAM CHIẾ image 99% [THAM CHIẾ
2026-09-06T09:47:52.319Z [95a8d46a-f430-4986-96eb-f4eecbd8f40b][fdfbd39c-aa59-4b23-a3ac-5f2ddfb5b1b8] Batch size stabilised at 4 new tile(s)
2026-09-06T09:47:52.320Z [95a8d46a-f430-4986-96eb-f4eecbd8f40b][fdfbd39c-aa59-4b23-a3ac-5f2ddfb5b1b8] Batch detected: 4 item(s). Generating...
2026-09-06T09:47:52.320Z [95a8d46a-f430-4986-96eb-f4eecbd8f40b][fdfbd39c-aa59-4b23-a3ac-5f2ddfb5b1b8] Polling for 4 image item(s) (baseline=27, hasUpload=true)...
2026-09-06T09:47:52.348Z [95a8d46a-f430-4986-96eb-f4eecbd8f40b][fdfbd39c-aa59-4b23-a3ac-5f2ddfb5b1b8] Generating... 0 ready, 0 failed / 4 total (0s) image 43% [THAM CHIẾ image 43% [THAM CHIẾ image 43% [THAM CHIẾ image 44% [THAM CHIẾ
2026-09-06T09:47:54.752Z [6a6d2aa2-8233-48a3-be03-a86844e05071][fdfbd39c-aa59-4b23-a3ac-5f2ddfb5b1b8] Generating... 0 ready, 0 failed / 4 total (21s) image 99% [THAM CHIẾ image 99% [THAM CHIẾ image 99% [THAM CHIẾ image 99% [THAM CHIẾ
2026-09-06T09:47:55.372Z [95a8d46a-f430-4986-96eb-f4eecbd8f40b][fdfbd39c-aa59-4b23-a3ac-5f2ddfb5b1b8] Generating... 0 ready, 0 failed / 4 total (3s) image 64% [THAM CHIẾ image 64% [THAM CHIẾ image 64% [THAM CHIẾ image 64% [THAM CHIẾ
2026-09-06T09:47:57.777Z [6a6d2aa2-8233-48a3-be03-a86844e05071][fdfbd39c-aa59-4b23-a3ac-5f2ddfb5b1b8] Generating... 0 ready, 0 failed / 4 total (24s) image 99% [THAM CHIẾ image 99% [THAM CHIẾ image 99% [THAM CHIẾ image 99% [THAM CHIẾ
2026-09-06T09:47:58.389Z [95a8d46a-f430-4986-96eb-f4eecbd8f40b][fdfbd39c-aa59-4b23-a3ac-5f2ddfb5b1b8] Generating... 0 ready, 0 failed / 4 total (6s) image 84% [THAM CHIẾ image 84% [THAM CHIẾ image 84% [THAM CHIẾ image 84% [THAM CHIẾ
2026-09-06T09:48:00.803Z [6a6d2aa2-8233-48a3-be03-a86844e05071][fdfbd39c-aa59-4b23-a3ac-5f2ddfb5b1b8] Generating... 0 ready, 0 failed / 4 total (27s) image 99% [THAM CHIẾ image 99% [THAM CHIẾ image 99% [THAM CHIẾ image 99% [THAM CHIẾ
2026-09-06T09:48:01.432Z [95a8d46a-f430-4986-96eb-f4eecbd8f40b][fdfbd39c-aa59-4b23-a3ac-5f2ddfb5b1b8] Generating... 0 ready, 0 failed / 4 total (9s) image 99% [THAM CHIẾ image 99% [THAM CHIẾ image 99% [THAM CHIẾ image 99% [THAM CHIẾ
2026-09-06T09:48:03.827Z [6a6d2aa2-8233-48a3-be03-a86844e05071][fdfbd39c-aa59-4b23-a3ac-5f2ddfb5b1b8] Generating... 0 ready, 0 failed / 4 total (30s) image 99% [THAM CHIẾ image 99% [THAM CHIẾ image 99% [THAM CHIẾ image 99% [THAM CHIẾ
2026-09-06T09:48:04.468Z [95a8d46a-f430-4986-96eb-f4eecbd8f40b][fdfbd39c-aa59-4b23-a3ac-5f2ddfb5b1b8] Generating... 0 ready, 0 failed / 4 total (12s) image 99% [THAM CHIẾ image 99% [THAM CHIẾ image 99% [THAM CHIẾ image 99% [THAM CHIẾ
2026-09-06T09:48:06.845Z [6a6d2aa2-8233-48a3-be03-a86844e05071][fdfbd39c-aa59-4b23-a3ac-5f2ddfb5b1b8] Generating... 0 ready, 0 failed / 4 total (33s) image 99% [THAM CHIẾ image 99% [THAM CHIẾ [THAM CHIẾU]Arlo Sch [THAM CHIẾU]Arlo Sch
2026-09-06T09:48:07.489Z [95a8d46a-f430-4986-96eb-f4eecbd8f40b][fdfbd39c-aa59-4b23-a3ac-5f2ddfb5b1b8] Generating... 0 ready, 0 failed / 4 total (15s) image 99% [THAM CHIẾ image 99% [THAM CHIẾ image 99% [THAM CHIẾ image 99% [THAM CHIẾ
2026-09-06T09:48:09.865Z [6a6d2aa2-8233-48a3-be03-a86844e05071][fdfbd39c-aa59-4b23-a3ac-5f2ddfb5b1b8] Generating... 2 ready, 0 failed / 4 total (36s) image 99% [THAM CHIẾ image 99% [THAM CHIẾ
2026-09-06T09:48:10.513Z [95a8d46a-f430-4986-96eb-f4eecbd8f40b][fdfbd39c-aa59-4b23-a3ac-5f2ddfb5b1b8] Generating... 0 ready, 0 failed / 4 total (18s) image 99% [THAM CHIẾ image 99% [THAM CHIẾ image 99% [THAM CHIẾ image 99% [THAM CHIẾ
2026-09-06T09:48:12.892Z [6a6d2aa2-8233-48a3-be03-a86844e05071][fdfbd39c-aa59-4b23-a3ac-5f2ddfb5b1b8] Generating... 2 ready, 0 failed / 4 total (39s) [THAM CHIẾU]Arlo Sch image 99% [THAM CHIẾ
2026-09-06T09:48:13.538Z [95a8d46a-f430-4986-96eb-f4eecbd8f40b][fdfbd39c-aa59-4b23-a3ac-5f2ddfb5b1b8] Generating... 0 ready, 0 failed / 4 total (21s) image 99% [THAM CHIẾ image 99% [THAM CHIẾ image 99% [THAM CHIẾ image 99% [THAM CHIẾ
2026-09-06T09:48:15.921Z [6a6d2aa2-8233-48a3-be03-a86844e05071][fdfbd39c-aa59-4b23-a3ac-5f2ddfb5b1b8] Generating... 3 ready, 0 failed / 4 total (42s) image 99% [THAM CHIẾ
2026-09-06T09:48:16.574Z [95a8d46a-f430-4986-96eb-f4eecbd8f40b][fdfbd39c-aa59-4b23-a3ac-5f2ddfb5b1b8] Generating... 0 ready, 0 failed / 4 total (24s) image 99% [THAM CHIẾ image 99% [THAM CHIẾ image 99% [THAM CHIẾ image 99% [THAM CHIẾ
2026-09-06T09:48:18.945Z [6a6d2aa2-8233-48a3-be03-a86844e05071][fdfbd39c-aa59-4b23-a3ac-5f2ddfb5b1b8] Generating... 3 ready, 0 failed / 4 total (45s) image 99% [THAM CHIẾ
2026-09-06T09:48:19.598Z [95a8d46a-f430-4986-96eb-f4eecbd8f40b][fdfbd39c-aa59-4b23-a3ac-5f2ddfb5b1b8] Generating... 0 ready, 0 failed / 4 total (27s) image 99% [THAM CHIẾ image 99% [THAM CHIẾ image 99% [THAM CHIẾ image 99% [THAM CHIẾ
2026-09-06T09:48:21.976Z [6a6d2aa2-8233-48a3-be03-a86844e05071][fdfbd39c-aa59-4b23-a3ac-5f2ddfb5b1b8] Generating... 3 ready, 0 failed / 4 total (48s) [THAM CHIẾU]Arlo Sch
2026-09-06T09:48:22.616Z [95a8d46a-f430-4986-96eb-f4eecbd8f40b][fdfbd39c-aa59-4b23-a3ac-5f2ddfb5b1b8] Generating... 0 ready, 0 failed / 4 total (30s) image 99% [THAM CHIẾ image 99% [THAM CHIẾ image 99% [THAM CHIẾ image 99% [THAM CHIẾ
2026-09-06T09:48:25.000Z [6a6d2aa2-8233-48a3-be03-a86844e05071][fdfbd39c-aa59-4b23-a3ac-5f2ddfb5b1b8] Generating... 4 ready, 0 failed / 4 total (51s)
2026-09-06T09:48:25.002Z [6a6d2aa2-8233-48a3-be03-a86844e05071][fdfbd39c-aa59-4b23-a3ac-5f2ddfb5b1b8] Batch done: 4 ready (target 4), 0 failed, scanned 4.
2026-09-06T09:48:25.005Z [6a6d2aa2-8233-48a3-be03-a86844e05071][fdfbd39c-aa59-4b23-a3ac-5f2ddfb5b1b8] 4 item(s) ready! Downloading...
2026-09-06T09:48:25.011Z [6a6d2aa2-8233-48a3-be03-a86844e05071][fdfbd39c-aa59-4b23-a3ac-5f2ddfb5b1b8] Item 1: Downloading from URL https://flow-content.google/image/de473584-0be1-4db1-a187-18b2d623fa3d?Expires=1788709650&KeyName=labs-flow-prod-cdn-key&Signature=DfaIE0SeGkbBIfgM2ijk5Icd9bY
2026-09-06T09:48:25.411Z [6a6d2aa2-8233-48a3-be03-a86844e05071][fdfbd39c-aa59-4b23-a3ac-5f2ddfb5b1b8] Downloaded 1/4: winai_2026-09-06T09-48-25_01.jpg
2026-09-06T09:48:25.416Z [6a6d2aa2-8233-48a3-be03-a86844e05071][fdfbd39c-aa59-4b23-a3ac-5f2ddfb5b1b8] Item 2: Downloading from URL https://flow-content.google/image/612c0c3a-b3ba-45cc-af1f-ff0f3a430bdf?Expires=1788709649&KeyName=labs-flow-prod-cdn-key&Signature=ZrxZRgnxKCMeZbZG89E5rsOAPrk
2026-09-06T09:48:25.543Z [6a6d2aa2-8233-48a3-be03-a86844e05071][fdfbd39c-aa59-4b23-a3ac-5f2ddfb5b1b8] Downloaded 2/4: winai_2026-09-06T09-48-25_02.jpg
2026-09-06T09:48:25.545Z [6a6d2aa2-8233-48a3-be03-a86844e05071][fdfbd39c-aa59-4b23-a3ac-5f2ddfb5b1b8] Item 3: Downloading from URL https://flow-content.google/image/f6ecc975-b95b-4248-8862-48c3745fa3e5?Expires=1788709649&KeyName=labs-flow-prod-cdn-key&Signature=z5aZWDjA1zcfzMc6a-ZZlvXoceE
2026-09-06T09:48:25.663Z [95a8d46a-f430-4986-96eb-f4eecbd8f40b][fdfbd39c-aa59-4b23-a3ac-5f2ddfb5b1b8] Generating... 0 ready, 0 failed / 4 total (33s) image 99% [THAM CHIẾ image 99% [THAM CHIẾ image 100% [THAM CHI image 99% [THAM CHIẾ
2026-09-06T09:48:25.683Z [6a6d2aa2-8233-48a3-be03-a86844e05071][fdfbd39c-aa59-4b23-a3ac-5f2ddfb5b1b8] Downloaded 3/4: winai_2026-09-06T09-48-25_03.jpg
2026-09-06T09:48:25.686Z [6a6d2aa2-8233-48a3-be03-a86844e05071][fdfbd39c-aa59-4b23-a3ac-5f2ddfb5b1b8] Item 4: Downloading from URL https://flow-content.google/image/46b2f267-33f0-45eb-b4a1-55aff7394c84?Expires=1788709648&KeyName=labs-flow-prod-cdn-key&Signature=N-qVuzxk5YLgC2WIUBWsuSxaiaM
2026-09-06T09:48:25.808Z [6a6d2aa2-8233-48a3-be03-a86844e05071][fdfbd39c-aa59-4b23-a3ac-5f2ddfb5b1b8] Downloaded 4/4: winai_2026-09-06T09-48-25_04.jpg
2026-09-06T09:48:25.811Z [6a6d2aa2-8233-48a3-be03-a86844e05071][fdfbd39c-aa59-4b23-a3ac-5f2ddfb5b1b8] ✅ 4 item(s) saved to Downloads/Win AI Toolkit/
2026-09-06T09:48:26.485Z [6a6d2aa2-8233-48a3-be03-a86844e05071][fdfbd39c-aa59-4b23-a3ac-5f2ddfb5b1b8] Item 4: Uploaded → https://studio.xanhmedia.vn/uploads/2026-09/1788688106397_48063c_fdfbd39c-aa59-4b23-a3ac-5f2ddfb5b1b8_6a6.jpg
2026-09-06T09:48:26.488Z [6a6d2aa2-8233-48a3-be03-a86844e05071][fdfbd39c-aa59-4b23-a3ac-5f2ddfb5b1b8] Item 3: Uploaded → https://studio.xanhmedia.vn/uploads/2026-09/1788688106400_a0d8b4_fdfbd39c-aa59-4b23-a3ac-5f2ddfb5b1b8_6a6.jpg
2026-09-06T09:48:26.524Z [6a6d2aa2-8233-48a3-be03-a86844e05071][fdfbd39c-aa59-4b23-a3ac-5f2ddfb5b1b8] Item 1: Uploaded → https://studio.xanhmedia.vn/uploads/2026-09/1788688106442_7d8e61_fdfbd39c-aa59-4b23-a3ac-5f2ddfb5b1b8_6a6.jpg
2026-09-06T09:48:26.558Z [6a6d2aa2-8233-48a3-be03-a86844e05071][fdfbd39c-aa59-4b23-a3ac-5f2ddfb5b1b8] Item 2: Uploaded → https://studio.xanhmedia.vn/uploads/2026-09/1788688106480_c8da3e_fdfbd39c-aa59-4b23-a3ac-5f2ddfb5b1b8_6a6.jpg
2026-09-06T09:48:26.647Z [6a6d2aa2-8233-48a3-be03-a86844e05071][fdfbd39c-aa59-4b23-a3ac-5f2ddfb5b1b8] All done (including any 1080p upgrades). Closing Playwright browser context.
2026-09-06T09:48:26.865Z [0406615d-16cf-4c4d-9ce5-5fcdda5dc29b][fdfbd39c-aa59-4b23-a3ac-5f2ddfb5b1b8] runGeneration starting: task_id=0406615d-16cf-4c4d-9ce5-5fcdda5dc29b, profile_id=fdfbd39c-aa59-4b23-a3ac-5f2ddfb5b1b8, target_site=google_flow
2026-09-06T09:48:26.871Z [0406615d-16cf-4c4d-9ce5-5fcdda5dc29b][fdfbd39c-aa59-4b23-a3ac-5f2ddfb5b1b8] Opening Playwright browser with persistent profile cookies...
2026-09-06T09:48:26.877Z [0406615d-16cf-4c4d-9ce5-5fcdda5dc29b][fdfbd39c-aa59-4b23-a3ac-5f2ddfb5b1b8] Browser engine: winhide (C:\Users\MienTrungComputer\AppData\Roaming\com.tank.winai\winhide\chrome.exe)
2026-09-06T09:48:26.881Z [0406615d-16cf-4c4d-9ce5-5fcdda5dc29b][fdfbd39c-aa59-4b23-a3ac-5f2ddfb5b1b8] Launch mode: STEALTH (raw spawn + connectOverCDP)
2026-09-06T09:48:28.766Z [95a8d46a-f430-4986-96eb-f4eecbd8f40b][fdfbd39c-aa59-4b23-a3ac-5f2ddfb5b1b8] Generating... 0 ready, 0 failed / 4 total (36s) image 99% [THAM CHIẾ image 99% [THAM CHIẾ [THAM CHIẾU]Arlo Sch image 99% [THAM CHIẾ
2026-09-06T09:48:30.379Z [0406615d-16cf-4c4d-9ce5-5fcdda5dc29b][fdfbd39c-aa59-4b23-a3ac-5f2ddfb5b1b8] Exit IP: 171.229.14.52
2026-09-06T09:48:30.381Z [0406615d-16cf-4c4d-9ce5-5fcdda5dc29b][fdfbd39c-aa59-4b23-a3ac-5f2ddfb5b1b8] Navigating browser to Google Flow tools page...
2026-09-06T09:48:30.383Z [0406615d-16cf-4c4d-9ce5-5fcdda5dc29b][fdfbd39c-aa59-4b23-a3ac-5f2ddfb5b1b8] Using existing project URL: https://flow.google.com/project/f4a8359f-f480-4865-9eef-7927ee95f030?hl=en
2026-09-06T09:48:31.492Z [0406615d-16cf-4c4d-9ce5-5fcdda5dc29b][fdfbd39c-aa59-4b23-a3ac-5f2ddfb5b1b8] Waiting for Google Flow...
2026-09-06T09:48:32.706Z [95a8d46a-f430-4986-96eb-f4eecbd8f40b][fdfbd39c-aa59-4b23-a3ac-5f2ddfb5b1b8] Generating... 1 ready, 0 failed / 4 total (40s) image 99% [THAM CHIẾ image 99% [THAM CHIẾ image 100% [THAM CHI
2026-09-06T09:48:33.453Z [0406615d-16cf-4c4d-9ce5-5fcdda5dc29b][fdfbd39c-aa59-4b23-a3ac-5f2ddfb5b1b8] In existing project ✓
2026-09-06T09:48:35.749Z [95a8d46a-f430-4986-96eb-f4eecbd8f40b][fdfbd39c-aa59-4b23-a3ac-5f2ddfb5b1b8] Generating... 1 ready, 0 failed / 4 total (43s) image 99% [THAM CHIẾ image 99% [THAM CHIẾ [THAM CHIẾU]Arlo Sch
2026-09-06T09:48:38.924Z [95a8d46a-f430-4986-96eb-f4eecbd8f40b][fdfbd39c-aa59-4b23-a3ac-5f2ddfb5b1b8] Generating... 2 ready, 0 failed / 4 total (47s) image 99% [THAM CHIẾ image 99% [THAM CHIẾ
2026-09-06T09:48:41.157Z [0406615d-16cf-4c4d-9ce5-5fcdda5dc29b][fdfbd39c-aa59-4b23-a3ac-5f2ddfb5b1b8] Composer ready ✓ (UI language: en)
2026-09-06T09:48:41.177Z [0406615d-16cf-4c4d-9ce5-5fcdda5dc29b][fdfbd39c-aa59-4b23-a3ac-5f2ddfb5b1b8] dismissPopups: clicked "Dismiss credit banner" (overlay)
2026-09-06T09:48:41.709Z [0406615d-16cf-4c4d-9ce5-5fcdda5dc29b][fdfbd39c-aa59-4b23-a3ac-5f2ddfb5b1b8] dismissPopups: unresolved overlay(s) ["DIV[]|btns=","DIV[]|btns="]
2026-09-06T09:48:41.810Z [0406615d-16cf-4c4d-9ce5-5fcdda5dc29b][fdfbd39c-aa59-4b23-a3ac-5f2ddfb5b1b8] Agent toggle aria-pressed=false
2026-09-06T09:48:41.814Z [0406615d-16cf-4c4d-9ce5-5fcdda5dc29b][fdfbd39c-aa59-4b23-a3ac-5f2ddfb5b1b8] Opening settings...
2026-09-06T09:48:41.993Z [95a8d46a-f430-4986-96eb-f4eecbd8f40b][fdfbd39c-aa59-4b23-a3ac-5f2ddfb5b1b8] Generating... 2 ready, 0 failed / 4 total (50s) image 99% [THAM CHIẾ image 99% [THAM CHIẾ
2026-09-06T09:48:44.017Z [0406615d-16cf-4c4d-9ce5-5fcdda5dc29b][fdfbd39c-aa59-4b23-a3ac-5f2ddfb5b1b8] Configuring image settings...
2026-09-06T09:48:45.086Z [95a8d46a-f430-4986-96eb-f4eecbd8f40b][fdfbd39c-aa59-4b23-a3ac-5f2ddfb5b1b8] Generating... 2 ready, 0 failed / 4 total (53s) image 100% [THAM CHI image 99% [THAM CHIẾ
2026-09-06T09:48:46.105Z [0406615d-16cf-4c4d-9ce5-5fcdda5dc29b][fdfbd39c-aa59-4b23-a3ac-5f2ddfb5b1b8] Mode: selected "image Image" ✓
2026-09-06T09:48:48.111Z [95a8d46a-f430-4986-96eb-f4eecbd8f40b][fdfbd39c-aa59-4b23-a3ac-5f2ddfb5b1b8] Generating... 2 ready, 0 failed / 4 total (56s) [THAM CHIẾU]Arlo Sch image 100% [THAM CHI
2026-09-06T09:48:50.914Z [0406615d-16cf-4c4d-9ce5-5fcdda5dc29b][fdfbd39c-aa59-4b23-a3ac-5f2ddfb5b1b8] Model: selected "🍌 Nano Banana 2" ✓
2026-09-06T09:48:51.129Z [95a8d46a-f430-4986-96eb-f4eecbd8f40b][fdfbd39c-aa59-4b23-a3ac-5f2ddfb5b1b8] Generating... 4 ready, 0 failed / 4 total (59s)
2026-09-06T09:48:51.131Z [95a8d46a-f430-4986-96eb-f4eecbd8f40b][fdfbd39c-aa59-4b23-a3ac-5f2ddfb5b1b8] Batch done: 4 ready (target 4), 0 failed, scanned 4.
2026-09-06T09:48:51.133Z [95a8d46a-f430-4986-96eb-f4eecbd8f40b][fdfbd39c-aa59-4b23-a3ac-5f2ddfb5b1b8] 4 item(s) ready! Downloading...
2026-09-06T09:48:51.138Z [95a8d46a-f430-4986-96eb-f4eecbd8f40b][fdfbd39c-aa59-4b23-a3ac-5f2ddfb5b1b8] Item 1: Downloading from URL https://flow-content.google/image/04514793-9c79-4357-83db-d233296f576c?Expires=1788709669&KeyName=labs-flow-prod-cdn-key&Signature=CZSFxVxYfX32ScVVl9DTL41ZAY4
2026-09-06T09:48:51.456Z [95a8d46a-f430-4986-96eb-f4eecbd8f40b][fdfbd39c-aa59-4b23-a3ac-5f2ddfb5b1b8] Downloaded 1/4: winai_2026-09-06T09-48-51_01.jpg
2026-09-06T09:48:51.457Z [95a8d46a-f430-4986-96eb-f4eecbd8f40b][fdfbd39c-aa59-4b23-a3ac-5f2ddfb5b1b8] Item 2: Downloading from URL https://flow-content.google/image/6b6f9cec-7300-45ef-9270-927c49a9ace1?Expires=1788709668&KeyName=labs-flow-prod-cdn-key&Signature=KUdbZxqFE4OEUmN_BdP3MQdLGZI
2026-09-06T09:48:51.558Z [95a8d46a-f430-4986-96eb-f4eecbd8f40b][fdfbd39c-aa59-4b23-a3ac-5f2ddfb5b1b8] Downloaded 2/4: winai_2026-09-06T09-48-51_02.jpg
2026-09-06T09:48:51.559Z [95a8d46a-f430-4986-96eb-f4eecbd8f40b][fdfbd39c-aa59-4b23-a3ac-5f2ddfb5b1b8] Item 3: Downloading from URL https://flow-content.google/image/9f9240eb-d9b1-43a2-91c5-8d9a2cf9e31b?Expires=1788709667&KeyName=labs-flow-prod-cdn-key&Signature=RSlDmvbHIhOrkckcFpebU8NQgt8
2026-09-06T09:48:51.661Z [95a8d46a-f430-4986-96eb-f4eecbd8f40b][fdfbd39c-aa59-4b23-a3ac-5f2ddfb5b1b8] Downloaded 3/4: winai_2026-09-06T09-48-51_03.jpg
2026-09-06T09:48:51.663Z [95a8d46a-f430-4986-96eb-f4eecbd8f40b][fdfbd39c-aa59-4b23-a3ac-5f2ddfb5b1b8] Item 4: Downloading from URL https://flow-content.google/image/c530e5e9-e021-42bd-8d16-46d32f961464?Expires=1788709667&KeyName=labs-flow-prod-cdn-key&Signature=SZB34Ok1bBfU3t0BEAzwFYuST74
2026-09-06T09:48:51.739Z [0406615d-16cf-4c4d-9ce5-5fcdda5dc29b][fdfbd39c-aa59-4b23-a3ac-5f2ddfb5b1b8] Aspect ratio: "crop_16_9 16:9" already selected ✓
2026-09-06T09:48:51.767Z [95a8d46a-f430-4986-96eb-f4eecbd8f40b][fdfbd39c-aa59-4b23-a3ac-5f2ddfb5b1b8] Downloaded 4/4: winai_2026-09-06T09-48-51_04.jpg
2026-09-06T09:48:51.769Z [95a8d46a-f430-4986-96eb-f4eecbd8f40b][fdfbd39c-aa59-4b23-a3ac-5f2ddfb5b1b8] ✅ 4 item(s) saved to Downloads/Win AI Toolkit/
2026-09-06T09:48:52.305Z [95a8d46a-f430-4986-96eb-f4eecbd8f40b][fdfbd39c-aa59-4b23-a3ac-5f2ddfb5b1b8] Item 1: Uploaded → https://studio.xanhmedia.vn/uploads/2026-09/1788688132237_1c1fb3_fdfbd39c-aa59-4b23-a3ac-5f2ddfb5b1b8_95a.jpg
2026-09-06T09:48:52.322Z [95a8d46a-f430-4986-96eb-f4eecbd8f40b][fdfbd39c-aa59-4b23-a3ac-5f2ddfb5b1b8] Item 2: Uploaded → https://studio.xanhmedia.vn/uploads/2026-09/1788688132258_fc1870_fdfbd39c-aa59-4b23-a3ac-5f2ddfb5b1b8_95a.jpg
2026-09-06T09:48:52.346Z [95a8d46a-f430-4986-96eb-f4eecbd8f40b][fdfbd39c-aa59-4b23-a3ac-5f2ddfb5b1b8] Item 4: Uploaded → https://studio.xanhmedia.vn/uploads/2026-09/1788688132280_a8b159_fdfbd39c-aa59-4b23-a3ac-5f2ddfb5b1b8_95a.jpg
2026-09-06T09:48:52.381Z [95a8d46a-f430-4986-96eb-f4eecbd8f40b][fdfbd39c-aa59-4b23-a3ac-5f2ddfb5b1b8] Item 3: Uploaded → https://studio.xanhmedia.vn/uploads/2026-09/1788688132305_455d9d_fdfbd39c-aa59-4b23-a3ac-5f2ddfb5b1b8_95a.jpg
2026-09-06T09:48:52.411Z [95a8d46a-f430-4986-96eb-f4eecbd8f40b][fdfbd39c-aa59-4b23-a3ac-5f2ddfb5b1b8] All done (including any 1080p upgrades). Closing Playwright browser context.
2026-09-06T09:48:53.093Z [16e9fcbd-cdf9-403d-99a7-b37f9fd23e05][fdfbd39c-aa59-4b23-a3ac-5f2ddfb5b1b8] runGeneration starting: task_id=16e9fcbd-cdf9-403d-99a7-b37f9fd23e05, profile_id=fdfbd39c-aa59-4b23-a3ac-5f2ddfb5b1b8, target_site=google_flow
2026-09-06T09:48:53.094Z [16e9fcbd-cdf9-403d-99a7-b37f9fd23e05][fdfbd39c-aa59-4b23-a3ac-5f2ddfb5b1b8] Opening Playwright browser with persistent profile cookies...
2026-09-06T09:48:53.094Z [16e9fcbd-cdf9-403d-99a7-b37f9fd23e05][fdfbd39c-aa59-4b23-a3ac-5f2ddfb5b1b8] Browser engine: winhide (C:\Users\MienTrungComputer\AppData\Roaming\com.tank.winai\winhide\chrome.exe)
2026-09-06T09:48:53.096Z [16e9fcbd-cdf9-403d-99a7-b37f9fd23e05][fdfbd39c-aa59-4b23-a3ac-5f2ddfb5b1b8] Launch mode: STEALTH (raw spawn + connectOverCDP)
2026-09-06T09:48:53.101Z [0406615d-16cf-4c4d-9ce5-5fcdda5dc29b][fdfbd39c-aa59-4b23-a3ac-5f2ddfb5b1b8] Output count: selected "x4" ✓
2026-09-06T09:48:54.264Z [0406615d-16cf-4c4d-9ce5-5fcdda5dc29b][fdfbd39c-aa59-4b23-a3ac-5f2ddfb5b1b8] Ref image 1/6: downloading from URL...
2026-09-06T09:48:55.274Z [0406615d-16cf-4c4d-9ce5-5fcdda5dc29b][fdfbd39c-aa59-4b23-a3ac-5f2ddfb5b1b8] Downloader: no-proxy request context ready.
2026-09-06T09:48:55.864Z [0406615d-16cf-4c4d-9ce5-5fcdda5dc29b][fdfbd39c-aa59-4b23-a3ac-5f2ddfb5b1b8] Ref image 1/6: saved 527475 bytes (image/jpeg) as "Arlo School Day.jpeg"
2026-09-06T09:48:55.899Z [0406615d-16cf-4c4d-9ce5-5fcdda5dc29b][fdfbd39c-aa59-4b23-a3ac-5f2ddfb5b1b8] Ref image 1/6: attaching reference image...
2026-09-06T09:48:56.259Z [16e9fcbd-cdf9-403d-99a7-b37f9fd23e05][fdfbd39c-aa59-4b23-a3ac-5f2ddfb5b1b8] Exit IP: 171.229.14.52
2026-09-06T09:48:56.260Z [16e9fcbd-cdf9-403d-99a7-b37f9fd23e05][fdfbd39c-aa59-4b23-a3ac-5f2ddfb5b1b8] Navigating browser to Google Flow tools page...
2026-09-06T09:48:56.261Z [16e9fcbd-cdf9-403d-99a7-b37f9fd23e05][fdfbd39c-aa59-4b23-a3ac-5f2ddfb5b1b8] Using existing project URL: https://flow.google.com/project/390215dc-290f-4b92-a7f0-dd2b6651acfb?hl=en
2026-09-06T09:48:57.599Z [16e9fcbd-cdf9-403d-99a7-b37f9fd23e05][fdfbd39c-aa59-4b23-a3ac-5f2ddfb5b1b8] Waiting for Google Flow...
2026-09-06T09:48:59.009Z [0406615d-16cf-4c4d-9ce5-5fcdda5dc29b][fdfbd39c-aa59-4b23-a3ac-5f2ddfb5b1b8] Ref image 1/6: reusing library asset "Arlo School Day.jpeg" (no re-upload).
2026-09-06T09:48:59.775Z [16e9fcbd-cdf9-403d-99a7-b37f9fd23e05][fdfbd39c-aa59-4b23-a3ac-5f2ddfb5b1b8] In existing project ✓
2026-09-06T09:49:00.850Z [16e9fcbd-cdf9-403d-99a7-b37f9fd23e05][fdfbd39c-aa59-4b23-a3ac-5f2ddfb5b1b8] dismissPopups: unresolved overlay(s) ["IFRAME[presentation]|btns="]
2026-09-06T09:49:02.539Z [0406615d-16cf-4c4d-9ce5-5fcdda5dc29b][fdfbd39c-aa59-4b23-a3ac-5f2ddfb5b1b8] Ref image 1/6: chips 0→1 ✓
2026-09-06T09:49:03.789Z [0406615d-16cf-4c4d-9ce5-5fcdda5dc29b][fdfbd39c-aa59-4b23-a3ac-5f2ddfb5b1b8] Ref image 2/6: downloading from URL...
2026-09-06T09:49:04.144Z [0406615d-16cf-4c4d-9ce5-5fcdda5dc29b][fdfbd39c-aa59-4b23-a3ac-5f2ddfb5b1b8] Ref image 2/6: saved 643624 bytes (image/jpeg) as "Nessa School Day.jpeg"
2026-09-06T09:49:04.155Z [0406615d-16cf-4c4d-9ce5-5fcdda5dc29b][fdfbd39c-aa59-4b23-a3ac-5f2ddfb5b1b8] Ref image 2/6: attaching reference image...
2026-09-06T09:49:05.458Z [16e9fcbd-cdf9-403d-99a7-b37f9fd23e05][fdfbd39c-aa59-4b23-a3ac-5f2ddfb5b1b8] Composer ready ✓ (UI language: en)
2026-09-06T09:49:05.557Z [16e9fcbd-cdf9-403d-99a7-b37f9fd23e05][fdfbd39c-aa59-4b23-a3ac-5f2ddfb5b1b8] dismissPopups: clicked "Dismiss credit banner" (overlay)
2026-09-06T09:49:06.106Z [16e9fcbd-cdf9-403d-99a7-b37f9fd23e05][fdfbd39c-aa59-4b23-a3ac-5f2ddfb5b1b8] dismissPopups: unresolved overlay(s) ["DIV[]|btns=","DIV[]|btns="]
2026-09-06T09:49:06.165Z [16e9fcbd-cdf9-403d-99a7-b37f9fd23e05][fdfbd39c-aa59-4b23-a3ac-5f2ddfb5b1b8] Agent toggle aria-pressed=false
2026-09-06T09:49:06.167Z [16e9fcbd-cdf9-403d-99a7-b37f9fd23e05][fdfbd39c-aa59-4b23-a3ac-5f2ddfb5b1b8] Opening settings...
2026-09-06T09:49:06.869Z [0406615d-16cf-4c4d-9ce5-5fcdda5dc29b][fdfbd39c-aa59-4b23-a3ac-5f2ddfb5b1b8] Ref image 2/6: reusing library asset "Nessa School Day.jpeg" (no re-upload).
2026-09-06T09:49:08.302Z [16e9fcbd-cdf9-403d-99a7-b37f9fd23e05][fdfbd39c-aa59-4b23-a3ac-5f2ddfb5b1b8] Configuring image settings...
2026-09-06T09:49:09.815Z [16e9fcbd-cdf9-403d-99a7-b37f9fd23e05][fdfbd39c-aa59-4b23-a3ac-5f2ddfb5b1b8] Mode: selected "image Image" ✓
2026-09-06T09:49:10.338Z [0406615d-16cf-4c4d-9ce5-5fcdda5dc29b][fdfbd39c-aa59-4b23-a3ac-5f2ddfb5b1b8] Ref image 2/6: chips 1→2 ✓
2026-09-06T09:49:12.040Z [0406615d-16cf-4c4d-9ce5-5fcdda5dc29b][fdfbd39c-aa59-4b23-a3ac-5f2ddfb5b1b8] Ref image 3/6: downloading from URL...
2026-09-06T09:49:12.391Z [0406615d-16cf-4c4d-9ce5-5fcdda5dc29b][fdfbd39c-aa59-4b23-a3ac-5f2ddfb5b1b8] Ref image 3/6: saved 509101 bytes (image/jpeg) as "Chili School Day.jpeg"
2026-09-06T09:49:12.394Z [0406615d-16cf-4c4d-9ce5-5fcdda5dc29b][fdfbd39c-aa59-4b23-a3ac-5f2ddfb5b1b8] Ref image 3/6: attaching reference image...
2026-09-06T09:49:14.342Z [0406615d-16cf-4c4d-9ce5-5fcdda5dc29b][fdfbd39c-aa59-4b23-a3ac-5f2ddfb5b1b8] Ref image 3/6: reusing library asset "Chili School Day.jpeg" (no re-upload).
2026-09-06T09:49:14.631Z [16e9fcbd-cdf9-403d-99a7-b37f9fd23e05][fdfbd39c-aa59-4b23-a3ac-5f2ddfb5b1b8] Model: selected "🍌 Nano Banana 2" ✓
2026-09-06T09:49:15.480Z [16e9fcbd-cdf9-403d-99a7-b37f9fd23e05][fdfbd39c-aa59-4b23-a3ac-5f2ddfb5b1b8] Aspect ratio: "crop_16_9 16:9" already selected ✓
2026-09-06T09:49:17.456Z [16e9fcbd-cdf9-403d-99a7-b37f9fd23e05][fdfbd39c-aa59-4b23-a3ac-5f2ddfb5b1b8] Output count: selected "x4" ✓
2026-09-06T09:49:17.864Z [0406615d-16cf-4c4d-9ce5-5fcdda5dc29b][fdfbd39c-aa59-4b23-a3ac-5f2ddfb5b1b8] Ref image 3/6: chips 2→3 ✓
2026-09-06T09:49:18.731Z [16e9fcbd-cdf9-403d-99a7-b37f9fd23e05][fdfbd39c-aa59-4b23-a3ac-5f2ddfb5b1b8] Ref image 1/6: downloading from URL...
2026-09-06T09:49:19.117Z [16e9fcbd-cdf9-403d-99a7-b37f9fd23e05][fdfbd39c-aa59-4b23-a3ac-5f2ddfb5b1b8] Downloader: no-proxy request context ready.
2026-09-06T09:49:19.141Z [0406615d-16cf-4c4d-9ce5-5fcdda5dc29b][fdfbd39c-aa59-4b23-a3ac-5f2ddfb5b1b8] Ref image 4/6: downloading from URL...
2026-09-06T09:49:19.503Z [0406615d-16cf-4c4d-9ce5-5fcdda5dc29b][fdfbd39c-aa59-4b23-a3ac-5f2ddfb5b1b8] Ref image 4/6: saved 559623 bytes (image/jpeg) as "Fake Driver Driver Disguise State.jpeg"
2026-09-06T09:49:19.529Z [0406615d-16cf-4c4d-9ce5-5fcdda5dc29b][fdfbd39c-aa59-4b23-a3ac-5f2ddfb5b1b8] Ref image 4/6: attaching reference image...
2026-09-06T09:49:19.659Z [16e9fcbd-cdf9-403d-99a7-b37f9fd23e05][fdfbd39c-aa59-4b23-a3ac-5f2ddfb5b1b8] Ref image 1/6: saved 527475 bytes (image/jpeg) as "Arlo School Day.jpeg"
2026-09-06T09:49:19.667Z [16e9fcbd-cdf9-403d-99a7-b37f9fd23e05][fdfbd39c-aa59-4b23-a3ac-5f2ddfb5b1b8] Ref image 1/6: attaching reference image...
2026-09-06T09:49:21.860Z [0406615d-16cf-4c4d-9ce5-5fcdda5dc29b][fdfbd39c-aa59-4b23-a3ac-5f2ddfb5b1b8] Ref image 4/6: reusing library asset "Fake Driver Driver Disguise State.jpeg" (no re-upload).
2026-09-06T09:49:22.103Z [16e9fcbd-cdf9-403d-99a7-b37f9fd23e05][fdfbd39c-aa59-4b23-a3ac-5f2ddfb5b1b8] Ref image 1/6: reusing library asset "Arlo School Day.jpeg" (no re-upload).
2026-09-06T09:49:25.330Z [0406615d-16cf-4c4d-9ce5-5fcdda5dc29b][fdfbd39c-aa59-4b23-a3ac-5f2ddfb5b1b8] Ref image 4/6: chips 3→4 ✓
2026-09-06T09:49:26.017Z [16e9fcbd-cdf9-403d-99a7-b37f9fd23e05][fdfbd39c-aa59-4b23-a3ac-5f2ddfb5b1b8] Ref image 1/6: chips 0→1 ✓
2026-09-06T09:49:26.690Z [0406615d-16cf-4c4d-9ce5-5fcdda5dc29b][fdfbd39c-aa59-4b23-a3ac-5f2ddfb5b1b8] Ref image 5/6: downloading from URL...
2026-09-06T09:49:27.040Z [0406615d-16cf-4c4d-9ce5-5fcdda5dc29b][fdfbd39c-aa59-4b23-a3ac-5f2ddfb5b1b8] Ref image 5/6: saved 624616 bytes (image/jpeg) as "Verdant School Bus HELP System.jpeg"
2026-09-06T09:49:27.050Z [0406615d-16cf-4c4d-9ce5-5fcdda5dc29b][fdfbd39c-aa59-4b23-a3ac-5f2ddfb5b1b8] Ref image 5/6: attaching reference image...
2026-09-06T09:49:27.379Z [16e9fcbd-cdf9-403d-99a7-b37f9fd23e05][fdfbd39c-aa59-4b23-a3ac-5f2ddfb5b1b8] Ref image 2/6: downloading from URL...
2026-09-06T09:49:27.712Z [16e9fcbd-cdf9-403d-99a7-b37f9fd23e05][fdfbd39c-aa59-4b23-a3ac-5f2ddfb5b1b8] Ref image 2/6: saved 643624 bytes (image/jpeg) as "Nessa School Day.jpeg"
2026-09-06T09:49:27.724Z [16e9fcbd-cdf9-403d-99a7-b37f9fd23e05][fdfbd39c-aa59-4b23-a3ac-5f2ddfb5b1b8] Ref image 2/6: attaching reference image...
2026-09-06T09:49:29.329Z [0406615d-16cf-4c4d-9ce5-5fcdda5dc29b][fdfbd39c-aa59-4b23-a3ac-5f2ddfb5b1b8] Ref image 5/6: "Verdant School Bus HELP System.jpeg" not in the library yet — uploading it first.
2026-09-06T09:49:30.327Z [16e9fcbd-cdf9-403d-99a7-b37f9fd23e05][fdfbd39c-aa59-4b23-a3ac-5f2ddfb5b1b8] Ref image 2/6: reusing library asset "Nessa School Day.jpeg" (no re-upload).
2026-09-06T09:49:33.973Z [0406615d-16cf-4c4d-9ce5-5fcdda5dc29b][fdfbd39c-aa59-4b23-a3ac-5f2ddfb5b1b8] Ref image 5/6: uploading "Verdant School Bus HELP System.jpeg" to the project library...
2026-09-06T09:49:34.219Z [16e9fcbd-cdf9-403d-99a7-b37f9fd23e05][fdfbd39c-aa59-4b23-a3ac-5f2ddfb5b1b8] Ref image 2/6: chips 1→2 ✓
2026-09-06T09:49:35.318Z [16e9fcbd-cdf9-403d-99a7-b37f9fd23e05][fdfbd39c-aa59-4b23-a3ac-5f2ddfb5b1b8] Ref image 3/6: downloading from URL...
2026-09-06T09:49:35.512Z [0406615d-16cf-4c4d-9ce5-5fcdda5dc29b][fdfbd39c-aa59-4b23-a3ac-5f2ddfb5b1b8] Ref image 5/6: upload finished ✓
2026-09-06T09:49:35.689Z [16e9fcbd-cdf9-403d-99a7-b37f9fd23e05][fdfbd39c-aa59-4b23-a3ac-5f2ddfb5b1b8] Ref image 3/6: saved 509101 bytes (image/jpeg) as "Chili School Day.jpeg"
2026-09-06T09:49:35.738Z [16e9fcbd-cdf9-403d-99a7-b37f9fd23e05][fdfbd39c-aa59-4b23-a3ac-5f2ddfb5b1b8] Ref image 3/6: attaching reference image...
2026-09-06T09:49:38.142Z [16e9fcbd-cdf9-403d-99a7-b37f9fd23e05][fdfbd39c-aa59-4b23-a3ac-5f2ddfb5b1b8] Ref image 3/6: reusing library asset "Chili School Day.jpeg" (no re-upload).
2026-09-06T09:49:42.054Z [16e9fcbd-cdf9-403d-99a7-b37f9fd23e05][fdfbd39c-aa59-4b23-a3ac-5f2ddfb5b1b8] Ref image 3/6: chips 2→3 ✓
2026-09-06T09:49:43.230Z [16e9fcbd-cdf9-403d-99a7-b37f9fd23e05][fdfbd39c-aa59-4b23-a3ac-5f2ddfb5b1b8] Ref image 4/6: downloading from URL...
2026-09-06T09:49:44.906Z [0406615d-16cf-4c4d-9ce5-5fcdda5dc29b][fdfbd39c-aa59-4b23-a3ac-5f2ddfb5b1b8] Ref image 5/6: chips 4→5 ✓
2026-09-06T09:49:46.127Z [0406615d-16cf-4c4d-9ce5-5fcdda5dc29b][fdfbd39c-aa59-4b23-a3ac-5f2ddfb5b1b8] Ref image 6/6: downloading from URL...
2026-09-06T09:49:46.484Z [0406615d-16cf-4c4d-9ce5-5fcdda5dc29b][fdfbd39c-aa59-4b23-a3ac-5f2ddfb5b1b8] Ref image 6/6: saved 703417 bytes (image/jpeg) as "Verdant School Bus Interior Master.jpeg"
2026-09-06T09:49:46.501Z [0406615d-16cf-4c4d-9ce5-5fcdda5dc29b][fdfbd39c-aa59-4b23-a3ac-5f2ddfb5b1b8] Ref image 6/6: attaching reference image...
2026-09-06T09:49:48.743Z [0406615d-16cf-4c4d-9ce5-5fcdda5dc29b][fdfbd39c-aa59-4b23-a3ac-5f2ddfb5b1b8] Ref image 6/6: reusing library asset "Verdant School Bus Interior Master.jpeg" (no re-upload).
2026-09-06T09:49:48.759Z [16e9fcbd-cdf9-403d-99a7-b37f9fd23e05][fdfbd39c-aa59-4b23-a3ac-5f2ddfb5b1b8] Ref image 4/6: fetch attempt 1/3 failed: apiRequestContext.get: read ECONNRESET
Call log:
[2m  - → GET https://lh3.googleusercontent.com/d/1j65Trp8RSWcbD023APDJ42lhCU3-JAGl=s0[22m
[2m    - user-agent: Playwright/1.59.1 (x64; windows 10.0) node/18.5[22m
[2m    - accept: */*[22m
[2m    - accept-encoding: gzip,deflate,br[22m

2026-09-06T09:49:50.536Z [16e9fcbd-cdf9-403d-99a7-b37f9fd23e05][fdfbd39c-aa59-4b23-a3ac-5f2ddfb5b1b8] Ref image 4/6: saved 559623 bytes (image/jpeg) as "Fake Driver Driver Disguise State.jpeg"
2026-09-06T09:49:50.549Z [16e9fcbd-cdf9-403d-99a7-b37f9fd23e05][fdfbd39c-aa59-4b23-a3ac-5f2ddfb5b1b8] Ref image 4/6: attaching reference image...
2026-09-06T09:49:52.834Z [16e9fcbd-cdf9-403d-99a7-b37f9fd23e05][fdfbd39c-aa59-4b23-a3ac-5f2ddfb5b1b8] Ref image 4/6: reusing library asset "Fake Driver Driver Disguise State.jpeg" (no re-upload).
2026-09-06T09:49:53.821Z [0406615d-16cf-4c4d-9ce5-5fcdda5dc29b][fdfbd39c-aa59-4b23-a3ac-5f2ddfb5b1b8] Ref image 6/6: chips 5→6 ✓
2026-09-06T09:49:53.843Z [0406615d-16cf-4c4d-9ce5-5fcdda5dc29b][fdfbd39c-aa59-4b23-a3ac-5f2ddfb5b1b8] Entering prompt...
2026-09-06T09:49:55.230Z [0406615d-16cf-4c4d-9ce5-5fcdda5dc29b][fdfbd39c-aa59-4b23-a3ac-5f2ddfb5b1b8] Prompt is 1713 chars — typing it in 27 chunk(s).
2026-09-06T09:49:56.558Z [16e9fcbd-cdf9-403d-99a7-b37f9fd23e05][fdfbd39c-aa59-4b23-a3ac-5f2ddfb5b1b8] Ref image 4/6: chips 3→4 ✓
2026-09-06T09:49:57.593Z [16e9fcbd-cdf9-403d-99a7-b37f9fd23e05][fdfbd39c-aa59-4b23-a3ac-5f2ddfb5b1b8] Ref image 5/6: downloading from URL...
2026-09-06T09:49:57.950Z [16e9fcbd-cdf9-403d-99a7-b37f9fd23e05][fdfbd39c-aa59-4b23-a3ac-5f2ddfb5b1b8] Ref image 5/6: saved 624616 bytes (image/jpeg) as "Verdant School Bus HELP System.jpeg"
2026-09-06T09:49:57.956Z [16e9fcbd-cdf9-403d-99a7-b37f9fd23e05][fdfbd39c-aa59-4b23-a3ac-5f2ddfb5b1b8] Ref image 5/6: attaching reference image...
2026-09-06T09:50:00.112Z [16e9fcbd-cdf9-403d-99a7-b37f9fd23e05][fdfbd39c-aa59-4b23-a3ac-5f2ddfb5b1b8] Ref image 5/6: "Verdant School Bus HELP System.jpeg" not in the library yet — uploading it first.
2026-09-06T09:50:04.070Z [16e9fcbd-cdf9-403d-99a7-b37f9fd23e05][fdfbd39c-aa59-4b23-a3ac-5f2ddfb5b1b8] Ref image 5/6: uploading "Verdant School Bus HELP System.jpeg" to the project library...
2026-09-06T09:50:05.105Z [16e9fcbd-cdf9-403d-99a7-b37f9fd23e05][fdfbd39c-aa59-4b23-a3ac-5f2ddfb5b1b8] Ref image 5/6: upload finished ✓
2026-09-06T09:50:07.780Z [0406615d-16cf-4c4d-9ce5-5fcdda5dc29b][fdfbd39c-aa59-4b23-a3ac-5f2ddfb5b1b8] Prompt insert attempt 1: editor has 1690 chars (want ~1705) ✓
2026-09-06T09:50:09.996Z [0406615d-16cf-4c4d-9ce5-5fcdda5dc29b][fdfbd39c-aa59-4b23-a3ac-5f2ddfb5b1b8] Baseline: 27 pre-existing media tile(s) of 27 mounted (kinds: image,image,image,image,image,image,image,image,image,image,image,image,image,image,image,image,image,image,image,image,image,image,image,image,image,image,image).
2026-09-06T09:50:14.080Z [0406615d-16cf-4c4d-9ce5-5fcdda5dc29b][fdfbd39c-aa59-4b23-a3ac-5f2ddfb5b1b8] [submit] confirmed (editor "What do you want to ", fresh tile=true).
2026-09-06T09:50:14.732Z [0406615d-16cf-4c4d-9ce5-5fcdda5dc29b][fdfbd39c-aa59-4b23-a3ac-5f2ddfb5b1b8] Current Workspace project URL: https://flow.google.com/project/f4a8359f-f480-4865-9eef-7927ee95f030?hl=en
2026-09-06T09:50:14.736Z [0406615d-16cf-4c4d-9ce5-5fcdda5dc29b][fdfbd39c-aa59-4b23-a3ac-5f2ddfb5b1b8] Submitted ✓ Detecting batch size...
2026-09-06T09:50:14.859Z [0406615d-16cf-4c4d-9ce5-5fcdda5dc29b][fdfbd39c-aa59-4b23-a3ac-5f2ddfb5b1b8] New tile(s) since submit: 0 → 4 (mounted=27)
2026-09-06T09:50:15.139Z [16e9fcbd-cdf9-403d-99a7-b37f9fd23e05][fdfbd39c-aa59-4b23-a3ac-5f2ddfb5b1b8] Ref image 5/6: chips 4→5 ✓
2026-09-06T09:50:16.323Z [16e9fcbd-cdf9-403d-99a7-b37f9fd23e05][fdfbd39c-aa59-4b23-a3ac-5f2ddfb5b1b8] Ref image 6/6: downloading from URL...
2026-09-06T09:50:16.706Z [16e9fcbd-cdf9-403d-99a7-b37f9fd23e05][fdfbd39c-aa59-4b23-a3ac-5f2ddfb5b1b8] Ref image 6/6: saved 703417 bytes (image/jpeg) as "Verdant School Bus Interior Master.jpeg"
2026-09-06T09:50:16.746Z [16e9fcbd-cdf9-403d-99a7-b37f9fd23e05][fdfbd39c-aa59-4b23-a3ac-5f2ddfb5b1b8] Ref image 6/6: attaching reference image...
2026-09-06T09:50:19.132Z [0406615d-16cf-4c4d-9ce5-5fcdda5dc29b][fdfbd39c-aa59-4b23-a3ac-5f2ddfb5b1b8] Batch size stabilised at 4 new tile(s)
2026-09-06T09:50:19.133Z [0406615d-16cf-4c4d-9ce5-5fcdda5dc29b][fdfbd39c-aa59-4b23-a3ac-5f2ddfb5b1b8] Batch detected: 4 item(s). Generating...
2026-09-06T09:50:19.135Z [0406615d-16cf-4c4d-9ce5-5fcdda5dc29b][fdfbd39c-aa59-4b23-a3ac-5f2ddfb5b1b8] Polling for 4 image item(s) (baseline=27, hasUpload=true)...
2026-09-06T09:50:19.182Z [0406615d-16cf-4c4d-9ce5-5fcdda5dc29b][fdfbd39c-aa59-4b23-a3ac-5f2ddfb5b1b8] Generating... 0 ready, 0 failed / 4 total (0s) image 48% [THAM CHIẾ image 49% [THAM CHIẾ image 49% [THAM CHIẾ image 49% [THAM CHIẾ
2026-09-06T09:50:19.438Z [16e9fcbd-cdf9-403d-99a7-b37f9fd23e05][fdfbd39c-aa59-4b23-a3ac-5f2ddfb5b1b8] Ref image 6/6: reusing library asset "Verdant School Bus Interior Master.jpeg" (no re-upload).
2026-09-06T09:50:22.228Z [0406615d-16cf-4c4d-9ce5-5fcdda5dc29b][fdfbd39c-aa59-4b23-a3ac-5f2ddfb5b1b8] Generating... 0 ready, 0 failed / 4 total (3s) image 69% [THAM CHIẾ image 69% [THAM CHIẾ image 69% [THAM CHIẾ image 69% [THAM CHIẾ
2026-09-06T09:50:22.734Z [16e9fcbd-cdf9-403d-99a7-b37f9fd23e05][fdfbd39c-aa59-4b23-a3ac-5f2ddfb5b1b8] Ref image 6/6: chips 5→6 ✓
2026-09-06T09:50:22.778Z [16e9fcbd-cdf9-403d-99a7-b37f9fd23e05][fdfbd39c-aa59-4b23-a3ac-5f2ddfb5b1b8] Entering prompt...
2026-09-06T09:50:24.687Z [16e9fcbd-cdf9-403d-99a7-b37f9fd23e05][fdfbd39c-aa59-4b23-a3ac-5f2ddfb5b1b8] Prompt is 1724 chars — typing it in 27 chunk(s).
2026-09-06T09:50:25.270Z [0406615d-16cf-4c4d-9ce5-5fcdda5dc29b][fdfbd39c-aa59-4b23-a3ac-5f2ddfb5b1b8] Generating... 0 ready, 0 failed / 4 total (6s) image 89% [THAM CHIẾ image 89% [THAM CHIẾ image 89% [THAM CHIẾ image 89% [THAM CHIẾ
2026-09-06T09:50:28.322Z [0406615d-16cf-4c4d-9ce5-5fcdda5dc29b][fdfbd39c-aa59-4b23-a3ac-5f2ddfb5b1b8] Generating... 0 ready, 0 failed / 4 total (9s) image 99% [THAM CHIẾ image 99% [THAM CHIẾ image 99% [THAM CHIẾ image 99% [THAM CHIẾ
2026-09-06T09:50:31.361Z [0406615d-16cf-4c4d-9ce5-5fcdda5dc29b][fdfbd39c-aa59-4b23-a3ac-5f2ddfb5b1b8] Generating... 0 ready, 0 failed / 4 total (12s) image 99% [THAM CHIẾ image 99% [THAM CHIẾ image 99% [THAM CHIẾ image 99% [THAM CHIẾ
2026-09-06T09:50:34.393Z [0406615d-16cf-4c4d-9ce5-5fcdda5dc29b][fdfbd39c-aa59-4b23-a3ac-5f2ddfb5b1b8] Generating... 0 ready, 0 failed / 4 total (15s) image 99% [THAM CHIẾ image 99% [THAM CHIẾ image 99% [THAM CHIẾ image 99% [THAM CHIẾ
2026-09-06T09:50:36.282Z [16e9fcbd-cdf9-403d-99a7-b37f9fd23e05][fdfbd39c-aa59-4b23-a3ac-5f2ddfb5b1b8] Prompt insert attempt 1: editor has 1701 chars (want ~1716) ✓
2026-09-06T09:50:37.423Z [0406615d-16cf-4c4d-9ce5-5fcdda5dc29b][fdfbd39c-aa59-4b23-a3ac-5f2ddfb5b1b8] Generating... 0 ready, 0 failed / 4 total (18s) image 99% [THAM CHIẾ image 99% [THAM CHIẾ image 99% [THAM CHIẾ image 99% [THAM CHIẾ
2026-09-06T09:50:37.864Z [16e9fcbd-cdf9-403d-99a7-b37f9fd23e05][fdfbd39c-aa59-4b23-a3ac-5f2ddfb5b1b8] Baseline: 27 pre-existing media tile(s) of 27 mounted (kinds: image,image,image,image,image,image,image,image,image,image,image,image,image,image,image,image,image,image,image,image,image,image,image,image,image,image,image).
2026-09-06T09:50:40.466Z [0406615d-16cf-4c4d-9ce5-5fcdda5dc29b][fdfbd39c-aa59-4b23-a3ac-5f2ddfb5b1b8] Generating... 0 ready, 0 failed / 4 total (21s) image 99% [THAM CHIẾ image 99% [THAM CHIẾ image 99% [THAM CHIẾ image 99% [THAM CHIẾ
2026-09-06T09:50:41.152Z [16e9fcbd-cdf9-403d-99a7-b37f9fd23e05][fdfbd39c-aa59-4b23-a3ac-5f2ddfb5b1b8] [submit] confirmed (editor "What do you want to ", fresh tile=true).
2026-09-06T09:50:41.663Z [16e9fcbd-cdf9-403d-99a7-b37f9fd23e05][fdfbd39c-aa59-4b23-a3ac-5f2ddfb5b1b8] Current Workspace project URL: https://flow.google.com/project/390215dc-290f-4b92-a7f0-dd2b6651acfb?hl=en
2026-09-06T09:50:41.665Z [16e9fcbd-cdf9-403d-99a7-b37f9fd23e05][fdfbd39c-aa59-4b23-a3ac-5f2ddfb5b1b8] Submitted ✓ Detecting batch size...
2026-09-06T09:50:41.724Z [16e9fcbd-cdf9-403d-99a7-b37f9fd23e05][fdfbd39c-aa59-4b23-a3ac-5f2ddfb5b1b8] New tile(s) since submit: 0 → 4 (mounted=27)
2026-09-06T09:50:43.494Z [0406615d-16cf-4c4d-9ce5-5fcdda5dc29b][fdfbd39c-aa59-4b23-a3ac-5f2ddfb5b1b8] Generating... 0 ready, 0 failed / 4 total (24s) image 99% [THAM CHIẾ image 99% [THAM CHIẾ image 99% [THAM CHIẾ image 99% [THAM CHIẾ
2026-09-06T09:50:45.968Z [16e9fcbd-cdf9-403d-99a7-b37f9fd23e05][fdfbd39c-aa59-4b23-a3ac-5f2ddfb5b1b8] Batch size stabilised at 4 new tile(s)
2026-09-06T09:50:45.968Z [16e9fcbd-cdf9-403d-99a7-b37f9fd23e05][fdfbd39c-aa59-4b23-a3ac-5f2ddfb5b1b8] Batch detected: 4 item(s). Generating...
2026-09-06T09:50:45.970Z [16e9fcbd-cdf9-403d-99a7-b37f9fd23e05][fdfbd39c-aa59-4b23-a3ac-5f2ddfb5b1b8] Polling for 4 image item(s) (baseline=27, hasUpload=true)...
2026-09-06T09:50:45.995Z [16e9fcbd-cdf9-403d-99a7-b37f9fd23e05][fdfbd39c-aa59-4b23-a3ac-5f2ddfb5b1b8] Generating... 0 ready, 0 failed / 4 total (0s) image 44% [THAM CHIẾ image 44% [THAM CHIẾ image 44% [THAM CHIẾ image 44% [THAM CHIẾ
2026-09-06T09:50:46.519Z [0406615d-16cf-4c4d-9ce5-5fcdda5dc29b][fdfbd39c-aa59-4b23-a3ac-5f2ddfb5b1b8] Generating... 0 ready, 0 failed / 4 total (27s) image 99% [THAM CHIẾ image 99% [THAM CHIẾ image 99% [THAM CHIẾ image 99% [THAM CHIẾ
2026-09-06T09:50:49.015Z [16e9fcbd-cdf9-403d-99a7-b37f9fd23e05][fdfbd39c-aa59-4b23-a3ac-5f2ddfb5b1b8] Generating... 0 ready, 0 failed / 4 total (3s) image 64% [THAM CHIẾ image 64% [THAM CHIẾ image 64% [THAM CHIẾ image 64% [THAM CHIẾ
2026-09-06T09:50:49.539Z [0406615d-16cf-4c4d-9ce5-5fcdda5dc29b][fdfbd39c-aa59-4b23-a3ac-5f2ddfb5b1b8] Generating... 0 ready, 0 failed / 4 total (30s) image 99% [THAM CHIẾ image 99% [THAM CHIẾ image 99% [THAM CHIẾ image 99% [THAM CHIẾ
2026-09-06T09:50:52.033Z [16e9fcbd-cdf9-403d-99a7-b37f9fd23e05][fdfbd39c-aa59-4b23-a3ac-5f2ddfb5b1b8] Generating... 0 ready, 0 failed / 4 total (6s) image 84% [THAM CHIẾ image 84% [THAM CHIẾ image 84% [THAM CHIẾ image 84% [THAM CHIẾ
2026-09-06T09:50:52.568Z [0406615d-16cf-4c4d-9ce5-5fcdda5dc29b][fdfbd39c-aa59-4b23-a3ac-5f2ddfb5b1b8] Generating... 0 ready, 0 failed / 4 total (33s) image 99% [THAM CHIẾ image 99% [THAM CHIẾ image 99% [THAM CHIẾ [THAM CHIẾU]Arlo Sch
2026-09-06T09:50:55.064Z [16e9fcbd-cdf9-403d-99a7-b37f9fd23e05][fdfbd39c-aa59-4b23-a3ac-5f2ddfb5b1b8] Generating... 0 ready, 0 failed / 4 total (9s) image 99% [THAM CHIẾ image 99% [THAM CHIẾ image 99% [THAM CHIẾ image 99% [THAM CHIẾ
2026-09-06T09:50:55.594Z [0406615d-16cf-4c4d-9ce5-5fcdda5dc29b][fdfbd39c-aa59-4b23-a3ac-5f2ddfb5b1b8] Generating... 1 ready, 0 failed / 4 total (36s) image 99% [THAM CHIẾ image 99% [THAM CHIẾ image 99% [THAM CHIẾ
2026-09-06T09:50:58.090Z [16e9fcbd-cdf9-403d-99a7-b37f9fd23e05][fdfbd39c-aa59-4b23-a3ac-5f2ddfb5b1b8] Generating... 0 ready, 0 failed / 4 total (12s) image 99% [THAM CHIẾ image 99% [THAM CHIẾ image 99% [THAM CHIẾ image 99% [THAM CHIẾ
2026-09-06T09:50:58.618Z [0406615d-16cf-4c4d-9ce5-5fcdda5dc29b][fdfbd39c-aa59-4b23-a3ac-5f2ddfb5b1b8] Generating... 1 ready, 0 failed / 4 total (39s) image 99% [THAM CHIẾ image 99% [THAM CHIẾ image 99% [THAM CHIẾ
2026-09-06T09:51:01.111Z [16e9fcbd-cdf9-403d-99a7-b37f9fd23e05][fdfbd39c-aa59-4b23-a3ac-5f2ddfb5b1b8] Generating... 0 ready, 0 failed / 4 total (15s) image 99% [THAM CHIẾ image 99% [THAM CHIẾ image 99% [THAM CHIẾ image 99% [THAM CHIẾ
2026-09-06T09:51:01.636Z [0406615d-16cf-4c4d-9ce5-5fcdda5dc29b][fdfbd39c-aa59-4b23-a3ac-5f2ddfb5b1b8] Generating... 1 ready, 0 failed / 4 total (43s) image 99% [THAM CHIẾ image 99% [THAM CHIẾ image 99% [THAM CHIẾ
2026-09-06T09:51:04.152Z [16e9fcbd-cdf9-403d-99a7-b37f9fd23e05][fdfbd39c-aa59-4b23-a3ac-5f2ddfb5b1b8] Generating... 0 ready, 0 failed / 4 total (18s) image 99% [THAM CHIẾ image 99% [THAM CHIẾ image 99% [THAM CHIẾ image 99% [THAM CHIẾ
2026-09-06T09:51:04.670Z [0406615d-16cf-4c4d-9ce5-5fcdda5dc29b][fdfbd39c-aa59-4b23-a3ac-5f2ddfb5b1b8] Generating... 1 ready, 0 failed / 4 total (46s) image 99% [THAM CHIẾ image 99% [THAM CHIẾ image 99% [THAM CHIẾ
2026-09-06T09:51:07.196Z [16e9fcbd-cdf9-403d-99a7-b37f9fd23e05][fdfbd39c-aa59-4b23-a3ac-5f2ddfb5b1b8] Generating... 0 ready, 0 failed / 4 total (21s) image 99% [THAM CHIẾ image 99% [THAM CHIẾ image 99% [THAM CHIẾ image 99% [THAM CHIẾ
2026-09-06T09:51:07.688Z [0406615d-16cf-4c4d-9ce5-5fcdda5dc29b][fdfbd39c-aa59-4b23-a3ac-5f2ddfb5b1b8] Generating... 1 ready, 0 failed / 4 total (49s) image 99% [THAM CHIẾ image 99% [THAM CHIẾ [THAM CHIẾU]Arlo Sch
2026-09-06T09:51:10.223Z [16e9fcbd-cdf9-403d-99a7-b37f9fd23e05][fdfbd39c-aa59-4b23-a3ac-5f2ddfb5b1b8] Generating... 0 ready, 0 failed / 4 total (24s) image 99% [THAM CHIẾ image 99% [THAM CHIẾ image 99% [THAM CHIẾ image 99% [THAM CHIẾ
2026-09-06T09:51:10.709Z [0406615d-16cf-4c4d-9ce5-5fcdda5dc29b][fdfbd39c-aa59-4b23-a3ac-5f2ddfb5b1b8] Generating... 2 ready, 0 failed / 4 total (52s) image 99% [THAM CHIẾ image 99% [THAM CHIẾ
2026-09-06T09:51:13.238Z [16e9fcbd-cdf9-403d-99a7-b37f9fd23e05][fdfbd39c-aa59-4b23-a3ac-5f2ddfb5b1b8] Generating... 0 ready, 0 failed / 4 total (27s) image 99% [THAM CHIẾ image 99% [THAM CHIẾ image 99% [THAM CHIẾ image 99% [THAM CHIẾ
2026-09-06T09:51:13.745Z [0406615d-16cf-4c4d-9ce5-5fcdda5dc29b][fdfbd39c-aa59-4b23-a3ac-5f2ddfb5b1b8] Generating... 2 ready, 0 failed / 4 total (55s) [THAM CHIẾU]Arlo Sch image 100% [THAM CHI
2026-09-06T09:51:16.268Z [16e9fcbd-cdf9-403d-99a7-b37f9fd23e05][fdfbd39c-aa59-4b23-a3ac-5f2ddfb5b1b8] Generating... 0 ready, 0 failed / 4 total (30s) image 99% [THAM CHIẾ image 99% [THAM CHIẾ image 99% [THAM CHIẾ image 99% [THAM CHIẾ
2026-09-06T09:51:16.761Z [0406615d-16cf-4c4d-9ce5-5fcdda5dc29b][fdfbd39c-aa59-4b23-a3ac-5f2ddfb5b1b8] Generating... 4 ready, 0 failed / 4 total (58s)
2026-09-06T09:51:16.762Z [0406615d-16cf-4c4d-9ce5-5fcdda5dc29b][fdfbd39c-aa59-4b23-a3ac-5f2ddfb5b1b8] Batch done: 4 ready (target 4), 0 failed, scanned 4.
2026-09-06T09:51:16.762Z [0406615d-16cf-4c4d-9ce5-5fcdda5dc29b][fdfbd39c-aa59-4b23-a3ac-5f2ddfb5b1b8] 4 item(s) ready! Downloading...
2026-09-06T09:51:16.765Z [0406615d-16cf-4c4d-9ce5-5fcdda5dc29b][fdfbd39c-aa59-4b23-a3ac-5f2ddfb5b1b8] Item 1: Downloading from URL https://flow-content.google/image/4d28a964-646b-4fc9-9ace-04ef06e8580a?Expires=1788709816&KeyName=labs-flow-prod-cdn-key&Signature=V-mZNCaItrg5WTXsESfiYQhCeY8
2026-09-06T09:51:17.068Z [0406615d-16cf-4c4d-9ce5-5fcdda5dc29b][fdfbd39c-aa59-4b23-a3ac-5f2ddfb5b1b8] Downloaded 1/4: winai_2026-09-06T09-51-16_01.jpg
2026-09-06T09:51:17.070Z [0406615d-16cf-4c4d-9ce5-5fcdda5dc29b][fdfbd39c-aa59-4b23-a3ac-5f2ddfb5b1b8] Item 2: Downloading from URL https://flow-content.google/image/009797f4-df72-4498-95df-b679e31046bb?Expires=1788709815&KeyName=labs-flow-prod-cdn-key&Signature=q4lKAMIIjUdkJdQa48p5e2Tgb74
2026-09-06T09:51:17.169Z [0406615d-16cf-4c4d-9ce5-5fcdda5dc29b][fdfbd39c-aa59-4b23-a3ac-5f2ddfb5b1b8] Downloaded 2/4: winai_2026-09-06T09-51-16_02.jpg
2026-09-06T09:51:17.170Z [0406615d-16cf-4c4d-9ce5-5fcdda5dc29b][fdfbd39c-aa59-4b23-a3ac-5f2ddfb5b1b8] Item 3: Downloading from URL https://flow-content.google/image/2ed006e7-731e-45f4-a613-828dd42e6b75?Expires=1788709814&KeyName=labs-flow-prod-cdn-key&Signature=xs_rAzhBkXmqeKNUgrEkRgk9ky0
2026-09-06T09:51:17.288Z [0406615d-16cf-4c4d-9ce5-5fcdda5dc29b][fdfbd39c-aa59-4b23-a3ac-5f2ddfb5b1b8] Downloaded 3/4: winai_2026-09-06T09-51-16_03.jpg
2026-09-06T09:51:17.291Z [0406615d-16cf-4c4d-9ce5-5fcdda5dc29b][fdfbd39c-aa59-4b23-a3ac-5f2ddfb5b1b8] Item 4: Downloading from URL https://flow-content.google/image/309dacca-29ee-4a40-b22e-5768117de03e?Expires=1788709814&KeyName=labs-flow-prod-cdn-key&Signature=D_Rt-QarQ_rXAdf4VedHLgBhmWA
2026-09-06T09:51:17.398Z [0406615d-16cf-4c4d-9ce5-5fcdda5dc29b][fdfbd39c-aa59-4b23-a3ac-5f2ddfb5b1b8] Downloaded 4/4: winai_2026-09-06T09-51-16_04.jpg
2026-09-06T09:51:17.400Z [0406615d-16cf-4c4d-9ce5-5fcdda5dc29b][fdfbd39c-aa59-4b23-a3ac-5f2ddfb5b1b8] ✅ 4 item(s) saved to Downloads/Win AI Toolkit/
2026-09-06T09:51:18.009Z [0406615d-16cf-4c4d-9ce5-5fcdda5dc29b][fdfbd39c-aa59-4b23-a3ac-5f2ddfb5b1b8] Item 2: Uploaded → https://studio.xanhmedia.vn/uploads/2026-09/1788688277938_78e6ac_fdfbd39c-aa59-4b23-a3ac-5f2ddfb5b1b8_040.jpg
2026-09-06T09:51:18.012Z [0406615d-16cf-4c4d-9ce5-5fcdda5dc29b][fdfbd39c-aa59-4b23-a3ac-5f2ddfb5b1b8] Item 1: Uploaded → https://studio.xanhmedia.vn/uploads/2026-09/1788688277936_6b442a_fdfbd39c-aa59-4b23-a3ac-5f2ddfb5b1b8_040.jpg
2026-09-06T09:51:18.028Z [0406615d-16cf-4c4d-9ce5-5fcdda5dc29b][fdfbd39c-aa59-4b23-a3ac-5f2ddfb5b1b8] Item 4: Uploaded → https://studio.xanhmedia.vn/uploads/2026-09/1788688277957_26d75e_fdfbd39c-aa59-4b23-a3ac-5f2ddfb5b1b8_040.jpg
2026-09-06T09:51:18.063Z [0406615d-16cf-4c4d-9ce5-5fcdda5dc29b][fdfbd39c-aa59-4b23-a3ac-5f2ddfb5b1b8] Item 3: Uploaded → https://studio.xanhmedia.vn/uploads/2026-09/1788688277985_0452ad_fdfbd39c-aa59-4b23-a3ac-5f2ddfb5b1b8_040.jpg
2026-09-06T09:51:18.176Z [0406615d-16cf-4c4d-9ce5-5fcdda5dc29b][fdfbd39c-aa59-4b23-a3ac-5f2ddfb5b1b8] All done (including any 1080p upgrades). Closing Playwright browser context.
2026-09-06T09:51:18.488Z [38a3410a-353f-4c3f-ad4d-94437a018680][fdfbd39c-aa59-4b23-a3ac-5f2ddfb5b1b8] runGeneration starting: task_id=38a3410a-353f-4c3f-ad4d-94437a018680, profile_id=fdfbd39c-aa59-4b23-a3ac-5f2ddfb5b1b8, target_site=google_flow
2026-09-06T09:51:18.493Z [38a3410a-353f-4c3f-ad4d-94437a018680][fdfbd39c-aa59-4b23-a3ac-5f2ddfb5b1b8] Opening Playwright browser with persistent profile cookies...
2026-09-06T09:51:18.497Z [38a3410a-353f-4c3f-ad4d-94437a018680][fdfbd39c-aa59-4b23-a3ac-5f2ddfb5b1b8] Browser engine: winhide (C:\Users\MienTrungComputer\AppData\Roaming\com.tank.winai\winhide\chrome.exe)
2026-09-06T09:51:18.501Z [38a3410a-353f-4c3f-ad4d-94437a018680][fdfbd39c-aa59-4b23-a3ac-5f2ddfb5b1b8] Launch mode: STEALTH (raw spawn + connectOverCDP)
2026-09-06T09:51:19.303Z [16e9fcbd-cdf9-403d-99a7-b37f9fd23e05][fdfbd39c-aa59-4b23-a3ac-5f2ddfb5b1b8] Generating... 0 ready, 0 failed / 4 total (33s) image 99% [THAM CHIẾ image 99% [THAM CHIẾ image 99% [THAM CHIẾ image 99% [THAM CHIẾ
2026-09-06T09:51:22.336Z [16e9fcbd-cdf9-403d-99a7-b37f9fd23e05][fdfbd39c-aa59-4b23-a3ac-5f2ddfb5b1b8] Generating... 0 ready, 0 failed / 4 total (36s) image 99% [THAM CHIẾ image 99% [THAM CHIẾ image 99% [THAM CHIẾ image 99% [THAM CHIẾ
2026-09-06T09:51:22.400Z [38a3410a-353f-4c3f-ad4d-94437a018680][fdfbd39c-aa59-4b23-a3ac-5f2ddfb5b1b8] Exit IP: 171.229.14.52
2026-09-06T09:51:22.402Z [38a3410a-353f-4c3f-ad4d-94437a018680][fdfbd39c-aa59-4b23-a3ac-5f2ddfb5b1b8] Navigating browser to Google Flow tools page...
2026-09-06T09:51:22.405Z [38a3410a-353f-4c3f-ad4d-94437a018680][fdfbd39c-aa59-4b23-a3ac-5f2ddfb5b1b8] Using existing project URL: https://flow.google.com/project/f4a8359f-f480-4865-9eef-7927ee95f030?hl=en
2026-09-06T09:51:24.027Z [38a3410a-353f-4c3f-ad4d-94437a018680][fdfbd39c-aa59-4b23-a3ac-5f2ddfb5b1b8] Waiting for Google Flow...
2026-09-06T09:51:25.376Z [16e9fcbd-cdf9-403d-99a7-b37f9fd23e05][fdfbd39c-aa59-4b23-a3ac-5f2ddfb5b1b8] Generating... 0 ready, 0 failed / 4 total (39s) image 99% [THAM CHIẾ image 99% [THAM CHIẾ image 99% [THAM CHIẾ
2026-09-06T09:51:26.289Z [38a3410a-353f-4c3f-ad4d-94437a018680][fdfbd39c-aa59-4b23-a3ac-5f2ddfb5b1b8] In existing project ✓
2026-09-06T09:51:27.819Z [38a3410a-353f-4c3f-ad4d-94437a018680][fdfbd39c-aa59-4b23-a3ac-5f2ddfb5b1b8] dismissPopups: unresolved overlay(s) ["IFRAME[presentation]|btns="]
2026-09-06T09:51:28.422Z [16e9fcbd-cdf9-403d-99a7-b37f9fd23e05][fdfbd39c-aa59-4b23-a3ac-5f2ddfb5b1b8] Generating... 0 ready, 0 failed / 4 total (42s) image 99% [THAM CHIẾ image 99% [THAM CHIẾ image 99% [THAM CHIẾ
2026-09-06T09:51:31.467Z [16e9fcbd-cdf9-403d-99a7-b37f9fd23e05][fdfbd39c-aa59-4b23-a3ac-5f2ddfb5b1b8] Generating... 0 ready, 0 failed / 4 total (45s) image 99% [THAM CHIẾ image 99% [THAM CHIẾ image 99% [THAM CHIẾ
2026-09-06T09:51:33.837Z [38a3410a-353f-4c3f-ad4d-94437a018680][fdfbd39c-aa59-4b23-a3ac-5f2ddfb5b1b8] Composer ready ✓ (UI language: en)
2026-09-06T09:51:33.932Z [38a3410a-353f-4c3f-ad4d-94437a018680][fdfbd39c-aa59-4b23-a3ac-5f2ddfb5b1b8] dismissPopups: clicked "Dismiss credit banner" (overlay)
2026-09-06T09:51:34.485Z [38a3410a-353f-4c3f-ad4d-94437a018680][fdfbd39c-aa59-4b23-a3ac-5f2ddfb5b1b8] dismissPopups: unresolved overlay(s) ["DIV[]|btns=","DIV[]|btns="]
2026-09-06T09:51:34.568Z [38a3410a-353f-4c3f-ad4d-94437a018680][fdfbd39c-aa59-4b23-a3ac-5f2ddfb5b1b8] Agent toggle aria-pressed=false
2026-09-06T09:51:34.571Z [38a3410a-353f-4c3f-ad4d-94437a018680][fdfbd39c-aa59-4b23-a3ac-5f2ddfb5b1b8] Opening settings...
2026-09-06T09:51:34.589Z [16e9fcbd-cdf9-403d-99a7-b37f9fd23e05][fdfbd39c-aa59-4b23-a3ac-5f2ddfb5b1b8] Generating... 0 ready, 0 failed / 4 total (49s) image 99% [THAM CHIẾ image 99% [THAM CHIẾ [THAM CHIẾU]Arlo Sch
2026-09-06T09:51:36.816Z [38a3410a-353f-4c3f-ad4d-94437a018680][fdfbd39c-aa59-4b23-a3ac-5f2ddfb5b1b8] Configuring image settings...
2026-09-06T09:51:37.638Z [16e9fcbd-cdf9-403d-99a7-b37f9fd23e05][fdfbd39c-aa59-4b23-a3ac-5f2ddfb5b1b8] Generating... 1 ready, 0 failed / 4 total (52s) image 99% [THAM CHIẾ image 99% [THAM CHIẾ
2026-09-06T09:51:38.431Z [38a3410a-353f-4c3f-ad4d-94437a018680][fdfbd39c-aa59-4b23-a3ac-5f2ddfb5b1b8] Mode: selected "image Image" ✓
2026-09-06T09:51:40.668Z [16e9fcbd-cdf9-403d-99a7-b37f9fd23e05][fdfbd39c-aa59-4b23-a3ac-5f2ddfb5b1b8] Generating... 1 ready, 0 failed / 4 total (55s) image 99% [THAM CHIẾ [THAM CHIẾU]Arlo Sch
2026-09-06T09:51:43.649Z [38a3410a-353f-4c3f-ad4d-94437a018680][fdfbd39c-aa59-4b23-a3ac-5f2ddfb5b1b8] Model: selected "🍌 Nano Banana 2" ✓
2026-09-06T09:51:43.710Z [16e9fcbd-cdf9-403d-99a7-b37f9fd23e05][fdfbd39c-aa59-4b23-a3ac-5f2ddfb5b1b8] Generating... 2 ready, 0 failed / 4 total (58s) image 99% [THAM CHIẾ
2026-09-06T09:51:44.327Z [38a3410a-353f-4c3f-ad4d-94437a018680][fdfbd39c-aa59-4b23-a3ac-5f2ddfb5b1b8] Aspect ratio: "crop_16_9 16:9" already selected ✓
2026-09-06T09:51:46.186Z [38a3410a-353f-4c3f-ad4d-94437a018680][fdfbd39c-aa59-4b23-a3ac-5f2ddfb5b1b8] Output count: selected "x4" ✓
2026-09-06T09:51:46.742Z [16e9fcbd-cdf9-403d-99a7-b37f9fd23e05][fdfbd39c-aa59-4b23-a3ac-5f2ddfb5b1b8] Generating... 2 ready, 0 failed / 4 total (61s) [THAM CHIẾU]Arlo Sch
2026-09-06T09:51:47.406Z [38a3410a-353f-4c3f-ad4d-94437a018680][fdfbd39c-aa59-4b23-a3ac-5f2ddfb5b1b8] Ref image 1/5: downloading from URL...
2026-09-06T09:51:47.965Z [38a3410a-353f-4c3f-ad4d-94437a018680][fdfbd39c-aa59-4b23-a3ac-5f2ddfb5b1b8] Downloader: no-proxy request context ready.
2026-09-06T09:51:48.481Z [38a3410a-353f-4c3f-ad4d-94437a018680][fdfbd39c-aa59-4b23-a3ac-5f2ddfb5b1b8] Ref image 1/5: saved 527475 bytes (image/jpeg) as "Arlo School Day.jpeg"
2026-09-06T09:51:48.484Z [38a3410a-353f-4c3f-ad4d-94437a018680][fdfbd39c-aa59-4b23-a3ac-5f2ddfb5b1b8] Ref image 1/5: attaching reference image...
2026-09-06T09:51:49.770Z [16e9fcbd-cdf9-403d-99a7-b37f9fd23e05][fdfbd39c-aa59-4b23-a3ac-5f2ddfb5b1b8] Generating... 3 ready, 0 failed / 4 total (64s)
2026-09-06T09:51:50.730Z [38a3410a-353f-4c3f-ad4d-94437a018680][fdfbd39c-aa59-4b23-a3ac-5f2ddfb5b1b8] Ref image 1/5: reusing library asset "Arlo School Day.jpeg" (no re-upload).
2026-09-06T09:51:52.803Z [16e9fcbd-cdf9-403d-99a7-b37f9fd23e05][fdfbd39c-aa59-4b23-a3ac-5f2ddfb5b1b8] Generating... 3 ready, 0 failed / 4 total (67s)
2026-09-06T09:51:54.172Z [38a3410a-353f-4c3f-ad4d-94437a018680][fdfbd39c-aa59-4b23-a3ac-5f2ddfb5b1b8] Ref image 1/5: chips 0→1 ✓
2026-09-06T09:51:55.344Z [38a3410a-353f-4c3f-ad4d-94437a018680][fdfbd39c-aa59-4b23-a3ac-5f2ddfb5b1b8] Ref image 2/5: downloading from URL...
2026-09-06T09:51:55.732Z [38a3410a-353f-4c3f-ad4d-94437a018680][fdfbd39c-aa59-4b23-a3ac-5f2ddfb5b1b8] Ref image 2/5: saved 643624 bytes (image/jpeg) as "Nessa School Day.jpeg"
2026-09-06T09:51:55.741Z [38a3410a-353f-4c3f-ad4d-94437a018680][fdfbd39c-aa59-4b23-a3ac-5f2ddfb5b1b8] Ref image 2/5: attaching reference image...
2026-09-06T09:51:55.822Z [16e9fcbd-cdf9-403d-99a7-b37f9fd23e05][fdfbd39c-aa59-4b23-a3ac-5f2ddfb5b1b8] Generating... 3 ready, 0 failed / 4 total (70s)
2026-09-06T09:51:58.207Z [38a3410a-353f-4c3f-ad4d-94437a018680][fdfbd39c-aa59-4b23-a3ac-5f2ddfb5b1b8] Ref image 2/5: reusing library asset "Nessa School Day.jpeg" (no re-upload).
2026-09-06T09:51:58.850Z [16e9fcbd-cdf9-403d-99a7-b37f9fd23e05][fdfbd39c-aa59-4b23-a3ac-5f2ddfb5b1b8] Generating... 3 ready, 0 failed / 4 total (73s)
2026-09-06T09:52:01.512Z [38a3410a-353f-4c3f-ad4d-94437a018680][fdfbd39c-aa59-4b23-a3ac-5f2ddfb5b1b8] Ref image 2/5: chips 1→2 ✓
2026-09-06T09:52:01.882Z [16e9fcbd-cdf9-403d-99a7-b37f9fd23e05][fdfbd39c-aa59-4b23-a3ac-5f2ddfb5b1b8] Generating... 3 ready, 0 failed / 4 total (76s)
2026-09-06T09:52:03.012Z [38a3410a-353f-4c3f-ad4d-94437a018680][fdfbd39c-aa59-4b23-a3ac-5f2ddfb5b1b8] Ref image 3/5: downloading from URL...
2026-09-06T09:52:03.348Z [38a3410a-353f-4c3f-ad4d-94437a018680][fdfbd39c-aa59-4b23-a3ac-5f2ddfb5b1b8] Ref image 3/5: saved 509101 bytes (image/jpeg) as "Chili School Day.jpeg"
2026-09-06T09:52:03.354Z [38a3410a-353f-4c3f-ad4d-94437a018680][fdfbd39c-aa59-4b23-a3ac-5f2ddfb5b1b8] Ref image 3/5: attaching reference image...
2026-09-06T09:52:04.915Z [16e9fcbd-cdf9-403d-99a7-b37f9fd23e05][fdfbd39c-aa59-4b23-a3ac-5f2ddfb5b1b8] Generating... 3 ready, 0 failed / 4 total (79s)
2026-09-06T09:52:05.256Z [38a3410a-353f-4c3f-ad4d-94437a018680][fdfbd39c-aa59-4b23-a3ac-5f2ddfb5b1b8] Ref image 3/5: reusing library asset "Chili School Day.jpeg" (no re-upload).
2026-09-06T09:52:07.942Z [16e9fcbd-cdf9-403d-99a7-b37f9fd23e05][fdfbd39c-aa59-4b23-a3ac-5f2ddfb5b1b8] Generating... 3 ready, 0 failed / 4 total (82s)
2026-09-06T09:52:08.483Z [38a3410a-353f-4c3f-ad4d-94437a018680][fdfbd39c-aa59-4b23-a3ac-5f2ddfb5b1b8] Ref image 3/5: chips 2→3 ✓
2026-09-06T09:52:09.582Z [38a3410a-353f-4c3f-ad4d-94437a018680][fdfbd39c-aa59-4b23-a3ac-5f2ddfb5b1b8] Ref image 4/5: downloading from URL...
2026-09-06T09:52:09.929Z [38a3410a-353f-4c3f-ad4d-94437a018680][fdfbd39c-aa59-4b23-a3ac-5f2ddfb5b1b8] Ref image 4/5: saved 624616 bytes (image/jpeg) as "Verdant School Bus HELP System.jpeg"
2026-09-06T09:52:09.937Z [38a3410a-353f-4c3f-ad4d-94437a018680][fdfbd39c-aa59-4b23-a3ac-5f2ddfb5b1b8] Ref image 4/5: attaching reference image...
2026-09-06T09:52:10.963Z [16e9fcbd-cdf9-403d-99a7-b37f9fd23e05][fdfbd39c-aa59-4b23-a3ac-5f2ddfb5b1b8] Generating... 3 ready, 0 failed / 4 total (85s)
2026-09-06T09:52:12.298Z [38a3410a-353f-4c3f-ad4d-94437a018680][fdfbd39c-aa59-4b23-a3ac-5f2ddfb5b1b8] Ref image 4/5: reusing library asset "Verdant School Bus HELP System.jpeg" (no re-upload).
2026-09-06T09:52:13.993Z [16e9fcbd-cdf9-403d-99a7-b37f9fd23e05][fdfbd39c-aa59-4b23-a3ac-5f2ddfb5b1b8] Generating... 3 ready, 0 failed / 4 total (88s)
2026-09-06T09:52:15.974Z [38a3410a-353f-4c3f-ad4d-94437a018680][fdfbd39c-aa59-4b23-a3ac-5f2ddfb5b1b8] Ref image 4/5: chips 3→4 ✓
2026-09-06T09:52:17.011Z [16e9fcbd-cdf9-403d-99a7-b37f9fd23e05][fdfbd39c-aa59-4b23-a3ac-5f2ddfb5b1b8] Generating... 3 ready, 0 failed / 4 total (91s)
2026-09-06T09:52:17.364Z [38a3410a-353f-4c3f-ad4d-94437a018680][fdfbd39c-aa59-4b23-a3ac-5f2ddfb5b1b8] Ref image 5/5: downloading from URL...
2026-09-06T09:52:17.728Z [38a3410a-353f-4c3f-ad4d-94437a018680][fdfbd39c-aa59-4b23-a3ac-5f2ddfb5b1b8] Ref image 5/5: saved 703417 bytes (image/jpeg) as "Verdant School Bus Interior Master.jpeg"
2026-09-06T09:52:17.738Z [38a3410a-353f-4c3f-ad4d-94437a018680][fdfbd39c-aa59-4b23-a3ac-5f2ddfb5b1b8] Ref image 5/5: attaching reference image...
2026-09-06T09:52:19.868Z [38a3410a-353f-4c3f-ad4d-94437a018680][fdfbd39c-aa59-4b23-a3ac-5f2ddfb5b1b8] Ref image 5/5: reusing library asset "Verdant School Bus Interior Master.jpeg" (no re-upload).
2026-09-06T09:52:20.028Z [16e9fcbd-cdf9-403d-99a7-b37f9fd23e05][fdfbd39c-aa59-4b23-a3ac-5f2ddfb5b1b8] Generating... 3 ready, 0 failed / 4 total (94s)
2026-09-06T09:52:23.053Z [16e9fcbd-cdf9-403d-99a7-b37f9fd23e05][fdfbd39c-aa59-4b23-a3ac-5f2ddfb5b1b8] Generating... 3 ready, 0 failed / 4 total (97s)
2026-09-06T09:52:23.411Z [38a3410a-353f-4c3f-ad4d-94437a018680][fdfbd39c-aa59-4b23-a3ac-5f2ddfb5b1b8] Ref image 5/5: chips 4→5 ✓
2026-09-06T09:52:23.429Z [38a3410a-353f-4c3f-ad4d-94437a018680][fdfbd39c-aa59-4b23-a3ac-5f2ddfb5b1b8] Entering prompt...
2026-09-06T09:52:25.289Z [38a3410a-353f-4c3f-ad4d-94437a018680][fdfbd39c-aa59-4b23-a3ac-5f2ddfb5b1b8] Prompt is 1562 chars — typing it in 26 chunk(s).
2026-09-06T09:52:26.070Z [16e9fcbd-cdf9-403d-99a7-b37f9fd23e05][fdfbd39c-aa59-4b23-a3ac-5f2ddfb5b1b8] Generating... 3 ready, 0 failed / 4 total (100s)
2026-09-06T09:52:29.090Z [16e9fcbd-cdf9-403d-99a7-b37f9fd23e05][fdfbd39c-aa59-4b23-a3ac-5f2ddfb5b1b8] Generating... 3 ready, 0 failed / 4 total (103s)
2026-09-06T09:52:32.120Z [16e9fcbd-cdf9-403d-99a7-b37f9fd23e05][fdfbd39c-aa59-4b23-a3ac-5f2ddfb5b1b8] Generating... 3 ready, 0 failed / 4 total (106s)
2026-09-06T09:52:35.144Z [16e9fcbd-cdf9-403d-99a7-b37f9fd23e05][fdfbd39c-aa59-4b23-a3ac-5f2ddfb5b1b8] Generating... 3 ready, 0 failed / 4 total (109s)
2026-09-06T09:52:37.196Z [38a3410a-353f-4c3f-ad4d-94437a018680][fdfbd39c-aa59-4b23-a3ac-5f2ddfb5b1b8] Prompt insert attempt 1: editor has 1540 chars (want ~1554) ✓
2026-09-06T09:52:38.174Z [16e9fcbd-cdf9-403d-99a7-b37f9fd23e05][fdfbd39c-aa59-4b23-a3ac-5f2ddfb5b1b8] Generating... 3 ready, 0 failed / 4 total (112s)
2026-09-06T09:52:39.234Z [38a3410a-353f-4c3f-ad4d-94437a018680][fdfbd39c-aa59-4b23-a3ac-5f2ddfb5b1b8] Baseline: 27 pre-existing media tile(s) of 27 mounted (kinds: image,image,image,image,image,image,image,image,image,image,image,image,image,image,image,image,image,image,image,image,image,image,image,image,image,image,image).
2026-09-06T09:52:41.189Z [38a3410a-353f-4c3f-ad4d-94437a018680][fdfbd39c-aa59-4b23-a3ac-5f2ddfb5b1b8] [submit] confirmed (editor "What do you want to ", fresh tile=true).
2026-09-06T09:52:41.231Z [16e9fcbd-cdf9-403d-99a7-b37f9fd23e05][fdfbd39c-aa59-4b23-a3ac-5f2ddfb5b1b8] Generating... 3 ready, 0 failed / 4 total (115s)
2026-09-06T09:52:41.752Z [38a3410a-353f-4c3f-ad4d-94437a018680][fdfbd39c-aa59-4b23-a3ac-5f2ddfb5b1b8] Current Workspace project URL: https://flow.google.com/project/f4a8359f-f480-4865-9eef-7927ee95f030?hl=en
2026-09-06T09:52:41.756Z [38a3410a-353f-4c3f-ad4d-94437a018680][fdfbd39c-aa59-4b23-a3ac-5f2ddfb5b1b8] Submitted ✓ Detecting batch size...
2026-09-06T09:52:41.808Z [38a3410a-353f-4c3f-ad4d-94437a018680][fdfbd39c-aa59-4b23-a3ac-5f2ddfb5b1b8] New tile(s) since submit: 0 → 4 (mounted=27)
2026-09-06T09:52:44.263Z [16e9fcbd-cdf9-403d-99a7-b37f9fd23e05][fdfbd39c-aa59-4b23-a3ac-5f2ddfb5b1b8] Generating... 3 ready, 0 failed / 4 total (118s)
2026-09-06T09:52:46.144Z [38a3410a-353f-4c3f-ad4d-94437a018680][fdfbd39c-aa59-4b23-a3ac-5f2ddfb5b1b8] Batch size stabilised at 4 new tile(s)
2026-09-06T09:52:46.146Z [38a3410a-353f-4c3f-ad4d-94437a018680][fdfbd39c-aa59-4b23-a3ac-5f2ddfb5b1b8] Batch detected: 4 item(s). Generating...
2026-09-06T09:52:46.147Z [38a3410a-353f-4c3f-ad4d-94437a018680][fdfbd39c-aa59-4b23-a3ac-5f2ddfb5b1b8] Polling for 4 image item(s) (baseline=27, hasUpload=true)...
2026-09-06T09:52:46.192Z [38a3410a-353f-4c3f-ad4d-94437a018680][fdfbd39c-aa59-4b23-a3ac-5f2ddfb5b1b8] Generating... 0 ready, 0 failed / 4 total (0s) image 35% [THAM CHIẾ image 35% [THAM CHIẾ image 35% [THAM CHIẾ image 35% [THAM CHIẾ
2026-09-06T09:52:47.287Z [16e9fcbd-cdf9-403d-99a7-b37f9fd23e05][fdfbd39c-aa59-4b23-a3ac-5f2ddfb5b1b8] Generating... 3 ready, 0 failed / 4 total (121s)
2026-09-06T09:52:49.215Z [38a3410a-353f-4c3f-ad4d-94437a018680][fdfbd39c-aa59-4b23-a3ac-5f2ddfb5b1b8] Generating... 0 ready, 0 failed / 4 total (3s) image 55% [THAM CHIẾ image 55% [THAM CHIẾ image 55% [THAM CHIẾ image 55% [THAM CHIẾ
2026-09-06T09:52:50.324Z [16e9fcbd-cdf9-403d-99a7-b37f9fd23e05][fdfbd39c-aa59-4b23-a3ac-5f2ddfb5b1b8] Generating... 3 ready, 0 failed / 4 total (124s)
2026-09-06T09:52:52.249Z [38a3410a-353f-4c3f-ad4d-94437a018680][fdfbd39c-aa59-4b23-a3ac-5f2ddfb5b1b8] Generating... 0 ready, 0 failed / 4 total (6s) image 75% [THAM CHIẾ image 75% [THAM CHIẾ image 75% [THAM CHIẾ image 75% [THAM CHIẾ
2026-09-06T09:52:53.346Z [16e9fcbd-cdf9-403d-99a7-b37f9fd23e05][fdfbd39c-aa59-4b23-a3ac-5f2ddfb5b1b8] Generating... 3 ready, 0 failed / 4 total (127s)
2026-09-06T09:52:55.273Z [38a3410a-353f-4c3f-ad4d-94437a018680][fdfbd39c-aa59-4b23-a3ac-5f2ddfb5b1b8] Generating... 0 ready, 0 failed / 4 total (9s) image 99% [THAM CHIẾ image 99% [THAM CHIẾ image 99% [THAM CHIẾ image 99% [THAM CHIẾ
2026-09-06T09:52:56.364Z [16e9fcbd-cdf9-403d-99a7-b37f9fd23e05][fdfbd39c-aa59-4b23-a3ac-5f2ddfb5b1b8] Generating... 3 ready, 0 failed / 4 total (130s)
2026-09-06T09:52:58.299Z [38a3410a-353f-4c3f-ad4d-94437a018680][fdfbd39c-aa59-4b23-a3ac-5f2ddfb5b1b8] Generating... 0 ready, 0 failed / 4 total (12s) image 99% [THAM CHIẾ image 99% [THAM CHIẾ image 99% [THAM CHIẾ image 99% [THAM CHIẾ
2026-09-06T09:52:59.388Z [16e9fcbd-cdf9-403d-99a7-b37f9fd23e05][fdfbd39c-aa59-4b23-a3ac-5f2ddfb5b1b8] Generating... 3 ready, 0 failed / 4 total (133s)
2026-09-06T09:53:01.334Z [38a3410a-353f-4c3f-ad4d-94437a018680][fdfbd39c-aa59-4b23-a3ac-5f2ddfb5b1b8] Generating... 0 ready, 0 failed / 4 total (15s) image 99% [THAM CHIẾ image 99% [THAM CHIẾ image 99% [THAM CHIẾ image 99% [THAM CHIẾ
2026-09-06T09:53:02.420Z [16e9fcbd-cdf9-403d-99a7-b37f9fd23e05][fdfbd39c-aa59-4b23-a3ac-5f2ddfb5b1b8] Generating... 3 ready, 0 failed / 4 total (136s)
2026-09-06T09:53:04.356Z [38a3410a-353f-4c3f-ad4d-94437a018680][fdfbd39c-aa59-4b23-a3ac-5f2ddfb5b1b8] Generating... 0 ready, 0 failed / 4 total (18s) image 99% [THAM CHIẾ image 99% [THAM CHIẾ image 99% [THAM CHIẾ image 99% [THAM CHIẾ
2026-09-06T09:53:05.444Z [16e9fcbd-cdf9-403d-99a7-b37f9fd23e05][fdfbd39c-aa59-4b23-a3ac-5f2ddfb5b1b8] Generating... 3 ready, 0 failed / 4 total (139s)
2026-09-06T09:53:07.398Z [38a3410a-353f-4c3f-ad4d-94437a018680][fdfbd39c-aa59-4b23-a3ac-5f2ddfb5b1b8] Generating... 0 ready, 0 failed / 4 total (21s) image 99% [THAM CHIẾ image 99% [THAM CHIẾ image 99% [THAM CHIẾ image 99% [THAM CHIẾ
2026-09-06T09:53:08.472Z [16e9fcbd-cdf9-403d-99a7-b37f9fd23e05][fdfbd39c-aa59-4b23-a3ac-5f2ddfb5b1b8] Generating... 3 ready, 0 failed / 4 total (143s)
2026-09-06T09:53:10.421Z [38a3410a-353f-4c3f-ad4d-94437a018680][fdfbd39c-aa59-4b23-a3ac-5f2ddfb5b1b8] Generating... 0 ready, 0 failed / 4 total (24s) image 99% [THAM CHIẾ image 99% [THAM CHIẾ image 99% [THAM CHIẾ image 99% [THAM CHIẾ
2026-09-06T09:53:11.501Z [16e9fcbd-cdf9-403d-99a7-b37f9fd23e05][fdfbd39c-aa59-4b23-a3ac-5f2ddfb5b1b8] Generating... 3 ready, 0 failed / 4 total (146s)
2026-09-06T09:53:13.451Z [38a3410a-353f-4c3f-ad4d-94437a018680][fdfbd39c-aa59-4b23-a3ac-5f2ddfb5b1b8] Generating... 0 ready, 0 failed / 4 total (27s) image 99% [THAM CHIẾ image 99% [THAM CHIẾ image 99% [THAM CHIẾ image 99% [THAM CHIẾ
2026-09-06T09:53:14.519Z [16e9fcbd-cdf9-403d-99a7-b37f9fd23e05][fdfbd39c-aa59-4b23-a3ac-5f2ddfb5b1b8] Generating... 3 ready, 0 failed / 4 total (149s)
2026-09-06T09:53:16.477Z [38a3410a-353f-4c3f-ad4d-94437a018680][fdfbd39c-aa59-4b23-a3ac-5f2ddfb5b1b8] Generating... 0 ready, 0 failed / 4 total (30s) image 99% [THAM CHIẾ image 99% [THAM CHIẾ image 99% [THAM CHIẾ image 99% [THAM CHIẾ
2026-09-06T09:53:17.551Z [16e9fcbd-cdf9-403d-99a7-b37f9fd23e05][fdfbd39c-aa59-4b23-a3ac-5f2ddfb5b1b8] Generating... 3 ready, 0 failed / 4 total (152s)
2026-09-06T09:53:19.497Z [38a3410a-353f-4c3f-ad4d-94437a018680][fdfbd39c-aa59-4b23-a3ac-5f2ddfb5b1b8] Generating... 0 ready, 0 failed / 4 total (33s) image 99% [THAM CHIẾ image 99% [THAM CHIẾ image 99% [THAM CHIẾ image 99% [THAM CHIẾ
2026-09-06T09:53:20.575Z [16e9fcbd-cdf9-403d-99a7-b37f9fd23e05][fdfbd39c-aa59-4b23-a3ac-5f2ddfb5b1b8] Generating... 3 ready, 0 failed / 4 total (155s)
2026-09-06T09:53:22.527Z [38a3410a-353f-4c3f-ad4d-94437a018680][fdfbd39c-aa59-4b23-a3ac-5f2ddfb5b1b8] Generating... 0 ready, 0 failed / 4 total (36s) image 99% [THAM CHIẾ image 99% [THAM CHIẾ image 99% [THAM CHIẾ image 99% [THAM CHIẾ
2026-09-06T09:53:23.600Z [16e9fcbd-cdf9-403d-99a7-b37f9fd23e05][fdfbd39c-aa59-4b23-a3ac-5f2ddfb5b1b8] Generating... 3 ready, 0 failed / 4 total (158s)
2026-09-06T09:53:25.558Z [38a3410a-353f-4c3f-ad4d-94437a018680][fdfbd39c-aa59-4b23-a3ac-5f2ddfb5b1b8] Generating... 0 ready, 0 failed / 4 total (39s) image 99% [THAM CHIẾ image 99% [THAM CHIẾ image 99% [THAM CHIẾ image 99% [THAM CHIẾ
2026-09-06T09:53:26.627Z [16e9fcbd-cdf9-403d-99a7-b37f9fd23e05][fdfbd39c-aa59-4b23-a3ac-5f2ddfb5b1b8] Generating... 3 ready, 0 failed / 4 total (161s)
2026-09-06T09:53:28.578Z [38a3410a-353f-4c3f-ad4d-94437a018680][fdfbd39c-aa59-4b23-a3ac-5f2ddfb5b1b8] Generating... 0 ready, 0 failed / 4 total (42s) image 99% [THAM CHIẾ image 99% [THAM CHIẾ image 99% [THAM CHIẾ image 99% [THAM CHIẾ
2026-09-06T09:53:29.648Z [16e9fcbd-cdf9-403d-99a7-b37f9fd23e05][fdfbd39c-aa59-4b23-a3ac-5f2ddfb5b1b8] Generating... 3 ready, 0 failed / 4 total (164s)
2026-09-06T09:53:31.616Z [38a3410a-353f-4c3f-ad4d-94437a018680][fdfbd39c-aa59-4b23-a3ac-5f2ddfb5b1b8] Generating... 0 ready, 0 failed / 4 total (45s) [THAM CHIẾU]Arlo Sch image 99% [THAM CHIẾ [THAM CHIẾU]Arlo Sch image 99% [THAM CHIẾ
2026-09-06T09:53:32.678Z [16e9fcbd-cdf9-403d-99a7-b37f9fd23e05][fdfbd39c-aa59-4b23-a3ac-5f2ddfb5b1b8] Generating... 3 ready, 0 failed / 4 total (167s)
2026-09-06T09:53:34.639Z [38a3410a-353f-4c3f-ad4d-94437a018680][fdfbd39c-aa59-4b23-a3ac-5f2ddfb5b1b8] Generating... 2 ready, 0 failed / 4 total (48s) image 99% [THAM CHIẾ [THAM CHIẾU]Arlo Sch
2026-09-06T09:53:35.717Z [16e9fcbd-cdf9-403d-99a7-b37f9fd23e05][fdfbd39c-aa59-4b23-a3ac-5f2ddfb5b1b8] Generating... 3 ready, 0 failed / 4 total (170s)
2026-09-06T09:53:37.668Z [38a3410a-353f-4c3f-ad4d-94437a018680][fdfbd39c-aa59-4b23-a3ac-5f2ddfb5b1b8] Generating... 3 ready, 0 failed / 4 total (52s) image 99% [THAM CHIẾ
2026-09-06T09:53:38.753Z [16e9fcbd-cdf9-403d-99a7-b37f9fd23e05][fdfbd39c-aa59-4b23-a3ac-5f2ddfb5b1b8] Generating... 3 ready, 0 failed / 4 total (173s)
2026-09-06T09:53:40.703Z [38a3410a-353f-4c3f-ad4d-94437a018680][fdfbd39c-aa59-4b23-a3ac-5f2ddfb5b1b8] Generating... 3 ready, 0 failed / 4 total (55s) image 99% [THAM CHIẾ
2026-09-06T09:53:41.787Z [16e9fcbd-cdf9-403d-99a7-b37f9fd23e05][fdfbd39c-aa59-4b23-a3ac-5f2ddfb5b1b8] Generating... 3 ready, 0 failed / 4 total (176s)
2026-09-06T09:53:43.739Z [38a3410a-353f-4c3f-ad4d-94437a018680][fdfbd39c-aa59-4b23-a3ac-5f2ddfb5b1b8] Generating... 3 ready, 0 failed / 4 total (58s) image 99% [THAM CHIẾ
2026-09-06T09:53:44.819Z [16e9fcbd-cdf9-403d-99a7-b37f9fd23e05][fdfbd39c-aa59-4b23-a3ac-5f2ddfb5b1b8] Generating... 3 ready, 0 failed / 4 total (179s)
2026-09-06T09:53:46.763Z [38a3410a-353f-4c3f-ad4d-94437a018680][fdfbd39c-aa59-4b23-a3ac-5f2ddfb5b1b8] Generating... 3 ready, 0 failed / 4 total (61s) image 99% [THAM CHIẾ
2026-09-06T09:53:47.828Z [16e9fcbd-cdf9-403d-99a7-b37f9fd23e05][fdfbd39c-aa59-4b23-a3ac-5f2ddfb5b1b8] Poll ended with 3/4 ready — salvaging the completed item(s).
2026-09-06T09:53:47.830Z [16e9fcbd-cdf9-403d-99a7-b37f9fd23e05][fdfbd39c-aa59-4b23-a3ac-5f2ddfb5b1b8] 3 item(s) ready! Downloading...
2026-09-06T09:53:47.836Z [16e9fcbd-cdf9-403d-99a7-b37f9fd23e05][fdfbd39c-aa59-4b23-a3ac-5f2ddfb5b1b8] Item 1: Downloading from URL https://flow-content.google/image/184abb40-f1ff-4c20-b663-f8db98daa64e?Expires=1788709843&KeyName=labs-flow-prod-cdn-key&Signature=vdkcwn1imTvIxRrswN4F5yc9iKk
2026-09-06T09:53:48.153Z [16e9fcbd-cdf9-403d-99a7-b37f9fd23e05][fdfbd39c-aa59-4b23-a3ac-5f2ddfb5b1b8] Downloaded 1/3: winai_2026-09-06T09-53-47_01.jpg
2026-09-06T09:53:48.159Z [16e9fcbd-cdf9-403d-99a7-b37f9fd23e05][fdfbd39c-aa59-4b23-a3ac-5f2ddfb5b1b8] Item 2: Downloading from URL https://flow-content.google/image/3e5b4f12-8bca-43a2-934e-d8810b16c487?Expires=1788709842&KeyName=labs-flow-prod-cdn-key&Signature=5irS4xB_oJrqagL8gg5vaF1XQcY
2026-09-06T09:53:48.265Z [16e9fcbd-cdf9-403d-99a7-b37f9fd23e05][fdfbd39c-aa59-4b23-a3ac-5f2ddfb5b1b8] Downloaded 2/3: winai_2026-09-06T09-53-47_02.jpg
2026-09-06T09:53:48.266Z [16e9fcbd-cdf9-403d-99a7-b37f9fd23e05][fdfbd39c-aa59-4b23-a3ac-5f2ddfb5b1b8] Item 3: Downloading from URL https://flow-content.google/image/aa2b36d3-765f-4d41-8b69-4ea9a3aaa9cb?Expires=1788709841&KeyName=labs-flow-prod-cdn-key&Signature=M5IY4VnxmP3SBABmLiezSHXbvDM
2026-09-06T09:53:48.377Z [16e9fcbd-cdf9-403d-99a7-b37f9fd23e05][fdfbd39c-aa59-4b23-a3ac-5f2ddfb5b1b8] Downloaded 3/3: winai_2026-09-06T09-53-47_03.jpg
2026-09-06T09:53:48.380Z [16e9fcbd-cdf9-403d-99a7-b37f9fd23e05][fdfbd39c-aa59-4b23-a3ac-5f2ddfb5b1b8] ✅ 3 item(s) saved to Downloads/Win AI Toolkit/
2026-09-06T09:53:48.970Z [16e9fcbd-cdf9-403d-99a7-b37f9fd23e05][fdfbd39c-aa59-4b23-a3ac-5f2ddfb5b1b8] Item 1: Uploaded → https://studio.xanhmedia.vn/uploads/2026-09/1788688428895_bd50d2_fdfbd39c-aa59-4b23-a3ac-5f2ddfb5b1b8_16e.jpg
2026-09-06T09:53:48.986Z [16e9fcbd-cdf9-403d-99a7-b37f9fd23e05][fdfbd39c-aa59-4b23-a3ac-5f2ddfb5b1b8] Item 2: Uploaded → https://studio.xanhmedia.vn/uploads/2026-09/1788688428914_cd58df_fdfbd39c-aa59-4b23-a3ac-5f2ddfb5b1b8_16e.jpg
2026-09-06T09:53:49.014Z [16e9fcbd-cdf9-403d-99a7-b37f9fd23e05][fdfbd39c-aa59-4b23-a3ac-5f2ddfb5b1b8] Item 3: Uploaded → https://studio.xanhmedia.vn/uploads/2026-09/1788688428942_ccf99d_fdfbd39c-aa59-4b23-a3ac-5f2ddfb5b1b8_16e.jpg
2026-09-06T09:53:49.090Z [16e9fcbd-cdf9-403d-99a7-b37f9fd23e05][fdfbd39c-aa59-4b23-a3ac-5f2ddfb5b1b8] All done (including any 1080p upgrades). Closing Playwright browser context.
2026-09-06T09:53:49.273Z [2beef8db-961f-4377-ab3f-e110d7f48b40][fdfbd39c-aa59-4b23-a3ac-5f2ddfb5b1b8] runGeneration starting: task_id=2beef8db-961f-4377-ab3f-e110d7f48b40, profile_id=fdfbd39c-aa59-4b23-a3ac-5f2ddfb5b1b8, target_site=google_flow
2026-09-06T09:53:49.275Z [2beef8db-961f-4377-ab3f-e110d7f48b40][fdfbd39c-aa59-4b23-a3ac-5f2ddfb5b1b8] Opening Playwright browser with persistent profile cookies...
2026-09-06T09:53:49.278Z [2beef8db-961f-4377-ab3f-e110d7f48b40][fdfbd39c-aa59-4b23-a3ac-5f2ddfb5b1b8] Browser engine: winhide (C:\Users\MienTrungComputer\AppData\Roaming\com.tank.winai\winhide\chrome.exe)
2026-09-06T09:53:49.281Z [2beef8db-961f-4377-ab3f-e110d7f48b40][fdfbd39c-aa59-4b23-a3ac-5f2ddfb5b1b8] Launch mode: STEALTH (raw spawn + connectOverCDP)
2026-09-06T09:53:49.798Z [38a3410a-353f-4c3f-ad4d-94437a018680][fdfbd39c-aa59-4b23-a3ac-5f2ddfb5b1b8] Generating... 3 ready, 0 failed / 4 total (64s) image 99% [THAM CHIẾ
2026-09-06T09:53:52.641Z [2beef8db-961f-4377-ab3f-e110d7f48b40][fdfbd39c-aa59-4b23-a3ac-5f2ddfb5b1b8] Exit IP: 171.229.14.52
2026-09-06T09:53:52.642Z [2beef8db-961f-4377-ab3f-e110d7f48b40][fdfbd39c-aa59-4b23-a3ac-5f2ddfb5b1b8] Navigating browser to Google Flow tools page...
2026-09-06T09:53:52.646Z [2beef8db-961f-4377-ab3f-e110d7f48b40][fdfbd39c-aa59-4b23-a3ac-5f2ddfb5b1b8] Using existing project URL: https://flow.google.com/project/390215dc-290f-4b92-a7f0-dd2b6651acfb?hl=en
2026-09-06T09:53:52.839Z [38a3410a-353f-4c3f-ad4d-94437a018680][fdfbd39c-aa59-4b23-a3ac-5f2ddfb5b1b8] Generating... 3 ready, 0 failed / 4 total (67s) image 99% [THAM CHIẾ
2026-09-06T09:53:54.020Z [2beef8db-961f-4377-ab3f-e110d7f48b40][fdfbd39c-aa59-4b23-a3ac-5f2ddfb5b1b8] Waiting for Google Flow...
2026-09-06T09:53:55.877Z [38a3410a-353f-4c3f-ad4d-94437a018680][fdfbd39c-aa59-4b23-a3ac-5f2ddfb5b1b8] Generating... 3 ready, 0 failed / 4 total (70s) image 99% [THAM CHIẾ
2026-09-06T09:53:55.968Z [2beef8db-961f-4377-ab3f-e110d7f48b40][fdfbd39c-aa59-4b23-a3ac-5f2ddfb5b1b8] In existing project ✓
2026-09-06T09:53:57.542Z [2beef8db-961f-4377-ab3f-e110d7f48b40][fdfbd39c-aa59-4b23-a3ac-5f2ddfb5b1b8] dismissPopups: unresolved overlay(s) ["IFRAME[presentation]|btns="]
2026-09-06T09:53:58.930Z [38a3410a-353f-4c3f-ad4d-94437a018680][fdfbd39c-aa59-4b23-a3ac-5f2ddfb5b1b8] Generating... 3 ready, 0 failed / 4 total (73s) image 99% [THAM CHIẾ
2026-09-06T09:54:01.982Z [38a3410a-353f-4c3f-ad4d-94437a018680][fdfbd39c-aa59-4b23-a3ac-5f2ddfb5b1b8] Generating... 3 ready, 0 failed / 4 total (76s) image 99% [THAM CHIẾ
2026-09-06T09:54:04.009Z [2beef8db-961f-4377-ab3f-e110d7f48b40][fdfbd39c-aa59-4b23-a3ac-5f2ddfb5b1b8] Composer ready ✓ (UI language: en)
2026-09-06T09:54:04.866Z [2beef8db-961f-4377-ab3f-e110d7f48b40][fdfbd39c-aa59-4b23-a3ac-5f2ddfb5b1b8] dismissPopups: clicked "Dismiss credit banner" (overlay)
2026-09-06T09:54:05.050Z [38a3410a-353f-4c3f-ad4d-94437a018680][fdfbd39c-aa59-4b23-a3ac-5f2ddfb5b1b8] Generating... 3 ready, 0 failed / 4 total (79s) image 99% [THAM CHIẾ
2026-09-06T09:54:05.438Z [2beef8db-961f-4377-ab3f-e110d7f48b40][fdfbd39c-aa59-4b23-a3ac-5f2ddfb5b1b8] dismissPopups: unresolved overlay(s) ["DIV[]|btns=","DIV[]|btns="]
2026-09-06T09:54:05.497Z [2beef8db-961f-4377-ab3f-e110d7f48b40][fdfbd39c-aa59-4b23-a3ac-5f2ddfb5b1b8] Agent toggle aria-pressed=false
2026-09-06T09:54:05.500Z [2beef8db-961f-4377-ab3f-e110d7f48b40][fdfbd39c-aa59-4b23-a3ac-5f2ddfb5b1b8] Opening settings...
2026-09-06T09:54:07.325Z [2beef8db-961f-4377-ab3f-e110d7f48b40][fdfbd39c-aa59-4b23-a3ac-5f2ddfb5b1b8] Configuring image settings...
2026-09-06T09:54:08.102Z [38a3410a-353f-4c3f-ad4d-94437a018680][fdfbd39c-aa59-4b23-a3ac-5f2ddfb5b1b8] Generating... 3 ready, 0 failed / 4 total (82s) image 99% [THAM CHIẾ
2026-09-06T09:54:08.863Z [2beef8db-961f-4377-ab3f-e110d7f48b40][fdfbd39c-aa59-4b23-a3ac-5f2ddfb5b1b8] Mode: selected "image Image" ✓
2026-09-06T09:54:11.132Z [38a3410a-353f-4c3f-ad4d-94437a018680][fdfbd39c-aa59-4b23-a3ac-5f2ddfb5b1b8] Generating... 3 ready, 0 failed / 4 total (85s) image 99% [THAM CHIẾ
2026-09-06T09:54:14.170Z [38a3410a-353f-4c3f-ad4d-94437a018680][fdfbd39c-aa59-4b23-a3ac-5f2ddfb5b1b8] Generating... 3 ready, 0 failed / 4 total (88s) image 99% [THAM CHIẾ
2026-09-06T09:54:14.366Z [2beef8db-961f-4377-ab3f-e110d7f48b40][fdfbd39c-aa59-4b23-a3ac-5f2ddfb5b1b8] Model: selected "🍌 Nano Banana 2" ✓
2026-09-06T09:54:14.992Z [2beef8db-961f-4377-ab3f-e110d7f48b40][fdfbd39c-aa59-4b23-a3ac-5f2ddfb5b1b8] Aspect ratio: "crop_16_9 16:9" already selected ✓
2026-09-06T09:54:16.702Z [2beef8db-961f-4377-ab3f-e110d7f48b40][fdfbd39c-aa59-4b23-a3ac-5f2ddfb5b1b8] Output count: selected "x4" ✓
2026-09-06T09:54:17.204Z [38a3410a-353f-4c3f-ad4d-94437a018680][fdfbd39c-aa59-4b23-a3ac-5f2ddfb5b1b8] Generating... 3 ready, 0 failed / 4 total (91s) image 99% [THAM CHIẾ
2026-09-06T09:54:17.792Z [2beef8db-961f-4377-ab3f-e110d7f48b40][fdfbd39c-aa59-4b23-a3ac-5f2ddfb5b1b8] Ref image 1/6: downloading from URL...
2026-09-06T09:54:18.484Z [2beef8db-961f-4377-ab3f-e110d7f48b40][fdfbd39c-aa59-4b23-a3ac-5f2ddfb5b1b8] Downloader: no-proxy request context ready.
2026-09-06T09:54:19.110Z [2beef8db-961f-4377-ab3f-e110d7f48b40][fdfbd39c-aa59-4b23-a3ac-5f2ddfb5b1b8] Ref image 1/6: saved 527475 bytes (image/jpeg) as "Arlo School Day.jpeg"
2026-09-06T09:54:19.129Z [2beef8db-961f-4377-ab3f-e110d7f48b40][fdfbd39c-aa59-4b23-a3ac-5f2ddfb5b1b8] Ref image 1/6: attaching reference image...
2026-09-06T09:54:20.221Z [38a3410a-353f-4c3f-ad4d-94437a018680][fdfbd39c-aa59-4b23-a3ac-5f2ddfb5b1b8] Generating... 3 ready, 0 failed / 4 total (94s) image 99% [THAM CHIẾ
2026-09-06T09:54:22.071Z [2beef8db-961f-4377-ab3f-e110d7f48b40][fdfbd39c-aa59-4b23-a3ac-5f2ddfb5b1b8] Ref image 1/6: reusing library asset "Arlo School Day.jpeg" (no re-upload).
2026-09-06T09:54:23.246Z [38a3410a-353f-4c3f-ad4d-94437a018680][fdfbd39c-aa59-4b23-a3ac-5f2ddfb5b1b8] Generating... 3 ready, 0 failed / 4 total (97s) image 99% [THAM CHIẾ
2026-09-06T09:54:25.664Z [2beef8db-961f-4377-ab3f-e110d7f48b40][fdfbd39c-aa59-4b23-a3ac-5f2ddfb5b1b8] Ref image 1/6: chips 0→1 ✓
2026-09-06T09:54:26.288Z [38a3410a-353f-4c3f-ad4d-94437a018680][fdfbd39c-aa59-4b23-a3ac-5f2ddfb5b1b8] Generating... 3 ready, 0 failed / 4 total (100s) image 99% [THAM CHIẾ
2026-09-06T09:54:26.884Z [2beef8db-961f-4377-ab3f-e110d7f48b40][fdfbd39c-aa59-4b23-a3ac-5f2ddfb5b1b8] Ref image 2/6: downloading from URL...
2026-09-06T09:54:27.288Z [2beef8db-961f-4377-ab3f-e110d7f48b40][fdfbd39c-aa59-4b23-a3ac-5f2ddfb5b1b8] Ref image 2/6: saved 643624 bytes (image/jpeg) as "Nessa School Day.jpeg"
2026-09-06T09:54:27.303Z [2beef8db-961f-4377-ab3f-e110d7f48b40][fdfbd39c-aa59-4b23-a3ac-5f2ddfb5b1b8] Ref image 2/6: attaching reference image...
2026-09-06T09:54:29.322Z [38a3410a-353f-4c3f-ad4d-94437a018680][fdfbd39c-aa59-4b23-a3ac-5f2ddfb5b1b8] Generating... 3 ready, 0 failed / 4 total (103s) image 99% [THAM CHIẾ
2026-09-06T09:54:29.745Z [2beef8db-961f-4377-ab3f-e110d7f48b40][fdfbd39c-aa59-4b23-a3ac-5f2ddfb5b1b8] Ref image 2/6: reusing library asset "Nessa School Day.jpeg" (no re-upload).
2026-09-06T09:54:32.355Z [38a3410a-353f-4c3f-ad4d-94437a018680][fdfbd39c-aa59-4b23-a3ac-5f2ddfb5b1b8] Generating... 3 ready, 0 failed / 4 total (106s) image 99% [THAM CHIẾ
2026-09-06T09:54:33.660Z [2beef8db-961f-4377-ab3f-e110d7f48b40][fdfbd39c-aa59-4b23-a3ac-5f2ddfb5b1b8] Ref image 2/6: chips 1→2 ✓
2026-09-06T09:54:35.104Z [2beef8db-961f-4377-ab3f-e110d7f48b40][fdfbd39c-aa59-4b23-a3ac-5f2ddfb5b1b8] Ref image 3/6: downloading from URL...
2026-09-06T09:54:35.391Z [38a3410a-353f-4c3f-ad4d-94437a018680][fdfbd39c-aa59-4b23-a3ac-5f2ddfb5b1b8] Generating... 3 ready, 0 failed / 4 total (109s) image 99% [THAM CHIẾ
2026-09-06T09:54:35.461Z [2beef8db-961f-4377-ab3f-e110d7f48b40][fdfbd39c-aa59-4b23-a3ac-5f2ddfb5b1b8] Ref image 3/6: saved 509101 bytes (image/jpeg) as "Chili School Day.jpeg"
2026-09-06T09:54:35.479Z [2beef8db-961f-4377-ab3f-e110d7f48b40][fdfbd39c-aa59-4b23-a3ac-5f2ddfb5b1b8] Ref image 3/6: attaching reference image...
2026-09-06T09:54:38.054Z [2beef8db-961f-4377-ab3f-e110d7f48b40][fdfbd39c-aa59-4b23-a3ac-5f2ddfb5b1b8] Ref image 3/6: reusing library asset "Chili School Day.jpeg" (no re-upload).
2026-09-06T09:54:38.436Z [38a3410a-353f-4c3f-ad4d-94437a018680][fdfbd39c-aa59-4b23-a3ac-5f2ddfb5b1b8] Generating... 3 ready, 0 failed / 4 total (112s) image 99% [THAM CHIẾ
2026-09-06T09:54:41.336Z [2beef8db-961f-4377-ab3f-e110d7f48b40][fdfbd39c-aa59-4b23-a3ac-5f2ddfb5b1b8] Ref image 3/6: chips 2→3 ✓
2026-09-06T09:54:41.457Z [38a3410a-353f-4c3f-ad4d-94437a018680][fdfbd39c-aa59-4b23-a3ac-5f2ddfb5b1b8] Generating... 3 ready, 0 failed / 4 total (115s) image 99% [THAM CHIẾ
2026-09-06T09:54:42.344Z [2beef8db-961f-4377-ab3f-e110d7f48b40][fdfbd39c-aa59-4b23-a3ac-5f2ddfb5b1b8] Ref image 4/6: downloading from URL...
2026-09-06T09:54:42.702Z [2beef8db-961f-4377-ab3f-e110d7f48b40][fdfbd39c-aa59-4b23-a3ac-5f2ddfb5b1b8] Ref image 4/6: saved 559623 bytes (image/jpeg) as "Fake Driver Driver Disguise State.jpeg"
2026-09-06T09:54:42.710Z [2beef8db-961f-4377-ab3f-e110d7f48b40][fdfbd39c-aa59-4b23-a3ac-5f2ddfb5b1b8] Ref image 4/6: attaching reference image...
2026-09-06T09:54:44.488Z [38a3410a-353f-4c3f-ad4d-94437a018680][fdfbd39c-aa59-4b23-a3ac-5f2ddfb5b1b8] Generating... 3 ready, 0 failed / 4 total (118s) image 99% [THAM CHIẾ
2026-09-06T09:54:45.169Z [2beef8db-961f-4377-ab3f-e110d7f48b40][fdfbd39c-aa59-4b23-a3ac-5f2ddfb5b1b8] Ref image 4/6: reusing library asset "Fake Driver Driver Disguise State.jpeg" (no re-upload).
2026-09-06T09:54:47.523Z [38a3410a-353f-4c3f-ad4d-94437a018680][fdfbd39c-aa59-4b23-a3ac-5f2ddfb5b1b8] Generating... 3 ready, 0 failed / 4 total (121s) image 99% [THAM CHIẾ
2026-09-06T09:54:49.241Z [2beef8db-961f-4377-ab3f-e110d7f48b40][fdfbd39c-aa59-4b23-a3ac-5f2ddfb5b1b8] Ref image 4/6: chips 3→4 ✓
2026-09-06T09:54:50.567Z [38a3410a-353f-4c3f-ad4d-94437a018680][fdfbd39c-aa59-4b23-a3ac-5f2ddfb5b1b8] Generating... 3 ready, 0 failed / 4 total (124s) image 99% [THAM CHIẾ
2026-09-06T09:54:50.786Z [2beef8db-961f-4377-ab3f-e110d7f48b40][fdfbd39c-aa59-4b23-a3ac-5f2ddfb5b1b8] Ref image 5/6: downloading from URL...
2026-09-06T09:54:51.148Z [2beef8db-961f-4377-ab3f-e110d7f48b40][fdfbd39c-aa59-4b23-a3ac-5f2ddfb5b1b8] Ref image 5/6: saved 624616 bytes (image/jpeg) as "Verdant School Bus HELP System.jpeg"
2026-09-06T09:54:51.162Z [2beef8db-961f-4377-ab3f-e110d7f48b40][fdfbd39c-aa59-4b23-a3ac-5f2ddfb5b1b8] Ref image 5/6: attaching reference image...
2026-09-06T09:54:53.349Z [2beef8db-961f-4377-ab3f-e110d7f48b40][fdfbd39c-aa59-4b23-a3ac-5f2ddfb5b1b8] Ref image 5/6: reusing library asset "Verdant School Bus HELP System.jpeg" (no re-upload).
2026-09-06T09:54:53.595Z [38a3410a-353f-4c3f-ad4d-94437a018680][fdfbd39c-aa59-4b23-a3ac-5f2ddfb5b1b8] Generating... 3 ready, 0 failed / 4 total (127s) image 99% [THAM CHIẾ
2026-09-06T09:54:56.626Z [38a3410a-353f-4c3f-ad4d-94437a018680][fdfbd39c-aa59-4b23-a3ac-5f2ddfb5b1b8] Generating... 3 ready, 0 failed / 4 total (130s) image 99% [THAM CHIẾ
2026-09-06T09:54:56.942Z [2beef8db-961f-4377-ab3f-e110d7f48b40][fdfbd39c-aa59-4b23-a3ac-5f2ddfb5b1b8] Ref image 5/6: chips 4→5 ✓
2026-09-06T09:54:58.025Z [2beef8db-961f-4377-ab3f-e110d7f48b40][fdfbd39c-aa59-4b23-a3ac-5f2ddfb5b1b8] Ref image 6/6: downloading from URL...
2026-09-06T09:54:58.401Z [2beef8db-961f-4377-ab3f-e110d7f48b40][fdfbd39c-aa59-4b23-a3ac-5f2ddfb5b1b8] Ref image 6/6: saved 703417 bytes (image/jpeg) as "Verdant School Bus Interior Master.jpeg"
2026-09-06T09:54:58.420Z [2beef8db-961f-4377-ab3f-e110d7f48b40][fdfbd39c-aa59-4b23-a3ac-5f2ddfb5b1b8] Ref image 6/6: attaching reference image...
2026-09-06T09:54:59.652Z [38a3410a-353f-4c3f-ad4d-94437a018680][fdfbd39c-aa59-4b23-a3ac-5f2ddfb5b1b8] Generating... 3 ready, 0 failed / 4 total (134s) image 99% [THAM CHIẾ
2026-09-06T09:55:00.393Z [2beef8db-961f-4377-ab3f-e110d7f48b40][fdfbd39c-aa59-4b23-a3ac-5f2ddfb5b1b8] Ref image 6/6: reusing library asset "Verdant School Bus Interior Master.jpeg" (no re-upload).
2026-09-06T09:55:02.691Z [38a3410a-353f-4c3f-ad4d-94437a018680][fdfbd39c-aa59-4b23-a3ac-5f2ddfb5b1b8] Generating... 3 ready, 0 failed / 4 total (137s) image 99% [THAM CHIẾ
2026-09-06T09:55:03.995Z [2beef8db-961f-4377-ab3f-e110d7f48b40][fdfbd39c-aa59-4b23-a3ac-5f2ddfb5b1b8] Ref image 6/6: chips 5→6 ✓
2026-09-06T09:55:04.027Z [2beef8db-961f-4377-ab3f-e110d7f48b40][fdfbd39c-aa59-4b23-a3ac-5f2ddfb5b1b8] Entering prompt...
2026-09-06T09:55:05.734Z [38a3410a-353f-4c3f-ad4d-94437a018680][fdfbd39c-aa59-4b23-a3ac-5f2ddfb5b1b8] Generating... 3 ready, 0 failed / 4 total (140s) image 99% [THAM CHIẾ
2026-09-06T09:55:05.821Z [2beef8db-961f-4377-ab3f-e110d7f48b40][fdfbd39c-aa59-4b23-a3ac-5f2ddfb5b1b8] Prompt is 1753 chars — typing it in 27 chunk(s).
2026-09-06T09:55:08.791Z [38a3410a-353f-4c3f-ad4d-94437a018680][fdfbd39c-aa59-4b23-a3ac-5f2ddfb5b1b8] Generating... 3 ready, 0 failed / 4 total (143s) image 99% [THAM CHIẾ
2026-09-06T09:55:11.846Z [38a3410a-353f-4c3f-ad4d-94437a018680][fdfbd39c-aa59-4b23-a3ac-5f2ddfb5b1b8] Generating... 3 ready, 0 failed / 4 total (146s) image 99% [THAM CHIẾ
2026-09-06T09:55:14.873Z [38a3410a-353f-4c3f-ad4d-94437a018680][fdfbd39c-aa59-4b23-a3ac-5f2ddfb5b1b8] Generating... 3 ready, 0 failed / 4 total (149s) image 99% [THAM CHIẾ
2026-09-06T09:55:17.898Z [38a3410a-353f-4c3f-ad4d-94437a018680][fdfbd39c-aa59-4b23-a3ac-5f2ddfb5b1b8] Generating... 3 ready, 0 failed / 4 total (152s) image 99% [THAM CHIẾ
2026-09-06T09:55:18.956Z [2beef8db-961f-4377-ab3f-e110d7f48b40][fdfbd39c-aa59-4b23-a3ac-5f2ddfb5b1b8] Prompt insert attempt 1: editor has 1730 chars (want ~1745) ✓
2026-09-06T09:55:20.891Z [2beef8db-961f-4377-ab3f-e110d7f48b40][fdfbd39c-aa59-4b23-a3ac-5f2ddfb5b1b8] Baseline: 27 pre-existing media tile(s) of 27 mounted (kinds: image,image,image,image,image,image,image,image,image,image,image,image,image,image,image,image,image,image,image,image,image,image,image,image,image,image,image).
2026-09-06T09:55:20.980Z [38a3410a-353f-4c3f-ad4d-94437a018680][fdfbd39c-aa59-4b23-a3ac-5f2ddfb5b1b8] Generating... 3 ready, 0 failed / 4 total (155s) image 99% [THAM CHIẾ
2026-09-06T09:55:24.028Z [38a3410a-353f-4c3f-ad4d-94437a018680][fdfbd39c-aa59-4b23-a3ac-5f2ddfb5b1b8] Generating... 3 ready, 0 failed / 4 total (158s) image 99% [THAM CHIẾ
2026-09-06T09:55:24.311Z [2beef8db-961f-4377-ab3f-e110d7f48b40][fdfbd39c-aa59-4b23-a3ac-5f2ddfb5b1b8] [submit] confirmed (editor "What do you want to ", fresh tile=true).
2026-09-06T09:55:24.767Z [2beef8db-961f-4377-ab3f-e110d7f48b40][fdfbd39c-aa59-4b23-a3ac-5f2ddfb5b1b8] Current Workspace project URL: https://flow.google.com/project/390215dc-290f-4b92-a7f0-dd2b6651acfb?hl=en
2026-09-06T09:55:24.769Z [2beef8db-961f-4377-ab3f-e110d7f48b40][fdfbd39c-aa59-4b23-a3ac-5f2ddfb5b1b8] Submitted ✓ Detecting batch size...
2026-09-06T09:55:24.925Z [2beef8db-961f-4377-ab3f-e110d7f48b40][fdfbd39c-aa59-4b23-a3ac-5f2ddfb5b1b8] New tile(s) since submit: 0 → 4 (mounted=27)
2026-09-06T09:55:27.067Z [38a3410a-353f-4c3f-ad4d-94437a018680][fdfbd39c-aa59-4b23-a3ac-5f2ddfb5b1b8] Generating... 3 ready, 0 failed / 4 total (161s) image 99% [THAM CHIẾ
2026-09-06T09:55:29.185Z [2beef8db-961f-4377-ab3f-e110d7f48b40][fdfbd39c-aa59-4b23-a3ac-5f2ddfb5b1b8] Batch size stabilised at 4 new tile(s)
2026-09-06T09:55:29.188Z [2beef8db-961f-4377-ab3f-e110d7f48b40][fdfbd39c-aa59-4b23-a3ac-5f2ddfb5b1b8] Batch detected: 4 item(s). Generating...
2026-09-06T09:55:29.192Z [2beef8db-961f-4377-ab3f-e110d7f48b40][fdfbd39c-aa59-4b23-a3ac-5f2ddfb5b1b8] Polling for 4 image item(s) (baseline=27, hasUpload=true)...
2026-09-06T09:55:29.620Z [2beef8db-961f-4377-ab3f-e110d7f48b40][fdfbd39c-aa59-4b23-a3ac-5f2ddfb5b1b8] Generating... 0 ready, 0 failed / 4 total (0s) image 47% [THAM CHIẾ image 48% [THAM CHIẾ image 48% [THAM CHIẾ image 48% [THAM CHIẾ
2026-09-06T09:55:30.102Z [38a3410a-353f-4c3f-ad4d-94437a018680][fdfbd39c-aa59-4b23-a3ac-5f2ddfb5b1b8] Generating... 3 ready, 0 failed / 4 total (164s) image 99% [THAM CHIẾ
2026-09-06T09:55:32.647Z [2beef8db-961f-4377-ab3f-e110d7f48b40][fdfbd39c-aa59-4b23-a3ac-5f2ddfb5b1b8] Generating... 0 ready, 0 failed / 4 total (3s) image 67% [THAM CHIẾ image 68% [THAM CHIẾ image 68% [THAM CHIẾ image 68% [THAM CHIẾ
2026-09-06T09:55:33.127Z [38a3410a-353f-4c3f-ad4d-94437a018680][fdfbd39c-aa59-4b23-a3ac-5f2ddfb5b1b8] Generating... 3 ready, 0 failed / 4 total (167s) image 99% [THAM CHIẾ
2026-09-06T09:55:35.672Z [2beef8db-961f-4377-ab3f-e110d7f48b40][fdfbd39c-aa59-4b23-a3ac-5f2ddfb5b1b8] Generating... 0 ready, 0 failed / 4 total (6s) image 87% [THAM CHIẾ image 88% [THAM CHIẾ image 88% [THAM CHIẾ image 88% [THAM CHIẾ
2026-09-06T09:55:36.161Z [38a3410a-353f-4c3f-ad4d-94437a018680][fdfbd39c-aa59-4b23-a3ac-5f2ddfb5b1b8] Generating... 3 ready, 0 failed / 4 total (170s) image 99% [THAM CHIẾ
2026-09-06T09:55:38.708Z [2beef8db-961f-4377-ab3f-e110d7f48b40][fdfbd39c-aa59-4b23-a3ac-5f2ddfb5b1b8] Generating... 0 ready, 0 failed / 4 total (10s) image 99% [THAM CHIẾ image 99% [THAM CHIẾ image 99% [THAM CHIẾ image 99% [THAM CHIẾ
2026-09-06T09:55:39.180Z [38a3410a-353f-4c3f-ad4d-94437a018680][fdfbd39c-aa59-4b23-a3ac-5f2ddfb5b1b8] Generating... 3 ready, 0 failed / 4 total (173s) image 99% [THAM CHIẾ
2026-09-06T09:55:41.744Z [2beef8db-961f-4377-ab3f-e110d7f48b40][fdfbd39c-aa59-4b23-a3ac-5f2ddfb5b1b8] Generating... 0 ready, 0 failed / 4 total (13s) image 99% [THAM CHIẾ image 99% [THAM CHIẾ image 99% [THAM CHIẾ image 99% [THAM CHIẾ
2026-09-06T09:55:42.210Z [38a3410a-353f-4c3f-ad4d-94437a018680][fdfbd39c-aa59-4b23-a3ac-5f2ddfb5b1b8] Generating... 3 ready, 0 failed / 4 total (176s) image 99% [THAM CHIẾ
2026-09-06T09:55:44.762Z [2beef8db-961f-4377-ab3f-e110d7f48b40][fdfbd39c-aa59-4b23-a3ac-5f2ddfb5b1b8] Generating... 0 ready, 0 failed / 4 total (16s) image 99% [THAM CHIẾ image 99% [THAM CHIẾ image 99% [THAM CHIẾ image 99% [THAM CHIẾ
2026-09-06T09:55:45.233Z [38a3410a-353f-4c3f-ad4d-94437a018680][fdfbd39c-aa59-4b23-a3ac-5f2ddfb5b1b8] Generating... 3 ready, 0 failed / 4 total (179s)
2026-09-06T09:55:47.788Z [2beef8db-961f-4377-ab3f-e110d7f48b40][fdfbd39c-aa59-4b23-a3ac-5f2ddfb5b1b8] Generating... 0 ready, 0 failed / 4 total (19s) image 99% [THAM CHIẾ image 99% [THAM CHIẾ image 99% [THAM CHIẾ image 99% [THAM CHIẾ
2026-09-06T09:55:48.238Z [38a3410a-353f-4c3f-ad4d-94437a018680][fdfbd39c-aa59-4b23-a3ac-5f2ddfb5b1b8] Poll ended with 3/4 ready — salvaging the completed item(s).
2026-09-06T09:55:48.239Z [38a3410a-353f-4c3f-ad4d-94437a018680][fdfbd39c-aa59-4b23-a3ac-5f2ddfb5b1b8] 3 item(s) ready! Downloading...
2026-09-06T09:55:48.242Z [38a3410a-353f-4c3f-ad4d-94437a018680][fdfbd39c-aa59-4b23-a3ac-5f2ddfb5b1b8] Item 1: Downloading from URL https://flow-content.google/image/25b5ad34-51e1-430f-94ff-7297ba4a3216?Expires=1788709963&KeyName=labs-flow-prod-cdn-key&Signature=Yk3-O96Xdd3JKGwp-IevP5OHG9E
2026-09-06T09:55:48.537Z [38a3410a-353f-4c3f-ad4d-94437a018680][fdfbd39c-aa59-4b23-a3ac-5f2ddfb5b1b8] Downloaded 1/3: winai_2026-09-06T09-55-48_01.jpg
2026-09-06T09:55:48.540Z [38a3410a-353f-4c3f-ad4d-94437a018680][fdfbd39c-aa59-4b23-a3ac-5f2ddfb5b1b8] Item 2: Downloading from URL https://flow-content.google/image/cce65600-8c3f-4a18-acd9-ef966b6ec092?Expires=1788709961&KeyName=labs-flow-prod-cdn-key&Signature=IueTZr-kaOpZ-qfmB-PQGx0t9ZU
2026-09-06T09:55:48.658Z [38a3410a-353f-4c3f-ad4d-94437a018680][fdfbd39c-aa59-4b23-a3ac-5f2ddfb5b1b8] Downloaded 2/3: winai_2026-09-06T09-55-48_02.jpg
2026-09-06T09:55:48.660Z [38a3410a-353f-4c3f-ad4d-94437a018680][fdfbd39c-aa59-4b23-a3ac-5f2ddfb5b1b8] Item 3: Downloading from URL https://flow-content.google/image/0940a72a-3799-4098-a7f0-414ec6c264a5?Expires=1788709961&KeyName=labs-flow-prod-cdn-key&Signature=xo3UeGwUmHtym8Fg1bPtNO3KMA8
2026-09-06T09:55:48.772Z [38a3410a-353f-4c3f-ad4d-94437a018680][fdfbd39c-aa59-4b23-a3ac-5f2ddfb5b1b8] Downloaded 3/3: winai_2026-09-06T09-55-48_03.jpg
2026-09-06T09:55:48.774Z [38a3410a-353f-4c3f-ad4d-94437a018680][fdfbd39c-aa59-4b23-a3ac-5f2ddfb5b1b8] ✅ 3 item(s) saved to Downloads/Win AI Toolkit/
2026-09-06T09:55:49.383Z [38a3410a-353f-4c3f-ad4d-94437a018680][fdfbd39c-aa59-4b23-a3ac-5f2ddfb5b1b8] Item 1: Uploaded → https://studio.xanhmedia.vn/uploads/2026-09/1788688549308_eb768e_fdfbd39c-aa59-4b23-a3ac-5f2ddfb5b1b8_38a.jpg
2026-09-06T09:55:49.414Z [38a3410a-353f-4c3f-ad4d-94437a018680][fdfbd39c-aa59-4b23-a3ac-5f2ddfb5b1b8] Item 2: Uploaded → https://studio.xanhmedia.vn/uploads/2026-09/1788688549335_f7a17b_fdfbd39c-aa59-4b23-a3ac-5f2ddfb5b1b8_38a.jpg
2026-09-06T09:55:49.449Z [38a3410a-353f-4c3f-ad4d-94437a018680][fdfbd39c-aa59-4b23-a3ac-5f2ddfb5b1b8] Item 3: Uploaded → https://studio.xanhmedia.vn/uploads/2026-09/1788688549375_15e3d0_fdfbd39c-aa59-4b23-a3ac-5f2ddfb5b1b8_38a.jpg
2026-09-06T09:55:49.537Z [38a3410a-353f-4c3f-ad4d-94437a018680][fdfbd39c-aa59-4b23-a3ac-5f2ddfb5b1b8] All done (including any 1080p upgrades). Closing Playwright browser context.
2026-09-06T09:55:49.847Z [99088659-341d-432a-8b37-d2256704f07e][fdfbd39c-aa59-4b23-a3ac-5f2ddfb5b1b8] runGeneration starting: task_id=99088659-341d-432a-8b37-d2256704f07e, profile_id=fdfbd39c-aa59-4b23-a3ac-5f2ddfb5b1b8, target_site=google_flow
2026-09-06T09:55:49.852Z [99088659-341d-432a-8b37-d2256704f07e][fdfbd39c-aa59-4b23-a3ac-5f2ddfb5b1b8] Opening Playwright browser with persistent profile cookies...
2026-09-06T09:55:49.854Z [99088659-341d-432a-8b37-d2256704f07e][fdfbd39c-aa59-4b23-a3ac-5f2ddfb5b1b8] Browser engine: winhide (C:\Users\MienTrungComputer\AppData\Roaming\com.tank.winai\winhide\chrome.exe)
2026-09-06T09:55:49.860Z [99088659-341d-432a-8b37-d2256704f07e][fdfbd39c-aa59-4b23-a3ac-5f2ddfb5b1b8] Launch mode: STEALTH (raw spawn + connectOverCDP)
2026-09-06T09:55:50.823Z [2beef8db-961f-4377-ab3f-e110d7f48b40][fdfbd39c-aa59-4b23-a3ac-5f2ddfb5b1b8] Generating... 0 ready, 0 failed / 4 total (22s) image 99% [THAM CHIẾ image 99% [THAM CHIẾ image 99% [THAM CHIẾ image 99% [THAM CHIẾ
2026-09-06T09:55:53.624Z [99088659-341d-432a-8b37-d2256704f07e][fdfbd39c-aa59-4b23-a3ac-5f2ddfb5b1b8] Exit IP: 171.229.14.52
2026-09-06T09:55:53.627Z [99088659-341d-432a-8b37-d2256704f07e][fdfbd39c-aa59-4b23-a3ac-5f2ddfb5b1b8] Navigating browser to Google Flow tools page...
2026-09-06T09:55:53.630Z [99088659-341d-432a-8b37-d2256704f07e][fdfbd39c-aa59-4b23-a3ac-5f2ddfb5b1b8] Using existing project URL: https://flow.google.com/project/f4a8359f-f480-4865-9eef-7927ee95f030?hl=en
2026-09-06T09:55:53.874Z [2beef8db-961f-4377-ab3f-e110d7f48b40][fdfbd39c-aa59-4b23-a3ac-5f2ddfb5b1b8] Generating... 0 ready, 0 failed / 4 total (25s) image 99% [THAM CHIẾ image 99% [THAM CHIẾ image 99% [THAM CHIẾ image 99% [THAM CHIẾ
2026-09-06T09:55:55.274Z [99088659-341d-432a-8b37-d2256704f07e][fdfbd39c-aa59-4b23-a3ac-5f2ddfb5b1b8] Waiting for Google Flow...
2026-09-06T09:55:56.905Z [99088659-341d-432a-8b37-d2256704f07e][fdfbd39c-aa59-4b23-a3ac-5f2ddfb5b1b8] In existing project ✓
2026-09-06T09:55:56.914Z [2beef8db-961f-4377-ab3f-e110d7f48b40][fdfbd39c-aa59-4b23-a3ac-5f2ddfb5b1b8] Generating... 0 ready, 0 failed / 4 total (28s) image 99% [THAM CHIẾ image 99% [THAM CHIẾ image 99% [THAM CHIẾ image 99% [THAM CHIẾ
2026-09-06T09:55:58.459Z [99088659-341d-432a-8b37-d2256704f07e][fdfbd39c-aa59-4b23-a3ac-5f2ddfb5b1b8] dismissPopups: unresolved overlay(s) ["IFRAME[presentation]|btns="]
2026-09-06T09:55:59.961Z [2beef8db-961f-4377-ab3f-e110d7f48b40][fdfbd39c-aa59-4b23-a3ac-5f2ddfb5b1b8] Generating... 0 ready, 0 failed / 4 total (31s) image 99% [THAM CHIẾ image 99% [THAM CHIẾ image 99% [THAM CHIẾ image 100% [THAM CHI
2026-09-06T09:56:03.117Z [2beef8db-961f-4377-ab3f-e110d7f48b40][fdfbd39c-aa59-4b23-a3ac-5f2ddfb5b1b8] Generating... 1 ready, 0 failed / 4 total (34s) [THAM CHIẾU]Arlo Sch image 99% [THAM CHIẾ
2026-09-06T09:56:03.581Z [99088659-341d-432a-8b37-d2256704f07e][fdfbd39c-aa59-4b23-a3ac-5f2ddfb5b1b8] Composer ready ✓ (UI language: en)
2026-09-06T09:56:03.804Z [99088659-341d-432a-8b37-d2256704f07e][fdfbd39c-aa59-4b23-a3ac-5f2ddfb5b1b8] dismissPopups: clicked "Dismiss credit banner" (overlay)
2026-09-06T09:56:04.382Z [99088659-341d-432a-8b37-d2256704f07e][fdfbd39c-aa59-4b23-a3ac-5f2ddfb5b1b8] dismissPopups: unresolved overlay(s) ["DIV[]|btns=","DIV[]|btns="]
2026-09-06T09:56:04.556Z [99088659-341d-432a-8b37-d2256704f07e][fdfbd39c-aa59-4b23-a3ac-5f2ddfb5b1b8] Agent toggle aria-pressed=false
2026-09-06T09:56:04.560Z [99088659-341d-432a-8b37-d2256704f07e][fdfbd39c-aa59-4b23-a3ac-5f2ddfb5b1b8] Opening settings...
2026-09-06T09:56:06.147Z [2beef8db-961f-4377-ab3f-e110d7f48b40][fdfbd39c-aa59-4b23-a3ac-5f2ddfb5b1b8] Generating... 2 ready, 0 failed / 4 total (37s) image 99% [THAM CHIẾ
2026-09-06T09:56:06.484Z [99088659-341d-432a-8b37-d2256704f07e][fdfbd39c-aa59-4b23-a3ac-5f2ddfb5b1b8] Configuring image settings...
2026-09-06T09:56:08.240Z [99088659-341d-432a-8b37-d2256704f07e][fdfbd39c-aa59-4b23-a3ac-5f2ddfb5b1b8] Mode: selected "image Image" ✓
2026-09-06T09:56:09.216Z [2beef8db-961f-4377-ab3f-e110d7f48b40][fdfbd39c-aa59-4b23-a3ac-5f2ddfb5b1b8] Generating... 2 ready, 0 failed / 4 total (40s) image 99% [THAM CHIẾ
2026-09-06T09:56:12.246Z [2beef8db-961f-4377-ab3f-e110d7f48b40][fdfbd39c-aa59-4b23-a3ac-5f2ddfb5b1b8] Generating... 2 ready, 0 failed / 4 total (43s) image 99% [THAM CHIẾ
2026-09-06T09:56:13.263Z [99088659-341d-432a-8b37-d2256704f07e][fdfbd39c-aa59-4b23-a3ac-5f2ddfb5b1b8] Model: selected "🍌 Nano Banana 2" ✓
2026-09-06T09:56:14.214Z [99088659-341d-432a-8b37-d2256704f07e][fdfbd39c-aa59-4b23-a3ac-5f2ddfb5b1b8] Aspect ratio: "crop_16_9 16:9" already selected ✓
2026-09-06T09:56:15.292Z [2beef8db-961f-4377-ab3f-e110d7f48b40][fdfbd39c-aa59-4b23-a3ac-5f2ddfb5b1b8] Generating... 2 ready, 0 failed / 4 total (46s) image 99% [THAM CHIẾ
2026-09-06T09:56:16.432Z [99088659-341d-432a-8b37-d2256704f07e][fdfbd39c-aa59-4b23-a3ac-5f2ddfb5b1b8] Output count: selected "x4" ✓
2026-09-06T09:56:17.452Z [99088659-341d-432a-8b37-d2256704f07e][fdfbd39c-aa59-4b23-a3ac-5f2ddfb5b1b8] Ref image 1/5: downloading from URL...
2026-09-06T09:56:18.090Z [99088659-341d-432a-8b37-d2256704f07e][fdfbd39c-aa59-4b23-a3ac-5f2ddfb5b1b8] Downloader: no-proxy request context ready.
2026-09-06T09:56:18.327Z [2beef8db-961f-4377-ab3f-e110d7f48b40][fdfbd39c-aa59-4b23-a3ac-5f2ddfb5b1b8] Generating... 2 ready, 0 failed / 4 total (49s) image 99% [THAM CHIẾ
2026-09-06T09:56:18.962Z [99088659-341d-432a-8b37-d2256704f07e][fdfbd39c-aa59-4b23-a3ac-5f2ddfb5b1b8] Ref image 1/5: saved 527475 bytes (image/jpeg) as "Arlo School Day.jpeg"
2026-09-06T09:56:18.986Z [99088659-341d-432a-8b37-d2256704f07e][fdfbd39c-aa59-4b23-a3ac-5f2ddfb5b1b8] Ref image 1/5: attaching reference image...
2026-09-06T09:56:21.369Z [2beef8db-961f-4377-ab3f-e110d7f48b40][fdfbd39c-aa59-4b23-a3ac-5f2ddfb5b1b8] Generating... 2 ready, 0 failed / 4 total (52s) image 99% [THAM CHIẾ
2026-09-06T09:56:21.875Z [99088659-341d-432a-8b37-d2256704f07e][fdfbd39c-aa59-4b23-a3ac-5f2ddfb5b1b8] Ref image 1/5: reusing library asset "Arlo School Day.jpeg" (no re-upload).
2026-09-06T09:56:24.414Z [2beef8db-961f-4377-ab3f-e110d7f48b40][fdfbd39c-aa59-4b23-a3ac-5f2ddfb5b1b8] Generating... 2 ready, 0 failed / 4 total (55s) image 99% [THAM CHIẾ
2026-09-06T09:56:25.755Z [99088659-341d-432a-8b37-d2256704f07e][fdfbd39c-aa59-4b23-a3ac-5f2ddfb5b1b8] Ref image 1/5: chips 0→1 ✓
2026-09-06T09:56:27.445Z [2beef8db-961f-4377-ab3f-e110d7f48b40][fdfbd39c-aa59-4b23-a3ac-5f2ddfb5b1b8] Generating... 2 ready, 0 failed / 4 total (58s) image 99% [THAM CHIẾ
2026-09-06T09:56:27.547Z [99088659-341d-432a-8b37-d2256704f07e][fdfbd39c-aa59-4b23-a3ac-5f2ddfb5b1b8] Ref image 2/5: downloading from URL...
2026-09-06T09:56:27.940Z [99088659-341d-432a-8b37-d2256704f07e][fdfbd39c-aa59-4b23-a3ac-5f2ddfb5b1b8] Ref image 2/5: saved 643624 bytes (image/jpeg) as "Nessa School Day.jpeg"
2026-09-06T09:56:27.965Z [99088659-341d-432a-8b37-d2256704f07e][fdfbd39c-aa59-4b23-a3ac-5f2ddfb5b1b8] Ref image 2/5: attaching reference image...
2026-09-06T09:56:30.226Z [99088659-341d-432a-8b37-d2256704f07e][fdfbd39c-aa59-4b23-a3ac-5f2ddfb5b1b8] Ref image 2/5: reusing library asset "Nessa School Day.jpeg" (no re-upload).
2026-09-06T09:56:30.478Z [2beef8db-961f-4377-ab3f-e110d7f48b40][fdfbd39c-aa59-4b23-a3ac-5f2ddfb5b1b8] Generating... 2 ready, 0 failed / 4 total (61s) image 99% [THAM CHIẾ
2026-09-06T09:56:33.514Z [2beef8db-961f-4377-ab3f-e110d7f48b40][fdfbd39c-aa59-4b23-a3ac-5f2ddfb5b1b8] Generating... 2 ready, 0 failed / 4 total (64s) [THAM CHIẾU]Arlo Sch
2026-09-06T09:56:33.852Z [99088659-341d-432a-8b37-d2256704f07e][fdfbd39c-aa59-4b23-a3ac-5f2ddfb5b1b8] Ref image 2/5: chips 1→2 ✓
2026-09-06T09:56:34.834Z [99088659-341d-432a-8b37-d2256704f07e][fdfbd39c-aa59-4b23-a3ac-5f2ddfb5b1b8] Ref image 3/5: downloading from URL...
2026-09-06T09:56:35.212Z [99088659-341d-432a-8b37-d2256704f07e][fdfbd39c-aa59-4b23-a3ac-5f2ddfb5b1b8] Ref image 3/5: saved 509101 bytes (image/jpeg) as "Chili School Day.jpeg"
2026-09-06T09:56:35.226Z [99088659-341d-432a-8b37-d2256704f07e][fdfbd39c-aa59-4b23-a3ac-5f2ddfb5b1b8] Ref image 3/5: attaching reference image...
2026-09-06T09:56:36.534Z [2beef8db-961f-4377-ab3f-e110d7f48b40][fdfbd39c-aa59-4b23-a3ac-5f2ddfb5b1b8] Generating... 3 ready, 0 failed / 4 total (67s)
2026-09-06T09:56:37.376Z [99088659-341d-432a-8b37-d2256704f07e][fdfbd39c-aa59-4b23-a3ac-5f2ddfb5b1b8] Ref image 3/5: reusing library asset "Chili School Day.jpeg" (no re-upload).
2026-09-06T09:56:39.557Z [2beef8db-961f-4377-ab3f-e110d7f48b40][fdfbd39c-aa59-4b23-a3ac-5f2ddfb5b1b8] Generating... 3 ready, 0 failed / 4 total (70s)
2026-09-06T09:56:40.832Z [99088659-341d-432a-8b37-d2256704f07e][fdfbd39c-aa59-4b23-a3ac-5f2ddfb5b1b8] Ref image 3/5: chips 2→3 ✓
2026-09-06T09:56:42.556Z [99088659-341d-432a-8b37-d2256704f07e][fdfbd39c-aa59-4b23-a3ac-5f2ddfb5b1b8] Ref image 4/5: downloading from URL...
2026-09-06T09:56:42.582Z [2beef8db-961f-4377-ab3f-e110d7f48b40][fdfbd39c-aa59-4b23-a3ac-5f2ddfb5b1b8] Generating... 3 ready, 0 failed / 4 total (73s)
2026-09-06T09:56:42.932Z [99088659-341d-432a-8b37-d2256704f07e][fdfbd39c-aa59-4b23-a3ac-5f2ddfb5b1b8] Ref image 4/5: saved 624616 bytes (image/jpeg) as "Verdant School Bus HELP System.jpeg"
2026-09-06T09:56:42.936Z [99088659-341d-432a-8b37-d2256704f07e][fdfbd39c-aa59-4b23-a3ac-5f2ddfb5b1b8] Ref image 4/5: attaching reference image...
2026-09-06T09:56:45.100Z [99088659-341d-432a-8b37-d2256704f07e][fdfbd39c-aa59-4b23-a3ac-5f2ddfb5b1b8] Ref image 4/5: reusing library asset "Verdant School Bus HELP System.jpeg" (no re-upload).
2026-09-06T09:56:45.611Z [2beef8db-961f-4377-ab3f-e110d7f48b40][fdfbd39c-aa59-4b23-a3ac-5f2ddfb5b1b8] Generating... 3 ready, 0 failed / 4 total (76s)
2026-09-06T09:56:48.479Z [99088659-341d-432a-8b37-d2256704f07e][fdfbd39c-aa59-4b23-a3ac-5f2ddfb5b1b8] Ref image 4/5: chips 3→4 ✓
2026-09-06T09:56:48.638Z [2beef8db-961f-4377-ab3f-e110d7f48b40][fdfbd39c-aa59-4b23-a3ac-5f2ddfb5b1b8] Generating... 3 ready, 0 failed / 4 total (79s)
2026-09-06T09:56:50.104Z [99088659-341d-432a-8b37-d2256704f07e][fdfbd39c-aa59-4b23-a3ac-5f2ddfb5b1b8] Ref image 5/5: downloading from URL...
2026-09-06T09:56:50.448Z [99088659-341d-432a-8b37-d2256704f07e][fdfbd39c-aa59-4b23-a3ac-5f2ddfb5b1b8] Ref image 5/5: saved 703417 bytes (image/jpeg) as "Verdant School Bus Interior Master.jpeg"
2026-09-06T09:56:50.451Z [99088659-341d-432a-8b37-d2256704f07e][fdfbd39c-aa59-4b23-a3ac-5f2ddfb5b1b8] Ref image 5/5: attaching reference image...
2026-09-06T09:56:51.662Z [2beef8db-961f-4377-ab3f-e110d7f48b40][fdfbd39c-aa59-4b23-a3ac-5f2ddfb5b1b8] Generating... 3 ready, 0 failed / 4 total (82s)
2026-09-06T09:56:52.531Z [99088659-341d-432a-8b37-d2256704f07e][fdfbd39c-aa59-4b23-a3ac-5f2ddfb5b1b8] Ref image 5/5: reusing library asset "Verdant School Bus Interior Master.jpeg" (no re-upload).
2026-09-06T09:56:54.683Z [2beef8db-961f-4377-ab3f-e110d7f48b40][fdfbd39c-aa59-4b23-a3ac-5f2ddfb5b1b8] Generating... 3 ready, 0 failed / 4 total (85s)
2026-09-06T09:56:55.840Z [99088659-341d-432a-8b37-d2256704f07e][fdfbd39c-aa59-4b23-a3ac-5f2ddfb5b1b8] Ref image 5/5: chips 4→5 ✓
2026-09-06T09:56:55.874Z [99088659-341d-432a-8b37-d2256704f07e][fdfbd39c-aa59-4b23-a3ac-5f2ddfb5b1b8] Entering prompt...
2026-09-06T09:56:57.389Z [99088659-341d-432a-8b37-d2256704f07e][fdfbd39c-aa59-4b23-a3ac-5f2ddfb5b1b8] Prompt is 1593 chars — typing it in 25 chunk(s).
2026-09-06T09:56:57.705Z [2beef8db-961f-4377-ab3f-e110d7f48b40][fdfbd39c-aa59-4b23-a3ac-5f2ddfb5b1b8] Generating... 3 ready, 0 failed / 4 total (89s)
2026-09-06T09:57:00.731Z [2beef8db-961f-4377-ab3f-e110d7f48b40][fdfbd39c-aa59-4b23-a3ac-5f2ddfb5b1b8] Generating... 3 ready, 0 failed / 4 total (92s)
2026-09-06T09:57:03.756Z [2beef8db-961f-4377-ab3f-e110d7f48b40][fdfbd39c-aa59-4b23-a3ac-5f2ddfb5b1b8] Generating... 3 ready, 0 failed / 4 total (95s)
2026-09-06T09:57:06.770Z [2beef8db-961f-4377-ab3f-e110d7f48b40][fdfbd39c-aa59-4b23-a3ac-5f2ddfb5b1b8] Generating... 3 ready, 0 failed / 4 total (98s)
2026-09-06T09:57:08.394Z [99088659-341d-432a-8b37-d2256704f07e][fdfbd39c-aa59-4b23-a3ac-5f2ddfb5b1b8] Prompt insert attempt 1: editor has 1571 chars (want ~1585) ✓
2026-09-06T09:57:09.792Z [2beef8db-961f-4377-ab3f-e110d7f48b40][fdfbd39c-aa59-4b23-a3ac-5f2ddfb5b1b8] Generating... 3 ready, 0 failed / 4 total (101s)
2026-09-06T09:57:10.103Z [99088659-341d-432a-8b37-d2256704f07e][fdfbd39c-aa59-4b23-a3ac-5f2ddfb5b1b8] Baseline: 27 pre-existing media tile(s) of 27 mounted (kinds: image,image,image,image,image,image,image,image,image,image,image,image,image,image,image,image,image,image,image,image,image,image,image,image,image,image,image).
2026-09-06T09:57:12.172Z [99088659-341d-432a-8b37-d2256704f07e][fdfbd39c-aa59-4b23-a3ac-5f2ddfb5b1b8] [submit] confirmed (editor "What do you want to ", fresh tile=true).
2026-09-06T09:57:12.605Z [99088659-341d-432a-8b37-d2256704f07e][fdfbd39c-aa59-4b23-a3ac-5f2ddfb5b1b8] Current Workspace project URL: https://flow.google.com/project/f4a8359f-f480-4865-9eef-7927ee95f030?hl=en
2026-09-06T09:57:12.608Z [99088659-341d-432a-8b37-d2256704f07e][fdfbd39c-aa59-4b23-a3ac-5f2ddfb5b1b8] Submitted ✓ Detecting batch size...
2026-09-06T09:57:12.669Z [99088659-341d-432a-8b37-d2256704f07e][fdfbd39c-aa59-4b23-a3ac-5f2ddfb5b1b8] New tile(s) since submit: 0 → 4 (mounted=27)
2026-09-06T09:57:12.825Z [2beef8db-961f-4377-ab3f-e110d7f48b40][fdfbd39c-aa59-4b23-a3ac-5f2ddfb5b1b8] Generating... 3 ready, 0 failed / 4 total (104s)
2026-09-06T09:57:15.853Z [2beef8db-961f-4377-ab3f-e110d7f48b40][fdfbd39c-aa59-4b23-a3ac-5f2ddfb5b1b8] Generating... 3 ready, 0 failed / 4 total (107s)
2026-09-06T09:57:16.993Z [99088659-341d-432a-8b37-d2256704f07e][fdfbd39c-aa59-4b23-a3ac-5f2ddfb5b1b8] Batch size stabilised at 4 new tile(s)
2026-09-06T09:57:16.994Z [99088659-341d-432a-8b37-d2256704f07e][fdfbd39c-aa59-4b23-a3ac-5f2ddfb5b1b8] Batch detected: 4 item(s). Generating...
2026-09-06T09:57:16.995Z [99088659-341d-432a-8b37-d2256704f07e][fdfbd39c-aa59-4b23-a3ac-5f2ddfb5b1b8] Polling for 4 image item(s) (baseline=27, hasUpload=true)...
2026-09-06T09:57:17.024Z [99088659-341d-432a-8b37-d2256704f07e][fdfbd39c-aa59-4b23-a3ac-5f2ddfb5b1b8] Generating... 0 ready, 0 failed / 4 total (0s) image 34% [THAM CHIẾ image 34% [THAM CHIẾ image 34% [THAM CHIẾ image 34% [THAM CHIẾ
2026-09-06T09:57:18.879Z [2beef8db-961f-4377-ab3f-e110d7f48b40][fdfbd39c-aa59-4b23-a3ac-5f2ddfb5b1b8] Generating... 3 ready, 0 failed / 4 total (110s)
2026-09-06T09:57:20.054Z [99088659-341d-432a-8b37-d2256704f07e][fdfbd39c-aa59-4b23-a3ac-5f2ddfb5b1b8] Generating... 0 ready, 0 failed / 4 total (3s) image 54% [THAM CHIẾ image 54% [THAM CHIẾ image 54% [THAM CHIẾ image 54% [THAM CHIẾ
2026-09-06T09:57:21.908Z [2beef8db-961f-4377-ab3f-e110d7f48b40][fdfbd39c-aa59-4b23-a3ac-5f2ddfb5b1b8] Generating... 3 ready, 0 failed / 4 total (113s)
2026-09-06T09:57:23.075Z [99088659-341d-432a-8b37-d2256704f07e][fdfbd39c-aa59-4b23-a3ac-5f2ddfb5b1b8] Generating... 0 ready, 0 failed / 4 total (6s) image 75% [THAM CHIẾ image 75% [THAM CHIẾ image 75% [THAM CHIẾ image 75% [THAM CHIẾ
2026-09-06T09:57:24.929Z [2beef8db-961f-4377-ab3f-e110d7f48b40][fdfbd39c-aa59-4b23-a3ac-5f2ddfb5b1b8] Generating... 3 ready, 0 failed / 4 total (116s)
2026-09-06T09:57:26.104Z [99088659-341d-432a-8b37-d2256704f07e][fdfbd39c-aa59-4b23-a3ac-5f2ddfb5b1b8] Generating... 0 ready, 0 failed / 4 total (9s) image 95% [THAM CHIẾ image 95% [THAM CHIẾ image 95% [THAM CHIẾ image 95% [THAM CHIẾ
2026-09-06T09:57:27.968Z [2beef8db-961f-4377-ab3f-e110d7f48b40][fdfbd39c-aa59-4b23-a3ac-5f2ddfb5b1b8] Generating... 3 ready, 0 failed / 4 total (119s)
2026-09-06T09:57:29.150Z [99088659-341d-432a-8b37-d2256704f07e][fdfbd39c-aa59-4b23-a3ac-5f2ddfb5b1b8] Generating... 0 ready, 0 failed / 4 total (12s) image 99% [THAM CHIẾ image 99% [THAM CHIẾ image 99% [THAM CHIẾ image 99% [THAM CHIẾ
2026-09-06T09:57:30.988Z [2beef8db-961f-4377-ab3f-e110d7f48b40][fdfbd39c-aa59-4b23-a3ac-5f2ddfb5b1b8] Generating... 3 ready, 0 failed / 4 total (122s)
2026-09-06T09:57:32.186Z [99088659-341d-432a-8b37-d2256704f07e][fdfbd39c-aa59-4b23-a3ac-5f2ddfb5b1b8] Generating... 0 ready, 0 failed / 4 total (15s) image 99% [THAM CHIẾ image 99% [THAM CHIẾ image 99% [THAM CHIẾ image 99% [THAM CHIẾ
2026-09-06T09:57:34.016Z [2beef8db-961f-4377-ab3f-e110d7f48b40][fdfbd39c-aa59-4b23-a3ac-5f2ddfb5b1b8] Generating... 3 ready, 0 failed / 4 total (125s)
2026-09-06T09:57:35.215Z [99088659-341d-432a-8b37-d2256704f07e][fdfbd39c-aa59-4b23-a3ac-5f2ddfb5b1b8] Generating... 0 ready, 0 failed / 4 total (18s) image 99% [THAM CHIẾ image 99% [THAM CHIẾ image 99% [THAM CHIẾ image 99% [THAM CHIẾ
2026-09-06T09:57:37.043Z [2beef8db-961f-4377-ab3f-e110d7f48b40][fdfbd39c-aa59-4b23-a3ac-5f2ddfb5b1b8] Generating... 3 ready, 0 failed / 4 total (128s)
2026-09-06T09:57:38.242Z [99088659-341d-432a-8b37-d2256704f07e][fdfbd39c-aa59-4b23-a3ac-5f2ddfb5b1b8] Generating... 0 ready, 0 failed / 4 total (21s) image 99% [THAM CHIẾ image 99% [THAM CHIẾ image 99% [THAM CHIẾ image 99% [THAM CHIẾ
2026-09-06T09:57:40.062Z [2beef8db-961f-4377-ab3f-e110d7f48b40][fdfbd39c-aa59-4b23-a3ac-5f2ddfb5b1b8] Generating... 3 ready, 0 failed / 4 total (131s)
2026-09-06T09:57:41.267Z [99088659-341d-432a-8b37-d2256704f07e][fdfbd39c-aa59-4b23-a3ac-5f2ddfb5b1b8] Generating... 0 ready, 0 failed / 4 total (24s) image 99% [THAM CHIẾ image 99% [THAM CHIẾ image 99% [THAM CHIẾ image 99% [THAM CHIẾ
2026-09-06T09:57:43.090Z [2beef8db-961f-4377-ab3f-e110d7f48b40][fdfbd39c-aa59-4b23-a3ac-5f2ddfb5b1b8] Generating... 3 ready, 0 failed / 4 total (134s)
2026-09-06T09:57:44.297Z [99088659-341d-432a-8b37-d2256704f07e][fdfbd39c-aa59-4b23-a3ac-5f2ddfb5b1b8] Generating... 0 ready, 0 failed / 4 total (27s) image 99% [THAM CHIẾ image 99% [THAM CHIẾ image 99% [THAM CHIẾ image 99% [THAM CHIẾ
2026-09-06T09:57:46.112Z [2beef8db-961f-4377-ab3f-e110d7f48b40][fdfbd39c-aa59-4b23-a3ac-5f2ddfb5b1b8] Generating... 3 ready, 0 failed / 4 total (137s)
2026-09-06T09:57:47.324Z [99088659-341d-432a-8b37-d2256704f07e][fdfbd39c-aa59-4b23-a3ac-5f2ddfb5b1b8] Generating... 0 ready, 0 failed / 4 total (30s) image 99% [THAM CHIẾ image 99% [THAM CHIẾ image 99% [THAM CHIẾ image 99% [THAM CHIẾ
2026-09-06T09:57:49.146Z [2beef8db-961f-4377-ab3f-e110d7f48b40][fdfbd39c-aa59-4b23-a3ac-5f2ddfb5b1b8] Generating... 3 ready, 0 failed / 4 total (140s)
2026-09-06T09:57:50.369Z [99088659-341d-432a-8b37-d2256704f07e][fdfbd39c-aa59-4b23-a3ac-5f2ddfb5b1b8] Generating... 0 ready, 0 failed / 4 total (33s) image 99% [THAM CHIẾ image 99% [THAM CHIẾ [THAM CHIẾU]Arlo Sch image 99% [THAM CHIẾ
2026-09-06T09:57:52.168Z [2beef8db-961f-4377-ab3f-e110d7f48b40][fdfbd39c-aa59-4b23-a3ac-5f2ddfb5b1b8] Generating... 3 ready, 0 failed / 4 total (143s)
2026-09-06T09:57:53.387Z [99088659-341d-432a-8b37-d2256704f07e][fdfbd39c-aa59-4b23-a3ac-5f2ddfb5b1b8] Generating... 1 ready, 0 failed / 4 total (36s) image 99% [THAM CHIẾ image 99% [THAM CHIẾ image 99% [THAM CHIẾ
2026-09-06T09:57:55.197Z [2beef8db-961f-4377-ab3f-e110d7f48b40][fdfbd39c-aa59-4b23-a3ac-5f2ddfb5b1b8] Generating... 3 ready, 0 failed / 4 total (146s)
2026-09-06T09:57:56.420Z [99088659-341d-432a-8b37-d2256704f07e][fdfbd39c-aa59-4b23-a3ac-5f2ddfb5b1b8] Generating... 1 ready, 0 failed / 4 total (39s) image 99% [THAM CHIẾ image 99% [THAM CHIẾ image 99% [THAM CHIẾ
2026-09-06T09:57:58.220Z [2beef8db-961f-4377-ab3f-e110d7f48b40][fdfbd39c-aa59-4b23-a3ac-5f2ddfb5b1b8] Generating... 3 ready, 0 failed / 4 total (149s)
2026-09-06T09:57:59.446Z [99088659-341d-432a-8b37-d2256704f07e][fdfbd39c-aa59-4b23-a3ac-5f2ddfb5b1b8] Generating... 1 ready, 0 failed / 4 total (42s) image 99% [THAM CHIẾ image 99% [THAM CHIẾ image 99% [THAM CHIẾ
2026-09-06T09:58:01.247Z [2beef8db-961f-4377-ab3f-e110d7f48b40][fdfbd39c-aa59-4b23-a3ac-5f2ddfb5b1b8] Generating... 3 ready, 0 failed / 4 total (152s)
2026-09-06T09:58:02.494Z [99088659-341d-432a-8b37-d2256704f07e][fdfbd39c-aa59-4b23-a3ac-5f2ddfb5b1b8] Generating... 1 ready, 0 failed / 4 total (45s) image 99% [THAM CHIẾ image 99% [THAM CHIẾ image 99% [THAM CHIẾ
2026-09-06T09:58:04.270Z [2beef8db-961f-4377-ab3f-e110d7f48b40][fdfbd39c-aa59-4b23-a3ac-5f2ddfb5b1b8] Generating... 3 ready, 0 failed / 4 total (155s)
2026-09-06T09:58:05.521Z [99088659-341d-432a-8b37-d2256704f07e][fdfbd39c-aa59-4b23-a3ac-5f2ddfb5b1b8] Generating... 1 ready, 0 failed / 4 total (49s) image 99% [THAM CHIẾ [THAM CHIẾU]Arlo Sch image 99% [THAM CHIẾ
2026-09-06T09:58:07.293Z [2beef8db-961f-4377-ab3f-e110d7f48b40][fdfbd39c-aa59-4b23-a3ac-5f2ddfb5b1b8] Generating... 3 ready, 0 failed / 4 total (158s)
2026-09-06T09:58:08.543Z [99088659-341d-432a-8b37-d2256704f07e][fdfbd39c-aa59-4b23-a3ac-5f2ddfb5b1b8] Generating... 2 ready, 0 failed / 4 total (52s) [THAM CHIẾU]Arlo Sch [THAM CHIẾU]Arlo Sch
2026-09-06T09:58:10.327Z [2beef8db-961f-4377-ab3f-e110d7f48b40][fdfbd39c-aa59-4b23-a3ac-5f2ddfb5b1b8] Generating... 3 ready, 0 failed / 4 total (161s)
2026-09-06T09:58:11.564Z [99088659-341d-432a-8b37-d2256704f07e][fdfbd39c-aa59-4b23-a3ac-5f2ddfb5b1b8] Generating... 4 ready, 0 failed / 4 total (55s)
2026-09-06T09:58:11.564Z [99088659-341d-432a-8b37-d2256704f07e][fdfbd39c-aa59-4b23-a3ac-5f2ddfb5b1b8] Batch done: 4 ready (target 4), 0 failed, scanned 4.
2026-09-06T09:58:11.564Z [99088659-341d-432a-8b37-d2256704f07e][fdfbd39c-aa59-4b23-a3ac-5f2ddfb5b1b8] 4 item(s) ready! Downloading...
2026-09-06T09:58:11.566Z [99088659-341d-432a-8b37-d2256704f07e][fdfbd39c-aa59-4b23-a3ac-5f2ddfb5b1b8] Item 1: Downloading from URL https://flow-content.google/image/9d3d47c7-69fa-46af-86c8-81b679c8910e?Expires=1788710234&KeyName=labs-flow-prod-cdn-key&Signature=zmMZYrLnyW40QskZxD1loehdSjI
2026-09-06T09:58:11.914Z [99088659-341d-432a-8b37-d2256704f07e][fdfbd39c-aa59-4b23-a3ac-5f2ddfb5b1b8] Downloaded 1/4: winai_2026-09-06T09-58-11_01.jpg
2026-09-06T09:58:11.916Z [99088659-341d-432a-8b37-d2256704f07e][fdfbd39c-aa59-4b23-a3ac-5f2ddfb5b1b8] Item 2: Downloading from URL https://flow-content.google/image/868675bb-534c-4ba3-8853-9dba6fe815a6?Expires=1788710233&KeyName=labs-flow-prod-cdn-key&Signature=xDT-kYwJu8lXCF0Z26fuAA1ms2E
2026-09-06T09:58:12.023Z [99088659-341d-432a-8b37-d2256704f07e][fdfbd39c-aa59-4b23-a3ac-5f2ddfb5b1b8] Downloaded 2/4: winai_2026-09-06T09-58-11_02.jpg
2026-09-06T09:58:12.027Z [99088659-341d-432a-8b37-d2256704f07e][fdfbd39c-aa59-4b23-a3ac-5f2ddfb5b1b8] Item 3: Downloading from URL https://flow-content.google/image/7d64e075-26c9-4308-b8c9-30ef23942fd1?Expires=1788710232&KeyName=labs-flow-prod-cdn-key&Signature=gOp8_pDwG8QmuX5sAoHI_VF0cVw
2026-09-06T09:58:12.136Z [99088659-341d-432a-8b37-d2256704f07e][fdfbd39c-aa59-4b23-a3ac-5f2ddfb5b1b8] Downloaded 3/4: winai_2026-09-06T09-58-11_03.jpg
2026-09-06T09:58:12.138Z [99088659-341d-432a-8b37-d2256704f07e][fdfbd39c-aa59-4b23-a3ac-5f2ddfb5b1b8] Item 4: Downloading from URL https://flow-content.google/image/57a81545-6772-490f-b6e3-7d88ddcf5861?Expires=1788710232&KeyName=labs-flow-prod-cdn-key&Signature=nCDlFxRIU7XRnrhTr5DUr64_J_Y
2026-09-06T09:58:12.246Z [99088659-341d-432a-8b37-d2256704f07e][fdfbd39c-aa59-4b23-a3ac-5f2ddfb5b1b8] Downloaded 4/4: winai_2026-09-06T09-58-11_04.jpg
2026-09-06T09:58:12.247Z [99088659-341d-432a-8b37-d2256704f07e][fdfbd39c-aa59-4b23-a3ac-5f2ddfb5b1b8] ✅ 4 item(s) saved to Downloads/Win AI Toolkit/
2026-09-06T09:58:12.701Z [04473d9b-83fa-482d-98a6-847e6a37160c][fdfbd39c-aa59-4b23-a3ac-5f2ddfb5b1b8] runGeneration starting: task_id=04473d9b-83fa-482d-98a6-847e6a37160c, profile_id=fdfbd39c-aa59-4b23-a3ac-5f2ddfb5b1b8, target_site=google_flow
2026-09-06T09:58:12.703Z [04473d9b-83fa-482d-98a6-847e6a37160c][fdfbd39c-aa59-4b23-a3ac-5f2ddfb5b1b8] Opening Playwright browser with persistent profile cookies...
2026-09-06T09:58:12.704Z [04473d9b-83fa-482d-98a6-847e6a37160c][fdfbd39c-aa59-4b23-a3ac-5f2ddfb5b1b8] Browser engine: winhide (C:\Users\MienTrungComputer\AppData\Roaming\com.tank.winai\winhide\chrome.exe)
2026-09-06T09:58:12.707Z [04473d9b-83fa-482d-98a6-847e6a37160c][fdfbd39c-aa59-4b23-a3ac-5f2ddfb5b1b8] Launch mode: STEALTH (raw spawn + connectOverCDP)
2026-09-06T09:58:12.783Z [99088659-341d-432a-8b37-d2256704f07e][fdfbd39c-aa59-4b23-a3ac-5f2ddfb5b1b8] Item 2: Uploaded → https://studio.xanhmedia.vn/uploads/2026-09/1788688692711_111af1_fdfbd39c-aa59-4b23-a3ac-5f2ddfb5b1b8_990.jpg
2026-09-06T09:58:12.802Z [99088659-341d-432a-8b37-d2256704f07e][fdfbd39c-aa59-4b23-a3ac-5f2ddfb5b1b8] Item 3: Uploaded → https://studio.xanhmedia.vn/uploads/2026-09/1788688692734_62761e_fdfbd39c-aa59-4b23-a3ac-5f2ddfb5b1b8_990.jpg
2026-09-06T09:58:12.832Z [99088659-341d-432a-8b37-d2256704f07e][fdfbd39c-aa59-4b23-a3ac-5f2ddfb5b1b8] Item 1: Uploaded → https://studio.xanhmedia.vn/uploads/2026-09/1788688692759_ba6c2a_fdfbd39c-aa59-4b23-a3ac-5f2ddfb5b1b8_990.jpg
2026-09-06T09:58:12.864Z [99088659-341d-432a-8b37-d2256704f07e][fdfbd39c-aa59-4b23-a3ac-5f2ddfb5b1b8] Item 4: Uploaded → https://studio.xanhmedia.vn/uploads/2026-09/1788688692783_cf3b88_fdfbd39c-aa59-4b23-a3ac-5f2ddfb5b1b8_990.jpg
2026-09-06T09:58:12.891Z [99088659-341d-432a-8b37-d2256704f07e][fdfbd39c-aa59-4b23-a3ac-5f2ddfb5b1b8] All done (including any 1080p upgrades). Closing Playwright browser context.
2026-09-06T09:58:13.387Z [2beef8db-961f-4377-ab3f-e110d7f48b40][fdfbd39c-aa59-4b23-a3ac-5f2ddfb5b1b8] Generating... 3 ready, 0 failed / 4 total (164s)
2026-09-06T09:58:15.124Z [04473d9b-83fa-482d-98a6-847e6a37160c][fdfbd39c-aa59-4b23-a3ac-5f2ddfb5b1b8] Exit IP: 171.229.14.52
2026-09-06T09:58:15.126Z [04473d9b-83fa-482d-98a6-847e6a37160c][fdfbd39c-aa59-4b23-a3ac-5f2ddfb5b1b8] Navigating browser to Google Flow tools page...
2026-09-06T09:58:15.129Z [04473d9b-83fa-482d-98a6-847e6a37160c][fdfbd39c-aa59-4b23-a3ac-5f2ddfb5b1b8] Using existing project URL: https://flow.google.com/project/f4a8359f-f480-4865-9eef-7927ee95f030?hl=en
2026-09-06T09:58:16.247Z [04473d9b-83fa-482d-98a6-847e6a37160c][fdfbd39c-aa59-4b23-a3ac-5f2ddfb5b1b8] Waiting for Google Flow...
2026-09-06T09:58:16.416Z [2beef8db-961f-4377-ab3f-e110d7f48b40][fdfbd39c-aa59-4b23-a3ac-5f2ddfb5b1b8] Generating... 3 ready, 0 failed / 4 total (167s)
2026-09-06T09:58:18.234Z [04473d9b-83fa-482d-98a6-847e6a37160c][fdfbd39c-aa59-4b23-a3ac-5f2ddfb5b1b8] In existing project ✓
2026-09-06T09:58:19.446Z [2beef8db-961f-4377-ab3f-e110d7f48b40][fdfbd39c-aa59-4b23-a3ac-5f2ddfb5b1b8] Generating... 3 ready, 0 failed / 4 total (170s)
2026-09-06T09:58:20.106Z [04473d9b-83fa-482d-98a6-847e6a37160c][fdfbd39c-aa59-4b23-a3ac-5f2ddfb5b1b8] dismissPopups: clicked "Dismiss credit banner" (overlay)
2026-09-06T09:58:21.463Z [04473d9b-83fa-482d-98a6-847e6a37160c][fdfbd39c-aa59-4b23-a3ac-5f2ddfb5b1b8] dismissPopups: unresolved overlay(s) ["DIV[]|btns=","DIV[]|btns="]
2026-09-06T09:58:21.671Z [04473d9b-83fa-482d-98a6-847e6a37160c][fdfbd39c-aa59-4b23-a3ac-5f2ddfb5b1b8] Composer ready ✓ (UI language: en)
2026-09-06T09:58:21.721Z [04473d9b-83fa-482d-98a6-847e6a37160c][fdfbd39c-aa59-4b23-a3ac-5f2ddfb5b1b8] dismissPopups: unresolved overlay(s) ["DIV[]|btns=","DIV[]|btns="]
2026-09-06T09:58:21.737Z [04473d9b-83fa-482d-98a6-847e6a37160c][fdfbd39c-aa59-4b23-a3ac-5f2ddfb5b1b8] Agent toggle aria-pressed=false
2026-09-06T09:58:21.737Z [04473d9b-83fa-482d-98a6-847e6a37160c][fdfbd39c-aa59-4b23-a3ac-5f2ddfb5b1b8] Opening settings...
2026-09-06T09:58:22.476Z [2beef8db-961f-4377-ab3f-e110d7f48b40][fdfbd39c-aa59-4b23-a3ac-5f2ddfb5b1b8] Generating... 3 ready, 0 failed / 4 total (173s)
2026-09-06T09:58:23.872Z [04473d9b-83fa-482d-98a6-847e6a37160c][fdfbd39c-aa59-4b23-a3ac-5f2ddfb5b1b8] Configuring image settings...
2026-09-06T09:58:25.511Z [2beef8db-961f-4377-ab3f-e110d7f48b40][fdfbd39c-aa59-4b23-a3ac-5f2ddfb5b1b8] Generating... 3 ready, 0 failed / 4 total (176s)
2026-09-06T09:58:25.708Z [04473d9b-83fa-482d-98a6-847e6a37160c][fdfbd39c-aa59-4b23-a3ac-5f2ddfb5b1b8] Mode: selected "image Image" ✓
2026-09-06T09:58:28.529Z [2beef8db-961f-4377-ab3f-e110d7f48b40][fdfbd39c-aa59-4b23-a3ac-5f2ddfb5b1b8] Generating... 3 ready, 0 failed / 4 total (179s)
2026-09-06T09:58:30.599Z [04473d9b-83fa-482d-98a6-847e6a37160c][fdfbd39c-aa59-4b23-a3ac-5f2ddfb5b1b8] Model: selected "🍌 Nano Banana 2" ✓
2026-09-06T09:58:31.534Z [2beef8db-961f-4377-ab3f-e110d7f48b40][fdfbd39c-aa59-4b23-a3ac-5f2ddfb5b1b8] Poll ended with 3/4 ready — salvaging the completed item(s).
2026-09-06T09:58:31.534Z [2beef8db-961f-4377-ab3f-e110d7f48b40][fdfbd39c-aa59-4b23-a3ac-5f2ddfb5b1b8] 3 item(s) ready! Downloading...
2026-09-06T09:58:31.533Z [04473d9b-83fa-482d-98a6-847e6a37160c][fdfbd39c-aa59-4b23-a3ac-5f2ddfb5b1b8] Aspect ratio: "crop_16_9 16:9" already selected ✓
2026-09-06T09:58:31.536Z [2beef8db-961f-4377-ab3f-e110d7f48b40][fdfbd39c-aa59-4b23-a3ac-5f2ddfb5b1b8] Item 1: Downloading from URL https://flow-content.google/image/64e1f68e-329b-4147-965a-9893f5bcdecd?Expires=1788710126&KeyName=labs-flow-prod-cdn-key&Signature=ua4dbjIV_M1kitrEE4Nn8AWP8iA
2026-09-06T09:58:31.828Z [2beef8db-961f-4377-ab3f-e110d7f48b40][fdfbd39c-aa59-4b23-a3ac-5f2ddfb5b1b8] Downloaded 1/3: winai_2026-09-06T09-58-31_01.jpg
2026-09-06T09:58:31.830Z [2beef8db-961f-4377-ab3f-e110d7f48b40][fdfbd39c-aa59-4b23-a3ac-5f2ddfb5b1b8] Item 2: Downloading from URL https://flow-content.google/image/8af3565a-e6c4-4278-816c-496c3c287384?Expires=1788710125&KeyName=labs-flow-prod-cdn-key&Signature=NyqMbxtS_vmh8_2g3AJknHFfrNI
2026-09-06T09:58:31.937Z [2beef8db-961f-4377-ab3f-e110d7f48b40][fdfbd39c-aa59-4b23-a3ac-5f2ddfb5b1b8] Downloaded 2/3: winai_2026-09-06T09-58-31_02.jpg
2026-09-06T09:58:31.938Z [2beef8db-961f-4377-ab3f-e110d7f48b40][fdfbd39c-aa59-4b23-a3ac-5f2ddfb5b1b8] Item 3: Downloading from URL https://flow-content.google/image/6d5a1c2d-b1aa-46e1-a9b6-bd612bd303fb?Expires=1788710124&KeyName=labs-flow-prod-cdn-key&Signature=fd_fScQzrtAOZ11J_IGleXOb2vw
2026-09-06T09:58:32.041Z [2beef8db-961f-4377-ab3f-e110d7f48b40][fdfbd39c-aa59-4b23-a3ac-5f2ddfb5b1b8] Downloaded 3/3: winai_2026-09-06T09-58-31_03.jpg
2026-09-06T09:58:32.041Z [2beef8db-961f-4377-ab3f-e110d7f48b40][fdfbd39c-aa59-4b23-a3ac-5f2ddfb5b1b8] ✅ 3 item(s) saved to Downloads/Win AI Toolkit/
2026-09-06T09:58:32.588Z [2beef8db-961f-4377-ab3f-e110d7f48b40][fdfbd39c-aa59-4b23-a3ac-5f2ddfb5b1b8] Item 2: Uploaded → https://studio.xanhmedia.vn/uploads/2026-09/1788688712519_786ebc_fdfbd39c-aa59-4b23-a3ac-5f2ddfb5b1b8_2be.jpg
2026-09-06T09:58:32.611Z [2beef8db-961f-4377-ab3f-e110d7f48b40][fdfbd39c-aa59-4b23-a3ac-5f2ddfb5b1b8] Item 3: Uploaded → https://studio.xanhmedia.vn/uploads/2026-09/1788688712541_f5763d_fdfbd39c-aa59-4b23-a3ac-5f2ddfb5b1b8_2be.jpg
2026-09-06T09:58:32.638Z [2beef8db-961f-4377-ab3f-e110d7f48b40][fdfbd39c-aa59-4b23-a3ac-5f2ddfb5b1b8] Item 1: Uploaded → https://studio.xanhmedia.vn/uploads/2026-09/1788688712561_9c2ab0_fdfbd39c-aa59-4b23-a3ac-5f2ddfb5b1b8_2be.jpg
2026-09-06T09:58:32.671Z [2beef8db-961f-4377-ab3f-e110d7f48b40][fdfbd39c-aa59-4b23-a3ac-5f2ddfb5b1b8] All done (including any 1080p upgrades). Closing Playwright browser context.
2026-09-06T09:58:33.518Z [04473d9b-83fa-482d-98a6-847e6a37160c][fdfbd39c-aa59-4b23-a3ac-5f2ddfb5b1b8] Output count: selected "x4" ✓
2026-09-06T09:58:33.854Z [afc585e1-81a5-40f6-ad5e-d54a29002010][fdfbd39c-aa59-4b23-a3ac-5f2ddfb5b1b8] runGeneration starting: task_id=afc585e1-81a5-40f6-ad5e-d54a29002010, profile_id=fdfbd39c-aa59-4b23-a3ac-5f2ddfb5b1b8, target_site=google_flow
2026-09-06T09:58:33.855Z [afc585e1-81a5-40f6-ad5e-d54a29002010][fdfbd39c-aa59-4b23-a3ac-5f2ddfb5b1b8] Opening Playwright browser with persistent profile cookies...
2026-09-06T09:58:33.858Z [afc585e1-81a5-40f6-ad5e-d54a29002010][fdfbd39c-aa59-4b23-a3ac-5f2ddfb5b1b8] Browser engine: winhide (C:\Users\MienTrungComputer\AppData\Roaming\com.tank.winai\winhide\chrome.exe)
2026-09-06T09:58:33.860Z [afc585e1-81a5-40f6-ad5e-d54a29002010][fdfbd39c-aa59-4b23-a3ac-5f2ddfb5b1b8] Launch mode: STEALTH (raw spawn + connectOverCDP)
2026-09-06T09:58:34.537Z [04473d9b-83fa-482d-98a6-847e6a37160c][fdfbd39c-aa59-4b23-a3ac-5f2ddfb5b1b8] Ref image 1/4: downloading from URL...
2026-09-06T09:58:35.209Z [04473d9b-83fa-482d-98a6-847e6a37160c][fdfbd39c-aa59-4b23-a3ac-5f2ddfb5b1b8] Downloader: no-proxy request context ready.
2026-09-06T09:58:36.122Z [04473d9b-83fa-482d-98a6-847e6a37160c][fdfbd39c-aa59-4b23-a3ac-5f2ddfb5b1b8] Ref image 1/4: saved 550624 bytes (image/jpeg) as "Elara School Morning Day.jpeg"
2026-09-06T09:58:36.149Z [04473d9b-83fa-482d-98a6-847e6a37160c][fdfbd39c-aa59-4b23-a3ac-5f2ddfb5b1b8] Ref image 1/4: attaching reference image...
2026-09-06T09:58:36.824Z [afc585e1-81a5-40f6-ad5e-d54a29002010][fdfbd39c-aa59-4b23-a3ac-5f2ddfb5b1b8] Exit IP: 171.229.14.52
2026-09-06T09:58:36.825Z [afc585e1-81a5-40f6-ad5e-d54a29002010][fdfbd39c-aa59-4b23-a3ac-5f2ddfb5b1b8] Navigating browser to Google Flow tools page...
2026-09-06T09:58:36.825Z [afc585e1-81a5-40f6-ad5e-d54a29002010][fdfbd39c-aa59-4b23-a3ac-5f2ddfb5b1b8] Using existing project URL: https://flow.google.com/project/390215dc-290f-4b92-a7f0-dd2b6651acfb?hl=en
2026-09-06T09:58:38.706Z [afc585e1-81a5-40f6-ad5e-d54a29002010][fdfbd39c-aa59-4b23-a3ac-5f2ddfb5b1b8] Waiting for Google Flow...
2026-09-06T09:58:39.091Z [04473d9b-83fa-482d-98a6-847e6a37160c][fdfbd39c-aa59-4b23-a3ac-5f2ddfb5b1b8] Ref image 1/4: "Elara School Morning Day.jpeg" not in the library yet — uploading it first.
2026-09-06T09:58:40.338Z [afc585e1-81a5-40f6-ad5e-d54a29002010][fdfbd39c-aa59-4b23-a3ac-5f2ddfb5b1b8] In existing project ✓
2026-09-06T09:58:41.724Z [afc585e1-81a5-40f6-ad5e-d54a29002010][fdfbd39c-aa59-4b23-a3ac-5f2ddfb5b1b8] dismissPopups: unresolved overlay(s) ["IFRAME[presentation]|btns="]
2026-09-06T09:58:44.632Z [04473d9b-83fa-482d-98a6-847e6a37160c][fdfbd39c-aa59-4b23-a3ac-5f2ddfb5b1b8] Ref image 1/4: uploading "Elara School Morning Day.jpeg" to the project library...
2026-09-06T09:58:45.197Z [afc585e1-81a5-40f6-ad5e-d54a29002010][fdfbd39c-aa59-4b23-a3ac-5f2ddfb5b1b8] Composer ready ✓ (UI language: en)
2026-09-06T09:58:45.218Z [afc585e1-81a5-40f6-ad5e-d54a29002010][fdfbd39c-aa59-4b23-a3ac-5f2ddfb5b1b8] dismissPopups: clicked "Dismiss credit banner" (overlay)
2026-09-06T09:58:45.752Z [afc585e1-81a5-40f6-ad5e-d54a29002010][fdfbd39c-aa59-4b23-a3ac-5f2ddfb5b1b8] dismissPopups: unresolved overlay(s) ["DIV[]|btns=","DIV[]|btns="]
2026-09-06T09:58:45.840Z [afc585e1-81a5-40f6-ad5e-d54a29002010][fdfbd39c-aa59-4b23-a3ac-5f2ddfb5b1b8] Agent toggle aria-pressed=false
2026-09-06T09:58:45.841Z [afc585e1-81a5-40f6-ad5e-d54a29002010][fdfbd39c-aa59-4b23-a3ac-5f2ddfb5b1b8] Opening settings...
2026-09-06T09:58:46.003Z [04473d9b-83fa-482d-98a6-847e6a37160c][fdfbd39c-aa59-4b23-a3ac-5f2ddfb5b1b8] Ref image 1/4: upload finished ✓
2026-09-06T09:58:48.159Z [afc585e1-81a5-40f6-ad5e-d54a29002010][fdfbd39c-aa59-4b23-a3ac-5f2ddfb5b1b8] Configuring image settings...
2026-09-06T09:58:49.616Z [afc585e1-81a5-40f6-ad5e-d54a29002010][fdfbd39c-aa59-4b23-a3ac-5f2ddfb5b1b8] Mode: selected "image Image" ✓
2026-09-06T09:58:55.117Z [afc585e1-81a5-40f6-ad5e-d54a29002010][fdfbd39c-aa59-4b23-a3ac-5f2ddfb5b1b8] Model: selected "🍌 Nano Banana 2" ✓
2026-09-06T09:58:55.762Z [afc585e1-81a5-40f6-ad5e-d54a29002010][fdfbd39c-aa59-4b23-a3ac-5f2ddfb5b1b8] Aspect ratio: "crop_16_9 16:9" already selected ✓
2026-09-06T09:58:56.925Z [04473d9b-83fa-482d-98a6-847e6a37160c][fdfbd39c-aa59-4b23-a3ac-5f2ddfb5b1b8] Ref image 1/4: chips 0→1 ✓
2026-09-06T09:58:57.647Z [afc585e1-81a5-40f6-ad5e-d54a29002010][fdfbd39c-aa59-4b23-a3ac-5f2ddfb5b1b8] Output count: selected "x4" ✓
2026-09-06T09:58:58.292Z [04473d9b-83fa-482d-98a6-847e6a37160c][fdfbd39c-aa59-4b23-a3ac-5f2ddfb5b1b8] Ref image 2/4: downloading from URL...
2026-09-06T09:58:58.660Z [04473d9b-83fa-482d-98a6-847e6a37160c][fdfbd39c-aa59-4b23-a3ac-5f2ddfb5b1b8] Ref image 2/4: saved 524794 bytes (image/jpeg) as "Verdant Police Officer Team.jpeg"
2026-09-06T09:58:58.676Z [04473d9b-83fa-482d-98a6-847e6a37160c][fdfbd39c-aa59-4b23-a3ac-5f2ddfb5b1b8] Ref image 2/4: attaching reference image...
2026-09-06T09:58:58.740Z [afc585e1-81a5-40f6-ad5e-d54a29002010][fdfbd39c-aa59-4b23-a3ac-5f2ddfb5b1b8] Ref image 1/6: downloading from URL...
2026-09-06T09:58:59.172Z [afc585e1-81a5-40f6-ad5e-d54a29002010][fdfbd39c-aa59-4b23-a3ac-5f2ddfb5b1b8] Downloader: no-proxy request context ready.
2026-09-06T09:58:59.715Z [afc585e1-81a5-40f6-ad5e-d54a29002010][fdfbd39c-aa59-4b23-a3ac-5f2ddfb5b1b8] Ref image 1/6: saved 559623 bytes (image/jpeg) as "Fake Driver Driver Disguise State.jpeg"
2026-09-06T09:58:59.729Z [afc585e1-81a5-40f6-ad5e-d54a29002010][fdfbd39c-aa59-4b23-a3ac-5f2ddfb5b1b8] Ref image 1/6: attaching reference image...
2026-09-06T09:59:01.159Z [04473d9b-83fa-482d-98a6-847e6a37160c][fdfbd39c-aa59-4b23-a3ac-5f2ddfb5b1b8] Ref image 2/4: "Verdant Police Officer Team.jpeg" not in the library yet — uploading it first.
2026-09-06T09:59:02.347Z [afc585e1-81a5-40f6-ad5e-d54a29002010][fdfbd39c-aa59-4b23-a3ac-5f2ddfb5b1b8] Ref image 1/6: reusing library asset "Fake Driver Driver Disguise State.jpeg" (no re-upload).
2026-09-06T09:59:05.599Z [04473d9b-83fa-482d-98a6-847e6a37160c][fdfbd39c-aa59-4b23-a3ac-5f2ddfb5b1b8] Ref image 2/4: uploading "Verdant Police Officer Team.jpeg" to the project library...
2026-09-06T09:59:05.688Z [afc585e1-81a5-40f6-ad5e-d54a29002010][fdfbd39c-aa59-4b23-a3ac-5f2ddfb5b1b8] Ref image 1/6: chips 0→1 ✓
2026-09-06T09:59:06.403Z [04473d9b-83fa-482d-98a6-847e6a37160c][fdfbd39c-aa59-4b23-a3ac-5f2ddfb5b1b8] Ref image 2/4: upload finished ✓
2026-09-06T09:59:07.494Z [afc585e1-81a5-40f6-ad5e-d54a29002010][fdfbd39c-aa59-4b23-a3ac-5f2ddfb5b1b8] Ref image 2/6: downloading from URL...
2026-09-06T09:59:07.868Z [afc585e1-81a5-40f6-ad5e-d54a29002010][fdfbd39c-aa59-4b23-a3ac-5f2ddfb5b1b8] Ref image 2/6: saved 527475 bytes (image/jpeg) as "Arlo School Day.jpeg"
2026-09-06T09:59:07.881Z [afc585e1-81a5-40f6-ad5e-d54a29002010][fdfbd39c-aa59-4b23-a3ac-5f2ddfb5b1b8] Ref image 2/6: attaching reference image...
2026-09-06T09:59:10.195Z [afc585e1-81a5-40f6-ad5e-d54a29002010][fdfbd39c-aa59-4b23-a3ac-5f2ddfb5b1b8] Ref image 2/6: reusing library asset "Arlo School Day.jpeg" (no re-upload).
2026-09-06T09:59:13.820Z [afc585e1-81a5-40f6-ad5e-d54a29002010][fdfbd39c-aa59-4b23-a3ac-5f2ddfb5b1b8] Ref image 2/6: chips 1→2 ✓
2026-09-06T09:59:14.830Z [afc585e1-81a5-40f6-ad5e-d54a29002010][fdfbd39c-aa59-4b23-a3ac-5f2ddfb5b1b8] Ref image 3/6: downloading from URL...
2026-09-06T09:59:15.217Z [afc585e1-81a5-40f6-ad5e-d54a29002010][fdfbd39c-aa59-4b23-a3ac-5f2ddfb5b1b8] Ref image 3/6: saved 643624 bytes (image/jpeg) as "Nessa School Day.jpeg"
2026-09-06T09:59:15.259Z [afc585e1-81a5-40f6-ad5e-d54a29002010][fdfbd39c-aa59-4b23-a3ac-5f2ddfb5b1b8] Ref image 3/6: attaching reference image...
2026-09-06T09:59:16.918Z [04473d9b-83fa-482d-98a6-847e6a37160c][fdfbd39c-aa59-4b23-a3ac-5f2ddfb5b1b8] Ref image 2/4: chips 1→2 ✓
2026-09-06T09:59:17.745Z [afc585e1-81a5-40f6-ad5e-d54a29002010][fdfbd39c-aa59-4b23-a3ac-5f2ddfb5b1b8] Ref image 3/6: reusing library asset "Nessa School Day.jpeg" (no re-upload).
2026-09-06T09:59:18.134Z [04473d9b-83fa-482d-98a6-847e6a37160c][fdfbd39c-aa59-4b23-a3ac-5f2ddfb5b1b8] Ref image 3/4: downloading from URL...
2026-09-06T09:59:18.512Z [04473d9b-83fa-482d-98a6-847e6a37160c][fdfbd39c-aa59-4b23-a3ac-5f2ddfb5b1b8] Ref image 3/4: saved 331436 bytes (image/jpeg) as "Elara Family Smartphone.jpeg"
2026-09-06T09:59:18.530Z [04473d9b-83fa-482d-98a6-847e6a37160c][fdfbd39c-aa59-4b23-a3ac-5f2ddfb5b1b8] Ref image 3/4: attaching reference image...
2026-09-06T09:59:20.964Z [04473d9b-83fa-482d-98a6-847e6a37160c][fdfbd39c-aa59-4b23-a3ac-5f2ddfb5b1b8] Ref image 3/4: "Elara Family Smartphone.jpeg" not in the library yet — uploading it first.
2026-09-06T09:59:21.852Z [afc585e1-81a5-40f6-ad5e-d54a29002010][fdfbd39c-aa59-4b23-a3ac-5f2ddfb5b1b8] Ref image 3/6: chips 2→3 ✓
2026-09-06T09:59:23.453Z [afc585e1-81a5-40f6-ad5e-d54a29002010][fdfbd39c-aa59-4b23-a3ac-5f2ddfb5b1b8] Ref image 4/6: downloading from URL...
2026-09-06T09:59:23.799Z [afc585e1-81a5-40f6-ad5e-d54a29002010][fdfbd39c-aa59-4b23-a3ac-5f2ddfb5b1b8] Ref image 4/6: saved 509101 bytes (image/jpeg) as "Chili School Day.jpeg"
2026-09-06T09:59:23.808Z [afc585e1-81a5-40f6-ad5e-d54a29002010][fdfbd39c-aa59-4b23-a3ac-5f2ddfb5b1b8] Ref image 4/6: attaching reference image...
2026-09-06T09:59:25.832Z [04473d9b-83fa-482d-98a6-847e6a37160c][fdfbd39c-aa59-4b23-a3ac-5f2ddfb5b1b8] Ref image 3/4: uploading "Elara Family Smartphone.jpeg" to the project library...
2026-09-06T09:59:25.881Z [afc585e1-81a5-40f6-ad5e-d54a29002010][fdfbd39c-aa59-4b23-a3ac-5f2ddfb5b1b8] Ref image 4/6: reusing library asset "Chili School Day.jpeg" (no re-upload).
2026-09-06T09:59:26.979Z [04473d9b-83fa-482d-98a6-847e6a37160c][fdfbd39c-aa59-4b23-a3ac-5f2ddfb5b1b8] Ref image 3/4: upload finished ✓
2026-09-06T09:59:29.543Z [afc585e1-81a5-40f6-ad5e-d54a29002010][fdfbd39c-aa59-4b23-a3ac-5f2ddfb5b1b8] Ref image 4/6: chips 3→4 ✓
2026-09-06T09:59:31.196Z [afc585e1-81a5-40f6-ad5e-d54a29002010][fdfbd39c-aa59-4b23-a3ac-5f2ddfb5b1b8] Ref image 5/6: downloading from URL...
2026-09-06T09:59:31.562Z [afc585e1-81a5-40f6-ad5e-d54a29002010][fdfbd39c-aa59-4b23-a3ac-5f2ddfb5b1b8] Ref image 5/6: saved 624616 bytes (image/jpeg) as "Verdant School Bus HELP System.jpeg"
2026-09-06T09:59:31.590Z [afc585e1-81a5-40f6-ad5e-d54a29002010][fdfbd39c-aa59-4b23-a3ac-5f2ddfb5b1b8] Ref image 5/6: attaching reference image...
2026-09-06T09:59:33.776Z [afc585e1-81a5-40f6-ad5e-d54a29002010][fdfbd39c-aa59-4b23-a3ac-5f2ddfb5b1b8] Ref image 5/6: reusing library asset "Verdant School Bus HELP System.jpeg" (no re-upload).
2026-09-06T09:59:37.061Z [04473d9b-83fa-482d-98a6-847e6a37160c][fdfbd39c-aa59-4b23-a3ac-5f2ddfb5b1b8] Ref image 3/4: chips 2→3 ✓
2026-09-06T09:59:37.775Z [afc585e1-81a5-40f6-ad5e-d54a29002010][fdfbd39c-aa59-4b23-a3ac-5f2ddfb5b1b8] Ref image 5/6: chips 4→5 ✓
2026-09-06T09:59:38.184Z [04473d9b-83fa-482d-98a6-847e6a37160c][fdfbd39c-aa59-4b23-a3ac-5f2ddfb5b1b8] Ref image 4/4: downloading from URL...
2026-09-06T09:59:38.554Z [04473d9b-83fa-482d-98a6-847e6a37160c][fdfbd39c-aa59-4b23-a3ac-5f2ddfb5b1b8] Ref image 4/4: saved 449213 bytes (image/jpeg) as "Verdant Police Patrol Car.jpeg"
2026-09-06T09:59:38.598Z [04473d9b-83fa-482d-98a6-847e6a37160c][fdfbd39c-aa59-4b23-a3ac-5f2ddfb5b1b8] Ref image 4/4: attaching reference image...
2026-09-06T09:59:38.962Z [afc585e1-81a5-40f6-ad5e-d54a29002010][fdfbd39c-aa59-4b23-a3ac-5f2ddfb5b1b8] Ref image 6/6: downloading from URL...
2026-09-06T09:59:39.350Z [afc585e1-81a5-40f6-ad5e-d54a29002010][fdfbd39c-aa59-4b23-a3ac-5f2ddfb5b1b8] Ref image 6/6: saved 703417 bytes (image/jpeg) as "Verdant School Bus Interior Master.jpeg"
2026-09-06T09:59:39.375Z [afc585e1-81a5-40f6-ad5e-d54a29002010][fdfbd39c-aa59-4b23-a3ac-5f2ddfb5b1b8] Ref image 6/6: attaching reference image...
2026-09-06T09:59:41.178Z [04473d9b-83fa-482d-98a6-847e6a37160c][fdfbd39c-aa59-4b23-a3ac-5f2ddfb5b1b8] Ref image 4/4: "Verdant Police Patrol Car.jpeg" not in the library yet — uploading it first.
2026-09-06T09:59:42.102Z [afc585e1-81a5-40f6-ad5e-d54a29002010][fdfbd39c-aa59-4b23-a3ac-5f2ddfb5b1b8] Ref image 6/6: reusing library asset "Verdant School Bus Interior Master.jpeg" (no re-upload).
2026-09-06T09:59:45.154Z [04473d9b-83fa-482d-98a6-847e6a37160c][fdfbd39c-aa59-4b23-a3ac-5f2ddfb5b1b8] Ref image 4/4: uploading "Verdant Police Patrol Car.jpeg" to the project library...
2026-09-06T09:59:46.010Z [afc585e1-81a5-40f6-ad5e-d54a29002010][fdfbd39c-aa59-4b23-a3ac-5f2ddfb5b1b8] Ref image 6/6: chips 5→6 ✓
2026-09-06T09:59:46.074Z [afc585e1-81a5-40f6-ad5e-d54a29002010][fdfbd39c-aa59-4b23-a3ac-5f2ddfb5b1b8] Entering prompt...
2026-09-06T09:59:46.571Z [04473d9b-83fa-482d-98a6-847e6a37160c][fdfbd39c-aa59-4b23-a3ac-5f2ddfb5b1b8] Ref image 4/4: upload finished ✓
2026-09-06T09:59:47.810Z [afc585e1-81a5-40f6-ad5e-d54a29002010][fdfbd39c-aa59-4b23-a3ac-5f2ddfb5b1b8] Prompt is 1829 chars — typing it in 28 chunk(s).
2026-09-06T09:59:56.627Z [04473d9b-83fa-482d-98a6-847e6a37160c][fdfbd39c-aa59-4b23-a3ac-5f2ddfb5b1b8] Ref image 4/4: chips 3→4 ✓
2026-09-06T09:59:56.660Z [04473d9b-83fa-482d-98a6-847e6a37160c][fdfbd39c-aa59-4b23-a3ac-5f2ddfb5b1b8] Entering prompt...
2026-09-06T09:59:58.145Z [04473d9b-83fa-482d-98a6-847e6a37160c][fdfbd39c-aa59-4b23-a3ac-5f2ddfb5b1b8] Prompt is 1533 chars — typing it in 25 chunk(s).
2026-09-06T10:00:00.706Z [afc585e1-81a5-40f6-ad5e-d54a29002010][fdfbd39c-aa59-4b23-a3ac-5f2ddfb5b1b8] Prompt insert attempt 1: editor has 1805 chars (want ~1821) ✓
2026-09-06T10:00:02.777Z [afc585e1-81a5-40f6-ad5e-d54a29002010][fdfbd39c-aa59-4b23-a3ac-5f2ddfb5b1b8] Baseline: 27 pre-existing media tile(s) of 27 mounted (kinds: image,image,image,image,image,image,image,image,image,image,image,image,image,image,image,image,image,image,image,image,image,image,image,image,image,image,image).
2026-09-06T10:00:05.049Z [afc585e1-81a5-40f6-ad5e-d54a29002010][fdfbd39c-aa59-4b23-a3ac-5f2ddfb5b1b8] [submit] confirmed (editor "What do you want to ", fresh tile=true).
2026-09-06T10:00:05.845Z [afc585e1-81a5-40f6-ad5e-d54a29002010][fdfbd39c-aa59-4b23-a3ac-5f2ddfb5b1b8] Current Workspace project URL: https://flow.google.com/project/390215dc-290f-4b92-a7f0-dd2b6651acfb?hl=en
2026-09-06T10:00:05.846Z [afc585e1-81a5-40f6-ad5e-d54a29002010][fdfbd39c-aa59-4b23-a3ac-5f2ddfb5b1b8] Submitted ✓ Detecting batch size...
2026-09-06T10:00:05.874Z [afc585e1-81a5-40f6-ad5e-d54a29002010][fdfbd39c-aa59-4b23-a3ac-5f2ddfb5b1b8] New tile(s) since submit: 0 → 4 (mounted=27)
2026-09-06T10:00:10.074Z [afc585e1-81a5-40f6-ad5e-d54a29002010][fdfbd39c-aa59-4b23-a3ac-5f2ddfb5b1b8] Batch size stabilised at 4 new tile(s)
2026-09-06T10:00:10.075Z [afc585e1-81a5-40f6-ad5e-d54a29002010][fdfbd39c-aa59-4b23-a3ac-5f2ddfb5b1b8] Batch detected: 4 item(s). Generating...
2026-09-06T10:00:10.077Z [afc585e1-81a5-40f6-ad5e-d54a29002010][fdfbd39c-aa59-4b23-a3ac-5f2ddfb5b1b8] Polling for 4 image item(s) (baseline=27, hasUpload=true)...
2026-09-06T10:00:10.100Z [afc585e1-81a5-40f6-ad5e-d54a29002010][fdfbd39c-aa59-4b23-a3ac-5f2ddfb5b1b8] Generating... 0 ready, 0 failed / 4 total (0s) image 42% [THAM CHIẾ image 42% [THAM CHIẾ image 42% [THAM CHIẾ image 42% [THAM CHIẾ
2026-09-06T10:00:10.418Z [04473d9b-83fa-482d-98a6-847e6a37160c][fdfbd39c-aa59-4b23-a3ac-5f2ddfb5b1b8] Prompt insert attempt 1: editor has 1514 chars (want ~1525) ✓
2026-09-06T10:00:12.478Z [04473d9b-83fa-482d-98a6-847e6a37160c][fdfbd39c-aa59-4b23-a3ac-5f2ddfb5b1b8] Baseline: 27 pre-existing media tile(s) of 27 mounted (kinds: image,image,image,image,image,image,image,image,image,image,image,image,image,image,image,image,image,image,image,image,image,image,image,image,image,image,image).
2026-09-06T10:00:13.130Z [afc585e1-81a5-40f6-ad5e-d54a29002010][fdfbd39c-aa59-4b23-a3ac-5f2ddfb5b1b8] Generating... 0 ready, 0 failed / 4 total (3s) image 62% [THAM CHIẾ image 62% [THAM CHIẾ image 62% [THAM CHIẾ image 62% [THAM CHIẾ
2026-09-06T10:00:15.372Z [04473d9b-83fa-482d-98a6-847e6a37160c][fdfbd39c-aa59-4b23-a3ac-5f2ddfb5b1b8] [submit] confirmed (editor "What do you want to ", fresh tile=true).
2026-09-06T10:00:15.879Z [04473d9b-83fa-482d-98a6-847e6a37160c][fdfbd39c-aa59-4b23-a3ac-5f2ddfb5b1b8] Current Workspace project URL: https://flow.google.com/project/f4a8359f-f480-4865-9eef-7927ee95f030?hl=en
2026-09-06T10:00:15.881Z [04473d9b-83fa-482d-98a6-847e6a37160c][fdfbd39c-aa59-4b23-a3ac-5f2ddfb5b1b8] Submitted ✓ Detecting batch size...
2026-09-06T10:00:15.992Z [04473d9b-83fa-482d-98a6-847e6a37160c][fdfbd39c-aa59-4b23-a3ac-5f2ddfb5b1b8] New tile(s) since submit: 0 → 4 (mounted=27)
2026-09-06T10:00:16.177Z [afc585e1-81a5-40f6-ad5e-d54a29002010][fdfbd39c-aa59-4b23-a3ac-5f2ddfb5b1b8] Generating... 0 ready, 0 failed / 4 total (6s) image 82% [THAM CHIẾ image 82% [THAM CHIẾ image 82% [THAM CHIẾ image 82% [THAM CHIẾ
2026-09-06T10:00:19.198Z [afc585e1-81a5-40f6-ad5e-d54a29002010][fdfbd39c-aa59-4b23-a3ac-5f2ddfb5b1b8] Generating... 0 ready, 0 failed / 4 total (9s) image 99% [THAM CHIẾ image 99% [THAM CHIẾ image 99% [THAM CHIẾ image 99% [THAM CHIẾ
2026-09-06T10:00:20.191Z [04473d9b-83fa-482d-98a6-847e6a37160c][fdfbd39c-aa59-4b23-a3ac-5f2ddfb5b1b8] Batch size stabilised at 4 new tile(s)
2026-09-06T10:00:20.191Z [04473d9b-83fa-482d-98a6-847e6a37160c][fdfbd39c-aa59-4b23-a3ac-5f2ddfb5b1b8] Batch detected: 4 item(s). Generating...
2026-09-06T10:00:20.192Z [04473d9b-83fa-482d-98a6-847e6a37160c][fdfbd39c-aa59-4b23-a3ac-5f2ddfb5b1b8] Polling for 4 image item(s) (baseline=27, hasUpload=true)...
2026-09-06T10:00:20.226Z [04473d9b-83fa-482d-98a6-847e6a37160c][fdfbd39c-aa59-4b23-a3ac-5f2ddfb5b1b8] Generating... 0 ready, 0 failed / 4 total (0s) image 43% [THAM CHIẾ image 43% [THAM CHIẾ image 43% [THAM CHIẾ image 43% [THAM CHIẾ
2026-09-06T10:00:22.217Z [afc585e1-81a5-40f6-ad5e-d54a29002010][fdfbd39c-aa59-4b23-a3ac-5f2ddfb5b1b8] Generating... 0 ready, 0 failed / 4 total (12s) image 99% [THAM CHIẾ image 99% [THAM CHIẾ image 99% [THAM CHIẾ image 99% [THAM CHIẾ
2026-09-06T10:00:23.252Z [04473d9b-83fa-482d-98a6-847e6a37160c][fdfbd39c-aa59-4b23-a3ac-5f2ddfb5b1b8] Generating... 0 ready, 0 failed / 4 total (3s) image 63% [THAM CHIẾ image 63% [THAM CHIẾ image 63% [THAM CHIẾ image 63% [THAM CHIẾ
2026-09-06T10:00:25.235Z [afc585e1-81a5-40f6-ad5e-d54a29002010][fdfbd39c-aa59-4b23-a3ac-5f2ddfb5b1b8] Generating... 0 ready, 0 failed / 4 total (15s) image 99% [THAM CHIẾ image 99% [THAM CHIẾ image 99% [THAM CHIẾ image 99% [THAM CHIẾ
2026-09-06T10:00:26.274Z [04473d9b-83fa-482d-98a6-847e6a37160c][fdfbd39c-aa59-4b23-a3ac-5f2ddfb5b1b8] Generating... 0 ready, 0 failed / 4 total (6s) image 84% [THAM CHIẾ image 84% [THAM CHIẾ image 84% [THAM CHIẾ image 84% [THAM CHIẾ
2026-09-06T10:00:28.250Z [afc585e1-81a5-40f6-ad5e-d54a29002010][fdfbd39c-aa59-4b23-a3ac-5f2ddfb5b1b8] Generating... 0 ready, 0 failed / 4 total (18s) image 99% [THAM CHIẾ image 99% [THAM CHIẾ image 99% [THAM CHIẾ image 99% [THAM CHIẾ
2026-09-06T10:00:29.310Z [04473d9b-83fa-482d-98a6-847e6a37160c][fdfbd39c-aa59-4b23-a3ac-5f2ddfb5b1b8] Generating... 0 ready, 0 failed / 4 total (9s) image 99% [THAM CHIẾ image 99% [THAM CHIẾ image 99% [THAM CHIẾ image 99% [THAM CHIẾ
2026-09-06T10:00:31.273Z [afc585e1-81a5-40f6-ad5e-d54a29002010][fdfbd39c-aa59-4b23-a3ac-5f2ddfb5b1b8] Generating... 0 ready, 0 failed / 4 total (21s) image 99% [THAM CHIẾ image 99% [THAM CHIẾ image 99% [THAM CHIẾ image 99% [THAM CHIẾ
2026-09-06T10:00:32.336Z [04473d9b-83fa-482d-98a6-847e6a37160c][fdfbd39c-aa59-4b23-a3ac-5f2ddfb5b1b8] Generating... 0 ready, 0 failed / 4 total (12s) image 99% [THAM CHIẾ image 99% [THAM CHIẾ image 99% [THAM CHIẾ image 99% [THAM CHIẾ
2026-09-06T10:00:34.299Z [afc585e1-81a5-40f6-ad5e-d54a29002010][fdfbd39c-aa59-4b23-a3ac-5f2ddfb5b1b8] Generating... 0 ready, 0 failed / 4 total (24s) image 99% [THAM CHIẾ image 99% [THAM CHIẾ image 99% [THAM CHIẾ image 99% [THAM CHIẾ
2026-09-06T10:00:35.358Z [04473d9b-83fa-482d-98a6-847e6a37160c][fdfbd39c-aa59-4b23-a3ac-5f2ddfb5b1b8] Generating... 0 ready, 0 failed / 4 total (15s) image 99% [THAM CHIẾ image 99% [THAM CHIẾ image 99% [THAM CHIẾ image 99% [THAM CHIẾ
2026-09-06T10:00:37.329Z [afc585e1-81a5-40f6-ad5e-d54a29002010][fdfbd39c-aa59-4b23-a3ac-5f2ddfb5b1b8] Generating... 0 ready, 0 failed / 4 total (27s) image 99% [THAM CHIẾ image 99% [THAM CHIẾ image 99% [THAM CHIẾ image 99% [THAM CHIẾ
2026-09-06T10:00:38.390Z [04473d9b-83fa-482d-98a6-847e6a37160c][fdfbd39c-aa59-4b23-a3ac-5f2ddfb5b1b8] Generating... 0 ready, 0 failed / 4 total (18s) image 99% [THAM CHIẾ image 99% [THAM CHIẾ image 99% [THAM CHIẾ image 99% [THAM CHIẾ
2026-09-06T10:00:40.365Z [afc585e1-81a5-40f6-ad5e-d54a29002010][fdfbd39c-aa59-4b23-a3ac-5f2ddfb5b1b8] Generating... 0 ready, 0 failed / 4 total (30s) image 99% [THAM CHIẾ image 99% [THAM CHIẾ image 99% [THAM CHIẾ image 99% [THAM CHIẾ
2026-09-06T10:00:41.413Z [04473d9b-83fa-482d-98a6-847e6a37160c][fdfbd39c-aa59-4b23-a3ac-5f2ddfb5b1b8] Generating... 0 ready, 0 failed / 4 total (21s) image 99% [THAM CHIẾ image 99% [THAM CHIẾ image 99% [THAM CHIẾ image 99% [THAM CHIẾ
2026-09-06T10:00:43.402Z [afc585e1-81a5-40f6-ad5e-d54a29002010][fdfbd39c-aa59-4b23-a3ac-5f2ddfb5b1b8] Generating... 0 ready, 0 failed / 4 total (33s) image 99% [THAM CHIẾ image 99% [THAM CHIẾ image 99% [THAM CHIẾ image 99% [THAM CHIẾ
2026-09-06T10:00:44.441Z [04473d9b-83fa-482d-98a6-847e6a37160c][fdfbd39c-aa59-4b23-a3ac-5f2ddfb5b1b8] Generating... 0 ready, 0 failed / 4 total (24s) image 99% [THAM CHIẾ image 99% [THAM CHIẾ image 99% [THAM CHIẾ image 99% [THAM CHIẾ
2026-09-06T10:00:46.424Z [afc585e1-81a5-40f6-ad5e-d54a29002010][fdfbd39c-aa59-4b23-a3ac-5f2ddfb5b1b8] Generating... 0 ready, 0 failed / 4 total (36s) image 99% [THAM CHIẾ image 99% [THAM CHIẾ [THAM CHIẾU]Fake Dri image 99% [THAM CHIẾ
2026-09-06T10:00:47.468Z [04473d9b-83fa-482d-98a6-847e6a37160c][fdfbd39c-aa59-4b23-a3ac-5f2ddfb5b1b8] Generating... 0 ready, 0 failed / 4 total (27s) image 99% [THAM CHIẾ image 99% [THAM CHIẾ image 99% [THAM CHIẾ image 99% [THAM CHIẾ
2026-09-06T10:00:49.455Z [afc585e1-81a5-40f6-ad5e-d54a29002010][fdfbd39c-aa59-4b23-a3ac-5f2ddfb5b1b8] Generating... 1 ready, 0 failed / 4 total (39s) image 99% [THAM CHIẾ image 99% [THAM CHIẾ image 99% [THAM CHIẾ
2026-09-06T10:00:50.506Z [04473d9b-83fa-482d-98a6-847e6a37160c][fdfbd39c-aa59-4b23-a3ac-5f2ddfb5b1b8] Generating... 0 ready, 0 failed / 4 total (30s) image 100% [THAM CHI image 99% [THAM CHIẾ image 99% [THAM CHIẾ image 99% [THAM CHIẾ
2026-09-06T10:00:52.487Z [afc585e1-81a5-40f6-ad5e-d54a29002010][fdfbd39c-aa59-4b23-a3ac-5f2ddfb5b1b8] Generating... 1 ready, 0 failed / 4 total (42s) image 99% [THAM CHIẾ image 99% [THAM CHIẾ image 99% [THAM CHIẾ
2026-09-06T10:00:53.543Z [04473d9b-83fa-482d-98a6-847e6a37160c][fdfbd39c-aa59-4b23-a3ac-5f2ddfb5b1b8] Generating... 1 ready, 0 failed / 4 total (33s) image 99% [THAM CHIẾ image 99% [THAM CHIẾ [THAM CHIẾU]Elara Sc
2026-09-06T10:00:55.515Z [afc585e1-81a5-40f6-ad5e-d54a29002010][fdfbd39c-aa59-4b23-a3ac-5f2ddfb5b1b8] Generating... 1 ready, 0 failed / 4 total (45s) image 99% [THAM CHIẾ image 99% [THAM CHIẾ image 99% [THAM CHIẾ
2026-09-06T10:00:56.571Z [04473d9b-83fa-482d-98a6-847e6a37160c][fdfbd39c-aa59-4b23-a3ac-5f2ddfb5b1b8] Generating... 2 ready, 0 failed / 4 total (36s) image 99% [THAM CHIẾ image 99% [THAM CHIẾ
2026-09-06T10:00:58.533Z [afc585e1-81a5-40f6-ad5e-d54a29002010][fdfbd39c-aa59-4b23-a3ac-5f2ddfb5b1b8] Generating... 1 ready, 0 failed / 4 total (48s) image 99% [THAM CHIẾ image 99% [THAM CHIẾ [THAM CHIẾU]Fake Dri
2026-09-06T10:00:59.603Z [04473d9b-83fa-482d-98a6-847e6a37160c][fdfbd39c-aa59-4b23-a3ac-5f2ddfb5b1b8] Generating... 2 ready, 0 failed / 4 total (39s) image 100% [THAM CHI image 99% [THAM CHIẾ
2026-09-06T10:01:01.566Z [afc585e1-81a5-40f6-ad5e-d54a29002010][fdfbd39c-aa59-4b23-a3ac-5f2ddfb5b1b8] Generating... 2 ready, 0 failed / 4 total (51s) image 99% [THAM CHIẾ image 99% [THAM CHIẾ
2026-09-06T10:01:02.629Z [04473d9b-83fa-482d-98a6-847e6a37160c][fdfbd39c-aa59-4b23-a3ac-5f2ddfb5b1b8] Generating... 3 ready, 0 failed / 4 total (42s) image 99% [THAM CHIẾ
2026-09-06T10:01:04.589Z [afc585e1-81a5-40f6-ad5e-d54a29002010][fdfbd39c-aa59-4b23-a3ac-5f2ddfb5b1b8] Generating... 2 ready, 0 failed / 4 total (55s) image 99% [THAM CHIẾ image 99% [THAM CHIẾ
2026-09-06T10:01:05.645Z [04473d9b-83fa-482d-98a6-847e6a37160c][fdfbd39c-aa59-4b23-a3ac-5f2ddfb5b1b8] Generating... 3 ready, 0 failed / 4 total (45s) image 99% [THAM CHIẾ
2026-09-06T10:01:07.617Z [afc585e1-81a5-40f6-ad5e-d54a29002010][fdfbd39c-aa59-4b23-a3ac-5f2ddfb5b1b8] Generating... 2 ready, 0 failed / 4 total (58s) image 99% [THAM CHIẾ image 99% [THAM CHIẾ
2026-09-06T10:01:08.671Z [04473d9b-83fa-482d-98a6-847e6a37160c][fdfbd39c-aa59-4b23-a3ac-5f2ddfb5b1b8] Generating... 3 ready, 0 failed / 4 total (48s) image 99% [THAM CHIẾ
2026-09-06T10:01:10.651Z [afc585e1-81a5-40f6-ad5e-d54a29002010][fdfbd39c-aa59-4b23-a3ac-5f2ddfb5b1b8] Generating... 2 ready, 0 failed / 4 total (61s) image 99% [THAM CHIẾ image 99% [THAM CHIẾ
2026-09-06T10:01:11.700Z [04473d9b-83fa-482d-98a6-847e6a37160c][fdfbd39c-aa59-4b23-a3ac-5f2ddfb5b1b8] Generating... 3 ready, 0 failed / 4 total (52s) image 99% [THAM CHIẾ
2026-09-06T10:01:13.673Z [afc585e1-81a5-40f6-ad5e-d54a29002010][fdfbd39c-aa59-4b23-a3ac-5f2ddfb5b1b8] Generating... 2 ready, 0 failed / 4 total (64s) image 99% [THAM CHIẾ image 99% [THAM CHIẾ
2026-09-06T10:01:14.758Z [04473d9b-83fa-482d-98a6-847e6a37160c][fdfbd39c-aa59-4b23-a3ac-5f2ddfb5b1b8] Generating... 3 ready, 0 failed / 4 total (55s) [THAM CHIẾU]Elara Sc
2026-09-06T10:01:16.697Z [afc585e1-81a5-40f6-ad5e-d54a29002010][fdfbd39c-aa59-4b23-a3ac-5f2ddfb5b1b8] Generating... 2 ready, 0 failed / 4 total (67s) image 99% [THAM CHIẾ [THAM CHIẾU]Fake Dri
2026-09-06T10:01:17.777Z [04473d9b-83fa-482d-98a6-847e6a37160c][fdfbd39c-aa59-4b23-a3ac-5f2ddfb5b1b8] Generating... 4 ready, 0 failed / 4 total (58s)
2026-09-06T10:01:17.778Z [04473d9b-83fa-482d-98a6-847e6a37160c][fdfbd39c-aa59-4b23-a3ac-5f2ddfb5b1b8] Batch done: 4 ready (target 4), 0 failed, scanned 4.
2026-09-06T10:01:17.780Z [04473d9b-83fa-482d-98a6-847e6a37160c][fdfbd39c-aa59-4b23-a3ac-5f2ddfb5b1b8] 4 item(s) ready! Downloading...
2026-09-06T10:01:17.784Z [04473d9b-83fa-482d-98a6-847e6a37160c][fdfbd39c-aa59-4b23-a3ac-5f2ddfb5b1b8] Item 1: Downloading from URL https://flow-content.google/image/a950b7f5-484f-4631-aee7-77c035768e20?Expires=1788710417&KeyName=labs-flow-prod-cdn-key&Signature=_hTZBt9z5XgBNSrnIfEebQXj49U
2026-09-06T10:01:18.068Z [04473d9b-83fa-482d-98a6-847e6a37160c][fdfbd39c-aa59-4b23-a3ac-5f2ddfb5b1b8] Downloaded 1/4: winai_2026-09-06T10-01-17_01.jpg
2026-09-06T10:01:18.073Z [04473d9b-83fa-482d-98a6-847e6a37160c][fdfbd39c-aa59-4b23-a3ac-5f2ddfb5b1b8] Item 2: Downloading from URL https://flow-content.google/image/90f4fbc5-722c-4406-ae46-27d09fd6dcb8?Expires=1788710416&KeyName=labs-flow-prod-cdn-key&Signature=eJTreIiX2FMIvdYFcs4qKjpprNA
2026-09-06T10:01:18.182Z [04473d9b-83fa-482d-98a6-847e6a37160c][fdfbd39c-aa59-4b23-a3ac-5f2ddfb5b1b8] Downloaded 2/4: winai_2026-09-06T10-01-17_02.jpg
2026-09-06T10:01:18.186Z [04473d9b-83fa-482d-98a6-847e6a37160c][fdfbd39c-aa59-4b23-a3ac-5f2ddfb5b1b8] Item 3: Downloading from URL https://flow-content.google/image/fad26f86-c612-4740-b3a1-972863959033?Expires=1788710416&KeyName=labs-flow-prod-cdn-key&Signature=rB1GGqUm30wX-oxA5TFpPmzlyc0
2026-09-06T10:01:18.298Z [04473d9b-83fa-482d-98a6-847e6a37160c][fdfbd39c-aa59-4b23-a3ac-5f2ddfb5b1b8] Downloaded 3/4: winai_2026-09-06T10-01-17_03.jpg
2026-09-06T10:01:18.300Z [04473d9b-83fa-482d-98a6-847e6a37160c][fdfbd39c-aa59-4b23-a3ac-5f2ddfb5b1b8] Item 4: Downloading from URL https://flow-content.google/image/591d1c87-dff2-4451-9c35-15a61810e9a9?Expires=1788710415&KeyName=labs-flow-prod-cdn-key&Signature=MYx2ENfDvGQrATPJ1TJrthwmr1o
2026-09-06T10:01:18.414Z [04473d9b-83fa-482d-98a6-847e6a37160c][fdfbd39c-aa59-4b23-a3ac-5f2ddfb5b1b8] Downloaded 4/4: winai_2026-09-06T10-01-17_04.jpg
2026-09-06T10:01:18.415Z [04473d9b-83fa-482d-98a6-847e6a37160c][fdfbd39c-aa59-4b23-a3ac-5f2ddfb5b1b8] ✅ 4 item(s) saved to Downloads/Win AI Toolkit/
2026-09-06T10:01:19.030Z [04473d9b-83fa-482d-98a6-847e6a37160c][fdfbd39c-aa59-4b23-a3ac-5f2ddfb5b1b8] Item 1: Uploaded → https://studio.xanhmedia.vn/uploads/2026-09/1788688878955_bb4d4c_fdfbd39c-aa59-4b23-a3ac-5f2ddfb5b1b8_044.jpg
2026-09-06T10:01:19.052Z [04473d9b-83fa-482d-98a6-847e6a37160c][fdfbd39c-aa59-4b23-a3ac-5f2ddfb5b1b8] Item 2: Uploaded → https://studio.xanhmedia.vn/uploads/2026-09/1788688878977_6f4e87_fdfbd39c-aa59-4b23-a3ac-5f2ddfb5b1b8_044.jpg
2026-09-06T10:01:19.079Z [04473d9b-83fa-482d-98a6-847e6a37160c][fdfbd39c-aa59-4b23-a3ac-5f2ddfb5b1b8] Item 4: Uploaded → https://studio.xanhmedia.vn/uploads/2026-09/1788688879007_64d624_fdfbd39c-aa59-4b23-a3ac-5f2ddfb5b1b8_044.jpg
2026-09-06T10:01:19.166Z [04473d9b-83fa-482d-98a6-847e6a37160c][fdfbd39c-aa59-4b23-a3ac-5f2ddfb5b1b8] Item 3: Uploaded → https://studio.xanhmedia.vn/uploads/2026-09/1788688879088_dbc1aa_fdfbd39c-aa59-4b23-a3ac-5f2ddfb5b1b8_044.jpg
2026-09-06T10:01:19.217Z [04473d9b-83fa-482d-98a6-847e6a37160c][fdfbd39c-aa59-4b23-a3ac-5f2ddfb5b1b8] All done (including any 1080p upgrades). Closing Playwright browser context.
2026-09-06T10:01:19.701Z [910d0651-431a-419c-8e90-c4980aad80dc][fdfbd39c-aa59-4b23-a3ac-5f2ddfb5b1b8] runGeneration starting: task_id=910d0651-431a-419c-8e90-c4980aad80dc, profile_id=fdfbd39c-aa59-4b23-a3ac-5f2ddfb5b1b8, target_site=google_flow
2026-09-06T10:01:19.704Z [910d0651-431a-419c-8e90-c4980aad80dc][fdfbd39c-aa59-4b23-a3ac-5f2ddfb5b1b8] Opening Playwright browser with persistent profile cookies...
2026-09-06T10:01:19.707Z [910d0651-431a-419c-8e90-c4980aad80dc][fdfbd39c-aa59-4b23-a3ac-5f2ddfb5b1b8] Browser engine: winhide (C:\Users\MienTrungComputer\AppData\Roaming\com.tank.winai\winhide\chrome.exe)
2026-09-06T10:01:19.711Z [910d0651-431a-419c-8e90-c4980aad80dc][fdfbd39c-aa59-4b23-a3ac-5f2ddfb5b1b8] Launch mode: STEALTH (raw spawn + connectOverCDP)
2026-09-06T10:01:19.753Z [afc585e1-81a5-40f6-ad5e-d54a29002010][fdfbd39c-aa59-4b23-a3ac-5f2ddfb5b1b8] Generating... 3 ready, 0 failed / 4 total (70s) [THAM CHIẾU]Fake Dri
2026-09-06T10:01:22.778Z [afc585e1-81a5-40f6-ad5e-d54a29002010][fdfbd39c-aa59-4b23-a3ac-5f2ddfb5b1b8] Generating... 4 ready, 0 failed / 4 total (73s)
2026-09-06T10:01:22.781Z [afc585e1-81a5-40f6-ad5e-d54a29002010][fdfbd39c-aa59-4b23-a3ac-5f2ddfb5b1b8] Batch done: 4 ready (target 4), 0 failed, scanned 4.
2026-09-06T10:01:22.782Z [afc585e1-81a5-40f6-ad5e-d54a29002010][fdfbd39c-aa59-4b23-a3ac-5f2ddfb5b1b8] 4 item(s) ready! Downloading...
2026-09-06T10:01:22.785Z [afc585e1-81a5-40f6-ad5e-d54a29002010][fdfbd39c-aa59-4b23-a3ac-5f2ddfb5b1b8] Item 1: Downloading from URL https://flow-content.google/image/1ebecdbf-2eb2-4818-9956-c4a189b765fa?Expires=1788710407&KeyName=labs-flow-prod-cdn-key&Signature=fWF6l0TlVX1Hp_Sc4fUlKLbruiA
2026-09-06T10:01:23.085Z [afc585e1-81a5-40f6-ad5e-d54a29002010][fdfbd39c-aa59-4b23-a3ac-5f2ddfb5b1b8] Downloaded 1/4: winai_2026-09-06T10-01-22_01.jpg
2026-09-06T10:01:23.089Z [afc585e1-81a5-40f6-ad5e-d54a29002010][fdfbd39c-aa59-4b23-a3ac-5f2ddfb5b1b8] Item 2: Downloading from URL https://flow-content.google/image/0d55e5f7-b126-4ddf-9726-f83ab1736322?Expires=1788710406&KeyName=labs-flow-prod-cdn-key&Signature=knY5JKgDtC5pppSBnFB3Wblv2u0
2026-09-06T10:01:23.193Z [afc585e1-81a5-40f6-ad5e-d54a29002010][fdfbd39c-aa59-4b23-a3ac-5f2ddfb5b1b8] Downloaded 2/4: winai_2026-09-06T10-01-22_02.jpg
2026-09-06T10:01:23.195Z [afc585e1-81a5-40f6-ad5e-d54a29002010][fdfbd39c-aa59-4b23-a3ac-5f2ddfb5b1b8] Item 3: Downloading from URL https://flow-content.google/image/9d00e2c0-89ea-4a6d-936f-41c4c88a2809?Expires=1788710405&KeyName=labs-flow-prod-cdn-key&Signature=Y1LmQV5JTAiaF7jw4gDvENPlz3A
2026-09-06T10:01:23.305Z [afc585e1-81a5-40f6-ad5e-d54a29002010][fdfbd39c-aa59-4b23-a3ac-5f2ddfb5b1b8] Downloaded 3/4: winai_2026-09-06T10-01-22_03.jpg
2026-09-06T10:01:23.305Z [afc585e1-81a5-40f6-ad5e-d54a29002010][fdfbd39c-aa59-4b23-a3ac-5f2ddfb5b1b8] Item 4: Downloading from URL https://flow-content.google/image/92e053bc-0be2-47ce-b4a1-ba97e707f720?Expires=1788710405&KeyName=labs-flow-prod-cdn-key&Signature=ossRweOq_jOI_TavxxZcwWreMPo
2026-09-06T10:01:23.409Z [afc585e1-81a5-40f6-ad5e-d54a29002010][fdfbd39c-aa59-4b23-a3ac-5f2ddfb5b1b8] Downloaded 4/4: winai_2026-09-06T10-01-22_04.jpg
2026-09-06T10:01:23.409Z [afc585e1-81a5-40f6-ad5e-d54a29002010][fdfbd39c-aa59-4b23-a3ac-5f2ddfb5b1b8] ✅ 4 item(s) saved to Downloads/Win AI Toolkit/
2026-09-06T10:01:23.428Z [910d0651-431a-419c-8e90-c4980aad80dc][fdfbd39c-aa59-4b23-a3ac-5f2ddfb5b1b8] Exit IP: 171.229.14.52
2026-09-06T10:01:23.429Z [910d0651-431a-419c-8e90-c4980aad80dc][fdfbd39c-aa59-4b23-a3ac-5f2ddfb5b1b8] Navigating browser to Google Flow tools page...
2026-09-06T10:01:23.431Z [910d0651-431a-419c-8e90-c4980aad80dc][fdfbd39c-aa59-4b23-a3ac-5f2ddfb5b1b8] Using existing project URL: https://flow.google.com/project/f4a8359f-f480-4865-9eef-7927ee95f030?hl=en
2026-09-06T10:01:23.966Z [afc585e1-81a5-40f6-ad5e-d54a29002010][fdfbd39c-aa59-4b23-a3ac-5f2ddfb5b1b8] Item 1: Uploaded → https://studio.xanhmedia.vn/uploads/2026-09/1788688883893_742363_fdfbd39c-aa59-4b23-a3ac-5f2ddfb5b1b8_afc.jpg
2026-09-06T10:01:23.996Z [afc585e1-81a5-40f6-ad5e-d54a29002010][fdfbd39c-aa59-4b23-a3ac-5f2ddfb5b1b8] Item 3: Uploaded → https://studio.xanhmedia.vn/uploads/2026-09/1788688883924_ba99c3_fdfbd39c-aa59-4b23-a3ac-5f2ddfb5b1b8_afc.jpg
2026-09-06T10:01:24.017Z [afc585e1-81a5-40f6-ad5e-d54a29002010][fdfbd39c-aa59-4b23-a3ac-5f2ddfb5b1b8] Item 4: Uploaded → https://studio.xanhmedia.vn/uploads/2026-09/1788688883946_b15051_fdfbd39c-aa59-4b23-a3ac-5f2ddfb5b1b8_afc.jpg
2026-09-06T10:01:24.314Z [14b0e822-e46c-4a29-9a6e-87f103e49eff][fdfbd39c-aa59-4b23-a3ac-5f2ddfb5b1b8] runGeneration starting: task_id=14b0e822-e46c-4a29-9a6e-87f103e49eff, profile_id=fdfbd39c-aa59-4b23-a3ac-5f2ddfb5b1b8, target_site=google_flow
2026-09-06T10:01:24.326Z [14b0e822-e46c-4a29-9a6e-87f103e49eff][fdfbd39c-aa59-4b23-a3ac-5f2ddfb5b1b8] Opening Playwright browser with persistent profile cookies...
2026-09-06T10:01:24.327Z [14b0e822-e46c-4a29-9a6e-87f103e49eff][fdfbd39c-aa59-4b23-a3ac-5f2ddfb5b1b8] Browser engine: winhide (C:\Users\MienTrungComputer\AppData\Roaming\com.tank.winai\winhide\chrome.exe)
2026-09-06T10:01:24.345Z [14b0e822-e46c-4a29-9a6e-87f103e49eff][fdfbd39c-aa59-4b23-a3ac-5f2ddfb5b1b8] Launch mode: STEALTH (raw spawn + connectOverCDP)
2026-09-06T10:01:24.589Z [afc585e1-81a5-40f6-ad5e-d54a29002010][fdfbd39c-aa59-4b23-a3ac-5f2ddfb5b1b8] Item 2: Uploaded → https://studio.xanhmedia.vn/uploads/2026-09/1788688884518_67fecc_fdfbd39c-aa59-4b23-a3ac-5f2ddfb5b1b8_afc.jpg
2026-09-06T10:01:24.743Z [afc585e1-81a5-40f6-ad5e-d54a29002010][fdfbd39c-aa59-4b23-a3ac-5f2ddfb5b1b8] All done (including any 1080p upgrades). Closing Playwright browser context.
2026-09-06T10:01:24.999Z [910d0651-431a-419c-8e90-c4980aad80dc][fdfbd39c-aa59-4b23-a3ac-5f2ddfb5b1b8] Waiting for Google Flow...
2026-09-06T10:01:26.801Z [910d0651-431a-419c-8e90-c4980aad80dc][fdfbd39c-aa59-4b23-a3ac-5f2ddfb5b1b8] In existing project ✓
2026-09-06T10:01:28.750Z [14b0e822-e46c-4a29-9a6e-87f103e49eff][fdfbd39c-aa59-4b23-a3ac-5f2ddfb5b1b8] Exit IP: 171.229.14.52
2026-09-06T10:01:28.753Z [14b0e822-e46c-4a29-9a6e-87f103e49eff][fdfbd39c-aa59-4b23-a3ac-5f2ddfb5b1b8] Navigating browser to Google Flow tools page...
2026-09-06T10:01:28.755Z [14b0e822-e46c-4a29-9a6e-87f103e49eff][fdfbd39c-aa59-4b23-a3ac-5f2ddfb5b1b8] Using existing project URL: https://flow.google.com/project/390215dc-290f-4b92-a7f0-dd2b6651acfb?hl=en
2026-09-06T10:01:28.942Z [910d0651-431a-419c-8e90-c4980aad80dc][fdfbd39c-aa59-4b23-a3ac-5f2ddfb5b1b8] dismissPopups: unresolved overlay(s) ["IFRAME[presentation]|btns="]
2026-09-06T10:01:30.129Z [14b0e822-e46c-4a29-9a6e-87f103e49eff][fdfbd39c-aa59-4b23-a3ac-5f2ddfb5b1b8] Waiting for Google Flow...
2026-09-06T10:01:31.701Z [14b0e822-e46c-4a29-9a6e-87f103e49eff][fdfbd39c-aa59-4b23-a3ac-5f2ddfb5b1b8] In existing project ✓
2026-09-06T10:01:34.269Z [14b0e822-e46c-4a29-9a6e-87f103e49eff][fdfbd39c-aa59-4b23-a3ac-5f2ddfb5b1b8] dismissPopups: unresolved overlay(s) ["IFRAME[presentation]|btns="]
2026-09-06T10:01:35.935Z [910d0651-431a-419c-8e90-c4980aad80dc][fdfbd39c-aa59-4b23-a3ac-5f2ddfb5b1b8] Composer ready ✓ (UI language: en)
2026-09-06T10:01:36.352Z [910d0651-431a-419c-8e90-c4980aad80dc][fdfbd39c-aa59-4b23-a3ac-5f2ddfb5b1b8] dismissPopups: clicked "Dismiss credit banner" (overlay)
2026-09-06T10:01:36.886Z [910d0651-431a-419c-8e90-c4980aad80dc][fdfbd39c-aa59-4b23-a3ac-5f2ddfb5b1b8] dismissPopups: unresolved overlay(s) ["DIV[]|btns=","DIV[]|btns="]
2026-09-06T10:01:36.951Z [910d0651-431a-419c-8e90-c4980aad80dc][fdfbd39c-aa59-4b23-a3ac-5f2ddfb5b1b8] Agent toggle aria-pressed=false
2026-09-06T10:01:36.955Z [910d0651-431a-419c-8e90-c4980aad80dc][fdfbd39c-aa59-4b23-a3ac-5f2ddfb5b1b8] Opening settings...
2026-09-06T10:01:39.284Z [14b0e822-e46c-4a29-9a6e-87f103e49eff][fdfbd39c-aa59-4b23-a3ac-5f2ddfb5b1b8] Composer ready ✓ (UI language: en)
2026-09-06T10:01:39.358Z [910d0651-431a-419c-8e90-c4980aad80dc][fdfbd39c-aa59-4b23-a3ac-5f2ddfb5b1b8] Configuring image settings...
2026-09-06T10:01:39.527Z [14b0e822-e46c-4a29-9a6e-87f103e49eff][fdfbd39c-aa59-4b23-a3ac-5f2ddfb5b1b8] dismissPopups: clicked "Dismiss credit banner" (overlay)
2026-09-06T10:01:40.063Z [14b0e822-e46c-4a29-9a6e-87f103e49eff][fdfbd39c-aa59-4b23-a3ac-5f2ddfb5b1b8] dismissPopups: unresolved overlay(s) ["DIV[]|btns=","DIV[]|btns="]
2026-09-06T10:01:40.157Z [14b0e822-e46c-4a29-9a6e-87f103e49eff][fdfbd39c-aa59-4b23-a3ac-5f2ddfb5b1b8] Agent toggle aria-pressed=false
2026-09-06T10:01:40.160Z [14b0e822-e46c-4a29-9a6e-87f103e49eff][fdfbd39c-aa59-4b23-a3ac-5f2ddfb5b1b8] Opening settings...
2026-09-06T10:01:41.100Z [910d0651-431a-419c-8e90-c4980aad80dc][fdfbd39c-aa59-4b23-a3ac-5f2ddfb5b1b8] Mode: selected "image Image" ✓
2026-09-06T10:01:42.144Z [14b0e822-e46c-4a29-9a6e-87f103e49eff][fdfbd39c-aa59-4b23-a3ac-5f2ddfb5b1b8] Configuring image settings...
2026-09-06T10:01:43.739Z [14b0e822-e46c-4a29-9a6e-87f103e49eff][fdfbd39c-aa59-4b23-a3ac-5f2ddfb5b1b8] Mode: selected "image Image" ✓
2026-09-06T10:01:46.412Z [910d0651-431a-419c-8e90-c4980aad80dc][fdfbd39c-aa59-4b23-a3ac-5f2ddfb5b1b8] Model: selected "🍌 Nano Banana 2" ✓
2026-09-06T10:01:47.057Z [910d0651-431a-419c-8e90-c4980aad80dc][fdfbd39c-aa59-4b23-a3ac-5f2ddfb5b1b8] Aspect ratio: "crop_16_9 16:9" already selected ✓
2026-09-06T10:01:48.753Z [910d0651-431a-419c-8e90-c4980aad80dc][fdfbd39c-aa59-4b23-a3ac-5f2ddfb5b1b8] Output count: selected "x4" ✓
2026-09-06T10:01:48.900Z [14b0e822-e46c-4a29-9a6e-87f103e49eff][fdfbd39c-aa59-4b23-a3ac-5f2ddfb5b1b8] Model: selected "🍌 Nano Banana 2" ✓
2026-09-06T10:01:49.630Z [910d0651-431a-419c-8e90-c4980aad80dc][fdfbd39c-aa59-4b23-a3ac-5f2ddfb5b1b8] Ref image 1/5: downloading from URL...
2026-09-06T10:01:49.898Z [14b0e822-e46c-4a29-9a6e-87f103e49eff][fdfbd39c-aa59-4b23-a3ac-5f2ddfb5b1b8] Aspect ratio: "crop_16_9 16:9" already selected ✓
2026-09-06T10:01:50.025Z [910d0651-431a-419c-8e90-c4980aad80dc][fdfbd39c-aa59-4b23-a3ac-5f2ddfb5b1b8] Downloader: no-proxy request context ready.
2026-09-06T10:01:50.578Z [910d0651-431a-419c-8e90-c4980aad80dc][fdfbd39c-aa59-4b23-a3ac-5f2ddfb5b1b8] Ref image 1/5: saved 559623 bytes (image/jpeg) as "Fake Driver Driver Disguise State.jpeg"
2026-09-06T10:01:50.584Z [910d0651-431a-419c-8e90-c4980aad80dc][fdfbd39c-aa59-4b23-a3ac-5f2ddfb5b1b8] Ref image 1/5: attaching reference image...
2026-09-06T10:01:51.878Z [14b0e822-e46c-4a29-9a6e-87f103e49eff][fdfbd39c-aa59-4b23-a3ac-5f2ddfb5b1b8] Output count: selected "x4" ✓
2026-09-06T10:01:52.986Z [14b0e822-e46c-4a29-9a6e-87f103e49eff][fdfbd39c-aa59-4b23-a3ac-5f2ddfb5b1b8] Ref image 1/5: downloading from URL...
2026-09-06T10:01:53.119Z [910d0651-431a-419c-8e90-c4980aad80dc][fdfbd39c-aa59-4b23-a3ac-5f2ddfb5b1b8] Ref image 1/5: "Fake Driver Driver Disguise State.jpeg" not in the library yet — uploading it first.
2026-09-06T10:01:53.439Z [14b0e822-e46c-4a29-9a6e-87f103e49eff][fdfbd39c-aa59-4b23-a3ac-5f2ddfb5b1b8] Downloader: no-proxy request context ready.
2026-09-06T10:01:53.993Z [14b0e822-e46c-4a29-9a6e-87f103e49eff][fdfbd39c-aa59-4b23-a3ac-5f2ddfb5b1b8] Ref image 1/5: saved 527475 bytes (image/jpeg) as "Arlo School Day.jpeg"
2026-09-06T10:01:54.006Z [14b0e822-e46c-4a29-9a6e-87f103e49eff][fdfbd39c-aa59-4b23-a3ac-5f2ddfb5b1b8] Ref image 1/5: attaching reference image...
2026-09-06T10:01:56.275Z [14b0e822-e46c-4a29-9a6e-87f103e49eff][fdfbd39c-aa59-4b23-a3ac-5f2ddfb5b1b8] Ref image 1/5: reusing library asset "Arlo School Day.jpeg" (no re-upload).
2026-09-06T10:01:57.376Z [910d0651-431a-419c-8e90-c4980aad80dc][fdfbd39c-aa59-4b23-a3ac-5f2ddfb5b1b8] Ref image 1/5: uploading "Fake Driver Driver Disguise State.jpeg" to the project library...
2026-09-06T10:01:58.801Z [910d0651-431a-419c-8e90-c4980aad80dc][fdfbd39c-aa59-4b23-a3ac-5f2ddfb5b1b8] Ref image 1/5: upload finished ✓
2026-09-06T10:01:59.626Z [14b0e822-e46c-4a29-9a6e-87f103e49eff][fdfbd39c-aa59-4b23-a3ac-5f2ddfb5b1b8] Ref image 1/5: chips 0→1 ✓
2026-09-06T10:02:01.134Z [14b0e822-e46c-4a29-9a6e-87f103e49eff][fdfbd39c-aa59-4b23-a3ac-5f2ddfb5b1b8] Ref image 2/5: downloading from URL...
2026-09-06T10:02:01.519Z [14b0e822-e46c-4a29-9a6e-87f103e49eff][fdfbd39c-aa59-4b23-a3ac-5f2ddfb5b1b8] Ref image 2/5: saved 643624 bytes (image/jpeg) as "Nessa School Day.jpeg"
2026-09-06T10:02:01.529Z [14b0e822-e46c-4a29-9a6e-87f103e49eff][fdfbd39c-aa59-4b23-a3ac-5f2ddfb5b1b8] Ref image 2/5: attaching reference image...
2026-09-06T10:02:04.200Z [14b0e822-e46c-4a29-9a6e-87f103e49eff][fdfbd39c-aa59-4b23-a3ac-5f2ddfb5b1b8] Ref image 2/5: reusing library asset "Nessa School Day.jpeg" (no re-upload).
2026-09-06T10:02:07.631Z [14b0e822-e46c-4a29-9a6e-87f103e49eff][fdfbd39c-aa59-4b23-a3ac-5f2ddfb5b1b8] Ref image 2/5: chips 1→2 ✓
2026-09-06T10:02:08.991Z [14b0e822-e46c-4a29-9a6e-87f103e49eff][fdfbd39c-aa59-4b23-a3ac-5f2ddfb5b1b8] Ref image 3/5: downloading from URL...
2026-09-06T10:02:09.359Z [910d0651-431a-419c-8e90-c4980aad80dc][fdfbd39c-aa59-4b23-a3ac-5f2ddfb5b1b8] Ref image 1/5: chips 0→1 ✓
2026-09-06T10:02:09.371Z [14b0e822-e46c-4a29-9a6e-87f103e49eff][fdfbd39c-aa59-4b23-a3ac-5f2ddfb5b1b8] Ref image 3/5: saved 509101 bytes (image/jpeg) as "Chili School Day.jpeg"
2026-09-06T10:02:09.391Z [14b0e822-e46c-4a29-9a6e-87f103e49eff][fdfbd39c-aa59-4b23-a3ac-5f2ddfb5b1b8] Ref image 3/5: attaching reference image...
2026-09-06T10:02:10.373Z [910d0651-431a-419c-8e90-c4980aad80dc][fdfbd39c-aa59-4b23-a3ac-5f2ddfb5b1b8] Ref image 2/5: downloading from URL...
2026-09-06T10:02:10.768Z [910d0651-431a-419c-8e90-c4980aad80dc][fdfbd39c-aa59-4b23-a3ac-5f2ddfb5b1b8] Ref image 2/5: saved 527475 bytes (image/jpeg) as "Arlo School Day.jpeg"
2026-09-06T10:02:10.795Z [910d0651-431a-419c-8e90-c4980aad80dc][fdfbd39c-aa59-4b23-a3ac-5f2ddfb5b1b8] Ref image 2/5: attaching reference image...
2026-09-06T10:02:11.873Z [14b0e822-e46c-4a29-9a6e-87f103e49eff][fdfbd39c-aa59-4b23-a3ac-5f2ddfb5b1b8] Ref image 3/5: reusing library asset "Chili School Day.jpeg" (no re-upload).
2026-09-06T10:02:13.136Z [910d0651-431a-419c-8e90-c4980aad80dc][fdfbd39c-aa59-4b23-a3ac-5f2ddfb5b1b8] Ref image 2/5: reusing library asset "Arlo School Day.jpeg" (no re-upload).
2026-09-06T10:02:15.624Z [14b0e822-e46c-4a29-9a6e-87f103e49eff][fdfbd39c-aa59-4b23-a3ac-5f2ddfb5b1b8] Ref image 3/5: chips 2→3 ✓
2026-09-06T10:02:16.938Z [910d0651-431a-419c-8e90-c4980aad80dc][fdfbd39c-aa59-4b23-a3ac-5f2ddfb5b1b8] Ref image 2/5: chips 1→2 ✓
2026-09-06T10:02:17.195Z [14b0e822-e46c-4a29-9a6e-87f103e49eff][fdfbd39c-aa59-4b23-a3ac-5f2ddfb5b1b8] Ref image 4/5: downloading from URL...
2026-09-06T10:02:17.529Z [14b0e822-e46c-4a29-9a6e-87f103e49eff][fdfbd39c-aa59-4b23-a3ac-5f2ddfb5b1b8] Ref image 4/5: saved 559623 bytes (image/jpeg) as "Fake Driver Driver Disguise State.jpeg"
2026-09-06T10:02:17.538Z [14b0e822-e46c-4a29-9a6e-87f103e49eff][fdfbd39c-aa59-4b23-a3ac-5f2ddfb5b1b8] Ref image 4/5: attaching reference image...
2026-09-06T10:02:18.039Z [910d0651-431a-419c-8e90-c4980aad80dc][fdfbd39c-aa59-4b23-a3ac-5f2ddfb5b1b8] Ref image 3/5: downloading from URL...
2026-09-06T10:02:18.411Z [910d0651-431a-419c-8e90-c4980aad80dc][fdfbd39c-aa59-4b23-a3ac-5f2ddfb5b1b8] Ref image 3/5: saved 643624 bytes (image/jpeg) as "Nessa School Day.jpeg"
2026-09-06T10:02:18.431Z [910d0651-431a-419c-8e90-c4980aad80dc][fdfbd39c-aa59-4b23-a3ac-5f2ddfb5b1b8] Ref image 3/5: attaching reference image...
2026-09-06T10:02:19.771Z [14b0e822-e46c-4a29-9a6e-87f103e49eff][fdfbd39c-aa59-4b23-a3ac-5f2ddfb5b1b8] Ref image 4/5: reusing library asset "Fake Driver Driver Disguise State.jpeg" (no re-upload).
2026-09-06T10:02:20.927Z [910d0651-431a-419c-8e90-c4980aad80dc][fdfbd39c-aa59-4b23-a3ac-5f2ddfb5b1b8] Ref image 3/5: reusing library asset "Nessa School Day.jpeg" (no re-upload).
2026-09-06T10:02:23.356Z [14b0e822-e46c-4a29-9a6e-87f103e49eff][fdfbd39c-aa59-4b23-a3ac-5f2ddfb5b1b8] Ref image 4/5: chips 3→4 ✓
2026-09-06T10:02:24.392Z [910d0651-431a-419c-8e90-c4980aad80dc][fdfbd39c-aa59-4b23-a3ac-5f2ddfb5b1b8] Ref image 3/5: chips 2→3 ✓
2026-09-06T10:02:25.070Z [14b0e822-e46c-4a29-9a6e-87f103e49eff][fdfbd39c-aa59-4b23-a3ac-5f2ddfb5b1b8] Ref image 5/5: downloading from URL...
2026-09-06T10:02:25.462Z [14b0e822-e46c-4a29-9a6e-87f103e49eff][fdfbd39c-aa59-4b23-a3ac-5f2ddfb5b1b8] Ref image 5/5: saved 703417 bytes (image/jpeg) as "Verdant School Bus Interior Master.jpeg"
2026-09-06T10:02:25.466Z [14b0e822-e46c-4a29-9a6e-87f103e49eff][fdfbd39c-aa59-4b23-a3ac-5f2ddfb5b1b8] Ref image 5/5: attaching reference image...
2026-09-06T10:02:25.763Z [910d0651-431a-419c-8e90-c4980aad80dc][fdfbd39c-aa59-4b23-a3ac-5f2ddfb5b1b8] Ref image 4/5: downloading from URL...
2026-09-06T10:02:26.090Z [910d0651-431a-419c-8e90-c4980aad80dc][fdfbd39c-aa59-4b23-a3ac-5f2ddfb5b1b8] Ref image 4/5: saved 509101 bytes (image/jpeg) as "Chili School Day.jpeg"
2026-09-06T10:02:26.096Z [910d0651-431a-419c-8e90-c4980aad80dc][fdfbd39c-aa59-4b23-a3ac-5f2ddfb5b1b8] Ref image 4/5: attaching reference image...
2026-09-06T10:02:27.734Z [14b0e822-e46c-4a29-9a6e-87f103e49eff][fdfbd39c-aa59-4b23-a3ac-5f2ddfb5b1b8] Ref image 5/5: reusing library asset "Verdant School Bus Interior Master.jpeg" (no re-upload).
2026-09-06T10:02:28.260Z [910d0651-431a-419c-8e90-c4980aad80dc][fdfbd39c-aa59-4b23-a3ac-5f2ddfb5b1b8] Ref image 4/5: reusing library asset "Chili School Day.jpeg" (no re-upload).
2026-09-06T10:02:31.208Z [14b0e822-e46c-4a29-9a6e-87f103e49eff][fdfbd39c-aa59-4b23-a3ac-5f2ddfb5b1b8] Ref image 5/5: chips 4→5 ✓
2026-09-06T10:02:31.225Z [14b0e822-e46c-4a29-9a6e-87f103e49eff][fdfbd39c-aa59-4b23-a3ac-5f2ddfb5b1b8] Entering prompt...
2026-09-06T10:02:31.675Z [910d0651-431a-419c-8e90-c4980aad80dc][fdfbd39c-aa59-4b23-a3ac-5f2ddfb5b1b8] Ref image 4/5: chips 3→4 ✓
2026-09-06T10:02:32.869Z [910d0651-431a-419c-8e90-c4980aad80dc][fdfbd39c-aa59-4b23-a3ac-5f2ddfb5b1b8] Ref image 5/5: downloading from URL...
2026-09-06T10:02:32.888Z [14b0e822-e46c-4a29-9a6e-87f103e49eff][fdfbd39c-aa59-4b23-a3ac-5f2ddfb5b1b8] Prompt is 1884 chars — typing it in 28 chunk(s).
2026-09-06T10:02:33.227Z [910d0651-431a-419c-8e90-c4980aad80dc][fdfbd39c-aa59-4b23-a3ac-5f2ddfb5b1b8] Ref image 5/5: saved 703417 bytes (image/jpeg) as "Verdant School Bus Interior Master.jpeg"
2026-09-06T10:02:33.235Z [910d0651-431a-419c-8e90-c4980aad80dc][fdfbd39c-aa59-4b23-a3ac-5f2ddfb5b1b8] Ref image 5/5: attaching reference image...
2026-09-06T10:02:35.327Z [910d0651-431a-419c-8e90-c4980aad80dc][fdfbd39c-aa59-4b23-a3ac-5f2ddfb5b1b8] Ref image 5/5: reusing library asset "Verdant School Bus Interior Master.jpeg" (no re-upload).
2026-09-06T10:02:38.763Z [910d0651-431a-419c-8e90-c4980aad80dc][fdfbd39c-aa59-4b23-a3ac-5f2ddfb5b1b8] Ref image 5/5: chips 4→5 ✓
2026-09-06T10:02:38.780Z [910d0651-431a-419c-8e90-c4980aad80dc][fdfbd39c-aa59-4b23-a3ac-5f2ddfb5b1b8] Entering prompt...
2026-09-06T10:02:40.539Z [910d0651-431a-419c-8e90-c4980aad80dc][fdfbd39c-aa59-4b23-a3ac-5f2ddfb5b1b8] Prompt is 1697 chars — typing it in 27 chunk(s).
2026-09-06T10:02:45.899Z [14b0e822-e46c-4a29-9a6e-87f103e49eff][fdfbd39c-aa59-4b23-a3ac-5f2ddfb5b1b8] Prompt insert attempt 1: editor has 1861 chars (want ~1876) ✓
2026-09-06T10:02:48.104Z [14b0e822-e46c-4a29-9a6e-87f103e49eff][fdfbd39c-aa59-4b23-a3ac-5f2ddfb5b1b8] Baseline: 27 pre-existing media tile(s) of 27 mounted (kinds: image,image,image,image,image,image,image,image,image,image,image,image,image,image,image,image,image,image,image,image,image,image,image,image,image,image,image).
2026-09-06T10:02:50.381Z [14b0e822-e46c-4a29-9a6e-87f103e49eff][fdfbd39c-aa59-4b23-a3ac-5f2ddfb5b1b8] [submit] confirmed (editor "What do you want to ", fresh tile=true).
2026-09-06T10:02:50.916Z [14b0e822-e46c-4a29-9a6e-87f103e49eff][fdfbd39c-aa59-4b23-a3ac-5f2ddfb5b1b8] Current Workspace project URL: https://flow.google.com/project/390215dc-290f-4b92-a7f0-dd2b6651acfb?hl=en
2026-09-06T10:02:50.918Z [14b0e822-e46c-4a29-9a6e-87f103e49eff][fdfbd39c-aa59-4b23-a3ac-5f2ddfb5b1b8] Submitted ✓ Detecting batch size...
2026-09-06T10:02:50.949Z [14b0e822-e46c-4a29-9a6e-87f103e49eff][fdfbd39c-aa59-4b23-a3ac-5f2ddfb5b1b8] New tile(s) since submit: 0 → 4 (mounted=27)
2026-09-06T10:02:53.996Z [910d0651-431a-419c-8e90-c4980aad80dc][fdfbd39c-aa59-4b23-a3ac-5f2ddfb5b1b8] Prompt insert attempt 1: editor has 1674 chars (want ~1689) ✓
2026-09-06T10:02:55.166Z [14b0e822-e46c-4a29-9a6e-87f103e49eff][fdfbd39c-aa59-4b23-a3ac-5f2ddfb5b1b8] Batch size stabilised at 4 new tile(s)
2026-09-06T10:02:55.166Z [14b0e822-e46c-4a29-9a6e-87f103e49eff][fdfbd39c-aa59-4b23-a3ac-5f2ddfb5b1b8] Batch detected: 4 item(s). Generating...
2026-09-06T10:02:55.168Z [14b0e822-e46c-4a29-9a6e-87f103e49eff][fdfbd39c-aa59-4b23-a3ac-5f2ddfb5b1b8] Polling for 4 image item(s) (baseline=27, hasUpload=true)...
2026-09-06T10:02:55.199Z [14b0e822-e46c-4a29-9a6e-87f103e49eff][fdfbd39c-aa59-4b23-a3ac-5f2ddfb5b1b8] Generating... 0 ready, 0 failed / 4 total (0s) image 35% [THAM CHIẾ image 35% [THAM CHIẾ image 35% [THAM CHIẾ image 35% [THAM CHIẾ
2026-09-06T10:02:55.982Z [910d0651-431a-419c-8e90-c4980aad80dc][fdfbd39c-aa59-4b23-a3ac-5f2ddfb5b1b8] Baseline: 27 pre-existing media tile(s) of 27 mounted (kinds: image,image,image,image,image,image,image,image,image,image,image,image,image,image,image,image,image,image,image,image,image,image,image,image,image,image,image).
2026-09-06T10:02:58.230Z [14b0e822-e46c-4a29-9a6e-87f103e49eff][fdfbd39c-aa59-4b23-a3ac-5f2ddfb5b1b8] Generating... 0 ready, 0 failed / 4 total (3s) image 55% [THAM CHIẾ image 55% [THAM CHIẾ image 55% [THAM CHIẾ image 55% [THAM CHIẾ
2026-09-06T10:02:59.117Z [910d0651-431a-419c-8e90-c4980aad80dc][fdfbd39c-aa59-4b23-a3ac-5f2ddfb5b1b8] [submit] confirmed (editor "What do you want to ", fresh tile=true).
2026-09-06T10:02:59.652Z [910d0651-431a-419c-8e90-c4980aad80dc][fdfbd39c-aa59-4b23-a3ac-5f2ddfb5b1b8] Current Workspace project URL: https://flow.google.com/project/f4a8359f-f480-4865-9eef-7927ee95f030?hl=en
2026-09-06T10:02:59.657Z [910d0651-431a-419c-8e90-c4980aad80dc][fdfbd39c-aa59-4b23-a3ac-5f2ddfb5b1b8] Submitted ✓ Detecting batch size...
2026-09-06T10:02:59.724Z [910d0651-431a-419c-8e90-c4980aad80dc][fdfbd39c-aa59-4b23-a3ac-5f2ddfb5b1b8] New tile(s) since submit: 0 → 4 (mounted=27)
2026-09-06T10:03:01.254Z [14b0e822-e46c-4a29-9a6e-87f103e49eff][fdfbd39c-aa59-4b23-a3ac-5f2ddfb5b1b8] Generating... 0 ready, 0 failed / 4 total (6s) image 75% [THAM CHIẾ image 75% [THAM CHIẾ image 75% [THAM CHIẾ image 75% [THAM CHIẾ
2026-09-06T10:03:04.022Z [910d0651-431a-419c-8e90-c4980aad80dc][fdfbd39c-aa59-4b23-a3ac-5f2ddfb5b1b8] Batch size stabilised at 4 new tile(s)
2026-09-06T10:03:04.025Z [910d0651-431a-419c-8e90-c4980aad80dc][fdfbd39c-aa59-4b23-a3ac-5f2ddfb5b1b8] Batch detected: 4 item(s). Generating...
2026-09-06T10:03:04.028Z [910d0651-431a-419c-8e90-c4980aad80dc][fdfbd39c-aa59-4b23-a3ac-5f2ddfb5b1b8] Polling for 4 image item(s) (baseline=27, hasUpload=true)...
2026-09-06T10:03:04.056Z [910d0651-431a-419c-8e90-c4980aad80dc][fdfbd39c-aa59-4b23-a3ac-5f2ddfb5b1b8] Generating... 0 ready, 0 failed / 4 total (0s) image 45% [THAM CHIẾ image 45% [THAM CHIẾ image 45% [THAM CHIẾ image 45% [THAM CHIẾ
2026-09-06T10:03:04.277Z [14b0e822-e46c-4a29-9a6e-87f103e49eff][fdfbd39c-aa59-4b23-a3ac-5f2ddfb5b1b8] Generating... 0 ready, 0 failed / 4 total (9s) image 95% [THAM CHIẾ image 95% [THAM CHIẾ image 95% [THAM CHIẾ image 95% [THAM CHIẾ
2026-09-06T10:03:07.079Z [910d0651-431a-419c-8e90-c4980aad80dc][fdfbd39c-aa59-4b23-a3ac-5f2ddfb5b1b8] Generating... 0 ready, 0 failed / 4 total (3s) image 65% [THAM CHIẾ image 65% [THAM CHIẾ image 65% [THAM CHIẾ image 65% [THAM CHIẾ
2026-09-06T10:03:07.304Z [14b0e822-e46c-4a29-9a6e-87f103e49eff][fdfbd39c-aa59-4b23-a3ac-5f2ddfb5b1b8] Generating... 0 ready, 0 failed / 4 total (12s) image 99% [THAM CHIẾ image 99% [THAM CHIẾ image 99% [THAM CHIẾ image 99% [THAM CHIẾ
2026-09-06T10:03:10.104Z [910d0651-431a-419c-8e90-c4980aad80dc][fdfbd39c-aa59-4b23-a3ac-5f2ddfb5b1b8] Generating... 0 ready, 0 failed / 4 total (6s) image 85% [THAM CHIẾ image 85% [THAM CHIẾ image 85% [THAM CHIẾ image 85% [THAM CHIẾ
2026-09-06T10:03:10.342Z [14b0e822-e46c-4a29-9a6e-87f103e49eff][fdfbd39c-aa59-4b23-a3ac-5f2ddfb5b1b8] Generating... 0 ready, 0 failed / 4 total (15s) image 99% [THAM CHIẾ image 99% [THAM CHIẾ image 99% [THAM CHIẾ image 99% [THAM CHIẾ
2026-09-06T10:03:13.122Z [910d0651-431a-419c-8e90-c4980aad80dc][fdfbd39c-aa59-4b23-a3ac-5f2ddfb5b1b8] Generating... 0 ready, 0 failed / 4 total (9s) image 99% [THAM CHIẾ image 99% [THAM CHIẾ image 99% [THAM CHIẾ image 99% [THAM CHIẾ
2026-09-06T10:03:13.372Z [14b0e822-e46c-4a29-9a6e-87f103e49eff][fdfbd39c-aa59-4b23-a3ac-5f2ddfb5b1b8] Generating... 0 ready, 0 failed / 4 total (18s) image 99% [THAM CHIẾ image 99% [THAM CHIẾ image 99% [THAM CHIẾ image 99% [THAM CHIẾ
2026-09-06T10:03:16.144Z [910d0651-431a-419c-8e90-c4980aad80dc][fdfbd39c-aa59-4b23-a3ac-5f2ddfb5b1b8] Generating... 0 ready, 0 failed / 4 total (12s) image 99% [THAM CHIẾ image 99% [THAM CHIẾ image 99% [THAM CHIẾ image 99% [THAM CHIẾ
2026-09-06T10:03:16.389Z [14b0e822-e46c-4a29-9a6e-87f103e49eff][fdfbd39c-aa59-4b23-a3ac-5f2ddfb5b1b8] Generating... 0 ready, 0 failed / 4 total (21s) image 99% [THAM CHIẾ image 99% [THAM CHIẾ image 99% [THAM CHIẾ image 99% [THAM CHIẾ
2026-09-06T10:03:19.172Z [910d0651-431a-419c-8e90-c4980aad80dc][fdfbd39c-aa59-4b23-a3ac-5f2ddfb5b1b8] Generating... 0 ready, 0 failed / 4 total (15s) image 99% [THAM CHIẾ image 99% [THAM CHIẾ image 99% [THAM CHIẾ image 99% [THAM CHIẾ
2026-09-06T10:03:19.415Z [14b0e822-e46c-4a29-9a6e-87f103e49eff][fdfbd39c-aa59-4b23-a3ac-5f2ddfb5b1b8] Generating... 0 ready, 0 failed / 4 total (24s) image 99% [THAM CHIẾ image 99% [THAM CHIẾ image 99% [THAM CHIẾ image 99% [THAM CHIẾ
2026-09-06T10:03:22.199Z [910d0651-431a-419c-8e90-c4980aad80dc][fdfbd39c-aa59-4b23-a3ac-5f2ddfb5b1b8] Generating... 0 ready, 0 failed / 4 total (18s) image 99% [THAM CHIẾ image 99% [THAM CHIẾ image 99% [THAM CHIẾ image 99% [THAM CHIẾ
2026-09-06T10:03:22.433Z [14b0e822-e46c-4a29-9a6e-87f103e49eff][fdfbd39c-aa59-4b23-a3ac-5f2ddfb5b1b8] Generating... 0 ready, 0 failed / 4 total (27s) image 99% [THAM CHIẾ image 99% [THAM CHIẾ image 99% [THAM CHIẾ image 99% [THAM CHIẾ
2026-09-06T10:03:25.225Z [910d0651-431a-419c-8e90-c4980aad80dc][fdfbd39c-aa59-4b23-a3ac-5f2ddfb5b1b8] Generating... 0 ready, 0 failed / 4 total (21s) image 99% [THAM CHIẾ image 99% [THAM CHIẾ image 99% [THAM CHIẾ image 99% [THAM CHIẾ
2026-09-06T10:03:25.458Z [14b0e822-e46c-4a29-9a6e-87f103e49eff][fdfbd39c-aa59-4b23-a3ac-5f2ddfb5b1b8] Generating... 0 ready, 0 failed / 4 total (30s) image 99% [THAM CHIẾ image 99% [THAM CHIẾ image 99% [THAM CHIẾ image 99% [THAM CHIẾ
2026-09-06T10:03:28.257Z [910d0651-431a-419c-8e90-c4980aad80dc][fdfbd39c-aa59-4b23-a3ac-5f2ddfb5b1b8] Generating... 0 ready, 0 failed / 4 total (24s) image 99% [THAM CHIẾ image 99% [THAM CHIẾ image 99% [THAM CHIẾ image 99% [THAM CHIẾ
2026-09-06T10:03:28.475Z [14b0e822-e46c-4a29-9a6e-87f103e49eff][fdfbd39c-aa59-4b23-a3ac-5f2ddfb5b1b8] Generating... 0 ready, 0 failed / 4 total (33s) image 99% [THAM CHIẾ image 99% [THAM CHIẾ image 99% [THAM CHIẾ image 99% [THAM CHIẾ
2026-09-06T10:03:31.282Z [910d0651-431a-419c-8e90-c4980aad80dc][fdfbd39c-aa59-4b23-a3ac-5f2ddfb5b1b8] Generating... 0 ready, 0 failed / 4 total (27s) image 99% [THAM CHIẾ image 99% [THAM CHIẾ image 99% [THAM CHIẾ image 99% [THAM CHIẾ
2026-09-06T10:03:31.507Z [14b0e822-e46c-4a29-9a6e-87f103e49eff][fdfbd39c-aa59-4b23-a3ac-5f2ddfb5b1b8] Generating... 0 ready, 0 failed / 4 total (36s) image 99% [THAM CHIẾ image 99% [THAM CHIẾ image 99% [THAM CHIẾ [THAM CHIẾU]Arlo Sch
2026-09-06T10:03:34.308Z [910d0651-431a-419c-8e90-c4980aad80dc][fdfbd39c-aa59-4b23-a3ac-5f2ddfb5b1b8] Generating... 0 ready, 0 failed / 4 total (30s) image 99% [THAM CHIẾ image 99% [THAM CHIẾ image 99% [THAM CHIẾ image 99% [THAM CHIẾ
2026-09-06T10:03:34.533Z [14b0e822-e46c-4a29-9a6e-87f103e49eff][fdfbd39c-aa59-4b23-a3ac-5f2ddfb5b1b8] Generating... 1 ready, 0 failed / 4 total (39s) image 100% [THAM CHI image 99% [THAM CHIẾ [THAM CHIẾU]Arlo Sch
2026-09-06T10:03:37.336Z [910d0651-431a-419c-8e90-c4980aad80dc][fdfbd39c-aa59-4b23-a3ac-5f2ddfb5b1b8] Generating... 0 ready, 0 failed / 4 total (33s) image 99% [THAM CHIẾ image 99% [THAM CHIẾ image 99% [THAM CHIẾ image 99% [THAM CHIẾ
2026-09-06T10:03:37.551Z [14b0e822-e46c-4a29-9a6e-87f103e49eff][fdfbd39c-aa59-4b23-a3ac-5f2ddfb5b1b8] Generating... 2 ready, 0 failed / 4 total (42s) [THAM CHIẾU]Arlo Sch image 99% [THAM CHIẾ
2026-09-06T10:03:40.360Z [910d0651-431a-419c-8e90-c4980aad80dc][fdfbd39c-aa59-4b23-a3ac-5f2ddfb5b1b8] Generating... 0 ready, 0 failed / 4 total (36s) image 99% [THAM CHIẾ image 99% [THAM CHIẾ image 99% [THAM CHIẾ image 99% [THAM CHIẾ
2026-09-06T10:03:40.578Z [14b0e822-e46c-4a29-9a6e-87f103e49eff][fdfbd39c-aa59-4b23-a3ac-5f2ddfb5b1b8] Generating... 3 ready, 0 failed / 4 total (45s) image 99% [THAM CHIẾ
2026-09-06T10:03:43.388Z [910d0651-431a-419c-8e90-c4980aad80dc][fdfbd39c-aa59-4b23-a3ac-5f2ddfb5b1b8] Generating... 0 ready, 0 failed / 4 total (39s) image 99% [THAM CHIẾ image 99% [THAM CHIẾ image 99% [THAM CHIẾ image 99% [THAM CHIẾ
2026-09-06T10:03:43.599Z [14b0e822-e46c-4a29-9a6e-87f103e49eff][fdfbd39c-aa59-4b23-a3ac-5f2ddfb5b1b8] Generating... 3 ready, 0 failed / 4 total (48s) image 99% [THAM CHIẾ
2026-09-06T10:03:46.419Z [910d0651-431a-419c-8e90-c4980aad80dc][fdfbd39c-aa59-4b23-a3ac-5f2ddfb5b1b8] Generating... 0 ready, 0 failed / 4 total (42s) image 99% [THAM CHIẾ image 99% [THAM CHIẾ image 99% [THAM CHIẾ image 99% [THAM CHIẾ
2026-09-06T10:03:46.616Z [14b0e822-e46c-4a29-9a6e-87f103e49eff][fdfbd39c-aa59-4b23-a3ac-5f2ddfb5b1b8] Generating... 3 ready, 0 failed / 4 total (51s) image 99% [THAM CHIẾ
2026-09-06T10:03:49.447Z [910d0651-431a-419c-8e90-c4980aad80dc][fdfbd39c-aa59-4b23-a3ac-5f2ddfb5b1b8] Generating... 0 ready, 0 failed / 4 total (45s) image 99% [THAM CHIẾ image 99% [THAM CHIẾ image 99% [THAM CHIẾ image 99% [THAM CHIẾ
2026-09-06T10:03:49.641Z [14b0e822-e46c-4a29-9a6e-87f103e49eff][fdfbd39c-aa59-4b23-a3ac-5f2ddfb5b1b8] Generating... 3 ready, 0 failed / 4 total (54s) image 99% [THAM CHIẾ
2026-09-06T10:03:52.473Z [910d0651-431a-419c-8e90-c4980aad80dc][fdfbd39c-aa59-4b23-a3ac-5f2ddfb5b1b8] Generating... 0 ready, 0 failed / 4 total (48s) image 99% [THAM CHIẾ image 99% [THAM CHIẾ image 99% [THAM CHIẾ image 99% [THAM CHIẾ
2026-09-06T10:03:52.664Z [14b0e822-e46c-4a29-9a6e-87f103e49eff][fdfbd39c-aa59-4b23-a3ac-5f2ddfb5b1b8] Generating... 3 ready, 0 failed / 4 total (57s) image 99% [THAM CHIẾ
2026-09-06T10:03:55.493Z [910d0651-431a-419c-8e90-c4980aad80dc][fdfbd39c-aa59-4b23-a3ac-5f2ddfb5b1b8] Generating... 0 ready, 0 failed / 4 total (51s) image 99% [THAM CHIẾ image 99% [THAM CHIẾ image 99% [THAM CHIẾ image 99% [THAM CHIẾ
2026-09-06T10:03:55.689Z [14b0e822-e46c-4a29-9a6e-87f103e49eff][fdfbd39c-aa59-4b23-a3ac-5f2ddfb5b1b8] Generating... 3 ready, 0 failed / 4 total (61s) image 99% [THAM CHIẾ
2026-09-06T10:03:58.531Z [910d0651-431a-419c-8e90-c4980aad80dc][fdfbd39c-aa59-4b23-a3ac-5f2ddfb5b1b8] Generating... 0 ready, 0 failed / 4 total (55s) [THAM CHIẾU]Fake Dri [THAM CHIẾU]Fake Dri image 99% [THAM CHIẾ image 99% [THAM CHIẾ
2026-09-06T10:03:58.722Z [14b0e822-e46c-4a29-9a6e-87f103e49eff][fdfbd39c-aa59-4b23-a3ac-5f2ddfb5b1b8] Generating... 3 ready, 0 failed / 4 total (64s) image 99% [THAM CHIẾ
2026-09-06T10:04:01.572Z [910d0651-431a-419c-8e90-c4980aad80dc][fdfbd39c-aa59-4b23-a3ac-5f2ddfb5b1b8] Generating... 2 ready, 0 failed / 4 total (58s) [THAM CHIẾU]Fake Dri image 99% [THAM CHIẾ
2026-09-06T10:04:01.780Z [14b0e822-e46c-4a29-9a6e-87f103e49eff][fdfbd39c-aa59-4b23-a3ac-5f2ddfb5b1b8] Generating... 3 ready, 0 failed / 4 total (67s) [THAM CHIẾU]Arlo Sch
2026-09-06T10:04:04.611Z [910d0651-431a-419c-8e90-c4980aad80dc][fdfbd39c-aa59-4b23-a3ac-5f2ddfb5b1b8] Generating... 3 ready, 0 failed / 4 total (61s) [THAM CHIẾU]Fake Dri
2026-09-06T10:04:04.805Z [14b0e822-e46c-4a29-9a6e-87f103e49eff][fdfbd39c-aa59-4b23-a3ac-5f2ddfb5b1b8] Generating... 4 ready, 0 failed / 4 total (70s)
2026-09-06T10:04:04.806Z [14b0e822-e46c-4a29-9a6e-87f103e49eff][fdfbd39c-aa59-4b23-a3ac-5f2ddfb5b1b8] Batch done: 4 ready (target 4), 0 failed, scanned 4.
2026-09-06T10:04:04.808Z [14b0e822-e46c-4a29-9a6e-87f103e49eff][fdfbd39c-aa59-4b23-a3ac-5f2ddfb5b1b8] 4 item(s) ready! Downloading...
2026-09-06T10:04:04.813Z [14b0e822-e46c-4a29-9a6e-87f103e49eff][fdfbd39c-aa59-4b23-a3ac-5f2ddfb5b1b8] Item 1: Downloading from URL https://flow-content.google/image/c9f88297-f232-4653-80be-aef5e4149cda?Expires=1788710572&KeyName=labs-flow-prod-cdn-key&Signature=H2jIitQMeknQLZiXTRTFYqhVPCA
2026-09-06T10:04:05.124Z [14b0e822-e46c-4a29-9a6e-87f103e49eff][fdfbd39c-aa59-4b23-a3ac-5f2ddfb5b1b8] Downloaded 1/4: winai_2026-09-06T10-04-04_01.jpg
2026-09-06T10:04:05.127Z [14b0e822-e46c-4a29-9a6e-87f103e49eff][fdfbd39c-aa59-4b23-a3ac-5f2ddfb5b1b8] Item 2: Downloading from URL https://flow-content.google/image/2484b9b9-76ca-42a9-a95f-c1fc9e29d5e9?Expires=1788710571&KeyName=labs-flow-prod-cdn-key&Signature=Z2517Zmhq_E92Zui1ahsE4gZI9g
2026-09-06T10:04:05.237Z [14b0e822-e46c-4a29-9a6e-87f103e49eff][fdfbd39c-aa59-4b23-a3ac-5f2ddfb5b1b8] Downloaded 2/4: winai_2026-09-06T10-04-04_02.jpg
2026-09-06T10:04:05.237Z [14b0e822-e46c-4a29-9a6e-87f103e49eff][fdfbd39c-aa59-4b23-a3ac-5f2ddfb5b1b8] Item 3: Downloading from URL https://flow-content.google/image/0d0fda60-6c8c-4d75-86f7-e1cd445a50a0?Expires=1788710570&KeyName=labs-flow-prod-cdn-key&Signature=gabwjxz7kgC0jo0Betvf6IryfBc
2026-09-06T10:04:05.342Z [14b0e822-e46c-4a29-9a6e-87f103e49eff][fdfbd39c-aa59-4b23-a3ac-5f2ddfb5b1b8] Downloaded 3/4: winai_2026-09-06T10-04-04_03.jpg
2026-09-06T10:04:05.344Z [14b0e822-e46c-4a29-9a6e-87f103e49eff][fdfbd39c-aa59-4b23-a3ac-5f2ddfb5b1b8] Item 4: Downloading from URL https://flow-content.google/image/f9863580-3c80-483c-88b0-a15162c0afc8?Expires=1788710570&KeyName=labs-flow-prod-cdn-key&Signature=6f2N0nNLphUk1xRIOamsrlSUpUw
2026-09-06T10:04:05.449Z [14b0e822-e46c-4a29-9a6e-87f103e49eff][fdfbd39c-aa59-4b23-a3ac-5f2ddfb5b1b8] Downloaded 4/4: winai_2026-09-06T10-04-04_04.jpg
2026-09-06T10:04:05.449Z [14b0e822-e46c-4a29-9a6e-87f103e49eff][fdfbd39c-aa59-4b23-a3ac-5f2ddfb5b1b8] ✅ 4 item(s) saved to Downloads/Win AI Toolkit/
2026-09-06T10:04:05.997Z [14b0e822-e46c-4a29-9a6e-87f103e49eff][fdfbd39c-aa59-4b23-a3ac-5f2ddfb5b1b8] Item 2: Uploaded → https://studio.xanhmedia.vn/uploads/2026-09/1788689045922_6717fa_fdfbd39c-aa59-4b23-a3ac-5f2ddfb5b1b8_14b.jpg
2026-09-06T10:04:06.005Z [14b0e822-e46c-4a29-9a6e-87f103e49eff][fdfbd39c-aa59-4b23-a3ac-5f2ddfb5b1b8] Item 1: Uploaded → https://studio.xanhmedia.vn/uploads/2026-09/1788689045932_05fc0a_fdfbd39c-aa59-4b23-a3ac-5f2ddfb5b1b8_14b.jpg
2026-09-06T10:04:06.031Z [14b0e822-e46c-4a29-9a6e-87f103e49eff][fdfbd39c-aa59-4b23-a3ac-5f2ddfb5b1b8] Item 3: Uploaded → https://studio.xanhmedia.vn/uploads/2026-09/1788689045957_58c9de_fdfbd39c-aa59-4b23-a3ac-5f2ddfb5b1b8_14b.jpg
2026-09-06T10:04:06.050Z [14b0e822-e46c-4a29-9a6e-87f103e49eff][fdfbd39c-aa59-4b23-a3ac-5f2ddfb5b1b8] Item 4: Uploaded → https://studio.xanhmedia.vn/uploads/2026-09/1788689045982_377f39_fdfbd39c-aa59-4b23-a3ac-5f2ddfb5b1b8_14b.jpg
2026-09-06T10:04:06.067Z [14b0e822-e46c-4a29-9a6e-87f103e49eff][fdfbd39c-aa59-4b23-a3ac-5f2ddfb5b1b8] All done (including any 1080p upgrades). Closing Playwright browser context.
2026-09-06T10:04:06.497Z [e03a82f4-ae77-41ab-a651-13785f2a2695][fdfbd39c-aa59-4b23-a3ac-5f2ddfb5b1b8] runGeneration starting: task_id=e03a82f4-ae77-41ab-a651-13785f2a2695, profile_id=fdfbd39c-aa59-4b23-a3ac-5f2ddfb5b1b8, target_site=google_flow
2026-09-06T10:04:06.498Z [e03a82f4-ae77-41ab-a651-13785f2a2695][fdfbd39c-aa59-4b23-a3ac-5f2ddfb5b1b8] Opening Playwright browser with persistent profile cookies...
2026-09-06T10:04:06.499Z [e03a82f4-ae77-41ab-a651-13785f2a2695][fdfbd39c-aa59-4b23-a3ac-5f2ddfb5b1b8] Browser engine: winhide (C:\Users\MienTrungComputer\AppData\Roaming\com.tank.winai\winhide\chrome.exe)
2026-09-06T10:04:06.501Z [e03a82f4-ae77-41ab-a651-13785f2a2695][fdfbd39c-aa59-4b23-a3ac-5f2ddfb5b1b8] Launch mode: STEALTH (raw spawn + connectOverCDP)
2026-09-06T10:04:07.694Z [910d0651-431a-419c-8e90-c4980aad80dc][fdfbd39c-aa59-4b23-a3ac-5f2ddfb5b1b8] Generating... 4 ready, 0 failed / 4 total (64s)
2026-09-06T10:04:07.695Z [910d0651-431a-419c-8e90-c4980aad80dc][fdfbd39c-aa59-4b23-a3ac-5f2ddfb5b1b8] Batch done: 4 ready (target 4), 0 failed, scanned 4.
2026-09-06T10:04:07.697Z [910d0651-431a-419c-8e90-c4980aad80dc][fdfbd39c-aa59-4b23-a3ac-5f2ddfb5b1b8] 4 item(s) ready! Downloading...
2026-09-06T10:04:07.703Z [910d0651-431a-419c-8e90-c4980aad80dc][fdfbd39c-aa59-4b23-a3ac-5f2ddfb5b1b8] Item 1: Downloading from URL https://flow-content.google/image/c7b9aac5-9643-46d2-8595-dddcbe4713be?Expires=1788710581&KeyName=labs-flow-prod-cdn-key&Signature=iAJ9JIJExms-eSwpAx4hFUe-r5E
2026-09-06T10:04:08.096Z [910d0651-431a-419c-8e90-c4980aad80dc][fdfbd39c-aa59-4b23-a3ac-5f2ddfb5b1b8] Downloaded 1/4: winai_2026-09-06T10-04-07_01.jpg
2026-09-06T10:04:08.098Z [910d0651-431a-419c-8e90-c4980aad80dc][fdfbd39c-aa59-4b23-a3ac-5f2ddfb5b1b8] Item 2: Downloading from URL https://flow-content.google/image/62b70bf7-eb07-421c-80a5-2d0e717a3976?Expires=1788710580&KeyName=labs-flow-prod-cdn-key&Signature=smQVZBguj_9p-Oel5Ec_eL3Kl8s
2026-09-06T10:04:08.212Z [910d0651-431a-419c-8e90-c4980aad80dc][fdfbd39c-aa59-4b23-a3ac-5f2ddfb5b1b8] Downloaded 2/4: winai_2026-09-06T10-04-07_02.jpg
2026-09-06T10:04:08.212Z [910d0651-431a-419c-8e90-c4980aad80dc][fdfbd39c-aa59-4b23-a3ac-5f2ddfb5b1b8] Item 3: Downloading from URL https://flow-content.google/image/fdc02222-5955-4a6a-9442-a187c1ac826a?Expires=1788710579&KeyName=labs-flow-prod-cdn-key&Signature=5En95pFBdgpI5_QArqHsDcIpz6Y
2026-09-06T10:04:08.331Z [910d0651-431a-419c-8e90-c4980aad80dc][fdfbd39c-aa59-4b23-a3ac-5f2ddfb5b1b8] Downloaded 3/4: winai_2026-09-06T10-04-07_03.jpg
2026-09-06T10:04:08.332Z [910d0651-431a-419c-8e90-c4980aad80dc][fdfbd39c-aa59-4b23-a3ac-5f2ddfb5b1b8] Item 4: Downloading from URL https://flow-content.google/image/3e674225-15bd-4d68-a7c5-2733c3491227?Expires=1788710579&KeyName=labs-flow-prod-cdn-key&Signature=wb06yNtC7ZcGVT3IIn0TLK9TU0c
2026-09-06T10:04:08.454Z [910d0651-431a-419c-8e90-c4980aad80dc][fdfbd39c-aa59-4b23-a3ac-5f2ddfb5b1b8] Downloaded 4/4: winai_2026-09-06T10-04-07_04.jpg
2026-09-06T10:04:08.455Z [910d0651-431a-419c-8e90-c4980aad80dc][fdfbd39c-aa59-4b23-a3ac-5f2ddfb5b1b8] ✅ 4 item(s) saved to Downloads/Win AI Toolkit/
2026-09-06T10:04:09.052Z [910d0651-431a-419c-8e90-c4980aad80dc][fdfbd39c-aa59-4b23-a3ac-5f2ddfb5b1b8] Item 1: Uploaded → https://studio.xanhmedia.vn/uploads/2026-09/1788689048981_582122_fdfbd39c-aa59-4b23-a3ac-5f2ddfb5b1b8_910.jpg
2026-09-06T10:04:09.087Z [910d0651-431a-419c-8e90-c4980aad80dc][fdfbd39c-aa59-4b23-a3ac-5f2ddfb5b1b8] Item 2: Uploaded → https://studio.xanhmedia.vn/uploads/2026-09/1788689049017_dc01db_fdfbd39c-aa59-4b23-a3ac-5f2ddfb5b1b8_910.jpg
2026-09-06T10:04:09.111Z [910d0651-431a-419c-8e90-c4980aad80dc][fdfbd39c-aa59-4b23-a3ac-5f2ddfb5b1b8] Item 4: Uploaded → https://studio.xanhmedia.vn/uploads/2026-09/1788689049040_6cce1c_fdfbd39c-aa59-4b23-a3ac-5f2ddfb5b1b8_910.jpg
2026-09-06T10:04:09.178Z [910d0651-431a-419c-8e90-c4980aad80dc][fdfbd39c-aa59-4b23-a3ac-5f2ddfb5b1b8] Item 3: Uploaded → https://studio.xanhmedia.vn/uploads/2026-09/1788689049101_8dab3a_fdfbd39c-aa59-4b23-a3ac-5f2ddfb5b1b8_910.jpg
2026-09-06T10:04:09.213Z [910d0651-431a-419c-8e90-c4980aad80dc][fdfbd39c-aa59-4b23-a3ac-5f2ddfb5b1b8] All done (including any 1080p upgrades). Closing Playwright browser context.
2026-09-06T10:04:09.561Z [c6caa795-9546-4fe4-9064-7d29cb35816e][fdfbd39c-aa59-4b23-a3ac-5f2ddfb5b1b8] runGeneration starting: task_id=c6caa795-9546-4fe4-9064-7d29cb35816e, profile_id=fdfbd39c-aa59-4b23-a3ac-5f2ddfb5b1b8, target_site=google_flow
2026-09-06T10:04:09.563Z [c6caa795-9546-4fe4-9064-7d29cb35816e][fdfbd39c-aa59-4b23-a3ac-5f2ddfb5b1b8] Opening Playwright browser with persistent profile cookies...
2026-09-06T10:04:09.565Z [c6caa795-9546-4fe4-9064-7d29cb35816e][fdfbd39c-aa59-4b23-a3ac-5f2ddfb5b1b8] Browser engine: winhide (C:\Users\MienTrungComputer\AppData\Roaming\com.tank.winai\winhide\chrome.exe)
2026-09-06T10:04:09.567Z [c6caa795-9546-4fe4-9064-7d29cb35816e][fdfbd39c-aa59-4b23-a3ac-5f2ddfb5b1b8] Launch mode: STEALTH (raw spawn + connectOverCDP)
2026-09-06T10:04:09.572Z [e03a82f4-ae77-41ab-a651-13785f2a2695][fdfbd39c-aa59-4b23-a3ac-5f2ddfb5b1b8] Exit IP: 171.229.14.52
2026-09-06T10:04:09.572Z [e03a82f4-ae77-41ab-a651-13785f2a2695][fdfbd39c-aa59-4b23-a3ac-5f2ddfb5b1b8] Navigating browser to Google Flow tools page...
2026-09-06T10:04:09.573Z [e03a82f4-ae77-41ab-a651-13785f2a2695][fdfbd39c-aa59-4b23-a3ac-5f2ddfb5b1b8] Using existing project URL: https://flow.google.com/project/390215dc-290f-4b92-a7f0-dd2b6651acfb?hl=en
2026-09-06T10:04:10.727Z [e03a82f4-ae77-41ab-a651-13785f2a2695][fdfbd39c-aa59-4b23-a3ac-5f2ddfb5b1b8] Waiting for Google Flow...
2026-09-06T10:04:12.874Z [e03a82f4-ae77-41ab-a651-13785f2a2695][fdfbd39c-aa59-4b23-a3ac-5f2ddfb5b1b8] In existing project ✓
2026-09-06T10:04:13.898Z [c6caa795-9546-4fe4-9064-7d29cb35816e][fdfbd39c-aa59-4b23-a3ac-5f2ddfb5b1b8] Exit IP: 171.229.14.52
2026-09-06T10:04:13.899Z [c6caa795-9546-4fe4-9064-7d29cb35816e][fdfbd39c-aa59-4b23-a3ac-5f2ddfb5b1b8] Navigating browser to Google Flow tools page...
2026-09-06T10:04:13.903Z [c6caa795-9546-4fe4-9064-7d29cb35816e][fdfbd39c-aa59-4b23-a3ac-5f2ddfb5b1b8] Using existing project URL: https://flow.google.com/project/f4a8359f-f480-4865-9eef-7927ee95f030?hl=en
2026-09-06T10:04:15.360Z [c6caa795-9546-4fe4-9064-7d29cb35816e][fdfbd39c-aa59-4b23-a3ac-5f2ddfb5b1b8] Waiting for Google Flow...
2026-09-06T10:04:17.337Z [c6caa795-9546-4fe4-9064-7d29cb35816e][fdfbd39c-aa59-4b23-a3ac-5f2ddfb5b1b8] In existing project ✓
2026-09-06T10:04:18.880Z [c6caa795-9546-4fe4-9064-7d29cb35816e][fdfbd39c-aa59-4b23-a3ac-5f2ddfb5b1b8] dismissPopups: unresolved overlay(s) ["IFRAME[presentation]|btns="]
2026-09-06T10:04:21.760Z [e03a82f4-ae77-41ab-a651-13785f2a2695][fdfbd39c-aa59-4b23-a3ac-5f2ddfb5b1b8] Composer ready ✓ (UI language: en)
2026-09-06T10:04:21.903Z [e03a82f4-ae77-41ab-a651-13785f2a2695][fdfbd39c-aa59-4b23-a3ac-5f2ddfb5b1b8] dismissPopups: clicked "Dismiss credit banner" (overlay)
2026-09-06T10:04:22.445Z [e03a82f4-ae77-41ab-a651-13785f2a2695][fdfbd39c-aa59-4b23-a3ac-5f2ddfb5b1b8] dismissPopups: unresolved overlay(s) ["DIV[]|btns=","DIV[]|btns="]
2026-09-06T10:04:22.680Z [e03a82f4-ae77-41ab-a651-13785f2a2695][fdfbd39c-aa59-4b23-a3ac-5f2ddfb5b1b8] Agent toggle aria-pressed=false
2026-09-06T10:04:22.682Z [e03a82f4-ae77-41ab-a651-13785f2a2695][fdfbd39c-aa59-4b23-a3ac-5f2ddfb5b1b8] Opening settings...
2026-09-06T10:04:24.676Z [c6caa795-9546-4fe4-9064-7d29cb35816e][fdfbd39c-aa59-4b23-a3ac-5f2ddfb5b1b8] Composer ready ✓ (UI language: en)
2026-09-06T10:04:24.921Z [c6caa795-9546-4fe4-9064-7d29cb35816e][fdfbd39c-aa59-4b23-a3ac-5f2ddfb5b1b8] dismissPopups: clicked "Dismiss credit banner" (overlay)
2026-09-06T10:04:25.222Z [e03a82f4-ae77-41ab-a651-13785f2a2695][fdfbd39c-aa59-4b23-a3ac-5f2ddfb5b1b8] Configuring image settings...
2026-09-06T10:04:25.453Z [c6caa795-9546-4fe4-9064-7d29cb35816e][fdfbd39c-aa59-4b23-a3ac-5f2ddfb5b1b8] dismissPopups: unresolved overlay(s) ["DIV[]|btns=","DIV[]|btns="]
2026-09-06T10:04:25.571Z [c6caa795-9546-4fe4-9064-7d29cb35816e][fdfbd39c-aa59-4b23-a3ac-5f2ddfb5b1b8] Agent toggle aria-pressed=false
2026-09-06T10:04:25.571Z [c6caa795-9546-4fe4-9064-7d29cb35816e][fdfbd39c-aa59-4b23-a3ac-5f2ddfb5b1b8] Opening settings...
2026-09-06T10:04:26.981Z [e03a82f4-ae77-41ab-a651-13785f2a2695][fdfbd39c-aa59-4b23-a3ac-5f2ddfb5b1b8] Mode: selected "image Image" ✓
2026-09-06T10:04:27.888Z [c6caa795-9546-4fe4-9064-7d29cb35816e][fdfbd39c-aa59-4b23-a3ac-5f2ddfb5b1b8] Configuring image settings...
2026-09-06T10:04:29.591Z [c6caa795-9546-4fe4-9064-7d29cb35816e][fdfbd39c-aa59-4b23-a3ac-5f2ddfb5b1b8] Mode: selected "image Image" ✓
2026-09-06T10:04:32.047Z [e03a82f4-ae77-41ab-a651-13785f2a2695][fdfbd39c-aa59-4b23-a3ac-5f2ddfb5b1b8] Model: selected "🍌 Nano Banana 2" ✓
2026-09-06T10:04:32.597Z [e03a82f4-ae77-41ab-a651-13785f2a2695][fdfbd39c-aa59-4b23-a3ac-5f2ddfb5b1b8] Aspect ratio: "crop_16_9 16:9" already selected ✓
2026-09-06T10:04:34.282Z [e03a82f4-ae77-41ab-a651-13785f2a2695][fdfbd39c-aa59-4b23-a3ac-5f2ddfb5b1b8] Output count: selected "x4" ✓
2026-09-06T10:04:34.818Z [c6caa795-9546-4fe4-9064-7d29cb35816e][fdfbd39c-aa59-4b23-a3ac-5f2ddfb5b1b8] Model: selected "🍌 Nano Banana 2" ✓
2026-09-06T10:04:35.198Z [e03a82f4-ae77-41ab-a651-13785f2a2695][fdfbd39c-aa59-4b23-a3ac-5f2ddfb5b1b8] Ref image 1/5: downloading from URL...
2026-09-06T10:04:35.515Z [e03a82f4-ae77-41ab-a651-13785f2a2695][fdfbd39c-aa59-4b23-a3ac-5f2ddfb5b1b8] Downloader: no-proxy request context ready.
2026-09-06T10:04:35.696Z [c6caa795-9546-4fe4-9064-7d29cb35816e][fdfbd39c-aa59-4b23-a3ac-5f2ddfb5b1b8] Aspect ratio: "crop_16_9 16:9" already selected ✓
2026-09-06T10:04:36.066Z [e03a82f4-ae77-41ab-a651-13785f2a2695][fdfbd39c-aa59-4b23-a3ac-5f2ddfb5b1b8] Ref image 1/5: saved 527475 bytes (image/jpeg) as "Arlo School Day.jpeg"
2026-09-06T10:04:36.078Z [e03a82f4-ae77-41ab-a651-13785f2a2695][fdfbd39c-aa59-4b23-a3ac-5f2ddfb5b1b8] Ref image 1/5: attaching reference image...
2026-09-06T10:04:37.329Z [c6caa795-9546-4fe4-9064-7d29cb35816e][fdfbd39c-aa59-4b23-a3ac-5f2ddfb5b1b8] Output count: selected "x4" ✓
2026-09-06T10:04:38.269Z [c6caa795-9546-4fe4-9064-7d29cb35816e][fdfbd39c-aa59-4b23-a3ac-5f2ddfb5b1b8] Ref image 1/4: downloading from URL...
2026-09-06T10:04:38.440Z [e03a82f4-ae77-41ab-a651-13785f2a2695][fdfbd39c-aa59-4b23-a3ac-5f2ddfb5b1b8] Ref image 1/5: reusing library asset "Arlo School Day.jpeg" (no re-upload).
2026-09-06T10:04:38.683Z [c6caa795-9546-4fe4-9064-7d29cb35816e][fdfbd39c-aa59-4b23-a3ac-5f2ddfb5b1b8] Downloader: no-proxy request context ready.
2026-09-06T10:04:39.331Z [c6caa795-9546-4fe4-9064-7d29cb35816e][fdfbd39c-aa59-4b23-a3ac-5f2ddfb5b1b8] Ref image 1/4: saved 559623 bytes (image/jpeg) as "Fake Driver Driver Disguise State.jpeg"
2026-09-06T10:04:39.341Z [c6caa795-9546-4fe4-9064-7d29cb35816e][fdfbd39c-aa59-4b23-a3ac-5f2ddfb5b1b8] Ref image 1/4: attaching reference image...
2026-09-06T10:04:41.618Z [c6caa795-9546-4fe4-9064-7d29cb35816e][fdfbd39c-aa59-4b23-a3ac-5f2ddfb5b1b8] Ref image 1/4: reusing library asset "Fake Driver Driver Disguise State.jpeg" (no re-upload).
2026-09-06T10:04:41.734Z [e03a82f4-ae77-41ab-a651-13785f2a2695][fdfbd39c-aa59-4b23-a3ac-5f2ddfb5b1b8] Ref image 1/5: chips 0→1 ✓
2026-09-06T10:04:42.756Z [e03a82f4-ae77-41ab-a651-13785f2a2695][fdfbd39c-aa59-4b23-a3ac-5f2ddfb5b1b8] Ref image 2/5: downloading from URL...
2026-09-06T10:04:43.122Z [e03a82f4-ae77-41ab-a651-13785f2a2695][fdfbd39c-aa59-4b23-a3ac-5f2ddfb5b1b8] Ref image 2/5: saved 643624 bytes (image/jpeg) as "Nessa School Day.jpeg"
2026-09-06T10:04:43.126Z [e03a82f4-ae77-41ab-a651-13785f2a2695][fdfbd39c-aa59-4b23-a3ac-5f2ddfb5b1b8] Ref image 2/5: attaching reference image...
2026-09-06T10:04:45.448Z [e03a82f4-ae77-41ab-a651-13785f2a2695][fdfbd39c-aa59-4b23-a3ac-5f2ddfb5b1b8] Ref image 2/5: reusing library asset "Nessa School Day.jpeg" (no re-upload).
2026-09-06T10:04:45.878Z [c6caa795-9546-4fe4-9064-7d29cb35816e][fdfbd39c-aa59-4b23-a3ac-5f2ddfb5b1b8] Ref image 1/4: chips 0→1 ✓
2026-09-06T10:04:47.645Z [c6caa795-9546-4fe4-9064-7d29cb35816e][fdfbd39c-aa59-4b23-a3ac-5f2ddfb5b1b8] Ref image 2/4: downloading from URL...
2026-09-06T10:04:48.006Z [c6caa795-9546-4fe4-9064-7d29cb35816e][fdfbd39c-aa59-4b23-a3ac-5f2ddfb5b1b8] Ref image 2/4: saved 524794 bytes (image/jpeg) as "Verdant Police Officer Team.jpeg"
2026-09-06T10:04:48.016Z [c6caa795-9546-4fe4-9064-7d29cb35816e][fdfbd39c-aa59-4b23-a3ac-5f2ddfb5b1b8] Ref image 2/4: attaching reference image...
2026-09-06T10:04:48.459Z [e03a82f4-ae77-41ab-a651-13785f2a2695][fdfbd39c-aa59-4b23-a3ac-5f2ddfb5b1b8] Ref image 2/5: chips 1→2 ✓
2026-09-06T10:04:49.602Z [e03a82f4-ae77-41ab-a651-13785f2a2695][fdfbd39c-aa59-4b23-a3ac-5f2ddfb5b1b8] Ref image 3/5: downloading from URL...
2026-09-06T10:04:49.931Z [e03a82f4-ae77-41ab-a651-13785f2a2695][fdfbd39c-aa59-4b23-a3ac-5f2ddfb5b1b8] Ref image 3/5: saved 509101 bytes (image/jpeg) as "Chili School Day.jpeg"
2026-09-06T10:04:49.942Z [e03a82f4-ae77-41ab-a651-13785f2a2695][fdfbd39c-aa59-4b23-a3ac-5f2ddfb5b1b8] Ref image 3/5: attaching reference image...
2026-09-06T10:04:50.468Z [c6caa795-9546-4fe4-9064-7d29cb35816e][fdfbd39c-aa59-4b23-a3ac-5f2ddfb5b1b8] Ref image 2/4: reusing library asset "Verdant Police Officer Team.jpeg" (no re-upload).
2026-09-06T10:04:52.126Z [e03a82f4-ae77-41ab-a651-13785f2a2695][fdfbd39c-aa59-4b23-a3ac-5f2ddfb5b1b8] Ref image 3/5: reusing library asset "Chili School Day.jpeg" (no re-upload).
2026-09-06T10:04:54.608Z [c6caa795-9546-4fe4-9064-7d29cb35816e][fdfbd39c-aa59-4b23-a3ac-5f2ddfb5b1b8] Ref image 2/4: chips 1→2 ✓
2026-09-06T10:04:55.803Z [e03a82f4-ae77-41ab-a651-13785f2a2695][fdfbd39c-aa59-4b23-a3ac-5f2ddfb5b1b8] Ref image 3/5: chips 2→3 ✓
2026-09-06T10:04:56.119Z [c6caa795-9546-4fe4-9064-7d29cb35816e][fdfbd39c-aa59-4b23-a3ac-5f2ddfb5b1b8] Ref image 3/4: downloading from URL...
2026-09-06T10:04:56.488Z [c6caa795-9546-4fe4-9064-7d29cb35816e][fdfbd39c-aa59-4b23-a3ac-5f2ddfb5b1b8] Ref image 3/4: saved 771798 bytes (image/jpeg) as "Verdant School Bus Exterior Master.jpeg"
2026-09-06T10:04:56.517Z [c6caa795-9546-4fe4-9064-7d29cb35816e][fdfbd39c-aa59-4b23-a3ac-5f2ddfb5b1b8] Ref image 3/4: attaching reference image...
2026-09-06T10:04:57.276Z [e03a82f4-ae77-41ab-a651-13785f2a2695][fdfbd39c-aa59-4b23-a3ac-5f2ddfb5b1b8] Ref image 4/5: downloading from URL...
2026-09-06T10:04:57.640Z [e03a82f4-ae77-41ab-a651-13785f2a2695][fdfbd39c-aa59-4b23-a3ac-5f2ddfb5b1b8] Ref image 4/5: saved 559623 bytes (image/jpeg) as "Fake Driver Driver Disguise State.jpeg"
2026-09-06T10:04:57.651Z [e03a82f4-ae77-41ab-a651-13785f2a2695][fdfbd39c-aa59-4b23-a3ac-5f2ddfb5b1b8] Ref image 4/5: attaching reference image...
2026-09-06T10:04:58.886Z [c6caa795-9546-4fe4-9064-7d29cb35816e][fdfbd39c-aa59-4b23-a3ac-5f2ddfb5b1b8] Ref image 3/4: "Verdant School Bus Exterior Master.jpeg" not in the library yet — uploading it first.
2026-09-06T10:05:00.189Z [e03a82f4-ae77-41ab-a651-13785f2a2695][fdfbd39c-aa59-4b23-a3ac-5f2ddfb5b1b8] Ref image 4/5: reusing library asset "Fake Driver Driver Disguise State.jpeg" (no re-upload).
2026-09-06T10:05:03.598Z [c6caa795-9546-4fe4-9064-7d29cb35816e][fdfbd39c-aa59-4b23-a3ac-5f2ddfb5b1b8] Ref image 3/4: uploading "Verdant School Bus Exterior Master.jpeg" to the project library...
2026-09-06T10:05:03.648Z [e03a82f4-ae77-41ab-a651-13785f2a2695][fdfbd39c-aa59-4b23-a3ac-5f2ddfb5b1b8] Ref image 4/5: chips 3→4 ✓
2026-09-06T10:05:05.059Z [c6caa795-9546-4fe4-9064-7d29cb35816e][fdfbd39c-aa59-4b23-a3ac-5f2ddfb5b1b8] Ref image 3/4: upload finished ✓
2026-09-06T10:05:05.315Z [e03a82f4-ae77-41ab-a651-13785f2a2695][fdfbd39c-aa59-4b23-a3ac-5f2ddfb5b1b8] Ref image 5/5: downloading from URL...
2026-09-06T10:05:05.714Z [e03a82f4-ae77-41ab-a651-13785f2a2695][fdfbd39c-aa59-4b23-a3ac-5f2ddfb5b1b8] Ref image 5/5: saved 703417 bytes (image/jpeg) as "Verdant School Bus Interior Master.jpeg"
2026-09-06T10:05:05.730Z [e03a82f4-ae77-41ab-a651-13785f2a2695][fdfbd39c-aa59-4b23-a3ac-5f2ddfb5b1b8] Ref image 5/5: attaching reference image...
2026-09-06T10:05:08.221Z [e03a82f4-ae77-41ab-a651-13785f2a2695][fdfbd39c-aa59-4b23-a3ac-5f2ddfb5b1b8] Ref image 5/5: reusing library asset "Verdant School Bus Interior Master.jpeg" (no re-upload).
2026-09-06T10:05:11.781Z [e03a82f4-ae77-41ab-a651-13785f2a2695][fdfbd39c-aa59-4b23-a3ac-5f2ddfb5b1b8] Ref image 5/5: chips 4→5 ✓
2026-09-06T10:05:11.819Z [e03a82f4-ae77-41ab-a651-13785f2a2695][fdfbd39c-aa59-4b23-a3ac-5f2ddfb5b1b8] Entering prompt...
2026-09-06T10:05:13.679Z [e03a82f4-ae77-41ab-a651-13785f2a2695][fdfbd39c-aa59-4b23-a3ac-5f2ddfb5b1b8] Prompt is 1825 chars — typing it in 27 chunk(s).
2026-09-06T10:05:15.879Z [c6caa795-9546-4fe4-9064-7d29cb35816e][fdfbd39c-aa59-4b23-a3ac-5f2ddfb5b1b8] Ref image 3/4: chips 2→3 ✓
2026-09-06T10:05:16.851Z [c6caa795-9546-4fe4-9064-7d29cb35816e][fdfbd39c-aa59-4b23-a3ac-5f2ddfb5b1b8] Ref image 4/4: downloading from URL...
2026-09-06T10:05:17.231Z [c6caa795-9546-4fe4-9064-7d29cb35816e][fdfbd39c-aa59-4b23-a3ac-5f2ddfb5b1b8] Ref image 4/4: saved 449213 bytes (image/jpeg) as "Verdant Police Patrol Car.jpeg"
2026-09-06T10:05:17.258Z [c6caa795-9546-4fe4-9064-7d29cb35816e][fdfbd39c-aa59-4b23-a3ac-5f2ddfb5b1b8] Ref image 4/4: attaching reference image...
2026-09-06T10:05:20.154Z [c6caa795-9546-4fe4-9064-7d29cb35816e][fdfbd39c-aa59-4b23-a3ac-5f2ddfb5b1b8] Ref image 4/4: reusing library asset "Verdant Police Patrol Car.jpeg" (no re-upload).
2026-09-06T10:05:23.919Z [c6caa795-9546-4fe4-9064-7d29cb35816e][fdfbd39c-aa59-4b23-a3ac-5f2ddfb5b1b8] Ref image 4/4: chips 3→4 ✓
2026-09-06T10:05:23.937Z [c6caa795-9546-4fe4-9064-7d29cb35816e][fdfbd39c-aa59-4b23-a3ac-5f2ddfb5b1b8] Entering prompt...
2026-09-06T10:05:25.686Z [e03a82f4-ae77-41ab-a651-13785f2a2695][fdfbd39c-aa59-4b23-a3ac-5f2ddfb5b1b8] Prompt insert attempt 1: editor has 1802 chars (want ~1817) ✓
2026-09-06T10:05:25.879Z [c6caa795-9546-4fe4-9064-7d29cb35816e][fdfbd39c-aa59-4b23-a3ac-5f2ddfb5b1b8] Prompt is 1650 chars — typing it in 26 chunk(s).
2026-09-06T10:05:27.862Z [e03a82f4-ae77-41ab-a651-13785f2a2695][fdfbd39c-aa59-4b23-a3ac-5f2ddfb5b1b8] Baseline: 27 pre-existing media tile(s) of 27 mounted (kinds: image,image,image,image,image,image,image,image,image,image,image,image,image,image,image,image,image,image,image,image,image,image,image,image,image,image,image).
2026-09-06T10:05:30.264Z [e03a82f4-ae77-41ab-a651-13785f2a2695][fdfbd39c-aa59-4b23-a3ac-5f2ddfb5b1b8] [submit] confirmed (editor "What do you want to ", fresh tile=true).
2026-09-06T10:05:30.934Z [e03a82f4-ae77-41ab-a651-13785f2a2695][fdfbd39c-aa59-4b23-a3ac-5f2ddfb5b1b8] Current Workspace project URL: https://flow.google.com/project/390215dc-290f-4b92-a7f0-dd2b6651acfb?hl=en
2026-09-06T10:05:30.937Z [e03a82f4-ae77-41ab-a651-13785f2a2695][fdfbd39c-aa59-4b23-a3ac-5f2ddfb5b1b8] Submitted ✓ Detecting batch size...
2026-09-06T10:05:31.070Z [e03a82f4-ae77-41ab-a651-13785f2a2695][fdfbd39c-aa59-4b23-a3ac-5f2ddfb5b1b8] New tile(s) since submit: 0 → 4 (mounted=27)
2026-09-06T10:05:35.335Z [e03a82f4-ae77-41ab-a651-13785f2a2695][fdfbd39c-aa59-4b23-a3ac-5f2ddfb5b1b8] Batch size stabilised at 4 new tile(s)
2026-09-06T10:05:35.337Z [e03a82f4-ae77-41ab-a651-13785f2a2695][fdfbd39c-aa59-4b23-a3ac-5f2ddfb5b1b8] Batch detected: 4 item(s). Generating...
2026-09-06T10:05:35.340Z [e03a82f4-ae77-41ab-a651-13785f2a2695][fdfbd39c-aa59-4b23-a3ac-5f2ddfb5b1b8] Polling for 4 image item(s) (baseline=27, hasUpload=true)...
2026-09-06T10:05:35.367Z [e03a82f4-ae77-41ab-a651-13785f2a2695][fdfbd39c-aa59-4b23-a3ac-5f2ddfb5b1b8] Generating... 0 ready, 0 failed / 4 total (0s) image 41% [THAM CHIẾ image 41% [THAM CHIẾ image 41% [THAM CHIẾ image 41% [THAM CHIẾ
2026-09-06T10:05:38.144Z [c6caa795-9546-4fe4-9064-7d29cb35816e][fdfbd39c-aa59-4b23-a3ac-5f2ddfb5b1b8] Prompt insert attempt 1: editor has 1631 chars (want ~1642) ✓
2026-09-06T10:05:38.398Z [e03a82f4-ae77-41ab-a651-13785f2a2695][fdfbd39c-aa59-4b23-a3ac-5f2ddfb5b1b8] Generating... 0 ready, 0 failed / 4 total (3s) image 61% [THAM CHIẾ image 61% [THAM CHIẾ image 62% [THAM CHIẾ image 62% [THAM CHIẾ
2026-09-06T10:05:40.051Z [c6caa795-9546-4fe4-9064-7d29cb35816e][fdfbd39c-aa59-4b23-a3ac-5f2ddfb5b1b8] Baseline: 27 pre-existing media tile(s) of 27 mounted (kinds: image,image,image,image,image,image,image,image,image,image,image,image,image,image,image,image,image,image,image,image,image,image,image,image,image,image,image).
2026-09-06T10:05:41.430Z [e03a82f4-ae77-41ab-a651-13785f2a2695][fdfbd39c-aa59-4b23-a3ac-5f2ddfb5b1b8] Generating... 0 ready, 0 failed / 4 total (6s) image 82% [THAM CHIẾ image 82% [THAM CHIẾ image 82% [THAM CHIẾ image 82% [THAM CHIẾ
2026-09-06T10:05:43.397Z [c6caa795-9546-4fe4-9064-7d29cb35816e][fdfbd39c-aa59-4b23-a3ac-5f2ddfb5b1b8] [submit] confirmed (editor "What do you want to ", fresh tile=true).
2026-09-06T10:05:44.128Z [c6caa795-9546-4fe4-9064-7d29cb35816e][fdfbd39c-aa59-4b23-a3ac-5f2ddfb5b1b8] Current Workspace project URL: https://flow.google.com/project/f4a8359f-f480-4865-9eef-7927ee95f030?hl=en
2026-09-06T10:05:44.132Z [c6caa795-9546-4fe4-9064-7d29cb35816e][fdfbd39c-aa59-4b23-a3ac-5f2ddfb5b1b8] Submitted ✓ Detecting batch size...
2026-09-06T10:05:44.209Z [c6caa795-9546-4fe4-9064-7d29cb35816e][fdfbd39c-aa59-4b23-a3ac-5f2ddfb5b1b8] New tile(s) since submit: 0 → 4 (mounted=27)
2026-09-06T10:05:44.454Z [e03a82f4-ae77-41ab-a651-13785f2a2695][fdfbd39c-aa59-4b23-a3ac-5f2ddfb5b1b8] Generating... 0 ready, 0 failed / 4 total (9s) image 99% [THAM CHIẾ image 99% [THAM CHIẾ image 99% [THAM CHIẾ image 99% [THAM CHIẾ
2026-09-06T10:05:47.485Z [e03a82f4-ae77-41ab-a651-13785f2a2695][fdfbd39c-aa59-4b23-a3ac-5f2ddfb5b1b8] Generating... 0 ready, 0 failed / 4 total (12s) image 99% [THAM CHIẾ image 99% [THAM CHIẾ image 99% [THAM CHIẾ image 99% [THAM CHIẾ
2026-09-06T10:05:48.386Z [c6caa795-9546-4fe4-9064-7d29cb35816e][fdfbd39c-aa59-4b23-a3ac-5f2ddfb5b1b8] Batch size stabilised at 4 new tile(s)
2026-09-06T10:05:48.387Z [c6caa795-9546-4fe4-9064-7d29cb35816e][fdfbd39c-aa59-4b23-a3ac-5f2ddfb5b1b8] Batch detected: 4 item(s). Generating...
2026-09-06T10:05:48.388Z [c6caa795-9546-4fe4-9064-7d29cb35816e][fdfbd39c-aa59-4b23-a3ac-5f2ddfb5b1b8] Polling for 4 image item(s) (baseline=27, hasUpload=true)...
2026-09-06T10:05:48.414Z [c6caa795-9546-4fe4-9064-7d29cb35816e][fdfbd39c-aa59-4b23-a3ac-5f2ddfb5b1b8] Generating... 0 ready, 0 failed / 4 total (0s) image 44% [THAM CHIẾ image 44% [THAM CHIẾ image 44% [THAM CHIẾ image 44% [THAM CHIẾ
2026-09-06T10:05:50.511Z [e03a82f4-ae77-41ab-a651-13785f2a2695][fdfbd39c-aa59-4b23-a3ac-5f2ddfb5b1b8] Generating... 0 ready, 0 failed / 4 total (15s) image 99% [THAM CHIẾ image 99% [THAM CHIẾ image 99% [THAM CHIẾ image 99% [THAM CHIẾ
2026-09-06T10:05:51.433Z [c6caa795-9546-4fe4-9064-7d29cb35816e][fdfbd39c-aa59-4b23-a3ac-5f2ddfb5b1b8] Generating... 0 ready, 0 failed / 4 total (3s) image 64% [THAM CHIẾ image 64% [THAM CHIẾ image 64% [THAM CHIẾ image 64% [THAM CHIẾ
2026-09-06T10:05:53.541Z [e03a82f4-ae77-41ab-a651-13785f2a2695][fdfbd39c-aa59-4b23-a3ac-5f2ddfb5b1b8] Generating... 0 ready, 0 failed / 4 total (18s) image 99% [THAM CHIẾ image 99% [THAM CHIẾ image 99% [THAM CHIẾ image 99% [THAM CHIẾ
2026-09-06T10:05:54.459Z [c6caa795-9546-4fe4-9064-7d29cb35816e][fdfbd39c-aa59-4b23-a3ac-5f2ddfb5b1b8] Generating... 0 ready, 0 failed / 4 total (6s) image 84% [THAM CHIẾ image 84% [THAM CHIẾ image 84% [THAM CHIẾ image 84% [THAM CHIẾ
2026-09-06T10:05:56.560Z [e03a82f4-ae77-41ab-a651-13785f2a2695][fdfbd39c-aa59-4b23-a3ac-5f2ddfb5b1b8] Generating... 0 ready, 0 failed / 4 total (21s) image 99% [THAM CHIẾ image 99% [THAM CHIẾ image 99% [THAM CHIẾ image 99% [THAM CHIẾ
2026-09-06T10:05:57.482Z [c6caa795-9546-4fe4-9064-7d29cb35816e][fdfbd39c-aa59-4b23-a3ac-5f2ddfb5b1b8] Generating... 0 ready, 0 failed / 4 total (9s) image 99% [THAM CHIẾ image 99% [THAM CHIẾ image 99% [THAM CHIẾ image 99% [THAM CHIẾ
2026-09-06T10:05:59.581Z [e03a82f4-ae77-41ab-a651-13785f2a2695][fdfbd39c-aa59-4b23-a3ac-5f2ddfb5b1b8] Generating... 0 ready, 0 failed / 4 total (24s) image 99% [THAM CHIẾ image 99% [THAM CHIẾ image 99% [THAM CHIẾ image 99% [THAM CHIẾ
2026-09-06T10:06:00.509Z [c6caa795-9546-4fe4-9064-7d29cb35816e][fdfbd39c-aa59-4b23-a3ac-5f2ddfb5b1b8] Generating... 0 ready, 0 failed / 4 total (12s) image 99% [THAM CHIẾ image 99% [THAM CHIẾ image 99% [THAM CHIẾ image 99% [THAM CHIẾ
2026-09-06T10:06:02.602Z [e03a82f4-ae77-41ab-a651-13785f2a2695][fdfbd39c-aa59-4b23-a3ac-5f2ddfb5b1b8] Generating... 0 ready, 0 failed / 4 total (27s) image 99% [THAM CHIẾ image 99% [THAM CHIẾ image 99% [THAM CHIẾ image 99% [THAM CHIẾ
2026-09-06T10:06:03.525Z [c6caa795-9546-4fe4-9064-7d29cb35816e][fdfbd39c-aa59-4b23-a3ac-5f2ddfb5b1b8] Generating... 0 ready, 0 failed / 4 total (15s) image 99% [THAM CHIẾ image 99% [THAM CHIẾ image 99% [THAM CHIẾ image 99% [THAM CHIẾ
2026-09-06T10:06:05.624Z [e03a82f4-ae77-41ab-a651-13785f2a2695][fdfbd39c-aa59-4b23-a3ac-5f2ddfb5b1b8] Generating... 0 ready, 0 failed / 4 total (30s) image 99% [THAM CHIẾ image 99% [THAM CHIẾ image 99% [THAM CHIẾ image 99% [THAM CHIẾ
2026-09-06T10:06:06.547Z [c6caa795-9546-4fe4-9064-7d29cb35816e][fdfbd39c-aa59-4b23-a3ac-5f2ddfb5b1b8] Generating... 0 ready, 0 failed / 4 total (18s) image 99% [THAM CHIẾ image 99% [THAM CHIẾ image 99% [THAM CHIẾ image 99% [THAM CHIẾ
2026-09-06T10:06:08.651Z [e03a82f4-ae77-41ab-a651-13785f2a2695][fdfbd39c-aa59-4b23-a3ac-5f2ddfb5b1b8] Generating... 0 ready, 0 failed / 4 total (33s) image 99% [THAM CHIẾ image 99% [THAM CHIẾ image 99% [THAM CHIẾ image 99% [THAM CHIẾ
2026-09-06T10:06:09.576Z [c6caa795-9546-4fe4-9064-7d29cb35816e][fdfbd39c-aa59-4b23-a3ac-5f2ddfb5b1b8] Generating... 0 ready, 0 failed / 4 total (21s) image 99% [THAM CHIẾ image 99% [THAM CHIẾ image 99% [THAM CHIẾ image 99% [THAM CHIẾ
2026-09-06T10:06:11.676Z [e03a82f4-ae77-41ab-a651-13785f2a2695][fdfbd39c-aa59-4b23-a3ac-5f2ddfb5b1b8] Generating... 0 ready, 0 failed / 4 total (36s) image 99% [THAM CHIẾ image 99% [THAM CHIẾ [THAM CHIẾU]Arlo Sch image 99% [THAM CHIẾ
2026-09-06T10:06:12.617Z [c6caa795-9546-4fe4-9064-7d29cb35816e][fdfbd39c-aa59-4b23-a3ac-5f2ddfb5b1b8] Generating... 0 ready, 0 failed / 4 total (24s) image 99% [THAM CHIẾ image 99% [THAM CHIẾ image 99% [THAM CHIẾ image 99% [THAM CHIẾ
2026-09-06T10:06:14.708Z [e03a82f4-ae77-41ab-a651-13785f2a2695][fdfbd39c-aa59-4b23-a3ac-5f2ddfb5b1b8] Generating... 1 ready, 0 failed / 4 total (39s) image 99% [THAM CHIẾ image 99% [THAM CHIẾ image 99% [THAM CHIẾ
2026-09-06T10:06:15.637Z [c6caa795-9546-4fe4-9064-7d29cb35816e][fdfbd39c-aa59-4b23-a3ac-5f2ddfb5b1b8] Generating... 0 ready, 0 failed / 4 total (27s) image 99% [THAM CHIẾ image 99% [THAM CHIẾ image 99% [THAM CHIẾ image 99% [THAM CHIẾ
2026-09-06T10:06:17.872Z [e03a82f4-ae77-41ab-a651-13785f2a2695][fdfbd39c-aa59-4b23-a3ac-5f2ddfb5b1b8] Generating... 1 ready, 0 failed / 4 total (43s) image 99% [THAM CHIẾ image 99% [THAM CHIẾ image 99% [THAM CHIẾ
2026-09-06T10:06:18.674Z [c6caa795-9546-4fe4-9064-7d29cb35816e][fdfbd39c-aa59-4b23-a3ac-5f2ddfb5b1b8] Generating... 0 ready, 0 failed / 4 total (30s) image 99% [THAM CHIẾ image 99% [THAM CHIẾ [THAM CHIẾU]Fake Dri image 99% [THAM CHIẾ
2026-09-06T10:06:20.907Z [e03a82f4-ae77-41ab-a651-13785f2a2695][fdfbd39c-aa59-4b23-a3ac-5f2ddfb5b1b8] Generating... 1 ready, 0 failed / 4 total (46s) image 99% [THAM CHIẾ image 99% [THAM CHIẾ image 99% [THAM CHIẾ
2026-09-06T10:06:21.707Z [c6caa795-9546-4fe4-9064-7d29cb35816e][fdfbd39c-aa59-4b23-a3ac-5f2ddfb5b1b8] Generating... 1 ready, 0 failed / 4 total (33s) image 99% [THAM CHIẾ [THAM CHIẾU]Fake Dri image 99% [THAM CHIẾ
2026-09-06T10:06:23.941Z [e03a82f4-ae77-41ab-a651-13785f2a2695][fdfbd39c-aa59-4b23-a3ac-5f2ddfb5b1b8] Generating... 1 ready, 0 failed / 4 total (49s) image 99% [THAM CHIẾ image 99% [THAM CHIẾ [THAM CHIẾU]Arlo Sch
2026-09-06T10:06:24.733Z [c6caa795-9546-4fe4-9064-7d29cb35816e][fdfbd39c-aa59-4b23-a3ac-5f2ddfb5b1b8] Generating... 2 ready, 0 failed / 4 total (36s) image 99% [THAM CHIẾ image 99% [THAM CHIẾ
2026-09-06T10:06:26.969Z [e03a82f4-ae77-41ab-a651-13785f2a2695][fdfbd39c-aa59-4b23-a3ac-5f2ddfb5b1b8] Generating... 2 ready, 0 failed / 4 total (52s) [THAM CHIẾU]Arlo Sch image 99% [THAM CHIẾ
2026-09-06T10:06:27.765Z [c6caa795-9546-4fe4-9064-7d29cb35816e][fdfbd39c-aa59-4b23-a3ac-5f2ddfb5b1b8] Generating... 2 ready, 0 failed / 4 total (39s) image 99% [THAM CHIẾ image 99% [THAM CHIẾ
2026-09-06T10:06:30.015Z [e03a82f4-ae77-41ab-a651-13785f2a2695][fdfbd39c-aa59-4b23-a3ac-5f2ddfb5b1b8] Generating... 3 ready, 0 failed / 4 total (55s) [THAM CHIẾU]Arlo Sch
2026-09-06T10:06:30.805Z [c6caa795-9546-4fe4-9064-7d29cb35816e][fdfbd39c-aa59-4b23-a3ac-5f2ddfb5b1b8] Generating... 2 ready, 0 failed / 4 total (42s) image 99% [THAM CHIẾ image 99% [THAM CHIẾ
2026-09-06T10:06:33.046Z [e03a82f4-ae77-41ab-a651-13785f2a2695][fdfbd39c-aa59-4b23-a3ac-5f2ddfb5b1b8] Generating... 4 ready, 0 failed / 4 total (58s)
2026-09-06T10:06:33.047Z [e03a82f4-ae77-41ab-a651-13785f2a2695][fdfbd39c-aa59-4b23-a3ac-5f2ddfb5b1b8] Batch done: 4 ready (target 4), 0 failed, scanned 4.
2026-09-06T10:06:33.048Z [e03a82f4-ae77-41ab-a651-13785f2a2695][fdfbd39c-aa59-4b23-a3ac-5f2ddfb5b1b8] 4 item(s) ready! Downloading...
2026-09-06T10:06:33.055Z [e03a82f4-ae77-41ab-a651-13785f2a2695][fdfbd39c-aa59-4b23-a3ac-5f2ddfb5b1b8] Item 1: Downloading from URL https://flow-content.google/image/c1cbad19-c0f2-44e2-8922-dcded158dac5?Expires=1788710732&KeyName=labs-flow-prod-cdn-key&Signature=rpi5YKEQu7XI1Rb8bgYhqwCrCP8
2026-09-06T10:06:33.362Z [e03a82f4-ae77-41ab-a651-13785f2a2695][fdfbd39c-aa59-4b23-a3ac-5f2ddfb5b1b8] Downloaded 1/4: winai_2026-09-06T10-06-33_01.jpg
2026-09-06T10:06:33.366Z [e03a82f4-ae77-41ab-a651-13785f2a2695][fdfbd39c-aa59-4b23-a3ac-5f2ddfb5b1b8] Item 2: Downloading from URL https://flow-content.google/image/98b7892a-f6c4-4e2a-9063-21fd09f0d5e1?Expires=1788710731&KeyName=labs-flow-prod-cdn-key&Signature=w_fqIMRSYmSJIZsqwA46zJpVYaI
2026-09-06T10:06:33.472Z [e03a82f4-ae77-41ab-a651-13785f2a2695][fdfbd39c-aa59-4b23-a3ac-5f2ddfb5b1b8] Downloaded 2/4: winai_2026-09-06T10-06-33_02.jpg
2026-09-06T10:06:33.474Z [e03a82f4-ae77-41ab-a651-13785f2a2695][fdfbd39c-aa59-4b23-a3ac-5f2ddfb5b1b8] Item 3: Downloading from URL https://flow-content.google/image/ba5e62cf-d146-4c00-8cae-7af911437950?Expires=1788710730&KeyName=labs-flow-prod-cdn-key&Signature=5YABHTNY75GEdM4BZgxjBsRPz5o
2026-09-06T10:06:33.584Z [e03a82f4-ae77-41ab-a651-13785f2a2695][fdfbd39c-aa59-4b23-a3ac-5f2ddfb5b1b8] Downloaded 3/4: winai_2026-09-06T10-06-33_03.jpg
2026-09-06T10:06:33.592Z [e03a82f4-ae77-41ab-a651-13785f2a2695][fdfbd39c-aa59-4b23-a3ac-5f2ddfb5b1b8] Item 4: Downloading from URL https://flow-content.google/image/07afc357-4bcd-4dbd-9b4d-de82b91544ce?Expires=1788710730&KeyName=labs-flow-prod-cdn-key&Signature=RkzC2xQTCfrz0oN-DTVyrWLnuLk
2026-09-06T10:06:33.699Z [e03a82f4-ae77-41ab-a651-13785f2a2695][fdfbd39c-aa59-4b23-a3ac-5f2ddfb5b1b8] Downloaded 4/4: winai_2026-09-06T10-06-33_04.jpg
2026-09-06T10:06:33.700Z [e03a82f4-ae77-41ab-a651-13785f2a2695][fdfbd39c-aa59-4b23-a3ac-5f2ddfb5b1b8] ✅ 4 item(s) saved to Downloads/Win AI Toolkit/
2026-09-06T10:06:33.842Z [c6caa795-9546-4fe4-9064-7d29cb35816e][fdfbd39c-aa59-4b23-a3ac-5f2ddfb5b1b8] Generating... 2 ready, 0 failed / 4 total (45s) image 99% [THAM CHIẾ image 99% [THAM CHIẾ
2026-09-06T10:06:34.289Z [e03a82f4-ae77-41ab-a651-13785f2a2695][fdfbd39c-aa59-4b23-a3ac-5f2ddfb5b1b8] Item 1: Uploaded → https://studio.xanhmedia.vn/uploads/2026-09/1788689194212_ce652e_fdfbd39c-aa59-4b23-a3ac-5f2ddfb5b1b8_e03.jpg
2026-09-06T10:06:34.331Z [e03a82f4-ae77-41ab-a651-13785f2a2695][fdfbd39c-aa59-4b23-a3ac-5f2ddfb5b1b8] Item 2: Uploaded → https://studio.xanhmedia.vn/uploads/2026-09/1788689194258_138378_fdfbd39c-aa59-4b23-a3ac-5f2ddfb5b1b8_e03.jpg
2026-09-06T10:06:34.359Z [e03a82f4-ae77-41ab-a651-13785f2a2695][fdfbd39c-aa59-4b23-a3ac-5f2ddfb5b1b8] Item 4: Uploaded → https://studio.xanhmedia.vn/uploads/2026-09/1788689194287_f24f22_fdfbd39c-aa59-4b23-a3ac-5f2ddfb5b1b8_e03.jpg
2026-09-06T10:06:34.382Z [e03a82f4-ae77-41ab-a651-13785f2a2695][fdfbd39c-aa59-4b23-a3ac-5f2ddfb5b1b8] Item 3: Uploaded → https://studio.xanhmedia.vn/uploads/2026-09/1788689194299_9ae4b6_fdfbd39c-aa59-4b23-a3ac-5f2ddfb5b1b8_e03.jpg
2026-09-06T10:06:34.426Z [e03a82f4-ae77-41ab-a651-13785f2a2695][fdfbd39c-aa59-4b23-a3ac-5f2ddfb5b1b8] All done (including any 1080p upgrades). Closing Playwright browser context.
2026-09-06T10:06:35.570Z [71f2458b-4897-4bb7-9d92-5606c9807019][fdfbd39c-aa59-4b23-a3ac-5f2ddfb5b1b8] runGeneration starting: task_id=71f2458b-4897-4bb7-9d92-5606c9807019, profile_id=fdfbd39c-aa59-4b23-a3ac-5f2ddfb5b1b8, target_site=google_flow
2026-09-06T10:06:35.573Z [71f2458b-4897-4bb7-9d92-5606c9807019][fdfbd39c-aa59-4b23-a3ac-5f2ddfb5b1b8] Opening Playwright browser with persistent profile cookies...
2026-09-06T10:06:35.574Z [71f2458b-4897-4bb7-9d92-5606c9807019][fdfbd39c-aa59-4b23-a3ac-5f2ddfb5b1b8] Browser engine: winhide (C:\Users\MienTrungComputer\AppData\Roaming\com.tank.winai\winhide\chrome.exe)
2026-09-06T10:06:35.576Z [71f2458b-4897-4bb7-9d92-5606c9807019][fdfbd39c-aa59-4b23-a3ac-5f2ddfb5b1b8] Launch mode: STEALTH (raw spawn + connectOverCDP)
2026-09-06T10:06:36.879Z [c6caa795-9546-4fe4-9064-7d29cb35816e][fdfbd39c-aa59-4b23-a3ac-5f2ddfb5b1b8] Generating... 2 ready, 0 failed / 4 total (48s) [THAM CHIẾU]Fake Dri image 99% [THAM CHIẾ
2026-09-06T10:06:39.955Z [c6caa795-9546-4fe4-9064-7d29cb35816e][fdfbd39c-aa59-4b23-a3ac-5f2ddfb5b1b8] Generating... 3 ready, 0 failed / 4 total (52s) [THAM CHIẾU]Fake Dri
2026-09-06T10:06:40.016Z [71f2458b-4897-4bb7-9d92-5606c9807019][fdfbd39c-aa59-4b23-a3ac-5f2ddfb5b1b8] Exit IP: 171.229.14.52
2026-09-06T10:06:40.019Z [71f2458b-4897-4bb7-9d92-5606c9807019][fdfbd39c-aa59-4b23-a3ac-5f2ddfb5b1b8] Navigating browser to Google Flow tools page...
2026-09-06T10:06:40.021Z [71f2458b-4897-4bb7-9d92-5606c9807019][fdfbd39c-aa59-4b23-a3ac-5f2ddfb5b1b8] Using existing project URL: https://flow.google.com/project/390215dc-290f-4b92-a7f0-dd2b6651acfb?hl=en
2026-09-06T10:06:41.280Z [71f2458b-4897-4bb7-9d92-5606c9807019][fdfbd39c-aa59-4b23-a3ac-5f2ddfb5b1b8] Waiting for Google Flow...
2026-09-06T10:06:42.987Z [c6caa795-9546-4fe4-9064-7d29cb35816e][fdfbd39c-aa59-4b23-a3ac-5f2ddfb5b1b8] Generating... 4 ready, 0 failed / 4 total (55s)
2026-09-06T10:06:42.989Z [c6caa795-9546-4fe4-9064-7d29cb35816e][fdfbd39c-aa59-4b23-a3ac-5f2ddfb5b1b8] Batch done: 4 ready (target 4), 0 failed, scanned 4.
2026-09-06T10:06:42.991Z [c6caa795-9546-4fe4-9064-7d29cb35816e][fdfbd39c-aa59-4b23-a3ac-5f2ddfb5b1b8] 4 item(s) ready! Downloading...
2026-09-06T10:06:42.995Z [c6caa795-9546-4fe4-9064-7d29cb35816e][fdfbd39c-aa59-4b23-a3ac-5f2ddfb5b1b8] Item 1: Downloading from URL https://flow-content.google/image/9fac3929-c6ec-4f28-b5ae-d649606b3c28?Expires=1788710745&KeyName=labs-flow-prod-cdn-key&Signature=_fGTHbeOtac4GEv33CARHP9RhpI
2026-09-06T10:06:43.428Z [c6caa795-9546-4fe4-9064-7d29cb35816e][fdfbd39c-aa59-4b23-a3ac-5f2ddfb5b1b8] Downloaded 1/4: winai_2026-09-06T10-06-42_01.jpg
2026-09-06T10:06:43.433Z [c6caa795-9546-4fe4-9064-7d29cb35816e][fdfbd39c-aa59-4b23-a3ac-5f2ddfb5b1b8] Item 2: Downloading from URL https://flow-content.google/image/0d46eadd-3db4-4140-9119-b7ed7316b9f3?Expires=1788710744&KeyName=labs-flow-prod-cdn-key&Signature=bw2l2QWjpgi_1HpL4C4HUJtNk0c
2026-09-06T10:06:43.561Z [c6caa795-9546-4fe4-9064-7d29cb35816e][fdfbd39c-aa59-4b23-a3ac-5f2ddfb5b1b8] Downloaded 2/4: winai_2026-09-06T10-06-42_02.jpg
2026-09-06T10:06:43.562Z [c6caa795-9546-4fe4-9064-7d29cb35816e][fdfbd39c-aa59-4b23-a3ac-5f2ddfb5b1b8] Item 3: Downloading from URL https://flow-content.google/image/916868e4-b83b-4c2a-b516-ad292c0238bd?Expires=1788710743&KeyName=labs-flow-prod-cdn-key&Signature=SVusyIQtB2qGhN8zAFTivjfhL8M
2026-09-06T10:06:43.694Z [c6caa795-9546-4fe4-9064-7d29cb35816e][fdfbd39c-aa59-4b23-a3ac-5f2ddfb5b1b8] Downloaded 3/4: winai_2026-09-06T10-06-42_03.jpg
2026-09-06T10:06:43.695Z [c6caa795-9546-4fe4-9064-7d29cb35816e][fdfbd39c-aa59-4b23-a3ac-5f2ddfb5b1b8] Item 4: Downloading from URL https://flow-content.google/image/c3ec9568-8a15-4bdb-af25-42e2d38e9148?Expires=1788710743&KeyName=labs-flow-prod-cdn-key&Signature=FfSHMd8kJufrjp6yaroU8gAQ_F4
2026-09-06T10:06:43.786Z [71f2458b-4897-4bb7-9d92-5606c9807019][fdfbd39c-aa59-4b23-a3ac-5f2ddfb5b1b8] In existing project ✓
2026-09-06T10:06:43.842Z [c6caa795-9546-4fe4-9064-7d29cb35816e][fdfbd39c-aa59-4b23-a3ac-5f2ddfb5b1b8] Downloaded 4/4: winai_2026-09-06T10-06-42_04.jpg
2026-09-06T10:06:43.843Z [c6caa795-9546-4fe4-9064-7d29cb35816e][fdfbd39c-aa59-4b23-a3ac-5f2ddfb5b1b8] ✅ 4 item(s) saved to Downloads/Win AI Toolkit/
2026-09-06T10:06:44.511Z [c6caa795-9546-4fe4-9064-7d29cb35816e][fdfbd39c-aa59-4b23-a3ac-5f2ddfb5b1b8] Item 1: Uploaded → https://studio.xanhmedia.vn/uploads/2026-09/1788689204432_1aec5f_fdfbd39c-aa59-4b23-a3ac-5f2ddfb5b1b8_c6c.jpg
2026-09-06T10:06:44.517Z [3acfb755-17f9-484a-a948-76cea79cbbe8][fdfbd39c-aa59-4b23-a3ac-5f2ddfb5b1b8] runGeneration starting: task_id=3acfb755-17f9-484a-a948-76cea79cbbe8, profile_id=fdfbd39c-aa59-4b23-a3ac-5f2ddfb5b1b8, target_site=google_flow
2026-09-06T10:06:44.519Z [3acfb755-17f9-484a-a948-76cea79cbbe8][fdfbd39c-aa59-4b23-a3ac-5f2ddfb5b1b8] Opening Playwright browser with persistent profile cookies...
2026-09-06T10:06:44.521Z [3acfb755-17f9-484a-a948-76cea79cbbe8][fdfbd39c-aa59-4b23-a3ac-5f2ddfb5b1b8] Browser engine: winhide (C:\Users\MienTrungComputer\AppData\Roaming\com.tank.winai\winhide\chrome.exe)
2026-09-06T10:06:44.524Z [3acfb755-17f9-484a-a948-76cea79cbbe8][fdfbd39c-aa59-4b23-a3ac-5f2ddfb5b1b8] Launch mode: STEALTH (raw spawn + connectOverCDP)
2026-09-06T10:06:44.593Z [c6caa795-9546-4fe4-9064-7d29cb35816e][fdfbd39c-aa59-4b23-a3ac-5f2ddfb5b1b8] Item 2: Uploaded → https://studio.xanhmedia.vn/uploads/2026-09/1788689204504_baa9b3_fdfbd39c-aa59-4b23-a3ac-5f2ddfb5b1b8_c6c.jpg
2026-09-06T10:06:44.598Z [c6caa795-9546-4fe4-9064-7d29cb35816e][fdfbd39c-aa59-4b23-a3ac-5f2ddfb5b1b8] Item 3: Uploaded → https://studio.xanhmedia.vn/uploads/2026-09/1788689204509_3f64dd_fdfbd39c-aa59-4b23-a3ac-5f2ddfb5b1b8_c6c.jpg
2026-09-06T10:06:44.629Z [c6caa795-9546-4fe4-9064-7d29cb35816e][fdfbd39c-aa59-4b23-a3ac-5f2ddfb5b1b8] Item 4: Uploaded → https://studio.xanhmedia.vn/uploads/2026-09/1788689204546_4daa3f_fdfbd39c-aa59-4b23-a3ac-5f2ddfb5b1b8_c6c.jpg
2026-09-06T10:06:44.668Z [c6caa795-9546-4fe4-9064-7d29cb35816e][fdfbd39c-aa59-4b23-a3ac-5f2ddfb5b1b8] All done (including any 1080p upgrades). Closing Playwright browser context.
2026-09-06T10:06:44.719Z [71f2458b-4897-4bb7-9d92-5606c9807019][fdfbd39c-aa59-4b23-a3ac-5f2ddfb5b1b8] dismissPopups: unresolved overlay(s) ["IFRAME[presentation]|btns="]
2026-09-06T10:06:48.789Z [3acfb755-17f9-484a-a948-76cea79cbbe8][fdfbd39c-aa59-4b23-a3ac-5f2ddfb5b1b8] Exit IP: 171.229.14.52
2026-09-06T10:06:48.790Z [3acfb755-17f9-484a-a948-76cea79cbbe8][fdfbd39c-aa59-4b23-a3ac-5f2ddfb5b1b8] Navigating browser to Google Flow tools page...
2026-09-06T10:06:48.791Z [3acfb755-17f9-484a-a948-76cea79cbbe8][fdfbd39c-aa59-4b23-a3ac-5f2ddfb5b1b8] Using existing project URL: https://flow.google.com/project/f4a8359f-f480-4865-9eef-7927ee95f030?hl=en
2026-09-06T10:06:50.240Z [3acfb755-17f9-484a-a948-76cea79cbbe8][fdfbd39c-aa59-4b23-a3ac-5f2ddfb5b1b8] Waiting for Google Flow...
2026-09-06T10:06:50.259Z [71f2458b-4897-4bb7-9d92-5606c9807019][fdfbd39c-aa59-4b23-a3ac-5f2ddfb5b1b8] Composer ready ✓ (UI language: en)
2026-09-06T10:06:50.384Z [71f2458b-4897-4bb7-9d92-5606c9807019][fdfbd39c-aa59-4b23-a3ac-5f2ddfb5b1b8] dismissPopups: clicked "Dismiss credit banner" (overlay)
2026-09-06T10:06:50.919Z [71f2458b-4897-4bb7-9d92-5606c9807019][fdfbd39c-aa59-4b23-a3ac-5f2ddfb5b1b8] dismissPopups: unresolved overlay(s) ["DIV[]|btns=","DIV[]|btns="]
2026-09-06T10:06:50.974Z [71f2458b-4897-4bb7-9d92-5606c9807019][fdfbd39c-aa59-4b23-a3ac-5f2ddfb5b1b8] Agent toggle aria-pressed=false
2026-09-06T10:06:50.977Z [71f2458b-4897-4bb7-9d92-5606c9807019][fdfbd39c-aa59-4b23-a3ac-5f2ddfb5b1b8] Opening settings...
2026-09-06T10:06:52.597Z [3acfb755-17f9-484a-a948-76cea79cbbe8][fdfbd39c-aa59-4b23-a3ac-5f2ddfb5b1b8] In existing project ✓
2026-09-06T10:06:53.604Z [71f2458b-4897-4bb7-9d92-5606c9807019][fdfbd39c-aa59-4b23-a3ac-5f2ddfb5b1b8] Configuring image settings...
2026-09-06T10:06:55.345Z [71f2458b-4897-4bb7-9d92-5606c9807019][fdfbd39c-aa59-4b23-a3ac-5f2ddfb5b1b8] Mode: selected "image Image" ✓
2026-09-06T10:06:55.975Z [3acfb755-17f9-484a-a948-76cea79cbbe8][fdfbd39c-aa59-4b23-a3ac-5f2ddfb5b1b8] dismissPopups: clicked "Dismiss credit banner" (overlay)
2026-09-06T10:06:56.529Z [3acfb755-17f9-484a-a948-76cea79cbbe8][fdfbd39c-aa59-4b23-a3ac-5f2ddfb5b1b8] dismissPopups: unresolved overlay(s) ["DIV[]|btns=","DIV[]|btns="]
2026-09-06T10:06:56.665Z [3acfb755-17f9-484a-a948-76cea79cbbe8][fdfbd39c-aa59-4b23-a3ac-5f2ddfb5b1b8] Composer ready ✓ (UI language: en)
2026-09-06T10:06:56.687Z [3acfb755-17f9-484a-a948-76cea79cbbe8][fdfbd39c-aa59-4b23-a3ac-5f2ddfb5b1b8] dismissPopups: unresolved overlay(s) ["DIV[]|btns=","DIV[]|btns="]
2026-09-06T10:06:56.719Z [3acfb755-17f9-484a-a948-76cea79cbbe8][fdfbd39c-aa59-4b23-a3ac-5f2ddfb5b1b8] Agent toggle aria-pressed=false
2026-09-06T10:06:56.720Z [3acfb755-17f9-484a-a948-76cea79cbbe8][fdfbd39c-aa59-4b23-a3ac-5f2ddfb5b1b8] Opening settings...
2026-09-06T10:06:58.787Z [3acfb755-17f9-484a-a948-76cea79cbbe8][fdfbd39c-aa59-4b23-a3ac-5f2ddfb5b1b8] Configuring image settings...
2026-09-06T10:07:00.282Z [3acfb755-17f9-484a-a948-76cea79cbbe8][fdfbd39c-aa59-4b23-a3ac-5f2ddfb5b1b8] Mode: selected "image Image" ✓
2026-09-06T10:07:00.308Z [71f2458b-4897-4bb7-9d92-5606c9807019][fdfbd39c-aa59-4b23-a3ac-5f2ddfb5b1b8] Model: selected "🍌 Nano Banana 2" ✓
2026-09-06T10:07:00.846Z [71f2458b-4897-4bb7-9d92-5606c9807019][fdfbd39c-aa59-4b23-a3ac-5f2ddfb5b1b8] Aspect ratio: "crop_16_9 16:9" already selected ✓
2026-09-06T10:07:02.551Z [71f2458b-4897-4bb7-9d92-5606c9807019][fdfbd39c-aa59-4b23-a3ac-5f2ddfb5b1b8] Output count: selected "x4" ✓
2026-09-06T10:07:03.636Z [71f2458b-4897-4bb7-9d92-5606c9807019][fdfbd39c-aa59-4b23-a3ac-5f2ddfb5b1b8] Ref image 1/7: downloading from URL...
2026-09-06T10:07:03.987Z [71f2458b-4897-4bb7-9d92-5606c9807019][fdfbd39c-aa59-4b23-a3ac-5f2ddfb5b1b8] Downloader: no-proxy request context ready.
2026-09-06T10:07:04.564Z [71f2458b-4897-4bb7-9d92-5606c9807019][fdfbd39c-aa59-4b23-a3ac-5f2ddfb5b1b8] Ref image 1/7: saved 524794 bytes (image/jpeg) as "Verdant Police Officer Team.jpeg"
2026-09-06T10:07:04.573Z [71f2458b-4897-4bb7-9d92-5606c9807019][fdfbd39c-aa59-4b23-a3ac-5f2ddfb5b1b8] Ref image 1/7: attaching reference image...
2026-09-06T10:07:05.015Z [3acfb755-17f9-484a-a948-76cea79cbbe8][fdfbd39c-aa59-4b23-a3ac-5f2ddfb5b1b8] Model: selected "🍌 Nano Banana 2" ✓
2026-09-06T10:07:05.647Z [3acfb755-17f9-484a-a948-76cea79cbbe8][fdfbd39c-aa59-4b23-a3ac-5f2ddfb5b1b8] Aspect ratio: "crop_16_9 16:9" already selected ✓
2026-09-06T10:07:07.155Z [71f2458b-4897-4bb7-9d92-5606c9807019][fdfbd39c-aa59-4b23-a3ac-5f2ddfb5b1b8] Ref image 1/7: "Verdant Police Officer Team.jpeg" not in the library yet — uploading it first.
2026-09-06T10:07:07.540Z [3acfb755-17f9-484a-a948-76cea79cbbe8][fdfbd39c-aa59-4b23-a3ac-5f2ddfb5b1b8] Output count: selected "x4" ✓
2026-09-06T10:07:08.608Z [3acfb755-17f9-484a-a948-76cea79cbbe8][fdfbd39c-aa59-4b23-a3ac-5f2ddfb5b1b8] Ref image 1/6: downloading from URL...
2026-09-06T10:07:09.098Z [3acfb755-17f9-484a-a948-76cea79cbbe8][fdfbd39c-aa59-4b23-a3ac-5f2ddfb5b1b8] Downloader: no-proxy request context ready.
2026-09-06T10:07:09.677Z [3acfb755-17f9-484a-a948-76cea79cbbe8][fdfbd39c-aa59-4b23-a3ac-5f2ddfb5b1b8] Ref image 1/6: saved 524794 bytes (image/jpeg) as "Verdant Police Officer Team.jpeg"
2026-09-06T10:07:09.687Z [3acfb755-17f9-484a-a948-76cea79cbbe8][fdfbd39c-aa59-4b23-a3ac-5f2ddfb5b1b8] Ref image 1/6: attaching reference image...
2026-09-06T10:07:11.693Z [71f2458b-4897-4bb7-9d92-5606c9807019][fdfbd39c-aa59-4b23-a3ac-5f2ddfb5b1b8] Ref image 1/7: uploading "Verdant Police Officer Team.jpeg" to the project library...
2026-09-06T10:07:12.229Z [3acfb755-17f9-484a-a948-76cea79cbbe8][fdfbd39c-aa59-4b23-a3ac-5f2ddfb5b1b8] Ref image 1/6: reusing library asset "Verdant Police Officer Team.jpeg" (no re-upload).
2026-09-06T10:07:12.914Z [71f2458b-4897-4bb7-9d92-5606c9807019][fdfbd39c-aa59-4b23-a3ac-5f2ddfb5b1b8] Ref image 1/7: upload finished ✓
2026-09-06T10:07:15.876Z [3acfb755-17f9-484a-a948-76cea79cbbe8][fdfbd39c-aa59-4b23-a3ac-5f2ddfb5b1b8] Ref image 1/6: chips 0→1 ✓
2026-09-06T10:07:17.507Z [3acfb755-17f9-484a-a948-76cea79cbbe8][fdfbd39c-aa59-4b23-a3ac-5f2ddfb5b1b8] Ref image 2/6: downloading from URL...
2026-09-06T10:07:17.903Z [3acfb755-17f9-484a-a948-76cea79cbbe8][fdfbd39c-aa59-4b23-a3ac-5f2ddfb5b1b8] Ref image 2/6: saved 559623 bytes (image/jpeg) as "Fake Driver Driver Disguise State.jpeg"
2026-09-06T10:07:17.916Z [3acfb755-17f9-484a-a948-76cea79cbbe8][fdfbd39c-aa59-4b23-a3ac-5f2ddfb5b1b8] Ref image 2/6: attaching reference image...
2026-09-06T10:07:20.934Z [3acfb755-17f9-484a-a948-76cea79cbbe8][fdfbd39c-aa59-4b23-a3ac-5f2ddfb5b1b8] Ref image 2/6: reusing library asset "Fake Driver Driver Disguise State.jpeg" (no re-upload).
2026-09-06T10:07:22.966Z [71f2458b-4897-4bb7-9d92-5606c9807019][fdfbd39c-aa59-4b23-a3ac-5f2ddfb5b1b8] Ref image 1/7: chips 0→1 ✓
2026-09-06T10:07:24.367Z [3acfb755-17f9-484a-a948-76cea79cbbe8][fdfbd39c-aa59-4b23-a3ac-5f2ddfb5b1b8] Ref image 2/6: chips 1→2 ✓
2026-09-06T10:07:24.672Z [71f2458b-4897-4bb7-9d92-5606c9807019][fdfbd39c-aa59-4b23-a3ac-5f2ddfb5b1b8] Ref image 2/7: downloading from URL...
2026-09-06T10:07:25.038Z [71f2458b-4897-4bb7-9d92-5606c9807019][fdfbd39c-aa59-4b23-a3ac-5f2ddfb5b1b8] Ref image 2/7: saved 559623 bytes (image/jpeg) as "Fake Driver Driver Disguise State.jpeg"
2026-09-06T10:07:25.048Z [71f2458b-4897-4bb7-9d92-5606c9807019][fdfbd39c-aa59-4b23-a3ac-5f2ddfb5b1b8] Ref image 2/7: attaching reference image...
2026-09-06T10:07:25.763Z [3acfb755-17f9-484a-a948-76cea79cbbe8][fdfbd39c-aa59-4b23-a3ac-5f2ddfb5b1b8] Ref image 3/6: downloading from URL...
2026-09-06T10:07:26.123Z [3acfb755-17f9-484a-a948-76cea79cbbe8][fdfbd39c-aa59-4b23-a3ac-5f2ddfb5b1b8] Ref image 3/6: saved 527475 bytes (image/jpeg) as "Arlo School Day.jpeg"
2026-09-06T10:07:26.137Z [3acfb755-17f9-484a-a948-76cea79cbbe8][fdfbd39c-aa59-4b23-a3ac-5f2ddfb5b1b8] Ref image 3/6: attaching reference image...
2026-09-06T10:07:27.387Z [71f2458b-4897-4bb7-9d92-5606c9807019][fdfbd39c-aa59-4b23-a3ac-5f2ddfb5b1b8] Ref image 2/7: reusing library asset "Fake Driver Driver Disguise State.jpeg" (no re-upload).
2026-09-06T10:07:28.637Z [3acfb755-17f9-484a-a948-76cea79cbbe8][fdfbd39c-aa59-4b23-a3ac-5f2ddfb5b1b8] Ref image 3/6: reusing library asset "Arlo School Day.jpeg" (no re-upload).
2026-09-06T10:07:31.959Z [71f2458b-4897-4bb7-9d92-5606c9807019][fdfbd39c-aa59-4b23-a3ac-5f2ddfb5b1b8] Ref image 2/7: chips 1→2 ✓
2026-09-06T10:07:32.450Z [3acfb755-17f9-484a-a948-76cea79cbbe8][fdfbd39c-aa59-4b23-a3ac-5f2ddfb5b1b8] Ref image 3/6: chips 2→3 ✓
2026-09-06T10:07:33.446Z [71f2458b-4897-4bb7-9d92-5606c9807019][fdfbd39c-aa59-4b23-a3ac-5f2ddfb5b1b8] Ref image 3/7: downloading from URL...
2026-09-06T10:07:33.784Z [71f2458b-4897-4bb7-9d92-5606c9807019][fdfbd39c-aa59-4b23-a3ac-5f2ddfb5b1b8] Ref image 3/7: saved 527475 bytes (image/jpeg) as "Arlo School Day.jpeg"
2026-09-06T10:07:33.792Z [71f2458b-4897-4bb7-9d92-5606c9807019][fdfbd39c-aa59-4b23-a3ac-5f2ddfb5b1b8] Ref image 3/7: attaching reference image...
2026-09-06T10:07:33.842Z [3acfb755-17f9-484a-a948-76cea79cbbe8][fdfbd39c-aa59-4b23-a3ac-5f2ddfb5b1b8] Ref image 4/6: downloading from URL...
2026-09-06T10:07:34.219Z [3acfb755-17f9-484a-a948-76cea79cbbe8][fdfbd39c-aa59-4b23-a3ac-5f2ddfb5b1b8] Ref image 4/6: saved 643624 bytes (image/jpeg) as "Nessa School Day.jpeg"
2026-09-06T10:07:34.230Z [3acfb755-17f9-484a-a948-76cea79cbbe8][fdfbd39c-aa59-4b23-a3ac-5f2ddfb5b1b8] Ref image 4/6: attaching reference image...
2026-09-06T10:07:35.981Z [71f2458b-4897-4bb7-9d92-5606c9807019][fdfbd39c-aa59-4b23-a3ac-5f2ddfb5b1b8] Ref image 3/7: reusing library asset "Arlo School Day.jpeg" (no re-upload).
2026-09-06T10:07:36.333Z [3acfb755-17f9-484a-a948-76cea79cbbe8][fdfbd39c-aa59-4b23-a3ac-5f2ddfb5b1b8] Ref image 4/6: reusing library asset "Nessa School Day.jpeg" (no re-upload).
2026-09-06T10:07:39.906Z [71f2458b-4897-4bb7-9d92-5606c9807019][fdfbd39c-aa59-4b23-a3ac-5f2ddfb5b1b8] Ref image 3/7: chips 2→3 ✓
2026-09-06T10:07:40.153Z [3acfb755-17f9-484a-a948-76cea79cbbe8][fdfbd39c-aa59-4b23-a3ac-5f2ddfb5b1b8] Ref image 4/6: chips 3→4 ✓
2026-09-06T10:07:41.143Z [71f2458b-4897-4bb7-9d92-5606c9807019][fdfbd39c-aa59-4b23-a3ac-5f2ddfb5b1b8] Ref image 4/7: downloading from URL...
2026-09-06T10:07:41.497Z [71f2458b-4897-4bb7-9d92-5606c9807019][fdfbd39c-aa59-4b23-a3ac-5f2ddfb5b1b8] Ref image 4/7: saved 643624 bytes (image/jpeg) as "Nessa School Day.jpeg"
2026-09-06T10:07:41.501Z [71f2458b-4897-4bb7-9d92-5606c9807019][fdfbd39c-aa59-4b23-a3ac-5f2ddfb5b1b8] Ref image 4/7: attaching reference image...
2026-09-06T10:07:41.610Z [3acfb755-17f9-484a-a948-76cea79cbbe8][fdfbd39c-aa59-4b23-a3ac-5f2ddfb5b1b8] Ref image 5/6: downloading from URL...
2026-09-06T10:07:41.951Z [3acfb755-17f9-484a-a948-76cea79cbbe8][fdfbd39c-aa59-4b23-a3ac-5f2ddfb5b1b8] Ref image 5/6: saved 509101 bytes (image/jpeg) as "Chili School Day.jpeg"
2026-09-06T10:07:41.956Z [3acfb755-17f9-484a-a948-76cea79cbbe8][fdfbd39c-aa59-4b23-a3ac-5f2ddfb5b1b8] Ref image 5/6: attaching reference image...
2026-09-06T10:07:43.591Z [71f2458b-4897-4bb7-9d92-5606c9807019][fdfbd39c-aa59-4b23-a3ac-5f2ddfb5b1b8] Ref image 4/7: reusing library asset "Nessa School Day.jpeg" (no re-upload).
2026-09-06T10:07:44.345Z [3acfb755-17f9-484a-a948-76cea79cbbe8][fdfbd39c-aa59-4b23-a3ac-5f2ddfb5b1b8] Ref image 5/6: reusing library asset "Chili School Day.jpeg" (no re-upload).
2026-09-06T10:07:46.910Z [71f2458b-4897-4bb7-9d92-5606c9807019][fdfbd39c-aa59-4b23-a3ac-5f2ddfb5b1b8] Ref image 4/7: chips 3→4 ✓
2026-09-06T10:07:48.104Z [3acfb755-17f9-484a-a948-76cea79cbbe8][fdfbd39c-aa59-4b23-a3ac-5f2ddfb5b1b8] Ref image 5/6: chips 4→5 ✓
2026-09-06T10:07:48.265Z [71f2458b-4897-4bb7-9d92-5606c9807019][fdfbd39c-aa59-4b23-a3ac-5f2ddfb5b1b8] Ref image 5/7: downloading from URL...
2026-09-06T10:07:48.607Z [71f2458b-4897-4bb7-9d92-5606c9807019][fdfbd39c-aa59-4b23-a3ac-5f2ddfb5b1b8] Ref image 5/7: saved 509101 bytes (image/jpeg) as "Chili School Day.jpeg"
2026-09-06T10:07:48.611Z [71f2458b-4897-4bb7-9d92-5606c9807019][fdfbd39c-aa59-4b23-a3ac-5f2ddfb5b1b8] Ref image 5/7: attaching reference image...
2026-09-06T10:07:49.886Z [3acfb755-17f9-484a-a948-76cea79cbbe8][fdfbd39c-aa59-4b23-a3ac-5f2ddfb5b1b8] Ref image 6/6: downloading from URL...
2026-09-06T10:07:50.254Z [3acfb755-17f9-484a-a948-76cea79cbbe8][fdfbd39c-aa59-4b23-a3ac-5f2ddfb5b1b8] Ref image 6/6: saved 703417 bytes (image/jpeg) as "Verdant School Bus Interior Master.jpeg"
2026-09-06T10:07:50.257Z [3acfb755-17f9-484a-a948-76cea79cbbe8][fdfbd39c-aa59-4b23-a3ac-5f2ddfb5b1b8] Ref image 6/6: attaching reference image...
2026-09-06T10:07:50.764Z [71f2458b-4897-4bb7-9d92-5606c9807019][fdfbd39c-aa59-4b23-a3ac-5f2ddfb5b1b8] Ref image 5/7: reusing library asset "Chili School Day.jpeg" (no re-upload).
2026-09-06T10:07:52.619Z [3acfb755-17f9-484a-a948-76cea79cbbe8][fdfbd39c-aa59-4b23-a3ac-5f2ddfb5b1b8] Ref image 6/6: reusing library asset "Verdant School Bus Interior Master.jpeg" (no re-upload).
2026-09-06T10:07:54.168Z [71f2458b-4897-4bb7-9d92-5606c9807019][fdfbd39c-aa59-4b23-a3ac-5f2ddfb5b1b8] Ref image 5/7: chips 4→5 ✓
2026-09-06T10:07:55.747Z [71f2458b-4897-4bb7-9d92-5606c9807019][fdfbd39c-aa59-4b23-a3ac-5f2ddfb5b1b8] Ref image 6/7: downloading from URL...
2026-09-06T10:07:56.111Z [71f2458b-4897-4bb7-9d92-5606c9807019][fdfbd39c-aa59-4b23-a3ac-5f2ddfb5b1b8] Ref image 6/7: saved 771798 bytes (image/jpeg) as "Verdant School Bus Exterior Master.jpeg"
2026-09-06T10:07:56.159Z [71f2458b-4897-4bb7-9d92-5606c9807019][fdfbd39c-aa59-4b23-a3ac-5f2ddfb5b1b8] Ref image 6/7: attaching reference image...
2026-09-06T10:07:56.444Z [3acfb755-17f9-484a-a948-76cea79cbbe8][fdfbd39c-aa59-4b23-a3ac-5f2ddfb5b1b8] Ref image 6/6: chips 5→6 ✓
2026-09-06T10:07:56.460Z [3acfb755-17f9-484a-a948-76cea79cbbe8][fdfbd39c-aa59-4b23-a3ac-5f2ddfb5b1b8] Entering prompt...
2026-09-06T10:07:58.221Z [71f2458b-4897-4bb7-9d92-5606c9807019][fdfbd39c-aa59-4b23-a3ac-5f2ddfb5b1b8] Ref image 6/7: "Verdant School Bus Exterior Master.jpeg" not in the library yet — uploading it first.
2026-09-06T10:07:58.444Z [3acfb755-17f9-484a-a948-76cea79cbbe8][fdfbd39c-aa59-4b23-a3ac-5f2ddfb5b1b8] Prompt is 1669 chars — typing it in 27 chunk(s).
2026-09-06T10:08:02.592Z [71f2458b-4897-4bb7-9d92-5606c9807019][fdfbd39c-aa59-4b23-a3ac-5f2ddfb5b1b8] Ref image 6/7: uploading "Verdant School Bus Exterior Master.jpeg" to the project library...
2026-09-06T10:08:03.883Z [71f2458b-4897-4bb7-9d92-5606c9807019][fdfbd39c-aa59-4b23-a3ac-5f2ddfb5b1b8] Ref image 6/7: upload finished ✓
2026-09-06T10:08:11.388Z [3acfb755-17f9-484a-a948-76cea79cbbe8][fdfbd39c-aa59-4b23-a3ac-5f2ddfb5b1b8] Prompt insert attempt 1: editor has 1646 chars (want ~1661) ✓
2026-09-06T10:08:13.459Z [3acfb755-17f9-484a-a948-76cea79cbbe8][fdfbd39c-aa59-4b23-a3ac-5f2ddfb5b1b8] Baseline: 27 pre-existing media tile(s) of 27 mounted (kinds: image,image,image,image,image,image,image,image,image,image,image,image,image,image,image,image,image,image,image,image,image,image,image,image,image,image,image).
2026-09-06T10:08:14.649Z [71f2458b-4897-4bb7-9d92-5606c9807019][fdfbd39c-aa59-4b23-a3ac-5f2ddfb5b1b8] Ref image 6/7: chips 5→6 ✓
2026-09-06T10:08:15.630Z [71f2458b-4897-4bb7-9d92-5606c9807019][fdfbd39c-aa59-4b23-a3ac-5f2ddfb5b1b8] Ref image 7/7: downloading from URL...
2026-09-06T10:08:16.092Z [71f2458b-4897-4bb7-9d92-5606c9807019][fdfbd39c-aa59-4b23-a3ac-5f2ddfb5b1b8] Ref image 7/7: saved 703417 bytes (image/jpeg) as "Verdant School Bus Interior Master.jpeg"
2026-09-06T10:08:16.158Z [71f2458b-4897-4bb7-9d92-5606c9807019][fdfbd39c-aa59-4b23-a3ac-5f2ddfb5b1b8] Ref image 7/7: attaching reference image...
2026-09-06T10:08:17.556Z [3acfb755-17f9-484a-a948-76cea79cbbe8][fdfbd39c-aa59-4b23-a3ac-5f2ddfb5b1b8] [submit] confirmed (editor "What do you want to ", fresh tile=true).
2026-09-06T10:08:18.201Z [3acfb755-17f9-484a-a948-76cea79cbbe8][fdfbd39c-aa59-4b23-a3ac-5f2ddfb5b1b8] Current Workspace project URL: https://flow.google.com/project/f4a8359f-f480-4865-9eef-7927ee95f030?hl=en
2026-09-06T10:08:18.203Z [3acfb755-17f9-484a-a948-76cea79cbbe8][fdfbd39c-aa59-4b23-a3ac-5f2ddfb5b1b8] Submitted ✓ Detecting batch size...
2026-09-06T10:08:18.334Z [3acfb755-17f9-484a-a948-76cea79cbbe8][fdfbd39c-aa59-4b23-a3ac-5f2ddfb5b1b8] New tile(s) since submit: 0 → 4 (mounted=27)
2026-09-06T10:08:19.230Z [71f2458b-4897-4bb7-9d92-5606c9807019][fdfbd39c-aa59-4b23-a3ac-5f2ddfb5b1b8] Ref image 7/7: reusing library asset "Verdant School Bus Interior Master.jpeg" (no re-upload).
2026-09-06T10:08:22.729Z [3acfb755-17f9-484a-a948-76cea79cbbe8][fdfbd39c-aa59-4b23-a3ac-5f2ddfb5b1b8] Batch size stabilised at 4 new tile(s)
2026-09-06T10:08:22.730Z [3acfb755-17f9-484a-a948-76cea79cbbe8][fdfbd39c-aa59-4b23-a3ac-5f2ddfb5b1b8] Batch detected: 4 item(s). Generating...
2026-09-06T10:08:22.732Z [3acfb755-17f9-484a-a948-76cea79cbbe8][fdfbd39c-aa59-4b23-a3ac-5f2ddfb5b1b8] Polling for 4 image item(s) (baseline=27, hasUpload=true)...
2026-09-06T10:08:22.767Z [3acfb755-17f9-484a-a948-76cea79cbbe8][fdfbd39c-aa59-4b23-a3ac-5f2ddfb5b1b8] Generating... 0 ready, 0 failed / 4 total (0s) image 48% [THAM CHIẾ image 48% [THAM CHIẾ image 48% [THAM CHIẾ image 48% [THAM CHIẾ
2026-09-06T10:08:25.798Z [3acfb755-17f9-484a-a948-76cea79cbbe8][fdfbd39c-aa59-4b23-a3ac-5f2ddfb5b1b8] Generating... 0 ready, 0 failed / 4 total (3s) image 68% [THAM CHIẾ image 68% [THAM CHIẾ image 68% [THAM CHIẾ image 68% [THAM CHIẾ
2026-09-06T10:08:25.809Z [71f2458b-4897-4bb7-9d92-5606c9807019][fdfbd39c-aa59-4b23-a3ac-5f2ddfb5b1b8] Ref image 7/7: chips 6→7 ✓
2026-09-06T10:08:25.859Z [71f2458b-4897-4bb7-9d92-5606c9807019][fdfbd39c-aa59-4b23-a3ac-5f2ddfb5b1b8] Entering prompt...
2026-09-06T10:08:27.797Z [71f2458b-4897-4bb7-9d92-5606c9807019][fdfbd39c-aa59-4b23-a3ac-5f2ddfb5b1b8] Prompt is 1707 chars — typing it in 29 chunk(s).
2026-09-06T10:08:28.849Z [3acfb755-17f9-484a-a948-76cea79cbbe8][fdfbd39c-aa59-4b23-a3ac-5f2ddfb5b1b8] Generating... 0 ready, 0 failed / 4 total (6s) image 88% [THAM CHIẾ image 88% [THAM CHIẾ image 88% [THAM CHIẾ image 88% [THAM CHIẾ
2026-09-06T10:08:31.879Z [3acfb755-17f9-484a-a948-76cea79cbbe8][fdfbd39c-aa59-4b23-a3ac-5f2ddfb5b1b8] Generating... 0 ready, 0 failed / 4 total (9s) image 99% [THAM CHIẾ image 99% [THAM CHIẾ image 99% [THAM CHIẾ image 99% [THAM CHIẾ
2026-09-06T10:08:34.913Z [3acfb755-17f9-484a-a948-76cea79cbbe8][fdfbd39c-aa59-4b23-a3ac-5f2ddfb5b1b8] Generating... 0 ready, 0 failed / 4 total (12s) image 99% [THAM CHIẾ image 99% [THAM CHIẾ image 99% [THAM CHIẾ image 99% [THAM CHIẾ
2026-09-06T10:08:37.952Z [3acfb755-17f9-484a-a948-76cea79cbbe8][fdfbd39c-aa59-4b23-a3ac-5f2ddfb5b1b8] Generating... 0 ready, 0 failed / 4 total (15s) image 99% [THAM CHIẾ image 99% [THAM CHIẾ image 99% [THAM CHIẾ image 99% [THAM CHIẾ
2026-09-06T10:08:40.974Z [3acfb755-17f9-484a-a948-76cea79cbbe8][fdfbd39c-aa59-4b23-a3ac-5f2ddfb5b1b8] Generating... 0 ready, 0 failed / 4 total (18s) image 99% [THAM CHIẾ image 99% [THAM CHIẾ image 99% [THAM CHIẾ image 99% [THAM CHIẾ
2026-09-06T10:08:41.697Z [71f2458b-4897-4bb7-9d92-5606c9807019][fdfbd39c-aa59-4b23-a3ac-5f2ddfb5b1b8] Prompt insert attempt 1: editor has 1685 chars (want ~1699) ✓
2026-09-06T10:08:43.301Z [71f2458b-4897-4bb7-9d92-5606c9807019][fdfbd39c-aa59-4b23-a3ac-5f2ddfb5b1b8] Baseline: 27 pre-existing media tile(s) of 27 mounted (kinds: image,image,image,image,image,image,image,image,image,image,image,image,image,image,image,image,image,image,image,image,image,image,image,image,image,image,image).
2026-09-06T10:08:44.009Z [3acfb755-17f9-484a-a948-76cea79cbbe8][fdfbd39c-aa59-4b23-a3ac-5f2ddfb5b1b8] Generating... 0 ready, 0 failed / 4 total (21s) image 99% [THAM CHIẾ image 99% [THAM CHIẾ image 99% [THAM CHIẾ image 99% [THAM CHIẾ
2026-09-06T10:08:46.539Z [71f2458b-4897-4bb7-9d92-5606c9807019][fdfbd39c-aa59-4b23-a3ac-5f2ddfb5b1b8] [submit] confirmed (editor "What do you want to ", fresh tile=true).
2026-09-06T10:08:47.053Z [3acfb755-17f9-484a-a948-76cea79cbbe8][fdfbd39c-aa59-4b23-a3ac-5f2ddfb5b1b8] Generating... 0 ready, 0 failed / 4 total (24s) image 99% [THAM CHIẾ image 99% [THAM CHIẾ image 99% [THAM CHIẾ image 99% [THAM CHIẾ
2026-09-06T10:08:47.147Z [71f2458b-4897-4bb7-9d92-5606c9807019][fdfbd39c-aa59-4b23-a3ac-5f2ddfb5b1b8] Current Workspace project URL: https://flow.google.com/project/390215dc-290f-4b92-a7f0-dd2b6651acfb?hl=en
2026-09-06T10:08:47.149Z [71f2458b-4897-4bb7-9d92-5606c9807019][fdfbd39c-aa59-4b23-a3ac-5f2ddfb5b1b8] Submitted ✓ Detecting batch size...
2026-09-06T10:08:47.185Z [71f2458b-4897-4bb7-9d92-5606c9807019][fdfbd39c-aa59-4b23-a3ac-5f2ddfb5b1b8] New tile(s) since submit: 0 → 4 (mounted=27)
2026-09-06T10:08:50.078Z [3acfb755-17f9-484a-a948-76cea79cbbe8][fdfbd39c-aa59-4b23-a3ac-5f2ddfb5b1b8] Generating... 0 ready, 0 failed / 4 total (27s) image 99% [THAM CHIẾ image 99% [THAM CHIẾ image 99% [THAM CHIẾ image 99% [THAM CHIẾ
2026-09-06T10:08:51.597Z [71f2458b-4897-4bb7-9d92-5606c9807019][fdfbd39c-aa59-4b23-a3ac-5f2ddfb5b1b8] Batch size stabilised at 4 new tile(s)
2026-09-06T10:08:51.598Z [71f2458b-4897-4bb7-9d92-5606c9807019][fdfbd39c-aa59-4b23-a3ac-5f2ddfb5b1b8] Batch detected: 4 item(s). Generating...
2026-09-06T10:08:51.599Z [71f2458b-4897-4bb7-9d92-5606c9807019][fdfbd39c-aa59-4b23-a3ac-5f2ddfb5b1b8] Polling for 4 image item(s) (baseline=27, hasUpload=true)...
2026-09-06T10:08:51.613Z [71f2458b-4897-4bb7-9d92-5606c9807019][fdfbd39c-aa59-4b23-a3ac-5f2ddfb5b1b8] Generating... 0 ready, 0 failed / 4 total (0s) image 44% [THAM CHIẾ image 44% [THAM CHIẾ image 44% [THAM CHIẾ image 44% [THAM CHIẾ
2026-09-06T10:08:53.106Z [3acfb755-17f9-484a-a948-76cea79cbbe8][fdfbd39c-aa59-4b23-a3ac-5f2ddfb5b1b8] Generating... 0 ready, 0 failed / 4 total (30s) image 99% [THAM CHIẾ image 99% [THAM CHIẾ image 99% [THAM CHIẾ image 99% [THAM CHIẾ
2026-09-06T10:08:54.637Z [71f2458b-4897-4bb7-9d92-5606c9807019][fdfbd39c-aa59-4b23-a3ac-5f2ddfb5b1b8] Generating... 0 ready, 0 failed / 4 total (3s) image 64% [THAM CHIẾ image 64% [THAM CHIẾ image 64% [THAM CHIẾ image 64% [THAM CHIẾ
2026-09-06T10:08:56.130Z [3acfb755-17f9-484a-a948-76cea79cbbe8][fdfbd39c-aa59-4b23-a3ac-5f2ddfb5b1b8] Generating... 0 ready, 0 failed / 4 total (33s) image 99% [THAM CHIẾ [THAM CHIẾU]Verdant  image 99% [THAM CHIẾ image 99% [THAM CHIẾ
2026-09-06T10:08:57.668Z [71f2458b-4897-4bb7-9d92-5606c9807019][fdfbd39c-aa59-4b23-a3ac-5f2ddfb5b1b8] Generating... 0 ready, 0 failed / 4 total (6s) image 84% [THAM CHIẾ image 84% [THAM CHIẾ image 84% [THAM CHIẾ image 84% [THAM CHIẾ
2026-09-06T10:08:59.158Z [3acfb755-17f9-484a-a948-76cea79cbbe8][fdfbd39c-aa59-4b23-a3ac-5f2ddfb5b1b8] Generating... 1 ready, 0 failed / 4 total (36s) image 99% [THAM CHIẾ image 99% [THAM CHIẾ image 99% [THAM CHIẾ
2026-09-06T10:09:00.696Z [71f2458b-4897-4bb7-9d92-5606c9807019][fdfbd39c-aa59-4b23-a3ac-5f2ddfb5b1b8] Generating... 0 ready, 0 failed / 4 total (9s) image 99% [THAM CHIẾ image 99% [THAM CHIẾ image 99% [THAM CHIẾ image 99% [THAM CHIẾ
2026-09-06T10:09:02.186Z [3acfb755-17f9-484a-a948-76cea79cbbe8][fdfbd39c-aa59-4b23-a3ac-5f2ddfb5b1b8] Generating... 1 ready, 0 failed / 4 total (39s) image 99% [THAM CHIẾ [THAM CHIẾU]Verdant  image 99% [THAM CHIẾ
2026-09-06T10:09:03.713Z [71f2458b-4897-4bb7-9d92-5606c9807019][fdfbd39c-aa59-4b23-a3ac-5f2ddfb5b1b8] Generating... 0 ready, 0 failed / 4 total (12s) image 99% [THAM CHIẾ image 99% [THAM CHIẾ image 99% [THAM CHIẾ image 99% [THAM CHIẾ
2026-09-06T10:09:05.217Z [3acfb755-17f9-484a-a948-76cea79cbbe8][fdfbd39c-aa59-4b23-a3ac-5f2ddfb5b1b8] Generating... 2 ready, 0 failed / 4 total (42s) image 99% [THAM CHIẾ image 99% [THAM CHIẾ
2026-09-06T10:09:06.743Z [71f2458b-4897-4bb7-9d92-5606c9807019][fdfbd39c-aa59-4b23-a3ac-5f2ddfb5b1b8] Generating... 0 ready, 0 failed / 4 total (15s) image 99% [THAM CHIẾ image 99% [THAM CHIẾ image 99% [THAM CHIẾ image 99% [THAM CHIẾ
2026-09-06T10:09:08.254Z [3acfb755-17f9-484a-a948-76cea79cbbe8][fdfbd39c-aa59-4b23-a3ac-5f2ddfb5b1b8] Generating... 2 ready, 0 failed / 4 total (46s) image 99% [THAM CHIẾ image 99% [THAM CHIẾ
2026-09-06T10:09:09.760Z [71f2458b-4897-4bb7-9d92-5606c9807019][fdfbd39c-aa59-4b23-a3ac-5f2ddfb5b1b8] Generating... 0 ready, 0 failed / 4 total (18s) image 99% [THAM CHIẾ image 99% [THAM CHIẾ image 99% [THAM CHIẾ image 99% [THAM CHIẾ
2026-09-06T10:09:11.279Z [3acfb755-17f9-484a-a948-76cea79cbbe8][fdfbd39c-aa59-4b23-a3ac-5f2ddfb5b1b8] Generating... 2 ready, 0 failed / 4 total (49s) image 99% [THAM CHIẾ image 99% [THAM CHIẾ
2026-09-06T10:09:12.776Z [71f2458b-4897-4bb7-9d92-5606c9807019][fdfbd39c-aa59-4b23-a3ac-5f2ddfb5b1b8] Generating... 0 ready, 0 failed / 4 total (21s) image 99% [THAM CHIẾ image 99% [THAM CHIẾ image 99% [THAM CHIẾ image 99% [THAM CHIẾ
2026-09-06T10:09:14.305Z [3acfb755-17f9-484a-a948-76cea79cbbe8][fdfbd39c-aa59-4b23-a3ac-5f2ddfb5b1b8] Generating... 2 ready, 0 failed / 4 total (52s) image 99% [THAM CHIẾ image 99% [THAM CHIẾ
2026-09-06T10:09:15.799Z [71f2458b-4897-4bb7-9d92-5606c9807019][fdfbd39c-aa59-4b23-a3ac-5f2ddfb5b1b8] Generating... 0 ready, 0 failed / 4 total (24s) image 99% [THAM CHIẾ image 99% [THAM CHIẾ image 99% [THAM CHIẾ image 99% [THAM CHIẾ
2026-09-06T10:09:17.339Z [3acfb755-17f9-484a-a948-76cea79cbbe8][fdfbd39c-aa59-4b23-a3ac-5f2ddfb5b1b8] Generating... 2 ready, 0 failed / 4 total (55s) image 99% [THAM CHIẾ image 99% [THAM CHIẾ
2026-09-06T10:09:18.825Z [71f2458b-4897-4bb7-9d92-5606c9807019][fdfbd39c-aa59-4b23-a3ac-5f2ddfb5b1b8] Generating... 0 ready, 0 failed / 4 total (27s) image 99% [THAM CHIẾ image 99% [THAM CHIẾ image 99% [THAM CHIẾ image 99% [THAM CHIẾ
2026-09-06T10:09:20.363Z [3acfb755-17f9-484a-a948-76cea79cbbe8][fdfbd39c-aa59-4b23-a3ac-5f2ddfb5b1b8] Generating... 2 ready, 0 failed / 4 total (58s) image 99% [THAM CHIẾ image 99% [THAM CHIẾ
2026-09-06T10:09:21.860Z [71f2458b-4897-4bb7-9d92-5606c9807019][fdfbd39c-aa59-4b23-a3ac-5f2ddfb5b1b8] Generating... 0 ready, 0 failed / 4 total (30s) image 99% [THAM CHIẾ image 99% [THAM CHIẾ image 99% [THAM CHIẾ image 99% [THAM CHIẾ
2026-09-06T10:09:23.389Z [3acfb755-17f9-484a-a948-76cea79cbbe8][fdfbd39c-aa59-4b23-a3ac-5f2ddfb5b1b8] Generating... 2 ready, 0 failed / 4 total (61s) [THAM CHIẾU]Verdant  [THAM CHIẾU]Verdant 
2026-09-06T10:09:24.952Z [71f2458b-4897-4bb7-9d92-5606c9807019][fdfbd39c-aa59-4b23-a3ac-5f2ddfb5b1b8] Generating... 0 ready, 0 failed / 4 total (33s) image 99% [THAM CHIẾ [THAM CHIẾU]Verdant  [THAM CHIẾU]Verdant  image 99% [THAM CHIẾ
2026-09-06T10:09:26.413Z [3acfb755-17f9-484a-a948-76cea79cbbe8][fdfbd39c-aa59-4b23-a3ac-5f2ddfb5b1b8] Generating... 4 ready, 0 failed / 4 total (64s)
2026-09-06T10:09:26.413Z [3acfb755-17f9-484a-a948-76cea79cbbe8][fdfbd39c-aa59-4b23-a3ac-5f2ddfb5b1b8] Batch done: 4 ready (target 4), 0 failed, scanned 4.
2026-09-06T10:09:26.416Z [3acfb755-17f9-484a-a948-76cea79cbbe8][fdfbd39c-aa59-4b23-a3ac-5f2ddfb5b1b8] 4 item(s) ready! Downloading...
2026-09-06T10:09:26.422Z [3acfb755-17f9-484a-a948-76cea79cbbe8][fdfbd39c-aa59-4b23-a3ac-5f2ddfb5b1b8] Item 1: Downloading from URL https://flow-content.google/image/f80f1779-3fbc-408f-a012-f8cd5d388a71?Expires=1788710900&KeyName=labs-flow-prod-cdn-key&Signature=zBcSmRgqUm-Rph9I4-YAY7md2kY
2026-09-06T10:09:26.797Z [3acfb755-17f9-484a-a948-76cea79cbbe8][fdfbd39c-aa59-4b23-a3ac-5f2ddfb5b1b8] Downloaded 1/4: winai_2026-09-06T10-09-26_01.jpg
2026-09-06T10:09:26.800Z [3acfb755-17f9-484a-a948-76cea79cbbe8][fdfbd39c-aa59-4b23-a3ac-5f2ddfb5b1b8] Item 2: Downloading from URL https://flow-content.google/image/3fdd8ccf-3c7e-4b43-a28e-257ec69ebf0f?Expires=1788710899&KeyName=labs-flow-prod-cdn-key&Signature=M0RF4OHVo-87_o823mslhbJ0W-g
2026-09-06T10:09:26.916Z [3acfb755-17f9-484a-a948-76cea79cbbe8][fdfbd39c-aa59-4b23-a3ac-5f2ddfb5b1b8] Downloaded 2/4: winai_2026-09-06T10-09-26_02.jpg
2026-09-06T10:09:26.918Z [3acfb755-17f9-484a-a948-76cea79cbbe8][fdfbd39c-aa59-4b23-a3ac-5f2ddfb5b1b8] Item 3: Downloading from URL https://flow-content.google/image/d7af4fb2-f1ce-4966-ab16-d15e13787380?Expires=1788710898&KeyName=labs-flow-prod-cdn-key&Signature=ctri6nBsmIK4Mur1NTK1hK2jM6o
2026-09-06T10:09:27.040Z [3acfb755-17f9-484a-a948-76cea79cbbe8][fdfbd39c-aa59-4b23-a3ac-5f2ddfb5b1b8] Downloaded 3/4: winai_2026-09-06T10-09-26_03.jpg
2026-09-06T10:09:27.041Z [3acfb755-17f9-484a-a948-76cea79cbbe8][fdfbd39c-aa59-4b23-a3ac-5f2ddfb5b1b8] Item 4: Downloading from URL https://flow-content.google/image/756046ee-770d-489b-8a70-0eb9908e27cb?Expires=1788710897&KeyName=labs-flow-prod-cdn-key&Signature=9MKSn-PcHiU48p0px0JqapfuwjI
2026-09-06T10:09:27.159Z [3acfb755-17f9-484a-a948-76cea79cbbe8][fdfbd39c-aa59-4b23-a3ac-5f2ddfb5b1b8] Downloaded 4/4: winai_2026-09-06T10-09-26_04.jpg
2026-09-06T10:09:27.161Z [3acfb755-17f9-484a-a948-76cea79cbbe8][fdfbd39c-aa59-4b23-a3ac-5f2ddfb5b1b8] ✅ 4 item(s) saved to Downloads/Win AI Toolkit/
2026-09-06T10:09:27.786Z [3acfb755-17f9-484a-a948-76cea79cbbe8][fdfbd39c-aa59-4b23-a3ac-5f2ddfb5b1b8] Item 4: Uploaded → https://studio.xanhmedia.vn/uploads/2026-09/1788689367714_284092_fdfbd39c-aa59-4b23-a3ac-5f2ddfb5b1b8_3ac.jpg
2026-09-06T10:09:27.816Z [3acfb755-17f9-484a-a948-76cea79cbbe8][fdfbd39c-aa59-4b23-a3ac-5f2ddfb5b1b8] Item 1: Uploaded → https://studio.xanhmedia.vn/uploads/2026-09/1788689367743_18e983_fdfbd39c-aa59-4b23-a3ac-5f2ddfb5b1b8_3ac.jpg
2026-09-06T10:09:27.841Z [3acfb755-17f9-484a-a948-76cea79cbbe8][fdfbd39c-aa59-4b23-a3ac-5f2ddfb5b1b8] Item 3: Uploaded → https://studio.xanhmedia.vn/uploads/2026-09/1788689367768_eff1ab_fdfbd39c-aa59-4b23-a3ac-5f2ddfb5b1b8_3ac.jpg
2026-09-06T10:09:27.867Z [3acfb755-17f9-484a-a948-76cea79cbbe8][fdfbd39c-aa59-4b23-a3ac-5f2ddfb5b1b8] Item 2: Uploaded → https://studio.xanhmedia.vn/uploads/2026-09/1788689367793_2dc84c_fdfbd39c-aa59-4b23-a3ac-5f2ddfb5b1b8_3ac.jpg
2026-09-06T10:09:27.916Z [3acfb755-17f9-484a-a948-76cea79cbbe8][fdfbd39c-aa59-4b23-a3ac-5f2ddfb5b1b8] All done (including any 1080p upgrades). Closing Playwright browser context.
2026-09-06T10:09:27.986Z [71f2458b-4897-4bb7-9d92-5606c9807019][fdfbd39c-aa59-4b23-a3ac-5f2ddfb5b1b8] Generating... 2 ready, 0 failed / 4 total (36s) image 99% [THAM CHIẾ image 99% [THAM CHIẾ
2026-09-06T10:09:28.463Z [ad7f6f8a-1184-48c9-b7a7-affc081c4f8b][fdfbd39c-aa59-4b23-a3ac-5f2ddfb5b1b8] runGeneration starting: task_id=ad7f6f8a-1184-48c9-b7a7-affc081c4f8b, profile_id=fdfbd39c-aa59-4b23-a3ac-5f2ddfb5b1b8, target_site=google_flow
2026-09-06T10:09:28.466Z [ad7f6f8a-1184-48c9-b7a7-affc081c4f8b][fdfbd39c-aa59-4b23-a3ac-5f2ddfb5b1b8] Opening Playwright browser with persistent profile cookies...
2026-09-06T10:09:28.468Z [ad7f6f8a-1184-48c9-b7a7-affc081c4f8b][fdfbd39c-aa59-4b23-a3ac-5f2ddfb5b1b8] Browser engine: winhide (C:\Users\MienTrungComputer\AppData\Roaming\com.tank.winai\winhide\chrome.exe)
2026-09-06T10:09:28.471Z [ad7f6f8a-1184-48c9-b7a7-affc081c4f8b][fdfbd39c-aa59-4b23-a3ac-5f2ddfb5b1b8] Launch mode: STEALTH (raw spawn + connectOverCDP)
2026-09-06T10:09:31.325Z [71f2458b-4897-4bb7-9d92-5606c9807019][fdfbd39c-aa59-4b23-a3ac-5f2ddfb5b1b8] Generating... 2 ready, 0 failed / 4 total (40s) image 99% [THAM CHIẾ [THAM CHIẾU]Verdant 
2026-09-06T10:09:32.777Z [ad7f6f8a-1184-48c9-b7a7-affc081c4f8b][fdfbd39c-aa59-4b23-a3ac-5f2ddfb5b1b8] Exit IP: 171.229.14.52
2026-09-06T10:09:32.778Z [ad7f6f8a-1184-48c9-b7a7-affc081c4f8b][fdfbd39c-aa59-4b23-a3ac-5f2ddfb5b1b8] Navigating browser to Google Flow tools page...
2026-09-06T10:09:32.779Z [ad7f6f8a-1184-48c9-b7a7-affc081c4f8b][fdfbd39c-aa59-4b23-a3ac-5f2ddfb5b1b8] Using existing project URL: https://flow.google.com/project/f4a8359f-f480-4865-9eef-7927ee95f030?hl=en
2026-09-06T10:09:34.388Z [71f2458b-4897-4bb7-9d92-5606c9807019][fdfbd39c-aa59-4b23-a3ac-5f2ddfb5b1b8] Generating... 3 ready, 0 failed / 4 total (43s) image 99% [THAM CHIẾ
2026-09-06T10:09:34.655Z [ad7f6f8a-1184-48c9-b7a7-affc081c4f8b][fdfbd39c-aa59-4b23-a3ac-5f2ddfb5b1b8] Waiting for Google Flow...
2026-09-06T10:09:36.628Z [ad7f6f8a-1184-48c9-b7a7-affc081c4f8b][fdfbd39c-aa59-4b23-a3ac-5f2ddfb5b1b8] In existing project ✓
2026-09-06T10:09:37.431Z [71f2458b-4897-4bb7-9d92-5606c9807019][fdfbd39c-aa59-4b23-a3ac-5f2ddfb5b1b8] Generating... 3 ready, 0 failed / 4 total (46s) image 99% [THAM CHIẾ
2026-09-06T10:09:38.015Z [ad7f6f8a-1184-48c9-b7a7-affc081c4f8b][fdfbd39c-aa59-4b23-a3ac-5f2ddfb5b1b8] dismissPopups: unresolved overlay(s) ["IFRAME[presentation]|btns="]
2026-09-06T10:09:40.473Z [71f2458b-4897-4bb7-9d92-5606c9807019][fdfbd39c-aa59-4b23-a3ac-5f2ddfb5b1b8] Generating... 3 ready, 0 failed / 4 total (49s) image 99% [THAM CHIẾ
2026-09-06T10:09:43.527Z [71f2458b-4897-4bb7-9d92-5606c9807019][fdfbd39c-aa59-4b23-a3ac-5f2ddfb5b1b8] Generating... 3 ready, 0 failed / 4 total (52s) [THAM CHIẾU]Verdant 
2026-09-06T10:09:44.808Z [ad7f6f8a-1184-48c9-b7a7-affc081c4f8b][fdfbd39c-aa59-4b23-a3ac-5f2ddfb5b1b8] Composer ready ✓ (UI language: en)
2026-09-06T10:09:44.859Z [ad7f6f8a-1184-48c9-b7a7-affc081c4f8b][fdfbd39c-aa59-4b23-a3ac-5f2ddfb5b1b8] dismissPopups: clicked "Dismiss credit banner" (overlay)
2026-09-06T10:09:45.408Z [ad7f6f8a-1184-48c9-b7a7-affc081c4f8b][fdfbd39c-aa59-4b23-a3ac-5f2ddfb5b1b8] dismissPopups: unresolved overlay(s) ["DIV[]|btns=","DIV[]|btns="]
2026-09-06T10:09:45.587Z [ad7f6f8a-1184-48c9-b7a7-affc081c4f8b][fdfbd39c-aa59-4b23-a3ac-5f2ddfb5b1b8] Agent toggle aria-pressed=false
2026-09-06T10:09:45.592Z [ad7f6f8a-1184-48c9-b7a7-affc081c4f8b][fdfbd39c-aa59-4b23-a3ac-5f2ddfb5b1b8] Opening settings...
2026-09-06T10:09:46.544Z [71f2458b-4897-4bb7-9d92-5606c9807019][fdfbd39c-aa59-4b23-a3ac-5f2ddfb5b1b8] Generating... 4 ready, 0 failed / 4 total (55s)
2026-09-06T10:09:46.545Z [71f2458b-4897-4bb7-9d92-5606c9807019][fdfbd39c-aa59-4b23-a3ac-5f2ddfb5b1b8] Batch done: 4 ready (target 4), 0 failed, scanned 4.
2026-09-06T10:09:46.548Z [71f2458b-4897-4bb7-9d92-5606c9807019][fdfbd39c-aa59-4b23-a3ac-5f2ddfb5b1b8] 4 item(s) ready! Downloading...
2026-09-06T10:09:46.553Z [71f2458b-4897-4bb7-9d92-5606c9807019][fdfbd39c-aa59-4b23-a3ac-5f2ddfb5b1b8] Item 1: Downloading from URL https://flow-content.google/image/e12e9c1f-fe43-44ce-a67d-fb28fc1d67cf?Expires=1788710928&KeyName=labs-flow-prod-cdn-key&Signature=79ykhPQi32SYksYX7MmpwcYPfAA
2026-09-06T10:09:46.838Z [71f2458b-4897-4bb7-9d92-5606c9807019][fdfbd39c-aa59-4b23-a3ac-5f2ddfb5b1b8] Downloaded 1/4: winai_2026-09-06T10-09-46_01.jpg
2026-09-06T10:09:46.841Z [71f2458b-4897-4bb7-9d92-5606c9807019][fdfbd39c-aa59-4b23-a3ac-5f2ddfb5b1b8] Item 2: Downloading from URL https://flow-content.google/image/4f5111db-d734-4cf3-87dc-1c340e5434f5?Expires=1788710927&KeyName=labs-flow-prod-cdn-key&Signature=wMO6nwYCJXBQpyStk3cQwczPNQs
2026-09-06T10:09:46.942Z [71f2458b-4897-4bb7-9d92-5606c9807019][fdfbd39c-aa59-4b23-a3ac-5f2ddfb5b1b8] Downloaded 2/4: winai_2026-09-06T10-09-46_02.jpg
2026-09-06T10:09:46.942Z [71f2458b-4897-4bb7-9d92-5606c9807019][fdfbd39c-aa59-4b23-a3ac-5f2ddfb5b1b8] Item 3: Downloading from URL https://flow-content.google/image/b5a4464d-d3a4-42ee-8529-e61fbb6e0014?Expires=1788710927&KeyName=labs-flow-prod-cdn-key&Signature=_2UUxk1WsAvYduBa0WEbpYN1u4E
2026-09-06T10:09:47.041Z [71f2458b-4897-4bb7-9d92-5606c9807019][fdfbd39c-aa59-4b23-a3ac-5f2ddfb5b1b8] Downloaded 3/4: winai_2026-09-06T10-09-46_03.jpg
2026-09-06T10:09:47.042Z [71f2458b-4897-4bb7-9d92-5606c9807019][fdfbd39c-aa59-4b23-a3ac-5f2ddfb5b1b8] Item 4: Downloading from URL https://flow-content.google/image/45739b36-91ba-4dae-a5f0-98149acbab70?Expires=1788710926&KeyName=labs-flow-prod-cdn-key&Signature=r-kYqCyCoYHEkNKN4OzDePG1ro4
2026-09-06T10:09:47.140Z [71f2458b-4897-4bb7-9d92-5606c9807019][fdfbd39c-aa59-4b23-a3ac-5f2ddfb5b1b8] Downloaded 4/4: winai_2026-09-06T10-09-46_04.jpg
2026-09-06T10:09:47.140Z [71f2458b-4897-4bb7-9d92-5606c9807019][fdfbd39c-aa59-4b23-a3ac-5f2ddfb5b1b8] ✅ 4 item(s) saved to Downloads/Win AI Toolkit/
2026-09-06T10:09:47.285Z [ad7f6f8a-1184-48c9-b7a7-affc081c4f8b][fdfbd39c-aa59-4b23-a3ac-5f2ddfb5b1b8] Configuring image settings...
2026-09-06T10:09:47.678Z [71f2458b-4897-4bb7-9d92-5606c9807019][fdfbd39c-aa59-4b23-a3ac-5f2ddfb5b1b8] Item 1: Uploaded → https://studio.xanhmedia.vn/uploads/2026-09/1788689387606_98e159_fdfbd39c-aa59-4b23-a3ac-5f2ddfb5b1b8_71f.jpg
2026-09-06T10:09:47.708Z [71f2458b-4897-4bb7-9d92-5606c9807019][fdfbd39c-aa59-4b23-a3ac-5f2ddfb5b1b8] Item 2: Uploaded → https://studio.xanhmedia.vn/uploads/2026-09/1788689387639_a904e0_fdfbd39c-aa59-4b23-a3ac-5f2ddfb5b1b8_71f.jpg
2026-09-06T10:09:47.733Z [71f2458b-4897-4bb7-9d92-5606c9807019][fdfbd39c-aa59-4b23-a3ac-5f2ddfb5b1b8] Item 3: Uploaded → https://studio.xanhmedia.vn/uploads/2026-09/1788689387662_764b2f_fdfbd39c-aa59-4b23-a3ac-5f2ddfb5b1b8_71f.jpg
2026-09-06T10:09:47.762Z [71f2458b-4897-4bb7-9d92-5606c9807019][fdfbd39c-aa59-4b23-a3ac-5f2ddfb5b1b8] Item 4: Uploaded → https://studio.xanhmedia.vn/uploads/2026-09/1788689387685_51c90c_fdfbd39c-aa59-4b23-a3ac-5f2ddfb5b1b8_71f.jpg
2026-09-06T10:09:47.808Z [71f2458b-4897-4bb7-9d92-5606c9807019][fdfbd39c-aa59-4b23-a3ac-5f2ddfb5b1b8] All done (including any 1080p upgrades). Closing Playwright browser context.
2026-09-06T10:09:48.072Z [580af8c8-dfa4-4a67-acd5-c979066fef30][fdfbd39c-aa59-4b23-a3ac-5f2ddfb5b1b8] runGeneration starting: task_id=580af8c8-dfa4-4a67-acd5-c979066fef30, profile_id=fdfbd39c-aa59-4b23-a3ac-5f2ddfb5b1b8, target_site=google_flow
2026-09-06T10:09:48.073Z [580af8c8-dfa4-4a67-acd5-c979066fef30][fdfbd39c-aa59-4b23-a3ac-5f2ddfb5b1b8] Opening Playwright browser with persistent profile cookies...
2026-09-06T10:09:48.073Z [580af8c8-dfa4-4a67-acd5-c979066fef30][fdfbd39c-aa59-4b23-a3ac-5f2ddfb5b1b8] Browser engine: winhide (C:\Users\MienTrungComputer\AppData\Roaming\com.tank.winai\winhide\chrome.exe)
2026-09-06T10:09:48.074Z [580af8c8-dfa4-4a67-acd5-c979066fef30][fdfbd39c-aa59-4b23-a3ac-5f2ddfb5b1b8] Launch mode: STEALTH (raw spawn + connectOverCDP)
2026-09-06T10:09:48.979Z [ad7f6f8a-1184-48c9-b7a7-affc081c4f8b][fdfbd39c-aa59-4b23-a3ac-5f2ddfb5b1b8] Mode: selected "image Image" ✓
2026-09-06T10:09:51.044Z [580af8c8-dfa4-4a67-acd5-c979066fef30][fdfbd39c-aa59-4b23-a3ac-5f2ddfb5b1b8] Exit IP: 171.229.14.52
2026-09-06T10:09:51.045Z [580af8c8-dfa4-4a67-acd5-c979066fef30][fdfbd39c-aa59-4b23-a3ac-5f2ddfb5b1b8] Navigating browser to Google Flow tools page...
2026-09-06T10:09:51.045Z [580af8c8-dfa4-4a67-acd5-c979066fef30][fdfbd39c-aa59-4b23-a3ac-5f2ddfb5b1b8] Using existing project URL: https://flow.google.com/project/390215dc-290f-4b92-a7f0-dd2b6651acfb?hl=en
2026-09-06T10:09:52.105Z [580af8c8-dfa4-4a67-acd5-c979066fef30][fdfbd39c-aa59-4b23-a3ac-5f2ddfb5b1b8] Waiting for Google Flow...
2026-09-06T10:09:54.448Z [580af8c8-dfa4-4a67-acd5-c979066fef30][fdfbd39c-aa59-4b23-a3ac-5f2ddfb5b1b8] In existing project ✓
2026-09-06T10:09:54.850Z [ad7f6f8a-1184-48c9-b7a7-affc081c4f8b][fdfbd39c-aa59-4b23-a3ac-5f2ddfb5b1b8] Model: selected "🍌 Nano Banana 2" ✓
2026-09-06T10:09:55.649Z [580af8c8-dfa4-4a67-acd5-c979066fef30][fdfbd39c-aa59-4b23-a3ac-5f2ddfb5b1b8] dismissPopups: unresolved overlay(s) ["IFRAME[presentation]|btns="]
2026-09-06T10:09:55.879Z [ad7f6f8a-1184-48c9-b7a7-affc081c4f8b][fdfbd39c-aa59-4b23-a3ac-5f2ddfb5b1b8] Aspect ratio: "crop_16_9 16:9" already selected ✓
2026-09-06T10:09:57.225Z [ad7f6f8a-1184-48c9-b7a7-affc081c4f8b][fdfbd39c-aa59-4b23-a3ac-5f2ddfb5b1b8] Output count: selected "x4" ✓
2026-09-06T10:09:58.345Z [ad7f6f8a-1184-48c9-b7a7-affc081c4f8b][fdfbd39c-aa59-4b23-a3ac-5f2ddfb5b1b8] Ref image 1/6: downloading from URL...
2026-09-06T10:09:59.195Z [ad7f6f8a-1184-48c9-b7a7-affc081c4f8b][fdfbd39c-aa59-4b23-a3ac-5f2ddfb5b1b8] Downloader: no-proxy request context ready.
2026-09-06T10:09:59.791Z [580af8c8-dfa4-4a67-acd5-c979066fef30][fdfbd39c-aa59-4b23-a3ac-5f2ddfb5b1b8] Composer ready ✓ (UI language: en)
2026-09-06T10:09:59.870Z [580af8c8-dfa4-4a67-acd5-c979066fef30][fdfbd39c-aa59-4b23-a3ac-5f2ddfb5b1b8] dismissPopups: clicked "Dismiss credit banner" (overlay)
2026-09-06T10:09:59.873Z [ad7f6f8a-1184-48c9-b7a7-affc081c4f8b][fdfbd39c-aa59-4b23-a3ac-5f2ddfb5b1b8] Ref image 1/6: saved 524794 bytes (image/jpeg) as "Verdant Police Officer Team.jpeg"
2026-09-06T10:09:59.892Z [ad7f6f8a-1184-48c9-b7a7-affc081c4f8b][fdfbd39c-aa59-4b23-a3ac-5f2ddfb5b1b8] Ref image 1/6: attaching reference image...
2026-09-06T10:10:00.404Z [580af8c8-dfa4-4a67-acd5-c979066fef30][fdfbd39c-aa59-4b23-a3ac-5f2ddfb5b1b8] dismissPopups: unresolved overlay(s) ["DIV[]|btns=","DIV[]|btns="]
2026-09-06T10:10:00.438Z [580af8c8-dfa4-4a67-acd5-c979066fef30][fdfbd39c-aa59-4b23-a3ac-5f2ddfb5b1b8] Agent toggle aria-pressed=false
2026-09-06T10:10:00.439Z [580af8c8-dfa4-4a67-acd5-c979066fef30][fdfbd39c-aa59-4b23-a3ac-5f2ddfb5b1b8] Opening settings...
2026-09-06T10:10:02.490Z [ad7f6f8a-1184-48c9-b7a7-affc081c4f8b][fdfbd39c-aa59-4b23-a3ac-5f2ddfb5b1b8] Ref image 1/6: reusing library asset "Verdant Police Officer Team.jpeg" (no re-upload).
2026-09-06T10:10:03.118Z [580af8c8-dfa4-4a67-acd5-c979066fef30][fdfbd39c-aa59-4b23-a3ac-5f2ddfb5b1b8] Configuring image settings...
2026-09-06T10:10:04.859Z [580af8c8-dfa4-4a67-acd5-c979066fef30][fdfbd39c-aa59-4b23-a3ac-5f2ddfb5b1b8] Mode: selected "image Image" ✓
2026-09-06T10:10:06.294Z [ad7f6f8a-1184-48c9-b7a7-affc081c4f8b][fdfbd39c-aa59-4b23-a3ac-5f2ddfb5b1b8] Ref image 1/6: chips 0→1 ✓
2026-09-06T10:10:07.850Z [ad7f6f8a-1184-48c9-b7a7-affc081c4f8b][fdfbd39c-aa59-4b23-a3ac-5f2ddfb5b1b8] Ref image 2/6: downloading from URL...
2026-09-06T10:10:08.207Z [ad7f6f8a-1184-48c9-b7a7-affc081c4f8b][fdfbd39c-aa59-4b23-a3ac-5f2ddfb5b1b8] Ref image 2/6: saved 527475 bytes (image/jpeg) as "Arlo School Day.jpeg"
2026-09-06T10:10:08.211Z [ad7f6f8a-1184-48c9-b7a7-affc081c4f8b][fdfbd39c-aa59-4b23-a3ac-5f2ddfb5b1b8] Ref image 2/6: attaching reference image...
2026-09-06T10:10:09.418Z [580af8c8-dfa4-4a67-acd5-c979066fef30][fdfbd39c-aa59-4b23-a3ac-5f2ddfb5b1b8] Model: selected "🍌 Nano Banana 2" ✓
2026-09-06T10:10:10.068Z [580af8c8-dfa4-4a67-acd5-c979066fef30][fdfbd39c-aa59-4b23-a3ac-5f2ddfb5b1b8] Aspect ratio: "crop_16_9 16:9" already selected ✓
2026-09-06T10:10:10.760Z [ad7f6f8a-1184-48c9-b7a7-affc081c4f8b][fdfbd39c-aa59-4b23-a3ac-5f2ddfb5b1b8] Ref image 2/6: reusing library asset "Arlo School Day.jpeg" (no re-upload).
2026-09-06T10:10:11.762Z [580af8c8-dfa4-4a67-acd5-c979066fef30][fdfbd39c-aa59-4b23-a3ac-5f2ddfb5b1b8] Output count: selected "x4" ✓
2026-09-06T10:10:12.759Z [580af8c8-dfa4-4a67-acd5-c979066fef30][fdfbd39c-aa59-4b23-a3ac-5f2ddfb5b1b8] Ref image 1/5: downloading from URL...
2026-09-06T10:10:13.148Z [580af8c8-dfa4-4a67-acd5-c979066fef30][fdfbd39c-aa59-4b23-a3ac-5f2ddfb5b1b8] Downloader: no-proxy request context ready.
2026-09-06T10:10:13.681Z [580af8c8-dfa4-4a67-acd5-c979066fef30][fdfbd39c-aa59-4b23-a3ac-5f2ddfb5b1b8] Ref image 1/5: saved 524794 bytes (image/jpeg) as "Verdant Police Officer Team.jpeg"
2026-09-06T10:10:13.684Z [580af8c8-dfa4-4a67-acd5-c979066fef30][fdfbd39c-aa59-4b23-a3ac-5f2ddfb5b1b8] Ref image 1/5: attaching reference image...
2026-09-06T10:10:14.506Z [ad7f6f8a-1184-48c9-b7a7-affc081c4f8b][fdfbd39c-aa59-4b23-a3ac-5f2ddfb5b1b8] Ref image 2/6: chips 1→2 ✓
2026-09-06T10:10:16.211Z [ad7f6f8a-1184-48c9-b7a7-affc081c4f8b][fdfbd39c-aa59-4b23-a3ac-5f2ddfb5b1b8] Ref image 3/6: downloading from URL...
2026-09-06T10:10:16.403Z [580af8c8-dfa4-4a67-acd5-c979066fef30][fdfbd39c-aa59-4b23-a3ac-5f2ddfb5b1b8] Ref image 1/5: reusing library asset "Verdant Police Officer Team.jpeg" (no re-upload).
2026-09-06T10:10:16.553Z [ad7f6f8a-1184-48c9-b7a7-affc081c4f8b][fdfbd39c-aa59-4b23-a3ac-5f2ddfb5b1b8] Ref image 3/6: saved 643624 bytes (image/jpeg) as "Nessa School Day.jpeg"
2026-09-06T10:10:16.556Z [ad7f6f8a-1184-48c9-b7a7-affc081c4f8b][fdfbd39c-aa59-4b23-a3ac-5f2ddfb5b1b8] Ref image 3/6: attaching reference image...
2026-09-06T10:10:18.786Z [ad7f6f8a-1184-48c9-b7a7-affc081c4f8b][fdfbd39c-aa59-4b23-a3ac-5f2ddfb5b1b8] Ref image 3/6: reusing library asset "Nessa School Day.jpeg" (no re-upload).
2026-09-06T10:10:19.703Z [580af8c8-dfa4-4a67-acd5-c979066fef30][fdfbd39c-aa59-4b23-a3ac-5f2ddfb5b1b8] Ref image 1/5: chips 0→1 ✓
2026-09-06T10:10:20.926Z [580af8c8-dfa4-4a67-acd5-c979066fef30][fdfbd39c-aa59-4b23-a3ac-5f2ddfb5b1b8] Ref image 2/5: downloading from URL...
2026-09-06T10:10:21.306Z [580af8c8-dfa4-4a67-acd5-c979066fef30][fdfbd39c-aa59-4b23-a3ac-5f2ddfb5b1b8] Ref image 2/5: saved 527475 bytes (image/jpeg) as "Arlo School Day.jpeg"
2026-09-06T10:10:21.316Z [580af8c8-dfa4-4a67-acd5-c979066fef30][fdfbd39c-aa59-4b23-a3ac-5f2ddfb5b1b8] Ref image 2/5: attaching reference image...
2026-09-06T10:10:22.028Z [ad7f6f8a-1184-48c9-b7a7-affc081c4f8b][fdfbd39c-aa59-4b23-a3ac-5f2ddfb5b1b8] Ref image 3/6: chips 2→3 ✓
2026-09-06T10:10:23.524Z [ad7f6f8a-1184-48c9-b7a7-affc081c4f8b][fdfbd39c-aa59-4b23-a3ac-5f2ddfb5b1b8] Ref image 4/6: downloading from URL...
2026-09-06T10:10:23.863Z [ad7f6f8a-1184-48c9-b7a7-affc081c4f8b][fdfbd39c-aa59-4b23-a3ac-5f2ddfb5b1b8] Ref image 4/6: saved 509101 bytes (image/jpeg) as "Chili School Day.jpeg"
2026-09-06T10:10:23.880Z [ad7f6f8a-1184-48c9-b7a7-affc081c4f8b][fdfbd39c-aa59-4b23-a3ac-5f2ddfb5b1b8] Ref image 4/6: attaching reference image...
2026-09-06T10:10:24.002Z [580af8c8-dfa4-4a67-acd5-c979066fef30][fdfbd39c-aa59-4b23-a3ac-5f2ddfb5b1b8] Ref image 2/5: reusing library asset "Arlo School Day.jpeg" (no re-upload).
2026-09-06T10:10:26.225Z [ad7f6f8a-1184-48c9-b7a7-affc081c4f8b][fdfbd39c-aa59-4b23-a3ac-5f2ddfb5b1b8] Ref image 4/6: reusing library asset "Chili School Day.jpeg" (no re-upload).
2026-09-06T10:10:27.464Z [580af8c8-dfa4-4a67-acd5-c979066fef30][fdfbd39c-aa59-4b23-a3ac-5f2ddfb5b1b8] Ref image 2/5: chips 1→2 ✓
2026-09-06T10:10:28.730Z [580af8c8-dfa4-4a67-acd5-c979066fef30][fdfbd39c-aa59-4b23-a3ac-5f2ddfb5b1b8] Ref image 3/5: downloading from URL...
2026-09-06T10:10:29.276Z [580af8c8-dfa4-4a67-acd5-c979066fef30][fdfbd39c-aa59-4b23-a3ac-5f2ddfb5b1b8] Ref image 3/5: saved 643624 bytes (image/jpeg) as "Nessa School Day.jpeg"
2026-09-06T10:10:29.282Z [580af8c8-dfa4-4a67-acd5-c979066fef30][fdfbd39c-aa59-4b23-a3ac-5f2ddfb5b1b8] Ref image 3/5: attaching reference image...
2026-09-06T10:10:29.723Z [ad7f6f8a-1184-48c9-b7a7-affc081c4f8b][fdfbd39c-aa59-4b23-a3ac-5f2ddfb5b1b8] Ref image 4/6: chips 3→4 ✓
2026-09-06T10:10:30.697Z [ad7f6f8a-1184-48c9-b7a7-affc081c4f8b][fdfbd39c-aa59-4b23-a3ac-5f2ddfb5b1b8] Ref image 5/6: downloading from URL...
2026-09-06T10:10:31.020Z [ad7f6f8a-1184-48c9-b7a7-affc081c4f8b][fdfbd39c-aa59-4b23-a3ac-5f2ddfb5b1b8] Ref image 5/6: saved 550632 bytes (image/jpeg) as "Fake Driver Black Bag.jpeg"
2026-09-06T10:10:31.023Z [ad7f6f8a-1184-48c9-b7a7-affc081c4f8b][fdfbd39c-aa59-4b23-a3ac-5f2ddfb5b1b8] Ref image 5/6: attaching reference image...
2026-09-06T10:10:31.677Z [580af8c8-dfa4-4a67-acd5-c979066fef30][fdfbd39c-aa59-4b23-a3ac-5f2ddfb5b1b8] Ref image 3/5: reusing library asset "Nessa School Day.jpeg" (no re-upload).
2026-09-06T10:10:32.919Z [ad7f6f8a-1184-48c9-b7a7-affc081c4f8b][fdfbd39c-aa59-4b23-a3ac-5f2ddfb5b1b8] Ref image 5/6: "Fake Driver Black Bag.jpeg" not in the library yet — uploading it first.
2026-09-06T10:10:35.266Z [580af8c8-dfa4-4a67-acd5-c979066fef30][fdfbd39c-aa59-4b23-a3ac-5f2ddfb5b1b8] Ref image 3/5: chips 2→3 ✓
2026-09-06T10:10:36.782Z [580af8c8-dfa4-4a67-acd5-c979066fef30][fdfbd39c-aa59-4b23-a3ac-5f2ddfb5b1b8] Ref image 4/5: downloading from URL...
2026-09-06T10:10:37.121Z [580af8c8-dfa4-4a67-acd5-c979066fef30][fdfbd39c-aa59-4b23-a3ac-5f2ddfb5b1b8] Ref image 4/5: saved 509101 bytes (image/jpeg) as "Chili School Day.jpeg"
2026-09-06T10:10:37.130Z [580af8c8-dfa4-4a67-acd5-c979066fef30][fdfbd39c-aa59-4b23-a3ac-5f2ddfb5b1b8] Ref image 4/5: attaching reference image...
2026-09-06T10:10:37.168Z [ad7f6f8a-1184-48c9-b7a7-affc081c4f8b][fdfbd39c-aa59-4b23-a3ac-5f2ddfb5b1b8] Ref image 5/6: uploading "Fake Driver Black Bag.jpeg" to the project library...
2026-09-06T10:10:38.105Z [ad7f6f8a-1184-48c9-b7a7-affc081c4f8b][fdfbd39c-aa59-4b23-a3ac-5f2ddfb5b1b8] Ref image 5/6: upload finished ✓
2026-09-06T10:10:39.823Z [580af8c8-dfa4-4a67-acd5-c979066fef30][fdfbd39c-aa59-4b23-a3ac-5f2ddfb5b1b8] Ref image 4/5: reusing library asset "Chili School Day.jpeg" (no re-upload).
2026-09-06T10:10:43.418Z [580af8c8-dfa4-4a67-acd5-c979066fef30][fdfbd39c-aa59-4b23-a3ac-5f2ddfb5b1b8] Ref image 4/5: chips 3→4 ✓
2026-09-06T10:10:44.479Z [580af8c8-dfa4-4a67-acd5-c979066fef30][fdfbd39c-aa59-4b23-a3ac-5f2ddfb5b1b8] Ref image 5/5: downloading from URL...
2026-09-06T10:10:44.857Z [580af8c8-dfa4-4a67-acd5-c979066fef30][fdfbd39c-aa59-4b23-a3ac-5f2ddfb5b1b8] Ref image 5/5: saved 703417 bytes (image/jpeg) as "Verdant School Bus Interior Master.jpeg"
2026-09-06T10:10:44.871Z [580af8c8-dfa4-4a67-acd5-c979066fef30][fdfbd39c-aa59-4b23-a3ac-5f2ddfb5b1b8] Ref image 5/5: attaching reference image...
2026-09-06T10:10:47.527Z [580af8c8-dfa4-4a67-acd5-c979066fef30][fdfbd39c-aa59-4b23-a3ac-5f2ddfb5b1b8] Ref image 5/5: reusing library asset "Verdant School Bus Interior Master.jpeg" (no re-upload).
2026-09-06T10:10:49.506Z [ad7f6f8a-1184-48c9-b7a7-affc081c4f8b][fdfbd39c-aa59-4b23-a3ac-5f2ddfb5b1b8] Ref image 5/6: chips 4→5 ✓
2026-09-06T10:10:51.062Z [580af8c8-dfa4-4a67-acd5-c979066fef30][fdfbd39c-aa59-4b23-a3ac-5f2ddfb5b1b8] Ref image 5/5: chips 4→5 ✓
2026-09-06T10:10:51.092Z [580af8c8-dfa4-4a67-acd5-c979066fef30][fdfbd39c-aa59-4b23-a3ac-5f2ddfb5b1b8] Entering prompt...
2026-09-06T10:10:51.268Z [ad7f6f8a-1184-48c9-b7a7-affc081c4f8b][fdfbd39c-aa59-4b23-a3ac-5f2ddfb5b1b8] Ref image 6/6: downloading from URL...
2026-09-06T10:10:51.662Z [ad7f6f8a-1184-48c9-b7a7-affc081c4f8b][fdfbd39c-aa59-4b23-a3ac-5f2ddfb5b1b8] Ref image 6/6: saved 703417 bytes (image/jpeg) as "Verdant School Bus Interior Master.jpeg"
2026-09-06T10:10:51.680Z [ad7f6f8a-1184-48c9-b7a7-affc081c4f8b][fdfbd39c-aa59-4b23-a3ac-5f2ddfb5b1b8] Ref image 6/6: attaching reference image...
2026-09-06T10:10:52.995Z [580af8c8-dfa4-4a67-acd5-c979066fef30][fdfbd39c-aa59-4b23-a3ac-5f2ddfb5b1b8] Prompt is 1563 chars — typing it in 24 chunk(s).
2026-09-06T10:10:54.064Z [ad7f6f8a-1184-48c9-b7a7-affc081c4f8b][fdfbd39c-aa59-4b23-a3ac-5f2ddfb5b1b8] Ref image 6/6: reusing library asset "Verdant School Bus Interior Master.jpeg" (no re-upload).
2026-09-06T10:10:57.249Z [ad7f6f8a-1184-48c9-b7a7-affc081c4f8b][fdfbd39c-aa59-4b23-a3ac-5f2ddfb5b1b8] Ref image 6/6: chips 5→6 ✓
2026-09-06T10:10:57.269Z [ad7f6f8a-1184-48c9-b7a7-affc081c4f8b][fdfbd39c-aa59-4b23-a3ac-5f2ddfb5b1b8] Entering prompt...
2026-09-06T10:10:58.741Z [ad7f6f8a-1184-48c9-b7a7-affc081c4f8b][fdfbd39c-aa59-4b23-a3ac-5f2ddfb5b1b8] Prompt is 1611 chars — typing it in 27 chunk(s).
2026-09-06T10:11:04.112Z [580af8c8-dfa4-4a67-acd5-c979066fef30][fdfbd39c-aa59-4b23-a3ac-5f2ddfb5b1b8] Prompt insert attempt 1: editor has 1541 chars (want ~1555) ✓
2026-09-06T10:11:06.140Z [580af8c8-dfa4-4a67-acd5-c979066fef30][fdfbd39c-aa59-4b23-a3ac-5f2ddfb5b1b8] Baseline: 27 pre-existing media tile(s) of 27 mounted (kinds: image,image,image,image,image,image,image,image,image,image,image,image,image,image,image,image,image,image,image,image,image,image,image,image,image,image,image).
2026-09-06T10:11:08.757Z [580af8c8-dfa4-4a67-acd5-c979066fef30][fdfbd39c-aa59-4b23-a3ac-5f2ddfb5b1b8] [submit] confirmed (editor "What do you want to ", fresh tile=true).
2026-09-06T10:11:09.333Z [580af8c8-dfa4-4a67-acd5-c979066fef30][fdfbd39c-aa59-4b23-a3ac-5f2ddfb5b1b8] Current Workspace project URL: https://flow.google.com/project/390215dc-290f-4b92-a7f0-dd2b6651acfb?hl=en
2026-09-06T10:11:09.336Z [580af8c8-dfa4-4a67-acd5-c979066fef30][fdfbd39c-aa59-4b23-a3ac-5f2ddfb5b1b8] Submitted ✓ Detecting batch size...
2026-09-06T10:11:09.401Z [580af8c8-dfa4-4a67-acd5-c979066fef30][fdfbd39c-aa59-4b23-a3ac-5f2ddfb5b1b8] New tile(s) since submit: 0 → 4 (mounted=27)
2026-09-06T10:11:10.895Z [ad7f6f8a-1184-48c9-b7a7-affc081c4f8b][fdfbd39c-aa59-4b23-a3ac-5f2ddfb5b1b8] Prompt insert attempt 1: editor has 1588 chars (want ~1603) ✓
2026-09-06T10:11:12.665Z [ad7f6f8a-1184-48c9-b7a7-affc081c4f8b][fdfbd39c-aa59-4b23-a3ac-5f2ddfb5b1b8] Baseline: 27 pre-existing media tile(s) of 27 mounted (kinds: image,image,image,image,image,image,image,image,image,image,image,image,image,image,image,image,image,image,image,image,image,image,image,image,image,image,image).
2026-09-06T10:11:13.715Z [580af8c8-dfa4-4a67-acd5-c979066fef30][fdfbd39c-aa59-4b23-a3ac-5f2ddfb5b1b8] Batch size stabilised at 4 new tile(s)
2026-09-06T10:11:13.716Z [580af8c8-dfa4-4a67-acd5-c979066fef30][fdfbd39c-aa59-4b23-a3ac-5f2ddfb5b1b8] Batch detected: 4 item(s). Generating...
2026-09-06T10:11:13.718Z [580af8c8-dfa4-4a67-acd5-c979066fef30][fdfbd39c-aa59-4b23-a3ac-5f2ddfb5b1b8] Polling for 4 image item(s) (baseline=27, hasUpload=true)...
2026-09-06T10:11:13.763Z [580af8c8-dfa4-4a67-acd5-c979066fef30][fdfbd39c-aa59-4b23-a3ac-5f2ddfb5b1b8] Generating... 0 ready, 0 failed / 4 total (0s) image 36% [THAM CHIẾ image 36% [THAM CHIẾ image 36% [THAM CHIẾ image 36% [THAM CHIẾ
2026-09-06T10:11:15.889Z [ad7f6f8a-1184-48c9-b7a7-affc081c4f8b][fdfbd39c-aa59-4b23-a3ac-5f2ddfb5b1b8] [submit] confirmed (editor "What do you want to ", fresh tile=true).
2026-09-06T10:11:16.312Z [ad7f6f8a-1184-48c9-b7a7-affc081c4f8b][fdfbd39c-aa59-4b23-a3ac-5f2ddfb5b1b8] Current Workspace project URL: https://flow.google.com/project/f4a8359f-f480-4865-9eef-7927ee95f030?hl=en
2026-09-06T10:11:16.313Z [ad7f6f8a-1184-48c9-b7a7-affc081c4f8b][fdfbd39c-aa59-4b23-a3ac-5f2ddfb5b1b8] Submitted ✓ Detecting batch size...
2026-09-06T10:11:16.409Z [ad7f6f8a-1184-48c9-b7a7-affc081c4f8b][fdfbd39c-aa59-4b23-a3ac-5f2ddfb5b1b8] New tile(s) since submit: 0 → 4 (mounted=27)
2026-09-06T10:11:16.783Z [580af8c8-dfa4-4a67-acd5-c979066fef30][fdfbd39c-aa59-4b23-a3ac-5f2ddfb5b1b8] Generating... 0 ready, 0 failed / 4 total (3s) image 56% [THAM CHIẾ image 56% [THAM CHIẾ image 56% [THAM CHIẾ image 57% [THAM CHIẾ
2026-09-06T10:11:19.819Z [580af8c8-dfa4-4a67-acd5-c979066fef30][fdfbd39c-aa59-4b23-a3ac-5f2ddfb5b1b8] Generating... 0 ready, 0 failed / 4 total (6s) image 83% [THAM CHIẾ image 83% [THAM CHIẾ image 83% [THAM CHIẾ image 77% [THAM CHIẾ
2026-09-06T10:11:20.608Z [ad7f6f8a-1184-48c9-b7a7-affc081c4f8b][fdfbd39c-aa59-4b23-a3ac-5f2ddfb5b1b8] Batch size stabilised at 4 new tile(s)
2026-09-06T10:11:20.610Z [ad7f6f8a-1184-48c9-b7a7-affc081c4f8b][fdfbd39c-aa59-4b23-a3ac-5f2ddfb5b1b8] Batch detected: 4 item(s). Generating...
2026-09-06T10:11:20.612Z [ad7f6f8a-1184-48c9-b7a7-affc081c4f8b][fdfbd39c-aa59-4b23-a3ac-5f2ddfb5b1b8] Polling for 4 image item(s) (baseline=27, hasUpload=true)...
2026-09-06T10:11:20.638Z [ad7f6f8a-1184-48c9-b7a7-affc081c4f8b][fdfbd39c-aa59-4b23-a3ac-5f2ddfb5b1b8] Generating... 0 ready, 0 failed / 4 total (0s) image 45% [THAM CHIẾ image 45% [THAM CHIẾ image 45% [THAM CHIẾ image 45% [THAM CHIẾ
2026-09-06T10:11:22.843Z [580af8c8-dfa4-4a67-acd5-c979066fef30][fdfbd39c-aa59-4b23-a3ac-5f2ddfb5b1b8] Generating... 0 ready, 0 failed / 4 total (9s) image 99% [THAM CHIẾ image 99% [THAM CHIẾ image 99% [THAM CHIẾ image 99% [THAM CHIẾ
2026-09-06T10:11:23.667Z [ad7f6f8a-1184-48c9-b7a7-affc081c4f8b][fdfbd39c-aa59-4b23-a3ac-5f2ddfb5b1b8] Generating... 0 ready, 0 failed / 4 total (3s) image 65% [THAM CHIẾ image 65% [THAM CHIẾ image 65% [THAM CHIẾ image 65% [THAM CHIẾ
2026-09-06T10:11:25.866Z [580af8c8-dfa4-4a67-acd5-c979066fef30][fdfbd39c-aa59-4b23-a3ac-5f2ddfb5b1b8] Generating... 0 ready, 0 failed / 4 total (12s) image 99% [THAM CHIẾ image 99% [THAM CHIẾ image 99% [THAM CHIẾ image 99% [THAM CHIẾ
2026-09-06T10:11:26.686Z [ad7f6f8a-1184-48c9-b7a7-affc081c4f8b][fdfbd39c-aa59-4b23-a3ac-5f2ddfb5b1b8] Generating... 0 ready, 0 failed / 4 total (6s) image 85% [THAM CHIẾ image 85% [THAM CHIẾ image 85% [THAM CHIẾ image 85% [THAM CHIẾ
2026-09-06T10:11:28.883Z [580af8c8-dfa4-4a67-acd5-c979066fef30][fdfbd39c-aa59-4b23-a3ac-5f2ddfb5b1b8] Generating... 0 ready, 0 failed / 4 total (15s) image 99% [THAM CHIẾ image 99% [THAM CHIẾ image 99% [THAM CHIẾ image 99% [THAM CHIẾ
2026-09-06T10:11:29.707Z [ad7f6f8a-1184-48c9-b7a7-affc081c4f8b][fdfbd39c-aa59-4b23-a3ac-5f2ddfb5b1b8] Generating... 0 ready, 0 failed / 4 total (9s) image 99% [THAM CHIẾ image 99% [THAM CHIẾ image 99% [THAM CHIẾ image 99% [THAM CHIẾ
2026-09-06T10:11:31.906Z [580af8c8-dfa4-4a67-acd5-c979066fef30][fdfbd39c-aa59-4b23-a3ac-5f2ddfb5b1b8] Generating... 0 ready, 0 failed / 4 total (18s) image 99% [THAM CHIẾ image 99% [THAM CHIẾ image 99% [THAM CHIẾ image 99% [THAM CHIẾ
2026-09-06T10:11:32.739Z [ad7f6f8a-1184-48c9-b7a7-affc081c4f8b][fdfbd39c-aa59-4b23-a3ac-5f2ddfb5b1b8] Generating... 0 ready, 0 failed / 4 total (12s) image 99% [THAM CHIẾ image 99% [THAM CHIẾ image 99% [THAM CHIẾ image 99% [THAM CHIẾ
2026-09-06T10:11:34.933Z [580af8c8-dfa4-4a67-acd5-c979066fef30][fdfbd39c-aa59-4b23-a3ac-5f2ddfb5b1b8] Generating... 0 ready, 0 failed / 4 total (21s) image 99% [THAM CHIẾ image 99% [THAM CHIẾ image 99% [THAM CHIẾ image 99% [THAM CHIẾ
2026-09-06T10:11:35.764Z [ad7f6f8a-1184-48c9-b7a7-affc081c4f8b][fdfbd39c-aa59-4b23-a3ac-5f2ddfb5b1b8] Generating... 0 ready, 0 failed / 4 total (15s) image 99% [THAM CHIẾ image 99% [THAM CHIẾ image 99% [THAM CHIẾ image 99% [THAM CHIẾ
2026-09-06T10:11:37.957Z [580af8c8-dfa4-4a67-acd5-c979066fef30][fdfbd39c-aa59-4b23-a3ac-5f2ddfb5b1b8] Generating... 0 ready, 0 failed / 4 total (24s) image 99% [THAM CHIẾ image 99% [THAM CHIẾ image 99% [THAM CHIẾ image 99% [THAM CHIẾ
2026-09-06T10:11:38.793Z [ad7f6f8a-1184-48c9-b7a7-affc081c4f8b][fdfbd39c-aa59-4b23-a3ac-5f2ddfb5b1b8] Generating... 0 ready, 0 failed / 4 total (18s) image 99% [THAM CHIẾ image 99% [THAM CHIẾ image 99% [THAM CHIẾ image 99% [THAM CHIẾ
2026-09-06T10:11:40.990Z [580af8c8-dfa4-4a67-acd5-c979066fef30][fdfbd39c-aa59-4b23-a3ac-5f2ddfb5b1b8] Generating... 0 ready, 0 failed / 4 total (27s) image 99% [THAM CHIẾ image 99% [THAM CHIẾ image 99% [THAM CHIẾ image 99% [THAM CHIẾ
2026-09-06T10:11:41.814Z [ad7f6f8a-1184-48c9-b7a7-affc081c4f8b][fdfbd39c-aa59-4b23-a3ac-5f2ddfb5b1b8] Generating... 0 ready, 0 failed / 4 total (21s) image 99% [THAM CHIẾ image 99% [THAM CHIẾ image 99% [THAM CHIẾ image 99% [THAM CHIẾ
2026-09-06T10:11:44.016Z [580af8c8-dfa4-4a67-acd5-c979066fef30][fdfbd39c-aa59-4b23-a3ac-5f2ddfb5b1b8] Generating... 0 ready, 0 failed / 4 total (30s) [THAM CHIẾU]Verdant  image 99% [THAM CHIẾ image 99% [THAM CHIẾ image 99% [THAM CHIẾ
2026-09-06T10:11:44.830Z [ad7f6f8a-1184-48c9-b7a7-affc081c4f8b][fdfbd39c-aa59-4b23-a3ac-5f2ddfb5b1b8] Generating... 0 ready, 0 failed / 4 total (24s) image 99% [THAM CHIẾ image 99% [THAM CHIẾ image 99% [THAM CHIẾ image 99% [THAM CHIẾ
2026-09-06T10:11:47.046Z [580af8c8-dfa4-4a67-acd5-c979066fef30][fdfbd39c-aa59-4b23-a3ac-5f2ddfb5b1b8] Generating... 1 ready, 0 failed / 4 total (33s) image 99% [THAM CHIẾ image 99% [THAM CHIẾ image 99% [THAM CHIẾ
2026-09-06T10:11:47.852Z [ad7f6f8a-1184-48c9-b7a7-affc081c4f8b][fdfbd39c-aa59-4b23-a3ac-5f2ddfb5b1b8] Generating... 0 ready, 0 failed / 4 total (27s) image 99% [THAM CHIẾ image 99% [THAM CHIẾ image 99% [THAM CHIẾ image 99% [THAM CHIẾ
2026-09-06T10:11:50.067Z [580af8c8-dfa4-4a67-acd5-c979066fef30][fdfbd39c-aa59-4b23-a3ac-5f2ddfb5b1b8] Generating... 1 ready, 0 failed / 4 total (36s) image 99% [THAM CHIẾ image 99% [THAM CHIẾ image 99% [THAM CHIẾ
2026-09-06T10:11:50.874Z [ad7f6f8a-1184-48c9-b7a7-affc081c4f8b][fdfbd39c-aa59-4b23-a3ac-5f2ddfb5b1b8] Generating... 0 ready, 0 failed / 4 total (30s) image 99% [THAM CHIẾ image 99% [THAM CHIẾ image 99% [THAM CHIẾ image 99% [THAM CHIẾ
2026-09-06T10:11:53.093Z [580af8c8-dfa4-4a67-acd5-c979066fef30][fdfbd39c-aa59-4b23-a3ac-5f2ddfb5b1b8] Generating... 1 ready, 0 failed / 4 total (39s) image 99% [THAM CHIẾ image 99% [THAM CHIẾ image 99% [THAM CHIẾ
2026-09-06T10:11:53.897Z [ad7f6f8a-1184-48c9-b7a7-affc081c4f8b][fdfbd39c-aa59-4b23-a3ac-5f2ddfb5b1b8] Generating... 0 ready, 0 failed / 4 total (33s) [THAM CHIẾU]Verdant  image 99% [THAM CHIẾ image 99% [THAM CHIẾ image 99% [THAM CHIẾ
2026-09-06T10:11:56.149Z [580af8c8-dfa4-4a67-acd5-c979066fef30][fdfbd39c-aa59-4b23-a3ac-5f2ddfb5b1b8] Generating... 1 ready, 0 failed / 4 total (42s) image 99% [THAM CHIẾ image 99% [THAM CHIẾ image 99% [THAM CHIẾ
2026-09-06T10:11:56.945Z [ad7f6f8a-1184-48c9-b7a7-affc081c4f8b][fdfbd39c-aa59-4b23-a3ac-5f2ddfb5b1b8] Generating... 1 ready, 0 failed / 4 total (36s) image 99% [THAM CHIẾ image 99% [THAM CHIẾ [THAM CHIẾU]Verdant 
2026-09-06T10:11:59.183Z [580af8c8-dfa4-4a67-acd5-c979066fef30][fdfbd39c-aa59-4b23-a3ac-5f2ddfb5b1b8] Generating... 1 ready, 0 failed / 4 total (45s) image 100% [THAM CHI image 99% [THAM CHIẾ image 99% [THAM CHIẾ
2026-09-06T10:11:59.976Z [ad7f6f8a-1184-48c9-b7a7-affc081c4f8b][fdfbd39c-aa59-4b23-a3ac-5f2ddfb5b1b8] Generating... 2 ready, 0 failed / 4 total (39s) image 99% [THAM CHIẾ image 99% [THAM CHIẾ
2026-09-06T10:12:02.204Z [580af8c8-dfa4-4a67-acd5-c979066fef30][fdfbd39c-aa59-4b23-a3ac-5f2ddfb5b1b8] Generating... 2 ready, 0 failed / 4 total (48s) image 99% [THAM CHIẾ image 99% [THAM CHIẾ
2026-09-06T10:12:03.008Z [ad7f6f8a-1184-48c9-b7a7-affc081c4f8b][fdfbd39c-aa59-4b23-a3ac-5f2ddfb5b1b8] Generating... 2 ready, 0 failed / 4 total (42s) image 99% [THAM CHIẾ image 99% [THAM CHIẾ
2026-09-06T10:12:05.261Z [580af8c8-dfa4-4a67-acd5-c979066fef30][fdfbd39c-aa59-4b23-a3ac-5f2ddfb5b1b8] Generating... 2 ready, 0 failed / 4 total (52s) image 99% [THAM CHIẾ
2026-09-06T10:12:06.048Z [ad7f6f8a-1184-48c9-b7a7-affc081c4f8b][fdfbd39c-aa59-4b23-a3ac-5f2ddfb5b1b8] Generating... 2 ready, 0 failed / 4 total (45s) image 99% [THAM CHIẾ image 99% [THAM CHIẾ
2026-09-06T10:12:08.290Z [580af8c8-dfa4-4a67-acd5-c979066fef30][fdfbd39c-aa59-4b23-a3ac-5f2ddfb5b1b8] Generating... 2 ready, 0 failed / 4 total (55s) [THAM CHIẾU]Verdant 
2026-09-06T10:12:09.079Z [ad7f6f8a-1184-48c9-b7a7-affc081c4f8b][fdfbd39c-aa59-4b23-a3ac-5f2ddfb5b1b8] Generating... 2 ready, 0 failed / 4 total (48s) [THAM CHIẾU]Verdant  image 100% [THAM CHI
2026-09-06T10:12:11.438Z [580af8c8-dfa4-4a67-acd5-c979066fef30][fdfbd39c-aa59-4b23-a3ac-5f2ddfb5b1b8] Generating... 3 ready, 0 failed / 4 total (58s)
2026-09-06T10:12:12.111Z [ad7f6f8a-1184-48c9-b7a7-affc081c4f8b][fdfbd39c-aa59-4b23-a3ac-5f2ddfb5b1b8] Generating... 4 ready, 0 failed / 4 total (51s)
2026-09-06T10:12:12.113Z [ad7f6f8a-1184-48c9-b7a7-affc081c4f8b][fdfbd39c-aa59-4b23-a3ac-5f2ddfb5b1b8] Batch done: 4 ready (target 4), 0 failed, scanned 4.
2026-09-06T10:12:12.115Z [ad7f6f8a-1184-48c9-b7a7-affc081c4f8b][fdfbd39c-aa59-4b23-a3ac-5f2ddfb5b1b8] 4 item(s) ready! Downloading...
2026-09-06T10:12:12.122Z [ad7f6f8a-1184-48c9-b7a7-affc081c4f8b][fdfbd39c-aa59-4b23-a3ac-5f2ddfb5b1b8] Item 1: Downloading from URL https://flow-content.google/image/42250044-72f1-4aec-ab6d-d94b53724735?Expires=1788711077&KeyName=labs-flow-prod-cdn-key&Signature=3Jt8rmRoQKkbJTN1L3JFnDbqGwI
2026-09-06T10:12:12.436Z [ad7f6f8a-1184-48c9-b7a7-affc081c4f8b][fdfbd39c-aa59-4b23-a3ac-5f2ddfb5b1b8] Downloaded 1/4: winai_2026-09-06T10-12-12_01.jpg
2026-09-06T10:12:12.437Z [ad7f6f8a-1184-48c9-b7a7-affc081c4f8b][fdfbd39c-aa59-4b23-a3ac-5f2ddfb5b1b8] Item 2: Downloading from URL https://flow-content.google/image/a165ed81-8386-4489-8ec8-274bfa1ab059?Expires=1788711076&KeyName=labs-flow-prod-cdn-key&Signature=02F3tr_0hFhzTw4uNypL0rFch9k
2026-09-06T10:12:12.536Z [ad7f6f8a-1184-48c9-b7a7-affc081c4f8b][fdfbd39c-aa59-4b23-a3ac-5f2ddfb5b1b8] Downloaded 2/4: winai_2026-09-06T10-12-12_02.jpg
2026-09-06T10:12:12.538Z [ad7f6f8a-1184-48c9-b7a7-affc081c4f8b][fdfbd39c-aa59-4b23-a3ac-5f2ddfb5b1b8] Item 3: Downloading from URL https://flow-content.google/image/ea734e7d-5e93-4935-a979-0c253b9d97df?Expires=1788711076&KeyName=labs-flow-prod-cdn-key&Signature=kE3q5CuvE2fzO44_byOuvg9LtZI
2026-09-06T10:12:12.636Z [ad7f6f8a-1184-48c9-b7a7-affc081c4f8b][fdfbd39c-aa59-4b23-a3ac-5f2ddfb5b1b8] Downloaded 3/4: winai_2026-09-06T10-12-12_03.jpg
2026-09-06T10:12:12.637Z [ad7f6f8a-1184-48c9-b7a7-affc081c4f8b][fdfbd39c-aa59-4b23-a3ac-5f2ddfb5b1b8] Item 4: Downloading from URL https://flow-content.google/image/d65218ac-b19e-4a2c-aa22-7438714b35f5?Expires=1788711075&KeyName=labs-flow-prod-cdn-key&Signature=LPyufw2IQksgZc2QRZxxgcAO7Ig
2026-09-06T10:12:12.735Z [ad7f6f8a-1184-48c9-b7a7-affc081c4f8b][fdfbd39c-aa59-4b23-a3ac-5f2ddfb5b1b8] Downloaded 4/4: winai_2026-09-06T10-12-12_04.jpg
2026-09-06T10:12:12.736Z [ad7f6f8a-1184-48c9-b7a7-affc081c4f8b][fdfbd39c-aa59-4b23-a3ac-5f2ddfb5b1b8] ✅ 4 item(s) saved to Downloads/Win AI Toolkit/
2026-09-06T10:12:13.263Z [ad7f6f8a-1184-48c9-b7a7-affc081c4f8b][fdfbd39c-aa59-4b23-a3ac-5f2ddfb5b1b8] Item 1: Uploaded → https://studio.xanhmedia.vn/uploads/2026-09/1788689533191_50f1d0_fdfbd39c-aa59-4b23-a3ac-5f2ddfb5b1b8_ad7.jpg
2026-09-06T10:12:13.289Z [ad7f6f8a-1184-48c9-b7a7-affc081c4f8b][fdfbd39c-aa59-4b23-a3ac-5f2ddfb5b1b8] Item 4: Uploaded → https://studio.xanhmedia.vn/uploads/2026-09/1788689533217_731a78_fdfbd39c-aa59-4b23-a3ac-5f2ddfb5b1b8_ad7.jpg
2026-09-06T10:12:13.319Z [ad7f6f8a-1184-48c9-b7a7-affc081c4f8b][fdfbd39c-aa59-4b23-a3ac-5f2ddfb5b1b8] Item 2: Uploaded → https://studio.xanhmedia.vn/uploads/2026-09/1788689533242_7b60e2_fdfbd39c-aa59-4b23-a3ac-5f2ddfb5b1b8_ad7.jpg
2026-09-06T10:12:13.337Z [ad7f6f8a-1184-48c9-b7a7-affc081c4f8b][fdfbd39c-aa59-4b23-a3ac-5f2ddfb5b1b8] Item 3: Uploaded → https://studio.xanhmedia.vn/uploads/2026-09/1788689533259_0054b2_fdfbd39c-aa59-4b23-a3ac-5f2ddfb5b1b8_ad7.jpg
2026-09-06T10:12:13.357Z [ad7f6f8a-1184-48c9-b7a7-affc081c4f8b][fdfbd39c-aa59-4b23-a3ac-5f2ddfb5b1b8] All done (including any 1080p upgrades). Closing Playwright browser context.
2026-09-06T10:12:13.929Z [6626d09e-8670-41d4-91b8-c87f10b9ae8e][fdfbd39c-aa59-4b23-a3ac-5f2ddfb5b1b8] runGeneration starting: task_id=6626d09e-8670-41d4-91b8-c87f10b9ae8e, profile_id=fdfbd39c-aa59-4b23-a3ac-5f2ddfb5b1b8, target_site=google_flow
2026-09-06T10:12:13.930Z [6626d09e-8670-41d4-91b8-c87f10b9ae8e][fdfbd39c-aa59-4b23-a3ac-5f2ddfb5b1b8] Opening Playwright browser with persistent profile cookies...
2026-09-06T10:12:13.933Z [6626d09e-8670-41d4-91b8-c87f10b9ae8e][fdfbd39c-aa59-4b23-a3ac-5f2ddfb5b1b8] Browser engine: winhide (C:\Users\MienTrungComputer\AppData\Roaming\com.tank.winai\winhide\chrome.exe)
2026-09-06T10:12:13.937Z [6626d09e-8670-41d4-91b8-c87f10b9ae8e][fdfbd39c-aa59-4b23-a3ac-5f2ddfb5b1b8] Launch mode: STEALTH (raw spawn + connectOverCDP)
2026-09-06T10:12:14.469Z [580af8c8-dfa4-4a67-acd5-c979066fef30][fdfbd39c-aa59-4b23-a3ac-5f2ddfb5b1b8] Generating... 3 ready, 0 failed / 4 total (61s)
2026-09-06T10:12:16.192Z [6626d09e-8670-41d4-91b8-c87f10b9ae8e][fdfbd39c-aa59-4b23-a3ac-5f2ddfb5b1b8] Exit IP: 171.229.14.52
2026-09-06T10:12:16.192Z [6626d09e-8670-41d4-91b8-c87f10b9ae8e][fdfbd39c-aa59-4b23-a3ac-5f2ddfb5b1b8] Navigating browser to Google Flow tools page...
2026-09-06T10:12:16.192Z [6626d09e-8670-41d4-91b8-c87f10b9ae8e][fdfbd39c-aa59-4b23-a3ac-5f2ddfb5b1b8] Using existing project URL: https://flow.google.com/project/f4a8359f-f480-4865-9eef-7927ee95f030?hl=en
2026-09-06T10:12:17.366Z [6626d09e-8670-41d4-91b8-c87f10b9ae8e][fdfbd39c-aa59-4b23-a3ac-5f2ddfb5b1b8] Waiting for Google Flow...
2026-09-06T10:12:17.488Z [580af8c8-dfa4-4a67-acd5-c979066fef30][fdfbd39c-aa59-4b23-a3ac-5f2ddfb5b1b8] Generating... 3 ready, 0 failed / 4 total (64s)
2026-09-06T10:12:18.945Z [6626d09e-8670-41d4-91b8-c87f10b9ae8e][fdfbd39c-aa59-4b23-a3ac-5f2ddfb5b1b8] In existing project ✓
2026-09-06T10:12:20.005Z [6626d09e-8670-41d4-91b8-c87f10b9ae8e][fdfbd39c-aa59-4b23-a3ac-5f2ddfb5b1b8] dismissPopups: unresolved overlay(s) ["IFRAME[presentation]|btns="]
2026-09-06T10:12:20.530Z [580af8c8-dfa4-4a67-acd5-c979066fef30][fdfbd39c-aa59-4b23-a3ac-5f2ddfb5b1b8] Generating... 3 ready, 0 failed / 4 total (67s)
2026-09-06T10:12:22.514Z [6626d09e-8670-41d4-91b8-c87f10b9ae8e][fdfbd39c-aa59-4b23-a3ac-5f2ddfb5b1b8] Composer ready ✓ (UI language: en)
2026-09-06T10:12:22.536Z [6626d09e-8670-41d4-91b8-c87f10b9ae8e][fdfbd39c-aa59-4b23-a3ac-5f2ddfb5b1b8] dismissPopups: clicked "Dismiss credit banner" (overlay)
2026-09-06T10:12:23.080Z [6626d09e-8670-41d4-91b8-c87f10b9ae8e][fdfbd39c-aa59-4b23-a3ac-5f2ddfb5b1b8] dismissPopups: unresolved overlay(s) ["DIV[]|btns=","DIV[]|btns="]
2026-09-06T10:12:23.122Z [6626d09e-8670-41d4-91b8-c87f10b9ae8e][fdfbd39c-aa59-4b23-a3ac-5f2ddfb5b1b8] Agent toggle aria-pressed=false
2026-09-06T10:12:23.123Z [6626d09e-8670-41d4-91b8-c87f10b9ae8e][fdfbd39c-aa59-4b23-a3ac-5f2ddfb5b1b8] Opening settings...
2026-09-06T10:12:23.547Z [580af8c8-dfa4-4a67-acd5-c979066fef30][fdfbd39c-aa59-4b23-a3ac-5f2ddfb5b1b8] Generating... 3 ready, 0 failed / 4 total (70s)
2026-09-06T10:12:25.029Z [6626d09e-8670-41d4-91b8-c87f10b9ae8e][fdfbd39c-aa59-4b23-a3ac-5f2ddfb5b1b8] Configuring image settings...
2026-09-06T10:12:26.568Z [580af8c8-dfa4-4a67-acd5-c979066fef30][fdfbd39c-aa59-4b23-a3ac-5f2ddfb5b1b8] Generating... 3 ready, 0 failed / 4 total (73s)
2026-09-06T10:12:26.737Z [6626d09e-8670-41d4-91b8-c87f10b9ae8e][fdfbd39c-aa59-4b23-a3ac-5f2ddfb5b1b8] Mode: selected "image Image" ✓
2026-09-06T10:12:29.581Z [580af8c8-dfa4-4a67-acd5-c979066fef30][fdfbd39c-aa59-4b23-a3ac-5f2ddfb5b1b8] Generating... 3 ready, 0 failed / 4 total (76s)
2026-09-06T10:12:31.522Z [6626d09e-8670-41d4-91b8-c87f10b9ae8e][fdfbd39c-aa59-4b23-a3ac-5f2ddfb5b1b8] Model: selected "🍌 Nano Banana 2" ✓
2026-09-06T10:12:32.308Z [6626d09e-8670-41d4-91b8-c87f10b9ae8e][fdfbd39c-aa59-4b23-a3ac-5f2ddfb5b1b8] Aspect ratio: "crop_16_9 16:9" already selected ✓
2026-09-06T10:12:32.598Z [580af8c8-dfa4-4a67-acd5-c979066fef30][fdfbd39c-aa59-4b23-a3ac-5f2ddfb5b1b8] Generating... 3 ready, 0 failed / 4 total (79s)
2026-09-06T10:12:34.173Z [6626d09e-8670-41d4-91b8-c87f10b9ae8e][fdfbd39c-aa59-4b23-a3ac-5f2ddfb5b1b8] Output count: selected "x4" ✓
2026-09-06T10:12:35.464Z [6626d09e-8670-41d4-91b8-c87f10b9ae8e][fdfbd39c-aa59-4b23-a3ac-5f2ddfb5b1b8] Ref image 1/7: downloading from URL...
2026-09-06T10:12:35.631Z [580af8c8-dfa4-4a67-acd5-c979066fef30][fdfbd39c-aa59-4b23-a3ac-5f2ddfb5b1b8] Generating... 3 ready, 0 failed / 4 total (82s)
2026-09-06T10:12:35.846Z [6626d09e-8670-41d4-91b8-c87f10b9ae8e][fdfbd39c-aa59-4b23-a3ac-5f2ddfb5b1b8] Downloader: no-proxy request context ready.
2026-09-06T10:12:36.379Z [6626d09e-8670-41d4-91b8-c87f10b9ae8e][fdfbd39c-aa59-4b23-a3ac-5f2ddfb5b1b8] Ref image 1/7: saved 550624 bytes (image/jpeg) as "Elara School Morning Day.jpeg"
2026-09-06T10:12:36.385Z [6626d09e-8670-41d4-91b8-c87f10b9ae8e][fdfbd39c-aa59-4b23-a3ac-5f2ddfb5b1b8] Ref image 1/7: attaching reference image...
2026-09-06T10:12:38.664Z [580af8c8-dfa4-4a67-acd5-c979066fef30][fdfbd39c-aa59-4b23-a3ac-5f2ddfb5b1b8] Generating... 3 ready, 0 failed / 4 total (85s)
2026-09-06T10:12:38.680Z [6626d09e-8670-41d4-91b8-c87f10b9ae8e][fdfbd39c-aa59-4b23-a3ac-5f2ddfb5b1b8] Ref image 1/7: "Elara School Morning Day.jpeg" not in the library yet — uploading it first.
2026-09-06T10:12:41.689Z [580af8c8-dfa4-4a67-acd5-c979066fef30][fdfbd39c-aa59-4b23-a3ac-5f2ddfb5b1b8] Generating... 3 ready, 0 failed / 4 total (88s)
2026-09-06T10:12:42.724Z [6626d09e-8670-41d4-91b8-c87f10b9ae8e][fdfbd39c-aa59-4b23-a3ac-5f2ddfb5b1b8] Ref image 1/7: uploading "Elara School Morning Day.jpeg" to the project library...
2026-09-06T10:12:43.595Z [6626d09e-8670-41d4-91b8-c87f10b9ae8e][fdfbd39c-aa59-4b23-a3ac-5f2ddfb5b1b8] Ref image 1/7: upload finished ✓
2026-09-06T10:12:44.721Z [580af8c8-dfa4-4a67-acd5-c979066fef30][fdfbd39c-aa59-4b23-a3ac-5f2ddfb5b1b8] Generating... 3 ready, 0 failed / 4 total (91s)
2026-09-06T10:12:47.756Z [580af8c8-dfa4-4a67-acd5-c979066fef30][fdfbd39c-aa59-4b23-a3ac-5f2ddfb5b1b8] Generating... 3 ready, 0 failed / 4 total (94s)
2026-09-06T10:12:50.782Z [580af8c8-dfa4-4a67-acd5-c979066fef30][fdfbd39c-aa59-4b23-a3ac-5f2ddfb5b1b8] Generating... 3 ready, 0 failed / 4 total (97s)
2026-09-06T10:12:53.157Z [6626d09e-8670-41d4-91b8-c87f10b9ae8e][fdfbd39c-aa59-4b23-a3ac-5f2ddfb5b1b8] Ref image 1/7: chips 0→1 ✓
2026-09-06T10:12:53.821Z [580af8c8-dfa4-4a67-acd5-c979066fef30][fdfbd39c-aa59-4b23-a3ac-5f2ddfb5b1b8] Generating... 3 ready, 0 failed / 4 total (100s)
2026-09-06T10:12:54.585Z [6626d09e-8670-41d4-91b8-c87f10b9ae8e][fdfbd39c-aa59-4b23-a3ac-5f2ddfb5b1b8] Ref image 2/7: downloading from URL...
2026-09-06T10:12:54.973Z [6626d09e-8670-41d4-91b8-c87f10b9ae8e][fdfbd39c-aa59-4b23-a3ac-5f2ddfb5b1b8] Ref image 2/7: saved 527475 bytes (image/jpeg) as "Arlo School Day.jpeg"
2026-09-06T10:12:54.990Z [6626d09e-8670-41d4-91b8-c87f10b9ae8e][fdfbd39c-aa59-4b23-a3ac-5f2ddfb5b1b8] Ref image 2/7: attaching reference image...
2026-09-06T10:12:56.859Z [580af8c8-dfa4-4a67-acd5-c979066fef30][fdfbd39c-aa59-4b23-a3ac-5f2ddfb5b1b8] Generating... 3 ready, 0 failed / 4 total (103s)
2026-09-06T10:12:57.540Z [6626d09e-8670-41d4-91b8-c87f10b9ae8e][fdfbd39c-aa59-4b23-a3ac-5f2ddfb5b1b8] Ref image 2/7: reusing library asset "Arlo School Day.jpeg" (no re-upload).
2026-09-06T10:12:59.881Z [580af8c8-dfa4-4a67-acd5-c979066fef30][fdfbd39c-aa59-4b23-a3ac-5f2ddfb5b1b8] Generating... 3 ready, 0 failed / 4 total (106s)
2026-09-06T10:13:01.371Z [6626d09e-8670-41d4-91b8-c87f10b9ae8e][fdfbd39c-aa59-4b23-a3ac-5f2ddfb5b1b8] Ref image 2/7: chips 1→2 ✓
2026-09-06T10:13:02.902Z [580af8c8-dfa4-4a67-acd5-c979066fef30][fdfbd39c-aa59-4b23-a3ac-5f2ddfb5b1b8] Generating... 3 ready, 0 failed / 4 total (109s)
2026-09-06T10:13:03.116Z [6626d09e-8670-41d4-91b8-c87f10b9ae8e][fdfbd39c-aa59-4b23-a3ac-5f2ddfb5b1b8] Ref image 3/7: downloading from URL...
2026-09-06T10:13:03.506Z [6626d09e-8670-41d4-91b8-c87f10b9ae8e][fdfbd39c-aa59-4b23-a3ac-5f2ddfb5b1b8] Ref image 3/7: saved 643624 bytes (image/jpeg) as "Nessa School Day.jpeg"
2026-09-06T10:13:03.518Z [6626d09e-8670-41d4-91b8-c87f10b9ae8e][fdfbd39c-aa59-4b23-a3ac-5f2ddfb5b1b8] Ref image 3/7: attaching reference image...
2026-09-06T10:13:05.927Z [580af8c8-dfa4-4a67-acd5-c979066fef30][fdfbd39c-aa59-4b23-a3ac-5f2ddfb5b1b8] Generating... 3 ready, 0 failed / 4 total (112s)
2026-09-06T10:13:05.941Z [6626d09e-8670-41d4-91b8-c87f10b9ae8e][fdfbd39c-aa59-4b23-a3ac-5f2ddfb5b1b8] Ref image 3/7: reusing library asset "Nessa School Day.jpeg" (no re-upload).
2026-09-06T10:13:08.954Z [580af8c8-dfa4-4a67-acd5-c979066fef30][fdfbd39c-aa59-4b23-a3ac-5f2ddfb5b1b8] Generating... 3 ready, 0 failed / 4 total (115s)
2026-09-06T10:13:09.359Z [6626d09e-8670-41d4-91b8-c87f10b9ae8e][fdfbd39c-aa59-4b23-a3ac-5f2ddfb5b1b8] Ref image 3/7: chips 2→3 ✓
2026-09-06T10:13:10.373Z [6626d09e-8670-41d4-91b8-c87f10b9ae8e][fdfbd39c-aa59-4b23-a3ac-5f2ddfb5b1b8] Ref image 4/7: downloading from URL...
2026-09-06T10:13:10.731Z [6626d09e-8670-41d4-91b8-c87f10b9ae8e][fdfbd39c-aa59-4b23-a3ac-5f2ddfb5b1b8] Ref image 4/7: saved 509101 bytes (image/jpeg) as "Chili School Day.jpeg"
2026-09-06T10:13:10.737Z [6626d09e-8670-41d4-91b8-c87f10b9ae8e][fdfbd39c-aa59-4b23-a3ac-5f2ddfb5b1b8] Ref image 4/7: attaching reference image...
2026-09-06T10:13:11.980Z [580af8c8-dfa4-4a67-acd5-c979066fef30][fdfbd39c-aa59-4b23-a3ac-5f2ddfb5b1b8] Generating... 3 ready, 0 failed / 4 total (118s)
2026-09-06T10:13:13.111Z [6626d09e-8670-41d4-91b8-c87f10b9ae8e][fdfbd39c-aa59-4b23-a3ac-5f2ddfb5b1b8] Ref image 4/7: reusing library asset "Chili School Day.jpeg" (no re-upload).
2026-09-06T10:13:15.000Z [580af8c8-dfa4-4a67-acd5-c979066fef30][fdfbd39c-aa59-4b23-a3ac-5f2ddfb5b1b8] Generating... 3 ready, 0 failed / 4 total (121s)
2026-09-06T10:13:16.556Z [6626d09e-8670-41d4-91b8-c87f10b9ae8e][fdfbd39c-aa59-4b23-a3ac-5f2ddfb5b1b8] Ref image 4/7: chips 3→4 ✓
2026-09-06T10:13:18.015Z [580af8c8-dfa4-4a67-acd5-c979066fef30][fdfbd39c-aa59-4b23-a3ac-5f2ddfb5b1b8] Generating... 3 ready, 0 failed / 4 total (124s)
2026-09-06T10:13:18.296Z [6626d09e-8670-41d4-91b8-c87f10b9ae8e][fdfbd39c-aa59-4b23-a3ac-5f2ddfb5b1b8] Ref image 5/7: downloading from URL...
2026-09-06T10:13:18.634Z [6626d09e-8670-41d4-91b8-c87f10b9ae8e][fdfbd39c-aa59-4b23-a3ac-5f2ddfb5b1b8] Ref image 5/7: saved 524794 bytes (image/jpeg) as "Verdant Police Officer Team.jpeg"
2026-09-06T10:13:18.642Z [6626d09e-8670-41d4-91b8-c87f10b9ae8e][fdfbd39c-aa59-4b23-a3ac-5f2ddfb5b1b8] Ref image 5/7: attaching reference image...
2026-09-06T10:13:20.860Z [6626d09e-8670-41d4-91b8-c87f10b9ae8e][fdfbd39c-aa59-4b23-a3ac-5f2ddfb5b1b8] Ref image 5/7: reusing library asset "Verdant Police Officer Team.jpeg" (no re-upload).
2026-09-06T10:13:21.033Z [580af8c8-dfa4-4a67-acd5-c979066fef30][fdfbd39c-aa59-4b23-a3ac-5f2ddfb5b1b8] Generating... 3 ready, 0 failed / 4 total (127s)
2026-09-06T10:13:23.911Z [6626d09e-8670-41d4-91b8-c87f10b9ae8e][fdfbd39c-aa59-4b23-a3ac-5f2ddfb5b1b8] Ref image 5/7: chips 4→5 ✓
2026-09-06T10:13:24.057Z [580af8c8-dfa4-4a67-acd5-c979066fef30][fdfbd39c-aa59-4b23-a3ac-5f2ddfb5b1b8] Generating... 3 ready, 0 failed / 4 total (130s)
2026-09-06T10:13:25.564Z [6626d09e-8670-41d4-91b8-c87f10b9ae8e][fdfbd39c-aa59-4b23-a3ac-5f2ddfb5b1b8] Ref image 6/7: downloading from URL...
2026-09-06T10:13:25.944Z [6626d09e-8670-41d4-91b8-c87f10b9ae8e][fdfbd39c-aa59-4b23-a3ac-5f2ddfb5b1b8] Ref image 6/7: saved 771798 bytes (image/jpeg) as "Verdant School Bus Exterior Master.jpeg"
2026-09-06T10:13:25.950Z [6626d09e-8670-41d4-91b8-c87f10b9ae8e][fdfbd39c-aa59-4b23-a3ac-5f2ddfb5b1b8] Ref image 6/7: attaching reference image...
2026-09-06T10:13:27.069Z [580af8c8-dfa4-4a67-acd5-c979066fef30][fdfbd39c-aa59-4b23-a3ac-5f2ddfb5b1b8] Generating... 3 ready, 0 failed / 4 total (133s)
2026-09-06T10:13:28.102Z [6626d09e-8670-41d4-91b8-c87f10b9ae8e][fdfbd39c-aa59-4b23-a3ac-5f2ddfb5b1b8] Ref image 6/7: reusing library asset "Verdant School Bus Exterior Master.jpeg" (no re-upload).
2026-09-06T10:13:30.093Z [580af8c8-dfa4-4a67-acd5-c979066fef30][fdfbd39c-aa59-4b23-a3ac-5f2ddfb5b1b8] Generating... 3 ready, 0 failed / 4 total (136s)
2026-09-06T10:13:31.796Z [6626d09e-8670-41d4-91b8-c87f10b9ae8e][fdfbd39c-aa59-4b23-a3ac-5f2ddfb5b1b8] Ref image 6/7: chips 5→6 ✓
2026-09-06T10:13:33.119Z [580af8c8-dfa4-4a67-acd5-c979066fef30][fdfbd39c-aa59-4b23-a3ac-5f2ddfb5b1b8] Generating... 3 ready, 0 failed / 4 total (139s)
2026-09-06T10:13:33.335Z [6626d09e-8670-41d4-91b8-c87f10b9ae8e][fdfbd39c-aa59-4b23-a3ac-5f2ddfb5b1b8] Ref image 7/7: downloading from URL...
2026-09-06T10:13:33.670Z [6626d09e-8670-41d4-91b8-c87f10b9ae8e][fdfbd39c-aa59-4b23-a3ac-5f2ddfb5b1b8] Ref image 7/7: saved 449213 bytes (image/jpeg) as "Verdant Police Patrol Car.jpeg"
2026-09-06T10:13:33.674Z [6626d09e-8670-41d4-91b8-c87f10b9ae8e][fdfbd39c-aa59-4b23-a3ac-5f2ddfb5b1b8] Ref image 7/7: attaching reference image...
2026-09-06T10:13:35.868Z [6626d09e-8670-41d4-91b8-c87f10b9ae8e][fdfbd39c-aa59-4b23-a3ac-5f2ddfb5b1b8] Ref image 7/7: reusing library asset "Verdant Police Patrol Car.jpeg" (no re-upload).
2026-09-06T10:13:36.153Z [580af8c8-dfa4-4a67-acd5-c979066fef30][fdfbd39c-aa59-4b23-a3ac-5f2ddfb5b1b8] Generating... 3 ready, 0 failed / 4 total (142s)
2026-09-06T10:13:39.172Z [580af8c8-dfa4-4a67-acd5-c979066fef30][fdfbd39c-aa59-4b23-a3ac-5f2ddfb5b1b8] Generating... 3 ready, 0 failed / 4 total (145s)
2026-09-06T10:13:39.366Z [6626d09e-8670-41d4-91b8-c87f10b9ae8e][fdfbd39c-aa59-4b23-a3ac-5f2ddfb5b1b8] Ref image 7/7: chips 6→7 ✓
2026-09-06T10:13:39.383Z [6626d09e-8670-41d4-91b8-c87f10b9ae8e][fdfbd39c-aa59-4b23-a3ac-5f2ddfb5b1b8] Entering prompt...
2026-09-06T10:13:41.598Z [6626d09e-8670-41d4-91b8-c87f10b9ae8e][fdfbd39c-aa59-4b23-a3ac-5f2ddfb5b1b8] Prompt is 1693 chars — typing it in 29 chunk(s).
2026-09-06T10:13:42.181Z [580af8c8-dfa4-4a67-acd5-c979066fef30][fdfbd39c-aa59-4b23-a3ac-5f2ddfb5b1b8] Generating... 3 ready, 0 failed / 4 total (148s)
2026-09-06T10:13:45.207Z [580af8c8-dfa4-4a67-acd5-c979066fef30][fdfbd39c-aa59-4b23-a3ac-5f2ddfb5b1b8] Generating... 3 ready, 0 failed / 4 total (151s)
2026-09-06T10:13:48.216Z [580af8c8-dfa4-4a67-acd5-c979066fef30][fdfbd39c-aa59-4b23-a3ac-5f2ddfb5b1b8] Generating... 3 ready, 0 failed / 4 total (154s)
2026-09-06T10:13:51.234Z [580af8c8-dfa4-4a67-acd5-c979066fef30][fdfbd39c-aa59-4b23-a3ac-5f2ddfb5b1b8] Generating... 3 ready, 0 failed / 4 total (158s)
2026-09-06T10:13:54.245Z [580af8c8-dfa4-4a67-acd5-c979066fef30][fdfbd39c-aa59-4b23-a3ac-5f2ddfb5b1b8] Generating... 3 ready, 0 failed / 4 total (161s)
2026-09-06T10:13:55.246Z [6626d09e-8670-41d4-91b8-c87f10b9ae8e][fdfbd39c-aa59-4b23-a3ac-5f2ddfb5b1b8] Prompt insert attempt 1: editor has 1671 chars (want ~1685) ✓
2026-09-06T10:13:57.048Z [6626d09e-8670-41d4-91b8-c87f10b9ae8e][fdfbd39c-aa59-4b23-a3ac-5f2ddfb5b1b8] Baseline: 27 pre-existing media tile(s) of 27 mounted (kinds: image,image,image,image,image,image,image,image,image,image,image,image,image,image,image,image,image,image,image,image,image,image,image,image,image,image,image).
2026-09-06T10:13:57.260Z [580af8c8-dfa4-4a67-acd5-c979066fef30][fdfbd39c-aa59-4b23-a3ac-5f2ddfb5b1b8] Generating... 3 ready, 0 failed / 4 total (164s)
2026-09-06T10:13:59.287Z [6626d09e-8670-41d4-91b8-c87f10b9ae8e][fdfbd39c-aa59-4b23-a3ac-5f2ddfb5b1b8] [submit] confirmed (editor "What do you want to ", fresh tile=true).
2026-09-06T10:13:59.967Z [6626d09e-8670-41d4-91b8-c87f10b9ae8e][fdfbd39c-aa59-4b23-a3ac-5f2ddfb5b1b8] Current Workspace project URL: https://flow.google.com/project/f4a8359f-f480-4865-9eef-7927ee95f030?hl=en
2026-09-06T10:13:59.968Z [6626d09e-8670-41d4-91b8-c87f10b9ae8e][fdfbd39c-aa59-4b23-a3ac-5f2ddfb5b1b8] Submitted ✓ Detecting batch size...
2026-09-06T10:14:00.033Z [6626d09e-8670-41d4-91b8-c87f10b9ae8e][fdfbd39c-aa59-4b23-a3ac-5f2ddfb5b1b8] New tile(s) since submit: 0 → 4 (mounted=27)
2026-09-06T10:14:00.303Z [580af8c8-dfa4-4a67-acd5-c979066fef30][fdfbd39c-aa59-4b23-a3ac-5f2ddfb5b1b8] Generating... 3 ready, 0 failed / 4 total (167s)
2026-09-06T10:14:03.326Z [580af8c8-dfa4-4a67-acd5-c979066fef30][fdfbd39c-aa59-4b23-a3ac-5f2ddfb5b1b8] Generating... 3 ready, 0 failed / 4 total (170s)
2026-09-06T10:14:04.340Z [6626d09e-8670-41d4-91b8-c87f10b9ae8e][fdfbd39c-aa59-4b23-a3ac-5f2ddfb5b1b8] Batch size stabilised at 4 new tile(s)
2026-09-06T10:14:04.343Z [6626d09e-8670-41d4-91b8-c87f10b9ae8e][fdfbd39c-aa59-4b23-a3ac-5f2ddfb5b1b8] Batch detected: 4 item(s). Generating...
2026-09-06T10:14:04.346Z [6626d09e-8670-41d4-91b8-c87f10b9ae8e][fdfbd39c-aa59-4b23-a3ac-5f2ddfb5b1b8] Polling for 4 image item(s) (baseline=27, hasUpload=true)...
2026-09-06T10:14:04.376Z [6626d09e-8670-41d4-91b8-c87f10b9ae8e][fdfbd39c-aa59-4b23-a3ac-5f2ddfb5b1b8] Generating... 0 ready, 0 failed / 4 total (0s) image 35% [THAM CHIẾ image 35% [THAM CHIẾ image 35% [THAM CHIẾ image 35% [THAM CHIẾ
2026-09-06T10:14:06.354Z [580af8c8-dfa4-4a67-acd5-c979066fef30][fdfbd39c-aa59-4b23-a3ac-5f2ddfb5b1b8] Generating... 3 ready, 0 failed / 4 total (173s)
2026-09-06T10:14:07.407Z [6626d09e-8670-41d4-91b8-c87f10b9ae8e][fdfbd39c-aa59-4b23-a3ac-5f2ddfb5b1b8] Generating... 0 ready, 0 failed / 4 total (3s) image 55% [THAM CHIẾ image 55% [THAM CHIẾ image 55% [THAM CHIẾ image 55% [THAM CHIẾ
2026-09-06T10:14:09.390Z [580af8c8-dfa4-4a67-acd5-c979066fef30][fdfbd39c-aa59-4b23-a3ac-5f2ddfb5b1b8] Generating... 3 ready, 0 failed / 4 total (176s)
2026-09-06T10:14:10.435Z [6626d09e-8670-41d4-91b8-c87f10b9ae8e][fdfbd39c-aa59-4b23-a3ac-5f2ddfb5b1b8] Generating... 0 ready, 0 failed / 4 total (6s) image 82% [THAM CHIẾ image 82% [THAM CHIẾ image 82% [THAM CHIẾ image 82% [THAM CHIẾ
2026-09-06T10:14:12.416Z [580af8c8-dfa4-4a67-acd5-c979066fef30][fdfbd39c-aa59-4b23-a3ac-5f2ddfb5b1b8] Generating... 3 ready, 0 failed / 4 total (179s)
2026-09-06T10:14:13.471Z [6626d09e-8670-41d4-91b8-c87f10b9ae8e][fdfbd39c-aa59-4b23-a3ac-5f2ddfb5b1b8] Generating... 0 ready, 0 failed / 4 total (9s) image 99% [THAM CHIẾ image 99% [THAM CHIẾ image 99% [THAM CHIẾ image 99% [THAM CHIẾ
2026-09-06T10:14:15.423Z [580af8c8-dfa4-4a67-acd5-c979066fef30][fdfbd39c-aa59-4b23-a3ac-5f2ddfb5b1b8] Poll ended with 3/4 ready — salvaging the completed item(s).
2026-09-06T10:14:15.425Z [580af8c8-dfa4-4a67-acd5-c979066fef30][fdfbd39c-aa59-4b23-a3ac-5f2ddfb5b1b8] 3 item(s) ready! Downloading...
2026-09-06T10:14:15.435Z [580af8c8-dfa4-4a67-acd5-c979066fef30][fdfbd39c-aa59-4b23-a3ac-5f2ddfb5b1b8] Item 1: Downloading from URL https://flow-content.google/image/1497507e-73c5-4386-a251-d8c81d4b641e?Expires=1788711071&KeyName=labs-flow-prod-cdn-key&Signature=BTEQrMQkV1J8RBQTXH8bF4_9D_0
2026-09-06T10:14:15.826Z [580af8c8-dfa4-4a67-acd5-c979066fef30][fdfbd39c-aa59-4b23-a3ac-5f2ddfb5b1b8] Downloaded 1/3: winai_2026-09-06T10-14-15_01.jpg
2026-09-06T10:14:15.828Z [580af8c8-dfa4-4a67-acd5-c979066fef30][fdfbd39c-aa59-4b23-a3ac-5f2ddfb5b1b8] Item 2: Downloading from URL https://flow-content.google/image/9b431f6c-6e33-404d-986f-8054e9215def?Expires=1788711070&KeyName=labs-flow-prod-cdn-key&Signature=wIgug5Qsn2-ACx7w2I9VmtCPq7w
2026-09-06T10:14:15.947Z [580af8c8-dfa4-4a67-acd5-c979066fef30][fdfbd39c-aa59-4b23-a3ac-5f2ddfb5b1b8] Downloaded 2/3: winai_2026-09-06T10-14-15_02.jpg
2026-09-06T10:14:15.948Z [580af8c8-dfa4-4a67-acd5-c979066fef30][fdfbd39c-aa59-4b23-a3ac-5f2ddfb5b1b8] Item 3: Downloading from URL https://flow-content.google/image/89b41abe-9257-419a-a12d-23f7326848e5?Expires=1788711068&KeyName=labs-flow-prod-cdn-key&Signature=mQNw2wbQDFs_Fjk4ScLYazlZ4_E
2026-09-06T10:14:16.067Z [580af8c8-dfa4-4a67-acd5-c979066fef30][fdfbd39c-aa59-4b23-a3ac-5f2ddfb5b1b8] Downloaded 3/3: winai_2026-09-06T10-14-15_03.jpg
2026-09-06T10:14:16.070Z [580af8c8-dfa4-4a67-acd5-c979066fef30][fdfbd39c-aa59-4b23-a3ac-5f2ddfb5b1b8] ✅ 3 item(s) saved to Downloads/Win AI Toolkit/
2026-09-06T10:14:16.502Z [6626d09e-8670-41d4-91b8-c87f10b9ae8e][fdfbd39c-aa59-4b23-a3ac-5f2ddfb5b1b8] Generating... 0 ready, 0 failed / 4 total (12s) image 99% [THAM CHIẾ image 99% [THAM CHIẾ image 99% [THAM CHIẾ image 99% [THAM CHIẾ
2026-09-06T10:14:16.654Z [580af8c8-dfa4-4a67-acd5-c979066fef30][fdfbd39c-aa59-4b23-a3ac-5f2ddfb5b1b8] Item 1: Uploaded → https://studio.xanhmedia.vn/uploads/2026-09/1788689656582_fe504e_fdfbd39c-aa59-4b23-a3ac-5f2ddfb5b1b8_580.jpg
2026-09-06T10:14:16.676Z [580af8c8-dfa4-4a67-acd5-c979066fef30][fdfbd39c-aa59-4b23-a3ac-5f2ddfb5b1b8] Item 2: Uploaded → https://studio.xanhmedia.vn/uploads/2026-09/1788689656599_74db4e_fdfbd39c-aa59-4b23-a3ac-5f2ddfb5b1b8_580.jpg
2026-09-06T10:14:16.702Z [580af8c8-dfa4-4a67-acd5-c979066fef30][fdfbd39c-aa59-4b23-a3ac-5f2ddfb5b1b8] Item 3: Uploaded → https://studio.xanhmedia.vn/uploads/2026-09/1788689656623_5facbd_fdfbd39c-aa59-4b23-a3ac-5f2ddfb5b1b8_580.jpg
2026-09-06T10:14:16.728Z [580af8c8-dfa4-4a67-acd5-c979066fef30][fdfbd39c-aa59-4b23-a3ac-5f2ddfb5b1b8] All done (including any 1080p upgrades). Closing Playwright browser context.
2026-09-06T10:14:17.350Z [d5660eb1-749a-44db-a719-3666a3064978][fdfbd39c-aa59-4b23-a3ac-5f2ddfb5b1b8] runGeneration starting: task_id=d5660eb1-749a-44db-a719-3666a3064978, profile_id=fdfbd39c-aa59-4b23-a3ac-5f2ddfb5b1b8, target_site=google_flow
2026-09-06T10:14:17.353Z [d5660eb1-749a-44db-a719-3666a3064978][fdfbd39c-aa59-4b23-a3ac-5f2ddfb5b1b8] Opening Playwright browser with persistent profile cookies...
2026-09-06T10:14:17.355Z [d5660eb1-749a-44db-a719-3666a3064978][fdfbd39c-aa59-4b23-a3ac-5f2ddfb5b1b8] Browser engine: winhide (C:\Users\MienTrungComputer\AppData\Roaming\com.tank.winai\winhide\chrome.exe)
2026-09-06T10:14:17.356Z [d5660eb1-749a-44db-a719-3666a3064978][fdfbd39c-aa59-4b23-a3ac-5f2ddfb5b1b8] Launch mode: STEALTH (raw spawn + connectOverCDP)
2026-09-06T10:14:19.873Z [6626d09e-8670-41d4-91b8-c87f10b9ae8e][fdfbd39c-aa59-4b23-a3ac-5f2ddfb5b1b8] Generating... 0 ready, 0 failed / 4 total (16s) image 99% [THAM CHIẾ image 99% [THAM CHIẾ image 99% [THAM CHIẾ image 99% [THAM CHIẾ
2026-09-06T10:14:21.349Z [d5660eb1-749a-44db-a719-3666a3064978][fdfbd39c-aa59-4b23-a3ac-5f2ddfb5b1b8] Exit IP: 171.229.14.52
2026-09-06T10:14:21.351Z [d5660eb1-749a-44db-a719-3666a3064978][fdfbd39c-aa59-4b23-a3ac-5f2ddfb5b1b8] Navigating browser to Google Flow tools page...
2026-09-06T10:14:21.354Z [d5660eb1-749a-44db-a719-3666a3064978][fdfbd39c-aa59-4b23-a3ac-5f2ddfb5b1b8] Using existing project URL: https://flow.google.com/project/390215dc-290f-4b92-a7f0-dd2b6651acfb?hl=en
2026-09-06T10:14:23.055Z [6626d09e-8670-41d4-91b8-c87f10b9ae8e][fdfbd39c-aa59-4b23-a3ac-5f2ddfb5b1b8] Generating... 0 ready, 0 failed / 4 total (19s) image 99% [THAM CHIẾ image 99% [THAM CHIẾ image 99% [THAM CHIẾ image 99% [THAM CHIẾ
2026-09-06T10:14:23.269Z [d5660eb1-749a-44db-a719-3666a3064978][fdfbd39c-aa59-4b23-a3ac-5f2ddfb5b1b8] Waiting for Google Flow...
2026-09-06T10:14:25.797Z [d5660eb1-749a-44db-a719-3666a3064978][fdfbd39c-aa59-4b23-a3ac-5f2ddfb5b1b8] In existing project ✓
2026-09-06T10:14:26.079Z [6626d09e-8670-41d4-91b8-c87f10b9ae8e][fdfbd39c-aa59-4b23-a3ac-5f2ddfb5b1b8] Generating... 0 ready, 0 failed / 4 total (22s) image 99% [THAM CHIẾ image 99% [THAM CHIẾ image 99% [THAM CHIẾ image 99% [THAM CHIẾ
2026-09-06T10:14:27.342Z [d5660eb1-749a-44db-a719-3666a3064978][fdfbd39c-aa59-4b23-a3ac-5f2ddfb5b1b8] dismissPopups: unresolved overlay(s) ["IFRAME[presentation]|btns="]
2026-09-06T10:14:29.113Z [6626d09e-8670-41d4-91b8-c87f10b9ae8e][fdfbd39c-aa59-4b23-a3ac-5f2ddfb5b1b8] Generating... 0 ready, 0 failed / 4 total (25s) image 99% [THAM CHIẾ image 99% [THAM CHIẾ image 99% [THAM CHIẾ image 99% [THAM CHIẾ
2026-09-06T10:14:32.219Z [6626d09e-8670-41d4-91b8-c87f10b9ae8e][fdfbd39c-aa59-4b23-a3ac-5f2ddfb5b1b8] Generating... 0 ready, 0 failed / 4 total (28s) image 99% [THAM CHIẾ image 99% [THAM CHIẾ image 99% [THAM CHIẾ image 99% [THAM CHIẾ
2026-09-06T10:14:32.642Z [d5660eb1-749a-44db-a719-3666a3064978][fdfbd39c-aa59-4b23-a3ac-5f2ddfb5b1b8] Composer ready ✓ (UI language: en)
2026-09-06T10:14:32.779Z [d5660eb1-749a-44db-a719-3666a3064978][fdfbd39c-aa59-4b23-a3ac-5f2ddfb5b1b8] dismissPopups: clicked "Dismiss credit banner" (overlay)
2026-09-06T10:14:33.309Z [d5660eb1-749a-44db-a719-3666a3064978][fdfbd39c-aa59-4b23-a3ac-5f2ddfb5b1b8] dismissPopups: unresolved overlay(s) ["DIV[]|btns=","DIV[]|btns="]
2026-09-06T10:14:33.350Z [d5660eb1-749a-44db-a719-3666a3064978][fdfbd39c-aa59-4b23-a3ac-5f2ddfb5b1b8] Agent toggle aria-pressed=false
2026-09-06T10:14:33.351Z [d5660eb1-749a-44db-a719-3666a3064978][fdfbd39c-aa59-4b23-a3ac-5f2ddfb5b1b8] Opening settings...
2026-09-06T10:14:35.047Z [d5660eb1-749a-44db-a719-3666a3064978][fdfbd39c-aa59-4b23-a3ac-5f2ddfb5b1b8] Configuring image settings...
2026-09-06T10:14:35.240Z [6626d09e-8670-41d4-91b8-c87f10b9ae8e][fdfbd39c-aa59-4b23-a3ac-5f2ddfb5b1b8] Generating... 0 ready, 0 failed / 4 total (31s) image 99% [THAM CHIẾ image 100% [THAM CHI image 99% [THAM CHIẾ image 99% [THAM CHIẾ
2026-09-06T10:14:36.946Z [d5660eb1-749a-44db-a719-3666a3064978][fdfbd39c-aa59-4b23-a3ac-5f2ddfb5b1b8] Mode: selected "image Image" ✓
2026-09-06T10:14:38.260Z [6626d09e-8670-41d4-91b8-c87f10b9ae8e][fdfbd39c-aa59-4b23-a3ac-5f2ddfb5b1b8] Generating... 0 ready, 0 failed / 4 total (34s) image 99% [THAM CHIẾ [THAM CHIẾU]Elara Sc image 99% [THAM CHIẾ [THAM CHIẾU]Elara Sc
2026-09-06T10:14:41.307Z [6626d09e-8670-41d4-91b8-c87f10b9ae8e][fdfbd39c-aa59-4b23-a3ac-5f2ddfb5b1b8] Generating... 2 ready, 0 failed / 4 total (37s) image 99% [THAM CHIẾ image 99% [THAM CHIẾ
2026-09-06T10:14:41.893Z [d5660eb1-749a-44db-a719-3666a3064978][fdfbd39c-aa59-4b23-a3ac-5f2ddfb5b1b8] Model: selected "🍌 Nano Banana 2" ✓
2026-09-06T10:14:42.702Z [d5660eb1-749a-44db-a719-3666a3064978][fdfbd39c-aa59-4b23-a3ac-5f2ddfb5b1b8] Aspect ratio: "crop_16_9 16:9" already selected ✓
2026-09-06T10:14:44.335Z [d5660eb1-749a-44db-a719-3666a3064978][fdfbd39c-aa59-4b23-a3ac-5f2ddfb5b1b8] Output count: selected "x4" ✓
2026-09-06T10:14:44.340Z [6626d09e-8670-41d4-91b8-c87f10b9ae8e][fdfbd39c-aa59-4b23-a3ac-5f2ddfb5b1b8] Generating... 2 ready, 0 failed / 4 total (40s) [THAM CHIẾU]Elara Sc image 99% [THAM CHIẾ
2026-09-06T10:14:45.514Z [d5660eb1-749a-44db-a719-3666a3064978][fdfbd39c-aa59-4b23-a3ac-5f2ddfb5b1b8] Ref image 1/7: downloading from URL...
2026-09-06T10:14:46.165Z [d5660eb1-749a-44db-a719-3666a3064978][fdfbd39c-aa59-4b23-a3ac-5f2ddfb5b1b8] Downloader: no-proxy request context ready.
2026-09-06T10:14:46.739Z [d5660eb1-749a-44db-a719-3666a3064978][fdfbd39c-aa59-4b23-a3ac-5f2ddfb5b1b8] Ref image 1/7: saved 527475 bytes (image/jpeg) as "Arlo School Day.jpeg"
2026-09-06T10:14:46.758Z [d5660eb1-749a-44db-a719-3666a3064978][fdfbd39c-aa59-4b23-a3ac-5f2ddfb5b1b8] Ref image 1/7: attaching reference image...
2026-09-06T10:14:47.374Z [6626d09e-8670-41d4-91b8-c87f10b9ae8e][fdfbd39c-aa59-4b23-a3ac-5f2ddfb5b1b8] Generating... 3 ready, 0 failed / 4 total (43s) [THAM CHIẾU]Elara Sc
2026-09-06T10:14:49.067Z [d5660eb1-749a-44db-a719-3666a3064978][fdfbd39c-aa59-4b23-a3ac-5f2ddfb5b1b8] Ref image 1/7: reusing library asset "Arlo School Day.jpeg" (no re-upload).
2026-09-06T10:14:50.397Z [6626d09e-8670-41d4-91b8-c87f10b9ae8e][fdfbd39c-aa59-4b23-a3ac-5f2ddfb5b1b8] Generating... 4 ready, 0 failed / 4 total (46s)
2026-09-06T10:14:50.397Z [6626d09e-8670-41d4-91b8-c87f10b9ae8e][fdfbd39c-aa59-4b23-a3ac-5f2ddfb5b1b8] Batch done: 4 ready (target 4), 0 failed, scanned 4.
2026-09-06T10:14:50.397Z [6626d09e-8670-41d4-91b8-c87f10b9ae8e][fdfbd39c-aa59-4b23-a3ac-5f2ddfb5b1b8] 4 item(s) ready! Downloading...
2026-09-06T10:14:50.401Z [6626d09e-8670-41d4-91b8-c87f10b9ae8e][fdfbd39c-aa59-4b23-a3ac-5f2ddfb5b1b8] Item 1: Downloading from URL https://flow-content.google/image/c304ff29-ece9-4972-8796-e346e6272357?Expires=1788711241&KeyName=labs-flow-prod-cdn-key&Signature=UFpC57yunPEFy86XOlMrPrlfiPM
2026-09-06T10:14:50.692Z [6626d09e-8670-41d4-91b8-c87f10b9ae8e][fdfbd39c-aa59-4b23-a3ac-5f2ddfb5b1b8] Downloaded 1/4: winai_2026-09-06T10-14-50_01.jpg
2026-09-06T10:14:50.695Z [6626d09e-8670-41d4-91b8-c87f10b9ae8e][fdfbd39c-aa59-4b23-a3ac-5f2ddfb5b1b8] Item 2: Downloading from URL https://flow-content.google/image/47e2f6a8-22ea-48d9-a9d8-b3c72f3c421a?Expires=1788711240&KeyName=labs-flow-prod-cdn-key&Signature=y8rNF3iHXnWRhVqslXROaxPvf8Q
2026-09-06T10:14:50.798Z [6626d09e-8670-41d4-91b8-c87f10b9ae8e][fdfbd39c-aa59-4b23-a3ac-5f2ddfb5b1b8] Downloaded 2/4: winai_2026-09-06T10-14-50_02.jpg
2026-09-06T10:14:50.799Z [6626d09e-8670-41d4-91b8-c87f10b9ae8e][fdfbd39c-aa59-4b23-a3ac-5f2ddfb5b1b8] Item 3: Downloading from URL https://flow-content.google/image/703a5a84-31fa-4458-ab6b-364d1dc445a8?Expires=1788711239&KeyName=labs-flow-prod-cdn-key&Signature=W9hFZjmSFPMK0XDJq6WmVpIni5c
2026-09-06T10:14:50.910Z [6626d09e-8670-41d4-91b8-c87f10b9ae8e][fdfbd39c-aa59-4b23-a3ac-5f2ddfb5b1b8] Downloaded 3/4: winai_2026-09-06T10-14-50_03.jpg
2026-09-06T10:14:50.912Z [6626d09e-8670-41d4-91b8-c87f10b9ae8e][fdfbd39c-aa59-4b23-a3ac-5f2ddfb5b1b8] Item 4: Downloading from URL https://flow-content.google/image/20d31f03-9b59-4dc8-88b1-523df8b66143?Expires=1788711239&KeyName=labs-flow-prod-cdn-key&Signature=222kBSwdtGonuWth2MvOMrm2xo8
2026-09-06T10:14:51.014Z [6626d09e-8670-41d4-91b8-c87f10b9ae8e][fdfbd39c-aa59-4b23-a3ac-5f2ddfb5b1b8] Downloaded 4/4: winai_2026-09-06T10-14-50_04.jpg
2026-09-06T10:14:51.014Z [6626d09e-8670-41d4-91b8-c87f10b9ae8e][fdfbd39c-aa59-4b23-a3ac-5f2ddfb5b1b8] ✅ 4 item(s) saved to Downloads/Win AI Toolkit/
2026-09-06T10:14:51.561Z [6626d09e-8670-41d4-91b8-c87f10b9ae8e][fdfbd39c-aa59-4b23-a3ac-5f2ddfb5b1b8] Item 2: Uploaded → https://studio.xanhmedia.vn/uploads/2026-09/1788689691486_d21660_fdfbd39c-aa59-4b23-a3ac-5f2ddfb5b1b8_662.jpg
2026-09-06T10:14:51.628Z [6626d09e-8670-41d4-91b8-c87f10b9ae8e][fdfbd39c-aa59-4b23-a3ac-5f2ddfb5b1b8] Item 1: Uploaded → https://studio.xanhmedia.vn/uploads/2026-09/1788689691542_fdd40a_fdfbd39c-aa59-4b23-a3ac-5f2ddfb5b1b8_662.jpg
2026-09-06T10:14:51.657Z [6626d09e-8670-41d4-91b8-c87f10b9ae8e][fdfbd39c-aa59-4b23-a3ac-5f2ddfb5b1b8] Item 3: Uploaded → https://studio.xanhmedia.vn/uploads/2026-09/1788689691582_4812b4_fdfbd39c-aa59-4b23-a3ac-5f2ddfb5b1b8_662.jpg
2026-09-06T10:14:51.663Z [6626d09e-8670-41d4-91b8-c87f10b9ae8e][fdfbd39c-aa59-4b23-a3ac-5f2ddfb5b1b8] Item 4: Uploaded → https://studio.xanhmedia.vn/uploads/2026-09/1788689691578_761149_fdfbd39c-aa59-4b23-a3ac-5f2ddfb5b1b8_662.jpg
2026-09-06T10:14:51.713Z [6626d09e-8670-41d4-91b8-c87f10b9ae8e][fdfbd39c-aa59-4b23-a3ac-5f2ddfb5b1b8] All done (including any 1080p upgrades). Closing Playwright browser context.
2026-09-06T10:14:51.893Z [5f26eb0d-5705-4a64-bfbe-a41bbd888050][fdfbd39c-aa59-4b23-a3ac-5f2ddfb5b1b8] runGeneration starting: task_id=5f26eb0d-5705-4a64-bfbe-a41bbd888050, profile_id=fdfbd39c-aa59-4b23-a3ac-5f2ddfb5b1b8, target_site=google_flow
2026-09-06T10:14:51.896Z [5f26eb0d-5705-4a64-bfbe-a41bbd888050][fdfbd39c-aa59-4b23-a3ac-5f2ddfb5b1b8] Opening Playwright browser with persistent profile cookies...
2026-09-06T10:14:51.897Z [5f26eb0d-5705-4a64-bfbe-a41bbd888050][fdfbd39c-aa59-4b23-a3ac-5f2ddfb5b1b8] Browser engine: winhide (C:\Users\MienTrungComputer\AppData\Roaming\com.tank.winai\winhide\chrome.exe)
2026-09-06T10:14:51.899Z [5f26eb0d-5705-4a64-bfbe-a41bbd888050][fdfbd39c-aa59-4b23-a3ac-5f2ddfb5b1b8] Launch mode: STEALTH (raw spawn + connectOverCDP)
2026-09-06T10:14:52.608Z [d5660eb1-749a-44db-a719-3666a3064978][fdfbd39c-aa59-4b23-a3ac-5f2ddfb5b1b8] Ref image 1/7: chips 0→1 ✓
2026-09-06T10:14:54.419Z [d5660eb1-749a-44db-a719-3666a3064978][fdfbd39c-aa59-4b23-a3ac-5f2ddfb5b1b8] Ref image 2/7: downloading from URL...
2026-09-06T10:14:54.487Z [5f26eb0d-5705-4a64-bfbe-a41bbd888050][fdfbd39c-aa59-4b23-a3ac-5f2ddfb5b1b8] Exit IP: 171.229.14.52
2026-09-06T10:14:54.488Z [5f26eb0d-5705-4a64-bfbe-a41bbd888050][fdfbd39c-aa59-4b23-a3ac-5f2ddfb5b1b8] Navigating browser to Google Flow tools page...
2026-09-06T10:14:54.488Z [5f26eb0d-5705-4a64-bfbe-a41bbd888050][fdfbd39c-aa59-4b23-a3ac-5f2ddfb5b1b8] Using existing project URL: https://flow.google.com/project/f4a8359f-f480-4865-9eef-7927ee95f030?hl=en
2026-09-06T10:14:54.882Z [d5660eb1-749a-44db-a719-3666a3064978][fdfbd39c-aa59-4b23-a3ac-5f2ddfb5b1b8] Ref image 2/7: saved 643624 bytes (image/jpeg) as "Nessa School Day.jpeg"
2026-09-06T10:14:54.957Z [d5660eb1-749a-44db-a719-3666a3064978][fdfbd39c-aa59-4b23-a3ac-5f2ddfb5b1b8] Ref image 2/7: attaching reference image...
2026-09-06T10:14:55.609Z [5f26eb0d-5705-4a64-bfbe-a41bbd888050][fdfbd39c-aa59-4b23-a3ac-5f2ddfb5b1b8] Waiting for Google Flow...
2026-09-06T10:14:57.581Z [d5660eb1-749a-44db-a719-3666a3064978][fdfbd39c-aa59-4b23-a3ac-5f2ddfb5b1b8] Ref image 2/7: reusing library asset "Nessa School Day.jpeg" (no re-upload).
2026-09-06T10:14:57.735Z [5f26eb0d-5705-4a64-bfbe-a41bbd888050][fdfbd39c-aa59-4b23-a3ac-5f2ddfb5b1b8] In existing project ✓
2026-09-06T10:14:58.748Z [5f26eb0d-5705-4a64-bfbe-a41bbd888050][fdfbd39c-aa59-4b23-a3ac-5f2ddfb5b1b8] dismissPopups: unresolved overlay(s) ["IFRAME[presentation]|btns="]
2026-09-06T10:15:01.469Z [d5660eb1-749a-44db-a719-3666a3064978][fdfbd39c-aa59-4b23-a3ac-5f2ddfb5b1b8] Ref image 2/7: chips 1→2 ✓
2026-09-06T10:15:01.804Z [5f26eb0d-5705-4a64-bfbe-a41bbd888050][fdfbd39c-aa59-4b23-a3ac-5f2ddfb5b1b8] Composer ready ✓ (UI language: en)
2026-09-06T10:15:01.896Z [5f26eb0d-5705-4a64-bfbe-a41bbd888050][fdfbd39c-aa59-4b23-a3ac-5f2ddfb5b1b8] dismissPopups: clicked "Dismiss credit banner" (overlay)
2026-09-06T10:15:02.432Z [5f26eb0d-5705-4a64-bfbe-a41bbd888050][fdfbd39c-aa59-4b23-a3ac-5f2ddfb5b1b8] dismissPopups: unresolved overlay(s) ["DIV[]|btns=","DIV[]|btns="]
2026-09-06T10:15:02.474Z [5f26eb0d-5705-4a64-bfbe-a41bbd888050][fdfbd39c-aa59-4b23-a3ac-5f2ddfb5b1b8] Agent toggle aria-pressed=false
2026-09-06T10:15:02.476Z [5f26eb0d-5705-4a64-bfbe-a41bbd888050][fdfbd39c-aa59-4b23-a3ac-5f2ddfb5b1b8] Opening settings...
2026-09-06T10:15:02.827Z [d5660eb1-749a-44db-a719-3666a3064978][fdfbd39c-aa59-4b23-a3ac-5f2ddfb5b1b8] Ref image 3/7: downloading from URL...
2026-09-06T10:15:03.178Z [d5660eb1-749a-44db-a719-3666a3064978][fdfbd39c-aa59-4b23-a3ac-5f2ddfb5b1b8] Ref image 3/7: saved 550624 bytes (image/jpeg) as "Elara School Morning Day.jpeg"
2026-09-06T10:15:03.186Z [d5660eb1-749a-44db-a719-3666a3064978][fdfbd39c-aa59-4b23-a3ac-5f2ddfb5b1b8] Ref image 3/7: attaching reference image...
2026-09-06T10:15:04.602Z [5f26eb0d-5705-4a64-bfbe-a41bbd888050][fdfbd39c-aa59-4b23-a3ac-5f2ddfb5b1b8] Configuring image settings...
2026-09-06T10:15:05.571Z [d5660eb1-749a-44db-a719-3666a3064978][fdfbd39c-aa59-4b23-a3ac-5f2ddfb5b1b8] Ref image 3/7: "Elara School Morning Day.jpeg" not in the library yet — uploading it first.
2026-09-06T10:15:06.122Z [5f26eb0d-5705-4a64-bfbe-a41bbd888050][fdfbd39c-aa59-4b23-a3ac-5f2ddfb5b1b8] Mode: selected "image Image" ✓
2026-09-06T10:15:09.900Z [d5660eb1-749a-44db-a719-3666a3064978][fdfbd39c-aa59-4b23-a3ac-5f2ddfb5b1b8] Ref image 3/7: uploading "Elara School Morning Day.jpeg" to the project library...
2026-09-06T10:15:10.735Z [5f26eb0d-5705-4a64-bfbe-a41bbd888050][fdfbd39c-aa59-4b23-a3ac-5f2ddfb5b1b8] Model: selected "🍌 Nano Banana 2" ✓
2026-09-06T10:15:10.946Z [d5660eb1-749a-44db-a719-3666a3064978][fdfbd39c-aa59-4b23-a3ac-5f2ddfb5b1b8] Ref image 3/7: upload finished ✓
2026-09-06T10:15:11.455Z [5f26eb0d-5705-4a64-bfbe-a41bbd888050][fdfbd39c-aa59-4b23-a3ac-5f2ddfb5b1b8] Aspect ratio: "crop_16_9 16:9" already selected ✓
2026-09-06T10:15:13.174Z [5f26eb0d-5705-4a64-bfbe-a41bbd888050][fdfbd39c-aa59-4b23-a3ac-5f2ddfb5b1b8] Output count: selected "x4" ✓
2026-09-06T10:15:14.342Z [5f26eb0d-5705-4a64-bfbe-a41bbd888050][fdfbd39c-aa59-4b23-a3ac-5f2ddfb5b1b8] Ref image 1/8: downloading from URL...
2026-09-06T10:15:15.083Z [5f26eb0d-5705-4a64-bfbe-a41bbd888050][fdfbd39c-aa59-4b23-a3ac-5f2ddfb5b1b8] Downloader: no-proxy request context ready.
2026-09-06T10:15:15.690Z [5f26eb0d-5705-4a64-bfbe-a41bbd888050][fdfbd39c-aa59-4b23-a3ac-5f2ddfb5b1b8] Ref image 1/8: saved 527475 bytes (image/jpeg) as "Arlo School Day.jpeg"
2026-09-06T10:15:15.703Z [5f26eb0d-5705-4a64-bfbe-a41bbd888050][fdfbd39c-aa59-4b23-a3ac-5f2ddfb5b1b8] Ref image 1/8: attaching reference image...
2026-09-06T10:15:18.718Z [5f26eb0d-5705-4a64-bfbe-a41bbd888050][fdfbd39c-aa59-4b23-a3ac-5f2ddfb5b1b8] Ref image 1/8: reusing library asset "Arlo School Day.jpeg" (no re-upload).
2026-09-06T10:15:20.681Z [d5660eb1-749a-44db-a719-3666a3064978][fdfbd39c-aa59-4b23-a3ac-5f2ddfb5b1b8] Ref image 3/7: chips 2→3 ✓
2026-09-06T10:15:22.189Z [d5660eb1-749a-44db-a719-3666a3064978][fdfbd39c-aa59-4b23-a3ac-5f2ddfb5b1b8] Ref image 4/7: downloading from URL...
2026-09-06T10:15:22.396Z [5f26eb0d-5705-4a64-bfbe-a41bbd888050][fdfbd39c-aa59-4b23-a3ac-5f2ddfb5b1b8] Ref image 1/8: chips 0→1 ✓
2026-09-06T10:15:22.576Z [d5660eb1-749a-44db-a719-3666a3064978][fdfbd39c-aa59-4b23-a3ac-5f2ddfb5b1b8] Ref image 4/7: saved 509101 bytes (image/jpeg) as "Chili School Day.jpeg"
2026-09-06T10:15:22.585Z [d5660eb1-749a-44db-a719-3666a3064978][fdfbd39c-aa59-4b23-a3ac-5f2ddfb5b1b8] Ref image 4/7: attaching reference image...
2026-09-06T10:15:23.947Z [5f26eb0d-5705-4a64-bfbe-a41bbd888050][fdfbd39c-aa59-4b23-a3ac-5f2ddfb5b1b8] Ref image 2/8: downloading from URL...
2026-09-06T10:15:24.325Z [5f26eb0d-5705-4a64-bfbe-a41bbd888050][fdfbd39c-aa59-4b23-a3ac-5f2ddfb5b1b8] Ref image 2/8: saved 643624 bytes (image/jpeg) as "Nessa School Day.jpeg"
2026-09-06T10:15:24.341Z [5f26eb0d-5705-4a64-bfbe-a41bbd888050][fdfbd39c-aa59-4b23-a3ac-5f2ddfb5b1b8] Ref image 2/8: attaching reference image...
2026-09-06T10:15:24.602Z [d5660eb1-749a-44db-a719-3666a3064978][fdfbd39c-aa59-4b23-a3ac-5f2ddfb5b1b8] Ref image 4/7: reusing library asset "Chili School Day.jpeg" (no re-upload).
2026-09-06T10:15:26.925Z [5f26eb0d-5705-4a64-bfbe-a41bbd888050][fdfbd39c-aa59-4b23-a3ac-5f2ddfb5b1b8] Ref image 2/8: reusing library asset "Nessa School Day.jpeg" (no re-upload).
2026-09-06T10:15:28.721Z [d5660eb1-749a-44db-a719-3666a3064978][fdfbd39c-aa59-4b23-a3ac-5f2ddfb5b1b8] Ref image 4/7: chips 3→4 ✓
2026-09-06T10:15:30.360Z [d5660eb1-749a-44db-a719-3666a3064978][fdfbd39c-aa59-4b23-a3ac-5f2ddfb5b1b8] Ref image 5/7: downloading from URL...
2026-09-06T10:15:30.547Z [5f26eb0d-5705-4a64-bfbe-a41bbd888050][fdfbd39c-aa59-4b23-a3ac-5f2ddfb5b1b8] Ref image 2/8: chips 1→2 ✓
2026-09-06T10:15:30.691Z [d5660eb1-749a-44db-a719-3666a3064978][fdfbd39c-aa59-4b23-a3ac-5f2ddfb5b1b8] Ref image 5/7: saved 524794 bytes (image/jpeg) as "Verdant Police Officer Team.jpeg"
2026-09-06T10:15:30.694Z [d5660eb1-749a-44db-a719-3666a3064978][fdfbd39c-aa59-4b23-a3ac-5f2ddfb5b1b8] Ref image 5/7: attaching reference image...
2026-09-06T10:15:32.165Z [5f26eb0d-5705-4a64-bfbe-a41bbd888050][fdfbd39c-aa59-4b23-a3ac-5f2ddfb5b1b8] Ref image 3/8: downloading from URL...
2026-09-06T10:15:32.539Z [5f26eb0d-5705-4a64-bfbe-a41bbd888050][fdfbd39c-aa59-4b23-a3ac-5f2ddfb5b1b8] Ref image 3/8: saved 550624 bytes (image/jpeg) as "Elara School Morning Day.jpeg"
2026-09-06T10:15:32.547Z [5f26eb0d-5705-4a64-bfbe-a41bbd888050][fdfbd39c-aa59-4b23-a3ac-5f2ddfb5b1b8] Ref image 3/8: attaching reference image...
2026-09-06T10:15:32.731Z [d5660eb1-749a-44db-a719-3666a3064978][fdfbd39c-aa59-4b23-a3ac-5f2ddfb5b1b8] Ref image 5/7: reusing library asset "Verdant Police Officer Team.jpeg" (no re-upload).
2026-09-06T10:15:34.644Z [5f26eb0d-5705-4a64-bfbe-a41bbd888050][fdfbd39c-aa59-4b23-a3ac-5f2ddfb5b1b8] Ref image 3/8: reusing library asset "Elara School Morning Day.jpeg" (no re-upload).
2026-09-06T10:15:36.247Z [d5660eb1-749a-44db-a719-3666a3064978][fdfbd39c-aa59-4b23-a3ac-5f2ddfb5b1b8] Ref image 5/7: chips 4→5 ✓
2026-09-06T10:15:37.771Z [d5660eb1-749a-44db-a719-3666a3064978][fdfbd39c-aa59-4b23-a3ac-5f2ddfb5b1b8] Ref image 6/7: downloading from URL...
2026-09-06T10:15:38.147Z [d5660eb1-749a-44db-a719-3666a3064978][fdfbd39c-aa59-4b23-a3ac-5f2ddfb5b1b8] Ref image 6/7: saved 771798 bytes (image/jpeg) as "Verdant School Bus Exterior Master.jpeg"
2026-09-06T10:15:38.165Z [d5660eb1-749a-44db-a719-3666a3064978][fdfbd39c-aa59-4b23-a3ac-5f2ddfb5b1b8] Ref image 6/7: attaching reference image...
2026-09-06T10:15:38.855Z [5f26eb0d-5705-4a64-bfbe-a41bbd888050][fdfbd39c-aa59-4b23-a3ac-5f2ddfb5b1b8] Ref image 3/8: chips 2→3 ✓
2026-09-06T10:15:40.112Z [5f26eb0d-5705-4a64-bfbe-a41bbd888050][fdfbd39c-aa59-4b23-a3ac-5f2ddfb5b1b8] Ref image 4/8: downloading from URL...
2026-09-06T10:15:40.494Z [5f26eb0d-5705-4a64-bfbe-a41bbd888050][fdfbd39c-aa59-4b23-a3ac-5f2ddfb5b1b8] Ref image 4/8: saved 509101 bytes (image/jpeg) as "Chili School Day.jpeg"
2026-09-06T10:15:40.512Z [5f26eb0d-5705-4a64-bfbe-a41bbd888050][fdfbd39c-aa59-4b23-a3ac-5f2ddfb5b1b8] Ref image 4/8: attaching reference image...
2026-09-06T10:15:40.602Z [d5660eb1-749a-44db-a719-3666a3064978][fdfbd39c-aa59-4b23-a3ac-5f2ddfb5b1b8] Ref image 6/7: reusing library asset "Verdant School Bus Exterior Master.jpeg" (no re-upload).
2026-09-06T10:15:42.693Z [5f26eb0d-5705-4a64-bfbe-a41bbd888050][fdfbd39c-aa59-4b23-a3ac-5f2ddfb5b1b8] Ref image 4/8: reusing library asset "Chili School Day.jpeg" (no re-upload).
2026-09-06T10:15:44.421Z [d5660eb1-749a-44db-a719-3666a3064978][fdfbd39c-aa59-4b23-a3ac-5f2ddfb5b1b8] Ref image 6/7: chips 5→6 ✓
2026-09-06T10:15:45.966Z [d5660eb1-749a-44db-a719-3666a3064978][fdfbd39c-aa59-4b23-a3ac-5f2ddfb5b1b8] Ref image 7/7: downloading from URL...
2026-09-06T10:15:46.298Z [5f26eb0d-5705-4a64-bfbe-a41bbd888050][fdfbd39c-aa59-4b23-a3ac-5f2ddfb5b1b8] Ref image 4/8: chips 3→4 ✓
2026-09-06T10:15:46.320Z [d5660eb1-749a-44db-a719-3666a3064978][fdfbd39c-aa59-4b23-a3ac-5f2ddfb5b1b8] Ref image 7/7: saved 449213 bytes (image/jpeg) as "Verdant Police Patrol Car.jpeg"
2026-09-06T10:15:46.325Z [d5660eb1-749a-44db-a719-3666a3064978][fdfbd39c-aa59-4b23-a3ac-5f2ddfb5b1b8] Ref image 7/7: attaching reference image...
2026-09-06T10:15:47.889Z [5f26eb0d-5705-4a64-bfbe-a41bbd888050][fdfbd39c-aa59-4b23-a3ac-5f2ddfb5b1b8] Ref image 5/8: downloading from URL...
2026-09-06T10:15:48.250Z [5f26eb0d-5705-4a64-bfbe-a41bbd888050][fdfbd39c-aa59-4b23-a3ac-5f2ddfb5b1b8] Ref image 5/8: saved 524794 bytes (image/jpeg) as "Verdant Police Officer Team.jpeg"
2026-09-06T10:15:48.254Z [5f26eb0d-5705-4a64-bfbe-a41bbd888050][fdfbd39c-aa59-4b23-a3ac-5f2ddfb5b1b8] Ref image 5/8: attaching reference image...
2026-09-06T10:15:48.692Z [d5660eb1-749a-44db-a719-3666a3064978][fdfbd39c-aa59-4b23-a3ac-5f2ddfb5b1b8] Ref image 7/7: "Verdant Police Patrol Car.jpeg" not in the library yet — uploading it first.
2026-09-06T10:15:50.213Z [5f26eb0d-5705-4a64-bfbe-a41bbd888050][fdfbd39c-aa59-4b23-a3ac-5f2ddfb5b1b8] Ref image 5/8: reusing library asset "Verdant Police Officer Team.jpeg" (no re-upload).
2026-09-06T10:15:53.047Z [d5660eb1-749a-44db-a719-3666a3064978][fdfbd39c-aa59-4b23-a3ac-5f2ddfb5b1b8] Ref image 7/7: uploading "Verdant Police Patrol Car.jpeg" to the project library...
2026-09-06T10:15:53.425Z [5f26eb0d-5705-4a64-bfbe-a41bbd888050][fdfbd39c-aa59-4b23-a3ac-5f2ddfb5b1b8] Ref image 5/8: chips 4→5 ✓
2026-09-06T10:15:53.882Z [d5660eb1-749a-44db-a719-3666a3064978][fdfbd39c-aa59-4b23-a3ac-5f2ddfb5b1b8] Ref image 7/7: upload finished ✓
2026-09-06T10:15:54.764Z [5f26eb0d-5705-4a64-bfbe-a41bbd888050][fdfbd39c-aa59-4b23-a3ac-5f2ddfb5b1b8] Ref image 6/8: downloading from URL...
2026-09-06T10:15:55.109Z [5f26eb0d-5705-4a64-bfbe-a41bbd888050][fdfbd39c-aa59-4b23-a3ac-5f2ddfb5b1b8] Ref image 6/8: saved 559623 bytes (image/jpeg) as "Fake Driver Driver Disguise State.jpeg"
2026-09-06T10:15:55.117Z [5f26eb0d-5705-4a64-bfbe-a41bbd888050][fdfbd39c-aa59-4b23-a3ac-5f2ddfb5b1b8] Ref image 6/8: attaching reference image...
2026-09-06T10:15:57.535Z [5f26eb0d-5705-4a64-bfbe-a41bbd888050][fdfbd39c-aa59-4b23-a3ac-5f2ddfb5b1b8] Ref image 6/8: reusing library asset "Fake Driver Driver Disguise State.jpeg" (no re-upload).
2026-09-06T10:16:01.761Z [5f26eb0d-5705-4a64-bfbe-a41bbd888050][fdfbd39c-aa59-4b23-a3ac-5f2ddfb5b1b8] Ref image 6/8: chips 5→6 ✓
2026-09-06T10:16:02.888Z [5f26eb0d-5705-4a64-bfbe-a41bbd888050][fdfbd39c-aa59-4b23-a3ac-5f2ddfb5b1b8] Ref image 7/8: downloading from URL...
2026-09-06T10:16:03.249Z [d5660eb1-749a-44db-a719-3666a3064978][fdfbd39c-aa59-4b23-a3ac-5f2ddfb5b1b8] Ref image 7/7: chips 6→7 ✓
2026-09-06T10:16:03.286Z [5f26eb0d-5705-4a64-bfbe-a41bbd888050][fdfbd39c-aa59-4b23-a3ac-5f2ddfb5b1b8] Ref image 7/8: saved 771798 bytes (image/jpeg) as "Verdant School Bus Exterior Master.jpeg"
2026-09-06T10:16:03.303Z [5f26eb0d-5705-4a64-bfbe-a41bbd888050][fdfbd39c-aa59-4b23-a3ac-5f2ddfb5b1b8] Ref image 7/8: attaching reference image...
2026-09-06T10:16:03.305Z [d5660eb1-749a-44db-a719-3666a3064978][fdfbd39c-aa59-4b23-a3ac-5f2ddfb5b1b8] Entering prompt...
2026-09-06T10:16:05.028Z [d5660eb1-749a-44db-a719-3666a3064978][fdfbd39c-aa59-4b23-a3ac-5f2ddfb5b1b8] Prompt is 1777 chars — typing it in 30 chunk(s).
2026-09-06T10:16:06.198Z [5f26eb0d-5705-4a64-bfbe-a41bbd888050][fdfbd39c-aa59-4b23-a3ac-5f2ddfb5b1b8] Ref image 7/8: reusing library asset "Verdant School Bus Exterior Master.jpeg" (no re-upload).
2026-09-06T10:16:09.702Z [5f26eb0d-5705-4a64-bfbe-a41bbd888050][fdfbd39c-aa59-4b23-a3ac-5f2ddfb5b1b8] Ref image 7/8: chips 6→7 ✓
2026-09-06T10:16:11.094Z [5f26eb0d-5705-4a64-bfbe-a41bbd888050][fdfbd39c-aa59-4b23-a3ac-5f2ddfb5b1b8] Ref image 8/8: downloading from URL...
2026-09-06T10:16:11.419Z [5f26eb0d-5705-4a64-bfbe-a41bbd888050][fdfbd39c-aa59-4b23-a3ac-5f2ddfb5b1b8] Ref image 8/8: saved 449213 bytes (image/jpeg) as "Verdant Police Patrol Car.jpeg"
2026-09-06T10:16:11.426Z [5f26eb0d-5705-4a64-bfbe-a41bbd888050][fdfbd39c-aa59-4b23-a3ac-5f2ddfb5b1b8] Ref image 8/8: attaching reference image...
2026-09-06T10:16:13.241Z [5f26eb0d-5705-4a64-bfbe-a41bbd888050][fdfbd39c-aa59-4b23-a3ac-5f2ddfb5b1b8] Ref image 8/8: reusing library asset "Verdant Police Patrol Car.jpeg" (no re-upload).
2026-09-06T10:16:16.821Z [5f26eb0d-5705-4a64-bfbe-a41bbd888050][fdfbd39c-aa59-4b23-a3ac-5f2ddfb5b1b8] Ref image 8/8: chips 7→8 ✓
2026-09-06T10:16:16.832Z [5f26eb0d-5705-4a64-bfbe-a41bbd888050][fdfbd39c-aa59-4b23-a3ac-5f2ddfb5b1b8] Entering prompt...
2026-09-06T10:16:18.556Z [5f26eb0d-5705-4a64-bfbe-a41bbd888050][fdfbd39c-aa59-4b23-a3ac-5f2ddfb5b1b8] Prompt is 1740 chars — typing it in 30 chunk(s).
2026-09-06T10:16:19.309Z [d5660eb1-749a-44db-a719-3666a3064978][fdfbd39c-aa59-4b23-a3ac-5f2ddfb5b1b8] Prompt insert attempt 1: editor has 1755 chars (want ~1769) ✓
2026-09-06T10:16:21.091Z [d5660eb1-749a-44db-a719-3666a3064978][fdfbd39c-aa59-4b23-a3ac-5f2ddfb5b1b8] Baseline: 27 pre-existing media tile(s) of 27 mounted (kinds: image,image,image,image,image,image,image,image,image,image,image,image,image,image,image,image,image,image,image,image,image,image,image,image,image,image,image).
2026-09-06T10:16:23.333Z [d5660eb1-749a-44db-a719-3666a3064978][fdfbd39c-aa59-4b23-a3ac-5f2ddfb5b1b8] [submit] confirmed (editor "What do you want to ", fresh tile=true).
2026-09-06T10:16:24.060Z [d5660eb1-749a-44db-a719-3666a3064978][fdfbd39c-aa59-4b23-a3ac-5f2ddfb5b1b8] Current Workspace project URL: https://flow.google.com/project/390215dc-290f-4b92-a7f0-dd2b6651acfb?hl=en
2026-09-06T10:16:24.064Z [d5660eb1-749a-44db-a719-3666a3064978][fdfbd39c-aa59-4b23-a3ac-5f2ddfb5b1b8] Submitted ✓ Detecting batch size...
2026-09-06T10:16:24.122Z [d5660eb1-749a-44db-a719-3666a3064978][fdfbd39c-aa59-4b23-a3ac-5f2ddfb5b1b8] New tile(s) since submit: 0 → 4 (mounted=27)
2026-09-06T10:16:28.352Z [d5660eb1-749a-44db-a719-3666a3064978][fdfbd39c-aa59-4b23-a3ac-5f2ddfb5b1b8] Batch size stabilised at 4 new tile(s)
2026-09-06T10:16:28.353Z [d5660eb1-749a-44db-a719-3666a3064978][fdfbd39c-aa59-4b23-a3ac-5f2ddfb5b1b8] Batch detected: 4 item(s). Generating...
2026-09-06T10:16:28.353Z [d5660eb1-749a-44db-a719-3666a3064978][fdfbd39c-aa59-4b23-a3ac-5f2ddfb5b1b8] Polling for 4 image item(s) (baseline=27, hasUpload=true)...
2026-09-06T10:16:28.373Z [d5660eb1-749a-44db-a719-3666a3064978][fdfbd39c-aa59-4b23-a3ac-5f2ddfb5b1b8] Generating... 0 ready, 0 failed / 4 total (0s) image 34% [THAM CHIẾ image 34% [THAM CHIẾ image 34% [THAM CHIẾ image 34% [THAM CHIẾ
2026-09-06T10:16:31.391Z [d5660eb1-749a-44db-a719-3666a3064978][fdfbd39c-aa59-4b23-a3ac-5f2ddfb5b1b8] Generating... 0 ready, 0 failed / 4 total (3s) image 55% [THAM CHIẾ image 55% [THAM CHIẾ image 55% [THAM CHIẾ image 55% [THAM CHIẾ
2026-09-06T10:16:33.268Z [5f26eb0d-5705-4a64-bfbe-a41bbd888050][fdfbd39c-aa59-4b23-a3ac-5f2ddfb5b1b8] Prompt insert attempt 1: editor has 1717 chars (want ~1732) ✓
2026-09-06T10:16:34.484Z [d5660eb1-749a-44db-a719-3666a3064978][fdfbd39c-aa59-4b23-a3ac-5f2ddfb5b1b8] Generating... 0 ready, 0 failed / 4 total (6s) image 81% [THAM CHIẾ image 75% [THAM CHIẾ image 75% [THAM CHIẾ image 75% [THAM CHIẾ
2026-09-06T10:16:34.810Z [5f26eb0d-5705-4a64-bfbe-a41bbd888050][fdfbd39c-aa59-4b23-a3ac-5f2ddfb5b1b8] Baseline: 27 pre-existing media tile(s) of 27 mounted (kinds: image,image,image,image,image,image,image,image,image,image,image,image,image,image,image,image,image,image,image,image,image,image,image,image,image,image,image).
2026-09-06T10:16:37.543Z [d5660eb1-749a-44db-a719-3666a3064978][fdfbd39c-aa59-4b23-a3ac-5f2ddfb5b1b8] Generating... 0 ready, 0 failed / 4 total (9s) image 99% [THAM CHIẾ image 99% [THAM CHIẾ image 99% [THAM CHIẾ image 99% [THAM CHIẾ
2026-09-06T10:16:38.605Z [5f26eb0d-5705-4a64-bfbe-a41bbd888050][fdfbd39c-aa59-4b23-a3ac-5f2ddfb5b1b8] [submit] confirmed (editor "What do you want to ", fresh tile=true).
2026-09-06T10:16:39.180Z [5f26eb0d-5705-4a64-bfbe-a41bbd888050][fdfbd39c-aa59-4b23-a3ac-5f2ddfb5b1b8] Current Workspace project URL: https://flow.google.com/project/f4a8359f-f480-4865-9eef-7927ee95f030?hl=en
2026-09-06T10:16:39.182Z [5f26eb0d-5705-4a64-bfbe-a41bbd888050][fdfbd39c-aa59-4b23-a3ac-5f2ddfb5b1b8] Submitted ✓ Detecting batch size...
2026-09-06T10:16:39.247Z [5f26eb0d-5705-4a64-bfbe-a41bbd888050][fdfbd39c-aa59-4b23-a3ac-5f2ddfb5b1b8] New tile(s) since submit: 0 → 4 (mounted=27)
2026-09-06T10:16:40.580Z [d5660eb1-749a-44db-a719-3666a3064978][fdfbd39c-aa59-4b23-a3ac-5f2ddfb5b1b8] Generating... 0 ready, 0 failed / 4 total (12s) image 99% [THAM CHIẾ image 99% [THAM CHIẾ image 99% [THAM CHIẾ image 99% [THAM CHIẾ
2026-09-06T10:16:43.464Z [5f26eb0d-5705-4a64-bfbe-a41bbd888050][fdfbd39c-aa59-4b23-a3ac-5f2ddfb5b1b8] Batch size stabilised at 4 new tile(s)
2026-09-06T10:16:43.465Z [5f26eb0d-5705-4a64-bfbe-a41bbd888050][fdfbd39c-aa59-4b23-a3ac-5f2ddfb5b1b8] Batch detected: 4 item(s). Generating...
2026-09-06T10:16:43.467Z [5f26eb0d-5705-4a64-bfbe-a41bbd888050][fdfbd39c-aa59-4b23-a3ac-5f2ddfb5b1b8] Polling for 4 image item(s) (baseline=27, hasUpload=true)...
2026-09-06T10:16:43.492Z [5f26eb0d-5705-4a64-bfbe-a41bbd888050][fdfbd39c-aa59-4b23-a3ac-5f2ddfb5b1b8] Generating... 0 ready, 0 failed / 4 total (0s) image 48% [THAM CHIẾ image 48% [THAM CHIẾ image 48% [THAM CHIẾ image 48% [THAM CHIẾ
2026-09-06T10:16:43.612Z [d5660eb1-749a-44db-a719-3666a3064978][fdfbd39c-aa59-4b23-a3ac-5f2ddfb5b1b8] Generating... 0 ready, 0 failed / 4 total (15s) image 99% [THAM CHIẾ image 99% [THAM CHIẾ image 99% [THAM CHIẾ image 99% [THAM CHIẾ
2026-09-06T10:16:46.511Z [5f26eb0d-5705-4a64-bfbe-a41bbd888050][fdfbd39c-aa59-4b23-a3ac-5f2ddfb5b1b8] Generating... 0 ready, 0 failed / 4 total (3s) image 68% [THAM CHIẾ image 68% [THAM CHIẾ image 68% [THAM CHIẾ image 68% [THAM CHIẾ
2026-09-06T10:16:46.634Z [d5660eb1-749a-44db-a719-3666a3064978][fdfbd39c-aa59-4b23-a3ac-5f2ddfb5b1b8] Generating... 0 ready, 0 failed / 4 total (18s) image 99% [THAM CHIẾ image 99% [THAM CHIẾ image 99% [THAM CHIẾ image 99% [THAM CHIẾ
2026-09-06T10:16:49.529Z [5f26eb0d-5705-4a64-bfbe-a41bbd888050][fdfbd39c-aa59-4b23-a3ac-5f2ddfb5b1b8] Generating... 0 ready, 0 failed / 4 total (6s) image 88% [THAM CHIẾ image 88% [THAM CHIẾ image 88% [THAM CHIẾ image 88% [THAM CHIẾ
2026-09-06T10:16:49.657Z [d5660eb1-749a-44db-a719-3666a3064978][fdfbd39c-aa59-4b23-a3ac-5f2ddfb5b1b8] Generating... 0 ready, 0 failed / 4 total (21s) image 99% [THAM CHIẾ image 99% [THAM CHIẾ image 99% [THAM CHIẾ image 99% [THAM CHIẾ
2026-09-06T10:16:52.551Z [5f26eb0d-5705-4a64-bfbe-a41bbd888050][fdfbd39c-aa59-4b23-a3ac-5f2ddfb5b1b8] Generating... 0 ready, 0 failed / 4 total (9s) image 99% [THAM CHIẾ image 99% [THAM CHIẾ image 99% [THAM CHIẾ image 99% [THAM CHIẾ
2026-09-06T10:16:52.675Z [d5660eb1-749a-44db-a719-3666a3064978][fdfbd39c-aa59-4b23-a3ac-5f2ddfb5b1b8] Generating... 0 ready, 0 failed / 4 total (24s) image 99% [THAM CHIẾ image 99% [THAM CHIẾ image 99% [THAM CHIẾ image 99% [THAM CHIẾ
2026-09-06T10:16:55.576Z [5f26eb0d-5705-4a64-bfbe-a41bbd888050][fdfbd39c-aa59-4b23-a3ac-5f2ddfb5b1b8] Generating... 0 ready, 0 failed / 4 total (12s) image 99% [THAM CHIẾ image 99% [THAM CHIẾ image 99% [THAM CHIẾ image 99% [THAM CHIẾ
2026-09-06T10:16:55.701Z [d5660eb1-749a-44db-a719-3666a3064978][fdfbd39c-aa59-4b23-a3ac-5f2ddfb5b1b8] Generating... 0 ready, 0 failed / 4 total (27s) image 99% [THAM CHIẾ image 99% [THAM CHIẾ image 99% [THAM CHIẾ image 99% [THAM CHIẾ
2026-09-06T10:16:58.598Z [5f26eb0d-5705-4a64-bfbe-a41bbd888050][fdfbd39c-aa59-4b23-a3ac-5f2ddfb5b1b8] Generating... 0 ready, 0 failed / 4 total (15s) image 99% [THAM CHIẾ image 99% [THAM CHIẾ image 99% [THAM CHIẾ image 99% [THAM CHIẾ
2026-09-06T10:16:58.726Z [d5660eb1-749a-44db-a719-3666a3064978][fdfbd39c-aa59-4b23-a3ac-5f2ddfb5b1b8] Generating... 0 ready, 0 failed / 4 total (30s) image 99% [THAM CHIẾ image 99% [THAM CHIẾ image 99% [THAM CHIẾ image 99% [THAM CHIẾ
2026-09-06T10:17:01.620Z [5f26eb0d-5705-4a64-bfbe-a41bbd888050][fdfbd39c-aa59-4b23-a3ac-5f2ddfb5b1b8] Generating... 0 ready, 0 failed / 4 total (18s) image 99% [THAM CHIẾ image 99% [THAM CHIẾ image 99% [THAM CHIẾ image 99% [THAM CHIẾ
2026-09-06T10:17:01.750Z [d5660eb1-749a-44db-a719-3666a3064978][fdfbd39c-aa59-4b23-a3ac-5f2ddfb5b1b8] Generating... 0 ready, 0 failed / 4 total (33s) image 99% [THAM CHIẾ image 99% [THAM CHIẾ image 99% [THAM CHIẾ
2026-09-06T10:17:04.665Z [5f26eb0d-5705-4a64-bfbe-a41bbd888050][fdfbd39c-aa59-4b23-a3ac-5f2ddfb5b1b8] Generating... 0 ready, 0 failed / 4 total (21s) image 99% [THAM CHIẾ image 99% [THAM CHIẾ image 99% [THAM CHIẾ image 99% [THAM CHIẾ
2026-09-06T10:17:04.797Z [d5660eb1-749a-44db-a719-3666a3064978][fdfbd39c-aa59-4b23-a3ac-5f2ddfb5b1b8] Generating... 0 ready, 0 failed / 4 total (36s) image 100% [THAM CHI [THAM CHIẾU]Arlo Sch image 99% [THAM CHIẾ
2026-09-06T10:17:07.693Z [5f26eb0d-5705-4a64-bfbe-a41bbd888050][fdfbd39c-aa59-4b23-a3ac-5f2ddfb5b1b8] Generating... 0 ready, 0 failed / 4 total (24s) image 99% [THAM CHIẾ image 99% [THAM CHIẾ image 99% [THAM CHIẾ image 99% [THAM CHIẾ
2026-09-06T10:17:07.839Z [d5660eb1-749a-44db-a719-3666a3064978][fdfbd39c-aa59-4b23-a3ac-5f2ddfb5b1b8] Generating... 2 ready, 0 failed / 4 total (39s) image 99% [THAM CHIẾ
2026-09-06T10:17:10.732Z [5f26eb0d-5705-4a64-bfbe-a41bbd888050][fdfbd39c-aa59-4b23-a3ac-5f2ddfb5b1b8] Generating... 0 ready, 0 failed / 4 total (27s) image 99% [THAM CHIẾ image 99% [THAM CHIẾ image 99% [THAM CHIẾ image 99% [THAM CHIẾ
2026-09-06T10:17:10.863Z [d5660eb1-749a-44db-a719-3666a3064978][fdfbd39c-aa59-4b23-a3ac-5f2ddfb5b1b8] Generating... 2 ready, 0 failed / 4 total (43s) image 99% [THAM CHIẾ
2026-09-06T10:17:13.755Z [5f26eb0d-5705-4a64-bfbe-a41bbd888050][fdfbd39c-aa59-4b23-a3ac-5f2ddfb5b1b8] Generating... 0 ready, 0 failed / 4 total (30s) image 99% [THAM CHIẾ image 99% [THAM CHIẾ image 99% [THAM CHIẾ image 99% [THAM CHIẾ
2026-09-06T10:17:13.894Z [d5660eb1-749a-44db-a719-3666a3064978][fdfbd39c-aa59-4b23-a3ac-5f2ddfb5b1b8] Generating... 2 ready, 0 failed / 4 total (46s) [THAM CHIẾU]Arlo Sch
2026-09-06T10:17:16.785Z [5f26eb0d-5705-4a64-bfbe-a41bbd888050][fdfbd39c-aa59-4b23-a3ac-5f2ddfb5b1b8] Generating... 0 ready, 0 failed / 4 total (33s) image 99% [THAM CHIẾ image 99% [THAM CHIẾ image 99% [THAM CHIẾ image 99% [THAM CHIẾ
2026-09-06T10:17:16.921Z [d5660eb1-749a-44db-a719-3666a3064978][fdfbd39c-aa59-4b23-a3ac-5f2ddfb5b1b8] Generating... 3 ready, 0 failed / 4 total (49s)
2026-09-06T10:17:19.830Z [5f26eb0d-5705-4a64-bfbe-a41bbd888050][fdfbd39c-aa59-4b23-a3ac-5f2ddfb5b1b8] Generating... 0 ready, 0 failed / 4 total (36s) image 99% [THAM CHIẾ image 99% [THAM CHIẾ image 99% [THAM CHIẾ image 99% [THAM CHIẾ
2026-09-06T10:17:19.980Z [d5660eb1-749a-44db-a719-3666a3064978][fdfbd39c-aa59-4b23-a3ac-5f2ddfb5b1b8] Generating... 3 ready, 0 failed / 4 total (52s)
2026-09-06T10:17:22.865Z [5f26eb0d-5705-4a64-bfbe-a41bbd888050][fdfbd39c-aa59-4b23-a3ac-5f2ddfb5b1b8] Generating... 0 ready, 0 failed / 4 total (39s) image 99% [THAM CHIẾ [THAM CHIẾU]Arlo Sch [THAM CHIẾU]Arlo Sch image 99% [THAM CHIẾ
2026-09-06T10:17:23.010Z [d5660eb1-749a-44db-a719-3666a3064978][fdfbd39c-aa59-4b23-a3ac-5f2ddfb5b1b8] Generating... 3 ready, 0 failed / 4 total (55s)
2026-09-06T10:17:25.891Z [5f26eb0d-5705-4a64-bfbe-a41bbd888050][fdfbd39c-aa59-4b23-a3ac-5f2ddfb5b1b8] Generating... 2 ready, 0 failed / 4 total (42s) image 99% [THAM CHIẾ image 99% [THAM CHIẾ
2026-09-06T10:17:26.045Z [d5660eb1-749a-44db-a719-3666a3064978][fdfbd39c-aa59-4b23-a3ac-5f2ddfb5b1b8] Generating... 3 ready, 0 failed / 4 total (58s)
2026-09-06T10:17:28.945Z [5f26eb0d-5705-4a64-bfbe-a41bbd888050][fdfbd39c-aa59-4b23-a3ac-5f2ddfb5b1b8] Generating... 2 ready, 0 failed / 4 total (45s) image 99% [THAM CHIẾ image 99% [THAM CHIẾ
2026-09-06T10:17:29.080Z [d5660eb1-749a-44db-a719-3666a3064978][fdfbd39c-aa59-4b23-a3ac-5f2ddfb5b1b8] Generating... 3 ready, 0 failed / 4 total (61s)
2026-09-06T10:17:31.971Z [5f26eb0d-5705-4a64-bfbe-a41bbd888050][fdfbd39c-aa59-4b23-a3ac-5f2ddfb5b1b8] Generating... 2 ready, 0 failed / 4 total (49s) [THAM CHIẾU]Arlo Sch [THAM CHIẾU]Arlo Sch
2026-09-06T10:17:32.106Z [d5660eb1-749a-44db-a719-3666a3064978][fdfbd39c-aa59-4b23-a3ac-5f2ddfb5b1b8] Generating... 3 ready, 0 failed / 4 total (64s)
2026-09-06T10:17:34.992Z [5f26eb0d-5705-4a64-bfbe-a41bbd888050][fdfbd39c-aa59-4b23-a3ac-5f2ddfb5b1b8] Generating... 4 ready, 0 failed / 4 total (52s)
2026-09-06T10:17:34.993Z [5f26eb0d-5705-4a64-bfbe-a41bbd888050][fdfbd39c-aa59-4b23-a3ac-5f2ddfb5b1b8] Batch done: 4 ready (target 4), 0 failed, scanned 4.
2026-09-06T10:17:34.993Z [5f26eb0d-5705-4a64-bfbe-a41bbd888050][fdfbd39c-aa59-4b23-a3ac-5f2ddfb5b1b8] 4 item(s) ready! Downloading...
2026-09-06T10:17:34.994Z [5f26eb0d-5705-4a64-bfbe-a41bbd888050][fdfbd39c-aa59-4b23-a3ac-5f2ddfb5b1b8] Item 1: Downloading from URL https://flow-content.google/image/aaf02302-0755-4eb0-bbea-9f139f69cfc7?Expires=1788711400&KeyName=labs-flow-prod-cdn-key&Signature=Ain_O5LeneiymbWmmUQtz8yQbiM
2026-09-06T10:17:35.128Z [d5660eb1-749a-44db-a719-3666a3064978][fdfbd39c-aa59-4b23-a3ac-5f2ddfb5b1b8] Generating... 3 ready, 0 failed / 4 total (67s)
2026-09-06T10:17:35.272Z [5f26eb0d-5705-4a64-bfbe-a41bbd888050][fdfbd39c-aa59-4b23-a3ac-5f2ddfb5b1b8] Downloaded 1/4: winai_2026-09-06T10-17-34_01.jpg
2026-09-06T10:17:35.273Z [5f26eb0d-5705-4a64-bfbe-a41bbd888050][fdfbd39c-aa59-4b23-a3ac-5f2ddfb5b1b8] Item 2: Downloading from URL https://flow-content.google/image/49df3c63-81c4-4cb0-9c1a-8d80c2a49a27?Expires=1788711399&KeyName=labs-flow-prod-cdn-key&Signature=xTNL7cxi4uqIso5zCDl10F1JmUo
2026-09-06T10:17:35.378Z [5f26eb0d-5705-4a64-bfbe-a41bbd888050][fdfbd39c-aa59-4b23-a3ac-5f2ddfb5b1b8] Downloaded 2/4: winai_2026-09-06T10-17-34_02.jpg
2026-09-06T10:17:35.381Z [5f26eb0d-5705-4a64-bfbe-a41bbd888050][fdfbd39c-aa59-4b23-a3ac-5f2ddfb5b1b8] Item 3: Downloading from URL https://flow-content.google/image/7dc2b92e-466e-4dca-8c6b-075be1142ef8?Expires=1788711399&KeyName=labs-flow-prod-cdn-key&Signature=u0LjhyJMNm7SojBbP0RWBWBbLWE
2026-09-06T10:17:35.490Z [5f26eb0d-5705-4a64-bfbe-a41bbd888050][fdfbd39c-aa59-4b23-a3ac-5f2ddfb5b1b8] Downloaded 3/4: winai_2026-09-06T10-17-34_03.jpg
2026-09-06T10:17:35.490Z [5f26eb0d-5705-4a64-bfbe-a41bbd888050][fdfbd39c-aa59-4b23-a3ac-5f2ddfb5b1b8] Item 4: Downloading from URL https://flow-content.google/image/1f2a8147-d9d7-4c95-bd6a-2944291992b2?Expires=1788711398&KeyName=labs-flow-prod-cdn-key&Signature=kqRuJyXjK7k9Yq8WsXqxqe6xM8w
2026-09-06T10:17:35.591Z [5f26eb0d-5705-4a64-bfbe-a41bbd888050][fdfbd39c-aa59-4b23-a3ac-5f2ddfb5b1b8] Downloaded 4/4: winai_2026-09-06T10-17-34_04.jpg
2026-09-06T10:17:35.592Z [5f26eb0d-5705-4a64-bfbe-a41bbd888050][fdfbd39c-aa59-4b23-a3ac-5f2ddfb5b1b8] ✅ 4 item(s) saved to Downloads/Win AI Toolkit/
2026-09-06T10:17:36.129Z [5f26eb0d-5705-4a64-bfbe-a41bbd888050][fdfbd39c-aa59-4b23-a3ac-5f2ddfb5b1b8] Item 2: Uploaded → https://studio.xanhmedia.vn/uploads/2026-09/1788689856056_419dad_fdfbd39c-aa59-4b23-a3ac-5f2ddfb5b1b8_5f2.jpg
2026-09-06T10:17:36.154Z [5f26eb0d-5705-4a64-bfbe-a41bbd888050][fdfbd39c-aa59-4b23-a3ac-5f2ddfb5b1b8] Item 3: Uploaded → https://studio.xanhmedia.vn/uploads/2026-09/1788689856080_a01c8f_fdfbd39c-aa59-4b23-a3ac-5f2ddfb5b1b8_5f2.jpg
2026-09-06T10:17:36.208Z [5f26eb0d-5705-4a64-bfbe-a41bbd888050][fdfbd39c-aa59-4b23-a3ac-5f2ddfb5b1b8] Item 1: Uploaded → https://studio.xanhmedia.vn/uploads/2026-09/1788689856134_1eda07_fdfbd39c-aa59-4b23-a3ac-5f2ddfb5b1b8_5f2.jpg
2026-09-06T10:17:36.254Z [5f26eb0d-5705-4a64-bfbe-a41bbd888050][fdfbd39c-aa59-4b23-a3ac-5f2ddfb5b1b8] Item 4: Uploaded → https://studio.xanhmedia.vn/uploads/2026-09/1788689856170_113907_fdfbd39c-aa59-4b23-a3ac-5f2ddfb5b1b8_5f2.jpg
2026-09-06T10:17:36.280Z [5f26eb0d-5705-4a64-bfbe-a41bbd888050][fdfbd39c-aa59-4b23-a3ac-5f2ddfb5b1b8] All done (including any 1080p upgrades). Closing Playwright browser context.
2026-09-06T10:17:38.144Z [d5660eb1-749a-44db-a719-3666a3064978][fdfbd39c-aa59-4b23-a3ac-5f2ddfb5b1b8] Generating... 3 ready, 0 failed / 4 total (70s)
2026-09-06T10:17:41.162Z [d5660eb1-749a-44db-a719-3666a3064978][fdfbd39c-aa59-4b23-a3ac-5f2ddfb5b1b8] Generating... 3 ready, 0 failed / 4 total (73s)
2026-09-06T10:17:44.181Z [d5660eb1-749a-44db-a719-3666a3064978][fdfbd39c-aa59-4b23-a3ac-5f2ddfb5b1b8] Generating... 3 ready, 0 failed / 4 total (76s)
2026-09-06T10:17:47.204Z [d5660eb1-749a-44db-a719-3666a3064978][fdfbd39c-aa59-4b23-a3ac-5f2ddfb5b1b8] Generating... 3 ready, 0 failed / 4 total (79s)
2026-09-06T10:17:50.223Z [d5660eb1-749a-44db-a719-3666a3064978][fdfbd39c-aa59-4b23-a3ac-5f2ddfb5b1b8] Generating... 3 ready, 0 failed / 4 total (82s)
2026-09-06T10:17:53.244Z [d5660eb1-749a-44db-a719-3666a3064978][fdfbd39c-aa59-4b23-a3ac-5f2ddfb5b1b8] Generating... 3 ready, 0 failed / 4 total (85s)
2026-09-06T10:17:56.263Z [d5660eb1-749a-44db-a719-3666a3064978][fdfbd39c-aa59-4b23-a3ac-5f2ddfb5b1b8] Generating... 3 ready, 0 failed / 4 total (88s)
2026-09-06T10:17:59.282Z [d5660eb1-749a-44db-a719-3666a3064978][fdfbd39c-aa59-4b23-a3ac-5f2ddfb5b1b8] Generating... 3 ready, 0 failed / 4 total (91s)
2026-09-06T10:18:02.302Z [d5660eb1-749a-44db-a719-3666a3064978][fdfbd39c-aa59-4b23-a3ac-5f2ddfb5b1b8] Generating... 3 ready, 0 failed / 4 total (94s)
2026-09-06T10:18:05.317Z [d5660eb1-749a-44db-a719-3666a3064978][fdfbd39c-aa59-4b23-a3ac-5f2ddfb5b1b8] Generating... 3 ready, 0 failed / 4 total (97s)
2026-09-06T10:18:08.332Z [d5660eb1-749a-44db-a719-3666a3064978][fdfbd39c-aa59-4b23-a3ac-5f2ddfb5b1b8] Generating... 3 ready, 0 failed / 4 total (100s)
2026-09-06T10:18:11.359Z [d5660eb1-749a-44db-a719-3666a3064978][fdfbd39c-aa59-4b23-a3ac-5f2ddfb5b1b8] Generating... 3 ready, 0 failed / 4 total (103s)
2026-09-06T10:18:14.371Z [d5660eb1-749a-44db-a719-3666a3064978][fdfbd39c-aa59-4b23-a3ac-5f2ddfb5b1b8] Generating... 3 ready, 0 failed / 4 total (106s)
2026-09-06T10:18:17.389Z [d5660eb1-749a-44db-a719-3666a3064978][fdfbd39c-aa59-4b23-a3ac-5f2ddfb5b1b8] Generating... 3 ready, 0 failed / 4 total (109s)
2026-09-06T10:18:20.418Z [d5660eb1-749a-44db-a719-3666a3064978][fdfbd39c-aa59-4b23-a3ac-5f2ddfb5b1b8] Generating... 3 ready, 0 failed / 4 total (112s)
2026-09-06T10:18:23.441Z [d5660eb1-749a-44db-a719-3666a3064978][fdfbd39c-aa59-4b23-a3ac-5f2ddfb5b1b8] Generating... 3 ready, 0 failed / 4 total (115s)
2026-09-06T10:18:26.457Z [d5660eb1-749a-44db-a719-3666a3064978][fdfbd39c-aa59-4b23-a3ac-5f2ddfb5b1b8] Generating... 3 ready, 0 failed / 4 total (118s)
2026-09-06T10:18:29.477Z [d5660eb1-749a-44db-a719-3666a3064978][fdfbd39c-aa59-4b23-a3ac-5f2ddfb5b1b8] Generating... 3 ready, 0 failed / 4 total (121s)
2026-09-06T10:18:32.502Z [d5660eb1-749a-44db-a719-3666a3064978][fdfbd39c-aa59-4b23-a3ac-5f2ddfb5b1b8] Generating... 3 ready, 0 failed / 4 total (124s)
2026-09-06T10:18:35.512Z [d5660eb1-749a-44db-a719-3666a3064978][fdfbd39c-aa59-4b23-a3ac-5f2ddfb5b1b8] Generating... 3 ready, 0 failed / 4 total (127s)
2026-09-06T10:18:38.525Z [d5660eb1-749a-44db-a719-3666a3064978][fdfbd39c-aa59-4b23-a3ac-5f2ddfb5b1b8] Generating... 3 ready, 0 failed / 4 total (130s)
2026-09-06T10:18:41.540Z [d5660eb1-749a-44db-a719-3666a3064978][fdfbd39c-aa59-4b23-a3ac-5f2ddfb5b1b8] Generating... 3 ready, 0 failed / 4 total (133s)
2026-09-06T10:18:44.560Z [d5660eb1-749a-44db-a719-3666a3064978][fdfbd39c-aa59-4b23-a3ac-5f2ddfb5b1b8] Generating... 3 ready, 0 failed / 4 total (136s)
2026-09-06T10:18:47.586Z [d5660eb1-749a-44db-a719-3666a3064978][fdfbd39c-aa59-4b23-a3ac-5f2ddfb5b1b8] Generating... 3 ready, 0 failed / 4 total (139s)
2026-09-06T10:18:50.616Z [d5660eb1-749a-44db-a719-3666a3064978][fdfbd39c-aa59-4b23-a3ac-5f2ddfb5b1b8] Generating... 3 ready, 0 failed / 4 total (142s)
2026-09-06T10:18:53.642Z [d5660eb1-749a-44db-a719-3666a3064978][fdfbd39c-aa59-4b23-a3ac-5f2ddfb5b1b8] Generating... 3 ready, 0 failed / 4 total (145s)
2026-09-06T10:18:56.655Z [d5660eb1-749a-44db-a719-3666a3064978][fdfbd39c-aa59-4b23-a3ac-5f2ddfb5b1b8] Generating... 3 ready, 0 failed / 4 total (148s)
2026-09-06T10:18:59.667Z [d5660eb1-749a-44db-a719-3666a3064978][fdfbd39c-aa59-4b23-a3ac-5f2ddfb5b1b8] Generating... 3 ready, 0 failed / 4 total (151s)
2026-09-06T10:19:02.681Z [d5660eb1-749a-44db-a719-3666a3064978][fdfbd39c-aa59-4b23-a3ac-5f2ddfb5b1b8] Generating... 3 ready, 0 failed / 4 total (154s)
2026-09-06T10:19:05.696Z [d5660eb1-749a-44db-a719-3666a3064978][fdfbd39c-aa59-4b23-a3ac-5f2ddfb5b1b8] Generating... 3 ready, 0 failed / 4 total (157s)
2026-09-06T10:19:08.710Z [d5660eb1-749a-44db-a719-3666a3064978][fdfbd39c-aa59-4b23-a3ac-5f2ddfb5b1b8] Generating... 3 ready, 0 failed / 4 total (160s)
2026-09-06T10:19:11.738Z [d5660eb1-749a-44db-a719-3666a3064978][fdfbd39c-aa59-4b23-a3ac-5f2ddfb5b1b8] Generating... 3 ready, 0 failed / 4 total (163s)
2026-09-06T10:19:14.752Z [d5660eb1-749a-44db-a719-3666a3064978][fdfbd39c-aa59-4b23-a3ac-5f2ddfb5b1b8] Generating... 3 ready, 0 failed / 4 total (166s)
2026-09-06T10:19:17.764Z [d5660eb1-749a-44db-a719-3666a3064978][fdfbd39c-aa59-4b23-a3ac-5f2ddfb5b1b8] Generating... 3 ready, 0 failed / 4 total (169s)
2026-09-06T10:19:20.780Z [d5660eb1-749a-44db-a719-3666a3064978][fdfbd39c-aa59-4b23-a3ac-5f2ddfb5b1b8] Generating... 3 ready, 0 failed / 4 total (172s)
2026-09-06T10:19:23.800Z [d5660eb1-749a-44db-a719-3666a3064978][fdfbd39c-aa59-4b23-a3ac-5f2ddfb5b1b8] Generating... 3 ready, 0 failed / 4 total (175s)
2026-09-06T10:19:26.820Z [d5660eb1-749a-44db-a719-3666a3064978][fdfbd39c-aa59-4b23-a3ac-5f2ddfb5b1b8] Generating... 3 ready, 0 failed / 4 total (178s)
2026-09-06T10:19:29.826Z [d5660eb1-749a-44db-a719-3666a3064978][fdfbd39c-aa59-4b23-a3ac-5f2ddfb5b1b8] Poll ended with 3/4 ready — salvaging the completed item(s).
2026-09-06T10:19:29.826Z [d5660eb1-749a-44db-a719-3666a3064978][fdfbd39c-aa59-4b23-a3ac-5f2ddfb5b1b8] 3 item(s) ready! Downloading...
2026-09-06T10:19:29.829Z [d5660eb1-749a-44db-a719-3666a3064978][fdfbd39c-aa59-4b23-a3ac-5f2ddfb5b1b8] Item 1: Downloading from URL https://flow-content.google/image/9c2d2791-1750-449a-96eb-d9803044a9c4?Expires=1788711384&KeyName=labs-flow-prod-cdn-key&Signature=IulaGlxhFtmiPliqnGkpV7C9Jw4
2026-09-06T10:19:30.238Z [d5660eb1-749a-44db-a719-3666a3064978][fdfbd39c-aa59-4b23-a3ac-5f2ddfb5b1b8] Downloaded 1/3: winai_2026-09-06T10-19-29_01.jpg
2026-09-06T10:19:30.240Z [d5660eb1-749a-44db-a719-3666a3064978][fdfbd39c-aa59-4b23-a3ac-5f2ddfb5b1b8] Item 2: Downloading from URL https://flow-content.google/image/55935b3c-6799-4428-b83b-e9da824daffd?Expires=1788711384&KeyName=labs-flow-prod-cdn-key&Signature=J3aPpGRSlnzkMkoN5ptdyJCJV3Y
2026-09-06T10:19:30.358Z [d5660eb1-749a-44db-a719-3666a3064978][fdfbd39c-aa59-4b23-a3ac-5f2ddfb5b1b8] Downloaded 2/3: winai_2026-09-06T10-19-29_02.jpg
2026-09-06T10:19:30.359Z [d5660eb1-749a-44db-a719-3666a3064978][fdfbd39c-aa59-4b23-a3ac-5f2ddfb5b1b8] Item 3: Downloading from URL https://flow-content.google/image/e20dcdd3-c016-42d1-919d-c941fec71dda?Expires=1788711383&KeyName=labs-flow-prod-cdn-key&Signature=JUuRiM1H1Fz-ozX-IbWvFqpxOUs
2026-09-06T10:19:30.477Z [d5660eb1-749a-44db-a719-3666a3064978][fdfbd39c-aa59-4b23-a3ac-5f2ddfb5b1b8] Downloaded 3/3: winai_2026-09-06T10-19-29_03.jpg
2026-09-06T10:19:30.479Z [d5660eb1-749a-44db-a719-3666a3064978][fdfbd39c-aa59-4b23-a3ac-5f2ddfb5b1b8] ✅ 3 item(s) saved to Downloads/Win AI Toolkit/
2026-09-06T10:19:30.990Z [d5660eb1-749a-44db-a719-3666a3064978][fdfbd39c-aa59-4b23-a3ac-5f2ddfb5b1b8] Item 1: Uploaded → https://studio.xanhmedia.vn/uploads/2026-09/1788689970916_fcdd05_fdfbd39c-aa59-4b23-a3ac-5f2ddfb5b1b8_d56.jpg
2026-09-06T10:19:31.028Z [d5660eb1-749a-44db-a719-3666a3064978][fdfbd39c-aa59-4b23-a3ac-5f2ddfb5b1b8] Item 2: Uploaded → https://studio.xanhmedia.vn/uploads/2026-09/1788689970947_27498f_fdfbd39c-aa59-4b23-a3ac-5f2ddfb5b1b8_d56.jpg
2026-09-06T10:19:31.044Z [d5660eb1-749a-44db-a719-3666a3064978][fdfbd39c-aa59-4b23-a3ac-5f2ddfb5b1b8] Item 3: Uploaded → https://studio.xanhmedia.vn/uploads/2026-09/1788689970969_e01521_fdfbd39c-aa59-4b23-a3ac-5f2ddfb5b1b8_d56.jpg
2026-09-06T10:19:31.072Z [d5660eb1-749a-44db-a719-3666a3064978][fdfbd39c-aa59-4b23-a3ac-5f2ddfb5b1b8] All done (including any 1080p upgrades). Closing Playwright browser context.