=== WINAI TELEMETRY LOG ===
PC: DESKTOP-8ID1E1D | User: Admin
Time: 2026-09-06T11:04:12.093201900+07:00
Reason: batch_finished_video
Lines: 3000
===========================

2026-09-06T03:19:56.817Z [c099bfbc-60d0-4bb4-94d9-7c9ebd746c5c][8e8b4eea-e67e-48c2-9a20-218d03b22adb] Batch size stabilised at 2 new tile(s)
2026-09-06T03:19:56.817Z [c099bfbc-60d0-4bb4-94d9-7c9ebd746c5c][8e8b4eea-e67e-48c2-9a20-218d03b22adb] Batch detected: 2 item(s). Generating...
2026-09-06T03:19:56.818Z [c099bfbc-60d0-4bb4-94d9-7c9ebd746c5c][8e8b4eea-e67e-48c2-9a20-218d03b22adb] Polling for 2 video item(s) (baseline=50, hasUpload=true)...
2026-09-06T03:19:56.828Z [c099bfbc-60d0-4bb4-94d9-7c9ebd746c5c][8e8b4eea-e67e-48c2-9a20-218d03b22adb] Generating... 0 ready, 0 failed / 2 total (0s) play_circle [HÀNH ĐỘ play_circle [HÀNH ĐỘ
2026-09-06T03:19:57.425Z [5abac339-4ac6-4acc-8af2-97b726e238d8][8e8b4eea-e67e-48c2-9a20-218d03b22adb] Start keyframe: start keyframe attached ✓
2026-09-06T03:19:57.438Z [5abac339-4ac6-4acc-8af2-97b726e238d8][8e8b4eea-e67e-48c2-9a20-218d03b22adb] Entering prompt...
2026-09-06T03:19:57.464Z [a200537a-1507-4042-aa4d-0f499ab2308c][8e8b4eea-e67e-48c2-9a20-218d03b22adb] Start keyframe: uploading "1788613261402_cdc538_fdfbd39c-aa59-4b23-a3ac-5f2ddfb5b1b8_955.jpg" to the project library...
2026-09-06T03:19:58.659Z [a200537a-1507-4042-aa4d-0f499ab2308c][8e8b4eea-e67e-48c2-9a20-218d03b22adb] Start keyframe: upload finished ✓
2026-09-06T03:19:59.381Z [5abac339-4ac6-4acc-8af2-97b726e238d8][8e8b4eea-e67e-48c2-9a20-218d03b22adb] Prompt is 1462 chars — typing it in 31 chunk(s).
2026-09-06T03:19:59.844Z [c099bfbc-60d0-4bb4-94d9-7c9ebd746c5c][8e8b4eea-e67e-48c2-9a20-218d03b22adb] Generating... 0 ready, 0 failed / 2 total (3s) play_circle [HÀNH ĐỘ play_circle [HÀNH ĐỘ
2026-09-06T03:20:02.288Z [b4d6671e-9421-4d42-8f57-0eff84517e31][8e8b4eea-e67e-48c2-9a20-218d03b22adb] Prompt insert attempt 1: editor has 1476 chars (want ~1489) ✓
2026-09-06T03:20:02.863Z [c099bfbc-60d0-4bb4-94d9-7c9ebd746c5c][8e8b4eea-e67e-48c2-9a20-218d03b22adb] Generating... 0 ready, 0 failed / 2 total (6s) play_circle [HÀNH ĐỘ play_circle [HÀNH ĐỘ
2026-09-06T03:20:04.126Z [b4d6671e-9421-4d42-8f57-0eff84517e31][8e8b4eea-e67e-48c2-9a20-218d03b22adb] Baseline: 50 pre-existing media tile(s) of 50 mounted (kinds: image,video,video,image,video,video,video,video,video,video,image,video,video,image,video,video,image,video,video,image,video,video,image,video,video,image,video,video,image,video,image,video,video,image,video,video,image,video,video,image,video,video,image,video,video,image,video,video,image,video).
2026-09-06T03:20:05.878Z [c099bfbc-60d0-4bb4-94d9-7c9ebd746c5c][8e8b4eea-e67e-48c2-9a20-218d03b22adb] Generating... 0 ready, 0 failed / 2 total (9s) play_circle 1% [HÀNH play_circle 1% [HÀNH
2026-09-06T03:20:06.202Z [b4d6671e-9421-4d42-8f57-0eff84517e31][8e8b4eea-e67e-48c2-9a20-218d03b22adb] [submit] confirmed (editor "What do you want to ", fresh tile=true).
2026-09-06T03:20:06.980Z [b4d6671e-9421-4d42-8f57-0eff84517e31][8e8b4eea-e67e-48c2-9a20-218d03b22adb] Current Workspace project URL: https://flow.google.com/project/d7006cc3-f9c4-4856-98f4-89ac31f96398?hl=en
2026-09-06T03:20:06.981Z [b4d6671e-9421-4d42-8f57-0eff84517e31][8e8b4eea-e67e-48c2-9a20-218d03b22adb] Submitted ✓ Detecting batch size...
2026-09-06T03:20:07.000Z [b4d6671e-9421-4d42-8f57-0eff84517e31][8e8b4eea-e67e-48c2-9a20-218d03b22adb] New tile(s) since submit: 0 → 2 (mounted=50)
2026-09-06T03:20:08.155Z [a200537a-1507-4042-aa4d-0f499ab2308c][8e8b4eea-e67e-48c2-9a20-218d03b22adb] Start keyframe: start keyframe attached ✓
2026-09-06T03:20:08.164Z [a200537a-1507-4042-aa4d-0f499ab2308c][8e8b4eea-e67e-48c2-9a20-218d03b22adb] Entering prompt...
2026-09-06T03:20:08.896Z [c099bfbc-60d0-4bb4-94d9-7c9ebd746c5c][8e8b4eea-e67e-48c2-9a20-218d03b22adb] Generating... 0 ready, 0 failed / 2 total (12s) play_circle 4% [HÀNH play_circle 4% [HÀNH
2026-09-06T03:20:09.552Z [a200537a-1507-4042-aa4d-0f499ab2308c][8e8b4eea-e67e-48c2-9a20-218d03b22adb] Prompt is 1218 chars — typing it in 25 chunk(s).
2026-09-06T03:20:11.127Z [b4d6671e-9421-4d42-8f57-0eff84517e31][8e8b4eea-e67e-48c2-9a20-218d03b22adb] Batch size stabilised at 2 new tile(s)
2026-09-06T03:20:11.127Z [b4d6671e-9421-4d42-8f57-0eff84517e31][8e8b4eea-e67e-48c2-9a20-218d03b22adb] Batch detected: 2 item(s). Generating...
2026-09-06T03:20:11.128Z [b4d6671e-9421-4d42-8f57-0eff84517e31][8e8b4eea-e67e-48c2-9a20-218d03b22adb] Polling for 2 video item(s) (baseline=50, hasUpload=true)...
2026-09-06T03:20:11.156Z [b4d6671e-9421-4d42-8f57-0eff84517e31][8e8b4eea-e67e-48c2-9a20-218d03b22adb] Generating... 0 ready, 0 failed / 2 total (0s) play_circle [HÀNH ĐỘ play_circle [HÀNH ĐỘ
2026-09-06T03:20:11.913Z [c099bfbc-60d0-4bb4-94d9-7c9ebd746c5c][8e8b4eea-e67e-48c2-9a20-218d03b22adb] Generating... 0 ready, 0 failed / 2 total (15s) play_circle 7% [HÀNH play_circle 7% [HÀNH
2026-09-06T03:20:14.171Z [b4d6671e-9421-4d42-8f57-0eff84517e31][8e8b4eea-e67e-48c2-9a20-218d03b22adb] Generating... 0 ready, 0 failed / 2 total (3s) play_circle [HÀNH ĐỘ play_circle [HÀNH ĐỘ
2026-09-06T03:20:14.228Z [5abac339-4ac6-4acc-8af2-97b726e238d8][8e8b4eea-e67e-48c2-9a20-218d03b22adb] Prompt insert attempt 1: editor has 1445 chars (want ~1458) ✓
2026-09-06T03:20:14.937Z [c099bfbc-60d0-4bb4-94d9-7c9ebd746c5c][8e8b4eea-e67e-48c2-9a20-218d03b22adb] Generating... 0 ready, 0 failed / 2 total (18s) play_circle 8% [HÀNH play_circle 8% [HÀNH
2026-09-06T03:20:16.395Z [5abac339-4ac6-4acc-8af2-97b726e238d8][8e8b4eea-e67e-48c2-9a20-218d03b22adb] Baseline: 50 pre-existing media tile(s) of 50 mounted (kinds: image,video,video,image,video,video,video,video,image,video,video,image,video,video,image,video,video,image,video,video,image,video,video,image,video,video,image,video,video,image,video,video,image,video,video,image,video,video,image,video,video,image,video,video,image,video,video,image,video,video).
2026-09-06T03:20:17.194Z [b4d6671e-9421-4d42-8f57-0eff84517e31][8e8b4eea-e67e-48c2-9a20-218d03b22adb] Generating... 0 ready, 0 failed / 2 total (6s) play_circle [HÀNH ĐỘ play_circle [HÀNH ĐỘ
2026-09-06T03:20:17.957Z [c099bfbc-60d0-4bb4-94d9-7c9ebd746c5c][8e8b4eea-e67e-48c2-9a20-218d03b22adb] Generating... 0 ready, 0 failed / 2 total (21s) play_circle 11% [HÀN play_circle 11% [HÀN
2026-09-06T03:20:18.634Z [5abac339-4ac6-4acc-8af2-97b726e238d8][8e8b4eea-e67e-48c2-9a20-218d03b22adb] [submit] confirmed (editor "What do you want to ", fresh tile=true).
2026-09-06T03:20:19.268Z [5abac339-4ac6-4acc-8af2-97b726e238d8][8e8b4eea-e67e-48c2-9a20-218d03b22adb] Current Workspace project URL: https://flow.google.com/project/643b808f-7d88-45ee-a818-35d5f8e84fec?hl=en
2026-09-06T03:20:19.269Z [5abac339-4ac6-4acc-8af2-97b726e238d8][8e8b4eea-e67e-48c2-9a20-218d03b22adb] Submitted ✓ Detecting batch size...
2026-09-06T03:20:19.280Z [5abac339-4ac6-4acc-8af2-97b726e238d8][8e8b4eea-e67e-48c2-9a20-218d03b22adb] New tile(s) since submit: 0 → 2 (mounted=50)
2026-09-06T03:20:20.211Z [b4d6671e-9421-4d42-8f57-0eff84517e31][8e8b4eea-e67e-48c2-9a20-218d03b22adb] Generating... 0 ready, 0 failed / 2 total (9s) play_circle 0% [HÀNH play_circle 0% [HÀNH
2026-09-06T03:20:20.974Z [c099bfbc-60d0-4bb4-94d9-7c9ebd746c5c][8e8b4eea-e67e-48c2-9a20-218d03b22adb] Generating... 0 ready, 0 failed / 2 total (24s) play_circle 14% [HÀN play_circle 14% [HÀN
2026-09-06T03:20:21.244Z [a200537a-1507-4042-aa4d-0f499ab2308c][8e8b4eea-e67e-48c2-9a20-218d03b22adb] Prompt insert attempt 1: editor has 1205 chars (want ~1214) ✓
2026-09-06T03:20:23.238Z [b4d6671e-9421-4d42-8f57-0eff84517e31][8e8b4eea-e67e-48c2-9a20-218d03b22adb] Generating... 0 ready, 0 failed / 2 total (12s) play_circle 3% [HÀNH play_circle 3% [HÀNH
2026-09-06T03:20:23.410Z [5abac339-4ac6-4acc-8af2-97b726e238d8][8e8b4eea-e67e-48c2-9a20-218d03b22adb] Batch size stabilised at 2 new tile(s)
2026-09-06T03:20:23.410Z [5abac339-4ac6-4acc-8af2-97b726e238d8][8e8b4eea-e67e-48c2-9a20-218d03b22adb] Batch detected: 2 item(s). Generating...
2026-09-06T03:20:23.410Z [5abac339-4ac6-4acc-8af2-97b726e238d8][8e8b4eea-e67e-48c2-9a20-218d03b22adb] Polling for 2 video item(s) (baseline=50, hasUpload=true)...
2026-09-06T03:20:23.412Z [a200537a-1507-4042-aa4d-0f499ab2308c][8e8b4eea-e67e-48c2-9a20-218d03b22adb] Baseline: 49 pre-existing media tile(s) of 49 mounted (kinds: image,video,video,image,video,video,video,video,video,video,image,video,video,image,video,video,image,video,video,image,video,video,image,video,video,image,video,video,image,video,video,image,video,video,image,video,video,image,video,video,image,image,video,video,image,video,video,image,video).
2026-09-06T03:20:23.424Z [5abac339-4ac6-4acc-8af2-97b726e238d8][8e8b4eea-e67e-48c2-9a20-218d03b22adb] Generating... 0 ready, 0 failed / 2 total (0s) play_circle [HÀNH ĐỘ play_circle [HÀNH ĐỘ
2026-09-06T03:20:23.992Z [c099bfbc-60d0-4bb4-94d9-7c9ebd746c5c][8e8b4eea-e67e-48c2-9a20-218d03b22adb] Generating... 0 ready, 0 failed / 2 total (27s) play_circle 17% [HÀN play_circle 17% [HÀN
2026-09-06T03:20:25.768Z [a200537a-1507-4042-aa4d-0f499ab2308c][8e8b4eea-e67e-48c2-9a20-218d03b22adb] [submit] confirmed (editor "What do you want to ", fresh tile=true).
2026-09-06T03:20:26.253Z [b4d6671e-9421-4d42-8f57-0eff84517e31][8e8b4eea-e67e-48c2-9a20-218d03b22adb] Generating... 0 ready, 0 failed / 2 total (15s) play_circle 6% [HÀNH play_circle 6% [HÀNH
2026-09-06T03:20:26.332Z [a200537a-1507-4042-aa4d-0f499ab2308c][8e8b4eea-e67e-48c2-9a20-218d03b22adb] Current Workspace project URL: https://flow.google.com/project/52188b41-ba09-4240-a569-98bde902989b?hl=en
2026-09-06T03:20:26.332Z [a200537a-1507-4042-aa4d-0f499ab2308c][8e8b4eea-e67e-48c2-9a20-218d03b22adb] Submitted ✓ Detecting batch size...
2026-09-06T03:20:26.347Z [a200537a-1507-4042-aa4d-0f499ab2308c][8e8b4eea-e67e-48c2-9a20-218d03b22adb] New tile(s) since submit: 0 → 2 (mounted=50)
2026-09-06T03:20:26.443Z [5abac339-4ac6-4acc-8af2-97b726e238d8][8e8b4eea-e67e-48c2-9a20-218d03b22adb] Generating... 0 ready, 0 failed / 2 total (3s) play_circle [HÀNH ĐỘ play_circle [HÀNH ĐỘ
2026-09-06T03:20:27.105Z [c099bfbc-60d0-4bb4-94d9-7c9ebd746c5c][8e8b4eea-e67e-48c2-9a20-218d03b22adb] Generating... 0 ready, 0 failed / 2 total (30s) play_circle 19% [HÀN
2026-09-06T03:20:29.273Z [b4d6671e-9421-4d42-8f57-0eff84517e31][8e8b4eea-e67e-48c2-9a20-218d03b22adb] Generating... 0 ready, 0 failed / 2 total (18s) play_circle 8% [HÀNH play_circle 8% [HÀNH
2026-09-06T03:20:29.461Z [5abac339-4ac6-4acc-8af2-97b726e238d8][8e8b4eea-e67e-48c2-9a20-218d03b22adb] Generating... 0 ready, 0 failed / 2 total (6s) play_circle [HÀNH ĐỘ play_circle [HÀNH ĐỘ
2026-09-06T03:20:30.124Z [c099bfbc-60d0-4bb4-94d9-7c9ebd746c5c][8e8b4eea-e67e-48c2-9a20-218d03b22adb] Generating... 0 ready, 0 failed / 2 total (33s) play_circle 21% [HÀN
2026-09-06T03:20:30.473Z [a200537a-1507-4042-aa4d-0f499ab2308c][8e8b4eea-e67e-48c2-9a20-218d03b22adb] Batch size stabilised at 2 new tile(s)
2026-09-06T03:20:30.473Z [a200537a-1507-4042-aa4d-0f499ab2308c][8e8b4eea-e67e-48c2-9a20-218d03b22adb] Batch detected: 2 item(s). Generating...
2026-09-06T03:20:30.473Z [a200537a-1507-4042-aa4d-0f499ab2308c][8e8b4eea-e67e-48c2-9a20-218d03b22adb] Polling for 2 video item(s) (baseline=49, hasUpload=true)...
2026-09-06T03:20:30.483Z [a200537a-1507-4042-aa4d-0f499ab2308c][8e8b4eea-e67e-48c2-9a20-218d03b22adb] Generating... 0 ready, 0 failed / 2 total (0s) play_circle [HÀNH ĐỘ play_circle [HÀNH ĐỘ
2026-09-06T03:20:32.295Z [b4d6671e-9421-4d42-8f57-0eff84517e31][8e8b4eea-e67e-48c2-9a20-218d03b22adb] Generating... 0 ready, 0 failed / 2 total (21s) play_circle 10% [HÀN play_circle 11% [HÀN
2026-09-06T03:20:32.477Z [5abac339-4ac6-4acc-8af2-97b726e238d8][8e8b4eea-e67e-48c2-9a20-218d03b22adb] Generating... 0 ready, 0 failed / 2 total (9s) play_circle 0% [HÀNH play_circle 1% [HÀNH
2026-09-06T03:20:33.152Z [c099bfbc-60d0-4bb4-94d9-7c9ebd746c5c][8e8b4eea-e67e-48c2-9a20-218d03b22adb] Generating... 0 ready, 0 failed / 2 total (36s) play_circle 23% [HÀN
2026-09-06T03:20:33.510Z [a200537a-1507-4042-aa4d-0f499ab2308c][8e8b4eea-e67e-48c2-9a20-218d03b22adb] Generating... 0 ready, 0 failed / 2 total (3s) play_circle [HÀNH ĐỘ play_circle [HÀNH ĐỘ
2026-09-06T03:20:35.312Z [b4d6671e-9421-4d42-8f57-0eff84517e31][8e8b4eea-e67e-48c2-9a20-218d03b22adb] Generating... 0 ready, 0 failed / 2 total (24s) play_circle 14% [HÀN play_circle 14% [HÀN
2026-09-06T03:20:35.494Z [5abac339-4ac6-4acc-8af2-97b726e238d8][8e8b4eea-e67e-48c2-9a20-218d03b22adb] Generating... 0 ready, 0 failed / 2 total (12s) play_circle 2% [HÀNH play_circle 2% [HÀNH
2026-09-06T03:20:36.169Z [c099bfbc-60d0-4bb4-94d9-7c9ebd746c5c][8e8b4eea-e67e-48c2-9a20-218d03b22adb] Generating... 0 ready, 0 failed / 2 total (39s) play_circle 27% [HÀN
2026-09-06T03:20:36.528Z [a200537a-1507-4042-aa4d-0f499ab2308c][8e8b4eea-e67e-48c2-9a20-218d03b22adb] Generating... 0 ready, 0 failed / 2 total (6s) play_circle 0% [HÀNH play_circle 0% [HÀNH
2026-09-06T03:20:38.328Z [b4d6671e-9421-4d42-8f57-0eff84517e31][8e8b4eea-e67e-48c2-9a20-218d03b22adb] Generating... 0 ready, 0 failed / 2 total (27s) play_circle 16% [HÀN play_circle 16% [HÀN
2026-09-06T03:20:38.510Z [5abac339-4ac6-4acc-8af2-97b726e238d8][8e8b4eea-e67e-48c2-9a20-218d03b22adb] Generating... 0 ready, 0 failed / 2 total (15s) play_circle 6% [HÀNH play_circle 6% [HÀNH
2026-09-06T03:20:39.198Z [c099bfbc-60d0-4bb4-94d9-7c9ebd746c5c][8e8b4eea-e67e-48c2-9a20-218d03b22adb] Generating... 0 ready, 0 failed / 2 total (42s) play_circle 100% [HÀ
2026-09-06T03:20:39.545Z [a200537a-1507-4042-aa4d-0f499ab2308c][8e8b4eea-e67e-48c2-9a20-218d03b22adb] Generating... 0 ready, 0 failed / 2 total (9s) play_circle 1% [HÀNH play_circle 1% [HÀNH
2026-09-06T03:20:41.348Z [b4d6671e-9421-4d42-8f57-0eff84517e31][8e8b4eea-e67e-48c2-9a20-218d03b22adb] Generating... 0 ready, 0 failed / 2 total (30s) play_circle 18% [HÀN play_circle 18% [HÀN
2026-09-06T03:20:41.526Z [5abac339-4ac6-4acc-8af2-97b726e238d8][8e8b4eea-e67e-48c2-9a20-218d03b22adb] Generating... 0 ready, 0 failed / 2 total (18s) play_circle 9% [HÀNH play_circle 8% [HÀNH
2026-09-06T03:20:42.221Z [c099bfbc-60d0-4bb4-94d9-7c9ebd746c5c][8e8b4eea-e67e-48c2-9a20-218d03b22adb] Generating... 0 ready, 0 failed / 2 total (45s) [HÀNH ĐỘNG]Arlo dùng
2026-09-06T03:20:42.596Z [a200537a-1507-4042-aa4d-0f499ab2308c][8e8b4eea-e67e-48c2-9a20-218d03b22adb] Generating... 0 ready, 0 failed / 2 total (12s) play_circle 4% [HÀNH play_circle 4% [HÀNH
2026-09-06T03:20:44.370Z [b4d6671e-9421-4d42-8f57-0eff84517e31][8e8b4eea-e67e-48c2-9a20-218d03b22adb] Generating... 0 ready, 0 failed / 2 total (33s) play_circle 20% [HÀN play_circle 21% [HÀN
2026-09-06T03:20:44.544Z [5abac339-4ac6-4acc-8af2-97b726e238d8][8e8b4eea-e67e-48c2-9a20-218d03b22adb] Generating... 0 ready, 0 failed / 2 total (21s) play_circle 11% [HÀN play_circle 11% [HÀN
2026-09-06T03:20:45.242Z [c099bfbc-60d0-4bb4-94d9-7c9ebd746c5c][8e8b4eea-e67e-48c2-9a20-218d03b22adb] Generating... 1 ready, 0 failed / 2 total (48s)
2026-09-06T03:20:45.612Z [a200537a-1507-4042-aa4d-0f499ab2308c][8e8b4eea-e67e-48c2-9a20-218d03b22adb] Generating... 0 ready, 0 failed / 2 total (15s) play_circle 7% [HÀNH play_circle 7% [HÀNH
2026-09-06T03:20:47.394Z [b4d6671e-9421-4d42-8f57-0eff84517e31][8e8b4eea-e67e-48c2-9a20-218d03b22adb] Generating... 0 ready, 0 failed / 2 total (36s) play_circle 23% [HÀN play_circle 23% [HÀN
2026-09-06T03:20:47.569Z [5abac339-4ac6-4acc-8af2-97b726e238d8][8e8b4eea-e67e-48c2-9a20-218d03b22adb] Generating... 0 ready, 0 failed / 2 total (24s) play_circle 14% [HÀN play_circle 14% [HÀN
2026-09-06T03:20:48.261Z [c099bfbc-60d0-4bb4-94d9-7c9ebd746c5c][8e8b4eea-e67e-48c2-9a20-218d03b22adb] Generating... 1 ready, 0 failed / 2 total (51s)
2026-09-06T03:20:48.628Z [a200537a-1507-4042-aa4d-0f499ab2308c][8e8b4eea-e67e-48c2-9a20-218d03b22adb] Generating... 0 ready, 0 failed / 2 total (18s) play_circle 9% [HÀNH play_circle 9% [HÀNH
2026-09-06T03:20:50.409Z [b4d6671e-9421-4d42-8f57-0eff84517e31][8e8b4eea-e67e-48c2-9a20-218d03b22adb] Generating... 0 ready, 0 failed / 2 total (39s) play_circle 26% [HÀN play_circle 26% [HÀN
2026-09-06T03:20:50.588Z [5abac339-4ac6-4acc-8af2-97b726e238d8][8e8b4eea-e67e-48c2-9a20-218d03b22adb] Generating... 0 ready, 0 failed / 2 total (27s) play_circle 16% [HÀN play_circle 15% [HÀN
2026-09-06T03:20:51.288Z [c099bfbc-60d0-4bb4-94d9-7c9ebd746c5c][8e8b4eea-e67e-48c2-9a20-218d03b22adb] Generating... 1 ready, 0 failed / 2 total (54s)
2026-09-06T03:20:51.643Z [a200537a-1507-4042-aa4d-0f499ab2308c][8e8b4eea-e67e-48c2-9a20-218d03b22adb] Generating... 0 ready, 0 failed / 2 total (21s) play_circle 12% [HÀN play_circle 12% [HÀN
2026-09-06T03:20:53.424Z [b4d6671e-9421-4d42-8f57-0eff84517e31][8e8b4eea-e67e-48c2-9a20-218d03b22adb] Generating... 0 ready, 0 failed / 2 total (42s) play_circle 100% [HÀ play_circle 100% [HÀ
2026-09-06T03:20:53.604Z [5abac339-4ac6-4acc-8af2-97b726e238d8][8e8b4eea-e67e-48c2-9a20-218d03b22adb] Generating... 0 ready, 0 failed / 2 total (30s) play_circle 19% [HÀN play_circle 19% [HÀN
2026-09-06T03:20:54.303Z [c099bfbc-60d0-4bb4-94d9-7c9ebd746c5c][8e8b4eea-e67e-48c2-9a20-218d03b22adb] Generating... 1 ready, 0 failed / 2 total (57s)
2026-09-06T03:20:54.670Z [a200537a-1507-4042-aa4d-0f499ab2308c][8e8b4eea-e67e-48c2-9a20-218d03b22adb] Generating... 0 ready, 0 failed / 2 total (24s) play_circle 15% [HÀN play_circle 15% [HÀN
2026-09-06T03:20:56.453Z [b4d6671e-9421-4d42-8f57-0eff84517e31][8e8b4eea-e67e-48c2-9a20-218d03b22adb] Generating... 0 ready, 0 failed / 2 total (45s) [HÀNH ĐỘNG]Hồ đọc rõ play_circle 100% [HÀ
2026-09-06T03:20:56.625Z [5abac339-4ac6-4acc-8af2-97b726e238d8][8e8b4eea-e67e-48c2-9a20-218d03b22adb] Generating... 0 ready, 0 failed / 2 total (33s) play_circle 21% [HÀN play_circle 21% [HÀN
2026-09-06T03:20:57.322Z [c099bfbc-60d0-4bb4-94d9-7c9ebd746c5c][8e8b4eea-e67e-48c2-9a20-218d03b22adb] Generating... 1 ready, 0 failed / 2 total (61s)
2026-09-06T03:20:57.696Z [a200537a-1507-4042-aa4d-0f499ab2308c][8e8b4eea-e67e-48c2-9a20-218d03b22adb] Generating... 0 ready, 0 failed / 2 total (27s) play_circle 16% [HÀN play_circle 16% [HÀN
2026-09-06T03:20:59.473Z [b4d6671e-9421-4d42-8f57-0eff84517e31][8e8b4eea-e67e-48c2-9a20-218d03b22adb] Generating... 1 ready, 0 failed / 2 total (48s) [HÀNH ĐỘNG]Hồ đọc rõ
2026-09-06T03:20:59.645Z [5abac339-4ac6-4acc-8af2-97b726e238d8][8e8b4eea-e67e-48c2-9a20-218d03b22adb] Generating... 0 ready, 0 failed / 2 total (36s) play_circle 23% [HÀN play_circle 23% [HÀN
2026-09-06T03:21:00.343Z [c099bfbc-60d0-4bb4-94d9-7c9ebd746c5c][8e8b4eea-e67e-48c2-9a20-218d03b22adb] Generating... 1 ready, 0 failed / 2 total (64s)
2026-09-06T03:21:00.733Z [a200537a-1507-4042-aa4d-0f499ab2308c][8e8b4eea-e67e-48c2-9a20-218d03b22adb] Generating... 0 ready, 0 failed / 2 total (30s) play_circle 20% [HÀN play_circle 20% [HÀN
2026-09-06T03:21:02.492Z [b4d6671e-9421-4d42-8f57-0eff84517e31][8e8b4eea-e67e-48c2-9a20-218d03b22adb] Generating... 2 ready, 0 failed / 2 total (51s)
2026-09-06T03:21:02.493Z [b4d6671e-9421-4d42-8f57-0eff84517e31][8e8b4eea-e67e-48c2-9a20-218d03b22adb] Batch done: 2 ready (target 2), 0 failed, scanned 2.
2026-09-06T03:21:02.493Z [b4d6671e-9421-4d42-8f57-0eff84517e31][8e8b4eea-e67e-48c2-9a20-218d03b22adb] 2 item(s) ready! Downloading...
2026-09-06T03:21:02.493Z [b4d6671e-9421-4d42-8f57-0eff84517e31][8e8b4eea-e67e-48c2-9a20-218d03b22adb] Item 1: no video source on the tile yet — hovering it to mount one.
2026-09-06T03:21:02.657Z [5abac339-4ac6-4acc-8af2-97b726e238d8][8e8b4eea-e67e-48c2-9a20-218d03b22adb] Generating... 0 ready, 0 failed / 2 total (39s) play_circle 26% [HÀN play_circle 25% [HÀN
2026-09-06T03:21:03.360Z [c099bfbc-60d0-4bb4-94d9-7c9ebd746c5c][8e8b4eea-e67e-48c2-9a20-218d03b22adb] Generating... 1 ready, 0 failed / 2 total (67s)
2026-09-06T03:21:03.750Z [a200537a-1507-4042-aa4d-0f499ab2308c][8e8b4eea-e67e-48c2-9a20-218d03b22adb] Generating... 0 ready, 0 failed / 2 total (33s) play_circle 22% [HÀN play_circle 22% [HÀN
2026-09-06T03:21:04.364Z [b4d6671e-9421-4d42-8f57-0eff84517e31][8e8b4eea-e67e-48c2-9a20-218d03b22adb] Item 1: Downloading from URL https://flow-content.google/video/1ffb7f04-d605-46b1-bdd5-8f38fe8a1f3c?Expires=1788686450&KeyName=labs-flow-prod-cdn-key&Signature=dHgz0Lj_V9FeeMu4O3fDZ8shNeU
2026-09-06T03:21:05.675Z [5abac339-4ac6-4acc-8af2-97b726e238d8][8e8b4eea-e67e-48c2-9a20-218d03b22adb] Generating... 0 ready, 0 failed / 2 total (42s) play_circle 100% [HÀ play_circle 28% [HÀN
2026-09-06T03:21:05.958Z [b4d6671e-9421-4d42-8f57-0eff84517e31][8e8b4eea-e67e-48c2-9a20-218d03b22adb] Downloaded 1/2: video_2026-09-06T03-21-02_01.mp4
2026-09-06T03:21:05.959Z [b4d6671e-9421-4d42-8f57-0eff84517e31][8e8b4eea-e67e-48c2-9a20-218d03b22adb] Item 2: no video source on the tile yet — hovering it to mount one.
2026-09-06T03:21:06.382Z [c099bfbc-60d0-4bb4-94d9-7c9ebd746c5c][8e8b4eea-e67e-48c2-9a20-218d03b22adb] Generating... 1 ready, 0 failed / 2 total (70s)
2026-09-06T03:21:06.762Z [a200537a-1507-4042-aa4d-0f499ab2308c][8e8b4eea-e67e-48c2-9a20-218d03b22adb] Generating... 0 ready, 0 failed / 2 total (36s) play_circle 25% [HÀN play_circle 24% [HÀN
2026-09-06T03:21:07.832Z [b4d6671e-9421-4d42-8f57-0eff84517e31][8e8b4eea-e67e-48c2-9a20-218d03b22adb] Item 2: Downloading from URL https://flow-content.google/video/334a1432-4366-412c-a42c-aff005d9bc84?Expires=1788686450&KeyName=labs-flow-prod-cdn-key&Signature=94DMnyDUW45tvEjIGs4T4zUU7d8
2026-09-06T03:21:08.692Z [5abac339-4ac6-4acc-8af2-97b726e238d8][8e8b4eea-e67e-48c2-9a20-218d03b22adb] Generating... 0 ready, 0 failed / 2 total (45s) play_circle 100% [HÀ play_circle 100% [HÀ
2026-09-06T03:21:09.205Z [b4d6671e-9421-4d42-8f57-0eff84517e31][8e8b4eea-e67e-48c2-9a20-218d03b22adb] Downloaded 2/2: video_2026-09-06T03-21-02_02.mp4
2026-09-06T03:21:09.205Z [b4d6671e-9421-4d42-8f57-0eff84517e31][8e8b4eea-e67e-48c2-9a20-218d03b22adb] ✅ 2 item(s) saved to Downloads/Win AI Toolkit/
2026-09-06T03:21:09.410Z [c099bfbc-60d0-4bb4-94d9-7c9ebd746c5c][8e8b4eea-e67e-48c2-9a20-218d03b22adb] Generating... 1 ready, 0 failed / 2 total (73s)
2026-09-06T03:21:09.783Z [a200537a-1507-4042-aa4d-0f499ab2308c][8e8b4eea-e67e-48c2-9a20-218d03b22adb] Generating... 0 ready, 0 failed / 2 total (39s) play_circle 27% [HÀN play_circle 27% [HÀN
2026-09-06T03:21:11.709Z [5abac339-4ac6-4acc-8af2-97b726e238d8][8e8b4eea-e67e-48c2-9a20-218d03b22adb] Generating... 0 ready, 0 failed / 2 total (48s) [HÀNH ĐỘNG]Arlo nhìn play_circle 100% [HÀ
2026-09-06T03:21:12.438Z [c099bfbc-60d0-4bb4-94d9-7c9ebd746c5c][8e8b4eea-e67e-48c2-9a20-218d03b22adb] Generating... 1 ready, 0 failed / 2 total (76s)
2026-09-06T03:21:12.802Z [a200537a-1507-4042-aa4d-0f499ab2308c][8e8b4eea-e67e-48c2-9a20-218d03b22adb] Generating... 0 ready, 0 failed / 2 total (42s) play_circle 100% [HÀ play_circle 30% [HÀN
2026-09-06T03:21:14.728Z [5abac339-4ac6-4acc-8af2-97b726e238d8][8e8b4eea-e67e-48c2-9a20-218d03b22adb] Generating... 1 ready, 0 failed / 2 total (51s) [HÀNH ĐỘNG]Arlo nhìn
2026-09-06T03:21:15.453Z [c099bfbc-60d0-4bb4-94d9-7c9ebd746c5c][8e8b4eea-e67e-48c2-9a20-218d03b22adb] Generating... 1 ready, 0 failed / 2 total (79s)
2026-09-06T03:21:15.820Z [a200537a-1507-4042-aa4d-0f499ab2308c][8e8b4eea-e67e-48c2-9a20-218d03b22adb] Generating... 0 ready, 0 failed / 2 total (45s) [HÀNH ĐỘNG]Blue và p play_circle 32% [HÀN
2026-09-06T03:21:17.741Z [5abac339-4ac6-4acc-8af2-97b726e238d8][8e8b4eea-e67e-48c2-9a20-218d03b22adb] Generating... 2 ready, 0 failed / 2 total (54s)
2026-09-06T03:21:17.741Z [5abac339-4ac6-4acc-8af2-97b726e238d8][8e8b4eea-e67e-48c2-9a20-218d03b22adb] Batch done: 2 ready (target 2), 0 failed, scanned 2.
2026-09-06T03:21:17.741Z [5abac339-4ac6-4acc-8af2-97b726e238d8][8e8b4eea-e67e-48c2-9a20-218d03b22adb] 2 item(s) ready! Downloading...
2026-09-06T03:21:17.742Z [5abac339-4ac6-4acc-8af2-97b726e238d8][8e8b4eea-e67e-48c2-9a20-218d03b22adb] Item 1: no video source on the tile yet — hovering it to mount one.
2026-09-06T03:21:18.469Z [c099bfbc-60d0-4bb4-94d9-7c9ebd746c5c][8e8b4eea-e67e-48c2-9a20-218d03b22adb] Generating... 1 ready, 0 failed / 2 total (82s)
2026-09-06T03:21:18.838Z [a200537a-1507-4042-aa4d-0f499ab2308c][8e8b4eea-e67e-48c2-9a20-218d03b22adb] Generating... 1 ready, 0 failed / 2 total (48s) play_circle 35% [HÀN
2026-09-06T03:21:19.043Z [5abac339-4ac6-4acc-8af2-97b726e238d8][8e8b4eea-e67e-48c2-9a20-218d03b22adb] Item 1: Downloading from URL https://flow-content.google/video/6df5325b-0025-49a0-b475-f6e78f9b9ff1?Expires=1788686462&KeyName=labs-flow-prod-cdn-key&Signature=YEDYorx3l2TlapQKRaJEsmsSX_g
2026-09-06T03:21:20.467Z [5abac339-4ac6-4acc-8af2-97b726e238d8][8e8b4eea-e67e-48c2-9a20-218d03b22adb] Downloaded 1/2: video_2026-09-06T03-21-17_01.mp4
2026-09-06T03:21:20.468Z [5abac339-4ac6-4acc-8af2-97b726e238d8][8e8b4eea-e67e-48c2-9a20-218d03b22adb] Item 2: no video source on the tile yet — hovering it to mount one.
2026-09-06T03:21:21.486Z [c099bfbc-60d0-4bb4-94d9-7c9ebd746c5c][8e8b4eea-e67e-48c2-9a20-218d03b22adb] Generating... 1 ready, 0 failed / 2 total (85s)
2026-09-06T03:21:21.861Z [a200537a-1507-4042-aa4d-0f499ab2308c][8e8b4eea-e67e-48c2-9a20-218d03b22adb] Generating... 1 ready, 0 failed / 2 total (51s) play_circle 37% [HÀN
2026-09-06T03:21:22.050Z [5abac339-4ac6-4acc-8af2-97b726e238d8][8e8b4eea-e67e-48c2-9a20-218d03b22adb] Item 2: Downloading from URL https://flow-content.google/video/383a2bfd-cf9f-4401-bd18-ddc5387d7a78?Expires=1788686467&KeyName=labs-flow-prod-cdn-key&Signature=WMMTOs7FYEE0xrnrfUx21I8dTMo
2026-09-06T03:21:23.453Z [5abac339-4ac6-4acc-8af2-97b726e238d8][8e8b4eea-e67e-48c2-9a20-218d03b22adb] Downloaded 2/2: video_2026-09-06T03-21-17_02.mp4
2026-09-06T03:21:23.453Z [5abac339-4ac6-4acc-8af2-97b726e238d8][8e8b4eea-e67e-48c2-9a20-218d03b22adb] ✅ 2 item(s) saved to Downloads/Win AI Toolkit/
2026-09-06T03:21:24.511Z [c099bfbc-60d0-4bb4-94d9-7c9ebd746c5c][8e8b4eea-e67e-48c2-9a20-218d03b22adb] Generating... 1 ready, 0 failed / 2 total (88s)
2026-09-06T03:21:24.885Z [a200537a-1507-4042-aa4d-0f499ab2308c][8e8b4eea-e67e-48c2-9a20-218d03b22adb] Generating... 1 ready, 0 failed / 2 total (54s) play_circle 40% [HÀN
2026-09-06T03:21:27.541Z [c099bfbc-60d0-4bb4-94d9-7c9ebd746c5c][8e8b4eea-e67e-48c2-9a20-218d03b22adb] Generating... 1 ready, 0 failed / 2 total (91s)
2026-09-06T03:21:27.909Z [a200537a-1507-4042-aa4d-0f499ab2308c][8e8b4eea-e67e-48c2-9a20-218d03b22adb] Generating... 1 ready, 0 failed / 2 total (57s) play_circle 100% [HÀ
2026-09-06T03:21:30.561Z [c099bfbc-60d0-4bb4-94d9-7c9ebd746c5c][8e8b4eea-e67e-48c2-9a20-218d03b22adb] Generating... 1 ready, 0 failed / 2 total (94s)
2026-09-06T03:21:30.926Z [a200537a-1507-4042-aa4d-0f499ab2308c][8e8b4eea-e67e-48c2-9a20-218d03b22adb] Generating... 1 ready, 0 failed / 2 total (60s) play_circle 100% [HÀ
2026-09-06T03:21:33.576Z [c099bfbc-60d0-4bb4-94d9-7c9ebd746c5c][8e8b4eea-e67e-48c2-9a20-218d03b22adb] Generating... 1 ready, 0 failed / 2 total (97s)
2026-09-06T03:21:33.945Z [a200537a-1507-4042-aa4d-0f499ab2308c][8e8b4eea-e67e-48c2-9a20-218d03b22adb] Generating... 1 ready, 0 failed / 2 total (63s) [HÀNH ĐỘNG]Blue và p
2026-09-06T03:21:36.594Z [c099bfbc-60d0-4bb4-94d9-7c9ebd746c5c][8e8b4eea-e67e-48c2-9a20-218d03b22adb] Generating... 1 ready, 0 failed / 2 total (100s)
2026-09-06T03:21:36.971Z [a200537a-1507-4042-aa4d-0f499ab2308c][8e8b4eea-e67e-48c2-9a20-218d03b22adb] Generating... 2 ready, 0 failed / 2 total (66s)
2026-09-06T03:21:36.972Z [a200537a-1507-4042-aa4d-0f499ab2308c][8e8b4eea-e67e-48c2-9a20-218d03b22adb] Batch done: 2 ready (target 2), 0 failed, scanned 2.
2026-09-06T03:21:36.972Z [a200537a-1507-4042-aa4d-0f499ab2308c][8e8b4eea-e67e-48c2-9a20-218d03b22adb] 2 item(s) ready! Downloading...
2026-09-06T03:21:36.973Z [a200537a-1507-4042-aa4d-0f499ab2308c][8e8b4eea-e67e-48c2-9a20-218d03b22adb] Item 1: no video source on the tile yet — hovering it to mount one.
2026-09-06T03:21:38.631Z [a200537a-1507-4042-aa4d-0f499ab2308c][8e8b4eea-e67e-48c2-9a20-218d03b22adb] Item 1: Downloading from URL https://flow-content.google/video/d5bf3792-94bd-44cf-acfc-a61c767484ec?Expires=1788686469&KeyName=labs-flow-prod-cdn-key&Signature=k1CX-9vgOt5g3GXw73lIfIqxr3E
2026-09-06T03:21:39.617Z [c099bfbc-60d0-4bb4-94d9-7c9ebd746c5c][8e8b4eea-e67e-48c2-9a20-218d03b22adb] Generating... 1 ready, 0 failed / 2 total (103s)
2026-09-06T03:21:40.396Z [a200537a-1507-4042-aa4d-0f499ab2308c][8e8b4eea-e67e-48c2-9a20-218d03b22adb] Downloaded 1/2: video_2026-09-06T03-21-36_01.mp4
2026-09-06T03:21:40.398Z [a200537a-1507-4042-aa4d-0f499ab2308c][8e8b4eea-e67e-48c2-9a20-218d03b22adb] Item 2: no video source on the tile yet — hovering it to mount one.
2026-09-06T03:21:42.027Z [a200537a-1507-4042-aa4d-0f499ab2308c][8e8b4eea-e67e-48c2-9a20-218d03b22adb] Item 2: Downloading from URL https://flow-content.google/video/e4fd29fb-04a5-4a7c-bb0f-4621e4394df8?Expires=1788686486&KeyName=labs-flow-prod-cdn-key&Signature=YzQ6NcDbhT3GOEQ38AhebJcIVf4
2026-09-06T03:21:42.634Z [c099bfbc-60d0-4bb4-94d9-7c9ebd746c5c][8e8b4eea-e67e-48c2-9a20-218d03b22adb] Generating... 1 ready, 0 failed / 2 total (106s)
2026-09-06T03:21:43.285Z [a200537a-1507-4042-aa4d-0f499ab2308c][8e8b4eea-e67e-48c2-9a20-218d03b22adb] Downloaded 2/2: video_2026-09-06T03-21-36_02.mp4
2026-09-06T03:21:43.286Z [a200537a-1507-4042-aa4d-0f499ab2308c][8e8b4eea-e67e-48c2-9a20-218d03b22adb] ✅ 2 item(s) saved to Downloads/Win AI Toolkit/
2026-09-06T03:21:45.653Z [c099bfbc-60d0-4bb4-94d9-7c9ebd746c5c][8e8b4eea-e67e-48c2-9a20-218d03b22adb] Generating... 1 ready, 0 failed / 2 total (109s)
2026-09-06T03:21:48.676Z [c099bfbc-60d0-4bb4-94d9-7c9ebd746c5c][8e8b4eea-e67e-48c2-9a20-218d03b22adb] Generating... 1 ready, 0 failed / 2 total (112s)
2026-09-06T03:21:51.702Z [c099bfbc-60d0-4bb4-94d9-7c9ebd746c5c][8e8b4eea-e67e-48c2-9a20-218d03b22adb] Generating... 1 ready, 0 failed / 2 total (115s)
2026-09-06T03:21:54.258Z [b4d6671e-9421-4d42-8f57-0eff84517e31][8e8b4eea-e67e-48c2-9a20-218d03b22adb] Item 1 (try 1): 1080p saved via the UI download flow.
2026-09-06T03:21:54.327Z [b4d6671e-9421-4d42-8f57-0eff84517e31][8e8b4eea-e67e-48c2-9a20-218d03b22adb] Item 1: upgraded to 1080p → D:\WINAI\Slow-English-with-Arlo_11_10_cmto8mrp\video_2026-09-06T03-21-02_01.mp4
2026-09-06T03:21:54.720Z [c099bfbc-60d0-4bb4-94d9-7c9ebd746c5c][8e8b4eea-e67e-48c2-9a20-218d03b22adb] Generating... 1 ready, 0 failed / 2 total (118s)
2026-09-06T03:21:57.742Z [c099bfbc-60d0-4bb4-94d9-7c9ebd746c5c][8e8b4eea-e67e-48c2-9a20-218d03b22adb] Generating... 1 ready, 0 failed / 2 total (121s)
2026-09-06T03:22:00.760Z [c099bfbc-60d0-4bb4-94d9-7c9ebd746c5c][8e8b4eea-e67e-48c2-9a20-218d03b22adb] Generating... 1 ready, 0 failed / 2 total (124s)
2026-09-06T03:22:03.783Z [c099bfbc-60d0-4bb4-94d9-7c9ebd746c5c][8e8b4eea-e67e-48c2-9a20-218d03b22adb] Generating... 1 ready, 0 failed / 2 total (127s)
2026-09-06T03:22:06.806Z [c099bfbc-60d0-4bb4-94d9-7c9ebd746c5c][8e8b4eea-e67e-48c2-9a20-218d03b22adb] Generating... 1 ready, 0 failed / 2 total (130s)
2026-09-06T03:22:08.638Z [5abac339-4ac6-4acc-8af2-97b726e238d8][8e8b4eea-e67e-48c2-9a20-218d03b22adb] Item 1 (try 1): 1080p saved via the UI download flow.
2026-09-06T03:22:08.681Z [5abac339-4ac6-4acc-8af2-97b726e238d8][8e8b4eea-e67e-48c2-9a20-218d03b22adb] Item 1: upgraded to 1080p → D:\WINAI\Slow-English-with-Arlo_11_11_cmto8mrp\video_2026-09-06T03-21-17_01.mp4
2026-09-06T03:22:09.833Z [c099bfbc-60d0-4bb4-94d9-7c9ebd746c5c][8e8b4eea-e67e-48c2-9a20-218d03b22adb] Generating... 1 ready, 0 failed / 2 total (133s)
2026-09-06T03:22:12.850Z [c099bfbc-60d0-4bb4-94d9-7c9ebd746c5c][8e8b4eea-e67e-48c2-9a20-218d03b22adb] Generating... 1 ready, 0 failed / 2 total (136s)
2026-09-06T03:22:15.867Z [c099bfbc-60d0-4bb4-94d9-7c9ebd746c5c][8e8b4eea-e67e-48c2-9a20-218d03b22adb] Generating... 1 ready, 0 failed / 2 total (139s)
2026-09-06T03:22:18.891Z [c099bfbc-60d0-4bb4-94d9-7c9ebd746c5c][8e8b4eea-e67e-48c2-9a20-218d03b22adb] Generating... 1 ready, 0 failed / 2 total (142s)
2026-09-06T03:22:21.917Z [c099bfbc-60d0-4bb4-94d9-7c9ebd746c5c][8e8b4eea-e67e-48c2-9a20-218d03b22adb] Generating... 1 ready, 0 failed / 2 total (145s)
2026-09-06T03:22:24.942Z [c099bfbc-60d0-4bb4-94d9-7c9ebd746c5c][8e8b4eea-e67e-48c2-9a20-218d03b22adb] Generating... 1 ready, 0 failed / 2 total (148s)
2026-09-06T03:22:27.447Z [a200537a-1507-4042-aa4d-0f499ab2308c][8e8b4eea-e67e-48c2-9a20-218d03b22adb] Item 1 (try 1): 1080p saved via the UI download flow.
2026-09-06T03:22:27.486Z [a200537a-1507-4042-aa4d-0f499ab2308c][8e8b4eea-e67e-48c2-9a20-218d03b22adb] Item 1: upgraded to 1080p → D:\WINAI\Slow-English-with-Arlo_11_12_cmto8mrp\video_2026-09-06T03-21-36_01.mp4
2026-09-06T03:22:27.959Z [c099bfbc-60d0-4bb4-94d9-7c9ebd746c5c][8e8b4eea-e67e-48c2-9a20-218d03b22adb] Generating... 1 ready, 0 failed / 2 total (151s)
2026-09-06T03:22:30.980Z [c099bfbc-60d0-4bb4-94d9-7c9ebd746c5c][8e8b4eea-e67e-48c2-9a20-218d03b22adb] Generating... 1 ready, 0 failed / 2 total (154s)
2026-09-06T03:22:33.242Z [b4d6671e-9421-4d42-8f57-0eff84517e31][8e8b4eea-e67e-48c2-9a20-218d03b22adb] Item 2 (try 1): 1080p saved via the UI download flow.
2026-09-06T03:22:33.290Z [b4d6671e-9421-4d42-8f57-0eff84517e31][8e8b4eea-e67e-48c2-9a20-218d03b22adb] Item 2: upgraded to 1080p → D:\WINAI\Slow-English-with-Arlo_11_10_cmto8mrp\video_2026-09-06T03-21-02_02.mp4
2026-09-06T03:22:33.291Z [b4d6671e-9421-4d42-8f57-0eff84517e31][8e8b4eea-e67e-48c2-9a20-218d03b22adb] Uploading 2 video(s) to Xanh...
2026-09-06T03:22:33.903Z [b4d6671e-9421-4d42-8f57-0eff84517e31][8e8b4eea-e67e-48c2-9a20-218d03b22adb] Item 1: Re-uploaded 1080p → https://studio.xanhmedia.vn/uploads/2026-09/1788664952833_9f7d04_8e8b4eea-e67e-48c2-9a20-218d03b22adb_b4d.mp4
2026-09-06T03:22:34.000Z [c099bfbc-60d0-4bb4-94d9-7c9ebd746c5c][8e8b4eea-e67e-48c2-9a20-218d03b22adb] Generating... 1 ready, 0 failed / 2 total (157s)
2026-09-06T03:22:37.023Z [c099bfbc-60d0-4bb4-94d9-7c9ebd746c5c][8e8b4eea-e67e-48c2-9a20-218d03b22adb] Generating... 1 ready, 0 failed / 2 total (160s)
2026-09-06T03:22:37.615Z [b4d6671e-9421-4d42-8f57-0eff84517e31][8e8b4eea-e67e-48c2-9a20-218d03b22adb] Item 2: Re-uploaded 1080p → https://studio.xanhmedia.vn/uploads/2026-09/1788664956537_de1c2f_8e8b4eea-e67e-48c2-9a20-218d03b22adb_b4d.mp4
2026-09-06T03:22:37.616Z [b4d6671e-9421-4d42-8f57-0eff84517e31][8e8b4eea-e67e-48c2-9a20-218d03b22adb] ✅ 2 item(s) + 1080p saved to Downloads/Win AI Toolkit/
2026-09-06T03:22:37.618Z [b4d6671e-9421-4d42-8f57-0eff84517e31][8e8b4eea-e67e-48c2-9a20-218d03b22adb] All done (including any 1080p upgrades). Closing Playwright browser context.
2026-09-06T03:22:38.893Z [37d3cd43-2b68-4e95-95ce-c5d907265294][8e8b4eea-e67e-48c2-9a20-218d03b22adb] runGeneration starting: task_id=37d3cd43-2b68-4e95-95ce-c5d907265294, profile_id=8e8b4eea-e67e-48c2-9a20-218d03b22adb, target_site=google_flow
2026-09-06T03:22:38.894Z [37d3cd43-2b68-4e95-95ce-c5d907265294][8e8b4eea-e67e-48c2-9a20-218d03b22adb] Opening Playwright browser with persistent profile cookies...
2026-09-06T03:22:38.895Z [37d3cd43-2b68-4e95-95ce-c5d907265294][8e8b4eea-e67e-48c2-9a20-218d03b22adb] Browser engine: winhide (C:\Users\Admin\AppData\Roaming\com.tank.winai\winhide\chrome.exe) [hidden off-screen]
2026-09-06T03:22:38.899Z [37d3cd43-2b68-4e95-95ce-c5d907265294][8e8b4eea-e67e-48c2-9a20-218d03b22adb] Launch mode: STEALTH (raw spawn + connectOverCDP)
2026-09-06T03:22:40.042Z [c099bfbc-60d0-4bb4-94d9-7c9ebd746c5c][8e8b4eea-e67e-48c2-9a20-218d03b22adb] Generating... 1 ready, 0 failed / 2 total (163s)
2026-09-06T03:22:40.633Z [37d3cd43-2b68-4e95-95ce-c5d907265294][8e8b4eea-e67e-48c2-9a20-218d03b22adb] Exit IP: 115.74.128.9
2026-09-06T03:22:40.634Z [37d3cd43-2b68-4e95-95ce-c5d907265294][8e8b4eea-e67e-48c2-9a20-218d03b22adb] Navigating browser to Google Flow tools page...
2026-09-06T03:22:40.634Z [37d3cd43-2b68-4e95-95ce-c5d907265294][8e8b4eea-e67e-48c2-9a20-218d03b22adb] Using existing project URL: https://flow.google.com/project/d7006cc3-f9c4-4856-98f4-89ac31f96398?hl=en
2026-09-06T03:22:41.541Z [37d3cd43-2b68-4e95-95ce-c5d907265294][8e8b4eea-e67e-48c2-9a20-218d03b22adb] Waiting for Google Flow...
2026-09-06T03:22:43.064Z [c099bfbc-60d0-4bb4-94d9-7c9ebd746c5c][8e8b4eea-e67e-48c2-9a20-218d03b22adb] Generating... 1 ready, 0 failed / 2 total (166s)
2026-09-06T03:22:43.409Z [37d3cd43-2b68-4e95-95ce-c5d907265294][8e8b4eea-e67e-48c2-9a20-218d03b22adb] In existing project ✓
2026-09-06T03:22:44.585Z [37d3cd43-2b68-4e95-95ce-c5d907265294][8e8b4eea-e67e-48c2-9a20-218d03b22adb] dismissPopups: unresolved overlay(s) ["IFRAME[presentation]|btns="]
2026-09-06T03:22:46.148Z [c099bfbc-60d0-4bb4-94d9-7c9ebd746c5c][8e8b4eea-e67e-48c2-9a20-218d03b22adb] Generating... 1 ready, 0 failed / 2 total (169s)
2026-09-06T03:22:46.823Z [37d3cd43-2b68-4e95-95ce-c5d907265294][8e8b4eea-e67e-48c2-9a20-218d03b22adb] Composer ready ✓ (UI language: en)
2026-09-06T03:22:46.842Z [37d3cd43-2b68-4e95-95ce-c5d907265294][8e8b4eea-e67e-48c2-9a20-218d03b22adb] dismissPopups: unresolved overlay(s) ["DIV[]|btns=","DIV[]|btns="]
2026-09-06T03:22:46.860Z [37d3cd43-2b68-4e95-95ce-c5d907265294][8e8b4eea-e67e-48c2-9a20-218d03b22adb] Agent toggle aria-pressed=false
2026-09-06T03:22:46.861Z [37d3cd43-2b68-4e95-95ce-c5d907265294][8e8b4eea-e67e-48c2-9a20-218d03b22adb] Opening settings...
2026-09-06T03:22:48.463Z [37d3cd43-2b68-4e95-95ce-c5d907265294][8e8b4eea-e67e-48c2-9a20-218d03b22adb] Configuring video settings...
2026-09-06T03:22:48.494Z [37d3cd43-2b68-4e95-95ce-c5d907265294][8e8b4eea-e67e-48c2-9a20-218d03b22adb] Mode: "videocam Video" already selected ✓
2026-09-06T03:22:49.166Z [c099bfbc-60d0-4bb4-94d9-7c9ebd746c5c][8e8b4eea-e67e-48c2-9a20-218d03b22adb] Generating... 1 ready, 0 failed / 2 total (172s)
2026-09-06T03:22:51.098Z [5abac339-4ac6-4acc-8af2-97b726e238d8][8e8b4eea-e67e-48c2-9a20-218d03b22adb] Item 2 (try 1): 1080p saved via the UI download flow.
2026-09-06T03:22:51.189Z [5abac339-4ac6-4acc-8af2-97b726e238d8][8e8b4eea-e67e-48c2-9a20-218d03b22adb] Item 2: upgraded to 1080p → D:\WINAI\Slow-English-with-Arlo_11_11_cmto8mrp\video_2026-09-06T03-21-17_02.mp4
2026-09-06T03:22:51.190Z [5abac339-4ac6-4acc-8af2-97b726e238d8][8e8b4eea-e67e-48c2-9a20-218d03b22adb] Uploading 2 video(s) to Xanh...
2026-09-06T03:22:51.252Z [37d3cd43-2b68-4e95-95ce-c5d907265294][8e8b4eea-e67e-48c2-9a20-218d03b22adb] Video type: selected "crop_free Frames" ✓
2026-09-06T03:22:51.850Z [5abac339-4ac6-4acc-8af2-97b726e238d8][8e8b4eea-e67e-48c2-9a20-218d03b22adb] Item 1: Re-uploaded 1080p → https://studio.xanhmedia.vn/uploads/2026-09/1788664970775_69daa3_8e8b4eea-e67e-48c2-9a20-218d03b22adb_5ab.mp4
2026-09-06T03:22:51.963Z [5abac339-4ac6-4acc-8af2-97b726e238d8][8e8b4eea-e67e-48c2-9a20-218d03b22adb] Item 2: Re-uploaded 1080p → https://studio.xanhmedia.vn/uploads/2026-09/1788664970892_d715bf_8e8b4eea-e67e-48c2-9a20-218d03b22adb_5ab.mp4
2026-09-06T03:22:51.964Z [5abac339-4ac6-4acc-8af2-97b726e238d8][8e8b4eea-e67e-48c2-9a20-218d03b22adb] ✅ 2 item(s) + 1080p saved to Downloads/Win AI Toolkit/
2026-09-06T03:22:51.965Z [5abac339-4ac6-4acc-8af2-97b726e238d8][8e8b4eea-e67e-48c2-9a20-218d03b22adb] All done (including any 1080p upgrades). Closing Playwright browser context.
2026-09-06T03:22:52.191Z [c099bfbc-60d0-4bb4-94d9-7c9ebd746c5c][8e8b4eea-e67e-48c2-9a20-218d03b22adb] Generating... 1 ready, 0 failed / 2 total (175s)
2026-09-06T03:22:52.359Z [37d3cd43-2b68-4e95-95ce-c5d907265294][8e8b4eea-e67e-48c2-9a20-218d03b22adb] Model "Omni 1.1 Flash" already selected ✓ (chip reads "Omni 1.1 Flash")
2026-09-06T03:22:52.416Z [769b5113-4fcb-44d8-a843-fa68e5c450fe][8e8b4eea-e67e-48c2-9a20-218d03b22adb] runGeneration starting: task_id=769b5113-4fcb-44d8-a843-fa68e5c450fe, profile_id=8e8b4eea-e67e-48c2-9a20-218d03b22adb, target_site=google_flow
2026-09-06T03:22:52.417Z [769b5113-4fcb-44d8-a843-fa68e5c450fe][8e8b4eea-e67e-48c2-9a20-218d03b22adb] Opening Playwright browser with persistent profile cookies...
2026-09-06T03:22:52.417Z [769b5113-4fcb-44d8-a843-fa68e5c450fe][8e8b4eea-e67e-48c2-9a20-218d03b22adb] Browser engine: winhide (C:\Users\Admin\AppData\Roaming\com.tank.winai\winhide\chrome.exe) [hidden off-screen]
2026-09-06T03:22:52.418Z [769b5113-4fcb-44d8-a843-fa68e5c450fe][8e8b4eea-e67e-48c2-9a20-218d03b22adb] Launch mode: STEALTH (raw spawn + connectOverCDP)
2026-09-06T03:22:52.896Z [37d3cd43-2b68-4e95-95ce-c5d907265294][8e8b4eea-e67e-48c2-9a20-218d03b22adb] Aspect ratio: "crop_16_9 16:9" already selected ✓
2026-09-06T03:22:52.921Z [37d3cd43-2b68-4e95-95ce-c5d907265294][8e8b4eea-e67e-48c2-9a20-218d03b22adb] Video resolution: "720p" already selected ✓
2026-09-06T03:22:52.972Z [37d3cd43-2b68-4e95-95ce-c5d907265294][8e8b4eea-e67e-48c2-9a20-218d03b22adb] Duration: "8s" already selected ✓
2026-09-06T03:22:53.005Z [37d3cd43-2b68-4e95-95ce-c5d907265294][8e8b4eea-e67e-48c2-9a20-218d03b22adb] Output count: "x2" already selected ✓
2026-09-06T03:22:54.002Z [769b5113-4fcb-44d8-a843-fa68e5c450fe][8e8b4eea-e67e-48c2-9a20-218d03b22adb] Exit IP: 115.74.128.9
2026-09-06T03:22:54.002Z [769b5113-4fcb-44d8-a843-fa68e5c450fe][8e8b4eea-e67e-48c2-9a20-218d03b22adb] Navigating browser to Google Flow tools page...
2026-09-06T03:22:54.002Z [769b5113-4fcb-44d8-a843-fa68e5c450fe][8e8b4eea-e67e-48c2-9a20-218d03b22adb] Using existing project URL: https://flow.google.com/project/643b808f-7d88-45ee-a818-35d5f8e84fec?hl=en
2026-09-06T03:22:54.067Z [37d3cd43-2b68-4e95-95ce-c5d907265294][8e8b4eea-e67e-48c2-9a20-218d03b22adb] Start keyframe: downloading from URL...
2026-09-06T03:22:54.302Z [37d3cd43-2b68-4e95-95ce-c5d907265294][8e8b4eea-e67e-48c2-9a20-218d03b22adb] Downloader: no-proxy request context ready.
2026-09-06T03:22:54.785Z [37d3cd43-2b68-4e95-95ce-c5d907265294][8e8b4eea-e67e-48c2-9a20-218d03b22adb] Start keyframe: saved 834470 bytes (image/jpeg) as "1788613447625_2de798_fdfbd39c-aa59-4b23-a3ac-5f2ddfb5b1b8_1ab.jpg"
2026-09-06T03:22:54.826Z [37d3cd43-2b68-4e95-95ce-c5d907265294][8e8b4eea-e67e-48c2-9a20-218d03b22adb] Start keyframe: setting start keyframe...
2026-09-06T03:22:54.899Z [769b5113-4fcb-44d8-a843-fa68e5c450fe][8e8b4eea-e67e-48c2-9a20-218d03b22adb] Waiting for Google Flow...
2026-09-06T03:22:55.216Z [c099bfbc-60d0-4bb4-94d9-7c9ebd746c5c][8e8b4eea-e67e-48c2-9a20-218d03b22adb] Generating... 1 ready, 0 failed / 2 total (178s)
2026-09-06T03:22:56.851Z [37d3cd43-2b68-4e95-95ce-c5d907265294][8e8b4eea-e67e-48c2-9a20-218d03b22adb] Start keyframe: "1788613447625_2de798_fdfbd39c-aa59-4b23-a3ac-5f2ddfb5b1b8_1ab.jpg" not in the library yet — uploading it first.
2026-09-06T03:22:57.308Z [769b5113-4fcb-44d8-a843-fa68e5c450fe][8e8b4eea-e67e-48c2-9a20-218d03b22adb] In existing project ✓
2026-09-06T03:22:58.222Z [c099bfbc-60d0-4bb4-94d9-7c9ebd746c5c][8e8b4eea-e67e-48c2-9a20-218d03b22adb] Poll ended with 1/2 ready — salvaging the completed item(s).
2026-09-06T03:22:58.223Z [c099bfbc-60d0-4bb4-94d9-7c9ebd746c5c][8e8b4eea-e67e-48c2-9a20-218d03b22adb] 1 item(s) ready! Downloading...
2026-09-06T03:22:58.223Z [c099bfbc-60d0-4bb4-94d9-7c9ebd746c5c][8e8b4eea-e67e-48c2-9a20-218d03b22adb] Item 1: no video source on the tile yet — hovering it to mount one.
2026-09-06T03:22:59.176Z [769b5113-4fcb-44d8-a843-fa68e5c450fe][8e8b4eea-e67e-48c2-9a20-218d03b22adb] dismissPopups: unresolved overlay(s) ["DIV[]|btns=","DIV[]|btns="]
2026-09-06T03:22:59.267Z [769b5113-4fcb-44d8-a843-fa68e5c450fe][8e8b4eea-e67e-48c2-9a20-218d03b22adb] Composer ready ✓ (UI language: en)
2026-09-06T03:22:59.321Z [769b5113-4fcb-44d8-a843-fa68e5c450fe][8e8b4eea-e67e-48c2-9a20-218d03b22adb] dismissPopups: unresolved overlay(s) ["DIV[]|btns=","DIV[]|btns="]
2026-09-06T03:22:59.352Z [769b5113-4fcb-44d8-a843-fa68e5c450fe][8e8b4eea-e67e-48c2-9a20-218d03b22adb] Agent toggle aria-pressed=false
2026-09-06T03:22:59.353Z [769b5113-4fcb-44d8-a843-fa68e5c450fe][8e8b4eea-e67e-48c2-9a20-218d03b22adb] Opening settings...
2026-09-06T03:23:00.040Z [c099bfbc-60d0-4bb4-94d9-7c9ebd746c5c][8e8b4eea-e67e-48c2-9a20-218d03b22adb] Item 1: Downloading from URL https://flow-content.google/video/ca721a9b-a72c-4f48-b71d-aace940f1d75?Expires=1788686435&KeyName=labs-flow-prod-cdn-key&Signature=8xyxuXaSwXuCXPG3qxCAWVBfveU
2026-09-06T03:23:01.056Z [37d3cd43-2b68-4e95-95ce-c5d907265294][8e8b4eea-e67e-48c2-9a20-218d03b22adb] Start keyframe: uploading "1788613447625_2de798_fdfbd39c-aa59-4b23-a3ac-5f2ddfb5b1b8_1ab.jpg" to the project library...
2026-09-06T03:23:01.588Z [769b5113-4fcb-44d8-a843-fa68e5c450fe][8e8b4eea-e67e-48c2-9a20-218d03b22adb] Configuring video settings...
2026-09-06T03:23:01.626Z [769b5113-4fcb-44d8-a843-fa68e5c450fe][8e8b4eea-e67e-48c2-9a20-218d03b22adb] Mode: "videocam Video" already selected ✓
2026-09-06T03:23:02.126Z [c099bfbc-60d0-4bb4-94d9-7c9ebd746c5c][8e8b4eea-e67e-48c2-9a20-218d03b22adb] Downloaded 1/1: video_2026-09-06T03-22-58_01.mp4
2026-09-06T03:23:02.127Z [c099bfbc-60d0-4bb4-94d9-7c9ebd746c5c][8e8b4eea-e67e-48c2-9a20-218d03b22adb] ✅ 1 item(s) saved to Downloads/Win AI Toolkit/
2026-09-06T03:23:02.157Z [37d3cd43-2b68-4e95-95ce-c5d907265294][8e8b4eea-e67e-48c2-9a20-218d03b22adb] Start keyframe: upload finished ✓
2026-09-06T03:23:04.180Z [769b5113-4fcb-44d8-a843-fa68e5c450fe][8e8b4eea-e67e-48c2-9a20-218d03b22adb] Video type: selected "crop_free Frames" ✓
2026-09-06T03:23:05.356Z [769b5113-4fcb-44d8-a843-fa68e5c450fe][8e8b4eea-e67e-48c2-9a20-218d03b22adb] Model "Omni 1.1 Flash" already selected ✓ (chip reads "Omni 1.1 Flash")
2026-09-06T03:23:06.200Z [769b5113-4fcb-44d8-a843-fa68e5c450fe][8e8b4eea-e67e-48c2-9a20-218d03b22adb] Aspect ratio: "crop_16_9 16:9" already selected ✓
2026-09-06T03:23:06.284Z [769b5113-4fcb-44d8-a843-fa68e5c450fe][8e8b4eea-e67e-48c2-9a20-218d03b22adb] Video resolution: "720p" already selected ✓
2026-09-06T03:23:06.324Z [769b5113-4fcb-44d8-a843-fa68e5c450fe][8e8b4eea-e67e-48c2-9a20-218d03b22adb] Duration: "8s" already selected ✓
2026-09-06T03:23:06.351Z [769b5113-4fcb-44d8-a843-fa68e5c450fe][8e8b4eea-e67e-48c2-9a20-218d03b22adb] Output count: "x2" already selected ✓
2026-09-06T03:23:07.469Z [769b5113-4fcb-44d8-a843-fa68e5c450fe][8e8b4eea-e67e-48c2-9a20-218d03b22adb] Start keyframe: downloading from URL...
2026-09-06T03:23:07.827Z [769b5113-4fcb-44d8-a843-fa68e5c450fe][8e8b4eea-e67e-48c2-9a20-218d03b22adb] Downloader: no-proxy request context ready.
2026-09-06T03:23:08.279Z [769b5113-4fcb-44d8-a843-fa68e5c450fe][8e8b4eea-e67e-48c2-9a20-218d03b22adb] Start keyframe: saved 883935 bytes (image/jpeg) as "1788613754446_b67f71_fdfbd39c-aa59-4b23-a3ac-5f2ddfb5b1b8_098.jpg"
2026-09-06T03:23:08.329Z [769b5113-4fcb-44d8-a843-fa68e5c450fe][8e8b4eea-e67e-48c2-9a20-218d03b22adb] Start keyframe: setting start keyframe...
2026-09-06T03:23:10.285Z [769b5113-4fcb-44d8-a843-fa68e5c450fe][8e8b4eea-e67e-48c2-9a20-218d03b22adb] Start keyframe: "1788613754446_b67f71_fdfbd39c-aa59-4b23-a3ac-5f2ddfb5b1b8_098.jpg" not in the library yet — uploading it first.
2026-09-06T03:23:12.459Z [37d3cd43-2b68-4e95-95ce-c5d907265294][8e8b4eea-e67e-48c2-9a20-218d03b22adb] Start keyframe: start keyframe attached ✓
2026-09-06T03:23:12.474Z [37d3cd43-2b68-4e95-95ce-c5d907265294][8e8b4eea-e67e-48c2-9a20-218d03b22adb] Entering prompt...
2026-09-06T03:23:14.432Z [37d3cd43-2b68-4e95-95ce-c5d907265294][8e8b4eea-e67e-48c2-9a20-218d03b22adb] Prompt is 1492 chars — typing it in 31 chunk(s).
2026-09-06T03:23:14.865Z [769b5113-4fcb-44d8-a843-fa68e5c450fe][8e8b4eea-e67e-48c2-9a20-218d03b22adb] Start keyframe: uploading "1788613754446_b67f71_fdfbd39c-aa59-4b23-a3ac-5f2ddfb5b1b8_098.jpg" to the project library...
2026-09-06T03:23:15.936Z [769b5113-4fcb-44d8-a843-fa68e5c450fe][8e8b4eea-e67e-48c2-9a20-218d03b22adb] Start keyframe: upload finished ✓
2026-09-06T03:23:24.012Z [a200537a-1507-4042-aa4d-0f499ab2308c][8e8b4eea-e67e-48c2-9a20-218d03b22adb] Item 2 (try 1): 1080p saved via the UI download flow.
2026-09-06T03:23:24.057Z [a200537a-1507-4042-aa4d-0f499ab2308c][8e8b4eea-e67e-48c2-9a20-218d03b22adb] Item 2: upgraded to 1080p → D:\WINAI\Slow-English-with-Arlo_11_12_cmto8mrp\video_2026-09-06T03-21-36_02.mp4
2026-09-06T03:23:24.057Z [a200537a-1507-4042-aa4d-0f499ab2308c][8e8b4eea-e67e-48c2-9a20-218d03b22adb] Uploading 2 video(s) to Xanh...
2026-09-06T03:23:25.164Z [a200537a-1507-4042-aa4d-0f499ab2308c][8e8b4eea-e67e-48c2-9a20-218d03b22adb] Item 2: Re-uploaded 1080p → https://studio.xanhmedia.vn/uploads/2026-09/1788665004072_7412e9_8e8b4eea-e67e-48c2-9a20-218d03b22adb_a20.mp4
2026-09-06T03:23:26.264Z [769b5113-4fcb-44d8-a843-fa68e5c450fe][8e8b4eea-e67e-48c2-9a20-218d03b22adb] Start keyframe: start keyframe attached ✓
2026-09-06T03:23:26.277Z [769b5113-4fcb-44d8-a843-fa68e5c450fe][8e8b4eea-e67e-48c2-9a20-218d03b22adb] Entering prompt...
2026-09-06T03:23:28.144Z [769b5113-4fcb-44d8-a843-fa68e5c450fe][8e8b4eea-e67e-48c2-9a20-218d03b22adb] Prompt is 1567 chars — typing it in 29 chunk(s).
2026-09-06T03:23:28.272Z [37d3cd43-2b68-4e95-95ce-c5d907265294][8e8b4eea-e67e-48c2-9a20-218d03b22adb] Prompt insert attempt 1: editor has 1475 chars (want ~1488) ✓
2026-09-06T03:23:28.709Z [a200537a-1507-4042-aa4d-0f499ab2308c][8e8b4eea-e67e-48c2-9a20-218d03b22adb] Item 1: Re-uploaded 1080p → https://studio.xanhmedia.vn/uploads/2026-09/1788665007631_cce6e2_8e8b4eea-e67e-48c2-9a20-218d03b22adb_a20.mp4
2026-09-06T03:23:28.710Z [a200537a-1507-4042-aa4d-0f499ab2308c][8e8b4eea-e67e-48c2-9a20-218d03b22adb] ✅ 2 item(s) + 1080p saved to Downloads/Win AI Toolkit/
2026-09-06T03:23:28.713Z [a200537a-1507-4042-aa4d-0f499ab2308c][8e8b4eea-e67e-48c2-9a20-218d03b22adb] All done (including any 1080p upgrades). Closing Playwright browser context.
2026-09-06T03:23:29.811Z [37d3cd43-2b68-4e95-95ce-c5d907265294][8e8b4eea-e67e-48c2-9a20-218d03b22adb] Baseline: 50 pre-existing media tile(s) of 50 mounted (kinds: image,video,video,image,video,video,image,video,video,video,video,video,video,image,video,video,image,video,video,image,video,video,image,video,video,image,video,video,image,video,video,image,video,image,video,video,image,video,video,image,video,video,image,video,video,image,video,video,image,video).
2026-09-06T03:23:30.151Z [1f529354-64b5-4ef8-886d-1458249a1c82][8e8b4eea-e67e-48c2-9a20-218d03b22adb] runGeneration starting: task_id=1f529354-64b5-4ef8-886d-1458249a1c82, profile_id=8e8b4eea-e67e-48c2-9a20-218d03b22adb, target_site=google_flow
2026-09-06T03:23:30.153Z [1f529354-64b5-4ef8-886d-1458249a1c82][8e8b4eea-e67e-48c2-9a20-218d03b22adb] Opening Playwright browser with persistent profile cookies...
2026-09-06T03:23:30.153Z [1f529354-64b5-4ef8-886d-1458249a1c82][8e8b4eea-e67e-48c2-9a20-218d03b22adb] Browser engine: winhide (C:\Users\Admin\AppData\Roaming\com.tank.winai\winhide\chrome.exe) [hidden off-screen]
2026-09-06T03:23:30.154Z [1f529354-64b5-4ef8-886d-1458249a1c82][8e8b4eea-e67e-48c2-9a20-218d03b22adb] Launch mode: STEALTH (raw spawn + connectOverCDP)
2026-09-06T03:23:32.102Z [1f529354-64b5-4ef8-886d-1458249a1c82][8e8b4eea-e67e-48c2-9a20-218d03b22adb] Exit IP: 115.74.128.9
2026-09-06T03:23:32.103Z [1f529354-64b5-4ef8-886d-1458249a1c82][8e8b4eea-e67e-48c2-9a20-218d03b22adb] Navigating browser to Google Flow tools page...
2026-09-06T03:23:32.104Z [1f529354-64b5-4ef8-886d-1458249a1c82][8e8b4eea-e67e-48c2-9a20-218d03b22adb] Using existing project URL: https://flow.google.com/project/52188b41-ba09-4240-a569-98bde902989b?hl=en
2026-09-06T03:23:32.302Z [37d3cd43-2b68-4e95-95ce-c5d907265294][8e8b4eea-e67e-48c2-9a20-218d03b22adb] [submit] confirmed (editor "What do you want to ", fresh tile=true).
2026-09-06T03:23:32.971Z [1f529354-64b5-4ef8-886d-1458249a1c82][8e8b4eea-e67e-48c2-9a20-218d03b22adb] Waiting for Google Flow...
2026-09-06T03:23:33.033Z [37d3cd43-2b68-4e95-95ce-c5d907265294][8e8b4eea-e67e-48c2-9a20-218d03b22adb] Current Workspace project URL: https://flow.google.com/project/d7006cc3-f9c4-4856-98f4-89ac31f96398?hl=en
2026-09-06T03:23:33.034Z [37d3cd43-2b68-4e95-95ce-c5d907265294][8e8b4eea-e67e-48c2-9a20-218d03b22adb] Submitted ✓ Detecting batch size...
2026-09-06T03:23:33.050Z [37d3cd43-2b68-4e95-95ce-c5d907265294][8e8b4eea-e67e-48c2-9a20-218d03b22adb] New tile(s) since submit: 0 → 2 (mounted=50)
2026-09-06T03:23:34.493Z [1f529354-64b5-4ef8-886d-1458249a1c82][8e8b4eea-e67e-48c2-9a20-218d03b22adb] In existing project ✓
2026-09-06T03:23:35.579Z [1f529354-64b5-4ef8-886d-1458249a1c82][8e8b4eea-e67e-48c2-9a20-218d03b22adb] dismissPopups: unresolved overlay(s) ["IFRAME[presentation]|btns="]
2026-09-06T03:23:37.109Z [1f529354-64b5-4ef8-886d-1458249a1c82][8e8b4eea-e67e-48c2-9a20-218d03b22adb] Composer ready ✓ (UI language: en)
2026-09-06T03:23:37.132Z [1f529354-64b5-4ef8-886d-1458249a1c82][8e8b4eea-e67e-48c2-9a20-218d03b22adb] dismissPopups: unresolved overlay(s) ["DIV[]|btns=","DIV[]|btns="]
2026-09-06T03:23:37.154Z [1f529354-64b5-4ef8-886d-1458249a1c82][8e8b4eea-e67e-48c2-9a20-218d03b22adb] Agent toggle aria-pressed=false
2026-09-06T03:23:37.154Z [1f529354-64b5-4ef8-886d-1458249a1c82][8e8b4eea-e67e-48c2-9a20-218d03b22adb] Opening settings...
2026-09-06T03:23:37.235Z [37d3cd43-2b68-4e95-95ce-c5d907265294][8e8b4eea-e67e-48c2-9a20-218d03b22adb] Batch size stabilised at 2 new tile(s)
2026-09-06T03:23:37.235Z [37d3cd43-2b68-4e95-95ce-c5d907265294][8e8b4eea-e67e-48c2-9a20-218d03b22adb] Batch detected: 2 item(s). Generating...
2026-09-06T03:23:37.236Z [37d3cd43-2b68-4e95-95ce-c5d907265294][8e8b4eea-e67e-48c2-9a20-218d03b22adb] Polling for 2 video item(s) (baseline=50, hasUpload=true)...
2026-09-06T03:23:37.253Z [37d3cd43-2b68-4e95-95ce-c5d907265294][8e8b4eea-e67e-48c2-9a20-218d03b22adb] Generating... 0 ready, 0 failed / 2 total (0s) play_circle [HÀNH ĐỘ play_circle [HÀNH ĐỘ
2026-09-06T03:23:39.056Z [1f529354-64b5-4ef8-886d-1458249a1c82][8e8b4eea-e67e-48c2-9a20-218d03b22adb] Configuring video settings...
2026-09-06T03:23:39.083Z [1f529354-64b5-4ef8-886d-1458249a1c82][8e8b4eea-e67e-48c2-9a20-218d03b22adb] Mode: "videocam Video" already selected ✓
2026-09-06T03:23:40.303Z [37d3cd43-2b68-4e95-95ce-c5d907265294][8e8b4eea-e67e-48c2-9a20-218d03b22adb] Generating... 0 ready, 0 failed / 2 total (3s) play_circle [HÀNH ĐỘ play_circle [HÀNH ĐỘ
2026-09-06T03:23:40.815Z [769b5113-4fcb-44d8-a843-fa68e5c450fe][8e8b4eea-e67e-48c2-9a20-218d03b22adb] Prompt insert attempt 1: editor has 1552 chars (want ~1563) ✓
2026-09-06T03:23:41.991Z [1f529354-64b5-4ef8-886d-1458249a1c82][8e8b4eea-e67e-48c2-9a20-218d03b22adb] Video type: selected "crop_free Frames" ✓
2026-09-06T03:23:43.031Z [769b5113-4fcb-44d8-a843-fa68e5c450fe][8e8b4eea-e67e-48c2-9a20-218d03b22adb] Baseline: 50 pre-existing media tile(s) of 50 mounted (kinds: image,video,video,image,video,video,image,video,video,video,video,image,video,video,image,video,video,image,video,video,image,video,video,image,video,video,image,video,video,image,video,video,image,video,video,image,video,video,image,video,video,image,video,video,image,video,video,image,video,video).
2026-09-06T03:23:43.196Z [1f529354-64b5-4ef8-886d-1458249a1c82][8e8b4eea-e67e-48c2-9a20-218d03b22adb] Model "Omni 1.1 Flash" already selected ✓ (chip reads "Omni 1.1 Flash")
2026-09-06T03:23:43.320Z [37d3cd43-2b68-4e95-95ce-c5d907265294][8e8b4eea-e67e-48c2-9a20-218d03b22adb] Generating... 0 ready, 0 failed / 2 total (6s) play_circle [HÀNH ĐỘ play_circle [HÀNH ĐỘ
2026-09-06T03:23:44.202Z [1f529354-64b5-4ef8-886d-1458249a1c82][8e8b4eea-e67e-48c2-9a20-218d03b22adb] Aspect ratio: "crop_16_9 16:9" already selected ✓
2026-09-06T03:23:44.228Z [1f529354-64b5-4ef8-886d-1458249a1c82][8e8b4eea-e67e-48c2-9a20-218d03b22adb] Video resolution: "720p" already selected ✓
2026-09-06T03:23:44.259Z [1f529354-64b5-4ef8-886d-1458249a1c82][8e8b4eea-e67e-48c2-9a20-218d03b22adb] Duration: "8s" already selected ✓
2026-09-06T03:23:44.284Z [1f529354-64b5-4ef8-886d-1458249a1c82][8e8b4eea-e67e-48c2-9a20-218d03b22adb] Output count: "x2" already selected ✓
2026-09-06T03:23:44.960Z [769b5113-4fcb-44d8-a843-fa68e5c450fe][8e8b4eea-e67e-48c2-9a20-218d03b22adb] [submit] confirmed (editor "What do you want to ", fresh tile=true).
2026-09-06T03:23:45.282Z [1f529354-64b5-4ef8-886d-1458249a1c82][8e8b4eea-e67e-48c2-9a20-218d03b22adb] Start keyframe: downloading from URL...
2026-09-06T03:23:45.432Z [769b5113-4fcb-44d8-a843-fa68e5c450fe][8e8b4eea-e67e-48c2-9a20-218d03b22adb] Current Workspace project URL: https://flow.google.com/project/643b808f-7d88-45ee-a818-35d5f8e84fec?hl=en
2026-09-06T03:23:45.433Z [769b5113-4fcb-44d8-a843-fa68e5c450fe][8e8b4eea-e67e-48c2-9a20-218d03b22adb] Submitted ✓ Detecting batch size...
2026-09-06T03:23:45.483Z [769b5113-4fcb-44d8-a843-fa68e5c450fe][8e8b4eea-e67e-48c2-9a20-218d03b22adb] New tile(s) since submit: 0 → 2 (mounted=50)
2026-09-06T03:23:45.577Z [1f529354-64b5-4ef8-886d-1458249a1c82][8e8b4eea-e67e-48c2-9a20-218d03b22adb] Downloader: no-proxy request context ready.
2026-09-06T03:23:46.002Z [1f529354-64b5-4ef8-886d-1458249a1c82][8e8b4eea-e67e-48c2-9a20-218d03b22adb] Start keyframe: saved 852864 bytes (image/jpeg) as "1788613911029_50d53c_fdfbd39c-aa59-4b23-a3ac-5f2ddfb5b1b8_ac8.jpg"
2026-09-06T03:23:46.037Z [1f529354-64b5-4ef8-886d-1458249a1c82][8e8b4eea-e67e-48c2-9a20-218d03b22adb] Start keyframe: setting start keyframe...
2026-09-06T03:23:46.339Z [37d3cd43-2b68-4e95-95ce-c5d907265294][8e8b4eea-e67e-48c2-9a20-218d03b22adb] Generating... 0 ready, 0 failed / 2 total (9s) play_circle 0% [HÀNH play_circle 0% [HÀNH
2026-09-06T03:23:47.102Z [c099bfbc-60d0-4bb4-94d9-7c9ebd746c5c][8e8b4eea-e67e-48c2-9a20-218d03b22adb] Item 1 (try 1): 1080p saved via the UI download flow.
2026-09-06T03:23:47.190Z [c099bfbc-60d0-4bb4-94d9-7c9ebd746c5c][8e8b4eea-e67e-48c2-9a20-218d03b22adb] Item 1: upgraded to 1080p → D:\WINAI\Slow-English-with-Arlo_11_9_cmto8mro\video_2026-09-06T03-22-58_01.mp4
2026-09-06T03:23:47.190Z [c099bfbc-60d0-4bb4-94d9-7c9ebd746c5c][8e8b4eea-e67e-48c2-9a20-218d03b22adb] Uploading 1 video(s) to Xanh...
2026-09-06T03:23:48.123Z [1f529354-64b5-4ef8-886d-1458249a1c82][8e8b4eea-e67e-48c2-9a20-218d03b22adb] Start keyframe: "1788613911029_50d53c_fdfbd39c-aa59-4b23-a3ac-5f2ddfb5b1b8_ac8.jpg" not in the library yet — uploading it first.
2026-09-06T03:23:48.300Z [c099bfbc-60d0-4bb4-94d9-7c9ebd746c5c][8e8b4eea-e67e-48c2-9a20-218d03b22adb] Item 1: Re-uploaded 1080p → https://studio.xanhmedia.vn/uploads/2026-09/1788665027221_a776dd_8e8b4eea-e67e-48c2-9a20-218d03b22adb_c09.mp4
2026-09-06T03:23:48.300Z [c099bfbc-60d0-4bb4-94d9-7c9ebd746c5c][8e8b4eea-e67e-48c2-9a20-218d03b22adb] ✅ 1 item(s) + 1080p saved to Downloads/Win AI Toolkit/
2026-09-06T03:23:48.302Z [c099bfbc-60d0-4bb4-94d9-7c9ebd746c5c][8e8b4eea-e67e-48c2-9a20-218d03b22adb] All done (including any 1080p upgrades). Closing Playwright browser context.
2026-09-06T03:23:49.361Z [37d3cd43-2b68-4e95-95ce-c5d907265294][8e8b4eea-e67e-48c2-9a20-218d03b22adb] Generating... 0 ready, 0 failed / 2 total (12s) play_circle 3% [HÀNH play_circle 3% [HÀNH
2026-09-06T03:23:49.640Z [7655cad6-804f-43c1-aa23-fadc2aba5e05][8e8b4eea-e67e-48c2-9a20-218d03b22adb] runGeneration starting: task_id=7655cad6-804f-43c1-aa23-fadc2aba5e05, profile_id=8e8b4eea-e67e-48c2-9a20-218d03b22adb, target_site=google_flow
2026-09-06T03:23:49.642Z [7655cad6-804f-43c1-aa23-fadc2aba5e05][8e8b4eea-e67e-48c2-9a20-218d03b22adb] Opening Playwright browser with persistent profile cookies...
2026-09-06T03:23:49.642Z [7655cad6-804f-43c1-aa23-fadc2aba5e05][8e8b4eea-e67e-48c2-9a20-218d03b22adb] Browser engine: winhide (C:\Users\Admin\AppData\Roaming\com.tank.winai\winhide\chrome.exe) [hidden off-screen]
2026-09-06T03:23:49.644Z [7655cad6-804f-43c1-aa23-fadc2aba5e05][8e8b4eea-e67e-48c2-9a20-218d03b22adb] Launch mode: STEALTH (raw spawn + connectOverCDP)
2026-09-06T03:23:49.656Z [769b5113-4fcb-44d8-a843-fa68e5c450fe][8e8b4eea-e67e-48c2-9a20-218d03b22adb] Batch size stabilised at 2 new tile(s)
2026-09-06T03:23:49.657Z [769b5113-4fcb-44d8-a843-fa68e5c450fe][8e8b4eea-e67e-48c2-9a20-218d03b22adb] Batch detected: 2 item(s). Generating...
2026-09-06T03:23:49.657Z [769b5113-4fcb-44d8-a843-fa68e5c450fe][8e8b4eea-e67e-48c2-9a20-218d03b22adb] Polling for 2 video item(s) (baseline=50, hasUpload=true)...
2026-09-06T03:23:49.673Z [769b5113-4fcb-44d8-a843-fa68e5c450fe][8e8b4eea-e67e-48c2-9a20-218d03b22adb] Generating... 0 ready, 0 failed / 2 total (0s) play_circle [HÀNH ĐỘ play_circle [HÀNH ĐỘ
2026-09-06T03:23:51.282Z [7655cad6-804f-43c1-aa23-fadc2aba5e05][8e8b4eea-e67e-48c2-9a20-218d03b22adb] Exit IP: 115.74.128.9
2026-09-06T03:23:51.282Z [7655cad6-804f-43c1-aa23-fadc2aba5e05][8e8b4eea-e67e-48c2-9a20-218d03b22adb] Navigating browser to Google Flow tools page...
2026-09-06T03:23:51.283Z [7655cad6-804f-43c1-aa23-fadc2aba5e05][8e8b4eea-e67e-48c2-9a20-218d03b22adb] Using existing project URL: https://flow.google.com/project/5cd39577-897c-41b2-8dc8-7fabdd51c4ed?hl=en
2026-09-06T03:23:52.083Z [7655cad6-804f-43c1-aa23-fadc2aba5e05][8e8b4eea-e67e-48c2-9a20-218d03b22adb] Waiting for Google Flow...
2026-09-06T03:23:52.320Z [1f529354-64b5-4ef8-886d-1458249a1c82][8e8b4eea-e67e-48c2-9a20-218d03b22adb] Start keyframe: uploading "1788613911029_50d53c_fdfbd39c-aa59-4b23-a3ac-5f2ddfb5b1b8_ac8.jpg" to the project library...
2026-09-06T03:23:52.374Z [37d3cd43-2b68-4e95-95ce-c5d907265294][8e8b4eea-e67e-48c2-9a20-218d03b22adb] Generating... 0 ready, 0 failed / 2 total (15s) play_circle 5% [HÀNH play_circle 5% [HÀNH
2026-09-06T03:23:52.704Z [769b5113-4fcb-44d8-a843-fa68e5c450fe][8e8b4eea-e67e-48c2-9a20-218d03b22adb] Generating... 0 ready, 0 failed / 2 total (3s) play_circle [HÀNH ĐỘ play_circle [HÀNH ĐỘ
2026-09-06T03:23:53.498Z [1f529354-64b5-4ef8-886d-1458249a1c82][8e8b4eea-e67e-48c2-9a20-218d03b22adb] Start keyframe: upload finished ✓
2026-09-06T03:23:54.439Z [7655cad6-804f-43c1-aa23-fadc2aba5e05][8e8b4eea-e67e-48c2-9a20-218d03b22adb] In existing project ✓
2026-09-06T03:23:55.397Z [37d3cd43-2b68-4e95-95ce-c5d907265294][8e8b4eea-e67e-48c2-9a20-218d03b22adb] Generating... 0 ready, 0 failed / 2 total (18s) play_circle 7% [HÀNH play_circle 7% [HÀNH
2026-09-06T03:23:55.721Z [769b5113-4fcb-44d8-a843-fa68e5c450fe][8e8b4eea-e67e-48c2-9a20-218d03b22adb] Generating... 0 ready, 0 failed / 2 total (6s) play_circle [HÀNH ĐỘ play_circle [HÀNH ĐỘ
2026-09-06T03:23:56.306Z [7655cad6-804f-43c1-aa23-fadc2aba5e05][8e8b4eea-e67e-48c2-9a20-218d03b22adb] dismissPopups: unresolved overlay(s) ["DIV[]|btns=","DIV[]|btns="]
2026-09-06T03:23:56.377Z [7655cad6-804f-43c1-aa23-fadc2aba5e05][8e8b4eea-e67e-48c2-9a20-218d03b22adb] Composer ready ✓ (UI language: en)
2026-09-06T03:23:56.398Z [7655cad6-804f-43c1-aa23-fadc2aba5e05][8e8b4eea-e67e-48c2-9a20-218d03b22adb] dismissPopups: unresolved overlay(s) ["DIV[]|btns=","DIV[]|btns="]
2026-09-06T03:23:56.427Z [7655cad6-804f-43c1-aa23-fadc2aba5e05][8e8b4eea-e67e-48c2-9a20-218d03b22adb] Agent toggle aria-pressed=false
2026-09-06T03:23:56.428Z [7655cad6-804f-43c1-aa23-fadc2aba5e05][8e8b4eea-e67e-48c2-9a20-218d03b22adb] Opening settings...
2026-09-06T03:23:58.284Z [7655cad6-804f-43c1-aa23-fadc2aba5e05][8e8b4eea-e67e-48c2-9a20-218d03b22adb] Configuring video settings...
2026-09-06T03:23:58.317Z [7655cad6-804f-43c1-aa23-fadc2aba5e05][8e8b4eea-e67e-48c2-9a20-218d03b22adb] Mode: "videocam Video" already selected ✓
2026-09-06T03:23:58.422Z [37d3cd43-2b68-4e95-95ce-c5d907265294][8e8b4eea-e67e-48c2-9a20-218d03b22adb] Generating... 0 ready, 0 failed / 2 total (21s) play_circle 10% [HÀN play_circle 10% [HÀN
2026-09-06T03:23:58.740Z [769b5113-4fcb-44d8-a843-fa68e5c450fe][8e8b4eea-e67e-48c2-9a20-218d03b22adb] Generating... 0 ready, 0 failed / 2 total (9s) play_circle 1% [HÀNH play_circle 1% [HÀNH
2026-09-06T03:24:00.901Z [7655cad6-804f-43c1-aa23-fadc2aba5e05][8e8b4eea-e67e-48c2-9a20-218d03b22adb] Video type: selected "crop_free Frames" ✓
2026-09-06T03:24:01.440Z [37d3cd43-2b68-4e95-95ce-c5d907265294][8e8b4eea-e67e-48c2-9a20-218d03b22adb] Generating... 0 ready, 0 failed / 2 total (24s) play_circle 13% [HÀN play_circle 13% [HÀN
2026-09-06T03:24:01.680Z [7655cad6-804f-43c1-aa23-fadc2aba5e05][8e8b4eea-e67e-48c2-9a20-218d03b22adb] Model "Omni 1.1 Flash" already selected ✓ (chip reads "Omni 1.1 Flash")
2026-09-06T03:24:01.782Z [769b5113-4fcb-44d8-a843-fa68e5c450fe][8e8b4eea-e67e-48c2-9a20-218d03b22adb] Generating... 0 ready, 0 failed / 2 total (12s) play_circle 4% [HÀNH play_circle 4% [HÀNH
2026-09-06T03:24:02.573Z [7655cad6-804f-43c1-aa23-fadc2aba5e05][8e8b4eea-e67e-48c2-9a20-218d03b22adb] Aspect ratio: "crop_16_9 16:9" already selected ✓
2026-09-06T03:24:02.602Z [7655cad6-804f-43c1-aa23-fadc2aba5e05][8e8b4eea-e67e-48c2-9a20-218d03b22adb] Video resolution: "720p" already selected ✓
2026-09-06T03:24:02.638Z [7655cad6-804f-43c1-aa23-fadc2aba5e05][8e8b4eea-e67e-48c2-9a20-218d03b22adb] Duration: "8s" already selected ✓
2026-09-06T03:24:02.657Z [7655cad6-804f-43c1-aa23-fadc2aba5e05][8e8b4eea-e67e-48c2-9a20-218d03b22adb] Output count: "x2" already selected ✓
2026-09-06T03:24:03.518Z [7655cad6-804f-43c1-aa23-fadc2aba5e05][8e8b4eea-e67e-48c2-9a20-218d03b22adb] Start keyframe: downloading from URL...
2026-09-06T03:24:04.464Z [37d3cd43-2b68-4e95-95ce-c5d907265294][8e8b4eea-e67e-48c2-9a20-218d03b22adb] Generating... 0 ready, 0 failed / 2 total (27s) play_circle 16% [HÀN play_circle 16% [HÀN
2026-09-06T03:24:04.812Z [769b5113-4fcb-44d8-a843-fa68e5c450fe][8e8b4eea-e67e-48c2-9a20-218d03b22adb] Generating... 0 ready, 0 failed / 2 total (15s) play_circle 6% [HÀNH play_circle 6% [HÀNH
2026-09-06T03:24:05.788Z [7655cad6-804f-43c1-aa23-fadc2aba5e05][8e8b4eea-e67e-48c2-9a20-218d03b22adb] Downloader: no-proxy request context ready.
2026-09-06T03:24:06.065Z [1f529354-64b5-4ef8-886d-1458249a1c82][8e8b4eea-e67e-48c2-9a20-218d03b22adb] Start keyframe: start keyframe attached ✓
2026-09-06T03:24:06.075Z [1f529354-64b5-4ef8-886d-1458249a1c82][8e8b4eea-e67e-48c2-9a20-218d03b22adb] Entering prompt...
2026-09-06T03:24:06.224Z [7655cad6-804f-43c1-aa23-fadc2aba5e05][8e8b4eea-e67e-48c2-9a20-218d03b22adb] Start keyframe: saved 811637 bytes (image/jpeg) as "1788614210398_d8ff04_fdfbd39c-aa59-4b23-a3ac-5f2ddfb5b1b8_c2a.jpg"
2026-09-06T03:24:06.250Z [7655cad6-804f-43c1-aa23-fadc2aba5e05][8e8b4eea-e67e-48c2-9a20-218d03b22adb] Start keyframe: setting start keyframe...
2026-09-06T03:24:07.489Z [37d3cd43-2b68-4e95-95ce-c5d907265294][8e8b4eea-e67e-48c2-9a20-218d03b22adb] Generating... 0 ready, 0 failed / 2 total (30s) play_circle 17% [HÀN play_circle 18% [HÀN
2026-09-06T03:24:07.852Z [769b5113-4fcb-44d8-a843-fa68e5c450fe][8e8b4eea-e67e-48c2-9a20-218d03b22adb] Generating... 0 ready, 0 failed / 2 total (18s) play_circle 8% [HÀNH play_circle 9% [HÀNH
2026-09-06T03:24:08.061Z [1f529354-64b5-4ef8-886d-1458249a1c82][8e8b4eea-e67e-48c2-9a20-218d03b22adb] Prompt is 1372 chars — typing it in 26 chunk(s).
2026-09-06T03:24:08.098Z [7655cad6-804f-43c1-aa23-fadc2aba5e05][8e8b4eea-e67e-48c2-9a20-218d03b22adb] Start keyframe: "1788614210398_d8ff04_fdfbd39c-aa59-4b23-a3ac-5f2ddfb5b1b8_c2a.jpg" not in the library yet — uploading it first.
2026-09-06T03:24:10.503Z [37d3cd43-2b68-4e95-95ce-c5d907265294][8e8b4eea-e67e-48c2-9a20-218d03b22adb] Generating... 0 ready, 0 failed / 2 total (33s) play_circle 20% [HÀN play_circle 20% [HÀN
2026-09-06T03:24:10.870Z [769b5113-4fcb-44d8-a843-fa68e5c450fe][8e8b4eea-e67e-48c2-9a20-218d03b22adb] Generating... 0 ready, 0 failed / 2 total (21s) play_circle 11% [HÀN play_circle 11% [HÀN
2026-09-06T03:24:12.447Z [7655cad6-804f-43c1-aa23-fadc2aba5e05][8e8b4eea-e67e-48c2-9a20-218d03b22adb] Start keyframe: uploading "1788614210398_d8ff04_fdfbd39c-aa59-4b23-a3ac-5f2ddfb5b1b8_c2a.jpg" to the project library...
2026-09-06T03:24:13.356Z [7655cad6-804f-43c1-aa23-fadc2aba5e05][8e8b4eea-e67e-48c2-9a20-218d03b22adb] Start keyframe: upload finished ✓
2026-09-06T03:24:13.522Z [37d3cd43-2b68-4e95-95ce-c5d907265294][8e8b4eea-e67e-48c2-9a20-218d03b22adb] Generating... 0 ready, 0 failed / 2 total (36s) play_circle 22% [HÀN play_circle 22% [HÀN
2026-09-06T03:24:13.891Z [769b5113-4fcb-44d8-a843-fa68e5c450fe][8e8b4eea-e67e-48c2-9a20-218d03b22adb] Generating... 0 ready, 0 failed / 2 total (24s) play_circle 14% [HÀN play_circle 14% [HÀN
2026-09-06T03:24:16.538Z [37d3cd43-2b68-4e95-95ce-c5d907265294][8e8b4eea-e67e-48c2-9a20-218d03b22adb] Generating... 0 ready, 0 failed / 2 total (39s) play_circle 25% [HÀN play_circle 25% [HÀN
2026-09-06T03:24:16.918Z [769b5113-4fcb-44d8-a843-fa68e5c450fe][8e8b4eea-e67e-48c2-9a20-218d03b22adb] Generating... 0 ready, 0 failed / 2 total (27s) play_circle 17% [HÀN play_circle 17% [HÀN
2026-09-06T03:24:19.561Z [37d3cd43-2b68-4e95-95ce-c5d907265294][8e8b4eea-e67e-48c2-9a20-218d03b22adb] Generating... 0 ready, 0 failed / 2 total (42s) play_circle 100% [HÀ play_circle 28% [HÀN
2026-09-06T03:24:19.935Z [769b5113-4fcb-44d8-a843-fa68e5c450fe][8e8b4eea-e67e-48c2-9a20-218d03b22adb] Generating... 0 ready, 0 failed / 2 total (30s) play_circle 19% [HÀN play_circle 19% [HÀN
2026-09-06T03:24:20.593Z [1f529354-64b5-4ef8-886d-1458249a1c82][8e8b4eea-e67e-48c2-9a20-218d03b22adb] Prompt insert attempt 1: editor has 1357 chars (want ~1368) ✓
2026-09-06T03:24:22.511Z [1f529354-64b5-4ef8-886d-1458249a1c82][8e8b4eea-e67e-48c2-9a20-218d03b22adb] Baseline: 49 pre-existing media tile(s) of 49 mounted (kinds: image,video,video,image,video,video,image,video,video,video,video,video,video,image,video,video,image,video,video,image,video,video,image,video,video,image,video,video,image,video,video,image,video,video,image,video,video,image,video,video,image,video,video,image,image,video,video,image,video).
2026-09-06T03:24:22.585Z [37d3cd43-2b68-4e95-95ce-c5d907265294][8e8b4eea-e67e-48c2-9a20-218d03b22adb] Generating... 0 ready, 0 failed / 2 total (45s) play_circle 100% [HÀ play_circle 100% [HÀ
2026-09-06T03:24:22.914Z [7655cad6-804f-43c1-aa23-fadc2aba5e05][8e8b4eea-e67e-48c2-9a20-218d03b22adb] Start keyframe: start keyframe attached ✓
2026-09-06T03:24:22.926Z [7655cad6-804f-43c1-aa23-fadc2aba5e05][8e8b4eea-e67e-48c2-9a20-218d03b22adb] Entering prompt...
2026-09-06T03:24:22.954Z [769b5113-4fcb-44d8-a843-fa68e5c450fe][8e8b4eea-e67e-48c2-9a20-218d03b22adb] Generating... 0 ready, 0 failed / 2 total (33s) play_circle 21% [HÀN play_circle 21% [HÀN
2026-09-06T03:24:24.370Z [7655cad6-804f-43c1-aa23-fadc2aba5e05][8e8b4eea-e67e-48c2-9a20-218d03b22adb] Prompt is 1405 chars — typing it in 25 chunk(s).
2026-09-06T03:24:24.961Z [1f529354-64b5-4ef8-886d-1458249a1c82][8e8b4eea-e67e-48c2-9a20-218d03b22adb] [submit] confirmed (editor "What do you want to ", fresh tile=true).
2026-09-06T03:24:25.605Z [37d3cd43-2b68-4e95-95ce-c5d907265294][8e8b4eea-e67e-48c2-9a20-218d03b22adb] Generating... 0 ready, 0 failed / 2 total (48s) [HÀNH ĐỘNG]Arlo ngồi play_circle 100% [HÀ
2026-09-06T03:24:25.729Z [1f529354-64b5-4ef8-886d-1458249a1c82][8e8b4eea-e67e-48c2-9a20-218d03b22adb] Current Workspace project URL: https://flow.google.com/project/52188b41-ba09-4240-a569-98bde902989b?hl=en
2026-09-06T03:24:25.729Z [1f529354-64b5-4ef8-886d-1458249a1c82][8e8b4eea-e67e-48c2-9a20-218d03b22adb] Submitted ✓ Detecting batch size...
2026-09-06T03:24:25.740Z [1f529354-64b5-4ef8-886d-1458249a1c82][8e8b4eea-e67e-48c2-9a20-218d03b22adb] New tile(s) since submit: 0 → 2 (mounted=49)
2026-09-06T03:24:25.980Z [769b5113-4fcb-44d8-a843-fa68e5c450fe][8e8b4eea-e67e-48c2-9a20-218d03b22adb] Generating... 0 ready, 0 failed / 2 total (36s) play_circle 24% [HÀN play_circle 24% [HÀN
2026-09-06T03:24:28.620Z [37d3cd43-2b68-4e95-95ce-c5d907265294][8e8b4eea-e67e-48c2-9a20-218d03b22adb] Generating... 1 ready, 0 failed / 2 total (51s) [HÀNH ĐỘNG]Arlo ngồi
2026-09-06T03:24:28.995Z [769b5113-4fcb-44d8-a843-fa68e5c450fe][8e8b4eea-e67e-48c2-9a20-218d03b22adb] Generating... 0 ready, 0 failed / 2 total (39s) play_circle 25% [HÀN play_circle 25% [HÀN
2026-09-06T03:24:29.866Z [1f529354-64b5-4ef8-886d-1458249a1c82][8e8b4eea-e67e-48c2-9a20-218d03b22adb] Batch size stabilised at 2 new tile(s)
2026-09-06T03:24:29.866Z [1f529354-64b5-4ef8-886d-1458249a1c82][8e8b4eea-e67e-48c2-9a20-218d03b22adb] Batch detected: 2 item(s). Generating...
2026-09-06T03:24:29.867Z [1f529354-64b5-4ef8-886d-1458249a1c82][8e8b4eea-e67e-48c2-9a20-218d03b22adb] Polling for 2 video item(s) (baseline=49, hasUpload=true)...
2026-09-06T03:24:29.879Z [1f529354-64b5-4ef8-886d-1458249a1c82][8e8b4eea-e67e-48c2-9a20-218d03b22adb] Generating... 0 ready, 0 failed / 2 total (0s) play_circle [HÀNH ĐỘ play_circle [HÀNH ĐỘ
2026-09-06T03:24:31.634Z [37d3cd43-2b68-4e95-95ce-c5d907265294][8e8b4eea-e67e-48c2-9a20-218d03b22adb] Generating... 2 ready, 0 failed / 2 total (54s)
2026-09-06T03:24:31.634Z [37d3cd43-2b68-4e95-95ce-c5d907265294][8e8b4eea-e67e-48c2-9a20-218d03b22adb] Batch done: 2 ready (target 2), 0 failed, scanned 2.
2026-09-06T03:24:31.634Z [37d3cd43-2b68-4e95-95ce-c5d907265294][8e8b4eea-e67e-48c2-9a20-218d03b22adb] 2 item(s) ready! Downloading...
2026-09-06T03:24:31.635Z [37d3cd43-2b68-4e95-95ce-c5d907265294][8e8b4eea-e67e-48c2-9a20-218d03b22adb] Item 1: no video source on the tile yet — hovering it to mount one.
2026-09-06T03:24:32.014Z [769b5113-4fcb-44d8-a843-fa68e5c450fe][8e8b4eea-e67e-48c2-9a20-218d03b22adb] Generating... 0 ready, 0 failed / 2 total (42s) play_circle 29% [HÀN play_circle 100% [HÀ
2026-09-06T03:24:32.905Z [1f529354-64b5-4ef8-886d-1458249a1c82][8e8b4eea-e67e-48c2-9a20-218d03b22adb] Generating... 0 ready, 0 failed / 2 total (3s) play_circle [HÀNH ĐỘ play_circle [HÀNH ĐỘ
2026-09-06T03:24:33.122Z [37d3cd43-2b68-4e95-95ce-c5d907265294][8e8b4eea-e67e-48c2-9a20-218d03b22adb] Item 1: Downloading from URL https://flow-content.google/video/60be735e-5e7c-47c8-8945-c01d2c9787fb?Expires=1788686655&KeyName=labs-flow-prod-cdn-key&Signature=8Gx6h0qqs5GrxapUKiWbw5GzK_I
2026-09-06T03:24:34.619Z [37d3cd43-2b68-4e95-95ce-c5d907265294][8e8b4eea-e67e-48c2-9a20-218d03b22adb] Downloaded 1/2: video_2026-09-06T03-24-31_01.mp4
2026-09-06T03:24:34.620Z [37d3cd43-2b68-4e95-95ce-c5d907265294][8e8b4eea-e67e-48c2-9a20-218d03b22adb] Item 2: no video source on the tile yet — hovering it to mount one.
2026-09-06T03:24:35.037Z [769b5113-4fcb-44d8-a843-fa68e5c450fe][8e8b4eea-e67e-48c2-9a20-218d03b22adb] Generating... 0 ready, 0 failed / 2 total (45s) play_circle 100% [HÀ play_circle 100% [HÀ
2026-09-06T03:24:35.921Z [1f529354-64b5-4ef8-886d-1458249a1c82][8e8b4eea-e67e-48c2-9a20-218d03b22adb] Generating... 0 ready, 0 failed / 2 total (6s) play_circle 0% [HÀNH play_circle 0% [HÀNH
2026-09-06T03:24:35.956Z [7655cad6-804f-43c1-aa23-fadc2aba5e05][8e8b4eea-e67e-48c2-9a20-218d03b22adb] Prompt insert attempt 1: editor has 1392 chars (want ~1401) ✓
2026-09-06T03:24:36.252Z [37d3cd43-2b68-4e95-95ce-c5d907265294][8e8b4eea-e67e-48c2-9a20-218d03b22adb] Item 2: Downloading from URL https://flow-content.google/video/41b5e29a-0920-45e5-9aa7-4831a0d583ce?Expires=1788686660&KeyName=labs-flow-prod-cdn-key&Signature=7QgG78gqi1rMzV-fnYWQAYqQDk8
2026-09-06T03:24:37.854Z [37d3cd43-2b68-4e95-95ce-c5d907265294][8e8b4eea-e67e-48c2-9a20-218d03b22adb] Downloaded 2/2: video_2026-09-06T03-24-31_02.mp4
2026-09-06T03:24:37.854Z [37d3cd43-2b68-4e95-95ce-c5d907265294][8e8b4eea-e67e-48c2-9a20-218d03b22adb] ✅ 2 item(s) saved to Downloads/Win AI Toolkit/
2026-09-06T03:24:38.063Z [769b5113-4fcb-44d8-a843-fa68e5c450fe][8e8b4eea-e67e-48c2-9a20-218d03b22adb] Generating... 0 ready, 0 failed / 2 total (48s) play_circle 100% [HÀ [HÀNH ĐỘNG]Arlo rời 
2026-09-06T03:24:38.116Z [7655cad6-804f-43c1-aa23-fadc2aba5e05][8e8b4eea-e67e-48c2-9a20-218d03b22adb] Baseline: 50 pre-existing media tile(s) of 50 mounted (kinds: image,video,image,video,video,image,video,video,video,video,image,video,video,image,video,video,image,video,video,image,video,video,image,video,video,image,video,video,image,video,video,image,video,video,image,video,video,image,video,video,image,video,video,image,video,video,image,video,video,image).
2026-09-06T03:24:38.938Z [1f529354-64b5-4ef8-886d-1458249a1c82][8e8b4eea-e67e-48c2-9a20-218d03b22adb] Generating... 0 ready, 0 failed / 2 total (9s) play_circle 1% [HÀNH play_circle 1% [HÀNH
2026-09-06T03:24:40.314Z [7655cad6-804f-43c1-aa23-fadc2aba5e05][8e8b4eea-e67e-48c2-9a20-218d03b22adb] [submit] confirmed (editor "What do you want to ", fresh tile=true).
2026-09-06T03:24:41.085Z [7655cad6-804f-43c1-aa23-fadc2aba5e05][8e8b4eea-e67e-48c2-9a20-218d03b22adb] Current Workspace project URL: https://flow.google.com/project/5cd39577-897c-41b2-8dc8-7fabdd51c4ed?hl=en
2026-09-06T03:24:41.086Z [7655cad6-804f-43c1-aa23-fadc2aba5e05][8e8b4eea-e67e-48c2-9a20-218d03b22adb] Submitted ✓ Detecting batch size...
2026-09-06T03:24:41.087Z [769b5113-4fcb-44d8-a843-fa68e5c450fe][8e8b4eea-e67e-48c2-9a20-218d03b22adb] Generating... 1 ready, 0 failed / 2 total (51s) [HÀNH ĐỘNG]Arlo rời 
2026-09-06T03:24:41.103Z [7655cad6-804f-43c1-aa23-fadc2aba5e05][8e8b4eea-e67e-48c2-9a20-218d03b22adb] New tile(s) since submit: 0 → 2 (mounted=50)
2026-09-06T03:24:41.953Z [1f529354-64b5-4ef8-886d-1458249a1c82][8e8b4eea-e67e-48c2-9a20-218d03b22adb] Generating... 0 ready, 0 failed / 2 total (12s) play_circle 4% [HÀNH play_circle 4% [HÀNH
2026-09-06T03:24:44.102Z [769b5113-4fcb-44d8-a843-fa68e5c450fe][8e8b4eea-e67e-48c2-9a20-218d03b22adb] Generating... 2 ready, 0 failed / 2 total (54s)
2026-09-06T03:24:44.102Z [769b5113-4fcb-44d8-a843-fa68e5c450fe][8e8b4eea-e67e-48c2-9a20-218d03b22adb] Batch done: 2 ready (target 2), 0 failed, scanned 2.
2026-09-06T03:24:44.103Z [769b5113-4fcb-44d8-a843-fa68e5c450fe][8e8b4eea-e67e-48c2-9a20-218d03b22adb] 2 item(s) ready! Downloading...
2026-09-06T03:24:44.103Z [769b5113-4fcb-44d8-a843-fa68e5c450fe][8e8b4eea-e67e-48c2-9a20-218d03b22adb] Item 1: no video source on the tile yet — hovering it to mount one.
2026-09-06T03:24:44.972Z [1f529354-64b5-4ef8-886d-1458249a1c82][8e8b4eea-e67e-48c2-9a20-218d03b22adb] Generating... 0 ready, 0 failed / 2 total (15s) play_circle 7% [HÀNH play_circle 7% [HÀNH
2026-09-06T03:24:45.271Z [7655cad6-804f-43c1-aa23-fadc2aba5e05][8e8b4eea-e67e-48c2-9a20-218d03b22adb] Batch size stabilised at 2 new tile(s)
2026-09-06T03:24:45.272Z [7655cad6-804f-43c1-aa23-fadc2aba5e05][8e8b4eea-e67e-48c2-9a20-218d03b22adb] Batch detected: 2 item(s). Generating...
2026-09-06T03:24:45.272Z [7655cad6-804f-43c1-aa23-fadc2aba5e05][8e8b4eea-e67e-48c2-9a20-218d03b22adb] Polling for 2 video item(s) (baseline=50, hasUpload=true)...
2026-09-06T03:24:45.287Z [7655cad6-804f-43c1-aa23-fadc2aba5e05][8e8b4eea-e67e-48c2-9a20-218d03b22adb] Generating... 0 ready, 0 failed / 2 total (0s) play_circle [HÀNH ĐỘ play_circle [HÀNH ĐỘ
2026-09-06T03:24:45.730Z [769b5113-4fcb-44d8-a843-fa68e5c450fe][8e8b4eea-e67e-48c2-9a20-218d03b22adb] Item 1: Downloading from URL https://flow-content.google/video/bc7ea5cd-6300-4990-b13c-63f35d6b742e?Expires=1788686673&KeyName=labs-flow-prod-cdn-key&Signature=Qh0dLvhYogbRpLvclYLsTYpfiP4
2026-09-06T03:24:47.651Z [769b5113-4fcb-44d8-a843-fa68e5c450fe][8e8b4eea-e67e-48c2-9a20-218d03b22adb] Downloaded 1/2: video_2026-09-06T03-24-44_01.mp4
2026-09-06T03:24:47.652Z [769b5113-4fcb-44d8-a843-fa68e5c450fe][8e8b4eea-e67e-48c2-9a20-218d03b22adb] Item 2: no video source on the tile yet — hovering it to mount one.
2026-09-06T03:24:48.003Z [1f529354-64b5-4ef8-886d-1458249a1c82][8e8b4eea-e67e-48c2-9a20-218d03b22adb] Generating... 0 ready, 0 failed / 2 total (18s) play_circle 10% [HÀN play_circle 9% [HÀNH
2026-09-06T03:24:48.307Z [7655cad6-804f-43c1-aa23-fadc2aba5e05][8e8b4eea-e67e-48c2-9a20-218d03b22adb] Generating... 0 ready, 0 failed / 2 total (3s) play_circle [HÀNH ĐỘ play_circle [HÀNH ĐỘ
2026-09-06T03:24:49.463Z [769b5113-4fcb-44d8-a843-fa68e5c450fe][8e8b4eea-e67e-48c2-9a20-218d03b22adb] Item 2: Downloading from URL https://flow-content.google/video/74b3487e-7a52-491c-8b60-1d813a14f488?Expires=1788686668&KeyName=labs-flow-prod-cdn-key&Signature=AGBf0wRAjHhiJfWEUkgkp9jjPLY
2026-09-06T03:24:51.028Z [1f529354-64b5-4ef8-886d-1458249a1c82][8e8b4eea-e67e-48c2-9a20-218d03b22adb] Generating... 0 ready, 0 failed / 2 total (21s) play_circle 11% [HÀN play_circle 11% [HÀN
2026-09-06T03:24:51.319Z [769b5113-4fcb-44d8-a843-fa68e5c450fe][8e8b4eea-e67e-48c2-9a20-218d03b22adb] Downloaded 2/2: video_2026-09-06T03-24-44_02.mp4
2026-09-06T03:24:51.320Z [769b5113-4fcb-44d8-a843-fa68e5c450fe][8e8b4eea-e67e-48c2-9a20-218d03b22adb] ✅ 2 item(s) saved to Downloads/Win AI Toolkit/
2026-09-06T03:24:51.343Z [7655cad6-804f-43c1-aa23-fadc2aba5e05][8e8b4eea-e67e-48c2-9a20-218d03b22adb] Generating... 0 ready, 0 failed / 2 total (6s) play_circle [HÀNH ĐỘ play_circle [HÀNH ĐỘ
2026-09-06T03:24:54.052Z [1f529354-64b5-4ef8-886d-1458249a1c82][8e8b4eea-e67e-48c2-9a20-218d03b22adb] Generating... 0 ready, 0 failed / 2 total (24s) play_circle 14% [HÀN play_circle 14% [HÀN
2026-09-06T03:24:54.369Z [7655cad6-804f-43c1-aa23-fadc2aba5e05][8e8b4eea-e67e-48c2-9a20-218d03b22adb] Generating... 0 ready, 0 failed / 2 total (9s) play_circle 1% [HÀNH play_circle 1% [HÀNH
2026-09-06T03:24:57.081Z [1f529354-64b5-4ef8-886d-1458249a1c82][8e8b4eea-e67e-48c2-9a20-218d03b22adb] Generating... 0 ready, 0 failed / 2 total (27s) play_circle 17% [HÀN play_circle 17% [HÀN
2026-09-06T03:24:57.386Z [7655cad6-804f-43c1-aa23-fadc2aba5e05][8e8b4eea-e67e-48c2-9a20-218d03b22adb] Generating... 0 ready, 0 failed / 2 total (12s) play_circle 4% [HÀNH play_circle 4% [HÀNH
2026-09-06T03:25:00.097Z [1f529354-64b5-4ef8-886d-1458249a1c82][8e8b4eea-e67e-48c2-9a20-218d03b22adb] Generating... 0 ready, 0 failed / 2 total (30s) play_circle 19% [HÀN play_circle 19% [HÀN
2026-09-06T03:25:00.409Z [7655cad6-804f-43c1-aa23-fadc2aba5e05][8e8b4eea-e67e-48c2-9a20-218d03b22adb] Generating... 0 ready, 0 failed / 2 total (15s) play_circle 6% [HÀNH play_circle 6% [HÀNH
2026-09-06T03:25:03.123Z [1f529354-64b5-4ef8-886d-1458249a1c82][8e8b4eea-e67e-48c2-9a20-218d03b22adb] Generating... 0 ready, 0 failed / 2 total (33s) play_circle 21% [HÀN play_circle 22% [HÀN
2026-09-06T03:25:03.429Z [7655cad6-804f-43c1-aa23-fadc2aba5e05][8e8b4eea-e67e-48c2-9a20-218d03b22adb] Generating... 0 ready, 0 failed / 2 total (18s) play_circle 8% [HÀNH play_circle 8% [HÀNH
2026-09-06T03:25:06.144Z [1f529354-64b5-4ef8-886d-1458249a1c82][8e8b4eea-e67e-48c2-9a20-218d03b22adb] Generating... 0 ready, 0 failed / 2 total (36s) play_circle 24% [HÀN play_circle 24% [HÀN
2026-09-06T03:25:06.453Z [7655cad6-804f-43c1-aa23-fadc2aba5e05][8e8b4eea-e67e-48c2-9a20-218d03b22adb] Generating... 0 ready, 0 failed / 2 total (21s) play_circle 11% [HÀN play_circle 11% [HÀN
2026-09-06T03:25:09.169Z [1f529354-64b5-4ef8-886d-1458249a1c82][8e8b4eea-e67e-48c2-9a20-218d03b22adb] Generating... 0 ready, 0 failed / 2 total (39s) play_circle 27% [HÀN play_circle 27% [HÀN
2026-09-06T03:25:09.473Z [7655cad6-804f-43c1-aa23-fadc2aba5e05][8e8b4eea-e67e-48c2-9a20-218d03b22adb] Generating... 0 ready, 0 failed / 2 total (24s) play_circle 13% [HÀN play_circle 13% [HÀN
2026-09-06T03:25:12.190Z [1f529354-64b5-4ef8-886d-1458249a1c82][8e8b4eea-e67e-48c2-9a20-218d03b22adb] Generating... 0 ready, 0 failed / 2 total (42s) play_circle 100% [HÀ play_circle 100% [HÀ
2026-09-06T03:25:12.503Z [7655cad6-804f-43c1-aa23-fadc2aba5e05][8e8b4eea-e67e-48c2-9a20-218d03b22adb] Generating... 0 ready, 0 failed / 2 total (27s) play_circle 17% [HÀN play_circle 17% [HÀN
2026-09-06T03:25:15.225Z [1f529354-64b5-4ef8-886d-1458249a1c82][8e8b4eea-e67e-48c2-9a20-218d03b22adb] Generating... 0 ready, 0 failed / 2 total (45s) [HÀNH ĐỘNG]Nessa lấy [HÀNH ĐỘNG]Nessa lấy
2026-09-06T03:25:15.531Z [7655cad6-804f-43c1-aa23-fadc2aba5e05][8e8b4eea-e67e-48c2-9a20-218d03b22adb] Generating... 0 ready, 0 failed / 2 total (30s) play_circle 19% [HÀN play_circle 19% [HÀN
2026-09-06T03:25:18.063Z [37d3cd43-2b68-4e95-95ce-c5d907265294][8e8b4eea-e67e-48c2-9a20-218d03b22adb] Item 1 (try 1): 1080p saved via the UI download flow.
2026-09-06T03:25:18.115Z [37d3cd43-2b68-4e95-95ce-c5d907265294][8e8b4eea-e67e-48c2-9a20-218d03b22adb] Item 1: upgraded to 1080p → D:\WINAI\Slow-English-with-Arlo_11_13_cmto8mrp\video_2026-09-06T03-24-31_01.mp4
2026-09-06T03:25:18.250Z [1f529354-64b5-4ef8-886d-1458249a1c82][8e8b4eea-e67e-48c2-9a20-218d03b22adb] Generating... 2 ready, 0 failed / 2 total (48s)
2026-09-06T03:25:18.251Z [1f529354-64b5-4ef8-886d-1458249a1c82][8e8b4eea-e67e-48c2-9a20-218d03b22adb] Batch done: 2 ready (target 2), 0 failed, scanned 2.
2026-09-06T03:25:18.251Z [1f529354-64b5-4ef8-886d-1458249a1c82][8e8b4eea-e67e-48c2-9a20-218d03b22adb] 2 item(s) ready! Downloading...
2026-09-06T03:25:18.253Z [1f529354-64b5-4ef8-886d-1458249a1c82][8e8b4eea-e67e-48c2-9a20-218d03b22adb] Item 1: no video source on the tile yet — hovering it to mount one.
2026-09-06T03:25:18.554Z [7655cad6-804f-43c1-aa23-fadc2aba5e05][8e8b4eea-e67e-48c2-9a20-218d03b22adb] Generating... 0 ready, 0 failed / 2 total (33s) play_circle 21% [HÀN play_circle 21% [HÀN
2026-09-06T03:25:20.043Z [1f529354-64b5-4ef8-886d-1458249a1c82][8e8b4eea-e67e-48c2-9a20-218d03b22adb] Item 1: Downloading from URL https://flow-content.google/video/1f8bc0dd-3464-4995-a62e-5b9731650937?Expires=1788686708&KeyName=labs-flow-prod-cdn-key&Signature=QBvmK0VraAdww1NE6WUkh8-xbKY
2026-09-06T03:25:21.573Z [7655cad6-804f-43c1-aa23-fadc2aba5e05][8e8b4eea-e67e-48c2-9a20-218d03b22adb] Generating... 0 ready, 0 failed / 2 total (36s) play_circle 100% [HÀ play_circle 23% [HÀN
2026-09-06T03:25:21.815Z [1f529354-64b5-4ef8-886d-1458249a1c82][8e8b4eea-e67e-48c2-9a20-218d03b22adb] Downloaded 1/2: video_2026-09-06T03-25-18_01.mp4
2026-09-06T03:25:21.816Z [1f529354-64b5-4ef8-886d-1458249a1c82][8e8b4eea-e67e-48c2-9a20-218d03b22adb] Item 2: no video source on the tile yet — hovering it to mount one.
2026-09-06T03:25:23.369Z [1f529354-64b5-4ef8-886d-1458249a1c82][8e8b4eea-e67e-48c2-9a20-218d03b22adb] Item 2: Downloading from URL https://flow-content.google/video/46346da4-4d85-4da4-8a0f-06f376bcdca9?Expires=1788686708&KeyName=labs-flow-prod-cdn-key&Signature=g5CfEROoaU86h0sng-7pWSqp92g
2026-09-06T03:25:24.602Z [7655cad6-804f-43c1-aa23-fadc2aba5e05][8e8b4eea-e67e-48c2-9a20-218d03b22adb] Generating... 0 ready, 0 failed / 2 total (39s) play_circle 100% [HÀ play_circle 26% [HÀN
2026-09-06T03:25:24.853Z [1f529354-64b5-4ef8-886d-1458249a1c82][8e8b4eea-e67e-48c2-9a20-218d03b22adb] Downloaded 2/2: video_2026-09-06T03-25-18_02.mp4
2026-09-06T03:25:24.854Z [1f529354-64b5-4ef8-886d-1458249a1c82][8e8b4eea-e67e-48c2-9a20-218d03b22adb] ✅ 2 item(s) saved to Downloads/Win AI Toolkit/
2026-09-06T03:25:27.635Z [7655cad6-804f-43c1-aa23-fadc2aba5e05][8e8b4eea-e67e-48c2-9a20-218d03b22adb] Generating... 0 ready, 0 failed / 2 total (42s) [HÀNH ĐỘNG]Arlo lấy  play_circle 28% [HÀN
2026-09-06T03:25:30.652Z [7655cad6-804f-43c1-aa23-fadc2aba5e05][8e8b4eea-e67e-48c2-9a20-218d03b22adb] Generating... 1 ready, 0 failed / 2 total (45s) play_circle 32% [HÀN
2026-09-06T03:25:33.669Z [7655cad6-804f-43c1-aa23-fadc2aba5e05][8e8b4eea-e67e-48c2-9a20-218d03b22adb] Generating... 1 ready, 0 failed / 2 total (48s) play_circle 33% [HÀN
2026-09-06T03:25:36.607Z [769b5113-4fcb-44d8-a843-fa68e5c450fe][8e8b4eea-e67e-48c2-9a20-218d03b22adb] Item 1 (try 1): 1080p saved via the UI download flow.
2026-09-06T03:25:36.658Z [769b5113-4fcb-44d8-a843-fa68e5c450fe][8e8b4eea-e67e-48c2-9a20-218d03b22adb] Item 1: upgraded to 1080p → D:\WINAI\Slow-English-with-Arlo_11_14_cmto8mrp\video_2026-09-06T03-24-44_01.mp4
2026-09-06T03:25:36.690Z [7655cad6-804f-43c1-aa23-fadc2aba5e05][8e8b4eea-e67e-48c2-9a20-218d03b22adb] Generating... 1 ready, 0 failed / 2 total (51s) play_circle 36% [HÀN
2026-09-06T03:25:39.715Z [7655cad6-804f-43c1-aa23-fadc2aba5e05][8e8b4eea-e67e-48c2-9a20-218d03b22adb] Generating... 1 ready, 0 failed / 2 total (54s) play_circle 39% [HÀN
2026-09-06T03:25:42.737Z [7655cad6-804f-43c1-aa23-fadc2aba5e05][8e8b4eea-e67e-48c2-9a20-218d03b22adb] Generating... 1 ready, 0 failed / 2 total (57s) play_circle 100% [HÀ
2026-09-06T03:25:45.792Z [7655cad6-804f-43c1-aa23-fadc2aba5e05][8e8b4eea-e67e-48c2-9a20-218d03b22adb] Generating... 1 ready, 0 failed / 2 total (61s) [HÀNH ĐỘNG]Arlo lấy 
2026-09-06T03:25:48.808Z [7655cad6-804f-43c1-aa23-fadc2aba5e05][8e8b4eea-e67e-48c2-9a20-218d03b22adb] Generating... 2 ready, 0 failed / 2 total (64s)
2026-09-06T03:25:48.809Z [7655cad6-804f-43c1-aa23-fadc2aba5e05][8e8b4eea-e67e-48c2-9a20-218d03b22adb] Batch done: 2 ready (target 2), 0 failed, scanned 2.
2026-09-06T03:25:48.809Z [7655cad6-804f-43c1-aa23-fadc2aba5e05][8e8b4eea-e67e-48c2-9a20-218d03b22adb] 2 item(s) ready! Downloading...
2026-09-06T03:25:48.810Z [7655cad6-804f-43c1-aa23-fadc2aba5e05][8e8b4eea-e67e-48c2-9a20-218d03b22adb] Item 1: no video source on the tile yet — hovering it to mount one.
2026-09-06T03:25:50.548Z [7655cad6-804f-43c1-aa23-fadc2aba5e05][8e8b4eea-e67e-48c2-9a20-218d03b22adb] Item 1: Downloading from URL https://flow-content.google/video/ba2499f1-f739-4fc6-be35-18494a9bfd63?Expires=1788686719&KeyName=labs-flow-prod-cdn-key&Signature=9lO_0MyovnyzvZPK4bHYB7PPzEI
2026-09-06T03:25:51.915Z [7655cad6-804f-43c1-aa23-fadc2aba5e05][8e8b4eea-e67e-48c2-9a20-218d03b22adb] Downloaded 1/2: video_2026-09-06T03-25-48_01.mp4
2026-09-06T03:25:51.916Z [7655cad6-804f-43c1-aa23-fadc2aba5e05][8e8b4eea-e67e-48c2-9a20-218d03b22adb] Item 2: no video source on the tile yet — hovering it to mount one.
2026-09-06T03:25:53.646Z [7655cad6-804f-43c1-aa23-fadc2aba5e05][8e8b4eea-e67e-48c2-9a20-218d03b22adb] Item 2: Downloading from URL https://flow-content.google/video/25188fb9-08ec-43dd-8459-5d4ab9ea26f3?Expires=1788686739&KeyName=labs-flow-prod-cdn-key&Signature=XYQLeDHCPBcookYeSQKYcOCfA_E
2026-09-06T03:25:55.099Z [7655cad6-804f-43c1-aa23-fadc2aba5e05][8e8b4eea-e67e-48c2-9a20-218d03b22adb] Downloaded 2/2: video_2026-09-06T03-25-48_02.mp4
2026-09-06T03:25:55.100Z [7655cad6-804f-43c1-aa23-fadc2aba5e05][8e8b4eea-e67e-48c2-9a20-218d03b22adb] ✅ 2 item(s) saved to Downloads/Win AI Toolkit/
2026-09-06T03:26:10.239Z [1f529354-64b5-4ef8-886d-1458249a1c82][8e8b4eea-e67e-48c2-9a20-218d03b22adb] Item 1 (try 1): 1080p saved via the UI download flow.
2026-09-06T03:26:10.292Z [37d3cd43-2b68-4e95-95ce-c5d907265294][8e8b4eea-e67e-48c2-9a20-218d03b22adb] Item 2 (try 1): 1080p saved via the UI download flow.
2026-09-06T03:26:10.325Z [1f529354-64b5-4ef8-886d-1458249a1c82][8e8b4eea-e67e-48c2-9a20-218d03b22adb] Item 1: upgraded to 1080p → D:\WINAI\Slow-English-with-Arlo_11_15_cmto8mrp\video_2026-09-06T03-25-18_01.mp4
2026-09-06T03:26:10.400Z [37d3cd43-2b68-4e95-95ce-c5d907265294][8e8b4eea-e67e-48c2-9a20-218d03b22adb] Item 2: upgraded to 1080p → D:\WINAI\Slow-English-with-Arlo_11_13_cmto8mrp\video_2026-09-06T03-24-31_02.mp4
2026-09-06T03:26:10.400Z [37d3cd43-2b68-4e95-95ce-c5d907265294][8e8b4eea-e67e-48c2-9a20-218d03b22adb] Uploading 2 video(s) to Xanh...
2026-09-06T03:26:11.496Z [37d3cd43-2b68-4e95-95ce-c5d907265294][8e8b4eea-e67e-48c2-9a20-218d03b22adb] Item 1: Re-uploaded 1080p → https://studio.xanhmedia.vn/uploads/2026-09/1788665170404_eca497_8e8b4eea-e67e-48c2-9a20-218d03b22adb_37d.mp4
2026-09-06T03:26:12.366Z [769b5113-4fcb-44d8-a843-fa68e5c450fe][8e8b4eea-e67e-48c2-9a20-218d03b22adb] Item 2 (try 1): 1080p saved via the UI download flow.
2026-09-06T03:26:12.414Z [769b5113-4fcb-44d8-a843-fa68e5c450fe][8e8b4eea-e67e-48c2-9a20-218d03b22adb] Item 2: upgraded to 1080p → D:\WINAI\Slow-English-with-Arlo_11_14_cmto8mrp\video_2026-09-06T03-24-44_02.mp4
2026-09-06T03:26:12.414Z [769b5113-4fcb-44d8-a843-fa68e5c450fe][8e8b4eea-e67e-48c2-9a20-218d03b22adb] Uploading 2 video(s) to Xanh...
2026-09-06T03:26:12.945Z [37d3cd43-2b68-4e95-95ce-c5d907265294][8e8b4eea-e67e-48c2-9a20-218d03b22adb] Item 2: Re-uploaded 1080p → https://studio.xanhmedia.vn/uploads/2026-09/1788665171854_bd55b5_8e8b4eea-e67e-48c2-9a20-218d03b22adb_37d.mp4
2026-09-06T03:26:12.946Z [37d3cd43-2b68-4e95-95ce-c5d907265294][8e8b4eea-e67e-48c2-9a20-218d03b22adb] ✅ 2 item(s) + 1080p saved to Downloads/Win AI Toolkit/
2026-09-06T03:26:12.948Z [37d3cd43-2b68-4e95-95ce-c5d907265294][8e8b4eea-e67e-48c2-9a20-218d03b22adb] All done (including any 1080p upgrades). Closing Playwright browser context.
2026-09-06T03:26:13.401Z [769b5113-4fcb-44d8-a843-fa68e5c450fe][8e8b4eea-e67e-48c2-9a20-218d03b22adb] Item 1: Re-uploaded 1080p → https://studio.xanhmedia.vn/uploads/2026-09/1788665172304_322dc6_8e8b4eea-e67e-48c2-9a20-218d03b22adb_769.mp4
2026-09-06T03:26:14.088Z [769b5113-4fcb-44d8-a843-fa68e5c450fe][8e8b4eea-e67e-48c2-9a20-218d03b22adb] Item 2: Re-uploaded 1080p → https://studio.xanhmedia.vn/uploads/2026-09/1788665172994_aad29f_8e8b4eea-e67e-48c2-9a20-218d03b22adb_769.mp4
2026-09-06T03:26:14.088Z [769b5113-4fcb-44d8-a843-fa68e5c450fe][8e8b4eea-e67e-48c2-9a20-218d03b22adb] ✅ 2 item(s) + 1080p saved to Downloads/Win AI Toolkit/
2026-09-06T03:26:14.092Z [769b5113-4fcb-44d8-a843-fa68e5c450fe][8e8b4eea-e67e-48c2-9a20-218d03b22adb] All done (including any 1080p upgrades). Closing Playwright browser context.
2026-09-06T03:26:14.345Z [707b662f-d025-431d-bf1a-df0e6f9d5118][8e8b4eea-e67e-48c2-9a20-218d03b22adb] runGeneration starting: task_id=707b662f-d025-431d-bf1a-df0e6f9d5118, profile_id=8e8b4eea-e67e-48c2-9a20-218d03b22adb, target_site=google_flow
2026-09-06T03:26:14.346Z [bc788e77-5421-4a1c-8023-5eb9edd8192e][8e8b4eea-e67e-48c2-9a20-218d03b22adb] runGeneration starting: task_id=bc788e77-5421-4a1c-8023-5eb9edd8192e, profile_id=8e8b4eea-e67e-48c2-9a20-218d03b22adb, target_site=google_flow
2026-09-06T03:26:14.347Z [707b662f-d025-431d-bf1a-df0e6f9d5118][8e8b4eea-e67e-48c2-9a20-218d03b22adb] Opening Playwright browser with persistent profile cookies...
2026-09-06T03:26:14.348Z [bc788e77-5421-4a1c-8023-5eb9edd8192e][8e8b4eea-e67e-48c2-9a20-218d03b22adb] Opening Playwright browser with persistent profile cookies...
2026-09-06T03:26:14.349Z [707b662f-d025-431d-bf1a-df0e6f9d5118][8e8b4eea-e67e-48c2-9a20-218d03b22adb] Browser engine: winhide (C:\Users\Admin\AppData\Roaming\com.tank.winai\winhide\chrome.exe) [hidden off-screen]
2026-09-06T03:26:14.349Z [bc788e77-5421-4a1c-8023-5eb9edd8192e][8e8b4eea-e67e-48c2-9a20-218d03b22adb] Browser engine: winhide (C:\Users\Admin\AppData\Roaming\com.tank.winai\winhide\chrome.exe) [hidden off-screen]
2026-09-06T03:26:14.350Z [707b662f-d025-431d-bf1a-df0e6f9d5118][8e8b4eea-e67e-48c2-9a20-218d03b22adb] Launch mode: STEALTH (raw spawn + connectOverCDP)
2026-09-06T03:26:14.350Z [bc788e77-5421-4a1c-8023-5eb9edd8192e][8e8b4eea-e67e-48c2-9a20-218d03b22adb] Launch mode: STEALTH (raw spawn + connectOverCDP)
2026-09-06T03:26:17.333Z [707b662f-d025-431d-bf1a-df0e6f9d5118][8e8b4eea-e67e-48c2-9a20-218d03b22adb] Exit IP: 115.74.128.9
2026-09-06T03:26:17.333Z [707b662f-d025-431d-bf1a-df0e6f9d5118][8e8b4eea-e67e-48c2-9a20-218d03b22adb] Navigating browser to Google Flow tools page...
2026-09-06T03:26:17.334Z [707b662f-d025-431d-bf1a-df0e6f9d5118][8e8b4eea-e67e-48c2-9a20-218d03b22adb] Using existing project URL: https://flow.google.com/project/643b808f-7d88-45ee-a818-35d5f8e84fec?hl=en
2026-09-06T03:26:17.364Z [bc788e77-5421-4a1c-8023-5eb9edd8192e][8e8b4eea-e67e-48c2-9a20-218d03b22adb] Exit IP: 115.74.128.9
2026-09-06T03:26:17.364Z [bc788e77-5421-4a1c-8023-5eb9edd8192e][8e8b4eea-e67e-48c2-9a20-218d03b22adb] Navigating browser to Google Flow tools page...
2026-09-06T03:26:17.365Z [bc788e77-5421-4a1c-8023-5eb9edd8192e][8e8b4eea-e67e-48c2-9a20-218d03b22adb] Using existing project URL: https://flow.google.com/project/d7006cc3-f9c4-4856-98f4-89ac31f96398?hl=en
2026-09-06T03:26:18.343Z [707b662f-d025-431d-bf1a-df0e6f9d5118][8e8b4eea-e67e-48c2-9a20-218d03b22adb] Waiting for Google Flow...
2026-09-06T03:26:18.556Z [bc788e77-5421-4a1c-8023-5eb9edd8192e][8e8b4eea-e67e-48c2-9a20-218d03b22adb] Waiting for Google Flow...
2026-09-06T03:26:20.446Z [bc788e77-5421-4a1c-8023-5eb9edd8192e][8e8b4eea-e67e-48c2-9a20-218d03b22adb] In existing project ✓
2026-09-06T03:26:20.795Z [707b662f-d025-431d-bf1a-df0e6f9d5118][8e8b4eea-e67e-48c2-9a20-218d03b22adb] In existing project ✓
2026-09-06T03:26:21.516Z [bc788e77-5421-4a1c-8023-5eb9edd8192e][8e8b4eea-e67e-48c2-9a20-218d03b22adb] dismissPopups: unresolved overlay(s) ["IFRAME[presentation]|btns="]
2026-09-06T03:26:21.615Z [707b662f-d025-431d-bf1a-df0e6f9d5118][8e8b4eea-e67e-48c2-9a20-218d03b22adb] dismissPopups: unresolved overlay(s) ["IFRAME[presentation]|btns="]
2026-09-06T03:26:23.031Z [bc788e77-5421-4a1c-8023-5eb9edd8192e][8e8b4eea-e67e-48c2-9a20-218d03b22adb] Composer ready ✓ (UI language: en)
2026-09-06T03:26:23.052Z [bc788e77-5421-4a1c-8023-5eb9edd8192e][8e8b4eea-e67e-48c2-9a20-218d03b22adb] dismissPopups: unresolved overlay(s) ["DIV[]|btns=","DIV[]|btns="]
2026-09-06T03:26:23.077Z [bc788e77-5421-4a1c-8023-5eb9edd8192e][8e8b4eea-e67e-48c2-9a20-218d03b22adb] Agent toggle aria-pressed=false
2026-09-06T03:26:23.078Z [bc788e77-5421-4a1c-8023-5eb9edd8192e][8e8b4eea-e67e-48c2-9a20-218d03b22adb] Opening settings...
2026-09-06T03:26:25.149Z [bc788e77-5421-4a1c-8023-5eb9edd8192e][8e8b4eea-e67e-48c2-9a20-218d03b22adb] Configuring video settings...
2026-09-06T03:26:25.209Z [bc788e77-5421-4a1c-8023-5eb9edd8192e][8e8b4eea-e67e-48c2-9a20-218d03b22adb] Mode: "videocam Video" already selected ✓
2026-09-06T03:26:25.378Z [707b662f-d025-431d-bf1a-df0e6f9d5118][8e8b4eea-e67e-48c2-9a20-218d03b22adb] Composer ready ✓ (UI language: en)
2026-09-06T03:26:25.428Z [707b662f-d025-431d-bf1a-df0e6f9d5118][8e8b4eea-e67e-48c2-9a20-218d03b22adb] dismissPopups: unresolved overlay(s) ["DIV[]|btns=","DIV[]|btns="]
2026-09-06T03:26:25.500Z [707b662f-d025-431d-bf1a-df0e6f9d5118][8e8b4eea-e67e-48c2-9a20-218d03b22adb] Agent toggle aria-pressed=false
2026-09-06T03:26:25.500Z [707b662f-d025-431d-bf1a-df0e6f9d5118][8e8b4eea-e67e-48c2-9a20-218d03b22adb] Opening settings...
2026-09-06T03:26:27.145Z [707b662f-d025-431d-bf1a-df0e6f9d5118][8e8b4eea-e67e-48c2-9a20-218d03b22adb] Configuring video settings...
2026-09-06T03:26:27.180Z [707b662f-d025-431d-bf1a-df0e6f9d5118][8e8b4eea-e67e-48c2-9a20-218d03b22adb] Mode: "videocam Video" already selected ✓
2026-09-06T03:26:27.918Z [bc788e77-5421-4a1c-8023-5eb9edd8192e][8e8b4eea-e67e-48c2-9a20-218d03b22adb] Video type: selected "crop_free Frames" ✓
2026-09-06T03:26:29.204Z [bc788e77-5421-4a1c-8023-5eb9edd8192e][8e8b4eea-e67e-48c2-9a20-218d03b22adb] Model "Omni 1.1 Flash" already selected ✓ (chip reads "Omni 1.1 Flash")
2026-09-06T03:26:29.697Z [707b662f-d025-431d-bf1a-df0e6f9d5118][8e8b4eea-e67e-48c2-9a20-218d03b22adb] Video type: selected "crop_free Frames" ✓
2026-09-06T03:26:30.006Z [bc788e77-5421-4a1c-8023-5eb9edd8192e][8e8b4eea-e67e-48c2-9a20-218d03b22adb] Aspect ratio: "crop_16_9 16:9" already selected ✓
2026-09-06T03:26:30.029Z [bc788e77-5421-4a1c-8023-5eb9edd8192e][8e8b4eea-e67e-48c2-9a20-218d03b22adb] Video resolution: "720p" already selected ✓
2026-09-06T03:26:30.061Z [bc788e77-5421-4a1c-8023-5eb9edd8192e][8e8b4eea-e67e-48c2-9a20-218d03b22adb] Duration: "8s" already selected ✓
2026-09-06T03:26:30.080Z [bc788e77-5421-4a1c-8023-5eb9edd8192e][8e8b4eea-e67e-48c2-9a20-218d03b22adb] Output count: "x2" already selected ✓
2026-09-06T03:26:30.644Z [707b662f-d025-431d-bf1a-df0e6f9d5118][8e8b4eea-e67e-48c2-9a20-218d03b22adb] Model "Omni 1.1 Flash" already selected ✓ (chip reads "Omni 1.1 Flash")
2026-09-06T03:26:31.159Z [bc788e77-5421-4a1c-8023-5eb9edd8192e][8e8b4eea-e67e-48c2-9a20-218d03b22adb] Start keyframe: downloading from URL...
2026-09-06T03:26:31.360Z [bc788e77-5421-4a1c-8023-5eb9edd8192e][8e8b4eea-e67e-48c2-9a20-218d03b22adb] Downloader: no-proxy request context ready.
2026-09-06T03:26:31.410Z [707b662f-d025-431d-bf1a-df0e6f9d5118][8e8b4eea-e67e-48c2-9a20-218d03b22adb] Aspect ratio: "crop_16_9 16:9" already selected ✓
2026-09-06T03:26:31.440Z [707b662f-d025-431d-bf1a-df0e6f9d5118][8e8b4eea-e67e-48c2-9a20-218d03b22adb] Video resolution: "720p" already selected ✓
2026-09-06T03:26:31.472Z [707b662f-d025-431d-bf1a-df0e6f9d5118][8e8b4eea-e67e-48c2-9a20-218d03b22adb] Duration: "8s" already selected ✓
2026-09-06T03:26:31.493Z [707b662f-d025-431d-bf1a-df0e6f9d5118][8e8b4eea-e67e-48c2-9a20-218d03b22adb] Output count: "x2" already selected ✓
2026-09-06T03:26:31.728Z [bc788e77-5421-4a1c-8023-5eb9edd8192e][8e8b4eea-e67e-48c2-9a20-218d03b22adb] Start keyframe: saved 895448 bytes (image/jpeg) as "1788617556019_21f647_fdfbd39c-aa59-4b23-a3ac-5f2ddfb5b1b8_db7.jpg"
2026-09-06T03:26:31.751Z [bc788e77-5421-4a1c-8023-5eb9edd8192e][8e8b4eea-e67e-48c2-9a20-218d03b22adb] Start keyframe: setting start keyframe...
2026-09-06T03:26:32.415Z [707b662f-d025-431d-bf1a-df0e6f9d5118][8e8b4eea-e67e-48c2-9a20-218d03b22adb] Start keyframe: downloading from URL...
2026-09-06T03:26:32.704Z [707b662f-d025-431d-bf1a-df0e6f9d5118][8e8b4eea-e67e-48c2-9a20-218d03b22adb] Downloader: no-proxy request context ready.
2026-09-06T03:26:33.062Z [707b662f-d025-431d-bf1a-df0e6f9d5118][8e8b4eea-e67e-48c2-9a20-218d03b22adb] Start keyframe: saved 867511 bytes (image/jpeg) as "1788617695299_622ca0_fdfbd39c-aa59-4b23-a3ac-5f2ddfb5b1b8_1d4.jpg"
2026-09-06T03:26:33.081Z [707b662f-d025-431d-bf1a-df0e6f9d5118][8e8b4eea-e67e-48c2-9a20-218d03b22adb] Start keyframe: setting start keyframe...
2026-09-06T03:26:33.893Z [bc788e77-5421-4a1c-8023-5eb9edd8192e][8e8b4eea-e67e-48c2-9a20-218d03b22adb] Start keyframe: "1788617556019_21f647_fdfbd39c-aa59-4b23-a3ac-5f2ddfb5b1b8_db7.jpg" not in the library yet — uploading it first.
2026-09-06T03:26:35.234Z [707b662f-d025-431d-bf1a-df0e6f9d5118][8e8b4eea-e67e-48c2-9a20-218d03b22adb] Start keyframe: reusing library asset "1788617695299_622ca0_fdfbd39c-aa59-4b23-a3ac-5f2ddfb5b1b8_1d4.jpg" (no re-upload).
2026-09-06T03:26:38.045Z [bc788e77-5421-4a1c-8023-5eb9edd8192e][8e8b4eea-e67e-48c2-9a20-218d03b22adb] Start keyframe: uploading "1788617556019_21f647_fdfbd39c-aa59-4b23-a3ac-5f2ddfb5b1b8_db7.jpg" to the project library...
2026-09-06T03:26:38.495Z [707b662f-d025-431d-bf1a-df0e6f9d5118][8e8b4eea-e67e-48c2-9a20-218d03b22adb] Start keyframe: start keyframe attached ✓
2026-09-06T03:26:38.505Z [707b662f-d025-431d-bf1a-df0e6f9d5118][8e8b4eea-e67e-48c2-9a20-218d03b22adb] Entering prompt...
2026-09-06T03:26:38.815Z [bc788e77-5421-4a1c-8023-5eb9edd8192e][8e8b4eea-e67e-48c2-9a20-218d03b22adb] Start keyframe: upload finished ✓
2026-09-06T03:26:40.278Z [707b662f-d025-431d-bf1a-df0e6f9d5118][8e8b4eea-e67e-48c2-9a20-218d03b22adb] Prompt is 1312 chars — typing it in 25 chunk(s).
2026-09-06T03:26:41.373Z [7655cad6-804f-43c1-aa23-fadc2aba5e05][8e8b4eea-e67e-48c2-9a20-218d03b22adb] Item 1 (try 1): 1080p saved via the UI download flow.
2026-09-06T03:26:41.413Z [7655cad6-804f-43c1-aa23-fadc2aba5e05][8e8b4eea-e67e-48c2-9a20-218d03b22adb] Item 1: upgraded to 1080p → D:\WINAI\Slow-English-with-Arlo_11_16_cmto8mrp\video_2026-09-06T03-25-48_01.mp4
2026-09-06T03:26:48.960Z [bc788e77-5421-4a1c-8023-5eb9edd8192e][8e8b4eea-e67e-48c2-9a20-218d03b22adb] Start keyframe: start keyframe attached ✓
2026-09-06T03:26:48.974Z [bc788e77-5421-4a1c-8023-5eb9edd8192e][8e8b4eea-e67e-48c2-9a20-218d03b22adb] Entering prompt...
2026-09-06T03:26:50.536Z [bc788e77-5421-4a1c-8023-5eb9edd8192e][8e8b4eea-e67e-48c2-9a20-218d03b22adb] Prompt is 1602 chars — typing it in 31 chunk(s).
2026-09-06T03:26:51.229Z [707b662f-d025-431d-bf1a-df0e6f9d5118][8e8b4eea-e67e-48c2-9a20-218d03b22adb] Prompt insert attempt 1: editor has 1299 chars (want ~1308) ✓
2026-09-06T03:26:53.011Z [707b662f-d025-431d-bf1a-df0e6f9d5118][8e8b4eea-e67e-48c2-9a20-218d03b22adb] Baseline: 50 pre-existing media tile(s) of 50 mounted (kinds: video,video,image,video,video,image,video,video,image,video,video,video,video,image,video,video,image,video,video,image,video,video,image,video,video,image,video,video,image,video,video,image,video,video,image,video,video,image,video,video,image,video,video,image,video,video,image,video,video,image).
2026-09-06T03:26:55.148Z [707b662f-d025-431d-bf1a-df0e6f9d5118][8e8b4eea-e67e-48c2-9a20-218d03b22adb] [submit] confirmed (editor "What do you want to ", fresh tile=true).
2026-09-06T03:26:55.674Z [707b662f-d025-431d-bf1a-df0e6f9d5118][8e8b4eea-e67e-48c2-9a20-218d03b22adb] Current Workspace project URL: https://flow.google.com/project/643b808f-7d88-45ee-a818-35d5f8e84fec?hl=en
2026-09-06T03:26:55.675Z [707b662f-d025-431d-bf1a-df0e6f9d5118][8e8b4eea-e67e-48c2-9a20-218d03b22adb] Submitted ✓ Detecting batch size...
2026-09-06T03:26:55.688Z [707b662f-d025-431d-bf1a-df0e6f9d5118][8e8b4eea-e67e-48c2-9a20-218d03b22adb] New tile(s) since submit: 0 → 2 (mounted=50)
2026-09-06T03:26:56.047Z [1f529354-64b5-4ef8-886d-1458249a1c82][8e8b4eea-e67e-48c2-9a20-218d03b22adb] Item 2 (try 1): 1080p saved via the UI download flow.
2026-09-06T03:26:56.090Z [1f529354-64b5-4ef8-886d-1458249a1c82][8e8b4eea-e67e-48c2-9a20-218d03b22adb] Item 2: upgraded to 1080p → D:\WINAI\Slow-English-with-Arlo_11_15_cmto8mrp\video_2026-09-06T03-25-18_02.mp4
2026-09-06T03:26:56.090Z [1f529354-64b5-4ef8-886d-1458249a1c82][8e8b4eea-e67e-48c2-9a20-218d03b22adb] Uploading 2 video(s) to Xanh...
2026-09-06T03:26:56.973Z [1f529354-64b5-4ef8-886d-1458249a1c82][8e8b4eea-e67e-48c2-9a20-218d03b22adb] Item 2: Re-uploaded 1080p → https://studio.xanhmedia.vn/uploads/2026-09/1788665215892_6c9d1a_8e8b4eea-e67e-48c2-9a20-218d03b22adb_1f5.mp4
2026-09-06T03:26:59.889Z [707b662f-d025-431d-bf1a-df0e6f9d5118][8e8b4eea-e67e-48c2-9a20-218d03b22adb] Batch size stabilised at 2 new tile(s)
2026-09-06T03:26:59.890Z [707b662f-d025-431d-bf1a-df0e6f9d5118][8e8b4eea-e67e-48c2-9a20-218d03b22adb] Batch detected: 2 item(s). Generating...
2026-09-06T03:26:59.890Z [707b662f-d025-431d-bf1a-df0e6f9d5118][8e8b4eea-e67e-48c2-9a20-218d03b22adb] Polling for 2 video item(s) (baseline=50, hasUpload=true)...
2026-09-06T03:26:59.900Z [707b662f-d025-431d-bf1a-df0e6f9d5118][8e8b4eea-e67e-48c2-9a20-218d03b22adb] Generating... 0 ready, 0 failed / 2 total (0s) play_circle [HÀNH ĐỘ play_circle [HÀNH ĐỘ
2026-09-06T03:26:59.920Z [1f529354-64b5-4ef8-886d-1458249a1c82][8e8b4eea-e67e-48c2-9a20-218d03b22adb] Item 1: Re-uploaded 1080p → https://studio.xanhmedia.vn/uploads/2026-09/1788665218842_bf2f2e_8e8b4eea-e67e-48c2-9a20-218d03b22adb_1f5.mp4
2026-09-06T03:26:59.921Z [1f529354-64b5-4ef8-886d-1458249a1c82][8e8b4eea-e67e-48c2-9a20-218d03b22adb] ✅ 2 item(s) + 1080p saved to Downloads/Win AI Toolkit/
2026-09-06T03:26:59.925Z [1f529354-64b5-4ef8-886d-1458249a1c82][8e8b4eea-e67e-48c2-9a20-218d03b22adb] All done (including any 1080p upgrades). Closing Playwright browser context.
2026-09-06T03:27:01.018Z [76cbe9af-158c-4135-aff7-1741679684fc][8e8b4eea-e67e-48c2-9a20-218d03b22adb] runGeneration starting: task_id=76cbe9af-158c-4135-aff7-1741679684fc, profile_id=8e8b4eea-e67e-48c2-9a20-218d03b22adb, target_site=google_flow
2026-09-06T03:27:01.019Z [76cbe9af-158c-4135-aff7-1741679684fc][8e8b4eea-e67e-48c2-9a20-218d03b22adb] Opening Playwright browser with persistent profile cookies...
2026-09-06T03:27:01.020Z [76cbe9af-158c-4135-aff7-1741679684fc][8e8b4eea-e67e-48c2-9a20-218d03b22adb] Browser engine: winhide (C:\Users\Admin\AppData\Roaming\com.tank.winai\winhide\chrome.exe) [hidden off-screen]
2026-09-06T03:27:01.022Z [76cbe9af-158c-4135-aff7-1741679684fc][8e8b4eea-e67e-48c2-9a20-218d03b22adb] Launch mode: STEALTH (raw spawn + connectOverCDP)
2026-09-06T03:27:02.562Z [76cbe9af-158c-4135-aff7-1741679684fc][8e8b4eea-e67e-48c2-9a20-218d03b22adb] Exit IP: 115.74.128.9
2026-09-06T03:27:02.562Z [76cbe9af-158c-4135-aff7-1741679684fc][8e8b4eea-e67e-48c2-9a20-218d03b22adb] Navigating browser to Google Flow tools page...
2026-09-06T03:27:02.563Z [76cbe9af-158c-4135-aff7-1741679684fc][8e8b4eea-e67e-48c2-9a20-218d03b22adb] Using existing project URL: https://flow.google.com/project/52188b41-ba09-4240-a569-98bde902989b?hl=en
2026-09-06T03:27:02.927Z [707b662f-d025-431d-bf1a-df0e6f9d5118][8e8b4eea-e67e-48c2-9a20-218d03b22adb] Generating... 0 ready, 0 failed / 2 total (3s) play_circle [HÀNH ĐỘ play_circle [HÀNH ĐỘ
2026-09-06T03:27:03.501Z [76cbe9af-158c-4135-aff7-1741679684fc][8e8b4eea-e67e-48c2-9a20-218d03b22adb] Waiting for Google Flow...
2026-09-06T03:27:05.247Z [bc788e77-5421-4a1c-8023-5eb9edd8192e][8e8b4eea-e67e-48c2-9a20-218d03b22adb] Prompt insert attempt 1: editor has 1585 chars (want ~1598) ✓
2026-09-06T03:27:05.567Z [76cbe9af-158c-4135-aff7-1741679684fc][8e8b4eea-e67e-48c2-9a20-218d03b22adb] In existing project ✓
2026-09-06T03:27:05.945Z [707b662f-d025-431d-bf1a-df0e6f9d5118][8e8b4eea-e67e-48c2-9a20-218d03b22adb] Generating... 0 ready, 0 failed / 2 total (6s) play_circle [HÀNH ĐỘ play_circle [HÀNH ĐỘ
2026-09-06T03:27:06.392Z [76cbe9af-158c-4135-aff7-1741679684fc][8e8b4eea-e67e-48c2-9a20-218d03b22adb] dismissPopups: unresolved overlay(s) ["IFRAME[presentation]|btns="]
2026-09-06T03:27:07.394Z [bc788e77-5421-4a1c-8023-5eb9edd8192e][8e8b4eea-e67e-48c2-9a20-218d03b22adb] Baseline: 50 pre-existing media tile(s) of 50 mounted (kinds: image,video,video,image,video,video,image,video,video,image,video,video,video,video,video,video,image,video,video,image,video,video,image,video,video,image,video,video,image,video,video,image,video,video,image,video,image,video,video,image,video,video,image,video,video,image,video,video,image,video).
2026-09-06T03:27:07.635Z [76cbe9af-158c-4135-aff7-1741679684fc][8e8b4eea-e67e-48c2-9a20-218d03b22adb] Composer ready ✓ (UI language: en)
2026-09-06T03:27:07.653Z [76cbe9af-158c-4135-aff7-1741679684fc][8e8b4eea-e67e-48c2-9a20-218d03b22adb] dismissPopups: unresolved overlay(s) ["DIV[]|btns=","DIV[]|btns="]
2026-09-06T03:27:07.666Z [76cbe9af-158c-4135-aff7-1741679684fc][8e8b4eea-e67e-48c2-9a20-218d03b22adb] Agent toggle aria-pressed=false
2026-09-06T03:27:07.666Z [76cbe9af-158c-4135-aff7-1741679684fc][8e8b4eea-e67e-48c2-9a20-218d03b22adb] Opening settings...
2026-09-06T03:27:08.958Z [707b662f-d025-431d-bf1a-df0e6f9d5118][8e8b4eea-e67e-48c2-9a20-218d03b22adb] Generating... 0 ready, 0 failed / 2 total (9s) play_circle 1% [HÀNH play_circle 1% [HÀNH
2026-09-06T03:27:09.716Z [bc788e77-5421-4a1c-8023-5eb9edd8192e][8e8b4eea-e67e-48c2-9a20-218d03b22adb] [submit] confirmed (editor "What do you want to ", fresh tile=true).
2026-09-06T03:27:09.889Z [76cbe9af-158c-4135-aff7-1741679684fc][8e8b4eea-e67e-48c2-9a20-218d03b22adb] Configuring video settings...
2026-09-06T03:27:09.928Z [76cbe9af-158c-4135-aff7-1741679684fc][8e8b4eea-e67e-48c2-9a20-218d03b22adb] Mode: "videocam Video" already selected ✓
2026-09-06T03:27:10.192Z [bc788e77-5421-4a1c-8023-5eb9edd8192e][8e8b4eea-e67e-48c2-9a20-218d03b22adb] Current Workspace project URL: https://flow.google.com/project/d7006cc3-f9c4-4856-98f4-89ac31f96398?hl=en
2026-09-06T03:27:10.192Z [bc788e77-5421-4a1c-8023-5eb9edd8192e][8e8b4eea-e67e-48c2-9a20-218d03b22adb] Submitted ✓ Detecting batch size...
2026-09-06T03:27:10.205Z [bc788e77-5421-4a1c-8023-5eb9edd8192e][8e8b4eea-e67e-48c2-9a20-218d03b22adb] New tile(s) since submit: 0 → 2 (mounted=50)
2026-09-06T03:27:11.978Z [707b662f-d025-431d-bf1a-df0e6f9d5118][8e8b4eea-e67e-48c2-9a20-218d03b22adb] Generating... 0 ready, 0 failed / 2 total (12s) play_circle 2% [HÀNH play_circle 3% [HÀNH
2026-09-06T03:27:12.163Z [76cbe9af-158c-4135-aff7-1741679684fc][8e8b4eea-e67e-48c2-9a20-218d03b22adb] Video type: selected "crop_free Frames" ✓
2026-09-06T03:27:13.212Z [76cbe9af-158c-4135-aff7-1741679684fc][8e8b4eea-e67e-48c2-9a20-218d03b22adb] Model "Omni 1.1 Flash" already selected ✓ (chip reads "Omni 1.1 Flash")
2026-09-06T03:27:13.876Z [76cbe9af-158c-4135-aff7-1741679684fc][8e8b4eea-e67e-48c2-9a20-218d03b22adb] Aspect ratio: "crop_16_9 16:9" already selected ✓
2026-09-06T03:27:13.899Z [76cbe9af-158c-4135-aff7-1741679684fc][8e8b4eea-e67e-48c2-9a20-218d03b22adb] Video resolution: "720p" already selected ✓
2026-09-06T03:27:13.931Z [76cbe9af-158c-4135-aff7-1741679684fc][8e8b4eea-e67e-48c2-9a20-218d03b22adb] Duration: "8s" already selected ✓
2026-09-06T03:27:13.957Z [76cbe9af-158c-4135-aff7-1741679684fc][8e8b4eea-e67e-48c2-9a20-218d03b22adb] Output count: "x2" already selected ✓
2026-09-06T03:27:14.345Z [bc788e77-5421-4a1c-8023-5eb9edd8192e][8e8b4eea-e67e-48c2-9a20-218d03b22adb] Batch size stabilised at 2 new tile(s)
2026-09-06T03:27:14.346Z [bc788e77-5421-4a1c-8023-5eb9edd8192e][8e8b4eea-e67e-48c2-9a20-218d03b22adb] Batch detected: 2 item(s). Generating...
2026-09-06T03:27:14.346Z [bc788e77-5421-4a1c-8023-5eb9edd8192e][8e8b4eea-e67e-48c2-9a20-218d03b22adb] Polling for 2 video item(s) (baseline=50, hasUpload=true)...
2026-09-06T03:27:14.355Z [bc788e77-5421-4a1c-8023-5eb9edd8192e][8e8b4eea-e67e-48c2-9a20-218d03b22adb] Generating... 0 ready, 0 failed / 2 total (0s) play_circle [HÀNH ĐỘ play_circle [HÀNH ĐỘ
2026-09-06T03:27:14.996Z [707b662f-d025-431d-bf1a-df0e6f9d5118][8e8b4eea-e67e-48c2-9a20-218d03b22adb] Generating... 0 ready, 0 failed / 2 total (15s) play_circle 6% [HÀNH play_circle 5% [HÀNH
2026-09-06T03:27:15.196Z [76cbe9af-158c-4135-aff7-1741679684fc][8e8b4eea-e67e-48c2-9a20-218d03b22adb] Start keyframe: downloading from URL...
2026-09-06T03:27:15.407Z [76cbe9af-158c-4135-aff7-1741679684fc][8e8b4eea-e67e-48c2-9a20-218d03b22adb] Downloader: no-proxy request context ready.
2026-09-06T03:27:15.860Z [76cbe9af-158c-4135-aff7-1741679684fc][8e8b4eea-e67e-48c2-9a20-218d03b22adb] Start keyframe: saved 913266 bytes (image/jpeg) as "1788617862880_ec75d2_fdfbd39c-aa59-4b23-a3ac-5f2ddfb5b1b8_895.jpg"
2026-09-06T03:27:15.883Z [76cbe9af-158c-4135-aff7-1741679684fc][8e8b4eea-e67e-48c2-9a20-218d03b22adb] Start keyframe: setting start keyframe...
2026-09-06T03:27:17.379Z [bc788e77-5421-4a1c-8023-5eb9edd8192e][8e8b4eea-e67e-48c2-9a20-218d03b22adb] Generating... 0 ready, 0 failed / 2 total (3s) play_circle [HÀNH ĐỘ play_circle [HÀNH ĐỘ
2026-09-06T03:27:17.798Z [76cbe9af-158c-4135-aff7-1741679684fc][8e8b4eea-e67e-48c2-9a20-218d03b22adb] Start keyframe: reusing library asset "1788617862880_ec75d2_fdfbd39c-aa59-4b23-a3ac-5f2ddfb5b1b8_895.jpg" (no re-upload).
2026-09-06T03:27:18.014Z [707b662f-d025-431d-bf1a-df0e6f9d5118][8e8b4eea-e67e-48c2-9a20-218d03b22adb] Generating... 0 ready, 0 failed / 2 total (18s) play_circle 8% [HÀNH play_circle 8% [HÀNH
2026-09-06T03:27:20.397Z [bc788e77-5421-4a1c-8023-5eb9edd8192e][8e8b4eea-e67e-48c2-9a20-218d03b22adb] Generating... 0 ready, 0 failed / 2 total (6s) play_circle [HÀNH ĐỘ play_circle [HÀNH ĐỘ
2026-09-06T03:27:21.031Z [707b662f-d025-431d-bf1a-df0e6f9d5118][8e8b4eea-e67e-48c2-9a20-218d03b22adb] Generating... 0 ready, 0 failed / 2 total (21s) play_circle 10% [HÀN play_circle 11% [HÀN
2026-09-06T03:27:21.267Z [76cbe9af-158c-4135-aff7-1741679684fc][8e8b4eea-e67e-48c2-9a20-218d03b22adb] Start keyframe: start keyframe attached ✓
2026-09-06T03:27:21.281Z [76cbe9af-158c-4135-aff7-1741679684fc][8e8b4eea-e67e-48c2-9a20-218d03b22adb] Entering prompt...
2026-09-06T03:27:23.364Z [76cbe9af-158c-4135-aff7-1741679684fc][8e8b4eea-e67e-48c2-9a20-218d03b22adb] Prompt is 1609 chars — typing it in 30 chunk(s).
2026-09-06T03:27:23.413Z [bc788e77-5421-4a1c-8023-5eb9edd8192e][8e8b4eea-e67e-48c2-9a20-218d03b22adb] Generating... 0 ready, 0 failed / 2 total (9s) play_circle 0% [HÀNH play_circle 0% [HÀNH
2026-09-06T03:27:24.056Z [707b662f-d025-431d-bf1a-df0e6f9d5118][8e8b4eea-e67e-48c2-9a20-218d03b22adb] Generating... 0 ready, 0 failed / 2 total (24s) play_circle 13% [HÀN play_circle 13% [HÀN
2026-09-06T03:27:26.429Z [bc788e77-5421-4a1c-8023-5eb9edd8192e][8e8b4eea-e67e-48c2-9a20-218d03b22adb] Generating... 0 ready, 0 failed / 2 total (12s) play_circle 2% [HÀNH play_circle 2% [HÀNH
2026-09-06T03:27:26.486Z [7655cad6-804f-43c1-aa23-fadc2aba5e05][8e8b4eea-e67e-48c2-9a20-218d03b22adb] Item 2 (try 1): 1080p saved via the UI download flow.
2026-09-06T03:27:26.525Z [7655cad6-804f-43c1-aa23-fadc2aba5e05][8e8b4eea-e67e-48c2-9a20-218d03b22adb] Item 2: upgraded to 1080p → D:\WINAI\Slow-English-with-Arlo_11_16_cmto8mrp\video_2026-09-06T03-25-48_02.mp4
2026-09-06T03:27:26.526Z [7655cad6-804f-43c1-aa23-fadc2aba5e05][8e8b4eea-e67e-48c2-9a20-218d03b22adb] Uploading 2 video(s) to Xanh...
2026-09-06T03:27:27.074Z [707b662f-d025-431d-bf1a-df0e6f9d5118][8e8b4eea-e67e-48c2-9a20-218d03b22adb] Generating... 0 ready, 0 failed / 2 total (27s) play_circle 16% [HÀN play_circle 15% [HÀN
2026-09-06T03:27:27.474Z [7655cad6-804f-43c1-aa23-fadc2aba5e05][8e8b4eea-e67e-48c2-9a20-218d03b22adb] Item 2: Re-uploaded 1080p → https://studio.xanhmedia.vn/uploads/2026-09/1788665246388_df357e_8e8b4eea-e67e-48c2-9a20-218d03b22adb_765.mp4
2026-09-06T03:27:27.734Z [7655cad6-804f-43c1-aa23-fadc2aba5e05][8e8b4eea-e67e-48c2-9a20-218d03b22adb] Item 1: Re-uploaded 1080p → https://studio.xanhmedia.vn/uploads/2026-09/1788665246654_34ba09_8e8b4eea-e67e-48c2-9a20-218d03b22adb_765.mp4
2026-09-06T03:27:27.735Z [7655cad6-804f-43c1-aa23-fadc2aba5e05][8e8b4eea-e67e-48c2-9a20-218d03b22adb] ✅ 2 item(s) + 1080p saved to Downloads/Win AI Toolkit/
2026-09-06T03:27:27.738Z [7655cad6-804f-43c1-aa23-fadc2aba5e05][8e8b4eea-e67e-48c2-9a20-218d03b22adb] All done (including any 1080p upgrades). Closing Playwright browser context.
2026-09-06T03:27:28.024Z [44f3744d-03e6-4612-8409-ada6a8263e2a][8e8b4eea-e67e-48c2-9a20-218d03b22adb] runGeneration starting: task_id=44f3744d-03e6-4612-8409-ada6a8263e2a, profile_id=8e8b4eea-e67e-48c2-9a20-218d03b22adb, target_site=google_flow
2026-09-06T03:27:28.024Z [44f3744d-03e6-4612-8409-ada6a8263e2a][8e8b4eea-e67e-48c2-9a20-218d03b22adb] Opening Playwright browser with persistent profile cookies...
2026-09-06T03:27:28.025Z [44f3744d-03e6-4612-8409-ada6a8263e2a][8e8b4eea-e67e-48c2-9a20-218d03b22adb] Browser engine: winhide (C:\Users\Admin\AppData\Roaming\com.tank.winai\winhide\chrome.exe) [hidden off-screen]
2026-09-06T03:27:28.025Z [44f3744d-03e6-4612-8409-ada6a8263e2a][8e8b4eea-e67e-48c2-9a20-218d03b22adb] Launch mode: STEALTH (raw spawn + connectOverCDP)
2026-09-06T03:27:29.450Z [bc788e77-5421-4a1c-8023-5eb9edd8192e][8e8b4eea-e67e-48c2-9a20-218d03b22adb] Generating... 0 ready, 0 failed / 2 total (15s) play_circle 5% [HÀNH play_circle 5% [HÀNH
2026-09-06T03:27:29.521Z [44f3744d-03e6-4612-8409-ada6a8263e2a][8e8b4eea-e67e-48c2-9a20-218d03b22adb] Exit IP: 115.74.128.9
2026-09-06T03:27:29.522Z [44f3744d-03e6-4612-8409-ada6a8263e2a][8e8b4eea-e67e-48c2-9a20-218d03b22adb] Navigating browser to Google Flow tools page...
2026-09-06T03:27:29.522Z [44f3744d-03e6-4612-8409-ada6a8263e2a][8e8b4eea-e67e-48c2-9a20-218d03b22adb] Using existing project URL: https://flow.google.com/project/5cd39577-897c-41b2-8dc8-7fabdd51c4ed?hl=en
2026-09-06T03:27:30.105Z [707b662f-d025-431d-bf1a-df0e6f9d5118][8e8b4eea-e67e-48c2-9a20-218d03b22adb] Generating... 0 ready, 0 failed / 2 total (30s) play_circle 19% [HÀN play_circle 19% [HÀN
2026-09-06T03:27:30.476Z [44f3744d-03e6-4612-8409-ada6a8263e2a][8e8b4eea-e67e-48c2-9a20-218d03b22adb] Waiting for Google Flow...
2026-09-06T03:27:32.110Z [44f3744d-03e6-4612-8409-ada6a8263e2a][8e8b4eea-e67e-48c2-9a20-218d03b22adb] In existing project ✓
2026-09-06T03:27:32.478Z [bc788e77-5421-4a1c-8023-5eb9edd8192e][8e8b4eea-e67e-48c2-9a20-218d03b22adb] Generating... 0 ready, 0 failed / 2 total (18s) play_circle 8% [HÀNH play_circle 8% [HÀNH
2026-09-06T03:27:33.094Z [44f3744d-03e6-4612-8409-ada6a8263e2a][8e8b4eea-e67e-48c2-9a20-218d03b22adb] dismissPopups: unresolved overlay(s) ["IFRAME[presentation]|btns="]
2026-09-06T03:27:33.128Z [707b662f-d025-431d-bf1a-df0e6f9d5118][8e8b4eea-e67e-48c2-9a20-218d03b22adb] Generating... 0 ready, 0 failed / 2 total (33s) play_circle 20% [HÀN play_circle 20% [HÀN
2026-09-06T03:27:34.659Z [44f3744d-03e6-4612-8409-ada6a8263e2a][8e8b4eea-e67e-48c2-9a20-218d03b22adb] Composer ready ✓ (UI language: en)
2026-09-06T03:27:34.670Z [44f3744d-03e6-4612-8409-ada6a8263e2a][8e8b4eea-e67e-48c2-9a20-218d03b22adb] dismissPopups: unresolved overlay(s) ["DIV[]|btns=","DIV[]|btns="]
2026-09-06T03:27:34.682Z [44f3744d-03e6-4612-8409-ada6a8263e2a][8e8b4eea-e67e-48c2-9a20-218d03b22adb] Agent toggle aria-pressed=false
2026-09-06T03:27:34.682Z [44f3744d-03e6-4612-8409-ada6a8263e2a][8e8b4eea-e67e-48c2-9a20-218d03b22adb] Opening settings...
2026-09-06T03:27:35.492Z [bc788e77-5421-4a1c-8023-5eb9edd8192e][8e8b4eea-e67e-48c2-9a20-218d03b22adb] Generating... 0 ready, 0 failed / 2 total (21s) play_circle 10% [HÀN play_circle 10% [HÀN
2026-09-06T03:27:36.150Z [707b662f-d025-431d-bf1a-df0e6f9d5118][8e8b4eea-e67e-48c2-9a20-218d03b22adb] Generating... 0 ready, 0 failed / 2 total (36s) play_circle 23% [HÀN play_circle 23% [HÀN
2026-09-06T03:27:36.824Z [76cbe9af-158c-4135-aff7-1741679684fc][8e8b4eea-e67e-48c2-9a20-218d03b22adb] Prompt insert attempt 1: editor has 1592 chars (want ~1605) ✓
2026-09-06T03:27:36.838Z [44f3744d-03e6-4612-8409-ada6a8263e2a][8e8b4eea-e67e-48c2-9a20-218d03b22adb] Configuring video settings...
2026-09-06T03:27:36.872Z [44f3744d-03e6-4612-8409-ada6a8263e2a][8e8b4eea-e67e-48c2-9a20-218d03b22adb] Mode: "videocam Video" already selected ✓
2026-09-06T03:27:38.516Z [bc788e77-5421-4a1c-8023-5eb9edd8192e][8e8b4eea-e67e-48c2-9a20-218d03b22adb] Generating... 0 ready, 0 failed / 2 total (24s) play_circle 12% [HÀN play_circle 12% [HÀN
2026-09-06T03:27:38.856Z [76cbe9af-158c-4135-aff7-1741679684fc][8e8b4eea-e67e-48c2-9a20-218d03b22adb] Baseline: 49 pre-existing media tile(s) of 49 mounted (kinds: video,video,image,video,video,image,video,video,image,video,video,video,video,video,video,image,video,video,image,video,video,image,video,video,image,video,video,image,video,video,image,video,video,image,video,video,image,video,video,image,video,video,image,video,video,image,image,video,video).
2026-09-06T03:27:39.177Z [707b662f-d025-431d-bf1a-df0e6f9d5118][8e8b4eea-e67e-48c2-9a20-218d03b22adb] Generating... 0 ready, 0 failed / 2 total (39s) play_circle 26% [HÀN play_circle 26% [HÀN
2026-09-06T03:27:39.456Z [44f3744d-03e6-4612-8409-ada6a8263e2a][8e8b4eea-e67e-48c2-9a20-218d03b22adb] Video type: selected "crop_free Frames" ✓
2026-09-06T03:27:40.216Z [44f3744d-03e6-4612-8409-ada6a8263e2a][8e8b4eea-e67e-48c2-9a20-218d03b22adb] Model "Omni 1.1 Flash" already selected ✓ (chip reads "Omni 1.1 Flash")
2026-09-06T03:27:41.023Z [76cbe9af-158c-4135-aff7-1741679684fc][8e8b4eea-e67e-48c2-9a20-218d03b22adb] [submit] confirmed (editor "What do you want to ", fresh tile=true).
2026-09-06T03:27:41.045Z [44f3744d-03e6-4612-8409-ada6a8263e2a][8e8b4eea-e67e-48c2-9a20-218d03b22adb] Aspect ratio: "crop_16_9 16:9" already selected ✓
2026-09-06T03:27:41.066Z [44f3744d-03e6-4612-8409-ada6a8263e2a][8e8b4eea-e67e-48c2-9a20-218d03b22adb] Video resolution: "720p" already selected ✓
2026-09-06T03:27:41.105Z [44f3744d-03e6-4612-8409-ada6a8263e2a][8e8b4eea-e67e-48c2-9a20-218d03b22adb] Duration: "8s" already selected ✓
2026-09-06T03:27:41.125Z [44f3744d-03e6-4612-8409-ada6a8263e2a][8e8b4eea-e67e-48c2-9a20-218d03b22adb] Output count: "x2" already selected ✓
2026-09-06T03:27:41.529Z [bc788e77-5421-4a1c-8023-5eb9edd8192e][8e8b4eea-e67e-48c2-9a20-218d03b22adb] Generating... 0 ready, 0 failed / 2 total (27s) play_circle 15% [HÀN play_circle 15% [HÀN
2026-09-06T03:27:41.647Z [76cbe9af-158c-4135-aff7-1741679684fc][8e8b4eea-e67e-48c2-9a20-218d03b22adb] Current Workspace project URL: https://flow.google.com/project/52188b41-ba09-4240-a569-98bde902989b?hl=en
2026-09-06T03:27:41.647Z [76cbe9af-158c-4135-aff7-1741679684fc][8e8b4eea-e67e-48c2-9a20-218d03b22adb] Submitted ✓ Detecting batch size...
2026-09-06T03:27:41.663Z [76cbe9af-158c-4135-aff7-1741679684fc][8e8b4eea-e67e-48c2-9a20-218d03b22adb] New tile(s) since submit: 0 → 2 (mounted=50)
2026-09-06T03:27:42.003Z [44f3744d-03e6-4612-8409-ada6a8263e2a][8e8b4eea-e67e-48c2-9a20-218d03b22adb] Start keyframe: downloading from URL...
2026-09-06T03:27:42.215Z [707b662f-d025-431d-bf1a-df0e6f9d5118][8e8b4eea-e67e-48c2-9a20-218d03b22adb] Generating... 0 ready, 0 failed / 2 total (42s) play_circle 29% [HÀN play_circle 100% [HÀ
2026-09-06T03:27:42.395Z [44f3744d-03e6-4612-8409-ada6a8263e2a][8e8b4eea-e67e-48c2-9a20-218d03b22adb] Downloader: no-proxy request context ready.
2026-09-06T03:27:42.812Z [44f3744d-03e6-4612-8409-ada6a8263e2a][8e8b4eea-e67e-48c2-9a20-218d03b22adb] Start keyframe: saved 856570 bytes (image/jpeg) as "1788617992705_9d7603_fdfbd39c-aa59-4b23-a3ac-5f2ddfb5b1b8_8dc.jpg"
2026-09-06T03:27:42.845Z [44f3744d-03e6-4612-8409-ada6a8263e2a][8e8b4eea-e67e-48c2-9a20-218d03b22adb] Start keyframe: setting start keyframe...
2026-09-06T03:27:44.543Z [bc788e77-5421-4a1c-8023-5eb9edd8192e][8e8b4eea-e67e-48c2-9a20-218d03b22adb] Generating... 0 ready, 0 failed / 2 total (30s) play_circle 18% [HÀN play_circle 17% [HÀN
2026-09-06T03:27:45.233Z [707b662f-d025-431d-bf1a-df0e6f9d5118][8e8b4eea-e67e-48c2-9a20-218d03b22adb] Generating... 0 ready, 0 failed / 2 total (45s) play_circle 100% [HÀ play_circle 100% [HÀ
2026-09-06T03:27:45.318Z [44f3744d-03e6-4612-8409-ada6a8263e2a][8e8b4eea-e67e-48c2-9a20-218d03b22adb] Start keyframe: "1788617992705_9d7603_fdfbd39c-aa59-4b23-a3ac-5f2ddfb5b1b8_8dc.jpg" not in the library yet — uploading it first.
2026-09-06T03:27:45.848Z [76cbe9af-158c-4135-aff7-1741679684fc][8e8b4eea-e67e-48c2-9a20-218d03b22adb] Batch size stabilised at 2 new tile(s)
2026-09-06T03:27:45.848Z [76cbe9af-158c-4135-aff7-1741679684fc][8e8b4eea-e67e-48c2-9a20-218d03b22adb] Batch detected: 2 item(s). Generating...
2026-09-06T03:27:45.848Z [76cbe9af-158c-4135-aff7-1741679684fc][8e8b4eea-e67e-48c2-9a20-218d03b22adb] Polling for 2 video item(s) (baseline=49, hasUpload=true)...
2026-09-06T03:27:45.862Z [76cbe9af-158c-4135-aff7-1741679684fc][8e8b4eea-e67e-48c2-9a20-218d03b22adb] Generating... 0 ready, 0 failed / 2 total (0s) play_circle [HÀNH ĐỘ play_circle [HÀNH ĐỘ
2026-09-06T03:27:47.562Z [bc788e77-5421-4a1c-8023-5eb9edd8192e][8e8b4eea-e67e-48c2-9a20-218d03b22adb] Generating... 0 ready, 0 failed / 2 total (33s) play_circle 20% [HÀN play_circle 20% [HÀN
2026-09-06T03:27:48.249Z [707b662f-d025-431d-bf1a-df0e6f9d5118][8e8b4eea-e67e-48c2-9a20-218d03b22adb] Generating... 0 ready, 0 failed / 2 total (48s) play_circle 100% [HÀ [HÀNH ĐỘNG]Arlo dùng
2026-09-06T03:27:48.880Z [76cbe9af-158c-4135-aff7-1741679684fc][8e8b4eea-e67e-48c2-9a20-218d03b22adb] Generating... 0 ready, 0 failed / 2 total (3s) play_circle [HÀNH ĐỘ play_circle [HÀNH ĐỘ
2026-09-06T03:27:49.355Z [44f3744d-03e6-4612-8409-ada6a8263e2a][8e8b4eea-e67e-48c2-9a20-218d03b22adb] Start keyframe: uploading "1788617992705_9d7603_fdfbd39c-aa59-4b23-a3ac-5f2ddfb5b1b8_8dc.jpg" to the project library...
2026-09-06T03:27:50.578Z [bc788e77-5421-4a1c-8023-5eb9edd8192e][8e8b4eea-e67e-48c2-9a20-218d03b22adb] Generating... 0 ready, 0 failed / 2 total (36s) play_circle 23% [HÀN play_circle 23% [HÀN
2026-09-06T03:27:50.595Z [44f3744d-03e6-4612-8409-ada6a8263e2a][8e8b4eea-e67e-48c2-9a20-218d03b22adb] Start keyframe: upload finished ✓
2026-09-06T03:27:51.271Z [707b662f-d025-431d-bf1a-df0e6f9d5118][8e8b4eea-e67e-48c2-9a20-218d03b22adb] Generating... 1 ready, 0 failed / 2 total (51s) [HÀNH ĐỘNG]Arlo dùng
2026-09-06T03:27:51.906Z [76cbe9af-158c-4135-aff7-1741679684fc][8e8b4eea-e67e-48c2-9a20-218d03b22adb] Generating... 0 ready, 0 failed / 2 total (6s) play_circle [HÀNH ĐỘ play_circle [HÀNH ĐỘ
2026-09-06T03:27:53.611Z [bc788e77-5421-4a1c-8023-5eb9edd8192e][8e8b4eea-e67e-48c2-9a20-218d03b22adb] Generating... 0 ready, 0 failed / 2 total (39s) play_circle 25% [HÀN play_circle 25% [HÀN
2026-09-06T03:27:54.291Z [707b662f-d025-431d-bf1a-df0e6f9d5118][8e8b4eea-e67e-48c2-9a20-218d03b22adb] Generating... 2 ready, 0 failed / 2 total (54s)
2026-09-06T03:27:54.292Z [707b662f-d025-431d-bf1a-df0e6f9d5118][8e8b4eea-e67e-48c2-9a20-218d03b22adb] Batch done: 2 ready (target 2), 0 failed, scanned 2.
2026-09-06T03:27:54.292Z [707b662f-d025-431d-bf1a-df0e6f9d5118][8e8b4eea-e67e-48c2-9a20-218d03b22adb] 2 item(s) ready! Downloading...
2026-09-06T03:27:54.293Z [707b662f-d025-431d-bf1a-df0e6f9d5118][8e8b4eea-e67e-48c2-9a20-218d03b22adb] Item 1: no video source on the tile yet — hovering it to mount one.
2026-09-06T03:27:54.930Z [76cbe9af-158c-4135-aff7-1741679684fc][8e8b4eea-e67e-48c2-9a20-218d03b22adb] Generating... 0 ready, 0 failed / 2 total (9s) play_circle 0% [HÀNH play_circle 0% [HÀNH
2026-09-06T03:27:55.971Z [707b662f-d025-431d-bf1a-df0e6f9d5118][8e8b4eea-e67e-48c2-9a20-218d03b22adb] Item 1: Downloading from URL https://flow-content.google/video/ea18dbc1-fb5b-496f-b093-48c28b7a9eb7?Expires=1788686863&KeyName=labs-flow-prod-cdn-key&Signature=_zgBmuPENeF7jp_WDJwQQ_kH0jQ
2026-09-06T03:27:56.634Z [bc788e77-5421-4a1c-8023-5eb9edd8192e][8e8b4eea-e67e-48c2-9a20-218d03b22adb] Generating... 0 ready, 0 failed / 2 total (42s) play_circle 27% [HÀN play_circle 27% [HÀN
2026-09-06T03:27:57.680Z [707b662f-d025-431d-bf1a-df0e6f9d5118][8e8b4eea-e67e-48c2-9a20-218d03b22adb] Downloaded 1/2: video_2026-09-06T03-27-54_01.mp4
2026-09-06T03:27:57.681Z [707b662f-d025-431d-bf1a-df0e6f9d5118][8e8b4eea-e67e-48c2-9a20-218d03b22adb] Item 2: no video source on the tile yet — hovering it to mount one.
2026-09-06T03:27:57.947Z [76cbe9af-158c-4135-aff7-1741679684fc][8e8b4eea-e67e-48c2-9a20-218d03b22adb] Generating... 0 ready, 0 failed / 2 total (12s) play_circle 2% [HÀNH play_circle 2% [HÀNH
2026-09-06T03:27:59.432Z [707b662f-d025-431d-bf1a-df0e6f9d5118][8e8b4eea-e67e-48c2-9a20-218d03b22adb] Item 2: Downloading from URL https://flow-content.google/video/38f9a36b-f917-4f6d-813f-84c299c395fc?Expires=1788686858&KeyName=labs-flow-prod-cdn-key&Signature=V3BVTG5bHZ_6YQkNShK-DleXZ6A
2026-09-06T03:27:59.653Z [bc788e77-5421-4a1c-8023-5eb9edd8192e][8e8b4eea-e67e-48c2-9a20-218d03b22adb] Generating... 0 ready, 0 failed / 2 total (45s) play_circle 100% [HÀ play_circle 100% [HÀ
2026-09-06T03:28:00.962Z [76cbe9af-158c-4135-aff7-1741679684fc][8e8b4eea-e67e-48c2-9a20-218d03b22adb] Generating... 0 ready, 0 failed / 2 total (15s) play_circle 5% [HÀNH play_circle 4% [HÀNH
2026-09-06T03:28:00.972Z [44f3744d-03e6-4612-8409-ada6a8263e2a][8e8b4eea-e67e-48c2-9a20-218d03b22adb] Start keyframe: start keyframe attached ✓
2026-09-06T03:28:00.994Z [44f3744d-03e6-4612-8409-ada6a8263e2a][8e8b4eea-e67e-48c2-9a20-218d03b22adb] Entering prompt...
2026-09-06T03:28:01.402Z [707b662f-d025-431d-bf1a-df0e6f9d5118][8e8b4eea-e67e-48c2-9a20-218d03b22adb] Downloaded 2/2: video_2026-09-06T03-27-54_02.mp4
2026-09-06T03:28:01.403Z [707b662f-d025-431d-bf1a-df0e6f9d5118][8e8b4eea-e67e-48c2-9a20-218d03b22adb] ✅ 2 item(s) saved to Downloads/Win AI Toolkit/
2026-09-06T03:28:02.687Z [bc788e77-5421-4a1c-8023-5eb9edd8192e][8e8b4eea-e67e-48c2-9a20-218d03b22adb] Generating... 0 ready, 0 failed / 2 total (48s) play_circle 100% [HÀ play_circle 100% [HÀ
2026-09-06T03:28:02.871Z [44f3744d-03e6-4612-8409-ada6a8263e2a][8e8b4eea-e67e-48c2-9a20-218d03b22adb] Prompt is 1506 chars — typing it in 32 chunk(s).
2026-09-06T03:28:03.985Z [76cbe9af-158c-4135-aff7-1741679684fc][8e8b4eea-e67e-48c2-9a20-218d03b22adb] Generating... 0 ready, 0 failed / 2 total (18s) play_circle 8% [HÀNH play_circle 8% [HÀNH
2026-09-06T03:28:05.709Z [bc788e77-5421-4a1c-8023-5eb9edd8192e][8e8b4eea-e67e-48c2-9a20-218d03b22adb] Generating... 0 ready, 0 failed / 2 total (51s) [HÀNH ĐỘNG]Blue và p play_circle 100% [HÀ
2026-09-06T03:28:07.005Z [76cbe9af-158c-4135-aff7-1741679684fc][8e8b4eea-e67e-48c2-9a20-218d03b22adb] Generating... 0 ready, 0 failed / 2 total (21s) play_circle 10% [HÀN play_circle 10% [HÀN
2026-09-06T03:28:08.734Z [bc788e77-5421-4a1c-8023-5eb9edd8192e][8e8b4eea-e67e-48c2-9a20-218d03b22adb] Generating... 1 ready, 0 failed / 2 total (54s) [HÀNH ĐỘNG]Blue và p
2026-09-06T03:28:10.031Z [76cbe9af-158c-4135-aff7-1741679684fc][8e8b4eea-e67e-48c2-9a20-218d03b22adb] Generating... 0 ready, 0 failed / 2 total (24s) play_circle 13% [HÀN play_circle 13% [HÀN
2026-09-06T03:28:11.762Z [bc788e77-5421-4a1c-8023-5eb9edd8192e][8e8b4eea-e67e-48c2-9a20-218d03b22adb] Generating... 2 ready, 0 failed / 2 total (57s)
2026-09-06T03:28:11.763Z [bc788e77-5421-4a1c-8023-5eb9edd8192e][8e8b4eea-e67e-48c2-9a20-218d03b22adb] Batch done: 2 ready (target 2), 0 failed, scanned 2.
2026-09-06T03:28:11.764Z [bc788e77-5421-4a1c-8023-5eb9edd8192e][8e8b4eea-e67e-48c2-9a20-218d03b22adb] 2 item(s) ready! Downloading...
2026-09-06T03:28:11.766Z [bc788e77-5421-4a1c-8023-5eb9edd8192e][8e8b4eea-e67e-48c2-9a20-218d03b22adb] Item 1: no video source on the tile yet — hovering it to mount one.
2026-09-06T03:28:13.058Z [76cbe9af-158c-4135-aff7-1741679684fc][8e8b4eea-e67e-48c2-9a20-218d03b22adb] Generating... 0 ready, 0 failed / 2 total (27s) play_circle 16% [HÀN play_circle 16% [HÀN
2026-09-06T03:28:13.614Z [bc788e77-5421-4a1c-8023-5eb9edd8192e][8e8b4eea-e67e-48c2-9a20-218d03b22adb] Item 1: Downloading from URL https://flow-content.google/video/678d35b3-7ede-4bfe-be84-28d41f19bb57?Expires=1788686878&KeyName=labs-flow-prod-cdn-key&Signature=3yrgFHPDTZnqpyhTolpeBHKDub4
2026-09-06T03:28:15.047Z [bc788e77-5421-4a1c-8023-5eb9edd8192e][8e8b4eea-e67e-48c2-9a20-218d03b22adb] Downloaded 1/2: video_2026-09-06T03-28-11_01.mp4
2026-09-06T03:28:15.047Z [bc788e77-5421-4a1c-8023-5eb9edd8192e][8e8b4eea-e67e-48c2-9a20-218d03b22adb] Item 2: no video source on the tile yet — hovering it to mount one.
2026-09-06T03:28:16.084Z [76cbe9af-158c-4135-aff7-1741679684fc][8e8b4eea-e67e-48c2-9a20-218d03b22adb] Generating... 0 ready, 0 failed / 2 total (30s) play_circle 18% [HÀN play_circle 18% [HÀN
2026-09-06T03:28:16.675Z [44f3744d-03e6-4612-8409-ada6a8263e2a][8e8b4eea-e67e-48c2-9a20-218d03b22adb] Prompt insert attempt 1: editor has 1489 chars (want ~1502) ✓
2026-09-06T03:28:17.124Z [bc788e77-5421-4a1c-8023-5eb9edd8192e][8e8b4eea-e67e-48c2-9a20-218d03b22adb] Item 2: Downloading from URL https://flow-content.google/video/081f5e9a-4988-49b9-abb9-e4f1b05d3fd0?Expires=1788686878&KeyName=labs-flow-prod-cdn-key&Signature=SPVtMGJLqp-m_oncqpFINkOZkPA
2026-09-06T03:28:18.330Z [44f3744d-03e6-4612-8409-ada6a8263e2a][8e8b4eea-e67e-48c2-9a20-218d03b22adb] Baseline: 50 pre-existing media tile(s) of 50 mounted (kinds: image,video,video,image,video,image,video,video,image,video,video,video,video,image,video,video,image,video,video,image,video,video,image,video,video,image,video,video,image,video,video,image,video,video,image,video,video,image,video,video,image,video,video,image,video,video,image,video,video,image).
2026-09-06T03:28:18.511Z [bc788e77-5421-4a1c-8023-5eb9edd8192e][8e8b4eea-e67e-48c2-9a20-218d03b22adb] Downloaded 2/2: video_2026-09-06T03-28-11_02.mp4
2026-09-06T03:28:18.512Z [bc788e77-5421-4a1c-8023-5eb9edd8192e][8e8b4eea-e67e-48c2-9a20-218d03b22adb] ✅ 2 item(s) saved to Downloads/Win AI Toolkit/
2026-09-06T03:28:19.111Z [76cbe9af-158c-4135-aff7-1741679684fc][8e8b4eea-e67e-48c2-9a20-218d03b22adb] Generating... 0 ready, 0 failed / 2 total (33s) play_circle 21% [HÀN play_circle 21% [HÀN
2026-09-06T03:28:20.656Z [44f3744d-03e6-4612-8409-ada6a8263e2a][8e8b4eea-e67e-48c2-9a20-218d03b22adb] [submit] confirmed (editor "What do you want to ", fresh tile=true).
2026-09-06T03:28:21.282Z [44f3744d-03e6-4612-8409-ada6a8263e2a][8e8b4eea-e67e-48c2-9a20-218d03b22adb] Current Workspace project URL: https://flow.google.com/project/5cd39577-897c-41b2-8dc8-7fabdd51c4ed?hl=en
2026-09-06T03:28:21.282Z [44f3744d-03e6-4612-8409-ada6a8263e2a][8e8b4eea-e67e-48c2-9a20-218d03b22adb] Submitted ✓ Detecting batch size...
2026-09-06T03:28:21.305Z [44f3744d-03e6-4612-8409-ada6a8263e2a][8e8b4eea-e67e-48c2-9a20-218d03b22adb] New tile(s) since submit: 0 → 2 (mounted=50)
2026-09-06T03:28:22.131Z [76cbe9af-158c-4135-aff7-1741679684fc][8e8b4eea-e67e-48c2-9a20-218d03b22adb] Generating... 0 ready, 0 failed / 2 total (36s) play_circle 23% [HÀN play_circle 23% [HÀN
2026-09-06T03:28:25.152Z [76cbe9af-158c-4135-aff7-1741679684fc][8e8b4eea-e67e-48c2-9a20-218d03b22adb] Generating... 0 ready, 0 failed / 2 total (39s) play_circle 25% [HÀN play_circle 26% [HÀN
2026-09-06T03:28:25.481Z [44f3744d-03e6-4612-8409-ada6a8263e2a][8e8b4eea-e67e-48c2-9a20-218d03b22adb] Batch size stabilised at 2 new tile(s)
2026-09-06T03:28:25.482Z [44f3744d-03e6-4612-8409-ada6a8263e2a][8e8b4eea-e67e-48c2-9a20-218d03b22adb] Batch detected: 2 item(s). Generating...
2026-09-06T03:28:25.482Z [44f3744d-03e6-4612-8409-ada6a8263e2a][8e8b4eea-e67e-48c2-9a20-218d03b22adb] Polling for 2 video item(s) (baseline=50, hasUpload=true)...
2026-09-06T03:28:25.503Z [44f3744d-03e6-4612-8409-ada6a8263e2a][8e8b4eea-e67e-48c2-9a20-218d03b22adb] Generating... 0 ready, 0 failed / 2 total (0s) play_circle [HÀNH ĐỘ play_circle [HÀNH ĐỘ
2026-09-06T03:28:28.174Z [76cbe9af-158c-4135-aff7-1741679684fc][8e8b4eea-e67e-48c2-9a20-218d03b22adb] Generating... 0 ready, 0 failed / 2 total (42s) play_circle 100% [HÀ play_circle 100% [HÀ
2026-09-06T03:28:28.528Z [44f3744d-03e6-4612-8409-ada6a8263e2a][8e8b4eea-e67e-48c2-9a20-218d03b22adb] Generating... 0 ready, 0 failed / 2 total (3s) play_circle [HÀNH ĐỘ play_circle [HÀNH ĐỘ
2026-09-06T03:28:31.206Z [76cbe9af-158c-4135-aff7-1741679684fc][8e8b4eea-e67e-48c2-9a20-218d03b22adb] Generating... 0 ready, 0 failed / 2 total (45s) play_circle 100% [HÀ [HÀNH ĐỘNG]Arlo và N
2026-09-06T03:28:31.580Z [44f3744d-03e6-4612-8409-ada6a8263e2a][8e8b4eea-e67e-48c2-9a20-218d03b22adb] Generating... 0 ready, 0 failed / 2 total (6s) play_circle [HÀNH ĐỘ play_circle [HÀNH ĐỘ
2026-09-06T03:28:34.265Z [76cbe9af-158c-4135-aff7-1741679684fc][8e8b4eea-e67e-48c2-9a20-218d03b22adb] Generating... 1 ready, 0 failed / 2 total (48s) [HÀNH ĐỘNG]Arlo và N
2026-09-06T03:28:34.611Z [44f3744d-03e6-4612-8409-ada6a8263e2a][8e8b4eea-e67e-48c2-9a20-218d03b22adb] Generating... 0 ready, 0 failed / 2 total (9s) play_circle 1% [HÀNH play_circle 1% [HÀNH
2026-09-06T03:28:37.299Z [76cbe9af-158c-4135-aff7-1741679684fc][8e8b4eea-e67e-48c2-9a20-218d03b22adb] Generating... 2 ready, 0 failed / 2 total (51s)
2026-09-06T03:28:37.299Z [76cbe9af-158c-4135-aff7-1741679684fc][8e8b4eea-e67e-48c2-9a20-218d03b22adb] Batch done: 2 ready (target 2), 0 failed, scanned 2.
2026-09-06T03:28:37.300Z [76cbe9af-158c-4135-aff7-1741679684fc][8e8b4eea-e67e-48c2-9a20-218d03b22adb] 2 item(s) ready! Downloading...
2026-09-06T03:28:37.301Z [76cbe9af-158c-4135-aff7-1741679684fc][8e8b4eea-e67e-48c2-9a20-218d03b22adb] Item 1: no video source on the tile yet — hovering it to mount one.
2026-09-06T03:28:37.635Z [44f3744d-03e6-4612-8409-ada6a8263e2a][8e8b4eea-e67e-48c2-9a20-218d03b22adb] Generating... 0 ready, 0 failed / 2 total (12s) play_circle 4% [HÀNH play_circle 4% [HÀNH
2026-09-06T03:28:38.954Z [76cbe9af-158c-4135-aff7-1741679684fc][8e8b4eea-e67e-48c2-9a20-218d03b22adb] Item 1: Downloading from URL https://flow-content.google/video/3b7e839f-00d9-4f28-852d-aec0d68f87fa?Expires=1788686905&KeyName=labs-flow-prod-cdn-key&Signature=eHq_3X7_lBNVTL061ZpOlFVOglU
2026-09-06T03:28:40.666Z [44f3744d-03e6-4612-8409-ada6a8263e2a][8e8b4eea-e67e-48c2-9a20-218d03b22adb] Generating... 0 ready, 0 failed / 2 total (15s) play_circle 7% [HÀNH play_circle 7% [HÀNH
2026-09-06T03:28:41.068Z [76cbe9af-158c-4135-aff7-1741679684fc][8e8b4eea-e67e-48c2-9a20-218d03b22adb] Downloaded 1/2: video_2026-09-06T03-28-37_01.mp4
2026-09-06T03:28:41.070Z [76cbe9af-158c-4135-aff7-1741679684fc][8e8b4eea-e67e-48c2-9a20-218d03b22adb] Item 2: no video source on the tile yet — hovering it to mount one.
2026-09-06T03:28:42.838Z [76cbe9af-158c-4135-aff7-1741679684fc][8e8b4eea-e67e-48c2-9a20-218d03b22adb] Item 2: Downloading from URL https://flow-content.google/video/07066329-9f19-4631-9b6e-3b7f7241a398?Expires=1788686905&KeyName=labs-flow-prod-cdn-key&Signature=MecG5PnBsRXbtx8FBR9ctZlaFnU
2026-09-06T03:28:43.683Z [44f3744d-03e6-4612-8409-ada6a8263e2a][8e8b4eea-e67e-48c2-9a20-218d03b22adb] Generating... 0 ready, 0 failed / 2 total (18s) play_circle 9% [HÀNH play_circle 9% [HÀNH
2026-09-06T03:28:44.092Z [76cbe9af-158c-4135-aff7-1741679684fc][8e8b4eea-e67e-48c2-9a20-218d03b22adb] Downloaded 2/2: video_2026-09-06T03-28-37_02.mp4
2026-09-06T03:28:44.093Z [76cbe9af-158c-4135-aff7-1741679684fc][8e8b4eea-e67e-48c2-9a20-218d03b22adb] ✅ 2 item(s) saved to Downloads/Win AI Toolkit/
2026-09-06T03:28:46.704Z [44f3744d-03e6-4612-8409-ada6a8263e2a][8e8b4eea-e67e-48c2-9a20-218d03b22adb] Generating... 0 ready, 0 failed / 2 total (21s) play_circle 11% [HÀN play_circle 11% [HÀN
2026-09-06T03:28:49.735Z [44f3744d-03e6-4612-8409-ada6a8263e2a][8e8b4eea-e67e-48c2-9a20-218d03b22adb] Generating... 0 ready, 0 failed / 2 total (24s) play_circle 14% [HÀN play_circle 14% [HÀN
2026-09-06T03:28:51.588Z [707b662f-d025-431d-bf1a-df0e6f9d5118][8e8b4eea-e67e-48c2-9a20-218d03b22adb] Item 1 (try 1): 1080p saved via the UI download flow.
2026-09-06T03:28:51.641Z [707b662f-d025-431d-bf1a-df0e6f9d5118][8e8b4eea-e67e-48c2-9a20-218d03b22adb] Item 1: upgraded to 1080p → D:\WINAI\Slow-English-with-Arlo_11_18_cmto8mrp\video_2026-09-06T03-27-54_01.mp4
2026-09-06T03:28:52.767Z [44f3744d-03e6-4612-8409-ada6a8263e2a][8e8b4eea-e67e-48c2-9a20-218d03b22adb] Generating... 0 ready, 0 failed / 2 total (27s) play_circle 16% [HÀN play_circle 16% [HÀN
2026-09-06T03:28:55.794Z [44f3744d-03e6-4612-8409-ada6a8263e2a][8e8b4eea-e67e-48c2-9a20-218d03b22adb] Generating... 0 ready, 0 failed / 2 total (30s) play_circle 19% [HÀN play_circle 19% [HÀN
2026-09-06T03:28:58.822Z [44f3744d-03e6-4612-8409-ada6a8263e2a][8e8b4eea-e67e-48c2-9a20-218d03b22adb] Generating... 0 ready, 0 failed / 2 total (33s) play_circle 21% [HÀN play_circle 21% [HÀN
2026-09-06T03:29:01.851Z [44f3744d-03e6-4612-8409-ada6a8263e2a][8e8b4eea-e67e-48c2-9a20-218d03b22adb] Generating... 0 ready, 0 failed / 2 total (36s) play_circle 24% [HÀN play_circle 24% [HÀN
2026-09-06T03:29:03.989Z [bc788e77-5421-4a1c-8023-5eb9edd8192e][8e8b4eea-e67e-48c2-9a20-218d03b22adb] Item 1 (try 1): 1080p saved via the UI download flow.
2026-09-06T03:29:04.114Z [bc788e77-5421-4a1c-8023-5eb9edd8192e][8e8b4eea-e67e-48c2-9a20-218d03b22adb] Item 1: upgraded to 1080p → D:\WINAI\Slow-English-with-Arlo_11_17_cmto8mrp\video_2026-09-06T03-28-11_01.mp4
2026-09-06T03:29:04.878Z [44f3744d-03e6-4612-8409-ada6a8263e2a][8e8b4eea-e67e-48c2-9a20-218d03b22adb] Generating... 0 ready, 0 failed / 2 total (39s) play_circle 26% [HÀN play_circle 26% [HÀN
2026-09-06T03:29:07.900Z [44f3744d-03e6-4612-8409-ada6a8263e2a][8e8b4eea-e67e-48c2-9a20-218d03b22adb] Generating... 0 ready, 0 failed / 2 total (42s) play_circle 30% [HÀN play_circle 30% [HÀN
2026-09-06T03:29:10.923Z [44f3744d-03e6-4612-8409-ada6a8263e2a][8e8b4eea-e67e-48c2-9a20-218d03b22adb] Generating... 0 ready, 0 failed / 2 total (45s) play_circle 100% [HÀ play_circle 32% [HÀN
2026-09-06T03:29:13.948Z [44f3744d-03e6-4612-8409-ada6a8263e2a][8e8b4eea-e67e-48c2-9a20-218d03b22adb] Generating... 0 ready, 0 failed / 2 total (48s) play_circle 100% [HÀ play_circle 34% [HÀN
2026-09-06T03:29:16.978Z [44f3744d-03e6-4612-8409-ada6a8263e2a][8e8b4eea-e67e-48c2-9a20-218d03b22adb] Generating... 0 ready, 0 failed / 2 total (51s) [HÀNH ĐỘNG]Nessa thấ play_circle 37% [HÀN
2026-09-06T03:29:20.009Z [44f3744d-03e6-4612-8409-ada6a8263e2a][8e8b4eea-e67e-48c2-9a20-218d03b22adb] Generating... 1 ready, 0 failed / 2 total (55s) play_circle 40% [HÀN
2026-09-06T03:29:23.035Z [44f3744d-03e6-4612-8409-ada6a8263e2a][8e8b4eea-e67e-48c2-9a20-218d03b22adb] Generating... 1 ready, 0 failed / 2 total (58s) play_circle 100% [HÀ
2026-09-06T03:29:26.063Z [44f3744d-03e6-4612-8409-ada6a8263e2a][8e8b4eea-e67e-48c2-9a20-218d03b22adb] Generating... 1 ready, 0 failed / 2 total (61s) play_circle 100% [HÀ
2026-09-06T03:29:29.087Z [44f3744d-03e6-4612-8409-ada6a8263e2a][8e8b4eea-e67e-48c2-9a20-218d03b22adb] Generating... 2 ready, 0 failed / 2 total (64s)
2026-09-06T03:29:29.087Z [44f3744d-03e6-4612-8409-ada6a8263e2a][8e8b4eea-e67e-48c2-9a20-218d03b22adb] Batch done: 2 ready (target 2), 0 failed, scanned 2.
2026-09-06T03:29:29.088Z [44f3744d-03e6-4612-8409-ada6a8263e2a][8e8b4eea-e67e-48c2-9a20-218d03b22adb] 2 item(s) ready! Downloading...
2026-09-06T03:29:29.089Z [44f3744d-03e6-4612-8409-ada6a8263e2a][8e8b4eea-e67e-48c2-9a20-218d03b22adb] Item 1: no video source on the tile yet — hovering it to mount one.
2026-09-06T03:29:30.324Z [76cbe9af-158c-4135-aff7-1741679684fc][8e8b4eea-e67e-48c2-9a20-218d03b22adb] Item 1 (try 1): 1080p saved via the UI download flow.
2026-09-06T03:29:30.478Z [76cbe9af-158c-4135-aff7-1741679684fc][8e8b4eea-e67e-48c2-9a20-218d03b22adb] Item 1: upgraded to 1080p → D:\WINAI\Slow-English-with-Arlo_11_19_cmto8mrp\video_2026-09-06T03-28-37_01.mp4
2026-09-06T03:29:31.373Z [44f3744d-03e6-4612-8409-ada6a8263e2a][8e8b4eea-e67e-48c2-9a20-218d03b22adb] Item 1: Downloading from URL https://flow-content.google/video/ac469520-bccd-45e2-b198-83ed9077c7ba?Expires=1788686949&KeyName=labs-flow-prod-cdn-key&Signature=vDueXzI2Zbqfa-SCRl_7lSLnagM
2026-09-06T03:29:32.912Z [44f3744d-03e6-4612-8409-ada6a8263e2a][8e8b4eea-e67e-48c2-9a20-218d03b22adb] Downloaded 1/2: video_2026-09-06T03-29-29_01.mp4
2026-09-06T03:29:32.913Z [44f3744d-03e6-4612-8409-ada6a8263e2a][8e8b4eea-e67e-48c2-9a20-218d03b22adb] Item 2: no video source on the tile yet — hovering it to mount one.
2026-09-06T03:29:34.449Z [44f3744d-03e6-4612-8409-ada6a8263e2a][8e8b4eea-e67e-48c2-9a20-218d03b22adb] Item 2: Downloading from URL https://flow-content.google/video/b428a9a7-f3aa-435d-909b-a0f89bcd9188?Expires=1788686960&KeyName=labs-flow-prod-cdn-key&Signature=OTCOYZu-GEE0W8IbuskYYAreIdM
2026-09-06T03:29:36.341Z [44f3744d-03e6-4612-8409-ada6a8263e2a][8e8b4eea-e67e-48c2-9a20-218d03b22adb] Downloaded 2/2: video_2026-09-06T03-29-29_02.mp4
2026-09-06T03:29:36.341Z [44f3744d-03e6-4612-8409-ada6a8263e2a][8e8b4eea-e67e-48c2-9a20-218d03b22adb] ✅ 2 item(s) saved to Downloads/Win AI Toolkit/
2026-09-06T03:29:42.312Z [707b662f-d025-431d-bf1a-df0e6f9d5118][8e8b4eea-e67e-48c2-9a20-218d03b22adb] Item 2 (try 1): 1080p saved via the UI download flow.
2026-09-06T03:29:42.351Z [707b662f-d025-431d-bf1a-df0e6f9d5118][8e8b4eea-e67e-48c2-9a20-218d03b22adb] Item 2: upgraded to 1080p → D:\WINAI\Slow-English-with-Arlo_11_18_cmto8mrp\video_2026-09-06T03-27-54_02.mp4
2026-09-06T03:29:42.352Z [707b662f-d025-431d-bf1a-df0e6f9d5118][8e8b4eea-e67e-48c2-9a20-218d03b22adb] Uploading 2 video(s) to Xanh...
2026-09-06T03:29:43.271Z [707b662f-d025-431d-bf1a-df0e6f9d5118][8e8b4eea-e67e-48c2-9a20-218d03b22adb] Item 1: Re-uploaded 1080p → https://studio.xanhmedia.vn/uploads/2026-09/1788665382167_9b3b77_8e8b4eea-e67e-48c2-9a20-218d03b22adb_707.mp4
2026-09-06T03:29:47.491Z [bc788e77-5421-4a1c-8023-5eb9edd8192e][8e8b4eea-e67e-48c2-9a20-218d03b22adb] Item 2 (try 1): 1080p saved via the UI download flow.
2026-09-06T03:29:47.552Z [bc788e77-5421-4a1c-8023-5eb9edd8192e][8e8b4eea-e67e-48c2-9a20-218d03b22adb] Item 2: upgraded to 1080p → D:\WINAI\Slow-English-with-Arlo_11_17_cmto8mrp\video_2026-09-06T03-28-11_02.mp4
2026-09-06T03:29:47.553Z [bc788e77-5421-4a1c-8023-5eb9edd8192e][8e8b4eea-e67e-48c2-9a20-218d03b22adb] Uploading 2 video(s) to Xanh...
2026-09-06T03:29:48.282Z [707b662f-d025-431d-bf1a-df0e6f9d5118][8e8b4eea-e67e-48c2-9a20-218d03b22adb] Item 2: Re-uploaded 1080p → https://studio.xanhmedia.vn/uploads/2026-09/1788665387186_c5186e_8e8b4eea-e67e-48c2-9a20-218d03b22adb_707.mp4
2026-09-06T03:29:48.282Z [707b662f-d025-431d-bf1a-df0e6f9d5118][8e8b4eea-e67e-48c2-9a20-218d03b22adb] ✅ 2 item(s) + 1080p saved to Downloads/Win AI Toolkit/
2026-09-06T03:29:48.286Z [707b662f-d025-431d-bf1a-df0e6f9d5118][8e8b4eea-e67e-48c2-9a20-218d03b22adb] All done (including any 1080p upgrades). Closing Playwright browser context.
2026-09-06T03:29:48.366Z [bc788e77-5421-4a1c-8023-5eb9edd8192e][8e8b4eea-e67e-48c2-9a20-218d03b22adb] Item 2: Re-uploaded 1080p → https://studio.xanhmedia.vn/uploads/2026-09/1788665387276_3d8ca5_8e8b4eea-e67e-48c2-9a20-218d03b22adb_bc7.mp4
2026-09-06T03:29:48.951Z [bc788e77-5421-4a1c-8023-5eb9edd8192e][8e8b4eea-e67e-48c2-9a20-218d03b22adb] Item 1: Re-uploaded 1080p → https://studio.xanhmedia.vn/uploads/2026-09/1788665387867_996b3b_8e8b4eea-e67e-48c2-9a20-218d03b22adb_bc7.mp4
2026-09-06T03:29:48.952Z [bc788e77-5421-4a1c-8023-5eb9edd8192e][8e8b4eea-e67e-48c2-9a20-218d03b22adb] ✅ 2 item(s) + 1080p saved to Downloads/Win AI Toolkit/
2026-09-06T03:29:48.954Z [bc788e77-5421-4a1c-8023-5eb9edd8192e][8e8b4eea-e67e-48c2-9a20-218d03b22adb] All done (including any 1080p upgrades). Closing Playwright browser context.
2026-09-06T03:29:49.777Z [f5596fc6-e06b-42f4-b774-1f66f42ba613][8e8b4eea-e67e-48c2-9a20-218d03b22adb] runGeneration starting: task_id=f5596fc6-e06b-42f4-b774-1f66f42ba613, profile_id=8e8b4eea-e67e-48c2-9a20-218d03b22adb, target_site=google_flow
2026-09-06T03:29:49.778Z [f5596fc6-e06b-42f4-b774-1f66f42ba613][8e8b4eea-e67e-48c2-9a20-218d03b22adb] Opening Playwright browser with persistent profile cookies...
2026-09-06T03:29:49.779Z [f5596fc6-e06b-42f4-b774-1f66f42ba613][8e8b4eea-e67e-48c2-9a20-218d03b22adb] Browser engine: winhide (C:\Users\Admin\AppData\Roaming\com.tank.winai\winhide\chrome.exe) [hidden off-screen]
2026-09-06T03:29:49.778Z [8baf6220-2c60-4504-a59b-042fc0ffe52c][8e8b4eea-e67e-48c2-9a20-218d03b22adb] runGeneration starting: task_id=8baf6220-2c60-4504-a59b-042fc0ffe52c, profile_id=8e8b4eea-e67e-48c2-9a20-218d03b22adb, target_site=google_flow
2026-09-06T03:29:49.780Z [f5596fc6-e06b-42f4-b774-1f66f42ba613][8e8b4eea-e67e-48c2-9a20-218d03b22adb] Launch mode: STEALTH (raw spawn + connectOverCDP)
2026-09-06T03:29:49.780Z [8baf6220-2c60-4504-a59b-042fc0ffe52c][8e8b4eea-e67e-48c2-9a20-218d03b22adb] Opening Playwright browser with persistent profile cookies...
2026-09-06T03:29:49.785Z [8baf6220-2c60-4504-a59b-042fc0ffe52c][8e8b4eea-e67e-48c2-9a20-218d03b22adb] Browser engine: winhide (C:\Users\Admin\AppData\Roaming\com.tank.winai\winhide\chrome.exe) [hidden off-screen]
2026-09-06T03:29:49.786Z [8baf6220-2c60-4504-a59b-042fc0ffe52c][8e8b4eea-e67e-48c2-9a20-218d03b22adb] Launch mode: STEALTH (raw spawn + connectOverCDP)
2026-09-06T03:29:52.436Z [f5596fc6-e06b-42f4-b774-1f66f42ba613][8e8b4eea-e67e-48c2-9a20-218d03b22adb] Exit IP: 115.74.128.9
2026-09-06T03:29:52.437Z [f5596fc6-e06b-42f4-b774-1f66f42ba613][8e8b4eea-e67e-48c2-9a20-218d03b22adb] Navigating browser to Google Flow tools page...
2026-09-06T03:29:52.437Z [f5596fc6-e06b-42f4-b774-1f66f42ba613][8e8b4eea-e67e-48c2-9a20-218d03b22adb] Using existing project URL: https://flow.google.com/project/643b808f-7d88-45ee-a818-35d5f8e84fec?hl=en
2026-09-06T03:29:52.978Z [8baf6220-2c60-4504-a59b-042fc0ffe52c][8e8b4eea-e67e-48c2-9a20-218d03b22adb] Exit IP: 115.74.128.9
2026-09-06T03:29:52.978Z [8baf6220-2c60-4504-a59b-042fc0ffe52c][8e8b4eea-e67e-48c2-9a20-218d03b22adb] Navigating browser to Google Flow tools page...
2026-09-06T03:29:52.980Z [8baf6220-2c60-4504-a59b-042fc0ffe52c][8e8b4eea-e67e-48c2-9a20-218d03b22adb] Using existing project URL: https://flow.google.com/project/d7006cc3-f9c4-4856-98f4-89ac31f96398?hl=en
2026-09-06T03:29:53.634Z [f5596fc6-e06b-42f4-b774-1f66f42ba613][8e8b4eea-e67e-48c2-9a20-218d03b22adb] Waiting for Google Flow...
2026-09-06T03:29:54.389Z [8baf6220-2c60-4504-a59b-042fc0ffe52c][8e8b4eea-e67e-48c2-9a20-218d03b22adb] Waiting for Google Flow...
2026-09-06T03:29:55.678Z [f5596fc6-e06b-42f4-b774-1f66f42ba613][8e8b4eea-e67e-48c2-9a20-218d03b22adb] In existing project ✓
2026-09-06T03:29:56.362Z [8baf6220-2c60-4504-a59b-042fc0ffe52c][8e8b4eea-e67e-48c2-9a20-218d03b22adb] In existing project ✓
2026-09-06T03:29:58.638Z [f5596fc6-e06b-42f4-b774-1f66f42ba613][8e8b4eea-e67e-48c2-9a20-218d03b22adb] dismissPopups: unresolved overlay(s) ["DIV[]|btns=","DIV[]|btns="]
2026-09-06T03:29:59.050Z [f5596fc6-e06b-42f4-b774-1f66f42ba613][8e8b4eea-e67e-48c2-9a20-218d03b22adb] Composer ready ✓ (UI language: en)
2026-09-06T03:29:59.143Z [8baf6220-2c60-4504-a59b-042fc0ffe52c][8e8b4eea-e67e-48c2-9a20-218d03b22adb] dismissPopups: unresolved overlay(s) ["DIV[]|btns=","DIV[]|btns="]
2026-09-06T03:29:59.161Z [f5596fc6-e06b-42f4-b774-1f66f42ba613][8e8b4eea-e67e-48c2-9a20-218d03b22adb] dismissPopups: unresolved overlay(s) ["DIV[]|btns=","DIV[]|btns="]
2026-09-06T03:29:59.261Z [f5596fc6-e06b-42f4-b774-1f66f42ba613][8e8b4eea-e67e-48c2-9a20-218d03b22adb] Agent toggle aria-pressed=false
2026-09-06T03:29:59.261Z [f5596fc6-e06b-42f4-b774-1f66f42ba613][8e8b4eea-e67e-48c2-9a20-218d03b22adb] Opening settings...
2026-09-06T03:29:59.302Z [8baf6220-2c60-4504-a59b-042fc0ffe52c][8e8b4eea-e67e-48c2-9a20-218d03b22adb] Composer ready ✓ (UI language: en)
2026-09-06T03:29:59.330Z [8baf6220-2c60-4504-a59b-042fc0ffe52c][8e8b4eea-e67e-48c2-9a20-218d03b22adb] dismissPopups: unresolved overlay(s) ["DIV[]|btns=","DIV[]|btns="]
2026-09-06T03:29:59.374Z [8baf6220-2c60-4504-a59b-042fc0ffe52c][8e8b4eea-e67e-48c2-9a20-218d03b22adb] Agent toggle aria-pressed=false
2026-09-06T03:29:59.374Z [8baf6220-2c60-4504-a59b-042fc0ffe52c][8e8b4eea-e67e-48c2-9a20-218d03b22adb] Opening settings...
2026-09-06T03:30:01.325Z [8baf6220-2c60-4504-a59b-042fc0ffe52c][8e8b4eea-e67e-48c2-9a20-218d03b22adb] Configuring video settings...
2026-09-06T03:30:01.358Z [8baf6220-2c60-4504-a59b-042fc0ffe52c][8e8b4eea-e67e-48c2-9a20-218d03b22adb] Mode: "videocam Video" already selected ✓
2026-09-06T03:30:01.466Z [f5596fc6-e06b-42f4-b774-1f66f42ba613][8e8b4eea-e67e-48c2-9a20-218d03b22adb] Configuring video settings...
2026-09-06T03:30:01.494Z [f5596fc6-e06b-42f4-b774-1f66f42ba613][8e8b4eea-e67e-48c2-9a20-218d03b22adb] Mode: "videocam Video" already selected ✓
2026-09-06T03:30:03.302Z [8baf6220-2c60-4504-a59b-042fc0ffe52c][8e8b4eea-e67e-48c2-9a20-218d03b22adb] Video type: selected "crop_free Frames" ✓
2026-09-06T03:30:04.167Z [f5596fc6-e06b-42f4-b774-1f66f42ba613][8e8b4eea-e67e-48c2-9a20-218d03b22adb] Video type: selected "crop_free Frames" ✓
2026-09-06T03:30:04.471Z [8baf6220-2c60-4504-a59b-042fc0ffe52c][8e8b4eea-e67e-48c2-9a20-218d03b22adb] Model "Omni 1.1 Flash" already selected ✓ (chip reads "Omni 1.1 Flash")
2026-09-06T03:30:05.160Z [8baf6220-2c60-4504-a59b-042fc0ffe52c][8e8b4eea-e67e-48c2-9a20-218d03b22adb] Aspect ratio: "crop_16_9 16:9" already selected ✓
2026-09-06T03:30:05.188Z [8baf6220-2c60-4504-a59b-042fc0ffe52c][8e8b4eea-e67e-48c2-9a20-218d03b22adb] Video resolution: "720p" already selected ✓
2026-09-06T03:30:05.221Z [8baf6220-2c60-4504-a59b-042fc0ffe52c][8e8b4eea-e67e-48c2-9a20-218d03b22adb] Duration: "8s" already selected ✓
2026-09-06T03:30:05.242Z [8baf6220-2c60-4504-a59b-042fc0ffe52c][8e8b4eea-e67e-48c2-9a20-218d03b22adb] Output count: "x2" already selected ✓
2026-09-06T03:30:05.341Z [f5596fc6-e06b-42f4-b774-1f66f42ba613][8e8b4eea-e67e-48c2-9a20-218d03b22adb] Model "Omni 1.1 Flash" already selected ✓ (chip reads "Omni 1.1 Flash")
2026-09-06T03:30:06.290Z [f5596fc6-e06b-42f4-b774-1f66f42ba613][8e8b4eea-e67e-48c2-9a20-218d03b22adb] Aspect ratio: "crop_16_9 16:9" already selected ✓
2026-09-06T03:30:06.317Z [f5596fc6-e06b-42f4-b774-1f66f42ba613][8e8b4eea-e67e-48c2-9a20-218d03b22adb] Video resolution: "720p" already selected ✓
2026-09-06T03:30:06.353Z [8baf6220-2c60-4504-a59b-042fc0ffe52c][8e8b4eea-e67e-48c2-9a20-218d03b22adb] Start keyframe: downloading from URL...
2026-09-06T03:30:06.355Z [f5596fc6-e06b-42f4-b774-1f66f42ba613][8e8b4eea-e67e-48c2-9a20-218d03b22adb] Duration: "8s" already selected ✓
2026-09-06T03:30:06.398Z [f5596fc6-e06b-42f4-b774-1f66f42ba613][8e8b4eea-e67e-48c2-9a20-218d03b22adb] Output count: "x2" already selected ✓
2026-09-06T03:30:06.596Z [8baf6220-2c60-4504-a59b-042fc0ffe52c][8e8b4eea-e67e-48c2-9a20-218d03b22adb] Downloader: no-proxy request context ready.
2026-09-06T03:30:07.044Z [8baf6220-2c60-4504-a59b-042fc0ffe52c][8e8b4eea-e67e-48c2-9a20-218d03b22adb] Start keyframe: saved 890359 bytes (image/jpeg) as "1788618138567_22643b_fdfbd39c-aa59-4b23-a3ac-5f2ddfb5b1b8_021.jpg"
2026-09-06T03:30:07.078Z [8baf6220-2c60-4504-a59b-042fc0ffe52c][8e8b4eea-e67e-48c2-9a20-218d03b22adb] Start keyframe: setting start keyframe...
2026-09-06T03:30:07.516Z [f5596fc6-e06b-42f4-b774-1f66f42ba613][8e8b4eea-e67e-48c2-9a20-218d03b22adb] Start keyframe: downloading from URL...
2026-09-06T03:30:07.767Z [f5596fc6-e06b-42f4-b774-1f66f42ba613][8e8b4eea-e67e-48c2-9a20-218d03b22adb] Downloader: no-proxy request context ready.
2026-09-06T03:30:08.207Z [f5596fc6-e06b-42f4-b774-1f66f42ba613][8e8b4eea-e67e-48c2-9a20-218d03b22adb] Start keyframe: saved 831470 bytes (image/jpeg) as "1788618295582_2d730a_fdfbd39c-aa59-4b23-a3ac-5f2ddfb5b1b8_c65.jpg"
2026-09-06T03:30:08.239Z [f5596fc6-e06b-42f4-b774-1f66f42ba613][8e8b4eea-e67e-48c2-9a20-218d03b22adb] Start keyframe: setting start keyframe...
2026-09-06T03:30:09.321Z [8baf6220-2c60-4504-a59b-042fc0ffe52c][8e8b4eea-e67e-48c2-9a20-218d03b22adb] Start keyframe: "1788618138567_22643b_fdfbd39c-aa59-4b23-a3ac-5f2ddfb5b1b8_021.jpg" not in the library yet — uploading it first.
2026-09-06T03:30:10.357Z [f5596fc6-e06b-42f4-b774-1f66f42ba613][8e8b4eea-e67e-48c2-9a20-218d03b22adb] Start keyframe: reusing library asset "1788618295582_2d730a_fdfbd39c-aa59-4b23-a3ac-5f2ddfb5b1b8_c65.jpg" (no re-upload).
2026-09-06T03:30:13.666Z [8baf6220-2c60-4504-a59b-042fc0ffe52c][8e8b4eea-e67e-48c2-9a20-218d03b22adb] Start keyframe: uploading "1788618138567_22643b_fdfbd39c-aa59-4b23-a3ac-5f2ddfb5b1b8_021.jpg" to the project library...
2026-09-06T03:30:14.137Z [f5596fc6-e06b-42f4-b774-1f66f42ba613][8e8b4eea-e67e-48c2-9a20-218d03b22adb] Start keyframe: start keyframe attached ✓
2026-09-06T03:30:14.148Z [f5596fc6-e06b-42f4-b774-1f66f42ba613][8e8b4eea-e67e-48c2-9a20-218d03b22adb] Entering prompt...
2026-09-06T03:30:14.718Z [8baf6220-2c60-4504-a59b-042fc0ffe52c][8e8b4eea-e67e-48c2-9a20-218d03b22adb] Start keyframe: upload finished ✓
2026-09-06T03:30:15.882Z [f5596fc6-e06b-42f4-b774-1f66f42ba613][8e8b4eea-e67e-48c2-9a20-218d03b22adb] Prompt is 1524 chars — typing it in 27 chunk(s).
2026-09-06T03:30:20.145Z [76cbe9af-158c-4135-aff7-1741679684fc][8e8b4eea-e67e-48c2-9a20-218d03b22adb] Item 2 (try 1): 1080p saved via the UI download flow.
2026-09-06T03:30:20.188Z [76cbe9af-158c-4135-aff7-1741679684fc][8e8b4eea-e67e-48c2-9a20-218d03b22adb] Item 2: upgraded to 1080p → D:\WINAI\Slow-English-with-Arlo_11_19_cmto8mrp\video_2026-09-06T03-28-37_02.mp4
2026-09-06T03:30:20.189Z [76cbe9af-158c-4135-aff7-1741679684fc][8e8b4eea-e67e-48c2-9a20-218d03b22adb] Uploading 2 video(s) to Xanh...
2026-09-06T03:30:21.354Z [76cbe9af-158c-4135-aff7-1741679684fc][8e8b4eea-e67e-48c2-9a20-218d03b22adb] Item 1: Re-uploaded 1080p → https://studio.xanhmedia.vn/uploads/2026-09/1788665420266_97e0e7_8e8b4eea-e67e-48c2-9a20-218d03b22adb_76c.mp4
2026-09-06T03:30:25.752Z [76cbe9af-158c-4135-aff7-1741679684fc][8e8b4eea-e67e-48c2-9a20-218d03b22adb] Item 2: Re-uploaded 1080p → https://studio.xanhmedia.vn/uploads/2026-09/1788665424651_762be6_8e8b4eea-e67e-48c2-9a20-218d03b22adb_76c.mp4
2026-09-06T03:30:25.752Z [76cbe9af-158c-4135-aff7-1741679684fc][8e8b4eea-e67e-48c2-9a20-218d03b22adb] ✅ 2 item(s) + 1080p saved to Downloads/Win AI Toolkit/
2026-09-06T03:30:25.754Z [76cbe9af-158c-4135-aff7-1741679684fc][8e8b4eea-e67e-48c2-9a20-218d03b22adb] All done (including any 1080p upgrades). Closing Playwright browser context.
2026-09-06T03:30:26.333Z [8baf6220-2c60-4504-a59b-042fc0ffe52c][8e8b4eea-e67e-48c2-9a20-218d03b22adb] Start keyframe: start keyframe attached ✓
2026-09-06T03:30:26.346Z [8baf6220-2c60-4504-a59b-042fc0ffe52c][8e8b4eea-e67e-48c2-9a20-218d03b22adb] Entering prompt...
2026-09-06T03:30:27.172Z [f5596fc6-e06b-42f4-b774-1f66f42ba613][8e8b4eea-e67e-48c2-9a20-218d03b22adb] Prompt insert attempt 1: editor has 1509 chars (want ~1520) ✓
2026-09-06T03:30:27.385Z [5dc5eae3-5bcf-4246-9ad9-0f8dc3b3d233][8e8b4eea-e67e-48c2-9a20-218d03b22adb] runGeneration starting: task_id=5dc5eae3-5bcf-4246-9ad9-0f8dc3b3d233, profile_id=8e8b4eea-e67e-48c2-9a20-218d03b22adb, target_site=google_flow
2026-09-06T03:30:27.387Z [5dc5eae3-5bcf-4246-9ad9-0f8dc3b3d233][8e8b4eea-e67e-48c2-9a20-218d03b22adb] Opening Playwright browser with persistent profile cookies...
2026-09-06T03:30:27.387Z [5dc5eae3-5bcf-4246-9ad9-0f8dc3b3d233][8e8b4eea-e67e-48c2-9a20-218d03b22adb] Browser engine: winhide (C:\Users\Admin\AppData\Roaming\com.tank.winai\winhide\chrome.exe) [hidden off-screen]
2026-09-06T03:30:27.388Z [5dc5eae3-5bcf-4246-9ad9-0f8dc3b3d233][8e8b4eea-e67e-48c2-9a20-218d03b22adb] Launch mode: STEALTH (raw spawn + connectOverCDP)
2026-09-06T03:30:28.483Z [8baf6220-2c60-4504-a59b-042fc0ffe52c][8e8b4eea-e67e-48c2-9a20-218d03b22adb] Prompt is 1268 chars — typing it in 25 chunk(s).
2026-09-06T03:30:29.038Z [5dc5eae3-5bcf-4246-9ad9-0f8dc3b3d233][8e8b4eea-e67e-48c2-9a20-218d03b22adb] Exit IP: 115.74.128.9
2026-09-06T03:30:29.038Z [5dc5eae3-5bcf-4246-9ad9-0f8dc3b3d233][8e8b4eea-e67e-48c2-9a20-218d03b22adb] Navigating browser to Google Flow tools page...
2026-09-06T03:30:29.039Z [5dc5eae3-5bcf-4246-9ad9-0f8dc3b3d233][8e8b4eea-e67e-48c2-9a20-218d03b22adb] Using existing project URL: https://flow.google.com/project/52188b41-ba09-4240-a569-98bde902989b?hl=en
2026-09-06T03:30:29.185Z [f5596fc6-e06b-42f4-b774-1f66f42ba613][8e8b4eea-e67e-48c2-9a20-218d03b22adb] Baseline: 50 pre-existing media tile(s) of 50 mounted (kinds: video,video,video,video,image,video,video,image,video,video,image,video,video,video,video,image,video,video,image,video,video,image,video,video,image,video,video,image,video,video,image,video,video,image,video,video,image,video,video,image,video,video,image,video,video,image,video,video,image,video).
2026-09-06T03:30:29.930Z [5dc5eae3-5bcf-4246-9ad9-0f8dc3b3d233][8e8b4eea-e67e-48c2-9a20-218d03b22adb] Waiting for Google Flow...
2026-09-06T03:30:31.811Z [5dc5eae3-5bcf-4246-9ad9-0f8dc3b3d233][8e8b4eea-e67e-48c2-9a20-218d03b22adb] In existing project ✓
2026-09-06T03:30:32.121Z [44f3744d-03e6-4612-8409-ada6a8263e2a][8e8b4eea-e67e-48c2-9a20-218d03b22adb] Item 1 (try 1): 1080p saved via the UI download flow.
2026-09-06T03:30:32.139Z [f5596fc6-e06b-42f4-b774-1f66f42ba613][8e8b4eea-e67e-48c2-9a20-218d03b22adb] [submit] confirmed (editor "What do you want to ", fresh tile=true).
2026-09-06T03:30:32.228Z [44f3744d-03e6-4612-8409-ada6a8263e2a][8e8b4eea-e67e-48c2-9a20-218d03b22adb] Item 1: upgraded to 1080p → D:\WINAI\Slow-English-with-Arlo_11_20_cmto8mrp\video_2026-09-06T03-29-29_01.mp4
2026-09-06T03:30:32.671Z [f5596fc6-e06b-42f4-b774-1f66f42ba613][8e8b4eea-e67e-48c2-9a20-218d03b22adb] Current Workspace project URL: https://flow.google.com/project/643b808f-7d88-45ee-a818-35d5f8e84fec?hl=en
2026-09-06T03:30:32.672Z [f5596fc6-e06b-42f4-b774-1f66f42ba613][8e8b4eea-e67e-48c2-9a20-218d03b22adb] Submitted ✓ Detecting batch size...
2026-09-06T03:30:32.691Z [f5596fc6-e06b-42f4-b774-1f66f42ba613][8e8b4eea-e67e-48c2-9a20-218d03b22adb] New tile(s) since submit: 0 → 2 (mounted=50)
2026-09-06T03:30:32.884Z [5dc5eae3-5bcf-4246-9ad9-0f8dc3b3d233][8e8b4eea-e67e-48c2-9a20-218d03b22adb] dismissPopups: unresolved overlay(s) ["IFRAME[presentation]|btns="]
2026-09-06T03:30:34.253Z [5dc5eae3-5bcf-4246-9ad9-0f8dc3b3d233][8e8b4eea-e67e-48c2-9a20-218d03b22adb] Composer ready ✓ (UI language: en)
2026-09-06T03:30:34.292Z [5dc5eae3-5bcf-4246-9ad9-0f8dc3b3d233][8e8b4eea-e67e-48c2-9a20-218d03b22adb] dismissPopups: unresolved overlay(s) ["DIV[]|btns=","DIV[]|btns="]
2026-09-06T03:30:34.307Z [5dc5eae3-5bcf-4246-9ad9-0f8dc3b3d233][8e8b4eea-e67e-48c2-9a20-218d03b22adb] Agent toggle aria-pressed=false
2026-09-06T03:30:34.307Z [5dc5eae3-5bcf-4246-9ad9-0f8dc3b3d233][8e8b4eea-e67e-48c2-9a20-218d03b22adb] Opening settings...
2026-09-06T03:30:36.509Z [5dc5eae3-5bcf-4246-9ad9-0f8dc3b3d233][8e8b4eea-e67e-48c2-9a20-218d03b22adb] Configuring video settings...
2026-09-06T03:30:36.541Z [5dc5eae3-5bcf-4246-9ad9-0f8dc3b3d233][8e8b4eea-e67e-48c2-9a20-218d03b22adb] Mode: "videocam Video" already selected ✓
2026-09-06T03:30:36.858Z [f5596fc6-e06b-42f4-b774-1f66f42ba613][8e8b4eea-e67e-48c2-9a20-218d03b22adb] Batch size stabilised at 2 new tile(s)
2026-09-06T03:30:36.858Z [f5596fc6-e06b-42f4-b774-1f66f42ba613][8e8b4eea-e67e-48c2-9a20-218d03b22adb] Batch detected: 2 item(s). Generating...
2026-09-06T03:30:36.859Z [f5596fc6-e06b-42f4-b774-1f66f42ba613][8e8b4eea-e67e-48c2-9a20-218d03b22adb] Polling for 2 video item(s) (baseline=50, hasUpload=true)...
2026-09-06T03:30:36.877Z [f5596fc6-e06b-42f4-b774-1f66f42ba613][8e8b4eea-e67e-48c2-9a20-218d03b22adb] Generating... 0 ready, 0 failed / 2 total (0s) play_circle [HÀNH ĐỘ play_circle [HÀNH ĐỘ
2026-09-06T03:30:38.742Z [5dc5eae3-5bcf-4246-9ad9-0f8dc3b3d233][8e8b4eea-e67e-48c2-9a20-218d03b22adb] Video type: selected "crop_free Frames" ✓
2026-09-06T03:30:39.542Z [5dc5eae3-5bcf-4246-9ad9-0f8dc3b3d233][8e8b4eea-e67e-48c2-9a20-218d03b22adb] Model "Omni 1.1 Flash" already selected ✓ (chip reads "Omni 1.1 Flash")
2026-09-06T03:30:39.904Z [f5596fc6-e06b-42f4-b774-1f66f42ba613][8e8b4eea-e67e-48c2-9a20-218d03b22adb] Generating... 0 ready, 0 failed / 2 total (3s) play_circle [HÀNH ĐỘ play_circle [HÀNH ĐỘ
2026-09-06T03:30:40.138Z [8baf6220-2c60-4504-a59b-042fc0ffe52c][8e8b4eea-e67e-48c2-9a20-218d03b22adb] Prompt insert attempt 1: editor has 1255 chars (want ~1264) ✓
2026-09-06T03:30:40.216Z [5dc5eae3-5bcf-4246-9ad9-0f8dc3b3d233][8e8b4eea-e67e-48c2-9a20-218d03b22adb] Aspect ratio: "crop_16_9 16:9" already selected ✓
2026-09-06T03:30:40.238Z [5dc5eae3-5bcf-4246-9ad9-0f8dc3b3d233][8e8b4eea-e67e-48c2-9a20-218d03b22adb] Video resolution: "720p" already selected ✓
2026-09-06T03:30:40.273Z [5dc5eae3-5bcf-4246-9ad9-0f8dc3b3d233][8e8b4eea-e67e-48c2-9a20-218d03b22adb] Duration: "8s" already selected ✓
2026-09-06T03:30:40.299Z [5dc5eae3-5bcf-4246-9ad9-0f8dc3b3d233][8e8b4eea-e67e-48c2-9a20-218d03b22adb] Output count: "x2" already selected ✓
2026-09-06T03:30:41.550Z [5dc5eae3-5bcf-4246-9ad9-0f8dc3b3d233][8e8b4eea-e67e-48c2-9a20-218d03b22adb] Start keyframe: downloading from URL...
2026-09-06T03:30:41.781Z [5dc5eae3-5bcf-4246-9ad9-0f8dc3b3d233][8e8b4eea-e67e-48c2-9a20-218d03b22adb] Downloader: no-proxy request context ready.
2026-09-06T03:30:41.788Z [8baf6220-2c60-4504-a59b-042fc0ffe52c][8e8b4eea-e67e-48c2-9a20-218d03b22adb] Baseline: 50 pre-existing media tile(s) of 50 mounted (kinds: image,video,video,image,video,video,image,video,video,image,video,video,image,video,video,video,video,video,video,image,video,video,image,video,video,image,video,video,image,video,video,image,video,video,image,video,video,image,video,image,video,video,image,video,video,image,video,video,image,video).
2026-09-06T03:30:42.117Z [5dc5eae3-5bcf-4246-9ad9-0f8dc3b3d233][8e8b4eea-e67e-48c2-9a20-218d03b22adb] Start keyframe: saved 659629 bytes (image/jpeg) as "1788618462777_8cc67d_fdfbd39c-aa59-4b23-a3ac-5f2ddfb5b1b8_8a9.jpg"
2026-09-06T03:30:42.138Z [5dc5eae3-5bcf-4246-9ad9-0f8dc3b3d233][8e8b4eea-e67e-48c2-9a20-218d03b22adb] Start keyframe: setting start keyframe...
2026-09-06T03:30:42.940Z [f5596fc6-e06b-42f4-b774-1f66f42ba613][8e8b4eea-e67e-48c2-9a20-218d03b22adb] Generating... 0 ready, 0 failed / 2 total (6s) play_circle [HÀNH ĐỘ play_circle [HÀNH ĐỘ
2026-09-06T03:30:44.064Z [8baf6220-2c60-4504-a59b-042fc0ffe52c][8e8b4eea-e67e-48c2-9a20-218d03b22adb] [submit] confirmed (editor "What do you want to ", fresh tile=true).
2026-09-06T03:30:44.137Z [5dc5eae3-5bcf-4246-9ad9-0f8dc3b3d233][8e8b4eea-e67e-48c2-9a20-218d03b22adb] Start keyframe: reusing library asset "1788618462777_8cc67d_fdfbd39c-aa59-4b23-a3ac-5f2ddfb5b1b8_8a9.jpg" (no re-upload).
2026-09-06T03:30:44.625Z [8baf6220-2c60-4504-a59b-042fc0ffe52c][8e8b4eea-e67e-48c2-9a20-218d03b22adb] Current Workspace project URL: https://flow.google.com/project/d7006cc3-f9c4-4856-98f4-89ac31f96398?hl=en
2026-09-06T03:30:44.625Z [8baf6220-2c60-4504-a59b-042fc0ffe52c][8e8b4eea-e67e-48c2-9a20-218d03b22adb] Submitted ✓ Detecting batch size...
2026-09-06T03:30:44.641Z [8baf6220-2c60-4504-a59b-042fc0ffe52c][8e8b4eea-e67e-48c2-9a20-218d03b22adb] New tile(s) since submit: 0 → 2 (mounted=50)
2026-09-06T03:30:45.964Z [f5596fc6-e06b-42f4-b774-1f66f42ba613][8e8b4eea-e67e-48c2-9a20-218d03b22adb] Generating... 0 ready, 0 failed / 2 total (9s) play_circle 1% [HÀNH play_circle 0% [HÀNH
2026-09-06T03:30:48.054Z [5dc5eae3-5bcf-4246-9ad9-0f8dc3b3d233][8e8b4eea-e67e-48c2-9a20-218d03b22adb] Start keyframe: start keyframe attached ✓
2026-09-06T03:30:48.071Z [5dc5eae3-5bcf-4246-9ad9-0f8dc3b3d233][8e8b4eea-e67e-48c2-9a20-218d03b22adb] Entering prompt...
2026-09-06T03:30:48.818Z [8baf6220-2c60-4504-a59b-042fc0ffe52c][8e8b4eea-e67e-48c2-9a20-218d03b22adb] Batch size stabilised at 2 new tile(s)
2026-09-06T03:30:48.819Z [8baf6220-2c60-4504-a59b-042fc0ffe52c][8e8b4eea-e67e-48c2-9a20-218d03b22adb] Batch detected: 2 item(s). Generating...
2026-09-06T03:30:48.819Z [8baf6220-2c60-4504-a59b-042fc0ffe52c][8e8b4eea-e67e-48c2-9a20-218d03b22adb] Polling for 2 video item(s) (baseline=50, hasUpload=true)...
2026-09-06T03:30:48.831Z [8baf6220-2c60-4504-a59b-042fc0ffe52c][8e8b4eea-e67e-48c2-9a20-218d03b22adb] Generating... 0 ready, 0 failed / 2 total (0s) play_circle [HÀNH ĐỘ play_circle [HÀNH ĐỘ
2026-09-06T03:30:48.984Z [f5596fc6-e06b-42f4-b774-1f66f42ba613][8e8b4eea-e67e-48c2-9a20-218d03b22adb] Generating... 0 ready, 0 failed / 2 total (12s) play_circle 3% [HÀNH play_circle 4% [HÀNH
2026-09-06T03:30:49.478Z [5dc5eae3-5bcf-4246-9ad9-0f8dc3b3d233][8e8b4eea-e67e-48c2-9a20-218d03b22adb] Prompt is 1542 chars — typing it in 27 chunk(s).
2026-09-06T03:30:51.856Z [8baf6220-2c60-4504-a59b-042fc0ffe52c][8e8b4eea-e67e-48c2-9a20-218d03b22adb] Generating... 0 ready, 0 failed / 2 total (3s) play_circle [HÀNH ĐỘ play_circle [HÀNH ĐỘ
2026-09-06T03:30:52.008Z [f5596fc6-e06b-42f4-b774-1f66f42ba613][8e8b4eea-e67e-48c2-9a20-218d03b22adb] Generating... 0 ready, 0 failed / 2 total (15s) play_circle 6% [HÀNH play_circle 7% [HÀNH
2026-09-06T03:30:54.876Z [8baf6220-2c60-4504-a59b-042fc0ffe52c][8e8b4eea-e67e-48c2-9a20-218d03b22adb] Generating... 0 ready, 0 failed / 2 total (6s) play_circle [HÀNH ĐỘ play_circle [HÀNH ĐỘ
2026-09-06T03:30:55.033Z [f5596fc6-e06b-42f4-b774-1f66f42ba613][8e8b4eea-e67e-48c2-9a20-218d03b22adb] Generating... 0 ready, 0 failed / 2 total (18s) play_circle 8% [HÀNH play_circle 8% [HÀNH
2026-09-06T03:30:57.900Z [8baf6220-2c60-4504-a59b-042fc0ffe52c][8e8b4eea-e67e-48c2-9a20-218d03b22adb] Generating... 0 ready, 0 failed / 2 total (9s) play_circle 1% [HÀNH play_circle 1% [HÀNH
2026-09-06T03:30:58.058Z [f5596fc6-e06b-42f4-b774-1f66f42ba613][8e8b4eea-e67e-48c2-9a20-218d03b22adb] Generating... 0 ready, 0 failed / 2 total (21s) play_circle 11% [HÀN play_circle 11% [HÀN
2026-09-06T03:31:00.916Z [8baf6220-2c60-4504-a59b-042fc0ffe52c][8e8b4eea-e67e-48c2-9a20-218d03b22adb] Generating... 0 ready, 0 failed / 2 total (12s) play_circle 4% [HÀNH play_circle 4% [HÀNH
2026-09-06T03:31:01.074Z [f5596fc6-e06b-42f4-b774-1f66f42ba613][8e8b4eea-e67e-48c2-9a20-218d03b22adb] Generating... 0 ready, 0 failed / 2 total (24s) play_circle 14% [HÀN play_circle 14% [HÀN
2026-09-06T03:31:01.970Z [5dc5eae3-5bcf-4246-9ad9-0f8dc3b3d233][8e8b4eea-e67e-48c2-9a20-218d03b22adb] Prompt insert attempt 1: editor has 1527 chars (want ~1538) ✓
2026-09-06T03:31:03.807Z [5dc5eae3-5bcf-4246-9ad9-0f8dc3b3d233][8e8b4eea-e67e-48c2-9a20-218d03b22adb] Baseline: 50 pre-existing media tile(s) of 50 mounted (kinds: video,video,video,video,image,video,video,image,video,video,image,video,video,video,video,video,video,image,video,video,image,video,video,image,video,video,image,video,video,image,video,video,image,video,video,image,video,video,image,video,video,image,video,video,image,video,video,image,image,video).
2026-09-06T03:31:03.945Z [8baf6220-2c60-4504-a59b-042fc0ffe52c][8e8b4eea-e67e-48c2-9a20-218d03b22adb] Generating... 0 ready, 0 failed / 2 total (15s) play_circle 7% [HÀNH play_circle 7% [HÀNH
2026-09-06T03:31:04.099Z [f5596fc6-e06b-42f4-b774-1f66f42ba613][8e8b4eea-e67e-48c2-9a20-218d03b22adb] Generating... 0 ready, 0 failed / 2 total (27s) play_circle 16% [HÀN play_circle 17% [HÀN
2026-09-06T03:31:05.956Z [5dc5eae3-5bcf-4246-9ad9-0f8dc3b3d233][8e8b4eea-e67e-48c2-9a20-218d03b22adb] [submit] confirmed (editor "What do you want to ", fresh tile=true).
2026-09-06T03:31:06.545Z [5dc5eae3-5bcf-4246-9ad9-0f8dc3b3d233][8e8b4eea-e67e-48c2-9a20-218d03b22adb] Current Workspace project URL: https://flow.google.com/project/52188b41-ba09-4240-a569-98bde902989b?hl=en
2026-09-06T03:31:06.546Z [5dc5eae3-5bcf-4246-9ad9-0f8dc3b3d233][8e8b4eea-e67e-48c2-9a20-218d03b22adb] Submitted ✓ Detecting batch size...
2026-09-06T03:31:06.566Z [5dc5eae3-5bcf-4246-9ad9-0f8dc3b3d233][8e8b4eea-e67e-48c2-9a20-218d03b22adb] New tile(s) since submit: 0 → 2 (mounted=50)
2026-09-06T03:31:06.967Z [8baf6220-2c60-4504-a59b-042fc0ffe52c][8e8b4eea-e67e-48c2-9a20-218d03b22adb] Generating... 0 ready, 0 failed / 2 total (18s) play_circle 9% [HÀNH play_circle 8% [HÀNH
2026-09-06T03:31:07.125Z [f5596fc6-e06b-42f4-b774-1f66f42ba613][8e8b4eea-e67e-48c2-9a20-218d03b22adb] Generating... 0 ready, 0 failed / 2 total (30s) play_circle 19% [HÀN play_circle 19% [HÀN
2026-09-06T03:31:09.991Z [8baf6220-2c60-4504-a59b-042fc0ffe52c][8e8b4eea-e67e-48c2-9a20-218d03b22adb] Generating... 0 ready, 0 failed / 2 total (21s) play_circle 11% [HÀN play_circle 11% [HÀN
2026-09-06T03:31:10.141Z [f5596fc6-e06b-42f4-b774-1f66f42ba613][8e8b4eea-e67e-48c2-9a20-218d03b22adb] Generating... 0 ready, 0 failed / 2 total (33s) play_circle 22% [HÀN play_circle 21% [HÀN
2026-09-06T03:31:10.705Z [5dc5eae3-5bcf-4246-9ad9-0f8dc3b3d233][8e8b4eea-e67e-48c2-9a20-218d03b22adb] Batch size stabilised at 2 new tile(s)
2026-09-06T03:31:10.705Z [5dc5eae3-5bcf-4246-9ad9-0f8dc3b3d233][8e8b4eea-e67e-48c2-9a20-218d03b22adb] Batch detected: 2 item(s). Generating...
2026-09-06T03:31:10.705Z [5dc5eae3-5bcf-4246-9ad9-0f8dc3b3d233][8e8b4eea-e67e-48c2-9a20-218d03b22adb] Polling for 2 video item(s) (baseline=50, hasUpload=true)...
2026-09-06T03:31:10.721Z [5dc5eae3-5bcf-4246-9ad9-0f8dc3b3d233][8e8b4eea-e67e-48c2-9a20-218d03b22adb] Generating... 0 ready, 0 failed / 2 total (0s) play_circle [HÀNH ĐỘ play_circle [HÀNH ĐỘ
2026-09-06T03:31:13.016Z [8baf6220-2c60-4504-a59b-042fc0ffe52c][8e8b4eea-e67e-48c2-9a20-218d03b22adb] Generating... 0 ready, 0 failed / 2 total (24s) play_circle 14% [HÀN play_circle 14% [HÀN
2026-09-06T03:31:13.158Z [f5596fc6-e06b-42f4-b774-1f66f42ba613][8e8b4eea-e67e-48c2-9a20-218d03b22adb] Generating... 0 ready, 0 failed / 2 total (36s) play_circle 100% [HÀ play_circle 23% [HÀN
2026-09-06T03:31:13.739Z [5dc5eae3-5bcf-4246-9ad9-0f8dc3b3d233][8e8b4eea-e67e-48c2-9a20-218d03b22adb] Generating... 0 ready, 0 failed / 2 total (3s) play_circle [HÀNH ĐỘ play_circle [HÀNH ĐỘ
2026-09-06T03:31:16.036Z [8baf6220-2c60-4504-a59b-042fc0ffe52c][8e8b4eea-e67e-48c2-9a20-218d03b22adb] Generating... 0 ready, 0 failed / 2 total (27s) play_circle 17% [HÀN play_circle 17% [HÀN
2026-09-06T03:31:16.174Z [f5596fc6-e06b-42f4-b774-1f66f42ba613][8e8b4eea-e67e-48c2-9a20-218d03b22adb] Generating... 0 ready, 0 failed / 2 total (39s) play_circle 100% [HÀ play_circle 27% [HÀN
2026-09-06T03:31:16.758Z [5dc5eae3-5bcf-4246-9ad9-0f8dc3b3d233][8e8b4eea-e67e-48c2-9a20-218d03b22adb] Generating... 0 ready, 0 failed / 2 total (6s) play_circle [HÀNH ĐỘ play_circle [HÀNH ĐỘ
2026-09-06T03:31:19.058Z [8baf6220-2c60-4504-a59b-042fc0ffe52c][8e8b4eea-e67e-48c2-9a20-218d03b22adb] Generating... 0 ready, 0 failed / 2 total (30s) play_circle 19% [HÀN play_circle 19% [HÀN
2026-09-06T03:31:19.190Z [f5596fc6-e06b-42f4-b774-1f66f42ba613][8e8b4eea-e67e-48c2-9a20-218d03b22adb] Generating... 0 ready, 0 failed / 2 total (42s) [HÀNH ĐỘNG]Arlo đứng play_circle 100% [HÀ
2026-09-06T03:31:19.774Z [5dc5eae3-5bcf-4246-9ad9-0f8dc3b3d233][8e8b4eea-e67e-48c2-9a20-218d03b22adb] Generating... 0 ready, 0 failed / 2 total (9s) play_circle 1% [HÀNH play_circle 0% [HÀNH
2026-09-06T03:31:21.333Z [44f3744d-03e6-4612-8409-ada6a8263e2a][8e8b4eea-e67e-48c2-9a20-218d03b22adb] Item 2 (try 1): 1080p saved via the UI download flow.
2026-09-06T03:31:21.374Z [44f3744d-03e6-4612-8409-ada6a8263e2a][8e8b4eea-e67e-48c2-9a20-218d03b22adb] Item 2: upgraded to 1080p → D:\WINAI\Slow-English-with-Arlo_11_20_cmto8mrp\video_2026-09-06T03-29-29_02.mp4
2026-09-06T03:31:21.375Z [44f3744d-03e6-4612-8409-ada6a8263e2a][8e8b4eea-e67e-48c2-9a20-218d03b22adb] Uploading 2 video(s) to Xanh...
2026-09-06T03:31:22.073Z [8baf6220-2c60-4504-a59b-042fc0ffe52c][8e8b4eea-e67e-48c2-9a20-218d03b22adb] Generating... 0 ready, 0 failed / 2 total (33s) play_circle 22% [HÀN play_circle 22% [HÀN
2026-09-06T03:31:22.208Z [f5596fc6-e06b-42f4-b774-1f66f42ba613][8e8b4eea-e67e-48c2-9a20-218d03b22adb] Generating... 1 ready, 0 failed / 2 total (45s) play_circle 100% [HÀ
2026-09-06T03:31:22.336Z [44f3744d-03e6-4612-8409-ada6a8263e2a][8e8b4eea-e67e-48c2-9a20-218d03b22adb] Item 1: Re-uploaded 1080p → https://studio.xanhmedia.vn/uploads/2026-09/1788665481247_30c5b4_8e8b4eea-e67e-48c2-9a20-218d03b22adb_44f.mp4
2026-09-06T03:31:22.416Z [44f3744d-03e6-4612-8409-ada6a8263e2a][8e8b4eea-e67e-48c2-9a20-218d03b22adb] Item 2: Re-uploaded 1080p → https://studio.xanhmedia.vn/uploads/2026-09/1788665481327_e03529_8e8b4eea-e67e-48c2-9a20-218d03b22adb_44f.mp4
2026-09-06T03:31:22.416Z [44f3744d-03e6-4612-8409-ada6a8263e2a][8e8b4eea-e67e-48c2-9a20-218d03b22adb] ✅ 2 item(s) + 1080p saved to Downloads/Win AI Toolkit/
2026-09-06T03:31:22.418Z [44f3744d-03e6-4612-8409-ada6a8263e2a][8e8b4eea-e67e-48c2-9a20-218d03b22adb] All done (including any 1080p upgrades). Closing Playwright browser context.
2026-09-06T03:31:22.799Z [5dc5eae3-5bcf-4246-9ad9-0f8dc3b3d233][8e8b4eea-e67e-48c2-9a20-218d03b22adb] Generating... 0 ready, 0 failed / 2 total (12s) play_circle 4% [HÀNH play_circle 4% [HÀNH
2026-09-06T03:31:22.860Z [ef333e83-634d-43d8-ad67-bbbdbc6fe64d][8e8b4eea-e67e-48c2-9a20-218d03b22adb] runGeneration starting: task_id=ef333e83-634d-43d8-ad67-bbbdbc6fe64d, profile_id=8e8b4eea-e67e-48c2-9a20-218d03b22adb, target_site=google_flow
2026-09-06T03:31:22.864Z [ef333e83-634d-43d8-ad67-bbbdbc6fe64d][8e8b4eea-e67e-48c2-9a20-218d03b22adb] Opening Playwright browser with persistent profile cookies...
2026-09-06T03:31:22.865Z [ef333e83-634d-43d8-ad67-bbbdbc6fe64d][8e8b4eea-e67e-48c2-9a20-218d03b22adb] Browser engine: winhide (C:\Users\Admin\AppData\Roaming\com.tank.winai\winhide\chrome.exe) [hidden off-screen]
2026-09-06T03:31:22.865Z [ef333e83-634d-43d8-ad67-bbbdbc6fe64d][8e8b4eea-e67e-48c2-9a20-218d03b22adb] Launch mode: STEALTH (raw spawn + connectOverCDP)
2026-09-06T03:31:24.606Z [ef333e83-634d-43d8-ad67-bbbdbc6fe64d][8e8b4eea-e67e-48c2-9a20-218d03b22adb] Exit IP: 115.74.128.9
2026-09-06T03:31:24.607Z [ef333e83-634d-43d8-ad67-bbbdbc6fe64d][8e8b4eea-e67e-48c2-9a20-218d03b22adb] Navigating browser to Google Flow tools page...
2026-09-06T03:31:24.607Z [ef333e83-634d-43d8-ad67-bbbdbc6fe64d][8e8b4eea-e67e-48c2-9a20-218d03b22adb] Using existing project URL: https://flow.google.com/project/5cd39577-897c-41b2-8dc8-7fabdd51c4ed?hl=en
2026-09-06T03:31:25.096Z [8baf6220-2c60-4504-a59b-042fc0ffe52c][8e8b4eea-e67e-48c2-9a20-218d03b22adb] Generating... 0 ready, 0 failed / 2 total (36s) play_circle 100% [HÀ play_circle 23% [HÀN
2026-09-06T03:31:25.242Z [f5596fc6-e06b-42f4-b774-1f66f42ba613][8e8b4eea-e67e-48c2-9a20-218d03b22adb] Generating... 1 ready, 0 failed / 2 total (48s) [HÀNH ĐỘNG]Arlo đứng
2026-09-06T03:31:25.421Z [ef333e83-634d-43d8-ad67-bbbdbc6fe64d][8e8b4eea-e67e-48c2-9a20-218d03b22adb] Waiting for Google Flow...
2026-09-06T03:31:25.821Z [5dc5eae3-5bcf-4246-9ad9-0f8dc3b3d233][8e8b4eea-e67e-48c2-9a20-218d03b22adb] Generating... 0 ready, 0 failed / 2 total (15s) play_circle 7% [HÀNH play_circle 7% [HÀNH
2026-09-06T03:31:27.683Z [ef333e83-634d-43d8-ad67-bbbdbc6fe64d][8e8b4eea-e67e-48c2-9a20-218d03b22adb] In existing project ✓
2026-09-06T03:31:28.116Z [8baf6220-2c60-4504-a59b-042fc0ffe52c][8e8b4eea-e67e-48c2-9a20-218d03b22adb] Generating... 0 ready, 0 failed / 2 total (39s) play_circle 100% [HÀ play_circle 27% [HÀN
2026-09-06T03:31:28.267Z [f5596fc6-e06b-42f4-b774-1f66f42ba613][8e8b4eea-e67e-48c2-9a20-218d03b22adb] Generating... 2 ready, 0 failed / 2 total (51s)
2026-09-06T03:31:28.267Z [f5596fc6-e06b-42f4-b774-1f66f42ba613][8e8b4eea-e67e-48c2-9a20-218d03b22adb] Batch done: 2 ready (target 2), 0 failed, scanned 2.
2026-09-06T03:31:28.267Z [f5596fc6-e06b-42f4-b774-1f66f42ba613][8e8b4eea-e67e-48c2-9a20-218d03b22adb] 2 item(s) ready! Downloading...
2026-09-06T03:31:28.269Z [f5596fc6-e06b-42f4-b774-1f66f42ba613][8e8b4eea-e67e-48c2-9a20-218d03b22adb] Item 1: no video source on the tile yet — hovering it to mount one.
2026-09-06T03:31:28.850Z [5dc5eae3-5bcf-4246-9ad9-0f8dc3b3d233][8e8b4eea-e67e-48c2-9a20-218d03b22adb] Generating... 0 ready, 0 failed / 2 total (18s) play_circle 8% [HÀNH play_circle 9% [HÀNH
2026-09-06T03:31:29.674Z [ef333e83-634d-43d8-ad67-bbbdbc6fe64d][8e8b4eea-e67e-48c2-9a20-218d03b22adb] dismissPopups: unresolved overlay(s) ["DIV[]|btns=","DIV[]|btns="]
2026-09-06T03:31:29.793Z [ef333e83-634d-43d8-ad67-bbbdbc6fe64d][8e8b4eea-e67e-48c2-9a20-218d03b22adb] Composer ready ✓ (UI language: en)
2026-09-06T03:31:29.812Z [ef333e83-634d-43d8-ad67-bbbdbc6fe64d][8e8b4eea-e67e-48c2-9a20-218d03b22adb] dismissPopups: unresolved overlay(s) ["DIV[]|btns=","DIV[]|btns="]
2026-09-06T03:31:29.845Z [ef333e83-634d-43d8-ad67-bbbdbc6fe64d][8e8b4eea-e67e-48c2-9a20-218d03b22adb] Agent toggle aria-pressed=false
2026-09-06T03:31:29.845Z [ef333e83-634d-43d8-ad67-bbbdbc6fe64d][8e8b4eea-e67e-48c2-9a20-218d03b22adb] Opening settings...
2026-09-06T03:31:30.141Z [f5596fc6-e06b-42f4-b774-1f66f42ba613][8e8b4eea-e67e-48c2-9a20-218d03b22adb] Item 1: Downloading from URL https://flow-content.google/video/366f8ca1-9eca-40af-8be1-b9e388af74f6?Expires=1788687070&KeyName=labs-flow-prod-cdn-key&Signature=g3QA48f68oildr2vhxlz9zUfG1k
2026-09-06T03:31:31.142Z [8baf6220-2c60-4504-a59b-042fc0ffe52c][8e8b4eea-e67e-48c2-9a20-218d03b22adb] Generating... 0 ready, 0 failed / 2 total (42s) [HÀNH ĐỘNG]Divider R play_circle 100% [HÀ
2026-09-06T03:31:31.867Z [5dc5eae3-5bcf-4246-9ad9-0f8dc3b3d233][8e8b4eea-e67e-48c2-9a20-218d03b22adb] Generating... 0 ready, 0 failed / 2 total (21s) play_circle 11% [HÀN play_circle 11% [HÀN
2026-09-06T03:31:31.937Z [ef333e83-634d-43d8-ad67-bbbdbc6fe64d][8e8b4eea-e67e-48c2-9a20-218d03b22adb] Configuring video settings...
2026-09-06T03:31:31.966Z [ef333e83-634d-43d8-ad67-bbbdbc6fe64d][8e8b4eea-e67e-48c2-9a20-218d03b22adb] Mode: "videocam Video" already selected ✓
2026-09-06T03:31:32.055Z [f5596fc6-e06b-42f4-b774-1f66f42ba613][8e8b4eea-e67e-48c2-9a20-218d03b22adb] Downloaded 1/2: video_2026-09-06T03-31-28_01.mp4
2026-09-06T03:31:32.056Z [f5596fc6-e06b-42f4-b774-1f66f42ba613][8e8b4eea-e67e-48c2-9a20-218d03b22adb] Item 2: no video source on the tile yet — hovering it to mount one.
2026-09-06T03:31:33.787Z [f5596fc6-e06b-42f4-b774-1f66f42ba613][8e8b4eea-e67e-48c2-9a20-218d03b22adb] Item 2: Downloading from URL https://flow-content.google/video/4c1535cb-128a-4942-b273-d8412d7a084c?Expires=1788687075&KeyName=labs-flow-prod-cdn-key&Signature=cW0dAJJpt2Lp4lkBlPwMyaHJLug
2026-09-06T03:31:34.160Z [8baf6220-2c60-4504-a59b-042fc0ffe52c][8e8b4eea-e67e-48c2-9a20-218d03b22adb] Generating... 1 ready, 0 failed / 2 total (45s) [HÀNH ĐỘNG]Divider R
2026-09-06T03:31:34.802Z [ef333e83-634d-43d8-ad67-bbbdbc6fe64d][8e8b4eea-e67e-48c2-9a20-218d03b22adb] Video type: selected "crop_free Frames" ✓
2026-09-06T03:31:34.892Z [5dc5eae3-5bcf-4246-9ad9-0f8dc3b3d233][8e8b4eea-e67e-48c2-9a20-218d03b22adb] Generating... 0 ready, 0 failed / 2 total (24s) play_circle 14% [HÀN play_circle 14% [HÀN
2026-09-06T03:31:35.145Z [f5596fc6-e06b-42f4-b774-1f66f42ba613][8e8b4eea-e67e-48c2-9a20-218d03b22adb] Downloaded 2/2: video_2026-09-06T03-31-28_02.mp4
2026-09-06T03:31:35.146Z [f5596fc6-e06b-42f4-b774-1f66f42ba613][8e8b4eea-e67e-48c2-9a20-218d03b22adb] ✅ 2 item(s) saved to Downloads/Win AI Toolkit/
2026-09-06T03:31:35.783Z [ef333e83-634d-43d8-ad67-bbbdbc6fe64d][8e8b4eea-e67e-48c2-9a20-218d03b22adb] Model "Omni 1.1 Flash" already selected ✓ (chip reads "Omni 1.1 Flash")
2026-09-06T03:31:36.392Z [ef333e83-634d-43d8-ad67-bbbdbc6fe64d][8e8b4eea-e67e-48c2-9a20-218d03b22adb] Aspect ratio: "crop_16_9 16:9" already selected ✓
2026-09-06T03:31:36.411Z [ef333e83-634d-43d8-ad67-bbbdbc6fe64d][8e8b4eea-e67e-48c2-9a20-218d03b22adb] Video resolution: "720p" already selected ✓
2026-09-06T03:31:36.446Z [ef333e83-634d-43d8-ad67-bbbdbc6fe64d][8e8b4eea-e67e-48c2-9a20-218d03b22adb] Duration: "8s" already selected ✓
2026-09-06T03:31:36.468Z [ef333e83-634d-43d8-ad67-bbbdbc6fe64d][8e8b4eea-e67e-48c2-9a20-218d03b22adb] Output count: "x2" already selected ✓
2026-09-06T03:31:37.183Z [8baf6220-2c60-4504-a59b-042fc0ffe52c][8e8b4eea-e67e-48c2-9a20-218d03b22adb] Generating... 2 ready, 0 failed / 2 total (48s)
2026-09-06T03:31:37.183Z [8baf6220-2c60-4504-a59b-042fc0ffe52c][8e8b4eea-e67e-48c2-9a20-218d03b22adb] Batch done: 2 ready (target 2), 0 failed, scanned 2.
2026-09-06T03:31:37.183Z [8baf6220-2c60-4504-a59b-042fc0ffe52c][8e8b4eea-e67e-48c2-9a20-218d03b22adb] 2 item(s) ready! Downloading...
2026-09-06T03:31:37.184Z [8baf6220-2c60-4504-a59b-042fc0ffe52c][8e8b4eea-e67e-48c2-9a20-218d03b22adb] Item 1: no video source on the tile yet — hovering it to mount one.
2026-09-06T03:31:37.768Z [ef333e83-634d-43d8-ad67-bbbdbc6fe64d][8e8b4eea-e67e-48c2-9a20-218d03b22adb] Start keyframe: downloading from URL...
2026-09-06T03:31:37.920Z [5dc5eae3-5bcf-4246-9ad9-0f8dc3b3d233][8e8b4eea-e67e-48c2-9a20-218d03b22adb] Generating... 0 ready, 0 failed / 2 total (27s) play_circle 17% [HÀN play_circle 16% [HÀN
2026-09-06T03:31:38.033Z [ef333e83-634d-43d8-ad67-bbbdbc6fe64d][8e8b4eea-e67e-48c2-9a20-218d03b22adb] Downloader: no-proxy request context ready.
2026-09-06T03:31:38.465Z [ef333e83-634d-43d8-ad67-bbbdbc6fe64d][8e8b4eea-e67e-48c2-9a20-218d03b22adb] Start keyframe: saved 744351 bytes (image/jpeg) as "1788618725949_b9850d_fdfbd39c-aa59-4b23-a3ac-5f2ddfb5b1b8_4cd.jpg"
2026-09-06T03:31:38.486Z [ef333e83-634d-43d8-ad67-bbbdbc6fe64d][8e8b4eea-e67e-48c2-9a20-218d03b22adb] Start keyframe: setting start keyframe...
2026-09-06T03:31:38.574Z [8baf6220-2c60-4504-a59b-042fc0ffe52c][8e8b4eea-e67e-48c2-9a20-218d03b22adb] Item 1: Downloading from URL https://flow-content.google/video/f4ddbdb5-4fbc-4e86-b546-576ef88ffb67?Expires=1788687082&KeyName=labs-flow-prod-cdn-key&Signature=queDviqElPbQZVBl84zMA646mTw
2026-09-06T03:31:40.138Z [8baf6220-2c60-4504-a59b-042fc0ffe52c][8e8b4eea-e67e-48c2-9a20-218d03b22adb] Downloaded 1/2: video_2026-09-06T03-31-37_01.mp4
2026-09-06T03:31:40.139Z [8baf6220-2c60-4504-a59b-042fc0ffe52c][8e8b4eea-e67e-48c2-9a20-218d03b22adb] Item 2: no video source on the tile yet — hovering it to mount one.
2026-09-06T03:31:40.807Z [ef333e83-634d-43d8-ad67-bbbdbc6fe64d][8e8b4eea-e67e-48c2-9a20-218d03b22adb] Start keyframe: "1788618725949_b9850d_fdfbd39c-aa59-4b23-a3ac-5f2ddfb5b1b8_4cd.jpg" not in the library yet — uploading it first.
2026-09-06T03:31:40.936Z [5dc5eae3-5bcf-4246-9ad9-0f8dc3b3d233][8e8b4eea-e67e-48c2-9a20-218d03b22adb] Generating... 0 ready, 0 failed / 2 total (30s) play_circle 19% [HÀN play_circle 19% [HÀN
2026-09-06T03:31:41.740Z [8baf6220-2c60-4504-a59b-042fc0ffe52c][8e8b4eea-e67e-48c2-9a20-218d03b22adb] Item 2: Downloading from URL https://flow-content.google/video/7ddcc2ef-bf5e-4d4d-8832-7b3f2dc88656?Expires=1788687087&KeyName=labs-flow-prod-cdn-key&Signature=MVvUX6NzdW456uUYp9BH6P_AC8g
2026-09-06T03:31:42.907Z [8baf6220-2c60-4504-a59b-042fc0ffe52c][8e8b4eea-e67e-48c2-9a20-218d03b22adb] Downloaded 2/2: video_2026-09-06T03-31-37_02.mp4
2026-09-06T03:31:42.907Z [8baf6220-2c60-4504-a59b-042fc0ffe52c][8e8b4eea-e67e-48c2-9a20-218d03b22adb] ✅ 2 item(s) saved to Downloads/Win AI Toolkit/
2026-09-06T03:31:43.956Z [5dc5eae3-5bcf-4246-9ad9-0f8dc3b3d233][8e8b4eea-e67e-48c2-9a20-218d03b22adb] Generating... 0 ready, 0 failed / 2 total (33s) play_circle 21% [HÀN play_circle 21% [HÀN
2026-09-06T03:31:44.895Z [ef333e83-634d-43d8-ad67-bbbdbc6fe64d][8e8b4eea-e67e-48c2-9a20-218d03b22adb] Start keyframe: uploading "1788618725949_b9850d_fdfbd39c-aa59-4b23-a3ac-5f2ddfb5b1b8_4cd.jpg" to the project library...
2026-09-06T03:31:45.856Z [ef333e83-634d-43d8-ad67-bbbdbc6fe64d][8e8b4eea-e67e-48c2-9a20-218d03b22adb] Start keyframe: upload finished ✓
2026-09-06T03:31:46.982Z [5dc5eae3-5bcf-4246-9ad9-0f8dc3b3d233][8e8b4eea-e67e-48c2-9a20-218d03b22adb] Generating... 0 ready, 0 failed / 2 total (36s) play_circle 23% [HÀN play_circle 100% [HÀ
2026-09-06T03:31:49.995Z [5dc5eae3-5bcf-4246-9ad9-0f8dc3b3d233][8e8b4eea-e67e-48c2-9a20-218d03b22adb] Generating... 0 ready, 0 failed / 2 total (39s) play_circle 26% [HÀN play_circle 100% [HÀ
2026-09-06T03:31:53.022Z [5dc5eae3-5bcf-4246-9ad9-0f8dc3b3d233][8e8b4eea-e67e-48c2-9a20-218d03b22adb] Generating... 0 ready, 0 failed / 2 total (42s) play_circle 100% [HÀ [HÀNH ĐỘNG]Nessa thấ
2026-09-06T03:31:55.821Z [ef333e83-634d-43d8-ad67-bbbdbc6fe64d][8e8b4eea-e67e-48c2-9a20-218d03b22adb] Start keyframe: start keyframe attached ✓
2026-09-06T03:31:55.834Z [ef333e83-634d-43d8-ad67-bbbdbc6fe64d][8e8b4eea-e67e-48c2-9a20-218d03b22adb] Entering prompt...
2026-09-06T03:31:56.041Z [5dc5eae3-5bcf-4246-9ad9-0f8dc3b3d233][8e8b4eea-e67e-48c2-9a20-218d03b22adb] Generating... 1 ready, 0 failed / 2 total (45s) play_circle 100% [HÀ
2026-09-06T03:31:57.268Z [ef333e83-634d-43d8-ad67-bbbdbc6fe64d][8e8b4eea-e67e-48c2-9a20-218d03b22adb] Prompt is 1394 chars — typing it in 27 chunk(s).
2026-09-06T03:31:59.057Z [5dc5eae3-5bcf-4246-9ad9-0f8dc3b3d233][8e8b4eea-e67e-48c2-9a20-218d03b22adb] Generating... 1 ready, 0 failed / 2 total (48s) [HÀNH ĐỘNG]Nessa thấ
2026-09-06T03:32:02.075Z [5dc5eae3-5bcf-4246-9ad9-0f8dc3b3d233][8e8b4eea-e67e-48c2-9a20-218d03b22adb] Generating... 2 ready, 0 failed / 2 total (51s)
2026-09-06T03:32:02.075Z [5dc5eae3-5bcf-4246-9ad9-0f8dc3b3d233][8e8b4eea-e67e-48c2-9a20-218d03b22adb] Batch done: 2 ready (target 2), 0 failed, scanned 2.
2026-09-06T03:32:02.076Z [5dc5eae3-5bcf-4246-9ad9-0f8dc3b3d233][8e8b4eea-e67e-48c2-9a20-218d03b22adb] 2 item(s) ready! Downloading...
2026-09-06T03:32:02.077Z [5dc5eae3-5bcf-4246-9ad9-0f8dc3b3d233][8e8b4eea-e67e-48c2-9a20-218d03b22adb] Item 1: no video source on the tile yet — hovering it to mount one.
2026-09-06T03:32:03.640Z [5dc5eae3-5bcf-4246-9ad9-0f8dc3b3d233][8e8b4eea-e67e-48c2-9a20-218d03b22adb] Item 1: Downloading from URL https://flow-content.google/video/80f97b98-d00b-445d-b8f3-abbd1ff3a9cf?Expires=1788687109&KeyName=labs-flow-prod-cdn-key&Signature=z2gdmXyQoQHuoP_lHy68YZ3YDEg
2026-09-06T03:32:04.936Z [5dc5eae3-5bcf-4246-9ad9-0f8dc3b3d233][8e8b4eea-e67e-48c2-9a20-218d03b22adb] Downloaded 1/2: video_2026-09-06T03-32-02_01.mp4
2026-09-06T03:32:04.937Z [5dc5eae3-5bcf-4246-9ad9-0f8dc3b3d233][8e8b4eea-e67e-48c2-9a20-218d03b22adb] Item 2: no video source on the tile yet — hovering it to mount one.
2026-09-06T03:32:06.648Z [5dc5eae3-5bcf-4246-9ad9-0f8dc3b3d233][8e8b4eea-e67e-48c2-9a20-218d03b22adb] Item 2: Downloading from URL https://flow-content.google/video/45ecec8d-3749-4a09-be3f-c7bf47822341?Expires=1788687104&KeyName=labs-flow-prod-cdn-key&Signature=UDayvHIszwM9DOKJLoJAW-sF3Ps
2026-09-06T03:32:08.179Z [5dc5eae3-5bcf-4246-9ad9-0f8dc3b3d233][8e8b4eea-e67e-48c2-9a20-218d03b22adb] Downloaded 2/2: video_2026-09-06T03-32-02_02.mp4
2026-09-06T03:32:08.179Z [5dc5eae3-5bcf-4246-9ad9-0f8dc3b3d233][8e8b4eea-e67e-48c2-9a20-218d03b22adb] ✅ 2 item(s) saved to Downloads/Win AI Toolkit/
2026-09-06T03:32:09.632Z [ef333e83-634d-43d8-ad67-bbbdbc6fe64d][8e8b4eea-e67e-48c2-9a20-218d03b22adb] Prompt insert attempt 1: editor has 1381 chars (want ~1390) ✓
2026-09-06T03:32:11.191Z [ef333e83-634d-43d8-ad67-bbbdbc6fe64d][8e8b4eea-e67e-48c2-9a20-218d03b22adb] Baseline: 50 pre-existing media tile(s) of 50 mounted (kinds: image,video,video,image,video,video,image,video,image,video,video,image,video,video,video,video,image,video,video,image,video,video,image,video,video,image,video,video,image,video,video,image,video,video,image,video,video,image,video,video,image,video,video,image,video,video,image,video,video,image).
2026-09-06T03:32:13.668Z [ef333e83-634d-43d8-ad67-bbbdbc6fe64d][8e8b4eea-e67e-48c2-9a20-218d03b22adb] [submit] confirmed (editor "What do you want to ", fresh tile=true).
2026-09-06T03:32:14.318Z [ef333e83-634d-43d8-ad67-bbbdbc6fe64d][8e8b4eea-e67e-48c2-9a20-218d03b22adb] Current Workspace project URL: https://flow.google.com/project/5cd39577-897c-41b2-8dc8-7fabdd51c4ed?hl=en
2026-09-06T03:32:14.318Z [ef333e83-634d-43d8-ad67-bbbdbc6fe64d][8e8b4eea-e67e-48c2-9a20-218d03b22adb] Submitted ✓ Detecting batch size...
2026-09-06T03:32:14.334Z [ef333e83-634d-43d8-ad67-bbbdbc6fe64d][8e8b4eea-e67e-48c2-9a20-218d03b22adb] New tile(s) since submit: 0 → 2 (mounted=50)
2026-09-06T03:32:18.491Z [ef333e83-634d-43d8-ad67-bbbdbc6fe64d][8e8b4eea-e67e-48c2-9a20-218d03b22adb] Batch size stabilised at 2 new tile(s)
2026-09-06T03:32:18.492Z [ef333e83-634d-43d8-ad67-bbbdbc6fe64d][8e8b4eea-e67e-48c2-9a20-218d03b22adb] Batch detected: 2 item(s). Generating...
2026-09-06T03:32:18.492Z [ef333e83-634d-43d8-ad67-bbbdbc6fe64d][8e8b4eea-e67e-48c2-9a20-218d03b22adb] Polling for 2 video item(s) (baseline=50, hasUpload=true)...
2026-09-06T03:32:18.508Z [ef333e83-634d-43d8-ad67-bbbdbc6fe64d][8e8b4eea-e67e-48c2-9a20-218d03b22adb] Generating... 0 ready, 0 failed / 2 total (0s) play_circle [HÀNH ĐỘ play_circle [HÀNH ĐỘ
2026-09-06T03:32:21.535Z [ef333e83-634d-43d8-ad67-bbbdbc6fe64d][8e8b4eea-e67e-48c2-9a20-218d03b22adb] Generating... 0 ready, 0 failed / 2 total (3s) play_circle [HÀNH ĐỘ play_circle [HÀNH ĐỘ
2026-09-06T03:32:24.561Z [ef333e83-634d-43d8-ad67-bbbdbc6fe64d][8e8b4eea-e67e-48c2-9a20-218d03b22adb] Generating... 0 ready, 0 failed / 2 total (6s) play_circle [HÀNH ĐỘ play_circle [HÀNH ĐỘ
2026-09-06T03:32:27.582Z [ef333e83-634d-43d8-ad67-bbbdbc6fe64d][8e8b4eea-e67e-48c2-9a20-218d03b22adb] Generating... 0 ready, 0 failed / 2 total (9s) play_circle 1% [HÀNH play_circle 1% [HÀNH
2026-09-06T03:32:28.874Z [8baf6220-2c60-4504-a59b-042fc0ffe52c][8e8b4eea-e67e-48c2-9a20-218d03b22adb] Item 1 (try 1): 1080p saved via the UI download flow.
2026-09-06T03:32:28.920Z [8baf6220-2c60-4504-a59b-042fc0ffe52c][8e8b4eea-e67e-48c2-9a20-218d03b22adb] Item 1: upgraded to 1080p → D:\WINAI\Slow-English-with-Arlo_11_21_cmto8mrp\video_2026-09-06T03-31-37_01.mp4
2026-09-06T03:32:30.606Z [ef333e83-634d-43d8-ad67-bbbdbc6fe64d][8e8b4eea-e67e-48c2-9a20-218d03b22adb] Generating... 0 ready, 0 failed / 2 total (12s) play_circle 3% [HÀNH play_circle 3% [HÀNH
2026-09-06T03:32:33.635Z [ef333e83-634d-43d8-ad67-bbbdbc6fe64d][8e8b4eea-e67e-48c2-9a20-218d03b22adb] Generating... 0 ready, 0 failed / 2 total (15s) play_circle 7% [HÀNH play_circle 7% [HÀNH
2026-09-06T03:32:36.657Z [ef333e83-634d-43d8-ad67-bbbdbc6fe64d][8e8b4eea-e67e-48c2-9a20-218d03b22adb] Generating... 0 ready, 0 failed / 2 total (18s) play_circle 8% [HÀNH play_circle 9% [HÀNH
2026-09-06T03:32:39.675Z [ef333e83-634d-43d8-ad67-bbbdbc6fe64d][8e8b4eea-e67e-48c2-9a20-218d03b22adb] Generating... 0 ready, 0 failed / 2 total (21s) play_circle 11% [HÀN play_circle 11% [HÀN
2026-09-06T03:32:42.704Z [ef333e83-634d-43d8-ad67-bbbdbc6fe64d][8e8b4eea-e67e-48c2-9a20-218d03b22adb] Generating... 0 ready, 0 failed / 2 total (24s) play_circle 14% [HÀN play_circle 14% [HÀN
2026-09-06T03:32:45.723Z [ef333e83-634d-43d8-ad67-bbbdbc6fe64d][8e8b4eea-e67e-48c2-9a20-218d03b22adb] Generating... 0 ready, 0 failed / 2 total (27s) play_circle 16% [HÀN play_circle 17% [HÀN
2026-09-06T03:32:48.739Z [ef333e83-634d-43d8-ad67-bbbdbc6fe64d][8e8b4eea-e67e-48c2-9a20-218d03b22adb] Generating... 0 ready, 0 failed / 2 total (30s) play_circle 19% [HÀN play_circle 19% [HÀN
2026-09-06T03:32:51.148Z [5dc5eae3-5bcf-4246-9ad9-0f8dc3b3d233][8e8b4eea-e67e-48c2-9a20-218d03b22adb] Item 1 (try 1): 1080p saved via the UI download flow.
2026-09-06T03:32:51.183Z [5dc5eae3-5bcf-4246-9ad9-0f8dc3b3d233][8e8b4eea-e67e-48c2-9a20-218d03b22adb] Item 1: upgraded to 1080p → D:\WINAI\Slow-English-with-Arlo_11_23_cmto8mrp\video_2026-09-06T03-32-02_01.mp4
2026-09-06T03:32:51.764Z [ef333e83-634d-43d8-ad67-bbbdbc6fe64d][8e8b4eea-e67e-48c2-9a20-218d03b22adb] Generating... 0 ready, 0 failed / 2 total (33s) play_circle 21% [HÀN play_circle 22% [HÀN
2026-09-06T03:32:54.789Z [ef333e83-634d-43d8-ad67-bbbdbc6fe64d][8e8b4eea-e67e-48c2-9a20-218d03b22adb] Generating... 0 ready, 0 failed / 2 total (36s) play_circle 24% [HÀN play_circle 23% [HÀN
2026-09-06T03:32:57.808Z [ef333e83-634d-43d8-ad67-bbbdbc6fe64d][8e8b4eea-e67e-48c2-9a20-218d03b22adb] Generating... 0 ready, 0 failed / 2 total (39s) play_circle 26% [HÀN play_circle 27% [HÀN
2026-09-06T03:33:00.826Z [ef333e83-634d-43d8-ad67-bbbdbc6fe64d][8e8b4eea-e67e-48c2-9a20-218d03b22adb] Generating... 0 ready, 0 failed / 2 total (42s) play_circle 28% [HÀN play_circle 29% [HÀN
2026-09-06T03:33:03.848Z [ef333e83-634d-43d8-ad67-bbbdbc6fe64d][8e8b4eea-e67e-48c2-9a20-218d03b22adb] Generating... 0 ready, 0 failed / 2 total (45s) play_circle 100% [HÀ play_circle 100% [HÀ
2026-09-06T03:33:06.858Z [ef333e83-634d-43d8-ad67-bbbdbc6fe64d][8e8b4eea-e67e-48c2-9a20-218d03b22adb] Generating... 0 ready, 0 failed / 2 total (48s) play_circle 100% [HÀ play_circle 100% [HÀ
2026-09-06T03:33:09.887Z [ef333e83-634d-43d8-ad67-bbbdbc6fe64d][8e8b4eea-e67e-48c2-9a20-218d03b22adb] Generating... 0 ready, 0 failed / 2 total (51s) [HÀNH ĐỘNG]Arlo kéo  [HÀNH ĐỘNG]Arlo kéo 
2026-09-06T03:33:12.913Z [ef333e83-634d-43d8-ad67-bbbdbc6fe64d][8e8b4eea-e67e-48c2-9a20-218d03b22adb] Generating... 2 ready, 0 failed / 2 total (54s)
2026-09-06T03:33:12.913Z [ef333e83-634d-43d8-ad67-bbbdbc6fe64d][8e8b4eea-e67e-48c2-9a20-218d03b22adb] Batch done: 2 ready (target 2), 0 failed, scanned 2.
2026-09-06T03:33:12.913Z [ef333e83-634d-43d8-ad67-bbbdbc6fe64d][8e8b4eea-e67e-48c2-9a20-218d03b22adb] 2 item(s) ready! Downloading...
2026-09-06T03:33:12.914Z [ef333e83-634d-43d8-ad67-bbbdbc6fe64d][8e8b4eea-e67e-48c2-9a20-218d03b22adb] Item 1: no video source on the tile yet — hovering it to mount one.
2026-09-06T03:33:13.779Z [8baf6220-2c60-4504-a59b-042fc0ffe52c][8e8b4eea-e67e-48c2-9a20-218d03b22adb] Item 2 (try 1): 1080p saved via the UI download flow.
2026-09-06T03:33:13.862Z [8baf6220-2c60-4504-a59b-042fc0ffe52c][8e8b4eea-e67e-48c2-9a20-218d03b22adb] Item 2: upgraded to 1080p → D:\WINAI\Slow-English-with-Arlo_11_21_cmto8mrp\video_2026-09-06T03-31-37_02.mp4
2026-09-06T03:33:13.862Z [8baf6220-2c60-4504-a59b-042fc0ffe52c][8e8b4eea-e67e-48c2-9a20-218d03b22adb] Uploading 2 video(s) to Xanh...
2026-09-06T03:33:14.336Z [ef333e83-634d-43d8-ad67-bbbdbc6fe64d][8e8b4eea-e67e-48c2-9a20-218d03b22adb] Item 1: Downloading from URL https://flow-content.google/video/1bff7502-b090-48d4-8006-ec7bef3b7186?Expires=1788687182&KeyName=labs-flow-prod-cdn-key&Signature=MtVIpySk_wgFcz3oOnudD9_VS9Q
2026-09-06T03:33:15.052Z [8baf6220-2c60-4504-a59b-042fc0ffe52c][8e8b4eea-e67e-48c2-9a20-218d03b22adb] Item 1: Re-uploaded 1080p → https://studio.xanhmedia.vn/uploads/2026-09/1788665593963_dd2be5_8e8b4eea-e67e-48c2-9a20-218d03b22adb_8ba.mp4
2026-09-06T03:33:15.374Z [ef333e83-634d-43d8-ad67-bbbdbc6fe64d][8e8b4eea-e67e-48c2-9a20-218d03b22adb] Downloaded 1/2: video_2026-09-06T03-33-12_01.mp4
2026-09-06T03:33:15.376Z [ef333e83-634d-43d8-ad67-bbbdbc6fe64d][8e8b4eea-e67e-48c2-9a20-218d03b22adb] Item 2: no video source on the tile yet — hovering it to mount one.
2026-09-06T03:33:17.231Z [ef333e83-634d-43d8-ad67-bbbdbc6fe64d][8e8b4eea-e67e-48c2-9a20-218d03b22adb] Item 2: Downloading from URL https://flow-content.google/video/3526ad12-73c9-4814-a37c-bda2cda3f11f?Expires=1788687182&KeyName=labs-flow-prod-cdn-key&Signature=cea_UsE4IIBQLCjW9WdWZ5pgm8c
2026-09-06T03:33:17.653Z [8baf6220-2c60-4504-a59b-042fc0ffe52c][8e8b4eea-e67e-48c2-9a20-218d03b22adb] Item 2: Re-uploaded 1080p → https://studio.xanhmedia.vn/uploads/2026-09/1788665596575_4205bd_8e8b4eea-e67e-48c2-9a20-218d03b22adb_8ba.mp4
2026-09-06T03:33:17.654Z [8baf6220-2c60-4504-a59b-042fc0ffe52c][8e8b4eea-e67e-48c2-9a20-218d03b22adb] ✅ 2 item(s) + 1080p saved to Downloads/Win AI Toolkit/
2026-09-06T03:33:17.655Z [8baf6220-2c60-4504-a59b-042fc0ffe52c][8e8b4eea-e67e-48c2-9a20-218d03b22adb] All done (including any 1080p upgrades). Closing Playwright browser context.
2026-09-06T03:33:19.077Z [ef333e83-634d-43d8-ad67-bbbdbc6fe64d][8e8b4eea-e67e-48c2-9a20-218d03b22adb] Downloaded 2/2: video_2026-09-06T03-33-12_02.mp4
2026-09-06T03:33:19.077Z [ef333e83-634d-43d8-ad67-bbbdbc6fe64d][8e8b4eea-e67e-48c2-9a20-218d03b22adb] ✅ 2 item(s) saved to Downloads/Win AI Toolkit/
2026-09-06T03:33:19.143Z [53415cc5-ee6a-49f3-a802-9d4a05009bcc][8e8b4eea-e67e-48c2-9a20-218d03b22adb] runGeneration starting: task_id=53415cc5-ee6a-49f3-a802-9d4a05009bcc, profile_id=8e8b4eea-e67e-48c2-9a20-218d03b22adb, target_site=google_flow
2026-09-06T03:33:19.144Z [53415cc5-ee6a-49f3-a802-9d4a05009bcc][8e8b4eea-e67e-48c2-9a20-218d03b22adb] Opening Playwright browser with persistent profile cookies...
2026-09-06T03:33:19.145Z [53415cc5-ee6a-49f3-a802-9d4a05009bcc][8e8b4eea-e67e-48c2-9a20-218d03b22adb] Browser engine: winhide (C:\Users\Admin\AppData\Roaming\com.tank.winai\winhide\chrome.exe) [hidden off-screen]
2026-09-06T03:33:19.146Z [53415cc5-ee6a-49f3-a802-9d4a05009bcc][8e8b4eea-e67e-48c2-9a20-218d03b22adb] Launch mode: STEALTH (raw spawn + connectOverCDP)
2026-09-06T03:33:20.795Z [53415cc5-ee6a-49f3-a802-9d4a05009bcc][8e8b4eea-e67e-48c2-9a20-218d03b22adb] Exit IP: 115.74.128.9
2026-09-06T03:33:20.796Z [53415cc5-ee6a-49f3-a802-9d4a05009bcc][8e8b4eea-e67e-48c2-9a20-218d03b22adb] Navigating browser to Google Flow tools page...
2026-09-06T03:33:20.796Z [53415cc5-ee6a-49f3-a802-9d4a05009bcc][8e8b4eea-e67e-48c2-9a20-218d03b22adb] Using existing project URL: https://flow.google.com/project/d7006cc3-f9c4-4856-98f4-89ac31f96398?hl=en
2026-09-06T03:33:21.618Z [53415cc5-ee6a-49f3-a802-9d4a05009bcc][8e8b4eea-e67e-48c2-9a20-218d03b22adb] Waiting for Google Flow...
2026-09-06T03:33:23.348Z [53415cc5-ee6a-49f3-a802-9d4a05009bcc][8e8b4eea-e67e-48c2-9a20-218d03b22adb] In existing project ✓
2026-09-06T03:33:24.337Z [53415cc5-ee6a-49f3-a802-9d4a05009bcc][8e8b4eea-e67e-48c2-9a20-218d03b22adb] dismissPopups: unresolved overlay(s) ["IFRAME[presentation]|btns="]
2026-09-06T03:33:25.404Z [f5596fc6-e06b-42f4-b774-1f66f42ba613][8e8b4eea-e67e-48c2-9a20-218d03b22adb] Item 1 (try 1): 1080p saved via the UI download flow.
2026-09-06T03:33:25.533Z [f5596fc6-e06b-42f4-b774-1f66f42ba613][8e8b4eea-e67e-48c2-9a20-218d03b22adb] Item 1: upgraded to 1080p → D:\WINAI\Slow-English-with-Arlo_11_22_cmto8mrp\video_2026-09-06T03-31-28_01.mp4
2026-09-06T03:33:25.904Z [53415cc5-ee6a-49f3-a802-9d4a05009bcc][8e8b4eea-e67e-48c2-9a20-218d03b22adb] Composer ready ✓ (UI language: en)
2026-09-06T03:33:25.940Z [53415cc5-ee6a-49f3-a802-9d4a05009bcc][8e8b4eea-e67e-48c2-9a20-218d03b22adb] dismissPopups: unresolved overlay(s) ["DIV[]|btns=","DIV[]|btns="]
2026-09-06T03:33:25.984Z [53415cc5-ee6a-49f3-a802-9d4a05009bcc][8e8b4eea-e67e-48c2-9a20-218d03b22adb] Agent toggle aria-pressed=false
2026-09-06T03:33:25.984Z [53415cc5-ee6a-49f3-a802-9d4a05009bcc][8e8b4eea-e67e-48c2-9a20-218d03b22adb] Opening settings...
2026-09-06T03:33:28.051Z [53415cc5-ee6a-49f3-a802-9d4a05009bcc][8e8b4eea-e67e-48c2-9a20-218d03b22adb] Configuring video settings...
2026-09-06T03:33:28.098Z [53415cc5-ee6a-49f3-a802-9d4a05009bcc][8e8b4eea-e67e-48c2-9a20-218d03b22adb] Mode: "videocam Video" already selected ✓
2026-09-06T03:33:30.525Z [53415cc5-ee6a-49f3-a802-9d4a05009bcc][8e8b4eea-e67e-48c2-9a20-218d03b22adb] Video type: selected "crop_free Frames" ✓
2026-09-06T03:33:31.668Z [53415cc5-ee6a-49f3-a802-9d4a05009bcc][8e8b4eea-e67e-48c2-9a20-218d03b22adb] Model "Omni 1.1 Flash" already selected ✓ (chip reads "Omni 1.1 Flash")
2026-09-06T03:33:32.266Z [53415cc5-ee6a-49f3-a802-9d4a05009bcc][8e8b4eea-e67e-48c2-9a20-218d03b22adb] Aspect ratio: "crop_16_9 16:9" already selected ✓
2026-09-06T03:33:32.294Z [53415cc5-ee6a-49f3-a802-9d4a05009bcc][8e8b4eea-e67e-48c2-9a20-218d03b22adb] Video resolution: "720p" already selected ✓
2026-09-06T03:33:32.325Z [53415cc5-ee6a-49f3-a802-9d4a05009bcc][8e8b4eea-e67e-48c2-9a20-218d03b22adb] Duration: "8s" already selected ✓
2026-09-06T03:33:32.351Z [53415cc5-ee6a-49f3-a802-9d4a05009bcc][8e8b4eea-e67e-48c2-9a20-218d03b22adb] Output count: "x2" already selected ✓
2026-09-06T03:33:33.400Z [53415cc5-ee6a-49f3-a802-9d4a05009bcc][8e8b4eea-e67e-48c2-9a20-218d03b22adb] Start keyframe: downloading from URL...
2026-09-06T03:33:33.637Z [53415cc5-ee6a-49f3-a802-9d4a05009bcc][8e8b4eea-e67e-48c2-9a20-218d03b22adb] Downloader: no-proxy request context ready.
2026-09-06T03:33:34.038Z [53415cc5-ee6a-49f3-a802-9d4a05009bcc][8e8b4eea-e67e-48c2-9a20-218d03b22adb] Start keyframe: saved 917676 bytes (image/jpeg) as "1788618868574_a38535_fdfbd39c-aa59-4b23-a3ac-5f2ddfb5b1b8_dd7.jpg"
2026-09-06T03:33:34.056Z [53415cc5-ee6a-49f3-a802-9d4a05009bcc][8e8b4eea-e67e-48c2-9a20-218d03b22adb] Start keyframe: setting start keyframe...
2026-09-06T03:33:36.333Z [53415cc5-ee6a-49f3-a802-9d4a05009bcc][8e8b4eea-e67e-48c2-9a20-218d03b22adb] Start keyframe: "1788618868574_a38535_fdfbd39c-aa59-4b23-a3ac-5f2ddfb5b1b8_dd7.jpg" not in the library yet — uploading it first.
2026-09-06T03:33:40.285Z [53415cc5-ee6a-49f3-a802-9d4a05009bcc][8e8b4eea-e67e-48c2-9a20-218d03b22adb] Start keyframe: uploading "1788618868574_a38535_fdfbd39c-aa59-4b23-a3ac-5f2ddfb5b1b8_dd7.jpg" to the project library...
2026-09-06T03:33:40.988Z [5dc5eae3-5bcf-4246-9ad9-0f8dc3b3d233][8e8b4eea-e67e-48c2-9a20-218d03b22adb] Item 2 (try 1): 1080p saved via the UI download flow.
2026-09-06T03:33:41.047Z [5dc5eae3-5bcf-4246-9ad9-0f8dc3b3d233][8e8b4eea-e67e-48c2-9a20-218d03b22adb] Item 2: upgraded to 1080p → D:\WINAI\Slow-English-with-Arlo_11_23_cmto8mrp\video_2026-09-06T03-32-02_02.mp4
2026-09-06T03:33:41.048Z [5dc5eae3-5bcf-4246-9ad9-0f8dc3b3d233][8e8b4eea-e67e-48c2-9a20-218d03b22adb] Uploading 2 video(s) to Xanh...
2026-09-06T03:33:41.200Z [53415cc5-ee6a-49f3-a802-9d4a05009bcc][8e8b4eea-e67e-48c2-9a20-218d03b22adb] Start keyframe: upload finished ✓
2026-09-06T03:33:42.401Z [5dc5eae3-5bcf-4246-9ad9-0f8dc3b3d233][8e8b4eea-e67e-48c2-9a20-218d03b22adb] Item 1: Re-uploaded 1080p → https://studio.xanhmedia.vn/uploads/2026-09/1788665621316_189890_8e8b4eea-e67e-48c2-9a20-218d03b22adb_5dc.mp4
2026-09-06T03:33:45.032Z [5dc5eae3-5bcf-4246-9ad9-0f8dc3b3d233][8e8b4eea-e67e-48c2-9a20-218d03b22adb] Item 2: Re-uploaded 1080p → https://studio.xanhmedia.vn/uploads/2026-09/1788665623941_eca929_8e8b4eea-e67e-48c2-9a20-218d03b22adb_5dc.mp4
2026-09-06T03:33:45.033Z [5dc5eae3-5bcf-4246-9ad9-0f8dc3b3d233][8e8b4eea-e67e-48c2-9a20-218d03b22adb] ✅ 2 item(s) + 1080p saved to Downloads/Win AI Toolkit/
2026-09-06T03:33:45.035Z [5dc5eae3-5bcf-4246-9ad9-0f8dc3b3d233][8e8b4eea-e67e-48c2-9a20-218d03b22adb] All done (including any 1080p upgrades). Closing Playwright browser context.
2026-09-06T03:33:46.237Z [8c718485-db12-4dfe-aec3-e39310654a65][8e8b4eea-e67e-48c2-9a20-218d03b22adb] runGeneration starting: task_id=8c718485-db12-4dfe-aec3-e39310654a65, profile_id=8e8b4eea-e67e-48c2-9a20-218d03b22adb, target_site=google_flow
2026-09-06T03:33:46.238Z [8c718485-db12-4dfe-aec3-e39310654a65][8e8b4eea-e67e-48c2-9a20-218d03b22adb] Opening Playwright browser with persistent profile cookies...
2026-09-06T03:33:46.239Z [8c718485-db12-4dfe-aec3-e39310654a65][8e8b4eea-e67e-48c2-9a20-218d03b22adb] Browser engine: winhide (C:\Users\Admin\AppData\Roaming\com.tank.winai\winhide\chrome.exe) [hidden off-screen]
2026-09-06T03:33:46.240Z [8c718485-db12-4dfe-aec3-e39310654a65][8e8b4eea-e67e-48c2-9a20-218d03b22adb] Launch mode: STEALTH (raw spawn + connectOverCDP)
2026-09-06T03:33:48.427Z [8c718485-db12-4dfe-aec3-e39310654a65][8e8b4eea-e67e-48c2-9a20-218d03b22adb] Exit IP: 115.74.128.9
2026-09-06T03:33:48.428Z [8c718485-db12-4dfe-aec3-e39310654a65][8e8b4eea-e67e-48c2-9a20-218d03b22adb] Navigating browser to Google Flow tools page...
2026-09-06T03:33:48.429Z [8c718485-db12-4dfe-aec3-e39310654a65][8e8b4eea-e67e-48c2-9a20-218d03b22adb] Using existing project URL: https://flow.google.com/project/52188b41-ba09-4240-a569-98bde902989b?hl=en
2026-09-06T03:33:49.286Z [8c718485-db12-4dfe-aec3-e39310654a65][8e8b4eea-e67e-48c2-9a20-218d03b22adb] Waiting for Google Flow...
2026-09-06T03:33:51.221Z [8c718485-db12-4dfe-aec3-e39310654a65][8e8b4eea-e67e-48c2-9a20-218d03b22adb] In existing project ✓
2026-09-06T03:33:52.084Z [8c718485-db12-4dfe-aec3-e39310654a65][8e8b4eea-e67e-48c2-9a20-218d03b22adb] dismissPopups: unresolved overlay(s) ["IFRAME[presentation]|btns="]
2026-09-06T03:33:52.314Z [53415cc5-ee6a-49f3-a802-9d4a05009bcc][8e8b4eea-e67e-48c2-9a20-218d03b22adb] Start keyframe: start keyframe attached ✓
2026-09-06T03:33:52.329Z [53415cc5-ee6a-49f3-a802-9d4a05009bcc][8e8b4eea-e67e-48c2-9a20-218d03b22adb] Entering prompt...
2026-09-06T03:33:54.070Z [8c718485-db12-4dfe-aec3-e39310654a65][8e8b4eea-e67e-48c2-9a20-218d03b22adb] Composer ready ✓ (UI language: en)
2026-09-06T03:33:54.088Z [8c718485-db12-4dfe-aec3-e39310654a65][8e8b4eea-e67e-48c2-9a20-218d03b22adb] dismissPopups: unresolved overlay(s) ["DIV[]|btns=","DIV[]|btns="]
2026-09-06T03:33:54.112Z [8c718485-db12-4dfe-aec3-e39310654a65][8e8b4eea-e67e-48c2-9a20-218d03b22adb] Agent toggle aria-pressed=false
2026-09-06T03:33:54.113Z [8c718485-db12-4dfe-aec3-e39310654a65][8e8b4eea-e67e-48c2-9a20-218d03b22adb] Opening settings...
2026-09-06T03:33:54.595Z [53415cc5-ee6a-49f3-a802-9d4a05009bcc][8e8b4eea-e67e-48c2-9a20-218d03b22adb] Prompt is 1353 chars — typing it in 26 chunk(s).
2026-09-06T03:33:56.135Z [8c718485-db12-4dfe-aec3-e39310654a65][8e8b4eea-e67e-48c2-9a20-218d03b22adb] Configuring video settings...
2026-09-06T03:33:56.167Z [8c718485-db12-4dfe-aec3-e39310654a65][8e8b4eea-e67e-48c2-9a20-218d03b22adb] Mode: "videocam Video" already selected ✓
2026-09-06T03:33:59.190Z [8c718485-db12-4dfe-aec3-e39310654a65][8e8b4eea-e67e-48c2-9a20-218d03b22adb] Video type: selected "crop_free Frames" ✓
2026-09-06T03:34:00.150Z [8c718485-db12-4dfe-aec3-e39310654a65][8e8b4eea-e67e-48c2-9a20-218d03b22adb] Model "Omni 1.1 Flash" already selected ✓ (chip reads "Omni 1.1 Flash")
2026-09-06T03:34:01.140Z [8c718485-db12-4dfe-aec3-e39310654a65][8e8b4eea-e67e-48c2-9a20-218d03b22adb] Aspect ratio: "crop_16_9 16:9" already selected ✓
2026-09-06T03:34:01.167Z [8c718485-db12-4dfe-aec3-e39310654a65][8e8b4eea-e67e-48c2-9a20-218d03b22adb] Video resolution: "720p" already selected ✓
2026-09-06T03:34:01.200Z [8c718485-db12-4dfe-aec3-e39310654a65][8e8b4eea-e67e-48c2-9a20-218d03b22adb] Duration: "8s" already selected ✓
2026-09-06T03:34:01.222Z [8c718485-db12-4dfe-aec3-e39310654a65][8e8b4eea-e67e-48c2-9a20-218d03b22adb] Output count: "x2" already selected ✓
2026-09-06T03:34:02.230Z [8c718485-db12-4dfe-aec3-e39310654a65][8e8b4eea-e67e-48c2-9a20-218d03b22adb] Entering prompt...
2026-09-06T03:34:03.733Z [8c718485-db12-4dfe-aec3-e39310654a65][8e8b4eea-e67e-48c2-9a20-218d03b22adb] Prompt is 1465 chars — typing it in 28 chunk(s).
2026-09-06T03:34:06.496Z [53415cc5-ee6a-49f3-a802-9d4a05009bcc][8e8b4eea-e67e-48c2-9a20-218d03b22adb] Prompt insert attempt 1: editor has 1340 chars (want ~1349) ✓
2026-09-06T03:34:08.343Z [53415cc5-ee6a-49f3-a802-9d4a05009bcc][8e8b4eea-e67e-48c2-9a20-218d03b22adb] Baseline: 50 pre-existing media tile(s) of 50 mounted (kinds: image,video,video,image,video,video,image,video,video,image,video,video,image,video,video,image,video,video,video,video,video,video,image,video,video,image,video,video,image,video,video,image,video,video,image,video,video,image,video,video,image,video,image,video,video,image,video,video,image,video).
2026-09-06T03:34:10.527Z [53415cc5-ee6a-49f3-a802-9d4a05009bcc][8e8b4eea-e67e-48c2-9a20-218d03b22adb] [submit] confirmed (editor "What do you want to ", fresh tile=true).
2026-09-06T03:34:11.253Z [53415cc5-ee6a-49f3-a802-9d4a05009bcc][8e8b4eea-e67e-48c2-9a20-218d03b22adb] Current Workspace project URL: https://flow.google.com/project/d7006cc3-f9c4-4856-98f4-89ac31f96398?hl=en
2026-09-06T03:34:11.253Z [53415cc5-ee6a-49f3-a802-9d4a05009bcc][8e8b4eea-e67e-48c2-9a20-218d03b22adb] Submitted ✓ Detecting batch size...
2026-09-06T03:34:11.269Z [53415cc5-ee6a-49f3-a802-9d4a05009bcc][8e8b4eea-e67e-48c2-9a20-218d03b22adb] New tile(s) since submit: 0 → 2 (mounted=50)
2026-09-06T03:34:15.399Z [53415cc5-ee6a-49f3-a802-9d4a05009bcc][8e8b4eea-e67e-48c2-9a20-218d03b22adb] Batch size stabilised at 2 new tile(s)
2026-09-06T03:34:15.400Z [53415cc5-ee6a-49f3-a802-9d4a05009bcc][8e8b4eea-e67e-48c2-9a20-218d03b22adb] Batch detected: 2 item(s). Generating...
2026-09-06T03:34:15.400Z [53415cc5-ee6a-49f3-a802-9d4a05009bcc][8e8b4eea-e67e-48c2-9a20-218d03b22adb] Polling for 2 video item(s) (baseline=50, hasUpload=true)...
2026-09-06T03:34:15.413Z [53415cc5-ee6a-49f3-a802-9d4a05009bcc][8e8b4eea-e67e-48c2-9a20-218d03b22adb] Generating... 0 ready, 0 failed / 2 total (0s) play_circle [HÀNH ĐỘ play_circle [HÀNH ĐỘ
2026-09-06T03:34:16.169Z [8c718485-db12-4dfe-aec3-e39310654a65][8e8b4eea-e67e-48c2-9a20-218d03b22adb] Prompt insert attempt 1: editor has 1450 chars (want ~1461) ✓
2026-09-06T03:34:17.852Z [8c718485-db12-4dfe-aec3-e39310654a65][8e8b4eea-e67e-48c2-9a20-218d03b22adb] Baseline: 50 pre-existing media tile(s) of 50 mounted (kinds: video,video,video,video,video,video,image,video,video,image,video,video,image,video,video,video,video,video,video,image,video,video,image,video,video,image,video,video,image,video,video,image,video,video,image,video,video,image,video,video,image,video,video,image,video,video,image,video,video,image).
2026-09-06T03:34:18.436Z [53415cc5-ee6a-49f3-a802-9d4a05009bcc][8e8b4eea-e67e-48c2-9a20-218d03b22adb] Generating... 0 ready, 0 failed / 2 total (3s) play_circle [HÀNH ĐỘ play_circle [HÀNH ĐỘ
2026-09-06T03:34:20.232Z [8c718485-db12-4dfe-aec3-e39310654a65][8e8b4eea-e67e-48c2-9a20-218d03b22adb] [submit] confirmed (editor "What do you want to ", fresh tile=true).
2026-09-06T03:34:20.840Z [8c718485-db12-4dfe-aec3-e39310654a65][8e8b4eea-e67e-48c2-9a20-218d03b22adb] Current Workspace project URL: https://flow.google.com/project/52188b41-ba09-4240-a569-98bde902989b?hl=en
2026-09-06T03:34:20.841Z [8c718485-db12-4dfe-aec3-e39310654a65][8e8b4eea-e67e-48c2-9a20-218d03b22adb] Submitted ✓ Detecting batch size...
2026-09-06T03:34:20.853Z [8c718485-db12-4dfe-aec3-e39310654a65][8e8b4eea-e67e-48c2-9a20-218d03b22adb] New tile(s) since submit: 0 → 2 (mounted=50)
2026-09-06T03:34:21.456Z [53415cc5-ee6a-49f3-a802-9d4a05009bcc][8e8b4eea-e67e-48c2-9a20-218d03b22adb] Generating... 0 ready, 0 failed / 2 total (6s) play_circle [HÀNH ĐỘ play_circle [HÀNH ĐỘ
2026-09-06T03:34:23.520Z [f5596fc6-e06b-42f4-b774-1f66f42ba613][8e8b4eea-e67e-48c2-9a20-218d03b22adb] Item 2 (try 1): 1080p saved via the UI download flow.
2026-09-06T03:34:23.568Z [f5596fc6-e06b-42f4-b774-1f66f42ba613][8e8b4eea-e67e-48c2-9a20-218d03b22adb] Item 2: upgraded to 1080p → D:\WINAI\Slow-English-with-Arlo_11_22_cmto8mrp\video_2026-09-06T03-31-28_02.mp4
2026-09-06T03:34:23.569Z [f5596fc6-e06b-42f4-b774-1f66f42ba613][8e8b4eea-e67e-48c2-9a20-218d03b22adb] Uploading 2 video(s) to Xanh...
2026-09-06T03:34:24.484Z [53415cc5-ee6a-49f3-a802-9d4a05009bcc][8e8b4eea-e67e-48c2-9a20-218d03b22adb] Generating... 0 ready, 0 failed / 2 total (9s) play_circle 0% [HÀNH play_circle 1% [HÀNH
2026-09-06T03:34:24.599Z [f5596fc6-e06b-42f4-b774-1f66f42ba613][8e8b4eea-e67e-48c2-9a20-218d03b22adb] Item 1: Re-uploaded 1080p → https://studio.xanhmedia.vn/uploads/2026-09/1788665663504_375e6e_8e8b4eea-e67e-48c2-9a20-218d03b22adb_f55.mp4
2026-09-06T03:34:24.782Z [f5596fc6-e06b-42f4-b774-1f66f42ba613][8e8b4eea-e67e-48c2-9a20-218d03b22adb] Item 2: Re-uploaded 1080p → https://studio.xanhmedia.vn/uploads/2026-09/1788665663672_cc2e96_8e8b4eea-e67e-48c2-9a20-218d03b22adb_f55.mp4
2026-09-06T03:34:24.782Z [f5596fc6-e06b-42f4-b774-1f66f42ba613][8e8b4eea-e67e-48c2-9a20-218d03b22adb] ✅ 2 item(s) + 1080p saved to Downloads/Win AI Toolkit/
2026-09-06T03:34:24.784Z [f5596fc6-e06b-42f4-b774-1f66f42ba613][8e8b4eea-e67e-48c2-9a20-218d03b22adb] All done (including any 1080p upgrades). Closing Playwright browser context.
2026-09-06T03:34:25.003Z [8c718485-db12-4dfe-aec3-e39310654a65][8e8b4eea-e67e-48c2-9a20-218d03b22adb] Batch size stabilised at 2 new tile(s)
2026-09-06T03:34:25.004Z [8c718485-db12-4dfe-aec3-e39310654a65][8e8b4eea-e67e-48c2-9a20-218d03b22adb] Batch detected: 2 item(s). Generating...
2026-09-06T03:34:25.004Z [8c718485-db12-4dfe-aec3-e39310654a65][8e8b4eea-e67e-48c2-9a20-218d03b22adb] Polling for 2 video item(s) (baseline=50, hasUpload=false)...
2026-09-06T03:34:25.021Z [8c718485-db12-4dfe-aec3-e39310654a65][8e8b4eea-e67e-48c2-9a20-218d03b22adb] Generating... 0 ready, 0 failed / 2 total (0s) play_circle [HÀNH ĐỘ play_circle [HÀNH ĐỘ
2026-09-06T03:34:25.382Z [05945e3c-123b-4971-9584-f1b7ae102293][8e8b4eea-e67e-48c2-9a20-218d03b22adb] runGeneration starting: task_id=05945e3c-123b-4971-9584-f1b7ae102293, profile_id=8e8b4eea-e67e-48c2-9a20-218d03b22adb, target_site=google_flow
2026-09-06T03:34:25.383Z [05945e3c-123b-4971-9584-f1b7ae102293][8e8b4eea-e67e-48c2-9a20-218d03b22adb] Opening Playwright browser with persistent profile cookies...
2026-09-06T03:34:25.383Z [05945e3c-123b-4971-9584-f1b7ae102293][8e8b4eea-e67e-48c2-9a20-218d03b22adb] Browser engine: winhide (C:\Users\Admin\AppData\Roaming\com.tank.winai\winhide\chrome.exe) [hidden off-screen]
2026-09-06T03:34:25.383Z [05945e3c-123b-4971-9584-f1b7ae102293][8e8b4eea-e67e-48c2-9a20-218d03b22adb] Launch mode: STEALTH (raw spawn + connectOverCDP)
2026-09-06T03:34:27.148Z [05945e3c-123b-4971-9584-f1b7ae102293][8e8b4eea-e67e-48c2-9a20-218d03b22adb] Exit IP: 115.74.128.9
2026-09-06T03:34:27.148Z [05945e3c-123b-4971-9584-f1b7ae102293][8e8b4eea-e67e-48c2-9a20-218d03b22adb] Navigating browser to Google Flow tools page...
2026-09-06T03:34:27.149Z [05945e3c-123b-4971-9584-f1b7ae102293][8e8b4eea-e67e-48c2-9a20-218d03b22adb] Using existing project URL: https://flow.google.com/project/643b808f-7d88-45ee-a818-35d5f8e84fec?hl=en
2026-09-06T03:34:27.507Z [53415cc5-ee6a-49f3-a802-9d4a05009bcc][8e8b4eea-e67e-48c2-9a20-218d03b22adb] Generating... 0 ready, 0 failed / 2 total (12s) play_circle 4% [HÀNH play_circle 4% [HÀNH
2026-09-06T03:34:28.043Z [8c718485-db12-4dfe-aec3-e39310654a65][8e8b4eea-e67e-48c2-9a20-218d03b22adb] Generating... 0 ready, 0 failed / 2 total (3s) play_circle [HÀNH ĐỘ play_circle [HÀNH ĐỘ
2026-09-06T03:34:28.252Z [05945e3c-123b-4971-9584-f1b7ae102293][8e8b4eea-e67e-48c2-9a20-218d03b22adb] Waiting for Google Flow...
2026-09-06T03:34:30.410Z [05945e3c-123b-4971-9584-f1b7ae102293][8e8b4eea-e67e-48c2-9a20-218d03b22adb] In existing project ✓
2026-09-06T03:34:30.526Z [53415cc5-ee6a-49f3-a802-9d4a05009bcc][8e8b4eea-e67e-48c2-9a20-218d03b22adb] Generating... 0 ready, 0 failed / 2 total (15s) play_circle 6% [HÀNH play_circle 6% [HÀNH
2026-09-06T03:34:31.069Z [8c718485-db12-4dfe-aec3-e39310654a65][8e8b4eea-e67e-48c2-9a20-218d03b22adb] Generating... 0 ready, 0 failed / 2 total (6s) play_circle 0% [HÀNH play_circle 0% [HÀNH
2026-09-06T03:34:32.519Z [05945e3c-123b-4971-9584-f1b7ae102293][8e8b4eea-e67e-48c2-9a20-218d03b22adb] dismissPopups: unresolved overlay(s) ["DIV[]|btns=","DIV[]|btns="]
2026-09-06T03:34:32.663Z [05945e3c-123b-4971-9584-f1b7ae102293][8e8b4eea-e67e-48c2-9a20-218d03b22adb] Composer ready ✓ (UI language: en)
2026-09-06T03:34:32.700Z [05945e3c-123b-4971-9584-f1b7ae102293][8e8b4eea-e67e-48c2-9a20-218d03b22adb] dismissPopups: unresolved overlay(s) ["DIV[]|btns=","DIV[]|btns="]
2026-09-06T03:34:32.727Z [05945e3c-123b-4971-9584-f1b7ae102293][8e8b4eea-e67e-48c2-9a20-218d03b22adb] Agent toggle aria-pressed=false
2026-09-06T03:34:32.728Z [05945e3c-123b-4971-9584-f1b7ae102293][8e8b4eea-e67e-48c2-9a20-218d03b22adb] Opening settings...
2026-09-06T03:34:33.551Z [53415cc5-ee6a-49f3-a802-9d4a05009bcc][8e8b4eea-e67e-48c2-9a20-218d03b22adb] Generating... 0 ready, 0 failed / 2 total (18s) play_circle 9% [HÀNH play_circle 8% [HÀNH
2026-09-06T03:34:34.087Z [8c718485-db12-4dfe-aec3-e39310654a65][8e8b4eea-e67e-48c2-9a20-218d03b22adb] Generating... 0 ready, 0 failed / 2 total (9s) play_circle 3% [HÀNH play_circle 3% [HÀNH
2026-09-06T03:34:34.594Z [05945e3c-123b-4971-9584-f1b7ae102293][8e8b4eea-e67e-48c2-9a20-218d03b22adb] Configuring video settings...
2026-09-06T03:34:34.642Z [05945e3c-123b-4971-9584-f1b7ae102293][8e8b4eea-e67e-48c2-9a20-218d03b22adb] Mode: "videocam Video" already selected ✓
2026-09-06T03:34:36.582Z [53415cc5-ee6a-49f3-a802-9d4a05009bcc][8e8b4eea-e67e-48c2-9a20-218d03b22adb] Generating... 0 ready, 0 failed / 2 total (21s) play_circle 11% [HÀN play_circle 10% [HÀN
2026-09-06T03:34:37.102Z [8c718485-db12-4dfe-aec3-e39310654a65][8e8b4eea-e67e-48c2-9a20-218d03b22adb] Generating... 0 ready, 0 failed / 2 total (12s) play_circle 5% [HÀNH play_circle 5% [HÀNH
2026-09-06T03:34:37.442Z [05945e3c-123b-4971-9584-f1b7ae102293][8e8b4eea-e67e-48c2-9a20-218d03b22adb] Video type: selected "crop_free Frames" ✓
2026-09-06T03:34:38.101Z [ef333e83-634d-43d8-ad67-bbbdbc6fe64d][8e8b4eea-e67e-48c2-9a20-218d03b22adb] Item 1 (try 1): 1080p saved via the UI download flow.
2026-09-06T03:34:38.140Z [ef333e83-634d-43d8-ad67-bbbdbc6fe64d][8e8b4eea-e67e-48c2-9a20-218d03b22adb] Item 1: upgraded to 1080p → D:\WINAI\Slow-English-with-Arlo_11_24_cmto8mrp\video_2026-09-06T03-33-12_01.mp4
2026-09-06T03:34:38.351Z [05945e3c-123b-4971-9584-f1b7ae102293][8e8b4eea-e67e-48c2-9a20-218d03b22adb] Model "Omni 1.1 Flash" already selected ✓ (chip reads "Omni 1.1 Flash")
2026-09-06T03:34:39.274Z [05945e3c-123b-4971-9584-f1b7ae102293][8e8b4eea-e67e-48c2-9a20-218d03b22adb] Aspect ratio: "crop_16_9 16:9" already selected ✓
2026-09-06T03:34:39.297Z [05945e3c-123b-4971-9584-f1b7ae102293][8e8b4eea-e67e-48c2-9a20-218d03b22adb] Video resolution: "720p" already selected ✓
2026-09-06T03:34:39.328Z [05945e3c-123b-4971-9584-f1b7ae102293][8e8b4eea-e67e-48c2-9a20-218d03b22adb] Duration: "8s" already selected ✓
2026-09-06T03:34:39.348Z [05945e3c-123b-4971-9584-f1b7ae102293][8e8b4eea-e67e-48c2-9a20-218d03b22adb] Output count: "x2" already selected ✓
2026-09-06T03:34:39.608Z [53415cc5-ee6a-49f3-a802-9d4a05009bcc][8e8b4eea-e67e-48c2-9a20-218d03b22adb] Generating... 0 ready, 0 failed / 2 total (24s) play_circle 13% [HÀN play_circle 13% [HÀN
2026-09-06T03:34:40.123Z [8c718485-db12-4dfe-aec3-e39310654a65][8e8b4eea-e67e-48c2-9a20-218d03b22adb] Generating... 0 ready, 0 failed / 2 total (15s) play_circle 8% [HÀNH play_circle 7% [HÀNH
2026-09-06T03:34:40.393Z [05945e3c-123b-4971-9584-f1b7ae102293][8e8b4eea-e67e-48c2-9a20-218d03b22adb] Start keyframe: downloading from URL...
2026-09-06T03:34:40.624Z [05945e3c-123b-4971-9584-f1b7ae102293][8e8b4eea-e67e-48c2-9a20-218d03b22adb] Downloader: no-proxy request context ready.
2026-09-06T03:34:40.965Z [05945e3c-123b-4971-9584-f1b7ae102293][8e8b4eea-e67e-48c2-9a20-218d03b22adb] Start keyframe: saved 905015 bytes (image/jpeg) as "1788619301200_ecbd0b_fdfbd39c-aa59-4b23-a3ac-5f2ddfb5b1b8_f00.jpg"
2026-09-06T03:34:40.982Z [05945e3c-123b-4971-9584-f1b7ae102293][8e8b4eea-e67e-48c2-9a20-218d03b22adb] Start keyframe: setting start keyframe...
2026-09-06T03:34:42.631Z [53415cc5-ee6a-49f3-a802-9d4a05009bcc][8e8b4eea-e67e-48c2-9a20-218d03b22adb] Generating... 0 ready, 0 failed / 2 total (27s) play_circle 15% [HÀN play_circle 15% [HÀN
2026-09-06T03:34:42.832Z [05945e3c-123b-4971-9584-f1b7ae102293][8e8b4eea-e67e-48c2-9a20-218d03b22adb] Start keyframe: reusing library asset "1788619301200_ecbd0b_fdfbd39c-aa59-4b23-a3ac-5f2ddfb5b1b8_f00.jpg" (no re-upload).
2026-09-06T03:34:43.147Z [8c718485-db12-4dfe-aec3-e39310654a65][8e8b4eea-e67e-48c2-9a20-218d03b22adb] Generating... 0 ready, 0 failed / 2 total (18s) play_circle 10% [HÀN play_circle 10% [HÀN
2026-09-06T03:34:45.532Z [05945e3c-123b-4971-9584-f1b7ae102293][8e8b4eea-e67e-48c2-9a20-218d03b22adb] Start keyframe: start keyframe attached ✓
2026-09-06T03:34:45.546Z [05945e3c-123b-4971-9584-f1b7ae102293][8e8b4eea-e67e-48c2-9a20-218d03b22adb] Entering prompt...
2026-09-06T03:34:45.657Z [53415cc5-ee6a-49f3-a802-9d4a05009bcc][8e8b4eea-e67e-48c2-9a20-218d03b22adb] Generating... 0 ready, 0 failed / 2 total (30s) play_circle 19% [HÀN play_circle 19% [HÀN
2026-09-06T03:34:46.169Z [8c718485-db12-4dfe-aec3-e39310654a65][8e8b4eea-e67e-48c2-9a20-218d03b22adb] Generating... 0 ready, 0 failed / 2 total (21s) play_circle 13% [HÀN play_circle 13% [HÀN
2026-09-06T03:34:47.185Z [05945e3c-123b-4971-9584-f1b7ae102293][8e8b4eea-e67e-48c2-9a20-218d03b22adb] Prompt is 1351 chars — typing it in 24 chunk(s).
2026-09-06T03:34:48.678Z [53415cc5-ee6a-49f3-a802-9d4a05009bcc][8e8b4eea-e67e-48c2-9a20-218d03b22adb] Generating... 0 ready, 0 failed / 2 total (33s) play_circle 20% [HÀN play_circle 20% [HÀN
2026-09-06T03:34:49.192Z [8c718485-db12-4dfe-aec3-e39310654a65][8e8b4eea-e67e-48c2-9a20-218d03b22adb] Generating... 0 ready, 0 failed / 2 total (24s) play_circle 14% [HÀN play_circle 15% [HÀN
2026-09-06T03:34:51.694Z [53415cc5-ee6a-49f3-a802-9d4a05009bcc][8e8b4eea-e67e-48c2-9a20-218d03b22adb] Generating... 0 ready, 0 failed / 2 total (36s) play_circle 23% [HÀN play_circle 23% [HÀN
2026-09-06T03:34:52.218Z [8c718485-db12-4dfe-aec3-e39310654a65][8e8b4eea-e67e-48c2-9a20-218d03b22adb] Generating... 0 ready, 0 failed / 2 total (27s) play_circle 18% [HÀN play_circle 18% [HÀN
2026-09-06T03:34:54.707Z [53415cc5-ee6a-49f3-a802-9d4a05009bcc][8e8b4eea-e67e-48c2-9a20-218d03b22adb] Generating... 0 ready, 0 failed / 2 total (39s) play_circle 25% [HÀN play_circle 26% [HÀN
2026-09-06T03:34:55.240Z [8c718485-db12-4dfe-aec3-e39310654a65][8e8b4eea-e67e-48c2-9a20-218d03b22adb] Generating... 0 ready, 0 failed / 2 total (30s) play_circle 20% [HÀN play_circle 20% [HÀN
2026-09-06T03:34:57.719Z [53415cc5-ee6a-49f3-a802-9d4a05009bcc][8e8b4eea-e67e-48c2-9a20-218d03b22adb] Generating... 0 ready, 0 failed / 2 total (42s) play_circle 100% [HÀ play_circle 100% [HÀ
2026-09-06T03:34:58.268Z [8c718485-db12-4dfe-aec3-e39310654a65][8e8b4eea-e67e-48c2-9a20-218d03b22adb] Generating... 0 ready, 0 failed / 2 total (33s) play_circle 22% [HÀN play_circle 22% [HÀN
2026-09-06T03:34:58.626Z [05945e3c-123b-4971-9584-f1b7ae102293][8e8b4eea-e67e-48c2-9a20-218d03b22adb] Prompt insert attempt 1: editor has 1338 chars (want ~1347) ✓
2026-09-06T03:35:00.261Z [05945e3c-123b-4971-9584-f1b7ae102293][8e8b4eea-e67e-48c2-9a20-218d03b22adb] Baseline: 50 pre-existing media tile(s) of 50 mounted (kinds: video,video,video,video,video,video,image,video,video,image,video,video,image,video,video,video,video,image,video,video,image,video,video,image,video,video,image,video,video,image,video,video,image,video,video,image,video,video,image,video,video,image,video,video,image,video,video,image,video,video).
2026-09-06T03:35:00.748Z [53415cc5-ee6a-49f3-a802-9d4a05009bcc][8e8b4eea-e67e-48c2-9a20-218d03b22adb] Generating... 0 ready, 0 failed / 2 total (45s) play_circle 100% [HÀ play_circle 100% [HÀ
2026-09-06T03:35:01.299Z [8c718485-db12-4dfe-aec3-e39310654a65][8e8b4eea-e67e-48c2-9a20-218d03b22adb] Generating... 0 ready, 0 failed / 2 total (36s) play_circle 25% [HÀN play_circle 25% [HÀN
2026-09-06T03:35:02.350Z [05945e3c-123b-4971-9584-f1b7ae102293][8e8b4eea-e67e-48c2-9a20-218d03b22adb] [submit] confirmed (editor "What do you want to ", fresh tile=true).
2026-09-06T03:35:03.030Z [05945e3c-123b-4971-9584-f1b7ae102293][8e8b4eea-e67e-48c2-9a20-218d03b22adb] Current Workspace project URL: https://flow.google.com/project/643b808f-7d88-45ee-a818-35d5f8e84fec?hl=en
2026-09-06T03:35:03.031Z [05945e3c-123b-4971-9584-f1b7ae102293][8e8b4eea-e67e-48c2-9a20-218d03b22adb] Submitted ✓ Detecting batch size...
2026-09-06T03:35:03.049Z [05945e3c-123b-4971-9584-f1b7ae102293][8e8b4eea-e67e-48c2-9a20-218d03b22adb] New tile(s) since submit: 0 → 2 (mounted=50)
2026-09-06T03:35:03.778Z [53415cc5-ee6a-49f3-a802-9d4a05009bcc][8e8b4eea-e67e-48c2-9a20-218d03b22adb] Generating... 2 ready, 0 failed / 2 total (48s)
2026-09-06T03:35:03.778Z [53415cc5-ee6a-49f3-a802-9d4a05009bcc][8e8b4eea-e67e-48c2-9a20-218d03b22adb] Batch done: 2 ready (target 2), 0 failed, scanned 2.
2026-09-06T03:35:03.779Z [53415cc5-ee6a-49f3-a802-9d4a05009bcc][8e8b4eea-e67e-48c2-9a20-218d03b22adb] 2 item(s) ready! Downloading...
2026-09-06T03:35:03.779Z [53415cc5-ee6a-49f3-a802-9d4a05009bcc][8e8b4eea-e67e-48c2-9a20-218d03b22adb] Item 1: no video source on the tile yet — hovering it to mount one.
2026-09-06T03:35:04.335Z [8c718485-db12-4dfe-aec3-e39310654a65][8e8b4eea-e67e-48c2-9a20-218d03b22adb] Generating... 0 ready, 0 failed / 2 total (39s) play_circle 28% [HÀN play_circle 100% [HÀ
2026-09-06T03:35:05.744Z [53415cc5-ee6a-49f3-a802-9d4a05009bcc][8e8b4eea-e67e-48c2-9a20-218d03b22adb] Item 1: Downloading from URL https://flow-content.google/video/49e04f1a-f2d5-4968-8d14-7bedd5c0bf3a?Expires=1788687294&KeyName=labs-flow-prod-cdn-key&Signature=CdSHj6Hg4-XfH3m0T1_zvxAyQbc
2026-09-06T03:35:07.210Z [05945e3c-123b-4971-9584-f1b7ae102293][8e8b4eea-e67e-48c2-9a20-218d03b22adb] Batch size stabilised at 2 new tile(s)
2026-09-06T03:35:07.211Z [05945e3c-123b-4971-9584-f1b7ae102293][8e8b4eea-e67e-48c2-9a20-218d03b22adb] Batch detected: 2 item(s). Generating...
2026-09-06T03:35:07.211Z [05945e3c-123b-4971-9584-f1b7ae102293][8e8b4eea-e67e-48c2-9a20-218d03b22adb] Polling for 2 video item(s) (baseline=50, hasUpload=true)...
2026-09-06T03:35:07.221Z [05945e3c-123b-4971-9584-f1b7ae102293][8e8b4eea-e67e-48c2-9a20-218d03b22adb] Generating... 0 ready, 0 failed / 2 total (0s) play_circle [HÀNH ĐỘ play_circle [HÀNH ĐỘ
2026-09-06T03:35:07.354Z [8c718485-db12-4dfe-aec3-e39310654a65][8e8b4eea-e67e-48c2-9a20-218d03b22adb] Generating... 0 ready, 0 failed / 2 total (42s) play_circle 30% [HÀN play_circle 100% [HÀ
2026-09-06T03:35:08.431Z [53415cc5-ee6a-49f3-a802-9d4a05009bcc][8e8b4eea-e67e-48c2-9a20-218d03b22adb] Downloaded 1/2: video_2026-09-06T03-35-03_01.mp4
2026-09-06T03:35:08.432Z [53415cc5-ee6a-49f3-a802-9d4a05009bcc][8e8b4eea-e67e-48c2-9a20-218d03b22adb] Item 2: no video source on the tile yet — hovering it to mount one.
2026-09-06T03:35:10.234Z [05945e3c-123b-4971-9584-f1b7ae102293][8e8b4eea-e67e-48c2-9a20-218d03b22adb] Generating... 0 ready, 0 failed / 2 total (3s) play_circle [HÀNH ĐỘ play_circle [HÀNH ĐỘ
2026-09-06T03:35:10.375Z [8c718485-db12-4dfe-aec3-e39310654a65][8e8b4eea-e67e-48c2-9a20-218d03b22adb] Generating... 0 ready, 0 failed / 2 total (45s) play_circle 33% [HÀN play_circle 100% [HÀ
2026-09-06T03:35:10.436Z [53415cc5-ee6a-49f3-a802-9d4a05009bcc][8e8b4eea-e67e-48c2-9a20-218d03b22adb] Item 2: Downloading from URL https://flow-content.google/video/a838ec1f-08bd-4ec2-b1bc-d935638d60a3?Expires=1788687294&KeyName=labs-flow-prod-cdn-key&Signature=rBtjAnl-zONmHBWBaRUGK89mOCo
2026-09-06T03:35:12.213Z [53415cc5-ee6a-49f3-a802-9d4a05009bcc][8e8b4eea-e67e-48c2-9a20-218d03b22adb] Downloaded 2/2: video_2026-09-06T03-35-03_02.mp4
2026-09-06T03:35:12.214Z [53415cc5-ee6a-49f3-a802-9d4a05009bcc][8e8b4eea-e67e-48c2-9a20-218d03b22adb] ✅ 2 item(s) saved to Downloads/Win AI Toolkit/
2026-09-06T03:35:13.263Z [05945e3c-123b-4971-9584-f1b7ae102293][8e8b4eea-e67e-48c2-9a20-218d03b22adb] Generating... 0 ready, 0 failed / 2 total (6s) play_circle [HÀNH ĐỘ play_circle [HÀNH ĐỘ
2026-09-06T03:35:13.391Z [8c718485-db12-4dfe-aec3-e39310654a65][8e8b4eea-e67e-48c2-9a20-218d03b22adb] Generating... 0 ready, 0 failed / 2 total (48s) play_circle 35% [HÀN play_circle 100% [HÀ
2026-09-06T03:35:16.317Z [05945e3c-123b-4971-9584-f1b7ae102293][8e8b4eea-e67e-48c2-9a20-218d03b22adb] Generating... 0 ready, 0 failed / 2 total (9s) play_circle 1% [HÀNH play_circle 1% [HÀNH
2026-09-06T03:35:16.416Z [8c718485-db12-4dfe-aec3-e39310654a65][8e8b4eea-e67e-48c2-9a20-218d03b22adb] Generating... 0 ready, 0 failed / 2 total (51s) play_circle 100% [HÀ [HÀNH ĐỘNG]Graham nh
2026-09-06T03:35:19.333Z [05945e3c-123b-4971-9584-f1b7ae102293][8e8b4eea-e67e-48c2-9a20-218d03b22adb] Generating... 0 ready, 0 failed / 2 total (12s) play_circle 4% [HÀNH play_circle 4% [HÀNH
2026-09-06T03:35:19.435Z [8c718485-db12-4dfe-aec3-e39310654a65][8e8b4eea-e67e-48c2-9a20-218d03b22adb] Generating... 1 ready, 0 failed / 2 total (54s) play_circle 100% [HÀ
2026-09-06T03:35:22.351Z [05945e3c-123b-4971-9584-f1b7ae102293][8e8b4eea-e67e-48c2-9a20-218d03b22adb] Generating... 0 ready, 0 failed / 2 total (15s) play_circle 6% [HÀNH play_circle 6% [HÀNH
2026-09-06T03:35:22.461Z [8c718485-db12-4dfe-aec3-e39310654a65][8e8b4eea-e67e-48c2-9a20-218d03b22adb] Generating... 1 ready, 0 failed / 2 total (57s) play_circle 100% [HÀ
2026-09-06T03:35:25.369Z [05945e3c-123b-4971-9584-f1b7ae102293][8e8b4eea-e67e-48c2-9a20-218d03b22adb] Generating... 0 ready, 0 failed / 2 total (18s) play_circle 9% [HÀNH play_circle 8% [HÀNH
2026-09-06T03:35:25.474Z [8c718485-db12-4dfe-aec3-e39310654a65][8e8b4eea-e67e-48c2-9a20-218d03b22adb] Generating... 1 ready, 0 failed / 2 total (60s) [HÀNH ĐỘNG]Graham nh
2026-09-06T03:35:28.083Z [ef333e83-634d-43d8-ad67-bbbdbc6fe64d][8e8b4eea-e67e-48c2-9a20-218d03b22adb] Item 2 (try 1): 1080p saved via the UI download flow.
2026-09-06T03:35:28.133Z [ef333e83-634d-43d8-ad67-bbbdbc6fe64d][8e8b4eea-e67e-48c2-9a20-218d03b22adb] Item 2: upgraded to 1080p → D:\WINAI\Slow-English-with-Arlo_11_24_cmto8mrp\video_2026-09-06T03-33-12_02.mp4
2026-09-06T03:35:28.134Z [ef333e83-634d-43d8-ad67-bbbdbc6fe64d][8e8b4eea-e67e-48c2-9a20-218d03b22adb] Uploading 2 video(s) to Xanh...
2026-09-06T03:35:28.394Z [05945e3c-123b-4971-9584-f1b7ae102293][8e8b4eea-e67e-48c2-9a20-218d03b22adb] Generating... 0 ready, 0 failed / 2 total (21s) play_circle 11% [HÀN play_circle 12% [HÀN
2026-09-06T03:35:28.501Z [8c718485-db12-4dfe-aec3-e39310654a65][8e8b4eea-e67e-48c2-9a20-218d03b22adb] Generating... 2 ready, 0 failed / 2 total (63s)
2026-09-06T03:35:28.502Z [8c718485-db12-4dfe-aec3-e39310654a65][8e8b4eea-e67e-48c2-9a20-218d03b22adb] Batch done: 2 ready (target 2), 0 failed, scanned 2.
2026-09-06T03:35:28.502Z [8c718485-db12-4dfe-aec3-e39310654a65][8e8b4eea-e67e-48c2-9a20-218d03b22adb] 2 item(s) ready! Downloading...
2026-09-06T03:35:28.504Z [8c718485-db12-4dfe-aec3-e39310654a65][8e8b4eea-e67e-48c2-9a20-218d03b22adb] Item 1: no video source on the tile yet — hovering it to mount one.
2026-09-06T03:35:28.867Z [ef333e83-634d-43d8-ad67-bbbdbc6fe64d][8e8b4eea-e67e-48c2-9a20-218d03b22adb] Item 2: Re-uploaded 1080p → https://studio.xanhmedia.vn/uploads/2026-09/1788665727768_8a1bbc_8e8b4eea-e67e-48c2-9a20-218d03b22adb_ef3.mp4
2026-09-06T03:35:30.124Z [8c718485-db12-4dfe-aec3-e39310654a65][8e8b4eea-e67e-48c2-9a20-218d03b22adb] Item 1: Downloading from URL https://flow-content.google/video/0f8a2c0c-c27d-478b-afa9-fa58584cbd81?Expires=1788687313&KeyName=labs-flow-prod-cdn-key&Signature=YlaX0RFOU3WckoOQzWCV6VkWepY
2026-09-06T03:35:30.343Z [8c718485-db12-4dfe-aec3-e39310654a65][8e8b4eea-e67e-48c2-9a20-218d03b22adb] Downloader: no-proxy request context ready.
2026-09-06T03:35:31.410Z [05945e3c-123b-4971-9584-f1b7ae102293][8e8b4eea-e67e-48c2-9a20-218d03b22adb] Generating... 0 ready, 0 failed / 2 total (24s) play_circle 14% [HÀN play_circle 13% [HÀN
2026-09-06T03:35:31.682Z [8c718485-db12-4dfe-aec3-e39310654a65][8e8b4eea-e67e-48c2-9a20-218d03b22adb] Downloaded 1/2: video_2026-09-06T03-35-28_01.mp4
2026-09-06T03:35:31.683Z [8c718485-db12-4dfe-aec3-e39310654a65][8e8b4eea-e67e-48c2-9a20-218d03b22adb] Item 2: no video source on the tile yet — hovering it to mount one.
2026-09-06T03:35:32.747Z [ef333e83-634d-43d8-ad67-bbbdbc6fe64d][8e8b4eea-e67e-48c2-9a20-218d03b22adb] Item 1: Re-uploaded 1080p → https://studio.xanhmedia.vn/uploads/2026-09/1788665731658_00ef41_8e8b4eea-e67e-48c2-9a20-218d03b22adb_ef3.mp4
2026-09-06T03:35:32.748Z [ef333e83-634d-43d8-ad67-bbbdbc6fe64d][8e8b4eea-e67e-48c2-9a20-218d03b22adb] ✅ 2 item(s) + 1080p saved to Downloads/Win AI Toolkit/
2026-09-06T03:35:32.750Z [ef333e83-634d-43d8-ad67-bbbdbc6fe64d][8e8b4eea-e67e-48c2-9a20-218d03b22adb] All done (including any 1080p upgrades). Closing Playwright browser context.
2026-09-06T03:35:33.008Z [4942a3ae-f1b8-47fc-aa58-a715870ae0b7][8e8b4eea-e67e-48c2-9a20-218d03b22adb] runGeneration starting: task_id=4942a3ae-f1b8-47fc-aa58-a715870ae0b7, profile_id=8e8b4eea-e67e-48c2-9a20-218d03b22adb, target_site=google_flow
2026-09-06T03:35:33.009Z [4942a3ae-f1b8-47fc-aa58-a715870ae0b7][8e8b4eea-e67e-48c2-9a20-218d03b22adb] Opening Playwright browser with persistent profile cookies...
2026-09-06T03:35:33.010Z [4942a3ae-f1b8-47fc-aa58-a715870ae0b7][8e8b4eea-e67e-48c2-9a20-218d03b22adb] Browser engine: winhide (C:\Users\Admin\AppData\Roaming\com.tank.winai\winhide\chrome.exe) [hidden off-screen]
2026-09-06T03:35:33.010Z [4942a3ae-f1b8-47fc-aa58-a715870ae0b7][8e8b4eea-e67e-48c2-9a20-218d03b22adb] Launch mode: STEALTH (raw spawn + connectOverCDP)
2026-09-06T03:35:33.590Z [8c718485-db12-4dfe-aec3-e39310654a65][8e8b4eea-e67e-48c2-9a20-218d03b22adb] Item 2: Downloading from URL https://flow-content.google/video/5109aadd-1975-430d-9c87-63ccf8db9974?Expires=1788687303&KeyName=labs-flow-prod-cdn-key&Signature=bMUYxyRVzBt90TZ183mquZZ9WXU
2026-09-06T03:35:34.442Z [05945e3c-123b-4971-9584-f1b7ae102293][8e8b4eea-e67e-48c2-9a20-218d03b22adb] Generating... 0 ready, 0 failed / 2 total (27s) play_circle 17% [HÀN play_circle 17% [HÀN
2026-09-06T03:35:34.506Z [8c718485-db12-4dfe-aec3-e39310654a65][8e8b4eea-e67e-48c2-9a20-218d03b22adb] Downloaded 2/2: video_2026-09-06T03-35-28_02.mp4
2026-09-06T03:35:34.507Z [8c718485-db12-4dfe-aec3-e39310654a65][8e8b4eea-e67e-48c2-9a20-218d03b22adb] ✅ 2 item(s) saved to Downloads/Win AI Toolkit/
2026-09-06T03:35:34.834Z [4942a3ae-f1b8-47fc-aa58-a715870ae0b7][8e8b4eea-e67e-48c2-9a20-218d03b22adb] Exit IP: 115.74.128.9
2026-09-06T03:35:34.835Z [4942a3ae-f1b8-47fc-aa58-a715870ae0b7][8e8b4eea-e67e-48c2-9a20-218d03b22adb] Navigating browser to Google Flow tools page...
2026-09-06T03:35:34.836Z [4942a3ae-f1b8-47fc-aa58-a715870ae0b7][8e8b4eea-e67e-48c2-9a20-218d03b22adb] Using existing project URL: https://flow.google.com/project/5cd39577-897c-41b2-8dc8-7fabdd51c4ed?hl=en
2026-09-06T03:35:35.737Z [4942a3ae-f1b8-47fc-aa58-a715870ae0b7][8e8b4eea-e67e-48c2-9a20-218d03b22adb] Waiting for Google Flow...
2026-09-06T03:35:37.462Z [05945e3c-123b-4971-9584-f1b7ae102293][8e8b4eea-e67e-48c2-9a20-218d03b22adb] Generating... 0 ready, 0 failed / 2 total (30s) play_circle 19% [HÀN play_circle 19% [HÀN
2026-09-06T03:35:37.825Z [4942a3ae-f1b8-47fc-aa58-a715870ae0b7][8e8b4eea-e67e-48c2-9a20-218d03b22adb] In existing project ✓
2026-09-06T03:35:38.794Z [4942a3ae-f1b8-47fc-aa58-a715870ae0b7][8e8b4eea-e67e-48c2-9a20-218d03b22adb] dismissPopups: unresolved overlay(s) ["IFRAME[presentation]|btns="]
2026-09-06T03:35:40.493Z [05945e3c-123b-4971-9584-f1b7ae102293][8e8b4eea-e67e-48c2-9a20-218d03b22adb] Generating... 0 ready, 0 failed / 2 total (33s) play_circle 21% [HÀN play_circle 22% [HÀN
2026-09-06T03:35:40.652Z [4942a3ae-f1b8-47fc-aa58-a715870ae0b7][8e8b4eea-e67e-48c2-9a20-218d03b22adb] Composer ready ✓ (UI language: en)
2026-09-06T03:35:40.699Z [4942a3ae-f1b8-47fc-aa58-a715870ae0b7][8e8b4eea-e67e-48c2-9a20-218d03b22adb] dismissPopups: unresolved overlay(s) ["DIV[]|btns=","DIV[]|btns="]
2026-09-06T03:35:40.751Z [4942a3ae-f1b8-47fc-aa58-a715870ae0b7][8e8b4eea-e67e-48c2-9a20-218d03b22adb] Agent toggle aria-pressed=false
2026-09-06T03:35:40.751Z [4942a3ae-f1b8-47fc-aa58-a715870ae0b7][8e8b4eea-e67e-48c2-9a20-218d03b22adb] Opening settings...
2026-09-06T03:35:42.746Z [4942a3ae-f1b8-47fc-aa58-a715870ae0b7][8e8b4eea-e67e-48c2-9a20-218d03b22adb] Configuring video settings...
2026-09-06T03:35:42.781Z [4942a3ae-f1b8-47fc-aa58-a715870ae0b7][8e8b4eea-e67e-48c2-9a20-218d03b22adb] Mode: "videocam Video" already selected ✓
2026-09-06T03:35:43.512Z [05945e3c-123b-4971-9584-f1b7ae102293][8e8b4eea-e67e-48c2-9a20-218d03b22adb] Generating... 0 ready, 0 failed / 2 total (36s) play_circle 23% [HÀN play_circle 23% [HÀN
2026-09-06T03:35:45.610Z [4942a3ae-f1b8-47fc-aa58-a715870ae0b7][8e8b4eea-e67e-48c2-9a20-218d03b22adb] Video type: selected "crop_free Frames" ✓
2026-09-06T03:35:46.533Z [05945e3c-123b-4971-9584-f1b7ae102293][8e8b4eea-e67e-48c2-9a20-218d03b22adb] Generating... 0 ready, 0 failed / 2 total (39s) play_circle 27% [HÀN play_circle 27% [HÀN
2026-09-06T03:35:46.760Z [4942a3ae-f1b8-47fc-aa58-a715870ae0b7][8e8b4eea-e67e-48c2-9a20-218d03b22adb] Model "Omni 1.1 Flash" already selected ✓ (chip reads "Omni 1.1 Flash")
2026-09-06T03:35:47.367Z [4942a3ae-f1b8-47fc-aa58-a715870ae0b7][8e8b4eea-e67e-48c2-9a20-218d03b22adb] Aspect ratio: "crop_16_9 16:9" already selected ✓
2026-09-06T03:35:47.396Z [4942a3ae-f1b8-47fc-aa58-a715870ae0b7][8e8b4eea-e67e-48c2-9a20-218d03b22adb] Video resolution: "720p" already selected ✓
2026-09-06T03:35:47.435Z [4942a3ae-f1b8-47fc-aa58-a715870ae0b7][8e8b4eea-e67e-48c2-9a20-218d03b22adb] Duration: "8s" already selected ✓
2026-09-06T03:35:47.495Z [4942a3ae-f1b8-47fc-aa58-a715870ae0b7][8e8b4eea-e67e-48c2-9a20-218d03b22adb] Output count: "x2" already selected ✓
2026-09-06T03:35:48.535Z [4942a3ae-f1b8-47fc-aa58-a715870ae0b7][8e8b4eea-e67e-48c2-9a20-218d03b22adb] Entering prompt...
2026-09-06T03:35:49.558Z [05945e3c-123b-4971-9584-f1b7ae102293][8e8b4eea-e67e-48c2-9a20-218d03b22adb] Generating... 0 ready, 0 failed / 2 total (42s) play_circle 100% [HÀ play_circle 100% [HÀ
2026-09-06T03:35:50.531Z [4942a3ae-f1b8-47fc-aa58-a715870ae0b7][8e8b4eea-e67e-48c2-9a20-218d03b22adb] Prompt is 1460 chars — typing it in 27 chunk(s).
2026-09-06T03:35:52.572Z [05945e3c-123b-4971-9584-f1b7ae102293][8e8b4eea-e67e-48c2-9a20-218d03b22adb] Generating... 0 ready, 0 failed / 2 total (45s) [HÀNH ĐỘNG]Water pre [HÀNH ĐỘNG]Water pre
2026-09-06T03:35:55.592Z [05945e3c-123b-4971-9584-f1b7ae102293][8e8b4eea-e67e-48c2-9a20-218d03b22adb] Generating... 2 ready, 0 failed / 2 total (48s)
2026-09-06T03:35:55.592Z [05945e3c-123b-4971-9584-f1b7ae102293][8e8b4eea-e67e-48c2-9a20-218d03b22adb] Batch done: 2 ready (target 2), 0 failed, scanned 2.
2026-09-06T03:35:55.592Z [05945e3c-123b-4971-9584-f1b7ae102293][8e8b4eea-e67e-48c2-9a20-218d03b22adb] 2 item(s) ready! Downloading...
2026-09-06T03:35:55.593Z [05945e3c-123b-4971-9584-f1b7ae102293][8e8b4eea-e67e-48c2-9a20-218d03b22adb] Item 1: no video source on the tile yet — hovering it to mount one.
2026-09-06T03:35:57.273Z [05945e3c-123b-4971-9584-f1b7ae102293][8e8b4eea-e67e-48c2-9a20-218d03b22adb] Item 1: Downloading from URL https://flow-content.google/video/652abcf6-90e2-4125-b210-1f3e9703e97f?Expires=1788687346&KeyName=labs-flow-prod-cdn-key&Signature=knr-h5mwG1OMT09HVSt_UJkiWZg
2026-09-06T03:35:59.162Z [05945e3c-123b-4971-9584-f1b7ae102293][8e8b4eea-e67e-48c2-9a20-218d03b22adb] Downloaded 1/2: video_2026-09-06T03-35-55_01.mp4
2026-09-06T03:35:59.163Z [05945e3c-123b-4971-9584-f1b7ae102293][8e8b4eea-e67e-48c2-9a20-218d03b22adb] Item 2: no video source on the tile yet — hovering it to mount one.
2026-09-06T03:36:00.472Z [05945e3c-123b-4971-9584-f1b7ae102293][8e8b4eea-e67e-48c2-9a20-218d03b22adb] Item 2: Downloading from URL https://flow-content.google/video/6964f4ac-1444-4f17-8131-c60a7dd4049b?Expires=1788687346&KeyName=labs-flow-prod-cdn-key&Signature=Ddy9Cx1_8Aq6NXiLGd8Ok-UDUYk
2026-09-06T03:36:02.470Z [05945e3c-123b-4971-9584-f1b7ae102293][8e8b4eea-e67e-48c2-9a20-218d03b22adb] Downloaded 2/2: video_2026-09-06T03-35-55_02.mp4
2026-09-06T03:36:02.471Z [05945e3c-123b-4971-9584-f1b7ae102293][8e8b4eea-e67e-48c2-9a20-218d03b22adb] ✅ 2 item(s) saved to Downloads/Win AI Toolkit/
2026-09-06T03:36:03.349Z [4942a3ae-f1b8-47fc-aa58-a715870ae0b7][8e8b4eea-e67e-48c2-9a20-218d03b22adb] Prompt insert attempt 1: editor has 1445 chars (want ~1456) ✓
2026-09-06T03:36:03.816Z [53415cc5-ee6a-49f3-a802-9d4a05009bcc][8e8b4eea-e67e-48c2-9a20-218d03b22adb] Item 1 (try 1): 1080p saved via the UI download flow.
2026-09-06T03:36:03.884Z [53415cc5-ee6a-49f3-a802-9d4a05009bcc][8e8b4eea-e67e-48c2-9a20-218d03b22adb] Item 1: upgraded to 1080p → D:\WINAI\Slow-English-with-Arlo_11_25_cmto8mrp\video_2026-09-06T03-35-03_01.mp4
2026-09-06T03:36:05.509Z [4942a3ae-f1b8-47fc-aa58-a715870ae0b7][8e8b4eea-e67e-48c2-9a20-218d03b22adb] Baseline: 50 pre-existing media tile(s) of 50 mounted (kinds: video,video,image,video,video,image,video,video,image,video,image,video,video,image,video,video,video,video,image,video,video,image,video,video,image,video,video,image,video,video,image,video,video,image,video,video,image,video,video,image,video,video,image,video,video,image,video,video,image,video).
2026-09-06T03:36:07.842Z [4942a3ae-f1b8-47fc-aa58-a715870ae0b7][8e8b4eea-e67e-48c2-9a20-218d03b22adb] [submit] confirmed (editor "What do you want to ", fresh tile=true).
2026-09-06T03:36:08.271Z [4942a3ae-f1b8-47fc-aa58-a715870ae0b7][8e8b4eea-e67e-48c2-9a20-218d03b22adb] Current Workspace project URL: https://flow.google.com/project/5cd39577-897c-41b2-8dc8-7fabdd51c4ed?hl=en
2026-09-06T03:36:08.272Z [4942a3ae-f1b8-47fc-aa58-a715870ae0b7][8e8b4eea-e67e-48c2-9a20-218d03b22adb] Submitted ✓ Detecting batch size...
2026-09-06T03:36:08.283Z [4942a3ae-f1b8-47fc-aa58-a715870ae0b7][8e8b4eea-e67e-48c2-9a20-218d03b22adb] New tile(s) since submit: 0 → 2 (mounted=50)
2026-09-06T03:36:12.415Z [4942a3ae-f1b8-47fc-aa58-a715870ae0b7][8e8b4eea-e67e-48c2-9a20-218d03b22adb] Batch size stabilised at 2 new tile(s)
2026-09-06T03:36:12.416Z [4942a3ae-f1b8-47fc-aa58-a715870ae0b7][8e8b4eea-e67e-48c2-9a20-218d03b22adb] Batch detected: 2 item(s). Generating...
2026-09-06T03:36:12.416Z [4942a3ae-f1b8-47fc-aa58-a715870ae0b7][8e8b4eea-e67e-48c2-9a20-218d03b22adb] Polling for 2 video item(s) (baseline=50, hasUpload=false)...
2026-09-06T03:36:12.432Z [4942a3ae-f1b8-47fc-aa58-a715870ae0b7][8e8b4eea-e67e-48c2-9a20-218d03b22adb] Generating... 0 ready, 0 failed / 2 total (0s) play_circle [HÀNH ĐỘ play_circle [HÀNH ĐỘ
2026-09-06T03:36:15.446Z [4942a3ae-f1b8-47fc-aa58-a715870ae0b7][8e8b4eea-e67e-48c2-9a20-218d03b22adb] Generating... 0 ready, 0 failed / 2 total (3s) play_circle [HÀNH ĐỘ play_circle [HÀNH ĐỘ
2026-09-06T03:36:18.465Z [4942a3ae-f1b8-47fc-aa58-a715870ae0b7][8e8b4eea-e67e-48c2-9a20-218d03b22adb] Generating... 0 ready, 0 failed / 2 total (6s) play_circle 0% [HÀNH play_circle 0% [HÀNH
2026-09-06T03:36:21.314Z [8c718485-db12-4dfe-aec3-e39310654a65][8e8b4eea-e67e-48c2-9a20-218d03b22adb] Item 1 (try 1): 1080p saved via the UI download flow.
2026-09-06T03:36:21.349Z [8c718485-db12-4dfe-aec3-e39310654a65][8e8b4eea-e67e-48c2-9a20-218d03b22adb] Item 1: upgraded to 1080p → D:\WINAI\Slow-English-with-Arlo_11_26_cmto8mrp\video_2026-09-06T03-35-28_01.mp4
2026-09-06T03:36:21.492Z [4942a3ae-f1b8-47fc-aa58-a715870ae0b7][8e8b4eea-e67e-48c2-9a20-218d03b22adb] Generating... 0 ready, 0 failed / 2 total (9s) play_circle 1% [HÀNH play_circle 2% [HÀNH
2026-09-06T03:36:24.515Z [4942a3ae-f1b8-47fc-aa58-a715870ae0b7][8e8b4eea-e67e-48c2-9a20-218d03b22adb] Generating... 0 ready, 0 failed / 2 total (12s) play_circle 4% [HÀNH play_circle 4% [HÀNH
2026-09-06T03:36:27.557Z [4942a3ae-f1b8-47fc-aa58-a715870ae0b7][8e8b4eea-e67e-48c2-9a20-218d03b22adb] Generating... 0 ready, 0 failed / 2 total (15s) play_circle 7% [HÀNH play_circle 7% [HÀNH
2026-09-06T03:36:30.589Z [4942a3ae-f1b8-47fc-aa58-a715870ae0b7][8e8b4eea-e67e-48c2-9a20-218d03b22adb] Generating... 0 ready, 0 failed / 2 total (18s) play_circle 9% [HÀNH play_circle 9% [HÀNH
2026-09-06T03:36:33.616Z [4942a3ae-f1b8-47fc-aa58-a715870ae0b7][8e8b4eea-e67e-48c2-9a20-218d03b22adb] Generating... 0 ready, 0 failed / 2 total (21s) play_circle 12% [HÀN play_circle 12% [HÀN
2026-09-06T03:36:36.635Z [4942a3ae-f1b8-47fc-aa58-a715870ae0b7][8e8b4eea-e67e-48c2-9a20-218d03b22adb] Generating... 0 ready, 0 failed / 2 total (24s) play_circle 14% [HÀN play_circle 15% [HÀN
2026-09-06T03:36:39.664Z [4942a3ae-f1b8-47fc-aa58-a715870ae0b7][8e8b4eea-e67e-48c2-9a20-218d03b22adb] Generating... 0 ready, 0 failed / 2 total (27s) play_circle 16% [HÀN play_circle 16% [HÀN
2026-09-06T03:36:42.696Z [4942a3ae-f1b8-47fc-aa58-a715870ae0b7][8e8b4eea-e67e-48c2-9a20-218d03b22adb] Generating... 0 ready, 0 failed / 2 total (30s) play_circle 20% [HÀN play_circle 20% [HÀN
2026-09-06T03:36:45.375Z [05945e3c-123b-4971-9584-f1b7ae102293][8e8b4eea-e67e-48c2-9a20-218d03b22adb] Item 1 (try 1): 1080p saved via the UI download flow.
2026-09-06T03:36:45.410Z [05945e3c-123b-4971-9584-f1b7ae102293][8e8b4eea-e67e-48c2-9a20-218d03b22adb] Item 1: upgraded to 1080p → D:\WINAI\Slow-English-with-Arlo_11_27_cmto8mrp\video_2026-09-06T03-35-55_01.mp4
2026-09-06T03:36:45.715Z [4942a3ae-f1b8-47fc-aa58-a715870ae0b7][8e8b4eea-e67e-48c2-9a20-218d03b22adb] Generating... 0 ready, 0 failed / 2 total (33s) play_circle 23% [HÀN play_circle 22% [HÀN
2026-09-06T03:36:48.739Z [4942a3ae-f1b8-47fc-aa58-a715870ae0b7][8e8b4eea-e67e-48c2-9a20-218d03b22adb] Generating... 0 ready, 0 failed / 2 total (36s) play_circle 24% [HÀN play_circle 24% [HÀN
2026-09-06T03:36:51.764Z [4942a3ae-f1b8-47fc-aa58-a715870ae0b7][8e8b4eea-e67e-48c2-9a20-218d03b22adb] Generating... 0 ready, 0 failed / 2 total (39s) play_circle 27% [HÀN play_circle 28% [HÀN
2026-09-06T03:36:54.790Z [4942a3ae-f1b8-47fc-aa58-a715870ae0b7][8e8b4eea-e67e-48c2-9a20-218d03b22adb] Generating... 0 ready, 0 failed / 2 total (42s) play_circle 100% [HÀ play_circle 100% [HÀ
2026-09-06T03:36:57.779Z [53415cc5-ee6a-49f3-a802-9d4a05009bcc][8e8b4eea-e67e-48c2-9a20-218d03b22adb] Item 2 (try 1): 1080p saved via the UI download flow.
2026-09-06T03:36:57.813Z [4942a3ae-f1b8-47fc-aa58-a715870ae0b7][8e8b4eea-e67e-48c2-9a20-218d03b22adb] Generating... 0 ready, 0 failed / 2 total (45s) [HÀNH ĐỘNG]Elara thấ play_circle 100% [HÀ
2026-09-06T03:36:57.833Z [53415cc5-ee6a-49f3-a802-9d4a05009bcc][8e8b4eea-e67e-48c2-9a20-218d03b22adb] Item 2: upgraded to 1080p → D:\WINAI\Slow-English-with-Arlo_11_25_cmto8mrp\video_2026-09-06T03-35-03_02.mp4
2026-09-06T03:36:57.834Z [53415cc5-ee6a-49f3-a802-9d4a05009bcc][8e8b4eea-e67e-48c2-9a20-218d03b22adb] Uploading 2 video(s) to Xanh...
2026-09-06T03:37:00.832Z [4942a3ae-f1b8-47fc-aa58-a715870ae0b7][8e8b4eea-e67e-48c2-9a20-218d03b22adb] Generating... 1 ready, 0 failed / 2 total (48s) [HÀNH ĐỘNG]Elara thấ
2026-09-06T03:37:01.044Z [53415cc5-ee6a-49f3-a802-9d4a05009bcc][8e8b4eea-e67e-48c2-9a20-218d03b22adb] Item 2: Re-uploaded 1080p → https://studio.xanhmedia.vn/uploads/2026-09/1788665819931_c8846a_8e8b4eea-e67e-48c2-9a20-218d03b22adb_534.mp4
2026-09-06T03:37:01.397Z [8c718485-db12-4dfe-aec3-e39310654a65][8e8b4eea-e67e-48c2-9a20-218d03b22adb] Item 2 (try 1): 1080p saved via the UI download flow.
2026-09-06T03:37:01.483Z [8c718485-db12-4dfe-aec3-e39310654a65][8e8b4eea-e67e-48c2-9a20-218d03b22adb] Item 2: upgraded to 1080p → D:\WINAI\Slow-English-with-Arlo_11_26_cmto8mrp\video_2026-09-06T03-35-28_02.mp4
2026-09-06T03:37:01.483Z [8c718485-db12-4dfe-aec3-e39310654a65][8e8b4eea-e67e-48c2-9a20-218d03b22adb] Uploading 2 video(s) to Xanh...
2026-09-06T03:37:01.909Z [53415cc5-ee6a-49f3-a802-9d4a05009bcc][8e8b4eea-e67e-48c2-9a20-218d03b22adb] Item 1: Re-uploaded 1080p → https://studio.xanhmedia.vn/uploads/2026-09/1788665820793_50617b_8e8b4eea-e67e-48c2-9a20-218d03b22adb_534.mp4
2026-09-06T03:37:01.909Z [53415cc5-ee6a-49f3-a802-9d4a05009bcc][8e8b4eea-e67e-48c2-9a20-218d03b22adb] ✅ 2 item(s) + 1080p saved to Downloads/Win AI Toolkit/
2026-09-06T03:37:01.912Z [53415cc5-ee6a-49f3-a802-9d4a05009bcc][8e8b4eea-e67e-48c2-9a20-218d03b22adb] All done (including any 1080p upgrades). Closing Playwright browser context.
2026-09-06T03:37:02.379Z [8c718485-db12-4dfe-aec3-e39310654a65][8e8b4eea-e67e-48c2-9a20-218d03b22adb] Item 2: Re-uploaded 1080p → https://studio.xanhmedia.vn/uploads/2026-09/1788665821286_e53c14_8e8b4eea-e67e-48c2-9a20-218d03b22adb_8c7.mp4
2026-09-06T03:37:03.512Z [c4a0c5d7-54d7-4fb9-a2c0-347000dbeccc][8e8b4eea-e67e-48c2-9a20-218d03b22adb] runGeneration starting: task_id=c4a0c5d7-54d7-4fb9-a2c0-347000dbeccc, profile_id=8e8b4eea-e67e-48c2-9a20-218d03b22adb, target_site=google_flow
2026-09-06T03:37:03.513Z [c4a0c5d7-54d7-4fb9-a2c0-347000dbeccc][8e8b4eea-e67e-48c2-9a20-218d03b22adb] Opening Playwright browser with persistent profile cookies...
2026-09-06T03:37:03.513Z [c4a0c5d7-54d7-4fb9-a2c0-347000dbeccc][8e8b4eea-e67e-48c2-9a20-218d03b22adb] Browser engine: winhide (C:\Users\Admin\AppData\Roaming\com.tank.winai\winhide\chrome.exe) [hidden off-screen]
2026-09-06T03:37:03.514Z [c4a0c5d7-54d7-4fb9-a2c0-347000dbeccc][8e8b4eea-e67e-48c2-9a20-218d03b22adb] Launch mode: STEALTH (raw spawn + connectOverCDP)
2026-09-06T03:37:03.853Z [4942a3ae-f1b8-47fc-aa58-a715870ae0b7][8e8b4eea-e67e-48c2-9a20-218d03b22adb] Generating... 2 ready, 0 failed / 2 total (51s)
2026-09-06T03:37:03.854Z [4942a3ae-f1b8-47fc-aa58-a715870ae0b7][8e8b4eea-e67e-48c2-9a20-218d03b22adb] Batch done: 2 ready (target 2), 0 failed, scanned 2.
2026-09-06T03:37:03.854Z [4942a3ae-f1b8-47fc-aa58-a715870ae0b7][8e8b4eea-e67e-48c2-9a20-218d03b22adb] 2 item(s) ready! Downloading...
2026-09-06T03:37:03.855Z [4942a3ae-f1b8-47fc-aa58-a715870ae0b7][8e8b4eea-e67e-48c2-9a20-218d03b22adb] Item 1: no video source on the tile yet — hovering it to mount one.
2026-09-06T03:37:05.303Z [c4a0c5d7-54d7-4fb9-a2c0-347000dbeccc][8e8b4eea-e67e-48c2-9a20-218d03b22adb] Exit IP: 115.74.128.9
2026-09-06T03:37:05.304Z [c4a0c5d7-54d7-4fb9-a2c0-347000dbeccc][8e8b4eea-e67e-48c2-9a20-218d03b22adb] Navigating browser to Google Flow tools page...
2026-09-06T03:37:05.304Z [c4a0c5d7-54d7-4fb9-a2c0-347000dbeccc][8e8b4eea-e67e-48c2-9a20-218d03b22adb] Using existing project URL: https://flow.google.com/project/d7006cc3-f9c4-4856-98f4-89ac31f96398?hl=en
2026-09-06T03:37:05.364Z [4942a3ae-f1b8-47fc-aa58-a715870ae0b7][8e8b4eea-e67e-48c2-9a20-218d03b22adb] Item 1: Downloading from URL https://flow-content.google/video/2c705882-302e-46af-93cc-c4f96f682e0d?Expires=1788687411&KeyName=labs-flow-prod-cdn-key&Signature=DpSHJxTsFMsE-dfsNMnc2okuqiE
2026-09-06T03:37:05.696Z [4942a3ae-f1b8-47fc-aa58-a715870ae0b7][8e8b4eea-e67e-48c2-9a20-218d03b22adb] Downloader: no-proxy request context ready.
2026-09-06T03:37:06.089Z [8c718485-db12-4dfe-aec3-e39310654a65][8e8b4eea-e67e-48c2-9a20-218d03b22adb] Item 1: Re-uploaded 1080p → https://studio.xanhmedia.vn/uploads/2026-09/1788665825004_250669_8e8b4eea-e67e-48c2-9a20-218d03b22adb_8c7.mp4
2026-09-06T03:37:06.090Z [8c718485-db12-4dfe-aec3-e39310654a65][8e8b4eea-e67e-48c2-9a20-218d03b22adb] ✅ 2 item(s) + 1080p saved to Downloads/Win AI Toolkit/
2026-09-06T03:37:06.093Z [8c718485-db12-4dfe-aec3-e39310654a65][8e8b4eea-e67e-48c2-9a20-218d03b22adb] All done (including any 1080p upgrades). Closing Playwright browser context.
2026-09-06T03:37:06.452Z [c4a0c5d7-54d7-4fb9-a2c0-347000dbeccc][8e8b4eea-e67e-48c2-9a20-218d03b22adb] Waiting for Google Flow...
2026-09-06T03:37:06.647Z [ed0e4924-3bb6-4a5c-b0f5-e787aa7b93e9][8e8b4eea-e67e-48c2-9a20-218d03b22adb] runGeneration starting: task_id=ed0e4924-3bb6-4a5c-b0f5-e787aa7b93e9, profile_id=8e8b4eea-e67e-48c2-9a20-218d03b22adb, target_site=google_flow
2026-09-06T03:37:06.648Z [ed0e4924-3bb6-4a5c-b0f5-e787aa7b93e9][8e8b4eea-e67e-48c2-9a20-218d03b22adb] Opening Playwright browser with persistent profile cookies...
2026-09-06T03:37:06.648Z [ed0e4924-3bb6-4a5c-b0f5-e787aa7b93e9][8e8b4eea-e67e-48c2-9a20-218d03b22adb] Browser engine: winhide (C:\Users\Admin\AppData\Roaming\com.tank.winai\winhide\chrome.exe) [hidden off-screen]
2026-09-06T03:37:06.649Z [ed0e4924-3bb6-4a5c-b0f5-e787aa7b93e9][8e8b4eea-e67e-48c2-9a20-218d03b22adb] Launch mode: STEALTH (raw spawn + connectOverCDP)
2026-09-06T03:37:07.408Z [4942a3ae-f1b8-47fc-aa58-a715870ae0b7][8e8b4eea-e67e-48c2-9a20-218d03b22adb] Downloaded 1/2: video_2026-09-06T03-37-03_01.mp4
2026-09-06T03:37:07.408Z [4942a3ae-f1b8-47fc-aa58-a715870ae0b7][8e8b4eea-e67e-48c2-9a20-218d03b22adb] Item 2: no video source on the tile yet — hovering it to mount one.
2026-09-06T03:37:08.768Z [c4a0c5d7-54d7-4fb9-a2c0-347000dbeccc][8e8b4eea-e67e-48c2-9a20-218d03b22adb] In existing project ✓
2026-09-06T03:37:09.196Z [4942a3ae-f1b8-47fc-aa58-a715870ae0b7][8e8b4eea-e67e-48c2-9a20-218d03b22adb] Item 2: Downloading from URL https://flow-content.google/video/03c64e4c-13d1-4776-a48b-35085eebc5c7?Expires=1788687411&KeyName=labs-flow-prod-cdn-key&Signature=GwIFQ0KoIBEqhqr8s_tFjxf0IgQ
2026-09-06T03:37:09.437Z [ed0e4924-3bb6-4a5c-b0f5-e787aa7b93e9][8e8b4eea-e67e-48c2-9a20-218d03b22adb] Exit IP: 115.74.128.9
2026-09-06T03:37:09.438Z [ed0e4924-3bb6-4a5c-b0f5-e787aa7b93e9][8e8b4eea-e67e-48c2-9a20-218d03b22adb] Navigating browser to Google Flow tools page...
2026-09-06T03:37:09.438Z [ed0e4924-3bb6-4a5c-b0f5-e787aa7b93e9][8e8b4eea-e67e-48c2-9a20-218d03b22adb] Using existing project URL: https://flow.google.com/project/52188b41-ba09-4240-a569-98bde902989b?hl=en
2026-09-06T03:37:10.623Z [4942a3ae-f1b8-47fc-aa58-a715870ae0b7][8e8b4eea-e67e-48c2-9a20-218d03b22adb] Downloaded 2/2: video_2026-09-06T03-37-03_02.mp4
2026-09-06T03:37:10.624Z [4942a3ae-f1b8-47fc-aa58-a715870ae0b7][8e8b4eea-e67e-48c2-9a20-218d03b22adb] ✅ 2 item(s) saved to Downloads/Win AI Toolkit/
2026-09-06T03:37:10.681Z [ed0e4924-3bb6-4a5c-b0f5-e787aa7b93e9][8e8b4eea-e67e-48c2-9a20-218d03b22adb] Waiting for Google Flow...
2026-09-06T03:37:10.902Z [c4a0c5d7-54d7-4fb9-a2c0-347000dbeccc][8e8b4eea-e67e-48c2-9a20-218d03b22adb] dismissPopups: unresolved overlay(s) ["DIV[]|btns=","DIV[]|btns="]
2026-09-06T03:37:11.126Z [c4a0c5d7-54d7-4fb9-a2c0-347000dbeccc][8e8b4eea-e67e-48c2-9a20-218d03b22adb] Composer ready ✓ (UI language: en)
2026-09-06T03:37:11.157Z [c4a0c5d7-54d7-4fb9-a2c0-347000dbeccc][8e8b4eea-e67e-48c2-9a20-218d03b22adb] dismissPopups: unresolved overlay(s) ["DIV[]|btns=","DIV[]|btns="]
2026-09-06T03:37:11.197Z [c4a0c5d7-54d7-4fb9-a2c0-347000dbeccc][8e8b4eea-e67e-48c2-9a20-218d03b22adb] Agent toggle aria-pressed=false
2026-09-06T03:37:11.198Z [c4a0c5d7-54d7-4fb9-a2c0-347000dbeccc][8e8b4eea-e67e-48c2-9a20-218d03b22adb] Opening settings...
2026-09-06T03:37:12.971Z [ed0e4924-3bb6-4a5c-b0f5-e787aa7b93e9][8e8b4eea-e67e-48c2-9a20-218d03b22adb] In existing project ✓
2026-09-06T03:37:13.802Z [c4a0c5d7-54d7-4fb9-a2c0-347000dbeccc][8e8b4eea-e67e-48c2-9a20-218d03b22adb] Configuring video settings...
2026-09-06T03:37:13.830Z [ed0e4924-3bb6-4a5c-b0f5-e787aa7b93e9][8e8b4eea-e67e-48c2-9a20-218d03b22adb] dismissPopups: unresolved overlay(s) ["IFRAME[presentation]|btns="]
2026-09-06T03:37:13.830Z [c4a0c5d7-54d7-4fb9-a2c0-347000dbeccc][8e8b4eea-e67e-48c2-9a20-218d03b22adb] Mode: "videocam Video" already selected ✓
2026-09-06T03:37:15.408Z [ed0e4924-3bb6-4a5c-b0f5-e787aa7b93e9][8e8b4eea-e67e-48c2-9a20-218d03b22adb] Composer ready ✓ (UI language: en)
2026-09-06T03:37:15.446Z [ed0e4924-3bb6-4a5c-b0f5-e787aa7b93e9][8e8b4eea-e67e-48c2-9a20-218d03b22adb] dismissPopups: unresolved overlay(s) ["DIV[]|btns=","DIV[]|btns="]
2026-09-06T03:37:15.472Z [ed0e4924-3bb6-4a5c-b0f5-e787aa7b93e9][8e8b4eea-e67e-48c2-9a20-218d03b22adb] Agent toggle aria-pressed=false
2026-09-06T03:37:15.473Z [ed0e4924-3bb6-4a5c-b0f5-e787aa7b93e9][8e8b4eea-e67e-48c2-9a20-218d03b22adb] Opening settings...
2026-09-06T03:37:16.754Z [c4a0c5d7-54d7-4fb9-a2c0-347000dbeccc][8e8b4eea-e67e-48c2-9a20-218d03b22adb] Video type: selected "crop_free Frames" ✓
2026-09-06T03:37:17.481Z [c4a0c5d7-54d7-4fb9-a2c0-347000dbeccc][8e8b4eea-e67e-48c2-9a20-218d03b22adb] Model "Omni 1.1 Flash" already selected ✓ (chip reads "Omni 1.1 Flash")
2026-09-06T03:37:17.525Z [ed0e4924-3bb6-4a5c-b0f5-e787aa7b93e9][8e8b4eea-e67e-48c2-9a20-218d03b22adb] Configuring video settings...
2026-09-06T03:37:17.549Z [ed0e4924-3bb6-4a5c-b0f5-e787aa7b93e9][8e8b4eea-e67e-48c2-9a20-218d03b22adb] Mode: "videocam Video" already selected ✓
2026-09-06T03:37:18.395Z [c4a0c5d7-54d7-4fb9-a2c0-347000dbeccc][8e8b4eea-e67e-48c2-9a20-218d03b22adb] Aspect ratio: "crop_16_9 16:9" already selected ✓
2026-09-06T03:37:18.422Z [c4a0c5d7-54d7-4fb9-a2c0-347000dbeccc][8e8b4eea-e67e-48c2-9a20-218d03b22adb] Video resolution: "720p" already selected ✓
2026-09-06T03:37:18.455Z [c4a0c5d7-54d7-4fb9-a2c0-347000dbeccc][8e8b4eea-e67e-48c2-9a20-218d03b22adb] Duration: "8s" already selected ✓
2026-09-06T03:37:18.477Z [c4a0c5d7-54d7-4fb9-a2c0-347000dbeccc][8e8b4eea-e67e-48c2-9a20-218d03b22adb] Output count: "x2" already selected ✓
2026-09-06T03:37:19.662Z [c4a0c5d7-54d7-4fb9-a2c0-347000dbeccc][8e8b4eea-e67e-48c2-9a20-218d03b22adb] Entering prompt...
2026-09-06T03:37:20.134Z [ed0e4924-3bb6-4a5c-b0f5-e787aa7b93e9][8e8b4eea-e67e-48c2-9a20-218d03b22adb] Video type: selected "crop_free Frames" ✓
2026-09-06T03:37:20.854Z [ed0e4924-3bb6-4a5c-b0f5-e787aa7b93e9][8e8b4eea-e67e-48c2-9a20-218d03b22adb] Model "Omni 1.1 Flash" already selected ✓ (chip reads "Omni 1.1 Flash")
2026-09-06T03:37:21.359Z [c4a0c5d7-54d7-4fb9-a2c0-347000dbeccc][8e8b4eea-e67e-48c2-9a20-218d03b22adb] Prompt is 1417 chars — typing it in 25 chunk(s).
2026-09-06T03:37:21.578Z [ed0e4924-3bb6-4a5c-b0f5-e787aa7b93e9][8e8b4eea-e67e-48c2-9a20-218d03b22adb] Aspect ratio: "crop_16_9 16:9" already selected ✓
2026-09-06T03:37:21.603Z [ed0e4924-3bb6-4a5c-b0f5-e787aa7b93e9][8e8b4eea-e67e-48c2-9a20-218d03b22adb] Video resolution: "720p" already selected ✓
2026-09-06T03:37:21.634Z [ed0e4924-3bb6-4a5c-b0f5-e787aa7b93e9][8e8b4eea-e67e-48c2-9a20-218d03b22adb] Duration: "8s" already selected ✓
2026-09-06T03:37:21.653Z [ed0e4924-3bb6-4a5c-b0f5-e787aa7b93e9][8e8b4eea-e67e-48c2-9a20-218d03b22adb] Output count: "x2" already selected ✓
2026-09-06T03:37:22.654Z [ed0e4924-3bb6-4a5c-b0f5-e787aa7b93e9][8e8b4eea-e67e-48c2-9a20-218d03b22adb] Entering prompt...
2026-09-06T03:37:24.173Z [ed0e4924-3bb6-4a5c-b0f5-e787aa7b93e9][8e8b4eea-e67e-48c2-9a20-218d03b22adb] Prompt is 1403 chars — typing it in 24 chunk(s).
2026-09-06T03:37:32.126Z [c4a0c5d7-54d7-4fb9-a2c0-347000dbeccc][8e8b4eea-e67e-48c2-9a20-218d03b22adb] Prompt insert attempt 1: editor has 1404 chars (want ~1413) ✓
2026-09-06T03:37:34.031Z [c4a0c5d7-54d7-4fb9-a2c0-347000dbeccc][8e8b4eea-e67e-48c2-9a20-218d03b22adb] Baseline: 50 pre-existing media tile(s) of 50 mounted (kinds: video,video,image,video,video,image,video,video,image,video,video,image,video,video,image,video,video,image,video,video,video,video,video,video,image,video,video,image,video,video,image,video,video,image,video,video,image,video,video,image,video,video,image,video,image,video,video,image,video,video).
2026-09-06T03:37:35.526Z [ed0e4924-3bb6-4a5c-b0f5-e787aa7b93e9][8e8b4eea-e67e-48c2-9a20-218d03b22adb] Prompt insert attempt 1: editor has 1390 chars (want ~1399) ✓
2026-09-06T03:37:35.935Z [c4a0c5d7-54d7-4fb9-a2c0-347000dbeccc][8e8b4eea-e67e-48c2-9a20-218d03b22adb] [submit] confirmed (editor "What do you want to ", fresh tile=true).
2026-09-06T03:37:36.602Z [c4a0c5d7-54d7-4fb9-a2c0-347000dbeccc][8e8b4eea-e67e-48c2-9a20-218d03b22adb] Current Workspace project URL: https://flow.google.com/project/d7006cc3-f9c4-4856-98f4-89ac31f96398?hl=en
2026-09-06T03:37:36.603Z [c4a0c5d7-54d7-4fb9-a2c0-347000dbeccc][8e8b4eea-e67e-48c2-9a20-218d03b22adb] Submitted ✓ Detecting batch size...
2026-09-06T03:37:36.618Z [c4a0c5d7-54d7-4fb9-a2c0-347000dbeccc][8e8b4eea-e67e-48c2-9a20-218d03b22adb] New tile(s) since submit: 0 → 2 (mounted=50)
2026-09-06T03:37:37.214Z [ed0e4924-3bb6-4a5c-b0f5-e787aa7b93e9][8e8b4eea-e67e-48c2-9a20-218d03b22adb] Baseline: 50 pre-existing media tile(s) of 50 mounted (kinds: video,video,video,video,video,video,video,video,image,video,video,image,video,video,image,video,video,video,video,video,video,image,video,video,image,video,video,image,video,video,image,video,video,image,video,video,image,video,video,image,video,video,image,video,video,image,video,video,image,video).
2026-09-06T03:37:39.290Z [ed0e4924-3bb6-4a5c-b0f5-e787aa7b93e9][8e8b4eea-e67e-48c2-9a20-218d03b22adb] [submit] confirmed (editor "What do you want to ", fresh tile=true).
2026-09-06T03:37:39.734Z [ed0e4924-3bb6-4a5c-b0f5-e787aa7b93e9][8e8b4eea-e67e-48c2-9a20-218d03b22adb] Current Workspace project URL: https://flow.google.com/project/52188b41-ba09-4240-a569-98bde902989b?hl=en
2026-09-06T03:37:39.735Z [ed0e4924-3bb6-4a5c-b0f5-e787aa7b93e9][8e8b4eea-e67e-48c2-9a20-218d03b22adb] Submitted ✓ Detecting batch size...
2026-09-06T03:37:39.747Z [ed0e4924-3bb6-4a5c-b0f5-e787aa7b93e9][8e8b4eea-e67e-48c2-9a20-218d03b22adb] New tile(s) since submit: 0 → 2 (mounted=50)
2026-09-06T03:37:40.812Z [c4a0c5d7-54d7-4fb9-a2c0-347000dbeccc][8e8b4eea-e67e-48c2-9a20-218d03b22adb] Batch size stabilised at 2 new tile(s)
2026-09-06T03:37:40.812Z [c4a0c5d7-54d7-4fb9-a2c0-347000dbeccc][8e8b4eea-e67e-48c2-9a20-218d03b22adb] Batch detected: 2 item(s). Generating...
2026-09-06T03:37:40.813Z [c4a0c5d7-54d7-4fb9-a2c0-347000dbeccc][8e8b4eea-e67e-48c2-9a20-218d03b22adb] Polling for 2 video item(s) (baseline=50, hasUpload=false)...
2026-09-06T03:37:40.826Z [c4a0c5d7-54d7-4fb9-a2c0-347000dbeccc][8e8b4eea-e67e-48c2-9a20-218d03b22adb] Generating... 0 ready, 0 failed / 2 total (0s) play_circle [HÀNH ĐỘ play_circle [HÀNH ĐỘ
2026-09-06T03:37:43.846Z [c4a0c5d7-54d7-4fb9-a2c0-347000dbeccc][8e8b4eea-e67e-48c2-9a20-218d03b22adb] Generating... 0 ready, 0 failed / 2 total (3s) play_circle [HÀNH ĐỘ play_circle [HÀNH ĐỘ
2026-09-06T03:37:43.920Z [ed0e4924-3bb6-4a5c-b0f5-e787aa7b93e9][8e8b4eea-e67e-48c2-9a20-218d03b22adb] Batch size stabilised at 2 new tile(s)
2026-09-06T03:37:43.920Z [ed0e4924-3bb6-4a5c-b0f5-e787aa7b93e9][8e8b4eea-e67e-48c2-9a20-218d03b22adb] Batch detected: 2 item(s). Generating...
2026-09-06T03:37:43.921Z [ed0e4924-3bb6-4a5c-b0f5-e787aa7b93e9][8e8b4eea-e67e-48c2-9a20-218d03b22adb] Polling for 2 video item(s) (baseline=50, hasUpload=false)...
2026-09-06T03:37:43.933Z [ed0e4924-3bb6-4a5c-b0f5-e787aa7b93e9][8e8b4eea-e67e-48c2-9a20-218d03b22adb] Generating... 0 ready, 0 failed / 2 total (0s) play_circle [HÀNH ĐỘ play_circle [HÀNH ĐỘ
2026-09-06T03:37:45.353Z [05945e3c-123b-4971-9584-f1b7ae102293][8e8b4eea-e67e-48c2-9a20-218d03b22adb] Item 2 (try 1): 1080p saved via the UI download flow.
2026-09-06T03:37:45.400Z [05945e3c-123b-4971-9584-f1b7ae102293][8e8b4eea-e67e-48c2-9a20-218d03b22adb] Item 2: upgraded to 1080p → D:\WINAI\Slow-English-with-Arlo_11_27_cmto8mrp\video_2026-09-06T03-35-55_02.mp4
2026-09-06T03:37:45.401Z [05945e3c-123b-4971-9584-f1b7ae102293][8e8b4eea-e67e-48c2-9a20-218d03b22adb] Uploading 2 video(s) to Xanh...
2026-09-06T03:37:46.390Z [05945e3c-123b-4971-9584-f1b7ae102293][8e8b4eea-e67e-48c2-9a20-218d03b22adb] Item 1: Re-uploaded 1080p → https://studio.xanhmedia.vn/uploads/2026-09/1788665865292_548841_8e8b4eea-e67e-48c2-9a20-218d03b22adb_059.mp4
2026-09-06T03:37:46.492Z [05945e3c-123b-4971-9584-f1b7ae102293][8e8b4eea-e67e-48c2-9a20-218d03b22adb] Item 2: Re-uploaded 1080p → https://studio.xanhmedia.vn/uploads/2026-09/1788665865391_a810e9_8e8b4eea-e67e-48c2-9a20-218d03b22adb_059.mp4
2026-09-06T03:37:46.492Z [05945e3c-123b-4971-9584-f1b7ae102293][8e8b4eea-e67e-48c2-9a20-218d03b22adb] ✅ 2 item(s) + 1080p saved to Downloads/Win AI Toolkit/
2026-09-06T03:37:46.494Z [05945e3c-123b-4971-9584-f1b7ae102293][8e8b4eea-e67e-48c2-9a20-218d03b22adb] All done (including any 1080p upgrades). Closing Playwright browser context.
2026-09-06T03:37:46.872Z [c4a0c5d7-54d7-4fb9-a2c0-347000dbeccc][8e8b4eea-e67e-48c2-9a20-218d03b22adb] Generating... 0 ready, 0 failed / 2 total (6s) play_circle 0% [HÀNH play_circle 0% [HÀNH
2026-09-06T03:37:46.947Z [ed0e4924-3bb6-4a5c-b0f5-e787aa7b93e9][8e8b4eea-e67e-48c2-9a20-218d03b22adb] Generating... 0 ready, 0 failed / 2 total (3s) play_circle [HÀNH ĐỘ play_circle [HÀNH ĐỘ
2026-09-06T03:37:47.199Z [01f49248-05ac-4924-8b8c-66e3261587bd][8e8b4eea-e67e-48c2-9a20-218d03b22adb] runGeneration starting: task_id=01f49248-05ac-4924-8b8c-66e3261587bd, profile_id=8e8b4eea-e67e-48c2-9a20-218d03b22adb, target_site=google_flow
2026-09-06T03:37:47.201Z [01f49248-05ac-4924-8b8c-66e3261587bd][8e8b4eea-e67e-48c2-9a20-218d03b22adb] Opening Playwright browser with persistent profile cookies...
2026-09-06T03:37:47.203Z [01f49248-05ac-4924-8b8c-66e3261587bd][8e8b4eea-e67e-48c2-9a20-218d03b22adb] Browser engine: winhide (C:\Users\Admin\AppData\Roaming\com.tank.winai\winhide\chrome.exe) [hidden off-screen]
2026-09-06T03:37:47.204Z [01f49248-05ac-4924-8b8c-66e3261587bd][8e8b4eea-e67e-48c2-9a20-218d03b22adb] Launch mode: STEALTH (raw spawn + connectOverCDP)
2026-09-06T03:37:48.902Z [01f49248-05ac-4924-8b8c-66e3261587bd][8e8b4eea-e67e-48c2-9a20-218d03b22adb] Exit IP: 115.74.128.9
2026-09-06T03:37:48.904Z [01f49248-05ac-4924-8b8c-66e3261587bd][8e8b4eea-e67e-48c2-9a20-218d03b22adb] Navigating browser to Google Flow tools page...
2026-09-06T03:37:48.905Z [01f49248-05ac-4924-8b8c-66e3261587bd][8e8b4eea-e67e-48c2-9a20-218d03b22adb] Using existing project URL: https://flow.google.com/project/643b808f-7d88-45ee-a818-35d5f8e84fec?hl=en
2026-09-06T03:37:49.883Z [c4a0c5d7-54d7-4fb9-a2c0-347000dbeccc][8e8b4eea-e67e-48c2-9a20-218d03b22adb] Generating... 0 ready, 0 failed / 2 total (9s) play_circle 1% [HÀNH play_circle 2% [HÀNH
2026-09-06T03:37:49.943Z [01f49248-05ac-4924-8b8c-66e3261587bd][8e8b4eea-e67e-48c2-9a20-218d03b22adb] Waiting for Google Flow...
2026-09-06T03:37:49.963Z [ed0e4924-3bb6-4a5c-b0f5-e787aa7b93e9][8e8b4eea-e67e-48c2-9a20-218d03b22adb] Generating... 0 ready, 0 failed / 2 total (6s) play_circle 1% [HÀNH play_circle 1% [HÀNH
2026-09-06T03:37:52.386Z [01f49248-05ac-4924-8b8c-66e3261587bd][8e8b4eea-e67e-48c2-9a20-218d03b22adb] In existing project ✓
2026-09-06T03:37:52.897Z [c4a0c5d7-54d7-4fb9-a2c0-347000dbeccc][8e8b4eea-e67e-48c2-9a20-218d03b22adb] Generating... 0 ready, 0 failed / 2 total (12s) play_circle 5% [HÀNH play_circle 5% [HÀNH
2026-09-06T03:37:52.979Z [ed0e4924-3bb6-4a5c-b0f5-e787aa7b93e9][8e8b4eea-e67e-48c2-9a20-218d03b22adb] Generating... 0 ready, 0 failed / 2 total (9s) play_circle 2% [HÀNH play_circle 2% [HÀNH
2026-09-06T03:37:54.130Z [01f49248-05ac-4924-8b8c-66e3261587bd][8e8b4eea-e67e-48c2-9a20-218d03b22adb] dismissPopups: unresolved overlay(s) ["DIV[]|btns=","DIV[]|btns="]
2026-09-06T03:37:54.226Z [01f49248-05ac-4924-8b8c-66e3261587bd][8e8b4eea-e67e-48c2-9a20-218d03b22adb] Composer ready ✓ (UI language: en)
2026-09-06T03:37:54.287Z [01f49248-05ac-4924-8b8c-66e3261587bd][8e8b4eea-e67e-48c2-9a20-218d03b22adb] dismissPopups: unresolved overlay(s) ["DIV[]|btns=","DIV[]|btns="]
2026-09-06T03:37:54.309Z [01f49248-05ac-4924-8b8c-66e3261587bd][8e8b4eea-e67e-48c2-9a20-218d03b22adb] Agent toggle aria-pressed=false
2026-09-06T03:37:54.310Z [01f49248-05ac-4924-8b8c-66e3261587bd][8e8b4eea-e67e-48c2-9a20-218d03b22adb] Opening settings...
2026-09-06T03:37:55.923Z [c4a0c5d7-54d7-4fb9-a2c0-347000dbeccc][8e8b4eea-e67e-48c2-9a20-218d03b22adb] Generating... 0 ready, 0 failed / 2 total (15s) play_circle 8% [HÀNH play_circle 8% [HÀNH
2026-09-06T03:37:55.996Z [ed0e4924-3bb6-4a5c-b0f5-e787aa7b93e9][8e8b4eea-e67e-48c2-9a20-218d03b22adb] Generating... 0 ready, 0 failed / 2 total (12s) play_circle 5% [HÀNH play_circle 5% [HÀNH
2026-09-06T03:37:56.296Z [01f49248-05ac-4924-8b8c-66e3261587bd][8e8b4eea-e67e-48c2-9a20-218d03b22adb] Configuring video settings...
2026-09-06T03:37:56.321Z [01f49248-05ac-4924-8b8c-66e3261587bd][8e8b4eea-e67e-48c2-9a20-218d03b22adb] Mode: "videocam Video" already selected ✓
2026-09-06T03:37:58.645Z [4942a3ae-f1b8-47fc-aa58-a715870ae0b7][8e8b4eea-e67e-48c2-9a20-218d03b22adb] Item 1 (try 1): 1080p saved via the UI download flow.
2026-09-06T03:37:58.688Z [4942a3ae-f1b8-47fc-aa58-a715870ae0b7][8e8b4eea-e67e-48c2-9a20-218d03b22adb] Item 1: upgraded to 1080p → D:\WINAI\Slow-English-with-Arlo_11_28_cmto8mrp\video_2026-09-06T03-37-03_01.mp4
2026-09-06T03:37:58.907Z [01f49248-05ac-4924-8b8c-66e3261587bd][8e8b4eea-e67e-48c2-9a20-218d03b22adb] Video type: selected "crop_free Frames" ✓
2026-09-06T03:37:58.947Z [c4a0c5d7-54d7-4fb9-a2c0-347000dbeccc][8e8b4eea-e67e-48c2-9a20-218d03b22adb] Generating... 0 ready, 0 failed / 2 total (18s) play_circle 9% [HÀNH play_circle 9% [HÀNH
2026-09-06T03:37:59.028Z [ed0e4924-3bb6-4a5c-b0f5-e787aa7b93e9][8e8b4eea-e67e-48c2-9a20-218d03b22adb] Generating... 0 ready, 0 failed / 2 total (15s) play_circle 9% [HÀNH play_circle 9% [HÀNH
2026-09-06T03:38:00.192Z [01f49248-05ac-4924-8b8c-66e3261587bd][8e8b4eea-e67e-48c2-9a20-218d03b22adb] Model "Omni 1.1 Flash" already selected ✓ (chip reads "Omni 1.1 Flash")
2026-09-06T03:38:01.205Z [01f49248-05ac-4924-8b8c-66e3261587bd][8e8b4eea-e67e-48c2-9a20-218d03b22adb] Aspect ratio: "crop_16_9 16:9" already selected ✓
2026-09-06T03:38:01.228Z [01f49248-05ac-4924-8b8c-66e3261587bd][8e8b4eea-e67e-48c2-9a20-218d03b22adb] Video resolution: "720p" already selected ✓
2026-09-06T03:38:01.262Z [01f49248-05ac-4924-8b8c-66e3261587bd][8e8b4eea-e67e-48c2-9a20-218d03b22adb] Duration: "8s" already selected ✓
2026-09-06T03:38:01.288Z [01f49248-05ac-4924-8b8c-66e3261587bd][8e8b4eea-e67e-48c2-9a20-218d03b22adb] Output count: "x2" already selected ✓
2026-09-06T03:38:01.966Z [c4a0c5d7-54d7-4fb9-a2c0-347000dbeccc][8e8b4eea-e67e-48c2-9a20-218d03b22adb] Generating... 0 ready, 0 failed / 2 total (21s) play_circle 12% [HÀN play_circle 12% [HÀN
2026-09-06T03:38:02.044Z [ed0e4924-3bb6-4a5c-b0f5-e787aa7b93e9][8e8b4eea-e67e-48c2-9a20-218d03b22adb] Generating... 0 ready, 0 failed / 2 total (18s) play_circle 10% [HÀN play_circle 10% [HÀN
2026-09-06T03:38:02.123Z [01f49248-05ac-4924-8b8c-66e3261587bd][8e8b4eea-e67e-48c2-9a20-218d03b22adb] Entering prompt...
2026-09-06T03:38:04.163Z [01f49248-05ac-4924-8b8c-66e3261587bd][8e8b4eea-e67e-48c2-9a20-218d03b22adb] Prompt is 1332 chars — typing it in 26 chunk(s).
2026-09-06T03:38:04.984Z [c4a0c5d7-54d7-4fb9-a2c0-347000dbeccc][8e8b4eea-e67e-48c2-9a20-218d03b22adb] Generating... 0 ready, 0 failed / 2 total (24s) play_circle 14% [HÀN play_circle 15% [HÀN
2026-09-06T03:38:05.067Z [ed0e4924-3bb6-4a5c-b0f5-e787aa7b93e9][8e8b4eea-e67e-48c2-9a20-218d03b22adb] Generating... 0 ready, 0 failed / 2 total (21s) play_circle 14% [HÀN play_circle 13% [HÀN
2026-09-06T03:38:08.011Z [c4a0c5d7-54d7-4fb9-a2c0-347000dbeccc][8e8b4eea-e67e-48c2-9a20-218d03b22adb] Generating... 0 ready, 0 failed / 2 total (27s) play_circle 18% [HÀN play_circle 18% [HÀN
2026-09-06T03:38:08.095Z [ed0e4924-3bb6-4a5c-b0f5-e787aa7b93e9][8e8b4eea-e67e-48c2-9a20-218d03b22adb] Generating... 0 ready, 0 failed / 2 total (24s) play_circle 16% [HÀN play_circle 16% [HÀN
2026-09-06T03:38:11.027Z [c4a0c5d7-54d7-4fb9-a2c0-347000dbeccc][8e8b4eea-e67e-48c2-9a20-218d03b22adb] Generating... 0 ready, 0 failed / 2 total (30s) play_circle 20% [HÀN
2026-09-06T03:38:11.119Z [ed0e4924-3bb6-4a5c-b0f5-e787aa7b93e9][8e8b4eea-e67e-48c2-9a20-218d03b22adb] Generating... 0 ready, 0 failed / 2 total (27s) play_circle 19% [HÀN play_circle 19% [HÀN
2026-09-06T03:38:14.046Z [c4a0c5d7-54d7-4fb9-a2c0-347000dbeccc][8e8b4eea-e67e-48c2-9a20-218d03b22adb] Generating... 0 ready, 0 failed / 2 total (33s) play_circle 22% [HÀN
2026-09-06T03:38:14.144Z [ed0e4924-3bb6-4a5c-b0f5-e787aa7b93e9][8e8b4eea-e67e-48c2-9a20-218d03b22adb] Generating... 0 ready, 0 failed / 2 total (30s) play_circle 21% [HÀN play_circle 21% [HÀN
2026-09-06T03:38:15.498Z [01f49248-05ac-4924-8b8c-66e3261587bd][8e8b4eea-e67e-48c2-9a20-218d03b22adb] Prompt insert attempt 1: editor has 1319 chars (want ~1328) ✓
2026-09-06T03:38:17.063Z [c4a0c5d7-54d7-4fb9-a2c0-347000dbeccc][8e8b4eea-e67e-48c2-9a20-218d03b22adb] Generating... 0 ready, 0 failed / 2 total (36s) play_circle 25% [HÀN
2026-09-06T03:38:17.171Z [ed0e4924-3bb6-4a5c-b0f5-e787aa7b93e9][8e8b4eea-e67e-48c2-9a20-218d03b22adb] Generating... 0 ready, 0 failed / 2 total (33s) play_circle 23% [HÀN play_circle 23% [HÀN
2026-09-06T03:38:17.616Z [01f49248-05ac-4924-8b8c-66e3261587bd][8e8b4eea-e67e-48c2-9a20-218d03b22adb] Baseline: 50 pre-existing media tile(s) of 50 mounted (kinds: video,video,video,video,video,video,video,video,image,video,video,image,video,video,image,video,video,video,video,image,video,video,image,video,video,image,video,video,image,video,video,image,video,video,image,video,video,image,video,video,image,video,video,image,video,video,image,video,video,image).
2026-09-06T03:38:19.762Z [01f49248-05ac-4924-8b8c-66e3261587bd][8e8b4eea-e67e-48c2-9a20-218d03b22adb] [submit] confirmed (editor "What do you want to ", fresh tile=true).
2026-09-06T03:38:20.079Z [c4a0c5d7-54d7-4fb9-a2c0-347000dbeccc][8e8b4eea-e67e-48c2-9a20-218d03b22adb] Generating... 0 ready, 0 failed / 2 total (39s) play_circle 27% [HÀN
2026-09-06T03:38:20.187Z [ed0e4924-3bb6-4a5c-b0f5-e787aa7b93e9][8e8b4eea-e67e-48c2-9a20-218d03b22adb] Generating... 0 ready, 0 failed / 2 total (36s) play_circle 25% [HÀN play_circle 25% [HÀN
2026-09-06T03:38:20.351Z [01f49248-05ac-4924-8b8c-66e3261587bd][8e8b4eea-e67e-48c2-9a20-218d03b22adb] Current Workspace project URL: https://flow.google.com/project/643b808f-7d88-45ee-a818-35d5f8e84fec?hl=en
2026-09-06T03:38:20.351Z [01f49248-05ac-4924-8b8c-66e3261587bd][8e8b4eea-e67e-48c2-9a20-218d03b22adb] Submitted ✓ Detecting batch size...
2026-09-06T03:38:20.364Z [01f49248-05ac-4924-8b8c-66e3261587bd][8e8b4eea-e67e-48c2-9a20-218d03b22adb] New tile(s) since submit: 0 → 2 (mounted=50)
2026-09-06T03:38:23.096Z [c4a0c5d7-54d7-4fb9-a2c0-347000dbeccc][8e8b4eea-e67e-48c2-9a20-218d03b22adb] Generating... 0 ready, 0 failed / 2 total (42s) play_circle 100% [HÀ
2026-09-06T03:38:23.206Z [ed0e4924-3bb6-4a5c-b0f5-e787aa7b93e9][8e8b4eea-e67e-48c2-9a20-218d03b22adb] Generating... 0 ready, 0 failed / 2 total (39s) play_circle 28% [HÀN play_circle 29% [HÀN
2026-09-06T03:38:24.494Z [01f49248-05ac-4924-8b8c-66e3261587bd][8e8b4eea-e67e-48c2-9a20-218d03b22adb] Batch size stabilised at 2 new tile(s)
2026-09-06T03:38:24.494Z [01f49248-05ac-4924-8b8c-66e3261587bd][8e8b4eea-e67e-48c2-9a20-218d03b22adb] Batch detected: 2 item(s). Generating...
2026-09-06T03:38:24.494Z [01f49248-05ac-4924-8b8c-66e3261587bd][8e8b4eea-e67e-48c2-9a20-218d03b22adb] Polling for 2 video item(s) (baseline=50, hasUpload=false)...
2026-09-06T03:38:24.508Z [01f49248-05ac-4924-8b8c-66e3261587bd][8e8b4eea-e67e-48c2-9a20-218d03b22adb] Generating... 0 ready, 0 failed / 2 total (0s) play_circle [HÀNH ĐỘ play_circle [HÀNH ĐỘ
2026-09-06T03:38:26.113Z [c4a0c5d7-54d7-4fb9-a2c0-347000dbeccc][8e8b4eea-e67e-48c2-9a20-218d03b22adb] Generating... 0 ready, 0 failed / 2 total (45s) play_circle 100% [HÀ
2026-09-06T03:38:26.228Z [ed0e4924-3bb6-4a5c-b0f5-e787aa7b93e9][8e8b4eea-e67e-48c2-9a20-218d03b22adb] Generating... 0 ready, 0 failed / 2 total (42s) play_circle 31% [HÀN play_circle 100% [HÀ
2026-09-06T03:38:27.525Z [01f49248-05ac-4924-8b8c-66e3261587bd][8e8b4eea-e67e-48c2-9a20-218d03b22adb] Generating... 0 ready, 0 failed / 2 total (3s) play_circle [HÀNH ĐỘ play_circle [HÀNH ĐỘ
2026-09-06T03:38:29.135Z [c4a0c5d7-54d7-4fb9-a2c0-347000dbeccc][8e8b4eea-e67e-48c2-9a20-218d03b22adb] Generating... 0 ready, 0 failed / 2 total (48s) [HÀNH ĐỘNG]Phần wall
2026-09-06T03:38:29.249Z [ed0e4924-3bb6-4a5c-b0f5-e787aa7b93e9][8e8b4eea-e67e-48c2-9a20-218d03b22adb] Generating... 0 ready, 0 failed / 2 total (45s) play_circle 100% [HÀ play_circle 100% [HÀ
2026-09-06T03:38:30.543Z [01f49248-05ac-4924-8b8c-66e3261587bd][8e8b4eea-e67e-48c2-9a20-218d03b22adb] Generating... 0 ready, 0 failed / 2 total (6s) play_circle 0% [HÀNH play_circle 0% [HÀNH
2026-09-06T03:38:32.156Z [c4a0c5d7-54d7-4fb9-a2c0-347000dbeccc][8e8b4eea-e67e-48c2-9a20-218d03b22adb] Generating... 1 ready, 0 failed / 2 total (51s)
2026-09-06T03:38:32.263Z [ed0e4924-3bb6-4a5c-b0f5-e787aa7b93e9][8e8b4eea-e67e-48c2-9a20-218d03b22adb] Generating... 1 ready, 0 failed / 2 total (48s) play_circle 100% [HÀ
2026-09-06T03:38:33.555Z [01f49248-05ac-4924-8b8c-66e3261587bd][8e8b4eea-e67e-48c2-9a20-218d03b22adb] Generating... 0 ready, 0 failed / 2 total (9s) play_circle 1% [HÀNH play_circle 3% [HÀNH
2026-09-06T03:38:35.175Z [c4a0c5d7-54d7-4fb9-a2c0-347000dbeccc][8e8b4eea-e67e-48c2-9a20-218d03b22adb] Generating... 1 ready, 0 failed / 2 total (54s)
2026-09-06T03:38:35.279Z [ed0e4924-3bb6-4a5c-b0f5-e787aa7b93e9][8e8b4eea-e67e-48c2-9a20-218d03b22adb] Generating... 1 ready, 0 failed / 2 total (51s) [HÀNH ĐỘNG]Cùng một 
2026-09-06T03:38:36.576Z [01f49248-05ac-4924-8b8c-66e3261587bd][8e8b4eea-e67e-48c2-9a20-218d03b22adb] Generating... 0 ready, 0 failed / 2 total (12s) play_circle 4% [HÀNH play_circle 4% [HÀNH
2026-09-06T03:38:38.195Z [c4a0c5d7-54d7-4fb9-a2c0-347000dbeccc][8e8b4eea-e67e-48c2-9a20-218d03b22adb] Generating... 1 ready, 0 failed / 2 total (57s)
2026-09-06T03:38:38.296Z [ed0e4924-3bb6-4a5c-b0f5-e787aa7b93e9][8e8b4eea-e67e-48c2-9a20-218d03b22adb] Generating... 2 ready, 0 failed / 2 total (54s)
2026-09-06T03:38:38.296Z [ed0e4924-3bb6-4a5c-b0f5-e787aa7b93e9][8e8b4eea-e67e-48c2-9a20-218d03b22adb] Batch done: 2 ready (target 2), 0 failed, scanned 2.
2026-09-06T03:38:38.296Z [ed0e4924-3bb6-4a5c-b0f5-e787aa7b93e9][8e8b4eea-e67e-48c2-9a20-218d03b22adb] 2 item(s) ready! Downloading...
2026-09-06T03:38:38.298Z [ed0e4924-3bb6-4a5c-b0f5-e787aa7b93e9][8e8b4eea-e67e-48c2-9a20-218d03b22adb] Item 1: no video source on the tile yet — hovering it to mount one.
2026-09-06T03:38:39.591Z [01f49248-05ac-4924-8b8c-66e3261587bd][8e8b4eea-e67e-48c2-9a20-218d03b22adb] Generating... 0 ready, 0 failed / 2 total (15s) play_circle 7% [HÀNH play_circle 7% [HÀNH
2026-09-06T03:38:39.713Z [ed0e4924-3bb6-4a5c-b0f5-e787aa7b93e9][8e8b4eea-e67e-48c2-9a20-218d03b22adb] Item 1: Downloading from URL https://flow-content.google/video/0ab42a2e-a38d-4d7c-a188-bcddaa9887b1?Expires=1788687508&KeyName=labs-flow-prod-cdn-key&Signature=aEal-RTegGllG6cIkdo4CyOi30I
2026-09-06T03:38:39.896Z [ed0e4924-3bb6-4a5c-b0f5-e787aa7b93e9][8e8b4eea-e67e-48c2-9a20-218d03b22adb] Downloader: no-proxy request context ready.
2026-09-06T03:38:41.210Z [c4a0c5d7-54d7-4fb9-a2c0-347000dbeccc][8e8b4eea-e67e-48c2-9a20-218d03b22adb] Generating... 1 ready, 0 failed / 2 total (60s)
2026-09-06T03:38:41.632Z [ed0e4924-3bb6-4a5c-b0f5-e787aa7b93e9][8e8b4eea-e67e-48c2-9a20-218d03b22adb] Downloaded 1/2: video_2026-09-06T03-38-38_01.mp4
2026-09-06T03:38:41.634Z [ed0e4924-3bb6-4a5c-b0f5-e787aa7b93e9][8e8b4eea-e67e-48c2-9a20-218d03b22adb] Item 2: no video source on the tile yet — hovering it to mount one.
2026-09-06T03:38:42.613Z [01f49248-05ac-4924-8b8c-66e3261587bd][8e8b4eea-e67e-48c2-9a20-218d03b22adb] Generating... 0 ready, 0 failed / 2 total (18s) play_circle 10% [HÀN play_circle 9% [HÀNH
2026-09-06T03:38:43.422Z [ed0e4924-3bb6-4a5c-b0f5-e787aa7b93e9][8e8b4eea-e67e-48c2-9a20-218d03b22adb] Item 2: Downloading from URL https://flow-content.google/video/fe087791-a7ce-4e18-99ff-5bb7c65d58e8?Expires=1788687503&KeyName=labs-flow-prod-cdn-key&Signature=OBkZHj7WlaZLV0inXpBPnfmdMvg
2026-09-06T03:38:43.441Z [4942a3ae-f1b8-47fc-aa58-a715870ae0b7][8e8b4eea-e67e-48c2-9a20-218d03b22adb] Item 2 (try 1): 1080p saved via the UI download flow.
2026-09-06T03:38:43.476Z [4942a3ae-f1b8-47fc-aa58-a715870ae0b7][8e8b4eea-e67e-48c2-9a20-218d03b22adb] Item 2: upgraded to 1080p → D:\WINAI\Slow-English-with-Arlo_11_28_cmto8mrp\video_2026-09-06T03-37-03_02.mp4
2026-09-06T03:38:43.476Z [4942a3ae-f1b8-47fc-aa58-a715870ae0b7][8e8b4eea-e67e-48c2-9a20-218d03b22adb] Uploading 2 video(s) to Xanh...
2026-09-06T03:38:44.226Z [c4a0c5d7-54d7-4fb9-a2c0-347000dbeccc][8e8b4eea-e67e-48c2-9a20-218d03b22adb] Generating... 1 ready, 0 failed / 2 total (63s)
2026-09-06T03:38:44.485Z [4942a3ae-f1b8-47fc-aa58-a715870ae0b7][8e8b4eea-e67e-48c2-9a20-218d03b22adb] Item 1: Re-uploaded 1080p → https://studio.xanhmedia.vn/uploads/2026-09/1788665923354_1be118_8e8b4eea-e67e-48c2-9a20-218d03b22adb_494.mp4
2026-09-06T03:38:44.495Z [4942a3ae-f1b8-47fc-aa58-a715870ae0b7][8e8b4eea-e67e-48c2-9a20-218d03b22adb] Item 2: Re-uploaded 1080p → https://studio.xanhmedia.vn/uploads/2026-09/1788665923395_9451a9_8e8b4eea-e67e-48c2-9a20-218d03b22adb_494.mp4
2026-09-06T03:38:44.495Z [4942a3ae-f1b8-47fc-aa58-a715870ae0b7][8e8b4eea-e67e-48c2-9a20-218d03b22adb] ✅ 2 item(s) + 1080p saved to Downloads/Win AI Toolkit/
2026-09-06T03:38:44.498Z [4942a3ae-f1b8-47fc-aa58-a715870ae0b7][8e8b4eea-e67e-48c2-9a20-218d03b22adb] All done (including any 1080p upgrades). Closing Playwright browser context.
2026-09-06T03:38:44.594Z [ed0e4924-3bb6-4a5c-b0f5-e787aa7b93e9][8e8b4eea-e67e-48c2-9a20-218d03b22adb] Downloaded 2/2: video_2026-09-06T03-38-38_02.mp4
2026-09-06T03:38:44.595Z [ed0e4924-3bb6-4a5c-b0f5-e787aa7b93e9][8e8b4eea-e67e-48c2-9a20-218d03b22adb] ✅ 2 item(s) saved to Downloads/Win AI Toolkit/
2026-09-06T03:38:45.636Z [01f49248-05ac-4924-8b8c-66e3261587bd][8e8b4eea-e67e-48c2-9a20-218d03b22adb] Generating... 0 ready, 0 failed / 2 total (21s) play_circle 12% [HÀN play_circle 12% [HÀN
2026-09-06T03:38:45.903Z [6eeb9401-4799-4fd6-9ca1-e93314236dde][8e8b4eea-e67e-48c2-9a20-218d03b22adb] runGeneration starting: task_id=6eeb9401-4799-4fd6-9ca1-e93314236dde, profile_id=8e8b4eea-e67e-48c2-9a20-218d03b22adb, target_site=google_flow
2026-09-06T03:38:45.904Z [6eeb9401-4799-4fd6-9ca1-e93314236dde][8e8b4eea-e67e-48c2-9a20-218d03b22adb] Opening Playwright browser with persistent profile cookies...
2026-09-06T03:38:45.905Z [6eeb9401-4799-4fd6-9ca1-e93314236dde][8e8b4eea-e67e-48c2-9a20-218d03b22adb] Browser engine: winhide (C:\Users\Admin\AppData\Roaming\com.tank.winai\winhide\chrome.exe) [hidden off-screen]
2026-09-06T03:38:45.905Z [6eeb9401-4799-4fd6-9ca1-e93314236dde][8e8b4eea-e67e-48c2-9a20-218d03b22adb] Launch mode: STEALTH (raw spawn + connectOverCDP)
2026-09-06T03:38:47.252Z [c4a0c5d7-54d7-4fb9-a2c0-347000dbeccc][8e8b4eea-e67e-48c2-9a20-218d03b22adb] Generating... 1 ready, 0 failed / 2 total (66s)
2026-09-06T03:38:47.303Z [6eeb9401-4799-4fd6-9ca1-e93314236dde][8e8b4eea-e67e-48c2-9a20-218d03b22adb] Exit IP: 115.74.128.9
2026-09-06T03:38:47.304Z [6eeb9401-4799-4fd6-9ca1-e93314236dde][8e8b4eea-e67e-48c2-9a20-218d03b22adb] Navigating browser to Google Flow tools page...
2026-09-06T03:38:47.304Z [6eeb9401-4799-4fd6-9ca1-e93314236dde][8e8b4eea-e67e-48c2-9a20-218d03b22adb] Using existing project URL: https://flow.google.com/project/5cd39577-897c-41b2-8dc8-7fabdd51c4ed?hl=en
2026-09-06T03:38:48.327Z [6eeb9401-4799-4fd6-9ca1-e93314236dde][8e8b4eea-e67e-48c2-9a20-218d03b22adb] Waiting for Google Flow...
2026-09-06T03:38:48.649Z [01f49248-05ac-4924-8b8c-66e3261587bd][8e8b4eea-e67e-48c2-9a20-218d03b22adb] Generating... 0 ready, 0 failed / 2 total (24s) play_circle 14% [HÀN play_circle 14% [HÀN
2026-09-06T03:38:49.998Z [6eeb9401-4799-4fd6-9ca1-e93314236dde][8e8b4eea-e67e-48c2-9a20-218d03b22adb] In existing project ✓
2026-09-06T03:38:50.276Z [c4a0c5d7-54d7-4fb9-a2c0-347000dbeccc][8e8b4eea-e67e-48c2-9a20-218d03b22adb] Generating... 1 ready, 0 failed / 2 total (69s)
2026-09-06T03:38:51.133Z [6eeb9401-4799-4fd6-9ca1-e93314236dde][8e8b4eea-e67e-48c2-9a20-218d03b22adb] dismissPopups: unresolved overlay(s) ["IFRAME[presentation]|btns="]
2026-09-06T03:38:51.675Z [01f49248-05ac-4924-8b8c-66e3261587bd][8e8b4eea-e67e-48c2-9a20-218d03b22adb] Generating... 0 ready, 0 failed / 2 total (27s) play_circle 16% [HÀN play_circle 16% [HÀN
2026-09-06T03:38:52.589Z [6eeb9401-4799-4fd6-9ca1-e93314236dde][8e8b4eea-e67e-48c2-9a20-218d03b22adb] Composer ready ✓ (UI language: en)
2026-09-06T03:38:52.760Z [6eeb9401-4799-4fd6-9ca1-e93314236dde][8e8b4eea-e67e-48c2-9a20-218d03b22adb] dismissPopups: unresolved overlay(s) ["DIV[]|btns=","DIV[]|btns="]
2026-09-06T03:38:52.821Z [6eeb9401-4799-4fd6-9ca1-e93314236dde][8e8b4eea-e67e-48c2-9a20-218d03b22adb] Agent toggle aria-pressed=false
2026-09-06T03:38:52.821Z [6eeb9401-4799-4fd6-9ca1-e93314236dde][8e8b4eea-e67e-48c2-9a20-218d03b22adb] Opening settings...
2026-09-06T03:38:53.299Z [c4a0c5d7-54d7-4fb9-a2c0-347000dbeccc][8e8b4eea-e67e-48c2-9a20-218d03b22adb] Generating... 1 ready, 0 failed / 2 total (72s)
2026-09-06T03:38:54.698Z [01f49248-05ac-4924-8b8c-66e3261587bd][8e8b4eea-e67e-48c2-9a20-218d03b22adb] Generating... 0 ready, 0 failed / 2 total (30s) play_circle 20% [HÀN play_circle 20% [HÀN
2026-09-06T03:38:54.952Z [6eeb9401-4799-4fd6-9ca1-e93314236dde][8e8b4eea-e67e-48c2-9a20-218d03b22adb] Configuring video settings...
2026-09-06T03:38:54.977Z [6eeb9401-4799-4fd6-9ca1-e93314236dde][8e8b4eea-e67e-48c2-9a20-218d03b22adb] Mode: "videocam Video" already selected ✓
2026-09-06T03:38:56.326Z [c4a0c5d7-54d7-4fb9-a2c0-347000dbeccc][8e8b4eea-e67e-48c2-9a20-218d03b22adb] Generating... 1 ready, 0 failed / 2 total (76s)
2026-09-06T03:38:57.687Z [6eeb9401-4799-4fd6-9ca1-e93314236dde][8e8b4eea-e67e-48c2-9a20-218d03b22adb] Video type: selected "crop_free Frames" ✓
2026-09-06T03:38:57.712Z [01f49248-05ac-4924-8b8c-66e3261587bd][8e8b4eea-e67e-48c2-9a20-218d03b22adb] Generating... 0 ready, 0 failed / 2 total (33s) play_circle 22% [HÀN play_circle 22% [HÀN
2026-09-06T03:38:58.599Z [6eeb9401-4799-4fd6-9ca1-e93314236dde][8e8b4eea-e67e-48c2-9a20-218d03b22adb] Model "Omni 1.1 Flash" already selected ✓ (chip reads "Omni 1.1 Flash")
2026-09-06T03:38:59.144Z [6eeb9401-4799-4fd6-9ca1-e93314236dde][8e8b4eea-e67e-48c2-9a20-218d03b22adb] Aspect ratio: "crop_16_9 16:9" already selected ✓
2026-09-06T03:38:59.169Z [6eeb9401-4799-4fd6-9ca1-e93314236dde][8e8b4eea-e67e-48c2-9a20-218d03b22adb] Video resolution: "720p" already selected ✓
2026-09-06T03:38:59.197Z [6eeb9401-4799-4fd6-9ca1-e93314236dde][8e8b4eea-e67e-48c2-9a20-218d03b22adb] Duration: "8s" already selected ✓
2026-09-06T03:38:59.221Z [6eeb9401-4799-4fd6-9ca1-e93314236dde][8e8b4eea-e67e-48c2-9a20-218d03b22adb] Output count: "x2" already selected ✓
2026-09-06T03:38:59.343Z [c4a0c5d7-54d7-4fb9-a2c0-347000dbeccc][8e8b4eea-e67e-48c2-9a20-218d03b22adb] Generating... 1 ready, 0 failed / 2 total (79s)
2026-09-06T03:39:00.236Z [6eeb9401-4799-4fd6-9ca1-e93314236dde][8e8b4eea-e67e-48c2-9a20-218d03b22adb] Entering prompt...
2026-09-06T03:39:00.730Z [01f49248-05ac-4924-8b8c-66e3261587bd][8e8b4eea-e67e-48c2-9a20-218d03b22adb] Generating... 0 ready, 0 failed / 2 total (36s) play_circle 25% [HÀN play_circle 100% [HÀ
2026-09-06T03:39:01.737Z [6eeb9401-4799-4fd6-9ca1-e93314236dde][8e8b4eea-e67e-48c2-9a20-218d03b22adb] Prompt is 1322 chars — typing it in 24 chunk(s).
2026-09-06T03:39:02.369Z [c4a0c5d7-54d7-4fb9-a2c0-347000dbeccc][8e8b4eea-e67e-48c2-9a20-218d03b22adb] Generating... 1 ready, 0 failed / 2 total (82s)
2026-09-06T03:39:03.749Z [01f49248-05ac-4924-8b8c-66e3261587bd][8e8b4eea-e67e-48c2-9a20-218d03b22adb] Generating... 0 ready, 0 failed / 2 total (39s) play_circle 27% [HÀN play_circle 100% [HÀ
2026-09-06T03:39:05.383Z [c4a0c5d7-54d7-4fb9-a2c0-347000dbeccc][8e8b4eea-e67e-48c2-9a20-218d03b22adb] Generating... 1 ready, 0 failed / 2 total (85s)
2026-09-06T03:39:06.767Z [01f49248-05ac-4924-8b8c-66e3261587bd][8e8b4eea-e67e-48c2-9a20-218d03b22adb] Generating... 0 ready, 0 failed / 2 total (42s) play_circle 30% [HÀN [HÀNH ĐỘNG]Outflow h
2026-09-06T03:39:08.407Z [c4a0c5d7-54d7-4fb9-a2c0-347000dbeccc][8e8b4eea-e67e-48c2-9a20-218d03b22adb] Generating... 1 ready, 0 failed / 2 total (88s)
2026-09-06T03:39:09.790Z [01f49248-05ac-4924-8b8c-66e3261587bd][8e8b4eea-e67e-48c2-9a20-218d03b22adb] Generating... 1 ready, 0 failed / 2 total (45s) play_circle 100% [HÀ
2026-09-06T03:39:11.422Z [c4a0c5d7-54d7-4fb9-a2c0-347000dbeccc][8e8b4eea-e67e-48c2-9a20-218d03b22adb] Generating... 1 ready, 0 failed / 2 total (91s)
2026-09-06T03:39:12.816Z [01f49248-05ac-4924-8b8c-66e3261587bd][8e8b4eea-e67e-48c2-9a20-218d03b22adb] Generating... 1 ready, 0 failed / 2 total (48s) play_circle 100% [HÀ
2026-09-06T03:39:13.072Z [6eeb9401-4799-4fd6-9ca1-e93314236dde][8e8b4eea-e67e-48c2-9a20-218d03b22adb] Prompt insert attempt 1: editor has 1309 chars (want ~1318) ✓
2026-09-06T03:39:14.444Z [c4a0c5d7-54d7-4fb9-a2c0-347000dbeccc][8e8b4eea-e67e-48c2-9a20-218d03b22adb] Generating... 1 ready, 0 failed / 2 total (94s)
2026-09-06T03:39:14.894Z [6eeb9401-4799-4fd6-9ca1-e93314236dde][8e8b4eea-e67e-48c2-9a20-218d03b22adb] Baseline: 50 pre-existing media tile(s) of 50 mounted (kinds: video,video,video,video,image,video,video,image,video,video,image,video,image,video,video,image,video,video,video,video,image,video,video,image,video,video,image,video,video,image,video,video,image,video,video,image,video,video,image,video,video,image,video,video,image,video,video,image,video,video).
2026-09-06T03:39:15.842Z [01f49248-05ac-4924-8b8c-66e3261587bd][8e8b4eea-e67e-48c2-9a20-218d03b22adb] Generating... 1 ready, 0 failed / 2 total (51s) [HÀNH ĐỘNG]Outflow h
2026-09-06T03:39:17.105Z [6eeb9401-4799-4fd6-9ca1-e93314236dde][8e8b4eea-e67e-48c2-9a20-218d03b22adb] [submit] confirmed (editor "What do you want to ", fresh tile=true).
2026-09-06T03:39:17.473Z [c4a0c5d7-54d7-4fb9-a2c0-347000dbeccc][8e8b4eea-e67e-48c2-9a20-218d03b22adb] Generating... 1 ready, 0 failed / 2 total (97s)
2026-09-06T03:39:17.693Z [6eeb9401-4799-4fd6-9ca1-e93314236dde][8e8b4eea-e67e-48c2-9a20-218d03b22adb] Current Workspace project URL: https://flow.google.com/project/5cd39577-897c-41b2-8dc8-7fabdd51c4ed?hl=en
2026-09-06T03:39:17.693Z [6eeb9401-4799-4fd6-9ca1-e93314236dde][8e8b4eea-e67e-48c2-9a20-218d03b22adb] Submitted ✓ Detecting batch size...
2026-09-06T03:39:17.710Z [6eeb9401-4799-4fd6-9ca1-e93314236dde][8e8b4eea-e67e-48c2-9a20-218d03b22adb] New tile(s) since submit: 0 → 2 (mounted=50)
2026-09-06T03:39:18.866Z [01f49248-05ac-4924-8b8c-66e3261587bd][8e8b4eea-e67e-48c2-9a20-218d03b22adb] Generating... 2 ready, 0 failed / 2 total (54s)
2026-09-06T03:39:18.867Z [01f49248-05ac-4924-8b8c-66e3261587bd][8e8b4eea-e67e-48c2-9a20-218d03b22adb] Batch done: 2 ready (target 2), 0 failed, scanned 2.
2026-09-06T03:39:18.867Z [01f49248-05ac-4924-8b8c-66e3261587bd][8e8b4eea-e67e-48c2-9a20-218d03b22adb] 2 item(s) ready! Downloading...
2026-09-06T03:39:18.868Z [01f49248-05ac-4924-8b8c-66e3261587bd][8e8b4eea-e67e-48c2-9a20-218d03b22adb] Item 1: no video source on the tile yet — hovering it to mount one.
2026-09-06T03:39:20.491Z [c4a0c5d7-54d7-4fb9-a2c0-347000dbeccc][8e8b4eea-e67e-48c2-9a20-218d03b22adb] Generating... 1 ready, 0 failed / 2 total (100s)
2026-09-06T03:39:20.565Z [01f49248-05ac-4924-8b8c-66e3261587bd][8e8b4eea-e67e-48c2-9a20-218d03b22adb] Item 1: Downloading from URL https://flow-content.google/video/091d08ae-2c62-4859-933c-634023a1856a?Expires=1788687548&KeyName=labs-flow-prod-cdn-key&Signature=lcouJlNhjG_57-Iy7x1K1HRr-Bg
2026-09-06T03:39:20.759Z [01f49248-05ac-4924-8b8c-66e3261587bd][8e8b4eea-e67e-48c2-9a20-218d03b22adb] Downloader: no-proxy request context ready.
2026-09-06T03:39:21.855Z [6eeb9401-4799-4fd6-9ca1-e93314236dde][8e8b4eea-e67e-48c2-9a20-218d03b22adb] Batch size stabilised at 2 new tile(s)
2026-09-06T03:39:21.856Z [6eeb9401-4799-4fd6-9ca1-e93314236dde][8e8b4eea-e67e-48c2-9a20-218d03b22adb] Batch detected: 2 item(s). Generating...
2026-09-06T03:39:21.856Z [6eeb9401-4799-4fd6-9ca1-e93314236dde][8e8b4eea-e67e-48c2-9a20-218d03b22adb] Polling for 2 video item(s) (baseline=50, hasUpload=false)...
2026-09-06T03:39:21.869Z [6eeb9401-4799-4fd6-9ca1-e93314236dde][8e8b4eea-e67e-48c2-9a20-218d03b22adb] Generating... 0 ready, 0 failed / 2 total (0s) play_circle [HÀNH ĐỘ play_circle [HÀNH ĐỘ
2026-09-06T03:39:22.202Z [01f49248-05ac-4924-8b8c-66e3261587bd][8e8b4eea-e67e-48c2-9a20-218d03b22adb] Downloaded 1/2: video_2026-09-06T03-39-18_01.mp4
2026-09-06T03:39:22.203Z [01f49248-05ac-4924-8b8c-66e3261587bd][8e8b4eea-e67e-48c2-9a20-218d03b22adb] Item 2: no video source on the tile yet — hovering it to mount one.
2026-09-06T03:39:23.519Z [c4a0c5d7-54d7-4fb9-a2c0-347000dbeccc][8e8b4eea-e67e-48c2-9a20-218d03b22adb] Generating... 1 ready, 0 failed / 2 total (103s)
2026-09-06T03:39:23.746Z [01f49248-05ac-4924-8b8c-66e3261587bd][8e8b4eea-e67e-48c2-9a20-218d03b22adb] Item 2: Downloading from URL https://flow-content.google/video/be5562a9-0beb-4da8-88bf-49f18e604a41?Expires=1788687538&KeyName=labs-flow-prod-cdn-key&Signature=Izt9EgtLyDAWTc3oAqCSIBH1aTQ
2026-09-06T03:39:24.889Z [6eeb9401-4799-4fd6-9ca1-e93314236dde][8e8b4eea-e67e-48c2-9a20-218d03b22adb] Generating... 0 ready, 0 failed / 2 total (3s) play_circle [HÀNH ĐỘ play_circle [HÀNH ĐỘ
2026-09-06T03:39:25.026Z [01f49248-05ac-4924-8b8c-66e3261587bd][8e8b4eea-e67e-48c2-9a20-218d03b22adb] Downloaded 2/2: video_2026-09-06T03-39-18_02.mp4
2026-09-06T03:39:25.027Z [01f49248-05ac-4924-8b8c-66e3261587bd][8e8b4eea-e67e-48c2-9a20-218d03b22adb] ✅ 2 item(s) saved to Downloads/Win AI Toolkit/
2026-09-06T03:39:26.538Z [c4a0c5d7-54d7-4fb9-a2c0-347000dbeccc][8e8b4eea-e67e-48c2-9a20-218d03b22adb] Generating... 1 ready, 0 failed / 2 total (106s)
2026-09-06T03:39:27.900Z [6eeb9401-4799-4fd6-9ca1-e93314236dde][8e8b4eea-e67e-48c2-9a20-218d03b22adb] Generating... 0 ready, 0 failed / 2 total (6s) play_circle 0% [HÀNH play_circle 0% [HÀNH
2026-09-06T03:39:29.559Z [c4a0c5d7-54d7-4fb9-a2c0-347000dbeccc][8e8b4eea-e67e-48c2-9a20-218d03b22adb] Generating... 1 ready, 0 failed / 2 total (109s)
2026-09-06T03:39:30.923Z [6eeb9401-4799-4fd6-9ca1-e93314236dde][8e8b4eea-e67e-48c2-9a20-218d03b22adb] Generating... 0 ready, 0 failed / 2 total (9s) play_circle 1% [HÀNH play_circle 1% [HÀNH
2026-09-06T03:39:32.577Z [c4a0c5d7-54d7-4fb9-a2c0-347000dbeccc][8e8b4eea-e67e-48c2-9a20-218d03b22adb] Generating... 1 ready, 0 failed / 2 total (112s)
2026-09-06T03:39:33.939Z [6eeb9401-4799-4fd6-9ca1-e93314236dde][8e8b4eea-e67e-48c2-9a20-218d03b22adb] Generating... 0 ready, 0 failed / 2 total (12s) play_circle 4% [HÀNH play_circle 4% [HÀNH
2026-09-06T03:39:34.741Z [ed0e4924-3bb6-4a5c-b0f5-e787aa7b93e9][8e8b4eea-e67e-48c2-9a20-218d03b22adb] Item 1 (try 1): 1080p saved via the UI download flow.
2026-09-06T03:39:34.844Z [ed0e4924-3bb6-4a5c-b0f5-e787aa7b93e9][8e8b4eea-e67e-48c2-9a20-218d03b22adb] Item 1: upgraded to 1080p → D:\WINAI\Slow-English-with-Arlo_11_30_cmto8mrp\video_2026-09-06T03-38-38_01.mp4
2026-09-06T03:39:35.589Z [c4a0c5d7-54d7-4fb9-a2c0-347000dbeccc][8e8b4eea-e67e-48c2-9a20-218d03b22adb] Generating... 1 ready, 0 failed / 2 total (115s)
2026-09-06T03:39:36.960Z [6eeb9401-4799-4fd6-9ca1-e93314236dde][8e8b4eea-e67e-48c2-9a20-218d03b22adb] Generating... 0 ready, 0 failed / 2 total (15s) play_circle 7% [HÀNH play_circle 7% [HÀNH
2026-09-06T03:39:38.607Z [c4a0c5d7-54d7-4fb9-a2c0-347000dbeccc][8e8b4eea-e67e-48c2-9a20-218d03b22adb] Generating... 1 ready, 0 failed / 2 total (118s)
2026-09-06T03:39:39.976Z [6eeb9401-4799-4fd6-9ca1-e93314236dde][8e8b4eea-e67e-48c2-9a20-218d03b22adb] Generating... 0 ready, 0 failed / 2 total (18s) play_circle 10% [HÀN play_circle 10% [HÀN
2026-09-06T03:39:41.629Z [c4a0c5d7-54d7-4fb9-a2c0-347000dbeccc][8e8b4eea-e67e-48c2-9a20-218d03b22adb] Generating... 1 ready, 0 failed / 2 total (121s)
2026-09-06T03:39:43.000Z [6eeb9401-4799-4fd6-9ca1-e93314236dde][8e8b4eea-e67e-48c2-9a20-218d03b22adb] Generating... 0 ready, 0 failed / 2 total (21s) play_circle 12% [HÀN play_circle 12% [HÀN
2026-09-06T03:39:44.659Z [c4a0c5d7-54d7-4fb9-a2c0-347000dbeccc][8e8b4eea-e67e-48c2-9a20-218d03b22adb] Generating... 1 ready, 0 failed / 2 total (124s)
2026-09-06T03:39:46.014Z [6eeb9401-4799-4fd6-9ca1-e93314236dde][8e8b4eea-e67e-48c2-9a20-218d03b22adb] Generating... 0 ready, 0 failed / 2 total (24s) play_circle 15% [HÀN play_circle 15% [HÀN
2026-09-06T03:39:47.673Z [c4a0c5d7-54d7-4fb9-a2c0-347000dbeccc][8e8b4eea-e67e-48c2-9a20-218d03b22adb] Generating... 1 ready, 0 failed / 2 total (127s)
2026-09-06T03:39:49.043Z [6eeb9401-4799-4fd6-9ca1-e93314236dde][8e8b4eea-e67e-48c2-9a20-218d03b22adb] Generating... 0 ready, 0 failed / 2 total (27s) play_circle 18% [HÀN play_circle 18% [HÀN
2026-09-06T03:39:50.687Z [c4a0c5d7-54d7-4fb9-a2c0-347000dbeccc][8e8b4eea-e67e-48c2-9a20-218d03b22adb] Generating... 1 ready, 0 failed / 2 total (130s)
2026-09-06T03:39:52.059Z [6eeb9401-4799-4fd6-9ca1-e93314236dde][8e8b4eea-e67e-48c2-9a20-218d03b22adb] Generating... 0 ready, 0 failed / 2 total (30s) play_circle 20% [HÀN play_circle 20% [HÀN
2026-09-06T03:39:53.715Z [c4a0c5d7-54d7-4fb9-a2c0-347000dbeccc][8e8b4eea-e67e-48c2-9a20-218d03b22adb] Generating... 1 ready, 0 failed / 2 total (133s)
2026-09-06T03:39:55.080Z [6eeb9401-4799-4fd6-9ca1-e93314236dde][8e8b4eea-e67e-48c2-9a20-218d03b22adb] Generating... 0 ready, 0 failed / 2 total (33s) play_circle 23% [HÀN play_circle 21% [HÀN
2026-09-06T03:39:56.733Z [c4a0c5d7-54d7-4fb9-a2c0-347000dbeccc][8e8b4eea-e67e-48c2-9a20-218d03b22adb] Generating... 1 ready, 0 failed / 2 total (136s)
2026-09-06T03:39:58.106Z [6eeb9401-4799-4fd6-9ca1-e93314236dde][8e8b4eea-e67e-48c2-9a20-218d03b22adb] Generating... 0 ready, 0 failed / 2 total (36s) play_circle 100% [HÀ play_circle 25% [HÀN
2026-09-06T03:39:59.753Z [c4a0c5d7-54d7-4fb9-a2c0-347000dbeccc][8e8b4eea-e67e-48c2-9a20-218d03b22adb] Generating... 1 ready, 0 failed / 2 total (139s)
2026-09-06T03:40:01.131Z [6eeb9401-4799-4fd6-9ca1-e93314236dde][8e8b4eea-e67e-48c2-9a20-218d03b22adb] Generating... 0 ready, 0 failed / 2 total (39s) play_circle 100% [HÀ play_circle 27% [HÀN
2026-09-06T03:40:02.772Z [c4a0c5d7-54d7-4fb9-a2c0-347000dbeccc][8e8b4eea-e67e-48c2-9a20-218d03b22adb] Generating... 1 ready, 0 failed / 2 total (142s)
2026-09-06T03:40:04.158Z [6eeb9401-4799-4fd6-9ca1-e93314236dde][8e8b4eea-e67e-48c2-9a20-218d03b22adb] Generating... 1 ready, 0 failed / 2 total (42s) play_circle 30% [HÀN
2026-09-06T03:40:05.794Z [c4a0c5d7-54d7-4fb9-a2c0-347000dbeccc][8e8b4eea-e67e-48c2-9a20-218d03b22adb] Generating... 1 ready, 0 failed / 2 total (145s)
2026-09-06T03:40:07.176Z [6eeb9401-4799-4fd6-9ca1-e93314236dde][8e8b4eea-e67e-48c2-9a20-218d03b22adb] Generating... 1 ready, 0 failed / 2 total (45s) play_circle 100% [HÀ
2026-09-06T03:40:08.818Z [c4a0c5d7-54d7-4fb9-a2c0-347000dbeccc][8e8b4eea-e67e-48c2-9a20-218d03b22adb] Generating... 1 ready, 0 failed / 2 total (148s)
2026-09-06T03:40:10.200Z [6eeb9401-4799-4fd6-9ca1-e93314236dde][8e8b4eea-e67e-48c2-9a20-218d03b22adb] Generating... 1 ready, 0 failed / 2 total (48s) play_circle 100% [HÀ
2026-09-06T03:40:11.839Z [c4a0c5d7-54d7-4fb9-a2c0-347000dbeccc][8e8b4eea-e67e-48c2-9a20-218d03b22adb] Generating... 1 ready, 0 failed / 2 total (151s)
2026-09-06T03:40:13.223Z [6eeb9401-4799-4fd6-9ca1-e93314236dde][8e8b4eea-e67e-48c2-9a20-218d03b22adb] Generating... 1 ready, 0 failed / 2 total (51s) [HÀNH ĐỘNG]Aftermath
2026-09-06T03:40:14.859Z [c4a0c5d7-54d7-4fb9-a2c0-347000dbeccc][8e8b4eea-e67e-48c2-9a20-218d03b22adb] Generating... 1 ready, 0 failed / 2 total (154s)
2026-09-06T03:40:15.219Z [01f49248-05ac-4924-8b8c-66e3261587bd][8e8b4eea-e67e-48c2-9a20-218d03b22adb] Item 1 (try 1): 1080p saved via the UI download flow.
2026-09-06T03:40:15.260Z [01f49248-05ac-4924-8b8c-66e3261587bd][8e8b4eea-e67e-48c2-9a20-218d03b22adb] Item 1: upgraded to 1080p → D:\WINAI\Slow-English-with-Arlo_11_31_cmto8mrp\video_2026-09-06T03-39-18_01.mp4
2026-09-06T03:40:16.244Z [6eeb9401-4799-4fd6-9ca1-e93314236dde][8e8b4eea-e67e-48c2-9a20-218d03b22adb] Generating... 2 ready, 0 failed / 2 total (54s)
2026-09-06T03:40:16.245Z [6eeb9401-4799-4fd6-9ca1-e93314236dde][8e8b4eea-e67e-48c2-9a20-218d03b22adb] Batch done: 2 ready (target 2), 0 failed, scanned 2.
2026-09-06T03:40:16.245Z [6eeb9401-4799-4fd6-9ca1-e93314236dde][8e8b4eea-e67e-48c2-9a20-218d03b22adb] 2 item(s) ready! Downloading...
2026-09-06T03:40:16.247Z [6eeb9401-4799-4fd6-9ca1-e93314236dde][8e8b4eea-e67e-48c2-9a20-218d03b22adb] Item 1: no video source on the tile yet — hovering it to mount one.
2026-09-06T03:40:17.517Z [ed0e4924-3bb6-4a5c-b0f5-e787aa7b93e9][8e8b4eea-e67e-48c2-9a20-218d03b22adb] Item 2 (try 1): 1080p saved via the UI download flow.
2026-09-06T03:40:17.558Z [ed0e4924-3bb6-4a5c-b0f5-e787aa7b93e9][8e8b4eea-e67e-48c2-9a20-218d03b22adb] Item 2: upgraded to 1080p → D:\WINAI\Slow-English-with-Arlo_11_30_cmto8mrp\video_2026-09-06T03-38-38_02.mp4
2026-09-06T03:40:17.558Z [ed0e4924-3bb6-4a5c-b0f5-e787aa7b93e9][8e8b4eea-e67e-48c2-9a20-218d03b22adb] Uploading 2 video(s) to Xanh...
2026-09-06T03:40:17.888Z [c4a0c5d7-54d7-4fb9-a2c0-347000dbeccc][8e8b4eea-e67e-48c2-9a20-218d03b22adb] Generating... 1 ready, 0 failed / 2 total (157s)
2026-09-06T03:40:17.931Z [6eeb9401-4799-4fd6-9ca1-e93314236dde][8e8b4eea-e67e-48c2-9a20-218d03b22adb] Item 1: Downloading from URL https://flow-content.google/video/1493075f-fbbe-4da8-ae25-6d3dc88df19a?Expires=1788687595&KeyName=labs-flow-prod-cdn-key&Signature=FACZLIz7_mDZa9gBvIyGqnFbr34
2026-09-06T03:40:18.151Z [6eeb9401-4799-4fd6-9ca1-e93314236dde][8e8b4eea-e67e-48c2-9a20-218d03b22adb] Downloader: no-proxy request context ready.
2026-09-06T03:40:19.185Z [ed0e4924-3bb6-4a5c-b0f5-e787aa7b93e9][8e8b4eea-e67e-48c2-9a20-218d03b22adb] Item 1: Re-uploaded 1080p → https://studio.xanhmedia.vn/uploads/2026-09/1788666018091_2313f6_8e8b4eea-e67e-48c2-9a20-218d03b22adb_ed0.mp4
2026-09-06T03:40:19.356Z [6eeb9401-4799-4fd6-9ca1-e93314236dde][8e8b4eea-e67e-48c2-9a20-218d03b22adb] Downloaded 1/2: video_2026-09-06T03-40-16_01.mp4
2026-09-06T03:40:19.357Z [6eeb9401-4799-4fd6-9ca1-e93314236dde][8e8b4eea-e67e-48c2-9a20-218d03b22adb] Item 2: no video source on the tile yet — hovering it to mount one.
2026-09-06T03:40:20.910Z [c4a0c5d7-54d7-4fb9-a2c0-347000dbeccc][8e8b4eea-e67e-48c2-9a20-218d03b22adb] Generating... 1 ready, 0 failed / 2 total (160s)
2026-09-06T03:40:20.995Z [6eeb9401-4799-4fd6-9ca1-e93314236dde][8e8b4eea-e67e-48c2-9a20-218d03b22adb] Item 2: Downloading from URL https://flow-content.google/video/47030cfc-3ed4-4680-a1fb-31c8965d5436?Expires=1788687606&KeyName=labs-flow-prod-cdn-key&Signature=Ma6CNVwFgHrc0rxZZvN6sLBgr9E
2026-09-06T03:40:22.168Z [6eeb9401-4799-4fd6-9ca1-e93314236dde][8e8b4eea-e67e-48c2-9a20-218d03b22adb] Downloaded 2/2: video_2026-09-06T03-40-16_02.mp4
2026-09-06T03:40:22.168Z [6eeb9401-4799-4fd6-9ca1-e93314236dde][8e8b4eea-e67e-48c2-9a20-218d03b22adb] ✅ 2 item(s) saved to Downloads/Win AI Toolkit/
2026-09-06T03:40:23.714Z [ed0e4924-3bb6-4a5c-b0f5-e787aa7b93e9][8e8b4eea-e67e-48c2-9a20-218d03b22adb] Item 2: Re-uploaded 1080p → https://studio.xanhmedia.vn/uploads/2026-09/1788666022619_697c07_8e8b4eea-e67e-48c2-9a20-218d03b22adb_ed0.mp4
2026-09-06T03:40:23.714Z [ed0e4924-3bb6-4a5c-b0f5-e787aa7b93e9][8e8b4eea-e67e-48c2-9a20-218d03b22adb] ✅ 2 item(s) + 1080p saved to Downloads/Win AI Toolkit/
2026-09-06T03:40:23.716Z [ed0e4924-3bb6-4a5c-b0f5-e787aa7b93e9][8e8b4eea-e67e-48c2-9a20-218d03b22adb] All done (including any 1080p upgrades). Closing Playwright browser context.
2026-09-06T03:40:23.926Z [c4a0c5d7-54d7-4fb9-a2c0-347000dbeccc][8e8b4eea-e67e-48c2-9a20-218d03b22adb] Generating... 1 ready, 0 failed / 2 total (163s)
2026-09-06T03:40:25.354Z [e5fed58e-d667-47da-930b-0784484c7bf9][8e8b4eea-e67e-48c2-9a20-218d03b22adb] runGeneration starting: task_id=e5fed58e-d667-47da-930b-0784484c7bf9, profile_id=8e8b4eea-e67e-48c2-9a20-218d03b22adb, target_site=google_flow
2026-09-06T03:40:25.356Z [e5fed58e-d667-47da-930b-0784484c7bf9][8e8b4eea-e67e-48c2-9a20-218d03b22adb] Opening Playwright browser with persistent profile cookies...
2026-09-06T03:40:25.356Z [e5fed58e-d667-47da-930b-0784484c7bf9][8e8b4eea-e67e-48c2-9a20-218d03b22adb] Browser engine: winhide (C:\Users\Admin\AppData\Roaming\com.tank.winai\winhide\chrome.exe) [hidden off-screen]
2026-09-06T03:40:25.357Z [e5fed58e-d667-47da-930b-0784484c7bf9][8e8b4eea-e67e-48c2-9a20-218d03b22adb] Launch mode: STEALTH (raw spawn + connectOverCDP)
2026-09-06T03:40:26.946Z [c4a0c5d7-54d7-4fb9-a2c0-347000dbeccc][8e8b4eea-e67e-48c2-9a20-218d03b22adb] Generating... 1 ready, 0 failed / 2 total (166s)
2026-09-06T03:40:27.302Z [e5fed58e-d667-47da-930b-0784484c7bf9][8e8b4eea-e67e-48c2-9a20-218d03b22adb] Exit IP: 115.74.128.9
2026-09-06T03:40:27.303Z [e5fed58e-d667-47da-930b-0784484c7bf9][8e8b4eea-e67e-48c2-9a20-218d03b22adb] Navigating browser to Google Flow tools page...
2026-09-06T03:40:27.303Z [e5fed58e-d667-47da-930b-0784484c7bf9][8e8b4eea-e67e-48c2-9a20-218d03b22adb] Using existing project URL: https://flow.google.com/project/52188b41-ba09-4240-a569-98bde902989b?hl=en
2026-09-06T03:40:28.154Z [e5fed58e-d667-47da-930b-0784484c7bf9][8e8b4eea-e67e-48c2-9a20-218d03b22adb] Waiting for Google Flow...
2026-09-06T03:40:29.702Z [e5fed58e-d667-47da-930b-0784484c7bf9][8e8b4eea-e67e-48c2-9a20-218d03b22adb] In existing project ✓
2026-09-06T03:40:29.972Z [c4a0c5d7-54d7-4fb9-a2c0-347000dbeccc][8e8b4eea-e67e-48c2-9a20-218d03b22adb] Generating... 1 ready, 0 failed / 2 total (169s)
2026-09-06T03:40:30.811Z [e5fed58e-d667-47da-930b-0784484c7bf9][8e8b4eea-e67e-48c2-9a20-218d03b22adb] dismissPopups: unresolved overlay(s) ["IFRAME[presentation]|btns="]
2026-09-06T03:40:32.520Z [e5fed58e-d667-47da-930b-0784484c7bf9][8e8b4eea-e67e-48c2-9a20-218d03b22adb] Composer ready ✓ (UI language: en)
2026-09-06T03:40:32.535Z [e5fed58e-d667-47da-930b-0784484c7bf9][8e8b4eea-e67e-48c2-9a20-218d03b22adb] dismissPopups: unresolved overlay(s) ["DIV[]|btns=","DIV[]|btns="]
2026-09-06T03:40:32.564Z [e5fed58e-d667-47da-930b-0784484c7bf9][8e8b4eea-e67e-48c2-9a20-218d03b22adb] Agent toggle aria-pressed=false
2026-09-06T03:40:32.565Z [e5fed58e-d667-47da-930b-0784484c7bf9][8e8b4eea-e67e-48c2-9a20-218d03b22adb] Opening settings...
2026-09-06T03:40:32.988Z [c4a0c5d7-54d7-4fb9-a2c0-347000dbeccc][8e8b4eea-e67e-48c2-9a20-218d03b22adb] Generating... 1 ready, 0 failed / 2 total (172s)
2026-09-06T03:40:34.283Z [e5fed58e-d667-47da-930b-0784484c7bf9][8e8b4eea-e67e-48c2-9a20-218d03b22adb] Configuring video settings...
2026-09-06T03:40:34.305Z [e5fed58e-d667-47da-930b-0784484c7bf9][8e8b4eea-e67e-48c2-9a20-218d03b22adb] Mode: "videocam Video" already selected ✓
2026-09-06T03:40:36.005Z [c4a0c5d7-54d7-4fb9-a2c0-347000dbeccc][8e8b4eea-e67e-48c2-9a20-218d03b22adb] Generating... 1 ready, 0 failed / 2 total (175s)
2026-09-06T03:40:36.449Z [e5fed58e-d667-47da-930b-0784484c7bf9][8e8b4eea-e67e-48c2-9a20-218d03b22adb] Video type: selected "crop_free Frames" ✓
2026-09-06T03:40:37.522Z [e5fed58e-d667-47da-930b-0784484c7bf9][8e8b4eea-e67e-48c2-9a20-218d03b22adb] Model "Omni 1.1 Flash" already selected ✓ (chip reads "Omni 1.1 Flash")
2026-09-06T03:40:38.520Z [e5fed58e-d667-47da-930b-0784484c7bf9][8e8b4eea-e67e-48c2-9a20-218d03b22adb] Aspect ratio: "crop_16_9 16:9" already selected ✓
2026-09-06T03:40:38.544Z [e5fed58e-d667-47da-930b-0784484c7bf9][8e8b4eea-e67e-48c2-9a20-218d03b22adb] Video resolution: "720p" already selected ✓
2026-09-06T03:40:38.572Z [e5fed58e-d667-47da-930b-0784484c7bf9][8e8b4eea-e67e-48c2-9a20-218d03b22adb] Duration: "8s" already selected ✓
2026-09-06T03:40:38.594Z [e5fed58e-d667-47da-930b-0784484c7bf9][8e8b4eea-e67e-48c2-9a20-218d03b22adb] Output count: "x2" already selected ✓
2026-09-06T03:40:39.024Z [c4a0c5d7-54d7-4fb9-a2c0-347000dbeccc][8e8b4eea-e67e-48c2-9a20-218d03b22adb] Generating... 1 ready, 0 failed / 2 total (178s)
2026-09-06T03:40:39.699Z [e5fed58e-d667-47da-930b-0784484c7bf9][8e8b4eea-e67e-48c2-9a20-218d03b22adb] Entering prompt...
2026-09-06T03:40:41.318Z [e5fed58e-d667-47da-930b-0784484c7bf9][8e8b4eea-e67e-48c2-9a20-218d03b22adb] Prompt is 1618 chars — typing it in 32 chunk(s).
2026-09-06T03:40:42.029Z [c4a0c5d7-54d7-4fb9-a2c0-347000dbeccc][8e8b4eea-e67e-48c2-9a20-218d03b22adb] Poll ended with 1/2 ready — salvaging the completed item(s).
2026-09-06T03:40:42.030Z [c4a0c5d7-54d7-4fb9-a2c0-347000dbeccc][8e8b4eea-e67e-48c2-9a20-218d03b22adb] 1 item(s) ready! Downloading...
2026-09-06T03:40:42.031Z [c4a0c5d7-54d7-4fb9-a2c0-347000dbeccc][8e8b4eea-e67e-48c2-9a20-218d03b22adb] Item 1: no video source on the tile yet — hovering it to mount one.
2026-09-06T03:40:43.843Z [c4a0c5d7-54d7-4fb9-a2c0-347000dbeccc][8e8b4eea-e67e-48c2-9a20-218d03b22adb] Item 1: Downloading from URL https://flow-content.google/video/73d4d69c-8056-49fb-a17a-82b6d78076b8?Expires=1788687499&KeyName=labs-flow-prod-cdn-key&Signature=evDEiVQ4inZ61R_gMVQjQ3mYAvM
2026-09-06T03:40:44.041Z [c4a0c5d7-54d7-4fb9-a2c0-347000dbeccc][8e8b4eea-e67e-48c2-9a20-218d03b22adb] Downloader: no-proxy request context ready.
2026-09-06T03:40:46.128Z [c4a0c5d7-54d7-4fb9-a2c0-347000dbeccc][8e8b4eea-e67e-48c2-9a20-218d03b22adb] Downloaded 1/1: video_2026-09-06T03-40-42_01.mp4
2026-09-06T03:40:46.129Z [c4a0c5d7-54d7-4fb9-a2c0-347000dbeccc][8e8b4eea-e67e-48c2-9a20-218d03b22adb] ✅ 1 item(s) saved to Downloads/Win AI Toolkit/
2026-09-06T03:40:55.637Z [e5fed58e-d667-47da-930b-0784484c7bf9][8e8b4eea-e67e-48c2-9a20-218d03b22adb] Prompt insert attempt 1: editor has 1599 chars (want ~1614) ✓
2026-09-06T03:40:57.668Z [e5fed58e-d667-47da-930b-0784484c7bf9][8e8b4eea-e67e-48c2-9a20-218d03b22adb] Baseline: 50 pre-existing media tile(s) of 50 mounted (kinds: video,video,video,video,video,video,video,video,video,video,image,video,video,image,video,video,image,video,video,video,video,video,video,image,video,video,image,video,video,image,video,video,image,video,video,image,video,video,image,video,video,image,video,video,image,video,video,image,video,video).
2026-09-06T03:41:00.132Z [e5fed58e-d667-47da-930b-0784484c7bf9][8e8b4eea-e67e-48c2-9a20-218d03b22adb] [submit] confirmed (editor "What do you want to ", fresh tile=true).
2026-09-06T03:41:00.176Z [01f49248-05ac-4924-8b8c-66e3261587bd][8e8b4eea-e67e-48c2-9a20-218d03b22adb] Item 2 (try 1): 1080p saved via the UI download flow.
2026-09-06T03:41:00.250Z [01f49248-05ac-4924-8b8c-66e3261587bd][8e8b4eea-e67e-48c2-9a20-218d03b22adb] Item 2: upgraded to 1080p → D:\WINAI\Slow-English-with-Arlo_11_31_cmto8mrp\video_2026-09-06T03-39-18_02.mp4
2026-09-06T03:41:00.251Z [01f49248-05ac-4924-8b8c-66e3261587bd][8e8b4eea-e67e-48c2-9a20-218d03b22adb] Uploading 2 video(s) to Xanh...
2026-09-06T03:41:00.806Z [e5fed58e-d667-47da-930b-0784484c7bf9][8e8b4eea-e67e-48c2-9a20-218d03b22adb] Current Workspace project URL: https://flow.google.com/project/52188b41-ba09-4240-a569-98bde902989b?hl=en
2026-09-06T03:41:00.807Z [e5fed58e-d667-47da-930b-0784484c7bf9][8e8b4eea-e67e-48c2-9a20-218d03b22adb] Submitted ✓ Detecting batch size...
2026-09-06T03:41:00.828Z [e5fed58e-d667-47da-930b-0784484c7bf9][8e8b4eea-e67e-48c2-9a20-218d03b22adb] New tile(s) since submit: 0 → 2 (mounted=50)
2026-09-06T03:41:01.466Z [01f49248-05ac-4924-8b8c-66e3261587bd][8e8b4eea-e67e-48c2-9a20-218d03b22adb] Item 1: Re-uploaded 1080p → https://studio.xanhmedia.vn/uploads/2026-09/1788666060367_da6ebb_8e8b4eea-e67e-48c2-9a20-218d03b22adb_01f.mp4
2026-09-06T03:41:01.781Z [01f49248-05ac-4924-8b8c-66e3261587bd][8e8b4eea-e67e-48c2-9a20-218d03b22adb] Item 2: Re-uploaded 1080p → https://studio.xanhmedia.vn/uploads/2026-09/1788666060691_e9086a_8e8b4eea-e67e-48c2-9a20-218d03b22adb_01f.mp4
2026-09-06T03:41:01.781Z [01f49248-05ac-4924-8b8c-66e3261587bd][8e8b4eea-e67e-48c2-9a20-218d03b22adb] ✅ 2 item(s) + 1080p saved to Downloads/Win AI Toolkit/
2026-09-06T03:41:01.784Z [01f49248-05ac-4924-8b8c-66e3261587bd][8e8b4eea-e67e-48c2-9a20-218d03b22adb] All done (including any 1080p upgrades). Closing Playwright browser context.
2026-09-06T03:41:02.925Z [629dbf33-c338-46d5-b409-bc02fd3727d4][8e8b4eea-e67e-48c2-9a20-218d03b22adb] runGeneration starting: task_id=629dbf33-c338-46d5-b409-bc02fd3727d4, profile_id=8e8b4eea-e67e-48c2-9a20-218d03b22adb, target_site=google_flow
2026-09-06T03:41:02.926Z [629dbf33-c338-46d5-b409-bc02fd3727d4][8e8b4eea-e67e-48c2-9a20-218d03b22adb] Opening Playwright browser with persistent profile cookies...
2026-09-06T03:41:02.927Z [629dbf33-c338-46d5-b409-bc02fd3727d4][8e8b4eea-e67e-48c2-9a20-218d03b22adb] Browser engine: winhide (C:\Users\Admin\AppData\Roaming\com.tank.winai\winhide\chrome.exe) [hidden off-screen]
2026-09-06T03:41:02.928Z [629dbf33-c338-46d5-b409-bc02fd3727d4][8e8b4eea-e67e-48c2-9a20-218d03b22adb] Launch mode: STEALTH (raw spawn + connectOverCDP)
2026-09-06T03:41:04.750Z [629dbf33-c338-46d5-b409-bc02fd3727d4][8e8b4eea-e67e-48c2-9a20-218d03b22adb] Exit IP: 115.74.128.9
2026-09-06T03:41:04.750Z [629dbf33-c338-46d5-b409-bc02fd3727d4][8e8b4eea-e67e-48c2-9a20-218d03b22adb] Navigating browser to Google Flow tools page...
2026-09-06T03:41:04.751Z [629dbf33-c338-46d5-b409-bc02fd3727d4][8e8b4eea-e67e-48c2-9a20-218d03b22adb] Using existing project URL: https://flow.google.com/project/643b808f-7d88-45ee-a818-35d5f8e84fec?hl=en
2026-09-06T03:41:05.042Z [e5fed58e-d667-47da-930b-0784484c7bf9][8e8b4eea-e67e-48c2-9a20-218d03b22adb] Batch size stabilised at 2 new tile(s)
2026-09-06T03:41:05.043Z [e5fed58e-d667-47da-930b-0784484c7bf9][8e8b4eea-e67e-48c2-9a20-218d03b22adb] Batch detected: 2 item(s). Generating...
2026-09-06T03:41:05.044Z [e5fed58e-d667-47da-930b-0784484c7bf9][8e8b4eea-e67e-48c2-9a20-218d03b22adb] Polling for 2 video item(s) (baseline=50, hasUpload=false)...
2026-09-06T03:41:05.083Z [e5fed58e-d667-47da-930b-0784484c7bf9][8e8b4eea-e67e-48c2-9a20-218d03b22adb] Generating... 0 ready, 0 failed / 2 total (0s) play_circle [HÀNH ĐỘ play_circle [HÀNH ĐỘ
2026-09-06T03:41:05.630Z [629dbf33-c338-46d5-b409-bc02fd3727d4][8e8b4eea-e67e-48c2-9a20-218d03b22adb] Waiting for Google Flow...
2026-09-06T03:41:08.005Z [629dbf33-c338-46d5-b409-bc02fd3727d4][8e8b4eea-e67e-48c2-9a20-218d03b22adb] In existing project ✓
2026-09-06T03:41:08.109Z [e5fed58e-d667-47da-930b-0784484c7bf9][8e8b4eea-e67e-48c2-9a20-218d03b22adb] Generating... 0 ready, 0 failed / 2 total (3s) play_circle [HÀNH ĐỘ play_circle [HÀNH ĐỘ
2026-09-06T03:41:10.054Z [629dbf33-c338-46d5-b409-bc02fd3727d4][8e8b4eea-e67e-48c2-9a20-218d03b22adb] dismissPopups: unresolved overlay(s) ["DIV[]|btns=","DIV[]|btns="]
2026-09-06T03:41:10.192Z [629dbf33-c338-46d5-b409-bc02fd3727d4][8e8b4eea-e67e-48c2-9a20-218d03b22adb] Composer ready ✓ (UI language: en)
2026-09-06T03:41:10.221Z [629dbf33-c338-46d5-b409-bc02fd3727d4][8e8b4eea-e67e-48c2-9a20-218d03b22adb] dismissPopups: unresolved overlay(s) ["DIV[]|btns=","DIV[]|btns="]
2026-09-06T03:41:10.254Z [629dbf33-c338-46d5-b409-bc02fd3727d4][8e8b4eea-e67e-48c2-9a20-218d03b22adb] Agent toggle aria-pressed=false
2026-09-06T03:41:10.254Z [629dbf33-c338-46d5-b409-bc02fd3727d4][8e8b4eea-e67e-48c2-9a20-218d03b22adb] Opening settings...
2026-09-06T03:41:11.135Z [e5fed58e-d667-47da-930b-0784484c7bf9][8e8b4eea-e67e-48c2-9a20-218d03b22adb] Generating... 0 ready, 0 failed / 2 total (6s) play_circle 0% [HÀNH play_circle 0% [HÀNH
2026-09-06T03:41:11.936Z [629dbf33-c338-46d5-b409-bc02fd3727d4][8e8b4eea-e67e-48c2-9a20-218d03b22adb] Configuring video settings...
2026-09-06T03:41:12.004Z [629dbf33-c338-46d5-b409-bc02fd3727d4][8e8b4eea-e67e-48c2-9a20-218d03b22adb] Mode: "videocam Video" already selected ✓
2026-09-06T03:41:12.014Z [6eeb9401-4799-4fd6-9ca1-e93314236dde][8e8b4eea-e67e-48c2-9a20-218d03b22adb] Item 1 (try 1): 1080p saved via the UI download flow.
2026-09-06T03:41:12.053Z [6eeb9401-4799-4fd6-9ca1-e93314236dde][8e8b4eea-e67e-48c2-9a20-218d03b22adb] Item 1: upgraded to 1080p → D:\WINAI\Slow-English-with-Arlo_11_32_cmto8mrp\video_2026-09-06T03-40-16_01.mp4
2026-09-06T03:41:14.156Z [e5fed58e-d667-47da-930b-0784484c7bf9][8e8b4eea-e67e-48c2-9a20-218d03b22adb] Generating... 0 ready, 0 failed / 2 total (9s) play_circle 1% [HÀNH play_circle 2% [HÀNH
2026-09-06T03:41:15.057Z [629dbf33-c338-46d5-b409-bc02fd3727d4][8e8b4eea-e67e-48c2-9a20-218d03b22adb] Video type: selected "crop_free Frames" ✓
2026-09-06T03:41:16.256Z [629dbf33-c338-46d5-b409-bc02fd3727d4][8e8b4eea-e67e-48c2-9a20-218d03b22adb] Model "Omni 1.1 Flash" already selected ✓ (chip reads "Omni 1.1 Flash")
2026-09-06T03:41:16.961Z [629dbf33-c338-46d5-b409-bc02fd3727d4][8e8b4eea-e67e-48c2-9a20-218d03b22adb] Aspect ratio: "crop_16_9 16:9" already selected ✓
2026-09-06T03:41:16.986Z [629dbf33-c338-46d5-b409-bc02fd3727d4][8e8b4eea-e67e-48c2-9a20-218d03b22adb] Video resolution: "720p" already selected ✓
2026-09-06T03:41:17.018Z [629dbf33-c338-46d5-b409-bc02fd3727d4][8e8b4eea-e67e-48c2-9a20-218d03b22adb] Duration: "8s" already selected ✓
2026-09-06T03:41:17.047Z [629dbf33-c338-46d5-b409-bc02fd3727d4][8e8b4eea-e67e-48c2-9a20-218d03b22adb] Output count: "x2" already selected ✓
2026-09-06T03:41:17.175Z [e5fed58e-d667-47da-930b-0784484c7bf9][8e8b4eea-e67e-48c2-9a20-218d03b22adb] Generating... 0 ready, 0 failed / 2 total (12s) play_circle 5% [HÀNH play_circle 5% [HÀNH
2026-09-06T03:41:18.288Z [629dbf33-c338-46d5-b409-bc02fd3727d4][8e8b4eea-e67e-48c2-9a20-218d03b22adb] Start keyframe: downloading from URL...
2026-09-06T03:41:18.524Z [629dbf33-c338-46d5-b409-bc02fd3727d4][8e8b4eea-e67e-48c2-9a20-218d03b22adb] Downloader: no-proxy request context ready.
2026-09-06T03:41:18.944Z [629dbf33-c338-46d5-b409-bc02fd3727d4][8e8b4eea-e67e-48c2-9a20-218d03b22adb] Start keyframe: saved 875446 bytes (image/jpeg) as "1788620553949_7d7a4e_fdfbd39c-aa59-4b23-a3ac-5f2ddfb5b1b8_434.jpg"
2026-09-06T03:41:18.973Z [629dbf33-c338-46d5-b409-bc02fd3727d4][8e8b4eea-e67e-48c2-9a20-218d03b22adb] Start keyframe: setting start keyframe...
2026-09-06T03:41:20.190Z [e5fed58e-d667-47da-930b-0784484c7bf9][8e8b4eea-e67e-48c2-9a20-218d03b22adb] Generating... 0 ready, 0 failed / 2 total (15s) play_circle 7% [HÀNH play_circle 7% [HÀNH
2026-09-06T03:41:21.584Z [629dbf33-c338-46d5-b409-bc02fd3727d4][8e8b4eea-e67e-48c2-9a20-218d03b22adb] Start keyframe: "1788620553949_7d7a4e_fdfbd39c-aa59-4b23-a3ac-5f2ddfb5b1b8_434.jpg" not in the library yet — uploading it first.
2026-09-06T03:41:23.207Z [e5fed58e-d667-47da-930b-0784484c7bf9][8e8b4eea-e67e-48c2-9a20-218d03b22adb] Generating... 0 ready, 0 failed / 2 total (18s) play_circle 9% [HÀNH play_circle 9% [HÀNH
2026-09-06T03:41:25.463Z [629dbf33-c338-46d5-b409-bc02fd3727d4][8e8b4eea-e67e-48c2-9a20-218d03b22adb] Start keyframe: uploading "1788620553949_7d7a4e_fdfbd39c-aa59-4b23-a3ac-5f2ddfb5b1b8_434.jpg" to the project library...
2026-09-06T03:41:26.242Z [e5fed58e-d667-47da-930b-0784484c7bf9][8e8b4eea-e67e-48c2-9a20-218d03b22adb] Generating... 0 ready, 0 failed / 2 total (21s) play_circle 11% [HÀN play_circle 11% [HÀN
2026-09-06T03:41:26.466Z [629dbf33-c338-46d5-b409-bc02fd3727d4][8e8b4eea-e67e-48c2-9a20-218d03b22adb] Start keyframe: upload finished ✓
2026-09-06T03:41:29.256Z [e5fed58e-d667-47da-930b-0784484c7bf9][8e8b4eea-e67e-48c2-9a20-218d03b22adb] Generating... 0 ready, 0 failed / 2 total (24s) play_circle 14% [HÀN play_circle 14% [HÀN
2026-09-06T03:41:31.774Z [c4a0c5d7-54d7-4fb9-a2c0-347000dbeccc][8e8b4eea-e67e-48c2-9a20-218d03b22adb] Item 1 (try 1): 1080p saved via the UI download flow.
2026-09-06T03:41:31.858Z [c4a0c5d7-54d7-4fb9-a2c0-347000dbeccc][8e8b4eea-e67e-48c2-9a20-218d03b22adb] Item 1: upgraded to 1080p → D:\WINAI\Slow-English-with-Arlo_11_29_cmto8mrp\video_2026-09-06T03-40-42_01.mp4
2026-09-06T03:41:31.859Z [c4a0c5d7-54d7-4fb9-a2c0-347000dbeccc][8e8b4eea-e67e-48c2-9a20-218d03b22adb] Uploading 1 video(s) to Xanh...
2026-09-06T03:41:32.271Z [e5fed58e-d667-47da-930b-0784484c7bf9][8e8b4eea-e67e-48c2-9a20-218d03b22adb] Generating... 0 ready, 0 failed / 2 total (27s) play_circle 17% [HÀN play_circle 17% [HÀN
2026-09-06T03:41:32.748Z [c4a0c5d7-54d7-4fb9-a2c0-347000dbeccc][8e8b4eea-e67e-48c2-9a20-218d03b22adb] Item 1: Re-uploaded 1080p → https://studio.xanhmedia.vn/uploads/2026-09/1788666091654_f5a1f3_8e8b4eea-e67e-48c2-9a20-218d03b22adb_c4a.mp4
2026-09-06T03:41:32.748Z [c4a0c5d7-54d7-4fb9-a2c0-347000dbeccc][8e8b4eea-e67e-48c2-9a20-218d03b22adb] ✅ 1 item(s) + 1080p saved to Downloads/Win AI Toolkit/
2026-09-06T03:41:32.750Z [c4a0c5d7-54d7-4fb9-a2c0-347000dbeccc][8e8b4eea-e67e-48c2-9a20-218d03b22adb] All done (including any 1080p upgrades). Closing Playwright browser context.
2026-09-06T03:41:33.125Z [0fb90820-31d6-4ce7-a545-a1d736ff1e76][8e8b4eea-e67e-48c2-9a20-218d03b22adb] runGeneration starting: task_id=0fb90820-31d6-4ce7-a545-a1d736ff1e76, profile_id=8e8b4eea-e67e-48c2-9a20-218d03b22adb, target_site=google_flow
2026-09-06T03:41:33.126Z [0fb90820-31d6-4ce7-a545-a1d736ff1e76][8e8b4eea-e67e-48c2-9a20-218d03b22adb] Opening Playwright browser with persistent profile cookies...
2026-09-06T03:41:33.127Z [0fb90820-31d6-4ce7-a545-a1d736ff1e76][8e8b4eea-e67e-48c2-9a20-218d03b22adb] Browser engine: winhide (C:\Users\Admin\AppData\Roaming\com.tank.winai\winhide\chrome.exe) [hidden off-screen]
2026-09-06T03:41:33.128Z [0fb90820-31d6-4ce7-a545-a1d736ff1e76][8e8b4eea-e67e-48c2-9a20-218d03b22adb] Launch mode: STEALTH (raw spawn + connectOverCDP)
2026-09-06T03:41:35.166Z [0fb90820-31d6-4ce7-a545-a1d736ff1e76][8e8b4eea-e67e-48c2-9a20-218d03b22adb] Exit IP: 115.74.128.9
2026-09-06T03:41:35.166Z [0fb90820-31d6-4ce7-a545-a1d736ff1e76][8e8b4eea-e67e-48c2-9a20-218d03b22adb] Navigating browser to Google Flow tools page...
2026-09-06T03:41:35.167Z [0fb90820-31d6-4ce7-a545-a1d736ff1e76][8e8b4eea-e67e-48c2-9a20-218d03b22adb] Using existing project URL: https://flow.google.com/project/d7006cc3-f9c4-4856-98f4-89ac31f96398?hl=en
2026-09-06T03:41:35.312Z [e5fed58e-d667-47da-930b-0784484c7bf9][8e8b4eea-e67e-48c2-9a20-218d03b22adb] Generating... 0 ready, 0 failed / 2 total (30s)
2026-09-06T03:41:35.313Z [e5fed58e-d667-47da-930b-0784484c7bf9][8e8b4eea-e67e-48c2-9a20-218d03b22adb] This run's tiles disappeared from the grid — waiting to see if the grid is just re-rendering.
2026-09-06T03:41:35.872Z [629dbf33-c338-46d5-b409-bc02fd3727d4][8e8b4eea-e67e-48c2-9a20-218d03b22adb] Start keyframe: start keyframe attached ✓
2026-09-06T03:41:35.887Z [629dbf33-c338-46d5-b409-bc02fd3727d4][8e8b4eea-e67e-48c2-9a20-218d03b22adb] Entering prompt...
2026-09-06T03:41:36.005Z [0fb90820-31d6-4ce7-a545-a1d736ff1e76][8e8b4eea-e67e-48c2-9a20-218d03b22adb] Waiting for Google Flow...
2026-09-06T03:41:37.571Z [629dbf33-c338-46d5-b409-bc02fd3727d4][8e8b4eea-e67e-48c2-9a20-218d03b22adb] Prompt is 1560 chars — typing it in 29 chunk(s).
2026-09-06T03:41:38.129Z [0fb90820-31d6-4ce7-a545-a1d736ff1e76][8e8b4eea-e67e-48c2-9a20-218d03b22adb] In existing project ✓
2026-09-06T03:41:38.334Z [e5fed58e-d667-47da-930b-0784484c7bf9][8e8b4eea-e67e-48c2-9a20-218d03b22adb] Generating... 0 ready, 0 failed / 2 total (33s)
2026-09-06T03:41:39.990Z [0fb90820-31d6-4ce7-a545-a1d736ff1e76][8e8b4eea-e67e-48c2-9a20-218d03b22adb] dismissPopups: unresolved overlay(s) ["DIV[]|btns=","DIV[]|btns="]
2026-09-06T03:41:40.083Z [0fb90820-31d6-4ce7-a545-a1d736ff1e76][8e8b4eea-e67e-48c2-9a20-218d03b22adb] Composer ready ✓ (UI language: en)
2026-09-06T03:41:40.092Z [0fb90820-31d6-4ce7-a545-a1d736ff1e76][8e8b4eea-e67e-48c2-9a20-218d03b22adb] dismissPopups: unresolved overlay(s) ["DIV[]|btns=","DIV[]|btns="]
2026-09-06T03:41:40.122Z [0fb90820-31d6-4ce7-a545-a1d736ff1e76][8e8b4eea-e67e-48c2-9a20-218d03b22adb] Agent toggle aria-pressed=false
2026-09-06T03:41:40.122Z [0fb90820-31d6-4ce7-a545-a1d736ff1e76][8e8b4eea-e67e-48c2-9a20-218d03b22adb] Opening settings...
2026-09-06T03:41:41.352Z [e5fed58e-d667-47da-930b-0784484c7bf9][8e8b4eea-e67e-48c2-9a20-218d03b22adb] Generating... 0 ready, 0 failed / 2 total (36s)
2026-09-06T03:41:42.047Z [0fb90820-31d6-4ce7-a545-a1d736ff1e76][8e8b4eea-e67e-48c2-9a20-218d03b22adb] Configuring video settings...
2026-09-06T03:41:42.071Z [0fb90820-31d6-4ce7-a545-a1d736ff1e76][8e8b4eea-e67e-48c2-9a20-218d03b22adb] Mode: "videocam Video" already selected ✓
2026-09-06T03:41:44.372Z [e5fed58e-d667-47da-930b-0784484c7bf9][8e8b4eea-e67e-48c2-9a20-218d03b22adb] Generating... 0 ready, 0 failed / 2 total (39s)
2026-09-06T03:41:44.559Z [0fb90820-31d6-4ce7-a545-a1d736ff1e76][8e8b4eea-e67e-48c2-9a20-218d03b22adb] Video type: selected "crop_free Frames" ✓
2026-09-06T03:41:45.525Z [0fb90820-31d6-4ce7-a545-a1d736ff1e76][8e8b4eea-e67e-48c2-9a20-218d03b22adb] Model "Omni 1.1 Flash" already selected ✓ (chip reads "Omni 1.1 Flash")
2026-09-06T03:41:46.205Z [0fb90820-31d6-4ce7-a545-a1d736ff1e76][8e8b4eea-e67e-48c2-9a20-218d03b22adb] Aspect ratio: "crop_16_9 16:9" already selected ✓
2026-09-06T03:41:46.228Z [0fb90820-31d6-4ce7-a545-a1d736ff1e76][8e8b4eea-e67e-48c2-9a20-218d03b22adb] Video resolution: "720p" already selected ✓
2026-09-06T03:41:46.261Z [0fb90820-31d6-4ce7-a545-a1d736ff1e76][8e8b4eea-e67e-48c2-9a20-218d03b22adb] Duration: "8s" already selected ✓
2026-09-06T03:41:46.283Z [0fb90820-31d6-4ce7-a545-a1d736ff1e76][8e8b4eea-e67e-48c2-9a20-218d03b22adb] Output count: "x2" already selected ✓
2026-09-06T03:41:47.343Z [0fb90820-31d6-4ce7-a545-a1d736ff1e76][8e8b4eea-e67e-48c2-9a20-218d03b22adb] Start keyframe: downloading from URL...
2026-09-06T03:41:47.401Z [e5fed58e-d667-47da-930b-0784484c7bf9][8e8b4eea-e67e-48c2-9a20-218d03b22adb] Generating... 0 ready, 0 failed / 2 total (42s)
2026-09-06T03:41:47.401Z [e5fed58e-d667-47da-930b-0784484c7bf9][8e8b4eea-e67e-48c2-9a20-218d03b22adb] Flow attempt 1/1 failed: Google Flow discarded this generation: the tile(s) it created were removed after 42s without producing a result — a Flow-side failure, not a timeout. Try again, or change the prompt/settings.
2026-09-06T03:41:47.402Z [e5fed58e-d667-47da-930b-0784484c7bf9][8e8b4eea-e67e-48c2-9a20-218d03b22adb] runGeneration ERROR exception: Error: Google Flow discarded this generation: the tile(s) it created were removed after 42s without producing a result — a Flow-side failure, not a timeout. Try again, or change the prompt/settings.
    at runGoogleFlow (C:\snapshot\sidecar\dist\sidecar.cjs:8124:13)
    at async runGeneration (C:\snapshot\sidecar\dist\sidecar.cjs:8435:11)
    at async handleCommand (C:\snapshot\sidecar\dist\sidecar.cjs:6513:7)
    at async C:\snapshot\sidecar\dist\sidecar.cjs:6429:11
2026-09-06T03:41:47.570Z [0fb90820-31d6-4ce7-a545-a1d736ff1e76][8e8b4eea-e67e-48c2-9a20-218d03b22adb] Downloader: no-proxy request context ready.
2026-09-06T03:41:47.971Z [0fb90820-31d6-4ce7-a545-a1d736ff1e76][8e8b4eea-e67e-48c2-9a20-218d03b22adb] Start keyframe: saved 856977 bytes (image/jpeg) as "1788620676467_aa6813_fdfbd39c-aa59-4b23-a3ac-5f2ddfb5b1b8_f3b.jpg"
2026-09-06T03:41:47.990Z [0fb90820-31d6-4ce7-a545-a1d736ff1e76][8e8b4eea-e67e-48c2-9a20-218d03b22adb] Start keyframe: setting start keyframe...
2026-09-06T03:41:48.245Z [574264bf-3288-4307-a21e-548258e8988b][8e8b4eea-e67e-48c2-9a20-218d03b22adb] runGeneration starting: task_id=574264bf-3288-4307-a21e-548258e8988b, profile_id=8e8b4eea-e67e-48c2-9a20-218d03b22adb, target_site=google_flow
2026-09-06T03:41:48.246Z [574264bf-3288-4307-a21e-548258e8988b][8e8b4eea-e67e-48c2-9a20-218d03b22adb] Opening Playwright browser with persistent profile cookies...
2026-09-06T03:41:48.247Z [574264bf-3288-4307-a21e-548258e8988b][8e8b4eea-e67e-48c2-9a20-218d03b22adb] Browser engine: winhide (C:\Users\Admin\AppData\Roaming\com.tank.winai\winhide\chrome.exe) [hidden off-screen]
2026-09-06T03:41:48.247Z [574264bf-3288-4307-a21e-548258e8988b][8e8b4eea-e67e-48c2-9a20-218d03b22adb] Launch mode: STEALTH (raw spawn + connectOverCDP)
2026-09-06T03:41:49.795Z [574264bf-3288-4307-a21e-548258e8988b][8e8b4eea-e67e-48c2-9a20-218d03b22adb] Exit IP: 115.74.128.9
2026-09-06T03:41:49.796Z [574264bf-3288-4307-a21e-548258e8988b][8e8b4eea-e67e-48c2-9a20-218d03b22adb] Navigating browser to Google Flow tools page...
2026-09-06T03:41:49.797Z [574264bf-3288-4307-a21e-548258e8988b][8e8b4eea-e67e-48c2-9a20-218d03b22adb] Using existing project URL: https://flow.google.com/project/52188b41-ba09-4240-a569-98bde902989b?hl=en
2026-09-06T03:41:50.238Z [0fb90820-31d6-4ce7-a545-a1d736ff1e76][8e8b4eea-e67e-48c2-9a20-218d03b22adb] Start keyframe: "1788620676467_aa6813_fdfbd39c-aa59-4b23-a3ac-5f2ddfb5b1b8_f3b.jpg" not in the library yet — uploading it first.
2026-09-06T03:41:50.556Z [629dbf33-c338-46d5-b409-bc02fd3727d4][8e8b4eea-e67e-48c2-9a20-218d03b22adb] Prompt insert attempt 1: editor has 1544 chars (want ~1556) ✓
2026-09-06T03:41:50.709Z [574264bf-3288-4307-a21e-548258e8988b][8e8b4eea-e67e-48c2-9a20-218d03b22adb] Waiting for Google Flow...
2026-09-06T03:41:52.385Z [629dbf33-c338-46d5-b409-bc02fd3727d4][8e8b4eea-e67e-48c2-9a20-218d03b22adb] Baseline: 50 pre-existing media tile(s) of 50 mounted (kinds: image,video,video,video,video,video,video,video,video,video,video,image,video,video,image,video,video,image,video,video,video,video,image,video,video,image,video,video,image,video,video,image,video,video,image,video,video,image,video,video,image,video,video,image,video,video,image,video,video,image).
2026-09-06T03:41:52.975Z [574264bf-3288-4307-a21e-548258e8988b][8e8b4eea-e67e-48c2-9a20-218d03b22adb] In existing project ✓
2026-09-06T03:41:54.298Z [629dbf33-c338-46d5-b409-bc02fd3727d4][8e8b4eea-e67e-48c2-9a20-218d03b22adb] [submit] confirmed (editor "What do you want to ", fresh tile=true).
2026-09-06T03:41:54.687Z [0fb90820-31d6-4ce7-a545-a1d736ff1e76][8e8b4eea-e67e-48c2-9a20-218d03b22adb] Start keyframe: uploading "1788620676467_aa6813_fdfbd39c-aa59-4b23-a3ac-5f2ddfb5b1b8_f3b.jpg" to the project library...
2026-09-06T03:41:55.043Z [629dbf33-c338-46d5-b409-bc02fd3727d4][8e8b4eea-e67e-48c2-9a20-218d03b22adb] Current Workspace project URL: https://flow.google.com/project/643b808f-7d88-45ee-a818-35d5f8e84fec?hl=en
2026-09-06T03:41:55.044Z [629dbf33-c338-46d5-b409-bc02fd3727d4][8e8b4eea-e67e-48c2-9a20-218d03b22adb] Submitted ✓ Detecting batch size...
2026-09-06T03:41:55.105Z [574264bf-3288-4307-a21e-548258e8988b][8e8b4eea-e67e-48c2-9a20-218d03b22adb] dismissPopups: unresolved overlay(s) ["DIV[]|btns=","DIV[]|btns="]
2026-09-06T03:41:55.112Z [629dbf33-c338-46d5-b409-bc02fd3727d4][8e8b4eea-e67e-48c2-9a20-218d03b22adb] New tile(s) since submit: 0 → 2 (mounted=50)
2026-09-06T03:41:55.219Z [574264bf-3288-4307-a21e-548258e8988b][8e8b4eea-e67e-48c2-9a20-218d03b22adb] Composer ready ✓ (UI language: en)
2026-09-06T03:41:55.240Z [574264bf-3288-4307-a21e-548258e8988b][8e8b4eea-e67e-48c2-9a20-218d03b22adb] dismissPopups: unresolved overlay(s) ["DIV[]|btns=","DIV[]|btns="]
2026-09-06T03:41:55.282Z [574264bf-3288-4307-a21e-548258e8988b][8e8b4eea-e67e-48c2-9a20-218d03b22adb] Agent toggle aria-pressed=false
2026-09-06T03:41:55.282Z [574264bf-3288-4307-a21e-548258e8988b][8e8b4eea-e67e-48c2-9a20-218d03b22adb] Opening settings...
2026-09-06T03:41:55.929Z [0fb90820-31d6-4ce7-a545-a1d736ff1e76][8e8b4eea-e67e-48c2-9a20-218d03b22adb] Start keyframe: upload finished ✓
2026-09-06T03:41:56.989Z [574264bf-3288-4307-a21e-548258e8988b][8e8b4eea-e67e-48c2-9a20-218d03b22adb] Configuring video settings...
2026-09-06T03:41:57.020Z [574264bf-3288-4307-a21e-548258e8988b][8e8b4eea-e67e-48c2-9a20-218d03b22adb] Mode: "videocam Video" already selected ✓
2026-09-06T03:41:59.286Z [629dbf33-c338-46d5-b409-bc02fd3727d4][8e8b4eea-e67e-48c2-9a20-218d03b22adb] Batch size stabilised at 2 new tile(s)
2026-09-06T03:41:59.287Z [629dbf33-c338-46d5-b409-bc02fd3727d4][8e8b4eea-e67e-48c2-9a20-218d03b22adb] Batch detected: 2 item(s). Generating...
2026-09-06T03:41:59.287Z [629dbf33-c338-46d5-b409-bc02fd3727d4][8e8b4eea-e67e-48c2-9a20-218d03b22adb] Polling for 2 video item(s) (baseline=50, hasUpload=true)...
2026-09-06T03:41:59.302Z [629dbf33-c338-46d5-b409-bc02fd3727d4][8e8b4eea-e67e-48c2-9a20-218d03b22adb] Generating... 0 ready, 0 failed / 2 total (0s) play_circle [HÀNH ĐỘ play_circle [HÀNH ĐỘ
2026-09-06T03:41:59.740Z [574264bf-3288-4307-a21e-548258e8988b][8e8b4eea-e67e-48c2-9a20-218d03b22adb] Video type: selected "crop_free Frames" ✓
2026-09-06T03:42:00.806Z [574264bf-3288-4307-a21e-548258e8988b][8e8b4eea-e67e-48c2-9a20-218d03b22adb] Model "Omni 1.1 Flash" already selected ✓ (chip reads "Omni 1.1 Flash")
2026-09-06T03:42:01.820Z [574264bf-3288-4307-a21e-548258e8988b][8e8b4eea-e67e-48c2-9a20-218d03b22adb] Aspect ratio: "crop_16_9 16:9" already selected ✓
2026-09-06T03:42:01.847Z [574264bf-3288-4307-a21e-548258e8988b][8e8b4eea-e67e-48c2-9a20-218d03b22adb] Video resolution: "720p" already selected ✓
2026-09-06T03:42:01.879Z [574264bf-3288-4307-a21e-548258e8988b][8e8b4eea-e67e-48c2-9a20-218d03b22adb] Duration: "8s" already selected ✓
2026-09-06T03:42:01.902Z [574264bf-3288-4307-a21e-548258e8988b][8e8b4eea-e67e-48c2-9a20-218d03b22adb] Output count: "x2" already selected ✓
2026-09-06T03:42:02.323Z [629dbf33-c338-46d5-b409-bc02fd3727d4][8e8b4eea-e67e-48c2-9a20-218d03b22adb] Generating... 0 ready, 0 failed / 2 total (3s) play_circle [HÀNH ĐỘ play_circle [HÀNH ĐỘ
2026-09-06T03:42:03.049Z [574264bf-3288-4307-a21e-548258e8988b][8e8b4eea-e67e-48c2-9a20-218d03b22adb] Start keyframe: downloading from URL...
2026-09-06T03:42:03.272Z [574264bf-3288-4307-a21e-548258e8988b][8e8b4eea-e67e-48c2-9a20-218d03b22adb] Downloader: no-proxy request context ready.
2026-09-06T03:42:03.730Z [574264bf-3288-4307-a21e-548258e8988b][8e8b4eea-e67e-48c2-9a20-218d03b22adb] Start keyframe: saved 829281 bytes (image/jpeg) as "1788610563275_b266a7_fdfbd39c-aa59-4b23-a3ac-5f2ddfb5b1b8_e41.jpg"
2026-09-06T03:42:03.770Z [574264bf-3288-4307-a21e-548258e8988b][8e8b4eea-e67e-48c2-9a20-218d03b22adb] Start keyframe: setting start keyframe...
2026-09-06T03:42:05.253Z [0fb90820-31d6-4ce7-a545-a1d736ff1e76][8e8b4eea-e67e-48c2-9a20-218d03b22adb] Start keyframe: start keyframe attached ✓
2026-09-06T03:42:05.265Z [0fb90820-31d6-4ce7-a545-a1d736ff1e76][8e8b4eea-e67e-48c2-9a20-218d03b22adb] Entering prompt...
2026-09-06T03:42:05.336Z [629dbf33-c338-46d5-b409-bc02fd3727d4][8e8b4eea-e67e-48c2-9a20-218d03b22adb] Generating... 0 ready, 0 failed / 2 total (6s) play_circle 0% [HÀNH play_circle 0% [HÀNH
2026-09-06T03:42:05.956Z [574264bf-3288-4307-a21e-548258e8988b][8e8b4eea-e67e-48c2-9a20-218d03b22adb] Start keyframe: "1788610563275_b266a7_fdfbd39c-aa59-4b23-a3ac-5f2ddfb5b1b8_e41.jpg" not in the library yet — uploading it first.
2026-09-06T03:42:06.809Z [0fb90820-31d6-4ce7-a545-a1d736ff1e76][8e8b4eea-e67e-48c2-9a20-218d03b22adb] Prompt is 1538 chars — typing it in 29 chunk(s).
2026-09-06T03:42:08.352Z [629dbf33-c338-46d5-b409-bc02fd3727d4][8e8b4eea-e67e-48c2-9a20-218d03b22adb] Generating... 0 ready, 0 failed / 2 total (9s) play_circle 1% [HÀNH play_circle 3% [HÀNH
2026-09-06T03:42:08.519Z [6eeb9401-4799-4fd6-9ca1-e93314236dde][8e8b4eea-e67e-48c2-9a20-218d03b22adb] Item 2 (try 1): 1080p saved via the UI download flow.
2026-09-06T03:42:08.562Z [6eeb9401-4799-4fd6-9ca1-e93314236dde][8e8b4eea-e67e-48c2-9a20-218d03b22adb] Item 2: upgraded to 1080p → D:\WINAI\Slow-English-with-Arlo_11_32_cmto8mrp\video_2026-09-06T03-40-16_02.mp4
2026-09-06T03:42:08.562Z [6eeb9401-4799-4fd6-9ca1-e93314236dde][8e8b4eea-e67e-48c2-9a20-218d03b22adb] Uploading 2 video(s) to Xanh...
2026-09-06T03:42:09.405Z [6eeb9401-4799-4fd6-9ca1-e93314236dde][8e8b4eea-e67e-48c2-9a20-218d03b22adb] Item 2: Re-uploaded 1080p → https://studio.xanhmedia.vn/uploads/2026-09/1788666128311_d70dc0_8e8b4eea-e67e-48c2-9a20-218d03b22adb_6ee.mp4
2026-09-06T03:42:09.680Z [6eeb9401-4799-4fd6-9ca1-e93314236dde][8e8b4eea-e67e-48c2-9a20-218d03b22adb] Item 1: Re-uploaded 1080p → https://studio.xanhmedia.vn/uploads/2026-09/1788666128589_b511e9_8e8b4eea-e67e-48c2-9a20-218d03b22adb_6ee.mp4
2026-09-06T03:42:09.680Z [6eeb9401-4799-4fd6-9ca1-e93314236dde][8e8b4eea-e67e-48c2-9a20-218d03b22adb] ✅ 2 item(s) + 1080p saved to Downloads/Win AI Toolkit/
2026-09-06T03:42:09.683Z [6eeb9401-4799-4fd6-9ca1-e93314236dde][8e8b4eea-e67e-48c2-9a20-218d03b22adb] All done (including any 1080p upgrades). Closing Playwright browser context.
2026-09-06T03:42:10.221Z [574264bf-3288-4307-a21e-548258e8988b][8e8b4eea-e67e-48c2-9a20-218d03b22adb] Start keyframe: uploading "1788610563275_b266a7_fdfbd39c-aa59-4b23-a3ac-5f2ddfb5b1b8_e41.jpg" to the project library...
2026-09-06T03:42:10.777Z [7601e232-4001-49ad-beba-64c8339c503a][8e8b4eea-e67e-48c2-9a20-218d03b22adb] runGeneration starting: task_id=7601e232-4001-49ad-beba-64c8339c503a, profile_id=8e8b4eea-e67e-48c2-9a20-218d03b22adb, target_site=google_flow
2026-09-06T03:42:10.778Z [7601e232-4001-49ad-beba-64c8339c503a][8e8b4eea-e67e-48c2-9a20-218d03b22adb] Opening Playwright browser with persistent profile cookies...
2026-09-06T03:42:10.779Z [7601e232-4001-49ad-beba-64c8339c503a][8e8b4eea-e67e-48c2-9a20-218d03b22adb] Browser engine: winhide (C:\Users\Admin\AppData\Roaming\com.tank.winai\winhide\chrome.exe) [hidden off-screen]
2026-09-06T03:42:10.779Z [7601e232-4001-49ad-beba-64c8339c503a][8e8b4eea-e67e-48c2-9a20-218d03b22adb] Launch mode: STEALTH (raw spawn + connectOverCDP)
2026-09-06T03:42:11.153Z [574264bf-3288-4307-a21e-548258e8988b][8e8b4eea-e67e-48c2-9a20-218d03b22adb] Start keyframe: upload finished ✓
2026-09-06T03:42:11.372Z [629dbf33-c338-46d5-b409-bc02fd3727d4][8e8b4eea-e67e-48c2-9a20-218d03b22adb] Generating... 0 ready, 0 failed / 2 total (12s) play_circle 5% [HÀNH play_circle 5% [HÀNH
2026-09-06T03:42:12.489Z [7601e232-4001-49ad-beba-64c8339c503a][8e8b4eea-e67e-48c2-9a20-218d03b22adb] Exit IP: 115.74.128.9
2026-09-06T03:42:12.489Z [7601e232-4001-49ad-beba-64c8339c503a][8e8b4eea-e67e-48c2-9a20-218d03b22adb] Navigating browser to Google Flow tools page...
2026-09-06T03:42:12.489Z [7601e232-4001-49ad-beba-64c8339c503a][8e8b4eea-e67e-48c2-9a20-218d03b22adb] Using existing project URL: https://flow.google.com/project/5cd39577-897c-41b2-8dc8-7fabdd51c4ed?hl=en
2026-09-06T03:42:13.535Z [7601e232-4001-49ad-beba-64c8339c503a][8e8b4eea-e67e-48c2-9a20-218d03b22adb] Waiting for Google Flow...
2026-09-06T03:42:14.425Z [629dbf33-c338-46d5-b409-bc02fd3727d4][8e8b4eea-e67e-48c2-9a20-218d03b22adb] Generating... 0 ready, 0 failed / 2 total (15s) play_circle 8% [HÀNH play_circle 8% [HÀNH
2026-09-06T03:42:15.549Z [7601e232-4001-49ad-beba-64c8339c503a][8e8b4eea-e67e-48c2-9a20-218d03b22adb] In existing project ✓
2026-09-06T03:42:16.531Z [7601e232-4001-49ad-beba-64c8339c503a][8e8b4eea-e67e-48c2-9a20-218d03b22adb] dismissPopups: unresolved overlay(s) ["IFRAME[presentation]|btns="]
2026-09-06T03:42:17.452Z [629dbf33-c338-46d5-b409-bc02fd3727d4][8e8b4eea-e67e-48c2-9a20-218d03b22adb] Generating... 0 ready, 0 failed / 2 total (18s) play_circle 10% [HÀN play_circle 10% [HÀN
2026-09-06T03:42:17.790Z [7601e232-4001-49ad-beba-64c8339c503a][8e8b4eea-e67e-48c2-9a20-218d03b22adb] Composer ready ✓ (UI language: en)
2026-09-06T03:42:17.820Z [7601e232-4001-49ad-beba-64c8339c503a][8e8b4eea-e67e-48c2-9a20-218d03b22adb] dismissPopups: unresolved overlay(s) ["DIV[]|btns=","DIV[]|btns="]
2026-09-06T03:42:17.838Z [7601e232-4001-49ad-beba-64c8339c503a][8e8b4eea-e67e-48c2-9a20-218d03b22adb] Agent toggle aria-pressed=false
2026-09-06T03:42:17.839Z [7601e232-4001-49ad-beba-64c8339c503a][8e8b4eea-e67e-48c2-9a20-218d03b22adb] Opening settings...
2026-09-06T03:42:19.608Z [7601e232-4001-49ad-beba-64c8339c503a][8e8b4eea-e67e-48c2-9a20-218d03b22adb] Configuring video settings...
2026-09-06T03:42:19.636Z [7601e232-4001-49ad-beba-64c8339c503a][8e8b4eea-e67e-48c2-9a20-218d03b22adb] Mode: "videocam Video" already selected ✓
2026-09-06T03:42:19.929Z [0fb90820-31d6-4ce7-a545-a1d736ff1e76][8e8b4eea-e67e-48c2-9a20-218d03b22adb] Prompt insert attempt 1: editor has 1522 chars (want ~1534) ✓
2026-09-06T03:42:20.061Z [574264bf-3288-4307-a21e-548258e8988b][8e8b4eea-e67e-48c2-9a20-218d03b22adb] Start keyframe: start keyframe attached ✓
2026-09-06T03:42:20.071Z [574264bf-3288-4307-a21e-548258e8988b][8e8b4eea-e67e-48c2-9a20-218d03b22adb] Entering prompt...
2026-09-06T03:42:20.470Z [629dbf33-c338-46d5-b409-bc02fd3727d4][8e8b4eea-e67e-48c2-9a20-218d03b22adb] Generating... 0 ready, 0 failed / 2 total (21s) play_circle 12% [HÀN play_circle 12% [HÀN
2026-09-06T03:42:21.983Z [0fb90820-31d6-4ce7-a545-a1d736ff1e76][8e8b4eea-e67e-48c2-9a20-218d03b22adb] Baseline: 50 pre-existing media tile(s) of 50 mounted (kinds: image,video,video,video,image,video,video,image,video,video,image,video,video,image,video,video,image,video,video,image,video,video,video,video,video,video,image,video,video,image,video,video,image,video,video,image,video,video,image,video,video,image,video,video,image,video,image,video,video,image).
2026-09-06T03:42:22.026Z [574264bf-3288-4307-a21e-548258e8988b][8e8b4eea-e67e-48c2-9a20-218d03b22adb] Prompt is 1519 chars — typing it in 29 chunk(s).
2026-09-06T03:42:22.786Z [7601e232-4001-49ad-beba-64c8339c503a][8e8b4eea-e67e-48c2-9a20-218d03b22adb] Video type: selected "crop_free Frames" ✓
2026-09-06T03:42:23.498Z [629dbf33-c338-46d5-b409-bc02fd3727d4][8e8b4eea-e67e-48c2-9a20-218d03b22adb] Generating... 0 ready, 0 failed / 2 total (24s) play_circle 15% [HÀN play_circle 15% [HÀN
2026-09-06T03:42:23.884Z [7601e232-4001-49ad-beba-64c8339c503a][8e8b4eea-e67e-48c2-9a20-218d03b22adb] Model "Omni 1.1 Flash" already selected ✓ (chip reads "Omni 1.1 Flash")
2026-09-06T03:42:24.139Z [0fb90820-31d6-4ce7-a545-a1d736ff1e76][8e8b4eea-e67e-48c2-9a20-218d03b22adb] [submit] confirmed (editor "What do you want to ", fresh tile=true).
2026-09-06T03:42:24.724Z [0fb90820-31d6-4ce7-a545-a1d736ff1e76][8e8b4eea-e67e-48c2-9a20-218d03b22adb] Current Workspace project URL: https://flow.google.com/project/d7006cc3-f9c4-4856-98f4-89ac31f96398?hl=en
2026-09-06T03:42:24.724Z [0fb90820-31d6-4ce7-a545-a1d736ff1e76][8e8b4eea-e67e-48c2-9a20-218d03b22adb] Submitted ✓ Detecting batch size...
2026-09-06T03:42:24.738Z [0fb90820-31d6-4ce7-a545-a1d736ff1e76][8e8b4eea-e67e-48c2-9a20-218d03b22adb] New tile(s) since submit: 0 → 2 (mounted=50)
2026-09-06T03:42:24.797Z [7601e232-4001-49ad-beba-64c8339c503a][8e8b4eea-e67e-48c2-9a20-218d03b22adb] Aspect ratio: "crop_16_9 16:9" already selected ✓
2026-09-06T03:42:24.820Z [7601e232-4001-49ad-beba-64c8339c503a][8e8b4eea-e67e-48c2-9a20-218d03b22adb] Video resolution: "720p" already selected ✓
2026-09-06T03:42:24.851Z [7601e232-4001-49ad-beba-64c8339c503a][8e8b4eea-e67e-48c2-9a20-218d03b22adb] Duration: "8s" already selected ✓
2026-09-06T03:42:24.877Z [7601e232-4001-49ad-beba-64c8339c503a][8e8b4eea-e67e-48c2-9a20-218d03b22adb] Output count: "x2" already selected ✓
2026-09-06T03:42:25.934Z [7601e232-4001-49ad-beba-64c8339c503a][8e8b4eea-e67e-48c2-9a20-218d03b22adb] Start keyframe: downloading from URL...
2026-09-06T03:42:26.127Z [7601e232-4001-49ad-beba-64c8339c503a][8e8b4eea-e67e-48c2-9a20-218d03b22adb] Downloader: no-proxy request context ready.
2026-09-06T03:42:26.517Z [629dbf33-c338-46d5-b409-bc02fd3727d4][8e8b4eea-e67e-48c2-9a20-218d03b22adb] Generating... 0 ready, 0 failed / 2 total (27s) play_circle 18% [HÀN play_circle 18% [HÀN
2026-09-06T03:42:26.566Z [7601e232-4001-49ad-beba-64c8339c503a][8e8b4eea-e67e-48c2-9a20-218d03b22adb] Start keyframe: saved 850636 bytes (image/jpeg) as "1788620975413_3647bf_fdfbd39c-aa59-4b23-a3ac-5f2ddfb5b1b8_f02.jpg"
2026-09-06T03:42:26.583Z [7601e232-4001-49ad-beba-64c8339c503a][8e8b4eea-e67e-48c2-9a20-218d03b22adb] Start keyframe: setting start keyframe...
2026-09-06T03:42:28.638Z [7601e232-4001-49ad-beba-64c8339c503a][8e8b4eea-e67e-48c2-9a20-218d03b22adb] Start keyframe: "1788620975413_3647bf_fdfbd39c-aa59-4b23-a3ac-5f2ddfb5b1b8_f02.jpg" not in the library yet — uploading it first.
2026-09-06T03:42:28.903Z [0fb90820-31d6-4ce7-a545-a1d736ff1e76][8e8b4eea-e67e-48c2-9a20-218d03b22adb] Batch size stabilised at 2 new tile(s)
2026-09-06T03:42:28.903Z [0fb90820-31d6-4ce7-a545-a1d736ff1e76][8e8b4eea-e67e-48c2-9a20-218d03b22adb] Batch detected: 2 item(s). Generating...
2026-09-06T03:42:28.903Z [0fb90820-31d6-4ce7-a545-a1d736ff1e76][8e8b4eea-e67e-48c2-9a20-218d03b22adb] Polling for 2 video item(s) (baseline=50, hasUpload=true)...
2026-09-06T03:42:28.914Z [0fb90820-31d6-4ce7-a545-a1d736ff1e76][8e8b4eea-e67e-48c2-9a20-218d03b22adb] Generating... 0 ready, 0 failed / 2 total (0s) play_circle [HÀNH ĐỘ play_circle [HÀNH ĐỘ
2026-09-06T03:42:29.536Z [629dbf33-c338-46d5-b409-bc02fd3727d4][8e8b4eea-e67e-48c2-9a20-218d03b22adb] Generating... 0 ready, 0 failed / 2 total (30s) play_circle 21% [HÀN play_circle 21% [HÀN
2026-09-06T03:42:31.944Z [0fb90820-31d6-4ce7-a545-a1d736ff1e76][8e8b4eea-e67e-48c2-9a20-218d03b22adb] Generating... 0 ready, 0 failed / 2 total (3s) play_circle [HÀNH ĐỘ play_circle [HÀNH ĐỘ
2026-09-06T03:42:32.183Z [7601e232-4001-49ad-beba-64c8339c503a][8e8b4eea-e67e-48c2-9a20-218d03b22adb] Start keyframe: uploading "1788620975413_3647bf_fdfbd39c-aa59-4b23-a3ac-5f2ddfb5b1b8_f02.jpg" to the project library...
2026-09-06T03:42:32.562Z [629dbf33-c338-46d5-b409-bc02fd3727d4][8e8b4eea-e67e-48c2-9a20-218d03b22adb] Generating... 0 ready, 0 failed / 2 total (33s) play_circle 22% [HÀN play_circle 22% [HÀN
2026-09-06T03:42:33.060Z [7601e232-4001-49ad-beba-64c8339c503a][8e8b4eea-e67e-48c2-9a20-218d03b22adb] Start keyframe: upload finished ✓
2026-09-06T03:42:34.966Z [0fb90820-31d6-4ce7-a545-a1d736ff1e76][8e8b4eea-e67e-48c2-9a20-218d03b22adb] Generating... 0 ready, 0 failed / 2 total (6s) play_circle [HÀNH ĐỘ play_circle [HÀNH ĐỘ
2026-09-06T03:42:35.577Z [629dbf33-c338-46d5-b409-bc02fd3727d4][8e8b4eea-e67e-48c2-9a20-218d03b22adb] Generating... 0 ready, 0 failed / 2 total (36s) play_circle 25% [HÀN play_circle 25% [HÀN
2026-09-06T03:42:36.079Z [574264bf-3288-4307-a21e-548258e8988b][8e8b4eea-e67e-48c2-9a20-218d03b22adb] Prompt insert attempt 1: editor has 1503 chars (want ~1515) ✓
2026-09-06T03:42:37.978Z [574264bf-3288-4307-a21e-548258e8988b][8e8b4eea-e67e-48c2-9a20-218d03b22adb] Baseline: 50 pre-existing media tile(s) of 50 mounted (kinds: image,video,video,video,video,video,video,video,video,video,video,image,video,video,image,video,video,image,video,video,video,video,video,video,image,video,video,image,video,video,image,video,video,image,video,video,image,video,video,image,video,video,image,video,video,image,video,video,image,video).
2026-09-06T03:42:37.988Z [0fb90820-31d6-4ce7-a545-a1d736ff1e76][8e8b4eea-e67e-48c2-9a20-218d03b22adb] Generating... 0 ready, 0 failed / 2 total (9s) play_circle 1% [HÀNH play_circle 1% [HÀNH
2026-09-06T03:42:38.598Z [629dbf33-c338-46d5-b409-bc02fd3727d4][8e8b4eea-e67e-48c2-9a20-218d03b22adb] Generating... 0 ready, 0 failed / 2 total (39s) play_circle 28% [HÀN play_circle 28% [HÀN
2026-09-06T03:42:40.451Z [574264bf-3288-4307-a21e-548258e8988b][8e8b4eea-e67e-48c2-9a20-218d03b22adb] [submit] confirmed (editor "What do you want to ", fresh tile=true).
2026-09-06T03:42:41.005Z [0fb90820-31d6-4ce7-a545-a1d736ff1e76][8e8b4eea-e67e-48c2-9a20-218d03b22adb] Generating... 0 ready, 0 failed / 2 total (12s) play_circle 3% [HÀNH play_circle 3% [HÀNH
2026-09-06T03:42:41.127Z [574264bf-3288-4307-a21e-548258e8988b][8e8b4eea-e67e-48c2-9a20-218d03b22adb] Current Workspace project URL: https://flow.google.com/project/52188b41-ba09-4240-a569-98bde902989b?hl=en
2026-09-06T03:42:41.128Z [574264bf-3288-4307-a21e-548258e8988b][8e8b4eea-e67e-48c2-9a20-218d03b22adb] Submitted ✓ Detecting batch size...
2026-09-06T03:42:41.142Z [574264bf-3288-4307-a21e-548258e8988b][8e8b4eea-e67e-48c2-9a20-218d03b22adb] New tile(s) since submit: 0 → 2 (mounted=50)
2026-09-06T03:42:41.617Z [629dbf33-c338-46d5-b409-bc02fd3727d4][8e8b4eea-e67e-48c2-9a20-218d03b22adb] Generating... 0 ready, 0 failed / 2 total (42s) play_circle 100% [HÀ play_circle 100% [HÀ
2026-09-06T03:42:43.032Z [7601e232-4001-49ad-beba-64c8339c503a][8e8b4eea-e67e-48c2-9a20-218d03b22adb] Start keyframe: start keyframe attached ✓
2026-09-06T03:42:43.050Z [7601e232-4001-49ad-beba-64c8339c503a][8e8b4eea-e67e-48c2-9a20-218d03b22adb] Entering prompt...
2026-09-06T03:42:44.062Z [0fb90820-31d6-4ce7-a545-a1d736ff1e76][8e8b4eea-e67e-48c2-9a20-218d03b22adb] Generating... 0 ready, 0 failed / 2 total (15s) play_circle 7% [HÀNH play_circle 7% [HÀNH
2026-09-06T03:42:44.514Z [7601e232-4001-49ad-beba-64c8339c503a][8e8b4eea-e67e-48c2-9a20-218d03b22adb] Prompt is 1592 chars — typing it in 32 chunk(s).
2026-09-06T03:42:44.637Z [629dbf33-c338-46d5-b409-bc02fd3727d4][8e8b4eea-e67e-48c2-9a20-218d03b22adb] Generating... 0 ready, 0 failed / 2 total (45s) [HÀNH ĐỘNG]Graham đứ [HÀNH ĐỘNG]Graham đứ
2026-09-06T03:42:45.285Z [574264bf-3288-4307-a21e-548258e8988b][8e8b4eea-e67e-48c2-9a20-218d03b22adb] Batch size stabilised at 2 new tile(s)
2026-09-06T03:42:45.286Z [574264bf-3288-4307-a21e-548258e8988b][8e8b4eea-e67e-48c2-9a20-218d03b22adb] Batch detected: 2 item(s). Generating...
2026-09-06T03:42:45.286Z [574264bf-3288-4307-a21e-548258e8988b][8e8b4eea-e67e-48c2-9a20-218d03b22adb] Polling for 2 video item(s) (baseline=50, hasUpload=true)...
2026-09-06T03:42:45.304Z [574264bf-3288-4307-a21e-548258e8988b][8e8b4eea-e67e-48c2-9a20-218d03b22adb] Generating... 0 ready, 0 failed / 2 total (0s) play_circle [HÀNH ĐỘ play_circle [HÀNH ĐỘ
2026-09-06T03:42:47.085Z [0fb90820-31d6-4ce7-a545-a1d736ff1e76][8e8b4eea-e67e-48c2-9a20-218d03b22adb] Generating... 0 ready, 0 failed / 2 total (18s) play_circle 9% [HÀNH play_circle 9% [HÀNH
2026-09-06T03:42:47.666Z [629dbf33-c338-46d5-b409-bc02fd3727d4][8e8b4eea-e67e-48c2-9a20-218d03b22adb] Generating... 2 ready, 0 failed / 2 total (48s)
2026-09-06T03:42:47.667Z [629dbf33-c338-46d5-b409-bc02fd3727d4][8e8b4eea-e67e-48c2-9a20-218d03b22adb] Batch done: 2 ready (target 2), 0 failed, scanned 2.
2026-09-06T03:42:47.667Z [629dbf33-c338-46d5-b409-bc02fd3727d4][8e8b4eea-e67e-48c2-9a20-218d03b22adb] 2 item(s) ready! Downloading...
2026-09-06T03:42:47.667Z [629dbf33-c338-46d5-b409-bc02fd3727d4][8e8b4eea-e67e-48c2-9a20-218d03b22adb] Item 1: no video source on the tile yet — hovering it to mount one.
2026-09-06T03:42:48.322Z [574264bf-3288-4307-a21e-548258e8988b][8e8b4eea-e67e-48c2-9a20-218d03b22adb] Generating... 0 ready, 0 failed / 2 total (3s) play_circle [HÀNH ĐỘ play_circle [HÀNH ĐỘ
2026-09-06T03:42:49.404Z [629dbf33-c338-46d5-b409-bc02fd3727d4][8e8b4eea-e67e-48c2-9a20-218d03b22adb] Item 1: Downloading from URL https://flow-content.google/video/b471d66f-2b55-40b2-892e-4eedb2bf38c7?Expires=1788687758&KeyName=labs-flow-prod-cdn-key&Signature=NeIRQuMvatp-MjeXaX4MCtGTXn8
2026-09-06T03:42:50.114Z [0fb90820-31d6-4ce7-a545-a1d736ff1e76][8e8b4eea-e67e-48c2-9a20-218d03b22adb] Generating... 0 ready, 0 failed / 2 total (21s) play_circle 11% [HÀN play_circle 11% [HÀN
2026-09-06T03:42:51.236Z [629dbf33-c338-46d5-b409-bc02fd3727d4][8e8b4eea-e67e-48c2-9a20-218d03b22adb] Downloaded 1/2: video_2026-09-06T03-42-47_01.mp4
2026-09-06T03:42:51.237Z [629dbf33-c338-46d5-b409-bc02fd3727d4][8e8b4eea-e67e-48c2-9a20-218d03b22adb] Item 2: no video source on the tile yet — hovering it to mount one.
2026-09-06T03:42:51.339Z [574264bf-3288-4307-a21e-548258e8988b][8e8b4eea-e67e-48c2-9a20-218d03b22adb] Generating... 0 ready, 0 failed / 2 total (6s) play_circle 0% [HÀNH play_circle 0% [HÀNH
2026-09-06T03:42:52.703Z [629dbf33-c338-46d5-b409-bc02fd3727d4][8e8b4eea-e67e-48c2-9a20-218d03b22adb] Item 2: Downloading from URL https://flow-content.google/video/57a777c8-fbbc-47bd-8df2-a9140ebf8e25?Expires=1788687758&KeyName=labs-flow-prod-cdn-key&Signature=ut8EukufpxwejxgV4U9pe2ri64A
2026-09-06T03:42:53.133Z [0fb90820-31d6-4ce7-a545-a1d736ff1e76][8e8b4eea-e67e-48c2-9a20-218d03b22adb] Generating... 0 ready, 0 failed / 2 total (24s) play_circle 14% [HÀN play_circle 14% [HÀN
2026-09-06T03:42:54.057Z [629dbf33-c338-46d5-b409-bc02fd3727d4][8e8b4eea-e67e-48c2-9a20-218d03b22adb] Downloaded 2/2: video_2026-09-06T03-42-47_02.mp4
2026-09-06T03:42:54.058Z [629dbf33-c338-46d5-b409-bc02fd3727d4][8e8b4eea-e67e-48c2-9a20-218d03b22adb] ✅ 2 item(s) saved to Downloads/Win AI Toolkit/
2026-09-06T03:42:54.359Z [574264bf-3288-4307-a21e-548258e8988b][8e8b4eea-e67e-48c2-9a20-218d03b22adb] Generating... 0 ready, 0 failed / 2 total (9s) play_circle 2% [HÀNH play_circle 1% [HÀNH
2026-09-06T03:42:56.152Z [0fb90820-31d6-4ce7-a545-a1d736ff1e76][8e8b4eea-e67e-48c2-9a20-218d03b22adb] Generating... 0 ready, 0 failed / 2 total (27s) play_circle 17% [HÀN play_circle 17% [HÀN
2026-09-06T03:42:57.383Z [574264bf-3288-4307-a21e-548258e8988b][8e8b4eea-e67e-48c2-9a20-218d03b22adb] Generating... 0 ready, 0 failed / 2 total (12s) play_circle 4% [HÀNH play_circle 4% [HÀNH
2026-09-06T03:42:59.184Z [0fb90820-31d6-4ce7-a545-a1d736ff1e76][8e8b4eea-e67e-48c2-9a20-218d03b22adb] Generating... 0 ready, 0 failed / 2 total (30s) play_circle 20% [HÀN play_circle 20% [HÀN
2026-09-06T03:42:59.402Z [7601e232-4001-49ad-beba-64c8339c503a][8e8b4eea-e67e-48c2-9a20-218d03b22adb] Prompt insert attempt 1: editor has 1575 chars (want ~1588) ✓
2026-09-06T03:43:00.410Z [574264bf-3288-4307-a21e-548258e8988b][8e8b4eea-e67e-48c2-9a20-218d03b22adb] Generating... 0 ready, 0 failed / 2 total (15s) play_circle 7% [HÀNH play_circle 6% [HÀNH
2026-09-06T03:43:01.305Z [7601e232-4001-49ad-beba-64c8339c503a][8e8b4eea-e67e-48c2-9a20-218d03b22adb] Baseline: 50 pre-existing media tile(s) of 50 mounted (kinds: image,video,video,video,video,video,video,image,video,video,image,video,video,image,video,image,video,video,image,video,video,video,video,image,video,video,image,video,video,image,video,video,image,video,video,image,video,video,image,video,video,image,video,video,image,video,video,image,video,video).
2026-09-06T03:43:02.200Z [0fb90820-31d6-4ce7-a545-a1d736ff1e76][8e8b4eea-e67e-48c2-9a20-218d03b22adb] Generating... 0 ready, 0 failed / 2 total (33s) play_circle 21% [HÀN play_circle 21% [HÀN
2026-09-06T03:43:03.424Z [7601e232-4001-49ad-beba-64c8339c503a][8e8b4eea-e67e-48c2-9a20-218d03b22adb] [submit] confirmed (editor "What do you want to ", fresh tile=true).
2026-09-06T03:43:03.435Z [574264bf-3288-4307-a21e-548258e8988b][8e8b4eea-e67e-48c2-9a20-218d03b22adb] Generating... 0 ready, 0 failed / 2 total (18s) play_circle 9% [HÀNH play_circle 9% [HÀNH
2026-09-06T03:43:04.097Z [7601e232-4001-49ad-beba-64c8339c503a][8e8b4eea-e67e-48c2-9a20-218d03b22adb] Current Workspace project URL: https://flow.google.com/project/5cd39577-897c-41b2-8dc8-7fabdd51c4ed?hl=en
2026-09-06T03:43:04.098Z [7601e232-4001-49ad-beba-64c8339c503a][8e8b4eea-e67e-48c2-9a20-218d03b22adb] Submitted ✓ Detecting batch size...
2026-09-06T03:43:04.115Z [7601e232-4001-49ad-beba-64c8339c503a][8e8b4eea-e67e-48c2-9a20-218d03b22adb] New tile(s) since submit: 0 → 2 (mounted=50)
2026-09-06T03:43:05.220Z [0fb90820-31d6-4ce7-a545-a1d736ff1e76][8e8b4eea-e67e-48c2-9a20-218d03b22adb] Generating... 0 ready, 0 failed / 2 total (36s) play_circle 24% [HÀN play_circle 24% [HÀN
2026-09-06T03:43:06.453Z [574264bf-3288-4307-a21e-548258e8988b][8e8b4eea-e67e-48c2-9a20-218d03b22adb] Generating... 0 ready, 0 failed / 2 total (21s) play_circle 11% [HÀN play_circle 11% [HÀN
2026-09-06T03:43:08.245Z [0fb90820-31d6-4ce7-a545-a1d736ff1e76][8e8b4eea-e67e-48c2-9a20-218d03b22adb] Generating... 0 ready, 0 failed / 2 total (39s) play_circle 26% [HÀN play_circle 26% [HÀN
2026-09-06T03:43:08.271Z [7601e232-4001-49ad-beba-64c8339c503a][8e8b4eea-e67e-48c2-9a20-218d03b22adb] Batch size stabilised at 2 new tile(s)
2026-09-06T03:43:08.272Z [7601e232-4001-49ad-beba-64c8339c503a][8e8b4eea-e67e-48c2-9a20-218d03b22adb] Batch detected: 2 item(s). Generating...
2026-09-06T03:43:08.272Z [7601e232-4001-49ad-beba-64c8339c503a][8e8b4eea-e67e-48c2-9a20-218d03b22adb] Polling for 2 video item(s) (baseline=50, hasUpload=true)...
2026-09-06T03:43:08.288Z [7601e232-4001-49ad-beba-64c8339c503a][8e8b4eea-e67e-48c2-9a20-218d03b22adb] Generating... 0 ready, 0 failed / 2 total (0s) play_circle [HÀNH ĐỘ play_circle [HÀNH ĐỘ
2026-09-06T03:43:09.483Z [574264bf-3288-4307-a21e-548258e8988b][8e8b4eea-e67e-48c2-9a20-218d03b22adb] Generating... 0 ready, 0 failed / 2 total (24s) play_circle 14% [HÀN play_circle 14% [HÀN
2026-09-06T03:43:11.269Z [0fb90820-31d6-4ce7-a545-a1d736ff1e76][8e8b4eea-e67e-48c2-9a20-218d03b22adb] Generating... 0 ready, 0 failed / 2 total (42s) play_circle 100% [HÀ play_circle 100% [HÀ
2026-09-06T03:43:11.304Z [7601e232-4001-49ad-beba-64c8339c503a][8e8b4eea-e67e-48c2-9a20-218d03b22adb] Generating... 0 ready, 0 failed / 2 total (3s) play_circle [HÀNH ĐỘ play_circle [HÀNH ĐỘ
2026-09-06T03:43:12.511Z [574264bf-3288-4307-a21e-548258e8988b][8e8b4eea-e67e-48c2-9a20-218d03b22adb] Generating... 0 ready, 0 failed / 2 total (27s) play_circle 17% [HÀN play_circle 16% [HÀN
2026-09-06T03:43:14.287Z [0fb90820-31d6-4ce7-a545-a1d736ff1e76][8e8b4eea-e67e-48c2-9a20-218d03b22adb] Generating... 0 ready, 0 failed / 2 total (45s) play_circle 100% [HÀ play_circle 100% [HÀ
2026-09-06T03:43:14.334Z [7601e232-4001-49ad-beba-64c8339c503a][8e8b4eea-e67e-48c2-9a20-218d03b22adb] Generating... 0 ready, 0 failed / 2 total (6s) play_circle [HÀNH ĐỘ play_circle [HÀNH ĐỘ
2026-09-06T03:43:15.522Z [574264bf-3288-4307-a21e-548258e8988b][8e8b4eea-e67e-48c2-9a20-218d03b22adb] Generating... 0 ready, 0 failed / 2 total (30s) play_circle 19% [HÀN play_circle 18% [HÀN
2026-09-06T03:43:17.303Z [0fb90820-31d6-4ce7-a545-a1d736ff1e76][8e8b4eea-e67e-48c2-9a20-218d03b22adb] Generating... 0 ready, 0 failed / 2 total (48s) play_circle 100% [HÀ [HÀNH ĐỘNG]Arlo nhìn
2026-09-06T03:43:17.356Z [7601e232-4001-49ad-beba-64c8339c503a][8e8b4eea-e67e-48c2-9a20-218d03b22adb] Generating... 0 ready, 0 failed / 2 total (9s) play_circle 0% [HÀNH play_circle 0% [HÀNH
2026-09-06T03:43:18.542Z [574264bf-3288-4307-a21e-548258e8988b][8e8b4eea-e67e-48c2-9a20-218d03b22adb] Generating... 0 ready, 0 failed / 2 total (33s) play_circle 21% [HÀN play_circle 21% [HÀN
2026-09-06T03:43:20.327Z [0fb90820-31d6-4ce7-a545-a1d736ff1e76][8e8b4eea-e67e-48c2-9a20-218d03b22adb] Generating... 2 ready, 0 failed / 2 total (51s)
2026-09-06T03:43:20.327Z [0fb90820-31d6-4ce7-a545-a1d736ff1e76][8e8b4eea-e67e-48c2-9a20-218d03b22adb] Batch done: 2 ready (target 2), 0 failed, scanned 2.
2026-09-06T03:43:20.327Z [0fb90820-31d6-4ce7-a545-a1d736ff1e76][8e8b4eea-e67e-48c2-9a20-218d03b22adb] 2 item(s) ready! Downloading...
2026-09-06T03:43:20.328Z [0fb90820-31d6-4ce7-a545-a1d736ff1e76][8e8b4eea-e67e-48c2-9a20-218d03b22adb] Item 1: no video source on the tile yet — hovering it to mount one.
2026-09-06T03:43:20.369Z [7601e232-4001-49ad-beba-64c8339c503a][8e8b4eea-e67e-48c2-9a20-218d03b22adb] Generating... 0 ready, 0 failed / 2 total (12s) play_circle 2% [HÀNH play_circle 2% [HÀNH
2026-09-06T03:43:21.561Z [574264bf-3288-4307-a21e-548258e8988b][8e8b4eea-e67e-48c2-9a20-218d03b22adb] Generating... 0 ready, 0 failed / 2 total (36s) play_circle 24% [HÀN play_circle 24% [HÀN
2026-09-06T03:43:21.769Z [0fb90820-31d6-4ce7-a545-a1d736ff1e76][8e8b4eea-e67e-48c2-9a20-218d03b22adb] Item 1: Downloading from URL https://flow-content.google/video/475c7c0f-1e79-422f-a467-84f19afea54c?Expires=1788687788&KeyName=labs-flow-prod-cdn-key&Signature=TxlEVkNCdZ9xOfXbG_C4ER7QmIQ
2026-09-06T03:43:23.351Z [0fb90820-31d6-4ce7-a545-a1d736ff1e76][8e8b4eea-e67e-48c2-9a20-218d03b22adb] Downloaded 1/2: video_2026-09-06T03-43-20_01.mp4
2026-09-06T03:43:23.352Z [0fb90820-31d6-4ce7-a545-a1d736ff1e76][8e8b4eea-e67e-48c2-9a20-218d03b22adb] Item 2: no video source on the tile yet — hovering it to mount one.
2026-09-06T03:43:23.398Z [7601e232-4001-49ad-beba-64c8339c503a][8e8b4eea-e67e-48c2-9a20-218d03b22adb] Generating... 0 ready, 0 failed / 2 total (15s) play_circle 6% [HÀNH play_circle 6% [HÀNH
2026-09-06T03:43:24.586Z [574264bf-3288-4307-a21e-548258e8988b][8e8b4eea-e67e-48c2-9a20-218d03b22adb] Generating... 0 ready, 0 failed / 2 total (39s) play_circle 27% [HÀN play_circle 26% [HÀN
2026-09-06T03:43:25.173Z [0fb90820-31d6-4ce7-a545-a1d736ff1e76][8e8b4eea-e67e-48c2-9a20-218d03b22adb] Item 2: Downloading from URL https://flow-content.google/video/7b192f71-c6be-43e1-ae0a-0e9f69d7ba47?Expires=1788687788&KeyName=labs-flow-prod-cdn-key&Signature=YORK45OcFezrfnINoj5oCwdgkMY
2026-09-06T03:43:26.422Z [7601e232-4001-49ad-beba-64c8339c503a][8e8b4eea-e67e-48c2-9a20-218d03b22adb] Generating... 0 ready, 0 failed / 2 total (18s) play_circle 7% [HÀNH play_circle 8% [HÀNH
2026-09-06T03:43:26.698Z [0fb90820-31d6-4ce7-a545-a1d736ff1e76][8e8b4eea-e67e-48c2-9a20-218d03b22adb] Downloaded 2/2: video_2026-09-06T03-43-20_02.mp4
2026-09-06T03:43:26.699Z [0fb90820-31d6-4ce7-a545-a1d736ff1e76][8e8b4eea-e67e-48c2-9a20-218d03b22adb] ✅ 2 item(s) saved to Downloads/Win AI Toolkit/
2026-09-06T03:43:27.608Z [574264bf-3288-4307-a21e-548258e8988b][8e8b4eea-e67e-48c2-9a20-218d03b22adb] Generating... 0 ready, 0 failed / 2 total (42s) play_circle 100% [HÀ play_circle 100% [HÀ
2026-09-06T03:43:29.446Z [7601e232-4001-49ad-beba-64c8339c503a][8e8b4eea-e67e-48c2-9a20-218d03b22adb] Generating... 0 ready, 0 failed / 2 total (21s) play_circle 11% [HÀN play_circle 11% [HÀN
2026-09-06T03:43:30.626Z [574264bf-3288-4307-a21e-548258e8988b][8e8b4eea-e67e-48c2-9a20-218d03b22adb] Generating... 0 ready, 0 failed / 2 total (45s) [HÀNH ĐỘNG]Nessa nhì [HÀNH ĐỘNG]Nessa nhì
2026-09-06T03:43:32.467Z [7601e232-4001-49ad-beba-64c8339c503a][8e8b4eea-e67e-48c2-9a20-218d03b22adb] Generating... 0 ready, 0 failed / 2 total (24s) play_circle 12% [HÀN play_circle 12% [HÀN
2026-09-06T03:43:33.649Z [574264bf-3288-4307-a21e-548258e8988b][8e8b4eea-e67e-48c2-9a20-218d03b22adb] Generating... 2 ready, 0 failed / 2 total (48s)
2026-09-06T03:43:33.649Z [574264bf-3288-4307-a21e-548258e8988b][8e8b4eea-e67e-48c2-9a20-218d03b22adb] Batch done: 2 ready (target 2), 0 failed, scanned 2.
2026-09-06T03:43:33.649Z [574264bf-3288-4307-a21e-548258e8988b][8e8b4eea-e67e-48c2-9a20-218d03b22adb] 2 item(s) ready! Downloading...
2026-09-06T03:43:33.650Z [574264bf-3288-4307-a21e-548258e8988b][8e8b4eea-e67e-48c2-9a20-218d03b22adb] Item 1: no video source on the tile yet — hovering it to mount one.
2026-09-06T03:43:35.495Z [7601e232-4001-49ad-beba-64c8339c503a][8e8b4eea-e67e-48c2-9a20-218d03b22adb] Generating... 0 ready, 0 failed / 2 total (27s) play_circle 16% [HÀN play_circle 15% [HÀN
2026-09-06T03:43:35.604Z [574264bf-3288-4307-a21e-548258e8988b][8e8b4eea-e67e-48c2-9a20-218d03b22adb] Item 1: Downloading from URL https://flow-content.google/video/390d804a-3860-4f60-a8a9-444ce2f31277?Expires=1788687804&KeyName=labs-flow-prod-cdn-key&Signature=uZUrd6epQTQiAEvMXYUn71Sr66w
2026-09-06T03:43:37.831Z [574264bf-3288-4307-a21e-548258e8988b][8e8b4eea-e67e-48c2-9a20-218d03b22adb] Downloaded 1/2: video_2026-09-06T03-43-33_01.mp4
2026-09-06T03:43:37.832Z [574264bf-3288-4307-a21e-548258e8988b][8e8b4eea-e67e-48c2-9a20-218d03b22adb] Item 2: no video source on the tile yet — hovering it to mount one.
2026-09-06T03:43:38.009Z [629dbf33-c338-46d5-b409-bc02fd3727d4][8e8b4eea-e67e-48c2-9a20-218d03b22adb] Item 1 (try 1): 1080p saved via the UI download flow.
2026-09-06T03:43:38.046Z [629dbf33-c338-46d5-b409-bc02fd3727d4][8e8b4eea-e67e-48c2-9a20-218d03b22adb] Item 1: upgraded to 1080p → D:\WINAI\Slow-English-with-Arlo_11_34_cmto8mrp\video_2026-09-06T03-42-47_01.mp4
2026-09-06T03:43:38.512Z [7601e232-4001-49ad-beba-64c8339c503a][8e8b4eea-e67e-48c2-9a20-218d03b22adb] Generating... 0 ready, 0 failed / 2 total (30s) play_circle 18% [HÀN play_circle 18% [HÀN
2026-09-06T03:43:39.279Z [574264bf-3288-4307-a21e-548258e8988b][8e8b4eea-e67e-48c2-9a20-218d03b22adb] Item 2: Downloading from URL https://flow-content.google/video/80d86726-ead2-4f3e-aebb-fa1430e1f60f?Expires=1788687804&KeyName=labs-flow-prod-cdn-key&Signature=_S6ENFE6gg0XVchOYsdzK51fdOQ
2026-09-06T03:43:41.161Z [574264bf-3288-4307-a21e-548258e8988b][8e8b4eea-e67e-48c2-9a20-218d03b22adb] Downloaded 2/2: video_2026-09-06T03-43-33_02.mp4
2026-09-06T03:43:41.161Z [574264bf-3288-4307-a21e-548258e8988b][8e8b4eea-e67e-48c2-9a20-218d03b22adb] ✅ 2 item(s) saved to Downloads/Win AI Toolkit/
2026-09-06T03:43:41.533Z [7601e232-4001-49ad-beba-64c8339c503a][8e8b4eea-e67e-48c2-9a20-218d03b22adb] Generating... 0 ready, 0 failed / 2 total (33s) play_circle 20% [HÀN play_circle 20% [HÀN
2026-09-06T03:43:44.551Z [7601e232-4001-49ad-beba-64c8339c503a][8e8b4eea-e67e-48c2-9a20-218d03b22adb] Generating... 0 ready, 0 failed / 2 total (36s) play_circle 23% [HÀN play_circle 23% [HÀN
2026-09-06T03:43:47.577Z [7601e232-4001-49ad-beba-64c8339c503a][8e8b4eea-e67e-48c2-9a20-218d03b22adb] Generating... 0 ready, 0 failed / 2 total (39s) play_circle 25% [HÀN play_circle 26% [HÀN
2026-09-06T03:43:50.601Z [7601e232-4001-49ad-beba-64c8339c503a][8e8b4eea-e67e-48c2-9a20-218d03b22adb] Generating... 0 ready, 0 failed / 2 total (42s) play_circle 100% [HÀ play_circle 100% [HÀ
2026-09-06T03:43:53.623Z [7601e232-4001-49ad-beba-64c8339c503a][8e8b4eea-e67e-48c2-9a20-218d03b22adb] Generating... 0 ready, 0 failed / 2 total (45s) [HÀNH ĐỘNG]Arlo và N play_circle 100% [HÀ
2026-09-06T03:43:56.652Z [7601e232-4001-49ad-beba-64c8339c503a][8e8b4eea-e67e-48c2-9a20-218d03b22adb] Generating... 2 ready, 0 failed / 2 total (48s)
2026-09-06T03:43:56.653Z [7601e232-4001-49ad-beba-64c8339c503a][8e8b4eea-e67e-48c2-9a20-218d03b22adb] Batch done: 2 ready (target 2), 0 failed, scanned 2.
2026-09-06T03:43:56.653Z [7601e232-4001-49ad-beba-64c8339c503a][8e8b4eea-e67e-48c2-9a20-218d03b22adb] 2 item(s) ready! Downloading...
2026-09-06T03:43:56.654Z [7601e232-4001-49ad-beba-64c8339c503a][8e8b4eea-e67e-48c2-9a20-218d03b22adb] Item 1: no video source on the tile yet — hovering it to mount one.
2026-09-06T03:43:58.762Z [7601e232-4001-49ad-beba-64c8339c503a][8e8b4eea-e67e-48c2-9a20-218d03b22adb] Item 1: Downloading from URL https://flow-content.google/video/5d45b01f-f118-4fd3-80f4-80467115abc1?Expires=1788687827&KeyName=labs-flow-prod-cdn-key&Signature=TxeOlbrq5S-_b7XrOp0cxMCVbTg
2026-09-06T03:44:00.660Z [7601e232-4001-49ad-beba-64c8339c503a][8e8b4eea-e67e-48c2-9a20-218d03b22adb] Downloaded 1/2: video_2026-09-06T03-43-56_01.mp4
2026-09-06T03:44:00.662Z [7601e232-4001-49ad-beba-64c8339c503a][8e8b4eea-e67e-48c2-9a20-218d03b22adb] Item 2: no video source on the tile yet — hovering it to mount one.
2026-09-06T03:44:02.432Z [7601e232-4001-49ad-beba-64c8339c503a][8e8b4eea-e67e-48c2-9a20-218d03b22adb] Item 2: Downloading from URL https://flow-content.google/video/1bfc8342-6c86-48e4-a1f7-e92438c6abd5?Expires=1788687827&KeyName=labs-flow-prod-cdn-key&Signature=_AJkRY2Snhzkb2rT4tRsKLMuzC0
2026-09-06T03:44:03.565Z [7601e232-4001-49ad-beba-64c8339c503a][8e8b4eea-e67e-48c2-9a20-218d03b22adb] Downloaded 2/2: video_2026-09-06T03-43-56_02.mp4
2026-09-06T03:44:03.566Z [7601e232-4001-49ad-beba-64c8339c503a][8e8b4eea-e67e-48c2-9a20-218d03b22adb] ✅ 2 item(s) saved to Downloads/Win AI Toolkit/
2026-09-06T03:44:11.282Z [0fb90820-31d6-4ce7-a545-a1d736ff1e76][8e8b4eea-e67e-48c2-9a20-218d03b22adb] Item 1 (try 1): 1080p saved via the UI download flow.
2026-09-06T03:44:11.315Z [0fb90820-31d6-4ce7-a545-a1d736ff1e76][8e8b4eea-e67e-48c2-9a20-218d03b22adb] Item 1: upgraded to 1080p → D:\WINAI\Slow-English-with-Arlo_11_35_cmto8mrp\video_2026-09-06T03-43-20_01.mp4
2026-09-06T03:44:21.970Z [629dbf33-c338-46d5-b409-bc02fd3727d4][8e8b4eea-e67e-48c2-9a20-218d03b22adb] Item 2 (try 1): 1080p saved via the UI download flow.
2026-09-06T03:44:22.028Z [629dbf33-c338-46d5-b409-bc02fd3727d4][8e8b4eea-e67e-48c2-9a20-218d03b22adb] Item 2: upgraded to 1080p → D:\WINAI\Slow-English-with-Arlo_11_34_cmto8mrp\video_2026-09-06T03-42-47_02.mp4
2026-09-06T03:44:22.028Z [629dbf33-c338-46d5-b409-bc02fd3727d4][8e8b4eea-e67e-48c2-9a20-218d03b22adb] Uploading 2 video(s) to Xanh...
2026-09-06T03:44:22.911Z [629dbf33-c338-46d5-b409-bc02fd3727d4][8e8b4eea-e67e-48c2-9a20-218d03b22adb] Item 1: Re-uploaded 1080p → https://studio.xanhmedia.vn/uploads/2026-09/1788666261812_4703eb_8e8b4eea-e67e-48c2-9a20-218d03b22adb_629.mp4
2026-09-06T03:44:26.335Z [629dbf33-c338-46d5-b409-bc02fd3727d4][8e8b4eea-e67e-48c2-9a20-218d03b22adb] Item 2: Re-uploaded 1080p → https://studio.xanhmedia.vn/uploads/2026-09/1788666265242_d86c57_8e8b4eea-e67e-48c2-9a20-218d03b22adb_629.mp4
2026-09-06T03:44:26.335Z [629dbf33-c338-46d5-b409-bc02fd3727d4][8e8b4eea-e67e-48c2-9a20-218d03b22adb] ✅ 2 item(s) + 1080p saved to Downloads/Win AI Toolkit/
2026-09-06T03:44:26.339Z [629dbf33-c338-46d5-b409-bc02fd3727d4][8e8b4eea-e67e-48c2-9a20-218d03b22adb] All done (including any 1080p upgrades). Closing Playwright browser context.
2026-09-06T03:44:27.780Z [8e73a435-73b7-42b5-b48c-6f287acda54b][8e8b4eea-e67e-48c2-9a20-218d03b22adb] runGeneration starting: task_id=8e73a435-73b7-42b5-b48c-6f287acda54b, profile_id=8e8b4eea-e67e-48c2-9a20-218d03b22adb, target_site=google_flow
2026-09-06T03:44:27.781Z [8e73a435-73b7-42b5-b48c-6f287acda54b][8e8b4eea-e67e-48c2-9a20-218d03b22adb] Opening Playwright browser with persistent profile cookies...
2026-09-06T03:44:27.782Z [8e73a435-73b7-42b5-b48c-6f287acda54b][8e8b4eea-e67e-48c2-9a20-218d03b22adb] Browser engine: winhide (C:\Users\Admin\AppData\Roaming\com.tank.winai\winhide\chrome.exe) [hidden off-screen]
2026-09-06T03:44:27.782Z [8e73a435-73b7-42b5-b48c-6f287acda54b][8e8b4eea-e67e-48c2-9a20-218d03b22adb] Launch mode: STEALTH (raw spawn + connectOverCDP)
2026-09-06T03:44:29.664Z [8e73a435-73b7-42b5-b48c-6f287acda54b][8e8b4eea-e67e-48c2-9a20-218d03b22adb] Exit IP: 115.74.128.9
2026-09-06T03:44:29.664Z [8e73a435-73b7-42b5-b48c-6f287acda54b][8e8b4eea-e67e-48c2-9a20-218d03b22adb] Navigating browser to Google Flow tools page...
2026-09-06T03:44:29.665Z [8e73a435-73b7-42b5-b48c-6f287acda54b][8e8b4eea-e67e-48c2-9a20-218d03b22adb] Using existing project URL: https://flow.google.com/project/643b808f-7d88-45ee-a818-35d5f8e84fec?hl=en
2026-09-06T03:44:30.551Z [8e73a435-73b7-42b5-b48c-6f287acda54b][8e8b4eea-e67e-48c2-9a20-218d03b22adb] Waiting for Google Flow...
2026-09-06T03:44:32.177Z [8e73a435-73b7-42b5-b48c-6f287acda54b][8e8b4eea-e67e-48c2-9a20-218d03b22adb] In existing project ✓
2026-09-06T03:44:33.391Z [8e73a435-73b7-42b5-b48c-6f287acda54b][8e8b4eea-e67e-48c2-9a20-218d03b22adb] dismissPopups: unresolved overlay(s) ["IFRAME[presentation]|btns="]
2026-09-06T03:44:35.217Z [8e73a435-73b7-42b5-b48c-6f287acda54b][8e8b4eea-e67e-48c2-9a20-218d03b22adb] Composer ready ✓ (UI language: en)
2026-09-06T03:44:35.265Z [8e73a435-73b7-42b5-b48c-6f287acda54b][8e8b4eea-e67e-48c2-9a20-218d03b22adb] dismissPopups: unresolved overlay(s) ["DIV[]|btns=","DIV[]|btns="]
2026-09-06T03:44:35.332Z [8e73a435-73b7-42b5-b48c-6f287acda54b][8e8b4eea-e67e-48c2-9a20-218d03b22adb] Agent toggle aria-pressed=false
2026-09-06T03:44:35.332Z [8e73a435-73b7-42b5-b48c-6f287acda54b][8e8b4eea-e67e-48c2-9a20-218d03b22adb] Opening settings...
2026-09-06T03:44:37.155Z [8e73a435-73b7-42b5-b48c-6f287acda54b][8e8b4eea-e67e-48c2-9a20-218d03b22adb] Configuring video settings...
2026-09-06T03:44:37.185Z [8e73a435-73b7-42b5-b48c-6f287acda54b][8e8b4eea-e67e-48c2-9a20-218d03b22adb] Mode: "videocam Video" already selected ✓
2026-09-06T03:44:37.548Z [574264bf-3288-4307-a21e-548258e8988b][8e8b4eea-e67e-48c2-9a20-218d03b22adb] Item 1 (try 1): 1080p saved via the UI download flow.
2026-09-06T03:44:37.654Z [574264bf-3288-4307-a21e-548258e8988b][8e8b4eea-e67e-48c2-9a20-218d03b22adb] Item 1: upgraded to 1080p → D:\WINAI\Slow-English-with-Arlo_11_36_cmto8mrp\video_2026-09-06T03-43-33_01.mp4
2026-09-06T03:44:40.040Z [8e73a435-73b7-42b5-b48c-6f287acda54b][8e8b4eea-e67e-48c2-9a20-218d03b22adb] Video type: selected "crop_free Frames" ✓
2026-09-06T03:44:40.776Z [8e73a435-73b7-42b5-b48c-6f287acda54b][8e8b4eea-e67e-48c2-9a20-218d03b22adb] Model "Omni 1.1 Flash" already selected ✓ (chip reads "Omni 1.1 Flash")
2026-09-06T03:44:41.542Z [8e73a435-73b7-42b5-b48c-6f287acda54b][8e8b4eea-e67e-48c2-9a20-218d03b22adb] Aspect ratio: "crop_16_9 16:9" already selected ✓
2026-09-06T03:44:41.567Z [8e73a435-73b7-42b5-b48c-6f287acda54b][8e8b4eea-e67e-48c2-9a20-218d03b22adb] Video resolution: "720p" already selected ✓
2026-09-06T03:44:41.606Z [8e73a435-73b7-42b5-b48c-6f287acda54b][8e8b4eea-e67e-48c2-9a20-218d03b22adb] Duration: "8s" already selected ✓
2026-09-06T03:44:41.629Z [8e73a435-73b7-42b5-b48c-6f287acda54b][8e8b4eea-e67e-48c2-9a20-218d03b22adb] Output count: "x2" already selected ✓
2026-09-06T03:44:42.656Z [8e73a435-73b7-42b5-b48c-6f287acda54b][8e8b4eea-e67e-48c2-9a20-218d03b22adb] Start keyframe: downloading from URL...
2026-09-06T03:44:42.896Z [8e73a435-73b7-42b5-b48c-6f287acda54b][8e8b4eea-e67e-48c2-9a20-218d03b22adb] Downloader: no-proxy request context ready.
2026-09-06T03:44:43.265Z [8e73a435-73b7-42b5-b48c-6f287acda54b][8e8b4eea-e67e-48c2-9a20-218d03b22adb] Start keyframe: saved 864359 bytes (image/jpeg) as "1788621114743_3d9168_fdfbd39c-aa59-4b23-a3ac-5f2ddfb5b1b8_ec5.jpg"
2026-09-06T03:44:43.301Z [8e73a435-73b7-42b5-b48c-6f287acda54b][8e8b4eea-e67e-48c2-9a20-218d03b22adb] Start keyframe: setting start keyframe...
2026-09-06T03:44:45.358Z [8e73a435-73b7-42b5-b48c-6f287acda54b][8e8b4eea-e67e-48c2-9a20-218d03b22adb] Start keyframe: "1788621114743_3d9168_fdfbd39c-aa59-4b23-a3ac-5f2ddfb5b1b8_ec5.jpg" not in the library yet — uploading it first.
2026-09-06T03:44:49.072Z [8e73a435-73b7-42b5-b48c-6f287acda54b][8e8b4eea-e67e-48c2-9a20-218d03b22adb] Start keyframe: uploading "1788621114743_3d9168_fdfbd39c-aa59-4b23-a3ac-5f2ddfb5b1b8_ec5.jpg" to the project library...
2026-09-06T03:44:50.165Z [8e73a435-73b7-42b5-b48c-6f287acda54b][8e8b4eea-e67e-48c2-9a20-218d03b22adb] Start keyframe: upload finished ✓
2026-09-06T03:44:56.526Z [0fb90820-31d6-4ce7-a545-a1d736ff1e76][8e8b4eea-e67e-48c2-9a20-218d03b22adb] Item 2 (try 1): 1080p saved via the UI download flow.
2026-09-06T03:44:56.591Z [0fb90820-31d6-4ce7-a545-a1d736ff1e76][8e8b4eea-e67e-48c2-9a20-218d03b22adb] Item 2: upgraded to 1080p → D:\WINAI\Slow-English-with-Arlo_11_35_cmto8mrp\video_2026-09-06T03-43-20_02.mp4
2026-09-06T03:44:56.591Z [0fb90820-31d6-4ce7-a545-a1d736ff1e76][8e8b4eea-e67e-48c2-9a20-218d03b22adb] Uploading 2 video(s) to Xanh...
2026-09-06T03:44:57.298Z [0fb90820-31d6-4ce7-a545-a1d736ff1e76][8e8b4eea-e67e-48c2-9a20-218d03b22adb] Item 1: Re-uploaded 1080p → https://studio.xanhmedia.vn/uploads/2026-09/1788666296214_52e0e0_8e8b4eea-e67e-48c2-9a20-218d03b22adb_0fb.mp4
2026-09-06T03:44:58.480Z [0fb90820-31d6-4ce7-a545-a1d736ff1e76][8e8b4eea-e67e-48c2-9a20-218d03b22adb] Item 2: Re-uploaded 1080p → https://studio.xanhmedia.vn/uploads/2026-09/1788666297387_8c808e_8e8b4eea-e67e-48c2-9a20-218d03b22adb_0fb.mp4
2026-09-06T03:44:58.481Z [0fb90820-31d6-4ce7-a545-a1d736ff1e76][8e8b4eea-e67e-48c2-9a20-218d03b22adb] ✅ 2 item(s) + 1080p saved to Downloads/Win AI Toolkit/
2026-09-06T03:44:58.482Z [0fb90820-31d6-4ce7-a545-a1d736ff1e76][8e8b4eea-e67e-48c2-9a20-218d03b22adb] All done (including any 1080p upgrades). Closing Playwright browser context.
2026-09-06T03:44:59.427Z [8f5dcc72-4fed-492f-a3d7-383082b36842][8e8b4eea-e67e-48c2-9a20-218d03b22adb] runGeneration starting: task_id=8f5dcc72-4fed-492f-a3d7-383082b36842, profile_id=8e8b4eea-e67e-48c2-9a20-218d03b22adb, target_site=google_flow
2026-09-06T03:44:59.429Z [8f5dcc72-4fed-492f-a3d7-383082b36842][8e8b4eea-e67e-48c2-9a20-218d03b22adb] Opening Playwright browser with persistent profile cookies...
2026-09-06T03:44:59.429Z [8f5dcc72-4fed-492f-a3d7-383082b36842][8e8b4eea-e67e-48c2-9a20-218d03b22adb] Browser engine: winhide (C:\Users\Admin\AppData\Roaming\com.tank.winai\winhide\chrome.exe) [hidden off-screen]
2026-09-06T03:44:59.430Z [8f5dcc72-4fed-492f-a3d7-383082b36842][8e8b4eea-e67e-48c2-9a20-218d03b22adb] Launch mode: STEALTH (raw spawn + connectOverCDP)
2026-09-06T03:45:00.155Z [7601e232-4001-49ad-beba-64c8339c503a][8e8b4eea-e67e-48c2-9a20-218d03b22adb] Item 1 (try 1): 1080p saved via the UI download flow.
2026-09-06T03:45:00.209Z [7601e232-4001-49ad-beba-64c8339c503a][8e8b4eea-e67e-48c2-9a20-218d03b22adb] Item 1: upgraded to 1080p → D:\WINAI\Slow-English-with-Arlo_11_37_cmto8mrp\video_2026-09-06T03-43-56_01.mp4
2026-09-06T03:45:00.551Z [8e73a435-73b7-42b5-b48c-6f287acda54b][8e8b4eea-e67e-48c2-9a20-218d03b22adb] Start keyframe: start keyframe attached ✓
2026-09-06T03:45:00.613Z [8e73a435-73b7-42b5-b48c-6f287acda54b][8e8b4eea-e67e-48c2-9a20-218d03b22adb] Entering prompt...
2026-09-06T03:45:01.465Z [8f5dcc72-4fed-492f-a3d7-383082b36842][8e8b4eea-e67e-48c2-9a20-218d03b22adb] Exit IP: 115.74.128.9
2026-09-06T03:45:01.465Z [8f5dcc72-4fed-492f-a3d7-383082b36842][8e8b4eea-e67e-48c2-9a20-218d03b22adb] Navigating browser to Google Flow tools page...
2026-09-06T03:45:01.465Z [8f5dcc72-4fed-492f-a3d7-383082b36842][8e8b4eea-e67e-48c2-9a20-218d03b22adb] Using existing project URL: https://flow.google.com/project/d7006cc3-f9c4-4856-98f4-89ac31f96398?hl=en
2026-09-06T03:45:02.317Z [8f5dcc72-4fed-492f-a3d7-383082b36842][8e8b4eea-e67e-48c2-9a20-218d03b22adb] Waiting for Google Flow...
2026-09-06T03:45:02.595Z [8e73a435-73b7-42b5-b48c-6f287acda54b][8e8b4eea-e67e-48c2-9a20-218d03b22adb] Prompt is 1472 chars — typing it in 27 chunk(s).
2026-09-06T03:45:03.921Z [8f5dcc72-4fed-492f-a3d7-383082b36842][8e8b4eea-e67e-48c2-9a20-218d03b22adb] In existing project ✓
2026-09-06T03:45:05.118Z [8f5dcc72-4fed-492f-a3d7-383082b36842][8e8b4eea-e67e-48c2-9a20-218d03b22adb] dismissPopups: unresolved overlay(s) ["IFRAME[presentation]|btns="]
2026-09-06T03:45:07.141Z [8f5dcc72-4fed-492f-a3d7-383082b36842][8e8b4eea-e67e-48c2-9a20-218d03b22adb] Composer ready ✓ (UI language: en)
2026-09-06T03:45:07.164Z [8f5dcc72-4fed-492f-a3d7-383082b36842][8e8b4eea-e67e-48c2-9a20-218d03b22adb] dismissPopups: unresolved overlay(s) ["DIV[]|btns=","DIV[]|btns="]
2026-09-06T03:45:07.191Z [8f5dcc72-4fed-492f-a3d7-383082b36842][8e8b4eea-e67e-48c2-9a20-218d03b22adb] Agent toggle aria-pressed=false
2026-09-06T03:45:07.192Z [8f5dcc72-4fed-492f-a3d7-383082b36842][8e8b4eea-e67e-48c2-9a20-218d03b22adb] Opening settings...
2026-09-06T03:45:08.972Z [8f5dcc72-4fed-492f-a3d7-383082b36842][8e8b4eea-e67e-48c2-9a20-218d03b22adb] Configuring video settings...
2026-09-06T03:45:09.001Z [8f5dcc72-4fed-492f-a3d7-383082b36842][8e8b4eea-e67e-48c2-9a20-218d03b22adb] Mode: "videocam Video" already selected ✓
2026-09-06T03:45:11.414Z [8f5dcc72-4fed-492f-a3d7-383082b36842][8e8b4eea-e67e-48c2-9a20-218d03b22adb] Video type: selected "crop_free Frames" ✓
2026-09-06T03:45:12.272Z [8f5dcc72-4fed-492f-a3d7-383082b36842][8e8b4eea-e67e-48c2-9a20-218d03b22adb] Model "Omni 1.1 Flash" already selected ✓ (chip reads "Omni 1.1 Flash")
2026-09-06T03:45:13.024Z [8f5dcc72-4fed-492f-a3d7-383082b36842][8e8b4eea-e67e-48c2-9a20-218d03b22adb] Aspect ratio: "crop_16_9 16:9" already selected ✓
2026-09-06T03:45:13.099Z [8f5dcc72-4fed-492f-a3d7-383082b36842][8e8b4eea-e67e-48c2-9a20-218d03b22adb] Video resolution: "720p" already selected ✓
2026-09-06T03:45:13.139Z [8f5dcc72-4fed-492f-a3d7-383082b36842][8e8b4eea-e67e-48c2-9a20-218d03b22adb] Duration: "8s" already selected ✓
2026-09-06T03:45:13.163Z [8f5dcc72-4fed-492f-a3d7-383082b36842][8e8b4eea-e67e-48c2-9a20-218d03b22adb] Output count: "x2" already selected ✓
2026-09-06T03:45:14.349Z [8f5dcc72-4fed-492f-a3d7-383082b36842][8e8b4eea-e67e-48c2-9a20-218d03b22adb] Start keyframe: downloading from URL...
2026-09-06T03:45:14.462Z [8e73a435-73b7-42b5-b48c-6f287acda54b][8e8b4eea-e67e-48c2-9a20-218d03b22adb] Prompt insert attempt 1: editor has 1457 chars (want ~1468) ✓
2026-09-06T03:45:14.574Z [8f5dcc72-4fed-492f-a3d7-383082b36842][8e8b4eea-e67e-48c2-9a20-218d03b22adb] Downloader: no-proxy request context ready.
2026-09-06T03:45:15.000Z [8f5dcc72-4fed-492f-a3d7-383082b36842][8e8b4eea-e67e-48c2-9a20-218d03b22adb] Start keyframe: saved 840018 bytes (image/jpeg) as "1788621290979_fc086d_fdfbd39c-aa59-4b23-a3ac-5f2ddfb5b1b8_6db.jpg"
2026-09-06T03:45:15.031Z [8f5dcc72-4fed-492f-a3d7-383082b36842][8e8b4eea-e67e-48c2-9a20-218d03b22adb] Start keyframe: setting start keyframe...
2026-09-06T03:45:16.442Z [8e73a435-73b7-42b5-b48c-6f287acda54b][8e8b4eea-e67e-48c2-9a20-218d03b22adb] Baseline: 50 pre-existing media tile(s) of 50 mounted (kinds: image,video,video,image,video,video,video,video,video,video,video,video,video,video,image,video,video,image,video,video,image,video,video,video,video,image,video,video,image,video,video,image,video,video,image,video,video,image,video,video,image,video,video,image,video,video,image,video,video,image).
2026-09-06T03:45:17.317Z [8f5dcc72-4fed-492f-a3d7-383082b36842][8e8b4eea-e67e-48c2-9a20-218d03b22adb] Start keyframe: "1788621290979_fc086d_fdfbd39c-aa59-4b23-a3ac-5f2ddfb5b1b8_6db.jpg" not in the library yet — uploading it first.
2026-09-06T03:45:18.559Z [8e73a435-73b7-42b5-b48c-6f287acda54b][8e8b4eea-e67e-48c2-9a20-218d03b22adb] [submit] confirmed (editor "What do you want to ", fresh tile=true).
2026-09-06T03:45:19.257Z [8e73a435-73b7-42b5-b48c-6f287acda54b][8e8b4eea-e67e-48c2-9a20-218d03b22adb] Current Workspace project URL: https://flow.google.com/project/643b808f-7d88-45ee-a818-35d5f8e84fec?hl=en
2026-09-06T03:45:19.257Z [8e73a435-73b7-42b5-b48c-6f287acda54b][8e8b4eea-e67e-48c2-9a20-218d03b22adb] Submitted ✓ Detecting batch size...
2026-09-06T03:45:19.270Z [8e73a435-73b7-42b5-b48c-6f287acda54b][8e8b4eea-e67e-48c2-9a20-218d03b22adb] New tile(s) since submit: 0 → 2 (mounted=50)
2026-09-06T03:45:21.299Z [8f5dcc72-4fed-492f-a3d7-383082b36842][8e8b4eea-e67e-48c2-9a20-218d03b22adb] Start keyframe: uploading "1788621290979_fc086d_fdfbd39c-aa59-4b23-a3ac-5f2ddfb5b1b8_6db.jpg" to the project library...
2026-09-06T03:45:22.700Z [8f5dcc72-4fed-492f-a3d7-383082b36842][8e8b4eea-e67e-48c2-9a20-218d03b22adb] Start keyframe: upload finished ✓
2026-09-06T03:45:23.475Z [8e73a435-73b7-42b5-b48c-6f287acda54b][8e8b4eea-e67e-48c2-9a20-218d03b22adb] Batch size stabilised at 2 new tile(s)
2026-09-06T03:45:23.476Z [8e73a435-73b7-42b5-b48c-6f287acda54b][8e8b4eea-e67e-48c2-9a20-218d03b22adb] Batch detected: 2 item(s). Generating...
2026-09-06T03:45:23.476Z [8e73a435-73b7-42b5-b48c-6f287acda54b][8e8b4eea-e67e-48c2-9a20-218d03b22adb] Polling for 2 video item(s) (baseline=50, hasUpload=true)...
2026-09-06T03:45:23.490Z [8e73a435-73b7-42b5-b48c-6f287acda54b][8e8b4eea-e67e-48c2-9a20-218d03b22adb] Generating... 0 ready, 0 failed / 2 total (0s) play_circle [HÀNH ĐỘ play_circle [HÀNH ĐỘ
2026-09-06T03:45:26.518Z [8e73a435-73b7-42b5-b48c-6f287acda54b][8e8b4eea-e67e-48c2-9a20-218d03b22adb] Generating... 0 ready, 0 failed / 2 total (3s) play_circle [HÀNH ĐỘ play_circle [HÀNH ĐỘ
2026-09-06T03:45:26.741Z [574264bf-3288-4307-a21e-548258e8988b][8e8b4eea-e67e-48c2-9a20-218d03b22adb] Item 2 (try 1): 1080p saved via the UI download flow.
2026-09-06T03:45:26.796Z [574264bf-3288-4307-a21e-548258e8988b][8e8b4eea-e67e-48c2-9a20-218d03b22adb] Item 2: upgraded to 1080p → D:\WINAI\Slow-English-with-Arlo_11_36_cmto8mrp\video_2026-09-06T03-43-33_02.mp4
2026-09-06T03:45:26.797Z [574264bf-3288-4307-a21e-548258e8988b][8e8b4eea-e67e-48c2-9a20-218d03b22adb] Uploading 2 video(s) to Xanh...
2026-09-06T03:45:27.540Z [574264bf-3288-4307-a21e-548258e8988b][8e8b4eea-e67e-48c2-9a20-218d03b22adb] Item 1: Re-uploaded 1080p → https://studio.xanhmedia.vn/uploads/2026-09/1788666326453_9189f4_8e8b4eea-e67e-48c2-9a20-218d03b22adb_574.mp4
2026-09-06T03:45:27.727Z [574264bf-3288-4307-a21e-548258e8988b][8e8b4eea-e67e-48c2-9a20-218d03b22adb] Item 2: Re-uploaded 1080p → https://studio.xanhmedia.vn/uploads/2026-09/1788666326623_d0d5a7_8e8b4eea-e67e-48c2-9a20-218d03b22adb_574.mp4
2026-09-06T03:45:27.727Z [574264bf-3288-4307-a21e-548258e8988b][8e8b4eea-e67e-48c2-9a20-218d03b22adb] ✅ 2 item(s) + 1080p saved to Downloads/Win AI Toolkit/
2026-09-06T03:45:27.729Z [574264bf-3288-4307-a21e-548258e8988b][8e8b4eea-e67e-48c2-9a20-218d03b22adb] All done (including any 1080p upgrades). Closing Playwright browser context.
2026-09-06T03:45:28.280Z [1d04f3f5-49bb-4c33-987c-200abf786496][8e8b4eea-e67e-48c2-9a20-218d03b22adb] runGeneration starting: task_id=1d04f3f5-49bb-4c33-987c-200abf786496, profile_id=8e8b4eea-e67e-48c2-9a20-218d03b22adb, target_site=google_flow
2026-09-06T03:45:28.281Z [1d04f3f5-49bb-4c33-987c-200abf786496][8e8b4eea-e67e-48c2-9a20-218d03b22adb] Opening Playwright browser with persistent profile cookies...
2026-09-06T03:45:28.281Z [1d04f3f5-49bb-4c33-987c-200abf786496][8e8b4eea-e67e-48c2-9a20-218d03b22adb] Browser engine: winhide (C:\Users\Admin\AppData\Roaming\com.tank.winai\winhide\chrome.exe) [hidden off-screen]
2026-09-06T03:45:28.282Z [1d04f3f5-49bb-4c33-987c-200abf786496][8e8b4eea-e67e-48c2-9a20-218d03b22adb] Launch mode: STEALTH (raw spawn + connectOverCDP)
2026-09-06T03:45:29.573Z [8e73a435-73b7-42b5-b48c-6f287acda54b][8e8b4eea-e67e-48c2-9a20-218d03b22adb] Generating... 0 ready, 0 failed / 2 total (6s) play_circle [HÀNH ĐỘ play_circle [HÀNH ĐỘ
2026-09-06T03:45:30.113Z [1d04f3f5-49bb-4c33-987c-200abf786496][8e8b4eea-e67e-48c2-9a20-218d03b22adb] Exit IP: 115.74.128.9
2026-09-06T03:45:30.113Z [1d04f3f5-49bb-4c33-987c-200abf786496][8e8b4eea-e67e-48c2-9a20-218d03b22adb] Navigating browser to Google Flow tools page...
2026-09-06T03:45:30.114Z [1d04f3f5-49bb-4c33-987c-200abf786496][8e8b4eea-e67e-48c2-9a20-218d03b22adb] Using existing project URL: https://flow.google.com/project/52188b41-ba09-4240-a569-98bde902989b?hl=en
2026-09-06T03:45:30.974Z [1d04f3f5-49bb-4c33-987c-200abf786496][8e8b4eea-e67e-48c2-9a20-218d03b22adb] Waiting for Google Flow...
2026-09-06T03:45:31.597Z [8f5dcc72-4fed-492f-a3d7-383082b36842][8e8b4eea-e67e-48c2-9a20-218d03b22adb] Start keyframe: start keyframe attached ✓
2026-09-06T03:45:31.618Z [8f5dcc72-4fed-492f-a3d7-383082b36842][8e8b4eea-e67e-48c2-9a20-218d03b22adb] Entering prompt...
2026-09-06T03:45:32.616Z [8e73a435-73b7-42b5-b48c-6f287acda54b][8e8b4eea-e67e-48c2-9a20-218d03b22adb] Generating... 0 ready, 0 failed / 2 total (9s) play_circle 0% [HÀNH play_circle 0% [HÀNH
2026-09-06T03:45:33.225Z [1d04f3f5-49bb-4c33-987c-200abf786496][8e8b4eea-e67e-48c2-9a20-218d03b22adb] In existing project ✓
2026-09-06T03:45:33.437Z [8f5dcc72-4fed-492f-a3d7-383082b36842][8e8b4eea-e67e-48c2-9a20-218d03b22adb] Prompt is 1356 chars — typing it in 24 chunk(s).
2026-09-06T03:45:35.374Z [1d04f3f5-49bb-4c33-987c-200abf786496][8e8b4eea-e67e-48c2-9a20-218d03b22adb] dismissPopups: unresolved overlay(s) ["DIV[]|btns=","DIV[]|btns="]
2026-09-06T03:45:35.490Z [1d04f3f5-49bb-4c33-987c-200abf786496][8e8b4eea-e67e-48c2-9a20-218d03b22adb] Composer ready ✓ (UI language: en)
2026-09-06T03:45:35.506Z [1d04f3f5-49bb-4c33-987c-200abf786496][8e8b4eea-e67e-48c2-9a20-218d03b22adb] dismissPopups: unresolved overlay(s) ["DIV[]|btns=","DIV[]|btns="]
2026-09-06T03:45:35.527Z [1d04f3f5-49bb-4c33-987c-200abf786496][8e8b4eea-e67e-48c2-9a20-218d03b22adb] Agent toggle aria-pressed=false
2026-09-06T03:45:35.527Z [1d04f3f5-49bb-4c33-987c-200abf786496][8e8b4eea-e67e-48c2-9a20-218d03b22adb] Opening settings...
2026-09-06T03:45:35.649Z [8e73a435-73b7-42b5-b48c-6f287acda54b][8e8b4eea-e67e-48c2-9a20-218d03b22adb] Generating... 0 ready, 0 failed / 2 total (12s) play_circle 2% [HÀNH play_circle 2% [HÀNH
2026-09-06T03:45:37.368Z [1d04f3f5-49bb-4c33-987c-200abf786496][8e8b4eea-e67e-48c2-9a20-218d03b22adb] Configuring video settings...
2026-09-06T03:45:37.396Z [1d04f3f5-49bb-4c33-987c-200abf786496][8e8b4eea-e67e-48c2-9a20-218d03b22adb] Mode: "videocam Video" already selected ✓
2026-09-06T03:45:38.680Z [8e73a435-73b7-42b5-b48c-6f287acda54b][8e8b4eea-e67e-48c2-9a20-218d03b22adb] Generating... 0 ready, 0 failed / 2 total (15s) play_circle 6% [HÀNH play_circle 6% [HÀNH
2026-09-06T03:45:40.076Z [1d04f3f5-49bb-4c33-987c-200abf786496][8e8b4eea-e67e-48c2-9a20-218d03b22adb] Video type: selected "crop_free Frames" ✓
2026-09-06T03:45:40.813Z [1d04f3f5-49bb-4c33-987c-200abf786496][8e8b4eea-e67e-48c2-9a20-218d03b22adb] Model "Omni 1.1 Flash" already selected ✓ (chip reads "Omni 1.1 Flash")
2026-09-06T03:45:41.555Z [1d04f3f5-49bb-4c33-987c-200abf786496][8e8b4eea-e67e-48c2-9a20-218d03b22adb] Aspect ratio: "crop_16_9 16:9" already selected ✓
2026-09-06T03:45:41.575Z [1d04f3f5-49bb-4c33-987c-200abf786496][8e8b4eea-e67e-48c2-9a20-218d03b22adb] Video resolution: "720p" already selected ✓
2026-09-06T03:45:41.609Z [1d04f3f5-49bb-4c33-987c-200abf786496][8e8b4eea-e67e-48c2-9a20-218d03b22adb] Duration: "8s" already selected ✓
2026-09-06T03:45:41.631Z [1d04f3f5-49bb-4c33-987c-200abf786496][8e8b4eea-e67e-48c2-9a20-218d03b22adb] Output count: "x2" already selected ✓
2026-09-06T03:45:41.708Z [8e73a435-73b7-42b5-b48c-6f287acda54b][8e8b4eea-e67e-48c2-9a20-218d03b22adb] Generating... 0 ready, 0 failed / 2 total (18s) play_circle 7% [HÀNH play_circle 7% [HÀNH
2026-09-06T03:45:42.822Z [1d04f3f5-49bb-4c33-987c-200abf786496][8e8b4eea-e67e-48c2-9a20-218d03b22adb] Start keyframe: downloading from URL...
2026-09-06T03:45:43.054Z [1d04f3f5-49bb-4c33-987c-200abf786496][8e8b4eea-e67e-48c2-9a20-218d03b22adb] Downloader: no-proxy request context ready.
2026-09-06T03:45:43.477Z [1d04f3f5-49bb-4c33-987c-200abf786496][8e8b4eea-e67e-48c2-9a20-218d03b22adb] Start keyframe: saved 740284 bytes (image/jpeg) as "1788611485425_4c1413_fdfbd39c-aa59-4b23-a3ac-5f2ddfb5b1b8_b96.jpg"
2026-09-06T03:45:43.505Z [1d04f3f5-49bb-4c33-987c-200abf786496][8e8b4eea-e67e-48c2-9a20-218d03b22adb] Start keyframe: setting start keyframe...
2026-09-06T03:45:43.904Z [8f5dcc72-4fed-492f-a3d7-383082b36842][8e8b4eea-e67e-48c2-9a20-218d03b22adb] Prompt insert attempt 1: editor has 1343 chars (want ~1352) ✓
2026-09-06T03:45:44.736Z [8e73a435-73b7-42b5-b48c-6f287acda54b][8e8b4eea-e67e-48c2-9a20-218d03b22adb] Generating... 0 ready, 0 failed / 2 total (21s) play_circle 10% [HÀN play_circle 10% [HÀN
2026-09-06T03:45:45.625Z [8f5dcc72-4fed-492f-a3d7-383082b36842][8e8b4eea-e67e-48c2-9a20-218d03b22adb] Baseline: 50 pre-existing media tile(s) of 50 mounted (kinds: image,video,video,image,video,video,video,image,video,video,image,video,video,image,video,video,image,video,video,image,video,video,image,video,video,video,video,video,video,image,video,video,image,video,video,image,video,video,image,video,video,image,video,video,image,video,video,image,video,image).
2026-09-06T03:45:45.806Z [1d04f3f5-49bb-4c33-987c-200abf786496][8e8b4eea-e67e-48c2-9a20-218d03b22adb] Start keyframe: "1788611485425_4c1413_fdfbd39c-aa59-4b23-a3ac-5f2ddfb5b1b8_b96.jpg" not in the library yet — uploading it first.
2026-09-06T03:45:47.454Z [7601e232-4001-49ad-beba-64c8339c503a][8e8b4eea-e67e-48c2-9a20-218d03b22adb] Item 2 (try 1): 1080p saved via the UI download flow.
2026-09-06T03:45:47.508Z [7601e232-4001-49ad-beba-64c8339c503a][8e8b4eea-e67e-48c2-9a20-218d03b22adb] Item 2: upgraded to 1080p → D:\WINAI\Slow-English-with-Arlo_11_37_cmto8mrp\video_2026-09-06T03-43-56_02.mp4
2026-09-06T03:45:47.509Z [7601e232-4001-49ad-beba-64c8339c503a][8e8b4eea-e67e-48c2-9a20-218d03b22adb] Uploading 2 video(s) to Xanh...
2026-09-06T03:45:47.770Z [8e73a435-73b7-42b5-b48c-6f287acda54b][8e8b4eea-e67e-48c2-9a20-218d03b22adb] Generating... 0 ready, 0 failed / 2 total (24s) play_circle 12% [HÀN play_circle 13% [HÀN
2026-09-06T03:45:47.972Z [8f5dcc72-4fed-492f-a3d7-383082b36842][8e8b4eea-e67e-48c2-9a20-218d03b22adb] [submit] confirmed (editor "What do you want to ", fresh tile=true).
2026-09-06T03:45:48.326Z [7601e232-4001-49ad-beba-64c8339c503a][8e8b4eea-e67e-48c2-9a20-218d03b22adb] Item 1: Re-uploaded 1080p → https://studio.xanhmedia.vn/uploads/2026-09/1788666347235_764428_8e8b4eea-e67e-48c2-9a20-218d03b22adb_760.mp4
2026-09-06T03:45:48.590Z [8f5dcc72-4fed-492f-a3d7-383082b36842][8e8b4eea-e67e-48c2-9a20-218d03b22adb] Current Workspace project URL: https://flow.google.com/project/d7006cc3-f9c4-4856-98f4-89ac31f96398?hl=en
2026-09-06T03:45:48.590Z [8f5dcc72-4fed-492f-a3d7-383082b36842][8e8b4eea-e67e-48c2-9a20-218d03b22adb] Submitted ✓ Detecting batch size...
2026-09-06T03:45:48.605Z [8f5dcc72-4fed-492f-a3d7-383082b36842][8e8b4eea-e67e-48c2-9a20-218d03b22adb] New tile(s) since submit: 0 → 2 (mounted=50)
2026-09-06T03:45:49.749Z [1d04f3f5-49bb-4c33-987c-200abf786496][8e8b4eea-e67e-48c2-9a20-218d03b22adb] Start keyframe: uploading "1788611485425_4c1413_fdfbd39c-aa59-4b23-a3ac-5f2ddfb5b1b8_b96.jpg" to the project library...
2026-09-06T03:45:50.665Z [1d04f3f5-49bb-4c33-987c-200abf786496][8e8b4eea-e67e-48c2-9a20-218d03b22adb] Start keyframe: upload finished ✓
2026-09-06T03:45:50.790Z [8e73a435-73b7-42b5-b48c-6f287acda54b][8e8b4eea-e67e-48c2-9a20-218d03b22adb] Generating... 0 ready, 0 failed / 2 total (27s) play_circle 16% [HÀN play_circle 15% [HÀN
2026-09-06T03:45:52.775Z [8f5dcc72-4fed-492f-a3d7-383082b36842][8e8b4eea-e67e-48c2-9a20-218d03b22adb] Batch size stabilised at 2 new tile(s)
2026-09-06T03:45:52.775Z [8f5dcc72-4fed-492f-a3d7-383082b36842][8e8b4eea-e67e-48c2-9a20-218d03b22adb] Batch detected: 2 item(s). Generating...
2026-09-06T03:45:52.776Z [8f5dcc72-4fed-492f-a3d7-383082b36842][8e8b4eea-e67e-48c2-9a20-218d03b22adb] Polling for 2 video item(s) (baseline=50, hasUpload=true)...
2026-09-06T03:45:52.791Z [8f5dcc72-4fed-492f-a3d7-383082b36842][8e8b4eea-e67e-48c2-9a20-218d03b22adb] Generating... 0 ready, 0 failed / 2 total (0s) play_circle [HÀNH ĐỘ play_circle [HÀNH ĐỘ
2026-09-06T03:45:53.131Z [7601e232-4001-49ad-beba-64c8339c503a][8e8b4eea-e67e-48c2-9a20-218d03b22adb] Item 2: Re-uploaded 1080p → https://studio.xanhmedia.vn/uploads/2026-09/1788666352031_256e2c_8e8b4eea-e67e-48c2-9a20-218d03b22adb_760.mp4
2026-09-06T03:45:53.131Z [7601e232-4001-49ad-beba-64c8339c503a][8e8b4eea-e67e-48c2-9a20-218d03b22adb] ✅ 2 item(s) + 1080p saved to Downloads/Win AI Toolkit/
2026-09-06T03:45:53.135Z [7601e232-4001-49ad-beba-64c8339c503a][8e8b4eea-e67e-48c2-9a20-218d03b22adb] All done (including any 1080p upgrades). Closing Playwright browser context.
2026-09-06T03:45:53.813Z [8e73a435-73b7-42b5-b48c-6f287acda54b][8e8b4eea-e67e-48c2-9a20-218d03b22adb] Generating... 0 ready, 0 failed / 2 total (30s) play_circle 18% [HÀN play_circle 18% [HÀN
2026-09-06T03:45:53.856Z [175651d8-4211-4c83-b0e3-51b26796febf][8e8b4eea-e67e-48c2-9a20-218d03b22adb] runGeneration starting: task_id=175651d8-4211-4c83-b0e3-51b26796febf, profile_id=8e8b4eea-e67e-48c2-9a20-218d03b22adb, target_site=google_flow
2026-09-06T03:45:53.857Z [175651d8-4211-4c83-b0e3-51b26796febf][8e8b4eea-e67e-48c2-9a20-218d03b22adb] Opening Playwright browser with persistent profile cookies...
2026-09-06T03:45:53.858Z [175651d8-4211-4c83-b0e3-51b26796febf][8e8b4eea-e67e-48c2-9a20-218d03b22adb] Browser engine: winhide (C:\Users\Admin\AppData\Roaming\com.tank.winai\winhide\chrome.exe) [hidden off-screen]
2026-09-06T03:45:53.858Z [175651d8-4211-4c83-b0e3-51b26796febf][8e8b4eea-e67e-48c2-9a20-218d03b22adb] Launch mode: STEALTH (raw spawn + connectOverCDP)
2026-09-06T03:45:55.815Z [8f5dcc72-4fed-492f-a3d7-383082b36842][8e8b4eea-e67e-48c2-9a20-218d03b22adb] Generating... 0 ready, 0 failed / 2 total (3s) play_circle [HÀNH ĐỘ play_circle [HÀNH ĐỘ
2026-09-06T03:45:55.879Z [175651d8-4211-4c83-b0e3-51b26796febf][8e8b4eea-e67e-48c2-9a20-218d03b22adb] Exit IP: 115.74.128.9
2026-09-06T03:45:55.879Z [175651d8-4211-4c83-b0e3-51b26796febf][8e8b4eea-e67e-48c2-9a20-218d03b22adb] Navigating browser to Google Flow tools page...
2026-09-06T03:45:55.880Z [175651d8-4211-4c83-b0e3-51b26796febf][8e8b4eea-e67e-48c2-9a20-218d03b22adb] Using existing project URL: https://flow.google.com/project/5cd39577-897c-41b2-8dc8-7fabdd51c4ed?hl=en
2026-09-06T03:45:56.811Z [175651d8-4211-4c83-b0e3-51b26796febf][8e8b4eea-e67e-48c2-9a20-218d03b22adb] Waiting for Google Flow...
2026-09-06T03:45:56.872Z [8e73a435-73b7-42b5-b48c-6f287acda54b][8e8b4eea-e67e-48c2-9a20-218d03b22adb] Generating... 0 ready, 0 failed / 2 total (33s) play_circle 20% [HÀN play_circle 21% [HÀN
2026-09-06T03:45:58.605Z [175651d8-4211-4c83-b0e3-51b26796febf][8e8b4eea-e67e-48c2-9a20-218d03b22adb] In existing project ✓
2026-09-06T03:45:58.831Z [8f5dcc72-4fed-492f-a3d7-383082b36842][8e8b4eea-e67e-48c2-9a20-218d03b22adb] Generating... 0 ready, 0 failed / 2 total (6s) play_circle [HÀNH ĐỘ play_circle [HÀNH ĐỘ
2026-09-06T03:45:59.532Z [175651d8-4211-4c83-b0e3-51b26796febf][8e8b4eea-e67e-48c2-9a20-218d03b22adb] dismissPopups: unresolved overlay(s) ["IFRAME[presentation]|btns="]
2026-09-06T03:45:59.897Z [8e73a435-73b7-42b5-b48c-6f287acda54b][8e8b4eea-e67e-48c2-9a20-218d03b22adb] Generating... 0 ready, 0 failed / 2 total (36s) play_circle 22% [HÀN play_circle 22% [HÀN
2026-09-06T03:46:01.133Z [1d04f3f5-49bb-4c33-987c-200abf786496][8e8b4eea-e67e-48c2-9a20-218d03b22adb] Start keyframe: start keyframe attached ✓
2026-09-06T03:46:01.160Z [1d04f3f5-49bb-4c33-987c-200abf786496][8e8b4eea-e67e-48c2-9a20-218d03b22adb] Entering prompt...
2026-09-06T03:46:01.262Z [175651d8-4211-4c83-b0e3-51b26796febf][8e8b4eea-e67e-48c2-9a20-218d03b22adb] Composer ready ✓ (UI language: en)
2026-09-06T03:46:01.291Z [175651d8-4211-4c83-b0e3-51b26796febf][8e8b4eea-e67e-48c2-9a20-218d03b22adb] dismissPopups: unresolved overlay(s) ["DIV[]|btns=","DIV[]|btns="]
2026-09-06T03:46:01.322Z [175651d8-4211-4c83-b0e3-51b26796febf][8e8b4eea-e67e-48c2-9a20-218d03b22adb] Agent toggle aria-pressed=false
2026-09-06T03:46:01.323Z [175651d8-4211-4c83-b0e3-51b26796febf][8e8b4eea-e67e-48c2-9a20-218d03b22adb] Opening settings...
2026-09-06T03:46:01.846Z [8f5dcc72-4fed-492f-a3d7-383082b36842][8e8b4eea-e67e-48c2-9a20-218d03b22adb] Generating... 0 ready, 0 failed / 2 total (9s) play_circle 0% [HÀNH play_circle 1% [HÀNH
2026-09-06T03:46:02.913Z [8e73a435-73b7-42b5-b48c-6f287acda54b][8e8b4eea-e67e-48c2-9a20-218d03b22adb] Generating... 0 ready, 0 failed / 2 total (39s) play_circle 26% [HÀN play_circle 26% [HÀN
2026-09-06T03:46:02.964Z [1d04f3f5-49bb-4c33-987c-200abf786496][8e8b4eea-e67e-48c2-9a20-218d03b22adb] Prompt is 1352 chars — typing it in 25 chunk(s).
2026-09-06T03:46:03.268Z [175651d8-4211-4c83-b0e3-51b26796febf][8e8b4eea-e67e-48c2-9a20-218d03b22adb] Configuring video settings...
2026-09-06T03:46:03.294Z [175651d8-4211-4c83-b0e3-51b26796febf][8e8b4eea-e67e-48c2-9a20-218d03b22adb] Mode: "videocam Video" already selected ✓
2026-09-06T03:46:04.865Z [8f5dcc72-4fed-492f-a3d7-383082b36842][8e8b4eea-e67e-48c2-9a20-218d03b22adb] Generating... 0 ready, 0 failed / 2 total (12s) play_circle 4% [HÀNH play_circle 4% [HÀNH
2026-09-06T03:46:05.793Z [175651d8-4211-4c83-b0e3-51b26796febf][8e8b4eea-e67e-48c2-9a20-218d03b22adb] Video type: selected "crop_free Frames" ✓
2026-09-06T03:46:05.942Z [8e73a435-73b7-42b5-b48c-6f287acda54b][8e8b4eea-e67e-48c2-9a20-218d03b22adb] Generating... 0 ready, 0 failed / 2 total (42s) play_circle 100% [HÀ play_circle 28% [HÀN
2026-09-06T03:46:06.581Z [175651d8-4211-4c83-b0e3-51b26796febf][8e8b4eea-e67e-48c2-9a20-218d03b22adb] Model "Omni 1.1 Flash" already selected ✓ (chip reads "Omni 1.1 Flash")
2026-09-06T03:46:07.326Z [175651d8-4211-4c83-b0e3-51b26796febf][8e8b4eea-e67e-48c2-9a20-218d03b22adb] Aspect ratio: "crop_16_9 16:9" already selected ✓
2026-09-06T03:46:07.349Z [175651d8-4211-4c83-b0e3-51b26796febf][8e8b4eea-e67e-48c2-9a20-218d03b22adb] Video resolution: "720p" already selected ✓
2026-09-06T03:46:07.384Z [175651d8-4211-4c83-b0e3-51b26796febf][8e8b4eea-e67e-48c2-9a20-218d03b22adb] Duration: "8s" already selected ✓
2026-09-06T03:46:07.404Z [175651d8-4211-4c83-b0e3-51b26796febf][8e8b4eea-e67e-48c2-9a20-218d03b22adb] Output count: "x2" already selected ✓
2026-09-06T03:46:07.886Z [8f5dcc72-4fed-492f-a3d7-383082b36842][8e8b4eea-e67e-48c2-9a20-218d03b22adb] Generating... 0 ready, 0 failed / 2 total (15s) play_circle 6% [HÀNH play_circle 6% [HÀNH
2026-09-06T03:46:08.344Z [175651d8-4211-4c83-b0e3-51b26796febf][8e8b4eea-e67e-48c2-9a20-218d03b22adb] Start keyframe: downloading from URL...
2026-09-06T03:46:08.561Z [175651d8-4211-4c83-b0e3-51b26796febf][8e8b4eea-e67e-48c2-9a20-218d03b22adb] Downloader: no-proxy request context ready.
2026-09-06T03:46:08.902Z [175651d8-4211-4c83-b0e3-51b26796febf][8e8b4eea-e67e-48c2-9a20-218d03b22adb] Start keyframe: saved 799885 bytes (image/jpeg) as "1788611667257_adf245_fdfbd39c-aa59-4b23-a3ac-5f2ddfb5b1b8_874.jpg"
2026-09-06T03:46:08.922Z [175651d8-4211-4c83-b0e3-51b26796febf][8e8b4eea-e67e-48c2-9a20-218d03b22adb] Start keyframe: setting start keyframe...
2026-09-06T03:46:08.960Z [8e73a435-73b7-42b5-b48c-6f287acda54b][8e8b4eea-e67e-48c2-9a20-218d03b22adb] Generating... 0 ready, 0 failed / 2 total (45s) play_circle 100% [HÀ play_circle 31% [HÀN
2026-09-06T03:46:10.798Z [175651d8-4211-4c83-b0e3-51b26796febf][8e8b4eea-e67e-48c2-9a20-218d03b22adb] Start keyframe: "1788611667257_adf245_fdfbd39c-aa59-4b23-a3ac-5f2ddfb5b1b8_874.jpg" not in the library yet — uploading it first.
2026-09-06T03:46:10.906Z [8f5dcc72-4fed-492f-a3d7-383082b36842][8e8b4eea-e67e-48c2-9a20-218d03b22adb] Generating... 0 ready, 0 failed / 2 total (18s) play_circle 8% [HÀNH play_circle 8% [HÀNH
2026-09-06T03:46:11.978Z [8e73a435-73b7-42b5-b48c-6f287acda54b][8e8b4eea-e67e-48c2-9a20-218d03b22adb] Generating... 0 ready, 0 failed / 2 total (49s) [HÀNH ĐỘNG]Graham đư play_circle 33% [HÀN
2026-09-06T03:46:13.926Z [8f5dcc72-4fed-492f-a3d7-383082b36842][8e8b4eea-e67e-48c2-9a20-218d03b22adb] Generating... 0 ready, 0 failed / 2 total (21s) play_circle 10% [HÀN play_circle 10% [HÀN
2026-09-06T03:46:14.441Z [175651d8-4211-4c83-b0e3-51b26796febf][8e8b4eea-e67e-48c2-9a20-218d03b22adb] Start keyframe: uploading "1788611667257_adf245_fdfbd39c-aa59-4b23-a3ac-5f2ddfb5b1b8_874.jpg" to the project library...
2026-09-06T03:46:14.554Z [1d04f3f5-49bb-4c33-987c-200abf786496][8e8b4eea-e67e-48c2-9a20-218d03b22adb] Prompt insert attempt 1: editor has 1339 chars (want ~1348) ✓
2026-09-06T03:46:15.006Z [8e73a435-73b7-42b5-b48c-6f287acda54b][8e8b4eea-e67e-48c2-9a20-218d03b22adb] Generating... 1 ready, 0 failed / 2 total (52s) play_circle 35% [HÀN
2026-09-06T03:46:15.418Z [175651d8-4211-4c83-b0e3-51b26796febf][8e8b4eea-e67e-48c2-9a20-218d03b22adb] Start keyframe: upload finished ✓
2026-09-06T03:46:16.308Z [1d04f3f5-49bb-4c33-987c-200abf786496][8e8b4eea-e67e-48c2-9a20-218d03b22adb] Baseline: 50 pre-existing media tile(s) of 50 mounted (kinds: image,video,video,image,video,video,video,video,video,video,video,video,video,video,image,video,video,image,video,video,image,video,video,video,video,video,video,image,video,video,image,video,video,image,video,video,image,video,video,image,video,video,image,video,video,image,video,video,image,video).
2026-09-06T03:46:16.942Z [8f5dcc72-4fed-492f-a3d7-383082b36842][8e8b4eea-e67e-48c2-9a20-218d03b22adb] Generating... 0 ready, 0 failed / 2 total (24s) play_circle 14% [HÀN play_circle 14% [HÀN
2026-09-06T03:46:18.025Z [8e73a435-73b7-42b5-b48c-6f287acda54b][8e8b4eea-e67e-48c2-9a20-218d03b22adb] Generating... 1 ready, 0 failed / 2 total (55s) play_circle 38% [HÀN
2026-09-06T03:46:18.673Z [1d04f3f5-49bb-4c33-987c-200abf786496][8e8b4eea-e67e-48c2-9a20-218d03b22adb] [submit] confirmed (editor "What do you want to ", fresh tile=true).
2026-09-06T03:46:19.163Z [1d04f3f5-49bb-4c33-987c-200abf786496][8e8b4eea-e67e-48c2-9a20-218d03b22adb] Current Workspace project URL: https://flow.google.com/project/52188b41-ba09-4240-a569-98bde902989b?hl=en
2026-09-06T03:46:19.164Z [1d04f3f5-49bb-4c33-987c-200abf786496][8e8b4eea-e67e-48c2-9a20-218d03b22adb] Submitted ✓ Detecting batch size...
2026-09-06T03:46:19.183Z [1d04f3f5-49bb-4c33-987c-200abf786496][8e8b4eea-e67e-48c2-9a20-218d03b22adb] New tile(s) since submit: 0 → 2 (mounted=50)
2026-09-06T03:46:19.957Z [8f5dcc72-4fed-492f-a3d7-383082b36842][8e8b4eea-e67e-48c2-9a20-218d03b22adb] Generating... 0 ready, 0 failed / 2 total (27s) play_circle 15% [HÀN play_circle 16% [HÀN
2026-09-06T03:46:21.048Z [8e73a435-73b7-42b5-b48c-6f287acda54b][8e8b4eea-e67e-48c2-9a20-218d03b22adb] Generating... 1 ready, 0 failed / 2 total (58s) play_circle 41% [HÀN
2026-09-06T03:46:22.978Z [8f5dcc72-4fed-492f-a3d7-383082b36842][8e8b4eea-e67e-48c2-9a20-218d03b22adb] Generating... 0 ready, 0 failed / 2 total (30s) play_circle 19% [HÀN play_circle 19% [HÀN
2026-09-06T03:46:23.312Z [1d04f3f5-49bb-4c33-987c-200abf786496][8e8b4eea-e67e-48c2-9a20-218d03b22adb] Batch size stabilised at 2 new tile(s)
2026-09-06T03:46:23.312Z [1d04f3f5-49bb-4c33-987c-200abf786496][8e8b4eea-e67e-48c2-9a20-218d03b22adb] Batch detected: 2 item(s). Generating...
2026-09-06T03:46:23.312Z [1d04f3f5-49bb-4c33-987c-200abf786496][8e8b4eea-e67e-48c2-9a20-218d03b22adb] Polling for 2 video item(s) (baseline=50, hasUpload=true)...
2026-09-06T03:46:23.326Z [1d04f3f5-49bb-4c33-987c-200abf786496][8e8b4eea-e67e-48c2-9a20-218d03b22adb] Generating... 0 ready, 0 failed / 2 total (0s) play_circle [HÀNH ĐỘ play_circle [HÀNH ĐỘ
2026-09-06T03:46:24.064Z [8e73a435-73b7-42b5-b48c-6f287acda54b][8e8b4eea-e67e-48c2-9a20-218d03b22adb] Generating... 1 ready, 0 failed / 2 total (61s) play_circle 43% [HÀN
2026-09-06T03:46:25.489Z [175651d8-4211-4c83-b0e3-51b26796febf][8e8b4eea-e67e-48c2-9a20-218d03b22adb] Start keyframe: start keyframe attached ✓
2026-09-06T03:46:25.498Z [175651d8-4211-4c83-b0e3-51b26796febf][8e8b4eea-e67e-48c2-9a20-218d03b22adb] Entering prompt...
2026-09-06T03:46:25.995Z [8f5dcc72-4fed-492f-a3d7-383082b36842][8e8b4eea-e67e-48c2-9a20-218d03b22adb] Generating... 0 ready, 0 failed / 2 total (33s) play_circle 20% [HÀN play_circle 20% [HÀN
2026-09-06T03:46:26.346Z [1d04f3f5-49bb-4c33-987c-200abf786496][8e8b4eea-e67e-48c2-9a20-218d03b22adb] Generating... 0 ready, 0 failed / 2 total (3s) play_circle [HÀNH ĐỘ play_circle [HÀNH ĐỘ
2026-09-06T03:46:27.072Z [175651d8-4211-4c83-b0e3-51b26796febf][8e8b4eea-e67e-48c2-9a20-218d03b22adb] Prompt is 1690 chars — typing it in 34 chunk(s).
2026-09-06T03:46:27.090Z [8e73a435-73b7-42b5-b48c-6f287acda54b][8e8b4eea-e67e-48c2-9a20-218d03b22adb] Generating... 1 ready, 0 failed / 2 total (64s) play_circle 45% [HÀN
2026-09-06T03:46:29.013Z [8f5dcc72-4fed-492f-a3d7-383082b36842][8e8b4eea-e67e-48c2-9a20-218d03b22adb] Generating... 0 ready, 0 failed / 2 total (36s) play_circle 23% [HÀN play_circle 23% [HÀN
2026-09-06T03:46:29.365Z [1d04f3f5-49bb-4c33-987c-200abf786496][8e8b4eea-e67e-48c2-9a20-218d03b22adb] Generating... 0 ready, 0 failed / 2 total (6s) play_circle [HÀNH ĐỘ play_circle [HÀNH ĐỘ
2026-09-06T03:46:30.107Z [8e73a435-73b7-42b5-b48c-6f287acda54b][8e8b4eea-e67e-48c2-9a20-218d03b22adb] Generating... 1 ready, 0 failed / 2 total (67s) play_circle 48% [HÀN
2026-09-06T03:46:32.026Z [8f5dcc72-4fed-492f-a3d7-383082b36842][8e8b4eea-e67e-48c2-9a20-218d03b22adb] Generating... 0 ready, 0 failed / 2 total (39s) play_circle 26% [HÀN play_circle 26% [HÀN
2026-09-06T03:46:32.383Z [1d04f3f5-49bb-4c33-987c-200abf786496][8e8b4eea-e67e-48c2-9a20-218d03b22adb] Generating... 0 ready, 0 failed / 2 total (9s) play_circle 0% [HÀNH play_circle 0% [HÀNH
2026-09-06T03:46:33.125Z [8e73a435-73b7-42b5-b48c-6f287acda54b][8e8b4eea-e67e-48c2-9a20-218d03b22adb] Generating... 1 ready, 0 failed / 2 total (70s) play_circle 51% [HÀN
2026-09-06T03:46:35.045Z [8f5dcc72-4fed-492f-a3d7-383082b36842][8e8b4eea-e67e-48c2-9a20-218d03b22adb] Generating... 0 ready, 0 failed / 2 total (42s) play_circle 29% [HÀN play_circle 29% [HÀN
2026-09-06T03:46:35.407Z [1d04f3f5-49bb-4c33-987c-200abf786496][8e8b4eea-e67e-48c2-9a20-218d03b22adb] Generating... 0 ready, 0 failed / 2 total (12s) play_circle 2% [HÀNH play_circle 3% [HÀNH
2026-09-06T03:46:36.143Z [8e73a435-73b7-42b5-b48c-6f287acda54b][8e8b4eea-e67e-48c2-9a20-218d03b22adb] Generating... 1 ready, 0 failed / 2 total (73s) play_circle 53% [HÀN
2026-09-06T03:46:38.073Z [8f5dcc72-4fed-492f-a3d7-383082b36842][8e8b4eea-e67e-48c2-9a20-218d03b22adb] Generating... 0 ready, 0 failed / 2 total (45s) play_circle 100% [HÀ play_circle 100% [HÀ
2026-09-06T03:46:38.426Z [1d04f3f5-49bb-4c33-987c-200abf786496][8e8b4eea-e67e-48c2-9a20-218d03b22adb] Generating... 0 ready, 0 failed / 2 total (15s) play_circle 5% [HÀNH play_circle 6% [HÀNH
2026-09-06T03:46:39.171Z [8e73a435-73b7-42b5-b48c-6f287acda54b][8e8b4eea-e67e-48c2-9a20-218d03b22adb] Generating... 1 ready, 0 failed / 2 total (76s) play_circle 56% [HÀN
2026-09-06T03:46:41.095Z [8f5dcc72-4fed-492f-a3d7-383082b36842][8e8b4eea-e67e-48c2-9a20-218d03b22adb] Generating... 0 ready, 0 failed / 2 total (48s) play_circle 100% [HÀ play_circle 100% [HÀ
2026-09-06T03:46:41.444Z [1d04f3f5-49bb-4c33-987c-200abf786496][8e8b4eea-e67e-48c2-9a20-218d03b22adb] Generating... 0 ready, 0 failed / 2 total (18s) play_circle 8% [HÀNH play_circle 8% [HÀNH
2026-09-06T03:46:42.187Z [8e73a435-73b7-42b5-b48c-6f287acda54b][8e8b4eea-e67e-48c2-9a20-218d03b22adb] Generating... 1 ready, 0 failed / 2 total (79s) play_circle 57% [HÀN
2026-09-06T03:46:42.978Z [175651d8-4211-4c83-b0e3-51b26796febf][8e8b4eea-e67e-48c2-9a20-218d03b22adb] Prompt insert attempt 1: editor has 1672 chars (want ~1686) ✓
2026-09-06T03:46:44.122Z [8f5dcc72-4fed-492f-a3d7-383082b36842][8e8b4eea-e67e-48c2-9a20-218d03b22adb] Generating... 0 ready, 0 failed / 2 total (51s) [HÀNH ĐỘNG]Cleanup b play_circle 100% [HÀ
2026-09-06T03:46:44.457Z [1d04f3f5-49bb-4c33-987c-200abf786496][8e8b4eea-e67e-48c2-9a20-218d03b22adb] Generating... 0 ready, 0 failed / 2 total (21s) play_circle 10% [HÀN play_circle 10% [HÀN
2026-09-06T03:46:44.828Z [175651d8-4211-4c83-b0e3-51b26796febf][8e8b4eea-e67e-48c2-9a20-218d03b22adb] Baseline: 50 pre-existing media tile(s) of 50 mounted (kinds: image,video,video,image,video,video,video,video,video,video,image,video,video,image,video,video,image,video,image,video,video,image,video,video,video,video,image,video,video,image,video,video,image,video,video,image,video,video,image,video,video,image,video,video,image,video,video,image,video,video).
2026-09-06T03:46:45.206Z [8e73a435-73b7-42b5-b48c-6f287acda54b][8e8b4eea-e67e-48c2-9a20-218d03b22adb] Generating... 1 ready, 0 failed / 2 total (82s) play_circle 60% [HÀN
2026-09-06T03:46:47.120Z [175651d8-4211-4c83-b0e3-51b26796febf][8e8b4eea-e67e-48c2-9a20-218d03b22adb] [submit] confirmed (editor "What do you want to ", fresh tile=true).
2026-09-06T03:46:47.147Z [8f5dcc72-4fed-492f-a3d7-383082b36842][8e8b4eea-e67e-48c2-9a20-218d03b22adb] Generating... 1 ready, 0 failed / 2 total (54s) [HÀNH ĐỘNG]Cleanup b
2026-09-06T03:46:47.480Z [1d04f3f5-49bb-4c33-987c-200abf786496][8e8b4eea-e67e-48c2-9a20-218d03b22adb] Generating... 0 ready, 0 failed / 2 total (24s) play_circle 13% [HÀN play_circle 13% [HÀN
2026-09-06T03:46:47.729Z [175651d8-4211-4c83-b0e3-51b26796febf][8e8b4eea-e67e-48c2-9a20-218d03b22adb] Current Workspace project URL: https://flow.google.com/project/5cd39577-897c-41b2-8dc8-7fabdd51c4ed?hl=en
2026-09-06T03:46:47.729Z [175651d8-4211-4c83-b0e3-51b26796febf][8e8b4eea-e67e-48c2-9a20-218d03b22adb] Submitted ✓ Detecting batch size...
2026-09-06T03:46:47.747Z [175651d8-4211-4c83-b0e3-51b26796febf][8e8b4eea-e67e-48c2-9a20-218d03b22adb] New tile(s) since submit: 0 → 2 (mounted=50)
2026-09-06T03:46:48.228Z [8e73a435-73b7-42b5-b48c-6f287acda54b][8e8b4eea-e67e-48c2-9a20-218d03b22adb] Generating... 1 ready, 0 failed / 2 total (85s) play_circle 62% [HÀN
2026-09-06T03:46:50.162Z [8f5dcc72-4fed-492f-a3d7-383082b36842][8e8b4eea-e67e-48c2-9a20-218d03b22adb] Generating... 2 ready, 0 failed / 2 total (57s)
2026-09-06T03:46:50.162Z [8f5dcc72-4fed-492f-a3d7-383082b36842][8e8b4eea-e67e-48c2-9a20-218d03b22adb] Batch done: 2 ready (target 2), 0 failed, scanned 2.
2026-09-06T03:46:50.163Z [8f5dcc72-4fed-492f-a3d7-383082b36842][8e8b4eea-e67e-48c2-9a20-218d03b22adb] 2 item(s) ready! Downloading...
2026-09-06T03:46:50.163Z [8f5dcc72-4fed-492f-a3d7-383082b36842][8e8b4eea-e67e-48c2-9a20-218d03b22adb] Item 1: no video source on the tile yet — hovering it to mount one.
2026-09-06T03:46:50.495Z [1d04f3f5-49bb-4c33-987c-200abf786496][8e8b4eea-e67e-48c2-9a20-218d03b22adb] Generating... 0 ready, 0 failed / 2 total (27s) play_circle 14% [HÀN play_circle 14% [HÀN
2026-09-06T03:46:51.247Z [8e73a435-73b7-42b5-b48c-6f287acda54b][8e8b4eea-e67e-48c2-9a20-218d03b22adb] Generating... 1 ready, 0 failed / 2 total (88s) play_circle 100% [HÀ
2026-09-06T03:46:51.805Z [8f5dcc72-4fed-492f-a3d7-383082b36842][8e8b4eea-e67e-48c2-9a20-218d03b22adb] Item 1: Downloading from URL https://flow-content.google/video/445fe21d-5757-4116-8edf-036c5ddf8bc2?Expires=1788687996&KeyName=labs-flow-prod-cdn-key&Signature=sFQUmsKze9RzNcaLKS3xkX6Geqk
2026-09-06T03:46:51.928Z [175651d8-4211-4c83-b0e3-51b26796febf][8e8b4eea-e67e-48c2-9a20-218d03b22adb] Batch size stabilised at 2 new tile(s)
2026-09-06T03:46:51.928Z [175651d8-4211-4c83-b0e3-51b26796febf][8e8b4eea-e67e-48c2-9a20-218d03b22adb] Batch detected: 2 item(s). Generating...
2026-09-06T03:46:51.928Z [175651d8-4211-4c83-b0e3-51b26796febf][8e8b4eea-e67e-48c2-9a20-218d03b22adb] Polling for 2 video item(s) (baseline=50, hasUpload=true)...
2026-09-06T03:46:51.941Z [175651d8-4211-4c83-b0e3-51b26796febf][8e8b4eea-e67e-48c2-9a20-218d03b22adb] Generating... 0 ready, 0 failed / 2 total (0s) play_circle [HÀNH ĐỘ play_circle [HÀNH ĐỘ
2026-09-06T03:46:53.320Z [8f5dcc72-4fed-492f-a3d7-383082b36842][8e8b4eea-e67e-48c2-9a20-218d03b22adb] Downloaded 1/2: video_2026-09-06T03-46-50_01.mp4
2026-09-06T03:46:53.321Z [8f5dcc72-4fed-492f-a3d7-383082b36842][8e8b4eea-e67e-48c2-9a20-218d03b22adb] Item 2: no video source on the tile yet — hovering it to mount one.
2026-09-06T03:46:53.513Z [1d04f3f5-49bb-4c33-987c-200abf786496][8e8b4eea-e67e-48c2-9a20-218d03b22adb] Generating... 0 ready, 0 failed / 2 total (30s) play_circle 18% [HÀN play_circle 18% [HÀN
2026-09-06T03:46:54.265Z [8e73a435-73b7-42b5-b48c-6f287acda54b][8e8b4eea-e67e-48c2-9a20-218d03b22adb] Generating... 1 ready, 0 failed / 2 total (91s) play_circle 100% [HÀ
2026-09-06T03:46:54.958Z [175651d8-4211-4c83-b0e3-51b26796febf][8e8b4eea-e67e-48c2-9a20-218d03b22adb] Generating... 0 ready, 0 failed / 2 total (3s) play_circle [HÀNH ĐỘ play_circle [HÀNH ĐỘ
2026-09-06T03:46:55.166Z [8f5dcc72-4fed-492f-a3d7-383082b36842][8e8b4eea-e67e-48c2-9a20-218d03b22adb] Item 2: Downloading from URL https://flow-content.google/video/a0c560de-7a96-4c61-9ac1-1b350ba1627c?Expires=1788687996&KeyName=labs-flow-prod-cdn-key&Signature=ghkKi8_24c6rxMrA_XDU9Sd9vE4
2026-09-06T03:46:56.529Z [1d04f3f5-49bb-4c33-987c-200abf786496][8e8b4eea-e67e-48c2-9a20-218d03b22adb] Generating... 0 ready, 0 failed / 2 total (33s) play_circle 21% [HÀN play_circle 20% [HÀN
2026-09-06T03:46:56.856Z [8f5dcc72-4fed-492f-a3d7-383082b36842][8e8b4eea-e67e-48c2-9a20-218d03b22adb] Downloaded 2/2: video_2026-09-06T03-46-50_02.mp4
2026-09-06T03:46:56.857Z [8f5dcc72-4fed-492f-a3d7-383082b36842][8e8b4eea-e67e-48c2-9a20-218d03b22adb] ✅ 2 item(s) saved to Downloads/Win AI Toolkit/
2026-09-06T03:46:57.287Z [8e73a435-73b7-42b5-b48c-6f287acda54b][8e8b4eea-e67e-48c2-9a20-218d03b22adb] Generating... 1 ready, 0 failed / 2 total (94s) [HÀNH ĐỘNG]Graham đư
2026-09-06T03:46:57.979Z [175651d8-4211-4c83-b0e3-51b26796febf][8e8b4eea-e67e-48c2-9a20-218d03b22adb] Generating... 0 ready, 0 failed / 2 total (6s) play_circle [HÀNH ĐỘ play_circle [HÀNH ĐỘ
2026-09-06T03:46:59.553Z [1d04f3f5-49bb-4c33-987c-200abf786496][8e8b4eea-e67e-48c2-9a20-218d03b22adb] Generating... 0 ready, 0 failed / 2 total (36s) play_circle 23% [HÀN play_circle 23% [HÀN
2026-09-06T03:47:00.306Z [8e73a435-73b7-42b5-b48c-6f287acda54b][8e8b4eea-e67e-48c2-9a20-218d03b22adb] Generating... 2 ready, 0 failed / 2 total (97s)
2026-09-06T03:47:00.307Z [8e73a435-73b7-42b5-b48c-6f287acda54b][8e8b4eea-e67e-48c2-9a20-218d03b22adb] Batch done: 2 ready (target 2), 0 failed, scanned 2.
2026-09-06T03:47:00.307Z [8e73a435-73b7-42b5-b48c-6f287acda54b][8e8b4eea-e67e-48c2-9a20-218d03b22adb] 2 item(s) ready! Downloading...
2026-09-06T03:47:00.308Z [8e73a435-73b7-42b5-b48c-6f287acda54b][8e8b4eea-e67e-48c2-9a20-218d03b22adb] Item 1: no video source on the tile yet — hovering it to mount one.
2026-09-06T03:47:01.004Z [175651d8-4211-4c83-b0e3-51b26796febf][8e8b4eea-e67e-48c2-9a20-218d03b22adb] Generating... 0 ready, 0 failed / 2 total (9s) play_circle 0% [HÀNH play_circle 0% [HÀNH
2026-09-06T03:47:01.906Z [8e73a435-73b7-42b5-b48c-6f287acda54b][8e8b4eea-e67e-48c2-9a20-218d03b22adb] Item 1: Downloading from URL https://flow-content.google/video/bfeb6598-6557-4864-bf59-48b3157e7112?Expires=1788687962&KeyName=labs-flow-prod-cdn-key&Signature=PgrEly4dnpr-ZuXP0X9fYDKl0ao
2026-09-06T03:47:02.571Z [1d04f3f5-49bb-4c33-987c-200abf786496][8e8b4eea-e67e-48c2-9a20-218d03b22adb] Generating... 0 ready, 0 failed / 2 total (39s) play_circle 26% [HÀN play_circle 26% [HÀN
2026-09-06T03:47:03.388Z [8e73a435-73b7-42b5-b48c-6f287acda54b][8e8b4eea-e67e-48c2-9a20-218d03b22adb] Downloaded 1/2: video_2026-09-06T03-47-00_01.mp4
2026-09-06T03:47:03.389Z [8e73a435-73b7-42b5-b48c-6f287acda54b][8e8b4eea-e67e-48c2-9a20-218d03b22adb] Item 2: no video source on the tile yet — hovering it to mount one.
2026-09-06T03:47:04.030Z [175651d8-4211-4c83-b0e3-51b26796febf][8e8b4eea-e67e-48c2-9a20-218d03b22adb] Generating... 0 ready, 0 failed / 2 total (12s) play_circle 3% [HÀNH play_circle 3% [HÀNH
2026-09-06T03:47:04.869Z [8e73a435-73b7-42b5-b48c-6f287acda54b][8e8b4eea-e67e-48c2-9a20-218d03b22adb] Item 2: Downloading from URL https://flow-content.google/video/e6c6700d-0d0b-406f-b32d-f79b6f2288f7?Expires=1788688009&KeyName=labs-flow-prod-cdn-key&Signature=diAbaovbPYTVnbs2Lo4uRQ6kYGA
2026-09-06T03:47:05.602Z [1d04f3f5-49bb-4c33-987c-200abf786496][8e8b4eea-e67e-48c2-9a20-218d03b22adb] Generating... 0 ready, 0 failed / 2 total (42s) play_circle 100% [HÀ play_circle 100% [HÀ
2026-09-06T03:47:06.869Z [8e73a435-73b7-42b5-b48c-6f287acda54b][8e8b4eea-e67e-48c2-9a20-218d03b22adb] Downloaded 2/2: video_2026-09-06T03-47-00_02.mp4
2026-09-06T03:47:06.870Z [8e73a435-73b7-42b5-b48c-6f287acda54b][8e8b4eea-e67e-48c2-9a20-218d03b22adb] ✅ 2 item(s) saved to Downloads/Win AI Toolkit/
2026-09-06T03:47:07.057Z [175651d8-4211-4c83-b0e3-51b26796febf][8e8b4eea-e67e-48c2-9a20-218d03b22adb] Generating... 0 ready, 0 failed / 2 total (15s) play_circle 6% [HÀNH play_circle 6% [HÀNH
2026-09-06T03:47:08.621Z [1d04f3f5-49bb-4c33-987c-200abf786496][8e8b4eea-e67e-48c2-9a20-218d03b22adb] Generating... 0 ready, 0 failed / 2 total (45s) [HÀNH ĐỘNG]Sau khi p play_circle 100% [HÀ
2026-09-06T03:47:10.078Z [175651d8-4211-4c83-b0e3-51b26796febf][8e8b4eea-e67e-48c2-9a20-218d03b22adb] Generating... 0 ready, 0 failed / 2 total (18s) play_circle 8% [HÀNH play_circle 7% [HÀNH
2026-09-06T03:47:11.649Z [1d04f3f5-49bb-4c33-987c-200abf786496][8e8b4eea-e67e-48c2-9a20-218d03b22adb] Generating... 1 ready, 0 failed / 2 total (48s) [HÀNH ĐỘNG]Sau khi p
2026-09-06T03:47:13.096Z [175651d8-4211-4c83-b0e3-51b26796febf][8e8b4eea-e67e-48c2-9a20-218d03b22adb] Generating... 0 ready, 0 failed / 2 total (21s) play_circle 10% [HÀN play_circle 10% [HÀN
2026-09-06T03:47:14.662Z [1d04f3f5-49bb-4c33-987c-200abf786496][8e8b4eea-e67e-48c2-9a20-218d03b22adb] Generating... 2 ready, 0 failed / 2 total (51s)
2026-09-06T03:47:14.662Z [1d04f3f5-49bb-4c33-987c-200abf786496][8e8b4eea-e67e-48c2-9a20-218d03b22adb] Batch done: 2 ready (target 2), 0 failed, scanned 2.
2026-09-06T03:47:14.662Z [1d04f3f5-49bb-4c33-987c-200abf786496][8e8b4eea-e67e-48c2-9a20-218d03b22adb] 2 item(s) ready! Downloading...
2026-09-06T03:47:14.663Z [1d04f3f5-49bb-4c33-987c-200abf786496][8e8b4eea-e67e-48c2-9a20-218d03b22adb] Item 1: no video source on the tile yet — hovering it to mount one.
2026-09-06T03:47:16.116Z [175651d8-4211-4c83-b0e3-51b26796febf][8e8b4eea-e67e-48c2-9a20-218d03b22adb] Generating... 0 ready, 0 failed / 2 total (24s) play_circle 13% [HÀN play_circle 12% [HÀN
2026-09-06T03:47:16.199Z [1d04f3f5-49bb-4c33-987c-200abf786496][8e8b4eea-e67e-48c2-9a20-218d03b22adb] Item 1: Downloading from URL https://flow-content.google/video/ebe3946d-f022-4f6b-93d5-321b29f107a1?Expires=1788688022&KeyName=labs-flow-prod-cdn-key&Signature=o9Va7BQJFxmJusydl4HiYAKUUmE
2026-09-06T03:47:18.108Z [1d04f3f5-49bb-4c33-987c-200abf786496][8e8b4eea-e67e-48c2-9a20-218d03b22adb] Downloaded 1/2: video_2026-09-06T03-47-14_01.mp4
2026-09-06T03:47:18.109Z [1d04f3f5-49bb-4c33-987c-200abf786496][8e8b4eea-e67e-48c2-9a20-218d03b22adb] Item 2: no video source on the tile yet — hovering it to mount one.
2026-09-06T03:47:19.138Z [175651d8-4211-4c83-b0e3-51b26796febf][8e8b4eea-e67e-48c2-9a20-218d03b22adb] Generating... 0 ready, 0 failed / 2 total (27s) play_circle 15% [HÀN play_circle 15% [HÀN
2026-09-06T03:47:19.941Z [1d04f3f5-49bb-4c33-987c-200abf786496][8e8b4eea-e67e-48c2-9a20-218d03b22adb] Item 2: Downloading from URL https://flow-content.google/video/eb4c8d9c-e46b-4fa9-b486-2c6488217337?Expires=1788688022&KeyName=labs-flow-prod-cdn-key&Signature=ZkrOLyJw6ToSFNYeWo0X_BUOAkE
2026-09-06T03:47:21.280Z [1d04f3f5-49bb-4c33-987c-200abf786496][8e8b4eea-e67e-48c2-9a20-218d03b22adb] Downloaded 2/2: video_2026-09-06T03-47-14_02.mp4
2026-09-06T03:47:21.281Z [1d04f3f5-49bb-4c33-987c-200abf786496][8e8b4eea-e67e-48c2-9a20-218d03b22adb] ✅ 2 item(s) saved to Downloads/Win AI Toolkit/
2026-09-06T03:47:22.152Z [175651d8-4211-4c83-b0e3-51b26796febf][8e8b4eea-e67e-48c2-9a20-218d03b22adb] Generating... 0 ready, 0 failed / 2 total (30s) play_circle 18% [HÀN play_circle 18% [HÀN
2026-09-06T03:47:25.167Z [175651d8-4211-4c83-b0e3-51b26796febf][8e8b4eea-e67e-48c2-9a20-218d03b22adb] Generating... 0 ready, 0 failed / 2 total (33s) play_circle 20% [HÀN play_circle 19% [HÀN
2026-09-06T03:47:28.195Z [175651d8-4211-4c83-b0e3-51b26796febf][8e8b4eea-e67e-48c2-9a20-218d03b22adb] Generating... 0 ready, 0 failed / 2 total (36s) play_circle 22% [HÀN play_circle 22% [HÀN
2026-09-06T03:47:31.211Z [175651d8-4211-4c83-b0e3-51b26796febf][8e8b4eea-e67e-48c2-9a20-218d03b22adb] Generating... 0 ready, 0 failed / 2 total (39s) play_circle 25% [HÀN play_circle 25% [HÀN
2026-09-06T03:47:34.240Z [175651d8-4211-4c83-b0e3-51b26796febf][8e8b4eea-e67e-48c2-9a20-218d03b22adb] Generating... 0 ready, 0 failed / 2 total (42s) play_circle 28% [HÀN play_circle 100% [HÀ
2026-09-06T03:47:37.266Z [175651d8-4211-4c83-b0e3-51b26796febf][8e8b4eea-e67e-48c2-9a20-218d03b22adb] Generating... 0 ready, 0 failed / 2 total (45s) play_circle 100% [HÀ play_circle 100% [HÀ
2026-09-06T03:47:40.293Z [175651d8-4211-4c83-b0e3-51b26796febf][8e8b4eea-e67e-48c2-9a20-218d03b22adb] Generating... 0 ready, 0 failed / 2 total (48s) play_circle 100% [HÀ [HÀNH ĐỘNG]Sáng hôm 
2026-09-06T03:47:42.520Z [8f5dcc72-4fed-492f-a3d7-383082b36842][8e8b4eea-e67e-48c2-9a20-218d03b22adb] Item 1 (try 1): 1080p saved via the UI download flow.
2026-09-06T03:47:42.605Z [8f5dcc72-4fed-492f-a3d7-383082b36842][8e8b4eea-e67e-48c2-9a20-218d03b22adb] Item 1: upgraded to 1080p → D:\WINAI\Slow-English-with-Arlo_11_39_cmto8mrp\video_2026-09-06T03-46-50_01.mp4
2026-09-06T03:47:43.326Z [175651d8-4211-4c83-b0e3-51b26796febf][8e8b4eea-e67e-48c2-9a20-218d03b22adb] Generating... 1 ready, 0 failed / 2 total (51s) [HÀNH ĐỘNG]Sáng hôm 
2026-09-06T03:47:46.351Z [175651d8-4211-4c83-b0e3-51b26796febf][8e8b4eea-e67e-48c2-9a20-218d03b22adb] Generating... 2 ready, 0 failed / 2 total (54s)
2026-09-06T03:47:46.351Z [175651d8-4211-4c83-b0e3-51b26796febf][8e8b4eea-e67e-48c2-9a20-218d03b22adb] Batch done: 2 ready (target 2), 0 failed, scanned 2.
2026-09-06T03:47:46.352Z [175651d8-4211-4c83-b0e3-51b26796febf][8e8b4eea-e67e-48c2-9a20-218d03b22adb] 2 item(s) ready! Downloading...
2026-09-06T03:47:46.353Z [175651d8-4211-4c83-b0e3-51b26796febf][8e8b4eea-e67e-48c2-9a20-218d03b22adb] Item 1: no video source on the tile yet — hovering it to mount one.
2026-09-06T03:47:47.663Z [175651d8-4211-4c83-b0e3-51b26796febf][8e8b4eea-e67e-48c2-9a20-218d03b22adb] Item 1: Downloading from URL https://flow-content.google/video/8cca98e8-58f3-4600-93e1-b6b154287d4b?Expires=1788688055&KeyName=labs-flow-prod-cdn-key&Signature=qfRUc6Ta6YfNBxNsqEjsWFU_w14
2026-09-06T03:47:48.674Z [175651d8-4211-4c83-b0e3-51b26796febf][8e8b4eea-e67e-48c2-9a20-218d03b22adb] Downloaded 1/2: video_2026-09-06T03-47-46_01.mp4
2026-09-06T03:47:48.674Z [175651d8-4211-4c83-b0e3-51b26796febf][8e8b4eea-e67e-48c2-9a20-218d03b22adb] Item 2: no video source on the tile yet — hovering it to mount one.
2026-09-06T03:47:50.087Z [175651d8-4211-4c83-b0e3-51b26796febf][8e8b4eea-e67e-48c2-9a20-218d03b22adb] Item 2: Downloading from URL https://flow-content.google/video/6f802be9-74a9-4157-905d-149f213ad3ff?Expires=1788688051&KeyName=labs-flow-prod-cdn-key&Signature=BUaDkn7GNEIliUsO0PLcFgkKvBg
2026-09-06T03:47:50.459Z [175651d8-4211-4c83-b0e3-51b26796febf][8e8b4eea-e67e-48c2-9a20-218d03b22adb] Downloaded 2/2: video_2026-09-06T03-47-46_02.mp4
2026-09-06T03:47:50.459Z [175651d8-4211-4c83-b0e3-51b26796febf][8e8b4eea-e67e-48c2-9a20-218d03b22adb] ✅ 2 item(s) saved to Downloads/Win AI Toolkit/
2026-09-06T03:48:01.935Z [8e73a435-73b7-42b5-b48c-6f287acda54b][8e8b4eea-e67e-48c2-9a20-218d03b22adb] Item 1 (try 1): 1080p saved via the UI download flow.
2026-09-06T03:48:01.988Z [8e73a435-73b7-42b5-b48c-6f287acda54b][8e8b4eea-e67e-48c2-9a20-218d03b22adb] Item 1: upgraded to 1080p → D:\WINAI\Slow-English-with-Arlo_11_38_cmto8mrp\video_2026-09-06T03-47-00_01.mp4
2026-09-06T03:48:15.073Z [1d04f3f5-49bb-4c33-987c-200abf786496][8e8b4eea-e67e-48c2-9a20-218d03b22adb] Item 1 (try 1): 1080p saved via the UI download flow.
2026-09-06T03:48:15.112Z [1d04f3f5-49bb-4c33-987c-200abf786496][8e8b4eea-e67e-48c2-9a20-218d03b22adb] Item 1: upgraded to 1080p → D:\WINAI\Slow-English-with-Arlo_11_40_cmto8mrq\video_2026-09-06T03-47-14_01.mp4
2026-09-06T03:48:27.977Z [8f5dcc72-4fed-492f-a3d7-383082b36842][8e8b4eea-e67e-48c2-9a20-218d03b22adb] Item 2 (try 1): 1080p saved via the UI download flow.
2026-09-06T03:48:28.027Z [8f5dcc72-4fed-492f-a3d7-383082b36842][8e8b4eea-e67e-48c2-9a20-218d03b22adb] Item 2: upgraded to 1080p → D:\WINAI\Slow-English-with-Arlo_11_39_cmto8mrp\video_2026-09-06T03-46-50_02.mp4
2026-09-06T03:48:28.027Z [8f5dcc72-4fed-492f-a3d7-383082b36842][8e8b4eea-e67e-48c2-9a20-218d03b22adb] Uploading 2 video(s) to Xanh...
2026-09-06T03:48:29.077Z [8f5dcc72-4fed-492f-a3d7-383082b36842][8e8b4eea-e67e-48c2-9a20-218d03b22adb] Item 1: Re-uploaded 1080p → https://studio.xanhmedia.vn/uploads/2026-09/1788666507975_b958ac_8e8b4eea-e67e-48c2-9a20-218d03b22adb_8f5.mp4
2026-09-06T03:48:29.544Z [175651d8-4211-4c83-b0e3-51b26796febf][8e8b4eea-e67e-48c2-9a20-218d03b22adb] Item 1 (try 1): 1080p saved via the UI download flow.
2026-09-06T03:48:29.635Z [175651d8-4211-4c83-b0e3-51b26796febf][8e8b4eea-e67e-48c2-9a20-218d03b22adb] Item 1: upgraded to 1080p → D:\WINAI\Slow-English-with-Arlo_11_41_cmto8mrq\video_2026-09-06T03-47-46_01.mp4
2026-09-06T03:48:29.701Z [8f5dcc72-4fed-492f-a3d7-383082b36842][8e8b4eea-e67e-48c2-9a20-218d03b22adb] Item 2: Re-uploaded 1080p → https://studio.xanhmedia.vn/uploads/2026-09/1788666508593_0a7959_8e8b4eea-e67e-48c2-9a20-218d03b22adb_8f5.mp4
2026-09-06T03:48:29.702Z [8f5dcc72-4fed-492f-a3d7-383082b36842][8e8b4eea-e67e-48c2-9a20-218d03b22adb] ✅ 2 item(s) + 1080p saved to Downloads/Win AI Toolkit/
2026-09-06T03:48:29.704Z [8f5dcc72-4fed-492f-a3d7-383082b36842][8e8b4eea-e67e-48c2-9a20-218d03b22adb] All done (including any 1080p upgrades). Closing Playwright browser context.
2026-09-06T03:48:30.302Z [382de091-7ba8-414a-9f57-ae0f9ae071dd][8e8b4eea-e67e-48c2-9a20-218d03b22adb] runGeneration starting: task_id=382de091-7ba8-414a-9f57-ae0f9ae071dd, profile_id=8e8b4eea-e67e-48c2-9a20-218d03b22adb, target_site=google_flow
2026-09-06T03:48:30.303Z [382de091-7ba8-414a-9f57-ae0f9ae071dd][8e8b4eea-e67e-48c2-9a20-218d03b22adb] Opening Playwright browser with persistent profile cookies...
2026-09-06T03:48:30.304Z [382de091-7ba8-414a-9f57-ae0f9ae071dd][8e8b4eea-e67e-48c2-9a20-218d03b22adb] Browser engine: winhide (C:\Users\Admin\AppData\Roaming\com.tank.winai\winhide\chrome.exe) [hidden off-screen]
2026-09-06T03:48:30.304Z [382de091-7ba8-414a-9f57-ae0f9ae071dd][8e8b4eea-e67e-48c2-9a20-218d03b22adb] Launch mode: STEALTH (raw spawn + connectOverCDP)
2026-09-06T03:48:32.006Z [382de091-7ba8-414a-9f57-ae0f9ae071dd][8e8b4eea-e67e-48c2-9a20-218d03b22adb] Exit IP: 115.74.128.9
2026-09-06T03:48:32.006Z [382de091-7ba8-414a-9f57-ae0f9ae071dd][8e8b4eea-e67e-48c2-9a20-218d03b22adb] Navigating browser to Google Flow tools page...
2026-09-06T03:48:32.007Z [382de091-7ba8-414a-9f57-ae0f9ae071dd][8e8b4eea-e67e-48c2-9a20-218d03b22adb] Using existing project URL: https://flow.google.com/project/d7006cc3-f9c4-4856-98f4-89ac31f96398?hl=en
2026-09-06T03:48:32.946Z [382de091-7ba8-414a-9f57-ae0f9ae071dd][8e8b4eea-e67e-48c2-9a20-218d03b22adb] Waiting for Google Flow...
2026-09-06T03:48:34.936Z [382de091-7ba8-414a-9f57-ae0f9ae071dd][8e8b4eea-e67e-48c2-9a20-218d03b22adb] In existing project ✓
2026-09-06T03:48:36.032Z [382de091-7ba8-414a-9f57-ae0f9ae071dd][8e8b4eea-e67e-48c2-9a20-218d03b22adb] dismissPopups: unresolved overlay(s) ["IFRAME[presentation]|btns="]
2026-09-06T03:48:37.853Z [382de091-7ba8-414a-9f57-ae0f9ae071dd][8e8b4eea-e67e-48c2-9a20-218d03b22adb] Composer ready ✓ (UI language: en)
2026-09-06T03:48:37.877Z [382de091-7ba8-414a-9f57-ae0f9ae071dd][8e8b4eea-e67e-48c2-9a20-218d03b22adb] dismissPopups: unresolved overlay(s) ["DIV[]|btns=","DIV[]|btns="]
2026-09-06T03:48:37.909Z [382de091-7ba8-414a-9f57-ae0f9ae071dd][8e8b4eea-e67e-48c2-9a20-218d03b22adb] Agent toggle aria-pressed=false
2026-09-06T03:48:37.909Z [382de091-7ba8-414a-9f57-ae0f9ae071dd][8e8b4eea-e67e-48c2-9a20-218d03b22adb] Opening settings...
2026-09-06T03:48:40.240Z [382de091-7ba8-414a-9f57-ae0f9ae071dd][8e8b4eea-e67e-48c2-9a20-218d03b22adb] Configuring video settings...
2026-09-06T03:48:40.273Z [382de091-7ba8-414a-9f57-ae0f9ae071dd][8e8b4eea-e67e-48c2-9a20-218d03b22adb] Mode: "videocam Video" already selected ✓
2026-09-06T03:48:43.377Z [382de091-7ba8-414a-9f57-ae0f9ae071dd][8e8b4eea-e67e-48c2-9a20-218d03b22adb] Video type: selected "crop_free Frames" ✓
2026-09-06T03:48:44.574Z [382de091-7ba8-414a-9f57-ae0f9ae071dd][8e8b4eea-e67e-48c2-9a20-218d03b22adb] Model "Omni 1.1 Flash" already selected ✓ (chip reads "Omni 1.1 Flash")
2026-09-06T03:48:45.506Z [382de091-7ba8-414a-9f57-ae0f9ae071dd][8e8b4eea-e67e-48c2-9a20-218d03b22adb] Aspect ratio: "crop_16_9 16:9" already selected ✓
2026-09-06T03:48:45.537Z [382de091-7ba8-414a-9f57-ae0f9ae071dd][8e8b4eea-e67e-48c2-9a20-218d03b22adb] Video resolution: "720p" already selected ✓
2026-09-06T03:48:45.573Z [382de091-7ba8-414a-9f57-ae0f9ae071dd][8e8b4eea-e67e-48c2-9a20-218d03b22adb] Duration: "8s" already selected ✓
2026-09-06T03:48:45.596Z [382de091-7ba8-414a-9f57-ae0f9ae071dd][8e8b4eea-e67e-48c2-9a20-218d03b22adb] Output count: "x2" already selected ✓
2026-09-06T03:48:46.601Z [382de091-7ba8-414a-9f57-ae0f9ae071dd][8e8b4eea-e67e-48c2-9a20-218d03b22adb] Start keyframe: downloading from URL...
2026-09-06T03:48:46.924Z [382de091-7ba8-414a-9f57-ae0f9ae071dd][8e8b4eea-e67e-48c2-9a20-218d03b22adb] Downloader: no-proxy request context ready.
2026-09-06T03:48:47.386Z [382de091-7ba8-414a-9f57-ae0f9ae071dd][8e8b4eea-e67e-48c2-9a20-218d03b22adb] Start keyframe: saved 900074 bytes (image/jpeg) as "1788611798502_683749_fdfbd39c-aa59-4b23-a3ac-5f2ddfb5b1b8_56d.jpg"
2026-09-06T03:48:47.408Z [382de091-7ba8-414a-9f57-ae0f9ae071dd][8e8b4eea-e67e-48c2-9a20-218d03b22adb] Start keyframe: setting start keyframe...
2026-09-06T03:48:49.818Z [382de091-7ba8-414a-9f57-ae0f9ae071dd][8e8b4eea-e67e-48c2-9a20-218d03b22adb] Start keyframe: "1788611798502_683749_fdfbd39c-aa59-4b23-a3ac-5f2ddfb5b1b8_56d.jpg" not in the library yet — uploading it first.
2026-09-06T03:48:51.977Z [8e73a435-73b7-42b5-b48c-6f287acda54b][8e8b4eea-e67e-48c2-9a20-218d03b22adb] Item 2 (try 1): 1080p saved via the UI download flow.
2026-09-06T03:48:52.025Z [8e73a435-73b7-42b5-b48c-6f287acda54b][8e8b4eea-e67e-48c2-9a20-218d03b22adb] Item 2: upgraded to 1080p → D:\WINAI\Slow-English-with-Arlo_11_38_cmto8mrp\video_2026-09-06T03-47-00_02.mp4
2026-09-06T03:48:52.026Z [8e73a435-73b7-42b5-b48c-6f287acda54b][8e8b4eea-e67e-48c2-9a20-218d03b22adb] Uploading 2 video(s) to Xanh...
2026-09-06T03:48:52.999Z [8e73a435-73b7-42b5-b48c-6f287acda54b][8e8b4eea-e67e-48c2-9a20-218d03b22adb] Item 1: Re-uploaded 1080p → https://studio.xanhmedia.vn/uploads/2026-09/1788666531894_56910a_8e8b4eea-e67e-48c2-9a20-218d03b22adb_8e7.mp4
2026-09-06T03:48:54.131Z [382de091-7ba8-414a-9f57-ae0f9ae071dd][8e8b4eea-e67e-48c2-9a20-218d03b22adb] Start keyframe: uploading "1788611798502_683749_fdfbd39c-aa59-4b23-a3ac-5f2ddfb5b1b8_56d.jpg" to the project library...
2026-09-06T03:48:55.186Z [382de091-7ba8-414a-9f57-ae0f9ae071dd][8e8b4eea-e67e-48c2-9a20-218d03b22adb] Start keyframe: upload finished ✓
2026-09-06T03:48:56.446Z [8e73a435-73b7-42b5-b48c-6f287acda54b][8e8b4eea-e67e-48c2-9a20-218d03b22adb] Item 2: Re-uploaded 1080p → https://studio.xanhmedia.vn/uploads/2026-09/1788666535353_5fb6d5_8e8b4eea-e67e-48c2-9a20-218d03b22adb_8e7.mp4
2026-09-06T03:48:56.447Z [8e73a435-73b7-42b5-b48c-6f287acda54b][8e8b4eea-e67e-48c2-9a20-218d03b22adb] ✅ 2 item(s) + 1080p saved to Downloads/Win AI Toolkit/
2026-09-06T03:48:56.453Z [8e73a435-73b7-42b5-b48c-6f287acda54b][8e8b4eea-e67e-48c2-9a20-218d03b22adb] All done (including any 1080p upgrades). Closing Playwright browser context.
2026-09-06T03:49:01.604Z [1d04f3f5-49bb-4c33-987c-200abf786496][8e8b4eea-e67e-48c2-9a20-218d03b22adb] Item 2 (try 1): 1080p saved via the UI download flow.
2026-09-06T03:49:01.720Z [1d04f3f5-49bb-4c33-987c-200abf786496][8e8b4eea-e67e-48c2-9a20-218d03b22adb] Item 2: upgraded to 1080p → D:\WINAI\Slow-English-with-Arlo_11_40_cmto8mrq\video_2026-09-06T03-47-14_02.mp4
2026-09-06T03:49:01.720Z [1d04f3f5-49bb-4c33-987c-200abf786496][8e8b4eea-e67e-48c2-9a20-218d03b22adb] Uploading 2 video(s) to Xanh...
2026-09-06T03:49:02.456Z [1d04f3f5-49bb-4c33-987c-200abf786496][8e8b4eea-e67e-48c2-9a20-218d03b22adb] Item 2: Re-uploaded 1080p → https://studio.xanhmedia.vn/uploads/2026-09/1788666541344_0f6341_8e8b4eea-e67e-48c2-9a20-218d03b22adb_1d0.mp4
2026-09-06T03:49:05.438Z [1d04f3f5-49bb-4c33-987c-200abf786496][8e8b4eea-e67e-48c2-9a20-218d03b22adb] Item 1: Re-uploaded 1080p → https://studio.xanhmedia.vn/uploads/2026-09/1788666544351_7b2212_8e8b4eea-e67e-48c2-9a20-218d03b22adb_1d0.mp4
2026-09-06T03:49:05.438Z [1d04f3f5-49bb-4c33-987c-200abf786496][8e8b4eea-e67e-48c2-9a20-218d03b22adb] ✅ 2 item(s) + 1080p saved to Downloads/Win AI Toolkit/
2026-09-06T03:49:05.440Z [1d04f3f5-49bb-4c33-987c-200abf786496][8e8b4eea-e67e-48c2-9a20-218d03b22adb] All done (including any 1080p upgrades). Closing Playwright browser context.
2026-09-06T03:49:05.518Z [382de091-7ba8-414a-9f57-ae0f9ae071dd][8e8b4eea-e67e-48c2-9a20-218d03b22adb] Start keyframe: start keyframe attached ✓
2026-09-06T03:49:05.528Z [382de091-7ba8-414a-9f57-ae0f9ae071dd][8e8b4eea-e67e-48c2-9a20-218d03b22adb] Entering prompt...
2026-09-06T03:49:07.426Z [382de091-7ba8-414a-9f57-ae0f9ae071dd][8e8b4eea-e67e-48c2-9a20-218d03b22adb] Prompt is 1664 chars — typing it in 33 chunk(s).
2026-09-06T03:49:10.905Z [175651d8-4211-4c83-b0e3-51b26796febf][8e8b4eea-e67e-48c2-9a20-218d03b22adb] Item 2 (try 1): 1080p saved via the UI download flow.
2026-09-06T03:49:10.974Z [175651d8-4211-4c83-b0e3-51b26796febf][8e8b4eea-e67e-48c2-9a20-218d03b22adb] Item 2: upgraded to 1080p → D:\WINAI\Slow-English-with-Arlo_11_41_cmto8mrq\video_2026-09-06T03-47-46_02.mp4
2026-09-06T03:49:10.975Z [175651d8-4211-4c83-b0e3-51b26796febf][8e8b4eea-e67e-48c2-9a20-218d03b22adb] Uploading 2 video(s) to Xanh...
2026-09-06T03:49:11.809Z [175651d8-4211-4c83-b0e3-51b26796febf][8e8b4eea-e67e-48c2-9a20-218d03b22adb] Item 2: Re-uploaded 1080p → https://studio.xanhmedia.vn/uploads/2026-09/1788666550717_d0bb02_8e8b4eea-e67e-48c2-9a20-218d03b22adb_175.mp4
2026-09-06T03:49:11.873Z [175651d8-4211-4c83-b0e3-51b26796febf][8e8b4eea-e67e-48c2-9a20-218d03b22adb] Item 1: Re-uploaded 1080p → https://studio.xanhmedia.vn/uploads/2026-09/1788666550780_953db9_8e8b4eea-e67e-48c2-9a20-218d03b22adb_175.mp4
2026-09-06T03:49:11.874Z [175651d8-4211-4c83-b0e3-51b26796febf][8e8b4eea-e67e-48c2-9a20-218d03b22adb] ✅ 2 item(s) + 1080p saved to Downloads/Win AI Toolkit/
2026-09-06T03:49:11.875Z [175651d8-4211-4c83-b0e3-51b26796febf][8e8b4eea-e67e-48c2-9a20-218d03b22adb] All done (including any 1080p upgrades). Closing Playwright browser context.
2026-09-06T03:49:21.958Z [382de091-7ba8-414a-9f57-ae0f9ae071dd][8e8b4eea-e67e-48c2-9a20-218d03b22adb] Prompt insert attempt 1: editor has 1647 chars (want ~1660) ✓
2026-09-06T03:49:23.795Z [382de091-7ba8-414a-9f57-ae0f9ae071dd][8e8b4eea-e67e-48c2-9a20-218d03b22adb] Baseline: 50 pre-existing media tile(s) of 50 mounted (kinds: image,video,video,image,video,video,image,video,video,video,image,video,video,image,video,video,image,video,video,image,video,video,image,video,video,image,video,video,video,video,video,video,image,video,video,image,video,video,image,video,video,image,video,video,image,video,video,image,video,video).
2026-09-06T03:49:25.848Z [382de091-7ba8-414a-9f57-ae0f9ae071dd][8e8b4eea-e67e-48c2-9a20-218d03b22adb] [submit] confirmed (editor "What do you want to ", fresh tile=true).
2026-09-06T03:49:26.533Z [382de091-7ba8-414a-9f57-ae0f9ae071dd][8e8b4eea-e67e-48c2-9a20-218d03b22adb] Current Workspace project URL: https://flow.google.com/project/d7006cc3-f9c4-4856-98f4-89ac31f96398?hl=en
2026-09-06T03:49:26.534Z [382de091-7ba8-414a-9f57-ae0f9ae071dd][8e8b4eea-e67e-48c2-9a20-218d03b22adb] Submitted ✓ Detecting batch size...
2026-09-06T03:49:26.547Z [382de091-7ba8-414a-9f57-ae0f9ae071dd][8e8b4eea-e67e-48c2-9a20-218d03b22adb] New tile(s) since submit: 0 → 2 (mounted=50)
2026-09-06T03:49:30.685Z [382de091-7ba8-414a-9f57-ae0f9ae071dd][8e8b4eea-e67e-48c2-9a20-218d03b22adb] Batch size stabilised at 2 new tile(s)
2026-09-06T03:49:30.685Z [382de091-7ba8-414a-9f57-ae0f9ae071dd][8e8b4eea-e67e-48c2-9a20-218d03b22adb] Batch detected: 2 item(s). Generating...
2026-09-06T03:49:30.686Z [382de091-7ba8-414a-9f57-ae0f9ae071dd][8e8b4eea-e67e-48c2-9a20-218d03b22adb] Polling for 2 video item(s) (baseline=50, hasUpload=true)...
2026-09-06T03:49:30.696Z [382de091-7ba8-414a-9f57-ae0f9ae071dd][8e8b4eea-e67e-48c2-9a20-218d03b22adb] Generating... 0 ready, 0 failed / 2 total (0s) play_circle [HÀNH ĐỘ play_circle [HÀNH ĐỘ
2026-09-06T03:49:33.714Z [382de091-7ba8-414a-9f57-ae0f9ae071dd][8e8b4eea-e67e-48c2-9a20-218d03b22adb] Generating... 0 ready, 0 failed / 2 total (3s) play_circle [HÀNH ĐỘ play_circle [HÀNH ĐỘ
2026-09-06T03:49:36.737Z [382de091-7ba8-414a-9f57-ae0f9ae071dd][8e8b4eea-e67e-48c2-9a20-218d03b22adb] Generating... 0 ready, 0 failed / 2 total (6s) play_circle [HÀNH ĐỘ play_circle [HÀNH ĐỘ
2026-09-06T03:49:39.754Z [382de091-7ba8-414a-9f57-ae0f9ae071dd][8e8b4eea-e67e-48c2-9a20-218d03b22adb] Generating... 0 ready, 0 failed / 2 total (9s) play_circle 1% [HÀNH play_circle 1% [HÀNH
2026-09-06T03:49:42.786Z [382de091-7ba8-414a-9f57-ae0f9ae071dd][8e8b4eea-e67e-48c2-9a20-218d03b22adb] Generating... 0 ready, 0 failed / 2 total (12s) play_circle 3% [HÀNH play_circle 3% [HÀNH
2026-09-06T03:49:45.805Z [382de091-7ba8-414a-9f57-ae0f9ae071dd][8e8b4eea-e67e-48c2-9a20-218d03b22adb] Generating... 0 ready, 0 failed / 2 total (15s) play_circle 6% [HÀNH play_circle 6% [HÀNH
2026-09-06T03:49:48.822Z [382de091-7ba8-414a-9f57-ae0f9ae071dd][8e8b4eea-e67e-48c2-9a20-218d03b22adb] Generating... 0 ready, 0 failed / 2 total (18s) play_circle 8% [HÀNH play_circle 8% [HÀNH
2026-09-06T03:49:51.835Z [382de091-7ba8-414a-9f57-ae0f9ae071dd][8e8b4eea-e67e-48c2-9a20-218d03b22adb] Generating... 0 ready, 0 failed / 2 total (21s) play_circle 11% [HÀN play_circle 11% [HÀN
2026-09-06T03:49:54.854Z [382de091-7ba8-414a-9f57-ae0f9ae071dd][8e8b4eea-e67e-48c2-9a20-218d03b22adb] Generating... 0 ready, 0 failed / 2 total (24s) play_circle 12% [HÀN play_circle 12% [HÀN
2026-09-06T03:49:57.874Z [382de091-7ba8-414a-9f57-ae0f9ae071dd][8e8b4eea-e67e-48c2-9a20-218d03b22adb] Generating... 0 ready, 0 failed / 2 total (27s) play_circle 17% [HÀN play_circle 17% [HÀN
2026-09-06T03:50:00.895Z [382de091-7ba8-414a-9f57-ae0f9ae071dd][8e8b4eea-e67e-48c2-9a20-218d03b22adb] Generating... 0 ready, 0 failed / 2 total (30s) play_circle 18% [HÀN play_circle 18% [HÀN
2026-09-06T03:50:03.916Z [382de091-7ba8-414a-9f57-ae0f9ae071dd][8e8b4eea-e67e-48c2-9a20-218d03b22adb] Generating... 0 ready, 0 failed / 2 total (33s) play_circle 21% [HÀN play_circle 21% [HÀN
2026-09-06T03:50:06.935Z [382de091-7ba8-414a-9f57-ae0f9ae071dd][8e8b4eea-e67e-48c2-9a20-218d03b22adb] Generating... 0 ready, 0 failed / 2 total (36s) play_circle 23% [HÀN play_circle 23% [HÀN
2026-09-06T03:50:09.954Z [382de091-7ba8-414a-9f57-ae0f9ae071dd][8e8b4eea-e67e-48c2-9a20-218d03b22adb] Generating... 0 ready, 0 failed / 2 total (39s) play_circle 27% [HÀN play_circle 27% [HÀN
2026-09-06T03:50:12.975Z [382de091-7ba8-414a-9f57-ae0f9ae071dd][8e8b4eea-e67e-48c2-9a20-218d03b22adb] Generating... 0 ready, 0 failed / 2 total (42s) play_circle 100% [HÀ play_circle 100% [HÀ
2026-09-06T03:50:15.994Z [382de091-7ba8-414a-9f57-ae0f9ae071dd][8e8b4eea-e67e-48c2-9a20-218d03b22adb] Generating... 0 ready, 0 failed / 2 total (45s) play_circle 100% [HÀ play_circle 100% [HÀ
2026-09-06T03:50:19.014Z [382de091-7ba8-414a-9f57-ae0f9ae071dd][8e8b4eea-e67e-48c2-9a20-218d03b22adb] Generating... 0 ready, 0 failed / 2 total (48s) play_circle 100% [HÀ [HÀNH ĐỘNG]Nessa leo
2026-09-06T03:50:22.037Z [382de091-7ba8-414a-9f57-ae0f9ae071dd][8e8b4eea-e67e-48c2-9a20-218d03b22adb] Generating... 1 ready, 0 failed / 2 total (51s) [HÀNH ĐỘNG]Nessa leo
2026-09-06T03:50:25.055Z [382de091-7ba8-414a-9f57-ae0f9ae071dd][8e8b4eea-e67e-48c2-9a20-218d03b22adb] Generating... 2 ready, 0 failed / 2 total (54s)
2026-09-06T03:50:25.056Z [382de091-7ba8-414a-9f57-ae0f9ae071dd][8e8b4eea-e67e-48c2-9a20-218d03b22adb] Batch done: 2 ready (target 2), 0 failed, scanned 2.
2026-09-06T03:50:25.056Z [382de091-7ba8-414a-9f57-ae0f9ae071dd][8e8b4eea-e67e-48c2-9a20-218d03b22adb] 2 item(s) ready! Downloading...
2026-09-06T03:50:25.057Z [382de091-7ba8-414a-9f57-ae0f9ae071dd][8e8b4eea-e67e-48c2-9a20-218d03b22adb] Item 1: no video source on the tile yet — hovering it to mount one.
2026-09-06T03:50:26.884Z [382de091-7ba8-414a-9f57-ae0f9ae071dd][8e8b4eea-e67e-48c2-9a20-218d03b22adb] Item 1: Downloading from URL https://flow-content.google/video/79215f38-fb5e-44ca-8bfa-f1a9c93dca47?Expires=1788688209&KeyName=labs-flow-prod-cdn-key&Signature=jAXew1YBE7GCd2YX9w1mluDU4os
2026-09-06T03:50:28.027Z [382de091-7ba8-414a-9f57-ae0f9ae071dd][8e8b4eea-e67e-48c2-9a20-218d03b22adb] Downloaded 1/2: video_2026-09-06T03-50-25_01.mp4
2026-09-06T03:50:28.027Z [382de091-7ba8-414a-9f57-ae0f9ae071dd][8e8b4eea-e67e-48c2-9a20-218d03b22adb] Item 2: no video source on the tile yet — hovering it to mount one.
2026-09-06T03:50:29.372Z [382de091-7ba8-414a-9f57-ae0f9ae071dd][8e8b4eea-e67e-48c2-9a20-218d03b22adb] Item 2: Downloading from URL https://flow-content.google/video/de981296-5970-459a-9450-536db1512586?Expires=1788688209&KeyName=labs-flow-prod-cdn-key&Signature=uWeILJtLfnOd9QgzOnFHT9AjM7I
2026-09-06T03:50:30.765Z [382de091-7ba8-414a-9f57-ae0f9ae071dd][8e8b4eea-e67e-48c2-9a20-218d03b22adb] Downloaded 2/2: video_2026-09-06T03-50-25_02.mp4
2026-09-06T03:50:30.766Z [382de091-7ba8-414a-9f57-ae0f9ae071dd][8e8b4eea-e67e-48c2-9a20-218d03b22adb] ✅ 2 item(s) saved to Downloads/Win AI Toolkit/
2026-09-06T03:51:20.219Z [382de091-7ba8-414a-9f57-ae0f9ae071dd][8e8b4eea-e67e-48c2-9a20-218d03b22adb] Item 1 (try 1): 1080p saved via the UI download flow.
2026-09-06T03:51:20.252Z [382de091-7ba8-414a-9f57-ae0f9ae071dd][8e8b4eea-e67e-48c2-9a20-218d03b22adb] Item 1: upgraded to 1080p → D:\WINAI\Slow-English-with-Arlo_11_42_cmto8mrq\video_2026-09-06T03-50-25_01.mp4
2026-09-06T03:52:09.294Z [382de091-7ba8-414a-9f57-ae0f9ae071dd][8e8b4eea-e67e-48c2-9a20-218d03b22adb] Item 2 (try 1): 1080p saved via the UI download flow.
2026-09-06T03:52:09.336Z [382de091-7ba8-414a-9f57-ae0f9ae071dd][8e8b4eea-e67e-48c2-9a20-218d03b22adb] Item 2: upgraded to 1080p → D:\WINAI\Slow-English-with-Arlo_11_42_cmto8mrq\video_2026-09-06T03-50-25_02.mp4
2026-09-06T03:52:09.336Z [382de091-7ba8-414a-9f57-ae0f9ae071dd][8e8b4eea-e67e-48c2-9a20-218d03b22adb] Uploading 2 video(s) to Xanh...
2026-09-06T03:52:10.577Z [382de091-7ba8-414a-9f57-ae0f9ae071dd][8e8b4eea-e67e-48c2-9a20-218d03b22adb] Item 2: Re-uploaded 1080p → https://studio.xanhmedia.vn/uploads/2026-09/1788666729487_6974ce_8e8b4eea-e67e-48c2-9a20-218d03b22adb_382.mp4
2026-09-06T03:52:14.541Z [382de091-7ba8-414a-9f57-ae0f9ae071dd][8e8b4eea-e67e-48c2-9a20-218d03b22adb] Item 1: Re-uploaded 1080p → https://studio.xanhmedia.vn/uploads/2026-09/1788666733439_38d06c_8e8b4eea-e67e-48c2-9a20-218d03b22adb_382.mp4
2026-09-06T03:52:14.542Z [382de091-7ba8-414a-9f57-ae0f9ae071dd][8e8b4eea-e67e-48c2-9a20-218d03b22adb] ✅ 2 item(s) + 1080p saved to Downloads/Win AI Toolkit/
2026-09-06T03:52:14.544Z [382de091-7ba8-414a-9f57-ae0f9ae071dd][8e8b4eea-e67e-48c2-9a20-218d03b22adb] All done (including any 1080p upgrades). Closing Playwright browser context.
2026-09-06T03:52:15.692Z [ad40ac6b-4fc0-4332-ae29-074ddec1bd2f][8e8b4eea-e67e-48c2-9a20-218d03b22adb] runGeneration starting: task_id=ad40ac6b-4fc0-4332-ae29-074ddec1bd2f, profile_id=8e8b4eea-e67e-48c2-9a20-218d03b22adb, target_site=google_flow
2026-09-06T03:52:15.693Z [ad40ac6b-4fc0-4332-ae29-074ddec1bd2f][8e8b4eea-e67e-48c2-9a20-218d03b22adb] Opening Playwright browser with persistent profile cookies...
2026-09-06T03:52:15.694Z [ad40ac6b-4fc0-4332-ae29-074ddec1bd2f][8e8b4eea-e67e-48c2-9a20-218d03b22adb] Browser engine: winhide (C:\Users\Admin\AppData\Roaming\com.tank.winai\winhide\chrome.exe) [hidden off-screen]
2026-09-06T03:52:15.694Z [ad40ac6b-4fc0-4332-ae29-074ddec1bd2f][8e8b4eea-e67e-48c2-9a20-218d03b22adb] Launch mode: STEALTH (raw spawn + connectOverCDP)
2026-09-06T03:52:17.694Z [ad40ac6b-4fc0-4332-ae29-074ddec1bd2f][8e8b4eea-e67e-48c2-9a20-218d03b22adb] Exit IP: 115.74.128.9
2026-09-06T03:52:17.694Z [ad40ac6b-4fc0-4332-ae29-074ddec1bd2f][8e8b4eea-e67e-48c2-9a20-218d03b22adb] Navigating browser to Google Flow tools page...
2026-09-06T03:52:17.695Z [ad40ac6b-4fc0-4332-ae29-074ddec1bd2f][8e8b4eea-e67e-48c2-9a20-218d03b22adb] Using existing project URL: https://flow.google.com/project/52188b41-ba09-4240-a569-98bde902989b?hl=en
2026-09-06T03:52:18.600Z [ad40ac6b-4fc0-4332-ae29-074ddec1bd2f][8e8b4eea-e67e-48c2-9a20-218d03b22adb] Waiting for Google Flow...
2026-09-06T03:52:20.664Z [ad40ac6b-4fc0-4332-ae29-074ddec1bd2f][8e8b4eea-e67e-48c2-9a20-218d03b22adb] In existing project ✓
2026-09-06T03:52:22.440Z [ad40ac6b-4fc0-4332-ae29-074ddec1bd2f][8e8b4eea-e67e-48c2-9a20-218d03b22adb] dismissPopups: unresolved overlay(s) ["DIV[]|btns=","DIV[]|btns="]
2026-09-06T03:52:22.528Z [ad40ac6b-4fc0-4332-ae29-074ddec1bd2f][8e8b4eea-e67e-48c2-9a20-218d03b22adb] Composer ready ✓ (UI language: en)
2026-09-06T03:52:22.537Z [ad40ac6b-4fc0-4332-ae29-074ddec1bd2f][8e8b4eea-e67e-48c2-9a20-218d03b22adb] dismissPopups: unresolved overlay(s) ["DIV[]|btns=","DIV[]|btns="]
2026-09-06T03:52:22.550Z [ad40ac6b-4fc0-4332-ae29-074ddec1bd2f][8e8b4eea-e67e-48c2-9a20-218d03b22adb] Agent toggle aria-pressed=false
2026-09-06T03:52:22.551Z [ad40ac6b-4fc0-4332-ae29-074ddec1bd2f][8e8b4eea-e67e-48c2-9a20-218d03b22adb] Opening settings...
2026-09-06T03:52:24.568Z [ad40ac6b-4fc0-4332-ae29-074ddec1bd2f][8e8b4eea-e67e-48c2-9a20-218d03b22adb] Configuring video settings...
2026-09-06T03:52:24.600Z [ad40ac6b-4fc0-4332-ae29-074ddec1bd2f][8e8b4eea-e67e-48c2-9a20-218d03b22adb] Mode: "videocam Video" already selected ✓
2026-09-06T03:52:27.204Z [ad40ac6b-4fc0-4332-ae29-074ddec1bd2f][8e8b4eea-e67e-48c2-9a20-218d03b22adb] Video type: selected "crop_free Frames" ✓
2026-09-06T03:52:28.163Z [ad40ac6b-4fc0-4332-ae29-074ddec1bd2f][8e8b4eea-e67e-48c2-9a20-218d03b22adb] Model "Omni 1.1 Flash" already selected ✓ (chip reads "Omni 1.1 Flash")
2026-09-06T03:52:28.754Z [ad40ac6b-4fc0-4332-ae29-074ddec1bd2f][8e8b4eea-e67e-48c2-9a20-218d03b22adb] Aspect ratio: "crop_16_9 16:9" already selected ✓
2026-09-06T03:52:28.776Z [ad40ac6b-4fc0-4332-ae29-074ddec1bd2f][8e8b4eea-e67e-48c2-9a20-218d03b22adb] Video resolution: "720p" already selected ✓
2026-09-06T03:52:28.801Z [ad40ac6b-4fc0-4332-ae29-074ddec1bd2f][8e8b4eea-e67e-48c2-9a20-218d03b22adb] Duration: "8s" already selected ✓
2026-09-06T03:52:28.822Z [ad40ac6b-4fc0-4332-ae29-074ddec1bd2f][8e8b4eea-e67e-48c2-9a20-218d03b22adb] Output count: "x2" already selected ✓
2026-09-06T03:52:30.026Z [ad40ac6b-4fc0-4332-ae29-074ddec1bd2f][8e8b4eea-e67e-48c2-9a20-218d03b22adb] Entering prompt...
2026-09-06T03:52:31.874Z [ad40ac6b-4fc0-4332-ae29-074ddec1bd2f][8e8b4eea-e67e-48c2-9a20-218d03b22adb] Prompt is 1618 chars — typing it in 32 chunk(s).
2026-09-06T03:52:47.449Z [ad40ac6b-4fc0-4332-ae29-074ddec1bd2f][8e8b4eea-e67e-48c2-9a20-218d03b22adb] Prompt insert attempt 1: editor has 1599 chars (want ~1614) ✓
2026-09-06T03:52:49.414Z [ad40ac6b-4fc0-4332-ae29-074ddec1bd2f][8e8b4eea-e67e-48c2-9a20-218d03b22adb] Baseline: 50 pre-existing media tile(s) of 50 mounted (kinds: video,video,image,video,video,image,video,video,video,video,video,video,video,video,video,video,image,video,video,image,video,video,image,video,video,video,video,video,video,image,video,video,image,video,video,image,video,video,image,video,video,image,video,video,image,video,video,image,video,video).
2026-09-06T03:52:51.749Z [ad40ac6b-4fc0-4332-ae29-074ddec1bd2f][8e8b4eea-e67e-48c2-9a20-218d03b22adb] [submit] confirmed (editor "What do you want to ", fresh tile=true).
2026-09-06T03:52:52.194Z [ad40ac6b-4fc0-4332-ae29-074ddec1bd2f][8e8b4eea-e67e-48c2-9a20-218d03b22adb] Current Workspace project URL: https://flow.google.com/project/52188b41-ba09-4240-a569-98bde902989b?hl=en
2026-09-06T03:52:52.194Z [ad40ac6b-4fc0-4332-ae29-074ddec1bd2f][8e8b4eea-e67e-48c2-9a20-218d03b22adb] Submitted ✓ Detecting batch size...
2026-09-06T03:52:52.207Z [ad40ac6b-4fc0-4332-ae29-074ddec1bd2f][8e8b4eea-e67e-48c2-9a20-218d03b22adb] New tile(s) since submit: 0 → 2 (mounted=50)
2026-09-06T03:52:56.344Z [ad40ac6b-4fc0-4332-ae29-074ddec1bd2f][8e8b4eea-e67e-48c2-9a20-218d03b22adb] Batch size stabilised at 2 new tile(s)
2026-09-06T03:52:56.345Z [ad40ac6b-4fc0-4332-ae29-074ddec1bd2f][8e8b4eea-e67e-48c2-9a20-218d03b22adb] Batch detected: 2 item(s). Generating...
2026-09-06T03:52:56.345Z [ad40ac6b-4fc0-4332-ae29-074ddec1bd2f][8e8b4eea-e67e-48c2-9a20-218d03b22adb] Polling for 2 video item(s) (baseline=50, hasUpload=false)...
2026-09-06T03:52:56.355Z [ad40ac6b-4fc0-4332-ae29-074ddec1bd2f][8e8b4eea-e67e-48c2-9a20-218d03b22adb] Generating... 0 ready, 0 failed / 2 total (0s) play_circle [HÀNH ĐỘ play_circle [HÀNH ĐỘ
2026-09-06T03:52:59.373Z [ad40ac6b-4fc0-4332-ae29-074ddec1bd2f][8e8b4eea-e67e-48c2-9a20-218d03b22adb] Generating... 0 ready, 0 failed / 2 total (3s) play_circle [HÀNH ĐỘ play_circle [HÀNH ĐỘ
2026-09-06T03:53:02.395Z [ad40ac6b-4fc0-4332-ae29-074ddec1bd2f][8e8b4eea-e67e-48c2-9a20-218d03b22adb] Generating... 0 ready, 0 failed / 2 total (6s) play_circle 0% [HÀNH play_circle 0% [HÀNH
2026-09-06T03:53:05.416Z [ad40ac6b-4fc0-4332-ae29-074ddec1bd2f][8e8b4eea-e67e-48c2-9a20-218d03b22adb] Generating... 0 ready, 0 failed / 2 total (9s) play_circle 2% [HÀNH play_circle 2% [HÀNH
2026-09-06T03:53:08.433Z [ad40ac6b-4fc0-4332-ae29-074ddec1bd2f][8e8b4eea-e67e-48c2-9a20-218d03b22adb] Generating... 0 ready, 0 failed / 2 total (12s) play_circle 4% [HÀNH play_circle 4% [HÀNH
2026-09-06T03:53:11.446Z [ad40ac6b-4fc0-4332-ae29-074ddec1bd2f][8e8b4eea-e67e-48c2-9a20-218d03b22adb] Generating... 0 ready, 0 failed / 2 total (15s) play_circle 8% [HÀNH play_circle 8% [HÀNH
2026-09-06T03:53:14.464Z [ad40ac6b-4fc0-4332-ae29-074ddec1bd2f][8e8b4eea-e67e-48c2-9a20-218d03b22adb] Generating... 0 ready, 0 failed / 2 total (18s) play_circle 10% [HÀN play_circle 10% [HÀN
2026-09-06T03:53:17.483Z [ad40ac6b-4fc0-4332-ae29-074ddec1bd2f][8e8b4eea-e67e-48c2-9a20-218d03b22adb] Generating... 0 ready, 0 failed / 2 total (21s) play_circle 13% [HÀN play_circle 12% [HÀN
2026-09-06T03:53:20.497Z [ad40ac6b-4fc0-4332-ae29-074ddec1bd2f][8e8b4eea-e67e-48c2-9a20-218d03b22adb] Generating... 0 ready, 0 failed / 2 total (24s) play_circle 16% [HÀN play_circle 16% [HÀN
2026-09-06T03:53:23.514Z [ad40ac6b-4fc0-4332-ae29-074ddec1bd2f][8e8b4eea-e67e-48c2-9a20-218d03b22adb] Generating... 0 ready, 0 failed / 2 total (27s) play_circle 17% [HÀN play_circle 17% [HÀN
2026-09-06T03:53:26.534Z [ad40ac6b-4fc0-4332-ae29-074ddec1bd2f][8e8b4eea-e67e-48c2-9a20-218d03b22adb] Generating... 0 ready, 0 failed / 2 total (30s) play_circle 20% [HÀN play_circle 20% [HÀN
2026-09-06T03:53:29.554Z [ad40ac6b-4fc0-4332-ae29-074ddec1bd2f][8e8b4eea-e67e-48c2-9a20-218d03b22adb] Generating... 0 ready, 0 failed / 2 total (33s) play_circle 23% [HÀN
2026-09-06T03:53:32.576Z [ad40ac6b-4fc0-4332-ae29-074ddec1bd2f][8e8b4eea-e67e-48c2-9a20-218d03b22adb] Generating... 0 ready, 0 failed / 2 total (36s)
2026-09-06T03:53:32.576Z [ad40ac6b-4fc0-4332-ae29-074ddec1bd2f][8e8b4eea-e67e-48c2-9a20-218d03b22adb] This run's tiles disappeared from the grid — waiting to see if the grid is just re-rendering.
2026-09-06T03:53:35.597Z [ad40ac6b-4fc0-4332-ae29-074ddec1bd2f][8e8b4eea-e67e-48c2-9a20-218d03b22adb] Generating... 0 ready, 0 failed / 2 total (39s)
2026-09-06T03:53:38.619Z [ad40ac6b-4fc0-4332-ae29-074ddec1bd2f][8e8b4eea-e67e-48c2-9a20-218d03b22adb] Generating... 0 ready, 0 failed / 2 total (42s)
2026-09-06T03:53:41.634Z [ad40ac6b-4fc0-4332-ae29-074ddec1bd2f][8e8b4eea-e67e-48c2-9a20-218d03b22adb] Generating... 0 ready, 0 failed / 2 total (45s)
2026-09-06T03:53:44.645Z [ad40ac6b-4fc0-4332-ae29-074ddec1bd2f][8e8b4eea-e67e-48c2-9a20-218d03b22adb] Generating... 0 ready, 0 failed / 2 total (48s)
2026-09-06T03:53:44.646Z [ad40ac6b-4fc0-4332-ae29-074ddec1bd2f][8e8b4eea-e67e-48c2-9a20-218d03b22adb] Flow attempt 1/1 failed: Google Flow discarded this generation: the tile(s) it created were removed after 48s without producing a result — a Flow-side failure, not a timeout. Try again, or change the prompt/settings.
2026-09-06T03:53:44.646Z [ad40ac6b-4fc0-4332-ae29-074ddec1bd2f][8e8b4eea-e67e-48c2-9a20-218d03b22adb] runGeneration ERROR exception: Error: Google Flow discarded this generation: the tile(s) it created were removed after 48s without producing a result — a Flow-side failure, not a timeout. Try again, or change the prompt/settings.
    at runGoogleFlow (C:\snapshot\sidecar\dist\sidecar.cjs:8124:13)
    at async runGeneration (C:\snapshot\sidecar\dist\sidecar.cjs:8435:11)
    at async handleCommand (C:\snapshot\sidecar\dist\sidecar.cjs:6513:7)
    at async C:\snapshot\sidecar\dist\sidecar.cjs:6429:11
2026-09-06T03:53:47.009Z [bdfaa1fb-5e72-4c65-be55-c87e0db99756][8e8b4eea-e67e-48c2-9a20-218d03b22adb] runGeneration starting: task_id=bdfaa1fb-5e72-4c65-be55-c87e0db99756, profile_id=8e8b4eea-e67e-48c2-9a20-218d03b22adb, target_site=google_flow
2026-09-06T03:53:47.010Z [bdfaa1fb-5e72-4c65-be55-c87e0db99756][8e8b4eea-e67e-48c2-9a20-218d03b22adb] Opening Playwright browser with persistent profile cookies...
2026-09-06T03:53:47.010Z [bdfaa1fb-5e72-4c65-be55-c87e0db99756][8e8b4eea-e67e-48c2-9a20-218d03b22adb] Browser engine: winhide (C:\Users\Admin\AppData\Roaming\com.tank.winai\winhide\chrome.exe) [hidden off-screen]
2026-09-06T03:53:47.011Z [bdfaa1fb-5e72-4c65-be55-c87e0db99756][8e8b4eea-e67e-48c2-9a20-218d03b22adb] Launch mode: STEALTH (raw spawn + connectOverCDP)
2026-09-06T03:53:49.828Z [bdfaa1fb-5e72-4c65-be55-c87e0db99756][8e8b4eea-e67e-48c2-9a20-218d03b22adb] Exit IP: 115.74.128.9
2026-09-06T03:53:49.829Z [bdfaa1fb-5e72-4c65-be55-c87e0db99756][8e8b4eea-e67e-48c2-9a20-218d03b22adb] Navigating browser to Google Flow tools page...
2026-09-06T03:53:49.829Z [bdfaa1fb-5e72-4c65-be55-c87e0db99756][8e8b4eea-e67e-48c2-9a20-218d03b22adb] Using existing project URL: https://flow.google.com/project/643b808f-7d88-45ee-a818-35d5f8e84fec?hl=en
2026-09-06T03:53:50.768Z [bdfaa1fb-5e72-4c65-be55-c87e0db99756][8e8b4eea-e67e-48c2-9a20-218d03b22adb] Waiting for Google Flow...
2026-09-06T03:53:52.400Z [bdfaa1fb-5e72-4c65-be55-c87e0db99756][8e8b4eea-e67e-48c2-9a20-218d03b22adb] In existing project ✓
2026-09-06T03:53:53.350Z [bdfaa1fb-5e72-4c65-be55-c87e0db99756][8e8b4eea-e67e-48c2-9a20-218d03b22adb] dismissPopups: unresolved overlay(s) ["IFRAME[presentation]|btns="]
2026-09-06T03:53:54.572Z [bdfaa1fb-5e72-4c65-be55-c87e0db99756][8e8b4eea-e67e-48c2-9a20-218d03b22adb] Composer ready ✓ (UI language: en)
2026-09-06T03:53:54.593Z [bdfaa1fb-5e72-4c65-be55-c87e0db99756][8e8b4eea-e67e-48c2-9a20-218d03b22adb] dismissPopups: unresolved overlay(s) ["DIV[]|btns=","DIV[]|btns="]
2026-09-06T03:53:54.613Z [bdfaa1fb-5e72-4c65-be55-c87e0db99756][8e8b4eea-e67e-48c2-9a20-218d03b22adb] Agent toggle aria-pressed=false
2026-09-06T03:53:54.614Z [bdfaa1fb-5e72-4c65-be55-c87e0db99756][8e8b4eea-e67e-48c2-9a20-218d03b22adb] Opening settings...
2026-09-06T03:53:56.515Z [bdfaa1fb-5e72-4c65-be55-c87e0db99756][8e8b4eea-e67e-48c2-9a20-218d03b22adb] Configuring video settings...
2026-09-06T03:53:56.561Z [bdfaa1fb-5e72-4c65-be55-c87e0db99756][8e8b4eea-e67e-48c2-9a20-218d03b22adb] Mode: "videocam Video" already selected ✓
2026-09-06T03:53:59.231Z [bdfaa1fb-5e72-4c65-be55-c87e0db99756][8e8b4eea-e67e-48c2-9a20-218d03b22adb] Video type: selected "crop_free Frames" ✓
2026-09-06T03:54:00.229Z [bdfaa1fb-5e72-4c65-be55-c87e0db99756][8e8b4eea-e67e-48c2-9a20-218d03b22adb] Model "Omni 1.1 Flash" already selected ✓ (chip reads "Omni 1.1 Flash")
2026-09-06T03:54:00.762Z [bdfaa1fb-5e72-4c65-be55-c87e0db99756][8e8b4eea-e67e-48c2-9a20-218d03b22adb] Aspect ratio: "crop_16_9 16:9" already selected ✓
2026-09-06T03:54:00.782Z [bdfaa1fb-5e72-4c65-be55-c87e0db99756][8e8b4eea-e67e-48c2-9a20-218d03b22adb] Video resolution: "720p" already selected ✓
2026-09-06T03:54:00.808Z [bdfaa1fb-5e72-4c65-be55-c87e0db99756][8e8b4eea-e67e-48c2-9a20-218d03b22adb] Duration: "8s" already selected ✓
2026-09-06T03:54:00.826Z [bdfaa1fb-5e72-4c65-be55-c87e0db99756][8e8b4eea-e67e-48c2-9a20-218d03b22adb] Output count: "x2" already selected ✓
2026-09-06T03:54:01.896Z [bdfaa1fb-5e72-4c65-be55-c87e0db99756][8e8b4eea-e67e-48c2-9a20-218d03b22adb] Entering prompt...
2026-09-06T03:54:03.682Z [bdfaa1fb-5e72-4c65-be55-c87e0db99756][8e8b4eea-e67e-48c2-9a20-218d03b22adb] Prompt is 1618 chars — typing it in 32 chunk(s).
2026-09-06T03:54:17.845Z [bdfaa1fb-5e72-4c65-be55-c87e0db99756][8e8b4eea-e67e-48c2-9a20-218d03b22adb] Prompt insert attempt 1: editor has 1599 chars (want ~1614) ✓
2026-09-06T03:54:19.463Z [bdfaa1fb-5e72-4c65-be55-c87e0db99756][8e8b4eea-e67e-48c2-9a20-218d03b22adb] Baseline: 50 pre-existing media tile(s) of 50 mounted (kinds: video,video,image,video,video,image,video,video,video,video,video,video,video,video,video,video,image,video,video,image,video,video,image,video,video,video,video,image,video,video,image,video,video,image,video,video,image,video,video,image,video,video,image,video,video,image,video,video,image,video).
2026-09-06T03:54:21.445Z [bdfaa1fb-5e72-4c65-be55-c87e0db99756][8e8b4eea-e67e-48c2-9a20-218d03b22adb] [submit] confirmed (editor "What do you want to ", fresh tile=true).
2026-09-06T03:54:21.961Z [bdfaa1fb-5e72-4c65-be55-c87e0db99756][8e8b4eea-e67e-48c2-9a20-218d03b22adb] Current Workspace project URL: https://flow.google.com/project/643b808f-7d88-45ee-a818-35d5f8e84fec?hl=en
2026-09-06T03:54:21.961Z [bdfaa1fb-5e72-4c65-be55-c87e0db99756][8e8b4eea-e67e-48c2-9a20-218d03b22adb] Submitted ✓ Detecting batch size...
2026-09-06T03:54:21.976Z [bdfaa1fb-5e72-4c65-be55-c87e0db99756][8e8b4eea-e67e-48c2-9a20-218d03b22adb] New tile(s) since submit: 0 → 2 (mounted=50)
2026-09-06T03:54:26.092Z [bdfaa1fb-5e72-4c65-be55-c87e0db99756][8e8b4eea-e67e-48c2-9a20-218d03b22adb] Batch size stabilised at 2 new tile(s)
2026-09-06T03:54:26.092Z [bdfaa1fb-5e72-4c65-be55-c87e0db99756][8e8b4eea-e67e-48c2-9a20-218d03b22adb] Batch detected: 2 item(s). Generating...
2026-09-06T03:54:26.093Z [bdfaa1fb-5e72-4c65-be55-c87e0db99756][8e8b4eea-e67e-48c2-9a20-218d03b22adb] Polling for 2 video item(s) (baseline=50, hasUpload=false)...
2026-09-06T03:54:26.103Z [bdfaa1fb-5e72-4c65-be55-c87e0db99756][8e8b4eea-e67e-48c2-9a20-218d03b22adb] Generating... 0 ready, 0 failed / 2 total (0s) play_circle [HÀNH ĐỘ play_circle [HÀNH ĐỘ
2026-09-06T03:54:29.144Z [bdfaa1fb-5e72-4c65-be55-c87e0db99756][8e8b4eea-e67e-48c2-9a20-218d03b22adb] Generating... 0 ready, 0 failed / 2 total (3s) play_circle [HÀNH ĐỘ play_circle [HÀNH ĐỘ
2026-09-06T03:54:32.159Z [bdfaa1fb-5e72-4c65-be55-c87e0db99756][8e8b4eea-e67e-48c2-9a20-218d03b22adb] Generating... 0 ready, 0 failed / 2 total (6s) play_circle 0% [HÀNH play_circle 0% [HÀNH
2026-09-06T03:54:35.171Z [bdfaa1fb-5e72-4c65-be55-c87e0db99756][8e8b4eea-e67e-48c2-9a20-218d03b22adb] Generating... 0 ready, 0 failed / 2 total (9s) play_circle 1% [HÀNH play_circle 1% [HÀNH
2026-09-06T03:54:38.192Z [bdfaa1fb-5e72-4c65-be55-c87e0db99756][8e8b4eea-e67e-48c2-9a20-218d03b22adb] Generating... 0 ready, 0 failed / 2 total (12s) play_circle 5% [HÀNH play_circle 4% [HÀNH
2026-09-06T03:54:41.210Z [bdfaa1fb-5e72-4c65-be55-c87e0db99756][8e8b4eea-e67e-48c2-9a20-218d03b22adb] Generating... 0 ready, 0 failed / 2 total (15s) play_circle 7% [HÀNH play_circle 7% [HÀNH
2026-09-06T03:54:44.223Z [bdfaa1fb-5e72-4c65-be55-c87e0db99756][8e8b4eea-e67e-48c2-9a20-218d03b22adb] Generating... 0 ready, 0 failed / 2 total (18s) play_circle 9% [HÀNH play_circle 9% [HÀNH
2026-09-06T03:54:47.244Z [bdfaa1fb-5e72-4c65-be55-c87e0db99756][8e8b4eea-e67e-48c2-9a20-218d03b22adb] Generating... 0 ready, 0 failed / 2 total (21s) play_circle 12% [HÀN play_circle 12% [HÀN
2026-09-06T03:54:50.260Z [bdfaa1fb-5e72-4c65-be55-c87e0db99756][8e8b4eea-e67e-48c2-9a20-218d03b22adb] Generating... 0 ready, 0 failed / 2 total (24s) play_circle 14% [HÀN play_circle 14% [HÀN
2026-09-06T03:54:53.277Z [bdfaa1fb-5e72-4c65-be55-c87e0db99756][8e8b4eea-e67e-48c2-9a20-218d03b22adb] Generating... 0 ready, 0 failed / 2 total (27s) play_circle 16% [HÀN play_circle 16% [HÀN
2026-09-06T03:54:56.297Z [bdfaa1fb-5e72-4c65-be55-c87e0db99756][8e8b4eea-e67e-48c2-9a20-218d03b22adb] Generating... 0 ready, 0 failed / 2 total (30s) play_circle 20% [HÀN play_circle 20% [HÀN
2026-09-06T03:54:59.313Z [bdfaa1fb-5e72-4c65-be55-c87e0db99756][8e8b4eea-e67e-48c2-9a20-218d03b22adb] Generating... 0 ready, 0 failed / 2 total (33s)
2026-09-06T03:54:59.313Z [bdfaa1fb-5e72-4c65-be55-c87e0db99756][8e8b4eea-e67e-48c2-9a20-218d03b22adb] This run's tiles disappeared from the grid — waiting to see if the grid is just re-rendering.
2026-09-06T03:55:02.324Z [bdfaa1fb-5e72-4c65-be55-c87e0db99756][8e8b4eea-e67e-48c2-9a20-218d03b22adb] Generating... 0 ready, 0 failed / 2 total (36s)
2026-09-06T03:55:05.345Z [bdfaa1fb-5e72-4c65-be55-c87e0db99756][8e8b4eea-e67e-48c2-9a20-218d03b22adb] Generating... 0 ready, 0 failed / 2 total (39s)
2026-09-06T03:55:08.364Z [bdfaa1fb-5e72-4c65-be55-c87e0db99756][8e8b4eea-e67e-48c2-9a20-218d03b22adb] Generating... 0 ready, 0 failed / 2 total (42s)
2026-09-06T03:55:11.386Z [bdfaa1fb-5e72-4c65-be55-c87e0db99756][8e8b4eea-e67e-48c2-9a20-218d03b22adb] Generating... 0 ready, 0 failed / 2 total (45s)
2026-09-06T03:55:11.386Z [bdfaa1fb-5e72-4c65-be55-c87e0db99756][8e8b4eea-e67e-48c2-9a20-218d03b22adb] Flow attempt 1/1 failed: Google Flow discarded this generation: the tile(s) it created were removed after 45s without producing a result — a Flow-side failure, not a timeout. Try again, or change the prompt/settings.
2026-09-06T03:55:11.387Z [bdfaa1fb-5e72-4c65-be55-c87e0db99756][8e8b4eea-e67e-48c2-9a20-218d03b22adb] runGeneration ERROR exception: Error: Google Flow discarded this generation: the tile(s) it created were removed after 45s without producing a result — a Flow-side failure, not a timeout. Try again, or change the prompt/settings.
    at runGoogleFlow (C:\snapshot\sidecar\dist\sidecar.cjs:8124:13)
    at async runGeneration (C:\snapshot\sidecar\dist\sidecar.cjs:8435:11)
    at async handleCommand (C:\snapshot\sidecar\dist\sidecar.cjs:6513:7)
    at async C:\snapshot\sidecar\dist\sidecar.cjs:6429:11
2026-09-06T03:55:13.868Z [f75bfb8c-6587-4c24-8c4a-c028becc3a26][8e8b4eea-e67e-48c2-9a20-218d03b22adb] runGeneration starting: task_id=f75bfb8c-6587-4c24-8c4a-c028becc3a26, profile_id=8e8b4eea-e67e-48c2-9a20-218d03b22adb, target_site=google_flow
2026-09-06T03:55:13.869Z [f75bfb8c-6587-4c24-8c4a-c028becc3a26][8e8b4eea-e67e-48c2-9a20-218d03b22adb] Opening Playwright browser with persistent profile cookies...
2026-09-06T03:55:13.870Z [f75bfb8c-6587-4c24-8c4a-c028becc3a26][8e8b4eea-e67e-48c2-9a20-218d03b22adb] Browser engine: winhide (C:\Users\Admin\AppData\Roaming\com.tank.winai\winhide\chrome.exe) [hidden off-screen]
2026-09-06T03:55:13.870Z [f75bfb8c-6587-4c24-8c4a-c028becc3a26][8e8b4eea-e67e-48c2-9a20-218d03b22adb] Launch mode: STEALTH (raw spawn + connectOverCDP)
2026-09-06T03:55:22.726Z [f75bfb8c-6587-4c24-8c4a-c028becc3a26][8e8b4eea-e67e-48c2-9a20-218d03b22adb] IP check failed: apiRequestContext.get: Timeout 8000ms exceeded.
Call log:
[2m  - → GET https://api.ipify.org/?format=json[22m
[2m    - user-agent: Mozilla/5.0 (Windows NT 10.0; Win64; x64) AppleWebKit/537.36 (KHTML, like Gecko) Chrome/142.0.0.0 Safari/537.36[22m
[2m    - accept: */*[22m
[2m    - accept-encoding: gzip,deflate,br[22m

2026-09-06T03:55:22.726Z [f75bfb8c-6587-4c24-8c4a-c028becc3a26][8e8b4eea-e67e-48c2-9a20-218d03b22adb] Navigating browser to Google Flow tools page...
2026-09-06T03:55:22.727Z [f75bfb8c-6587-4c24-8c4a-c028becc3a26][8e8b4eea-e67e-48c2-9a20-218d03b22adb] Using existing project URL: https://flow.google.com/project/5cd39577-897c-41b2-8dc8-7fabdd51c4ed?hl=en
2026-09-06T03:55:23.433Z [f75bfb8c-6587-4c24-8c4a-c028becc3a26][8e8b4eea-e67e-48c2-9a20-218d03b22adb] Waiting for Google Flow...
2026-09-06T03:55:25.844Z [f75bfb8c-6587-4c24-8c4a-c028becc3a26][8e8b4eea-e67e-48c2-9a20-218d03b22adb] In existing project ✓
2026-09-06T03:55:27.661Z [f75bfb8c-6587-4c24-8c4a-c028becc3a26][8e8b4eea-e67e-48c2-9a20-218d03b22adb] dismissPopups: unresolved overlay(s) ["DIV[]|btns=","DIV[]|btns="]
2026-09-06T03:55:27.730Z [f75bfb8c-6587-4c24-8c4a-c028becc3a26][8e8b4eea-e67e-48c2-9a20-218d03b22adb] Composer ready ✓ (UI language: en)
2026-09-06T03:55:27.743Z [f75bfb8c-6587-4c24-8c4a-c028becc3a26][8e8b4eea-e67e-48c2-9a20-218d03b22adb] dismissPopups: unresolved overlay(s) ["DIV[]|btns=","DIV[]|btns="]
2026-09-06T03:55:27.798Z [f75bfb8c-6587-4c24-8c4a-c028becc3a26][8e8b4eea-e67e-48c2-9a20-218d03b22adb] Agent toggle aria-pressed=false
2026-09-06T03:55:27.798Z [f75bfb8c-6587-4c24-8c4a-c028becc3a26][8e8b4eea-e67e-48c2-9a20-218d03b22adb] Opening settings...
2026-09-06T03:55:29.521Z [f75bfb8c-6587-4c24-8c4a-c028becc3a26][8e8b4eea-e67e-48c2-9a20-218d03b22adb] Configuring video settings...
2026-09-06T03:55:29.551Z [f75bfb8c-6587-4c24-8c4a-c028becc3a26][8e8b4eea-e67e-48c2-9a20-218d03b22adb] Mode: "videocam Video" already selected ✓
2026-09-06T03:55:31.964Z [f75bfb8c-6587-4c24-8c4a-c028becc3a26][8e8b4eea-e67e-48c2-9a20-218d03b22adb] Video type: selected "crop_free Frames" ✓
2026-09-06T03:55:32.851Z [f75bfb8c-6587-4c24-8c4a-c028becc3a26][8e8b4eea-e67e-48c2-9a20-218d03b22adb] Model "Omni 1.1 Flash" already selected ✓ (chip reads "Omni 1.1 Flash")
2026-09-06T03:55:33.446Z [f75bfb8c-6587-4c24-8c4a-c028becc3a26][8e8b4eea-e67e-48c2-9a20-218d03b22adb] Aspect ratio: "crop_16_9 16:9" already selected ✓
2026-09-06T03:55:33.464Z [f75bfb8c-6587-4c24-8c4a-c028becc3a26][8e8b4eea-e67e-48c2-9a20-218d03b22adb] Video resolution: "720p" already selected ✓
2026-09-06T03:55:33.494Z [f75bfb8c-6587-4c24-8c4a-c028becc3a26][8e8b4eea-e67e-48c2-9a20-218d03b22adb] Duration: "8s" already selected ✓
2026-09-06T03:55:33.514Z [f75bfb8c-6587-4c24-8c4a-c028becc3a26][8e8b4eea-e67e-48c2-9a20-218d03b22adb] Output count: "x2" already selected ✓
2026-09-06T03:55:34.606Z [f75bfb8c-6587-4c24-8c4a-c028becc3a26][8e8b4eea-e67e-48c2-9a20-218d03b22adb] Entering prompt...
2026-09-06T03:55:36.414Z [f75bfb8c-6587-4c24-8c4a-c028becc3a26][8e8b4eea-e67e-48c2-9a20-218d03b22adb] Prompt is 1618 chars — typing it in 32 chunk(s).
2026-09-06T03:55:50.868Z [f75bfb8c-6587-4c24-8c4a-c028becc3a26][8e8b4eea-e67e-48c2-9a20-218d03b22adb] Prompt insert attempt 1: editor has 1599 chars (want ~1614) ✓
2026-09-06T03:55:52.628Z [f75bfb8c-6587-4c24-8c4a-c028becc3a26][8e8b4eea-e67e-48c2-9a20-218d03b22adb] Baseline: 50 pre-existing media tile(s) of 50 mounted (kinds: video,video,image,video,video,image,video,video,video,video,video,video,image,video,video,image,video,video,image,video,image,video,video,image,video,video,video,video,image,video,video,image,video,video,image,video,video,image,video,video,image,video,video,image,video,video,image,video,video,image).
2026-09-06T03:55:54.389Z [f75bfb8c-6587-4c24-8c4a-c028becc3a26][8e8b4eea-e67e-48c2-9a20-218d03b22adb] [submit] confirmed (editor "What do you want to ", fresh tile=true).
2026-09-06T03:55:54.804Z [f75bfb8c-6587-4c24-8c4a-c028becc3a26][8e8b4eea-e67e-48c2-9a20-218d03b22adb] Current Workspace project URL: https://flow.google.com/project/5cd39577-897c-41b2-8dc8-7fabdd51c4ed?hl=en
2026-09-06T03:55:54.805Z [f75bfb8c-6587-4c24-8c4a-c028becc3a26][8e8b4eea-e67e-48c2-9a20-218d03b22adb] Submitted ✓ Detecting batch size...
2026-09-06T03:55:54.819Z [f75bfb8c-6587-4c24-8c4a-c028becc3a26][8e8b4eea-e67e-48c2-9a20-218d03b22adb] New tile(s) since submit: 0 → 2 (mounted=50)
2026-09-06T03:55:58.975Z [f75bfb8c-6587-4c24-8c4a-c028becc3a26][8e8b4eea-e67e-48c2-9a20-218d03b22adb] Batch size stabilised at 2 new tile(s)
2026-09-06T03:55:58.975Z [f75bfb8c-6587-4c24-8c4a-c028becc3a26][8e8b4eea-e67e-48c2-9a20-218d03b22adb] Batch detected: 2 item(s). Generating...
2026-09-06T03:55:58.976Z [f75bfb8c-6587-4c24-8c4a-c028becc3a26][8e8b4eea-e67e-48c2-9a20-218d03b22adb] Polling for 2 video item(s) (baseline=50, hasUpload=false)...
2026-09-06T03:55:58.987Z [f75bfb8c-6587-4c24-8c4a-c028becc3a26][8e8b4eea-e67e-48c2-9a20-218d03b22adb] Generating... 0 ready, 0 failed / 2 total (0s) play_circle [HÀNH ĐỘ play_circle [HÀNH ĐỘ
2026-09-06T03:56:02.004Z [f75bfb8c-6587-4c24-8c4a-c028becc3a26][8e8b4eea-e67e-48c2-9a20-218d03b22adb] Generating... 0 ready, 0 failed / 2 total (3s) play_circle [HÀNH ĐỘ play_circle [HÀNH ĐỘ
2026-09-06T03:56:05.036Z [f75bfb8c-6587-4c24-8c4a-c028becc3a26][8e8b4eea-e67e-48c2-9a20-218d03b22adb] Generating... 0 ready, 0 failed / 2 total (6s) play_circle 0% [HÀNH play_circle 0% [HÀNH
2026-09-06T03:56:08.054Z [f75bfb8c-6587-4c24-8c4a-c028becc3a26][8e8b4eea-e67e-48c2-9a20-218d03b22adb] Generating... 0 ready, 0 failed / 2 total (9s) play_circle 1% [HÀNH play_circle 1% [HÀNH
2026-09-06T03:56:11.076Z [f75bfb8c-6587-4c24-8c4a-c028becc3a26][8e8b4eea-e67e-48c2-9a20-218d03b22adb] Generating... 0 ready, 0 failed / 2 total (12s) play_circle 3% [HÀNH play_circle 3% [HÀNH
2026-09-06T03:56:14.092Z [f75bfb8c-6587-4c24-8c4a-c028becc3a26][8e8b4eea-e67e-48c2-9a20-218d03b22adb] Generating... 0 ready, 0 failed / 2 total (15s) play_circle 7% [HÀNH play_circle 7% [HÀNH
2026-09-06T03:56:17.105Z [f75bfb8c-6587-4c24-8c4a-c028becc3a26][8e8b4eea-e67e-48c2-9a20-218d03b22adb] Generating... 0 ready, 0 failed / 2 total (18s) play_circle 9% [HÀNH play_circle 9% [HÀNH
2026-09-06T03:56:20.128Z [f75bfb8c-6587-4c24-8c4a-c028becc3a26][8e8b4eea-e67e-48c2-9a20-218d03b22adb] Generating... 0 ready, 0 failed / 2 total (21s) play_circle 12% [HÀN play_circle 12% [HÀN
2026-09-06T03:56:23.143Z [f75bfb8c-6587-4c24-8c4a-c028becc3a26][8e8b4eea-e67e-48c2-9a20-218d03b22adb] Generating... 0 ready, 0 failed / 2 total (24s) play_circle 14% [HÀN play_circle 13% [HÀN
2026-09-06T03:56:26.158Z [f75bfb8c-6587-4c24-8c4a-c028becc3a26][8e8b4eea-e67e-48c2-9a20-218d03b22adb] Generating... 0 ready, 0 failed / 2 total (27s) play_circle 17% [HÀN play_circle 16% [HÀN
2026-09-06T03:56:29.175Z [f75bfb8c-6587-4c24-8c4a-c028becc3a26][8e8b4eea-e67e-48c2-9a20-218d03b22adb] Generating... 0 ready, 0 failed / 2 total (30s) play_circle 18% [HÀN play_circle 19% [HÀN
2026-09-06T03:56:32.194Z [f75bfb8c-6587-4c24-8c4a-c028becc3a26][8e8b4eea-e67e-48c2-9a20-218d03b22adb] Generating... 0 ready, 0 failed / 2 total (33s)
2026-09-06T03:56:32.195Z [f75bfb8c-6587-4c24-8c4a-c028becc3a26][8e8b4eea-e67e-48c2-9a20-218d03b22adb] This run's tiles disappeared from the grid — waiting to see if the grid is just re-rendering.
2026-09-06T03:56:35.215Z [f75bfb8c-6587-4c24-8c4a-c028becc3a26][8e8b4eea-e67e-48c2-9a20-218d03b22adb] Generating... 0 ready, 0 failed / 2 total (36s)
2026-09-06T03:56:38.235Z [f75bfb8c-6587-4c24-8c4a-c028becc3a26][8e8b4eea-e67e-48c2-9a20-218d03b22adb] Generating... 0 ready, 0 failed / 2 total (39s)
2026-09-06T03:56:41.255Z [f75bfb8c-6587-4c24-8c4a-c028becc3a26][8e8b4eea-e67e-48c2-9a20-218d03b22adb] Generating... 0 ready, 0 failed / 2 total (42s)
2026-09-06T03:56:44.275Z [f75bfb8c-6587-4c24-8c4a-c028becc3a26][8e8b4eea-e67e-48c2-9a20-218d03b22adb] Generating... 0 ready, 0 failed / 2 total (45s)
2026-09-06T03:56:44.275Z [f75bfb8c-6587-4c24-8c4a-c028becc3a26][8e8b4eea-e67e-48c2-9a20-218d03b22adb] Flow attempt 1/1 failed: Google Flow discarded this generation: the tile(s) it created were removed after 45s without producing a result — a Flow-side failure, not a timeout. Try again, or change the prompt/settings.
2026-09-06T03:56:44.276Z [f75bfb8c-6587-4c24-8c4a-c028becc3a26][8e8b4eea-e67e-48c2-9a20-218d03b22adb] runGeneration ERROR exception: Error: Google Flow discarded this generation: the tile(s) it created were removed after 45s without producing a result — a Flow-side failure, not a timeout. Try again, or change the prompt/settings.
    at runGoogleFlow (C:\snapshot\sidecar\dist\sidecar.cjs:8124:13)
    at async runGeneration (C:\snapshot\sidecar\dist\sidecar.cjs:8435:11)
    at async handleCommand (C:\snapshot\sidecar\dist\sidecar.cjs:6513:7)
    at async C:\snapshot\sidecar\dist\sidecar.cjs:6429:11
2026-09-06T03:56:46.749Z [176f4c5f-7852-47ae-9952-78ec200827a8][8e8b4eea-e67e-48c2-9a20-218d03b22adb] runGeneration starting: task_id=176f4c5f-7852-47ae-9952-78ec200827a8, profile_id=8e8b4eea-e67e-48c2-9a20-218d03b22adb, target_site=google_flow
2026-09-06T03:56:46.750Z [176f4c5f-7852-47ae-9952-78ec200827a8][8e8b4eea-e67e-48c2-9a20-218d03b22adb] Opening Playwright browser with persistent profile cookies...
2026-09-06T03:56:46.750Z [176f4c5f-7852-47ae-9952-78ec200827a8][8e8b4eea-e67e-48c2-9a20-218d03b22adb] Browser engine: winhide (C:\Users\Admin\AppData\Roaming\com.tank.winai\winhide\chrome.exe) [hidden off-screen]
2026-09-06T03:56:46.751Z [176f4c5f-7852-47ae-9952-78ec200827a8][8e8b4eea-e67e-48c2-9a20-218d03b22adb] Launch mode: STEALTH (raw spawn + connectOverCDP)
2026-09-06T03:56:48.002Z [176f4c5f-7852-47ae-9952-78ec200827a8][8e8b4eea-e67e-48c2-9a20-218d03b22adb] Exit IP: 115.74.128.9
2026-09-06T03:56:48.002Z [176f4c5f-7852-47ae-9952-78ec200827a8][8e8b4eea-e67e-48c2-9a20-218d03b22adb] Navigating browser to Google Flow tools page...
2026-09-06T03:56:48.002Z [176f4c5f-7852-47ae-9952-78ec200827a8][8e8b4eea-e67e-48c2-9a20-218d03b22adb] Using existing project URL: https://flow.google.com/project/d7006cc3-f9c4-4856-98f4-89ac31f96398?hl=en
2026-09-06T03:56:48.849Z [176f4c5f-7852-47ae-9952-78ec200827a8][8e8b4eea-e67e-48c2-9a20-218d03b22adb] Waiting for Google Flow...
2026-09-06T03:56:51.194Z [176f4c5f-7852-47ae-9952-78ec200827a8][8e8b4eea-e67e-48c2-9a20-218d03b22adb] In existing project ✓
2026-09-06T03:56:52.243Z [176f4c5f-7852-47ae-9952-78ec200827a8][8e8b4eea-e67e-48c2-9a20-218d03b22adb] dismissPopups: unresolved overlay(s) ["IFRAME[presentation]|btns="]
2026-09-06T03:56:54.289Z [176f4c5f-7852-47ae-9952-78ec200827a8][8e8b4eea-e67e-48c2-9a20-218d03b22adb] Composer ready ✓ (UI language: en)
2026-09-06T03:56:54.309Z [176f4c5f-7852-47ae-9952-78ec200827a8][8e8b4eea-e67e-48c2-9a20-218d03b22adb] dismissPopups: unresolved overlay(s) ["DIV[]|btns=","DIV[]|btns="]
2026-09-06T03:56:54.346Z [176f4c5f-7852-47ae-9952-78ec200827a8][8e8b4eea-e67e-48c2-9a20-218d03b22adb] Agent toggle aria-pressed=false
2026-09-06T03:56:54.347Z [176f4c5f-7852-47ae-9952-78ec200827a8][8e8b4eea-e67e-48c2-9a20-218d03b22adb] Opening settings...
2026-09-06T03:56:56.588Z [176f4c5f-7852-47ae-9952-78ec200827a8][8e8b4eea-e67e-48c2-9a20-218d03b22adb] Configuring video settings...
2026-09-06T03:56:56.612Z [176f4c5f-7852-47ae-9952-78ec200827a8][8e8b4eea-e67e-48c2-9a20-218d03b22adb] Mode: "videocam Video" already selected ✓
2026-09-06T03:56:59.334Z [176f4c5f-7852-47ae-9952-78ec200827a8][8e8b4eea-e67e-48c2-9a20-218d03b22adb] Video type: selected "crop_free Frames" ✓
2026-09-06T03:57:00.591Z [176f4c5f-7852-47ae-9952-78ec200827a8][8e8b4eea-e67e-48c2-9a20-218d03b22adb] Model "Omni 1.1 Flash" already selected ✓ (chip reads "Omni 1.1 Flash")
2026-09-06T03:57:01.185Z [176f4c5f-7852-47ae-9952-78ec200827a8][8e8b4eea-e67e-48c2-9a20-218d03b22adb] Aspect ratio: "crop_16_9 16:9" already selected ✓
2026-09-06T03:57:01.221Z [176f4c5f-7852-47ae-9952-78ec200827a8][8e8b4eea-e67e-48c2-9a20-218d03b22adb] Video resolution: "720p" already selected ✓
2026-09-06T03:57:01.273Z [176f4c5f-7852-47ae-9952-78ec200827a8][8e8b4eea-e67e-48c2-9a20-218d03b22adb] Duration: "8s" already selected ✓
2026-09-06T03:57:01.293Z [176f4c5f-7852-47ae-9952-78ec200827a8][8e8b4eea-e67e-48c2-9a20-218d03b22adb] Output count: "x2" already selected ✓
2026-09-06T03:57:02.440Z [176f4c5f-7852-47ae-9952-78ec200827a8][8e8b4eea-e67e-48c2-9a20-218d03b22adb] Entering prompt...
2026-09-06T03:57:04.654Z [176f4c5f-7852-47ae-9952-78ec200827a8][8e8b4eea-e67e-48c2-9a20-218d03b22adb] Prompt is 1618 chars — typing it in 32 chunk(s).
2026-09-06T03:57:20.219Z [176f4c5f-7852-47ae-9952-78ec200827a8][8e8b4eea-e67e-48c2-9a20-218d03b22adb] Prompt insert attempt 1: editor has 1599 chars (want ~1614) ✓
2026-09-06T03:57:21.925Z [176f4c5f-7852-47ae-9952-78ec200827a8][8e8b4eea-e67e-48c2-9a20-218d03b22adb] Baseline: 50 pre-existing media tile(s) of 50 mounted (kinds: video,video,image,video,video,image,video,video,image,video,video,video,image,video,video,image,video,video,image,video,video,image,video,video,image,video,video,image,video,video,video,video,video,video,image,video,video,image,video,video,image,video,video,image,video,video,image,video,video,image).
2026-09-06T03:57:24.173Z [176f4c5f-7852-47ae-9952-78ec200827a8][8e8b4eea-e67e-48c2-9a20-218d03b22adb] [submit] confirmed (editor "What do you want to ", fresh tile=true).
2026-09-06T03:57:24.674Z [176f4c5f-7852-47ae-9952-78ec200827a8][8e8b4eea-e67e-48c2-9a20-218d03b22adb] Current Workspace project URL: https://flow.google.com/project/d7006cc3-f9c4-4856-98f4-89ac31f96398?hl=en
2026-09-06T03:57:24.675Z [176f4c5f-7852-47ae-9952-78ec200827a8][8e8b4eea-e67e-48c2-9a20-218d03b22adb] Submitted ✓ Detecting batch size...
2026-09-06T03:57:24.692Z [176f4c5f-7852-47ae-9952-78ec200827a8][8e8b4eea-e67e-48c2-9a20-218d03b22adb] New tile(s) since submit: 0 → 2 (mounted=50)
2026-09-06T03:57:28.833Z [176f4c5f-7852-47ae-9952-78ec200827a8][8e8b4eea-e67e-48c2-9a20-218d03b22adb] Batch size stabilised at 2 new tile(s)
2026-09-06T03:57:28.833Z [176f4c5f-7852-47ae-9952-78ec200827a8][8e8b4eea-e67e-48c2-9a20-218d03b22adb] Batch detected: 2 item(s). Generating...
2026-09-06T03:57:28.833Z [176f4c5f-7852-47ae-9952-78ec200827a8][8e8b4eea-e67e-48c2-9a20-218d03b22adb] Polling for 2 video item(s) (baseline=50, hasUpload=false)...
2026-09-06T03:57:28.842Z [176f4c5f-7852-47ae-9952-78ec200827a8][8e8b4eea-e67e-48c2-9a20-218d03b22adb] Generating... 0 ready, 0 failed / 2 total (0s) play_circle [HÀNH ĐỘ play_circle [HÀNH ĐỘ
2026-09-06T03:57:31.864Z [176f4c5f-7852-47ae-9952-78ec200827a8][8e8b4eea-e67e-48c2-9a20-218d03b22adb] Generating... 0 ready, 0 failed / 2 total (3s) play_circle [HÀNH ĐỘ play_circle [HÀNH ĐỘ
2026-09-06T03:57:34.884Z [176f4c5f-7852-47ae-9952-78ec200827a8][8e8b4eea-e67e-48c2-9a20-218d03b22adb] Generating... 0 ready, 0 failed / 2 total (6s) play_circle 0% [HÀNH play_circle 0% [HÀNH
2026-09-06T03:57:37.905Z [176f4c5f-7852-47ae-9952-78ec200827a8][8e8b4eea-e67e-48c2-9a20-218d03b22adb] Generating... 0 ready, 0 failed / 2 total (9s) play_circle 1% [HÀNH play_circle 1% [HÀNH
2026-09-06T03:57:40.935Z [176f4c5f-7852-47ae-9952-78ec200827a8][8e8b4eea-e67e-48c2-9a20-218d03b22adb] Generating... 0 ready, 0 failed / 2 total (12s) play_circle 4% [HÀNH play_circle 4% [HÀNH
2026-09-06T03:57:43.957Z [176f4c5f-7852-47ae-9952-78ec200827a8][8e8b4eea-e67e-48c2-9a20-218d03b22adb] Generating... 0 ready, 0 failed / 2 total (15s) play_circle 7% [HÀNH play_circle 6% [HÀNH
2026-09-06T03:57:46.973Z [176f4c5f-7852-47ae-9952-78ec200827a8][8e8b4eea-e67e-48c2-9a20-218d03b22adb] Generating... 0 ready, 0 failed / 2 total (18s) play_circle 9% [HÀNH play_circle 10% [HÀN
2026-09-06T03:57:49.986Z [176f4c5f-7852-47ae-9952-78ec200827a8][8e8b4eea-e67e-48c2-9a20-218d03b22adb] Generating... 0 ready, 0 failed / 2 total (21s) play_circle 12% [HÀN play_circle 12% [HÀN
2026-09-06T03:57:53.016Z [176f4c5f-7852-47ae-9952-78ec200827a8][8e8b4eea-e67e-48c2-9a20-218d03b22adb] Generating... 0 ready, 0 failed / 2 total (24s) play_circle 14% [HÀN play_circle 15% [HÀN
2026-09-06T03:57:56.036Z [176f4c5f-7852-47ae-9952-78ec200827a8][8e8b4eea-e67e-48c2-9a20-218d03b22adb] Generating... 0 ready, 0 failed / 2 total (27s) play_circle 18% [HÀN play_circle 17% [HÀN
2026-09-06T03:57:59.058Z [176f4c5f-7852-47ae-9952-78ec200827a8][8e8b4eea-e67e-48c2-9a20-218d03b22adb] Generating... 0 ready, 0 failed / 2 total (30s) play_circle 19% [HÀN play_circle 19% [HÀN
2026-09-06T03:58:02.075Z [176f4c5f-7852-47ae-9952-78ec200827a8][8e8b4eea-e67e-48c2-9a20-218d03b22adb] Generating... 0 ready, 0 failed / 2 total (33s)
2026-09-06T03:58:02.075Z [176f4c5f-7852-47ae-9952-78ec200827a8][8e8b4eea-e67e-48c2-9a20-218d03b22adb] This run's tiles disappeared from the grid — waiting to see if the grid is just re-rendering.
2026-09-06T03:58:05.095Z [176f4c5f-7852-47ae-9952-78ec200827a8][8e8b4eea-e67e-48c2-9a20-218d03b22adb] Generating... 0 ready, 0 failed / 2 total (36s)
2026-09-06T03:58:08.120Z [176f4c5f-7852-47ae-9952-78ec200827a8][8e8b4eea-e67e-48c2-9a20-218d03b22adb] Generating... 0 ready, 0 failed / 2 total (39s)
2026-09-06T03:58:11.134Z [176f4c5f-7852-47ae-9952-78ec200827a8][8e8b4eea-e67e-48c2-9a20-218d03b22adb] Generating... 0 ready, 0 failed / 2 total (42s)
2026-09-06T03:58:14.154Z [176f4c5f-7852-47ae-9952-78ec200827a8][8e8b4eea-e67e-48c2-9a20-218d03b22adb] Generating... 0 ready, 0 failed / 2 total (45s)
2026-09-06T03:58:14.154Z [176f4c5f-7852-47ae-9952-78ec200827a8][8e8b4eea-e67e-48c2-9a20-218d03b22adb] Flow attempt 1/1 failed: Google Flow discarded this generation: the tile(s) it created were removed after 45s without producing a result — a Flow-side failure, not a timeout. Try again, or change the prompt/settings.
2026-09-06T03:58:14.154Z [176f4c5f-7852-47ae-9952-78ec200827a8][8e8b4eea-e67e-48c2-9a20-218d03b22adb] runGeneration ERROR exception: Error: Google Flow discarded this generation: the tile(s) it created were removed after 45s without producing a result — a Flow-side failure, not a timeout. Try again, or change the prompt/settings.
    at runGoogleFlow (C:\snapshot\sidecar\dist\sidecar.cjs:8124:13)
    at async runGeneration (C:\snapshot\sidecar\dist\sidecar.cjs:8435:11)
    at async handleCommand (C:\snapshot\sidecar\dist\sidecar.cjs:6513:7)
    at async C:\snapshot\sidecar\dist\sidecar.cjs:6429:11
2026-09-06T03:58:16.614Z [9935355a-bda6-4583-9132-c49065ba84d9][8e8b4eea-e67e-48c2-9a20-218d03b22adb] runGeneration starting: task_id=9935355a-bda6-4583-9132-c49065ba84d9, profile_id=8e8b4eea-e67e-48c2-9a20-218d03b22adb, target_site=google_flow
2026-09-06T03:58:16.615Z [9935355a-bda6-4583-9132-c49065ba84d9][8e8b4eea-e67e-48c2-9a20-218d03b22adb] Opening Playwright browser with persistent profile cookies...
2026-09-06T03:58:16.615Z [9935355a-bda6-4583-9132-c49065ba84d9][8e8b4eea-e67e-48c2-9a20-218d03b22adb] Browser engine: winhide (C:\Users\Admin\AppData\Roaming\com.tank.winai\winhide\chrome.exe) [hidden off-screen]
2026-09-06T03:58:16.616Z [9935355a-bda6-4583-9132-c49065ba84d9][8e8b4eea-e67e-48c2-9a20-218d03b22adb] Launch mode: STEALTH (raw spawn + connectOverCDP)
2026-09-06T03:58:19.630Z [9935355a-bda6-4583-9132-c49065ba84d9][8e8b4eea-e67e-48c2-9a20-218d03b22adb] Exit IP: 115.74.128.9
2026-09-06T03:58:19.630Z [9935355a-bda6-4583-9132-c49065ba84d9][8e8b4eea-e67e-48c2-9a20-218d03b22adb] Navigating browser to Google Flow tools page...
2026-09-06T03:58:19.631Z [9935355a-bda6-4583-9132-c49065ba84d9][8e8b4eea-e67e-48c2-9a20-218d03b22adb] Using existing project URL: https://flow.google.com/project/52188b41-ba09-4240-a569-98bde902989b?hl=en
2026-09-06T03:58:20.495Z [9935355a-bda6-4583-9132-c49065ba84d9][8e8b4eea-e67e-48c2-9a20-218d03b22adb] Waiting for Google Flow...
2026-09-06T03:58:22.403Z [9935355a-bda6-4583-9132-c49065ba84d9][8e8b4eea-e67e-48c2-9a20-218d03b22adb] In existing project ✓
2026-09-06T03:58:23.241Z [9935355a-bda6-4583-9132-c49065ba84d9][8e8b4eea-e67e-48c2-9a20-218d03b22adb] dismissPopups: unresolved overlay(s) ["IFRAME[presentation]|btns="]
2026-09-06T03:58:24.246Z [9935355a-bda6-4583-9132-c49065ba84d9][8e8b4eea-e67e-48c2-9a20-218d03b22adb] Composer ready ✓ (UI language: en)
2026-09-06T03:58:24.272Z [9935355a-bda6-4583-9132-c49065ba84d9][8e8b4eea-e67e-48c2-9a20-218d03b22adb] dismissPopups: unresolved overlay(s) ["DIV[]|btns=","DIV[]|btns="]
2026-09-06T03:58:24.290Z [9935355a-bda6-4583-9132-c49065ba84d9][8e8b4eea-e67e-48c2-9a20-218d03b22adb] Agent toggle aria-pressed=false
2026-09-06T03:58:24.291Z [9935355a-bda6-4583-9132-c49065ba84d9][8e8b4eea-e67e-48c2-9a20-218d03b22adb] Opening settings...
2026-09-06T03:58:26.017Z [9935355a-bda6-4583-9132-c49065ba84d9][8e8b4eea-e67e-48c2-9a20-218d03b22adb] Configuring video settings...
2026-09-06T03:58:26.038Z [9935355a-bda6-4583-9132-c49065ba84d9][8e8b4eea-e67e-48c2-9a20-218d03b22adb] Mode: "videocam Video" already selected ✓
2026-09-06T03:58:29.073Z [9935355a-bda6-4583-9132-c49065ba84d9][8e8b4eea-e67e-48c2-9a20-218d03b22adb] Video type: selected "crop_free Frames" ✓
2026-09-06T03:58:29.860Z [9935355a-bda6-4583-9132-c49065ba84d9][8e8b4eea-e67e-48c2-9a20-218d03b22adb] Model "Omni 1.1 Flash" already selected ✓ (chip reads "Omni 1.1 Flash")
2026-09-06T03:58:30.422Z [9935355a-bda6-4583-9132-c49065ba84d9][8e8b4eea-e67e-48c2-9a20-218d03b22adb] Aspect ratio: "crop_16_9 16:9" already selected ✓
2026-09-06T03:58:30.439Z [9935355a-bda6-4583-9132-c49065ba84d9][8e8b4eea-e67e-48c2-9a20-218d03b22adb] Video resolution: "720p" already selected ✓
2026-09-06T03:58:30.467Z [9935355a-bda6-4583-9132-c49065ba84d9][8e8b4eea-e67e-48c2-9a20-218d03b22adb] Duration: "8s" already selected ✓
2026-09-06T03:58:30.486Z [9935355a-bda6-4583-9132-c49065ba84d9][8e8b4eea-e67e-48c2-9a20-218d03b22adb] Output count: "x2" already selected ✓
2026-09-06T03:58:31.558Z [9935355a-bda6-4583-9132-c49065ba84d9][8e8b4eea-e67e-48c2-9a20-218d03b22adb] Entering prompt...
2026-09-06T03:58:33.383Z [9935355a-bda6-4583-9132-c49065ba84d9][8e8b4eea-e67e-48c2-9a20-218d03b22adb] Prompt is 1618 chars — typing it in 32 chunk(s).
2026-09-06T03:58:48.118Z [9935355a-bda6-4583-9132-c49065ba84d9][8e8b4eea-e67e-48c2-9a20-218d03b22adb] Prompt insert attempt 1: editor has 1599 chars (want ~1614) ✓
2026-09-06T03:58:49.815Z [9935355a-bda6-4583-9132-c49065ba84d9][8e8b4eea-e67e-48c2-9a20-218d03b22adb] Baseline: 50 pre-existing media tile(s) of 50 mounted (kinds: video,video,image,video,video,image,video,video,video,video,video,video,video,video,video,video,image,video,video,image,video,video,image,video,video,video,video,video,video,image,video,video,image,video,video,image,video,video,image,video,video,image,video,video,image,video,video,image,video,video).
2026-09-06T03:58:51.854Z [9935355a-bda6-4583-9132-c49065ba84d9][8e8b4eea-e67e-48c2-9a20-218d03b22adb] [submit] confirmed (editor "What do you want to ", fresh tile=true).
2026-09-06T03:58:52.323Z [9935355a-bda6-4583-9132-c49065ba84d9][8e8b4eea-e67e-48c2-9a20-218d03b22adb] Current Workspace project URL: https://flow.google.com/project/52188b41-ba09-4240-a569-98bde902989b?hl=en
2026-09-06T03:58:52.324Z [9935355a-bda6-4583-9132-c49065ba84d9][8e8b4eea-e67e-48c2-9a20-218d03b22adb] Submitted ✓ Detecting batch size...
2026-09-06T03:58:52.338Z [9935355a-bda6-4583-9132-c49065ba84d9][8e8b4eea-e67e-48c2-9a20-218d03b22adb] New tile(s) since submit: 0 → 2 (mounted=50)
2026-09-06T03:58:56.449Z [9935355a-bda6-4583-9132-c49065ba84d9][8e8b4eea-e67e-48c2-9a20-218d03b22adb] Batch size stabilised at 2 new tile(s)
2026-09-06T03:58:56.450Z [9935355a-bda6-4583-9132-c49065ba84d9][8e8b4eea-e67e-48c2-9a20-218d03b22adb] Batch detected: 2 item(s). Generating...
2026-09-06T03:58:56.450Z [9935355a-bda6-4583-9132-c49065ba84d9][8e8b4eea-e67e-48c2-9a20-218d03b22adb] Polling for 2 video item(s) (baseline=50, hasUpload=false)...
2026-09-06T03:58:56.460Z [9935355a-bda6-4583-9132-c49065ba84d9][8e8b4eea-e67e-48c2-9a20-218d03b22adb] Generating... 0 ready, 0 failed / 2 total (0s) play_circle [HÀNH ĐỘ play_circle [HÀNH ĐỘ
2026-09-06T03:58:59.485Z [9935355a-bda6-4583-9132-c49065ba84d9][8e8b4eea-e67e-48c2-9a20-218d03b22adb] Generating... 0 ready, 0 failed / 2 total (3s) play_circle [HÀNH ĐỘ play_circle [HÀNH ĐỘ
2026-09-06T03:59:02.501Z [9935355a-bda6-4583-9132-c49065ba84d9][8e8b4eea-e67e-48c2-9a20-218d03b22adb] Generating... 0 ready, 0 failed / 2 total (6s) play_circle 0% [HÀNH play_circle 0% [HÀNH
2026-09-06T03:59:05.514Z [9935355a-bda6-4583-9132-c49065ba84d9][8e8b4eea-e67e-48c2-9a20-218d03b22adb] Generating... 0 ready, 0 failed / 2 total (9s) play_circle 2% [HÀNH play_circle 2% [HÀNH
2026-09-06T03:59:08.529Z [9935355a-bda6-4583-9132-c49065ba84d9][8e8b4eea-e67e-48c2-9a20-218d03b22adb] Generating... 0 ready, 0 failed / 2 total (12s) play_circle 4% [HÀNH play_circle 4% [HÀNH
2026-09-06T03:59:11.544Z [9935355a-bda6-4583-9132-c49065ba84d9][8e8b4eea-e67e-48c2-9a20-218d03b22adb] Generating... 0 ready, 0 failed / 2 total (15s) play_circle 6% [HÀNH play_circle 7% [HÀNH
2026-09-06T03:59:14.564Z [9935355a-bda6-4583-9132-c49065ba84d9][8e8b4eea-e67e-48c2-9a20-218d03b22adb] Generating... 0 ready, 0 failed / 2 total (18s) play_circle 10% [HÀN play_circle 10% [HÀN
2026-09-06T03:59:17.587Z [9935355a-bda6-4583-9132-c49065ba84d9][8e8b4eea-e67e-48c2-9a20-218d03b22adb] Generating... 0 ready, 0 failed / 2 total (21s) play_circle 12% [HÀN play_circle 12% [HÀN
2026-09-06T03:59:20.604Z [9935355a-bda6-4583-9132-c49065ba84d9][8e8b4eea-e67e-48c2-9a20-218d03b22adb] Generating... 0 ready, 0 failed / 2 total (24s) play_circle 14% [HÀN play_circle 14% [HÀN
2026-09-06T03:59:23.615Z [9935355a-bda6-4583-9132-c49065ba84d9][8e8b4eea-e67e-48c2-9a20-218d03b22adb] Generating... 0 ready, 0 failed / 2 total (27s) play_circle 17% [HÀN play_circle 16% [HÀN
2026-09-06T03:59:26.646Z [9935355a-bda6-4583-9132-c49065ba84d9][8e8b4eea-e67e-48c2-9a20-218d03b22adb] Generating... 0 ready, 0 failed / 2 total (30s) play_circle 19% [HÀN play_circle 19% [HÀN
2026-09-06T03:59:29.665Z [9935355a-bda6-4583-9132-c49065ba84d9][8e8b4eea-e67e-48c2-9a20-218d03b22adb] Generating... 0 ready, 0 failed / 2 total (33s)
2026-09-06T03:59:29.665Z [9935355a-bda6-4583-9132-c49065ba84d9][8e8b4eea-e67e-48c2-9a20-218d03b22adb] This run's tiles disappeared from the grid — waiting to see if the grid is just re-rendering.
2026-09-06T03:59:32.685Z [9935355a-bda6-4583-9132-c49065ba84d9][8e8b4eea-e67e-48c2-9a20-218d03b22adb] Generating... 0 ready, 0 failed / 2 total (36s)
2026-09-06T03:59:35.703Z [9935355a-bda6-4583-9132-c49065ba84d9][8e8b4eea-e67e-48c2-9a20-218d03b22adb] Generating... 0 ready, 0 failed / 2 total (39s)
2026-09-06T03:59:38.717Z [9935355a-bda6-4583-9132-c49065ba84d9][8e8b4eea-e67e-48c2-9a20-218d03b22adb] Generating... 0 ready, 0 failed / 2 total (42s)
2026-09-06T03:59:41.736Z [9935355a-bda6-4583-9132-c49065ba84d9][8e8b4eea-e67e-48c2-9a20-218d03b22adb] Generating... 0 ready, 0 failed / 2 total (45s)
2026-09-06T03:59:41.736Z [9935355a-bda6-4583-9132-c49065ba84d9][8e8b4eea-e67e-48c2-9a20-218d03b22adb] Flow attempt 1/1 failed: Google Flow discarded this generation: the tile(s) it created were removed after 45s without producing a result — a Flow-side failure, not a timeout. Try again, or change the prompt/settings.
2026-09-06T03:59:41.736Z [9935355a-bda6-4583-9132-c49065ba84d9][8e8b4eea-e67e-48c2-9a20-218d03b22adb] runGeneration ERROR exception: Error: Google Flow discarded this generation: the tile(s) it created were removed after 45s without producing a result — a Flow-side failure, not a timeout. Try again, or change the prompt/settings.
    at runGoogleFlow (C:\snapshot\sidecar\dist\sidecar.cjs:8124:13)
    at async runGeneration (C:\snapshot\sidecar\dist\sidecar.cjs:8435:11)
    at async handleCommand (C:\snapshot\sidecar\dist\sidecar.cjs:6513:7)
    at async C:\snapshot\sidecar\dist\sidecar.cjs:6429:11
2026-09-06T03:59:43.435Z [c6634dbd-9526-4d8f-a036-283b9dd3b0ae][8e8b4eea-e67e-48c2-9a20-218d03b22adb] runGeneration starting: task_id=c6634dbd-9526-4d8f-a036-283b9dd3b0ae, profile_id=8e8b4eea-e67e-48c2-9a20-218d03b22adb, target_site=google_flow
2026-09-06T03:59:43.435Z [c6634dbd-9526-4d8f-a036-283b9dd3b0ae][8e8b4eea-e67e-48c2-9a20-218d03b22adb] Opening Playwright browser with persistent profile cookies...
2026-09-06T03:59:43.436Z [c6634dbd-9526-4d8f-a036-283b9dd3b0ae][8e8b4eea-e67e-48c2-9a20-218d03b22adb] Browser engine: winhide (C:\Users\Admin\AppData\Roaming\com.tank.winai\winhide\chrome.exe) [hidden off-screen]
2026-09-06T03:59:43.436Z [c6634dbd-9526-4d8f-a036-283b9dd3b0ae][8e8b4eea-e67e-48c2-9a20-218d03b22adb] Launch mode: STEALTH (raw spawn + connectOverCDP)
2026-09-06T03:59:44.747Z [c6634dbd-9526-4d8f-a036-283b9dd3b0ae][8e8b4eea-e67e-48c2-9a20-218d03b22adb] Exit IP: 115.74.128.9
2026-09-06T03:59:44.748Z [c6634dbd-9526-4d8f-a036-283b9dd3b0ae][8e8b4eea-e67e-48c2-9a20-218d03b22adb] Navigating browser to Google Flow tools page...
2026-09-06T03:59:44.748Z [c6634dbd-9526-4d8f-a036-283b9dd3b0ae][8e8b4eea-e67e-48c2-9a20-218d03b22adb] Using existing project URL: https://flow.google.com/project/643b808f-7d88-45ee-a818-35d5f8e84fec?hl=en
2026-09-06T03:59:45.494Z [c6634dbd-9526-4d8f-a036-283b9dd3b0ae][8e8b4eea-e67e-48c2-9a20-218d03b22adb] Waiting for Google Flow...
2026-09-06T03:59:47.697Z [c6634dbd-9526-4d8f-a036-283b9dd3b0ae][8e8b4eea-e67e-48c2-9a20-218d03b22adb] In existing project ✓
2026-09-06T03:59:49.526Z [c6634dbd-9526-4d8f-a036-283b9dd3b0ae][8e8b4eea-e67e-48c2-9a20-218d03b22adb] dismissPopups: unresolved overlay(s) ["DIV[]|btns=","DIV[]|btns="]
2026-09-06T03:59:49.646Z [c6634dbd-9526-4d8f-a036-283b9dd3b0ae][8e8b4eea-e67e-48c2-9a20-218d03b22adb] Composer ready ✓ (UI language: en)
2026-09-06T03:59:49.658Z [c6634dbd-9526-4d8f-a036-283b9dd3b0ae][8e8b4eea-e67e-48c2-9a20-218d03b22adb] dismissPopups: unresolved overlay(s) ["DIV[]|btns=","DIV[]|btns="]
2026-09-06T03:59:49.675Z [c6634dbd-9526-4d8f-a036-283b9dd3b0ae][8e8b4eea-e67e-48c2-9a20-218d03b22adb] Agent toggle aria-pressed=false
2026-09-06T03:59:49.676Z [c6634dbd-9526-4d8f-a036-283b9dd3b0ae][8e8b4eea-e67e-48c2-9a20-218d03b22adb] Opening settings...
2026-09-06T03:59:51.531Z [c6634dbd-9526-4d8f-a036-283b9dd3b0ae][8e8b4eea-e67e-48c2-9a20-218d03b22adb] Configuring video settings...
2026-09-06T03:59:51.553Z [c6634dbd-9526-4d8f-a036-283b9dd3b0ae][8e8b4eea-e67e-48c2-9a20-218d03b22adb] Mode: "videocam Video" already selected ✓
2026-09-06T03:59:53.628Z [c6634dbd-9526-4d8f-a036-283b9dd3b0ae][8e8b4eea-e67e-48c2-9a20-218d03b22adb] Video type: selected "crop_free Frames" ✓
2026-09-06T03:59:54.343Z [c6634dbd-9526-4d8f-a036-283b9dd3b0ae][8e8b4eea-e67e-48c2-9a20-218d03b22adb] Model "Omni 1.1 Flash" already selected ✓ (chip reads "Omni 1.1 Flash")
2026-09-06T03:59:55.210Z [c6634dbd-9526-4d8f-a036-283b9dd3b0ae][8e8b4eea-e67e-48c2-9a20-218d03b22adb] Aspect ratio: "crop_16_9 16:9" already selected ✓
2026-09-06T03:59:55.228Z [c6634dbd-9526-4d8f-a036-283b9dd3b0ae][8e8b4eea-e67e-48c2-9a20-218d03b22adb] Video resolution: "720p" already selected ✓
2026-09-06T03:59:55.253Z [c6634dbd-9526-4d8f-a036-283b9dd3b0ae][8e8b4eea-e67e-48c2-9a20-218d03b22adb] Duration: "8s" already selected ✓
2026-09-06T03:59:55.274Z [c6634dbd-9526-4d8f-a036-283b9dd3b0ae][8e8b4eea-e67e-48c2-9a20-218d03b22adb] Output count: "x2" already selected ✓
2026-09-06T03:59:56.290Z [c6634dbd-9526-4d8f-a036-283b9dd3b0ae][8e8b4eea-e67e-48c2-9a20-218d03b22adb] Entering prompt...
2026-09-06T03:59:58.038Z [c6634dbd-9526-4d8f-a036-283b9dd3b0ae][8e8b4eea-e67e-48c2-9a20-218d03b22adb] Prompt is 1618 chars — typing it in 32 chunk(s).
2026-09-06T04:00:11.992Z [c6634dbd-9526-4d8f-a036-283b9dd3b0ae][8e8b4eea-e67e-48c2-9a20-218d03b22adb] Prompt insert attempt 1: editor has 1599 chars (want ~1614) ✓
2026-09-06T04:00:13.909Z [c6634dbd-9526-4d8f-a036-283b9dd3b0ae][8e8b4eea-e67e-48c2-9a20-218d03b22adb] Baseline: 50 pre-existing media tile(s) of 50 mounted (kinds: video,video,image,video,video,image,video,video,video,video,video,video,video,video,video,video,image,video,video,image,video,video,image,video,video,video,video,image,video,video,image,video,video,image,video,video,image,video,video,image,video,video,image,video,video,image,video,video,image,video).
2026-09-06T04:00:15.901Z [c6634dbd-9526-4d8f-a036-283b9dd3b0ae][8e8b4eea-e67e-48c2-9a20-218d03b22adb] [submit] confirmed (editor "What do you want to ", fresh tile=true).
2026-09-06T04:00:16.577Z [c6634dbd-9526-4d8f-a036-283b9dd3b0ae][8e8b4eea-e67e-48c2-9a20-218d03b22adb] Current Workspace project URL: https://flow.google.com/project/643b808f-7d88-45ee-a818-35d5f8e84fec?hl=en
2026-09-06T04:00:16.578Z [c6634dbd-9526-4d8f-a036-283b9dd3b0ae][8e8b4eea-e67e-48c2-9a20-218d03b22adb] Submitted ✓ Detecting batch size...
2026-09-06T04:00:16.590Z [c6634dbd-9526-4d8f-a036-283b9dd3b0ae][8e8b4eea-e67e-48c2-9a20-218d03b22adb] New tile(s) since submit: 0 → 2 (mounted=50)
2026-09-06T04:00:20.709Z [c6634dbd-9526-4d8f-a036-283b9dd3b0ae][8e8b4eea-e67e-48c2-9a20-218d03b22adb] Batch size stabilised at 2 new tile(s)
2026-09-06T04:00:20.709Z [c6634dbd-9526-4d8f-a036-283b9dd3b0ae][8e8b4eea-e67e-48c2-9a20-218d03b22adb] Batch detected: 2 item(s). Generating...
2026-09-06T04:00:20.709Z [c6634dbd-9526-4d8f-a036-283b9dd3b0ae][8e8b4eea-e67e-48c2-9a20-218d03b22adb] Polling for 2 video item(s) (baseline=50, hasUpload=false)...
2026-09-06T04:00:20.720Z [c6634dbd-9526-4d8f-a036-283b9dd3b0ae][8e8b4eea-e67e-48c2-9a20-218d03b22adb] Generating... 0 ready, 0 failed / 2 total (0s) play_circle [HÀNH ĐỘ play_circle [HÀNH ĐỘ
2026-09-06T04:00:23.777Z [c6634dbd-9526-4d8f-a036-283b9dd3b0ae][8e8b4eea-e67e-48c2-9a20-218d03b22adb] Generating... 0 ready, 0 failed / 2 total (3s) play_circle [HÀNH ĐỘ play_circle [HÀNH ĐỘ
2026-09-06T04:00:26.798Z [c6634dbd-9526-4d8f-a036-283b9dd3b0ae][8e8b4eea-e67e-48c2-9a20-218d03b22adb] Generating... 0 ready, 0 failed / 2 total (6s) play_circle 0% [HÀNH play_circle 0% [HÀNH
2026-09-06T04:00:29.817Z [c6634dbd-9526-4d8f-a036-283b9dd3b0ae][8e8b4eea-e67e-48c2-9a20-218d03b22adb] Generating... 0 ready, 0 failed / 2 total (9s) play_circle 2% [HÀNH play_circle 1% [HÀNH
2026-09-06T04:00:32.837Z [c6634dbd-9526-4d8f-a036-283b9dd3b0ae][8e8b4eea-e67e-48c2-9a20-218d03b22adb] Generating... 0 ready, 0 failed / 2 total (12s) play_circle 3% [HÀNH play_circle 3% [HÀNH
2026-09-06T04:00:35.845Z [c6634dbd-9526-4d8f-a036-283b9dd3b0ae][8e8b4eea-e67e-48c2-9a20-218d03b22adb] Generating... 0 ready, 0 failed / 2 total (15s) play_circle 7% [HÀNH play_circle 7% [HÀNH
2026-09-06T04:00:38.858Z [c6634dbd-9526-4d8f-a036-283b9dd3b0ae][8e8b4eea-e67e-48c2-9a20-218d03b22adb] Generating... 0 ready, 0 failed / 2 total (18s) play_circle 9% [HÀNH play_circle 9% [HÀNH
2026-09-06T04:00:41.891Z [c6634dbd-9526-4d8f-a036-283b9dd3b0ae][8e8b4eea-e67e-48c2-9a20-218d03b22adb] Generating... 0 ready, 0 failed / 2 total (21s) play_circle 12% [HÀN play_circle 12% [HÀN
2026-09-06T04:00:44.921Z [c6634dbd-9526-4d8f-a036-283b9dd3b0ae][8e8b4eea-e67e-48c2-9a20-218d03b22adb] Generating... 0 ready, 0 failed / 2 total (24s) play_circle 15% [HÀN play_circle 14% [HÀN
2026-09-06T04:00:47.937Z [c6634dbd-9526-4d8f-a036-283b9dd3b0ae][8e8b4eea-e67e-48c2-9a20-218d03b22adb] Generating... 0 ready, 0 failed / 2 total (27s) play_circle 17% [HÀN play_circle 17% [HÀN
2026-09-06T04:00:50.955Z [c6634dbd-9526-4d8f-a036-283b9dd3b0ae][8e8b4eea-e67e-48c2-9a20-218d03b22adb] Generating... 0 ready, 0 failed / 2 total (30s) play_circle 20% [HÀN
2026-09-06T04:00:53.977Z [c6634dbd-9526-4d8f-a036-283b9dd3b0ae][8e8b4eea-e67e-48c2-9a20-218d03b22adb] Generating... 0 ready, 0 failed / 2 total (33s) play_circle 21% [HÀN
2026-09-06T04:00:56.994Z [c6634dbd-9526-4d8f-a036-283b9dd3b0ae][8e8b4eea-e67e-48c2-9a20-218d03b22adb] Generating... 0 ready, 0 failed / 2 total (36s)
2026-09-06T04:00:56.995Z [c6634dbd-9526-4d8f-a036-283b9dd3b0ae][8e8b4eea-e67e-48c2-9a20-218d03b22adb] This run's tiles disappeared from the grid — waiting to see if the grid is just re-rendering.
2026-09-06T04:01:00.016Z [c6634dbd-9526-4d8f-a036-283b9dd3b0ae][8e8b4eea-e67e-48c2-9a20-218d03b22adb] Generating... 0 ready, 0 failed / 2 total (39s)
2026-09-06T04:01:03.031Z [c6634dbd-9526-4d8f-a036-283b9dd3b0ae][8e8b4eea-e67e-48c2-9a20-218d03b22adb] Generating... 0 ready, 0 failed / 2 total (42s)
2026-09-06T04:01:06.045Z [c6634dbd-9526-4d8f-a036-283b9dd3b0ae][8e8b4eea-e67e-48c2-9a20-218d03b22adb] Generating... 0 ready, 0 failed / 2 total (45s)
2026-09-06T04:01:09.067Z [c6634dbd-9526-4d8f-a036-283b9dd3b0ae][8e8b4eea-e67e-48c2-9a20-218d03b22adb] Generating... 0 ready, 0 failed / 2 total (48s)
2026-09-06T04:01:09.067Z [c6634dbd-9526-4d8f-a036-283b9dd3b0ae][8e8b4eea-e67e-48c2-9a20-218d03b22adb] Flow attempt 1/1 failed: Google Flow discarded this generation: the tile(s) it created were removed after 48s without producing a result — a Flow-side failure, not a timeout. Try again, or change the prompt/settings.
2026-09-06T04:01:09.068Z [c6634dbd-9526-4d8f-a036-283b9dd3b0ae][8e8b4eea-e67e-48c2-9a20-218d03b22adb] runGeneration ERROR exception: Error: Google Flow discarded this generation: the tile(s) it created were removed after 48s without producing a result — a Flow-side failure, not a timeout. Try again, or change the prompt/settings.
    at runGoogleFlow (C:\snapshot\sidecar\dist\sidecar.cjs:8124:13)
    at async runGeneration (C:\snapshot\sidecar\dist\sidecar.cjs:8435:11)
    at async handleCommand (C:\snapshot\sidecar\dist\sidecar.cjs:6513:7)
    at async C:\snapshot\sidecar\dist\sidecar.cjs:6429:11
2026-09-06T04:01:10.270Z [4b2f107f-dfec-44c0-a297-624ff0af8218][8e8b4eea-e67e-48c2-9a20-218d03b22adb] runGeneration starting: task_id=4b2f107f-dfec-44c0-a297-624ff0af8218, profile_id=8e8b4eea-e67e-48c2-9a20-218d03b22adb, target_site=google_flow
2026-09-06T04:01:10.270Z [4b2f107f-dfec-44c0-a297-624ff0af8218][8e8b4eea-e67e-48c2-9a20-218d03b22adb] Opening Playwright browser with persistent profile cookies...
2026-09-06T04:01:10.271Z [4b2f107f-dfec-44c0-a297-624ff0af8218][8e8b4eea-e67e-48c2-9a20-218d03b22adb] Browser engine: winhide (C:\Users\Admin\AppData\Roaming\com.tank.winai\winhide\chrome.exe) [hidden off-screen]
2026-09-06T04:01:10.271Z [4b2f107f-dfec-44c0-a297-624ff0af8218][8e8b4eea-e67e-48c2-9a20-218d03b22adb] Launch mode: STEALTH (raw spawn + connectOverCDP)
2026-09-06T04:01:11.560Z [4b2f107f-dfec-44c0-a297-624ff0af8218][8e8b4eea-e67e-48c2-9a20-218d03b22adb] Exit IP: 115.74.128.9
2026-09-06T04:01:11.560Z [4b2f107f-dfec-44c0-a297-624ff0af8218][8e8b4eea-e67e-48c2-9a20-218d03b22adb] Navigating browser to Google Flow tools page...
2026-09-06T04:01:11.560Z [4b2f107f-dfec-44c0-a297-624ff0af8218][8e8b4eea-e67e-48c2-9a20-218d03b22adb] Using existing project URL: https://flow.google.com/project/5cd39577-897c-41b2-8dc8-7fabdd51c4ed?hl=en
2026-09-06T04:01:12.319Z [4b2f107f-dfec-44c0-a297-624ff0af8218][8e8b4eea-e67e-48c2-9a20-218d03b22adb] Waiting for Google Flow...
2026-09-06T04:01:13.914Z [4b2f107f-dfec-44c0-a297-624ff0af8218][8e8b4eea-e67e-48c2-9a20-218d03b22adb] In existing project ✓
2026-09-06T04:01:15.030Z [4b2f107f-dfec-44c0-a297-624ff0af8218][8e8b4eea-e67e-48c2-9a20-218d03b22adb] dismissPopups: unresolved overlay(s) ["IFRAME[presentation]|btns="]
2026-09-06T04:01:17.214Z [4b2f107f-dfec-44c0-a297-624ff0af8218][8e8b4eea-e67e-48c2-9a20-218d03b22adb] Composer ready ✓ (UI language: en)
2026-09-06T04:01:17.274Z [4b2f107f-dfec-44c0-a297-624ff0af8218][8e8b4eea-e67e-48c2-9a20-218d03b22adb] dismissPopups: unresolved overlay(s) ["DIV[]|btns=","DIV[]|btns="]
2026-09-06T04:01:17.289Z [4b2f107f-dfec-44c0-a297-624ff0af8218][8e8b4eea-e67e-48c2-9a20-218d03b22adb] Agent toggle aria-pressed=false
2026-09-06T04:01:17.290Z [4b2f107f-dfec-44c0-a297-624ff0af8218][8e8b4eea-e67e-48c2-9a20-218d03b22adb] Opening settings...
2026-09-06T04:01:18.867Z [4b2f107f-dfec-44c0-a297-624ff0af8218][8e8b4eea-e67e-48c2-9a20-218d03b22adb] Configuring video settings...
2026-09-06T04:01:18.891Z [4b2f107f-dfec-44c0-a297-624ff0af8218][8e8b4eea-e67e-48c2-9a20-218d03b22adb] Mode: "videocam Video" already selected ✓
2026-09-06T04:01:21.434Z [4b2f107f-dfec-44c0-a297-624ff0af8218][8e8b4eea-e67e-48c2-9a20-218d03b22adb] Video type: selected "crop_free Frames" ✓
2026-09-06T04:01:22.621Z [4b2f107f-dfec-44c0-a297-624ff0af8218][8e8b4eea-e67e-48c2-9a20-218d03b22adb] Model "Omni 1.1 Flash" already selected ✓ (chip reads "Omni 1.1 Flash")
2026-09-06T04:01:23.264Z [4b2f107f-dfec-44c0-a297-624ff0af8218][8e8b4eea-e67e-48c2-9a20-218d03b22adb] Aspect ratio: "crop_16_9 16:9" already selected ✓
2026-09-06T04:01:23.280Z [4b2f107f-dfec-44c0-a297-624ff0af8218][8e8b4eea-e67e-48c2-9a20-218d03b22adb] Video resolution: "720p" already selected ✓
2026-09-06T04:01:23.307Z [4b2f107f-dfec-44c0-a297-624ff0af8218][8e8b4eea-e67e-48c2-9a20-218d03b22adb] Duration: "8s" already selected ✓
2026-09-06T04:01:23.328Z [4b2f107f-dfec-44c0-a297-624ff0af8218][8e8b4eea-e67e-48c2-9a20-218d03b22adb] Output count: "x2" already selected ✓
2026-09-06T04:01:24.354Z [4b2f107f-dfec-44c0-a297-624ff0af8218][8e8b4eea-e67e-48c2-9a20-218d03b22adb] Entering prompt...
2026-09-06T04:01:26.614Z [4b2f107f-dfec-44c0-a297-624ff0af8218][8e8b4eea-e67e-48c2-9a20-218d03b22adb] Prompt is 1618 chars — typing it in 32 chunk(s).
2026-09-06T04:01:41.318Z [4b2f107f-dfec-44c0-a297-624ff0af8218][8e8b4eea-e67e-48c2-9a20-218d03b22adb] Prompt insert attempt 1: editor has 1599 chars (want ~1614) ✓
2026-09-06T04:01:43.516Z [4b2f107f-dfec-44c0-a297-624ff0af8218][8e8b4eea-e67e-48c2-9a20-218d03b22adb] Baseline: 50 pre-existing media tile(s) of 50 mounted (kinds: video,video,image,video,video,image,video,video,video,video,video,video,image,video,video,image,video,video,image,video,image,video,video,image,video,video,video,video,image,video,video,image,video,video,image,video,video,image,video,video,image,video,video,image,video,video,image,video,video,image).
2026-09-06T04:01:45.408Z [4b2f107f-dfec-44c0-a297-624ff0af8218][8e8b4eea-e67e-48c2-9a20-218d03b22adb] [submit] confirmed (editor "What do you want to ", fresh tile=true).
2026-09-06T04:01:45.894Z [4b2f107f-dfec-44c0-a297-624ff0af8218][8e8b4eea-e67e-48c2-9a20-218d03b22adb] Current Workspace project URL: https://flow.google.com/project/5cd39577-897c-41b2-8dc8-7fabdd51c4ed?hl=en
2026-09-06T04:01:45.894Z [4b2f107f-dfec-44c0-a297-624ff0af8218][8e8b4eea-e67e-48c2-9a20-218d03b22adb] Submitted ✓ Detecting batch size...
2026-09-06T04:01:45.906Z [4b2f107f-dfec-44c0-a297-624ff0af8218][8e8b4eea-e67e-48c2-9a20-218d03b22adb] New tile(s) since submit: 0 → 2 (mounted=50)
2026-09-06T04:01:50.076Z [4b2f107f-dfec-44c0-a297-624ff0af8218][8e8b4eea-e67e-48c2-9a20-218d03b22adb] Batch size stabilised at 2 new tile(s)
2026-09-06T04:01:50.076Z [4b2f107f-dfec-44c0-a297-624ff0af8218][8e8b4eea-e67e-48c2-9a20-218d03b22adb] Batch detected: 2 item(s). Generating...
2026-09-06T04:01:50.076Z [4b2f107f-dfec-44c0-a297-624ff0af8218][8e8b4eea-e67e-48c2-9a20-218d03b22adb] Polling for 2 video item(s) (baseline=50, hasUpload=false)...
2026-09-06T04:01:50.085Z [4b2f107f-dfec-44c0-a297-624ff0af8218][8e8b4eea-e67e-48c2-9a20-218d03b22adb] Generating... 0 ready, 0 failed / 2 total (0s) play_circle [HÀNH ĐỘ play_circle [HÀNH ĐỘ
2026-09-06T04:01:53.102Z [4b2f107f-dfec-44c0-a297-624ff0af8218][8e8b4eea-e67e-48c2-9a20-218d03b22adb] Generating... 0 ready, 0 failed / 2 total (3s) play_circle [HÀNH ĐỘ play_circle [HÀNH ĐỘ
2026-09-06T04:01:56.122Z [4b2f107f-dfec-44c0-a297-624ff0af8218][8e8b4eea-e67e-48c2-9a20-218d03b22adb] Generating... 0 ready, 0 failed / 2 total (6s) play_circle 0% [HÀNH play_circle 0% [HÀNH
2026-09-06T04:01:59.134Z [4b2f107f-dfec-44c0-a297-624ff0af8218][8e8b4eea-e67e-48c2-9a20-218d03b22adb] Generating... 0 ready, 0 failed / 2 total (9s) play_circle 1% [HÀNH play_circle 1% [HÀNH
2026-09-06T04:02:02.164Z [4b2f107f-dfec-44c0-a297-624ff0af8218][8e8b4eea-e67e-48c2-9a20-218d03b22adb] Generating... 0 ready, 0 failed / 2 total (12s) play_circle 4% [HÀNH play_circle 4% [HÀNH
2026-09-06T04:02:05.184Z [4b2f107f-dfec-44c0-a297-624ff0af8218][8e8b4eea-e67e-48c2-9a20-218d03b22adb] Generating... 0 ready, 0 failed / 2 total (15s) play_circle 7% [HÀNH play_circle 7% [HÀNH
2026-09-06T04:02:08.203Z [4b2f107f-dfec-44c0-a297-624ff0af8218][8e8b4eea-e67e-48c2-9a20-218d03b22adb] Generating... 0 ready, 0 failed / 2 total (18s) play_circle 9% [HÀNH play_circle 9% [HÀNH
2026-09-06T04:02:11.226Z [4b2f107f-dfec-44c0-a297-624ff0af8218][8e8b4eea-e67e-48c2-9a20-218d03b22adb] Generating... 0 ready, 0 failed / 2 total (21s) play_circle 12% [HÀN play_circle 12% [HÀN
2026-09-06T04:02:14.246Z [4b2f107f-dfec-44c0-a297-624ff0af8218][8e8b4eea-e67e-48c2-9a20-218d03b22adb] Generating... 0 ready, 0 failed / 2 total (24s) play_circle 14% [HÀN play_circle 14% [HÀN
2026-09-06T04:02:17.276Z [4b2f107f-dfec-44c0-a297-624ff0af8218][8e8b4eea-e67e-48c2-9a20-218d03b22adb] Generating... 0 ready, 0 failed / 2 total (27s) play_circle 16% [HÀN play_circle 17% [HÀN
2026-09-06T04:02:20.298Z [4b2f107f-dfec-44c0-a297-624ff0af8218][8e8b4eea-e67e-48c2-9a20-218d03b22adb] Generating... 0 ready, 0 failed / 2 total (30s) play_circle 19% [HÀN play_circle 19% [HÀN
2026-09-06T04:02:23.316Z [4b2f107f-dfec-44c0-a297-624ff0af8218][8e8b4eea-e67e-48c2-9a20-218d03b22adb] Generating... 0 ready, 0 failed / 2 total (33s)
2026-09-06T04:02:23.317Z [4b2f107f-dfec-44c0-a297-624ff0af8218][8e8b4eea-e67e-48c2-9a20-218d03b22adb] This run's tiles disappeared from the grid — waiting to see if the grid is just re-rendering.
2026-09-06T04:02:26.335Z [4b2f107f-dfec-44c0-a297-624ff0af8218][8e8b4eea-e67e-48c2-9a20-218d03b22adb] Generating... 0 ready, 0 failed / 2 total (36s)
2026-09-06T04:02:29.360Z [4b2f107f-dfec-44c0-a297-624ff0af8218][8e8b4eea-e67e-48c2-9a20-218d03b22adb] Generating... 0 ready, 0 failed / 2 total (39s)
2026-09-06T04:02:32.374Z [4b2f107f-dfec-44c0-a297-624ff0af8218][8e8b4eea-e67e-48c2-9a20-218d03b22adb] Generating... 0 ready, 0 failed / 2 total (42s)
2026-09-06T04:02:35.386Z [4b2f107f-dfec-44c0-a297-624ff0af8218][8e8b4eea-e67e-48c2-9a20-218d03b22adb] Generating... 0 ready, 0 failed / 2 total (45s)
2026-09-06T04:02:35.386Z [4b2f107f-dfec-44c0-a297-624ff0af8218][8e8b4eea-e67e-48c2-9a20-218d03b22adb] Flow attempt 1/1 failed: Google Flow discarded this generation: the tile(s) it created were removed after 45s without producing a result — a Flow-side failure, not a timeout. Try again, or change the prompt/settings.
2026-09-06T04:02:35.387Z [4b2f107f-dfec-44c0-a297-624ff0af8218][8e8b4eea-e67e-48c2-9a20-218d03b22adb] runGeneration ERROR exception: Error: Google Flow discarded this generation: the tile(s) it created were removed after 45s without producing a result — a Flow-side failure, not a timeout. Try again, or change the prompt/settings.
    at runGoogleFlow (C:\snapshot\sidecar\dist\sidecar.cjs:8124:13)
    at async runGeneration (C:\snapshot\sidecar\dist\sidecar.cjs:8435:11)
    at async handleCommand (C:\snapshot\sidecar\dist\sidecar.cjs:6513:7)
    at async C:\snapshot\sidecar\dist\sidecar.cjs:6429:11
2026-09-06T04:02:37.085Z [f345c077-11bc-4473-96e2-322bcd0867f0][8e8b4eea-e67e-48c2-9a20-218d03b22adb] runGeneration starting: task_id=f345c077-11bc-4473-96e2-322bcd0867f0, profile_id=8e8b4eea-e67e-48c2-9a20-218d03b22adb, target_site=google_flow
2026-09-06T04:02:37.086Z [f345c077-11bc-4473-96e2-322bcd0867f0][8e8b4eea-e67e-48c2-9a20-218d03b22adb] Opening Playwright browser with persistent profile cookies...
2026-09-06T04:02:37.086Z [f345c077-11bc-4473-96e2-322bcd0867f0][8e8b4eea-e67e-48c2-9a20-218d03b22adb] Browser engine: winhide (C:\Users\Admin\AppData\Roaming\com.tank.winai\winhide\chrome.exe) [hidden off-screen]
2026-09-06T04:02:37.086Z [f345c077-11bc-4473-96e2-322bcd0867f0][8e8b4eea-e67e-48c2-9a20-218d03b22adb] Launch mode: STEALTH (raw spawn + connectOverCDP)
2026-09-06T04:02:38.426Z [f345c077-11bc-4473-96e2-322bcd0867f0][8e8b4eea-e67e-48c2-9a20-218d03b22adb] Exit IP: 115.74.128.9
2026-09-06T04:02:38.426Z [f345c077-11bc-4473-96e2-322bcd0867f0][8e8b4eea-e67e-48c2-9a20-218d03b22adb] Navigating browser to Google Flow tools page...
2026-09-06T04:02:38.427Z [f345c077-11bc-4473-96e2-322bcd0867f0][8e8b4eea-e67e-48c2-9a20-218d03b22adb] Using existing project URL: https://flow.google.com/project/d7006cc3-f9c4-4856-98f4-89ac31f96398?hl=en
2026-09-06T04:02:39.166Z [f345c077-11bc-4473-96e2-322bcd0867f0][8e8b4eea-e67e-48c2-9a20-218d03b22adb] Waiting for Google Flow...
2026-09-06T04:02:41.399Z [f345c077-11bc-4473-96e2-322bcd0867f0][8e8b4eea-e67e-48c2-9a20-218d03b22adb] In existing project ✓
2026-09-06T04:02:43.095Z [f345c077-11bc-4473-96e2-322bcd0867f0][8e8b4eea-e67e-48c2-9a20-218d03b22adb] dismissPopups: unresolved overlay(s) ["DIV[]|btns=","DIV[]|btns="]
2026-09-06T04:02:43.220Z [f345c077-11bc-4473-96e2-322bcd0867f0][8e8b4eea-e67e-48c2-9a20-218d03b22adb] Composer ready ✓ (UI language: en)
2026-09-06T04:02:43.228Z [f345c077-11bc-4473-96e2-322bcd0867f0][8e8b4eea-e67e-48c2-9a20-218d03b22adb] dismissPopups: unresolved overlay(s) ["DIV[]|btns=","DIV[]|btns="]
2026-09-06T04:02:43.243Z [f345c077-11bc-4473-96e2-322bcd0867f0][8e8b4eea-e67e-48c2-9a20-218d03b22adb] Agent toggle aria-pressed=false
2026-09-06T04:02:43.243Z [f345c077-11bc-4473-96e2-322bcd0867f0][8e8b4eea-e67e-48c2-9a20-218d03b22adb] Opening settings...
2026-09-06T04:02:45.025Z [f345c077-11bc-4473-96e2-322bcd0867f0][8e8b4eea-e67e-48c2-9a20-218d03b22adb] Configuring video settings...
2026-09-06T04:02:45.047Z [f345c077-11bc-4473-96e2-322bcd0867f0][8e8b4eea-e67e-48c2-9a20-218d03b22adb] Mode: "videocam Video" already selected ✓
2026-09-06T04:02:47.641Z [f345c077-11bc-4473-96e2-322bcd0867f0][8e8b4eea-e67e-48c2-9a20-218d03b22adb] Video type: selected "crop_free Frames" ✓
2026-09-06T04:02:48.948Z [f345c077-11bc-4473-96e2-322bcd0867f0][8e8b4eea-e67e-48c2-9a20-218d03b22adb] Model "Omni 1.1 Flash" already selected ✓ (chip reads "Omni 1.1 Flash")
2026-09-06T04:02:49.880Z [f345c077-11bc-4473-96e2-322bcd0867f0][8e8b4eea-e67e-48c2-9a20-218d03b22adb] Aspect ratio: "crop_16_9 16:9" already selected ✓
2026-09-06T04:02:49.896Z [f345c077-11bc-4473-96e2-322bcd0867f0][8e8b4eea-e67e-48c2-9a20-218d03b22adb] Video resolution: "720p" already selected ✓
2026-09-06T04:02:49.948Z [f345c077-11bc-4473-96e2-322bcd0867f0][8e8b4eea-e67e-48c2-9a20-218d03b22adb] Duration: "8s" already selected ✓
2026-09-06T04:02:49.986Z [f345c077-11bc-4473-96e2-322bcd0867f0][8e8b4eea-e67e-48c2-9a20-218d03b22adb] Output count: "x2" already selected ✓
2026-09-06T04:02:50.966Z [f345c077-11bc-4473-96e2-322bcd0867f0][8e8b4eea-e67e-48c2-9a20-218d03b22adb] Entering prompt...
2026-09-06T04:02:52.691Z [f345c077-11bc-4473-96e2-322bcd0867f0][8e8b4eea-e67e-48c2-9a20-218d03b22adb] Prompt is 1618 chars — typing it in 32 chunk(s).
2026-09-06T04:03:07.056Z [f345c077-11bc-4473-96e2-322bcd0867f0][8e8b4eea-e67e-48c2-9a20-218d03b22adb] Prompt insert attempt 1: editor has 1599 chars (want ~1614) ✓
2026-09-06T04:03:08.649Z [f345c077-11bc-4473-96e2-322bcd0867f0][8e8b4eea-e67e-48c2-9a20-218d03b22adb] Baseline: 50 pre-existing media tile(s) of 50 mounted (kinds: video,video,image,video,video,image,video,video,image,video,video,video,image,video,video,image,video,video,image,video,video,image,video,video,image,video,video,image,video,video,video,video,video,video,image,video,video,image,video,video,image,video,video,image,video,video,image,video,video,image).
2026-09-06T04:03:10.476Z [f345c077-11bc-4473-96e2-322bcd0867f0][8e8b4eea-e67e-48c2-9a20-218d03b22adb] [submit] confirmed (editor "What do you want to ", fresh tile=true).
2026-09-06T04:03:11.161Z [f345c077-11bc-4473-96e2-322bcd0867f0][8e8b4eea-e67e-48c2-9a20-218d03b22adb] Current Workspace project URL: https://flow.google.com/project/d7006cc3-f9c4-4856-98f4-89ac31f96398?hl=en
2026-09-06T04:03:11.162Z [f345c077-11bc-4473-96e2-322bcd0867f0][8e8b4eea-e67e-48c2-9a20-218d03b22adb] Submitted ✓ Detecting batch size...
2026-09-06T04:03:11.174Z [f345c077-11bc-4473-96e2-322bcd0867f0][8e8b4eea-e67e-48c2-9a20-218d03b22adb] New tile(s) since submit: 0 → 2 (mounted=50)
2026-09-06T04:03:15.308Z [f345c077-11bc-4473-96e2-322bcd0867f0][8e8b4eea-e67e-48c2-9a20-218d03b22adb] Batch size stabilised at 2 new tile(s)
2026-09-06T04:03:15.308Z [f345c077-11bc-4473-96e2-322bcd0867f0][8e8b4eea-e67e-48c2-9a20-218d03b22adb] Batch detected: 2 item(s). Generating...
2026-09-06T04:03:15.308Z [f345c077-11bc-4473-96e2-322bcd0867f0][8e8b4eea-e67e-48c2-9a20-218d03b22adb] Polling for 2 video item(s) (baseline=50, hasUpload=false)...
2026-09-06T04:03:15.318Z [f345c077-11bc-4473-96e2-322bcd0867f0][8e8b4eea-e67e-48c2-9a20-218d03b22adb] Generating... 0 ready, 0 failed / 2 total (0s) play_circle [HÀNH ĐỘ play_circle [HÀNH ĐỘ
2026-09-06T04:03:18.329Z [f345c077-11bc-4473-96e2-322bcd0867f0][8e8b4eea-e67e-48c2-9a20-218d03b22adb] Generating... 0 ready, 0 failed / 2 total (3s) play_circle [HÀNH ĐỘ play_circle [HÀNH ĐỘ
2026-09-06T04:03:21.341Z [f345c077-11bc-4473-96e2-322bcd0867f0][8e8b4eea-e67e-48c2-9a20-218d03b22adb] Generating... 0 ready, 0 failed / 2 total (6s) play_circle 1% [HÀNH play_circle 0% [HÀNH
2026-09-06T04:03:24.360Z [f345c077-11bc-4473-96e2-322bcd0867f0][8e8b4eea-e67e-48c2-9a20-218d03b22adb] Generating... 0 ready, 0 failed / 2 total (9s) play_circle 3% [HÀNH play_circle 4% [HÀNH
2026-09-06T04:03:27.374Z [f345c077-11bc-4473-96e2-322bcd0867f0][8e8b4eea-e67e-48c2-9a20-218d03b22adb] Generating... 0 ready, 0 failed / 2 total (12s) play_circle 6% [HÀNH play_circle 6% [HÀNH
2026-09-06T04:03:30.390Z [f345c077-11bc-4473-96e2-322bcd0867f0][8e8b4eea-e67e-48c2-9a20-218d03b22adb] Generating... 0 ready, 0 failed / 2 total (15s) play_circle 9% [HÀNH play_circle 9% [HÀNH
2026-09-06T04:03:33.414Z [f345c077-11bc-4473-96e2-322bcd0867f0][8e8b4eea-e67e-48c2-9a20-218d03b22adb] Generating... 0 ready, 0 failed / 2 total (18s) play_circle 11% [HÀN play_circle 11% [HÀN
2026-09-06T04:03:36.433Z [f345c077-11bc-4473-96e2-322bcd0867f0][8e8b4eea-e67e-48c2-9a20-218d03b22adb] Generating... 0 ready, 0 failed / 2 total (21s) play_circle 13% [HÀN play_circle 13% [HÀN
2026-09-06T04:03:39.456Z [f345c077-11bc-4473-96e2-322bcd0867f0][8e8b4eea-e67e-48c2-9a20-218d03b22adb] Generating... 0 ready, 0 failed / 2 total (24s) play_circle 16% [HÀN play_circle 16% [HÀN
2026-09-06T04:03:42.480Z [f345c077-11bc-4473-96e2-322bcd0867f0][8e8b4eea-e67e-48c2-9a20-218d03b22adb] Generating... 0 ready, 0 failed / 2 total (27s) play_circle 19% [HÀN play_circle 19% [HÀN
2026-09-06T04:03:45.505Z [f345c077-11bc-4473-96e2-322bcd0867f0][8e8b4eea-e67e-48c2-9a20-218d03b22adb] Generating... 0 ready, 0 failed / 2 total (30s)
2026-09-06T04:03:45.505Z [f345c077-11bc-4473-96e2-322bcd0867f0][8e8b4eea-e67e-48c2-9a20-218d03b22adb] This run's tiles disappeared from the grid — waiting to see if the grid is just re-rendering.
2026-09-06T04:03:48.524Z [f345c077-11bc-4473-96e2-322bcd0867f0][8e8b4eea-e67e-48c2-9a20-218d03b22adb] Generating... 0 ready, 0 failed / 2 total (33s)
2026-09-06T04:03:51.534Z [f345c077-11bc-4473-96e2-322bcd0867f0][8e8b4eea-e67e-48c2-9a20-218d03b22adb] Generating... 0 ready, 0 failed / 2 total (36s)
2026-09-06T04:03:54.556Z [f345c077-11bc-4473-96e2-322bcd0867f0][8e8b4eea-e67e-48c2-9a20-218d03b22adb] Generating... 0 ready, 0 failed / 2 total (39s)
2026-09-06T04:03:57.577Z [f345c077-11bc-4473-96e2-322bcd0867f0][8e8b4eea-e67e-48c2-9a20-218d03b22adb] Generating... 0 ready, 0 failed / 2 total (42s)
2026-09-06T04:03:57.577Z [f345c077-11bc-4473-96e2-322bcd0867f0][8e8b4eea-e67e-48c2-9a20-218d03b22adb] Flow attempt 1/1 failed: Google Flow discarded this generation: the tile(s) it created were removed after 42s without producing a result — a Flow-side failure, not a timeout. Try again, or change the prompt/settings.
2026-09-06T04:03:57.577Z [f345c077-11bc-4473-96e2-322bcd0867f0][8e8b4eea-e67e-48c2-9a20-218d03b22adb] runGeneration ERROR exception: Error: Google Flow discarded this generation: the tile(s) it created were removed after 42s without producing a result — a Flow-side failure, not a timeout. Try again, or change the prompt/settings.
    at runGoogleFlow (C:\snapshot\sidecar\dist\sidecar.cjs:8124:13)
    at async runGeneration (C:\snapshot\sidecar\dist\sidecar.cjs:8435:11)
    at async handleCommand (C:\snapshot\sidecar\dist\sidecar.cjs:6513:7)
    at async C:\snapshot\sidecar\dist\sidecar.cjs:6429:11
2026-09-06T04:03:59.605Z [e9ff06cc-a41d-4908-bd3a-4ea0725910b2][8e8b4eea-e67e-48c2-9a20-218d03b22adb] runGeneration starting: task_id=e9ff06cc-a41d-4908-bd3a-4ea0725910b2, profile_id=8e8b4eea-e67e-48c2-9a20-218d03b22adb, target_site=google_flow
2026-09-06T04:03:59.606Z [e9ff06cc-a41d-4908-bd3a-4ea0725910b2][8e8b4eea-e67e-48c2-9a20-218d03b22adb] Opening Playwright browser with persistent profile cookies...
2026-09-06T04:03:59.607Z [e9ff06cc-a41d-4908-bd3a-4ea0725910b2][8e8b4eea-e67e-48c2-9a20-218d03b22adb] Browser engine: winhide (C:\Users\Admin\AppData\Roaming\com.tank.winai\winhide\chrome.exe) [hidden off-screen]
2026-09-06T04:03:59.607Z [e9ff06cc-a41d-4908-bd3a-4ea0725910b2][8e8b4eea-e67e-48c2-9a20-218d03b22adb] Launch mode: STEALTH (raw spawn + connectOverCDP)
2026-09-06T04:04:00.912Z [e9ff06cc-a41d-4908-bd3a-4ea0725910b2][8e8b4eea-e67e-48c2-9a20-218d03b22adb] Exit IP: 115.74.128.9
2026-09-06T04:04:00.912Z [e9ff06cc-a41d-4908-bd3a-4ea0725910b2][8e8b4eea-e67e-48c2-9a20-218d03b22adb] Navigating browser to Google Flow tools page...
2026-09-06T04:04:00.912Z [e9ff06cc-a41d-4908-bd3a-4ea0725910b2][8e8b4eea-e67e-48c2-9a20-218d03b22adb] Using existing project URL: https://flow.google.com/project/52188b41-ba09-4240-a569-98bde902989b?hl=en
2026-09-06T04:04:01.797Z [e9ff06cc-a41d-4908-bd3a-4ea0725910b2][8e8b4eea-e67e-48c2-9a20-218d03b22adb] Waiting for Google Flow...
2026-09-06T04:04:04.213Z [e9ff06cc-a41d-4908-bd3a-4ea0725910b2][8e8b4eea-e67e-48c2-9a20-218d03b22adb] In existing project ✓
2026-09-06T04:04:05.607Z [e9ff06cc-a41d-4908-bd3a-4ea0725910b2][8e8b4eea-e67e-48c2-9a20-218d03b22adb] dismissPopups: unresolved overlay(s) ["DIV[]|btns=","DIV[]|btns="]
2026-09-06T04:04:05.678Z [e9ff06cc-a41d-4908-bd3a-4ea0725910b2][8e8b4eea-e67e-48c2-9a20-218d03b22adb] Composer ready ✓ (UI language: en)
2026-09-06T04:04:05.694Z [e9ff06cc-a41d-4908-bd3a-4ea0725910b2][8e8b4eea-e67e-48c2-9a20-218d03b22adb] dismissPopups: unresolved overlay(s) ["DIV[]|btns=","DIV[]|btns="]
2026-09-06T04:04:05.706Z [e9ff06cc-a41d-4908-bd3a-4ea0725910b2][8e8b4eea-e67e-48c2-9a20-218d03b22adb] Agent toggle aria-pressed=false
2026-09-06T04:04:05.707Z [e9ff06cc-a41d-4908-bd3a-4ea0725910b2][8e8b4eea-e67e-48c2-9a20-218d03b22adb] Opening settings...
2026-09-06T04:04:07.446Z [e9ff06cc-a41d-4908-bd3a-4ea0725910b2][8e8b4eea-e67e-48c2-9a20-218d03b22adb] Configuring video settings...
2026-09-06T04:04:07.466Z [e9ff06cc-a41d-4908-bd3a-4ea0725910b2][8e8b4eea-e67e-48c2-9a20-218d03b22adb] Mode: "videocam Video" already selected ✓